frame,roi,mode,reference_rgb_mae,psnr,luma_delta,luma_second_delta
0,chairs,O-T2X-R,3.0630667209625244,30.98049793447444,,
0,chairs,ABL-ET2X-R-PreviousRawEdge-BilinearRGB,2.4543728828430176,32.59444252997669,,
0,chairs,ABL-ET2X-R-PreviousRawEdge-ResolvedRGB,2.4543728828430176,32.59444252997669,,
0,thin-chair,O-T2X-R,6.6784443855285645,26.338290801734075,,
0,thin-chair,ABL-ET2X-R-PreviousRawEdge-BilinearRGB,5.546253681182861,27.741128275872825,,
0,thin-chair,ABL-ET2X-R-PreviousRawEdge-ResolvedRGB,5.546253681182861,27.741128275872825,,
1,chairs,O-T2X-R,1.6805254220962524,35.76593558687355,2.3520946502685547,
1,chairs,ABL-ET2X-R-PreviousRawEdge-BilinearRGB,2.454366683959961,32.59444299300581,0.0,
1,chairs,ABL-ET2X-R-PreviousRawEdge-ResolvedRGB,2.454366683959961,32.59444299300581,0.0,
1,thin-chair,O-T2X-R,3.863340377807617,30.773035422457546,4.929037094116211,
1,thin-chair,ABL-ET2X-R-PreviousRawEdge-BilinearRGB,5.546253681182861,27.741128275872825,0.0,
1,thin-chair,ABL-ET2X-R-PreviousRawEdge-ResolvedRGB,5.546253681182861,27.741128275872825,0.0,
2,chairs,O-T2X-R,1.6805254220962524,35.76593558687355,0.0,2.3520946502685547
2,chairs,ABL-ET2X-R-PreviousRawEdge-BilinearRGB,2.454366683959961,32.59444299300581,0.0,0.0
2,chairs,ABL-ET2X-R-PreviousRawEdge-ResolvedRGB,2.454366683959961,32.59444299300581,0.0,0.0
2,thin-chair,O-T2X-R,3.863340377807617,30.773035422457546,0.0,4.929037094116211
2,thin-chair,ABL-ET2X-R-PreviousRawEdge-BilinearRGB,5.546253681182861,27.741128275872825,0.0,0.0
2,thin-chair,ABL-ET2X-R-PreviousRawEdge-ResolvedRGB,5.546253681182861,27.741128275872825,0.0,0.0
3,chairs,O-T2X-R,1.6805254220962524,35.76593558687355,0.0,0.0
3,chairs,ABL-ET2X-R-PreviousRawEdge-BilinearRGB,2.454366683959961,32.59444299300581,0.0,0.0
3,chairs,ABL-ET2X-R-PreviousRawEdge-ResolvedRGB,2.454366683959961,32.59444299300581,0.0,0.0
3,thin-chair,O-T2X-R,3.863340377807617,30.773035422457546,0.0,0.0
3,thin-chair,ABL-ET2X-R-PreviousRawEdge-BilinearRGB,5.546253681182861,27.741128275872825,0.0,0.0
3,thin-chair,ABL-ET2X-R-PreviousRawEdge-ResolvedRGB,5.546253681182861,27.741128275872825,0.0,0.0
4,chairs,O-T2X-R,1.6805254220962524,35.76593558687355,0.0,0.0
4,chairs,ABL-ET2X-R-PreviousRawEdge-BilinearRGB,2.454366683959961,32.59444299300581,0.0,0.0
4,chairs,ABL-ET2X-R-PreviousRawEdge-ResolvedRGB,2.454366683959961,32.59444299300581,0.0,0.0
4,thin-chair,O-T2X-R,3.863340377807617,30.773035422457546,0.0,0.0
4,thin-chair,ABL-ET2X-R-PreviousRawEdge-BilinearRGB,5.546253681182861,27.741128275872825,0.0,0.0
4,thin-chair,ABL-ET2X-R-PreviousRawEdge-ResolvedRGB,5.546253681182861,27.741128275872825,0.0,0.0
5,chairs,O-T2X-R,1.6805254220962524,35.76593558687355,0.0,0.0
5,chairs,ABL-ET2X-R-PreviousRawEdge-BilinearRGB,2.454366683959961,32.59444299300581,0.0,0.0
5,chairs,ABL-ET2X-R-PreviousRawEdge-ResolvedRGB,2.454366683959961,32.59444299300581,0.0,0.0
5,thin-chair,O-T2X-R,3.863340377807617,30.773035422457546,0.0,0.0
5,thin-chair,ABL-ET2X-R-PreviousRawEdge-BilinearRGB,5.546253681182861,27.741128275872825,0.0,0.0
5,thin-chair,ABL-ET2X-R-PreviousRawEdge-ResolvedRGB,5.546253681182861,27.741128275872825,0.0,0.0
6,chairs,O-T2X-R,1.6805254220962524,35.76593558687355,0.0,0.0
6,chairs,ABL-ET2X-R-PreviousRawEdge-BilinearRGB,2.454366683959961,32.59444299300581,0.0,0.0
6,chairs,ABL-ET2X-R-PreviousRawEdge-ResolvedRGB,2.454366683959961,32.59444299300581,0.0,0.0
6,thin-chair,O-T2X-R,3.863340377807617,30.773035422457546,0.0,0.0
6,thin-chair,ABL-ET2X-R-PreviousRawEdge-BilinearRGB,5.546253681182861,27.741128275872825,0.0,0.0
6,thin-chair,ABL-ET2X-R-PreviousRawEdge-ResolvedRGB,5.546253681182861,27.741128275872825,0.0,0.0
7,chairs,O-T2X-R,1.6805254220962524,35.76593558687355,0.0,0.0
7,chairs,ABL-ET2X-R-PreviousRawEdge-BilinearRGB,2.454366683959961,32.59444299300581,0.0,0.0
7,chairs,ABL-ET2X-R-PreviousRawEdge-ResolvedRGB,2.454366683959961,32.59444299300581,0.0,0.0
7,thin-chair,O-T2X-R,3.863340377807617,30.773035422457546,0.0,0.0
7,thin-chair,ABL-ET2X-R-PreviousRawEdge-BilinearRGB,5.546253681182861,27.741128275872825,0.0,0.0
7,thin-chair,ABL-ET2X-R-PreviousRawEdge-ResolvedRGB,5.546253681182861,27.741128275872825,0.0,0.0
8,chairs,O-T2X-R,1.6805254220962524,35.76593558687355,0.0,0.0
8,chairs,ABL-ET2X-R-PreviousRawEdge-BilinearRGB,2.454366683959961,32.59444299300581,0.0,0.0
8,chairs,ABL-ET2X-R-PreviousRawEdge-ResolvedRGB,2.454366683959961,32.59444299300581,0.0,0.0
8,thin-chair,O-T2X-R,3.863340377807617,30.773035422457546,0.0,0.0
8,thin-chair,ABL-ET2X-R-PreviousRawEdge-BilinearRGB,5.546253681182861,27.741128275872825,0.0,0.0
8,thin-chair,ABL-ET2X-R-PreviousRawEdge-ResolvedRGB,5.546253681182861,27.741128275872825,0.0,0.0
9,chairs,O-T2X-R,1.6805254220962524,35.76593558687355,0.0,0.0
9,chairs,ABL-ET2X-R-PreviousRawEdge-BilinearRGB,2.454366683959961,32.59444299300581,0.0,0.0
9,chairs,ABL-ET2X-R-PreviousRawEdge-ResolvedRGB,2.454366683959961,32.59444299300581,0.0,0.0
9,thin-chair,O-T2X-R,3.863340377807617,30.773035422457546,0.0,0.0
9,thin-chair,ABL-ET2X-R-PreviousRawEdge-BilinearRGB,5.546253681182861,27.741128275872825,0.0,0.0
9,thin-chair,ABL-ET2X-R-PreviousRawEdge-ResolvedRGB,5.546253681182861,27.741128275872825,0.0,0.0
10,chairs,O-T2X-R,1.6805254220962524,35.76593558687355,0.0,0.0
10,chairs,ABL-ET2X-R-PreviousRawEdge-BilinearRGB,2.454366683959961,32.59444299300581,0.0,0.0
10,chairs,ABL-ET2X-R-PreviousRawEdge-ResolvedRGB,2.454366683959961,32.59444299300581,0.0,0.0
10,thin-chair,O-T2X-R,3.863340377807617,30.773035422457546,0.0,0.0
10,thin-chair,ABL-ET2X-R-PreviousRawEdge-BilinearRGB,5.546253681182861,27.741128275872825,0.0,0.0
10,thin-chair,ABL-ET2X-R-PreviousRawEdge-ResolvedRGB,5.546253681182861,27.741128275872825,0.0,0.0
11,chairs,O-T2X-R,1.6805254220962524,35.76593558687355,0.0,0.0
11,chairs,ABL-ET2X-R-PreviousRawEdge-BilinearRGB,2.454366683959961,32.59444299300581,0.0,0.0
11,chairs,ABL-ET2X-R-PreviousRawEdge-ResolvedRGB,2.454366683959961,32.59444299300581,0.0,0.0
11,thin-chair,O-T2X-R,3.863340377807617,30.773035422457546,0.0,0.0
11,thin-chair,ABL-ET2X-R-PreviousRawEdge-BilinearRGB,5.546253681182861,27.741128275872825,0.0,0.0
11,thin-chair,ABL-ET2X-R-PreviousRawEdge-ResolvedRGB,5.546253681182861,27.741128275872825,0.0,0.0
12,chairs,O-T2X-R,1.6805254220962524,35.76593558687355,0.0,0.0
12,chairs,ABL-ET2X-R-PreviousRawEdge-BilinearRGB,2.454366683959961,32.59444299300581,0.0,0.0
12,chairs,ABL-ET2X-R-PreviousRawEdge-ResolvedRGB,2.454366683959961,32.59444299300581,0.0,0.0
12,thin-chair,O-T2X-R,3.863340377807617,30.773035422457546,0.0,0.0
12,thin-chair,ABL-ET2X-R-PreviousRawEdge-BilinearRGB,5.546253681182861,27.741128275872825,0.0,0.0
12,thin-chair,ABL-ET2X-R-PreviousRawEdge-ResolvedRGB,5.546253681182861,27.741128275872825,0.0,0.0
13,chairs,O-T2X-R,1.6805254220962524,35.76593558687355,0.0,0.0
13,chairs,ABL-ET2X-R-PreviousRawEdge-BilinearRGB,2.454366683959961,32.59444299300581,0.0,0.0
13,chairs,ABL-ET2X-R-PreviousRawEdge-ResolvedRGB,2.454366683959961,32.59444299300581,0.0,0.0
13,thin-chair,O-T2X-R,3.863340377807617,30.773035422457546,0.0,0.0
13,thin-chair,ABL-ET2X-R-PreviousRawEdge-BilinearRGB,5.546253681182861,27.741128275872825,0.0,0.0
13,thin-chair,ABL-ET2X-R-PreviousRawEdge-ResolvedRGB,5.546253681182861,27.741128275872825,0.0,0.0
14,chairs,O-T2X-R,1.6805254220962524,35.76593558687355,0.0,0.0
14,chairs,ABL-ET2X-R-PreviousRawEdge-BilinearRGB,2.454366683959961,32.59444299300581,0.0,0.0
14,chairs,ABL-ET2X-R-PreviousRawEdge-ResolvedRGB,2.454366683959961,32.59444299300581,0.0,0.0
14,thin-chair,O-T2X-R,3.863340377807617,30.773035422457546,0.0,0.0
14,thin-chair,ABL-ET2X-R-PreviousRawEdge-BilinearRGB,5.546253681182861,27.741128275872825,0.0,0.0
14,thin-chair,ABL-ET2X-R-PreviousRawEdge-ResolvedRGB,5.546253681182861,27.741128275872825,0.0,0.0
15,chairs,O-T2X-R,1.6805254220962524,35.76593558687355,0.0,0.0
15,chairs,ABL-ET2X-R-PreviousRawEdge-BilinearRGB,2.454366683959961,32.59444299300581,0.0,0.0
15,chairs,ABL-ET2X-R-PreviousRawEdge-ResolvedRGB,2.454366683959961,32.59444299300581,0.0,0.0
15,thin-chair,O-T2X-R,3.863340377807617,30.773035422457546,0.0,0.0
15,thin-chair,ABL-ET2X-R-PreviousRawEdge-BilinearRGB,5.546253681182861,27.741128275872825,0.0,0.0
15,thin-chair,ABL-ET2X-R-PreviousRawEdge-ResolvedRGB,5.546253681182861,27.741128275872825,0.0,0.0
16,chairs,O-T2X-R,1.6805254220962524,35.76593558687355,0.0,0.0
16,chairs,ABL-ET2X-R-PreviousRawEdge-BilinearRGB,2.454366683959961,32.59444299300581,0.0,0.0
16,chairs,ABL-ET2X-R-PreviousRawEdge-ResolvedRGB,2.454366683959961,32.59444299300581,0.0,0.0
16,thin-chair,O-T2X-R,3.863340377807617,30.773035422457546,0.0,0.0
16,thin-chair,ABL-ET2X-R-PreviousRawEdge-BilinearRGB,5.546253681182861,27.741128275872825,0.0,0.0
16,thin-chair,ABL-ET2X-R-PreviousRawEdge-ResolvedRGB,5.546253681182861,27.741128275872825,0.0,0.0
17,chairs,O-T2X-R,1.6805254220962524,35.76593558687355,0.0,0.0
17,chairs,ABL-ET2X-R-PreviousRawEdge-BilinearRGB,2.454366683959961,32.59444299300581,0.0,0.0
17,chairs,ABL-ET2X-R-PreviousRawEdge-ResolvedRGB,2.454366683959961,32.59444299300581,0.0,0.0
17,thin-chair,O-T2X-R,3.863340377807617,30.773035422457546,0.0,0.0
17,thin-chair,ABL-ET2X-R-PreviousRawEdge-BilinearRGB,5.546253681182861,27.741128275872825,0.0,0.0
17,thin-chair,ABL-ET2X-R-PreviousRawEdge-ResolvedRGB,5.546253681182861,27.741128275872825,0.0,0.0
18,chairs,O-T2X-R,1.6805254220962524,35.76593558687355,0.0,0.0
18,chairs,ABL-ET2X-R-PreviousRawEdge-BilinearRGB,2.454366683959961,32.59444299300581,0.0,0.0
18,chairs,ABL-ET2X-R-PreviousRawEdge-ResolvedRGB,2.454366683959961,32.59444299300581,0.0,0.0
18,thin-chair,O-T2X-R,3.863340377807617,30.773035422457546,0.0,0.0
18,thin-chair,ABL-ET2X-R-PreviousRawEdge-BilinearRGB,5.546253681182861,27.741128275872825,0.0,0.0
18,thin-chair,ABL-ET2X-R-PreviousRawEdge-ResolvedRGB,5.546253681182861,27.741128275872825,0.0,0.0
19,chairs,O-T2X-R,1.6805254220962524,35.76593558687355,0.0,0.0
19,chairs,ABL-ET2X-R-PreviousRawEdge-BilinearRGB,2.454366683959961,32.59444299300581,0.0,0.0
19,chairs,ABL-ET2X-R-PreviousRawEdge-ResolvedRGB,2.454366683959961,32.59444299300581,0.0,0.0
19,thin-chair,O-T2X-R,3.863340377807617,30.773035422457546,0.0,0.0
19,thin-chair,ABL-ET2X-R-PreviousRawEdge-BilinearRGB,5.546253681182861,27.741128275872825,0.0,0.0
19,thin-chair,ABL-ET2X-R-PreviousRawEdge-ResolvedRGB,5.546253681182861,27.741128275872825,0.0,0.0
20,chairs,O-T2X-R,1.6805254220962524,35.76593558687355,0.0,0.0
20,chairs,ABL-ET2X-R-PreviousRawEdge-BilinearRGB,2.454366683959961,32.59444299300581,0.0,0.0
20,chairs,ABL-ET2X-R-PreviousRawEdge-ResolvedRGB,2.454366683959961,32.59444299300581,0.0,0.0
20,thin-chair,O-T2X-R,3.863340377807617,30.773035422457546,0.0,0.0
20,thin-chair,ABL-ET2X-R-PreviousRawEdge-BilinearRGB,5.546253681182861,27.741128275872825,0.0,0.0
20,thin-chair,ABL-ET2X-R-PreviousRawEdge-ResolvedRGB,5.546253681182861,27.741128275872825,0.0,0.0
21,chairs,O-T2X-R,1.6805254220962524,35.76593558687355,0.0,0.0
21,chairs,ABL-ET2X-R-PreviousRawEdge-BilinearRGB,2.454366683959961,32.59444299300581,0.0,0.0
21,chairs,ABL-ET2X-R-PreviousRawEdge-ResolvedRGB,2.454366683959961,32.59444299300581,0.0,0.0
21,thin-chair,O-T2X-R,3.863340377807617,30.773035422457546,0.0,0.0
21,thin-chair,ABL-ET2X-R-PreviousRawEdge-BilinearRGB,5.546253681182861,27.741128275872825,0.0,0.0
21,thin-chair,ABL-ET2X-R-PreviousRawEdge-ResolvedRGB,5.546253681182861,27.741128275872825,0.0,0.0
22,chairs,O-T2X-R,1.6805254220962524,35.76593558687355,0.0,0.0
22,chairs,ABL-ET2X-R-PreviousRawEdge-BilinearRGB,2.454366683959961,32.59444299300581,0.0,0.0
22,chairs,ABL-ET2X-R-PreviousRawEdge-ResolvedRGB,2.454366683959961,32.59444299300581,0.0,0.0
22,thin-chair,O-T2X-R,3.863340377807617,30.773035422457546,0.0,0.0
22,thin-chair,ABL-ET2X-R-PreviousRawEdge-BilinearRGB,5.546253681182861,27.741128275872825,0.0,0.0
22,thin-chair,ABL-ET2X-R-PreviousRawEdge-ResolvedRGB,5.546253681182861,27.741128275872825,0.0,0.0
23,chairs,O-T2X-R,1.6805254220962524,35.76593558687355,0.0,0.0
23,chairs,ABL-ET2X-R-PreviousRawEdge-BilinearRGB,2.454366683959961,32.59444299300581,0.0,0.0
23,chairs,ABL-ET2X-R-PreviousRawEdge-ResolvedRGB,2.454366683959961,32.59444299300581,0.0,0.0
23,thin-chair,O-T2X-R,3.863340377807617,30.773035422457546,0.0,0.0
23,thin-chair,ABL-ET2X-R-PreviousRawEdge-BilinearRGB,5.546253681182861,27.741128275872825,0.0,0.0
23,thin-chair,ABL-ET2X-R-PreviousRawEdge-ResolvedRGB,5.546253681182861,27.741128275872825,0.0,0.0
24,chairs,O-T2X-R,1.6805133819580078,35.76595336681001,0.0,0.0
24,chairs,ABL-ET2X-R-PreviousRawEdge-BilinearRGB,2.454366683959961,32.594440214831835,0.0,0.0
24,chairs,ABL-ET2X-R-PreviousRawEdge-ResolvedRGB,2.454366683959961,32.594440214831835,0.0,0.0
24,thin-chair,O-T2X-R,3.863340377807617,30.773035422457546,0.0,0.0
24,thin-chair,ABL-ET2X-R-PreviousRawEdge-BilinearRGB,5.546253681182861,27.741128275872825,0.0,0.0
24,thin-chair,ABL-ET2X-R-PreviousRawEdge-ResolvedRGB,5.546253681182861,27.741128275872825,0.0,0.0
25,chairs,O-T2X-R,1.6805254220962524,35.76593558687355,0.0,0.0
25,chairs,ABL-ET2X-R-PreviousRawEdge-BilinearRGB,2.454366683959961,32.59444299300581,0.0,0.0
25,chairs,ABL-ET2X-R-PreviousRawEdge-ResolvedRGB,2.454366683959961,32.59444299300581,0.0,0.0
25,thin-chair,O-T2X-R,3.863340377807617,30.773035422457546,0.0,0.0
25,thin-chair,ABL-ET2X-R-PreviousRawEdge-BilinearRGB,5.546253681182861,27.741128275872825,0.0,0.0
25,thin-chair,ABL-ET2X-R-PreviousRawEdge-ResolvedRGB,5.546253681182861,27.741128275872825,0.0,0.0
26,chairs,O-T2X-R,1.6805254220962524,35.76593558687355,0.0,0.0
26,chairs,ABL-ET2X-R-PreviousRawEdge-BilinearRGB,2.454366683959961,32.59444299300581,0.0,0.0
26,chairs,ABL-ET2X-R-PreviousRawEdge-ResolvedRGB,2.454366683959961,32.59444299300581,0.0,0.0
26,thin-chair,O-T2X-R,3.863340377807617,30.773035422457546,0.0,0.0
26,thin-chair,ABL-ET2X-R-PreviousRawEdge-BilinearRGB,5.546253681182861,27.741128275872825,0.0,0.0
26,thin-chair,ABL-ET2X-R-PreviousRawEdge-ResolvedRGB,5.546253681182861,27.741128275872825,0.0,0.0
27,chairs,O-T2X-R,1.6805254220962524,35.76593558687355,0.0,0.0
27,chairs,ABL-ET2X-R-PreviousRawEdge-BilinearRGB,2.454366683959961,32.59444299300581,0.0,0.0
27,chairs,ABL-ET2X-R-PreviousRawEdge-ResolvedRGB,2.454366683959961,32.59444299300581,0.0,0.0
27,thin-chair,O-T2X-R,3.863340377807617,30.773035422457546,0.0,0.0
27,thin-chair,ABL-ET2X-R-PreviousRawEdge-BilinearRGB,5.546253681182861,27.741128275872825,0.0,0.0
27,thin-chair,ABL-ET2X-R-PreviousRawEdge-ResolvedRGB,5.546253681182861,27.741128275872825,0.0,0.0
28,chairs,O-T2X-R,1.6805254220962524,35.76593558687355,0.0,0.0
28,chairs,ABL-ET2X-R-PreviousRawEdge-BilinearRGB,2.454366683959961,32.59444299300581,0.0,0.0
28,chairs,ABL-ET2X-R-PreviousRawEdge-ResolvedRGB,2.454366683959961,32.59444299300581,0.0,0.0
28,thin-chair,O-T2X-R,3.863340377807617,30.773035422457546,0.0,0.0
28,thin-chair,ABL-ET2X-R-PreviousRawEdge-BilinearRGB,5.546253681182861,27.741128275872825,0.0,0.0
28,thin-chair,ABL-ET2X-R-PreviousRawEdge-ResolvedRGB,5.546253681182861,27.741128275872825,0.0,0.0
29,chairs,O-T2X-R,1.6805254220962524,35.76593558687355,0.0,0.0
29,chairs,ABL-ET2X-R-PreviousRawEdge-BilinearRGB,2.454366683959961,32.59444299300581,0.0,0.0
29,chairs,ABL-ET2X-R-PreviousRawEdge-ResolvedRGB,2.454366683959961,32.59444299300581,0.0,0.0
29,thin-chair,O-T2X-R,3.863340377807617,30.773035422457546,0.0,0.0
29,thin-chair,ABL-ET2X-R-PreviousRawEdge-BilinearRGB,5.546253681182861,27.741128275872825,0.0,0.0
29,thin-chair,ABL-ET2X-R-PreviousRawEdge-ResolvedRGB,5.546253681182861,27.741128275872825,0.0,0.0
30,chairs,O-T2X-R,1.6805254220962524,35.76593558687355,0.0,0.0
30,chairs,ABL-ET2X-R-PreviousRawEdge-BilinearRGB,2.454366683959961,32.59444299300581,0.0,0.0
30,chairs,ABL-ET2X-R-PreviousRawEdge-ResolvedRGB,2.454366683959961,32.59444299300581,0.0,0.0
30,thin-chair,O-T2X-R,3.863340377807617,30.773035422457546,0.0,0.0
30,thin-chair,ABL-ET2X-R-PreviousRawEdge-BilinearRGB,5.546253681182861,27.741128275872825,0.0,0.0
30,thin-chair,ABL-ET2X-R-PreviousRawEdge-ResolvedRGB,5.546253681182861,27.741128275872825,0.0,0.0
31,chairs,O-T2X-R,1.6805254220962524,35.76593558687355,0.0,0.0
31,chairs,ABL-ET2X-R-PreviousRawEdge-BilinearRGB,2.454366683959961,32.59444299300581,0.0,0.0
31,chairs,ABL-ET2X-R-PreviousRawEdge-ResolvedRGB,2.454366683959961,32.59444299300581,0.0,0.0
31,thin-chair,O-T2X-R,3.863340377807617,30.773035422457546,0.0,0.0
31,thin-chair,ABL-ET2X-R-PreviousRawEdge-BilinearRGB,5.546253681182861,27.741128275872825,0.0,0.0
31,thin-chair,ABL-ET2X-R-PreviousRawEdge-ResolvedRGB,5.546253681182861,27.741128275872825,0.0,0.0
32,chairs,O-T2X-R,1.6805254220962524,35.76593558687355,0.0,0.0
32,chairs,ABL-ET2X-R-PreviousRawEdge-BilinearRGB,2.454366683959961,32.59444299300581,0.0,0.0
32,chairs,ABL-ET2X-R-PreviousRawEdge-ResolvedRGB,2.454366683959961,32.59444299300581,0.0,0.0
32,thin-chair,O-T2X-R,3.863340377807617,30.773035422457546,0.0,0.0
32,thin-chair,ABL-ET2X-R-PreviousRawEdge-BilinearRGB,5.546253681182861,27.741128275872825,0.0,0.0
32,thin-chair,ABL-ET2X-R-PreviousRawEdge-ResolvedRGB,5.546253681182861,27.741128275872825,0.0,0.0
33,chairs,O-T2X-R,1.6805254220962524,35.76593558687355,0.0,0.0
33,chairs,ABL-ET2X-R-PreviousRawEdge-BilinearRGB,2.454366683959961,32.59444299300581,0.0,0.0
33,chairs,ABL-ET2X-R-PreviousRawEdge-ResolvedRGB,2.454366683959961,32.59444299300581,0.0,0.0
33,thin-chair,O-T2X-R,3.863340377807617,30.773035422457546,0.0,0.0
33,thin-chair,ABL-ET2X-R-PreviousRawEdge-BilinearRGB,5.546253681182861,27.741128275872825,0.0,0.0
33,thin-chair,ABL-ET2X-R-PreviousRawEdge-ResolvedRGB,5.546253681182861,27.741128275872825,0.0,0.0
34,chairs,O-T2X-R,1.6805254220962524,35.76593558687355,0.0,0.0
34,chairs,ABL-ET2X-R-PreviousRawEdge-BilinearRGB,2.454366683959961,32.59444299300581,0.0,0.0
34,chairs,ABL-ET2X-R-PreviousRawEdge-ResolvedRGB,2.454366683959961,32.59444299300581,0.0,0.0
34,thin-chair,O-T2X-R,3.863340377807617,30.773035422457546,0.0,0.0
34,thin-chair,ABL-ET2X-R-PreviousRawEdge-BilinearRGB,5.546253681182861,27.741128275872825,0.0,0.0
34,thin-chair,ABL-ET2X-R-PreviousRawEdge-ResolvedRGB,5.546253681182861,27.741128275872825,0.0,0.0
35,chairs,O-T2X-R,1.6805254220962524,35.76593558687355,0.0,0.0
35,chairs,ABL-ET2X-R-PreviousRawEdge-BilinearRGB,2.454366683959961,32.59444299300581,0.0,0.0
35,chairs,ABL-ET2X-R-PreviousRawEdge-ResolvedRGB,2.454366683959961,32.59444299300581,0.0,0.0
35,thin-chair,O-T2X-R,3.863340377807617,30.773035422457546,0.0,0.0
35,thin-chair,ABL-ET2X-R-PreviousRawEdge-BilinearRGB,5.546253681182861,27.741128275872825,0.0,0.0
35,thin-chair,ABL-ET2X-R-PreviousRawEdge-ResolvedRGB,5.546253681182861,27.741128275872825,0.0,0.0
36,chairs,O-T2X-R,1.6805254220962524,35.76593558687355,0.0,0.0
36,chairs,ABL-ET2X-R-PreviousRawEdge-BilinearRGB,2.454366683959961,32.59444299300581,0.0,0.0
36,chairs,ABL-ET2X-R-PreviousRawEdge-ResolvedRGB,2.454366683959961,32.59444299300581,0.0,0.0
36,thin-chair,O-T2X-R,3.863340377807617,30.773035422457546,0.0,0.0
36,thin-chair,ABL-ET2X-R-PreviousRawEdge-BilinearRGB,5.546253681182861,27.741128275872825,0.0,0.0
36,thin-chair,ABL-ET2X-R-PreviousRawEdge-ResolvedRGB,5.546253681182861,27.741128275872825,0.0,0.0
37,chairs,O-T2X-R,1.6805254220962524,35.76593558687355,0.0,0.0
37,chairs,ABL-ET2X-R-PreviousRawEdge-BilinearRGB,2.454366683959961,32.59444299300581,0.0,0.0
37,chairs,ABL-ET2X-R-PreviousRawEdge-ResolvedRGB,2.454366683959961,32.59444299300581,0.0,0.0
37,thin-chair,O-T2X-R,3.863340377807617,30.773035422457546,0.0,0.0
37,thin-chair,ABL-ET2X-R-PreviousRawEdge-BilinearRGB,5.546253681182861,27.741128275872825,0.0,0.0
37,thin-chair,ABL-ET2X-R-PreviousRawEdge-ResolvedRGB,5.546253681182861,27.741128275872825,0.0,0.0
38,chairs,O-T2X-R,1.6805254220962524,35.76593558687355,0.0,0.0
38,chairs,ABL-ET2X-R-PreviousRawEdge-BilinearRGB,2.454366683959961,32.59444299300581,0.0,0.0
38,chairs,ABL-ET2X-R-PreviousRawEdge-ResolvedRGB,2.454366683959961,32.59444299300581,0.0,0.0
38,thin-chair,O-T2X-R,3.863340377807617,30.773035422457546,0.0,0.0
38,thin-chair,ABL-ET2X-R-PreviousRawEdge-BilinearRGB,5.546253681182861,27.741128275872825,0.0,0.0
38,thin-chair,ABL-ET2X-R-PreviousRawEdge-ResolvedRGB,5.546253681182861,27.741128275872825,0.0,0.0
39,chairs,O-T2X-R,1.6805254220962524,35.76593558687355,0.0,0.0
39,chairs,ABL-ET2X-R-PreviousRawEdge-BilinearRGB,2.454366683959961,32.59444299300581,0.0,0.0
39,chairs,ABL-ET2X-R-PreviousRawEdge-ResolvedRGB,2.454366683959961,32.59444299300581,0.0,0.0
39,thin-chair,O-T2X-R,3.863340377807617,30.773035422457546,0.0,0.0
39,thin-chair,ABL-ET2X-R-PreviousRawEdge-BilinearRGB,5.546253681182861,27.741128275872825,0.0,0.0
39,thin-chair,ABL-ET2X-R-PreviousRawEdge-ResolvedRGB,5.546253681182861,27.741128275872825,0.0,0.0
40,chairs,O-T2X-R,1.6805254220962524,35.76593558687355,0.0,0.0
40,chairs,ABL-ET2X-R-PreviousRawEdge-BilinearRGB,2.454366683959961,32.59444299300581,0.0,0.0
40,chairs,ABL-ET2X-R-PreviousRawEdge-ResolvedRGB,2.454366683959961,32.59444299300581,0.0,0.0
40,thin-chair,O-T2X-R,3.863340377807617,30.773035422457546,0.0,0.0
40,thin-chair,ABL-ET2X-R-PreviousRawEdge-BilinearRGB,5.546253681182861,27.741128275872825,0.0,0.0
40,thin-chair,ABL-ET2X-R-PreviousRawEdge-ResolvedRGB,5.546253681182861,27.741128275872825,0.0,0.0
41,chairs,O-T2X-R,1.6805254220962524,35.76593558687355,0.0,0.0
41,chairs,ABL-ET2X-R-PreviousRawEdge-BilinearRGB,2.454366683959961,32.59444299300581,0.0,0.0
41,chairs,ABL-ET2X-R-PreviousRawEdge-ResolvedRGB,2.454366683959961,32.59444299300581,0.0,0.0
41,thin-chair,O-T2X-R,3.863340377807617,30.773035422457546,0.0,0.0
41,thin-chair,ABL-ET2X-R-PreviousRawEdge-BilinearRGB,5.546253681182861,27.741128275872825,0.0,0.0
41,thin-chair,ABL-ET2X-R-PreviousRawEdge-ResolvedRGB,5.546253681182861,27.741128275872825,0.0,0.0
42,chairs,O-T2X-R,1.6805254220962524,35.76593558687355,0.0,0.0
42,chairs,ABL-ET2X-R-PreviousRawEdge-BilinearRGB,2.454366683959961,32.59444299300581,0.0,0.0
42,chairs,ABL-ET2X-R-PreviousRawEdge-ResolvedRGB,2.454366683959961,32.59444299300581,0.0,0.0
42,thin-chair,O-T2X-R,3.863340377807617,30.773035422457546,0.0,0.0
42,thin-chair,ABL-ET2X-R-PreviousRawEdge-BilinearRGB,5.546253681182861,27.741128275872825,0.0,0.0
42,thin-chair,ABL-ET2X-R-PreviousRawEdge-ResolvedRGB,5.546253681182861,27.741128275872825,0.0,0.0
43,chairs,O-T2X-R,1.6805254220962524,35.76593558687355,0.0,0.0
43,chairs,ABL-ET2X-R-PreviousRawEdge-BilinearRGB,2.454366683959961,32.59444299300581,0.0,0.0
43,chairs,ABL-ET2X-R-PreviousRawEdge-ResolvedRGB,2.454366683959961,32.59444299300581,0.0,0.0
43,thin-chair,O-T2X-R,3.863340377807617,30.773035422457546,0.0,0.0
43,thin-chair,ABL-ET2X-R-PreviousRawEdge-BilinearRGB,5.546253681182861,27.741128275872825,0.0,0.0
43,thin-chair,ABL-ET2X-R-PreviousRawEdge-ResolvedRGB,5.546253681182861,27.741128275872825,0.0,0.0
44,chairs,O-T2X-R,1.6805254220962524,35.76593558687355,0.0,0.0
44,chairs,ABL-ET2X-R-PreviousRawEdge-BilinearRGB,2.454366683959961,32.59444299300581,0.0,0.0
44,chairs,ABL-ET2X-R-PreviousRawEdge-ResolvedRGB,2.454366683959961,32.59444299300581,0.0,0.0
44,thin-chair,O-T2X-R,3.863340377807617,30.773035422457546,0.0,0.0
44,thin-chair,ABL-ET2X-R-PreviousRawEdge-BilinearRGB,5.546253681182861,27.741128275872825,0.0,0.0
44,thin-chair,ABL-ET2X-R-PreviousRawEdge-ResolvedRGB,5.546253681182861,27.741128275872825,0.0,0.0
45,chairs,O-T2X-R,1.6805254220962524,35.76593558687355,0.0,0.0
45,chairs,ABL-ET2X-R-PreviousRawEdge-BilinearRGB,2.454366683959961,32.59444299300581,0.0,0.0
45,chairs,ABL-ET2X-R-PreviousRawEdge-ResolvedRGB,2.454366683959961,32.59444299300581,0.0,0.0
45,thin-chair,O-T2X-R,3.863340377807617,30.773035422457546,0.0,0.0
45,thin-chair,ABL-ET2X-R-PreviousRawEdge-BilinearRGB,5.546253681182861,27.741128275872825,0.0,0.0
45,thin-chair,ABL-ET2X-R-PreviousRawEdge-ResolvedRGB,5.546253681182861,27.741128275872825,0.0,0.0
46,chairs,O-T2X-R,1.6805254220962524,35.76593558687355,0.0,0.0
46,chairs,ABL-ET2X-R-PreviousRawEdge-BilinearRGB,2.454366683959961,32.59444299300581,0.0,0.0
46,chairs,ABL-ET2X-R-PreviousRawEdge-ResolvedRGB,2.454366683959961,32.59444299300581,0.0,0.0
46,thin-chair,O-T2X-R,3.863340377807617,30.773035422457546,0.0,0.0
46,thin-chair,ABL-ET2X-R-PreviousRawEdge-BilinearRGB,5.546253681182861,27.741128275872825,0.0,0.0
46,thin-chair,ABL-ET2X-R-PreviousRawEdge-ResolvedRGB,5.546253681182861,27.741128275872825,0.0,0.0
47,chairs,O-T2X-R,1.6805254220962524,35.76593558687355,0.0,0.0
47,chairs,ABL-ET2X-R-PreviousRawEdge-BilinearRGB,2.454366683959961,32.59444299300581,0.0,0.0
47,chairs,ABL-ET2X-R-PreviousRawEdge-ResolvedRGB,2.454366683959961,32.59444299300581,0.0,0.0
47,thin-chair,O-T2X-R,3.863340377807617,30.773035422457546,0.0,0.0
47,thin-chair,ABL-ET2X-R-PreviousRawEdge-BilinearRGB,5.546253681182861,27.741128275872825,0.0,0.0
47,thin-chair,ABL-ET2X-R-PreviousRawEdge-ResolvedRGB,5.546253681182861,27.741128275872825,0.0,0.0
48,chairs,O-T2X-R,1.6805254220962524,35.76593558687355,0.0,0.0
48,chairs,ABL-ET2X-R-PreviousRawEdge-BilinearRGB,2.454366683959961,32.59444299300581,0.0,0.0
48,chairs,ABL-ET2X-R-PreviousRawEdge-ResolvedRGB,2.454366683959961,32.59444299300581,0.0,0.0
48,thin-chair,O-T2X-R,3.863340377807617,30.773035422457546,0.0,0.0
48,thin-chair,ABL-ET2X-R-PreviousRawEdge-BilinearRGB,5.546253681182861,27.741128275872825,0.0,0.0
48,thin-chair,ABL-ET2X-R-PreviousRawEdge-ResolvedRGB,5.546253681182861,27.741128275872825,0.0,0.0
49,chairs,O-T2X-R,1.6805254220962524,35.76593558687355,0.0,0.0
49,chairs,ABL-ET2X-R-PreviousRawEdge-BilinearRGB,2.454366683959961,32.59444299300581,0.0,0.0
49,chairs,ABL-ET2X-R-PreviousRawEdge-ResolvedRGB,2.454366683959961,32.59444299300581,0.0,0.0
49,thin-chair,O-T2X-R,3.863340377807617,30.773035422457546,0.0,0.0
49,thin-chair,ABL-ET2X-R-PreviousRawEdge-BilinearRGB,5.546253681182861,27.741128275872825,0.0,0.0
49,thin-chair,ABL-ET2X-R-PreviousRawEdge-ResolvedRGB,5.546253681182861,27.741128275872825,0.0,0.0
50,chairs,O-T2X-R,1.6805254220962524,35.76593558687355,0.0,0.0
50,chairs,ABL-ET2X-R-PreviousRawEdge-BilinearRGB,2.454366683959961,32.59444299300581,0.0,0.0
50,chairs,ABL-ET2X-R-PreviousRawEdge-ResolvedRGB,2.454366683959961,32.59444299300581,0.0,0.0
50,thin-chair,O-T2X-R,3.863340377807617,30.773035422457546,0.0,0.0
50,thin-chair,ABL-ET2X-R-PreviousRawEdge-BilinearRGB,5.546253681182861,27.741128275872825,0.0,0.0
50,thin-chair,ABL-ET2X-R-PreviousRawEdge-ResolvedRGB,5.546253681182861,27.741128275872825,0.0,0.0
51,chairs,O-T2X-R,1.6805254220962524,35.76593558687355,0.0,0.0
51,chairs,ABL-ET2X-R-PreviousRawEdge-BilinearRGB,2.454366683959961,32.59444299300581,0.0,0.0
51,chairs,ABL-ET2X-R-PreviousRawEdge-ResolvedRGB,2.454366683959961,32.59444299300581,0.0,0.0
51,thin-chair,O-T2X-R,3.863340377807617,30.773035422457546,0.0,0.0
51,thin-chair,ABL-ET2X-R-PreviousRawEdge-BilinearRGB,5.546253681182861,27.741128275872825,0.0,0.0
51,thin-chair,ABL-ET2X-R-PreviousRawEdge-ResolvedRGB,5.546253681182861,27.741128275872825,0.0,0.0
52,chairs,O-T2X-R,1.6805254220962524,35.76593558687355,0.0,0.0
52,chairs,ABL-ET2X-R-PreviousRawEdge-BilinearRGB,2.454366683959961,32.59444299300581,0.0,0.0
52,chairs,ABL-ET2X-R-PreviousRawEdge-ResolvedRGB,2.454366683959961,32.59444299300581,0.0,0.0
52,thin-chair,O-T2X-R,3.863340377807617,30.773035422457546,0.0,0.0
52,thin-chair,ABL-ET2X-R-PreviousRawEdge-BilinearRGB,5.546253681182861,27.741128275872825,0.0,0.0
52,thin-chair,ABL-ET2X-R-PreviousRawEdge-ResolvedRGB,5.546253681182861,27.741128275872825,0.0,0.0
53,chairs,O-T2X-R,1.6805254220962524,35.76593558687355,0.0,0.0
53,chairs,ABL-ET2X-R-PreviousRawEdge-BilinearRGB,2.454366683959961,32.59444299300581,0.0,0.0
53,chairs,ABL-ET2X-R-PreviousRawEdge-ResolvedRGB,2.454366683959961,32.59444299300581,0.0,0.0
53,thin-chair,O-T2X-R,3.863340377807617,30.773035422457546,0.0,0.0
53,thin-chair,ABL-ET2X-R-PreviousRawEdge-BilinearRGB,5.546253681182861,27.741128275872825,0.0,0.0
53,thin-chair,ABL-ET2X-R-PreviousRawEdge-ResolvedRGB,5.546253681182861,27.741128275872825,0.0,0.0
54,chairs,O-T2X-R,1.6805254220962524,35.76593558687355,0.0,0.0
54,chairs,ABL-ET2X-R-PreviousRawEdge-BilinearRGB,2.454366683959961,32.59444299300581,0.0,0.0
54,chairs,ABL-ET2X-R-PreviousRawEdge-ResolvedRGB,2.454366683959961,32.59444299300581,0.0,0.0
54,thin-chair,O-T2X-R,3.863340377807617,30.773035422457546,0.0,0.0
54,thin-chair,ABL-ET2X-R-PreviousRawEdge-BilinearRGB,5.546253681182861,27.741128275872825,0.0,0.0
54,thin-chair,ABL-ET2X-R-PreviousRawEdge-ResolvedRGB,5.546253681182861,27.741128275872825,0.0,0.0
55,chairs,O-T2X-R,1.6805254220962524,35.76593558687355,0.0,0.0
55,chairs,ABL-ET2X-R-PreviousRawEdge-BilinearRGB,2.454366683959961,32.59444299300581,0.0,0.0
55,chairs,ABL-ET2X-R-PreviousRawEdge-ResolvedRGB,2.454366683959961,32.59444299300581,0.0,0.0
55,thin-chair,O-T2X-R,3.863340377807617,30.773035422457546,0.0,0.0
55,thin-chair,ABL-ET2X-R-PreviousRawEdge-BilinearRGB,5.546253681182861,27.741128275872825,0.0,0.0
55,thin-chair,ABL-ET2X-R-PreviousRawEdge-ResolvedRGB,5.546253681182861,27.741128275872825,0.0,0.0
56,chairs,O-T2X-R,1.6805254220962524,35.76593558687355,0.0,0.0
56,chairs,ABL-ET2X-R-PreviousRawEdge-BilinearRGB,2.454366683959961,32.59444299300581,0.0,0.0
56,chairs,ABL-ET2X-R-PreviousRawEdge-ResolvedRGB,2.454366683959961,32.59444299300581,0.0,0.0
56,thin-chair,O-T2X-R,3.863340377807617,30.773035422457546,0.0,0.0
56,thin-chair,ABL-ET2X-R-PreviousRawEdge-BilinearRGB,5.546253681182861,27.741128275872825,0.0,0.0
56,thin-chair,ABL-ET2X-R-PreviousRawEdge-ResolvedRGB,5.546253681182861,27.741128275872825,0.0,0.0
57,chairs,O-T2X-R,1.6805254220962524,35.76593558687355,0.0,0.0
57,chairs,ABL-ET2X-R-PreviousRawEdge-BilinearRGB,2.454366683959961,32.59444299300581,0.0,0.0
57,chairs,ABL-ET2X-R-PreviousRawEdge-ResolvedRGB,2.454366683959961,32.59444299300581,0.0,0.0
57,thin-chair,O-T2X-R,3.863340377807617,30.773035422457546,0.0,0.0
57,thin-chair,ABL-ET2X-R-PreviousRawEdge-BilinearRGB,5.546253681182861,27.741128275872825,0.0,0.0
57,thin-chair,ABL-ET2X-R-PreviousRawEdge-ResolvedRGB,5.546253681182861,27.741128275872825,0.0,0.0
58,chairs,O-T2X-R,1.6805254220962524,35.76593558687355,0.0,0.0
58,chairs,ABL-ET2X-R-PreviousRawEdge-BilinearRGB,2.454366683959961,32.59444299300581,0.0,0.0
58,chairs,ABL-ET2X-R-PreviousRawEdge-ResolvedRGB,2.454366683959961,32.59444299300581,0.0,0.0
58,thin-chair,O-T2X-R,3.863340377807617,30.773035422457546,0.0,0.0
58,thin-chair,ABL-ET2X-R-PreviousRawEdge-BilinearRGB,5.546253681182861,27.741128275872825,0.0,0.0
58,thin-chair,ABL-ET2X-R-PreviousRawEdge-ResolvedRGB,5.546253681182861,27.741128275872825,0.0,0.0
59,chairs,O-T2X-R,1.6805254220962524,35.76593558687355,0.0,0.0
59,chairs,ABL-ET2X-R-PreviousRawEdge-BilinearRGB,2.454366683959961,32.59444299300581,0.0,0.0
59,chairs,ABL-ET2X-R-PreviousRawEdge-ResolvedRGB,2.454366683959961,32.59444299300581,0.0,0.0
59,thin-chair,O-T2X-R,3.863340377807617,30.773035422457546,0.0,0.0
59,thin-chair,ABL-ET2X-R-PreviousRawEdge-BilinearRGB,5.546253681182861,27.741128275872825,0.0,0.0
59,thin-chair,ABL-ET2X-R-PreviousRawEdge-ResolvedRGB,5.546253681182861,27.741128275872825,0.0,0.0
60,chairs,O-T2X-R,1.6805254220962524,35.76593558687355,0.0,0.0
60,chairs,ABL-ET2X-R-PreviousRawEdge-BilinearRGB,2.454366683959961,32.59444299300581,0.0,0.0
60,chairs,ABL-ET2X-R-PreviousRawEdge-ResolvedRGB,2.454366683959961,32.59444299300581,0.0,0.0
60,thin-chair,O-T2X-R,3.863340377807617,30.773035422457546,0.0,0.0
60,thin-chair,ABL-ET2X-R-PreviousRawEdge-BilinearRGB,5.546253681182861,27.741128275872825,0.0,0.0
60,thin-chair,ABL-ET2X-R-PreviousRawEdge-ResolvedRGB,5.546253681182861,27.741128275872825,0.0,0.0
61,chairs,O-T2X-R,2.1497817039489746,33.930069080012096,1.5661358833312988,1.5661358833312988
61,chairs,ABL-ET2X-R-PreviousRawEdge-BilinearRGB,2.248884677886963,33.49089654539169,1.6676042079925537,1.6676042079925537
61,chairs,ABL-ET2X-R-PreviousRawEdge-ResolvedRGB,2.248884677886963,33.49089654539169,1.6676042079925537,1.6676042079925537
61,thin-chair,O-T2X-R,4.631362438201904,29.32256130946839,2.8752732276916504,2.8752732276916504
61,thin-chair,ABL-ET2X-R-PreviousRawEdge-BilinearRGB,5.157078742980957,28.38784834562917,2.668278694152832,2.668278694152832
61,thin-chair,ABL-ET2X-R-PreviousRawEdge-ResolvedRGB,5.157078742980957,28.38784834562917,2.668278694152832,2.668278694152832
62,chairs,O-T2X-R,1.9420512914657593,34.61042478512749,1.9282149076461792,2.986689567565918
62,chairs,ABL-ET2X-R-PreviousRawEdge-BilinearRGB,2.160114049911499,33.80354165803888,1.6302286386489868,2.224672794342041
62,chairs,ABL-ET2X-R-PreviousRawEdge-ResolvedRGB,2.141390562057495,33.93799798910808,1.623806118965149,2.2978217601776123
62,thin-chair,O-T2X-R,4.1363043785095215,30.091234329606188,3.506619453430176,5.622966289520264
62,thin-chair,ABL-ET2X-R-PreviousRawEdge-BilinearRGB,5.028497695922852,28.584163701424025,2.5267183780670166,3.296226739883423
62,thin-chair,ABL-ET2X-R-PreviousRawEdge-ResolvedRGB,4.957179069519043,28.735851787013043,2.4737234115600586,3.450514316558838
63,chairs,O-T2X-R,1.9257510900497437,34.67059211751923,1.535118818283081,2.2562243938446045
63,chairs,ABL-ET2X-R-PreviousRawEdge-BilinearRGB,2.205885887145996,33.65820040225919,1.578069806098938,2.122074842453003
63,chairs,ABL-ET2X-R-PreviousRawEdge-ResolvedRGB,2.1680712699890137,33.860354854457164,1.518131136894226,2.1011946201324463
63,thin-chair,O-T2X-R,4.079752445220947,30.160648809750693,2.607422113418579,4.285555839538574
63,thin-chair,ABL-ET2X-R-PreviousRawEdge-BilinearRGB,5.058297634124756,28.500425142237408,2.515519857406616,3.237297773361206
63,thin-chair,ABL-ET2X-R-PreviousRawEdge-ResolvedRGB,4.939097881317139,28.71005931236958,2.35967755317688,3.20109486579895
64,chairs,O-T2X-R,1.9469280242919922,34.63528204224129,1.678998589515686,2.6393041610717773
64,chairs,ABL-ET2X-R-PreviousRawEdge-BilinearRGB,2.1865897178649902,33.726268045293885,1.5697240829467773,2.1204020977020264
64,chairs,ABL-ET2X-R-PreviousRawEdge-ResolvedRGB,2.145941734313965,33.98011954095629,1.499351978302002,2.0412116050720215
64,thin-chair,O-T2X-R,4.141424179077148,30.187141560670735,2.852139472961426,4.6828765869140625
64,thin-chair,ABL-ET2X-R-PreviousRawEdge-BilinearRGB,5.057439804077148,28.52661178238889,2.5272138118743896,3.2995383739471436
64,thin-chair,ABL-ET2X-R-PreviousRawEdge-ResolvedRGB,4.910126686096191,28.82038913820592,2.343632221221924,3.0920610427856445
65,chairs,O-T2X-R,1.9594063758850098,34.60749648440451,1.560854196548462,2.2453970909118652
65,chairs,ABL-ET2X-R-PreviousRawEdge-BilinearRGB,2.200978994369507,33.67496917338131,1.5949177742004395,2.18412184715271
65,chairs,ABL-ET2X-R-PreviousRawEdge-ResolvedRGB,2.154676675796509,33.92414178859045,1.5263608694076538,2.0738368034362793
65,thin-chair,O-T2X-R,4.132930755615234,30.070779491481904,2.6269402503967285,4.110471725463867
65,thin-chair,ABL-ET2X-R-PreviousRawEdge-BilinearRGB,5.116447448730469,28.457103237528894,2.5643880367279053,3.405794382095337
65,thin-chair,ABL-ET2X-R-PreviousRawEdge-ResolvedRGB,4.956498622894287,28.749729684328855,2.3628487586975098,3.1268844604492188
66,chairs,O-T2X-R,1.9540834426879883,34.55402029634372,1.6993070840835571,2.678032398223877
66,chairs,ABL-ET2X-R-PreviousRawEdge-BilinearRGB,2.196180582046509,33.68868002208731,1.593963861465454,2.1675100326538086
66,chairs,ABL-ET2X-R-PreviousRawEdge-ResolvedRGB,2.1552793979644775,33.91217720418552,1.5245918035507202,2.0842459201812744
66,thin-chair,O-T2X-R,4.114908695220947,30.07967811191876,2.9241037368774414,4.797272682189941
66,thin-chair,ABL-ET2X-R-PreviousRawEdge-BilinearRGB,5.069661617279053,28.511516531491555,2.484426259994507,3.386241912841797
66,thin-chair,ABL-ET2X-R-PreviousRawEdge-ResolvedRGB,4.924656867980957,28.751556081979274,2.3282558917999268,3.1735715866088867
67,chairs,O-T2X-R,1.9290424585342407,34.65481112570252,1.5966922044754028,2.2482664585113525
67,chairs,ABL-ET2X-R-PreviousRawEdge-BilinearRGB,2.2274365425109863,33.54915462360487,1.556262731552124,2.100297451019287
67,chairs,ABL-ET2X-R-PreviousRawEdge-ResolvedRGB,2.1844074726104736,33.78091107747521,1.481786847114563,2.0088186264038086
67,thin-chair,O-T2X-R,4.147135257720947,30.00444705266522,2.571707010269165,4.13962984085083
67,thin-chair,ABL-ET2X-R-PreviousRawEdge-BilinearRGB,5.161635875701904,28.339216004551243,2.525346040725708,3.312643527984619
67,thin-chair,ABL-ET2X-R-PreviousRawEdge-ResolvedRGB,5.013494491577148,28.585112358320814,2.3520753383636475,3.1146750450134277
68,chairs,O-T2X-R,1.941810131072998,34.647073555103304,1.6639655828475952,2.6840384006500244
68,chairs,ABL-ET2X-R-PreviousRawEdge-BilinearRGB,2.1989595890045166,33.61760933101273,1.5869969129562378,2.158966064453125
68,chairs,ABL-ET2X-R-PreviousRawEdge-ResolvedRGB,2.1616692543029785,33.84700790117105,1.516369342803955,2.060452938079834
68,thin-chair,O-T2X-R,4.160629749298096,30.060176928774688,2.7862393856048584,4.627574443817139
68,thin-chair,ABL-ET2X-R-PreviousRawEdge-BilinearRGB,5.151722431182861,28.30122484752074,2.538405656814575,3.3356597423553467
68,thin-chair,ABL-ET2X-R-PreviousRawEdge-ResolvedRGB,4.997306823730469,28.56779150635201,2.3277993202209473,3.076374053955078
69,chairs,O-T2X-R,1.9524980783462524,34.54877414371401,1.5988130569458008,2.242306709289551
69,chairs,ABL-ET2X-R-PreviousRawEdge-BilinearRGB,2.2345738410949707,33.46772206533491,1.6311334371566772,2.1791646480560303
69,chairs,ABL-ET2X-R-PreviousRawEdge-ResolvedRGB,2.189115524291992,33.71405992917359,1.5676605701446533,2.09920334815979
69,thin-chair,O-T2X-R,4.236475944519043,29.90408118478587,2.713447332382202,4.122865200042725
69,thin-chair,ABL-ET2X-R-PreviousRawEdge-BilinearRGB,5.163174629211426,28.205691676819665,2.466273069381714,3.3677046298980713
69,thin-chair,ABL-ET2X-R-PreviousRawEdge-ResolvedRGB,4.982865810394287,28.500342525528634,2.3568804264068604,3.16485595703125
70,chairs,O-T2X-R,1.9889503717422485,34.40179196795116,1.7240521907806396,2.7266035079956055
70,chairs,ABL-ET2X-R-PreviousRawEdge-BilinearRGB,2.263436794281006,33.42689233658899,1.606759786605835,2.1428027153015137
70,chairs,ABL-ET2X-R-PreviousRawEdge-ResolvedRGB,2.2057230472564697,33.715452987251524,1.5165082216262817,2.064958333969116
70,thin-chair,O-T2X-R,4.248402118682861,29.854274406655374,2.981858253479004,4.8902506828308105
70,thin-chair,ABL-ET2X-R-PreviousRawEdge-BilinearRGB,5.168205261230469,28.191796277084855,2.5107779502868652,3.2563881874084473
70,thin-chair,ABL-ET2X-R-PreviousRawEdge-ResolvedRGB,4.99452543258667,28.487777844598064,2.2958548069000244,3.099201202392578
71,chairs,O-T2X-R,1.9510754346847534,34.65510394825286,1.6392115354537964,2.3175692558288574
71,chairs,ABL-ET2X-R-PreviousRawEdge-BilinearRGB,2.265848159790039,33.291943509350446,1.629097819328308,2.196401596069336
71,chairs,ABL-ET2X-R-PreviousRawEdge-ResolvedRGB,2.228389024734497,33.509085616848594,1.5453740358352661,2.07706356048584
71,thin-chair,O-T2X-R,4.222301006317139,29.961332473601768,2.600775718688965,4.167294025421143
71,thin-chair,ABL-ET2X-R-PreviousRawEdge-BilinearRGB,5.320075988769531,27.914831682655738,2.5634706020355225,3.4322214126586914
71,thin-chair,ABL-ET2X-R-PreviousRawEdge-ResolvedRGB,5.185872554779053,28.146613430713675,2.3681700229644775,3.1555886268615723
72,chairs,O-T2X-R,1.976478099822998,34.529855699638546,1.6824644804000854,2.733539342880249
72,chairs,ABL-ET2X-R-PreviousRawEdge-BilinearRGB,2.2617549896240234,33.202516795388014,1.5664244890213013,2.2085251808166504
72,chairs,ABL-ET2X-R-PreviousRawEdge-ResolvedRGB,2.223156690597534,33.436876428101755,1.5063608884811401,2.1147611141204834
72,thin-chair,O-T2X-R,4.277787685394287,29.792917303058097,2.882563352584839,4.699697494506836
72,thin-chair,ABL-ET2X-R-PreviousRawEdge-BilinearRGB,5.372247695922852,27.736264524078017,2.4888057708740234,3.4354004859924316
72,thin-chair,ABL-ET2X-R-PreviousRawEdge-ResolvedRGB,5.191347122192383,28.017302774263037,2.356794595718384,3.231584072113037
73,chairs,O-T2X-R,2.0306410789489746,34.263949730168754,1.6148730516433716,2.2703418731689453
73,chairs,ABL-ET2X-R-PreviousRawEdge-BilinearRGB,2.3015708923339844,33.134530704327,1.6121162176132202,2.101339340209961
73,chairs,ABL-ET2X-R-PreviousRawEdge-ResolvedRGB,2.252146005630493,33.384852886891565,1.54042649269104,2.0466089248657227
73,thin-chair,O-T2X-R,4.296134948730469,29.746719843127444,2.7469160556793213,4.275687217712402
73,thin-chair,ABL-ET2X-R-PreviousRawEdge-BilinearRGB,5.442057132720947,27.693625697173943,2.496504545211792,3.292670965194702
73,thin-chair,ABL-ET2X-R-PreviousRawEdge-ResolvedRGB,5.27734375,27.953392629184158,2.296091318130493,3.112330436706543
74,chairs,O-T2X-R,2.0170114040374756,34.38104491150251,1.725706696510315,2.722425937652588
74,chairs,ABL-ET2X-R-PreviousRawEdge-BilinearRGB,2.283396005630493,33.20707093440555,1.619586706161499,2.173062801361084
74,chairs,ABL-ET2X-R-PreviousRawEdge-ResolvedRGB,2.235128402709961,33.43514816294111,1.5187002420425415,2.0654282569885254
74,thin-chair,O-T2X-R,4.197383880615234,29.96934426558695,3.008917808532715,4.98115873336792
74,thin-chair,ABL-ET2X-R-PreviousRawEdge-BilinearRGB,5.3980231285095215,27.74159477506639,2.5053951740264893,3.4147841930389404
74,thin-chair,ABL-ET2X-R-PreviousRawEdge-ResolvedRGB,5.252456188201904,27.957338585336984,2.325077533721924,3.183438301086426
75,chairs,O-T2X-R,1.9895713329315186,34.47146138410393,1.619163990020752,2.3595056533813477
75,chairs,ABL-ET2X-R-PreviousRawEdge-BilinearRGB,2.271092653274536,33.29790000678385,1.6103880405426025,2.224569797515869
75,chairs,ABL-ET2X-R-PreviousRawEdge-ResolvedRGB,2.230414390563965,33.517969815529604,1.5484817028045654,2.1151487827301025
75,thin-chair,O-T2X-R,4.200846195220947,29.965901463561188,2.7587335109710693,4.381387233734131
75,thin-chair,ABL-ET2X-R-PreviousRawEdge-BilinearRGB,5.397372245788574,27.85192386550908,2.555776357650757,3.471414804458618
75,thin-chair,ABL-ET2X-R-PreviousRawEdge-ResolvedRGB,5.245916366577148,28.07623646779637,2.38638973236084,3.2521889209747314
76,chairs,O-T2X-R,2.030303478240967,34.36361229153407,1.7333639860153198,2.7291152477264404
76,chairs,ABL-ET2X-R-PreviousRawEdge-BilinearRGB,2.289996862411499,33.26758735298157,1.6391083002090454,2.211594820022583
76,chairs,ABL-ET2X-R-PreviousRawEdge-ResolvedRGB,2.2473838329315186,33.475449040547105,1.5655878782272339,2.1312787532806396
76,thin-chair,O-T2X-R,4.28341007232666,29.818234764367794,2.922499179840088,4.895175457000732
76,thin-chair,ABL-ET2X-R-PreviousRawEdge-BilinearRGB,5.356090068817139,27.872322487352484,2.5092923641204834,3.412830114364624
76,thin-chair,ABL-ET2X-R-PreviousRawEdge-ResolvedRGB,5.196200370788574,28.099812518978897,2.3038854598999023,3.139875650405884
77,chairs,O-T2X-R,1.9714505672454834,34.69451507861939,1.6614991426467896,2.3382327556610107
77,chairs,ABL-ET2X-R-PreviousRawEdge-BilinearRGB,2.2612967491149902,33.35506427443209,1.6220952272415161,2.1708648204803467
77,chairs,ABL-ET2X-R-PreviousRawEdge-ResolvedRGB,2.2128965854644775,33.61498555749185,1.532905101776123,2.078209400177002
77,thin-chair,O-T2X-R,4.207001686096191,30.147739032085752,2.6865456104278564,4.236080646514893
77,thin-chair,ABL-ET2X-R-PreviousRawEdge-BilinearRGB,5.329219818115234,27.945768322334736,2.5889477729797363,3.3595848083496094
77,thin-chair,ABL-ET2X-R-PreviousRawEdge-ResolvedRGB,5.166193008422852,28.216974677675772,2.3727622032165527,3.125617265701294
78,chairs,O-T2X-R,1.9967628717422485,34.64831309231863,1.7484452724456787,2.7898099422454834
78,chairs,ABL-ET2X-R-PreviousRawEdge-BilinearRGB,2.267873525619507,33.356010196245464,1.5854196548461914,2.195145606994629
78,chairs,ABL-ET2X-R-PreviousRawEdge-ResolvedRGB,2.214482069015503,33.62097302000301,1.5223370790481567,2.0894062519073486
78,thin-chair,O-T2X-R,4.268732070922852,30.055772499998916,2.860440254211426,4.7988762855529785
78,thin-chair,ABL-ET2X-R-PreviousRawEdge-BilinearRGB,5.383759498596191,27.895044701583743,2.5213348865509033,3.325985908508301
78,thin-chair,ABL-ET2X-R-PreviousRawEdge-ResolvedRGB,5.190104007720947,28.189086060344344,2.33052659034729,3.0934183597564697
79,chairs,O-T2X-R,2.0101332664489746,34.59019638824736,1.612959384918213,2.3671560287475586
79,chairs,ABL-ET2X-R-PreviousRawEdge-BilinearRGB,2.3009982109069824,33.21688606949477,1.690625786781311,2.195734739303589
79,chairs,ABL-ET2X-R-PreviousRawEdge-ResolvedRGB,2.2538580894470215,33.49923799305559,1.6172165870666504,2.1236250400543213
79,thin-chair,O-T2X-R,4.26210355758667,30.0290756005684,2.7747042179107666,4.244616985321045
79,thin-chair,ABL-ET2X-R-PreviousRawEdge-BilinearRGB,5.526130676269531,27.709176008461288,2.5226926803588867,3.258711338043213
79,thin-chair,ABL-ET2X-R-PreviousRawEdge-ResolvedRGB,5.3138909339904785,28.039572136818556,2.3304946422576904,3.041008710861206
80,chairs,O-T2X-R,2.088740587234497,34.09040832373926,1.6830047369003296,2.6602566242218018
80,chairs,ABL-ET2X-R-PreviousRawEdge-BilinearRGB,2.3219339847564697,33.237438901430714,1.6702057123184204,2.2766244411468506
80,chairs,ABL-ET2X-R-PreviousRawEdge-ResolvedRGB,2.2713699340820312,33.497307170502296,1.5748786926269531,2.1503658294677734
80,thin-chair,O-T2X-R,4.369998931884766,29.66378238624065,2.865436553955078,4.827005386352539
80,thin-chair,ABL-ET2X-R-PreviousRawEdge-BilinearRGB,5.522105693817139,27.78000793641641,2.569108247756958,3.4390363693237305
80,thin-chair,ABL-ET2X-R-PreviousRawEdge-ResolvedRGB,5.3359375,28.07793236635764,2.4012677669525146,3.1845433712005615
81,chairs,O-T2X-R,2.08935546875,34.07349013905909,1.641932487487793,2.4048173427581787
81,chairs,ABL-ET2X-R-PreviousRawEdge-BilinearRGB,2.3133559226989746,33.19972677429591,1.5990469455718994,2.262603521347046
81,chairs,ABL-ET2X-R-PreviousRawEdge-ResolvedRGB,2.267313003540039,33.4649646281018,1.5518053770065308,2.1694867610931396
81,thin-chair,O-T2X-R,4.370857238769531,29.644688845692258,2.7232189178466797,4.2855329513549805
81,thin-chair,ABL-ET2X-R-PreviousRawEdge-BilinearRGB,5.510505676269531,27.7260476940453,2.6068460941314697,3.388746738433838
81,thin-chair,ABL-ET2X-R-PreviousRawEdge-ResolvedRGB,5.334724426269531,28.019463120418035,2.4210565090179443,3.206003427505493
82,chairs,O-T2X-R,2.053542137145996,34.26522778557806,1.7804464101791382,2.8068149089813232
82,chairs,ABL-ET2X-R-PreviousRawEdge-BilinearRGB,2.348590612411499,33.09601166364402,1.7201018333435059,2.218951463699341
82,chairs,ABL-ET2X-R-PreviousRawEdge-ResolvedRGB,2.289020299911499,33.41748291961487,1.6246423721313477,2.1372909545898438
82,thin-chair,O-T2X-R,4.354669570922852,29.665978231517638,2.9384119510650635,4.8497538566589355
82,thin-chair,ABL-ET2X-R-PreviousRawEdge-BilinearRGB,5.5210700035095215,27.648019940055654,2.6698920726776123,3.3900938034057617
82,thin-chair,ABL-ET2X-R-PreviousRawEdge-ResolvedRGB,5.296224117279053,28.019569373502637,2.425241231918335,3.150449275970459
83,chairs,O-T2X-R,2.0010669231414795,34.46117120587235,1.711686611175537,2.405229091644287
83,chairs,ABL-ET2X-R-PreviousRawEdge-BilinearRGB,2.3180699348449707,33.11755052150309,1.6049336194992065,2.2373251914978027
83,chairs,ABL-ET2X-R-PreviousRawEdge-ResolvedRGB,2.2631473541259766,33.42386952052072,1.514119267463684,2.116377115249634
83,thin-chair,O-T2X-R,4.22091007232666,29.965779622093734,2.8248517513275146,4.404844284057617
83,thin-chair,ABL-ET2X-R-PreviousRawEdge-BilinearRGB,5.516897678375244,27.62282709030195,2.609527826309204,3.463712215423584
83,thin-chair,ABL-ET2X-R-PreviousRawEdge-ResolvedRGB,5.320963382720947,27.96684905880602,2.3979971408843994,3.195572853088379
84,chairs,O-T2X-R,2.012948513031006,34.4033577322058,1.7409242391586304,2.8161160945892334
84,chairs,ABL-ET2X-R-PreviousRawEdge-BilinearRGB,2.344599962234497,33.09653088989831,1.6488391160964966,2.2423133850097656
84,chairs,ABL-ET2X-R-PreviousRawEdge-ResolvedRGB,2.2922394275665283,33.391690091700156,1.5933972597122192,2.133455514907837
84,thin-chair,O-T2X-R,4.338571071624756,29.63359536615696,2.813218116760254,4.8210530281066895
84,thin-chair,ABL-ET2X-R-PreviousRawEdge-BilinearRGB,5.52793550491333,27.651535841755745,2.5363681316375732,3.461319923400879
84,thin-chair,ABL-ET2X-R-PreviousRawEdge-ResolvedRGB,5.322739124298096,27.974129516803078,2.3894224166870117,3.1816627979278564
85,chairs,O-T2X-R,2.037820816040039,34.1955951421203,1.6559028625488281,2.376075506210327
85,chairs,ABL-ET2X-R-PreviousRawEdge-BilinearRGB,2.3450822830200195,33.056455984700975,1.6803292036056519,2.2421438694000244
85,chairs,ABL-ET2X-R-PreviousRawEdge-ResolvedRGB,2.2819855213165283,33.38076277239824,1.6025770902633667,2.1570498943328857
85,thin-chair,O-T2X-R,4.379705429077148,29.456818170645644,2.7346715927124023,4.277353286743164
85,thin-chair,ABL-ET2X-R-PreviousRawEdge-BilinearRGB,5.49570894241333,27.645202511259743,2.6321308612823486,3.37117075920105
85,thin-chair,ABL-ET2X-R-PreviousRawEdge-ResolvedRGB,5.2946553230285645,27.997083026310357,2.4296398162841797,3.164604425430298
86,chairs,O-T2X-R,2.0309183597564697,34.406673679256905,1.7254434823989868,2.7291290760040283
86,chairs,ABL-ET2X-R-PreviousRawEdge-BilinearRGB,2.339343309402466,33.16438467493176,1.6839553117752075,2.2521510124206543
86,chairs,ABL-ET2X-R-PreviousRawEdge-ResolvedRGB,2.288296937942505,33.40489546392085,1.585586428642273,2.1321821212768555
86,thin-chair,O-T2X-R,4.318063259124756,29.74104994977578,2.964216709136963,4.876607894897461
86,thin-chair,ABL-ET2X-R-PreviousRawEdge-BilinearRGB,5.383966445922852,27.87400866892602,2.732849359512329,3.54990553855896
86,thin-chair,ABL-ET2X-R-PreviousRawEdge-ResolvedRGB,5.226385116577148,28.120829134867407,2.514199733734131,3.2871439456939697
87,chairs,O-T2X-R,2.0620720386505127,34.287834697227126,1.6285039186477661,2.3784921169281006
87,chairs,ABL-ET2X-R-PreviousRawEdge-BilinearRGB,2.3212168216705322,33.221937054614955,1.6299629211425781,2.2631728649139404
87,chairs,ABL-ET2X-R-PreviousRawEdge-ResolvedRGB,2.273033618927002,33.49149736204404,1.5629547834396362,2.17032527923584
87,thin-chair,O-T2X-R,4.269383430480957,29.980055277467386,2.838613986968994,4.397381782531738
87,thin-chair,ABL-ET2X-R-PreviousRawEdge-BilinearRGB,5.425840377807617,27.928058613986593,2.6294519901275635,3.4582741260528564
87,thin-chair,ABL-ET2X-R-PreviousRawEdge-ResolvedRGB,5.221857070922852,28.237672833769963,2.402414083480835,3.218066453933716
88,chairs,O-T2X-R,2.069920778274536,34.27520770595045,1.7852860689163208,2.7781710624694824
88,chairs,ABL-ET2X-R-PreviousRawEdge-BilinearRGB,2.3392410278320312,33.196938544435504,1.6816281080245972,2.2319681644439697
88,chairs,ABL-ET2X-R-PreviousRawEdge-ResolvedRGB,2.275028944015503,33.50724610924119,1.5959975719451904,2.133523941040039
88,thin-chair,O-T2X-R,4.324248313903809,29.86634911856028,2.9610259532928467,4.935452461242676
88,thin-chair,ABL-ET2X-R-PreviousRawEdge-BilinearRGB,5.4606709480285645,27.893816533221376,2.6754915714263916,3.5463027954101562
88,thin-chair,ABL-ET2X-R-PreviousRawEdge-ResolvedRGB,5.259321689605713,28.234141462938418,2.4816696643829346,3.247123956680298
89,chairs,O-T2X-R,2.031846761703491,34.46368449830413,1.683866262435913,2.458230972290039
89,chairs,ABL-ET2X-R-PreviousRawEdge-BilinearRGB,2.3327183723449707,33.28285883965571,1.6732604503631592,2.29911470413208
89,chairs,ABL-ET2X-R-PreviousRawEdge-ResolvedRGB,2.275432825088501,33.59073058731803,1.5929670333862305,2.172635793685913
89,thin-chair,O-T2X-R,4.306551933288574,29.896853024023255,2.8457694053649902,4.519471168518066
89,thin-chair,ABL-ET2X-R-PreviousRawEdge-BilinearRGB,5.386955261230469,28.047882500003574,2.5463643074035645,3.4925107955932617
89,thin-chair,ABL-ET2X-R-PreviousRawEdge-ResolvedRGB,5.180042743682861,28.40534505201032,2.3523340225219727,3.2307562828063965
90,chairs,O-T2X-R,2.054982900619507,34.372868111560564,1.7923988103866577,2.8328657150268555
90,chairs,ABL-ET2X-R-PreviousRawEdge-BilinearRGB,2.3319408893585205,33.30200079657103,1.710023283958435,2.2808165550231934
90,chairs,ABL-ET2X-R-PreviousRawEdge-ResolvedRGB,2.2822446823120117,33.57879862498224,1.6492730379104614,2.187734842300415
90,thin-chair,O-T2X-R,4.376302242279053,29.73960903710823,2.9148733615875244,4.940425395965576
90,thin-chair,ABL-ET2X-R-PreviousRawEdge-BilinearRGB,5.327651500701904,28.13328207923266,2.60591983795166,3.354733943939209
90,thin-chair,ABL-ET2X-R-PreviousRawEdge-ResolvedRGB,5.133848190307617,28.46315367572242,2.415825843811035,3.1073501110076904
91,chairs,O-T2X-R,2.0336732864379883,34.43268294861055,1.7166523933410645,2.4727368354797363
91,chairs,ABL-ET2X-R-PreviousRawEdge-BilinearRGB,2.3292222023010254,33.387335927475654,1.6858124732971191,2.28537654876709
91,chairs,ABL-ET2X-R-PreviousRawEdge-ResolvedRGB,2.2729673385620117,33.68057496664357,1.593497633934021,2.2121479511260986
91,thin-chair,O-T2X-R,4.321792125701904,29.774194417252442,2.831886053085327,4.403886795043945
91,thin-chair,ABL-ET2X-R-PreviousRawEdge-BilinearRGB,5.3091559410095215,28.183921916257653,2.5912163257598877,3.417912244796753
91,thin-chair,ABL-ET2X-R-PreviousRawEdge-ResolvedRGB,5.12070894241333,28.51327220497275,2.403467893600464,3.2201614379882812
92,chairs,O-T2X-R,2.043023109436035,34.40388270554355,1.7609628438949585,2.8414857387542725
92,chairs,ABL-ET2X-R-PreviousRawEdge-BilinearRGB,2.330331325531006,33.31085150206761,1.6280388832092285,2.25233793258667
92,chairs,ABL-ET2X-R-PreviousRawEdge-ResolvedRGB,2.279634475708008,33.572920318921305,1.5548025369644165,2.1498422622680664
92,thin-chair,O-T2X-R,4.350911617279053,29.791118155548602,2.9745705127716064,5.02010440826416
92,thin-chair,ABL-ET2X-R-PreviousRawEdge-BilinearRGB,5.33670711517334,28.118326702116633,2.5246145725250244,3.2579643726348877
92,thin-chair,ABL-ET2X-R-PreviousRawEdge-ResolvedRGB,5.145744323730469,28.437231267468096,2.337993621826172,3.0614702701568604
93,chairs,O-T2X-R,2.0786855220794678,34.2663126252819,1.639164686203003,2.4606244564056396
93,chairs,ABL-ET2X-R-PreviousRawEdge-BilinearRGB,2.317425012588501,33.33400921035337,1.6692428588867188,2.264615297317505
93,chairs,ABL-ET2X-R-PreviousRawEdge-ResolvedRGB,2.2714602947235107,33.572707740386,1.6094447374343872,2.159484386444092
93,thin-chair,O-T2X-R,4.321792125701904,29.83895788760984,2.82816481590271,4.508632183074951
93,thin-chair,ABL-ET2X-R-PreviousRawEdge-BilinearRGB,5.318241119384766,28.09535903875527,2.488734483718872,3.2983384132385254
93,thin-chair,ABL-ET2X-R-PreviousRawEdge-ResolvedRGB,5.144886493682861,28.376640502493867,2.314830780029297,3.035144567489624
94,chairs,O-T2X-R,2.081392288208008,34.248734157473145,1.8253029584884644,2.818434476852417
94,chairs,ABL-ET2X-R-PreviousRawEdge-BilinearRGB,2.3359434604644775,33.296498014956825,1.6405075788497925,2.2165515422821045
94,chairs,ABL-ET2X-R-PreviousRawEdge-ResolvedRGB,2.2810208797454834,33.57237569787359,1.5548874139785767,2.149644136428833
94,thin-chair,O-T2X-R,4.297940254211426,29.84698348216012,2.9534943103790283,4.973735332489014
94,thin-chair,ABL-ET2X-R-PreviousRawEdge-BilinearRGB,5.30702543258667,28.072500431967143,2.5230278968811035,3.24324107170105
94,thin-chair,ABL-ET2X-R-PreviousRawEdge-ResolvedRGB,5.139678001403809,28.387594538763526,2.3582098484039307,3.068697214126587
95,chairs,O-T2X-R,2.0480926036834717,34.378689305282876,1.7373991012573242,2.517849922180176
95,chairs,ABL-ET2X-R-PreviousRawEdge-BilinearRGB,2.311493396759033,33.360461193297006,1.6987175941467285,2.278385877609253
95,chairs,ABL-ET2X-R-PreviousRawEdge-ResolvedRGB,2.2617006301879883,33.63070324035085,1.6237231492996216,2.1714863777160645
95,thin-chair,O-T2X-R,4.270863056182861,29.929773221345755,2.9269912242889404,4.536620616912842
95,thin-chair,ABL-ET2X-R-PreviousRawEdge-BilinearRGB,5.3176493644714355,28.12791793007197,2.6516294479370117,3.3760437965393066
95,thin-chair,ABL-ET2X-R-PreviousRawEdge-ResolvedRGB,5.136689186096191,28.442850671056345,2.4663772583007812,3.2098662853240967
96,chairs,O-T2X-R,2.0896871089935303,34.203473439780836,1.7795414924621582,2.8509745597839355
96,chairs,ABL-ET2X-R-PreviousRawEdge-BilinearRGB,2.3582658767700195,33.23769260256939,1.699473261833191,2.3041720390319824
96,chairs,ABL-ET2X-R-PreviousRawEdge-ResolvedRGB,2.313084840774536,33.47287119300336,1.6188687086105347,2.1898202896118164
96,thin-chair,O-T2X-R,4.415335178375244,29.61994903575151,2.843971014022827,4.943845748901367
96,thin-chair,ABL-ET2X-R-PreviousRawEdge-BilinearRGB,5.37929105758667,28.074552678877744,2.6688077449798584,3.4766042232513428
96,thin-chair,ABL-ET2X-R-PreviousRawEdge-ResolvedRGB,5.198005676269531,28.356863026873306,2.435920476913452,3.2291197776794434
97,chairs,O-T2X-R,2.0774619579315186,34.23409343666306,1.71058189868927,2.479390859603882
97,chairs,ABL-ET2X-R-PreviousRawEdge-BilinearRGB,2.3736135959625244,33.18690350658909,1.688514232635498,2.2614524364471436
97,chairs,ABL-ET2X-R-PreviousRawEdge-ResolvedRGB,2.314356565475464,33.488496669544325,1.6003220081329346,2.164280414581299
97,thin-chair,O-T2X-R,4.376331806182861,29.725338549508038,2.870231866836548,4.500728130340576
97,thin-chair,ABL-ET2X-R-PreviousRawEdge-BilinearRGB,5.347419738769531,28.113209006373097,2.586707830429077,3.4711852073669434
97,thin-chair,ABL-ET2X-R-PreviousRawEdge-ResolvedRGB,5.151130676269531,28.436486425848827,2.3792474269866943,3.1835687160491943
98,chairs,O-T2X-R,2.105107069015503,34.1738337805733,1.819311261177063,2.864337682723999
98,chairs,ABL-ET2X-R-PreviousRawEdge-BilinearRGB,2.361177444458008,33.269725371209105,1.65775465965271,2.2943272590637207
98,chairs,ABL-ET2X-R-PreviousRawEdge-ResolvedRGB,2.308256149291992,33.52652673953033,1.577023983001709,2.1873278617858887
98,thin-chair,O-T2X-R,4.455433368682861,29.628974922592455,3.124241828918457,5.106662273406982
98,thin-chair,ABL-ET2X-R-PreviousRawEdge-BilinearRGB,5.3274149894714355,28.23411363887006,2.6075570583343506,3.424328088760376
98,thin-chair,ABL-ET2X-R-PreviousRawEdge-ResolvedRGB,5.171904563903809,28.5079364774348,2.442500114440918,3.223482370376587
99,chairs,O-T2X-R,2.120255947113037,34.140334965257495,1.6911224126815796,2.5107100009918213
99,chairs,ABL-ET2X-R-PreviousRawEdge-BilinearRGB,2.417227268218994,33.15555504836523,1.6529606580734253,2.239891290664673
99,chairs,ABL-ET2X-R-PreviousRawEdge-ResolvedRGB,2.359694480895996,33.41528155593273,1.5830110311508179,2.143583297729492
99,thin-chair,O-T2X-R,4.413411617279053,29.770889301161716,2.809429168701172,4.613223075866699
99,thin-chair,ABL-ET2X-R-PreviousRawEdge-BilinearRGB,5.3646721839904785,28.237456856710335,2.561389446258545,3.407874345779419
99,thin-chair,ABL-ET2X-R-PreviousRawEdge-ResolvedRGB,5.16231632232666,28.55770921978297,2.3759260177612305,3.220290184020996
100,chairs,O-T2X-R,2.114800453186035,34.09739724374111,1.8675016164779663,2.902621030807495
100,chairs,ABL-ET2X-R-PreviousRawEdge-BilinearRGB,2.418903112411499,33.110282810860724,1.7089029550552368,2.2632694244384766
100,chairs,ABL-ET2X-R-PreviousRawEdge-ResolvedRGB,2.3684895038604736,33.376895504070035,1.6247621774673462,2.188229560852051
100,thin-chair,O-T2X-R,4.459872245788574,29.691582290717676,2.9133875370025635,4.893126964569092
100,thin-chair,ABL-ET2X-R-PreviousRawEdge-BilinearRGB,5.362807750701904,28.220620650128385,2.514636993408203,3.291031837463379
100,thin-chair,ABL-ET2X-R-PreviousRawEdge-ResolvedRGB,5.1861090660095215,28.527296010271428,2.301917791366577,3.052093505859375
101,chairs,O-T2X-R,2.0910191535949707,34.218260788133584,1.7253645658493042,2.579564094543457
101,chairs,ABL-ET2X-R-PreviousRawEdge-BilinearRGB,2.4134294986724854,33.122741094395394,1.6795036792755127,2.3091917037963867
101,chairs,ABL-ET2X-R-PreviousRawEdge-ResolvedRGB,2.359766721725464,33.37744498763505,1.5818060636520386,2.1830251216888428
101,thin-chair,O-T2X-R,4.386541366577148,29.761360383988325,2.87104868888855,4.482313632965088
101,thin-chair,ABL-ET2X-R-PreviousRawEdge-BilinearRGB,5.446141242980957,28.085081266128007,2.5074923038482666,3.352250576019287
101,thin-chair,ABL-ET2X-R-PreviousRawEdge-ResolvedRGB,5.278024196624756,28.370123891488465,2.3392446041107178,3.0832908153533936
102,chairs,O-T2X-R,2.105999231338501,34.232706347256084,1.8390204906463623,2.9226388931274414
102,chairs,ABL-ET2X-R-PreviousRawEdge-BilinearRGB,2.4437150955200195,33.03207018161471,1.6541587114334106,2.302020788192749
102,chairs,ABL-ET2X-R-PreviousRawEdge-ResolvedRGB,2.393217086791992,33.30559410977322,1.6074111461639404,2.1962194442749023
102,thin-chair,O-T2X-R,4.407403945922852,29.711656440020306,2.990384578704834,5.079742908477783
102,thin-chair,ABL-ET2X-R-PreviousRawEdge-BilinearRGB,5.4850850105285645,27.991758597938418,2.4593770503997803,3.2607178688049316
102,thin-chair,ABL-ET2X-R-PreviousRawEdge-ResolvedRGB,5.29569149017334,28.319061444180758,2.3073277473449707,3.0637612342834473
103,chairs,O-T2X-R,2.179994821548462,33.73591483189859,1.684754729270935,2.52431321144104
103,chairs,ABL-ET2X-R-PreviousRawEdge-BilinearRGB,2.463656187057495,32.92350047162377,1.6817792654037476,2.1827375888824463
103,chairs,ABL-ET2X-R-PreviousRawEdge-ResolvedRGB,2.3943021297454834,33.22959008322174,1.5841970443725586,2.086287498474121
103,thin-chair,O-T2X-R,4.4261956214904785,29.553717719031418,2.676841974258423,4.465908527374268
103,thin-chair,ABL-ET2X-R-PreviousRawEdge-BilinearRGB,5.44981050491333,27.988230130339442,2.554219961166382,3.2463033199310303
103,thin-chair,ABL-ET2X-R-PreviousRawEdge-ResolvedRGB,5.276219367980957,28.278219674788062,2.3871421813964844,3.055727958679199
104,chairs,O-T2X-R,2.1280441284179688,34.08722920139641,1.8469985723495483,2.8918261528015137
104,chairs,ABL-ET2X-R-PreviousRawEdge-BilinearRGB,2.428349256515503,33.04495627464588,1.6775864362716675,2.299933910369873
104,chairs,ABL-ET2X-R-PreviousRawEdge-ResolvedRGB,2.372853994369507,33.32037640890779,1.6045135259628296,2.187173843383789
104,thin-chair,O-T2X-R,4.4055399894714355,29.68369498969864,2.965545654296875,4.844025135040283
104,thin-chair,ABL-ET2X-R-PreviousRawEdge-BilinearRGB,5.432498931884766,28.05336703485338,2.563211679458618,3.3174867630004883
104,thin-chair,ABL-ET2X-R-PreviousRawEdge-ResolvedRGB,5.238192558288574,28.369067733436204,2.3732798099517822,3.129229784011841
105,chairs,O-T2X-R,2.1398050785064697,34.01716889995421,1.6763170957565308,2.5658717155456543
105,chairs,ABL-ET2X-R-PreviousRawEdge-BilinearRGB,2.4428892135620117,32.98499414640311,1.6561611890792847,2.2825944423675537
105,chairs,ABL-ET2X-R-PreviousRawEdge-ResolvedRGB,2.388213634490967,33.246153763981646,1.5920426845550537,2.193897008895874
105,thin-chair,O-T2X-R,4.3482184410095215,29.95754782522665,2.796412467956543,4.49500846862793
105,thin-chair,ABL-ET2X-R-PreviousRawEdge-BilinearRGB,5.427734375,28.0544113156703,2.477776288986206,3.336383819580078
105,thin-chair,ABL-ET2X-R-PreviousRawEdge-ResolvedRGB,5.258907318115234,28.328056178296485,2.304607629776001,3.1151092052459717
106,chairs,O-T2X-R,2.1202800273895264,34.17517820312191,1.8801100254058838,2.889460802078247
106,chairs,ABL-ET2X-R-PreviousRawEdge-BilinearRGB,2.4776535034179688,32.78142466713945,1.6551098823547363,2.149794340133667
106,chairs,ABL-ET2X-R-PreviousRawEdge-ResolvedRGB,2.4077208042144775,33.105355528444925,1.5803481340408325,2.0927016735076904
106,thin-chair,O-T2X-R,4.3620381355285645,29.839773039721468,2.9231293201446533,4.909679889678955
106,thin-chair,ABL-ET2X-R-PreviousRawEdge-BilinearRGB,5.48653507232666,27.86844456900114,2.477712869644165,3.2037301063537598
106,thin-chair,ABL-ET2X-R-PreviousRawEdge-ResolvedRGB,5.278142929077148,28.200147169068707,2.2994022369384766,2.9920847415924072
107,chairs,O-T2X-R,2.0738630294799805,34.395194228146096,1.7145346403121948,2.6289074420928955
107,chairs,ABL-ET2X-R-PreviousRawEdge-BilinearRGB,2.4644880294799805,32.797812347062376,1.6339750289916992,2.2252979278564453
107,chairs,ABL-ET2X-R-PreviousRawEdge-ResolvedRGB,2.411536693572998,33.07437741458127,1.5542443990707397,2.0997555255889893
107,thin-chair,O-T2X-R,4.333836555480957,30.029632734059163,2.7569239139556885,4.463490009307861
107,thin-chair,ABL-ET2X-R-PreviousRawEdge-BilinearRGB,5.460641384124756,27.88982816667773,2.4428021907806396,3.176732063293457
107,thin-chair,ABL-ET2X-R-PreviousRawEdge-ResolvedRGB,5.28145694732666,28.215775350917013,2.2934622764587402,2.9807159900665283
108,chairs,O-T2X-R,2.1154332160949707,34.24959221035021,1.8289021253585815,2.902637004852295
108,chairs,ABL-ET2X-R-PreviousRawEdge-BilinearRGB,2.480860471725464,32.69106806142742,1.6675559282302856,2.2219481468200684
108,chairs,ABL-ET2X-R-PreviousRawEdge-ResolvedRGB,2.433328628540039,32.942552231509666,1.6149438619613647,2.134974718093872
108,thin-chair,O-T2X-R,4.402698993682861,29.892051860026633,2.9083847999572754,4.88355016708374
108,thin-chair,ABL-ET2X-R-PreviousRawEdge-BilinearRGB,5.5224609375,27.773722333055243,2.4949610233306885,3.2001867294311523
108,thin-chair,ABL-ET2X-R-PreviousRawEdge-ResolvedRGB,5.361801624298096,28.05535848196349,2.3447020053863525,2.96872878074646
109,chairs,O-T2X-R,2.130358934402466,34.06121593950904,1.6937730312347412,2.5810420513153076
109,chairs,ABL-ET2X-R-PreviousRawEdge-BilinearRGB,2.4548189640045166,32.78633636885911,1.7022688388824463,2.245208978652954
109,chairs,ABL-ET2X-R-PreviousRawEdge-ResolvedRGB,2.3958091735839844,33.05809091142653,1.6212517023086548,2.173436403274536
109,thin-chair,O-T2X-R,4.39432430267334,29.814668922692583,2.8150408267974854,4.503213882446289
109,thin-chair,ABL-ET2X-R-PreviousRawEdge-BilinearRGB,5.573419570922852,27.674748496012764,2.4957144260406494,3.266082525253296
109,thin-chair,ABL-ET2X-R-PreviousRawEdge-ResolvedRGB,5.38944149017334,27.975037276094902,2.3355538845062256,3.091201066970825
110,chairs,O-T2X-R,2.168023109436035,34.01371901992078,1.8295072317123413,2.867799997329712
110,chairs,ABL-ET2X-R-PreviousRawEdge-BilinearRGB,2.502134084701538,32.60742116192339,1.6790704727172852,2.2770330905914307
110,chairs,ABL-ET2X-R-PreviousRawEdge-ResolvedRGB,2.434485912322998,32.93370774859072,1.5891929864883423,2.162311553955078
110,thin-chair,O-T2X-R,4.46407413482666,29.668447583758887,3.0253326892852783,5.011941909790039
110,thin-chair,ABL-ET2X-R-PreviousRawEdge-BilinearRGB,5.68143367767334,27.466510923523295,2.661442756652832,3.3691980838775635
110,thin-chair,ABL-ET2X-R-PreviousRawEdge-ResolvedRGB,5.47579288482666,27.82968585448979,2.4433302879333496,3.157996416091919
111,chairs,O-T2X-R,2.1383042335510254,34.19816997248447,1.7180510759353638,2.636566162109375
111,chairs,ABL-ET2X-R-PreviousRawEdge-BilinearRGB,2.5071191787719727,32.48528059678908,1.6883383989334106,2.292393684387207
111,chairs,ABL-ET2X-R-PreviousRawEdge-ResolvedRGB,2.450852394104004,32.7753240974271,1.6286253929138184,2.196920156478882
111,thin-chair,O-T2X-R,4.414210319519043,29.98411394866414,2.9277892112731934,4.656911849975586
111,thin-chair,ABL-ET2X-R-PreviousRawEdge-BilinearRGB,5.6618428230285645,27.38849867431366,2.629434108734131,3.4415032863616943
111,thin-chair,ABL-ET2X-R-PreviousRawEdge-ResolvedRGB,5.462032318115234,27.73641702014318,2.4240472316741943,3.1897478103637695
112,chairs,O-T2X-R,2.1456403732299805,34.09728565444023,1.9001967906951904,2.959124803543091
112,chairs,ABL-ET2X-R-PreviousRawEdge-BilinearRGB,2.563645362854004,32.321270091191415,1.7051328420639038,2.201814651489258
112,chairs,ABL-ET2X-R-PreviousRawEdge-ResolvedRGB,2.4921271800994873,32.629418523532664,1.622820258140564,2.1260335445404053
112,thin-chair,O-T2X-R,4.393406867980957,29.78093914034399,2.9785192012786865,5.112337112426758
112,thin-chair,ABL-ET2X-R-PreviousRawEdge-BilinearRGB,5.746034622192383,27.2695910647713,2.5952579975128174,3.326411485671997
112,thin-chair,ABL-ET2X-R-PreviousRawEdge-ResolvedRGB,5.553622245788574,27.567779494261906,2.4243619441986084,3.1037862300872803
113,chairs,O-T2X-R,2.112805128097534,34.260825893517875,1.7777880430221558,2.6993043422698975
113,chairs,ABL-ET2X-R-PreviousRawEdge-BilinearRGB,2.5033998489379883,32.491263500103244,1.6884862184524536,2.2900428771972656
113,chairs,ABL-ET2X-R-PreviousRawEdge-ResolvedRGB,2.453794240951538,32.734965547577836,1.597069263458252,2.1685779094696045
113,thin-chair,O-T2X-R,4.425840377807617,29.883800240712514,2.8722760677337646,4.62495231628418
113,thin-chair,ABL-ET2X-R-PreviousRawEdge-BilinearRGB,5.72774600982666,27.25550683111387,2.5925471782684326,3.3789968490600586
113,thin-chair,ABL-ET2X-R-PreviousRawEdge-ResolvedRGB,5.550958633422852,27.53303239112599,2.4208180904388428,3.167576551437378
114,chairs,O-T2X-R,2.1280744075775146,34.07562300507483,1.8191348314285278,2.92836332321167
114,chairs,ABL-ET2X-R-PreviousRawEdge-BilinearRGB,2.4984326362609863,32.48717384703195,1.6372777223587036,2.238496780395508
114,chairs,ABL-ET2X-R-PreviousRawEdge-ResolvedRGB,2.430875062942505,32.77637366028897,1.573951005935669,2.1574249267578125
114,thin-chair,O-T2X-R,4.496448993682861,29.51333953022301,2.9186646938323975,5.014052867889404
114,thin-chair,ABL-ET2X-R-PreviousRawEdge-BilinearRGB,5.7731709480285645,27.206921097872232,2.555717945098877,3.250216007232666
114,thin-chair,ABL-ET2X-R-PreviousRawEdge-ResolvedRGB,5.561405181884766,27.527312305675487,2.346066474914551,3.0796051025390625
115,chairs,O-T2X-R,2.147822618484497,34.06529915499907,1.701878547668457,2.5933690071105957
115,chairs,ABL-ET2X-R-PreviousRawEdge-BilinearRGB,2.536090612411499,32.38135731482078,1.712390422821045,2.2035932540893555
115,chairs,ABL-ET2X-R-PreviousRawEdge-ResolvedRGB,2.473090171813965,32.66230036347751,1.6345151662826538,2.11843204498291
115,thin-chair,O-T2X-R,4.513494491577148,29.66563946587884,2.8972902297973633,4.594381809234619
115,thin-chair,ABL-ET2X-R-PreviousRawEdge-BilinearRGB,5.850674629211426,27.160023775130163,2.6246116161346436,3.3528554439544678
115,thin-chair,ABL-ET2X-R-PreviousRawEdge-ResolvedRGB,5.646987438201904,27.464995630726715,2.464885950088501,3.1041650772094727
116,chairs,O-T2X-R,2.1689212322235107,34.01040787659807,1.7748850584030151,2.8287906646728516
116,chairs,ABL-ET2X-R-PreviousRawEdge-BilinearRGB,2.5541088581085205,32.38077145266211,1.7038202285766602,2.253207206726074
116,chairs,ABL-ET2X-R-PreviousRawEdge-ResolvedRGB,2.4867801666259766,32.690007197586596,1.6120332479476929,2.138887643814087
116,thin-chair,O-T2X-R,4.59451961517334,29.370270496064435,2.9532811641693115,5.0424485206604
116,thin-chair,ABL-ET2X-R-PreviousRawEdge-BilinearRGB,5.849254131317139,27.17081428638915,2.681999921798706,3.4658844470977783
116,thin-chair,ABL-ET2X-R-PreviousRawEdge-ResolvedRGB,5.639145374298096,27.513700592989082,2.488950252532959,3.2731897830963135
117,chairs,O-T2X-R,2.1775474548339844,33.93461544884841,1.6953872442245483,2.60288143157959
117,chairs,ABL-ET2X-R-PreviousRawEdge-BilinearRGB,2.5604865550994873,32.29689019609931,1.640941858291626,2.3041276931762695
117,chairs,ABL-ET2X-R-PreviousRawEdge-ResolvedRGB,2.492802381515503,32.607742548925366,1.5901013612747192,2.1990931034088135
117,thin-chair,O-T2X-R,4.568211555480957,29.585448511715708,2.950904607772827,4.655789375305176
117,thin-chair,ABL-ET2X-R-PreviousRawEdge-BilinearRGB,5.81992769241333,27.177610405964323,2.623260498046875,3.4769210815429688
117,thin-chair,ABL-ET2X-R-PreviousRawEdge-ResolvedRGB,5.6216559410095215,27.514451192858836,2.4186837673187256,3.207273244857788
118,chairs,O-T2X-R,2.176854372024536,33.94594803711759,1.792585015296936,2.8485491275787354
118,chairs,ABL-ET2X-R-PreviousRawEdge-BilinearRGB,2.597041368484497,32.1703317694359,1.6753836870193481,2.1992273330688477
118,chairs,ABL-ET2X-R-PreviousRawEdge-ResolvedRGB,2.5379412174224854,32.458847028899044,1.5848288536071777,2.096637487411499
118,thin-chair,O-T2X-R,4.559866428375244,29.51271229483148,2.9634511470794678,5.1009297370910645
118,thin-chair,ABL-ET2X-R-PreviousRawEdge-BilinearRGB,5.878018379211426,27.06336536954899,2.575885534286499,3.3000426292419434
118,thin-chair,ABL-ET2X-R-PreviousRawEdge-ResolvedRGB,5.6958746910095215,27.380267084790113,2.3744537830352783,3.017643690109253
119,chairs,O-T2X-R,2.1460986137390137,34.0741166737273,1.7649195194244385,2.6442346572875977
119,chairs,ABL-ET2X-R-PreviousRawEdge-BilinearRGB,2.566641330718994,32.33736317818924,1.6420992612838745,2.236921548843384
119,chairs,ABL-ET2X-R-PreviousRawEdge-ResolvedRGB,2.5116705894470215,32.60055881888121,1.575162410736084,2.1429367065429688
119,thin-chair,O-T2X-R,4.459220886230469,29.75246453373265,2.981912136077881,4.782223224639893
119,thin-chair,ABL-ET2X-R-PreviousRawEdge-BilinearRGB,5.798887252807617,27.240322726758738,2.589132308959961,3.4102301597595215
119,thin-chair,ABL-ET2X-R-PreviousRawEdge-ResolvedRGB,5.622188568115234,27.53692828753904,2.4523229598999023,3.2084245681762695
120,chairs,O-T2X-R,2.1664135456085205,34.00922605146911,1.7863538265228271,2.897825241088867
120,chairs,ABL-ET2X-R-PreviousRawEdge-BilinearRGB,2.5575509071350098,32.42193737909019,1.705600619316101,2.2620935440063477
120,chairs,ABL-ET2X-R-PreviousRawEdge-ResolvedRGB,2.5029056072235107,32.7241975788752,1.6467419862747192,2.193976879119873
120,thin-chair,O-T2X-R,4.539535999298096,29.54137227039674,2.9931604862213135,5.169844627380371
120,thin-chair,ABL-ET2X-R-PreviousRawEdge-BilinearRGB,5.7873759269714355,27.29028954089403,2.7625110149383545,3.446575164794922
120,thin-chair,ABL-ET2X-R-PreviousRawEdge-ResolvedRGB,5.591500759124756,27.62797379765373,2.588820457458496,3.315349817276001
121,chairs,O-T2X-R,2.181779384613037,33.96018734969383,1.7714874744415283,2.6428160667419434
121,chairs,ABL-ET2X-R-PreviousRawEdge-BilinearRGB,2.5568034648895264,32.56725447053865,1.706947922706604,2.2663424015045166
121,chairs,ABL-ET2X-R-PreviousRawEdge-ResolvedRGB,2.488661050796509,32.88808908002255,1.6134443283081055,2.180605411529541
121,thin-chair,O-T2X-R,4.4951171875,29.737641873766467,2.9840261936187744,4.784792900085449
121,thin-chair,ABL-ET2X-R-PreviousRawEdge-BilinearRGB,5.666873931884766,27.565584054926738,2.703197479248047,3.546828269958496
121,thin-chair,ABL-ET2X-R-PreviousRawEdge-ResolvedRGB,5.462446689605713,27.917952361059804,2.4871714115142822,3.336601972579956
122,chairs,O-T2X-R,2.2206850051879883,33.70941593569344,1.8483827114105225,2.9564340114593506
122,chairs,ABL-ET2X-R-PreviousRawEdge-BilinearRGB,2.5043222904205322,32.75324801361033,1.699578046798706,2.2658071517944336
122,chairs,ABL-ET2X-R-PreviousRawEdge-ResolvedRGB,2.438422203063965,33.052504106429666,1.6064074039459229,2.1361029148101807
122,thin-chair,O-T2X-R,4.620590686798096,29.379617131112134,2.9008262157440186,5.01190710067749
122,thin-chair,ABL-ET2X-R-PreviousRawEdge-BilinearRGB,5.515950679779053,27.947027470984033,2.7566936016082764,3.5607340335845947
122,thin-chair,ABL-ET2X-R-PreviousRawEdge-ResolvedRGB,5.319957256317139,28.257694572816426,2.5643231868743896,3.2891829013824463
123,chairs,O-T2X-R,2.172013759613037,33.917319864208665,1.6809138059616089,2.630298137664795
123,chairs,ABL-ET2X-R-PreviousRawEdge-BilinearRGB,2.5036168098449707,32.739964766032784,1.6368370056152344,2.2305455207824707
123,chairs,ABL-ET2X-R-PreviousRawEdge-ResolvedRGB,2.440303087234497,33.070830817540646,1.5752123594284058,2.1330831050872803
123,thin-chair,O-T2X-R,4.573390007019043,29.564928684746672,2.8422274589538574,4.539841175079346
123,thin-chair,ABL-ET2X-R-PreviousRawEdge-BilinearRGB,5.526278495788574,27.870367336549158,2.597487211227417,3.4490883350372314
123,thin-chair,ABL-ET2X-R-PreviousRawEdge-ResolvedRGB,5.319454193115234,28.23538931813395,2.403762102127075,3.255620002746582
124,chairs,O-T2X-R,2.184805393218994,33.93419309227472,1.7905513048171997,2.7880795001983643
124,chairs,ABL-ET2X-R-PreviousRawEdge-BilinearRGB,2.511284828186035,32.723410958646696,1.6426119804382324,2.2024872303009033
124,chairs,ABL-ET2X-R-PreviousRawEdge-ResolvedRGB,2.4522387981414795,33.04634486815059,1.5481618642807007,2.0903079509735107
124,thin-chair,O-T2X-R,4.630977630615234,29.472534908539917,2.8850791454315186,4.920274257659912
124,thin-chair,ABL-ET2X-R-PreviousRawEdge-BilinearRGB,5.445963382720947,28.026080961090024,2.567129373550415,3.3796885013580322
124,thin-chair,ABL-ET2X-R-PreviousRawEdge-ResolvedRGB,5.227183818817139,28.425290453656093,2.3513195514678955,3.109623670578003
125,chairs,O-T2X-R,2.201406955718994,33.938209347357045,1.772912621498108,2.650966167449951
125,chairs,ABL-ET2X-R-PreviousRawEdge-BilinearRGB,2.5158541202545166,32.750028971559445,1.5937340259552002,2.1594300270080566
125,chairs,ABL-ET2X-R-PreviousRawEdge-ResolvedRGB,2.4581103324890137,33.03155911673842,1.5288137197494507,2.0445234775543213
125,thin-chair,O-T2X-R,4.591974258422852,29.603582770107405,2.8936877250671387,4.543704509735107
125,thin-chair,ABL-ET2X-R-PreviousRawEdge-BilinearRGB,5.482125759124756,27.993260028220277,2.573378324508667,3.3921422958374023
125,thin-chair,ABL-ET2X-R-PreviousRawEdge-ResolvedRGB,5.30294132232666,28.306416951497525,2.410510778427124,3.144934892654419
126,chairs,O-T2X-R,2.188422203063965,33.873605883484316,1.804620623588562,2.936555862426758
126,chairs,ABL-ET2X-R-PreviousRawEdge-BilinearRGB,2.5400149822235107,32.68250192694828,1.5798606872558594,2.158513069152832
126,chairs,ABL-ET2X-R-PreviousRawEdge-ResolvedRGB,2.483874559402466,32.997012065088754,1.5258432626724243,2.086585760116577
126,thin-chair,O-T2X-R,4.63790225982666,29.376432992126613,2.9598569869995117,5.06557035446167
126,thin-chair,ABL-ET2X-R-PreviousRawEdge-BilinearRGB,5.565370559692383,27.84488496065443,2.481546640396118,3.2708969116210938
126,thin-chair,ABL-ET2X-R-PreviousRawEdge-ResolvedRGB,5.368785381317139,28.226888810306995,2.3261971473693848,3.1219024658203125
127,chairs,O-T2X-R,2.153428792953491,34.109278751111574,1.6896882057189941,2.6000852584838867
127,chairs,ABL-ET2X-R-PreviousRawEdge-BilinearRGB,2.507378578186035,32.727760381194564,1.7393773794174194,2.210383892059326
127,chairs,ABL-ET2X-R-PreviousRawEdge-ResolvedRGB,2.4511356353759766,33.02739142131071,1.656756043434143,2.128631830215454
127,thin-chair,O-T2X-R,4.568211555480957,29.60367114121956,2.886390447616577,4.65604829788208
127,thin-chair,ABL-ET2X-R-PreviousRawEdge-BilinearRGB,5.613429069519043,27.823908990854452,2.5936007499694824,3.297938346862793
127,thin-chair,ABL-ET2X-R-PreviousRawEdge-ResolvedRGB,5.435221195220947,28.16177282255593,2.433103322982788,3.110588788986206
128,chairs,O-T2X-R,2.2025041580200195,33.9924825831306,1.826140284538269,2.844906806945801
128,chairs,ABL-ET2X-R-PreviousRawEdge-BilinearRGB,2.577678918838501,32.573747287929685,1.6468194723129272,2.2049829959869385
128,chairs,ABL-ET2X-R-PreviousRawEdge-ResolvedRGB,2.498589515686035,32.926258451195544,1.559485673904419,2.134575366973877
128,thin-chair,O-T2X-R,4.598100185394287,29.49638688349951,3.0722696781158447,5.0861358642578125
128,thin-chair,ABL-ET2X-R-PreviousRawEdge-BilinearRGB,5.688240051269531,27.76702040862778,2.617065668106079,3.3587393760681152
128,thin-chair,ABL-ET2X-R-PreviousRawEdge-ResolvedRGB,5.485233306884766,28.126779025560612,2.4380176067352295,3.2007246017456055
129,chairs,O-T2X-R,2.1712841987609863,34.050843357605565,1.6937772035598755,2.666330575942993
129,chairs,ABL-ET2X-R-PreviousRawEdge-BilinearRGB,2.539930582046509,32.67606869765285,1.5898369550704956,2.244321584701538
129,chairs,ABL-ET2X-R-PreviousRawEdge-ResolvedRGB,2.4740185737609863,33.007757392822334,1.5295382738113403,2.12308406829834
129,thin-chair,O-T2X-R,4.543590068817139,29.68652808432825,2.8869407176971436,4.754887104034424
129,thin-chair,ABL-ET2X-R-PreviousRawEdge-BilinearRGB,5.625355243682861,27.847883428998227,2.5401718616485596,3.4103918075561523
129,thin-chair,ABL-ET2X-R-PreviousRawEdge-ResolvedRGB,5.4204840660095215,28.20529290175186,2.3834290504455566,3.224228620529175
130,chairs,O-T2X-R,2.182141065597534,34.05244721919682,1.873831868171692,2.8947126865386963
130,chairs,ABL-ET2X-R-PreviousRawEdge-BilinearRGB,2.5596065521240234,32.66696280248803,1.6723119020462036,2.1098153591156006
130,chairs,ABL-ET2X-R-PreviousRawEdge-ResolvedRGB,2.493525743484497,32.960754335070334,1.58745276927948,2.030557632446289
130,thin-chair,O-T2X-R,4.521336555480957,29.79093167748958,3.054457902908325,5.090503215789795
130,thin-chair,ABL-ET2X-R-PreviousRawEdge-BilinearRGB,5.60469913482666,27.979922615958365,2.6489789485931396,3.371645212173462
130,thin-chair,ABL-ET2X-R-PreviousRawEdge-ResolvedRGB,5.406782627105713,28.294460087934965,2.4400994777679443,3.1584441661834717
131,chairs,O-T2X-R,2.160939931869507,34.18028887319362,1.7336726188659668,2.7582528591156006
131,chairs,ABL-ET2X-R-PreviousRawEdge-BilinearRGB,2.5203027725219727,32.910941359383486,1.6705169677734375,2.2806901931762695
131,chairs,ABL-ET2X-R-PreviousRawEdge-ResolvedRGB,2.466712474822998,33.16950945478913,1.594519853591919,2.1679484844207764
131,thin-chair,O-T2X-R,4.48106050491333,29.821574166693814,2.7542130947113037,4.626570701599121
131,thin-chair,ABL-ET2X-R-PreviousRawEdge-BilinearRGB,5.590938568115234,28.004796424808838,2.525398015975952,3.349602699279785
131,thin-chair,ABL-ET2X-R-PreviousRawEdge-ResolvedRGB,5.396247863769531,28.324793572824994,2.365002393722534,3.1344223022460938
132,chairs,O-T2X-R,2.1995623111724854,33.995970934504804,1.796212911605835,2.8871426582336426
132,chairs,ABL-ET2X-R-PreviousRawEdge-BilinearRGB,2.502845287322998,32.89960698553188,1.666448712348938,2.177037477493286
132,chairs,ABL-ET2X-R-PreviousRawEdge-ResolvedRGB,2.4394471645355225,33.19273351355035,1.58307945728302,2.0838980674743652
132,thin-chair,O-T2X-R,4.495294570922852,29.738456938951646,2.988311529159546,4.95109224319458
132,thin-chair,ABL-ET2X-R-PreviousRawEdge-BilinearRGB,5.572798252105713,27.958033954271407,2.63582706451416,3.36637282371521
132,thin-chair,ABL-ET2X-R-PreviousRawEdge-ResolvedRGB,5.388671875,28.279280709752847,2.4175543785095215,3.1238815784454346
133,chairs,O-T2X-R,2.1331138610839844,34.24433912606416,1.7422938346862793,2.6576764583587646
133,chairs,ABL-ET2X-R-PreviousRawEdge-BilinearRGB,2.511037588119507,32.89152716434398,1.6649755239486694,2.254051446914673
133,chairs,ABL-ET2X-R-PreviousRawEdge-ResolvedRGB,2.449110269546509,33.168340381759165,1.596949815750122,2.1544783115386963
133,thin-chair,O-T2X-R,4.422407627105713,29.771399290284126,2.771679162979126,4.506370544433594
133,thin-chair,ABL-ET2X-R-PreviousRawEdge-BilinearRGB,5.5576171875,27.92746130097205,2.5949466228485107,3.439405679702759
133,thin-chair,ABL-ET2X-R-PreviousRawEdge-ResolvedRGB,5.375088691711426,28.23707213173251,2.4337403774261475,3.2382874488830566
134,chairs,O-T2X-R,2.1611809730529785,34.22855751627448,1.8225035667419434,2.8939208984375
134,chairs,ABL-ET2X-R-PreviousRawEdge-BilinearRGB,2.515082359313965,32.80177603652086,1.648394227027893,2.1913907527923584
134,chairs,ABL-ET2X-R-PreviousRawEdge-ResolvedRGB,2.456693649291992,33.07516611314138,1.569272518157959,2.1075878143310547
134,thin-chair,O-T2X-R,4.444247245788574,29.855042662711092,2.858783006668091,4.849820137023926
134,thin-chair,ABL-ET2X-R-PreviousRawEdge-BilinearRGB,5.55625581741333,27.847829101751053,2.4928998947143555,3.269785165786743
134,thin-chair,ABL-ET2X-R-PreviousRawEdge-ResolvedRGB,5.358043193817139,28.183136103250604,2.315027952194214,3.092256784439087
135,chairs,O-T2X-R,2.1583778858184814,34.10493238807243,1.7272589206695557,2.622400999069214
135,chairs,ABL-ET2X-R-PreviousRawEdge-BilinearRGB,2.527398109436035,32.76556623736568,1.6265443563461304,2.1367199420928955
135,chairs,ABL-ET2X-R-PreviousRawEdge-ResolvedRGB,2.4653801918029785,33.04973525043718,1.542777419090271,2.018843173980713
135,thin-chair,O-T2X-R,4.48280668258667,29.81060645566823,2.699303388595581,4.382188320159912
135,thin-chair,ABL-ET2X-R-PreviousRawEdge-BilinearRGB,5.572354316711426,27.83379974360146,2.477726936340332,3.207688808441162
135,thin-chair,ABL-ET2X-R-PreviousRawEdge-ResolvedRGB,5.398970127105713,28.120677731740223,2.2953410148620605,2.9646058082580566
136,chairs,O-T2X-R,2.1529645919799805,34.25733488688883,1.8204964399337769,2.8988466262817383
136,chairs,ABL-ET2X-R-PreviousRawEdge-BilinearRGB,2.5238776206970215,32.78578276895078,1.6258500814437866,2.1719648838043213
136,chairs,ABL-ET2X-R-PreviousRawEdge-ResolvedRGB,2.4756643772125244,33.03826868449895,1.568652629852295,2.0918569564819336
136,thin-chair,O-T2X-R,4.460582256317139,29.896159924200923,2.9657094478607178,4.939603805541992
136,thin-chair,ABL-ET2X-R-PreviousRawEdge-BilinearRGB,5.590702056884766,27.757959673666008,2.4984185695648193,3.1516618728637695
136,thin-chair,ABL-ET2X-R-PreviousRawEdge-ResolvedRGB,5.420424938201904,28.044503370121284,2.342801570892334,2.987130641937256
137,chairs,O-T2X-R,2.1083321571350098,34.35571757168197,1.7637598514556885,2.6908318996429443
137,chairs,ABL-ET2X-R-PreviousRawEdge-BilinearRGB,2.5609447956085205,32.59844865273555,1.663543939590454,2.1575610637664795
137,chairs,ABL-ET2X-R-PreviousRawEdge-ResolvedRGB,2.5040206909179688,32.870182454437106,1.5792691707611084,2.066908597946167
137,thin-chair,O-T2X-R,4.372899055480957,30.018785084159937,2.847134828567505,4.575549602508545
137,thin-chair,ABL-ET2X-R-PreviousRawEdge-BilinearRGB,5.61171293258667,27.703176078759903,2.430104970932007,3.171893358230591
137,thin-chair,ABL-ET2X-R-PreviousRawEdge-ResolvedRGB,5.439985752105713,28.003160049934298,2.2627689838409424,3.0020532608032227
138,chairs,O-T2X-R,2.187469959259033,34.09435656100546,1.8248848915100098,2.9381539821624756
138,chairs,ABL-ET2X-R-PreviousRawEdge-BilinearRGB,2.5840868949890137,32.591099820601784,1.685068964958191,2.2477409839630127
138,chairs,ABL-ET2X-R-PreviousRawEdge-ResolvedRGB,2.5315513610839844,32.847127386062034,1.6166077852249146,2.164795398712158
138,thin-chair,O-T2X-R,4.441110134124756,29.830072838182854,3.0201070308685303,5.068495273590088
138,thin-chair,ABL-ET2X-R-PreviousRawEdge-BilinearRGB,5.615056991577148,27.71888454148788,2.4529333114624023,3.1816673278808594
138,thin-chair,ABL-ET2X-R-PreviousRawEdge-ResolvedRGB,5.455522060394287,27.985749730259585,2.2944693565368652,2.982006311416626
139,chairs,O-T2X-R,2.2087371349334717,33.94985213455008,1.7773680686950684,2.702409505844116
139,chairs,ABL-ET2X-R-PreviousRawEdge-BilinearRGB,2.616180896759033,32.4632780049443,1.7056167125701904,2.239856004714966
139,chairs,ABL-ET2X-R-PreviousRawEdge-ResolvedRGB,2.537947177886963,32.775249276274295,1.611980676651001,2.125861167907715
139,thin-chair,O-T2X-R,4.447236061096191,29.86812830062858,2.797633647918701,4.626708507537842
139,thin-chair,ABL-ET2X-R-PreviousRawEdge-BilinearRGB,5.634795188903809,27.68324045178455,2.4274747371673584,3.178832769393921
139,thin-chair,ABL-ET2X-R-PreviousRawEdge-ResolvedRGB,5.435310363769531,28.0126151206561,2.239551544189453,2.952944755554199
140,chairs,O-T2X-R,2.187795400619507,34.05382715012509,1.851905345916748,2.9797511100769043
140,chairs,ABL-ET2X-R-PreviousRawEdge-BilinearRGB,2.6240053176879883,32.41620425455728,1.6033501625061035,2.2401366233825684
140,chairs,ABL-ET2X-R-PreviousRawEdge-ResolvedRGB,2.5622408390045166,32.685164411458594,1.5166956186294556,2.0860631465911865
140,thin-chair,O-T2X-R,4.470525741577148,29.694841826563163,2.8923091888427734,4.874464988708496
140,thin-chair,ABL-ET2X-R-PreviousRawEdge-BilinearRGB,5.641897678375244,27.632785362295067,2.436720609664917,3.092288017272949
140,thin-chair,ABL-ET2X-R-PreviousRawEdge-ResolvedRGB,5.458895683288574,27.93367623568256,2.25364351272583,2.8320772647857666
141,chairs,O-T2X-R,2.2070915699005127,34.021028896497455,1.712715744972229,2.702585220336914
141,chairs,ABL-ET2X-R-PreviousRawEdge-BilinearRGB,2.629967212677002,32.324913081283476,1.6369868516921997,2.217569589614868
141,chairs,ABL-ET2X-R-PreviousRawEdge-ResolvedRGB,2.5725488662719727,32.59286388771179,1.57779061794281,2.1145596504211426
141,thin-chair,O-T2X-R,4.44356632232666,29.902519393329104,2.7907285690307617,4.521791458129883
141,thin-chair,ABL-ET2X-R-PreviousRawEdge-BilinearRGB,5.6806640625,27.504791277672194,2.299718141555786,3.1392385959625244
141,thin-chair,ABL-ET2X-R-PreviousRawEdge-ResolvedRGB,5.519472122192383,27.779238430315022,2.1476235389709473,2.928802490234375
142,chairs,O-T2X-R,2.2639009952545166,33.7057824185412,1.8825243711471558,2.931734323501587
142,chairs,ABL-ET2X-R-PreviousRawEdge-BilinearRGB,2.6606626510620117,32.1721984267022,1.693122386932373,2.1548964977264404
142,chairs,ABL-ET2X-R-PreviousRawEdge-ResolvedRGB,2.577974319458008,32.510748590442184,1.5979466438293457,2.081491470336914
142,thin-chair,O-T2X-R,4.544270992279053,29.600048005145695,2.9353981018066406,4.90952730178833
142,thin-chair,ABL-ET2X-R-PreviousRawEdge-BilinearRGB,5.684037685394287,27.509518180834075,2.363499402999878,3.014476776123047
142,thin-chair,ABL-ET2X-R-PreviousRawEdge-ResolvedRGB,5.504350185394287,27.812272651464305,2.217040538787842,2.8500585556030273
143,chairs,O-T2X-R,2.1909842491149902,33.97792353539898,1.787974238395691,2.7487103939056396
143,chairs,ABL-ET2X-R-PreviousRawEdge-BilinearRGB,2.6046488285064697,32.33694903945516,1.6363400220870972,2.2497406005859375
143,chairs,ABL-ET2X-R-PreviousRawEdge-ResolvedRGB,2.542872190475464,32.60162727282571,1.5595840215682983,2.1229770183563232
143,thin-chair,O-T2X-R,4.554924011230469,29.707924022169312,2.6775057315826416,4.462198257446289
143,thin-chair,ABL-ET2X-R-PreviousRawEdge-BilinearRGB,5.687618255615234,27.544715815559545,2.4285478591918945,3.110375165939331
143,thin-chair,ABL-ET2X-R-PreviousRawEdge-ResolvedRGB,5.512073993682861,27.820318968624132,2.2443501949310303,2.9142799377441406
144,chairs,O-T2X-R,2.245900869369507,33.771850044930865,1.8437718152999878,2.9616544246673584
144,chairs,ABL-ET2X-R-PreviousRawEdge-BilinearRGB,2.619128465652466,32.18433191457343,1.6669939756393433,2.1352827548980713
144,chairs,ABL-ET2X-R-PreviousRawEdge-ResolvedRGB,2.561758518218994,32.45211403145604,1.5818414688110352,2.0302188396453857
144,thin-chair,O-T2X-R,4.683357238769531,29.328512363354005,2.8872828483581543,4.73563814163208
144,thin-chair,ABL-ET2X-R-PreviousRawEdge-BilinearRGB,5.626479625701904,27.623113906658205,2.4024410247802734,3.0826761722564697
144,thin-chair,ABL-ET2X-R-PreviousRawEdge-ResolvedRGB,5.468631744384766,27.883274983040454,2.2303781509399414,2.9004719257354736
145,chairs,O-T2X-R,2.2836310863494873,33.61475773279856,1.791035771369934,2.7530269622802734
145,chairs,ABL-ET2X-R-PreviousRawEdge-BilinearRGB,2.620798349380493,32.231615778476524,1.6831504106521606,2.251134157180786
145,chairs,ABL-ET2X-R-PreviousRawEdge-ResolvedRGB,2.5615293979644775,32.494778190865944,1.6119294166564941,2.1478331089019775
145,thin-chair,O-T2X-R,4.646720886230469,29.47701483324383,2.7337801456451416,4.465641021728516
145,thin-chair,ABL-ET2X-R-PreviousRawEdge-BilinearRGB,5.649473190307617,27.62752642623333,2.504380226135254,3.191054582595825
145,thin-chair,ABL-ET2X-R-PreviousRawEdge-ResolvedRGB,5.47188663482666,27.918945014404507,2.3324079513549805,2.9921934604644775
146,chairs,O-T2X-R,2.2730517387390137,33.63335241016771,1.8524044752120972,2.9657766819000244
146,chairs,ABL-ET2X-R-PreviousRawEdge-BilinearRGB,2.6475753784179688,32.218359751734134,1.664450764656067,2.186053514480591
146,chairs,ABL-ET2X-R-PreviousRawEdge-ResolvedRGB,2.574942111968994,32.51798716304616,1.5689359903335571,2.094177722930908
146,thin-chair,O-T2X-R,4.577651500701904,29.44056405432487,2.7704508304595947,4.744157314300537
146,thin-chair,ABL-ET2X-R-PreviousRawEdge-BilinearRGB,5.617098808288574,27.69411019389073,2.441088914871216,3.205454111099243
146,thin-chair,ABL-ET2X-R-PreviousRawEdge-ResolvedRGB,5.411813259124756,28.043794018562984,2.273200035095215,3.03816294670105
147,chairs,O-T2X-R,2.2098946571350098,33.886780869736995,1.786224365234375,2.748455762863159
147,chairs,ABL-ET2X-R-PreviousRawEdge-BilinearRGB,2.611466884613037,32.28396954050483,1.6661795377731323,2.258650064468384
147,chairs,ABL-ET2X-R-PreviousRawEdge-ResolvedRGB,2.551378011703491,32.56044330848593,1.5964524745941162,2.145256996154785
147,thin-chair,O-T2X-R,4.486564636230469,29.782341490866333,2.839402914047241,4.472846031188965
147,thin-chair,ABL-ET2X-R-PreviousRawEdge-BilinearRGB,5.616033554077148,27.67216648941013,2.389371156692505,3.098351240158081
147,thin-chair,ABL-ET2X-R-PreviousRawEdge-ResolvedRGB,5.420454502105713,27.998176205344507,2.2048654556274414,2.8758349418640137
148,chairs,O-T2X-R,2.2303965091705322,33.782731763985815,1.8133492469787598,2.92632794380188
148,chairs,ABL-ET2X-R-PreviousRawEdge-BilinearRGB,2.621527671813965,32.2540915851656,1.7130416631698608,2.249037265777588
148,chairs,ABL-ET2X-R-PreviousRawEdge-ResolvedRGB,2.5510947704315186,32.55397308807573,1.6263926029205322,2.1654860973358154
148,thin-chair,O-T2X-R,4.476059436798096,29.699842952713652,2.7679507732391357,4.836947441101074
148,thin-chair,ABL-ET2X-R-PreviousRawEdge-BilinearRGB,5.630681991577148,27.589613486785577,2.54361891746521,3.165142059326172
148,thin-chair,ABL-ET2X-R-PreviousRawEdge-ResolvedRGB,5.435487747192383,27.918609581997693,2.3911101818084717,2.9628562927246094
149,chairs,O-T2X-R,2.2001349925994873,33.98544028547298,1.78280508518219,2.677225351333618
149,chairs,ABL-ET2X-R-PreviousRawEdge-BilinearRGB,2.650282144546509,32.05017242624755,1.6886245012283325,2.2709755897521973
149,chairs,ABL-ET2X-R-PreviousRawEdge-ResolvedRGB,2.573254346847534,32.40018616226674,1.5826001167297363,2.1383891105651855
149,thin-chair,O-T2X-R,4.310783386230469,30.16185719531213,2.876919746398926,4.450883865356445
149,thin-chair,ABL-ET2X-R-PreviousRawEdge-BilinearRGB,5.703480243682861,27.398698873000498,2.5212502479553223,3.240703582763672
149,thin-chair,ABL-ET2X-R-PreviousRawEdge-ResolvedRGB,5.477361679077148,27.826117620289356,2.2737765312194824,2.984959363937378
150,chairs,O-T2X-R,2.1900439262390137,33.94161552616369,1.8604249954223633,2.9921977519989014
150,chairs,ABL-ET2X-R-PreviousRawEdge-BilinearRGB,2.658944606781006,32.00623118444406,1.64692223072052,2.2207679748535156
150,chairs,ABL-ET2X-R-PreviousRawEdge-ResolvedRGB,2.5911216735839844,32.31096188590923,1.5861623287200928,2.113225221633911
150,thin-chair,O-T2X-R,4.358931064605713,29.923853393908306,2.711174726486206,4.844813823699951
150,thin-chair,ABL-ET2X-R-PreviousRawEdge-BilinearRGB,5.7336649894714355,27.291203494998378,2.414167881011963,3.1676177978515625
150,thin-chair,ABL-ET2X-R-PreviousRawEdge-ResolvedRGB,5.506095886230469,27.69099771256095,2.266106367111206,2.875605583190918
151,chairs,O-T2X-R,2.224735975265503,33.91413596826183,1.711733102798462,2.7189693450927734
151,chairs,ABL-ET2X-R-PreviousRawEdge-BilinearRGB,2.649064540863037,31.86498338911424,1.7119923830032349,2.261875867843628
151,chairs,ABL-ET2X-R-PreviousRawEdge-ResolvedRGB,2.573392868041992,32.16855826435638,1.619720458984375,2.1630499362945557
151,thin-chair,O-T2X-R,4.383848190307617,30.06773667672096,2.6697356700897217,4.251133441925049
151,thin-chair,ABL-ET2X-R-PreviousRawEdge-BilinearRGB,5.646632194519043,27.45816092805715,2.42159366607666,3.1671690940856934
151,thin-chair,ABL-ET2X-R-PreviousRawEdge-ResolvedRGB,5.442471504211426,27.848148245252876,2.2600746154785156,2.983473777770996
152,chairs,O-T2X-R,2.2376060485839844,33.834346771594554,1.840880036354065,2.883227825164795
152,chairs,ABL-ET2X-R-PreviousRawEdge-BilinearRGB,2.635488986968994,32.101260506548876,1.6709928512573242,2.2601771354675293
152,chairs,ABL-ET2X-R-PreviousRawEdge-ResolvedRGB,2.5640010833740234,32.41421730474504,1.5948176383972168,2.1540634632110596
152,thin-chair,O-T2X-R,4.408380508422852,29.896708225185627,2.7517194747924805,4.63066291809082
152,thin-chair,ABL-ET2X-R-PreviousRawEdge-BilinearRGB,5.651071071624756,27.562317829142454,2.4718618392944336,3.0383825302124023
152,thin-chair,ABL-ET2X-R-PreviousRawEdge-ResolvedRGB,5.41385555267334,27.98701507658128,2.266782760620117,2.8516945838928223
153,chairs,O-T2X-R,2.247474193572998,33.85051021303687,1.7939071655273438,2.730001449584961
153,chairs,ABL-ET2X-R-PreviousRawEdge-BilinearRGB,2.679994821548462,32.062526374135196,1.667546033859253,2.202315330505371
153,chairs,ABL-ET2X-R-PreviousRawEdge-ResolvedRGB,2.613866090774536,32.33822256568652,1.5832840204238892,2.1055073738098145
153,thin-chair,O-T2X-R,4.415719509124756,29.90964720281065,2.7418529987335205,4.350583076477051
153,thin-chair,ABL-ET2X-R-PreviousRawEdge-BilinearRGB,5.672881126403809,27.56883177807131,2.5133790969848633,3.2181053161621094
153,thin-chair,ABL-ET2X-R-PreviousRawEdge-ResolvedRGB,5.46951961517334,27.924287339405854,2.3045618534088135,2.908000946044922
154,chairs,O-T2X-R,2.2722439765930176,33.58375151314637,1.7994484901428223,2.9397411346435547
154,chairs,ABL-ET2X-R-PreviousRawEdge-BilinearRGB,2.6746721267700195,32.097087531530676,1.7292402982711792,2.283797264099121
154,chairs,ABL-ET2X-R-PreviousRawEdge-ResolvedRGB,2.5913145542144775,32.410624265434784,1.6462488174438477,2.1704728603363037
154,thin-chair,O-T2X-R,4.524325370788574,29.640141955142248,2.757718086242676,4.721290588378906
154,thin-chair,ABL-ET2X-R-PreviousRawEdge-BilinearRGB,5.706705570220947,27.471805804557384,2.4507598876953125,3.152547597885132
154,thin-chair,ABL-ET2X-R-PreviousRawEdge-ResolvedRGB,5.502130508422852,27.821711975705433,2.258746862411499,2.9480531215667725
155,chairs,O-T2X-R,2.273690700531006,33.65480303874461,1.768664836883545,2.697922706604004
155,chairs,ABL-ET2X-R-PreviousRawEdge-BilinearRGB,2.6988449096679688,32.0370055366685,1.6943947076797485,2.3060033321380615
155,chairs,ABL-ET2X-R-PreviousRawEdge-ResolvedRGB,2.6241681575775146,32.335946367605345,1.6077383756637573,2.203735113143921
155,thin-chair,O-T2X-R,4.428178310394287,29.896142511056976,2.6942343711853027,4.252409934997559
155,thin-chair,ABL-ET2X-R-PreviousRawEdge-BilinearRGB,5.743016242980957,27.433968204946257,2.524761199951172,3.116016387939453
155,thin-chair,ABL-ET2X-R-PreviousRawEdge-ResolvedRGB,5.5357184410095215,27.790153218202192,2.32901930809021,2.91059947013855
156,chairs,O-T2X-R,2.2874228954315186,33.57647450245486,1.9126869440078735,2.9886958599090576
156,chairs,ABL-ET2X-R-PreviousRawEdge-BilinearRGB,2.698646068572998,32.07369846402793,1.64778733253479,2.229926109313965
156,chairs,ABL-ET2X-R-PreviousRawEdge-ResolvedRGB,2.643446207046509,32.328816536752825,1.5764861106872559,2.1554744243621826
156,thin-chair,O-T2X-R,4.542436122894287,29.626703248467997,2.8203916549682617,4.7258076667785645
156,thin-chair,ABL-ET2X-R-PreviousRawEdge-BilinearRGB,5.718838691711426,27.48934800879711,2.3555524349212646,3.13253116607666
156,thin-chair,ABL-ET2X-R-PreviousRawEdge-ResolvedRGB,5.5113043785095215,27.833270327022976,2.18825101852417,2.9108290672302246
157,chairs,O-T2X-R,2.294168472290039,33.69011203771001,1.8573449850082397,2.87325382232666
157,chairs,ABL-ET2X-R-PreviousRawEdge-BilinearRGB,2.6947519779205322,32.089265080760924,1.7049939632415771,2.198350667953491
157,chairs,ABL-ET2X-R-PreviousRawEdge-ResolvedRGB,2.632728099822998,32.35808467184015,1.634539246559143,2.115675926208496
157,thin-chair,O-T2X-R,4.419803619384766,30.123771970079044,2.745910406112671,4.4620208740234375
157,thin-chair,ABL-ET2X-R-PreviousRawEdge-BilinearRGB,5.66524600982666,27.537864435740964,2.346884250640869,3.043225049972534
157,thin-chair,ABL-ET2X-R-PreviousRawEdge-ResolvedRGB,5.489405632019043,27.858686001268858,2.2037229537963867,2.849231004714966
158,chairs,O-T2X-R,2.2920403480529785,33.60272929603965,1.8832861185073853,3.0765841007232666
158,chairs,ABL-ET2X-R-PreviousRawEdge-BilinearRGB,2.696023941040039,32.10636722613308,1.7009445428848267,2.2838635444641113
158,chairs,ABL-ET2X-R-PreviousRawEdge-ResolvedRGB,2.6460623741149902,32.32777480771537,1.6343785524368286,2.206172466278076
158,thin-chair,O-T2X-R,4.539121627807617,29.70796070636367,2.8991918563842773,4.886725425720215
158,thin-chair,ABL-ET2X-R-PreviousRawEdge-BilinearRGB,5.652787685394287,27.615262334402807,2.44167160987854,3.0084128379821777
158,thin-chair,ABL-ET2X-R-PreviousRawEdge-ResolvedRGB,5.4655537605285645,27.93132742449326,2.2851991653442383,2.8555006980895996
159,chairs,O-T2X-R,2.277428150177002,33.75298968764568,1.7745137214660645,2.8201918601989746
159,chairs,ABL-ET2X-R-PreviousRawEdge-BilinearRGB,2.756878137588501,31.776596960277786,1.729527473449707,2.2131083011627197
159,chairs,ABL-ET2X-R-PreviousRawEdge-ResolvedRGB,2.683846950531006,32.065777781778124,1.618198275566101,2.0953104496002197
159,thin-chair,O-T2X-R,4.46718168258667,29.939925087829472,2.583221197128296,4.444526672363281
159,thin-chair,ABL-ET2X-R-PreviousRawEdge-BilinearRGB,5.674922943115234,27.596530066004927,2.450169086456299,3.041381597518921
159,thin-chair,ABL-ET2X-R-PreviousRawEdge-ResolvedRGB,5.481770992279053,27.89306831780966,2.255828380584717,2.8407022953033447
160,chairs,O-T2X-R,2.3082079887390137,33.4401564021472,1.899971604347229,2.996212959289551
160,chairs,ABL-ET2X-R-PreviousRawEdge-BilinearRGB,2.7897136211395264,31.773357158545423,1.6582951545715332,2.2940433025360107
160,chairs,ABL-ET2X-R-PreviousRawEdge-ResolvedRGB,2.7205042839050293,32.03283807784236,1.5946061611175537,2.15844464302063
160,thin-chair,O-T2X-R,4.5717034339904785,29.57152624150849,2.790013313293457,4.619524955749512
160,thin-chair,ABL-ET2X-R-PreviousRawEdge-BilinearRGB,5.759529113769531,27.440293452501724,2.418916940689087,3.0541956424713135
160,thin-chair,ABL-ET2X-R-PreviousRawEdge-ResolvedRGB,5.567146301269531,27.739319399360962,2.2599899768829346,2.8341856002807617
161,chairs,O-T2X-R,2.2888214588165283,33.697303978028614,1.8609596490859985,2.8594510555267334
161,chairs,ABL-ET2X-R-PreviousRawEdge-BilinearRGB,2.7361834049224854,31.94311817454137,1.7127898931503296,2.2069270610809326
161,chairs,ABL-ET2X-R-PreviousRawEdge-ResolvedRGB,2.6753652095794678,32.19398590022389,1.6337958574295044,2.132949113845825
161,thin-chair,O-T2X-R,4.478071689605713,29.892238754474466,2.7528226375579834,4.462152481079102
161,thin-chair,ABL-ET2X-R-PreviousRawEdge-BilinearRGB,5.707386493682861,27.519616341032226,2.4698431491851807,3.1188735961914062
161,thin-chair,ABL-ET2X-R-PreviousRawEdge-ResolvedRGB,5.517489433288574,27.83442144954631,2.316189765930176,2.9476425647735596
162,chairs,O-T2X-R,2.2904067039489746,33.57424300578403,1.8637734651565552,3.0178301334381104
162,chairs,ABL-ET2X-R-PreviousRawEdge-BilinearRGB,2.700780153274536,32.08800315843117,1.6669799089431763,2.2682383060455322
162,chairs,ABL-ET2X-R-PreviousRawEdge-ResolvedRGB,2.6466410160064697,32.328516447874975,1.5875076055526733,2.166795015335083
162,thin-chair,O-T2X-R,4.502574443817139,29.69523418037084,2.8429408073425293,4.684617042541504
162,thin-chair,ABL-ET2X-R-PreviousRawEdge-BilinearRGB,5.593246936798096,27.731633796824266,2.4333419799804688,3.0852091312408447
162,thin-chair,ABL-ET2X-R-PreviousRawEdge-ResolvedRGB,5.4506096839904785,28.01504090622742,2.241590976715088,2.9120938777923584
163,chairs,O-T2X-R,2.258107900619507,33.732138143293575,1.7963696718215942,2.8430981636047363
163,chairs,ABL-ET2X-R-PreviousRawEdge-BilinearRGB,2.7116308212280273,32.07854136495128,1.668383240699768,2.2597551345825195
163,chairs,ABL-ET2X-R-PreviousRawEdge-ResolvedRGB,2.6343014240264893,32.361113151725974,1.6004996299743652,2.1649491786956787
163,thin-chair,O-T2X-R,4.429243564605713,29.874118131923435,2.678618907928467,4.443048000335693
163,thin-chair,ABL-ET2X-R-PreviousRawEdge-BilinearRGB,5.6696553230285645,27.627961402838,2.3806018829345703,3.067160129547119
163,thin-chair,ABL-ET2X-R-PreviousRawEdge-ResolvedRGB,5.481741428375244,27.93639890050799,2.229220390319824,2.8277390003204346
164,chairs,O-T2X-R,2.2490053176879883,33.783309808223,1.8345211744308472,2.9496688842773438
164,chairs,ABL-ET2X-R-PreviousRawEdge-BilinearRGB,2.681405544281006,32.04480818382248,1.7196898460388184,2.2919747829437256
164,chairs,ABL-ET2X-R-PreviousRawEdge-ResolvedRGB,2.6233723163604736,32.3360222798283,1.6384973526000977,2.2174479961395264
164,thin-chair,O-T2X-R,4.415867805480957,29.797476309655742,2.6979219913482666,4.587249755859375
164,thin-chair,ABL-ET2X-R-PreviousRawEdge-BilinearRGB,5.472212314605713,27.809748537672235,2.509093999862671,3.1501517295837402
164,thin-chair,ABL-ET2X-R-PreviousRawEdge-ResolvedRGB,5.28048038482666,28.150782932957206,2.351351261138916,2.954277753829956
165,chairs,O-T2X-R,2.3525390625,33.39846201915099,1.8712453842163086,2.8149640560150146
165,chairs,ABL-ET2X-R-PreviousRawEdge-BilinearRGB,2.7720389366149902,31.801470413628316,1.7208738327026367,2.241438627243042
165,chairs,ABL-ET2X-R-PreviousRawEdge-ResolvedRGB,2.707573890686035,32.09759917763301,1.6299712657928467,2.1237733364105225
165,thin-chair,O-T2X-R,4.427556991577148,29.865090293393436,2.8589067459106445,4.464822769165039
165,thin-chair,ABL-ET2X-R-PreviousRawEdge-BilinearRGB,5.421904563903809,27.889223865201807,2.4376418590545654,3.0598294734954834
165,thin-chair,ABL-ET2X-R-PreviousRawEdge-ResolvedRGB,5.268436431884766,28.191906831241894,2.257176399230957,2.872927665710449
166,chairs,O-T2X-R,2.280665159225464,33.57753958298985,1.830698847770691,3.0787353515625
166,chairs,ABL-ET2X-R-PreviousRawEdge-BilinearRGB,2.7040352821350098,31.969747434785823,1.6525009870529175,2.3164730072021484
166,chairs,ABL-ET2X-R-PreviousRawEdge-ResolvedRGB,2.6355552673339844,32.272802476749824,1.5834356546401978,2.217499017715454
166,thin-chair,O-T2X-R,4.287849426269531,29.97304147510656,2.7176454067230225,4.842452526092529
166,thin-chair,ABL-ET2X-R-PreviousRawEdge-BilinearRGB,5.5029296875,27.759991109003053,2.3761391639709473,3.09452223777771
166,thin-chair,ABL-ET2X-R-PreviousRawEdge-ResolvedRGB,5.316850185394287,28.08933976624154,2.227813959121704,2.892784833908081
167,chairs,O-T2X-R,2.266878843307495,33.6905199521508,1.7546645402908325,2.7683277130126953
167,chairs,ABL-ET2X-R-PreviousRawEdge-BilinearRGB,2.6869332790374756,32.04246004556665,1.6476731300354004,2.1777591705322266
167,chairs,ABL-ET2X-R-PreviousRawEdge-ResolvedRGB,2.6240293979644775,32.30372741425554,1.5678880214691162,2.1204800605773926
167,thin-chair,O-T2X-R,4.342655181884766,29.833691568949263,2.594196081161499,4.2388739585876465
167,thin-chair,ABL-ET2X-R-PreviousRawEdge-BilinearRGB,5.482421875,27.788248788971583,2.2912344932556152,2.9558656215667725
167,thin-chair,ABL-ET2X-R-PreviousRawEdge-ResolvedRGB,5.290186882019043,28.102207198385486,2.1567726135253906,2.7765443325042725
168,chairs,O-T2X-R,2.3097450733184814,33.49293356808102,1.9403635263442993,3.0295209884643555
168,chairs,ABL-ET2X-R-PreviousRawEdge-BilinearRGB,2.7153983116149902,31.96448395955472,1.669031023979187,2.230513572692871
168,chairs,ABL-ET2X-R-PreviousRawEdge-ResolvedRGB,2.650155544281006,32.22431530119651,1.5872950553894043,2.1291658878326416
168,thin-chair,O-T2X-R,4.3132100105285645,29.859908647060166,2.819169282913208,4.614652633666992
168,thin-chair,ABL-ET2X-R-PreviousRawEdge-BilinearRGB,5.416666507720947,28.018940612678396,2.307213544845581,3.0066213607788086
168,thin-chair,ABL-ET2X-R-PreviousRawEdge-ResolvedRGB,5.231622695922852,28.330601623754553,2.174675226211548,2.8113532066345215
169,chairs,O-T2X-R,2.3152005672454834,33.638007584421906,1.843788743019104,2.929853677749634
169,chairs,ABL-ET2X-R-PreviousRawEdge-BilinearRGB,2.693052053451538,32.18966723398675,1.7776949405670166,2.3280045986175537
169,chairs,ABL-ET2X-R-PreviousRawEdge-ResolvedRGB,2.6245779991149902,32.4743311246735,1.710108757019043,2.2433524131774902
169,thin-chair,O-T2X-R,4.248846054077148,30.14157606395583,2.741633415222168,4.396975040435791
169,thin-chair,ABL-ET2X-R-PreviousRawEdge-BilinearRGB,5.420868873596191,27.9725059319576,2.404665946960449,3.071683645248413
169,thin-chair,ABL-ET2X-R-PreviousRawEdge-ResolvedRGB,5.247869491577148,28.276286823462655,2.2512073516845703,2.904273271560669
170,chairs,O-T2X-R,2.302481174468994,33.61240668275095,1.9051353931427002,3.025563955307007
170,chairs,ABL-ET2X-R-PreviousRawEdge-BilinearRGB,2.7114439010620117,32.15630293752617,1.7196359634399414,2.2992520332336426
170,chairs,ABL-ET2X-R-PreviousRawEdge-ResolvedRGB,2.647937059402466,32.447732922880675,1.6196448802947998,2.228149890899658
170,thin-chair,O-T2X-R,4.285600185394287,30.038836284548477,2.733020782470703,4.601146221160889
170,thin-chair,ABL-ET2X-R-PreviousRawEdge-BilinearRGB,5.401396751403809,27.973381077744076,2.411677360534668,3.0894696712493896
170,thin-chair,ABL-ET2X-R-PreviousRawEdge-ResolvedRGB,5.25331449508667,28.27852030361093,2.2460591793060303,2.9354212284088135
171,chairs,O-T2X-R,2.2461841106414795,33.88524980370159,1.824475646018982,2.8874075412750244
171,chairs,ABL-ET2X-R-PreviousRawEdge-BilinearRGB,2.659010887145996,32.421063491534966,1.6841331720352173,2.3342349529266357
171,chairs,ABL-ET2X-R-PreviousRawEdge-ResolvedRGB,2.5982229709625244,32.70146696876669,1.5993596315383911,2.2130820751190186
171,thin-chair,O-T2X-R,4.269560813903809,30.071271553882973,2.671846628189087,4.319138050079346
171,thin-chair,ABL-ET2X-R-PreviousRawEdge-BilinearRGB,5.305841445922852,28.118738387379484,2.4861223697662354,3.253948926925659
171,thin-chair,ABL-ET2X-R-PreviousRawEdge-ResolvedRGB,5.153409004211426,28.427415660129924,2.3310396671295166,3.057870626449585
172,chairs,O-T2X-R,2.236159324645996,33.793104415145905,1.8721636533737183,2.981149911880493
172,chairs,ABL-ET2X-R-PreviousRawEdge-BilinearRGB,2.608844518661499,32.550406516571954,1.5975881814956665,2.2145707607269287
172,chairs,ABL-ET2X-R-PreviousRawEdge-ResolvedRGB,2.545844078063965,32.84179551495756,1.5250318050384521,2.1190080642700195
172,thin-chair,O-T2X-R,4.271395683288574,29.912871373189127,2.7600021362304688,4.530609607696533
172,thin-chair,ABL-ET2X-R-PreviousRawEdge-BilinearRGB,5.225260257720947,28.202549324291635,2.3543684482574463,3.1008009910583496
172,thin-chair,ABL-ET2X-R-PreviousRawEdge-ResolvedRGB,5.077474117279053,28.503997562932977,2.1730988025665283,2.892056703567505
173,chairs,O-T2X-R,2.284987449645996,33.77508684468936,1.7539703845977783,2.7990474700927734
173,chairs,ABL-ET2X-R-PreviousRawEdge-BilinearRGB,2.664170980453491,32.42605110552701,1.6287894248962402,2.1817116737365723
173,chairs,ABL-ET2X-R-PreviousRawEdge-ResolvedRGB,2.602665662765503,32.710825349145615,1.556095838546753,2.087522268295288
173,thin-chair,O-T2X-R,4.246064186096191,30.034180198928063,2.5615477561950684,4.221240520477295
173,thin-chair,ABL-ET2X-R-PreviousRawEdge-BilinearRGB,5.227686882019043,28.182554632794265,2.3896896839141846,3.1180191040039062
173,thin-chair,ABL-ET2X-R-PreviousRawEdge-ResolvedRGB,5.0796637535095215,28.502390367928445,2.243014335632324,2.887058973312378
174,chairs,O-T2X-R,2.2392215728759766,33.80356979501571,1.914331316947937,2.9995484352111816
174,chairs,ABL-ET2X-R-PreviousRawEdge-BilinearRGB,2.627471446990967,32.568241121601766,1.6210404634475708,2.203707218170166
174,chairs,ABL-ET2X-R-PreviousRawEdge-ResolvedRGB,2.5677385330200195,32.85643988202411,1.5482617616653442,2.1220145225524902
174,thin-chair,O-T2X-R,4.184747695922852,30.061634177505493,2.7239294052124023,4.442968368530273
174,thin-chair,ABL-ET2X-R-PreviousRawEdge-BilinearRGB,5.103515625,28.367239230492196,2.2689454555511475,2.94045352935791
174,thin-chair,ABL-ET2X-R-PreviousRawEdge-ResolvedRGB,4.9575934410095215,28.701762282060738,2.1078946590423584,2.7871205806732178
175,chairs,O-T2X-R,2.2641963958740234,33.85033430384841,1.7347427606582642,2.841615915298462
175,chairs,ABL-ET2X-R-PreviousRawEdge-BilinearRGB,2.6457066535949707,32.56139624673148,1.6745489835739136,2.22628116607666
175,chairs,ABL-ET2X-R-PreviousRawEdge-ResolvedRGB,2.5915074348449707,32.83097339042687,1.6030118465423584,2.141963481903076
175,thin-chair,O-T2X-R,4.171963691711426,30.139999915437166,2.559875011444092,4.159947395324707
175,thin-chair,ABL-ET2X-R-PreviousRawEdge-BilinearRGB,5.176284313201904,28.27042328097342,2.385363817214966,3.0000193119049072
175,thin-chair,ABL-ET2X-R-PreviousRawEdge-ResolvedRGB,5.004912376403809,28.613492220738546,2.241745710372925,2.7825849056243896
176,chairs,O-T2X-R,2.3281853199005127,33.43501217906646,1.8048632144927979,2.873077154159546
176,chairs,ABL-ET2X-R-PreviousRawEdge-BilinearRGB,2.700406312942505,32.22286985409933,1.6786303520202637,2.170229911804199
176,chairs,ABL-ET2X-R-PreviousRawEdge-ResolvedRGB,2.623896837234497,32.583968487508635,1.5788239240646362,2.071319818496704
176,thin-chair,O-T2X-R,4.1672587394714355,30.0617685583942,2.604480028152466,4.366277694702148
176,thin-chair,ABL-ET2X-R-PreviousRawEdge-BilinearRGB,5.206498622894287,28.13798106790166,2.3403451442718506,2.9514615535736084
176,thin-chair,ABL-ET2X-R-PreviousRawEdge-ResolvedRGB,5.002900123596191,28.56632902417799,2.1726560592651367,2.756418466567993
177,chairs,O-T2X-R,2.278669834136963,33.85717218009747,1.8251681327819824,2.8486955165863037
177,chairs,ABL-ET2X-R-PreviousRawEdge-BilinearRGB,2.694028615951538,32.23697286561704,1.5441457033157349,2.178312301635742
177,chairs,ABL-ET2X-R-PreviousRawEdge-ResolvedRGB,2.620900869369507,32.61490887265028,1.4720619916915894,2.061674118041992
177,thin-chair,O-T2X-R,4.12227725982666,30.253670277979626,2.490123748779297,4.092799186706543
177,thin-chair,ABL-ET2X-R-PreviousRawEdge-BilinearRGB,5.330965995788574,27.900630752471145,2.245500087738037,2.947099447250366
177,thin-chair,ABL-ET2X-R-PreviousRawEdge-ResolvedRGB,5.096738815307617,28.412858353077198,2.0905003547668457,2.741716146469116
178,chairs,O-T2X-R,2.259584665298462,33.68772372127501,1.884185552597046,3.0252020359039307
178,chairs,ABL-ET2X-R-PreviousRawEdge-BilinearRGB,2.6975550651550293,32.12109898339246,1.6832407712936401,2.2119312286376953
178,chairs,ABL-ET2X-R-PreviousRawEdge-ResolvedRGB,2.6267964839935303,32.47760765979542,1.6134015321731567,2.1119587421417236
178,thin-chair,O-T2X-R,4.097478866577148,30.136892192089526,2.570892572402954,4.201956272125244
178,thin-chair,ABL-ET2X-R-PreviousRawEdge-BilinearRGB,5.31211519241333,27.762370790680638,2.355685234069824,2.957519292831421
178,thin-chair,ABL-ET2X-R-PreviousRawEdge-ResolvedRGB,5.103397369384766,28.236293957329256,2.19587779045105,2.773210048675537
179,chairs,O-T2X-R,2.3045246601104736,33.69995617383205,1.7687784433364868,2.8245790004730225
179,chairs,ABL-ET2X-R-PreviousRawEdge-BilinearRGB,2.7440683841705322,31.96329941509579,1.6264219284057617,2.1836416721343994
179,chairs,ABL-ET2X-R-PreviousRawEdge-ResolvedRGB,2.680187940597534,32.244760301722394,1.5443968772888184,2.101041793823242
179,thin-chair,O-T2X-R,4.119377136230469,30.15236891746231,2.5489282608032227,4.085358142852783
179,thin-chair,ABL-ET2X-R-PreviousRawEdge-BilinearRGB,5.421904563903809,27.514058484444085,2.2723753452301025,2.935898780822754
179,thin-chair,ABL-ET2X-R-PreviousRawEdge-ResolvedRGB,5.253847122192383,27.88723195836174,2.1407179832458496,2.7514493465423584
180,chairs,O-T2X-R,2.2873504161834717,33.66545311486429,1.862572431564331,2.982307195663452
180,chairs,ABL-ET2X-R-PreviousRawEdge-BilinearRGB,2.8203909397125244,31.678436592901527,1.6445752382278442,2.1948747634887695
180,chairs,ABL-ET2X-R-PreviousRawEdge-ResolvedRGB,2.749246597290039,31.969119923215565,1.5731569528579712,2.081671714782715
180,thin-chair,O-T2X-R,4.069632053375244,30.208439481324486,2.657637119293213,4.381685733795166
180,thin-chair,ABL-ET2X-R-PreviousRawEdge-BilinearRGB,5.443063259124756,27.45642981838226,2.324592351913452,3.0315024852752686
180,thin-chair,ABL-ET2X-R-PreviousRawEdge-ResolvedRGB,5.253018379211426,27.810298792554757,2.189122438430786,2.849125862121582
181,chairs,O-T2X-R,2.3762779235839844,33.436243213084175,1.8948129415512085,3.2417373657226562
181,chairs,ABL-ET2X-R-PreviousRawEdge-BilinearRGB,3.0797345638275146,30.8601942822763,0.6197966933250427,1.5606956481933594
181,chairs,ABL-ET2X-R-PreviousRawEdge-ResolvedRGB,2.9594063758850098,31.270764642713193,0.5246919989585876,1.4416842460632324
181,thin-chair,O-T2X-R,4.322088241577148,29.778005070178235,2.739450216293335,4.615722179412842
181,thin-chair,ABL-ET2X-R-PreviousRawEdge-BilinearRGB,5.882753372192383,26.836742556035006,1.0541541576385498,2.0188162326812744
181,thin-chair,ABL-ET2X-R-PreviousRawEdge-ResolvedRGB,5.630238056182861,27.21884349690223,0.8966823220252991,1.8040423393249512
182,chairs,O-T2X-R,2.071668863296509,34.306376583128774,1.0109505653381348,2.841874361038208
182,chairs,ABL-ET2X-R-PreviousRawEdge-BilinearRGB,3.0797345638275146,30.8601942822763,0.0,0.6197966933250427
182,chairs,ABL-ET2X-R-PreviousRawEdge-ResolvedRGB,3.009265184402466,31.103771984575275,0.08664943277835846,0.4382990300655365
182,thin-chair,O-T2X-R,3.896780252456665,30.58550969043736,1.5073323249816895,4.138524532318115
182,thin-chair,ABL-ET2X-R-PreviousRawEdge-BilinearRGB,5.882753372192383,26.836742556035006,0.0,1.0541541576385498
182,thin-chair,ABL-ET2X-R-PreviousRawEdge-ResolvedRGB,5.734611511230469,27.066870584236796,0.160398468375206,0.7364122867584229
183,chairs,O-T2X-R,2.071668863296509,34.306376583128774,0.0,1.0109505653381348
183,chairs,ABL-ET2X-R-PreviousRawEdge-BilinearRGB,3.0797345638275146,30.8601942822763,0.0,0.0
183,chairs,ABL-ET2X-R-PreviousRawEdge-ResolvedRGB,3.034456968307495,31.007634563271672,0.03395333141088486,0.052770551294088364
183,thin-chair,O-T2X-R,3.896780252456665,30.58550969043736,0.0,1.5073323249816895
183,thin-chair,ABL-ET2X-R-PreviousRawEdge-BilinearRGB,5.882753372192383,26.836742556035006,0.0,0.0
183,thin-chair,ABL-ET2X-R-PreviousRawEdge-ResolvedRGB,5.788411617279053,26.975614662238247,0.06924912333488464,0.09114941954612732
184,chairs,O-T2X-R,2.071668863296509,34.306376583128774,0.0,0.0
184,chairs,ABL-ET2X-R-PreviousRawEdge-BilinearRGB,3.0797345638275146,30.8601942822763,0.0,0.0
184,chairs,ABL-ET2X-R-PreviousRawEdge-ResolvedRGB,3.043607711791992,30.965719213862553,0.009898059070110321,0.024073267355561256
184,thin-chair,O-T2X-R,3.896780252456665,30.58550969043736,0.0,0.0
184,thin-chair,ABL-ET2X-R-PreviousRawEdge-BilinearRGB,5.882753372192383,26.836742556035006,0.0,0.0
184,thin-chair,ABL-ET2X-R-PreviousRawEdge-ResolvedRGB,5.809452056884766,26.93367110266979,0.02224632352590561,0.04700280353426933
185,chairs,O-T2X-R,2.071668863296509,34.306376583128774,0.0,0.0
185,chairs,ABL-ET2X-R-PreviousRawEdge-BilinearRGB,3.0797345638275146,30.8601942822763,0.0,0.0
185,chairs,ABL-ET2X-R-PreviousRawEdge-ResolvedRGB,3.046398878097534,30.94943908167579,0.00272618280723691,0.007171875797212124
185,thin-chair,O-T2X-R,3.896780252456665,30.58550969043736,0.0,0.0
185,thin-chair,ABL-ET2X-R-PreviousRawEdge-BilinearRGB,5.882753372192383,26.836742556035006,0.0,0.0
185,thin-chair,ABL-ET2X-R-PreviousRawEdge-ResolvedRGB,5.816731929779053,26.915841246690416,0.007380255032330751,0.01486606989055872
186,chairs,O-T2X-R,2.071668863296509,34.306376583128774,0.0,0.0
186,chairs,ABL-ET2X-R-PreviousRawEdge-BilinearRGB,3.0797345638275146,30.8601942822763,0.0,0.0
186,chairs,ABL-ET2X-R-PreviousRawEdge-ResolvedRGB,3.047110080718994,30.944336856828873,0.0007036566967144608,0.002022525994107127
186,thin-chair,O-T2X-R,3.896780252456665,30.58550969043736,0.0,0.0
186,thin-chair,ABL-ET2X-R-PreviousRawEdge-BilinearRGB,5.882753372192383,26.836742556035006,0.0,0.0
186,thin-chair,ABL-ET2X-R-PreviousRawEdge-ResolvedRGB,5.819454193115234,26.908259737961867,0.0028277351520955563,0.0045525203458964825
187,chairs,O-T2X-R,2.071668863296509,34.306376583128774,0.0,0.0
187,chairs,ABL-ET2X-R-PreviousRawEdge-BilinearRGB,3.0797345638275146,30.8601942822763,0.0,0.0
187,chairs,ABL-ET2X-R-PreviousRawEdge-ResolvedRGB,3.0471885204315186,30.943440792176684,6.455448601627722e-05,0.0006391024799086154
187,thin-chair,O-T2X-R,3.896780252456665,30.58550969043736,0.0,0.0
187,thin-chair,ABL-ET2X-R-PreviousRawEdge-BilinearRGB,5.882753372192383,26.836742556035006,0.0,0.0
187,thin-chair,ABL-ET2X-R-PreviousRawEdge-ResolvedRGB,5.819661617279053,26.90736666530305,0.00018396669474896044,0.0026437684427946806
188,chairs,O-T2X-R,2.071668863296509,34.306376583128774,0.0,0.0
188,chairs,ABL-ET2X-R-PreviousRawEdge-BilinearRGB,3.0797345638275146,30.8601942822763,0.0,0.0
188,chairs,ABL-ET2X-R-PreviousRawEdge-ResolvedRGB,3.047194480895996,30.94335119587913,3.84475833925535e-06,6.0709728131769225e-05
188,thin-chair,O-T2X-R,3.896780252456665,30.58550969043736,0.0,0.0
188,thin-chair,ABL-ET2X-R-PreviousRawEdge-BilinearRGB,5.882753372192383,26.836742556035006,0.0,0.0
188,thin-chair,ABL-ET2X-R-PreviousRawEdge-ResolvedRGB,5.819661617279053,26.90736666530305,0.0,0.00018396669474896044
189,chairs,O-T2X-R,2.071668863296509,34.306376583128774,0.0,0.0
189,chairs,ABL-ET2X-R-PreviousRawEdge-BilinearRGB,3.0797345638275146,30.8601942822763,0.0,0.0
189,chairs,ABL-ET2X-R-PreviousRawEdge-ResolvedRGB,3.047194480895996,30.94335119587913,0.0,3.84475833925535e-06
189,thin-chair,O-T2X-R,3.896780252456665,30.58550969043736,0.0,0.0
189,thin-chair,ABL-ET2X-R-PreviousRawEdge-BilinearRGB,5.882753372192383,26.836742556035006,0.0,0.0
189,thin-chair,ABL-ET2X-R-PreviousRawEdge-ResolvedRGB,5.819661617279053,26.90736666530305,0.0,0.0
190,chairs,O-T2X-R,2.071668863296509,34.306376583128774,0.0,0.0
190,chairs,ABL-ET2X-R-PreviousRawEdge-BilinearRGB,3.0797345638275146,30.8601942822763,0.0,0.0
190,chairs,ABL-ET2X-R-PreviousRawEdge-ResolvedRGB,3.047194480895996,30.94335119587913,0.0,0.0
190,thin-chair,O-T2X-R,3.896780252456665,30.58550969043736,0.0,0.0
190,thin-chair,ABL-ET2X-R-PreviousRawEdge-BilinearRGB,5.882753372192383,26.836742556035006,0.0,0.0
190,thin-chair,ABL-ET2X-R-PreviousRawEdge-ResolvedRGB,5.819661617279053,26.90736666530305,0.0,0.0
191,chairs,O-T2X-R,2.071668863296509,34.306376583128774,0.0,0.0
191,chairs,ABL-ET2X-R-PreviousRawEdge-BilinearRGB,3.0797345638275146,30.8601942822763,0.0,0.0
191,chairs,ABL-ET2X-R-PreviousRawEdge-ResolvedRGB,3.047194480895996,30.94335119587913,0.0,0.0
191,thin-chair,O-T2X-R,3.896780252456665,30.58550969043736,0.0,0.0
191,thin-chair,ABL-ET2X-R-PreviousRawEdge-BilinearRGB,5.882753372192383,26.836742556035006,0.0,0.0
191,thin-chair,ABL-ET2X-R-PreviousRawEdge-ResolvedRGB,5.819661617279053,26.90736666530305,0.0,0.0
192,chairs,O-T2X-R,2.071668863296509,34.306376583128774,0.0,0.0
192,chairs,ABL-ET2X-R-PreviousRawEdge-BilinearRGB,3.0797345638275146,30.8601942822763,0.0,0.0
192,chairs,ABL-ET2X-R-PreviousRawEdge-ResolvedRGB,3.047194480895996,30.94335119587913,0.0,0.0
192,thin-chair,O-T2X-R,3.896780252456665,30.58550969043736,0.0,0.0
192,thin-chair,ABL-ET2X-R-PreviousRawEdge-BilinearRGB,5.882753372192383,26.836742556035006,0.0,0.0
192,thin-chair,ABL-ET2X-R-PreviousRawEdge-ResolvedRGB,5.819661617279053,26.90736666530305,0.0,0.0
193,chairs,O-T2X-R,2.071668863296509,34.306376583128774,0.0,0.0
193,chairs,ABL-ET2X-R-PreviousRawEdge-BilinearRGB,3.0797345638275146,30.8601942822763,0.0,0.0
193,chairs,ABL-ET2X-R-PreviousRawEdge-ResolvedRGB,3.047194480895996,30.94335119587913,0.0,0.0
193,thin-chair,O-T2X-R,3.896780252456665,30.58550969043736,0.0,0.0
193,thin-chair,ABL-ET2X-R-PreviousRawEdge-BilinearRGB,5.882753372192383,26.836742556035006,0.0,0.0
193,thin-chair,ABL-ET2X-R-PreviousRawEdge-ResolvedRGB,5.819661617279053,26.90736666530305,0.0,0.0
194,chairs,O-T2X-R,2.071668863296509,34.306376583128774,0.0,0.0
194,chairs,ABL-ET2X-R-PreviousRawEdge-BilinearRGB,3.0797345638275146,30.8601942822763,0.0,0.0
194,chairs,ABL-ET2X-R-PreviousRawEdge-ResolvedRGB,3.047194480895996,30.94335119587913,0.0,0.0
194,thin-chair,O-T2X-R,3.896780252456665,30.58550969043736,0.0,0.0
194,thin-chair,ABL-ET2X-R-PreviousRawEdge-BilinearRGB,5.882753372192383,26.836742556035006,0.0,0.0
194,thin-chair,ABL-ET2X-R-PreviousRawEdge-ResolvedRGB,5.819661617279053,26.90736666530305,0.0,0.0
195,chairs,O-T2X-R,2.071668863296509,34.306376583128774,0.0,0.0
195,chairs,ABL-ET2X-R-PreviousRawEdge-BilinearRGB,3.0797345638275146,30.8601942822763,0.0,0.0
195,chairs,ABL-ET2X-R-PreviousRawEdge-ResolvedRGB,3.047194480895996,30.94335119587913,0.0,0.0
195,thin-chair,O-T2X-R,3.896780252456665,30.58550969043736,0.0,0.0
195,thin-chair,ABL-ET2X-R-PreviousRawEdge-BilinearRGB,5.882753372192383,26.836742556035006,0.0,0.0
195,thin-chair,ABL-ET2X-R-PreviousRawEdge-ResolvedRGB,5.819661617279053,26.90736666530305,0.0,0.0
196,chairs,O-T2X-R,2.071668863296509,34.306376583128774,0.0,0.0
196,chairs,ABL-ET2X-R-PreviousRawEdge-BilinearRGB,3.0797345638275146,30.8601942822763,0.0,0.0
196,chairs,ABL-ET2X-R-PreviousRawEdge-ResolvedRGB,3.047194480895996,30.94335119587913,0.0,0.0
196,thin-chair,O-T2X-R,3.896780252456665,30.58550969043736,0.0,0.0
196,thin-chair,ABL-ET2X-R-PreviousRawEdge-BilinearRGB,5.882753372192383,26.836742556035006,0.0,0.0
196,thin-chair,ABL-ET2X-R-PreviousRawEdge-ResolvedRGB,5.819661617279053,26.90736666530305,0.0,0.0
197,chairs,O-T2X-R,2.071668863296509,34.306376583128774,0.0,0.0
197,chairs,ABL-ET2X-R-PreviousRawEdge-BilinearRGB,3.0797345638275146,30.8601942822763,0.0,0.0
197,chairs,ABL-ET2X-R-PreviousRawEdge-ResolvedRGB,3.047194480895996,30.94335119587913,0.0,0.0
197,thin-chair,O-T2X-R,3.896780252456665,30.58550969043736,0.0,0.0
197,thin-chair,ABL-ET2X-R-PreviousRawEdge-BilinearRGB,5.882753372192383,26.836742556035006,0.0,0.0
197,thin-chair,ABL-ET2X-R-PreviousRawEdge-ResolvedRGB,5.819661617279053,26.90736666530305,0.0,0.0
198,chairs,O-T2X-R,2.071668863296509,34.306376583128774,0.0,0.0
198,chairs,ABL-ET2X-R-PreviousRawEdge-BilinearRGB,3.0797345638275146,30.8601942822763,0.0,0.0
198,chairs,ABL-ET2X-R-PreviousRawEdge-ResolvedRGB,3.047194480895996,30.94335119587913,0.0,0.0
198,thin-chair,O-T2X-R,3.896780252456665,30.58550969043736,0.0,0.0
198,thin-chair,ABL-ET2X-R-PreviousRawEdge-BilinearRGB,5.882753372192383,26.836742556035006,0.0,0.0
198,thin-chair,ABL-ET2X-R-PreviousRawEdge-ResolvedRGB,5.819661617279053,26.90736666530305,0.0,0.0
199,chairs,O-T2X-R,2.071668863296509,34.306376583128774,0.0,0.0
199,chairs,ABL-ET2X-R-PreviousRawEdge-BilinearRGB,3.0797345638275146,30.8601942822763,0.0,0.0
199,chairs,ABL-ET2X-R-PreviousRawEdge-ResolvedRGB,3.047194480895996,30.94335119587913,0.0,0.0
199,thin-chair,O-T2X-R,3.896780252456665,30.58550969043736,0.0,0.0
199,thin-chair,ABL-ET2X-R-PreviousRawEdge-BilinearRGB,5.882753372192383,26.836742556035006,0.0,0.0
199,thin-chair,ABL-ET2X-R-PreviousRawEdge-ResolvedRGB,5.819661617279053,26.90736666530305,0.0,0.0
200,chairs,O-T2X-R,2.071668863296509,34.306376583128774,0.0,0.0
200,chairs,ABL-ET2X-R-PreviousRawEdge-BilinearRGB,3.0797345638275146,30.8601942822763,0.0,0.0
200,chairs,ABL-ET2X-R-PreviousRawEdge-ResolvedRGB,3.047194480895996,30.94335119587913,0.0,0.0
200,thin-chair,O-T2X-R,3.896780252456665,30.58550969043736,0.0,0.0
200,thin-chair,ABL-ET2X-R-PreviousRawEdge-BilinearRGB,5.882753372192383,26.836742556035006,0.0,0.0
200,thin-chair,ABL-ET2X-R-PreviousRawEdge-ResolvedRGB,5.819661617279053,26.90736666530305,0.0,0.0
201,chairs,O-T2X-R,2.071668863296509,34.306376583128774,0.0,0.0
201,chairs,ABL-ET2X-R-PreviousRawEdge-BilinearRGB,3.0797345638275146,30.8601942822763,0.0,0.0
201,chairs,ABL-ET2X-R-PreviousRawEdge-ResolvedRGB,3.047194480895996,30.94335119587913,0.0,0.0
201,thin-chair,O-T2X-R,3.896780252456665,30.58550969043736,0.0,0.0
201,thin-chair,ABL-ET2X-R-PreviousRawEdge-BilinearRGB,5.882753372192383,26.836742556035006,0.0,0.0
201,thin-chair,ABL-ET2X-R-PreviousRawEdge-ResolvedRGB,5.819661617279053,26.90736666530305,0.0,0.0
202,chairs,O-T2X-R,2.071668863296509,34.306376583128774,0.0,0.0
202,chairs,ABL-ET2X-R-PreviousRawEdge-BilinearRGB,3.0797345638275146,30.8601942822763,0.0,0.0
202,chairs,ABL-ET2X-R-PreviousRawEdge-ResolvedRGB,3.047194480895996,30.94335119587913,0.0,0.0
202,thin-chair,O-T2X-R,3.896780252456665,30.58550969043736,0.0,0.0
202,thin-chair,ABL-ET2X-R-PreviousRawEdge-BilinearRGB,5.882753372192383,26.836742556035006,0.0,0.0
202,thin-chair,ABL-ET2X-R-PreviousRawEdge-ResolvedRGB,5.819661617279053,26.90736666530305,0.0,0.0
203,chairs,O-T2X-R,2.071668863296509,34.306376583128774,0.0,0.0
203,chairs,ABL-ET2X-R-PreviousRawEdge-BilinearRGB,3.0797345638275146,30.8601942822763,0.0,0.0
203,chairs,ABL-ET2X-R-PreviousRawEdge-ResolvedRGB,3.047194480895996,30.94335119587913,0.0,0.0
203,thin-chair,O-T2X-R,3.896780252456665,30.58550969043736,0.0,0.0
203,thin-chair,ABL-ET2X-R-PreviousRawEdge-BilinearRGB,5.882753372192383,26.836742556035006,0.0,0.0
203,thin-chair,ABL-ET2X-R-PreviousRawEdge-ResolvedRGB,5.819661617279053,26.90736666530305,0.0,0.0
204,chairs,O-T2X-R,2.071668863296509,34.306376583128774,0.0,0.0
204,chairs,ABL-ET2X-R-PreviousRawEdge-BilinearRGB,3.0797345638275146,30.8601942822763,0.0,0.0
204,chairs,ABL-ET2X-R-PreviousRawEdge-ResolvedRGB,3.047194480895996,30.94335119587913,0.0,0.0
204,thin-chair,O-T2X-R,3.896780252456665,30.58550969043736,0.0,0.0
204,thin-chair,ABL-ET2X-R-PreviousRawEdge-BilinearRGB,5.882753372192383,26.836742556035006,0.0,0.0
204,thin-chair,ABL-ET2X-R-PreviousRawEdge-ResolvedRGB,5.819661617279053,26.90736666530305,0.0,0.0
205,chairs,O-T2X-R,2.071668863296509,34.306376583128774,0.0,0.0
205,chairs,ABL-ET2X-R-PreviousRawEdge-BilinearRGB,3.0797345638275146,30.8601942822763,0.0,0.0
205,chairs,ABL-ET2X-R-PreviousRawEdge-ResolvedRGB,3.047194480895996,30.94335119587913,0.0,0.0
205,thin-chair,O-T2X-R,3.896780252456665,30.58550969043736,0.0,0.0
205,thin-chair,ABL-ET2X-R-PreviousRawEdge-BilinearRGB,5.882753372192383,26.836742556035006,0.0,0.0
205,thin-chair,ABL-ET2X-R-PreviousRawEdge-ResolvedRGB,5.819661617279053,26.90736666530305,0.0,0.0
206,chairs,O-T2X-R,2.071668863296509,34.306376583128774,0.0,0.0
206,chairs,ABL-ET2X-R-PreviousRawEdge-BilinearRGB,3.0797345638275146,30.8601942822763,0.0,0.0
206,chairs,ABL-ET2X-R-PreviousRawEdge-ResolvedRGB,3.047194480895996,30.94335119587913,0.0,0.0
206,thin-chair,O-T2X-R,3.896780252456665,30.58550969043736,0.0,0.0
206,thin-chair,ABL-ET2X-R-PreviousRawEdge-BilinearRGB,5.882753372192383,26.836742556035006,0.0,0.0
206,thin-chair,ABL-ET2X-R-PreviousRawEdge-ResolvedRGB,5.819661617279053,26.90736666530305,0.0,0.0
207,chairs,O-T2X-R,2.071668863296509,34.306376583128774,0.0,0.0
207,chairs,ABL-ET2X-R-PreviousRawEdge-BilinearRGB,3.0797345638275146,30.8601942822763,0.0,0.0
207,chairs,ABL-ET2X-R-PreviousRawEdge-ResolvedRGB,3.047194480895996,30.94335119587913,0.0,0.0
207,thin-chair,O-T2X-R,3.896780252456665,30.58550969043736,0.0,0.0
207,thin-chair,ABL-ET2X-R-PreviousRawEdge-BilinearRGB,5.882753372192383,26.836742556035006,0.0,0.0
207,thin-chair,ABL-ET2X-R-PreviousRawEdge-ResolvedRGB,5.819661617279053,26.90736666530305,0.0,0.0
208,chairs,O-T2X-R,2.071668863296509,34.306376583128774,0.0,0.0
208,chairs,ABL-ET2X-R-PreviousRawEdge-BilinearRGB,3.0797345638275146,30.8601942822763,0.0,0.0
208,chairs,ABL-ET2X-R-PreviousRawEdge-ResolvedRGB,3.047194480895996,30.94335119587913,0.0,0.0
208,thin-chair,O-T2X-R,3.896780252456665,30.58550969043736,0.0,0.0
208,thin-chair,ABL-ET2X-R-PreviousRawEdge-BilinearRGB,5.882753372192383,26.836742556035006,0.0,0.0
208,thin-chair,ABL-ET2X-R-PreviousRawEdge-ResolvedRGB,5.819661617279053,26.90736666530305,0.0,0.0
209,chairs,O-T2X-R,2.071668863296509,34.306376583128774,0.0,0.0
209,chairs,ABL-ET2X-R-PreviousRawEdge-BilinearRGB,3.0797345638275146,30.8601942822763,0.0,0.0
209,chairs,ABL-ET2X-R-PreviousRawEdge-ResolvedRGB,3.047194480895996,30.94335119587913,0.0,0.0
209,thin-chair,O-T2X-R,3.896780252456665,30.58550969043736,0.0,0.0
209,thin-chair,ABL-ET2X-R-PreviousRawEdge-BilinearRGB,5.882753372192383,26.836742556035006,0.0,0.0
209,thin-chair,ABL-ET2X-R-PreviousRawEdge-ResolvedRGB,5.819661617279053,26.90736666530305,0.0,0.0
210,chairs,O-T2X-R,2.071668863296509,34.306376583128774,0.0,0.0
210,chairs,ABL-ET2X-R-PreviousRawEdge-BilinearRGB,3.0797345638275146,30.8601942822763,0.0,0.0
210,chairs,ABL-ET2X-R-PreviousRawEdge-ResolvedRGB,3.047194480895996,30.94335119587913,0.0,0.0
210,thin-chair,O-T2X-R,3.896780252456665,30.58550969043736,0.0,0.0
210,thin-chair,ABL-ET2X-R-PreviousRawEdge-BilinearRGB,5.882753372192383,26.836742556035006,0.0,0.0
210,thin-chair,ABL-ET2X-R-PreviousRawEdge-ResolvedRGB,5.819661617279053,26.90736666530305,0.0,0.0
211,chairs,O-T2X-R,2.071668863296509,34.306376583128774,0.0,0.0
211,chairs,ABL-ET2X-R-PreviousRawEdge-BilinearRGB,3.0797345638275146,30.8601942822763,0.0,0.0
211,chairs,ABL-ET2X-R-PreviousRawEdge-ResolvedRGB,3.047194480895996,30.94335119587913,0.0,0.0
211,thin-chair,O-T2X-R,3.896780252456665,30.58550969043736,0.0,0.0
211,thin-chair,ABL-ET2X-R-PreviousRawEdge-BilinearRGB,5.882753372192383,26.836742556035006,0.0,0.0
211,thin-chair,ABL-ET2X-R-PreviousRawEdge-ResolvedRGB,5.819661617279053,26.90736666530305,0.0,0.0
212,chairs,O-T2X-R,2.071668863296509,34.306376583128774,0.0,0.0
212,chairs,ABL-ET2X-R-PreviousRawEdge-BilinearRGB,3.0797345638275146,30.8601942822763,0.0,0.0
212,chairs,ABL-ET2X-R-PreviousRawEdge-ResolvedRGB,3.047194480895996,30.94335119587913,0.0,0.0
212,thin-chair,O-T2X-R,3.896780252456665,30.58550969043736,0.0,0.0
212,thin-chair,ABL-ET2X-R-PreviousRawEdge-BilinearRGB,5.882753372192383,26.836742556035006,0.0,0.0
212,thin-chair,ABL-ET2X-R-PreviousRawEdge-ResolvedRGB,5.819661617279053,26.90736666530305,0.0,0.0
213,chairs,O-T2X-R,2.071668863296509,34.306376583128774,0.0,0.0
213,chairs,ABL-ET2X-R-PreviousRawEdge-BilinearRGB,3.0797345638275146,30.8601942822763,0.0,0.0
213,chairs,ABL-ET2X-R-PreviousRawEdge-ResolvedRGB,3.047194480895996,30.94335119587913,0.0,0.0
213,thin-chair,O-T2X-R,3.896780252456665,30.58550969043736,0.0,0.0
213,thin-chair,ABL-ET2X-R-PreviousRawEdge-BilinearRGB,5.882753372192383,26.836742556035006,0.0,0.0
213,thin-chair,ABL-ET2X-R-PreviousRawEdge-ResolvedRGB,5.819661617279053,26.90736666530305,0.0,0.0
214,chairs,O-T2X-R,2.071668863296509,34.306376583128774,0.0,0.0
214,chairs,ABL-ET2X-R-PreviousRawEdge-BilinearRGB,3.0797345638275146,30.8601942822763,0.0,0.0
214,chairs,ABL-ET2X-R-PreviousRawEdge-ResolvedRGB,3.047194480895996,30.94335119587913,0.0,0.0
214,thin-chair,O-T2X-R,3.896780252456665,30.58550969043736,0.0,0.0
214,thin-chair,ABL-ET2X-R-PreviousRawEdge-BilinearRGB,5.882753372192383,26.836742556035006,0.0,0.0
214,thin-chair,ABL-ET2X-R-PreviousRawEdge-ResolvedRGB,5.819661617279053,26.90736666530305,0.0,0.0
215,chairs,O-T2X-R,2.071668863296509,34.306376583128774,0.0,0.0
215,chairs,ABL-ET2X-R-PreviousRawEdge-BilinearRGB,3.0797345638275146,30.8601942822763,0.0,0.0
215,chairs,ABL-ET2X-R-PreviousRawEdge-ResolvedRGB,3.047194480895996,30.94335119587913,0.0,0.0
215,thin-chair,O-T2X-R,3.896780252456665,30.58550969043736,0.0,0.0
215,thin-chair,ABL-ET2X-R-PreviousRawEdge-BilinearRGB,5.882753372192383,26.836742556035006,0.0,0.0
215,thin-chair,ABL-ET2X-R-PreviousRawEdge-ResolvedRGB,5.819661617279053,26.90736666530305,0.0,0.0
216,chairs,O-T2X-R,2.071668863296509,34.306376583128774,0.0,0.0
216,chairs,ABL-ET2X-R-PreviousRawEdge-BilinearRGB,3.0797345638275146,30.8601942822763,0.0,0.0
216,chairs,ABL-ET2X-R-PreviousRawEdge-ResolvedRGB,3.047194480895996,30.94335119587913,0.0,0.0
216,thin-chair,O-T2X-R,3.896780252456665,30.58550969043736,0.0,0.0
216,thin-chair,ABL-ET2X-R-PreviousRawEdge-BilinearRGB,5.882753372192383,26.836742556035006,0.0,0.0
216,thin-chair,ABL-ET2X-R-PreviousRawEdge-ResolvedRGB,5.819661617279053,26.90736666530305,0.0,0.0
217,chairs,O-T2X-R,2.071668863296509,34.306376583128774,0.0,0.0
217,chairs,ABL-ET2X-R-PreviousRawEdge-BilinearRGB,3.0797345638275146,30.8601942822763,0.0,0.0
217,chairs,ABL-ET2X-R-PreviousRawEdge-ResolvedRGB,3.047194480895996,30.94335119587913,0.0,0.0
217,thin-chair,O-T2X-R,3.896780252456665,30.58550969043736,0.0,0.0
217,thin-chair,ABL-ET2X-R-PreviousRawEdge-BilinearRGB,5.882753372192383,26.836742556035006,0.0,0.0
217,thin-chair,ABL-ET2X-R-PreviousRawEdge-ResolvedRGB,5.819661617279053,26.90736666530305,0.0,0.0
218,chairs,O-T2X-R,2.071668863296509,34.306376583128774,0.0,0.0
218,chairs,ABL-ET2X-R-PreviousRawEdge-BilinearRGB,3.0797345638275146,30.8601942822763,0.0,0.0
218,chairs,ABL-ET2X-R-PreviousRawEdge-ResolvedRGB,3.047194480895996,30.94335119587913,0.0,0.0
218,thin-chair,O-T2X-R,3.896780252456665,30.58550969043736,0.0,0.0
218,thin-chair,ABL-ET2X-R-PreviousRawEdge-BilinearRGB,5.882753372192383,26.836742556035006,0.0,0.0
218,thin-chair,ABL-ET2X-R-PreviousRawEdge-ResolvedRGB,5.819661617279053,26.90736666530305,0.0,0.0
219,chairs,O-T2X-R,2.071668863296509,34.306376583128774,0.0,0.0
219,chairs,ABL-ET2X-R-PreviousRawEdge-BilinearRGB,3.0797345638275146,30.8601942822763,0.0,0.0
219,chairs,ABL-ET2X-R-PreviousRawEdge-ResolvedRGB,3.047194480895996,30.94335119587913,0.0,0.0
219,thin-chair,O-T2X-R,3.896780252456665,30.58550969043736,0.0,0.0
219,thin-chair,ABL-ET2X-R-PreviousRawEdge-BilinearRGB,5.882753372192383,26.836742556035006,0.0,0.0
219,thin-chair,ABL-ET2X-R-PreviousRawEdge-ResolvedRGB,5.819661617279053,26.90736666530305,0.0,0.0
220,chairs,O-T2X-R,2.071668863296509,34.306376583128774,0.0,0.0
220,chairs,ABL-ET2X-R-PreviousRawEdge-BilinearRGB,3.0797345638275146,30.8601942822763,0.0,0.0
220,chairs,ABL-ET2X-R-PreviousRawEdge-ResolvedRGB,3.047194480895996,30.94335119587913,0.0,0.0
220,thin-chair,O-T2X-R,3.896780252456665,30.58550969043736,0.0,0.0
220,thin-chair,ABL-ET2X-R-PreviousRawEdge-BilinearRGB,5.882753372192383,26.836742556035006,0.0,0.0
220,thin-chair,ABL-ET2X-R-PreviousRawEdge-ResolvedRGB,5.819661617279053,26.90736666530305,0.0,0.0
221,chairs,O-T2X-R,2.071668863296509,34.306376583128774,0.0,0.0
221,chairs,ABL-ET2X-R-PreviousRawEdge-BilinearRGB,3.0797345638275146,30.8601942822763,0.0,0.0
221,chairs,ABL-ET2X-R-PreviousRawEdge-ResolvedRGB,3.047194480895996,30.94335119587913,0.0,0.0
221,thin-chair,O-T2X-R,3.896780252456665,30.58550969043736,0.0,0.0
221,thin-chair,ABL-ET2X-R-PreviousRawEdge-BilinearRGB,5.882753372192383,26.836742556035006,0.0,0.0
221,thin-chair,ABL-ET2X-R-PreviousRawEdge-ResolvedRGB,5.819661617279053,26.90736666530305,0.0,0.0
222,chairs,O-T2X-R,2.071668863296509,34.306376583128774,0.0,0.0
222,chairs,ABL-ET2X-R-PreviousRawEdge-BilinearRGB,3.0797345638275146,30.8601942822763,0.0,0.0
222,chairs,ABL-ET2X-R-PreviousRawEdge-ResolvedRGB,3.047194480895996,30.94335119587913,0.0,0.0
222,thin-chair,O-T2X-R,3.896780252456665,30.58550969043736,0.0,0.0
222,thin-chair,ABL-ET2X-R-PreviousRawEdge-BilinearRGB,5.882753372192383,26.836742556035006,0.0,0.0
222,thin-chair,ABL-ET2X-R-PreviousRawEdge-ResolvedRGB,5.819661617279053,26.90736666530305,0.0,0.0
223,chairs,O-T2X-R,2.071668863296509,34.306376583128774,0.0,0.0
223,chairs,ABL-ET2X-R-PreviousRawEdge-BilinearRGB,3.0797345638275146,30.8601942822763,0.0,0.0
223,chairs,ABL-ET2X-R-PreviousRawEdge-ResolvedRGB,3.047194480895996,30.94335119587913,0.0,0.0
223,thin-chair,O-T2X-R,3.896780252456665,30.58550969043736,0.0,0.0
223,thin-chair,ABL-ET2X-R-PreviousRawEdge-BilinearRGB,5.882753372192383,26.836742556035006,0.0,0.0
223,thin-chair,ABL-ET2X-R-PreviousRawEdge-ResolvedRGB,5.819661617279053,26.90736666530305,0.0,0.0
224,chairs,O-T2X-R,2.071668863296509,34.306376583128774,0.0,0.0
224,chairs,ABL-ET2X-R-PreviousRawEdge-BilinearRGB,3.0797345638275146,30.8601942822763,0.0,0.0
224,chairs,ABL-ET2X-R-PreviousRawEdge-ResolvedRGB,3.047194480895996,30.94335119587913,0.0,0.0
224,thin-chair,O-T2X-R,3.896780252456665,30.58550969043736,0.0,0.0
224,thin-chair,ABL-ET2X-R-PreviousRawEdge-BilinearRGB,5.882753372192383,26.836742556035006,0.0,0.0
224,thin-chair,ABL-ET2X-R-PreviousRawEdge-ResolvedRGB,5.819661617279053,26.90736666530305,0.0,0.0
225,chairs,O-T2X-R,2.071668863296509,34.306376583128774,0.0,0.0
225,chairs,ABL-ET2X-R-PreviousRawEdge-BilinearRGB,3.0797345638275146,30.8601942822763,0.0,0.0
225,chairs,ABL-ET2X-R-PreviousRawEdge-ResolvedRGB,3.047194480895996,30.94335119587913,0.0,0.0
225,thin-chair,O-T2X-R,3.896780252456665,30.58550969043736,0.0,0.0
225,thin-chair,ABL-ET2X-R-PreviousRawEdge-BilinearRGB,5.882753372192383,26.836742556035006,0.0,0.0
225,thin-chair,ABL-ET2X-R-PreviousRawEdge-ResolvedRGB,5.819661617279053,26.90736666530305,0.0,0.0
226,chairs,O-T2X-R,2.071668863296509,34.306376583128774,0.0,0.0
226,chairs,ABL-ET2X-R-PreviousRawEdge-BilinearRGB,3.0797345638275146,30.8601942822763,0.0,0.0
226,chairs,ABL-ET2X-R-PreviousRawEdge-ResolvedRGB,3.047194480895996,30.94335119587913,0.0,0.0
226,thin-chair,O-T2X-R,3.896780252456665,30.58550969043736,0.0,0.0
226,thin-chair,ABL-ET2X-R-PreviousRawEdge-BilinearRGB,5.882753372192383,26.836742556035006,0.0,0.0
226,thin-chair,ABL-ET2X-R-PreviousRawEdge-ResolvedRGB,5.819661617279053,26.90736666530305,0.0,0.0
227,chairs,O-T2X-R,2.071668863296509,34.306376583128774,0.0,0.0
227,chairs,ABL-ET2X-R-PreviousRawEdge-BilinearRGB,3.0797345638275146,30.8601942822763,0.0,0.0
227,chairs,ABL-ET2X-R-PreviousRawEdge-ResolvedRGB,3.047194480895996,30.94335119587913,0.0,0.0
227,thin-chair,O-T2X-R,3.896780252456665,30.58550969043736,0.0,0.0
227,thin-chair,ABL-ET2X-R-PreviousRawEdge-BilinearRGB,5.882753372192383,26.836742556035006,0.0,0.0
227,thin-chair,ABL-ET2X-R-PreviousRawEdge-ResolvedRGB,5.819661617279053,26.90736666530305,0.0,0.0
228,chairs,O-T2X-R,2.071668863296509,34.306376583128774,0.0,0.0
228,chairs,ABL-ET2X-R-PreviousRawEdge-BilinearRGB,3.0797345638275146,30.8601942822763,0.0,0.0
228,chairs,ABL-ET2X-R-PreviousRawEdge-ResolvedRGB,3.047194480895996,30.94335119587913,0.0,0.0
228,thin-chair,O-T2X-R,3.896780252456665,30.58550969043736,0.0,0.0
228,thin-chair,ABL-ET2X-R-PreviousRawEdge-BilinearRGB,5.882753372192383,26.836742556035006,0.0,0.0
228,thin-chair,ABL-ET2X-R-PreviousRawEdge-ResolvedRGB,5.819661617279053,26.90736666530305,0.0,0.0
229,chairs,O-T2X-R,2.071668863296509,34.306376583128774,0.0,0.0
229,chairs,ABL-ET2X-R-PreviousRawEdge-BilinearRGB,3.0797345638275146,30.8601942822763,0.0,0.0
229,chairs,ABL-ET2X-R-PreviousRawEdge-ResolvedRGB,3.047194480895996,30.94335119587913,0.0,0.0
229,thin-chair,O-T2X-R,3.896780252456665,30.58550969043736,0.0,0.0
229,thin-chair,ABL-ET2X-R-PreviousRawEdge-BilinearRGB,5.882753372192383,26.836742556035006,0.0,0.0
229,thin-chair,ABL-ET2X-R-PreviousRawEdge-ResolvedRGB,5.819661617279053,26.90736666530305,0.0,0.0
230,chairs,O-T2X-R,2.071668863296509,34.306376583128774,0.0,0.0
230,chairs,ABL-ET2X-R-PreviousRawEdge-BilinearRGB,3.0797345638275146,30.8601942822763,0.0,0.0
230,chairs,ABL-ET2X-R-PreviousRawEdge-ResolvedRGB,3.047194480895996,30.94335119587913,0.0,0.0
230,thin-chair,O-T2X-R,3.896780252456665,30.58550969043736,0.0,0.0
230,thin-chair,ABL-ET2X-R-PreviousRawEdge-BilinearRGB,5.882753372192383,26.836742556035006,0.0,0.0
230,thin-chair,ABL-ET2X-R-PreviousRawEdge-ResolvedRGB,5.819661617279053,26.90736666530305,0.0,0.0
231,chairs,O-T2X-R,2.071668863296509,34.306376583128774,0.0,0.0
231,chairs,ABL-ET2X-R-PreviousRawEdge-BilinearRGB,3.0797345638275146,30.8601942822763,0.0,0.0
231,chairs,ABL-ET2X-R-PreviousRawEdge-ResolvedRGB,3.047194480895996,30.94335119587913,0.0,0.0
231,thin-chair,O-T2X-R,3.896780252456665,30.58550969043736,0.0,0.0
231,thin-chair,ABL-ET2X-R-PreviousRawEdge-BilinearRGB,5.882753372192383,26.836742556035006,0.0,0.0
231,thin-chair,ABL-ET2X-R-PreviousRawEdge-ResolvedRGB,5.819661617279053,26.90736666530305,0.0,0.0
232,chairs,O-T2X-R,2.071668863296509,34.306376583128774,0.0,0.0
232,chairs,ABL-ET2X-R-PreviousRawEdge-BilinearRGB,3.0797345638275146,30.8601942822763,0.0,0.0
232,chairs,ABL-ET2X-R-PreviousRawEdge-ResolvedRGB,3.047194480895996,30.94335119587913,0.0,0.0
232,thin-chair,O-T2X-R,3.896780252456665,30.58550969043736,0.0,0.0
232,thin-chair,ABL-ET2X-R-PreviousRawEdge-BilinearRGB,5.882753372192383,26.836742556035006,0.0,0.0
232,thin-chair,ABL-ET2X-R-PreviousRawEdge-ResolvedRGB,5.819661617279053,26.90736666530305,0.0,0.0
233,chairs,O-T2X-R,2.071668863296509,34.306376583128774,0.0,0.0
233,chairs,ABL-ET2X-R-PreviousRawEdge-BilinearRGB,3.0797345638275146,30.8601942822763,0.0,0.0
233,chairs,ABL-ET2X-R-PreviousRawEdge-ResolvedRGB,3.047194480895996,30.94335119587913,0.0,0.0
233,thin-chair,O-T2X-R,3.896780252456665,30.58550969043736,0.0,0.0
233,thin-chair,ABL-ET2X-R-PreviousRawEdge-BilinearRGB,5.882753372192383,26.836742556035006,0.0,0.0
233,thin-chair,ABL-ET2X-R-PreviousRawEdge-ResolvedRGB,5.819661617279053,26.90736666530305,0.0,0.0
234,chairs,O-T2X-R,2.071668863296509,34.306376583128774,0.0,0.0
234,chairs,ABL-ET2X-R-PreviousRawEdge-BilinearRGB,3.0797345638275146,30.8601942822763,0.0,0.0
234,chairs,ABL-ET2X-R-PreviousRawEdge-ResolvedRGB,3.047194480895996,30.94335119587913,0.0,0.0
234,thin-chair,O-T2X-R,3.896780252456665,30.58550969043736,0.0,0.0
234,thin-chair,ABL-ET2X-R-PreviousRawEdge-BilinearRGB,5.882753372192383,26.836742556035006,0.0,0.0
234,thin-chair,ABL-ET2X-R-PreviousRawEdge-ResolvedRGB,5.819661617279053,26.90736666530305,0.0,0.0
235,chairs,O-T2X-R,2.071668863296509,34.306376583128774,0.0,0.0
235,chairs,ABL-ET2X-R-PreviousRawEdge-BilinearRGB,3.0797345638275146,30.8601942822763,0.0,0.0
235,chairs,ABL-ET2X-R-PreviousRawEdge-ResolvedRGB,3.047194480895996,30.94335119587913,0.0,0.0
235,thin-chair,O-T2X-R,3.896780252456665,30.58550969043736,0.0,0.0
235,thin-chair,ABL-ET2X-R-PreviousRawEdge-BilinearRGB,5.882753372192383,26.836742556035006,0.0,0.0
235,thin-chair,ABL-ET2X-R-PreviousRawEdge-ResolvedRGB,5.819661617279053,26.90736666530305,0.0,0.0
236,chairs,O-T2X-R,2.071668863296509,34.306376583128774,0.0,0.0
236,chairs,ABL-ET2X-R-PreviousRawEdge-BilinearRGB,3.0797345638275146,30.8601942822763,0.0,0.0
236,chairs,ABL-ET2X-R-PreviousRawEdge-ResolvedRGB,3.047194480895996,30.94335119587913,0.0,0.0
236,thin-chair,O-T2X-R,3.896780252456665,30.58550969043736,0.0,0.0
236,thin-chair,ABL-ET2X-R-PreviousRawEdge-BilinearRGB,5.882753372192383,26.836742556035006,0.0,0.0
236,thin-chair,ABL-ET2X-R-PreviousRawEdge-ResolvedRGB,5.819661617279053,26.90736666530305,0.0,0.0
237,chairs,O-T2X-R,2.071668863296509,34.306376583128774,0.0,0.0
237,chairs,ABL-ET2X-R-PreviousRawEdge-BilinearRGB,3.0797345638275146,30.8601942822763,0.0,0.0
237,chairs,ABL-ET2X-R-PreviousRawEdge-ResolvedRGB,3.047194480895996,30.94335119587913,0.0,0.0
237,thin-chair,O-T2X-R,3.896780252456665,30.58550969043736,0.0,0.0
237,thin-chair,ABL-ET2X-R-PreviousRawEdge-BilinearRGB,5.882753372192383,26.836742556035006,0.0,0.0
237,thin-chair,ABL-ET2X-R-PreviousRawEdge-ResolvedRGB,5.819661617279053,26.90736666530305,0.0,0.0
238,chairs,O-T2X-R,2.071668863296509,34.306376583128774,0.0,0.0
238,chairs,ABL-ET2X-R-PreviousRawEdge-BilinearRGB,3.0797345638275146,30.8601942822763,0.0,0.0
238,chairs,ABL-ET2X-R-PreviousRawEdge-ResolvedRGB,3.047194480895996,30.94335119587913,0.0,0.0
238,thin-chair,O-T2X-R,3.896780252456665,30.58550969043736,0.0,0.0
238,thin-chair,ABL-ET2X-R-PreviousRawEdge-BilinearRGB,5.882753372192383,26.836742556035006,0.0,0.0
238,thin-chair,ABL-ET2X-R-PreviousRawEdge-ResolvedRGB,5.819661617279053,26.90736666530305,0.0,0.0
239,chairs,O-T2X-R,2.071668863296509,34.306376583128774,0.0,0.0
239,chairs,ABL-ET2X-R-PreviousRawEdge-BilinearRGB,3.0797345638275146,30.8601942822763,0.0,0.0
239,chairs,ABL-ET2X-R-PreviousRawEdge-ResolvedRGB,3.047194480895996,30.94335119587913,0.0,0.0
239,thin-chair,O-T2X-R,3.896780252456665,30.58550969043736,0.0,0.0
239,thin-chair,ABL-ET2X-R-PreviousRawEdge-BilinearRGB,5.882753372192383,26.836742556035006,0.0,0.0
239,thin-chair,ABL-ET2X-R-PreviousRawEdge-ResolvedRGB,5.819661617279053,26.90736666530305,0.0,0.0
