frame,roi,mode,reference_rgb_mae,psnr,luma_delta,luma_second_delta
0,seams,O-T2X-R,0.5473155379295349,44.08013087623422,,
0,seams,ABL-ET2X-R-PreviousRawEdge-BilinearRGB,0.43066179752349854,44.80100708652163,,
0,seams,ABL-ET2X-R-PreviousRawEdge-ResolvedRGB,0.43066179752349854,44.80100708652163,,
0,thin-seam,O-T2X-R,0.6482204794883728,46.388466073663025,,
0,thin-seam,ABL-ET2X-R-PreviousRawEdge-BilinearRGB,0.8239474892616272,41.062324330100765,,
0,thin-seam,ABL-ET2X-R-PreviousRawEdge-ResolvedRGB,0.8239474892616272,41.062324330100765,,
1,seams,O-T2X-R,0.39010825753211975,47.187940237934555,0.399409681558609,
1,seams,ABL-ET2X-R-PreviousRawEdge-BilinearRGB,0.43066179752349854,44.80100708652163,0.0,
1,seams,ABL-ET2X-R-PreviousRawEdge-ResolvedRGB,0.43066179752349854,44.80100708652163,0.0,
1,thin-seam,O-T2X-R,0.6215277910232544,44.61442733173292,0.5660820007324219,
1,thin-seam,ABL-ET2X-R-PreviousRawEdge-BilinearRGB,0.8239474892616272,41.062324330100765,0.0,
1,thin-seam,ABL-ET2X-R-PreviousRawEdge-ResolvedRGB,0.8239474892616272,41.062324330100765,0.0,
2,seams,O-T2X-R,0.39010825753211975,47.187940237934555,0.0,0.399409681558609
2,seams,ABL-ET2X-R-PreviousRawEdge-BilinearRGB,0.43066179752349854,44.80100708652163,0.0,0.0
2,seams,ABL-ET2X-R-PreviousRawEdge-ResolvedRGB,0.43066179752349854,44.80100708652163,0.0,0.0
2,thin-seam,O-T2X-R,0.6215277910232544,44.61442733173292,0.0,0.5660820007324219
2,thin-seam,ABL-ET2X-R-PreviousRawEdge-BilinearRGB,0.8239474892616272,41.062324330100765,0.0,0.0
2,thin-seam,ABL-ET2X-R-PreviousRawEdge-ResolvedRGB,0.8239474892616272,41.062324330100765,0.0,0.0
3,seams,O-T2X-R,0.39010825753211975,47.187940237934555,0.0,0.0
3,seams,ABL-ET2X-R-PreviousRawEdge-BilinearRGB,0.43066179752349854,44.80100708652163,0.0,0.0
3,seams,ABL-ET2X-R-PreviousRawEdge-ResolvedRGB,0.43066179752349854,44.80100708652163,0.0,0.0
3,thin-seam,O-T2X-R,0.6215277910232544,44.61442733173292,0.0,0.0
3,thin-seam,ABL-ET2X-R-PreviousRawEdge-BilinearRGB,0.8239474892616272,41.062324330100765,0.0,0.0
3,thin-seam,ABL-ET2X-R-PreviousRawEdge-ResolvedRGB,0.8239474892616272,41.062324330100765,0.0,0.0
4,seams,O-T2X-R,0.39010825753211975,47.187940237934555,0.0,0.0
4,seams,ABL-ET2X-R-PreviousRawEdge-BilinearRGB,0.43066179752349854,44.80100708652163,0.0,0.0
4,seams,ABL-ET2X-R-PreviousRawEdge-ResolvedRGB,0.43066179752349854,44.80100708652163,0.0,0.0
4,thin-seam,O-T2X-R,0.6215277910232544,44.61442733173292,0.0,0.0
4,thin-seam,ABL-ET2X-R-PreviousRawEdge-BilinearRGB,0.8239474892616272,41.062324330100765,0.0,0.0
4,thin-seam,ABL-ET2X-R-PreviousRawEdge-ResolvedRGB,0.8239474892616272,41.062324330100765,0.0,0.0
5,seams,O-T2X-R,0.39010825753211975,47.187940237934555,0.0,0.0
5,seams,ABL-ET2X-R-PreviousRawEdge-BilinearRGB,0.43066179752349854,44.80100708652163,0.0,0.0
5,seams,ABL-ET2X-R-PreviousRawEdge-ResolvedRGB,0.43066179752349854,44.80100708652163,0.0,0.0
5,thin-seam,O-T2X-R,0.6215277910232544,44.61442733173292,0.0,0.0
5,thin-seam,ABL-ET2X-R-PreviousRawEdge-BilinearRGB,0.8239474892616272,41.062324330100765,0.0,0.0
5,thin-seam,ABL-ET2X-R-PreviousRawEdge-ResolvedRGB,0.8239474892616272,41.062324330100765,0.0,0.0
6,seams,O-T2X-R,0.39010825753211975,47.187940237934555,0.0,0.0
6,seams,ABL-ET2X-R-PreviousRawEdge-BilinearRGB,0.43066179752349854,44.80100708652163,0.0,0.0
6,seams,ABL-ET2X-R-PreviousRawEdge-ResolvedRGB,0.43066179752349854,44.80100708652163,0.0,0.0
6,thin-seam,O-T2X-R,0.6215277910232544,44.61442733173292,0.0,0.0
6,thin-seam,ABL-ET2X-R-PreviousRawEdge-BilinearRGB,0.8239474892616272,41.062324330100765,0.0,0.0
6,thin-seam,ABL-ET2X-R-PreviousRawEdge-ResolvedRGB,0.8239474892616272,41.062324330100765,0.0,0.0
7,seams,O-T2X-R,0.39010825753211975,47.187940237934555,0.0,0.0
7,seams,ABL-ET2X-R-PreviousRawEdge-BilinearRGB,0.43066179752349854,44.80100708652163,0.0,0.0
7,seams,ABL-ET2X-R-PreviousRawEdge-ResolvedRGB,0.43066179752349854,44.80100708652163,0.0,0.0
7,thin-seam,O-T2X-R,0.6215277910232544,44.61442733173292,0.0,0.0
7,thin-seam,ABL-ET2X-R-PreviousRawEdge-BilinearRGB,0.8239474892616272,41.062324330100765,0.0,0.0
7,thin-seam,ABL-ET2X-R-PreviousRawEdge-ResolvedRGB,0.8239474892616272,41.062324330100765,0.0,0.0
8,seams,O-T2X-R,0.39010825753211975,47.187940237934555,0.0,0.0
8,seams,ABL-ET2X-R-PreviousRawEdge-BilinearRGB,0.43066179752349854,44.80100708652163,0.0,0.0
8,seams,ABL-ET2X-R-PreviousRawEdge-ResolvedRGB,0.43066179752349854,44.80100708652163,0.0,0.0
8,thin-seam,O-T2X-R,0.6215277910232544,44.61442733173292,0.0,0.0
8,thin-seam,ABL-ET2X-R-PreviousRawEdge-BilinearRGB,0.8239474892616272,41.062324330100765,0.0,0.0
8,thin-seam,ABL-ET2X-R-PreviousRawEdge-ResolvedRGB,0.8239474892616272,41.062324330100765,0.0,0.0
9,seams,O-T2X-R,0.39010825753211975,47.187940237934555,0.0,0.0
9,seams,ABL-ET2X-R-PreviousRawEdge-BilinearRGB,0.43066179752349854,44.80100708652163,0.0,0.0
9,seams,ABL-ET2X-R-PreviousRawEdge-ResolvedRGB,0.43066179752349854,44.80100708652163,0.0,0.0
9,thin-seam,O-T2X-R,0.6215277910232544,44.61442733173292,0.0,0.0
9,thin-seam,ABL-ET2X-R-PreviousRawEdge-BilinearRGB,0.8239474892616272,41.062324330100765,0.0,0.0
9,thin-seam,ABL-ET2X-R-PreviousRawEdge-ResolvedRGB,0.8239474892616272,41.062324330100765,0.0,0.0
10,seams,O-T2X-R,0.39010825753211975,47.187940237934555,0.0,0.0
10,seams,ABL-ET2X-R-PreviousRawEdge-BilinearRGB,0.43066179752349854,44.80100708652163,0.0,0.0
10,seams,ABL-ET2X-R-PreviousRawEdge-ResolvedRGB,0.43066179752349854,44.80100708652163,0.0,0.0
10,thin-seam,O-T2X-R,0.6215277910232544,44.61442733173292,0.0,0.0
10,thin-seam,ABL-ET2X-R-PreviousRawEdge-BilinearRGB,0.8239474892616272,41.062324330100765,0.0,0.0
10,thin-seam,ABL-ET2X-R-PreviousRawEdge-ResolvedRGB,0.8239474892616272,41.062324330100765,0.0,0.0
11,seams,O-T2X-R,0.39010825753211975,47.187940237934555,0.0,0.0
11,seams,ABL-ET2X-R-PreviousRawEdge-BilinearRGB,0.43066179752349854,44.80100708652163,0.0,0.0
11,seams,ABL-ET2X-R-PreviousRawEdge-ResolvedRGB,0.43066179752349854,44.80100708652163,0.0,0.0
11,thin-seam,O-T2X-R,0.6215277910232544,44.61442733173292,0.0,0.0
11,thin-seam,ABL-ET2X-R-PreviousRawEdge-BilinearRGB,0.8239474892616272,41.062324330100765,0.0,0.0
11,thin-seam,ABL-ET2X-R-PreviousRawEdge-ResolvedRGB,0.8239474892616272,41.062324330100765,0.0,0.0
12,seams,O-T2X-R,0.39010825753211975,47.187940237934555,0.0,0.0
12,seams,ABL-ET2X-R-PreviousRawEdge-BilinearRGB,0.43066179752349854,44.80100708652163,0.0,0.0
12,seams,ABL-ET2X-R-PreviousRawEdge-ResolvedRGB,0.43066179752349854,44.80100708652163,0.0,0.0
12,thin-seam,O-T2X-R,0.6215277910232544,44.61442733173292,0.0,0.0
12,thin-seam,ABL-ET2X-R-PreviousRawEdge-BilinearRGB,0.8239474892616272,41.062324330100765,0.0,0.0
12,thin-seam,ABL-ET2X-R-PreviousRawEdge-ResolvedRGB,0.8239474892616272,41.062324330100765,0.0,0.0
13,seams,O-T2X-R,0.39010825753211975,47.187940237934555,0.0,0.0
13,seams,ABL-ET2X-R-PreviousRawEdge-BilinearRGB,0.43066179752349854,44.80100708652163,0.0,0.0
13,seams,ABL-ET2X-R-PreviousRawEdge-ResolvedRGB,0.43066179752349854,44.80100708652163,0.0,0.0
13,thin-seam,O-T2X-R,0.6215277910232544,44.61442733173292,0.0,0.0
13,thin-seam,ABL-ET2X-R-PreviousRawEdge-BilinearRGB,0.8239474892616272,41.062324330100765,0.0,0.0
13,thin-seam,ABL-ET2X-R-PreviousRawEdge-ResolvedRGB,0.8239474892616272,41.062324330100765,0.0,0.0
14,seams,O-T2X-R,0.39010825753211975,47.187940237934555,0.0,0.0
14,seams,ABL-ET2X-R-PreviousRawEdge-BilinearRGB,0.43066179752349854,44.80100708652163,0.0,0.0
14,seams,ABL-ET2X-R-PreviousRawEdge-ResolvedRGB,0.43066179752349854,44.80100708652163,0.0,0.0
14,thin-seam,O-T2X-R,0.6215277910232544,44.61442733173292,0.0,0.0
14,thin-seam,ABL-ET2X-R-PreviousRawEdge-BilinearRGB,0.8239474892616272,41.062324330100765,0.0,0.0
14,thin-seam,ABL-ET2X-R-PreviousRawEdge-ResolvedRGB,0.8239474892616272,41.062324330100765,0.0,0.0
15,seams,O-T2X-R,0.39010825753211975,47.187940237934555,0.0,0.0
15,seams,ABL-ET2X-R-PreviousRawEdge-BilinearRGB,0.43066179752349854,44.80100708652163,0.0,0.0
15,seams,ABL-ET2X-R-PreviousRawEdge-ResolvedRGB,0.43066179752349854,44.80100708652163,0.0,0.0
15,thin-seam,O-T2X-R,0.6215277910232544,44.61442733173292,0.0,0.0
15,thin-seam,ABL-ET2X-R-PreviousRawEdge-BilinearRGB,0.8239474892616272,41.062324330100765,0.0,0.0
15,thin-seam,ABL-ET2X-R-PreviousRawEdge-ResolvedRGB,0.8239474892616272,41.062324330100765,0.0,0.0
16,seams,O-T2X-R,0.39010825753211975,47.187940237934555,0.0,0.0
16,seams,ABL-ET2X-R-PreviousRawEdge-BilinearRGB,0.43066179752349854,44.80100708652163,0.0,0.0
16,seams,ABL-ET2X-R-PreviousRawEdge-ResolvedRGB,0.43066179752349854,44.80100708652163,0.0,0.0
16,thin-seam,O-T2X-R,0.6215277910232544,44.61442733173292,0.0,0.0
16,thin-seam,ABL-ET2X-R-PreviousRawEdge-BilinearRGB,0.8239474892616272,41.062324330100765,0.0,0.0
16,thin-seam,ABL-ET2X-R-PreviousRawEdge-ResolvedRGB,0.8239474892616272,41.062324330100765,0.0,0.0
17,seams,O-T2X-R,0.39010825753211975,47.187940237934555,0.0,0.0
17,seams,ABL-ET2X-R-PreviousRawEdge-BilinearRGB,0.43066179752349854,44.80100708652163,0.0,0.0
17,seams,ABL-ET2X-R-PreviousRawEdge-ResolvedRGB,0.43066179752349854,44.80100708652163,0.0,0.0
17,thin-seam,O-T2X-R,0.6215277910232544,44.61442733173292,0.0,0.0
17,thin-seam,ABL-ET2X-R-PreviousRawEdge-BilinearRGB,0.8239474892616272,41.062324330100765,0.0,0.0
17,thin-seam,ABL-ET2X-R-PreviousRawEdge-ResolvedRGB,0.8239474892616272,41.062324330100765,0.0,0.0
18,seams,O-T2X-R,0.39010825753211975,47.187940237934555,0.0,0.0
18,seams,ABL-ET2X-R-PreviousRawEdge-BilinearRGB,0.43066179752349854,44.80100708652163,0.0,0.0
18,seams,ABL-ET2X-R-PreviousRawEdge-ResolvedRGB,0.43066179752349854,44.80100708652163,0.0,0.0
18,thin-seam,O-T2X-R,0.6215277910232544,44.61442733173292,0.0,0.0
18,thin-seam,ABL-ET2X-R-PreviousRawEdge-BilinearRGB,0.8239474892616272,41.062324330100765,0.0,0.0
18,thin-seam,ABL-ET2X-R-PreviousRawEdge-ResolvedRGB,0.8239474892616272,41.062324330100765,0.0,0.0
19,seams,O-T2X-R,0.39010825753211975,47.187940237934555,0.0,0.0
19,seams,ABL-ET2X-R-PreviousRawEdge-BilinearRGB,0.43066179752349854,44.80100708652163,0.0,0.0
19,seams,ABL-ET2X-R-PreviousRawEdge-ResolvedRGB,0.43066179752349854,44.80100708652163,0.0,0.0
19,thin-seam,O-T2X-R,0.6215277910232544,44.61442733173292,0.0,0.0
19,thin-seam,ABL-ET2X-R-PreviousRawEdge-BilinearRGB,0.8239474892616272,41.062324330100765,0.0,0.0
19,thin-seam,ABL-ET2X-R-PreviousRawEdge-ResolvedRGB,0.8239474892616272,41.062324330100765,0.0,0.0
20,seams,O-T2X-R,0.39010825753211975,47.187940237934555,0.0,0.0
20,seams,ABL-ET2X-R-PreviousRawEdge-BilinearRGB,0.43066179752349854,44.80100708652163,0.0,0.0
20,seams,ABL-ET2X-R-PreviousRawEdge-ResolvedRGB,0.43066179752349854,44.80100708652163,0.0,0.0
20,thin-seam,O-T2X-R,0.6215277910232544,44.61442733173292,0.0,0.0
20,thin-seam,ABL-ET2X-R-PreviousRawEdge-BilinearRGB,0.8239474892616272,41.062324330100765,0.0,0.0
20,thin-seam,ABL-ET2X-R-PreviousRawEdge-ResolvedRGB,0.8239474892616272,41.062324330100765,0.0,0.0
21,seams,O-T2X-R,0.39010825753211975,47.187940237934555,0.0,0.0
21,seams,ABL-ET2X-R-PreviousRawEdge-BilinearRGB,0.43066179752349854,44.80100708652163,0.0,0.0
21,seams,ABL-ET2X-R-PreviousRawEdge-ResolvedRGB,0.43066179752349854,44.80100708652163,0.0,0.0
21,thin-seam,O-T2X-R,0.6215277910232544,44.61442733173292,0.0,0.0
21,thin-seam,ABL-ET2X-R-PreviousRawEdge-BilinearRGB,0.8239474892616272,41.062324330100765,0.0,0.0
21,thin-seam,ABL-ET2X-R-PreviousRawEdge-ResolvedRGB,0.8239474892616272,41.062324330100765,0.0,0.0
22,seams,O-T2X-R,0.39010825753211975,47.187940237934555,0.0,0.0
22,seams,ABL-ET2X-R-PreviousRawEdge-BilinearRGB,0.43066179752349854,44.80100708652163,0.0,0.0
22,seams,ABL-ET2X-R-PreviousRawEdge-ResolvedRGB,0.43066179752349854,44.80100708652163,0.0,0.0
22,thin-seam,O-T2X-R,0.6215277910232544,44.61442733173292,0.0,0.0
22,thin-seam,ABL-ET2X-R-PreviousRawEdge-BilinearRGB,0.8239474892616272,41.062324330100765,0.0,0.0
22,thin-seam,ABL-ET2X-R-PreviousRawEdge-ResolvedRGB,0.8239474892616272,41.062324330100765,0.0,0.0
23,seams,O-T2X-R,0.39010825753211975,47.187940237934555,0.0,0.0
23,seams,ABL-ET2X-R-PreviousRawEdge-BilinearRGB,0.43066179752349854,44.80100708652163,0.0,0.0
23,seams,ABL-ET2X-R-PreviousRawEdge-ResolvedRGB,0.43066179752349854,44.80100708652163,0.0,0.0
23,thin-seam,O-T2X-R,0.6215277910232544,44.61442733173292,0.0,0.0
23,thin-seam,ABL-ET2X-R-PreviousRawEdge-BilinearRGB,0.8239474892616272,41.062324330100765,0.0,0.0
23,thin-seam,ABL-ET2X-R-PreviousRawEdge-ResolvedRGB,0.8239474892616272,41.062324330100765,0.0,0.0
24,seams,O-T2X-R,0.39010825753211975,47.187940237934555,0.0,0.0
24,seams,ABL-ET2X-R-PreviousRawEdge-BilinearRGB,0.43066179752349854,44.80100708652163,0.0,0.0
24,seams,ABL-ET2X-R-PreviousRawEdge-ResolvedRGB,0.43066179752349854,44.80100708652163,0.0,0.0
24,thin-seam,O-T2X-R,0.6215277910232544,44.61442733173292,0.0,0.0
24,thin-seam,ABL-ET2X-R-PreviousRawEdge-BilinearRGB,0.8239474892616272,41.062324330100765,0.0,0.0
24,thin-seam,ABL-ET2X-R-PreviousRawEdge-ResolvedRGB,0.8239474892616272,41.062324330100765,0.0,0.0
25,seams,O-T2X-R,0.39010825753211975,47.187940237934555,0.0,0.0
25,seams,ABL-ET2X-R-PreviousRawEdge-BilinearRGB,0.43066179752349854,44.80100708652163,0.0,0.0
25,seams,ABL-ET2X-R-PreviousRawEdge-ResolvedRGB,0.43066179752349854,44.80100708652163,0.0,0.0
25,thin-seam,O-T2X-R,0.6215277910232544,44.61442733173292,0.0,0.0
25,thin-seam,ABL-ET2X-R-PreviousRawEdge-BilinearRGB,0.8239474892616272,41.062324330100765,0.0,0.0
25,thin-seam,ABL-ET2X-R-PreviousRawEdge-ResolvedRGB,0.8239474892616272,41.062324330100765,0.0,0.0
26,seams,O-T2X-R,0.39010825753211975,47.187940237934555,0.0,0.0
26,seams,ABL-ET2X-R-PreviousRawEdge-BilinearRGB,0.43066179752349854,44.80100708652163,0.0,0.0
26,seams,ABL-ET2X-R-PreviousRawEdge-ResolvedRGB,0.43066179752349854,44.80100708652163,0.0,0.0
26,thin-seam,O-T2X-R,0.6215277910232544,44.61442733173292,0.0,0.0
26,thin-seam,ABL-ET2X-R-PreviousRawEdge-BilinearRGB,0.8239474892616272,41.062324330100765,0.0,0.0
26,thin-seam,ABL-ET2X-R-PreviousRawEdge-ResolvedRGB,0.8239474892616272,41.062324330100765,0.0,0.0
27,seams,O-T2X-R,0.39010825753211975,47.187940237934555,0.0,0.0
27,seams,ABL-ET2X-R-PreviousRawEdge-BilinearRGB,0.43066179752349854,44.80100708652163,0.0,0.0
27,seams,ABL-ET2X-R-PreviousRawEdge-ResolvedRGB,0.43066179752349854,44.80100708652163,0.0,0.0
27,thin-seam,O-T2X-R,0.6215277910232544,44.61442733173292,0.0,0.0
27,thin-seam,ABL-ET2X-R-PreviousRawEdge-BilinearRGB,0.8239474892616272,41.062324330100765,0.0,0.0
27,thin-seam,ABL-ET2X-R-PreviousRawEdge-ResolvedRGB,0.8239474892616272,41.062324330100765,0.0,0.0
28,seams,O-T2X-R,0.39010825753211975,47.187940237934555,0.0,0.0
28,seams,ABL-ET2X-R-PreviousRawEdge-BilinearRGB,0.43066179752349854,44.80100708652163,0.0,0.0
28,seams,ABL-ET2X-R-PreviousRawEdge-ResolvedRGB,0.43066179752349854,44.80100708652163,0.0,0.0
28,thin-seam,O-T2X-R,0.6215277910232544,44.61442733173292,0.0,0.0
28,thin-seam,ABL-ET2X-R-PreviousRawEdge-BilinearRGB,0.8239474892616272,41.062324330100765,0.0,0.0
28,thin-seam,ABL-ET2X-R-PreviousRawEdge-ResolvedRGB,0.8239474892616272,41.062324330100765,0.0,0.0
29,seams,O-T2X-R,0.39010825753211975,47.187940237934555,0.0,0.0
29,seams,ABL-ET2X-R-PreviousRawEdge-BilinearRGB,0.43066179752349854,44.80100708652163,0.0,0.0
29,seams,ABL-ET2X-R-PreviousRawEdge-ResolvedRGB,0.43066179752349854,44.80100708652163,0.0,0.0
29,thin-seam,O-T2X-R,0.6215277910232544,44.61442733173292,0.0,0.0
29,thin-seam,ABL-ET2X-R-PreviousRawEdge-BilinearRGB,0.8239474892616272,41.062324330100765,0.0,0.0
29,thin-seam,ABL-ET2X-R-PreviousRawEdge-ResolvedRGB,0.8239474892616272,41.062324330100765,0.0,0.0
30,seams,O-T2X-R,0.39010825753211975,47.187940237934555,0.0,0.0
30,seams,ABL-ET2X-R-PreviousRawEdge-BilinearRGB,0.43066179752349854,44.80100708652163,0.0,0.0
30,seams,ABL-ET2X-R-PreviousRawEdge-ResolvedRGB,0.43066179752349854,44.80100708652163,0.0,0.0
30,thin-seam,O-T2X-R,0.6215277910232544,44.61442733173292,0.0,0.0
30,thin-seam,ABL-ET2X-R-PreviousRawEdge-BilinearRGB,0.8239474892616272,41.062324330100765,0.0,0.0
30,thin-seam,ABL-ET2X-R-PreviousRawEdge-ResolvedRGB,0.8239474892616272,41.062324330100765,0.0,0.0
31,seams,O-T2X-R,0.39010825753211975,47.187940237934555,0.0,0.0
31,seams,ABL-ET2X-R-PreviousRawEdge-BilinearRGB,0.43066179752349854,44.80100708652163,0.0,0.0
31,seams,ABL-ET2X-R-PreviousRawEdge-ResolvedRGB,0.43066179752349854,44.80100708652163,0.0,0.0
31,thin-seam,O-T2X-R,0.6215277910232544,44.61442733173292,0.0,0.0
31,thin-seam,ABL-ET2X-R-PreviousRawEdge-BilinearRGB,0.8239474892616272,41.062324330100765,0.0,0.0
31,thin-seam,ABL-ET2X-R-PreviousRawEdge-ResolvedRGB,0.8239474892616272,41.062324330100765,0.0,0.0
32,seams,O-T2X-R,0.39010825753211975,47.187940237934555,0.0,0.0
32,seams,ABL-ET2X-R-PreviousRawEdge-BilinearRGB,0.43066179752349854,44.80100708652163,0.0,0.0
32,seams,ABL-ET2X-R-PreviousRawEdge-ResolvedRGB,0.43066179752349854,44.80100708652163,0.0,0.0
32,thin-seam,O-T2X-R,0.6215277910232544,44.61442733173292,0.0,0.0
32,thin-seam,ABL-ET2X-R-PreviousRawEdge-BilinearRGB,0.8239474892616272,41.062324330100765,0.0,0.0
32,thin-seam,ABL-ET2X-R-PreviousRawEdge-ResolvedRGB,0.8239474892616272,41.062324330100765,0.0,0.0
33,seams,O-T2X-R,0.39010825753211975,47.187940237934555,0.0,0.0
33,seams,ABL-ET2X-R-PreviousRawEdge-BilinearRGB,0.43066179752349854,44.80100708652163,0.0,0.0
33,seams,ABL-ET2X-R-PreviousRawEdge-ResolvedRGB,0.43066179752349854,44.80100708652163,0.0,0.0
33,thin-seam,O-T2X-R,0.6215277910232544,44.61442733173292,0.0,0.0
33,thin-seam,ABL-ET2X-R-PreviousRawEdge-BilinearRGB,0.8239474892616272,41.062324330100765,0.0,0.0
33,thin-seam,ABL-ET2X-R-PreviousRawEdge-ResolvedRGB,0.8239474892616272,41.062324330100765,0.0,0.0
34,seams,O-T2X-R,0.39010825753211975,47.187940237934555,0.0,0.0
34,seams,ABL-ET2X-R-PreviousRawEdge-BilinearRGB,0.43066179752349854,44.80100708652163,0.0,0.0
34,seams,ABL-ET2X-R-PreviousRawEdge-ResolvedRGB,0.43066179752349854,44.80100708652163,0.0,0.0
34,thin-seam,O-T2X-R,0.6215277910232544,44.61442733173292,0.0,0.0
34,thin-seam,ABL-ET2X-R-PreviousRawEdge-BilinearRGB,0.8239474892616272,41.062324330100765,0.0,0.0
34,thin-seam,ABL-ET2X-R-PreviousRawEdge-ResolvedRGB,0.8239474892616272,41.062324330100765,0.0,0.0
35,seams,O-T2X-R,0.39010825753211975,47.187940237934555,0.0,0.0
35,seams,ABL-ET2X-R-PreviousRawEdge-BilinearRGB,0.43066179752349854,44.80100708652163,0.0,0.0
35,seams,ABL-ET2X-R-PreviousRawEdge-ResolvedRGB,0.43066179752349854,44.80100708652163,0.0,0.0
35,thin-seam,O-T2X-R,0.6215277910232544,44.61442733173292,0.0,0.0
35,thin-seam,ABL-ET2X-R-PreviousRawEdge-BilinearRGB,0.8239474892616272,41.062324330100765,0.0,0.0
35,thin-seam,ABL-ET2X-R-PreviousRawEdge-ResolvedRGB,0.8239474892616272,41.062324330100765,0.0,0.0
36,seams,O-T2X-R,0.39010825753211975,47.187940237934555,0.0,0.0
36,seams,ABL-ET2X-R-PreviousRawEdge-BilinearRGB,0.43066179752349854,44.80100708652163,0.0,0.0
36,seams,ABL-ET2X-R-PreviousRawEdge-ResolvedRGB,0.43066179752349854,44.80100708652163,0.0,0.0
36,thin-seam,O-T2X-R,0.6215277910232544,44.61442733173292,0.0,0.0
36,thin-seam,ABL-ET2X-R-PreviousRawEdge-BilinearRGB,0.8239474892616272,41.062324330100765,0.0,0.0
36,thin-seam,ABL-ET2X-R-PreviousRawEdge-ResolvedRGB,0.8239474892616272,41.062324330100765,0.0,0.0
37,seams,O-T2X-R,0.39010825753211975,47.187940237934555,0.0,0.0
37,seams,ABL-ET2X-R-PreviousRawEdge-BilinearRGB,0.43066179752349854,44.80100708652163,0.0,0.0
37,seams,ABL-ET2X-R-PreviousRawEdge-ResolvedRGB,0.43066179752349854,44.80100708652163,0.0,0.0
37,thin-seam,O-T2X-R,0.6215277910232544,44.61442733173292,0.0,0.0
37,thin-seam,ABL-ET2X-R-PreviousRawEdge-BilinearRGB,0.8239474892616272,41.062324330100765,0.0,0.0
37,thin-seam,ABL-ET2X-R-PreviousRawEdge-ResolvedRGB,0.8239474892616272,41.062324330100765,0.0,0.0
38,seams,O-T2X-R,0.39010825753211975,47.187940237934555,0.0,0.0
38,seams,ABL-ET2X-R-PreviousRawEdge-BilinearRGB,0.43066179752349854,44.80100708652163,0.0,0.0
38,seams,ABL-ET2X-R-PreviousRawEdge-ResolvedRGB,0.43066179752349854,44.80100708652163,0.0,0.0
38,thin-seam,O-T2X-R,0.6215277910232544,44.61442733173292,0.0,0.0
38,thin-seam,ABL-ET2X-R-PreviousRawEdge-BilinearRGB,0.8239474892616272,41.062324330100765,0.0,0.0
38,thin-seam,ABL-ET2X-R-PreviousRawEdge-ResolvedRGB,0.8239474892616272,41.062324330100765,0.0,0.0
39,seams,O-T2X-R,0.39010825753211975,47.187940237934555,0.0,0.0
39,seams,ABL-ET2X-R-PreviousRawEdge-BilinearRGB,0.43066179752349854,44.80100708652163,0.0,0.0
39,seams,ABL-ET2X-R-PreviousRawEdge-ResolvedRGB,0.43066179752349854,44.80100708652163,0.0,0.0
39,thin-seam,O-T2X-R,0.6215277910232544,44.61442733173292,0.0,0.0
39,thin-seam,ABL-ET2X-R-PreviousRawEdge-BilinearRGB,0.8239474892616272,41.062324330100765,0.0,0.0
39,thin-seam,ABL-ET2X-R-PreviousRawEdge-ResolvedRGB,0.8239474892616272,41.062324330100765,0.0,0.0
40,seams,O-T2X-R,0.39010825753211975,47.187940237934555,0.0,0.0
40,seams,ABL-ET2X-R-PreviousRawEdge-BilinearRGB,0.43066179752349854,44.80100708652163,0.0,0.0
40,seams,ABL-ET2X-R-PreviousRawEdge-ResolvedRGB,0.43066179752349854,44.80100708652163,0.0,0.0
40,thin-seam,O-T2X-R,0.6215277910232544,44.61442733173292,0.0,0.0
40,thin-seam,ABL-ET2X-R-PreviousRawEdge-BilinearRGB,0.8239474892616272,41.062324330100765,0.0,0.0
40,thin-seam,ABL-ET2X-R-PreviousRawEdge-ResolvedRGB,0.8239474892616272,41.062324330100765,0.0,0.0
41,seams,O-T2X-R,0.39010825753211975,47.187940237934555,0.0,0.0
41,seams,ABL-ET2X-R-PreviousRawEdge-BilinearRGB,0.43066179752349854,44.80100708652163,0.0,0.0
41,seams,ABL-ET2X-R-PreviousRawEdge-ResolvedRGB,0.43066179752349854,44.80100708652163,0.0,0.0
41,thin-seam,O-T2X-R,0.6215277910232544,44.61442733173292,0.0,0.0
41,thin-seam,ABL-ET2X-R-PreviousRawEdge-BilinearRGB,0.8239474892616272,41.062324330100765,0.0,0.0
41,thin-seam,ABL-ET2X-R-PreviousRawEdge-ResolvedRGB,0.8239474892616272,41.062324330100765,0.0,0.0
42,seams,O-T2X-R,0.39010825753211975,47.187940237934555,0.0,0.0
42,seams,ABL-ET2X-R-PreviousRawEdge-BilinearRGB,0.43066179752349854,44.80100708652163,0.0,0.0
42,seams,ABL-ET2X-R-PreviousRawEdge-ResolvedRGB,0.43066179752349854,44.80100708652163,0.0,0.0
42,thin-seam,O-T2X-R,0.6215277910232544,44.61442733173292,0.0,0.0
42,thin-seam,ABL-ET2X-R-PreviousRawEdge-BilinearRGB,0.8239474892616272,41.062324330100765,0.0,0.0
42,thin-seam,ABL-ET2X-R-PreviousRawEdge-ResolvedRGB,0.8239474892616272,41.062324330100765,0.0,0.0
43,seams,O-T2X-R,0.39010825753211975,47.187940237934555,0.0,0.0
43,seams,ABL-ET2X-R-PreviousRawEdge-BilinearRGB,0.43066179752349854,44.80100708652163,0.0,0.0
43,seams,ABL-ET2X-R-PreviousRawEdge-ResolvedRGB,0.43066179752349854,44.80100708652163,0.0,0.0
43,thin-seam,O-T2X-R,0.6215277910232544,44.61442733173292,0.0,0.0
43,thin-seam,ABL-ET2X-R-PreviousRawEdge-BilinearRGB,0.8239474892616272,41.062324330100765,0.0,0.0
43,thin-seam,ABL-ET2X-R-PreviousRawEdge-ResolvedRGB,0.8239474892616272,41.062324330100765,0.0,0.0
44,seams,O-T2X-R,0.39010825753211975,47.187940237934555,0.0,0.0
44,seams,ABL-ET2X-R-PreviousRawEdge-BilinearRGB,0.43066179752349854,44.80100708652163,0.0,0.0
44,seams,ABL-ET2X-R-PreviousRawEdge-ResolvedRGB,0.43066179752349854,44.80100708652163,0.0,0.0
44,thin-seam,O-T2X-R,0.6215277910232544,44.61442733173292,0.0,0.0
44,thin-seam,ABL-ET2X-R-PreviousRawEdge-BilinearRGB,0.8239474892616272,41.062324330100765,0.0,0.0
44,thin-seam,ABL-ET2X-R-PreviousRawEdge-ResolvedRGB,0.8239474892616272,41.062324330100765,0.0,0.0
45,seams,O-T2X-R,0.39010825753211975,47.187940237934555,0.0,0.0
45,seams,ABL-ET2X-R-PreviousRawEdge-BilinearRGB,0.43066179752349854,44.80100708652163,0.0,0.0
45,seams,ABL-ET2X-R-PreviousRawEdge-ResolvedRGB,0.43066179752349854,44.80100708652163,0.0,0.0
45,thin-seam,O-T2X-R,0.6215277910232544,44.61442733173292,0.0,0.0
45,thin-seam,ABL-ET2X-R-PreviousRawEdge-BilinearRGB,0.8239474892616272,41.062324330100765,0.0,0.0
45,thin-seam,ABL-ET2X-R-PreviousRawEdge-ResolvedRGB,0.8239474892616272,41.062324330100765,0.0,0.0
46,seams,O-T2X-R,0.39010825753211975,47.187940237934555,0.0,0.0
46,seams,ABL-ET2X-R-PreviousRawEdge-BilinearRGB,0.43066179752349854,44.80100708652163,0.0,0.0
46,seams,ABL-ET2X-R-PreviousRawEdge-ResolvedRGB,0.43066179752349854,44.80100708652163,0.0,0.0
46,thin-seam,O-T2X-R,0.6215277910232544,44.61442733173292,0.0,0.0
46,thin-seam,ABL-ET2X-R-PreviousRawEdge-BilinearRGB,0.8239474892616272,41.062324330100765,0.0,0.0
46,thin-seam,ABL-ET2X-R-PreviousRawEdge-ResolvedRGB,0.8239474892616272,41.062324330100765,0.0,0.0
47,seams,O-T2X-R,0.39010825753211975,47.187940237934555,0.0,0.0
47,seams,ABL-ET2X-R-PreviousRawEdge-BilinearRGB,0.43066179752349854,44.80100708652163,0.0,0.0
47,seams,ABL-ET2X-R-PreviousRawEdge-ResolvedRGB,0.43066179752349854,44.80100708652163,0.0,0.0
47,thin-seam,O-T2X-R,0.6215277910232544,44.61442733173292,0.0,0.0
47,thin-seam,ABL-ET2X-R-PreviousRawEdge-BilinearRGB,0.8239474892616272,41.062324330100765,0.0,0.0
47,thin-seam,ABL-ET2X-R-PreviousRawEdge-ResolvedRGB,0.8239474892616272,41.062324330100765,0.0,0.0
48,seams,O-T2X-R,0.39010825753211975,47.187940237934555,0.0,0.0
48,seams,ABL-ET2X-R-PreviousRawEdge-BilinearRGB,0.43066179752349854,44.80100708652163,0.0,0.0
48,seams,ABL-ET2X-R-PreviousRawEdge-ResolvedRGB,0.43066179752349854,44.80100708652163,0.0,0.0
48,thin-seam,O-T2X-R,0.6215277910232544,44.61442733173292,0.0,0.0
48,thin-seam,ABL-ET2X-R-PreviousRawEdge-BilinearRGB,0.8239474892616272,41.062324330100765,0.0,0.0
48,thin-seam,ABL-ET2X-R-PreviousRawEdge-ResolvedRGB,0.8239474892616272,41.062324330100765,0.0,0.0
49,seams,O-T2X-R,0.39010825753211975,47.187940237934555,0.0,0.0
49,seams,ABL-ET2X-R-PreviousRawEdge-BilinearRGB,0.43066179752349854,44.80100708652163,0.0,0.0
49,seams,ABL-ET2X-R-PreviousRawEdge-ResolvedRGB,0.43066179752349854,44.80100708652163,0.0,0.0
49,thin-seam,O-T2X-R,0.6215277910232544,44.61442733173292,0.0,0.0
49,thin-seam,ABL-ET2X-R-PreviousRawEdge-BilinearRGB,0.8239474892616272,41.062324330100765,0.0,0.0
49,thin-seam,ABL-ET2X-R-PreviousRawEdge-ResolvedRGB,0.8239474892616272,41.062324330100765,0.0,0.0
50,seams,O-T2X-R,0.39010825753211975,47.187940237934555,0.0,0.0
50,seams,ABL-ET2X-R-PreviousRawEdge-BilinearRGB,0.43066179752349854,44.80100708652163,0.0,0.0
50,seams,ABL-ET2X-R-PreviousRawEdge-ResolvedRGB,0.43066179752349854,44.80100708652163,0.0,0.0
50,thin-seam,O-T2X-R,0.6215277910232544,44.61442733173292,0.0,0.0
50,thin-seam,ABL-ET2X-R-PreviousRawEdge-BilinearRGB,0.8239474892616272,41.062324330100765,0.0,0.0
50,thin-seam,ABL-ET2X-R-PreviousRawEdge-ResolvedRGB,0.8239474892616272,41.062324330100765,0.0,0.0
51,seams,O-T2X-R,0.39010825753211975,47.187940237934555,0.0,0.0
51,seams,ABL-ET2X-R-PreviousRawEdge-BilinearRGB,0.43066179752349854,44.80100708652163,0.0,0.0
51,seams,ABL-ET2X-R-PreviousRawEdge-ResolvedRGB,0.43066179752349854,44.80100708652163,0.0,0.0
51,thin-seam,O-T2X-R,0.6215277910232544,44.61442733173292,0.0,0.0
51,thin-seam,ABL-ET2X-R-PreviousRawEdge-BilinearRGB,0.8239474892616272,41.062324330100765,0.0,0.0
51,thin-seam,ABL-ET2X-R-PreviousRawEdge-ResolvedRGB,0.8239474892616272,41.062324330100765,0.0,0.0
52,seams,O-T2X-R,0.39010825753211975,47.187940237934555,0.0,0.0
52,seams,ABL-ET2X-R-PreviousRawEdge-BilinearRGB,0.43066179752349854,44.80100708652163,0.0,0.0
52,seams,ABL-ET2X-R-PreviousRawEdge-ResolvedRGB,0.43066179752349854,44.80100708652163,0.0,0.0
52,thin-seam,O-T2X-R,0.6215277910232544,44.61442733173292,0.0,0.0
52,thin-seam,ABL-ET2X-R-PreviousRawEdge-BilinearRGB,0.8239474892616272,41.062324330100765,0.0,0.0
52,thin-seam,ABL-ET2X-R-PreviousRawEdge-ResolvedRGB,0.8239474892616272,41.062324330100765,0.0,0.0
53,seams,O-T2X-R,0.39010825753211975,47.187940237934555,0.0,0.0
53,seams,ABL-ET2X-R-PreviousRawEdge-BilinearRGB,0.43066179752349854,44.80100708652163,0.0,0.0
53,seams,ABL-ET2X-R-PreviousRawEdge-ResolvedRGB,0.43066179752349854,44.80100708652163,0.0,0.0
53,thin-seam,O-T2X-R,0.6215277910232544,44.61442733173292,0.0,0.0
53,thin-seam,ABL-ET2X-R-PreviousRawEdge-BilinearRGB,0.8239474892616272,41.062324330100765,0.0,0.0
53,thin-seam,ABL-ET2X-R-PreviousRawEdge-ResolvedRGB,0.8239474892616272,41.062324330100765,0.0,0.0
54,seams,O-T2X-R,0.39010825753211975,47.187940237934555,0.0,0.0
54,seams,ABL-ET2X-R-PreviousRawEdge-BilinearRGB,0.43066179752349854,44.80100708652163,0.0,0.0
54,seams,ABL-ET2X-R-PreviousRawEdge-ResolvedRGB,0.43066179752349854,44.80100708652163,0.0,0.0
54,thin-seam,O-T2X-R,0.6215277910232544,44.61442733173292,0.0,0.0
54,thin-seam,ABL-ET2X-R-PreviousRawEdge-BilinearRGB,0.8239474892616272,41.062324330100765,0.0,0.0
54,thin-seam,ABL-ET2X-R-PreviousRawEdge-ResolvedRGB,0.8239474892616272,41.062324330100765,0.0,0.0
55,seams,O-T2X-R,0.39010825753211975,47.187940237934555,0.0,0.0
55,seams,ABL-ET2X-R-PreviousRawEdge-BilinearRGB,0.43066179752349854,44.80100708652163,0.0,0.0
55,seams,ABL-ET2X-R-PreviousRawEdge-ResolvedRGB,0.43066179752349854,44.80100708652163,0.0,0.0
55,thin-seam,O-T2X-R,0.6215277910232544,44.61442733173292,0.0,0.0
55,thin-seam,ABL-ET2X-R-PreviousRawEdge-BilinearRGB,0.8239474892616272,41.062324330100765,0.0,0.0
55,thin-seam,ABL-ET2X-R-PreviousRawEdge-ResolvedRGB,0.8239474892616272,41.062324330100765,0.0,0.0
56,seams,O-T2X-R,0.39010825753211975,47.187940237934555,0.0,0.0
56,seams,ABL-ET2X-R-PreviousRawEdge-BilinearRGB,0.43066179752349854,44.80100708652163,0.0,0.0
56,seams,ABL-ET2X-R-PreviousRawEdge-ResolvedRGB,0.43066179752349854,44.80100708652163,0.0,0.0
56,thin-seam,O-T2X-R,0.6215277910232544,44.61442733173292,0.0,0.0
56,thin-seam,ABL-ET2X-R-PreviousRawEdge-BilinearRGB,0.8239474892616272,41.062324330100765,0.0,0.0
56,thin-seam,ABL-ET2X-R-PreviousRawEdge-ResolvedRGB,0.8239474892616272,41.062324330100765,0.0,0.0
57,seams,O-T2X-R,0.39010825753211975,47.187940237934555,0.0,0.0
57,seams,ABL-ET2X-R-PreviousRawEdge-BilinearRGB,0.43066179752349854,44.80100708652163,0.0,0.0
57,seams,ABL-ET2X-R-PreviousRawEdge-ResolvedRGB,0.43066179752349854,44.80100708652163,0.0,0.0
57,thin-seam,O-T2X-R,0.6215277910232544,44.61442733173292,0.0,0.0
57,thin-seam,ABL-ET2X-R-PreviousRawEdge-BilinearRGB,0.8239474892616272,41.062324330100765,0.0,0.0
57,thin-seam,ABL-ET2X-R-PreviousRawEdge-ResolvedRGB,0.8239474892616272,41.062324330100765,0.0,0.0
58,seams,O-T2X-R,0.39010825753211975,47.187940237934555,0.0,0.0
58,seams,ABL-ET2X-R-PreviousRawEdge-BilinearRGB,0.43066179752349854,44.80100708652163,0.0,0.0
58,seams,ABL-ET2X-R-PreviousRawEdge-ResolvedRGB,0.43066179752349854,44.80100708652163,0.0,0.0
58,thin-seam,O-T2X-R,0.6215277910232544,44.61442733173292,0.0,0.0
58,thin-seam,ABL-ET2X-R-PreviousRawEdge-BilinearRGB,0.8239474892616272,41.062324330100765,0.0,0.0
58,thin-seam,ABL-ET2X-R-PreviousRawEdge-ResolvedRGB,0.8239474892616272,41.062324330100765,0.0,0.0
59,seams,O-T2X-R,0.39010825753211975,47.187940237934555,0.0,0.0
59,seams,ABL-ET2X-R-PreviousRawEdge-BilinearRGB,0.43066179752349854,44.80100708652163,0.0,0.0
59,seams,ABL-ET2X-R-PreviousRawEdge-ResolvedRGB,0.43066179752349854,44.80100708652163,0.0,0.0
59,thin-seam,O-T2X-R,0.6215277910232544,44.61442733173292,0.0,0.0
59,thin-seam,ABL-ET2X-R-PreviousRawEdge-BilinearRGB,0.8239474892616272,41.062324330100765,0.0,0.0
59,thin-seam,ABL-ET2X-R-PreviousRawEdge-ResolvedRGB,0.8239474892616272,41.062324330100765,0.0,0.0
60,seams,O-T2X-R,0.39010825753211975,47.187940237934555,0.0,0.0
60,seams,ABL-ET2X-R-PreviousRawEdge-BilinearRGB,0.43066179752349854,44.80100708652163,0.0,0.0
60,seams,ABL-ET2X-R-PreviousRawEdge-ResolvedRGB,0.43066179752349854,44.80100708652163,0.0,0.0
60,thin-seam,O-T2X-R,0.6215277910232544,44.61442733173292,0.0,0.0
60,thin-seam,ABL-ET2X-R-PreviousRawEdge-BilinearRGB,0.8239474892616272,41.062324330100765,0.0,0.0
60,thin-seam,ABL-ET2X-R-PreviousRawEdge-ResolvedRGB,0.8239474892616272,41.062324330100765,0.0,0.0
61,seams,O-T2X-R,0.7064996361732483,40.9370961360504,9.690661430358887,9.690661430358887
61,seams,ABL-ET2X-R-PreviousRawEdge-BilinearRGB,0.39150315523147583,45.034129984210615,9.562749862670898,9.562749862670898
61,seams,ABL-ET2X-R-PreviousRawEdge-ResolvedRGB,0.39150315523147583,45.034129984210615,9.562749862670898,9.562749862670898
61,thin-seam,O-T2X-R,1.3764106035232544,38.011306916842585,10.154622077941895,10.154622077941895
61,thin-seam,ABL-ET2X-R-PreviousRawEdge-BilinearRGB,0.5578342080116272,44.76397453323462,9.600829124450684,9.600829124450684
61,thin-seam,ABL-ET2X-R-PreviousRawEdge-ResolvedRGB,0.5578342080116272,44.76397453323462,9.600829124450684,9.600829124450684
62,seams,O-T2X-R,1.0579850673675537,35.33299034176052,12.055863380432129,17.458450317382812
62,seams,ABL-ET2X-R-PreviousRawEdge-BilinearRGB,0.6990633010864258,35.80768483945331,11.930488586425781,17.044567108154297
62,seams,ABL-ET2X-R-PreviousRawEdge-ResolvedRGB,0.6990633010864258,35.80768483945331,11.930488586425781,17.044567108154297
62,thin-seam,O-T2X-R,1.1436089277267456,40.24442090088571,13.939876556396484,22.15592384338379
62,thin-seam,ABL-ET2X-R-PreviousRawEdge-BilinearRGB,0.4899631142616272,47.46841026369082,13.131413459777832,19.894145965576172
62,thin-seam,ABL-ET2X-R-PreviousRawEdge-ResolvedRGB,0.4899631142616272,47.46841026369082,13.131413459777832,19.894145965576172
63,seams,O-T2X-R,1.4047315120697021,36.37632295394861,8.421828269958496,18.449077606201172
63,seams,ABL-ET2X-R-PreviousRawEdge-BilinearRGB,0.7850570678710938,40.6972856029637,8.47945785522461,18.332426071166992
63,seams,ABL-ET2X-R-PreviousRawEdge-ResolvedRGB,0.7850108742713928,40.697814387139566,8.479453086853027,18.332422256469727
63,thin-seam,O-T2X-R,1.9305013418197632,37.349547840867075,10.909655570983887,22.455642700195312
63,thin-seam,ABL-ET2X-R-PreviousRawEdge-BilinearRGB,0.99609375,42.291842753596256,11.019841194152832,21.67791748046875
63,thin-seam,ABL-ET2X-R-PreviousRawEdge-ResolvedRGB,0.99609375,42.291842753596256,11.019841194152832,21.67791748046875
64,seams,O-T2X-R,1.1943705081939697,37.17387507851881,3.8180201053619385,10.554741859436035
64,seams,ABL-ET2X-R-PreviousRawEdge-BilinearRGB,0.9271976351737976,38.4842013930582,3.6001288890838623,10.263345718383789
64,seams,ABL-ET2X-R-PreviousRawEdge-ResolvedRGB,0.9326386451721191,38.457877614200214,3.5940916538238525,10.266533851623535
64,thin-seam,O-T2X-R,1.4113497734069824,37.715934421830035,2.3336145877838135,11.658503532409668
64,thin-seam,ABL-ET2X-R-PreviousRawEdge-BilinearRGB,1.0197482109069824,41.227150428301485,1.7061285972595215,11.2100830078125
64,thin-seam,ABL-ET2X-R-PreviousRawEdge-ResolvedRGB,1.0197482109069824,41.227150428301485,1.7061285972595215,11.2100830078125
65,seams,O-T2X-R,1.250351071357727,38.11566911609742,3.7231862545013428,5.578112602233887
65,seams,ABL-ET2X-R-PreviousRawEdge-BilinearRGB,1.0595831871032715,37.77320995404034,3.5828800201416016,5.303249835968018
65,seams,ABL-ET2X-R-PreviousRawEdge-ResolvedRGB,1.0555462837219238,37.83362785405436,3.582890033721924,5.299191474914551
65,thin-seam,O-T2X-R,1.2248806953430176,40.99774146554864,1.6193782091140747,1.887406349182129
65,thin-seam,ABL-ET2X-R-PreviousRawEdge-BilinearRGB,1.1197916269302368,37.49275281415135,1.7778935432434082,1.4864736795425415
65,thin-seam,ABL-ET2X-R-PreviousRawEdge-ResolvedRGB,1.1344943046569824,37.43501960910589,1.784070372581482,1.4965935945510864
66,seams,O-T2X-R,1.2569652795791626,36.73805394246253,2.0544536113739014,4.635885238647461
66,seams,ABL-ET2X-R-PreviousRawEdge-BilinearRGB,1.007694959640503,39.5890831826827,2.161891222000122,4.225728988647461
66,seams,ABL-ET2X-R-PreviousRawEdge-ResolvedRGB,1.01878023147583,39.47497273828179,2.1594390869140625,4.214261054992676
66,thin-seam,O-T2X-R,1.3824869394302368,37.1148334136043,1.7324985265731812,2.3111438751220703
66,thin-seam,ABL-ET2X-R-PreviousRawEdge-BilinearRGB,0.94677734375,43.487351683430255,1.722978949546814,1.833793044090271
66,thin-seam,ABL-ET2X-R-PreviousRawEdge-ResolvedRGB,0.9576280117034912,43.06191767521181,1.719923973083496,1.8411632776260376
67,seams,O-T2X-R,1.1994143724441528,38.025138702665856,2.08711838722229,2.3470234870910645
67,seams,ABL-ET2X-R-PreviousRawEdge-BilinearRGB,0.9653586149215698,39.8826869366232,2.051264524459839,2.5439436435699463
67,seams,ABL-ET2X-R-PreviousRawEdge-ResolvedRGB,0.9685733318328857,39.7206492598593,2.017178773880005,2.5491302013397217
67,thin-seam,O-T2X-R,1.3379991054534912,39.25008655967813,1.6324882507324219,1.3334598541259766
67,thin-seam,ABL-ET2X-R-PreviousRawEdge-BilinearRGB,1.0116102695465088,41.311504817349665,1.6497646570205688,1.530327320098877
67,thin-seam,ABL-ET2X-R-PreviousRawEdge-ResolvedRGB,1.0002713203430176,41.4019814641027,1.6329916715621948,1.4974180459976196
68,seams,O-T2X-R,1.2549421787261963,37.91511448550163,2.0368034839630127,2.9672458171844482
68,seams,ABL-ET2X-R-PreviousRawEdge-BilinearRGB,1.0797398090362549,37.73512180607574,2.125302791595459,2.4947686195373535
68,seams,ABL-ET2X-R-PreviousRawEdge-ResolvedRGB,1.0870468616485596,37.73895789610303,2.0934247970581055,2.434335470199585
68,thin-seam,O-T2X-R,1.1393771171569824,42.93543740297974,1.6617234945297241,2.28934383392334
68,thin-seam,ABL-ET2X-R-PreviousRawEdge-BilinearRGB,1.1819119453430176,36.416208632941014,1.7894824743270874,1.6999820470809937
68,thin-seam,ABL-ET2X-R-PreviousRawEdge-ResolvedRGB,1.1998155117034912,36.34590839667817,1.7851983308792114,1.6690295934677124
69,seams,O-T2X-R,1.2878284454345703,37.77745362776969,1.9738318920135498,2.2328147888183594
69,seams,ABL-ET2X-R-PreviousRawEdge-BilinearRGB,1.0348538160324097,39.257283973683556,1.9357856512069702,2.482832670211792
69,seams,ABL-ET2X-R-PreviousRawEdge-ResolvedRGB,1.018290638923645,39.626960196261784,1.9270915985107422,2.4468019008636475
69,thin-seam,O-T2X-R,1.1270073652267456,42.90053200453299,1.607853889465332,1.2808030843734741
69,thin-seam,ABL-ET2X-R-PreviousRawEdge-BilinearRGB,0.9371201992034912,43.15651830916495,1.7912988662719727,1.8960851430892944
69,thin-seam,ABL-ET2X-R-PreviousRawEdge-ResolvedRGB,0.9349501132965088,43.24801778362999,1.785704255104065,1.8835958242416382
70,seams,O-T2X-R,1.282876968383789,38.50404359985368,1.6769566535949707,2.6333701610565186
70,seams,ABL-ET2X-R-PreviousRawEdge-BilinearRGB,1.0570428371429443,38.192904214075504,1.7730807065963745,1.965643286705017
70,seams,ABL-ET2X-R-PreviousRawEdge-ResolvedRGB,1.0710471868515015,38.03548773996723,1.7365398406982422,1.9422575235366821
70,thin-seam,O-T2X-R,1.2501627206802368,41.41541311849862,1.7138704061508179,2.3050315380096436
70,thin-seam,ABL-ET2X-R-PreviousRawEdge-BilinearRGB,0.9766167402267456,42.46559233507945,1.6971369981765747,1.5196374654769897
70,thin-seam,ABL-ET2X-R-PreviousRawEdge-ResolvedRGB,0.9668511152267456,42.518720489056825,1.6817864179611206,1.4826828241348267
71,seams,O-T2X-R,1.2499723434448242,38.02819770480657,1.6614104509353638,1.6354235410690308
71,seams,ABL-ET2X-R-PreviousRawEdge-BilinearRGB,1.2237926721572876,37.128522234265915,1.786448359489441,1.8948965072631836
71,seams,ABL-ET2X-R-PreviousRawEdge-ResolvedRGB,1.2316261529922485,37.08488992738853,1.7599204778671265,1.840576410293579
71,thin-seam,O-T2X-R,1.4554579257965088,35.79129296918148,1.5805726051330566,1.244886875152588
71,thin-seam,ABL-ET2X-R-PreviousRawEdge-BilinearRGB,1.2550455331802368,35.76259857287116,1.8369884490966797,1.7584222555160522
71,thin-seam,ABL-ET2X-R-PreviousRawEdge-ResolvedRGB,1.2696397304534912,35.70031520085714,1.829816460609436,1.7357209920883179
72,seams,O-T2X-R,1.2270258665084839,38.80118112962144,1.5243948698043823,2.2113447189331055
72,seams,ABL-ET2X-R-PreviousRawEdge-BilinearRGB,1.0321564674377441,39.34970638604668,1.6163119077682495,1.9358417987823486
72,seams,ABL-ET2X-R-PreviousRawEdge-ResolvedRGB,0.9832243323326111,40.06808139090721,1.631221055984497,1.9638288021087646
72,thin-seam,O-T2X-R,1.3955078125,37.50464913983467,1.6716814041137695,2.2782199382781982
72,thin-seam,ABL-ET2X-R-PreviousRawEdge-BilinearRGB,1.0686849355697632,39.1131776191922,1.8181253671646118,1.8699356317520142
72,thin-seam,ABL-ET2X-R-PreviousRawEdge-ResolvedRGB,0.9996744990348816,40.671838854388284,1.790706992149353,1.8827582597732544
73,seams,O-T2X-R,1.2284576892852783,37.62697376778807,1.3951596021652222,1.2246387004852295
73,seams,ABL-ET2X-R-PreviousRawEdge-BilinearRGB,1.046133041381836,39.09089648524192,1.5532673597335815,1.5087143182754517
73,seams,ABL-ET2X-R-PreviousRawEdge-ResolvedRGB,1.0676015615463257,38.80603381504084,1.4612483978271484,1.4349231719970703
73,thin-seam,O-T2X-R,1.2627495527267456,40.883983438213534,1.5323361158370972,1.235674262046814
73,thin-seam,ABL-ET2X-R-PreviousRawEdge-BilinearRGB,1.0339083671569824,42.04490018555233,1.7415915727615356,1.704099178314209
73,thin-seam,ABL-ET2X-R-PreviousRawEdge-ResolvedRGB,1.0018988847732544,42.64145523917672,1.6761382818222046,1.5719585418701172
74,seams,O-T2X-R,1.1827495098114014,39.941874572410875,1.5052849054336548,1.9719610214233398
74,seams,ABL-ET2X-R-PreviousRawEdge-BilinearRGB,1.1503897905349731,36.95873143836485,1.5646026134490967,1.59516179561615
74,seams,ABL-ET2X-R-PreviousRawEdge-ResolvedRGB,1.1584266424179077,36.893541054954476,1.5426534414291382,1.4891279935836792
74,thin-seam,O-T2X-R,1.1572265625,42.82369980434984,1.7121750116348267,2.2824904918670654
74,thin-seam,ABL-ET2X-R-PreviousRawEdge-BilinearRGB,1.2082791328430176,35.627458732754754,1.8065134286880493,1.7300715446472168
74,thin-seam,ABL-ET2X-R-PreviousRawEdge-ResolvedRGB,1.2198350429534912,35.550364035566574,1.76809561252594,1.6629114151000977
75,seams,O-T2X-R,1.1555906534194946,41.06240974429335,1.5659353733062744,1.2750303745269775
75,seams,ABL-ET2X-R-PreviousRawEdge-BilinearRGB,1.0573015213012695,38.944019970113615,1.5447276830673218,1.5791668891906738
75,seams,ABL-ET2X-R-PreviousRawEdge-ResolvedRGB,1.0428260564804077,39.204643323291215,1.544346570968628,1.5570275783538818
75,thin-seam,O-T2X-R,1.2530924081802368,40.89581397515866,1.7142057418823242,1.3003395795822144
75,thin-seam,ABL-ET2X-R-PreviousRawEdge-BilinearRGB,1.0240342617034912,41.462551725630554,1.7130851745605469,1.7204405069351196
75,thin-seam,ABL-ET2X-R-PreviousRawEdge-ResolvedRGB,1.0084092617034912,41.781928145454145,1.697312355041504,1.6761608123779297
76,seams,O-T2X-R,1.1818996667861938,41.123734689390815,1.5217828750610352,2.1027660369873047
76,seams,ABL-ET2X-R-PreviousRawEdge-BilinearRGB,1.0144569873809814,39.78397864403362,1.5155587196350098,1.499025821685791
76,seams,ABL-ET2X-R-PreviousRawEdge-ResolvedRGB,1.0266138315200806,39.61900105833817,1.4673655033111572,1.4689072370529175
76,thin-seam,O-T2X-R,1.3379991054534912,40.90807876801266,1.826442837715149,2.5465049743652344
76,thin-seam,ABL-ET2X-R-PreviousRawEdge-BilinearRGB,0.9778103232383728,42.86520382795122,1.5845985412597656,1.5909843444824219
76,thin-seam,ABL-ET2X-R-PreviousRawEdge-ResolvedRGB,0.9822048544883728,42.7965709490449,1.573434829711914,1.554986596107483
77,seams,O-T2X-R,1.312354564666748,37.79540950770667,1.6044632196426392,1.4384253025054932
77,seams,ABL-ET2X-R-PreviousRawEdge-BilinearRGB,1.09731924533844,39.01855239147555,1.7507143020629883,1.6558674573898315
77,seams,ABL-ET2X-R-PreviousRawEdge-ResolvedRGB,1.0917857885360718,39.27834789932315,1.7205172777175903,1.6025800704956055
77,thin-seam,O-T2X-R,1.5285372734069824,36.09759280515442,1.7294496297836304,1.4341068267822266
77,thin-seam,ABL-ET2X-R-PreviousRawEdge-BilinearRGB,1.2143012285232544,38.14434919754585,1.9501534700393677,1.7578520774841309
77,thin-seam,ABL-ET2X-R-PreviousRawEdge-ResolvedRGB,1.2088758945465088,38.26231870013693,1.9414414167404175,1.7383285760879517
78,seams,O-T2X-R,1.3741363286972046,37.68234079750352,1.6060343980789185,2.0917556285858154
78,seams,ABL-ET2X-R-PreviousRawEdge-BilinearRGB,1.0522300004959106,39.597549881391856,1.6821913719177246,1.5724462270736694
78,seams,ABL-ET2X-R-PreviousRawEdge-ResolvedRGB,1.0365997552871704,40.10629101200151,1.6729170083999634,1.5465739965438843
78,thin-seam,O-T2X-R,1.4405381679534912,37.96474964117288,1.8453928232192993,2.4478960037231445
78,thin-seam,ABL-ET2X-R-PreviousRawEdge-BilinearRGB,1.0418294668197632,41.40228186962486,1.869241714477539,1.871512770652771
78,thin-seam,ABL-ET2X-R-PreviousRawEdge-ResolvedRGB,1.0427517890930176,41.448214848704566,1.8518086671829224,1.8512897491455078
79,seams,O-T2X-R,1.270627737045288,38.19090648581067,1.5836793184280396,1.27792489528656
79,seams,ABL-ET2X-R-PreviousRawEdge-BilinearRGB,1.0815781354904175,39.46555744333753,1.6574130058288574,1.5445680618286133
79,seams,ABL-ET2X-R-PreviousRawEdge-ResolvedRGB,1.1004230976104736,39.3237351909012,1.620954155921936,1.5082231760025024
79,thin-seam,O-T2X-R,1.2799478769302368,41.87796051196492,1.6969093084335327,1.3361693620681763
79,thin-seam,ABL-ET2X-R-PreviousRawEdge-BilinearRGB,1.0923936367034912,42.78465201605778,1.917806625366211,1.8240333795547485
79,thin-seam,ABL-ET2X-R-PreviousRawEdge-ResolvedRGB,1.1101346015930176,42.590167866157536,1.901553750038147,1.794498085975647
80,seams,O-T2X-R,1.2751635313034058,39.90301436909698,1.5843417644500732,2.0971462726593018
80,seams,ABL-ET2X-R-PreviousRawEdge-BilinearRGB,1.0752410888671875,39.86788491738268,1.6890391111373901,1.68081533908844
80,seams,ABL-ET2X-R-PreviousRawEdge-ResolvedRGB,1.0721557140350342,39.963111531815315,1.6701291799545288,1.6577903032302856
80,thin-seam,O-T2X-R,1.2957357168197632,42.33263282722932,1.8087902069091797,2.3848659992218018
80,thin-seam,ABL-ET2X-R-PreviousRawEdge-BilinearRGB,1.21923828125,38.616982505399776,1.8293709754943848,1.8414415121078491
80,thin-seam,ABL-ET2X-R-PreviousRawEdge-ResolvedRGB,1.2218966484069824,38.668757271910245,1.8201669454574585,1.817887783050537
81,seams,O-T2X-R,1.2344344854354858,39.899606675592906,1.5851961374282837,1.2269694805145264
81,seams,ABL-ET2X-R-PreviousRawEdge-BilinearRGB,1.0328123569488525,39.99530500834906,1.707985520362854,1.5893652439117432
81,seams,ABL-ET2X-R-PreviousRawEdge-ResolvedRGB,1.0265768766403198,40.132730170438464,1.6479008197784424,1.5425530672073364
81,thin-seam,O-T2X-R,1.3158637285232544,39.90410392560778,1.6560992002487183,1.30392324924469
81,thin-seam,ABL-ET2X-R-PreviousRawEdge-BilinearRGB,1.1053602695465088,40.40517696051659,1.9214156866073608,1.894302487373352
81,thin-seam,ABL-ET2X-R-PreviousRawEdge-ResolvedRGB,1.1116536855697632,40.400088130532986,1.9113459587097168,1.8726345300674438
82,seams,O-T2X-R,1.2400232553482056,40.2066887824028,1.6181418895721436,2.099734306335449
82,seams,ABL-ET2X-R-PreviousRawEdge-BilinearRGB,1.0551583766937256,39.62776983319544,1.6140375137329102,1.5209474563598633
82,seams,ABL-ET2X-R-PreviousRawEdge-ResolvedRGB,1.0741325616836548,39.46901769143545,1.5961697101593018,1.4236555099487305
82,thin-seam,O-T2X-R,1.32373046875,41.86987147393396,1.9336366653442383,2.4537832736968994
82,thin-seam,ABL-ET2X-R-PreviousRawEdge-BilinearRGB,0.9695095419883728,43.361633426822046,1.9056934118270874,1.8139710426330566
82,thin-seam,ABL-ET2X-R-PreviousRawEdge-ResolvedRGB,0.9814995527267456,43.25521917856224,1.8913960456848145,1.78201425075531
83,seams,O-T2X-R,1.2941192388534546,37.895486993143884,1.4398136138916016,1.3858405351638794
83,seams,ABL-ET2X-R-PreviousRawEdge-BilinearRGB,1.0921368598937988,39.69945683916355,1.5285155773162842,1.7043496370315552
83,seams,ABL-ET2X-R-PreviousRawEdge-ResolvedRGB,1.0730425119400024,39.94325053318174,1.5343211889266968,1.6781978607177734
83,thin-seam,O-T2X-R,1.4546440839767456,36.75703993266624,1.62118661403656,1.4447311162948608
83,thin-seam,ABL-ET2X-R-PreviousRawEdge-BilinearRGB,1.1541341543197632,38.924454071864346,1.6884454488754272,1.8008023500442505
83,thin-seam,ABL-ET2X-R-PreviousRawEdge-ResolvedRGB,1.1550564765930176,38.98056741791657,1.6791397333145142,1.7825379371643066
84,seams,O-T2X-R,1.2804844379425049,38.20829852150374,1.4647283554077148,2.1195175647735596
84,seams,ABL-ET2X-R-PreviousRawEdge-BilinearRGB,1.053458571434021,39.70960728819331,1.4364206790924072,1.5862473249435425
84,seams,ABL-ET2X-R-PreviousRawEdge-ResolvedRGB,1.0473154783248901,39.6923813984421,1.3822039365768433,1.5817848443984985
84,thin-seam,O-T2X-R,1.3722872734069824,38.359871956681545,1.6953572034835815,2.421175003051758
84,thin-seam,ABL-ET2X-R-PreviousRawEdge-BilinearRGB,1.0490994453430176,39.74490200984616,1.564927101135254,1.71494722366333
84,thin-seam,ABL-ET2X-R-PreviousRawEdge-ResolvedRGB,1.0517578125,39.73299349421905,1.555803656578064,1.6861177682876587
85,seams,O-T2X-R,1.2809925079345703,36.78640082857532,1.479128360748291,1.3172497749328613
85,seams,ABL-ET2X-R-PreviousRawEdge-BilinearRGB,1.078880786895752,39.441175130502444,1.452046275138855,1.500058650970459
85,seams,ABL-ET2X-R-PreviousRawEdge-ResolvedRGB,1.0727653503417969,39.47586940977493,1.421665906906128,1.4183119535446167
85,thin-seam,O-T2X-R,1.3547635078430176,41.118121001885626,1.6523517370224,1.3780698776245117
85,thin-seam,ABL-ET2X-R-PreviousRawEdge-BilinearRGB,1.0449761152267456,42.568053403635034,1.637816309928894,1.5920114517211914
85,thin-seam,ABL-ET2X-R-PreviousRawEdge-ResolvedRGB,1.0452474355697632,42.52331782951113,1.620771050453186,1.5541578531265259
86,seams,O-T2X-R,1.2810016870498657,39.022964534205386,1.4175242185592651,2.178619384765625
86,seams,ABL-ET2X-R-PreviousRawEdge-BilinearRGB,1.0747514963150024,39.899064293956826,1.4832122325897217,1.6613887548446655
86,seams,ABL-ET2X-R-PreviousRawEdge-ResolvedRGB,1.0619295835494995,40.02834120160444,1.4824137687683105,1.640120267868042
86,thin-seam,O-T2X-R,1.3504232168197632,41.42124015450147,1.6658624410629272,2.4785053730010986
86,thin-seam,ABL-ET2X-R-PreviousRawEdge-BilinearRGB,1.1680229902267456,39.24457153290189,1.8099174499511719,1.8117398023605347
86,thin-seam,ABL-ET2X-R-PreviousRawEdge-ResolvedRGB,1.1398653984069824,39.47457766323784,1.7860603332519531,1.7872858047485352
87,seams,O-T2X-R,1.2037652730941772,39.57957996701596,1.3534431457519531,1.1678985357284546
87,seams,ABL-ET2X-R-PreviousRawEdge-BilinearRGB,1.1502974033355713,38.195521637151934,1.5598981380462646,1.6477415561676025
87,seams,ABL-ET2X-R-PreviousRawEdge-ResolvedRGB,1.119508147239685,38.792729570997,1.4868011474609375,1.6524842977523804
87,thin-seam,O-T2X-R,1.4651693105697632,38.64137447059727,1.6151176691055298,1.2927322387695312
87,thin-seam,ABL-ET2X-R-PreviousRawEdge-BilinearRGB,1.41796875,37.48097029397641,2.048553228378296,2.1756579875946045
87,thin-seam,ABL-ET2X-R-PreviousRawEdge-ResolvedRGB,1.3457573652267456,38.18999235697752,1.9363933801651,2.132427215576172
88,seams,O-T2X-R,1.3154860734939575,37.371158190382936,1.3893117904663086,2.0367448329925537
88,seams,ABL-ET2X-R-PreviousRawEdge-BilinearRGB,1.1101781129837036,39.0259608794596,1.5300037860870361,1.7201752662658691
88,seams,ABL-ET2X-R-PreviousRawEdge-ResolvedRGB,1.0786775350570679,39.299335877807934,1.4874358177185059,1.6214611530303955
88,thin-seam,O-T2X-R,1.7369248867034912,34.205030352821296,1.7604589462280273,2.5756454467773438
88,thin-seam,ABL-ET2X-R-PreviousRawEdge-BilinearRGB,1.1488173007965088,39.7513303137849,1.988641619682312,2.3849050998687744
88,thin-seam,ABL-ET2X-R-PreviousRawEdge-ResolvedRGB,1.0940755605697632,40.91970638458294,1.9670253992080688,2.2763946056365967
89,seams,O-T2X-R,1.2804844379425049,38.411465496380465,1.3849947452545166,1.3082603216171265
89,seams,ABL-ET2X-R-PreviousRawEdge-BilinearRGB,1.1027417182922363,39.8158124818132,1.533247947692871,1.6712995767593384
89,seams,ABL-ET2X-R-PreviousRawEdge-ResolvedRGB,1.0964694023132324,39.93167125296066,1.4899711608886719,1.6117522716522217
89,thin-seam,O-T2X-R,1.5855034589767456,37.47691460916844,1.7967042922973633,1.390992522239685
89,thin-seam,ABL-ET2X-R-PreviousRawEdge-BilinearRGB,1.15771484375,41.199695315421046,1.9564908742904663,2.127690076828003
89,thin-seam,ABL-ET2X-R-PreviousRawEdge-ResolvedRGB,1.12890625,41.401731215338316,1.857330322265625,2.048541307449341
90,seams,O-T2X-R,1.3002992868423462,38.23966713883452,1.4802119731903076,2.1554760932922363
90,seams,ABL-ET2X-R-PreviousRawEdge-BilinearRGB,1.0685807466506958,39.2486451318584,1.4606438875198364,1.6231794357299805
90,seams,ABL-ET2X-R-PreviousRawEdge-ResolvedRGB,1.0538650751113892,39.380677796309115,1.4073821306228638,1.5628776550292969
90,thin-seam,O-T2X-R,1.3872612714767456,40.337526177929334,1.9448022842407227,2.869866371154785
90,thin-seam,ABL-ET2X-R-PreviousRawEdge-BilinearRGB,1.1385091543197632,41.0185822898669,1.846636176109314,2.041640043258667
90,thin-seam,ABL-ET2X-R-PreviousRawEdge-ResolvedRGB,1.1332465410232544,41.14100913433312,1.7477682828903198,1.8974218368530273
91,seams,O-T2X-R,1.3139433860778809,36.72338869520103,1.4270774126052856,1.331074833869934
91,seams,ABL-ET2X-R-PreviousRawEdge-BilinearRGB,1.026983380317688,39.632472803066364,1.510500192642212,1.5679794549942017
91,seams,ABL-ET2X-R-PreviousRawEdge-ResolvedRGB,0.997117817401886,39.918420921261244,1.486486554145813,1.5197261571884155
91,thin-seam,O-T2X-R,1.5050455331802368,37.82257492318669,1.8799089193344116,1.4427481889724731
91,thin-seam,ABL-ET2X-R-PreviousRawEdge-BilinearRGB,1.0710721015930176,41.62662379042175,1.8369389772415161,2.012322187423706
91,thin-seam,ABL-ET2X-R-PreviousRawEdge-ResolvedRGB,1.0408529043197632,41.825511866463295,1.8374395370483398,1.916037678718567
92,seams,O-T2X-R,1.3522059917449951,37.86337989238707,1.5694849491119385,2.2325448989868164
92,seams,ABL-ET2X-R-PreviousRawEdge-BilinearRGB,1.114251971244812,39.36776665556884,1.6118440628051758,1.635777235031128
92,seams,ABL-ET2X-R-PreviousRawEdge-ResolvedRGB,1.0939936637878418,39.845404160412926,1.5518220663070679,1.5865802764892578
92,thin-seam,O-T2X-R,1.4826931953430176,39.93879987971821,1.9884721040725708,2.9378662109375
92,thin-seam,ABL-ET2X-R-PreviousRawEdge-BilinearRGB,1.1566298007965088,41.041457218612294,1.9340633153915405,1.9141407012939453
92,thin-seam,ABL-ET2X-R-PreviousRawEdge-ResolvedRGB,1.1666666269302368,40.83043962541574,1.8622784614562988,1.8868955373764038
93,seams,O-T2X-R,1.3315320014953613,37.93285242437505,1.606191873550415,1.2906665802001953
93,seams,ABL-ET2X-R-PreviousRawEdge-BilinearRGB,1.142011284828186,38.79832138339938,1.5981394052505493,1.657658576965332
93,seams,ABL-ET2X-R-PreviousRawEdge-ResolvedRGB,1.1297250986099243,38.90565016377879,1.5557541847229004,1.5852559804916382
93,thin-seam,O-T2X-R,1.6285264492034912,36.65535879410836,1.997848629951477,1.398790955543518
93,thin-seam,ABL-ET2X-R-PreviousRawEdge-BilinearRGB,1.2591688632965088,39.83898771653377,1.9475654363632202,2.0476725101470947
93,thin-seam,ABL-ET2X-R-PreviousRawEdge-ResolvedRGB,1.2551541328430176,39.88991408143851,1.8756166696548462,1.9391006231307983
94,seams,O-T2X-R,1.3365296125411987,37.482722346108275,1.6675535440444946,2.2923989295959473
94,seams,ABL-ET2X-R-PreviousRawEdge-BilinearRGB,1.07147216796875,39.743195404983695,1.6185122728347778,1.7008508443832397
94,seams,ABL-ET2X-R-PreviousRawEdge-ResolvedRGB,1.076940894126892,39.79826711272808,1.6143075227737427,1.675979495048523
94,thin-seam,O-T2X-R,1.49658203125,38.87355565022546,2.0715320110321045,3.0508785247802734
94,thin-seam,ABL-ET2X-R-PreviousRawEdge-BilinearRGB,1.1621636152267456,41.87678824202786,2.07718563079834,2.2745659351348877
94,thin-seam,ABL-ET2X-R-PreviousRawEdge-ResolvedRGB,1.16650390625,41.85063032078933,2.077230215072632,2.235337972640991
95,seams,O-T2X-R,1.2880593538284302,38.48778009288605,1.6132789850234985,1.3525669574737549
95,seams,ABL-ET2X-R-PreviousRawEdge-BilinearRGB,1.1733547449111938,39.033407009651576,1.8565216064453125,1.7572181224822998
95,seams,ABL-ET2X-R-PreviousRawEdge-ResolvedRGB,1.1628144979476929,39.120085181155716,1.807236671447754,1.745160460472107
95,thin-seam,O-T2X-R,1.3804253339767456,39.58836270236601,1.9291929006576538,1.481873631477356
95,thin-seam,ABL-ET2X-R-PreviousRawEdge-BilinearRGB,1.1958550214767456,41.48070545310724,2.2886595726013184,2.313392400741577
95,thin-seam,ABL-ET2X-R-PreviousRawEdge-ResolvedRGB,1.2122938632965088,41.28701996901074,2.222879648208618,2.2692105770111084
96,seams,O-T2X-R,1.3438550233840942,38.12135784755504,1.7114739418029785,2.2008841037750244
96,seams,ABL-ET2X-R-PreviousRawEdge-BilinearRGB,1.1290600299835205,38.59730764672279,1.8311318159103394,1.6784418821334839
96,seams,ABL-ET2X-R-PreviousRawEdge-ResolvedRGB,1.1298820972442627,38.65662362975311,1.7675056457519531,1.595820426940918
96,thin-seam,O-T2X-R,1.6630316972732544,37.94811328359958,2.065422296524048,2.783018112182617
96,thin-seam,ABL-ET2X-R-PreviousRawEdge-BilinearRGB,1.1209310293197632,41.01675019693974,2.2335052490234375,2.356663703918457
96,thin-seam,ABL-ET2X-R-PreviousRawEdge-ResolvedRGB,1.1390516757965088,40.9972858632858,2.16048264503479,2.2671091556549072
97,seams,O-T2X-R,1.4069855213165283,35.90744433182979,1.6089106798171997,1.4278945922851562
97,seams,ABL-ET2X-R-PreviousRawEdge-BilinearRGB,1.1493829488754272,38.68968289122961,1.658987045288086,1.8169137239456177
97,seams,ABL-ET2X-R-PreviousRawEdge-ResolvedRGB,1.1506115198135376,38.73792832217268,1.6438729763031006,1.7714813947677612
97,thin-seam,O-T2X-R,1.3220486640930176,41.00417508565233,1.9452317953109741,1.7571873664855957
97,thin-seam,ABL-ET2X-R-PreviousRawEdge-BilinearRGB,1.076171875,41.10207238889896,2.0545966625213623,2.258136034011841
97,thin-seam,ABL-ET2X-R-PreviousRawEdge-ResolvedRGB,1.0909830331802368,40.95888781758121,1.9694490432739258,2.1388256549835205
98,seams,O-T2X-R,1.4089716672897339,37.018351877878274,1.584894061088562,2.3546907901763916
98,seams,ABL-ET2X-R-PreviousRawEdge-BilinearRGB,1.1921627521514893,38.29267794079405,1.5121428966522217,1.788303256034851
98,seams,ABL-ET2X-R-PreviousRawEdge-ResolvedRGB,1.1845046281814575,38.289560104223014,1.4737557172775269,1.7597322463989258
98,thin-seam,O-T2X-R,1.4999457597732544,38.3773184249013,1.8914674520492554,2.752513885498047
98,thin-seam,ABL-ET2X-R-PreviousRawEdge-BilinearRGB,1.1324869394302368,40.64947888702857,1.8994559049606323,2.1933541297912598
98,thin-seam,ABL-ET2X-R-PreviousRawEdge-ResolvedRGB,1.1544595956802368,40.3590804678284,1.837619662284851,2.0759007930755615
99,seams,O-T2X-R,1.348871111869812,38.06373200769649,1.5583466291427612,1.3450490236282349
99,seams,ABL-ET2X-R-PreviousRawEdge-BilinearRGB,1.181456208229065,38.13903195384923,1.5174062252044678,1.5941097736358643
99,seams,ABL-ET2X-R-PreviousRawEdge-ResolvedRGB,1.1688097715377808,38.18512598179632,1.4666928052902222,1.5316396951675415
99,thin-seam,O-T2X-R,1.5239800214767456,38.14080544406504,1.7215614318847656,1.5059841871261597
99,thin-seam,ABL-ET2X-R-PreviousRawEdge-BilinearRGB,0.9948459267616272,42.25058032536225,1.970295786857605,2.3056929111480713
99,thin-seam,ABL-ET2X-R-PreviousRawEdge-ResolvedRGB,1.0202364921569824,42.110027156683685,1.9203405380249023,2.231760025024414
100,seams,O-T2X-R,1.3716975450515747,37.150756877004774,1.5775541067123413,2.3907835483551025
100,seams,ABL-ET2X-R-PreviousRawEdge-BilinearRGB,1.2513394355773926,36.87400261994962,1.5929518938064575,1.7272388935089111
100,seams,ABL-ET2X-R-PreviousRawEdge-ResolvedRGB,1.219663381576538,37.751792416668884,1.5340598821640015,1.6713263988494873
100,thin-seam,O-T2X-R,1.3578559160232544,39.816177575836846,1.882014274597168,2.8257358074188232
100,thin-seam,ABL-ET2X-R-PreviousRawEdge-BilinearRGB,1.1458333730697632,38.273310150509005,2.0366008281707764,2.021183967590332
100,thin-seam,ABL-ET2X-R-PreviousRawEdge-ResolvedRGB,1.1090494394302368,40.14022647296617,1.8747186660766602,1.9428749084472656
101,seams,O-T2X-R,1.3544784784317017,37.419042818848695,1.5310101509094238,1.387864351272583
101,seams,ABL-ET2X-R-PreviousRawEdge-BilinearRGB,1.2543878555297852,37.03355095117222,1.6412193775177002,1.8105370998382568
101,seams,ABL-ET2X-R-PreviousRawEdge-ResolvedRGB,1.234397530555725,37.56099780149062,1.6426045894622803,1.780294418334961
101,thin-seam,O-T2X-R,1.4788954257965088,36.74902776781552,2.06241774559021,1.4910212755203247
101,thin-seam,ABL-ET2X-R-PreviousRawEdge-BilinearRGB,1.2278646230697632,38.33999728341811,1.7462049722671509,1.9677400588989258
101,thin-seam,ABL-ET2X-R-PreviousRawEdge-ResolvedRGB,1.2191298007965088,39.24335372962396,1.794568657875061,1.8898459672927856
102,seams,O-T2X-R,1.5639618635177612,36.03942542724444,1.496234655380249,2.243741512298584
102,seams,ABL-ET2X-R-PreviousRawEdge-BilinearRGB,1.3229039907455444,36.28999951811059,1.5976378917694092,1.5847824811935425
102,seams,ABL-ET2X-R-PreviousRawEdge-ResolvedRGB,1.2613070011138916,37.12936014466253,1.49220871925354,1.5588823556900024
102,thin-seam,O-T2X-R,1.6695963144302368,37.049318683466666,2.0337865352630615,3.140388250350952
102,thin-seam,ABL-ET2X-R-PreviousRawEdge-BilinearRGB,1.3224283456802368,37.274306813772526,1.7969989776611328,1.900410771369934
102,thin-seam,ABL-ET2X-R-PreviousRawEdge-ResolvedRGB,1.2410482168197632,38.266765531666,1.6629270315170288,1.8675273656845093
103,seams,O-T2X-R,1.3335180282592773,38.68867494885988,1.5406827926635742,1.4798524379730225
103,seams,ABL-ET2X-R-PreviousRawEdge-BilinearRGB,1.1439234018325806,38.806099134781704,1.7204713821411133,2.0097200870513916
103,seams,ABL-ET2X-R-PreviousRawEdge-ResolvedRGB,1.1204227209091187,39.27423234540748,1.6826525926589966,1.861870527267456
103,thin-seam,O-T2X-R,1.4577364921569824,38.450958132494556,1.9408397674560547,1.6511521339416504
103,thin-seam,ABL-ET2X-R-PreviousRawEdge-BilinearRGB,1.1777886152267456,39.1266403928463,2.1130449771881104,2.256098508834839
103,thin-seam,ABL-ET2X-R-PreviousRawEdge-ResolvedRGB,1.1422525644302368,39.794696053824204,2.070134162902832,2.0332343578338623
104,seams,O-T2X-R,1.398985743522644,37.40842406823023,1.6814515590667725,2.4275784492492676
104,seams,ABL-ET2X-R-PreviousRawEdge-BilinearRGB,1.1884769201278687,38.3127418518632,1.6893718242645264,1.9441180229187012
104,seams,ABL-ET2X-R-PreviousRawEdge-ResolvedRGB,1.1716920137405396,38.53038118381787,1.6727322340011597,1.9253698587417603
104,thin-seam,O-T2X-R,1.3805880546569824,40.154508494301865,2.0513343811035156,2.9662301540374756
104,thin-seam,ABL-ET2X-R-PreviousRawEdge-BilinearRGB,1.1129014492034912,43.010012982791594,2.091404676437378,2.4063377380371094
104,thin-seam,ABL-ET2X-R-PreviousRawEdge-ResolvedRGB,1.1378580331802368,42.111558778365534,2.1230874061584473,2.4674184322357178
105,seams,O-T2X-R,1.3896833658218384,37.21414127660737,1.541925072669983,1.4226760864257812
105,seams,ABL-ET2X-R-PreviousRawEdge-BilinearRGB,1.2431918382644653,38.066355951105,1.609521508216858,1.7358179092407227
105,seams,ABL-ET2X-R-PreviousRawEdge-ResolvedRGB,1.2081902027130127,38.28000781407564,1.5486658811569214,1.7606533765792847
105,thin-seam,O-T2X-R,1.4337022304534912,37.27568046744815,1.7359346151351929,1.5434318780899048
105,thin-seam,ABL-ET2X-R-PreviousRawEdge-BilinearRGB,1.3232421875,39.053616594282666,2.059191942214966,2.2333455085754395
105,thin-seam,ABL-ET2X-R-PreviousRawEdge-ResolvedRGB,1.2907986640930176,39.154914592855405,1.951075553894043,2.3553266525268555
106,seams,O-T2X-R,1.520285964012146,35.95525887039774,1.6257320642471313,2.4023306369781494
106,seams,ABL-ET2X-R-PreviousRawEdge-BilinearRGB,1.1736319065093994,39.029980621822574,1.613439679145813,1.8085285425186157
106,seams,ABL-ET2X-R-PreviousRawEdge-ResolvedRGB,1.169567346572876,39.05632355309721,1.5434021949768066,1.7059504985809326
106,thin-seam,O-T2X-R,1.5504014492034912,37.49700658258628,1.815707802772522,2.7319908142089844
106,thin-seam,ABL-ET2X-R-PreviousRawEdge-BilinearRGB,1.2023111581802368,39.64472353232459,1.948405146598816,2.207554578781128
106,thin-seam,ABL-ET2X-R-PreviousRawEdge-ResolvedRGB,1.1353623867034912,40.35931639516189,1.8101879358291626,2.0113890171051025
107,seams,O-T2X-R,1.4611462354660034,36.90944136628113,1.533361554145813,1.4394503831863403
107,seams,ABL-ET2X-R-PreviousRawEdge-BilinearRGB,1.231071949005127,38.452171490776124,1.6397374868392944,1.9442758560180664
107,seams,ABL-ET2X-R-PreviousRawEdge-ResolvedRGB,1.2107027769088745,38.73785925663163,1.6079413890838623,1.850306510925293
107,thin-seam,O-T2X-R,1.5242513418197632,38.406744950279545,1.7736440896987915,1.319520115852356
107,thin-seam,ABL-ET2X-R-PreviousRawEdge-BilinearRGB,1.1541341543197632,41.09838424174765,1.889025092124939,2.293933868408203
107,thin-seam,ABL-ET2X-R-PreviousRawEdge-ResolvedRGB,1.1915147304534912,40.60818456215,1.8751941919326782,2.148228168487549
108,seams,O-T2X-R,1.4612847566604614,37.528072760477556,1.730977177619934,2.4835238456726074
108,seams,ABL-ET2X-R-PreviousRawEdge-BilinearRGB,1.26829993724823,38.16803267237156,1.7749303579330444,1.9598164558410645
108,seams,ABL-ET2X-R-PreviousRawEdge-ResolvedRGB,1.2736300230026245,38.209817928492086,1.7317649126052856,1.9490782022476196
108,thin-seam,O-T2X-R,1.4370659589767456,39.79283009716241,2.080256700515747,3.016192674636841
108,thin-seam,ABL-ET2X-R-PreviousRawEdge-BilinearRGB,1.2931857109069824,40.3017993605771,2.020686388015747,2.0905966758728027
108,thin-seam,ABL-ET2X-R-PreviousRawEdge-ResolvedRGB,1.3214517831802368,40.13353275054087,2.0244674682617188,2.248962879180908
109,seams,O-T2X-R,1.3878542184829712,37.70239987566849,1.7471380233764648,1.693666696548462
109,seams,ABL-ET2X-R-PreviousRawEdge-BilinearRGB,1.2659904956817627,38.67948803019256,1.812761664390564,2.0401771068573
109,seams,ABL-ET2X-R-PreviousRawEdge-ResolvedRGB,1.260540246963501,38.53663169070616,1.7755863666534424,2.0585412979125977
109,thin-seam,O-T2X-R,1.5955404043197632,36.11422212522229,2.1164982318878174,1.6894969940185547
109,thin-seam,ABL-ET2X-R-PreviousRawEdge-BilinearRGB,1.298828125,39.92463881608049,2.108269214630127,2.3143045902252197
109,thin-seam,ABL-ET2X-R-PreviousRawEdge-ResolvedRGB,1.3175455331802368,39.16898622733417,2.153122663497925,2.5181376934051514
110,seams,O-T2X-R,1.5358792543411255,36.682495352912916,1.837723731994629,2.626573324203491
110,seams,ABL-ET2X-R-PreviousRawEdge-BilinearRGB,1.2983224391937256,37.80858716864954,1.8099457025527954,2.1344923973083496
110,seams,ABL-ET2X-R-PreviousRawEdge-ResolvedRGB,1.2481247186660767,38.282097137589304,1.711616039276123,2.0302908420562744
110,thin-seam,O-T2X-R,1.6626518964767456,37.31514122750785,2.1722769737243652,3.251960515975952
110,thin-seam,ABL-ET2X-R-PreviousRawEdge-BilinearRGB,1.3487412929534912,37.72416558140604,2.032759428024292,2.164790630340576
110,thin-seam,ABL-ET2X-R-PreviousRawEdge-ResolvedRGB,1.2881944179534912,38.2280165801362,1.8256722688674927,2.11517071723938
111,seams,O-T2X-R,1.4690722227096558,36.92466432191932,1.7884057760238647,1.8185020685195923
111,seams,ABL-ET2X-R-PreviousRawEdge-BilinearRGB,1.303948163986206,37.52799597358773,1.8511720895767212,2.268014430999756
111,seams,ABL-ET2X-R-PreviousRawEdge-ResolvedRGB,1.2996342182159424,37.59820040800281,1.7903311252593994,2.1165084838867188
111,thin-seam,O-T2X-R,1.6103515625,37.87657159127453,2.118983507156372,1.4837440252304077
111,thin-seam,ABL-ET2X-R-PreviousRawEdge-BilinearRGB,1.1406792402267456,40.05224105635154,1.9135738611221313,2.454817533493042
111,thin-seam,ABL-ET2X-R-PreviousRawEdge-ResolvedRGB,1.1393771171569824,40.03160604106451,1.8550810813903809,2.161426544189453
112,seams,O-T2X-R,1.3974061012268066,37.7823011426457,1.7885797023773193,2.720846652984619
112,seams,ABL-ET2X-R-PreviousRawEdge-BilinearRGB,1.1990355253219604,38.69924359177662,1.8954734802246094,2.087083578109741
112,seams,ABL-ET2X-R-PreviousRawEdge-ResolvedRGB,1.2106842994689941,38.50731934111161,1.8513776063919067,2.0790886878967285
112,thin-seam,O-T2X-R,1.3439669609069824,41.05811508557341,2.014820098876953,3.2940514087677
112,thin-seam,ABL-ET2X-R-PreviousRawEdge-BilinearRGB,1.1447482109069824,39.64402222361935,1.8959587812423706,2.057493209838867
112,thin-seam,ABL-ET2X-R-PreviousRawEdge-ResolvedRGB,1.2385525703430176,38.78450963223765,1.9176734685897827,2.0658600330352783
113,seams,O-T2X-R,1.440777063369751,36.667176989943144,1.7418733835220337,1.7059093713760376
113,seams,ABL-ET2X-R-PreviousRawEdge-BilinearRGB,1.1970771551132202,38.73668292954229,1.9775140285491943,2.328460216522217
113,seams,ABL-ET2X-R-PreviousRawEdge-ResolvedRGB,1.1829527616500854,38.8791069235292,1.9483243227005005,2.3267979621887207
113,thin-seam,O-T2X-R,1.5250108242034912,36.47258494922384,1.9490941762924194,1.2769838571548462
113,thin-seam,ABL-ET2X-R-PreviousRawEdge-BilinearRGB,1.2677408456802368,40.65575343120955,2.30564284324646,2.242737054824829
113,thin-seam,ABL-ET2X-R-PreviousRawEdge-ResolvedRGB,1.28125,40.20173642359155,2.3552334308624268,2.5542306900024414
114,seams,O-T2X-R,1.5067805051803589,36.64044863700638,1.7996749877929688,2.784947633743286
114,seams,ABL-ET2X-R-PreviousRawEdge-BilinearRGB,1.2957727909088135,36.73962908359664,1.945534586906433,2.2347898483276367
114,seams,ABL-ET2X-R-PreviousRawEdge-ResolvedRGB,1.2031925916671753,37.782575216123476,1.8072125911712646,2.2069079875946045
114,thin-seam,O-T2X-R,1.6162109375,36.318827183143256,1.8146257400512695,2.882171630859375
114,thin-seam,ABL-ET2X-R-PreviousRawEdge-BilinearRGB,1.3336045742034912,37.31680153093598,2.284802198410034,2.322160482406616
114,thin-seam,ABL-ET2X-R-PreviousRawEdge-ResolvedRGB,1.1088324785232544,40.10162682903236,1.918196678161621,2.3915531635284424
115,seams,O-T2X-R,1.4663286209106445,37.091204292724676,1.8084304332733154,1.758005142211914
115,seams,ABL-ET2X-R-PreviousRawEdge-BilinearRGB,1.1620293855667114,38.15074839801798,1.9246602058410645,2.304547071456909
115,seams,ABL-ET2X-R-PreviousRawEdge-ResolvedRGB,1.1427502632141113,38.644418903136895,1.897066593170166,2.1272478103637695
115,thin-seam,O-T2X-R,1.6128472089767456,37.96670061643256,1.9503613710403442,1.6018195152282715
115,thin-seam,ABL-ET2X-R-PreviousRawEdge-BilinearRGB,1.0986328125,39.3600060342338,2.068363904953003,2.636333465576172
115,thin-seam,ABL-ET2X-R-PreviousRawEdge-ResolvedRGB,1.0661349296569824,40.55766901318777,2.0062296390533447,2.143446683883667
116,seams,O-T2X-R,1.4622547626495361,36.886389920240504,1.966803789138794,2.8089370727539062
116,seams,ABL-ET2X-R-PreviousRawEdge-BilinearRGB,1.2476074695587158,37.45791218578322,1.9630389213562012,2.300220251083374
116,seams,ABL-ET2X-R-PreviousRawEdge-ResolvedRGB,1.2109706401824951,38.02258276278741,1.9598242044448853,2.312547445297241
116,thin-seam,O-T2X-R,1.6153970956802368,37.43349409788813,2.117560863494873,2.979871988296509
116,thin-seam,ABL-ET2X-R-PreviousRawEdge-BilinearRGB,1.2257486581802368,39.320256382617664,2.013007879257202,2.1884617805480957
116,thin-seam,ABL-ET2X-R-PreviousRawEdge-ResolvedRGB,1.1800130605697632,40.17087271767994,2.068199396133423,2.2677853107452393
117,seams,O-T2X-R,1.5183923244476318,35.23536708049393,1.9078844785690308,1.9241255521774292
117,seams,ABL-ET2X-R-PreviousRawEdge-BilinearRGB,1.3608524799346924,35.9592602458057,2.0098023414611816,2.3916165828704834
117,seams,ABL-ET2X-R-PreviousRawEdge-ResolvedRGB,1.3435595035552979,36.19369850032331,1.9290721416473389,2.368773937225342
117,thin-seam,O-T2X-R,1.5134005546569824,35.98877452382693,2.2603070735931396,1.8340030908584595
117,thin-seam,ABL-ET2X-R-PreviousRawEdge-BilinearRGB,1.3573133945465088,37.942897939262544,2.1576173305511475,2.360114574432373
117,thin-seam,ABL-ET2X-R-PreviousRawEdge-ResolvedRGB,1.3142361640930176,38.547624937430015,2.0492584705352783,2.4445669651031494
118,seams,O-T2X-R,1.5359901189804077,36.85214807737427,1.9404289722442627,2.947692394256592
118,seams,ABL-ET2X-R-PreviousRawEdge-BilinearRGB,1.2480970621109009,38.994541503094524,2.0925047397613525,2.4541001319885254
118,seams,ABL-ET2X-R-PreviousRawEdge-ResolvedRGB,1.2197279930114746,39.225488837308546,2.014530658721924,2.3456568717956543
118,thin-seam,O-T2X-R,1.6159939765930176,36.96830452293321,2.090975522994995,3.4475181102752686
118,thin-seam,ABL-ET2X-R-PreviousRawEdge-BilinearRGB,1.2469618320465088,40.24024453034833,2.2489938735961914,2.4524874687194824
118,thin-seam,ABL-ET2X-R-PreviousRawEdge-ResolvedRGB,1.1686197519302368,40.99031634144921,2.179490327835083,2.4621946811676025
119,seams,O-T2X-R,1.4910393953323364,36.93894067461153,2.029832124710083,2.0391969680786133
119,seams,ABL-ET2X-R-PreviousRawEdge-BilinearRGB,1.3741916418075562,38.12357605110351,2.1594176292419434,2.5437097549438477
119,seams,ABL-ET2X-R-PreviousRawEdge-ResolvedRGB,1.3254258632659912,38.444057670609276,2.0966579914093018,2.436469316482544
119,thin-seam,O-T2X-R,1.5295138359069824,38.14486939628528,1.9918607473373413,1.377214789390564
119,thin-seam,ABL-ET2X-R-PreviousRawEdge-BilinearRGB,1.2375760078430176,39.702873971227824,2.249391555786133,2.4261863231658936
119,thin-seam,ABL-ET2X-R-PreviousRawEdge-ResolvedRGB,1.1814779043197632,40.77148416694709,2.1225385665893555,2.3220982551574707
120,seams,O-T2X-R,1.5401932001113892,36.40929218288352,2.047215461730957,3.153822183609009
120,seams,ABL-ET2X-R-PreviousRawEdge-BilinearRGB,1.2768170833587646,37.45362599689327,2.071613311767578,2.6998043060302734
120,seams,ABL-ET2X-R-PreviousRawEdge-ResolvedRGB,1.2890846729278564,37.3199896781031,2.007786989212036,2.608905792236328
120,thin-seam,O-T2X-R,1.61572265625,38.48278008053143,2.354562997817993,3.4203503131866455
120,thin-seam,ABL-ET2X-R-PreviousRawEdge-BilinearRGB,1.2853732109069824,38.02489860256231,2.0306313037872314,2.4175660610198975
120,thin-seam,ABL-ET2X-R-PreviousRawEdge-ResolvedRGB,1.3103299140930176,37.92281706312987,2.026392698287964,2.3426239490509033
121,seams,O-T2X-R,1.5603684186935425,35.33646736855473,1.9703114032745361,2.111618995666504
121,seams,ABL-ET2X-R-PreviousRawEdge-BilinearRGB,1.356787919998169,36.42010127612663,2.0293219089508057,2.377335786819458
121,seams,ABL-ET2X-R-PreviousRawEdge-ResolvedRGB,1.3313472270965576,36.71026538793107,1.9904634952545166,2.2888498306274414
121,thin-seam,O-T2X-R,1.62255859375,36.80353373678759,1.929085373878479,1.7385082244873047
121,thin-seam,ABL-ET2X-R-PreviousRawEdge-BilinearRGB,1.3231337070465088,38.179566770792114,1.9983506202697754,2.076690435409546
121,thin-seam,ABL-ET2X-R-PreviousRawEdge-ResolvedRGB,1.3094075918197632,38.34427686281062,2.057394504547119,2.2333028316497803
122,seams,O-T2X-R,1.6246074438095093,35.63497025949761,2.0304253101348877,2.948139190673828
122,seams,ABL-ET2X-R-PreviousRawEdge-BilinearRGB,1.4185049533843994,36.10718638860778,2.011949300765991,2.3779947757720947
122,seams,ABL-ET2X-R-PreviousRawEdge-ResolvedRGB,1.385895848274231,36.219847402787614,1.998073697090149,2.3525350093841553
122,thin-seam,O-T2X-R,1.7542318105697632,36.44646307586673,2.299891710281372,3.099109649658203
122,thin-seam,ABL-ET2X-R-PreviousRawEdge-BilinearRGB,1.2409939765930176,39.01988689806227,1.861128807067871,2.022733449935913
122,thin-seam,ABL-ET2X-R-PreviousRawEdge-ResolvedRGB,1.259765625,38.51784958959919,1.8428620100021362,2.173480272293091
123,seams,O-T2X-R,1.6591286659240723,33.834000887037746,2.070620059967041,2.1505932807922363
123,seams,ABL-ET2X-R-PreviousRawEdge-BilinearRGB,1.2503602504730225,37.370504888408426,2.0438642501831055,2.4212534427642822
123,seams,ABL-ET2X-R-PreviousRawEdge-ResolvedRGB,1.2434135675430298,37.430408023125004,1.937409520149231,2.4079456329345703
123,thin-seam,O-T2X-R,1.7341580390930176,35.53538010474894,2.0458643436431885,1.965382695198059
123,thin-seam,ABL-ET2X-R-PreviousRawEdge-BilinearRGB,1.1853841543197632,39.3630404661681,1.8831335306167603,1.9385709762573242
123,thin-seam,ABL-ET2X-R-PreviousRawEdge-ResolvedRGB,1.1797417402267456,39.231376406284554,1.8466577529907227,2.04402232170105
124,seams,O-T2X-R,1.5278517007827759,36.92118006393643,2.035879611968994,3.150324583053589
124,seams,ABL-ET2X-R-PreviousRawEdge-BilinearRGB,1.2250858545303345,38.02628603085401,2.010542392730713,2.3951950073242188
124,seams,ABL-ET2X-R-PreviousRawEdge-ResolvedRGB,1.201659083366394,38.29696103957382,1.9444615840911865,2.259854793548584
124,thin-seam,O-T2X-R,1.736328125,35.65941750647909,2.190580129623413,3.2675092220306396
124,thin-seam,ABL-ET2X-R-PreviousRawEdge-BilinearRGB,1.3173285722732544,38.353344342734836,2.112447738647461,2.126838445663452
124,thin-seam,ABL-ET2X-R-PreviousRawEdge-ResolvedRGB,1.29345703125,38.60266988844558,1.9904899597167969,2.0391793251037598
125,seams,O-T2X-R,1.5435926914215088,35.820364577840664,2.047348737716675,1.9792559146881104
125,seams,ABL-ET2X-R-PreviousRawEdge-BilinearRGB,1.2925673723220825,36.516346148544685,2.074960708618164,2.323167324066162
125,seams,ABL-ET2X-R-PreviousRawEdge-ResolvedRGB,1.2941285371780396,36.536151011861314,2.0160372257232666,2.285140037536621
125,thin-seam,O-T2X-R,1.3861219882965088,39.27881048915792,2.012118339538574,1.818294644355774
125,thin-seam,ABL-ET2X-R-PreviousRawEdge-BilinearRGB,1.27392578125,37.7157846007028,2.0307905673980713,2.3948380947113037
125,thin-seam,ABL-ET2X-R-PreviousRawEdge-ResolvedRGB,1.2718641757965088,37.80015851745932,1.9458600282669067,2.2579452991485596
126,seams,O-T2X-R,1.5654584169387817,36.01391598337408,2.036992073059082,3.044640302658081
126,seams,ABL-ET2X-R-PreviousRawEdge-BilinearRGB,1.2136772871017456,37.124615983503375,2.0771751403808594,2.5069663524627686
126,seams,ABL-ET2X-R-PreviousRawEdge-ResolvedRGB,1.1920056343078613,37.435385543348644,2.0132253170013428,2.428131341934204
126,thin-seam,O-T2X-R,1.6671549081802368,36.477766976114914,2.0567827224731445,3.035916328430176
126,thin-seam,ABL-ET2X-R-PreviousRawEdge-BilinearRGB,1.1978623867034912,39.806497709369054,2.204432249069214,2.5066959857940674
126,thin-seam,ABL-ET2X-R-PreviousRawEdge-ResolvedRGB,1.1846245527267456,40.16993040189239,2.1383941173553467,2.429997444152832
127,seams,O-T2X-R,1.4156967401504517,36.30068659169958,1.9621421098709106,1.9990360736846924
127,seams,ABL-ET2X-R-PreviousRawEdge-BilinearRGB,1.2700181007385254,36.617701980826794,2.0876152515411377,2.4002914428710938
127,seams,ABL-ET2X-R-PreviousRawEdge-ResolvedRGB,1.2042087316513062,37.41886914813684,1.984580636024475,2.2873902320861816
127,thin-seam,O-T2X-R,1.4779731035232544,38.01460901338792,2.0116450786590576,1.7060641050338745
127,thin-seam,ABL-ET2X-R-PreviousRawEdge-BilinearRGB,1.18505859375,38.289922698231706,2.290468454360962,2.2580063343048096
127,thin-seam,ABL-ET2X-R-PreviousRawEdge-ResolvedRGB,1.0692274570465088,40.843356570503374,2.0586183071136475,2.2149503231048584
128,seams,O-T2X-R,1.5080922842025757,35.804779100862014,1.9648621082305908,2.874553680419922
128,seams,ABL-ET2X-R-PreviousRawEdge-BilinearRGB,1.3726304769515991,35.29494721263073,2.0493578910827637,2.4265739917755127
128,seams,ABL-ET2X-R-PreviousRawEdge-ResolvedRGB,1.3503122329711914,35.49827976937406,2.018908977508545,2.3304083347320557
128,thin-seam,O-T2X-R,1.5536566972732544,37.78494474238217,2.124272346496582,3.15571665763855
128,thin-seam,ABL-ET2X-R-PreviousRawEdge-BilinearRGB,1.2343207597732544,37.63490966816134,1.961316704750061,2.4838078022003174
128,thin-seam,ABL-ET2X-R-PreviousRawEdge-ResolvedRGB,1.1219618320465088,39.116132945846864,1.9038176536560059,2.1625657081604004
129,seams,O-T2X-R,1.5241104364395142,36.04426129398634,2.1396572589874268,2.0829572677612305
129,seams,ABL-ET2X-R-PreviousRawEdge-BilinearRGB,1.3062299489974976,36.30700343811375,1.9981052875518799,2.2800495624542236
129,seams,ABL-ET2X-R-PreviousRawEdge-ResolvedRGB,1.263597846031189,36.97917573509643,1.9360415935516357,2.260179042816162
129,thin-seam,O-T2X-R,1.7363823652267456,35.788242157800866,2.174590826034546,1.6232481002807617
129,thin-seam,ABL-ET2X-R-PreviousRawEdge-BilinearRGB,1.1436631679534912,39.08937264475766,1.9945348501205444,2.1541378498077393
129,thin-seam,ABL-ET2X-R-PreviousRawEdge-ResolvedRGB,1.0912001132965088,39.80920153338357,2.0379750728607178,2.199913740158081
130,seams,O-T2X-R,1.5660865306854248,35.46778689862635,2.0313010215759277,3.212482213973999
130,seams,ABL-ET2X-R-PreviousRawEdge-BilinearRGB,1.3455455303192139,36.864574911695854,1.9943464994430542,2.3632805347442627
130,seams,ABL-ET2X-R-PreviousRawEdge-ResolvedRGB,1.3245760202407837,37.21534976602007,1.9652230739593506,2.2800629138946533
130,thin-seam,O-T2X-R,1.6342231035232544,38.20092158681647,2.432396650314331,3.5377092361450195
130,thin-seam,ABL-ET2X-R-PreviousRawEdge-BilinearRGB,1.3496636152267456,38.07776109374046,1.9727458953857422,2.0359370708465576
130,thin-seam,ABL-ET2X-R-PreviousRawEdge-ResolvedRGB,1.3674588203430176,38.12357605110351,1.9885133504867554,2.17968487739563
131,seams,O-T2X-R,1.550188422203064,35.55256450739171,2.1310276985168457,2.081866502761841
131,seams,ABL-ET2X-R-PreviousRawEdge-BilinearRGB,1.3933507204055786,35.84127628074685,2.137751817703247,2.4932384490966797
131,seams,ABL-ET2X-R-PreviousRawEdge-ResolvedRGB,1.3793925046920776,36.05582024569122,2.088322639465332,2.4823429584503174
131,thin-seam,O-T2X-R,1.5330946445465088,37.53913668080928,2.238879680633545,2.0432779788970947
131,thin-seam,ABL-ET2X-R-PreviousRawEdge-BilinearRGB,1.4417318105697632,36.703925068489525,2.176567316055298,2.280008554458618
131,thin-seam,ABL-ET2X-R-PreviousRawEdge-ResolvedRGB,1.4069552421569824,37.32661907285117,2.130549669265747,2.4408445358276367
132,seams,O-T2X-R,1.5297085046768188,36.53126855253551,2.0797793865203857,3.126082181930542
132,seams,ABL-ET2X-R-PreviousRawEdge-BilinearRGB,1.1698906421661377,39.34671139267968,2.2812092304229736,2.7311556339263916
132,seams,ABL-ET2X-R-PreviousRawEdge-ResolvedRGB,1.1410319805145264,39.651699353254315,2.2073512077331543,2.6751112937927246
132,thin-seam,O-T2X-R,1.7531466484069824,35.854458226313255,2.302020311355591,3.441650390625
132,thin-seam,ABL-ET2X-R-PreviousRawEdge-BilinearRGB,1.3139106035232544,39.0795703546232,2.429943799972534,2.7311437129974365
132,thin-seam,ABL-ET2X-R-PreviousRawEdge-ResolvedRGB,1.26904296875,39.60841471484213,2.2977335453033447,2.64370059967041
133,seams,O-T2X-R,1.4280751943588257,37.39224658795828,2.010329484939575,1.9987871646881104
133,seams,ABL-ET2X-R-PreviousRawEdge-BilinearRGB,1.3395410776138306,37.39677723479319,2.104135036468506,2.468501329421997
133,seams,ABL-ET2X-R-PreviousRawEdge-ResolvedRGB,1.2883549928665161,38.04923835159748,2.0002660751342773,2.367154121398926
133,thin-seam,O-T2X-R,1.6183267831802368,36.915140201531614,1.9061952829360962,1.6952131986618042
133,thin-seam,ABL-ET2X-R-PreviousRawEdge-BilinearRGB,1.6681857109069824,35.134451018320554,2.275181770324707,2.5223963260650635
133,thin-seam,ABL-ET2X-R-PreviousRawEdge-ResolvedRGB,1.6093207597732544,35.99851219213246,2.124659299850464,2.3869731426239014
134,seams,O-T2X-R,1.4379041194915771,38.09364457831365,2.1141128540039062,3.237346649169922
134,seams,ABL-ET2X-R-PreviousRawEdge-BilinearRGB,1.2853527069091797,36.911422096217855,2.083444833755493,2.7230827808380127
134,seams,ABL-ET2X-R-PreviousRawEdge-ResolvedRGB,1.2557365894317627,37.09863476097827,2.0746285915374756,2.609070062637329
134,thin-seam,O-T2X-R,1.6654188632965088,37.35845365599331,2.1320128440856934,3.0894734859466553
134,thin-seam,ABL-ET2X-R-PreviousRawEdge-BilinearRGB,1.3580186367034912,38.159384021145456,2.3085978031158447,2.9007720947265625
134,thin-seam,ABL-ET2X-R-PreviousRawEdge-ResolvedRGB,1.3390841484069824,38.41275007250483,2.2206552028656006,2.699650764465332
135,seams,O-T2X-R,1.449460506439209,37.419240052512365,1.9518462419509888,2.109879970550537
135,seams,ABL-ET2X-R-PreviousRawEdge-BilinearRGB,1.2499908208847046,38.8322555153508,2.163705825805664,2.5623271465301514
135,seams,ABL-ET2X-R-PreviousRawEdge-ResolvedRGB,1.241464376449585,39.00342939952621,2.117319345474243,2.5735983848571777
135,thin-seam,O-T2X-R,1.7739800214767456,35.76865339804294,2.205026865005493,1.6593437194824219
135,thin-seam,ABL-ET2X-R-PreviousRawEdge-BilinearRGB,1.5191514492034912,36.940073377211874,2.2688896656036377,2.491070032119751
135,thin-seam,ABL-ET2X-R-PreviousRawEdge-ResolvedRGB,1.5333658456802368,37.05058615711473,2.269078016281128,2.5466997623443604
136,seams,O-T2X-R,1.5860676765441895,34.86626304087024,1.9274510145187378,2.9869675636291504
136,seams,ABL-ET2X-R-PreviousRawEdge-BilinearRGB,1.33585524559021,37.99255137382155,2.0175766944885254,2.3287196159362793
136,seams,ABL-ET2X-R-PreviousRawEdge-ResolvedRGB,1.3307467699050903,38.03112973697425,1.9581211805343628,2.3737170696258545
136,thin-seam,O-T2X-R,1.6876084804534912,36.79831216173088,2.3687667846679688,3.614987373352051
136,thin-seam,ABL-ET2X-R-PreviousRawEdge-BilinearRGB,1.5750868320465088,36.59702242492737,2.10931134223938,2.253864288330078
136,thin-seam,ABL-ET2X-R-PreviousRawEdge-ResolvedRGB,1.5601128339767456,36.862830389923865,2.0055599212646484,2.3970329761505127
137,seams,O-T2X-R,1.5109281539916992,36.032799964753316,2.0176405906677246,2.02624249458313
137,seams,ABL-ET2X-R-PreviousRawEdge-BilinearRGB,1.3754664659500122,35.99457884561526,1.9186615943908691,2.4013423919677734
137,seams,ABL-ET2X-R-PreviousRawEdge-ResolvedRGB,1.3746628761291504,36.06571884945217,1.854041576385498,2.29641056060791
137,thin-seam,O-T2X-R,1.6559244394302368,36.618592511043154,1.9364696741104126,1.7565540075302124
137,thin-seam,ABL-ET2X-R-PreviousRawEdge-BilinearRGB,1.35498046875,37.62970012126885,2.1922638416290283,2.452491044998169
137,thin-seam,ABL-ET2X-R-PreviousRawEdge-ResolvedRGB,1.4006619453430176,37.38317783111213,2.0507588386535645,2.3364527225494385
138,seams,O-T2X-R,1.737464427947998,33.64980835279811,1.8817492723464966,3.022702693939209
138,seams,ABL-ET2X-R-PreviousRawEdge-BilinearRGB,1.2757455110549927,38.43603584979644,2.006843328475952,2.4775021076202393
138,seams,ABL-ET2X-R-PreviousRawEdge-ResolvedRGB,1.273075819015503,38.5591854404815,2.0209717750549316,2.4200525283813477
138,thin-seam,O-T2X-R,1.8476020097732544,35.60601044535665,2.364335536956787,3.351416826248169
138,thin-seam,ABL-ET2X-R-PreviousRawEdge-BilinearRGB,1.2736544609069824,39.43399291779339,2.283327341079712,2.4787209033966064
138,thin-seam,ABL-ET2X-R-PreviousRawEdge-ResolvedRGB,1.2418619394302368,40.047659324010425,2.266556978225708,2.466001510620117
139,seams,O-T2X-R,1.5728946924209595,36.28274242946409,2.1651172637939453,2.0248782634735107
139,seams,ABL-ET2X-R-PreviousRawEdge-BilinearRGB,1.31634521484375,38.05126263450844,1.9927699565887451,2.1874372959136963
139,seams,ABL-ET2X-R-PreviousRawEdge-ResolvedRGB,1.321758508682251,38.14382573775323,1.8603150844573975,2.1973822116851807
139,thin-seam,O-T2X-R,1.6012369394302368,38.43094057420442,2.3325564861297607,1.8472453355789185
139,thin-seam,ABL-ET2X-R-PreviousRawEdge-BilinearRGB,1.39111328125,37.89833703655699,2.1958470344543457,2.0385193824768066
139,thin-seam,ABL-ET2X-R-PreviousRawEdge-ResolvedRGB,1.2935112714767456,39.79393548250859,1.8816862106323242,2.043627977371216
140,seams,O-T2X-R,1.6094576120376587,34.9665196686158,1.7620208263397217,3.0340917110443115
140,seams,ABL-ET2X-R-PreviousRawEdge-BilinearRGB,1.3501089811325073,36.94379152347378,2.0039358139038086,2.4279470443725586
140,seams,ABL-ET2X-R-PreviousRawEdge-ResolvedRGB,1.3395872116088867,37.13259162520611,1.9667093753814697,2.3109629154205322
140,thin-seam,O-T2X-R,1.8654513359069824,36.624984776347716,2.3242123126983643,3.493154764175415
140,thin-seam,ABL-ET2X-R-PreviousRawEdge-BilinearRGB,1.2357313632965088,39.63738418271516,2.373981237411499,2.9343738555908203
140,thin-seam,ABL-ET2X-R-PreviousRawEdge-ResolvedRGB,1.2231987714767456,40.2222062631295,2.365612745285034,2.589423418045044
141,seams,O-T2X-R,1.5389461517333984,36.12228294755064,2.1939525604248047,1.9703752994537354
141,seams,ABL-ET2X-R-PreviousRawEdge-BilinearRGB,1.3421831130981445,37.81452881910218,1.8658208847045898,2.2251856327056885
141,seams,ABL-ET2X-R-PreviousRawEdge-ResolvedRGB,1.2945164442062378,38.44980484226355,1.8465518951416016,2.193131923675537
141,thin-seam,O-T2X-R,1.6596137285232544,37.61350181037446,2.334506034851074,1.850441813468933
141,thin-seam,ABL-ET2X-R-PreviousRawEdge-BilinearRGB,1.4517143964767456,37.52136713907653,2.154534339904785,2.4600236415863037
141,thin-seam,ABL-ET2X-R-PreviousRawEdge-ResolvedRGB,1.4115126132965088,38.46610143312239,2.116342782974243,2.5194168090820312
142,seams,O-T2X-R,1.6512397527694702,34.93542375438763,1.8420928716659546,3.1118147373199463
142,seams,ABL-ET2X-R-PreviousRawEdge-BilinearRGB,1.331993818283081,37.32079180663114,1.9991594552993774,2.169182538986206
142,seams,ABL-ET2X-R-PreviousRawEdge-ResolvedRGB,1.3150795698165894,37.85713346404364,1.9143115282058716,2.128621816635132
142,thin-seam,O-T2X-R,1.9478081464767456,34.97711871091202,2.5105106830596924,3.4540233612060547
142,thin-seam,ABL-ET2X-R-PreviousRawEdge-BilinearRGB,1.2390408515930176,39.29581589083276,2.15680193901062,2.3378002643585205
142,thin-seam,ABL-ET2X-R-PreviousRawEdge-ResolvedRGB,1.2558051347732544,39.27433177796585,1.9778871536254883,2.2778797149658203
143,seams,O-T2X-R,1.5321195125579834,35.42709842888029,1.963045597076416,1.8814740180969238
143,seams,ABL-ET2X-R-PreviousRawEdge-BilinearRGB,1.3733972311019897,36.73901489096477,1.947887897491455,2.301434278488159
143,seams,ABL-ET2X-R-PreviousRawEdge-ResolvedRGB,1.3247792720794678,37.3590971722906,1.9071320295333862,2.235297918319702
143,thin-seam,O-T2X-R,1.7922635078430176,35.7022681329789,2.3011653423309326,2.2278850078582764
143,thin-seam,ABL-ET2X-R-PreviousRawEdge-BilinearRGB,1.4120008945465088,37.51199878435053,2.4010446071624756,2.8036487102508545
143,thin-seam,ABL-ET2X-R-PreviousRawEdge-ResolvedRGB,1.3766818046569824,38.40247879567363,2.47855544090271,2.8242337703704834
144,seams,O-T2X-R,1.6134759187698364,35.31712130673555,1.780220866203308,2.930730104446411
144,seams,ABL-ET2X-R-PreviousRawEdge-BilinearRGB,1.2369194030761719,38.159329406262884,1.6812589168548584,2.048781633377075
144,seams,ABL-ET2X-R-PreviousRawEdge-ResolvedRGB,1.2099360227584839,38.57256466771958,1.5908458232879639,1.9810245037078857
144,thin-seam,O-T2X-R,1.7815755605697632,36.143153081137996,2.103802442550659,3.3873674869537354
144,thin-seam,ABL-ET2X-R-PreviousRawEdge-BilinearRGB,1.3161892890930176,38.06904109615956,2.1861464977264404,2.3447139263153076
144,thin-seam,ABL-ET2X-R-PreviousRawEdge-ResolvedRGB,1.3289388418197632,38.32166532689168,1.9205836057662964,2.444817066192627
145,seams,O-T2X-R,1.5749454498291016,35.885164651393275,1.5617729425430298,1.5493735074996948
145,seams,ABL-ET2X-R-PreviousRawEdge-BilinearRGB,1.3056201934814453,36.94259515773594,1.7250003814697266,1.8603442907333374
145,seams,ABL-ET2X-R-PreviousRawEdge-ResolvedRGB,1.3025532960891724,37.12535752297134,1.6939984560012817,1.7947099208831787
145,thin-seam,O-T2X-R,1.8883463144302368,34.42279274284657,2.096759557723999,1.812270164489746
145,thin-seam,ABL-ET2X-R-PreviousRawEdge-BilinearRGB,1.4028862714767456,37.37293501514137,2.2322652339935303,2.572601318359375
145,thin-seam,ABL-ET2X-R-PreviousRawEdge-ResolvedRGB,1.3914930820465088,37.84102827683412,2.174220085144043,2.3432233333587646
146,seams,O-T2X-R,1.5770978927612305,36.23605193351205,1.6311691999435425,2.4481801986694336
146,seams,ABL-ET2X-R-PreviousRawEdge-BilinearRGB,1.2537875175476074,37.54504927306687,1.7973819971084595,1.8881219625473022
146,seams,ABL-ET2X-R-PreviousRawEdge-ResolvedRGB,1.2256771326065063,37.95857593528659,1.7493170499801636,1.8794664144515991
146,thin-seam,O-T2X-R,1.9660372734069824,34.488091340940045,2.2502496242523193,3.459260940551758
146,thin-seam,ABL-ET2X-R-PreviousRawEdge-BilinearRGB,1.4211153984069824,37.33365363648375,2.4734909534454346,2.82643723487854
146,thin-seam,ABL-ET2X-R-PreviousRawEdge-ResolvedRGB,1.3618706464767456,38.27165456734948,2.432619094848633,2.8491318225860596
147,seams,O-T2X-R,1.394588589668274,37.52724872419014,1.6130653619766235,1.3680415153503418
147,seams,ABL-ET2X-R-PreviousRawEdge-BilinearRGB,1.1564313173294067,38.99323446193955,1.6079957485198975,1.8167262077331543
147,seams,ABL-ET2X-R-PreviousRawEdge-ResolvedRGB,1.1516923904418945,39.217221968420745,1.554813265800476,1.7754617929458618
147,thin-seam,O-T2X-R,1.5196939706802368,38.109063371241604,2.138357400894165,1.6597312688827515
147,thin-seam,ABL-ET2X-R-PreviousRawEdge-BilinearRGB,1.4226346015930176,36.7829446270577,2.1600770950317383,2.2992889881134033
147,thin-seam,ABL-ET2X-R-PreviousRawEdge-ResolvedRGB,1.4146592617034912,37.356757948017226,1.9582206010818481,2.2247798442840576
148,seams,O-T2X-R,1.4763330221176147,37.625527171353916,1.8726181983947754,2.697774887084961
148,seams,ABL-ET2X-R-PreviousRawEdge-BilinearRGB,1.3522244691848755,37.112356402990905,1.8545734882354736,2.0344698429107666
148,seams,ABL-ET2X-R-PreviousRawEdge-ResolvedRGB,1.3373979330062866,37.3582439097022,1.860589861869812,2.0084497928619385
148,thin-seam,O-T2X-R,1.7112630605697632,37.36949296851354,2.400395154953003,3.5144405364990234
148,thin-seam,ABL-ET2X-R-PreviousRawEdge-BilinearRGB,1.39111328125,39.5954545078572,2.95623779296875,3.3165194988250732
148,thin-seam,ABL-ET2X-R-PreviousRawEdge-ResolvedRGB,1.4216036796569824,39.45283181863096,2.9800891876220703,3.2547194957733154
149,seams,O-T2X-R,1.3824409246444702,38.47704834261527,1.7454864978790283,1.551400065422058
149,seams,ABL-ET2X-R-PreviousRawEdge-BilinearRGB,1.210194706916809,38.21183281639124,1.7254905700683594,1.920448899269104
149,seams,ABL-ET2X-R-PreviousRawEdge-ResolvedRGB,1.1815578937530518,38.3461666636581,1.6314891576766968,1.9663079977035522
149,thin-seam,O-T2X-R,1.5661892890930176,38.6581025322258,2.2052114009857178,1.6633930206298828
149,thin-seam,ABL-ET2X-R-PreviousRawEdge-BilinearRGB,1.2917208671569824,37.831978926521806,2.3129756450653076,2.785737991333008
149,thin-seam,ABL-ET2X-R-PreviousRawEdge-ResolvedRGB,1.2753363847732544,37.804134338478875,2.0864202976226807,2.93867564201355
150,seams,O-T2X-R,1.513958215713501,36.89541513214471,1.8405824899673462,2.7539443969726562
150,seams,ABL-ET2X-R-PreviousRawEdge-BilinearRGB,1.2342312335968018,37.914549371092434,1.5403883457183838,1.7568747997283936
150,seams,ABL-ET2X-R-PreviousRawEdge-ResolvedRGB,1.2109891176223755,38.090622447960214,1.4942965507507324,1.6100904941558838
150,thin-seam,O-T2X-R,1.7440863847732544,38.48978647933125,2.7093257904052734,3.766648530960083
150,thin-seam,ABL-ET2X-R-PreviousRawEdge-BilinearRGB,1.3203667402267456,38.198408178578994,1.9678535461425781,2.4090960025787354
150,thin-seam,ABL-ET2X-R-PreviousRawEdge-ResolvedRGB,1.29052734375,38.493422014062865,1.8987592458724976,2.135518789291382
151,seams,O-T2X-R,1.5360270738601685,36.197107937115575,1.6582821607589722,1.627505898475647
151,seams,ABL-ET2X-R-PreviousRawEdge-BilinearRGB,1.3505985736846924,36.867636246843254,1.8215464353561401,1.927064061164856
151,seams,ABL-ET2X-R-PreviousRawEdge-ResolvedRGB,1.3049366474151611,37.31796645677618,1.8168641328811646,1.8736357688903809
151,thin-seam,O-T2X-R,1.6870659589767456,38.37026647674966,2.345458745956421,1.9682976007461548
151,thin-seam,ABL-ET2X-R-PreviousRawEdge-BilinearRGB,1.4055989980697632,37.839133323313455,2.40462589263916,2.5383663177490234
151,thin-seam,ABL-ET2X-R-PreviousRawEdge-ResolvedRGB,1.3537325859069824,38.74022859388815,2.3824970722198486,2.5541555881500244
152,seams,O-T2X-R,1.5811070203781128,36.39380884906162,1.6936702728271484,2.5145390033721924
152,seams,ABL-ET2X-R-PreviousRawEdge-BilinearRGB,1.1649022102355957,39.205336820538285,1.793057918548584,1.8415724039077759
152,seams,ABL-ET2X-R-PreviousRawEdge-ResolvedRGB,1.1416693925857544,39.74835690455286,1.63005530834198,1.8207374811172485
152,thin-seam,O-T2X-R,1.8232964277267456,36.601808436976114,2.4817113876342773,3.7360801696777344
152,thin-seam,ABL-ET2X-R-PreviousRawEdge-BilinearRGB,1.0744900703430176,41.18377126365292,2.080068826675415,2.3981475830078125
152,thin-seam,ABL-ET2X-R-PreviousRawEdge-ResolvedRGB,1.1481119394302368,40.27014162530201,1.8398362398147583,2.359870195388794
153,seams,O-T2X-R,1.5085079669952393,36.4484518076829,1.5822733640670776,1.5234346389770508
153,seams,ABL-ET2X-R-PreviousRawEdge-BilinearRGB,1.271071195602417,38.90705540766651,1.7756725549697876,2.0504095554351807
153,seams,ABL-ET2X-R-PreviousRawEdge-ResolvedRGB,1.2576395273208618,39.13217865997161,1.7854382991790771,1.9275988340377808
153,thin-seam,O-T2X-R,1.7556966543197632,34.98313013053125,1.7286723852157593,2.0509464740753174
153,thin-seam,ABL-ET2X-R-PreviousRawEdge-BilinearRGB,1.3732095956802368,40.27511870194196,2.7249724864959717,2.834610939025879
153,thin-seam,ABL-ET2X-R-PreviousRawEdge-ResolvedRGB,1.4251844882965088,39.85746295390741,2.77012038230896,2.8331410884857178
154,seams,O-T2X-R,1.5122122764587402,36.34711514100345,1.7533502578735352,2.546823501586914
154,seams,ABL-ET2X-R-PreviousRawEdge-BilinearRGB,1.3427373170852661,36.195946401555815,1.7619836330413818,1.9588310718536377
154,seams,ABL-ET2X-R-PreviousRawEdge-ResolvedRGB,1.306386947631836,36.272018377675785,1.7047358751296997,1.9537228345870972
154,thin-seam,O-T2X-R,2.127007484436035,33.21813697304345,1.9695497751235962,2.7478115558624268
154,thin-seam,ABL-ET2X-R-PreviousRawEdge-BilinearRGB,1.3245443105697632,38.49237217605507,2.1702263355255127,2.6434500217437744
154,thin-seam,ABL-ET2X-R-PreviousRawEdge-ResolvedRGB,1.3045790195465088,38.13575458429031,1.9896159172058105,2.821000337600708
155,seams,O-T2X-R,1.4533495903015137,36.43764521003773,1.6674251556396484,1.507367730140686
155,seams,ABL-ET2X-R-PreviousRawEdge-BilinearRGB,1.2835328578948975,37.765166375593985,1.689807415008545,1.8641921281814575
155,seams,ABL-ET2X-R-PreviousRawEdge-ResolvedRGB,1.2361156940460205,38.62284778914584,1.615902066230774,1.8001341819763184
155,thin-seam,O-T2X-R,1.7596029043197632,35.96123668210644,2.2618446350097656,1.7987536191940308
155,thin-seam,ABL-ET2X-R-PreviousRawEdge-BilinearRGB,1.3369140625,38.42735694761918,1.6911083459854126,2.171253204345703
155,thin-seam,ABL-ET2X-R-PreviousRawEdge-ResolvedRGB,1.2956271171569824,38.896877923200044,1.6322492361068726,1.9032139778137207
156,seams,O-T2X-R,1.5320271253585815,36.31294167269645,1.7840769290924072,2.653834104537964
156,seams,ABL-ET2X-R-PreviousRawEdge-BilinearRGB,1.3654159307479858,37.203301387712216,1.7601404190063477,1.97012460231781
156,seams,ABL-ET2X-R-PreviousRawEdge-ResolvedRGB,1.3169918060302734,37.95188313551681,1.7428282499313354,1.8909224271774292
156,thin-seam,O-T2X-R,1.8386502265930176,35.34411085512091,2.4039297103881836,3.65179443359375
156,thin-seam,ABL-ET2X-R-PreviousRawEdge-BilinearRGB,1.5697699785232544,37.494584035477345,2.7923424243927,2.9134247303009033
156,thin-seam,ABL-ET2X-R-PreviousRawEdge-ResolvedRGB,1.5517578125,37.75841551574882,2.821079969406128,2.86199951171875
157,seams,O-T2X-R,1.5727653503417969,35.18078753018405,1.7113347053527832,1.4725395441055298
157,seams,ABL-ET2X-R-PreviousRawEdge-BilinearRGB,1.2577319145202637,37.008079123117035,1.7147445678710938,1.8605049848556519
157,seams,ABL-ET2X-R-PreviousRawEdge-ResolvedRGB,1.260189175605774,37.05128705932796,1.6551669836044312,1.868340015411377
157,thin-seam,O-T2X-R,1.4730902910232544,39.8231296788344,2.3375325202941895,1.6627470254898071
157,thin-seam,ABL-ET2X-R-PreviousRawEdge-BilinearRGB,1.2150607109069824,39.80743352827302,2.223871946334839,2.6594769954681396
157,thin-seam,ABL-ET2X-R-PreviousRawEdge-ResolvedRGB,1.2690972089767456,39.189352764308126,2.018437623977661,2.804917097091675
158,seams,O-T2X-R,1.6510365009307861,35.69830069528074,1.7720694541931152,2.689410448074341
158,seams,ABL-ET2X-R-PreviousRawEdge-BilinearRGB,1.401276707649231,37.848271733382106,1.9261127710342407,1.9985365867614746
158,seams,ABL-ET2X-R-PreviousRawEdge-ResolvedRGB,1.3898773193359375,38.12962047046959,1.9066739082336426,2.0212883949279785
158,thin-seam,O-T2X-R,1.7800564765930176,37.79943815985823,2.4418632984161377,3.672765016555786
158,thin-seam,ABL-ET2X-R-PreviousRawEdge-BilinearRGB,1.6908094882965088,37.68888568006063,2.8723018169403076,3.1247434616088867
158,thin-seam,ABL-ET2X-R-PreviousRawEdge-ResolvedRGB,1.7065972089767456,37.78496654328389,2.9472815990448,3.222930908203125
159,seams,O-T2X-R,1.5580589771270752,36.82843765746088,1.736122727394104,1.504122257232666
159,seams,ABL-ET2X-R-PreviousRawEdge-BilinearRGB,1.3007797002792358,38.26800415968906,1.9079777002334595,2.2761881351470947
159,seams,ABL-ET2X-R-PreviousRawEdge-ResolvedRGB,1.2797915935516357,38.28215503383654,1.8249980211257935,2.2965943813323975
159,thin-seam,O-T2X-R,1.6744791269302368,38.55608824029681,2.317023277282715,1.6706180572509766
159,thin-seam,ABL-ET2X-R-PreviousRawEdge-BilinearRGB,1.4919705390930176,38.236409724011544,2.6713714599609375,3.291111707687378
159,thin-seam,ABL-ET2X-R-PreviousRawEdge-ResolvedRGB,1.4357638359069824,38.07359673959288,2.439189910888672,3.526592969894409
160,seams,O-T2X-R,1.5946495532989502,37.180816433353634,1.8981828689575195,2.7859342098236084
160,seams,ABL-ET2X-R-PreviousRawEdge-BilinearRGB,1.4294332265853882,36.35456323243957,1.6691923141479492,2.040377616882324
160,seams,ABL-ET2X-R-PreviousRawEdge-ResolvedRGB,1.3885470628738403,36.66852313324619,1.6300979852676392,1.9323077201843262
160,thin-seam,O-T2X-R,1.9142794609069824,37.43407615619779,2.5572566986083984,3.615899085998535
160,thin-seam,ABL-ET2X-R-PreviousRawEdge-BilinearRGB,1.5315755605697632,37.39125858396493,1.9598463773727417,2.675949811935425
160,thin-seam,ABL-ET2X-R-PreviousRawEdge-ResolvedRGB,1.4551323652267456,38.06906437086354,1.7853397130966187,2.2751781940460205
161,seams,O-T2X-R,1.4705225229263306,37.7912669979504,1.7516483068466187,1.587307333946228
161,seams,ABL-ET2X-R-PreviousRawEdge-BilinearRGB,1.3245667219161987,37.94190804475076,1.8635960817337036,1.9451414346694946
161,seams,ABL-ET2X-R-PreviousRawEdge-ResolvedRGB,1.2968536615371704,38.176282955445785,1.8103922605514526,1.8886618614196777
161,thin-seam,O-T2X-R,2.075086832046509,34.784359697701106,2.2275736331939697,2.101591110229492
161,thin-seam,ABL-ET2X-R-PreviousRawEdge-BilinearRGB,1.5914170742034912,37.8598701080754,2.8052737712860107,3.0332190990448
161,thin-seam,ABL-ET2X-R-PreviousRawEdge-ResolvedRGB,1.5745443105697632,37.963706530071796,2.8587753772735596,2.972100019454956
162,seams,O-T2X-R,1.5577818155288696,36.38941932939869,1.7049944400787354,2.6284091472625732
162,seams,ABL-ET2X-R-PreviousRawEdge-BilinearRGB,1.3858404159545898,36.774371447339476,1.6663140058517456,1.8994356393814087
162,seams,ABL-ET2X-R-PreviousRawEdge-ResolvedRGB,1.3571758270263672,36.975023116094576,1.5881251096725464,1.823390007019043
162,thin-seam,O-T2X-R,2.307996988296509,33.08488117194847,2.1916720867156982,3.2442548274993896
162,thin-seam,ABL-ET2X-R-PreviousRawEdge-BilinearRGB,1.4123263359069824,37.897912668959314,2.2369606494903564,2.619619131088257
162,thin-seam,ABL-ET2X-R-PreviousRawEdge-ResolvedRGB,1.4271376132965088,37.539321734145375,2.044221878051758,2.660234212875366
163,seams,O-T2X-R,1.554733395576477,35.84246507325098,1.6751809120178223,1.5581806898117065
163,seams,ABL-ET2X-R-PreviousRawEdge-BilinearRGB,1.3683719635009766,37.154292750236564,1.8937946557998657,2.066500425338745
163,seams,ABL-ET2X-R-PreviousRawEdge-ResolvedRGB,1.3521875143051147,37.35016858453308,1.9060213565826416,2.0547432899475098
163,thin-seam,O-T2X-R,2.0812175273895264,33.527403707849025,2.326369047164917,2.1918153762817383
163,thin-seam,ABL-ET2X-R-PreviousRawEdge-BilinearRGB,1.4922417402267456,38.73657007604209,2.582458734512329,2.8645622730255127
163,thin-seam,ABL-ET2X-R-PreviousRawEdge-ResolvedRGB,1.5241971015930176,38.54835124174012,2.628053903579712,2.851639986038208
164,seams,O-T2X-R,1.7756531238555908,34.03534304677397,1.6336153745651245,2.4610652923583984
164,seams,ABL-ET2X-R-PreviousRawEdge-BilinearRGB,1.2277278900146484,38.170234308686666,1.7915012836456299,1.8260551691055298
164,seams,ABL-ET2X-R-PreviousRawEdge-ResolvedRGB,1.2019731998443604,38.51425960826741,1.6450186967849731,1.8703022003173828
164,thin-seam,O-T2X-R,2.3748371601104736,32.52544973059008,2.4732134342193604,3.5631330013275146
164,thin-seam,ABL-ET2X-R-PreviousRawEdge-BilinearRGB,1.6569010019302368,36.035746321368414,2.5204880237579346,2.9948160648345947
164,thin-seam,ABL-ET2X-R-PreviousRawEdge-ResolvedRGB,1.6306966543197632,36.163282175548126,2.3792951107025146,3.157676935195923
165,seams,O-T2X-R,1.659507393836975,35.0249621014312,1.6298555135726929,1.5026689767837524
165,seams,ABL-ET2X-R-PreviousRawEdge-BilinearRGB,1.2545634508132935,37.60691454586271,1.6292871236801147,1.9247214794158936
165,seams,ABL-ET2X-R-PreviousRawEdge-ResolvedRGB,1.225030541419983,38.087554850610594,1.6115986108779907,1.805606484413147
165,thin-seam,O-T2X-R,1.9393988847732544,35.23966236376565,2.363335371017456,1.8839272260665894
165,thin-seam,ABL-ET2X-R-PreviousRawEdge-BilinearRGB,1.3867729902267456,38.08260523942524,2.2163822650909424,2.6299078464508057
165,thin-seam,ABL-ET2X-R-PreviousRawEdge-ResolvedRGB,1.3777127265930176,38.337475950097314,2.064375400543213,2.534921169281006
166,seams,O-T2X-R,1.6409488916397095,36.01121624579673,1.9555866718292236,2.7949752807617188
166,seams,ABL-ET2X-R-PreviousRawEdge-BilinearRGB,1.2953386306762695,37.58803774874687,1.8604393005371094,1.954404354095459
166,seams,ABL-ET2X-R-PreviousRawEdge-ResolvedRGB,1.2706924676895142,37.83365028749764,1.8272660970687866,1.9457931518554688
166,thin-seam,O-T2X-R,2.082411050796509,34.38994032583915,2.727379083633423,4.113288402557373
166,thin-seam,ABL-ET2X-R-PreviousRawEdge-BilinearRGB,1.4962564706802368,38.39561173232597,2.8499433994293213,3.105320692062378
166,thin-seam,ABL-ET2X-R-PreviousRawEdge-ResolvedRGB,1.5212130546569824,38.64718231576524,2.800912857055664,3.1166601181030273
167,seams,O-T2X-R,1.341407060623169,38.72715452616517,1.8000168800354004,1.567533016204834
167,seams,ABL-ET2X-R-PreviousRawEdge-BilinearRGB,1.1970956325531006,38.3072438543634,1.654828429222107,1.8213876485824585
167,seams,ABL-ET2X-R-PreviousRawEdge-ResolvedRGB,1.1706111431121826,38.566861186862724,1.533575177192688,1.7375938892364502
167,thin-seam,O-T2X-R,1.6569552421569824,37.58554344479495,2.549004316329956,1.773314356803894
167,thin-seam,ABL-ET2X-R-PreviousRawEdge-BilinearRGB,1.3448892831802368,38.85971112616975,2.5522561073303223,2.904886245727539
167,thin-seam,ABL-ET2X-R-PreviousRawEdge-ResolvedRGB,1.3240560293197632,38.63753387930621,2.181015968322754,2.8028252124786377
168,seams,O-T2X-R,1.4362413883209229,37.64346312970717,1.8407164812088013,2.7754745483398438
168,seams,ABL-ET2X-R-PreviousRawEdge-BilinearRGB,1.2977219820022583,37.09970079475163,1.7069710493087769,1.8800264596939087
168,seams,ABL-ET2X-R-PreviousRawEdge-ResolvedRGB,1.2631267309188843,37.72522966778676,1.7207248210906982,1.8238041400909424
168,thin-seam,O-T2X-R,1.8525933027267456,36.568137101629226,2.5465028285980225,3.9899520874023438
168,thin-seam,ABL-ET2X-R-PreviousRawEdge-BilinearRGB,1.6300997734069824,37.02729634567733,2.439812183380127,2.865999937057495
168,thin-seam,ABL-ET2X-R-PreviousRawEdge-ResolvedRGB,1.5873481035232544,37.7186765342279,2.4123642444610596,2.6583876609802246
169,seams,O-T2X-R,1.4490724802017212,37.0440183562622,1.7860952615737915,1.5280178785324097
169,seams,ABL-ET2X-R-PreviousRawEdge-BilinearRGB,1.2864888906478882,37.446934121512,1.8560669422149658,1.9458353519439697
169,seams,ABL-ET2X-R-PreviousRawEdge-ResolvedRGB,1.2763181924819946,37.667484369129085,1.7924946546554565,1.9659501314163208
169,thin-seam,O-T2X-R,1.8253037929534912,36.03025188472516,2.5758981704711914,1.6868038177490234
169,thin-seam,ABL-ET2X-R-PreviousRawEdge-BilinearRGB,1.5027669668197632,37.941070617896656,2.831226348876953,3.1363842487335205
169,thin-seam,ABL-ET2X-R-PreviousRawEdge-ResolvedRGB,1.5324978828430176,37.88273144286191,2.7474005222320557,3.278308868408203
170,seams,O-T2X-R,1.5724420547485352,36.166613528658466,1.642741322517395,2.609419822692871
170,seams,ABL-ET2X-R-PreviousRawEdge-BilinearRGB,1.228494644165039,38.42819691361355,1.678983449935913,1.9347028732299805
170,seams,ABL-ET2X-R-PreviousRawEdge-ResolvedRGB,1.2037006616592407,38.81239815173327,1.5900180339813232,1.862758994102478
170,thin-seam,O-T2X-R,1.9487847089767456,36.50006254835304,2.3357737064361572,3.7671260833740234
170,thin-seam,ABL-ET2X-R-PreviousRawEdge-BilinearRGB,1.5504556894302368,37.265282256025856,2.5676279067993164,2.9607455730438232
170,thin-seam,ABL-ET2X-R-PreviousRawEdge-ResolvedRGB,1.5510525703430176,37.376122183068,2.308169364929199,2.907374382019043
171,seams,O-T2X-R,1.7150168418884277,34.45830446153004,1.5290296077728271,1.437659740447998
171,seams,ABL-ET2X-R-PreviousRawEdge-BilinearRGB,1.3494808673858643,37.26558258037848,1.8867439031600952,1.9583299160003662
171,seams,ABL-ET2X-R-PreviousRawEdge-ResolvedRGB,1.3305343389511108,37.597253069408495,1.8929996490478516,2.0092742443084717
171,thin-seam,O-T2X-R,2.3743488788604736,32.316999831697316,2.247553825378418,1.5642423629760742
171,thin-seam,ABL-ET2X-R-PreviousRawEdge-BilinearRGB,1.5586479902267456,38.351410455253074,2.957721710205078,3.104741096496582
171,thin-seam,ABL-ET2X-R-PreviousRawEdge-ResolvedRGB,1.5993924140930176,38.397089346475255,2.971402168273926,3.3616485595703125
172,seams,O-T2X-R,1.7702213525772095,34.95439945640014,1.775327444076538,2.4851791858673096
172,seams,ABL-ET2X-R-PreviousRawEdge-BilinearRGB,1.2865997552871704,37.88282806551668,1.916049838066101,2.0537495613098145
172,seams,ABL-ET2X-R-PreviousRawEdge-ResolvedRGB,1.269417643547058,37.998143666280995,1.7840055227279663,2.0053508281707764
172,thin-seam,O-T2X-R,2.384385824203491,33.34631468507706,2.816873550415039,3.8934285640716553
172,thin-seam,ABL-ET2X-R-PreviousRawEdge-BilinearRGB,1.3702256679534912,38.99497609173266,2.777088165283203,3.050727605819702
172,thin-seam,ABL-ET2X-R-PreviousRawEdge-ResolvedRGB,1.3914388418197632,38.8638372470684,2.394148111343384,2.957125663757324
173,seams,O-T2X-R,1.5349462032318115,36.922534546793386,1.8286231756210327,1.635578989982605
173,seams,ABL-ET2X-R-PreviousRawEdge-BilinearRGB,1.3468296527862549,36.95047826902183,1.7517170906066895,2.072154998779297
173,seams,ABL-ET2X-R-PreviousRawEdge-ResolvedRGB,1.3129549026489258,37.31236037124224,1.6961699724197388,1.9501508474349976
173,thin-seam,O-T2X-R,2.0436198711395264,35.47536815792649,2.474191904067993,1.9065061807632446
173,thin-seam,ABL-ET2X-R-PreviousRawEdge-BilinearRGB,1.6249457597732544,37.22950400250012,2.6184253692626953,3.4208614826202393
173,thin-seam,ABL-ET2X-R-PreviousRawEdge-ResolvedRGB,1.5834418535232544,37.763911660448095,2.5681889057159424,3.1994946002960205
174,seams,O-T2X-R,1.5242489576339722,36.60333841817868,1.8113254308700562,2.8004448413848877
174,seams,ABL-ET2X-R-PreviousRawEdge-BilinearRGB,1.3734896183013916,36.674566694979404,1.869274616241455,2.170790672302246
174,seams,ABL-ET2X-R-PreviousRawEdge-ResolvedRGB,1.366681456565857,36.78902739981438,1.8383574485778809,2.136399269104004
174,thin-seam,O-T2X-R,2.277452230453491,33.5246210345433,2.5793468952178955,3.941493272781372
174,thin-seam,ABL-ET2X-R-PreviousRawEdge-BilinearRGB,1.59619140625,37.97612651801305,2.892644166946411,3.482975959777832
174,thin-seam,ABL-ET2X-R-PreviousRawEdge-ResolvedRGB,1.6337348222732544,37.98386409332637,2.7414028644561768,3.5169572830200195
175,seams,O-T2X-R,1.4410172700881958,37.74869060132382,1.6734248399734497,1.5196921825408936
175,seams,ABL-ET2X-R-PreviousRawEdge-BilinearRGB,1.341813564300537,38.01016434418887,1.9144314527511597,2.0603830814361572
175,seams,ABL-ET2X-R-PreviousRawEdge-ResolvedRGB,1.2967889308929443,38.53802388594352,1.7810173034667969,2.0355734825134277
175,thin-seam,O-T2X-R,1.8137478828430176,36.63534190378463,2.627934694290161,2.0966148376464844
175,thin-seam,ABL-ET2X-R-PreviousRawEdge-BilinearRGB,1.6103515625,37.42517425776731,2.8573901653289795,3.3392093181610107
175,thin-seam,ABL-ET2X-R-PreviousRawEdge-ResolvedRGB,1.5938584804534912,37.64743435658529,2.572819709777832,3.2951440811157227
176,seams,O-T2X-R,1.5062446594238281,37.14295567679733,1.8351361751556396,2.6586222648620605
176,seams,ABL-ET2X-R-PreviousRawEdge-BilinearRGB,1.267172932624817,38.17404980556022,1.8468912839889526,2.02614164352417
176,seams,ABL-ET2X-R-PreviousRawEdge-ResolvedRGB,1.2400325536727905,38.44372114759255,1.7488501071929932,1.9842065572738647
176,thin-seam,O-T2X-R,1.9699435234069824,35.54747735021102,2.6280393600463867,3.9165122509002686
176,thin-seam,ABL-ET2X-R-PreviousRawEdge-BilinearRGB,1.4471029043197632,38.418964440389885,2.8197762966156006,3.1525068283081055
176,thin-seam,ABL-ET2X-R-PreviousRawEdge-ResolvedRGB,1.4571939706802368,38.314187213172715,2.69709849357605,3.234663248062134
177,seams,O-T2X-R,1.5636016130447388,35.891905866746605,1.6075491905212402,1.5406147241592407
177,seams,ABL-ET2X-R-PreviousRawEdge-BilinearRGB,1.2940915822982788,37.678300964894966,1.7829334735870361,2.070549726486206
177,seams,ABL-ET2X-R-PreviousRawEdge-ResolvedRGB,1.2884289026260376,37.7708940928997,1.7717316150665283,2.0105724334716797
177,thin-seam,O-T2X-R,1.9854058027267456,34.82197591623588,2.4384348392486572,1.803018569946289
177,thin-seam,ABL-ET2X-R-PreviousRawEdge-BilinearRGB,1.4637044668197632,38.178637856147986,2.6339316368103027,2.9205682277679443
177,thin-seam,ABL-ET2X-R-PreviousRawEdge-ResolvedRGB,1.5136176347732544,37.88518014053973,2.5275704860687256,3.090428590774536
178,seams,O-T2X-R,1.6927539110183716,35.088610251930184,1.8038562536239624,2.609802722930908
178,seams,ABL-ET2X-R-PreviousRawEdge-BilinearRGB,1.2851957082748413,38.75543633361073,1.7855764627456665,1.801806926727295
178,seams,ABL-ET2X-R-PreviousRawEdge-ResolvedRGB,1.2654361724853516,38.90404394965111,1.69901442527771,1.8277668952941895
178,thin-seam,O-T2X-R,2.0623371601104736,34.92149918572756,2.6028172969818115,4.03803825378418
178,thin-seam,ABL-ET2X-R-PreviousRawEdge-BilinearRGB,1.5400933027267456,38.14654800223281,2.726893663406372,2.8928639888763428
178,thin-seam,ABL-ET2X-R-PreviousRawEdge-ResolvedRGB,1.5157334804534912,38.32893481094031,2.4960033893585205,2.916330337524414
179,seams,O-T2X-R,1.5880168676376343,35.6974851265155,1.5954554080963135,1.6516250371932983
179,seams,ABL-ET2X-R-PreviousRawEdge-BilinearRGB,1.2446882724761963,38.35154946418811,1.8257527351379395,2.0836238861083984
179,seams,ABL-ET2X-R-PreviousRawEdge-ResolvedRGB,1.2390903234481812,38.305623148659606,1.78835129737854,2.008434534072876
179,thin-seam,O-T2X-R,2.0617947578430176,34.34252630294972,2.1976630687713623,2.084782838821411
179,thin-seam,ABL-ET2X-R-PreviousRawEdge-BilinearRGB,1.6452908515930176,37.49837088880183,2.819960594177246,3.4868996143341064
179,thin-seam,ABL-ET2X-R-PreviousRawEdge-ResolvedRGB,1.6214193105697632,37.67399234414494,2.723792314529419,3.368520498275757
180,seams,O-T2X-R,1.6547592878341675,35.57559421539541,1.7978211641311646,2.527358055114746
180,seams,ABL-ET2X-R-PreviousRawEdge-BilinearRGB,1.3761777877807617,36.60534551495283,1.8529977798461914,1.9598584175109863
180,seams,ABL-ET2X-R-PreviousRawEdge-ResolvedRGB,1.3202804327011108,37.42664331668405,1.7191921472549438,1.8900907039642334
180,thin-seam,O-T2X-R,2.355523109436035,33.053835925718076,2.514410972595215,3.51788592338562
180,thin-seam,ABL-ET2X-R-PreviousRawEdge-BilinearRGB,1.7052408456802368,36.382144689586184,2.7662947177886963,3.2717180252075195
180,thin-seam,ABL-ET2X-R-PreviousRawEdge-ResolvedRGB,1.6815863847732544,36.720155854121955,2.4563486576080322,3.1127634048461914
181,seams,O-T2X-R,1.4814876317977905,37.030037413295325,1.5532442331314087,2.374905824661255
181,seams,ABL-ET2X-R-PreviousRawEdge-BilinearRGB,1.542576551437378,34.95658731034722,0.40468722581863403,1.824253797531128
181,seams,ABL-ET2X-R-PreviousRawEdge-ResolvedRGB,1.485321283340454,35.66209947716155,0.33233433961868286,1.6748857498168945
181,thin-seam,O-T2X-R,1.7615017890930176,36.77859342837749,2.427645683288574,3.5026190280914307
181,thin-seam,ABL-ET2X-R-PreviousRawEdge-BilinearRGB,1.9865450859069824,33.64618275659018,0.8889718055725098,2.8010094165802
181,thin-seam,ABL-ET2X-R-PreviousRawEdge-ResolvedRGB,1.8996853828430176,34.6650604923686,0.6213219165802002,2.4123847484588623
182,seams,O-T2X-R,1.0977625846862793,39.133568113657226,0.8443007469177246,2.2440712451934814
182,seams,ABL-ET2X-R-PreviousRawEdge-BilinearRGB,1.542576551437378,34.95658731034722,0.0,0.40468722581863403
182,seams,ABL-ET2X-R-PreviousRawEdge-ResolvedRGB,1.5141613483428955,35.316451821239816,0.04116440564393997,0.29140666127204895
182,thin-seam,O-T2X-R,1.2390950918197632,39.47512344066054,1.0935508012771606,3.316465377807617
182,thin-seam,ABL-ET2X-R-PreviousRawEdge-BilinearRGB,1.9865450859069824,33.64618275659018,0.0,0.8889718055725098
182,thin-seam,ABL-ET2X-R-PreviousRawEdge-ResolvedRGB,1.9434136152267456,34.159846988214724,0.0783931314945221,0.5429288148880005
183,seams,O-T2X-R,1.0977625846862793,39.133568113657226,0.0,0.8443007469177246
183,seams,ABL-ET2X-R-PreviousRawEdge-BilinearRGB,1.542576551437378,34.95658731034722,0.0,0.0
183,seams,ABL-ET2X-R-PreviousRawEdge-ResolvedRGB,1.526678442955017,35.133787087678826,0.014965423382818699,0.026357755064964294
183,thin-seam,O-T2X-R,1.2390950918197632,39.47512344066054,0.0,1.0935508012771606
183,thin-seam,ABL-ET2X-R-PreviousRawEdge-BilinearRGB,1.9865450859069824,33.64618275659018,0.0,0.0
183,thin-seam,ABL-ET2X-R-PreviousRawEdge-ResolvedRGB,1.9649522304534912,33.902810569669484,0.03516603633761406,0.043227165937423706
184,seams,O-T2X-R,1.0977625846862793,39.133568113657226,0.0,0.0
184,seams,ABL-ET2X-R-PreviousRawEdge-BilinearRGB,1.542576551437378,34.95658731034722,0.0,0.0
184,seams,ABL-ET2X-R-PreviousRawEdge-ResolvedRGB,1.5319347381591797,35.048826443321744,0.004925917834043503,0.010238063521683216
184,thin-seam,O-T2X-R,1.2390950918197632,39.47512344066054,0.0,0.0
184,thin-seam,ABL-ET2X-R-PreviousRawEdge-BilinearRGB,1.9865450859069824,33.64618275659018,0.0,0.0
184,thin-seam,ABL-ET2X-R-PreviousRawEdge-ResolvedRGB,1.9728189706802368,33.79476997897677,0.008569697849452496,0.02659633755683899
185,seams,O-T2X-R,1.0977625846862793,39.133568113657226,0.0,0.0
185,seams,ABL-ET2X-R-PreviousRawEdge-BilinearRGB,1.542576551437378,34.95658731034722,0.0,0.0
185,seams,ABL-ET2X-R-PreviousRawEdge-ResolvedRGB,1.5339300632476807,35.01130245181812,0.002064985688775778,0.0028689394239336252
185,thin-seam,O-T2X-R,1.2390950918197632,39.47512344066054,0.0,0.0
185,thin-seam,ABL-ET2X-R-PreviousRawEdge-BilinearRGB,1.9865450859069824,33.64618275659018,0.0,0.0
185,thin-seam,ABL-ET2X-R-PreviousRawEdge-ResolvedRGB,1.9772677421569824,33.729849289477244,0.0051713124848902225,0.0033983998000621796
186,seams,O-T2X-R,1.0977625846862793,39.133568113657226,0.0,0.0
186,seams,ABL-ET2X-R-PreviousRawEdge-BilinearRGB,1.542576551437378,34.95658731034722,0.0,0.0
186,seams,ABL-ET2X-R-PreviousRawEdge-ResolvedRGB,1.5339947938919067,35.01015837905204,0.00011088501923950389,0.0019541005603969097
186,thin-seam,O-T2X-R,1.2390950918197632,39.47512344066054,0.0,0.0
186,thin-seam,ABL-ET2X-R-PreviousRawEdge-BilinearRGB,1.9865450859069824,33.64618275659018,0.0,0.0
186,thin-seam,ABL-ET2X-R-PreviousRawEdge-ResolvedRGB,1.9773221015930176,33.72913941844409,3.46029810316395e-05,0.005136709660291672
187,seams,O-T2X-R,1.0977625846862793,39.133568113657226,0.0,0.0
187,seams,ABL-ET2X-R-PreviousRawEdge-BilinearRGB,1.542576551437378,34.95658731034722,0.0,0.0
187,seams,ABL-ET2X-R-PreviousRawEdge-ResolvedRGB,1.5339947938919067,35.01015837905204,0.0,0.00011088501923950389
187,thin-seam,O-T2X-R,1.2390950918197632,39.47512344066054,0.0,0.0
187,thin-seam,ABL-ET2X-R-PreviousRawEdge-BilinearRGB,1.9865450859069824,33.64618275659018,0.0,0.0
187,thin-seam,ABL-ET2X-R-PreviousRawEdge-ResolvedRGB,1.9773221015930176,33.72913941844409,0.0,3.46029810316395e-05
188,seams,O-T2X-R,1.0977625846862793,39.133568113657226,0.0,0.0
188,seams,ABL-ET2X-R-PreviousRawEdge-BilinearRGB,1.542576551437378,34.95658731034722,0.0,0.0
188,seams,ABL-ET2X-R-PreviousRawEdge-ResolvedRGB,1.5339947938919067,35.01015837905204,0.0,0.0
188,thin-seam,O-T2X-R,1.2390950918197632,39.47512344066054,0.0,0.0
188,thin-seam,ABL-ET2X-R-PreviousRawEdge-BilinearRGB,1.9865450859069824,33.64618275659018,0.0,0.0
188,thin-seam,ABL-ET2X-R-PreviousRawEdge-ResolvedRGB,1.9773221015930176,33.72913941844409,0.0,0.0
189,seams,O-T2X-R,1.0977625846862793,39.133568113657226,0.0,0.0
189,seams,ABL-ET2X-R-PreviousRawEdge-BilinearRGB,1.542576551437378,34.95658731034722,0.0,0.0
189,seams,ABL-ET2X-R-PreviousRawEdge-ResolvedRGB,1.5339947938919067,35.01015837905204,0.0,0.0
189,thin-seam,O-T2X-R,1.2390950918197632,39.47512344066054,0.0,0.0
189,thin-seam,ABL-ET2X-R-PreviousRawEdge-BilinearRGB,1.9865450859069824,33.64618275659018,0.0,0.0
189,thin-seam,ABL-ET2X-R-PreviousRawEdge-ResolvedRGB,1.9773221015930176,33.72913941844409,0.0,0.0
190,seams,O-T2X-R,1.0977625846862793,39.133568113657226,0.0,0.0
190,seams,ABL-ET2X-R-PreviousRawEdge-BilinearRGB,1.542576551437378,34.95658731034722,0.0,0.0
190,seams,ABL-ET2X-R-PreviousRawEdge-ResolvedRGB,1.5339947938919067,35.01015837905204,0.0,0.0
190,thin-seam,O-T2X-R,1.2390950918197632,39.47512344066054,0.0,0.0
190,thin-seam,ABL-ET2X-R-PreviousRawEdge-BilinearRGB,1.9865450859069824,33.64618275659018,0.0,0.0
190,thin-seam,ABL-ET2X-R-PreviousRawEdge-ResolvedRGB,1.9773221015930176,33.72913941844409,0.0,0.0
191,seams,O-T2X-R,1.0977625846862793,39.133568113657226,0.0,0.0
191,seams,ABL-ET2X-R-PreviousRawEdge-BilinearRGB,1.542576551437378,34.95658731034722,0.0,0.0
191,seams,ABL-ET2X-R-PreviousRawEdge-ResolvedRGB,1.5339947938919067,35.01015837905204,0.0,0.0
191,thin-seam,O-T2X-R,1.2390950918197632,39.47512344066054,0.0,0.0
191,thin-seam,ABL-ET2X-R-PreviousRawEdge-BilinearRGB,1.9865450859069824,33.64618275659018,0.0,0.0
191,thin-seam,ABL-ET2X-R-PreviousRawEdge-ResolvedRGB,1.9773221015930176,33.72913941844409,0.0,0.0
192,seams,O-T2X-R,1.0977625846862793,39.133568113657226,0.0,0.0
192,seams,ABL-ET2X-R-PreviousRawEdge-BilinearRGB,1.542576551437378,34.95658731034722,0.0,0.0
192,seams,ABL-ET2X-R-PreviousRawEdge-ResolvedRGB,1.5339947938919067,35.01015837905204,0.0,0.0
192,thin-seam,O-T2X-R,1.2390950918197632,39.47512344066054,0.0,0.0
192,thin-seam,ABL-ET2X-R-PreviousRawEdge-BilinearRGB,1.9865450859069824,33.64618275659018,0.0,0.0
192,thin-seam,ABL-ET2X-R-PreviousRawEdge-ResolvedRGB,1.9773221015930176,33.72913941844409,0.0,0.0
193,seams,O-T2X-R,1.0977625846862793,39.133568113657226,0.0,0.0
193,seams,ABL-ET2X-R-PreviousRawEdge-BilinearRGB,1.542576551437378,34.95658731034722,0.0,0.0
193,seams,ABL-ET2X-R-PreviousRawEdge-ResolvedRGB,1.5339947938919067,35.01015837905204,0.0,0.0
193,thin-seam,O-T2X-R,1.2390950918197632,39.47512344066054,0.0,0.0
193,thin-seam,ABL-ET2X-R-PreviousRawEdge-BilinearRGB,1.9865450859069824,33.64618275659018,0.0,0.0
193,thin-seam,ABL-ET2X-R-PreviousRawEdge-ResolvedRGB,1.9773221015930176,33.72913941844409,0.0,0.0
194,seams,O-T2X-R,1.0977625846862793,39.133568113657226,0.0,0.0
194,seams,ABL-ET2X-R-PreviousRawEdge-BilinearRGB,1.542576551437378,34.95658731034722,0.0,0.0
194,seams,ABL-ET2X-R-PreviousRawEdge-ResolvedRGB,1.5339947938919067,35.01015837905204,0.0,0.0
194,thin-seam,O-T2X-R,1.2390950918197632,39.47512344066054,0.0,0.0
194,thin-seam,ABL-ET2X-R-PreviousRawEdge-BilinearRGB,1.9865450859069824,33.64618275659018,0.0,0.0
194,thin-seam,ABL-ET2X-R-PreviousRawEdge-ResolvedRGB,1.9773221015930176,33.72913941844409,0.0,0.0
195,seams,O-T2X-R,1.0977625846862793,39.133568113657226,0.0,0.0
195,seams,ABL-ET2X-R-PreviousRawEdge-BilinearRGB,1.542576551437378,34.95658731034722,0.0,0.0
195,seams,ABL-ET2X-R-PreviousRawEdge-ResolvedRGB,1.5339947938919067,35.01015837905204,0.0,0.0
195,thin-seam,O-T2X-R,1.2390950918197632,39.47512344066054,0.0,0.0
195,thin-seam,ABL-ET2X-R-PreviousRawEdge-BilinearRGB,1.9865450859069824,33.64618275659018,0.0,0.0
195,thin-seam,ABL-ET2X-R-PreviousRawEdge-ResolvedRGB,1.9773221015930176,33.72913941844409,0.0,0.0
196,seams,O-T2X-R,1.0977625846862793,39.133568113657226,0.0,0.0
196,seams,ABL-ET2X-R-PreviousRawEdge-BilinearRGB,1.542576551437378,34.95658731034722,0.0,0.0
196,seams,ABL-ET2X-R-PreviousRawEdge-ResolvedRGB,1.5339947938919067,35.01015837905204,0.0,0.0
196,thin-seam,O-T2X-R,1.2390950918197632,39.47512344066054,0.0,0.0
196,thin-seam,ABL-ET2X-R-PreviousRawEdge-BilinearRGB,1.9865450859069824,33.64618275659018,0.0,0.0
196,thin-seam,ABL-ET2X-R-PreviousRawEdge-ResolvedRGB,1.9773221015930176,33.72913941844409,0.0,0.0
197,seams,O-T2X-R,1.0977625846862793,39.133568113657226,0.0,0.0
197,seams,ABL-ET2X-R-PreviousRawEdge-BilinearRGB,1.542576551437378,34.95658731034722,0.0,0.0
197,seams,ABL-ET2X-R-PreviousRawEdge-ResolvedRGB,1.5339947938919067,35.01015837905204,0.0,0.0
197,thin-seam,O-T2X-R,1.2390950918197632,39.47512344066054,0.0,0.0
197,thin-seam,ABL-ET2X-R-PreviousRawEdge-BilinearRGB,1.9865450859069824,33.64618275659018,0.0,0.0
197,thin-seam,ABL-ET2X-R-PreviousRawEdge-ResolvedRGB,1.9773221015930176,33.72913941844409,0.0,0.0
198,seams,O-T2X-R,1.0977625846862793,39.133568113657226,0.0,0.0
198,seams,ABL-ET2X-R-PreviousRawEdge-BilinearRGB,1.542576551437378,34.95658731034722,0.0,0.0
198,seams,ABL-ET2X-R-PreviousRawEdge-ResolvedRGB,1.5339947938919067,35.01015837905204,0.0,0.0
198,thin-seam,O-T2X-R,1.2390950918197632,39.47512344066054,0.0,0.0
198,thin-seam,ABL-ET2X-R-PreviousRawEdge-BilinearRGB,1.9865450859069824,33.64618275659018,0.0,0.0
198,thin-seam,ABL-ET2X-R-PreviousRawEdge-ResolvedRGB,1.9773221015930176,33.72913941844409,0.0,0.0
199,seams,O-T2X-R,1.0977625846862793,39.133568113657226,0.0,0.0
199,seams,ABL-ET2X-R-PreviousRawEdge-BilinearRGB,1.542576551437378,34.95658731034722,0.0,0.0
199,seams,ABL-ET2X-R-PreviousRawEdge-ResolvedRGB,1.5339947938919067,35.01015837905204,0.0,0.0
199,thin-seam,O-T2X-R,1.2390950918197632,39.47512344066054,0.0,0.0
199,thin-seam,ABL-ET2X-R-PreviousRawEdge-BilinearRGB,1.9865450859069824,33.64618275659018,0.0,0.0
199,thin-seam,ABL-ET2X-R-PreviousRawEdge-ResolvedRGB,1.9773221015930176,33.72913941844409,0.0,0.0
200,seams,O-T2X-R,1.0977625846862793,39.133568113657226,0.0,0.0
200,seams,ABL-ET2X-R-PreviousRawEdge-BilinearRGB,1.542576551437378,34.95658731034722,0.0,0.0
200,seams,ABL-ET2X-R-PreviousRawEdge-ResolvedRGB,1.5339947938919067,35.01015837905204,0.0,0.0
200,thin-seam,O-T2X-R,1.2390950918197632,39.47512344066054,0.0,0.0
200,thin-seam,ABL-ET2X-R-PreviousRawEdge-BilinearRGB,1.9865450859069824,33.64618275659018,0.0,0.0
200,thin-seam,ABL-ET2X-R-PreviousRawEdge-ResolvedRGB,1.9773221015930176,33.72913941844409,0.0,0.0
201,seams,O-T2X-R,1.0977625846862793,39.133568113657226,0.0,0.0
201,seams,ABL-ET2X-R-PreviousRawEdge-BilinearRGB,1.542576551437378,34.95658731034722,0.0,0.0
201,seams,ABL-ET2X-R-PreviousRawEdge-ResolvedRGB,1.5339947938919067,35.01015837905204,0.0,0.0
201,thin-seam,O-T2X-R,1.2390950918197632,39.47512344066054,0.0,0.0
201,thin-seam,ABL-ET2X-R-PreviousRawEdge-BilinearRGB,1.9865450859069824,33.64618275659018,0.0,0.0
201,thin-seam,ABL-ET2X-R-PreviousRawEdge-ResolvedRGB,1.9773221015930176,33.72913941844409,0.0,0.0
202,seams,O-T2X-R,1.0977625846862793,39.133568113657226,0.0,0.0
202,seams,ABL-ET2X-R-PreviousRawEdge-BilinearRGB,1.542576551437378,34.95658731034722,0.0,0.0
202,seams,ABL-ET2X-R-PreviousRawEdge-ResolvedRGB,1.5339947938919067,35.01015837905204,0.0,0.0
202,thin-seam,O-T2X-R,1.2390950918197632,39.47512344066054,0.0,0.0
202,thin-seam,ABL-ET2X-R-PreviousRawEdge-BilinearRGB,1.9865450859069824,33.64618275659018,0.0,0.0
202,thin-seam,ABL-ET2X-R-PreviousRawEdge-ResolvedRGB,1.9773221015930176,33.72913941844409,0.0,0.0
203,seams,O-T2X-R,1.0977625846862793,39.133568113657226,0.0,0.0
203,seams,ABL-ET2X-R-PreviousRawEdge-BilinearRGB,1.542576551437378,34.95658731034722,0.0,0.0
203,seams,ABL-ET2X-R-PreviousRawEdge-ResolvedRGB,1.5339947938919067,35.01015837905204,0.0,0.0
203,thin-seam,O-T2X-R,1.2390950918197632,39.47512344066054,0.0,0.0
203,thin-seam,ABL-ET2X-R-PreviousRawEdge-BilinearRGB,1.9865450859069824,33.64618275659018,0.0,0.0
203,thin-seam,ABL-ET2X-R-PreviousRawEdge-ResolvedRGB,1.9773221015930176,33.72913941844409,0.0,0.0
204,seams,O-T2X-R,1.0977625846862793,39.133568113657226,0.0,0.0
204,seams,ABL-ET2X-R-PreviousRawEdge-BilinearRGB,1.542576551437378,34.95658731034722,0.0,0.0
204,seams,ABL-ET2X-R-PreviousRawEdge-ResolvedRGB,1.5339947938919067,35.01015837905204,0.0,0.0
204,thin-seam,O-T2X-R,1.2390950918197632,39.47512344066054,0.0,0.0
204,thin-seam,ABL-ET2X-R-PreviousRawEdge-BilinearRGB,1.9865450859069824,33.64618275659018,0.0,0.0
204,thin-seam,ABL-ET2X-R-PreviousRawEdge-ResolvedRGB,1.9773221015930176,33.72913941844409,0.0,0.0
205,seams,O-T2X-R,1.0977625846862793,39.133568113657226,0.0,0.0
205,seams,ABL-ET2X-R-PreviousRawEdge-BilinearRGB,1.542576551437378,34.95658731034722,0.0,0.0
205,seams,ABL-ET2X-R-PreviousRawEdge-ResolvedRGB,1.5339947938919067,35.01015837905204,0.0,0.0
205,thin-seam,O-T2X-R,1.2390950918197632,39.47512344066054,0.0,0.0
205,thin-seam,ABL-ET2X-R-PreviousRawEdge-BilinearRGB,1.9865450859069824,33.64618275659018,0.0,0.0
205,thin-seam,ABL-ET2X-R-PreviousRawEdge-ResolvedRGB,1.9773221015930176,33.72913941844409,0.0,0.0
206,seams,O-T2X-R,1.0977625846862793,39.133568113657226,0.0,0.0
206,seams,ABL-ET2X-R-PreviousRawEdge-BilinearRGB,1.542576551437378,34.95658731034722,0.0,0.0
206,seams,ABL-ET2X-R-PreviousRawEdge-ResolvedRGB,1.5339947938919067,35.01015837905204,0.0,0.0
206,thin-seam,O-T2X-R,1.2390950918197632,39.47512344066054,0.0,0.0
206,thin-seam,ABL-ET2X-R-PreviousRawEdge-BilinearRGB,1.9865450859069824,33.64618275659018,0.0,0.0
206,thin-seam,ABL-ET2X-R-PreviousRawEdge-ResolvedRGB,1.9773221015930176,33.72913941844409,0.0,0.0
207,seams,O-T2X-R,1.0977625846862793,39.133568113657226,0.0,0.0
207,seams,ABL-ET2X-R-PreviousRawEdge-BilinearRGB,1.542576551437378,34.95658731034722,0.0,0.0
207,seams,ABL-ET2X-R-PreviousRawEdge-ResolvedRGB,1.5339947938919067,35.01015837905204,0.0,0.0
207,thin-seam,O-T2X-R,1.2390950918197632,39.47512344066054,0.0,0.0
207,thin-seam,ABL-ET2X-R-PreviousRawEdge-BilinearRGB,1.9865450859069824,33.64618275659018,0.0,0.0
207,thin-seam,ABL-ET2X-R-PreviousRawEdge-ResolvedRGB,1.9773221015930176,33.72913941844409,0.0,0.0
208,seams,O-T2X-R,1.0977625846862793,39.133568113657226,0.0,0.0
208,seams,ABL-ET2X-R-PreviousRawEdge-BilinearRGB,1.542576551437378,34.95658731034722,0.0,0.0
208,seams,ABL-ET2X-R-PreviousRawEdge-ResolvedRGB,1.5339947938919067,35.01015837905204,0.0,0.0
208,thin-seam,O-T2X-R,1.2390950918197632,39.47512344066054,0.0,0.0
208,thin-seam,ABL-ET2X-R-PreviousRawEdge-BilinearRGB,1.9865450859069824,33.64618275659018,0.0,0.0
208,thin-seam,ABL-ET2X-R-PreviousRawEdge-ResolvedRGB,1.9773221015930176,33.72913941844409,0.0,0.0
209,seams,O-T2X-R,1.0977625846862793,39.133568113657226,0.0,0.0
209,seams,ABL-ET2X-R-PreviousRawEdge-BilinearRGB,1.542576551437378,34.95658731034722,0.0,0.0
209,seams,ABL-ET2X-R-PreviousRawEdge-ResolvedRGB,1.5339947938919067,35.01015837905204,0.0,0.0
209,thin-seam,O-T2X-R,1.2390950918197632,39.47512344066054,0.0,0.0
209,thin-seam,ABL-ET2X-R-PreviousRawEdge-BilinearRGB,1.9865450859069824,33.64618275659018,0.0,0.0
209,thin-seam,ABL-ET2X-R-PreviousRawEdge-ResolvedRGB,1.9773221015930176,33.72913941844409,0.0,0.0
210,seams,O-T2X-R,1.0977625846862793,39.133568113657226,0.0,0.0
210,seams,ABL-ET2X-R-PreviousRawEdge-BilinearRGB,1.542576551437378,34.95658731034722,0.0,0.0
210,seams,ABL-ET2X-R-PreviousRawEdge-ResolvedRGB,1.5339947938919067,35.01015837905204,0.0,0.0
210,thin-seam,O-T2X-R,1.2390950918197632,39.47512344066054,0.0,0.0
210,thin-seam,ABL-ET2X-R-PreviousRawEdge-BilinearRGB,1.9865450859069824,33.64618275659018,0.0,0.0
210,thin-seam,ABL-ET2X-R-PreviousRawEdge-ResolvedRGB,1.9773221015930176,33.72913941844409,0.0,0.0
211,seams,O-T2X-R,1.0977625846862793,39.133568113657226,0.0,0.0
211,seams,ABL-ET2X-R-PreviousRawEdge-BilinearRGB,1.542576551437378,34.95658731034722,0.0,0.0
211,seams,ABL-ET2X-R-PreviousRawEdge-ResolvedRGB,1.5339947938919067,35.01015837905204,0.0,0.0
211,thin-seam,O-T2X-R,1.2390950918197632,39.47512344066054,0.0,0.0
211,thin-seam,ABL-ET2X-R-PreviousRawEdge-BilinearRGB,1.9865450859069824,33.64618275659018,0.0,0.0
211,thin-seam,ABL-ET2X-R-PreviousRawEdge-ResolvedRGB,1.9773221015930176,33.72913941844409,0.0,0.0
212,seams,O-T2X-R,1.0977625846862793,39.133568113657226,0.0,0.0
212,seams,ABL-ET2X-R-PreviousRawEdge-BilinearRGB,1.542576551437378,34.95658731034722,0.0,0.0
212,seams,ABL-ET2X-R-PreviousRawEdge-ResolvedRGB,1.5339947938919067,35.01015837905204,0.0,0.0
212,thin-seam,O-T2X-R,1.2390950918197632,39.47512344066054,0.0,0.0
212,thin-seam,ABL-ET2X-R-PreviousRawEdge-BilinearRGB,1.9865450859069824,33.64618275659018,0.0,0.0
212,thin-seam,ABL-ET2X-R-PreviousRawEdge-ResolvedRGB,1.9773221015930176,33.72913941844409,0.0,0.0
213,seams,O-T2X-R,1.0977625846862793,39.133568113657226,0.0,0.0
213,seams,ABL-ET2X-R-PreviousRawEdge-BilinearRGB,1.542576551437378,34.95658731034722,0.0,0.0
213,seams,ABL-ET2X-R-PreviousRawEdge-ResolvedRGB,1.5339947938919067,35.01015837905204,0.0,0.0
213,thin-seam,O-T2X-R,1.2390950918197632,39.47512344066054,0.0,0.0
213,thin-seam,ABL-ET2X-R-PreviousRawEdge-BilinearRGB,1.9865450859069824,33.64618275659018,0.0,0.0
213,thin-seam,ABL-ET2X-R-PreviousRawEdge-ResolvedRGB,1.9773221015930176,33.72913941844409,0.0,0.0
214,seams,O-T2X-R,1.0977625846862793,39.133568113657226,0.0,0.0
214,seams,ABL-ET2X-R-PreviousRawEdge-BilinearRGB,1.542576551437378,34.95658731034722,0.0,0.0
214,seams,ABL-ET2X-R-PreviousRawEdge-ResolvedRGB,1.5339947938919067,35.01015837905204,0.0,0.0
214,thin-seam,O-T2X-R,1.2390950918197632,39.47512344066054,0.0,0.0
214,thin-seam,ABL-ET2X-R-PreviousRawEdge-BilinearRGB,1.9865450859069824,33.64618275659018,0.0,0.0
214,thin-seam,ABL-ET2X-R-PreviousRawEdge-ResolvedRGB,1.9773221015930176,33.72913941844409,0.0,0.0
215,seams,O-T2X-R,1.0977625846862793,39.133568113657226,0.0,0.0
215,seams,ABL-ET2X-R-PreviousRawEdge-BilinearRGB,1.542576551437378,34.95658731034722,0.0,0.0
215,seams,ABL-ET2X-R-PreviousRawEdge-ResolvedRGB,1.5339947938919067,35.01015837905204,0.0,0.0
215,thin-seam,O-T2X-R,1.2390950918197632,39.47512344066054,0.0,0.0
215,thin-seam,ABL-ET2X-R-PreviousRawEdge-BilinearRGB,1.9865450859069824,33.64618275659018,0.0,0.0
215,thin-seam,ABL-ET2X-R-PreviousRawEdge-ResolvedRGB,1.9773221015930176,33.72913941844409,0.0,0.0
216,seams,O-T2X-R,1.0977625846862793,39.133568113657226,0.0,0.0
216,seams,ABL-ET2X-R-PreviousRawEdge-BilinearRGB,1.542576551437378,34.95658731034722,0.0,0.0
216,seams,ABL-ET2X-R-PreviousRawEdge-ResolvedRGB,1.5339947938919067,35.01015837905204,0.0,0.0
216,thin-seam,O-T2X-R,1.2390950918197632,39.47512344066054,0.0,0.0
216,thin-seam,ABL-ET2X-R-PreviousRawEdge-BilinearRGB,1.9865450859069824,33.64618275659018,0.0,0.0
216,thin-seam,ABL-ET2X-R-PreviousRawEdge-ResolvedRGB,1.9773221015930176,33.72913941844409,0.0,0.0
217,seams,O-T2X-R,1.0977625846862793,39.133568113657226,0.0,0.0
217,seams,ABL-ET2X-R-PreviousRawEdge-BilinearRGB,1.542576551437378,34.95658731034722,0.0,0.0
217,seams,ABL-ET2X-R-PreviousRawEdge-ResolvedRGB,1.5339947938919067,35.01015837905204,0.0,0.0
217,thin-seam,O-T2X-R,1.2390950918197632,39.47512344066054,0.0,0.0
217,thin-seam,ABL-ET2X-R-PreviousRawEdge-BilinearRGB,1.9865450859069824,33.64618275659018,0.0,0.0
217,thin-seam,ABL-ET2X-R-PreviousRawEdge-ResolvedRGB,1.9773221015930176,33.72913941844409,0.0,0.0
218,seams,O-T2X-R,1.0977625846862793,39.133568113657226,0.0,0.0
218,seams,ABL-ET2X-R-PreviousRawEdge-BilinearRGB,1.542576551437378,34.95658731034722,0.0,0.0
218,seams,ABL-ET2X-R-PreviousRawEdge-ResolvedRGB,1.5339947938919067,35.01015837905204,0.0,0.0
218,thin-seam,O-T2X-R,1.2390950918197632,39.47512344066054,0.0,0.0
218,thin-seam,ABL-ET2X-R-PreviousRawEdge-BilinearRGB,1.9865450859069824,33.64618275659018,0.0,0.0
218,thin-seam,ABL-ET2X-R-PreviousRawEdge-ResolvedRGB,1.9773221015930176,33.72913941844409,0.0,0.0
219,seams,O-T2X-R,1.0977625846862793,39.133568113657226,0.0,0.0
219,seams,ABL-ET2X-R-PreviousRawEdge-BilinearRGB,1.542576551437378,34.95658731034722,0.0,0.0
219,seams,ABL-ET2X-R-PreviousRawEdge-ResolvedRGB,1.5339947938919067,35.01015837905204,0.0,0.0
219,thin-seam,O-T2X-R,1.2390950918197632,39.47512344066054,0.0,0.0
219,thin-seam,ABL-ET2X-R-PreviousRawEdge-BilinearRGB,1.9865450859069824,33.64618275659018,0.0,0.0
219,thin-seam,ABL-ET2X-R-PreviousRawEdge-ResolvedRGB,1.9773221015930176,33.72913941844409,0.0,0.0
220,seams,O-T2X-R,1.0977625846862793,39.133568113657226,0.0,0.0
220,seams,ABL-ET2X-R-PreviousRawEdge-BilinearRGB,1.542576551437378,34.95658731034722,0.0,0.0
220,seams,ABL-ET2X-R-PreviousRawEdge-ResolvedRGB,1.5339947938919067,35.01015837905204,0.0,0.0
220,thin-seam,O-T2X-R,1.2390950918197632,39.47512344066054,0.0,0.0
220,thin-seam,ABL-ET2X-R-PreviousRawEdge-BilinearRGB,1.9865450859069824,33.64618275659018,0.0,0.0
220,thin-seam,ABL-ET2X-R-PreviousRawEdge-ResolvedRGB,1.9773221015930176,33.72913941844409,0.0,0.0
221,seams,O-T2X-R,1.0977625846862793,39.133568113657226,0.0,0.0
221,seams,ABL-ET2X-R-PreviousRawEdge-BilinearRGB,1.542576551437378,34.95658731034722,0.0,0.0
221,seams,ABL-ET2X-R-PreviousRawEdge-ResolvedRGB,1.5339947938919067,35.01015837905204,0.0,0.0
221,thin-seam,O-T2X-R,1.2390950918197632,39.47512344066054,0.0,0.0
221,thin-seam,ABL-ET2X-R-PreviousRawEdge-BilinearRGB,1.9865450859069824,33.64618275659018,0.0,0.0
221,thin-seam,ABL-ET2X-R-PreviousRawEdge-ResolvedRGB,1.9773221015930176,33.72913941844409,0.0,0.0
222,seams,O-T2X-R,1.0977625846862793,39.133568113657226,0.0,0.0
222,seams,ABL-ET2X-R-PreviousRawEdge-BilinearRGB,1.542576551437378,34.95658731034722,0.0,0.0
222,seams,ABL-ET2X-R-PreviousRawEdge-ResolvedRGB,1.5339947938919067,35.01015837905204,0.0,0.0
222,thin-seam,O-T2X-R,1.2390950918197632,39.47512344066054,0.0,0.0
222,thin-seam,ABL-ET2X-R-PreviousRawEdge-BilinearRGB,1.9865450859069824,33.64618275659018,0.0,0.0
222,thin-seam,ABL-ET2X-R-PreviousRawEdge-ResolvedRGB,1.9773221015930176,33.72913941844409,0.0,0.0
223,seams,O-T2X-R,1.0977625846862793,39.133568113657226,0.0,0.0
223,seams,ABL-ET2X-R-PreviousRawEdge-BilinearRGB,1.542576551437378,34.95658731034722,0.0,0.0
223,seams,ABL-ET2X-R-PreviousRawEdge-ResolvedRGB,1.5339947938919067,35.01015837905204,0.0,0.0
223,thin-seam,O-T2X-R,1.2390950918197632,39.47512344066054,0.0,0.0
223,thin-seam,ABL-ET2X-R-PreviousRawEdge-BilinearRGB,1.9865450859069824,33.64618275659018,0.0,0.0
223,thin-seam,ABL-ET2X-R-PreviousRawEdge-ResolvedRGB,1.9773221015930176,33.72913941844409,0.0,0.0
224,seams,O-T2X-R,1.0977625846862793,39.133568113657226,0.0,0.0
224,seams,ABL-ET2X-R-PreviousRawEdge-BilinearRGB,1.542576551437378,34.95658731034722,0.0,0.0
224,seams,ABL-ET2X-R-PreviousRawEdge-ResolvedRGB,1.5339947938919067,35.01015837905204,0.0,0.0
224,thin-seam,O-T2X-R,1.2390950918197632,39.47512344066054,0.0,0.0
224,thin-seam,ABL-ET2X-R-PreviousRawEdge-BilinearRGB,1.9865450859069824,33.64618275659018,0.0,0.0
224,thin-seam,ABL-ET2X-R-PreviousRawEdge-ResolvedRGB,1.9773221015930176,33.72913941844409,0.0,0.0
225,seams,O-T2X-R,1.0977625846862793,39.133568113657226,0.0,0.0
225,seams,ABL-ET2X-R-PreviousRawEdge-BilinearRGB,1.542576551437378,34.95658731034722,0.0,0.0
225,seams,ABL-ET2X-R-PreviousRawEdge-ResolvedRGB,1.5339947938919067,35.01015837905204,0.0,0.0
225,thin-seam,O-T2X-R,1.2390950918197632,39.47512344066054,0.0,0.0
225,thin-seam,ABL-ET2X-R-PreviousRawEdge-BilinearRGB,1.9865450859069824,33.64618275659018,0.0,0.0
225,thin-seam,ABL-ET2X-R-PreviousRawEdge-ResolvedRGB,1.9773221015930176,33.72913941844409,0.0,0.0
226,seams,O-T2X-R,1.0977625846862793,39.133568113657226,0.0,0.0
226,seams,ABL-ET2X-R-PreviousRawEdge-BilinearRGB,1.542576551437378,34.95658731034722,0.0,0.0
226,seams,ABL-ET2X-R-PreviousRawEdge-ResolvedRGB,1.5339947938919067,35.01015837905204,0.0,0.0
226,thin-seam,O-T2X-R,1.2390950918197632,39.47512344066054,0.0,0.0
226,thin-seam,ABL-ET2X-R-PreviousRawEdge-BilinearRGB,1.9865450859069824,33.64618275659018,0.0,0.0
226,thin-seam,ABL-ET2X-R-PreviousRawEdge-ResolvedRGB,1.9773221015930176,33.72913941844409,0.0,0.0
227,seams,O-T2X-R,1.0977625846862793,39.133568113657226,0.0,0.0
227,seams,ABL-ET2X-R-PreviousRawEdge-BilinearRGB,1.542576551437378,34.95658731034722,0.0,0.0
227,seams,ABL-ET2X-R-PreviousRawEdge-ResolvedRGB,1.5339947938919067,35.01015837905204,0.0,0.0
227,thin-seam,O-T2X-R,1.2390950918197632,39.47512344066054,0.0,0.0
227,thin-seam,ABL-ET2X-R-PreviousRawEdge-BilinearRGB,1.9865450859069824,33.64618275659018,0.0,0.0
227,thin-seam,ABL-ET2X-R-PreviousRawEdge-ResolvedRGB,1.9773221015930176,33.72913941844409,0.0,0.0
228,seams,O-T2X-R,1.0977625846862793,39.133568113657226,0.0,0.0
228,seams,ABL-ET2X-R-PreviousRawEdge-BilinearRGB,1.542576551437378,34.95658731034722,0.0,0.0
228,seams,ABL-ET2X-R-PreviousRawEdge-ResolvedRGB,1.5339947938919067,35.01015837905204,0.0,0.0
228,thin-seam,O-T2X-R,1.2390950918197632,39.47512344066054,0.0,0.0
228,thin-seam,ABL-ET2X-R-PreviousRawEdge-BilinearRGB,1.9865450859069824,33.64618275659018,0.0,0.0
228,thin-seam,ABL-ET2X-R-PreviousRawEdge-ResolvedRGB,1.9773221015930176,33.72913941844409,0.0,0.0
229,seams,O-T2X-R,1.0977625846862793,39.133568113657226,0.0,0.0
229,seams,ABL-ET2X-R-PreviousRawEdge-BilinearRGB,1.542576551437378,34.95658731034722,0.0,0.0
229,seams,ABL-ET2X-R-PreviousRawEdge-ResolvedRGB,1.5339947938919067,35.01015837905204,0.0,0.0
229,thin-seam,O-T2X-R,1.2390950918197632,39.47512344066054,0.0,0.0
229,thin-seam,ABL-ET2X-R-PreviousRawEdge-BilinearRGB,1.9865450859069824,33.64618275659018,0.0,0.0
229,thin-seam,ABL-ET2X-R-PreviousRawEdge-ResolvedRGB,1.9773221015930176,33.72913941844409,0.0,0.0
230,seams,O-T2X-R,1.0977625846862793,39.133568113657226,0.0,0.0
230,seams,ABL-ET2X-R-PreviousRawEdge-BilinearRGB,1.542576551437378,34.95658731034722,0.0,0.0
230,seams,ABL-ET2X-R-PreviousRawEdge-ResolvedRGB,1.5339947938919067,35.01015837905204,0.0,0.0
230,thin-seam,O-T2X-R,1.2390950918197632,39.47512344066054,0.0,0.0
230,thin-seam,ABL-ET2X-R-PreviousRawEdge-BilinearRGB,1.9865450859069824,33.64618275659018,0.0,0.0
230,thin-seam,ABL-ET2X-R-PreviousRawEdge-ResolvedRGB,1.9773221015930176,33.72913941844409,0.0,0.0
231,seams,O-T2X-R,1.0977625846862793,39.133568113657226,0.0,0.0
231,seams,ABL-ET2X-R-PreviousRawEdge-BilinearRGB,1.542576551437378,34.95658731034722,0.0,0.0
231,seams,ABL-ET2X-R-PreviousRawEdge-ResolvedRGB,1.5339947938919067,35.01015837905204,0.0,0.0
231,thin-seam,O-T2X-R,1.2390950918197632,39.47512344066054,0.0,0.0
231,thin-seam,ABL-ET2X-R-PreviousRawEdge-BilinearRGB,1.9865450859069824,33.64618275659018,0.0,0.0
231,thin-seam,ABL-ET2X-R-PreviousRawEdge-ResolvedRGB,1.9773221015930176,33.72913941844409,0.0,0.0
232,seams,O-T2X-R,1.0977625846862793,39.133568113657226,0.0,0.0
232,seams,ABL-ET2X-R-PreviousRawEdge-BilinearRGB,1.542576551437378,34.95658731034722,0.0,0.0
232,seams,ABL-ET2X-R-PreviousRawEdge-ResolvedRGB,1.5339947938919067,35.01015837905204,0.0,0.0
232,thin-seam,O-T2X-R,1.2390950918197632,39.47512344066054,0.0,0.0
232,thin-seam,ABL-ET2X-R-PreviousRawEdge-BilinearRGB,1.9865450859069824,33.64618275659018,0.0,0.0
232,thin-seam,ABL-ET2X-R-PreviousRawEdge-ResolvedRGB,1.9773221015930176,33.72913941844409,0.0,0.0
233,seams,O-T2X-R,1.0977625846862793,39.133568113657226,0.0,0.0
233,seams,ABL-ET2X-R-PreviousRawEdge-BilinearRGB,1.542576551437378,34.95658731034722,0.0,0.0
233,seams,ABL-ET2X-R-PreviousRawEdge-ResolvedRGB,1.5339947938919067,35.01015837905204,0.0,0.0
233,thin-seam,O-T2X-R,1.2390950918197632,39.47512344066054,0.0,0.0
233,thin-seam,ABL-ET2X-R-PreviousRawEdge-BilinearRGB,1.9865450859069824,33.64618275659018,0.0,0.0
233,thin-seam,ABL-ET2X-R-PreviousRawEdge-ResolvedRGB,1.9773221015930176,33.72913941844409,0.0,0.0
234,seams,O-T2X-R,1.0977625846862793,39.133568113657226,0.0,0.0
234,seams,ABL-ET2X-R-PreviousRawEdge-BilinearRGB,1.542576551437378,34.95658731034722,0.0,0.0
234,seams,ABL-ET2X-R-PreviousRawEdge-ResolvedRGB,1.5339947938919067,35.01015837905204,0.0,0.0
234,thin-seam,O-T2X-R,1.2390950918197632,39.47512344066054,0.0,0.0
234,thin-seam,ABL-ET2X-R-PreviousRawEdge-BilinearRGB,1.9865450859069824,33.64618275659018,0.0,0.0
234,thin-seam,ABL-ET2X-R-PreviousRawEdge-ResolvedRGB,1.9773221015930176,33.72913941844409,0.0,0.0
235,seams,O-T2X-R,1.0977625846862793,39.133568113657226,0.0,0.0
235,seams,ABL-ET2X-R-PreviousRawEdge-BilinearRGB,1.542576551437378,34.95658731034722,0.0,0.0
235,seams,ABL-ET2X-R-PreviousRawEdge-ResolvedRGB,1.5339947938919067,35.01015837905204,0.0,0.0
235,thin-seam,O-T2X-R,1.2390950918197632,39.47512344066054,0.0,0.0
235,thin-seam,ABL-ET2X-R-PreviousRawEdge-BilinearRGB,1.9865450859069824,33.64618275659018,0.0,0.0
235,thin-seam,ABL-ET2X-R-PreviousRawEdge-ResolvedRGB,1.9773221015930176,33.72913941844409,0.0,0.0
236,seams,O-T2X-R,1.0977625846862793,39.133568113657226,0.0,0.0
236,seams,ABL-ET2X-R-PreviousRawEdge-BilinearRGB,1.542576551437378,34.95658731034722,0.0,0.0
236,seams,ABL-ET2X-R-PreviousRawEdge-ResolvedRGB,1.5339947938919067,35.01015837905204,0.0,0.0
236,thin-seam,O-T2X-R,1.2390950918197632,39.47512344066054,0.0,0.0
236,thin-seam,ABL-ET2X-R-PreviousRawEdge-BilinearRGB,1.9865450859069824,33.64618275659018,0.0,0.0
236,thin-seam,ABL-ET2X-R-PreviousRawEdge-ResolvedRGB,1.9773221015930176,33.72913941844409,0.0,0.0
237,seams,O-T2X-R,1.0977625846862793,39.133568113657226,0.0,0.0
237,seams,ABL-ET2X-R-PreviousRawEdge-BilinearRGB,1.542576551437378,34.95658731034722,0.0,0.0
237,seams,ABL-ET2X-R-PreviousRawEdge-ResolvedRGB,1.5339947938919067,35.01015837905204,0.0,0.0
237,thin-seam,O-T2X-R,1.2390950918197632,39.47512344066054,0.0,0.0
237,thin-seam,ABL-ET2X-R-PreviousRawEdge-BilinearRGB,1.9865450859069824,33.64618275659018,0.0,0.0
237,thin-seam,ABL-ET2X-R-PreviousRawEdge-ResolvedRGB,1.9773221015930176,33.72913941844409,0.0,0.0
238,seams,O-T2X-R,1.0977625846862793,39.133568113657226,0.0,0.0
238,seams,ABL-ET2X-R-PreviousRawEdge-BilinearRGB,1.542576551437378,34.95658731034722,0.0,0.0
238,seams,ABL-ET2X-R-PreviousRawEdge-ResolvedRGB,1.5339947938919067,35.01015837905204,0.0,0.0
238,thin-seam,O-T2X-R,1.2390950918197632,39.47512344066054,0.0,0.0
238,thin-seam,ABL-ET2X-R-PreviousRawEdge-BilinearRGB,1.9865450859069824,33.64618275659018,0.0,0.0
238,thin-seam,ABL-ET2X-R-PreviousRawEdge-ResolvedRGB,1.9773221015930176,33.72913941844409,0.0,0.0
239,seams,O-T2X-R,1.0977625846862793,39.133568113657226,0.0,0.0
239,seams,ABL-ET2X-R-PreviousRawEdge-BilinearRGB,1.542576551437378,34.95658731034722,0.0,0.0
239,seams,ABL-ET2X-R-PreviousRawEdge-ResolvedRGB,1.5339947938919067,35.01015837905204,0.0,0.0
239,thin-seam,O-T2X-R,1.2390950918197632,39.47512344066054,0.0,0.0
239,thin-seam,ABL-ET2X-R-PreviousRawEdge-BilinearRGB,1.9865450859069824,33.64618275659018,0.0,0.0
239,thin-seam,ABL-ET2X-R-PreviousRawEdge-ResolvedRGB,1.9773221015930176,33.72913941844409,0.0,0.0
