frame,mode,mae,psnr,temporal_delta_residual
0,O-1X,1.7771130800247192,34.601763044895854,
0,O-T2X-R,1.651268482208252,35.33255455001611,
0,profile-0,1.7928216457366943,34.61107079387744,
0,profile-1,1.7905809879302979,34.62493745571856,
1,O-1X,1.7771131992340088,34.60176157471671,2.0997213141527027e-05
1,O-T2X-R,1.651268720626831,35.332554984916214,2.0997213141527027e-05
1,profile-0,1.792822241783142,34.611067847211174,2.0997213141527027e-05
1,profile-1,1.7905811071395874,34.624934869139906,2.0997213141527027e-05
2,O-1X,1.7771106958389282,34.60175716418229,2.2021467884769663e-05
2,O-T2X-R,1.6512644290924072,35.33254454732579,2.2021467884769663e-05
2,profile-0,1.7928189039230347,34.611064163881146,2.2021467884769663e-05
2,profile-1,1.7905789613723755,34.624931174030216,2.2021467884769663e-05
3,O-1X,1.7771143913269043,34.601759001904426,2.185075936722569e-05
3,O-T2X-R,1.6512664556503296,35.332562378224615,2.185075936722569e-05
3,profile-0,1.7928227186203003,34.611067110544916,2.185075936722569e-05
3,profile-1,1.7905809879302979,34.62493449962879,2.185075936722569e-05
4,O-1X,1.7771127223968506,34.60176230980622,2.628919537528418e-05
4,O-T2X-R,1.6512655019760132,35.33255759431774,2.628919537528418e-05
4,profile-0,1.7928210496902466,34.61107042554405,2.628919537528418e-05
4,profile-1,1.790579915046692,34.62493745571856,2.628919537528418e-05
5,O-1X,1.7771118879318237,34.60176267735102,1.8948705474031158e-05
5,O-T2X-R,1.6512646675109863,35.33256020372084,1.8948705474031158e-05
5,profile-0,1.792819857597351,34.611069320544054,1.8948705474031158e-05
5,profile-1,1.790579080581665,34.62493708620723,1.8948705474031158e-05
6,O-1X,1.7771127223968506,34.60175789927105,1.860728661995381e-05
6,O-T2X-R,1.651267170906067,35.33256107352222,1.860728661995381e-05
6,profile-0,1.7928203344345093,34.611066005545766,1.860728661995381e-05
6,profile-1,1.7905795574188232,34.624932282562796,1.860728661995381e-05
7,O-1X,1.7771104574203491,34.60176635280072,1.9631541363196447e-05
7,O-T2X-R,1.6512656211853027,35.33256020372084,1.9631541363196447e-05
7,profile-0,1.7928184270858765,34.61107300387846,1.9631541363196447e-05
7,profile-1,1.7905783653259277,34.624940781321946,1.9631541363196447e-05
8,O-1X,1.7771140336990356,34.601759001904426,2.168005084968172e-05
8,O-T2X-R,1.6512664556503296,35.33256063862151,2.168005084968172e-05
8,profile-0,1.7928223609924316,34.61106674221184,2.168005084968172e-05
8,profile-1,1.7905806303024292,34.624934130117715,2.168005084968172e-05
9,O-1X,1.7771108150482178,34.60176157471671,2.236288673884701e-05
9,O-T2X-R,1.6512649059295654,35.33255585471655,2.236288673884701e-05
9,profile-0,1.7928187847137451,34.61106968887736,2.236288673884701e-05
9,profile-1,1.79057776927948,34.62493671669593,2.236288673884701e-05
10,O-1X,1.777113914489746,34.601757531726655,1.8095159248332493e-05
10,O-T2X-R,1.6512690782546997,35.33255455001611,1.8095159248332493e-05
10,profile-0,1.792822241783142,34.61106563721278,1.8095159248332493e-05
10,profile-1,1.790581464767456,34.62493265207372,1.8095159248332493e-05
11,O-1X,1.7771124839782715,34.60176047208269,1.8777996956487186e-05
11,O-T2X-R,1.6512666940689087,35.33255455001611,1.8777996956487186e-05
11,profile-0,1.7928200960159302,34.61106821554435,1.8777996956487186e-05
11,profile-1,1.790578007698059,34.62493597767343,1.8777996956487186e-05
12,O-1X,1.777111530303955,34.60176083962733,1.911941399157513e-05
12,O-T2X-R,1.651267647743225,35.33255194061641,1.911941399157513e-05
12,profile-0,1.792819857597351,34.61106821554435,1.911941399157513e-05
12,profile-1,1.790579080581665,34.62493523865105,1.911941399157513e-05
13,O-1X,1.7771127223968506,34.60176083962733,2.2704303773934953e-05
13,O-T2X-R,1.651267170906067,35.332558464118605,2.2704303773934953e-05
13,profile-0,1.7928212881088257,34.61106674221184,2.2704303773934953e-05
13,profile-1,1.7905802726745605,34.624933760606666,2.2704303773934953e-05
14,O-1X,1.7771124839782715,34.60175789927105,2.2021467884769663e-05
14,O-T2X-R,1.6512672901153564,35.33255541981636,2.2021467884769663e-05
14,profile-0,1.7928200960159302,34.61106563721278,2.2021467884769663e-05
14,profile-1,1.7905797958374023,34.62493265207372,2.2021467884769663e-05
15,O-1X,1.777115821838379,34.60175238610839,2.4752813260420226e-05
15,O-T2X-R,1.6512706279754639,35.332554984916214,2.4752813260420226e-05
15,profile-0,1.7928234338760376,34.611060480554244,2.4752813260420226e-05
15,profile-1,1.7905830144882202,34.62492673990274,2.4752813260420226e-05
16,O-1X,1.777111291885376,34.60176230980622,2.833770304278005e-05
16,O-T2X-R,1.6512699127197266,35.33255107081687,2.833770304278005e-05
16,profile-0,1.7928192615509033,34.61106968887736,2.833770304278005e-05
16,profile-1,1.7905786037445068,34.62493671669593,2.833770304278005e-05
17,O-1X,1.7771120071411133,34.60175973699349,2.0485087588895112e-05
17,O-T2X-R,1.6512675285339355,35.33255628961678,2.0485087588895112e-05
17,profile-0,1.792820692062378,34.611067110544916,2.0485087588895112e-05
17,profile-1,1.7905795574188232,34.624934869139906,2.0485087588895112e-05
18,O-1X,1.7771121263504028,34.60176010453808,1.758303369570058e-05
18,O-T2X-R,1.6512680053710938,35.33255107081687,1.758303369570058e-05
18,profile-0,1.7928200960159302,34.61106821554435,1.758303369570058e-05
18,profile-1,1.7905794382095337,34.62493523865105,1.758303369570058e-05
19,O-1X,1.7771127223968506,34.60176194226145,2.4069977371254936e-05
19,O-T2X-R,1.6512682437896729,35.33255802921815,2.4069977371254936e-05
19,profile-0,1.7928212881088257,34.611068583877554,2.4069977371254936e-05
19,profile-1,1.7905806303024292,34.62493560816222,2.4069977371254936e-05
20,O-1X,1.7771131992340088,34.60175863435993,2.236288673884701e-05
20,O-T2X-R,1.651267647743225,35.33255802921815,2.236288673884701e-05
20,profile-0,1.7928211688995361,34.611066005545766,2.236288673884701e-05
20,profile-1,1.79058039188385,34.62493302158467,2.236288673884701e-05
21,O-1X,1.7771135568618774,34.6017542238285,1.707090632407926e-05
21,O-T2X-R,1.6512672901153564,35.332549766117864,1.707090632407926e-05
21,profile-0,1.7928215265274048,34.6110623222173,1.707090632407926e-05
21,profile-1,1.7905807495117188,34.62492969598722,1.707090632407926e-05
22,O-1X,1.7771131992340088,34.60175569400515,1.707090632407926e-05
22,O-T2X-R,1.65126633644104,35.332554115116054,1.707090632407926e-05
22,profile-0,1.7928215265274048,34.61106342721551,1.707090632407926e-05
22,profile-1,1.7905811071395874,34.62493080451942,1.707090632407926e-05
23,O-1X,1.777112364768982,34.60175826681548,2.2704303773934953e-05
23,O-T2X-R,1.651266098022461,35.33254498222489,2.2704303773934953e-05
23,profile-0,1.7928212881088257,34.61106453221401,2.2704303773934953e-05
23,profile-1,1.7905802726745605,34.624932282562796,2.2704303773934953e-05
24,O-1X,1.7771143913269043,34.60175716418229,2.3557849999633618e-05
24,O-T2X-R,1.6512655019760132,35.33256672723543,2.3557849999633618e-05
24,profile-0,1.7928216457366943,34.6110649005469,2.3557849999633618e-05
24,profile-1,1.7905806303024292,34.624932282562796,2.3557849999633618e-05
25,O-1X,1.7771106958389282,34.60176451507549,2.3899268853710964e-05
25,O-T2X-R,1.6512658596038818,35.33256455272948,2.3899268853710964e-05
25,profile-0,1.7928186655044556,34.61107153054432,2.3899268853710964e-05
25,profile-1,1.7905771732330322,34.62493930327569,2.3899268853710964e-05
26,O-1X,1.7771143913269043,34.601753488740364,2.0485087588895112e-05
26,O-T2X-R,1.651267170906067,35.33255541981636,2.0485087588895112e-05
26,profile-0,1.7928227186203003,34.6110623222173,2.0485087588895112e-05
26,profile-1,1.7905819416046143,34.624929326476554,2.0485087588895112e-05
27,O-1X,1.7771131992340088,34.60175606154939,2.2021467884769663e-05
27,O-T2X-R,1.6512714624404907,35.33252932588471,2.2021467884769663e-05
27,profile-0,1.7928208112716675,34.61106342721551,2.2021467884769663e-05
27,profile-1,1.79058039188385,34.62493006549793,2.2021467884769663e-05
28,O-1X,1.7771106958389282,34.6017637799856,2.5777068003662862e-05
28,O-T2X-R,1.6512647867202759,35.33255802921815,2.5777068003662862e-05
28,profile-0,1.7928186655044556,34.61107189887781,2.5777068003662862e-05
28,profile-1,1.7905765771865845,34.62493967278721,2.5777068003662862e-05
29,O-1X,1.777112364768982,34.601763044895854,2.4240685888798907e-05
29,O-T2X-R,1.6512664556503296,35.33256020372084,2.4240685888798907e-05
29,profile-0,1.7928199768066406,34.61107079387744,2.4240685888798907e-05
29,profile-1,1.7905782461166382,34.62493819474132,2.4240685888798907e-05
30,O-1X,1.777109980583191,34.60176230980622,2.2875014110468328e-05
30,O-T2X-R,1.6512651443481445,35.33255802921815,2.2875014110468328e-05
30,profile-0,1.792818307876587,34.611069320544054,2.2875014110468328e-05
30,profile-1,1.7905775308609009,34.62493597767343,2.2875014110468328e-05
31,O-1X,1.777111530303955,34.60176083962733,1.9290124328108504e-05
31,O-T2X-R,1.6512666940689087,35.33255324531607,1.9290124328108504e-05
31,profile-0,1.792819857597351,34.61106747887803,1.9290124328108504e-05
31,profile-1,1.7905794382095337,34.62493449962879,1.9290124328108504e-05
32,O-1X,1.7771092653274536,34.60176341244071,1.758303369570058e-05
32,O-T2X-R,1.6512651443481445,35.33256194332377,1.758303369570058e-05
32,profile-0,1.792817234992981,34.61107116221087,1.758303369570058e-05
32,profile-1,1.7905765771865845,34.6249389337642,1.758303369570058e-05
33,O-1X,1.7771108150482178,34.60176120717201,2.4752813260420226e-05
33,O-T2X-R,1.65126633644104,35.3325588990191,2.4752813260420226e-05
33,profile-0,1.7928187847137451,34.611068583877554,2.4752813260420226e-05
33,profile-1,1.7905783653259277,34.62493597767343,2.4752813260420226e-05
34,O-1X,1.777113914489746,34.60176120717201,2.253359525639098e-05
34,O-T2X-R,1.6512683629989624,35.33255194061641,2.253359525639098e-05
34,profile-0,1.7928215265274048,34.611067847211174,2.253359525639098e-05
34,profile-1,1.790581464767456,34.624934869139906,2.253359525639098e-05
35,O-1X,1.7771128416061401,34.60175936944894,1.980224988074042e-05
35,O-T2X-R,1.651268720626831,35.33256150842298,1.980224988074042e-05
35,profile-0,1.792822241783142,34.61106674221184,1.980224988074042e-05
35,profile-1,1.7905818223953247,34.62493302158467,1.980224988074042e-05
36,O-1X,1.7771121263504028,34.60176083962733,2.1167923478060402e-05
36,O-T2X-R,1.65126633644104,35.33255933391963,2.1167923478060402e-05
36,profile-0,1.7928208112716675,34.61106821554435,2.1167923478060402e-05
36,profile-1,1.79058039188385,34.62493523865105,2.1167923478060402e-05
37,O-1X,1.777113914489746,34.601753488740364,1.9460832845652476e-05
37,O-T2X-R,1.6512672901153564,35.33255541981636,1.9460832845652476e-05
37,profile-0,1.7928228378295898,34.611060848886794,1.9460832845652476e-05
37,profile-1,1.7905821800231934,34.62492821794473,1.9460832845652476e-05
38,O-1X,1.777113914489746,34.60175789927105,2.321643114555627e-05
38,O-T2X-R,1.6512672901153564,35.33254628692245,2.321643114555627e-05
38,profile-0,1.7928231954574585,34.61106526887983,2.321643114555627e-05
38,profile-1,1.790582537651062,34.62493191305191,2.321643114555627e-05
39,O-1X,1.7771135568618774,34.60175716418229,2.253359525639098e-05
39,O-T2X-R,1.6512670516967773,35.33255628961678,2.253359525639098e-05
39,profile-0,1.7928218841552734,34.61106453221401,2.253359525639098e-05
39,profile-1,1.7905807495117188,34.624931174030216,2.253359525639098e-05
40,O-1X,1.7771130800247192,34.60176010453808,1.9290124328108504e-05
40,O-T2X-R,1.6512647867202759,35.3325588990191,1.9290124328108504e-05
40,profile-0,1.7928210496902466,34.611068583877554,1.9290124328108504e-05
40,profile-1,1.790579915046692,34.62493523865105,1.9290124328108504e-05
41,O-1X,1.7771120071411133,34.601763044895854,2.0143668734817766e-05
41,O-T2X-R,1.6512675285339355,35.33255672451706,2.0143668734817766e-05
41,profile-0,1.792819619178772,34.61107042554405,2.0143668734817766e-05
41,profile-1,1.7905791997909546,34.62493782522992,2.0143668734817766e-05
42,O-1X,1.7771142721176147,34.601759001904426,1.6217360098380595e-05
42,O-T2X-R,1.6512694358825684,35.332554984916214,1.6217360098380595e-05
42,profile-0,1.7928215265274048,34.611066005545766,1.6217360098380595e-05
42,profile-1,1.790580153465271,34.62493339109565,1.6217360098380595e-05
43,O-1X,1.7771127223968506,34.601757531726655,2.236288673884701e-05
43,O-T2X-R,1.6512688398361206,35.33255063591716,2.236288673884701e-05
43,profile-0,1.7928216457366943,34.61106453221401,2.236288673884701e-05
43,profile-1,1.7905813455581665,34.62493191305191,2.236288673884701e-05
44,O-1X,1.7771130800247192,34.601759001904426,2.185075936722569e-05
44,O-T2X-R,1.651268482208252,35.33255107081687,2.185075936722569e-05
44,profile-0,1.7928203344345093,34.611067110544916,2.185075936722569e-05
44,profile-1,1.7905791997909546,34.624934130117715,2.185075936722569e-05
45,O-1X,1.7771128416061401,34.60176083962733,1.8948705474031158e-05
45,O-T2X-R,1.651268720626831,35.332547591620404,1.8948705474031158e-05
45,profile-0,1.7928208112716675,34.61106821554435,1.8948705474031158e-05
45,profile-1,1.79058039188385,34.624934869139906,1.8948705474031158e-05
46,O-1X,1.7771116495132446,34.60175863435993,1.9972960217273794e-05
46,O-T2X-R,1.6512647867202759,35.33256194332377,1.9972960217273794e-05
46,profile-0,1.7928192615509033,34.61106674221184,1.9972960217273794e-05
46,profile-1,1.7905791997909546,34.624933760606666,1.9972960217273794e-05
47,O-1X,1.777115821838379,34.60175569400515,2.1167923478060402e-05
47,O-T2X-R,1.6512699127197266,35.33254454732579,2.1167923478060402e-05
47,profile-0,1.792824387550354,34.61106379554832,2.1167923478060402e-05
47,profile-1,1.7905850410461426,34.62493080451942,2.1167923478060402e-05
48,O-1X,1.777112364768982,34.601757531726655,2.2875014110468328e-05
48,O-T2X-R,1.6512682437896729,35.33255020101749,2.2875014110468328e-05
48,profile-0,1.7928199768066406,34.6110649005469,2.2875014110468328e-05
48,profile-1,1.7905795574188232,34.624932282562796,2.2875014110468328e-05
49,O-1X,1.7771135568618774,34.60176267735102,2.6801322746905498e-05
49,O-T2X-R,1.6512683629989624,35.33254498222489,2.6801322746905498e-05
49,profile-0,1.7928215265274048,34.61107042554405,2.6801322746905498e-05
49,profile-1,1.790580153465271,34.62493782522992,2.6801322746905498e-05
50,O-1X,1.777113676071167,34.60175606154939,2.5777068003662862e-05
50,O-T2X-R,1.6512678861618042,35.33255324531607,2.5777068003662862e-05
50,profile-0,1.7928212881088257,34.61106453221401,2.5777068003662862e-05
50,profile-1,1.7905813455581665,34.624931174030216,2.5777068003662862e-05
51,O-1X,1.7771131992340088,34.60175606154939,2.30457226280123e-05
51,O-T2X-R,1.651267647743225,35.33255237551626,2.30457226280123e-05
51,profile-0,1.792822241783142,34.611064163881146,2.30457226280123e-05
51,profile-1,1.7905811071395874,34.624931174030216,2.30457226280123e-05
52,O-1X,1.7771116495132446,34.60175716418229,2.236288673884701e-05
52,O-T2X-R,1.6512655019760132,35.33255541981636,2.236288673884701e-05
52,profile-0,1.7928199768066406,34.61106342721551,2.236288673884701e-05
52,profile-1,1.7905791997909546,34.624931174030216,2.236288673884701e-05
53,O-1X,1.7771130800247192,34.60176047208269,2.0826504623983055e-05
53,O-T2X-R,1.6512658596038818,35.332562378224615,2.0826504623983055e-05
53,profile-0,1.792822003364563,34.611067110544916,2.0826504623983055e-05
53,profile-1,1.7905819416046143,34.62493339109565,2.0826504623983055e-05
54,O-1X,1.7771111726760864,34.60176267735102,2.0997213141527027e-05
54,O-T2X-R,1.6512656211853027,35.332562378224615,2.0997213141527027e-05
54,profile-0,1.7928194999694824,34.61107042554405,2.0997213141527027e-05
54,profile-1,1.7905787229537964,34.62493745571856,2.0997213141527027e-05
55,O-1X,1.7771130800247192,34.60176083962733,2.168005084968172e-05
55,O-T2X-R,1.6512658596038818,35.33256150842298,2.168005084968172e-05
55,profile-0,1.7928216457366943,34.611067847211174,2.168005084968172e-05
55,profile-1,1.7905806303024292,34.624934869139906,2.168005084968172e-05
56,O-1X,1.7771118879318237,34.60176157471671,2.3387141482089646e-05
56,O-T2X-R,1.651267647743225,35.33255628961678,2.3387141482089646e-05
56,profile-0,1.792819857597351,34.611069320544054,2.3387141482089646e-05
56,profile-1,1.7905794382095337,34.62493597767343,2.3387141482089646e-05
57,O-1X,1.7771108150482178,34.601763044895854,1.980224988074042e-05
57,O-T2X-R,1.6512703895568848,35.33255063591716,1.980224988074042e-05
57,profile-0,1.7928191423416138,34.61107042554405,1.980224988074042e-05
57,profile-1,1.7905783653259277,34.62493782522992,1.980224988074042e-05
58,O-1X,1.777111530303955,34.60176083962733,2.3557849999633618e-05
58,O-T2X-R,1.6512656211853027,35.33256194332377,2.3557849999633618e-05
58,profile-0,1.7928200960159302,34.611067110544916,2.3557849999633618e-05
58,profile-1,1.7905794382095337,34.624934130117715,2.3557849999633618e-05
59,O-1X,1.7771127223968506,34.60176010453808,2.5777068003662862e-05
59,O-T2X-R,1.6512688398361206,35.33255585471655,2.5777068003662862e-05
59,profile-0,1.7928212881088257,34.611067847211174,2.5777068003662862e-05
59,profile-1,1.7905802726745605,34.62493523865105,2.5777068003662862e-05
60,O-1X,1.7783633470535278,34.593166965316044,0.05659346655011177
60,O-T2X-R,1.6488118171691895,35.32502556626873,0.16409869492053986
60,profile-0,1.792405128479004,34.6069006840742,0.05570372939109802
60,profile-1,1.790019154548645,34.622456895574445,0.05404870584607124
61,O-1X,1.7803422212600708,34.57471747746198,0.2137075960636139
61,O-T2X-R,1.660475254058838,35.27369314812917,0.4020824730396271
61,profile-0,1.787868618965149,34.6113010083595,0.1945583075284958
61,profile-1,1.7847906351089478,34.639927025530014,0.18613672256469727
62,O-1X,1.7827577590942383,34.553930869748044,0.418864369392395
62,O-T2X-R,1.6689907312393188,35.27091125021006,0.6761981844902039
62,profile-0,1.7796345949172974,34.64739928473489,0.3726554811000824
62,profile-1,1.7745039463043213,34.72911398653952,0.35537171363830566
63,O-1X,1.7897496223449707,34.4720214096325,0.6289536356925964
63,O-T2X-R,1.699789047241211,35.08660473839864,0.8617051839828491
63,profile-0,1.7714771032333374,34.69468855333729,0.5492263436317444
63,profile-1,1.7661118507385254,34.827796373036925,0.5227835178375244
64,O-1X,1.8117927312850952,34.29898069784784,0.871354877948761
64,O-T2X-R,1.7312415838241577,35.137621668597134,1.1952753067016602
64,profile-0,1.7684720754623413,34.74700796724886,0.733651340007782
64,profile-1,1.7583463191986084,34.981214844273005,0.6952635049819946
65,O-1X,1.801666498184204,34.37011793655231,1.1078565120697021
65,O-T2X-R,1.7854593992233276,34.78903228964046,1.1894479990005493
65,profile-0,1.76212477684021,34.896008837745654,0.9204294085502625
65,profile-1,1.7497755289077759,35.171806638202284,0.868842363357544
66,O-1X,1.7955924272537231,34.46950614150203,1.275990605354309
66,O-T2X-R,1.8508033752441406,34.84636998528547,1.6032154560089111
66,profile-0,1.7831696271896362,34.86002689099799,1.0690884590148926
66,profile-1,1.7655616998672485,35.182547118715334,1.0088809728622437
67,O-1X,1.797209620475769,34.4509820315872,1.4792221784591675
67,O-T2X-R,1.9626288414001465,34.20380241776338,1.4334673881530762
67,profile-0,1.8082972764968872,34.70338167084542,1.2355917692184448
67,profile-1,1.7769200801849365,35.121349066501296,1.1745129823684692
68,O-1X,1.7961032390594482,34.43559685252198,1.634261131286621
68,O-T2X-R,2.0880184173583984,33.992168590027234,2.1427249908447266
68,profile-0,1.83187997341156,34.50357160129879,1.3835448026657104
68,profile-1,1.7948126792907715,34.94014858880456,1.3233749866485596
69,O-1X,1.7873566150665283,34.563052773723314,1.7576322555541992
69,O-T2X-R,2.181826591491699,33.409027371112124,1.8547172546386719
69,profile-0,1.8313384056091309,34.554678329138795,1.5319300889968872
69,profile-1,1.7968220710754395,34.9832224258123,1.4826940298080444
70,O-1X,1.8013395071029663,34.40235606952467,1.8656729459762573
70,O-T2X-R,2.186227560043335,33.426865976322155,2.5899994373321533
70,profile-0,1.8410226106643677,34.44029397843675,1.65812349319458
70,profile-1,1.7903995513916016,34.98863395558506,1.616298794746399
71,O-1X,1.797007441520691,34.531004005312,1.9376561641693115
71,O-T2X-R,2.109747886657715,33.70570616699711,2.3292534351348877
71,profile-0,1.8321372270584106,34.602015923112084,1.7683581113815308
71,profile-1,1.7934901714324951,35.06224395616301,1.7254323959350586
72,O-1X,1.7829617261886597,34.58364930248639,1.9720332622528076
72,O-T2X-R,2.027202606201172,33.79133183158387,2.5996503829956055
72,profile-0,1.812638282775879,34.681313425491275,1.8542402982711792
72,profile-1,1.7784571647644043,35.143494813369756,1.8275381326675415
73,O-1X,1.7888026237487793,34.557872840700384,2.0007846355438232
73,O-T2X-R,1.9077060222625732,34.46029557919404,2.11847186088562
73,profile-0,1.7972285747528076,34.7478475674322,1.925933599472046
73,profile-1,1.7606598138809204,35.256982695599696,1.896279215812683
74,O-1X,1.7856396436691284,34.56249290631826,2.0338821411132812
74,O-T2X-R,1.9198148250579834,34.54082870800297,2.497807264328003
74,profile-0,1.7945832014083862,34.79457857264582,1.9877259731292725
74,profile-1,1.762879490852356,35.2754555955514,1.954530119895935
75,O-1X,1.792129635810852,34.5531326553739,2.0681893825531006
75,O-T2X-R,1.9331153631210327,34.449377358729095,2.353832244873047
75,profile-0,1.7870848178863525,34.91762220724528,2.0427327156066895
75,profile-1,1.7538859844207764,35.38768826818407,2.008603572845459
76,O-1X,1.7906150817871094,34.61344719441228,2.119263172149658
76,O-T2X-R,2.0060648918151855,34.32607232133946,2.6282289028167725
76,profile-0,1.8004151582717896,34.85055241833858,2.1091017723083496
76,profile-1,1.7610950469970703,35.40458396165877,2.057141065597534
77,O-1X,1.8097323179244995,34.42959259899282,2.1834826469421387
77,O-T2X-R,2.057598352432251,33.93156090856414,2.6092751026153564
77,profile-0,1.811805248260498,34.82227520302665,2.1852974891662598
77,profile-1,1.7731798887252808,35.32804697621498,2.1156833171844482
78,O-1X,1.7908759117126465,34.4843377395436,2.230461597442627
78,O-T2X-R,2.1479954719543457,33.79234599881287,2.918050765991211
78,profile-0,1.835243582725525,34.61833044792458,2.265266180038452
78,profile-1,1.8006139993667603,35.11711163721896,2.1927027702331543
79,O-1X,1.806211233139038,34.42551260778694,2.279749631881714
79,O-T2X-R,2.18269681930542,33.388070999771685,2.9301915168762207
79,profile-0,1.8607438802719116,34.44682835139781,2.3519155979156494
79,profile-1,1.8120532035827637,35.02977689550037,2.2635796070098877
80,O-1X,1.806196689605713,34.43083589552667,2.314898729324341
80,O-T2X-R,2.1603498458862305,33.531103214297666,3.0535261631011963
80,profile-0,1.8581900596618652,34.47746705188747,2.389802932739258
80,profile-1,1.812398910522461,34.99766066776985,2.297295570373535
81,O-1X,1.8161839246749878,34.329352887319125,2.3485121726989746
81,O-T2X-R,2.0666654109954834,34.02738591905221,2.953657388687134
81,profile-0,1.8522785902023315,34.49452990415431,2.404269218444824
81,profile-1,1.803857684135437,35.0909169769657,2.3081302642822266
82,O-1X,1.777355670928955,34.67231241356134,2.366419553756714
82,O-T2X-R,2.062333106994629,34.106687530113966,2.9181976318359375
82,profile-0,1.8330066204071045,34.682736522146335,2.4041240215301514
82,profile-1,1.7984983921051025,35.154251403078234,2.3186609745025635
83,O-1X,1.797169804573059,34.51644670835834,2.377439022064209
83,O-T2X-R,2.0947320461273193,33.82164597426842,2.9257149696350098
83,profile-0,1.832831621170044,34.70106724437088,2.4198789596557617
83,profile-1,1.7925541400909424,35.20429767968815,2.3294665813446045
84,O-1X,1.8156912326812744,34.26420000624286,2.430607557296753
84,O-T2X-R,2.1658952236175537,33.700873654104264,3.054898977279663
84,profile-0,1.8444161415100098,34.58944572338054,2.449730157852173
84,profile-1,1.8075883388519287,35.043907479933864,2.357276439666748
85,O-1X,1.7820441722869873,34.56222228711806,2.4335641860961914
85,O-T2X-R,2.196287155151367,33.47189125828787,3.129225730895996
85,profile-0,1.8516329526901245,34.493323805857855,2.482903242111206
85,profile-1,1.822231411933899,34.944361908687554,2.4015231132507324
86,O-1X,1.8194743394851685,34.28868922559454,2.4583752155303955
86,O-T2X-R,2.194687843322754,33.45910494774506,3.180356740951538
86,profile-0,1.8762518167495728,34.35887255600305,2.525031566619873
86,profile-1,1.8287030458450317,34.91037461821625,2.432206630706787
87,O-1X,1.8024628162384033,34.460021292806694,2.5025360584259033
87,O-T2X-R,2.1630942821502686,33.63935819784084,3.168515682220459
87,profile-0,1.8719877004623413,34.37885689701141,2.5633671283721924
87,profile-1,1.8347749710083008,34.872400191896,2.4654862880706787
88,O-1X,1.7799111604690552,34.6410343423668,2.4821486473083496
88,O-T2X-R,2.100677728652954,33.83711329915189,3.09363055229187
88,profile-0,1.849959373474121,34.53237072565736,2.556940793991089
88,profile-1,1.8255462646484375,34.93728321192058,2.479632616043091
89,O-1X,1.791369080543518,34.55644533142704,2.477177619934082
89,O-T2X-R,2.1411025524139404,33.60934090093939,3.0967538356781006
89,profile-0,1.8457502126693726,34.55124166188647,2.5455830097198486
89,profile-1,1.8202592134475708,34.94740627841413,2.48026967048645
90,O-1X,1.8038431406021118,34.407835210617165,2.512943744659424
90,O-T2X-R,2.213618755340576,33.50854065507568,3.1936941146850586
90,profile-0,1.8731778860092163,34.38536480431955,2.576948881149292
90,profile-1,1.840485692024231,34.83650427252591,2.5100317001342773
91,O-1X,1.7982032299041748,34.53310580050441,2.5349602699279785
91,O-T2X-R,2.261995315551758,33.22508777088808,3.304105281829834
91,profile-0,1.8778237104415894,34.35095591056645,2.621762752532959
91,profile-1,1.849291205406189,34.759655254475234,2.5500617027282715
92,O-1X,1.8016512393951416,34.46531726246216,2.544835329055786
92,O-T2X-R,2.168386220932007,33.57218808332943,3.2605702877044678
92,profile-0,1.8695865869522095,34.396122026902454,2.62833833694458
92,profile-1,1.844041109085083,34.833300922986695,2.5601999759674072
93,O-1X,1.8033088445663452,34.46548146312066,2.560622453689575
93,O-T2X-R,2.176368474960327,33.5294194548029,3.217355728149414
93,profile-0,1.8671164512634277,34.47515174814455,2.632521152496338
93,profile-1,1.8470170497894287,34.824429206834694,2.5725646018981934
94,O-1X,1.8124868869781494,34.36527120356525,2.578704833984375
94,O-T2X-R,2.198737621307373,33.423648701661776,3.2230312824249268
94,profile-0,1.8728688955307007,34.41564045969308,2.6418914794921875
94,profile-1,1.8403944969177246,34.86712758064203,2.579188585281372
95,O-1X,1.8082419633865356,34.50327624363614,2.586315870285034
95,O-T2X-R,2.250152587890625,33.217503058495474,3.3139524459838867
95,profile-0,1.8832345008850098,34.40758249399485,2.6660373210906982
95,profile-1,1.8526109457015991,34.77829547551322,2.5969479084014893
96,O-1X,1.7961095571517944,34.56803100772211,2.585911989212036
96,O-T2X-R,2.2467827796936035,33.247134642258594,3.3397045135498047
96,profile-0,1.8796523809432983,34.41743033274775,2.6806344985961914
96,profile-1,1.853445291519165,34.79696491561646,2.6208815574645996
97,O-1X,1.8052524328231812,34.475611925383106,2.5871052742004395
97,O-T2X-R,2.2151639461517334,33.45772252977721,3.3254239559173584
97,profile-0,1.8815582990646362,34.38440049456769,2.688053846359253
97,profile-1,1.8516311645507812,34.79134532374189,2.6318233013153076
98,O-1X,1.7976709604263306,34.525025006472845,2.605339288711548
98,O-T2X-R,2.2195944786071777,33.49692070999802,3.292257070541382
98,profile-0,1.8730640411376953,34.434551653626066,2.6949174404144287
98,profile-1,1.8528763055801392,34.75289010226124,2.64432430267334
99,O-1X,1.8095635175704956,34.4447547725749,2.62400221824646
99,O-T2X-R,2.236212968826294,33.49935946430676,3.325671911239624
99,profile-0,1.8703900575637817,34.51121836357137,2.693321943283081
99,profile-1,1.8457194566726685,34.868880628246195,2.648138999938965
100,O-1X,1.8002575635910034,34.5631941179594,2.6260294914245605
100,O-T2X-R,2.2758045196533203,33.21486149708428,3.3636860847473145
100,profile-0,1.8823469877243042,34.37258290475313,2.7147436141967773
100,profile-1,1.8541579246520996,34.79449788498031,2.6624679565429688
101,O-1X,1.787864089012146,34.64754600104387,2.6221630573272705
101,O-T2X-R,2.23643159866333,33.34988756175691,3.3901965618133545
101,profile-0,1.870719075202942,34.48410092195462,2.7310354709625244
101,profile-1,1.8520019054412842,34.82658776316581,2.684027671813965
102,O-1X,1.7918622493743896,34.55583249040419,2.626847267150879
102,O-T2X-R,2.2436628341674805,33.28404911397485,3.3596935272216797
102,profile-0,1.8827691078186035,34.33045662823875,2.7439968585968018
102,profile-1,1.8597851991653442,34.74809351094251,2.6994383335113525
103,O-1X,1.7896980047225952,34.6577793330721,2.6361281871795654
103,O-T2X-R,2.2439277172088623,33.294590225919904,3.3845126628875732
103,profile-0,1.879457712173462,34.42624746466109,2.7601571083068848
103,profile-1,1.851586103439331,34.80579990945014,2.705085039138794
104,O-1X,1.7855441570281982,34.59219904028203,2.6409072875976562
104,O-T2X-R,2.2801501750946045,33.16830814686194,3.429051160812378
104,profile-0,1.8823506832122803,34.297598433172325,2.766232490539551
104,profile-1,1.8570024967193604,34.71276899465936,2.710108518600464
105,O-1X,1.7952079772949219,34.536698314734416,2.6572301387786865
105,O-T2X-R,2.269183397293091,33.162960995349934,3.4606833457946777
105,profile-0,1.883781909942627,34.36470424164708,2.7841861248016357
105,profile-1,1.8606256246566772,34.69627267548991,2.7313079833984375
106,O-1X,1.7910971641540527,34.51170469858169,2.672048568725586
106,O-T2X-R,2.279110908508301,33.068218599368066,3.451590061187744
106,profile-0,1.8868671655654907,34.34341313337077,2.7974445819854736
106,profile-1,1.8702558279037476,34.622961019813786,2.7526865005493164
107,O-1X,1.8020766973495483,34.5003309524573,2.68947696685791
107,O-T2X-R,2.2810134887695312,33.19277709015727,3.4787399768829346
107,profile-0,1.893484354019165,34.25745677688533,2.8150293827056885
107,profile-1,1.8720707893371582,34.56315841717689,2.7758164405822754
108,O-1X,1.790687084197998,34.62171761919354,2.6938586235046387
108,O-T2X-R,2.311058282852173,33.01067592515162,3.5118978023529053
108,profile-0,1.8889540433883667,34.336266852201064,2.824648380279541
108,profile-1,1.8708490133285522,34.65569076900227,2.785398006439209
109,O-1X,1.8230630159378052,34.31214847026713,2.7176296710968018
109,O-T2X-R,2.324829339981079,32.96864966817353,3.5646119117736816
109,profile-0,1.908102035522461,34.188017797677695,2.841951608657837
109,profile-1,1.884580373764038,34.55307232272828,2.8037211894989014
110,O-1X,1.830073595046997,34.33312098600731,2.7663464546203613
110,O-T2X-R,2.3389523029327393,32.84820082963775,3.582158088684082
110,profile-0,1.9081006050109863,34.24737998529622,2.872361898422241
110,profile-1,1.889343500137329,34.59818096031344,2.8291594982147217
111,O-1X,1.8119802474975586,34.45786567054245,2.764871120452881
111,O-T2X-R,2.301952600479126,33.13693680323257,3.5773065090179443
111,profile-0,1.903161644935608,34.25128170087048,2.874743700027466
111,profile-1,1.8852319717407227,34.56922593306362,2.8339152336120605
112,O-1X,1.8181564807891846,34.401691230701516,2.7608273029327393
112,O-T2X-R,2.3381059169769287,32.904737312833745,3.574457883834839
112,profile-0,1.913825511932373,34.16121299015841,2.885704755783081
112,profile-1,1.8877211809158325,34.53238700303476,2.838663101196289
113,O-1X,1.8007230758666992,34.502990606609295,2.7561392784118652
113,O-T2X-R,2.3235762119293213,32.984118833329966,3.613126754760742
113,profile-0,1.906883716583252,34.175814917087166,2.897905111312866
113,profile-1,1.8815293312072754,34.57161056548442,2.8480114936828613
114,O-1X,1.8162025213241577,34.38328051373705,2.7620620727539062
114,O-T2X-R,2.359701633453369,32.718535566113445,3.6265270709991455
114,profile-0,1.9099791049957275,34.18036459004801,2.899798631668091
114,profile-1,1.8826130628585815,34.59848982166505,2.8520872592926025
115,O-1X,1.816595435142517,34.35126398665619,2.7712693214416504
115,O-T2X-R,2.3096044063568115,33.033703636845935,3.6216514110565186
115,profile-0,1.9201743602752686,34.053953179752,2.915154218673706
115,profile-1,1.8919051885604858,34.513940524308,2.866450786590576
116,O-1X,1.813004732131958,34.39857339257471,2.7913310527801514
116,O-T2X-R,2.3413565158843994,32.842590637718075,3.6276357173919678
116,profile-0,1.908687710762024,34.12599921803565,2.9263439178466797
116,profile-1,1.8820979595184326,34.5212895117064,2.877742290496826
117,O-1X,1.8075792789459229,34.3836073197475,2.791041612625122
117,O-T2X-R,2.3393049240112305,32.97361315051174,3.65220046043396
117,profile-0,1.9078341722488403,34.11927297986366,2.9287893772125244
117,profile-1,1.8802874088287354,34.47812787543059,2.8807778358459473
118,O-1X,1.8032989501953125,34.46605710491378,2.7881271839141846
118,O-T2X-R,2.3731863498687744,32.79959204031858,3.6848464012145996
118,profile-0,1.9120713472366333,34.114091323019544,2.94118332862854
118,profile-1,1.8827931880950928,34.517972888731286,2.8928213119506836
119,O-1X,1.8155696392059326,34.3170746227786,2.7921345233917236
119,O-T2X-R,2.349867582321167,32.88888231878761,3.676504373550415
119,profile-0,1.895461916923523,34.18625653899037,2.9328773021698
119,profile-1,1.8711785078048706,34.572979538236105,2.889397621154785
120,O-1X,1.7898740768432617,34.504776236176895,2.7966012954711914
120,O-T2X-R,2.3441972732543945,32.81028554239877,3.6697072982788086
120,profile-0,1.8864257335662842,34.26552949961574,2.9213414192199707
120,profile-1,1.862078309059143,34.63075117216751,2.8816888332366943
121,O-1X,1.7977019548416138,34.40756246006558,2.778728485107422
121,O-T2X-R,2.3404057025909424,32.895534178983105,3.6546363830566406
121,profile-0,1.8931894302368164,34.19328344843795,2.916414737701416
121,profile-1,1.8681397438049316,34.555030290364115,2.876314401626587
122,O-1X,1.805518627166748,34.373514254450896,2.797675371170044
122,O-T2X-R,2.3550097942352295,32.697382743858846,3.6786651611328125
122,profile-0,1.910170316696167,34.02167652919905,2.9431893825531006
122,profile-1,1.877367377281189,34.472885845560704,2.8952748775482178
123,O-1X,1.7976562976837158,34.396634206247164,2.8030202388763428
123,O-T2X-R,2.3113315105438232,32.954572842521735,3.6543731689453125
123,profile-0,1.8913192749023438,34.12131953691555,2.945383071899414
123,profile-1,1.8744186162948608,34.4620559068598,2.907160997390747
124,O-1X,1.7975047826766968,34.51798983328078,2.7985386848449707
124,O-T2X-R,2.375743865966797,32.71050432752339,3.668954610824585
124,profile-0,1.9059559106826782,34.10474094901525,2.9428157806396484
124,profile-1,1.8883482217788696,34.40269484650439,2.9212069511413574
125,O-1X,1.805882453918457,34.359918469508216,2.8055026531219482
125,O-T2X-R,2.375316619873047,32.7516417950554,3.7192044258117676
125,profile-0,1.9087976217269897,34.058123290896376,2.956700563430786
125,profile-1,1.8831543922424316,34.431874191877384,2.922621726989746
126,O-1X,1.833699345588684,34.168527775689284,2.8479225635528564
126,O-T2X-R,2.6670403480529785,32.277082416806195,3.940490484237671
126,profile-0,1.971809983253479,33.83414595191734,3.0172970294952393
126,profile-1,1.9375730752944946,34.23839967943848,2.9717025756835938
127,O-1X,1.8777589797973633,34.07009800660034,2.9037835597991943
127,O-T2X-R,2.823988676071167,32.22184472854423,3.943539619445801
127,profile-0,2.060210704803467,33.614644703388905,3.126819133758545
127,profile-1,2.0182387828826904,34.01997758331906,3.0625977516174316
128,O-1X,1.9283384084701538,33.88695389668773,2.990344762802124
128,O-T2X-R,3.049273729324341,31.846203348867345,4.0925116539001465
128,profile-0,2.1512954235076904,33.45225705295046,3.25811505317688
128,profile-1,2.112426519393921,33.79747169877185,3.1855833530426025
129,O-1X,1.9156889915466309,33.983723892931216,3.0174736976623535
129,O-T2X-R,2.534141778945923,32.297000883591465,4.3394622802734375
129,profile-0,2.079545736312866,33.564406758306255,3.2861437797546387
129,profile-1,2.055001735687256,33.907586589054475,3.2187302112579346
130,O-1X,1.9099520444869995,34.05109880892152,3.012075185775757
130,O-T2X-R,2.5649492740631104,32.04355992725694,4.041773319244385
130,profile-0,2.047624349594116,33.67308833242464,3.2185518741607666
130,profile-1,2.0209317207336426,34.09304019202641,3.162773847579956
131,O-1X,1.931530475616455,33.902773333912315,3.0264017581939697
131,O-T2X-R,2.545067310333252,32.22463846693331,4.049800395965576
131,profile-0,2.0418241024017334,33.66227299325333,3.1935298442840576
131,profile-1,2.0165445804595947,34.05489576404912,3.1423606872558594
132,O-1X,1.9166765213012695,33.97784935680479,3.030933141708374
132,O-T2X-R,2.5528323650360107,32.10749624595514,4.052553176879883
132,profile-0,2.029574394226074,33.701710665515826,3.179997682571411
132,profile-1,2.0036752223968506,34.12432120921345,3.1374409198760986
133,O-1X,1.9188121557235718,33.92129885568047,3.026127338409424
133,O-T2X-R,2.565781354904175,32.156394610859024,4.051995754241943
133,profile-0,2.0326294898986816,33.5797986270941,3.1785173416137695
133,profile-1,2.006042718887329,33.97996219156458,3.1369502544403076
134,O-1X,1.927027702331543,33.94006280036328,3.0385584831237793
134,O-T2X-R,2.6353142261505127,31.88012746809492,4.146419048309326
134,profile-0,2.0335021018981934,33.662669714962604,3.189771890640259
134,profile-1,2.016906261444092,33.98393812594962,3.15578556060791
135,O-1X,1.8873507976531982,34.11130221826186,3.0251622200012207
135,O-T2X-R,2.5245234966278076,32.40101245816754,4.092167854309082
135,profile-0,1.9930555820465088,33.809867581335034,3.170050859451294
135,profile-1,1.991245985031128,34.023712345409855,3.1545121669769287
136,O-1X,1.8771241903305054,34.13007293856028,2.9882688522338867
136,O-T2X-R,2.5370640754699707,32.18989882125272,4.028247356414795
136,profile-0,1.9848159551620483,33.815101716215366,3.1351065635681152
136,profile-1,1.981548547744751,33.97218464682058,3.130397081375122
137,O-1X,1.860468864440918,34.141582440103846,2.9764585494995117
137,O-T2X-R,2.5118167400360107,32.38350747572292,3.98954439163208
137,profile-0,1.975859522819519,33.734856558375625,3.131826400756836
137,profile-1,1.9637402296066284,33.96740410883468,3.1190340518951416
138,O-1X,1.8594971895217896,34.07222302521277,2.9688661098480225
138,O-T2X-R,2.525728464126587,32.221937370907895,4.018939971923828
138,profile-0,1.9550856351852417,33.84613809200045,3.120227575302124
138,profile-1,1.94379723072052,34.073799977634344,3.100525140762329
139,O-1X,1.8432025909423828,34.20754231145201,2.9521877765655518
139,O-T2X-R,2.450542449951172,32.44090359504851,3.9465372562408447
139,profile-0,1.941597819328308,33.921312368097794,3.0934369564056396
139,profile-1,1.9427471160888672,34.02342922330178,3.086419105529785
140,O-1X,1.8391951322555542,34.19235550301002,2.941124439239502
140,O-T2X-R,2.512951612472534,32.26804610724009,3.9659130573272705
140,profile-0,1.9329345226287842,33.95733689048513,3.081519603729248
140,profile-1,1.9408528804779053,34.00444558839867,3.0902159214019775
141,O-1X,1.8548110723495483,34.05115255597856,2.950183629989624
141,O-T2X-R,2.5164794921875,32.2083227369219,3.9861316680908203
141,profile-0,1.954042911529541,33.754960805241254,3.0956079959869385
141,profile-1,1.9519662857055664,33.939233476414515,3.1001954078674316
142,O-1X,1.8499494791030884,34.116896683708646,2.96821665763855
142,O-T2X-R,2.5607478618621826,32.10051410848418,4.067166328430176
142,profile-0,1.9585813283920288,33.835010589824535,3.1206722259521484
142,profile-1,1.9562206268310547,33.913092647842,3.120758295059204
143,O-1X,1.8392847776412964,34.17470980650053,2.9568569660186768
143,O-T2X-R,2.4977240562438965,32.17467538014988,4.031548023223877
143,profile-0,1.95711350440979,33.780715755817056,3.12929368019104
143,profile-1,1.9530166387557983,33.91025411526008,3.1271467208862305
144,O-1X,1.8475204706192017,34.0864127509675,2.9553589820861816
144,O-T2X-R,2.5694639682769775,31.86618409372189,4.058282852172852
144,profile-0,1.9580588340759277,33.77709203355349,3.1259546279907227
144,profile-1,1.9544368982315063,33.88547045338229,3.1243066787719727
145,O-1X,1.8649067878723145,34.09893557026838,2.9750888347625732
145,O-T2X-R,2.566593647003174,32.159161628114056,4.0894455909729
145,profile-0,1.973630428314209,33.79278376520976,3.1389715671539307
145,profile-1,1.9712822437286377,33.900423746301556,3.141960859298706
146,O-1X,1.8562999963760376,34.166750793264605,2.979807138442993
146,O-T2X-R,2.619276523590088,31.857768538842496,4.150710105895996
146,profile-0,1.9796825647354126,33.741615275906824,3.1611316204071045
146,profile-1,1.9706170558929443,33.86537102135005,3.1546883583068848
147,O-1X,1.8657101392745972,34.11059775435237,2.989802837371826
147,O-T2X-R,2.5585923194885254,32.13002948693073,4.121042728424072
147,profile-0,1.9921512603759766,33.68438383055856,3.1837921142578125
147,profile-1,1.9920685291290283,33.76124841368196,3.175079107284546
148,O-1X,1.875684380531311,34.09880331823978,3.002918004989624
148,O-T2X-R,2.6744046211242676,31.82776418624059,4.202142715454102
148,profile-0,1.9997968673706055,33.67345903349444,3.2023167610168457
148,profile-1,2.0007095336914062,33.733943609515485,3.2076408863067627
149,O-1X,1.8728246688842773,34.15741753615018,3.0096304416656494
149,O-T2X-R,2.6500048637390137,31.86364370539172,4.24914026260376
149,profile-0,2.0061962604522705,33.666765764134176,3.2128024101257324
149,profile-1,2.0117976665496826,33.697189078190945,3.22202205657959
150,O-1X,1.8770145177841187,34.13457293858511,3.0079877376556396
150,O-T2X-R,2.7316348552703857,31.505479711884092,4.312553405761719
150,profile-0,2.008472204208374,33.696039650259465,3.224156618118286
150,profile-1,2.024378776550293,33.66758466708991,3.243635892868042
151,O-1X,1.8792622089385986,34.1417646000896,3.011707305908203
151,O-T2X-R,2.683987855911255,31.71024759191606,4.332018852233887
151,profile-0,2.0146586894989014,33.64324955834226,3.2270805835723877
151,profile-1,2.02725887298584,33.6763426186502,3.2582781314849854
152,O-1X,1.8834539651870728,34.09604069555258,3.024840831756592
152,O-T2X-R,2.7025108337402344,31.569653434727382,4.336600303649902
152,profile-0,2.017367124557495,33.61289019660185,3.2402334213256836
152,profile-1,2.025357723236084,33.65140212935602,3.261212110519409
153,O-1X,1.8922743797302246,33.8849073202582,3.038161039352417
153,O-T2X-R,2.6753454208374023,31.78296897155416,4.289721488952637
153,profile-0,2.023174285888672,33.48542926357621,3.2499468326568604
153,profile-1,2.0333101749420166,33.556991574553926,3.2695155143737793
154,O-1X,1.860321283340454,34.19949581856946,3.0168161392211914
154,O-T2X-R,2.7202517986297607,31.579271112884765,4.331590175628662
154,profile-0,2.004397392272949,33.684870068427955,3.247584819793701
154,profile-1,2.0182571411132812,33.651283712725984,3.2674434185028076
155,O-1X,1.8730779886245728,33.98565077598347,3.002448558807373
155,O-T2X-R,2.6694161891937256,31.740135086531772,4.32379150390625
155,profile-0,2.0057942867279053,33.59132120245399,3.2323691844940186
155,profile-1,2.025893449783325,33.53388573403476,3.2581818103790283
156,O-1X,1.83458411693573,34.24618776892093,2.9890124797821045
156,O-T2X-R,2.662557601928711,31.76705280292232,4.299527645111084
156,profile-0,1.976149082183838,33.7155485909723,3.210110664367676
156,profile-1,2.0037386417388916,33.54908655323747,3.250413179397583
157,O-1X,1.824133276939392,34.393868594514906,2.9482364654541016
157,O-T2X-R,2.644413471221924,31.830031653483793,4.254712104797363
157,profile-0,1.9726907014846802,33.75514952794033,3.18764328956604
157,profile-1,2.0021491050720215,33.585346240208494,3.236631393432617
158,O-1X,1.8307291269302368,34.19459709445556,2.9517626762390137
158,O-T2X-R,2.701411008834839,31.582766501686244,4.309487342834473
158,profile-0,1.9630759954452515,33.77979129164528,3.182581901550293
158,profile-1,1.9835622310638428,33.67047473442187,3.223846912384033
159,O-1X,1.8037766218185425,34.37397982982673,2.9368295669555664
159,O-T2X-R,2.656984806060791,31.7763273319191,4.308633327484131
159,profile-0,1.9400205612182617,33.89550877156734,3.1532578468322754
159,profile-1,1.9769030809402466,33.6537282975402,3.2017829418182373
160,O-1X,1.7895421981811523,34.490671138128796,2.89766788482666
160,O-T2X-R,2.69128155708313,31.57370622519936,4.31679105758667
160,profile-0,1.928210735321045,33.96231190954056,3.120812177658081
160,profile-1,1.9614871740341187,33.744909872260735,3.1850130558013916
161,O-1X,1.8008670806884766,34.39695956440276,2.901400566101074
161,O-T2X-R,2.653447389602661,31.780470640064223,4.304355144500732
161,profile-0,1.9402754306793213,33.888824586648475,3.1253602504730225
161,profile-1,1.978676199913025,33.64051216109877,3.189953088760376
162,O-1X,1.7867499589920044,34.4042191432272,2.9004383087158203
162,O-T2X-R,2.6863653659820557,31.586131081767526,4.306643009185791
162,profile-0,1.933376669883728,33.844473399831315,3.128135919570923
162,profile-1,1.9629627466201782,33.659721517784185,3.1904654502868652
163,O-1X,1.764492154121399,34.6322873400808,2.869630813598633
163,O-T2X-R,2.6559574604034424,31.659395680931574,4.3154377937316895
163,profile-0,1.9181581735610962,33.979573938810745,3.110330581665039
163,profile-1,1.9619313478469849,33.65943896770809,3.1768505573272705
164,O-1X,1.7756519317626953,34.545781880396554,2.859405517578125
164,O-T2X-R,2.7066493034362793,31.5078157010022,4.3369460105896
164,profile-0,1.9136255979537964,33.99530602702974,3.0931360721588135
164,profile-1,1.9606894254684448,33.66948329014603,3.1729507446289062
165,O-1X,1.7652299404144287,34.58296088271118,2.8617303371429443
165,O-T2X-R,2.6851797103881836,31.503211966237505,4.361358165740967
165,profile-0,1.906193494796753,34.04263062897418,3.0849428176879883
165,profile-1,1.9556530714035034,33.638063520393885,3.171041488647461
166,O-1X,1.7369154691696167,34.778017576947015,2.8309624195098877
166,O-T2X-R,2.7012593746185303,31.45924397621183,4.363822937011719
166,profile-0,1.8676091432571411,34.23695477916654,3.0454068183898926
166,profile-1,1.9276983737945557,33.699504971272916,3.1496171951293945
167,O-1X,1.7115052938461304,34.95977436978687,2.7868053913116455
167,O-T2X-R,2.6263020038604736,31.71744527558654,4.334047794342041
167,profile-0,1.8478124141693115,34.3322870327701,3.002653121948242
167,profile-1,1.908038854598999,33.83317771251433,3.112055540084839
168,O-1X,1.7034382820129395,34.93933970485014,2.7562448978424072
168,O-T2X-R,2.7013120651245117,31.59587218833586,4.317641735076904
168,profile-0,1.8234573602676392,34.490427884818985,2.9598162174224854
168,profile-1,1.8857208490371704,33.93467849066592,3.074613571166992
169,O-1X,1.6716445684432983,35.13686953124106,2.7204058170318604
169,O-T2X-R,2.5674755573272705,31.945646473888168,4.2740397453308105
169,profile-0,1.8028193712234497,34.592375810791495,2.922109603881836
169,profile-1,1.858909249305725,34.034077337246565,3.0339298248291016
170,O-1X,1.655806303024292,35.342273691706595,2.6736340522766113
170,O-T2X-R,2.6090548038482666,31.85677839569813,4.184686183929443
170,profile-0,1.7789818048477173,34.842162052883424,2.880808115005493
170,profile-1,1.8384748697280884,34.212074288816055,2.990460157394409
171,O-1X,1.6516562700271606,35.29487909140795,2.654857635498047
171,O-T2X-R,2.556574583053589,31.945761322805648,4.182233810424805
171,profile-0,1.7701866626739502,34.80676115122115,2.8509538173675537
171,profile-1,1.8344707489013672,34.14608214327405,2.9686083793640137
172,O-1X,1.6034984588623047,35.725306936493816,2.6035985946655273
172,O-T2X-R,2.5581839084625244,32.05242951060194,4.140427112579346
172,profile-0,1.7244915962219238,35.16945111299396,2.795443058013916
172,profile-1,1.7964569330215454,34.4103561520173,2.9278647899627686
173,O-1X,1.597265601158142,35.671937688848416,2.548732280731201
173,O-T2X-R,2.4427647590637207,32.57576249494803,4.035193920135498
173,profile-0,1.712231159210205,35.12912664300616,2.739032745361328
173,profile-1,1.7660366296768188,34.56265900128456,2.861555337905884
174,O-1X,1.5884454250335693,35.780475505641185,2.5353667736053467
174,O-T2X-R,2.4830472469329834,32.40466314860069,3.9745876789093018
174,profile-0,1.7073644399642944,35.17496274799669,2.723287343978882
174,profile-1,1.7688319683074951,34.56938571906396,2.8350167274475098
175,O-1X,1.5750126838684082,35.866119695307155,2.5133309364318848
175,O-T2X-R,2.469252109527588,32.47858587281331,3.9718732833862305
175,profile-0,1.7006608247756958,35.23351709926495,2.7106711864471436
175,profile-1,1.7573145627975464,34.60912385161782,2.82415771484375
176,O-1X,1.573332667350769,35.9189629145376,2.4974422454833984
176,O-T2X-R,2.452256679534912,32.66041008582234,3.9572229385375977
176,profile-0,1.6814663410186768,35.44193308063478,2.6851799488067627
176,profile-1,1.7419906854629517,34.720362461684935,2.797189474105835
177,O-1X,1.5646528005599976,35.96041745494397,2.489893913269043
177,O-T2X-R,2.429581642150879,32.756735240006456,3.919595241546631
177,profile-0,1.6670119762420654,35.58006705517885,2.654141426086426
177,profile-1,1.7288835048675537,34.783501512173814,2.7730605602264404
178,O-1X,1.5462572574615479,36.07327303968758,2.463993787765503
178,O-T2X-R,2.4543509483337402,32.72510220130079,3.921515941619873
178,profile-0,1.6442896127700806,35.68295312015155,2.6181323528289795
178,profile-1,1.7187262773513794,34.75384579335647,2.749906063079834
179,O-1X,1.5402029752731323,36.01768255010096,2.448421001434326
179,O-T2X-R,2.4227283000946045,32.804872317433066,3.903301477432251
179,profile-0,1.643568515777588,35.56401157396148,2.6035056114196777
179,profile-1,1.7054862976074219,34.83544101043152,2.7335567474365234
180,O-1X,1.5275801420211792,36.08445449286483,2.439751386642456
180,O-T2X-R,2.420348882675171,32.80568452741011,3.88447642326355
180,profile-0,1.624265432357788,35.704933585967225,2.5934600830078125
180,profile-1,1.6964524984359741,34.81816664548702,2.724639892578125
181,O-1X,1.5022807121276855,36.37683621695957,2.410301685333252
181,O-T2X-R,2.3884806632995605,32.86973300775538,3.8573029041290283
181,profile-0,1.604223370552063,35.865752863919965,2.563734769821167
181,profile-1,1.6868345737457275,34.85580259437891,2.7121293544769287
182,O-1X,1.5054205656051636,36.23777757685963,2.4016013145446777
182,O-T2X-R,2.39355206489563,32.74153649503084,3.851686716079712
182,profile-0,1.5989885330200195,35.81074982980797,2.5530896186828613
182,profile-1,1.677384614944458,34.81247250032353,2.7067055702209473
183,O-1X,1.515852689743042,35.91517105117924,2.4286861419677734
183,O-T2X-R,2.3921167850494385,32.61503634378509,3.858935832977295
183,profile-0,1.6114237308502197,35.58909070740643,2.5736148357391357
183,profile-1,1.6851849555969238,34.71198666478222,2.719261884689331
184,O-1X,1.5063196420669556,36.05041529597253,2.4358150959014893
184,O-T2X-R,2.4299492835998535,32.368695362034934,3.8949785232543945
184,profile-0,1.6062244176864624,35.58493258518547,2.589456796646118
184,profile-1,1.6899551153182983,34.6066953561419,2.740399122238159
185,O-1X,1.4976823329925537,36.05124654689227,2.424283981323242
185,O-T2X-R,2.422860622406006,32.38846713409954,3.939875364303589
185,profile-0,1.5907800197601318,35.61936127724673,2.582689046859741
185,profile-1,1.6861099004745483,34.531816969449395,2.752323865890503
186,O-1X,1.491999864578247,35.99910032120404,2.4206109046936035
186,O-T2X-R,2.4008476734161377,32.448997266813365,3.9252376556396484
186,profile-0,1.5880571603775024,35.5798235073665,2.571782112121582
186,profile-1,1.683096170425415,34.52497625723115,2.7511394023895264
187,O-1X,1.4842946529388428,36.028921224737715,2.4127395153045654
187,O-T2X-R,2.400918960571289,32.36645630170655,3.892465353012085
187,profile-0,1.583560585975647,35.64629048190299,2.570774555206299
187,profile-1,1.6710186004638672,34.570947772666855,2.744256019592285
188,O-1X,1.473484992980957,36.10403352775553,2.3955729007720947
188,O-T2X-R,2.402998685836792,32.26844900200298,3.9018218517303467
188,profile-0,1.5764026641845703,35.576768120032945,2.5594329833984375
188,profile-1,1.6631473302841187,34.59104104134354,2.726381778717041
189,O-1X,1.4633721113204956,36.14802378449268,2.3794453144073486
189,O-T2X-R,2.3585338592529297,32.59280232765948,3.8646204471588135
189,profile-0,1.5724281072616577,35.56044430043115,2.556098699569702
189,profile-1,1.655058741569519,34.60694815374118,2.721062660217285
190,O-1X,1.467290997505188,36.01841231835351,2.376939296722412
190,O-T2X-R,2.370333433151245,32.44039812931487,3.8465285301208496
190,profile-0,1.573770523071289,35.51604442539572,2.5550830364227295
190,profile-1,1.6488484144210815,34.68784868851611,2.7114145755767822
191,O-1X,1.4531666040420532,36.22187296810014,2.3733668327331543
191,O-T2X-R,2.3423900604248047,32.66731640710414,3.837480306625366
191,profile-0,1.5542950630187988,35.67943333784948,2.5457048416137695
191,profile-1,1.6358243227005005,34.65896420492751,2.69923734664917
192,O-1X,1.4394422769546509,36.2143877261345,2.355273485183716
192,O-T2X-R,2.3100028038024902,32.62768154121407,3.7862231731414795
192,profile-0,1.541983723640442,35.71757873975102,2.5239930152893066
192,profile-1,1.622800588607788,34.75297687078896,2.681428909301758
193,O-1X,1.4350067377090454,36.241527671161485,2.3419699668884277
193,O-T2X-R,2.302682399749756,32.780880393035204,3.759451150894165
193,profile-0,1.5378177165985107,35.71831253668383,2.5122482776641846
193,profile-1,1.6270413398742676,34.61792499120993,2.6777825355529785
194,O-1X,1.4125139713287354,36.27736776820487,2.322951555252075
194,O-T2X-R,2.263148784637451,32.77890301903089,3.7238807678222656
194,profile-0,1.5146453380584717,35.75384575991251,2.4929394721984863
194,profile-1,1.5976225137710571,34.7687969183482,2.6593451499938965
195,O-1X,1.4109835624694824,36.17233293463289,2.3063976764678955
195,O-T2X-R,2.2239890098571777,32.90332365620258,3.653782606124878
195,profile-0,1.5116498470306396,35.62671639170637,2.4771039485931396
195,profile-1,1.573897361755371,34.951976838145754,2.615593910217285
196,O-1X,1.3839142322540283,36.32287711308804,2.2846813201904297
196,O-T2X-R,2.220158815383911,32.86068145891339,3.6213645935058594
196,profile-0,1.4776400327682495,35.826747108026545,2.4489903450012207
196,profile-1,1.5557219982147217,34.95158203043086,2.584625482559204
197,O-1X,1.3502024412155151,36.790677114882385,2.2287909984588623
197,O-T2X-R,2.1701409816741943,32.98629680512336,3.5680527687072754
197,profile-0,1.4577300548553467,36.06158118691761,2.397611618041992
197,profile-1,1.5354323387145996,35.02302139710053,2.5503244400024414
198,O-1X,1.3563122749328613,36.73028009603999,2.2038304805755615
198,O-T2X-R,2.227409601211548,32.772980152846316,3.562276601791382
198,profile-0,1.4689321517944336,36.00312911808253,2.3897759914398193
198,profile-1,1.5426737070083618,34.967112934757736,2.536823034286499
199,O-1X,1.365280032157898,36.507076180281615,2.2173163890838623
199,O-T2X-R,2.2101826667785645,32.831406129663876,3.6100540161132812
199,profile-0,1.4699488878250122,35.94552494176382,2.4000675678253174
199,profile-1,1.5485879182815552,34.94398369971301,2.550501823425293
200,O-1X,1.355240821838379,36.64320126758531,2.2187395095825195
200,O-T2X-R,2.196031093597412,32.79164172973018,3.594062328338623
200,profile-0,1.4645211696624756,35.95359020932838,2.3999009132385254
200,profile-1,1.5411463975906372,34.97747296582466,2.550877332687378
201,O-1X,1.3534687757492065,36.8104915593393,2.2087035179138184
201,O-T2X-R,2.1556875705718994,33.19334867503618,3.547476291656494
201,profile-0,1.46206796169281,36.0903514332365,2.391000270843506
201,profile-1,1.5350276231765747,35.12204465823892,2.538925886154175
202,O-1X,1.3474560976028442,36.76871259883562,2.1910271644592285
202,O-T2X-R,2.1779892444610596,32.81413984606927,3.526151180267334
202,profile-0,1.4557111263275146,36.015257829916784,2.3757808208465576
202,profile-1,1.5228804349899292,35.150194855111295,2.5124852657318115
203,O-1X,1.3307408094406128,36.93398613463359,2.172539234161377
203,O-T2X-R,2.0508861541748047,33.44813962816129,3.4263124465942383
203,profile-0,1.4330739974975586,36.270096659140115,2.3509387969970703
203,profile-1,1.5015568733215332,35.287687107342244,2.4854962825775146
204,O-1X,1.319944143295288,37.157139344416095,2.148132085800171
204,O-T2X-R,2.071131706237793,33.30421662150278,3.3476004600524902
204,profile-0,1.4261709451675415,36.340652233362846,2.3275630474090576
204,profile-1,1.4965378046035767,35.31834701426104,2.463350296020508
205,O-1X,1.3117989301681519,37.30456192922262,2.1326351165771484
205,O-T2X-R,2.0018317699432373,33.79276637573776,3.3050081729888916
205,profile-0,1.412376880645752,36.44318808090894,2.3090157508850098
205,profile-1,1.4845026731491089,35.337284488662256,2.449404716491699
206,O-1X,1.309662103652954,37.33272401989368,2.1197829246520996
206,O-T2X-R,2.039773464202881,33.61771364683354,3.2822418212890625
206,profile-0,1.410212516784668,36.46892634701868,2.292518377304077
206,profile-1,1.4637014865875244,35.63324915716515,2.4206581115722656
207,O-1X,1.3096013069152832,37.33775121476771,2.116899251937866
207,O-T2X-R,1.992291808128357,33.8839931245802,3.266698122024536
207,profile-0,1.4106402397155762,36.42925974962767,2.2881391048431396
207,profile-1,1.4665915966033936,35.535248867242764,2.3987274169921875
208,O-1X,1.3151979446411133,37.355543074685855,2.119227886199951
208,O-T2X-R,2.0444397926330566,33.63212155499927,3.2668516635894775
208,profile-0,1.4134626388549805,36.48440927804679,2.2904534339904785
208,profile-1,1.4646111726760864,35.68806704522188,2.3986001014709473
209,O-1X,1.3280296325683594,37.2387677575272,2.137751340866089
209,O-T2X-R,2.032703161239624,33.83881309636003,3.3041796684265137
209,profile-0,1.4227585792541504,36.38449396661828,2.3046212196350098
209,profile-1,1.4668008089065552,35.69427590331187,2.40095853805542
210,O-1X,1.328548550605774,37.10187809321165,2.1529765129089355
210,O-T2X-R,2.041564464569092,33.683744424332694,3.3065624237060547
210,profile-0,1.4227131605148315,36.327789381352396,2.3147616386413574
210,profile-1,1.4634273052215576,35.77164668828234,2.4000487327575684
211,O-1X,1.3067716360092163,37.343109659679506,2.134777307510376
211,O-T2X-R,2.0151376724243164,33.85671270478922,3.2916576862335205
211,profile-0,1.4102766513824463,36.4561195441639,2.306102752685547
211,profile-1,1.4552595615386963,35.760763755561015,2.389157295227051
212,O-1X,1.2920944690704346,37.387519619854686,2.0993261337280273
212,O-T2X-R,2.0269298553466797,33.841546373976755,3.2790966033935547
212,profile-0,1.39590585231781,36.4783532359565,2.2798564434051514
212,profile-1,1.4348806142807007,35.91482491812802,2.361010789871216
213,O-1X,1.2766472101211548,37.627114655079936,2.06931209564209
213,O-T2X-R,1.9571397304534912,34.20713317185558,3.222613573074341
213,profile-0,1.3774656057357788,36.69012936468504,2.247840166091919
213,profile-1,1.428769588470459,35.86916815117643,2.3349151611328125
214,O-1X,1.2834821939468384,37.429637199386676,2.0616273880004883
214,O-T2X-R,2.0161092281341553,33.87462918969981,3.217862606048584
214,profile-0,1.3716706037521362,36.67984403778233,2.2245841026306152
214,profile-1,1.419352412223816,35.981323854221934,2.3176074028015137
215,O-1X,1.2644193172454834,37.816187698189104,2.0446949005126953
215,O-T2X-R,1.9563467502593994,34.21735373099447,3.2115700244903564
215,profile-0,1.3578026294708252,36.91221476634263,2.2000458240509033
215,profile-1,1.4128267765045166,36.021463598848314,2.2992265224456787
216,O-1X,1.2620651721954346,37.80011246012145,2.022571563720703
216,O-T2X-R,1.979616641998291,34.016504593852474,3.1825664043426514
216,profile-0,1.3561334609985352,36.892495475107474,2.1835060119628906
216,profile-1,1.4041533470153809,36.07768723223949,2.280198812484741
217,O-1X,1.2574267387390137,37.840776834158476,2.015047550201416
217,O-T2X-R,1.9345355033874512,34.34421562683489,3.1546859741210938
217,profile-0,1.3522270917892456,36.90439231039837,2.1788547039031982
217,profile-1,1.4039469957351685,36.06261008792208,2.2725300788879395
218,O-1X,1.2592920064926147,37.76421921484597,2.0135695934295654
218,O-T2X-R,1.978870153427124,34.19308974770846,3.1646933555603027
218,profile-0,1.3479729890823364,36.90616610702116,2.1737258434295654
218,profile-1,1.3965274095535278,36.133726919327394,2.2694740295410156
219,O-1X,1.2541332244873047,37.771203667238716,2.0119898319244385
219,O-T2X-R,1.915145993232727,34.55581830697713,3.1382436752319336
219,profile-0,1.3385238647460938,36.9767618616148,2.1617281436920166
219,profile-1,1.3821308612823486,36.25752877056361,2.2485480308532715
220,O-1X,1.2349294424057007,38.20179760289251,1.9910961389541626
220,O-T2X-R,1.927460789680481,34.480663513146,3.1117823123931885
220,profile-0,1.3255935907363892,37.24856780068594,2.14143967628479
220,profile-1,1.3703945875167847,36.4201800472813,2.226304531097412
221,O-1X,1.21983003616333,38.38671792941879,1.954968810081482
221,O-T2X-R,1.8820253610610962,34.76088159741428,3.0622754096984863
221,profile-0,1.3025903701782227,37.52468929719309,2.1006836891174316
221,profile-1,1.3444766998291016,36.6974963283422,2.184225559234619
222,O-1X,1.2170801162719727,38.5636377067691,1.937920093536377
222,O-T2X-R,1.8959894180297852,34.86115783599387,3.041731595993042
222,profile-0,1.2971386909484863,37.617038732574514,2.0744855403900146
222,profile-1,1.337591528892517,36.84081027623078,2.154865026473999
223,O-1X,1.2081995010375977,38.43735927220811,1.9231873750686646
223,O-T2X-R,1.8575347661972046,35.01093331104576,3.0080246925354004
223,profile-0,1.281058430671692,37.6916115104352,2.0531013011932373
223,profile-1,1.3163310289382935,37.04432375773124,2.1243414878845215
224,O-1X,1.1838515996932983,38.84283143179668,1.8972102403640747
224,O-T2X-R,1.904929280281067,34.719306861858485,3.020678997039795
224,profile-0,1.2639532089233398,37.92488397901717,2.024435043334961
224,profile-1,1.3004554510116577,37.169437882340134,2.0932424068450928
225,O-1X,1.1822408437728882,38.81979149542858,1.8788914680480957
225,O-T2X-R,1.8511199951171875,35.19609952653979,2.9936118125915527
225,profile-0,1.2580065727233887,37.92867996677303,2.010707378387451
225,profile-1,1.2920411825180054,37.27960248112571,2.0771102905273438
226,O-1X,1.1945618391036987,38.653185246735625,1.888563871383667
226,O-T2X-R,1.8885345458984375,35.07776546292311,2.9847898483276367
226,profile-0,1.2645601034164429,37.868796503158514,2.0115835666656494
226,profile-1,1.288340449333191,37.35961420408347,2.0667884349823
227,O-1X,1.1832743883132935,38.87550656475494,1.8926019668579102
227,O-T2X-R,1.9216854572296143,34.56175429774701,3.03991961479187
227,profile-0,1.259006381034851,37.96470419664663,2.015117883682251
227,profile-1,1.2902570962905884,37.30788091296135,2.0675041675567627
228,O-1X,1.1998497247695923,38.67968870402685,1.8954248428344727
228,O-T2X-R,1.9276474714279175,34.81554584774325,3.0864737033843994
228,profile-0,1.2726937532424927,37.966228043524765,2.0201611518859863
228,profile-1,1.309893250465393,37.19313724387088,2.0852999687194824
229,O-1X,1.2023587226867676,38.70483205676261,1.9119722843170166
229,O-T2X-R,1.8887670040130615,35.00236627183648,3.034400701522827
229,profile-0,1.2756903171539307,37.88059729540408,2.035313129425049
229,profile-1,1.3106822967529297,37.19973843982394,2.105243444442749
230,O-1X,1.2215847969055176,38.64641877404778,1.9210314750671387
230,O-T2X-R,1.9402090311050415,34.777310279008944,3.057680606842041
230,profile-0,1.2934074401855469,37.85172049597528,2.047023296356201
230,profile-1,1.3281753063201904,37.17275547188167,2.115215539932251
231,O-1X,1.214967966079712,38.7666857505164,1.934219479560852
231,O-T2X-R,1.9617353677749634,34.436472820350204,3.115046977996826
231,profile-0,1.2847377061843872,37.93002868487787,2.0517098903656006
231,profile-1,1.3233076333999634,37.206034683062754,2.1225292682647705
232,O-1X,1.218584418296814,38.916884019982035,1.9282166957855225
232,O-T2X-R,1.9306977987289429,34.79190630303363,3.118018627166748
232,profile-0,1.2893073558807373,38.04182661287102,2.046499490737915
232,profile-1,1.3278329372406006,37.21763148422446,2.122326135635376
233,O-1X,1.2211421728134155,38.77645803823233,1.9301344156265259
233,O-T2X-R,1.9263808727264404,34.85878471238329,3.061887741088867
233,profile-0,1.293897271156311,37.95808115997574,2.048677921295166
233,profile-1,1.322646975517273,37.35250876222563,2.1167471408843994
234,O-1X,1.2348685264587402,38.703700083521326,1.9420336484909058
234,O-T2X-R,1.9588242769241333,34.86694239134929,3.0966451168060303
234,profile-0,1.2982197999954224,37.96113031822228,2.053814172744751
234,profile-1,1.3313244581222534,37.34396513683483,2.1149559020996094
235,O-1X,1.2413204908370972,38.71193974145361,1.9592945575714111
235,O-T2X-R,2.025275468826294,34.360288718598284,3.1563401222229004
235,profile-0,1.3091357946395874,38.00597613954552,2.065577268600464
235,profile-1,1.342406153678894,37.397970811845894,2.1322309970855713
236,O-1X,1.2345385551452637,38.803751627968936,1.9541950225830078
236,O-T2X-R,1.9910894632339478,33.91833154181804,3.206143379211426
236,profile-0,1.2953275442123413,38.132330113616106,2.056243896484375
236,profile-1,1.3274272680282593,37.49304675898622,2.123574733734131
237,O-1X,1.2336573600769043,38.734919036103534,1.9458705186843872
237,O-T2X-R,1.952227234840393,34.529442514042074,3.156301498413086
237,profile-0,1.2936735153198242,38.162106463545896,2.044811964035034
237,profile-1,1.3191416263580322,37.56850100163855,2.1023340225219727
238,O-1X,1.2248646020889282,39.01610652204805,1.9326250553131104
238,O-T2X-R,1.9705982208251953,33.8402501504328,3.1357581615448
238,profile-0,1.2841986417770386,38.37167945298567,2.0308356285095215
238,profile-1,1.310396671295166,37.76889497237001,2.081611156463623
239,O-1X,1.239978313446045,38.819118323513585,1.938591718673706
239,O-T2X-R,1.9040952920913696,35.18104035629155,3.0811264514923096
239,profile-0,1.2926409244537354,38.28163056489621,2.028693914413452
239,profile-1,1.3174030780792236,37.790798962724374,2.0804386138916016
240,O-1X,1.2465373277664185,38.886774018640835,1.962541937828064
240,O-T2X-R,1.9511353969573975,35.05477850059886,3.059018850326538
240,profile-0,1.3036811351776123,38.257349754767304,2.049725294113159
240,profile-1,1.3266854286193848,37.7600078413423,2.0990965366363525
241,O-1X,1.2503156661987305,38.91678723182709,1.9741077423095703
241,O-T2X-R,1.9463891983032227,34.95391155619465,3.0901172161102295
241,profile-0,1.2982583045959473,38.47115617869606,2.057530403137207
241,profile-1,1.320082426071167,37.92626470866314,2.104807138442993
242,O-1X,1.2488489151000977,38.94739017642521,1.9724196195602417
242,O-T2X-R,1.9163098335266113,35.37385005850186,3.070225715637207
242,profile-0,1.3037585020065308,38.406694637203756,2.054295301437378
242,profile-1,1.3237380981445312,37.959621796351485,2.0989444255828857
243,O-1X,1.2586947679519653,38.811837556783225,1.976876139640808
243,O-T2X-R,1.9268132448196411,35.32575542834036,3.035106658935547
243,profile-0,1.3082447052001953,38.36445045288608,2.059677839279175
243,profile-1,1.3223416805267334,38.101137541180066,2.095919370651245
244,O-1X,1.2793152332305908,38.62108871679589,2.0011472702026367
244,O-T2X-R,1.9879519939422607,35.06908493882242,3.101475238800049
244,profile-0,1.3294920921325684,38.18329950912022,2.076704502105713
244,profile-1,1.3422460556030273,37.951373225537715,2.1057398319244385
245,O-1X,1.2843918800354004,38.662555371121755,2.0202784538269043
245,O-T2X-R,1.984275460243225,35.04830867397088,3.1362109184265137
245,profile-0,1.3367863893508911,38.167036473886654,2.101809501647949
245,profile-1,1.3453638553619385,37.95609784807689,2.1256470680236816
246,O-1X,1.2849059104919434,38.718073692072814,2.0215375423431396
246,O-T2X-R,1.9844286441802979,35.04395712625747,3.1386075019836426
246,profile-0,1.337392807006836,38.18938654296707,2.1064515113830566
246,profile-1,1.3431098461151123,38.02303888273018,2.122270345687866
247,O-1X,1.2989245653152466,38.509721616211735,2.034212589263916
247,O-T2X-R,2.011106014251709,34.759136917071004,3.15352201461792
247,profile-0,1.3499492406845093,38.10306558310826,2.1164438724517822
247,profile-1,1.3559823036193848,37.95746267060149,2.1317806243896484
248,O-1X,1.3135614395141602,38.4432595836972,2.0587430000305176
248,O-T2X-R,2.027782678604126,34.79950874253128,3.2013936042785645
248,profile-0,1.368865966796875,37.95659518270773,2.140061616897583
248,profile-1,1.3665437698364258,37.95764136279492,2.1484763622283936
249,O-1X,1.3098258972167969,38.51110656656506,2.065382480621338
249,O-T2X-R,1.993312120437622,35.02415468576774,3.185631513595581
249,profile-0,1.3652043342590332,37.97559616981922,2.1520087718963623
249,profile-1,1.367753267288208,37.89058836445088,2.1552393436431885
250,O-1X,1.315875768661499,38.3716352357951,2.070464611053467
250,O-T2X-R,1.9947164058685303,34.990636126998396,3.1676526069641113
250,profile-0,1.3656082153320312,37.939691118972505,2.151149272918701
250,profile-1,1.366873025894165,37.872882913960794,2.1587412357330322
251,O-1X,1.3115350008010864,38.339296307523405,2.0769522190093994
251,O-T2X-R,1.9360328912734985,35.3595735247962,3.120042562484741
251,profile-0,1.3571479320526123,38.039165941179235,2.1502881050109863
251,profile-1,1.3628827333450317,37.899348855368174,2.162271738052368
252,O-1X,1.3210293054580688,38.25565506031352,2.0775580406188965
252,O-T2X-R,2.0355470180511475,34.68234185719281,3.1595468521118164
252,profile-0,1.375196099281311,37.85263915249978,2.155667781829834
252,profile-1,1.3765947818756104,37.76104765452989,2.167536973953247
253,O-1X,1.337618350982666,38.186410339627194,2.096421003341675
253,O-T2X-R,2.0018093585968018,34.910555354775184,3.2022440433502197
253,profile-0,1.3928282260894775,37.689299084897165,2.1801679134368896
253,profile-1,1.3943761587142944,37.605501404650084,2.191464900970459
254,O-1X,1.3490959405899048,38.10388709188415,2.121225118637085
254,O-T2X-R,2.024099349975586,34.6531457241429,3.181269884109497
254,profile-0,1.4018057584762573,37.689749572617025,2.205369472503662
254,profile-1,1.403438925743103,37.68907198795746,2.2146406173706055
255,O-1X,1.370052456855774,37.952115257784065,2.1517019271850586
255,O-T2X-R,1.9941173791885376,34.92111663300448,3.18076753616333
255,profile-0,1.4203228950500488,37.59773110887992,2.2303271293640137
255,profile-1,1.4205187559127808,37.5888474448083,2.2404682636260986
256,O-1X,1.384293556213379,37.83212353067355,2.181640148162842
256,O-T2X-R,2.0370023250579834,34.66410847845569,3.196964740753174
256,profile-0,1.4322991371154785,37.531992858187365,2.2521142959594727
256,profile-1,1.4282047748565674,37.58778116325593,2.257380485534668
257,O-1X,1.4032788276672363,37.571784773661115,2.211292028427124
257,O-T2X-R,2.0574193000793457,34.53375162590824,3.238973617553711
257,profile-0,1.4545437097549438,37.30544854735863,2.281754732131958
257,profile-1,1.4483579397201538,37.35192818640212,2.2795422077178955
258,O-1X,1.433107852935791,37.22408684769824,2.2545275688171387
258,O-T2X-R,2.058183193206787,34.51293283787816,3.273080587387085
258,profile-0,1.483012080192566,37.00463565718471,2.330435276031494
258,profile-1,1.4793742895126343,37.019795057523375,2.3269989490509033
259,O-1X,1.4163260459899902,37.20189157551905,2.268101930618286
259,O-T2X-R,2.055360794067383,34.569287949762945,3.252101182937622
259,profile-0,1.4685442447662354,36.91447188451321,2.343024253845215
259,profile-1,1.4549980163574219,37.00693462147127,2.3326351642608643
260,O-1X,1.3895213603973389,37.44277610652681,2.232261896133423
260,O-T2X-R,2.031909942626953,34.58433124209265,3.256112813949585
260,profile-0,1.4459095001220703,37.120774293850985,2.3109421730041504
260,profile-1,1.4353886842727661,37.229283901923324,2.296369791030884
261,O-1X,1.3890905380249023,37.3986342074978,2.2087275981903076
261,O-T2X-R,2.0113301277160645,34.80407021022448,3.220818281173706
261,profile-0,1.4410998821258545,37.16376888298868,2.285600423812866
261,profile-1,1.4223026037216187,37.36814735171534,2.264777660369873
262,O-1X,1.3693431615829468,37.44901479981892,2.2007148265838623
262,O-T2X-R,2.0174503326416016,34.803891540856604,3.2158985137939453
262,profile-0,1.4283171892166138,37.16229761256413,2.2787227630615234
262,profile-1,1.4104530811309814,37.35560543868658,2.252060890197754
263,O-1X,1.3607693910598755,37.55929885740941,2.178229570388794
263,O-T2X-R,2.016216993331909,34.540860239002114,3.216663360595703
263,profile-0,1.4168815612792969,37.28938772199961,2.2611777782440186
263,profile-1,1.3960282802581787,37.496387398424446,2.233081102371216
264,O-1X,1.3470064401626587,37.75295934850201,2.1621899604797363
264,O-T2X-R,1.9936649799346924,34.908530193703854,3.2160208225250244
264,profile-0,1.4065839052200317,37.43772302729502,2.248178482055664
264,profile-1,1.3898884057998657,37.60590951665524,2.220043182373047
265,O-1X,1.3651429414749146,37.628604947114624,2.1685287952423096
265,O-T2X-R,2.0212996006011963,34.53204012723931,3.211033344268799
265,profile-0,1.4281266927719116,37.28926283487965,2.2606253623962402
265,profile-1,1.4147595167160034,37.40319324411949,2.2399983406066895
266,O-1X,1.3491401672363281,37.57643748411553,2.1800131797790527
266,O-T2X-R,2.0024468898773193,34.57979248471351,3.245981216430664
266,profile-0,1.4165791273117065,37.136330139124475,2.2781996726989746
266,profile-1,1.4082494974136353,37.194391981211346,2.2665483951568604
267,O-1X,1.3532688617706299,37.51391575552101,2.172078847885132
267,O-T2X-R,2.0012259483337402,34.57929480891439,3.2137362957000732
267,profile-0,1.4270929098129272,37.07236754789141,2.2835464477539062
267,profile-1,1.4150757789611816,37.166600135671366,2.27311372756958
268,O-1X,1.348541498184204,37.51703407783873,2.1728622913360596
268,O-T2X-R,2.0764386653900146,33.807122941264346,3.296686887741089
268,profile-0,1.4284751415252686,36.947730799371676,2.2964839935302734
268,profile-1,1.4230767488479614,36.961143217937305,2.2867774963378906
269,O-1X,1.366036295890808,37.266793590268634,2.183424234390259
269,O-T2X-R,2.040118455886841,34.24857286788357,3.327967643737793
269,profile-0,1.4516898393630981,36.64572379012948,2.316654682159424
269,profile-1,1.4419291019439697,36.70090095990392,2.312425136566162
270,O-1X,1.374253511428833,37.15370434051498,2.2080416679382324
270,O-T2X-R,2.098121166229248,33.86202998620809,3.3587238788604736
270,profile-0,1.464861273765564,36.41948707772227,2.350003242492676
270,profile-1,1.462770938873291,36.4366182925463,2.347398042678833
271,O-1X,1.3812392950057983,36.986352541023024,2.224250316619873
271,O-T2X-R,2.1453311443328857,33.4418526127151,3.430929660797119
271,profile-0,1.4809205532073975,36.18992667807842,2.3793864250183105
271,profile-1,1.4791934490203857,36.23787560884131,2.3872015476226807
272,O-1X,1.383289098739624,36.992672384879675,2.2326908111572266
272,O-T2X-R,2.1733827590942383,33.5609789881182,3.5156683921813965
272,profile-0,1.4792076349258423,36.29514964370529,2.3916587829589844
272,profile-1,1.4804210662841797,36.32500897928936,2.402230739593506
273,O-1X,1.387088418006897,37.06229927843832,2.2354159355163574
273,O-T2X-R,2.1720988750457764,33.7470762629928,3.5061285495758057
273,profile-0,1.4809218645095825,36.40748172149881,2.390303611755371
273,profile-1,1.4770374298095703,36.50504960318069,2.398615837097168
274,O-1X,1.3817107677459717,37.057440148972674,2.2368202209472656
274,O-T2X-R,2.1709344387054443,33.83907518450231,3.5209712982177734
274,profile-0,1.4845867156982422,36.31914401935858,2.3932363986968994
274,profile-1,1.474155306816101,36.497591924784956,2.390075206756592
275,O-1X,1.3732473850250244,37.08651105129326,2.2278695106506348
275,O-T2X-R,2.1278464794158936,33.9694352898595,3.4658472537994385
275,profile-0,1.4763023853302002,36.27460270204304,2.3898603916168213
275,profile-1,1.467052936553955,36.5042609382686,2.3814289569854736
276,O-1X,1.3684030771255493,37.30505333097514,2.2104690074920654
276,O-T2X-R,2.178175687789917,33.6557296513665,3.4919750690460205
276,profile-0,1.4714370965957642,36.51773718067965,2.376436233520508
276,profile-1,1.4605213403701782,36.60705637401277,2.368143320083618
277,O-1X,1.3630609512329102,37.170573898816265,2.1985514163970947
277,O-T2X-R,2.1478054523468018,33.831760542617644,3.477668523788452
277,profile-0,1.4709748029708862,36.27575007321959,2.370640754699707
277,profile-1,1.460547924041748,36.39455271526656,2.361743688583374
278,O-1X,1.354850172996521,37.41848351149036,2.1865222454071045
278,O-T2X-R,2.2069802284240723,33.56571585196667,3.5184693336486816
278,profile-0,1.4518327713012695,36.586321973274735,2.3524467945098877
278,profile-1,1.4511829614639282,36.57901761794366,2.3483166694641113
279,O-1X,1.3676636219024658,37.2295928535997,2.188534736633301
279,O-T2X-R,2.157440662384033,33.79627038766796,3.502035617828369
279,profile-0,1.4703104496002197,36.36393594580931,2.3510639667510986
279,profile-1,1.4560717344284058,36.50719302291972,2.344390869140625
280,O-1X,1.3405994176864624,37.44569729999883,2.176684617996216
280,O-T2X-R,2.187325954437256,33.58781421953236,3.5106842517852783
280,profile-0,1.4503347873687744,36.492431929581755,2.350593090057373
280,profile-1,1.4462817907333374,36.52531655979953,2.3379836082458496
281,O-1X,1.3563263416290283,37.16883215049387,2.168928623199463
281,O-T2X-R,2.169593572616577,33.70469199927599,3.4976680278778076
281,profile-0,1.462038516998291,36.301654408284136,2.3442904949188232
281,profile-1,1.451232671737671,36.4427056647086,2.3357856273651123
282,O-1X,1.3543435335159302,37.20174309525172,2.180906295776367
282,O-T2X-R,2.195441246032715,33.44710750076263,3.531609058380127
282,profile-0,1.4598466157913208,36.295865128125186,2.3534698486328125
282,profile-1,1.4485795497894287,36.420251836421954,2.337907552719116
283,O-1X,1.342626690864563,37.25171299666594,2.1659350395202637
283,O-T2X-R,2.1582493782043457,33.69618405803557,3.504028081893921
283,profile-0,1.46104097366333,36.180203225234976,2.3558461666107178
283,profile-1,1.4533169269561768,36.274239129407434,2.3439512252807617
284,O-1X,1.339382290840149,37.28549982139539,2.157644271850586
284,O-T2X-R,2.1820104122161865,33.51978579555849,3.5023438930511475
284,profile-0,1.4575525522232056,36.20708105141737,2.3575475215911865
284,profile-1,1.4493011236190796,36.3058602968434,2.3496055603027344
285,O-1X,1.3300774097442627,37.37878325329238,2.147594451904297
285,O-T2X-R,2.1696619987487793,33.61623675649882,3.486133575439453
285,profile-0,1.453031063079834,36.20144455126358,2.350245475769043
285,profile-1,1.4435051679611206,36.27640642909417,2.3392083644866943
286,O-1X,1.3728117942810059,37.27796348236869,2.179840564727783
286,O-T2X-R,2.248358726501465,33.31680283805709,3.5690793991088867
286,profile-0,1.4982118606567383,36.152995040558025,2.393057346343994
286,profile-1,1.4962998628616333,36.13750597434194,2.3868298530578613
287,O-1X,1.3262792825698853,37.23592177384142,2.1670138835906982
287,O-T2X-R,2.153850555419922,33.55264321587347,3.5324482917785645
287,profile-0,1.4478912353515625,36.1465978007885,2.3804726600646973
287,profile-1,1.4451701641082764,36.16819924201675,2.38301682472229
288,O-1X,1.3200199604034424,37.41431084256988,2.1251728534698486
288,O-T2X-R,2.2041022777557373,33.266632655609136,3.526482343673706
288,profile-0,1.449803113937378,36.148718583414514,2.3463540077209473
288,profile-1,1.4490443468093872,36.15520462198847,2.3484268188476562
289,O-1X,1.3189784288406372,37.2550791643959,2.1202971935272217
289,O-T2X-R,2.2009923458099365,33.17681244558706,3.5412583351135254
289,profile-0,1.4502767324447632,36.105427415343165,2.3507308959960938
289,profile-1,1.452989935874939,36.04733746129584,2.3581886291503906
290,O-1X,1.328376054763794,37.15621729758301,2.141981601715088
290,O-T2X-R,2.233452558517456,33.0045583799791,3.605555534362793
290,profile-0,1.4646761417388916,35.9610160284195,2.37510085105896
290,profile-1,1.457380771636963,36.01022943963743,2.3753561973571777
291,O-1X,1.321163296699524,37.264618222684,2.149099588394165
291,O-T2X-R,2.1879420280456543,33.07557939665693,3.5824286937713623
291,profile-0,1.4574689865112305,35.985881082643964,2.3878042697906494
291,profile-1,1.4506710767745972,36.079672345941056,2.378831624984741
292,O-1X,1.3415518999099731,36.965879579040724,2.165128707885742
292,O-T2X-R,2.1904077529907227,33.18850494322164,3.573580026626587
292,profile-0,1.4741406440734863,35.93211452669088,2.4025700092315674
292,profile-1,1.4701863527297974,36.044585618733635,2.3963255882263184
293,O-1X,1.3007458448410034,37.26559920911326,2.1378719806671143
293,O-T2X-R,2.1520609855651855,33.300144244468925,3.5265467166900635
293,profile-0,1.4407236576080322,36.01083135963874,2.380518913269043
293,profile-1,1.4393863677978516,36.021138448058124,2.381784677505493
294,O-1X,1.3024916648864746,37.19857973240907,2.1163458824157715
294,O-T2X-R,2.162353277206421,33.186940125489635,3.515134811401367
294,profile-0,1.4404131174087524,35.85053065207664,2.364136219024658
294,profile-1,1.4332205057144165,35.92214334754749,2.3610010147094727
295,O-1X,1.311333417892456,36.92825876423545,2.123767852783203
295,O-T2X-R,2.166006088256836,33.12790986853504,3.5200181007385254
295,profile-0,1.4498417377471924,35.837522302829356,2.369749069213867
295,profile-1,1.4526199102401733,35.81437527969478,2.3718760013580322
296,O-1X,1.321349024772644,36.930457321980526,2.1394786834716797
296,O-T2X-R,2.197854995727539,32.920770198709114,3.5668702125549316
296,profile-0,1.4664798974990845,35.65324935241241,2.3925716876983643
296,profile-1,1.4614753723144531,35.76136999483877,2.395542860031128
297,O-1X,1.3039580583572388,37.117840558956885,2.1367948055267334
297,O-T2X-R,2.145803689956665,33.245000721683205,3.5407259464263916
297,profile-0,1.4487475156784058,35.75584113609804,2.3971142768859863
297,profile-1,1.4536610841751099,35.76593510633574,2.4010603427886963
298,O-1X,1.3062721490859985,37.14357166830097,2.119417905807495
298,O-T2X-R,2.1669514179229736,33.27361879644268,3.519606351852417
298,profile-0,1.4625059366226196,35.67490926763298,2.3923709392547607
298,profile-1,1.465329647064209,35.69565207505216,2.4069137573242188
299,O-1X,1.3032234907150269,37.29970022053689,2.121931552886963
299,O-T2X-R,2.1606321334838867,33.352867297869054,3.5212645530700684
299,profile-0,1.4556961059570312,35.798988460074014,2.404759645462036
299,profile-1,1.4657504558563232,35.74824031970091,2.4206559658050537
300,O-1X,1.3174030780792236,37.30496018295747,2.1328351497650146
300,O-T2X-R,2.1940691471099854,33.21557515866723,3.55550479888916
300,profile-0,1.4718247652053833,35.799765200804636,2.415386199951172
300,profile-1,1.4867746829986572,35.67443778130188,2.4419772624969482
301,O-1X,1.3161931037902832,37.183111375287595,2.145080804824829
301,O-T2X-R,2.194593906402588,33.170284429788516,3.5762510299682617
301,profile-0,1.4781360626220703,35.635101747685894,2.436231851577759
301,profile-1,1.4965314865112305,35.55110304289079,2.4720988273620605
302,O-1X,1.324474573135376,37.0581897178806,2.153229236602783
302,O-T2X-R,2.213550090789795,33.13251558987227,3.601691961288452
302,profile-0,1.4873994588851929,35.58009652124677,2.4504830837249756
302,profile-1,1.5018959045410156,35.507902817152136,2.4841113090515137
303,O-1X,1.3441630601882935,36.745528010400434,2.172475814819336
303,O-T2X-R,2.232611894607544,33.07676101479071,3.6347782611846924
303,profile-0,1.4992389678955078,35.473458012456724,2.4643545150756836
303,profile-1,1.512302279472351,35.45283833834801,2.493255853652954
304,O-1X,1.3483716249465942,36.75663907881303,2.188889503479004
304,O-T2X-R,2.2783396244049072,32.963282526568,3.678067207336426
304,profile-0,1.5079962015151978,35.39550767732155,2.4784369468688965
304,profile-1,1.5218454599380493,35.347936339638096,2.505439043045044
305,O-1X,1.3680849075317383,36.75033171170859,2.2062058448791504
305,O-T2X-R,2.3123667240142822,32.95693888334823,3.74509596824646
305,profile-0,1.5337432622909546,35.279565600953134,2.5037031173706055
305,profile-1,1.550351619720459,35.22953111514403,2.533147096633911
306,O-1X,1.386725664138794,36.62475169692784,2.235570192337036
306,O-T2X-R,2.3298540115356445,32.857099465509535,3.7724318504333496
306,profile-0,1.5581936836242676,35.16851545845373,2.5441133975982666
306,profile-1,1.573256254196167,35.11280226444835,2.574974298477173
307,O-1X,1.3625551462173462,36.85246434775669,2.224090337753296
307,O-T2X-R,2.363150119781494,32.72646855744055,3.8211488723754883
307,profile-0,1.533716082572937,35.30825001481236,2.542020320892334
307,profile-1,1.5546519756317139,35.19336224177127,2.578695774078369
308,O-1X,1.3877958059310913,36.661658085424655,2.2263708114624023
308,O-T2X-R,2.3848769664764404,32.669207338453326,3.849435329437256
308,profile-0,1.5480387210845947,35.26132423500765,2.5312864780426025
308,profile-1,1.5696099996566772,35.13005384898922,2.574323892593384
309,O-1X,1.394698143005371,36.60021086364162,2.251579999923706
309,O-T2X-R,2.3731579780578613,32.680928741962,3.8763198852539062
309,profile-0,1.5595766305923462,35.18271223486426,2.551781415939331
309,profile-1,1.5793356895446777,35.087003794255466,2.5941567420959473
310,O-1X,1.4634910821914673,36.466205166224846,2.311793327331543
310,O-T2X-R,2.4324512481689453,32.61691022899464,3.886075019836426
310,profile-0,1.6370365619659424,35.05707548462857,2.6211187839508057
310,profile-1,1.6443041563034058,35.0646454770592,2.6483938694000244
311,O-1X,1.417724609375,36.52335067826269,2.3170557022094727
311,O-T2X-R,2.4156088829040527,32.48694121098454,3.939155101776123
311,profile-0,1.5907477140426636,35.06465038365262,2.6321773529052734
311,profile-1,1.602427363395691,34.99092877371584,2.6547181606292725
312,O-1X,1.4095985889434814,36.51654435054469,2.2762839794158936
312,O-T2X-R,2.38550066947937,32.53104607114908,3.8901689052581787
312,profile-0,1.5848716497421265,35.07019715132962,2.590902805328369
312,profile-1,1.6040650606155396,34.9831172896041,2.626553535461426
313,O-1X,1.4184905290603638,36.28392254295097,2.282543182373047
313,O-T2X-R,2.373067617416382,32.537097425647865,3.8644371032714844
313,profile-0,1.5844885110855103,35.05330725742465,2.590663194656372
313,profile-1,1.6039502620697021,34.95093272748282,2.6291074752807617
314,O-1X,1.404172658920288,36.31969942542966,2.281420946121216
314,O-T2X-R,2.3635213375091553,32.39071448147486,3.8237040042877197
314,profile-0,1.5675654411315918,35.086486795850554,2.576497793197632
314,profile-1,1.5855798721313477,35.00661580588822,2.61409854888916
315,O-1X,1.404237151145935,36.41662085004367,2.27770733833313
315,O-T2X-R,2.3051671981811523,32.61979452991909,3.7991392612457275
315,profile-0,1.5655186176300049,35.09399218474124,2.5712368488311768
315,profile-1,1.579919457435608,35.03590231697201,2.6005797386169434
316,O-1X,1.4013031721115112,36.33295333204905,2.2769014835357666
316,O-T2X-R,2.29767107963562,32.64656516567131,3.7244298458099365
316,profile-0,1.5591636896133423,34.99244739619418,2.564985990524292
316,profile-1,1.5749844312667847,34.92355494513913,2.5932304859161377
317,O-1X,1.4284498691558838,36.30428281525483,2.3016140460968018
317,O-T2X-R,2.3088088035583496,32.670838486501275,3.734652519226074
317,profile-0,1.5872944593429565,35.07100989743249,2.5840232372283936
317,profile-1,1.5994006395339966,35.029757831737506,2.611985445022583
318,O-1X,1.3905731439590454,36.423561570455014,2.279831647872925
318,O-T2X-R,2.3009722232818604,32.53963518309082,3.7216012477874756
318,profile-0,1.5499151945114136,35.12290902094434,2.5635032653808594
318,profile-1,1.557435393333435,35.10940675531227,2.583925247192383
319,O-1X,1.3989571332931519,36.00329863064423,2.2640631198883057
319,O-T2X-R,2.226040840148926,32.81454217214072,3.6658639907836914
319,profile-0,1.5250245332717896,35.17885822099619,2.519339084625244
319,profile-1,1.5334711074829102,35.17640782764873,2.5386435985565186
320,O-1X,1.3857338428497314,36.160375124793354,2.2773444652557373
320,O-T2X-R,2.272780418395996,32.68723152640776,3.6311721801757812
320,profile-0,1.5268133878707886,35.165822284135814,2.508754014968872
320,profile-1,1.5304609537124634,35.16852844064256,2.525739908218384
321,O-1X,1.3901234865188599,36.03732920307508,2.2693519592285156
321,O-T2X-R,2.2387452125549316,32.613688316629876,3.6478354930877686
321,profile-0,1.5134837627410889,35.26727165444659,2.5010054111480713
321,profile-1,1.5170434713363647,35.252230068883804,2.5118138790130615
322,O-1X,1.3863890171051025,36.17710812430943,2.26800799369812
322,O-T2X-R,2.228916645050049,32.71353191013686,3.6041078567504883
322,profile-0,1.5262457132339478,35.15315251088908,2.501103162765503
322,profile-1,1.5301724672317505,35.16551970468558,2.512406587600708
323,O-1X,1.3781366348266602,36.23926409715695,2.2515671253204346
323,O-T2X-R,2.2461841106414795,32.61594968620498,3.610893964767456
323,profile-0,1.513230800628662,35.28978380850291,2.501685619354248
323,profile-1,1.5248866081237793,35.21369094356106,2.5222675800323486
324,O-1X,1.382770299911499,36.137158671615886,2.250732421875
324,O-T2X-R,2.215543508529663,32.922807754536684,3.5941576957702637
324,profile-0,1.5203003883361816,35.231268505149835,2.4967987537384033
324,profile-1,1.531298279762268,35.18937168735572,2.5228075981140137
325,O-1X,1.3768010139465332,36.23909128212311,2.248035430908203
325,O-T2X-R,2.269094467163086,32.65342414230717,3.616844892501831
325,profile-0,1.5219002962112427,35.25141470844015,2.504081964492798
325,profile-1,1.5325077772140503,35.19857623955382,2.5280258655548096
326,O-1X,1.3806216716766357,36.340146519462266,2.240077257156372
326,O-T2X-R,2.2298498153686523,32.89482357942369,3.6211020946502686
326,profile-0,1.5253690481185913,35.31492820567636,2.5017266273498535
326,profile-1,1.5409798622131348,35.212477071319036,2.529892683029175
327,O-1X,1.4177078008651733,36.25426328258967,2.2584261894226074
327,O-T2X-R,2.255998134613037,32.92358937914933,3.5908474922180176
327,profile-0,1.563176155090332,35.19979255921623,2.520592451095581
327,profile-1,1.5804898738861084,35.11463833358159,2.554966926574707
328,O-1X,1.4750107526779175,36.207589325824934,2.3011116981506348
328,O-T2X-R,2.344568967819214,32.67743717407165,3.6414222717285156
328,profile-0,1.6264592409133911,35.11225118165102,2.5673458576202393
328,profile-1,1.6416887044906616,35.01902201284517,2.6001338958740234
329,O-1X,1.5080914497375488,36.06784067278393,2.333545684814453
329,O-T2X-R,2.3385560512542725,32.4365645834795,3.682617664337158
329,profile-0,1.6659804582595825,34.94323970647202,2.6096255779266357
329,profile-1,1.6798051595687866,34.87570416139392,2.637152910232544
330,O-1X,1.5170570611953735,36.16749314988847,2.3437857627868652
330,O-T2X-R,2.378704071044922,32.44148376881665,3.7052438259124756
330,profile-0,1.6771594285964966,35.006733213018435,2.6273367404937744
330,profile-1,1.698696255683899,34.858209569477985,2.6647143363952637
331,O-1X,1.5868242979049683,35.887337918559695,2.387347459793091
331,O-T2X-R,2.4257867336273193,32.40042216751124,3.764011859893799
331,profile-0,1.7427289485931396,34.80808759037895,2.6688525676727295
331,profile-1,1.7598543167114258,34.71235273991859,2.7078726291656494
332,O-1X,1.540862798690796,35.96602244745315,2.427013397216797
332,O-T2X-R,2.403656482696533,32.3368351473173,3.8194737434387207
332,profile-0,1.6964010000228882,34.860166146351716,2.7047009468078613
332,profile-1,1.7173855304718018,34.72501998270782,2.7433886528015137
333,O-1X,1.5617635250091553,35.84006923870422,2.408125162124634
333,O-T2X-R,2.4146180152893066,32.28630922744586,3.774970531463623
333,profile-0,1.7147023677825928,34.7749488608322,2.6841390132904053
333,profile-1,1.732783317565918,34.6732460508986,2.721477508544922
334,O-1X,1.5771710872650146,35.77448989099544,2.444382905960083
334,O-T2X-R,2.452610969543457,32.23679333669038,3.830946922302246
334,profile-0,1.728513479232788,34.72804414921133,2.7144510746002197
334,profile-1,1.742775797843933,34.68051278762287,2.745814323425293
335,O-1X,1.5822073221206665,35.78131934897431,2.4582269191741943
335,O-T2X-R,2.4252607822418213,32.38137142233328,3.8326034545898438
335,profile-0,1.7300468683242798,34.792846422578634,2.722472906112671
335,profile-1,1.7487367391586304,34.71114002217914,2.7538726329803467
336,O-1X,1.6069042682647705,35.66437280346189,2.4744160175323486
336,O-T2X-R,2.4555675983428955,32.27438937830217,3.828964948654175
336,profile-0,1.747943639755249,34.776173791453864,2.728428602218628
336,profile-1,1.7678745985031128,34.690464424421485,2.766603469848633
337,O-1X,1.610490083694458,35.68588931763958,2.4935302734375
337,O-T2X-R,2.5115721225738525,31.995478356438355,3.9006335735321045
337,profile-0,1.7538907527923584,34.781092293334495,2.7405028343200684
337,profile-1,1.7767586708068848,34.67191533294756,2.7825679779052734
338,O-1X,1.642808198928833,35.455720941854224,2.526899576187134
338,O-T2X-R,2.580963611602783,31.589843987511223,4.011672019958496
338,profile-0,1.7884252071380615,34.551767016752784,2.7754342555999756
338,profile-1,1.8102211952209473,34.483670605219395,2.818331241607666
339,O-1X,1.652402400970459,35.43617913367747,2.563295841217041
339,O-T2X-R,2.5157124996185303,32.07383482144825,4.006947040557861
339,profile-0,1.8062255382537842,34.456613191067525,2.8212063312530518
339,profile-1,1.8275234699249268,34.38372266891703,2.8594300746917725
340,O-1X,1.6629513502120972,35.46812699259722,2.579881429672241
340,O-T2X-R,2.541710138320923,31.886549465779584,3.9868218898773193
340,profile-0,1.8221755027770996,34.438251833456825,2.8483901023864746
340,profile-1,1.8486944437026978,34.33759991850863,2.8917298316955566
341,O-1X,1.66038179397583,35.33158961394298,2.5824148654937744
341,O-T2X-R,2.507978677749634,32.06609469265567,3.9640002250671387
341,profile-0,1.8184643983840942,34.35322501461927,2.853179454803467
341,profile-1,1.8379976749420166,34.31716377778118,2.8925681114196777
342,O-1X,1.6966922283172607,35.38600781197324,2.607778310775757
342,O-T2X-R,2.6000523567199707,31.943144877045064,3.995556116104126
342,profile-0,1.8515102863311768,34.44451620432436,2.8759348392486572
342,profile-1,1.872398853302002,34.35217724148743,2.9116427898406982
343,O-1X,1.6333365440368652,35.49444012401085,2.5941829681396484
343,O-T2X-R,2.55664324760437,32.003152535703414,4.092029094696045
343,profile-0,1.792239785194397,34.50261517519263,2.8666775226593018
343,profile-1,1.8160955905914307,34.40455595820429,2.9052326679229736
344,O-1X,1.6288594007492065,35.45607664773134,2.5378012657165527
344,O-T2X-R,2.513333320617676,31.841334613476015,3.973883867263794
344,profile-0,1.7866146564483643,34.47762778349504,2.810511350631714
344,profile-1,1.8127241134643555,34.37396866938367,2.85426664352417
345,O-1X,1.6423912048339844,35.39839838594743,2.5499074459075928
345,O-T2X-R,2.553706169128418,31.58224786389868,3.9966485500335693
345,profile-0,1.7986116409301758,34.41066847089088,2.8183305263519287
345,profile-1,1.8234933614730835,34.33420875141162,2.8613898754119873
346,O-1X,1.6464985609054565,35.31614636214611,2.563610553741455
346,O-T2X-R,2.5536463260650635,31.670610324182455,3.990139961242676
346,profile-0,1.8031333684921265,34.37612072389753,2.8326077461242676
346,profile-1,1.8283003568649292,34.31794318747506,2.871560573577881
347,O-1X,1.653515100479126,35.29030232768379,2.572173833847046
347,O-T2X-R,2.4783945083618164,31.90707165527073,3.960116147994995
347,profile-0,1.8126248121261597,34.3318234875849,2.842039108276367
347,profile-1,1.8382949829101562,34.246673760797634,2.8823299407958984
348,O-1X,1.6461784839630127,35.40182832827187,2.567437171936035
348,O-T2X-R,2.501851797103882,31.82703113260525,3.907477855682373
348,profile-0,1.8047776222229004,34.43562479868619,2.8391780853271484
348,profile-1,1.8322538137435913,34.34233033127876,2.880965232849121
349,O-1X,1.6539080142974854,35.22192070698452,2.56827449798584
349,O-T2X-R,2.470855951309204,31.972634353877638,3.9102466106414795
349,profile-0,1.8160099983215332,34.262105748988255,2.843581438064575
349,profile-1,1.8380587100982666,34.233660514564114,2.880403995513916
350,O-1X,1.6490108966827393,35.410915631452944,2.563278913497925
350,O-T2X-R,2.4988503456115723,31.89622415598434,3.8940374851226807
350,profile-0,1.8215523958206177,34.304873880312165,2.8491463661193848
350,profile-1,1.8491828441619873,34.215442331404645,2.88735294342041
351,O-1X,1.6559290885925293,35.35834094058135,2.5656144618988037
351,O-T2X-R,2.5338122844696045,31.537420271587727,3.9611387252807617
351,profile-0,1.8214561939239502,34.34911866278687,2.851736545562744
351,profile-1,1.8451660871505737,34.262821286628316,2.8919146060943604
352,O-1X,1.6490716934204102,35.44741287550125,2.558079957962036
352,O-T2X-R,2.4752259254455566,31.974332021679533,3.932537078857422
352,profile-0,1.8122997283935547,34.41605000152674,2.8341705799102783
352,profile-1,1.836272954940796,34.363506173353464,2.868992328643799
353,O-1X,1.6555505990982056,35.397903001966434,2.550790309906006
353,O-T2X-R,2.49027156829834,31.94859482558433,3.8814432621002197
353,profile-0,1.8172078132629395,34.40496059217357,2.828375816345215
353,profile-1,1.8392947912216187,34.36662608635786,2.8623576164245605
354,O-1X,1.6582924127578735,35.2998914402297,2.5582644939422607
354,O-T2X-R,2.504497528076172,31.989999910633582,3.88800048828125
354,profile-0,1.8172098398208618,34.394692030658234,2.827491044998169
354,profile-1,1.8401319980621338,34.33882476367381,2.85965895652771
355,O-1X,1.6583819389343262,35.38100200518366,2.559580087661743
355,O-T2X-R,2.443729877471924,32.12106036848978,3.8761279582977295
355,profile-0,1.821262001991272,34.368999193905836,2.8304529190063477
355,profile-1,1.8432371616363525,34.310472258969256,2.864145278930664
356,O-1X,1.649673581123352,35.42485265089865,2.5521926879882812
356,O-T2X-R,2.4644086360931396,32.057517153574786,3.8370893001556396
356,profile-0,1.8166900873184204,34.4090533071197,2.8274223804473877
356,profile-1,1.8323184251785278,34.39400979396273,2.855602741241455
357,O-1X,1.6547104120254517,35.33936259045793,2.5539369583129883
357,O-T2X-R,2.3836231231689453,32.23153698443173,3.79964280128479
357,profile-0,1.8171619176864624,34.36796153988878,2.828295946121216
357,profile-1,1.8348679542541504,34.35138437818401,2.853055477142334
358,O-1X,1.6372570991516113,35.34107912417128,2.5482921600341797
358,O-T2X-R,2.3962337970733643,32.079299622939075,3.7502520084381104
358,profile-0,1.8088337182998657,34.32861595033357,2.829385757446289
358,profile-1,1.8242249488830566,34.314436600844324,2.8535385131835938
359,O-1X,1.6276849508285522,35.43377373952547,2.526731252670288
359,O-T2X-R,2.381633996963501,32.20672548665411,3.764855146408081
359,profile-0,1.7916779518127441,34.43617916039774,2.8110525608062744
359,profile-1,1.8035024404525757,34.475364873045734,2.830444097518921
360,O-1X,1.6118742227554321,35.53661019345428,2.5161056518554688
360,O-T2X-R,2.3622472286224365,32.40650649515895,3.7275445461273193
360,profile-0,1.7795485258102417,34.48270031339602,2.7945432662963867
360,profile-1,1.7971049547195435,34.48859693637398,2.8123295307159424
361,O-1X,1.5964891910552979,35.60060081473503,2.4784669876098633
361,O-T2X-R,2.291128396987915,32.73353340650252,3.6397414207458496
361,profile-0,1.7568435668945312,34.59441505973693,2.7544376850128174
361,profile-1,1.7754110097885132,34.57518723119133,2.7792279720306396
362,O-1X,1.6192235946655273,35.29394145530623,2.483445882797241
362,O-T2X-R,2.3434972763061523,32.22281162116569,3.6336159706115723
362,profile-0,1.7626630067825317,34.54488866621864,2.736549139022827
362,profile-1,1.7767386436462402,34.560725626785654,2.757322311401367
363,O-1X,1.6097670793533325,35.482584951642245,2.4743781089782715
363,O-T2X-R,2.2296524047851562,33.034862640864205,3.570988655090332
363,profile-0,1.7545466423034668,34.68544809847152,2.714144706726074
363,profile-1,1.7746413946151733,34.66579711322738,2.7403314113616943
364,O-1X,1.616098403930664,35.288663863316685,2.469571352005005
364,O-T2X-R,2.2927427291870117,32.93485438998642,3.500875473022461
364,profile-0,1.7459079027175903,34.738981241687796,2.6961889266967773
364,profile-1,1.7569162845611572,34.78333518408507,2.717116594314575
365,O-1X,1.6047481298446655,35.33521173242434,2.455899953842163
365,O-T2X-R,2.188882350921631,33.10853742888459,3.480055809020996
365,profile-0,1.730694055557251,34.7672422523818,2.6643946170806885
365,profile-1,1.7378113269805908,34.85928388118269,2.67344331741333
366,O-1X,1.5814564228057861,35.63846770821775,2.429588556289673
366,O-T2X-R,2.1851422786712646,33.25015103356071,3.3873064517974854
366,profile-0,1.714064598083496,34.861120770348315,2.642061233520508
366,profile-1,1.7265933752059937,34.89689780917531,2.654049873352051
367,O-1X,1.576438069343567,35.55429923384584,2.4039547443389893
367,O-T2X-R,2.193694591522217,33.27979227321049,3.4037575721740723
367,profile-0,1.7069398164749146,34.871083687429845,2.624176263809204
367,profile-1,1.7132389545440674,34.93288714102555,2.632309913635254
368,O-1X,1.5679502487182617,35.666440197998476,2.3919224739074707
368,O-T2X-R,2.159914255142212,33.44658462728775,3.368548631668091
368,profile-0,1.695806860923767,34.88146776138556,2.612729072570801
368,profile-1,1.701049566268921,34.94908015853665,2.6096227169036865
369,O-1X,1.561019778251648,35.6361985702214,2.3829638957977295
369,O-T2X-R,2.1140708923339844,33.56164569693183,3.3267998695373535
369,profile-0,1.687518835067749,34.89010219454652,2.596620798110962
369,profile-1,1.6954518556594849,34.941672608075876,2.595372200012207
370,O-1X,1.5492407083511353,35.734221796742595,2.3675224781036377
370,O-T2X-R,2.1291232109069824,33.5277969088644,3.289355516433716
370,profile-0,1.6742181777954102,35.048187693491656,2.579023838043213
370,profile-1,1.678755283355713,35.138684196220204,2.5775272846221924
371,O-1X,1.5515741109848022,35.713187105175294,2.3540189266204834
371,O-T2X-R,2.097900390625,33.709178015743944,3.2895171642303467
371,profile-0,1.6761544942855835,35.01219797069788,2.5622942447662354
371,profile-1,1.6834741830825806,35.08476322755695,2.558774948120117
372,O-1X,1.547694206237793,35.62215668750935,2.3496806621551514
372,O-T2X-R,2.0620856285095215,33.88022651268355,3.2143771648406982
372,profile-0,1.6567391157150269,35.139054790478205,2.5428807735443115
372,profile-1,1.6602809429168701,35.226625832349946,2.5390026569366455
373,O-1X,1.5409319400787354,35.64459432806754,2.350299835205078
373,O-T2X-R,2.098682403564453,33.69180324039649,3.2353591918945312
373,profile-0,1.648175597190857,35.115753586877815,2.5205531120300293
373,profile-1,1.646298885345459,35.2696362731477,2.5082509517669678
374,O-1X,1.544906497001648,35.47419707754735,2.3558132648468018
374,O-T2X-R,2.1157941818237305,33.626695074866134,3.2689411640167236
374,profile-0,1.6468034982681274,35.117501917314954,2.520689010620117
374,profile-1,1.6413278579711914,35.30246651331077,2.5043742656707764
375,O-1X,1.5274320840835571,35.69851028902118,2.3449151515960693
375,O-T2X-R,2.058016777038574,33.69506860284223,3.2518439292907715
375,profile-0,1.6323071718215942,35.20952736717495,2.5038928985595703
375,profile-1,1.638670563697815,35.299355374592395,2.4950003623962402
376,O-1X,1.524770736694336,35.72659725977093,2.327061414718628
376,O-T2X-R,2.0635998249053955,33.74543944865634,3.1948728561401367
376,profile-0,1.6285958290100098,35.19875588252856,2.4888498783111572
376,profile-1,1.6278676986694336,35.36309643456769,2.4809670448303223
377,O-1X,1.5317875146865845,35.58598545829401,2.324352979660034
377,O-T2X-R,2.0486257076263428,33.76964455970986,3.1947519779205322
377,profile-0,1.630775809288025,35.237561207588385,2.478971481323242
377,profile-1,1.6277897357940674,35.40785506415289,2.4646880626678467
378,O-1X,1.526984691619873,35.67770724148476,2.3154540061950684
378,O-T2X-R,2.0816569328308105,33.722307620784214,3.1911423206329346
378,profile-0,1.6329307556152344,35.1559706231528,2.476048231124878
378,profile-1,1.6343615055084229,35.29658201130133,2.466679573059082
379,O-1X,1.5276700258255005,35.68055649305483,2.3098645210266113
379,O-T2X-R,2.0210556983947754,33.9156926315652,3.177934408187866
379,profile-0,1.63431715965271,35.15893012705205,2.4777421951293945
379,profile-1,1.6384260654449463,35.29310615972183,2.4750282764434814
380,O-1X,1.5276659727096558,35.79186432857773,2.304577112197876
380,O-T2X-R,2.029019832611084,33.90256369317096,3.107309103012085
380,profile-0,1.6373867988586426,35.205092838503724,2.476821184158325
380,profile-1,1.6354330778121948,35.390655314430305,2.4685726165771484
381,O-1X,1.5297259092330933,35.66931966190566,2.300069570541382
381,O-T2X-R,2.010392665863037,34.09848448956062,3.106720447540283
381,profile-0,1.6299787759780884,35.243638913699805,2.4645543098449707
381,profile-1,1.6281652450561523,35.409075225637416,2.4495577812194824
382,O-1X,1.5332343578338623,35.62421710139587,2.2933919429779053
382,O-T2X-R,2.0513851642608643,33.8981873291884,3.107290744781494
382,profile-0,1.631729006767273,35.23265891775746,2.4493281841278076
382,profile-1,1.6340233087539673,35.3870862061095,2.4414610862731934
383,O-1X,1.5316976308822632,35.66422305771065,2.279416561126709
383,O-T2X-R,2.0089662075042725,34.073891110834026,3.113945484161377
383,profile-0,1.6333688497543335,35.192327940869355,2.4410629272460938
383,profile-1,1.634729027748108,35.36924330209069,2.43807053565979
384,O-1X,1.5347864627838135,35.55889633696129,2.271916389465332
384,O-T2X-R,2.043884754180908,33.79780155254081,3.0884006023406982
384,profile-0,1.620840311050415,35.328368045841025,2.4203312397003174
384,profile-1,1.6270338296890259,35.42304851600145,2.418567419052124
385,O-1X,1.5260478258132935,35.71199330664075,2.264967679977417
385,O-T2X-R,2.0167922973632812,34.163197014718875,3.0899477005004883
385,profile-0,1.622290015220642,35.34567920594539,2.399242639541626
385,profile-1,1.6276214122772217,35.455924965813324,2.401230573654175
386,O-1X,1.520418643951416,35.85865345572506,2.2466440200805664
386,O-T2X-R,2.035128116607666,34.09917094955872,3.051203489303589
386,profile-0,1.6248784065246582,35.333385723601424,2.398014545440674
386,profile-1,1.6243958473205566,35.476166435122735,2.3915462493896484
387,O-1X,1.5160837173461914,35.89080682618511,2.2225284576416016
387,O-T2X-R,1.9695062637329102,34.33029676349591,3.0219829082489014
387,profile-0,1.6187206506729126,35.38046726715448,2.3797607421875
387,profile-1,1.6209523677825928,35.54510909586695,2.3713624477386475
388,O-1X,1.5329304933547974,35.68253119901346,2.2224247455596924
388,O-T2X-R,2.0123038291931152,33.96336617087065,2.9897854328155518
388,profile-0,1.629652500152588,35.24050234455325,2.3693501949310303
388,profile-1,1.6288211345672607,35.45918080246477,2.3597121238708496
389,O-1X,1.520369529724121,35.83182057078276,2.2187845706939697
389,O-T2X-R,2.0099923610687256,34.11074021360471,3.007690668106079
389,profile-0,1.6267565488815308,35.34490411863584,2.364213466644287
389,profile-1,1.6210294961929321,35.545384046789444,2.3429958820343018
390,O-1X,1.5290870666503906,35.750651615973894,2.2004477977752686
390,O-T2X-R,2.0416316986083984,34.03732524899834,3.010911703109741
390,profile-0,1.6263439655303955,35.382797553136115,2.3439865112304688
390,profile-1,1.61602783203125,35.6263594615935,2.316917896270752
391,O-1X,1.5349161624908447,35.69149369075467,2.19740891456604
391,O-T2X-R,1.966459035873413,34.208907619656394,2.9784224033355713
391,profile-0,1.6301424503326416,35.36449991498012,2.3276124000549316
391,profile-1,1.6167057752609253,35.64373458575583,2.2926061153411865
392,O-1X,1.5324900150299072,35.61454846627982,2.192700147628784
392,O-T2X-R,1.9756371974945068,34.29167746417178,2.911114454269409
392,profile-0,1.6224710941314697,35.36053113018721,2.311629295349121
392,profile-1,1.6129069328308105,35.6194667405308,2.278735399246216
393,O-1X,1.5327215194702148,35.69838065197031,2.170360803604126
393,O-T2X-R,1.9405121803283691,34.41948350193781,2.8582701683044434
393,profile-0,1.6193735599517822,35.39468835320675,2.2861034870147705
393,profile-1,1.6130162477493286,35.61329610640505,2.256692886352539
394,O-1X,1.5306320190429688,35.68126945156546,2.159409761428833
394,O-T2X-R,2.001830816268921,34.00018651414604,2.883992910385132
394,profile-0,1.6149300336837769,35.411009509954894,2.268440008163452
394,profile-1,1.6124101877212524,35.60895716976787,2.242424249649048
395,O-1X,1.5178778171539307,35.859397243781174,2.13276743888855
395,O-T2X-R,1.9928443431854248,34.224764442919756,2.8998405933380127
395,profile-0,1.61932373046875,35.38365688120382,2.250277280807495
395,profile-1,1.6133170127868652,35.607251439806554,2.2253942489624023
396,O-1X,1.5239605903625488,35.76225046448076,2.1069495677948
396,O-T2X-R,1.9932501316070557,34.27565194980748,2.9018123149871826
396,profile-0,1.6123318672180176,35.504980403369885,2.2280707359313965
396,profile-1,1.6117151975631714,35.64895780703682,2.205451488494873
397,O-1X,1.5241535902023315,35.864694832211136,2.095196008682251
397,O-T2X-R,1.8751771450042725,34.43374573122645,2.7634167671203613
397,profile-0,1.6091264486312866,35.52993798850187,2.2007203102111816
397,profile-1,1.6013089418411255,35.71689970784129,2.1772234439849854
398,O-1X,1.5271379947662354,35.77522325500525,2.0779430866241455
398,O-T2X-R,1.8868181705474854,34.5525250058127,2.7021684646606445
398,profile-0,1.5972483158111572,35.59162294626826,2.172560691833496
398,profile-1,1.5856996774673462,35.84803487097802,2.1370632648468018
399,O-1X,1.531788945198059,35.68144429270551,2.061540365219116
399,O-T2X-R,1.9215983152389526,34.51862115499624,2.657266855239868
399,profile-0,1.5960979461669922,35.61329657034703,2.1389853954315186
399,profile-1,1.591146469116211,35.82217071924625,2.1037917137145996
400,O-1X,1.5263367891311646,35.78066258361728,2.0313005447387695
400,O-T2X-R,1.9804246425628662,34.08331092078822,2.7863006591796875
400,profile-0,1.6073241233825684,35.495373755004174,2.123748779296875
400,profile-1,1.594079613685608,35.76741685707849,2.089623212814331
401,O-1X,1.5213990211486816,35.78884982986711,1.9911240339279175
401,O-T2X-R,1.9739127159118652,34.24435638996706,2.7525036334991455
401,profile-0,1.6067026853561401,35.48686743622027,2.1081271171569824
401,profile-1,1.5948396921157837,35.791356772086196,2.071002721786499
402,O-1X,1.5184412002563477,35.903651595296836,1.9444012641906738
402,O-T2X-R,1.9405510425567627,34.54013725813022,2.777768135070801
402,profile-0,1.604111671447754,35.51029617030321,2.0634572505950928
402,profile-1,1.589245319366455,35.83952913615227,2.0303361415863037
403,O-1X,1.5333588123321533,35.613792552665,1.9214659929275513
403,O-T2X-R,1.8168514966964722,34.860375232802895,2.4708263874053955
403,profile-0,1.5974620580673218,35.57762252835202,2.007052421569824
403,profile-1,1.5794072151184082,35.91528693234433,1.9759916067123413
404,O-1X,1.53544282913208,35.58087145851456,1.9046149253845215
404,O-T2X-R,1.801347255706787,35.15582071748674,2.4974186420440674
404,profile-0,1.5807682275772095,35.7301378566124,1.9441032409667969
404,profile-1,1.556427240371704,36.122984074486546,1.9008667469024658
405,O-1X,1.5379431247711182,35.577417767909914,1.8800688982009888
405,O-T2X-R,1.7081738710403442,35.38088282677964,2.2010338306427
405,profile-0,1.562637209892273,35.8550624820409,1.863128900527954
405,profile-1,1.5460197925567627,36.20113963882969,1.8199173212051392
406,O-1X,1.526660442352295,35.7204257469313,1.8539791107177734
406,O-T2X-R,1.749459147453308,35.112495088141856,2.304746627807617
406,profile-0,1.5581904649734497,35.837196469275526,1.804544448852539
406,profile-1,1.537617802619934,36.21254006587451,1.756316900253296
407,O-1X,1.5201739072799683,35.86583301344094,1.8122272491455078
407,O-T2X-R,1.7785249948501587,35.111935363767635,2.0001962184906006
407,profile-0,1.5555731058120728,35.8614515459887,1.7290010452270508
407,profile-1,1.545938491821289,36.21771213750796,1.7072036266326904
408,O-1X,1.5269068479537964,35.672828901977766,1.7563279867172241
408,O-T2X-R,1.8994513750076294,34.27078002557048,2.378170967102051
408,profile-0,1.5645437240600586,35.68427147532567,1.6565004587173462
408,profile-1,1.5525082349777222,36.05699833717174,1.640347957611084
409,O-1X,1.5210448503494263,35.80679365600243,1.7078787088394165
409,O-T2X-R,1.9742237329483032,34.13378416966712,1.9743508100509644
409,profile-0,1.5680992603302002,35.73797439527664,1.572074055671692
409,profile-1,1.5513335466384888,36.11199322073625,1.5508244037628174
410,O-1X,1.5337529182434082,35.57434154180229,1.616269826889038
410,O-T2X-R,1.972463607788086,34.40227181821339,2.5307905673980713
410,profile-0,1.5778732299804688,35.653060191728684,1.4655377864837646
410,profile-1,1.5494277477264404,36.09285368682242,1.4319047927856445
411,O-1X,1.519379734992981,35.82552509686183,1.4840201139450073
411,O-T2X-R,1.9070751667022705,34.540440931676294,1.754988431930542
411,profile-0,1.5707083940505981,35.722320190323416,1.3197522163391113
411,profile-1,1.5397719144821167,36.23523246629146,1.2852351665496826
412,O-1X,1.5201739072799683,35.885917440114966,1.3450695276260376
412,O-T2X-R,1.8382598161697388,35.275297645593845,2.0706167221069336
412,profile-0,1.5687837600708008,35.80132103702933,1.192445158958435
412,profile-1,1.5305230617523193,36.3534198836651,1.1510651111602783
413,O-1X,1.5268365144729614,35.648272582073155,1.1619501113891602
413,O-T2X-R,1.6810425519943237,35.27224578982919,1.4923921823501587
413,profile-0,1.5525888204574585,35.85132058757673,1.0246130228042603
413,profile-1,1.5160984992980957,36.385375342517904,0.984092652797699
414,O-1X,1.5217615365982056,35.721228988949306,0.9924216866493225
414,O-T2X-R,1.651732325553894,35.79376118130352,1.5065717697143555
414,profile-0,1.537642002105713,35.96097632199863,0.8776741623878479
414,profile-1,1.5040764808654785,36.48084466133327,0.8419671058654785
415,O-1X,1.5244566202163696,35.76734955935253,0.8338123559951782
415,O-T2X-R,1.551816463470459,35.69987691785758,1.2232364416122437
415,profile-0,1.5235592126846313,36.08505179123665,0.7401319742202759
415,profile-1,1.4943746328353882,36.559703796116835,0.7111457586288452
416,O-1X,1.5286130905151367,35.71553103759375,0.5874098539352417
416,O-T2X-R,1.543921709060669,35.89997268550294,1.09104585647583
416,profile-0,1.5102769136428833,36.19773499828085,0.5325475335121155
416,profile-1,1.4836633205413818,36.664236266914074,0.5120919942855835
417,O-1X,1.5307378768920898,35.71246556543826,0.45815733075141907
417,O-T2X-R,1.4824734926223755,35.967611324535426,0.8863120079040527
417,profile-0,1.5010898113250732,36.24732249816376,0.424665242433548
417,profile-1,1.4782137870788574,36.67774116377542,0.4140140116214752
418,O-1X,1.530679702758789,35.718623867530646,0.20484386384487152
418,O-T2X-R,1.4814035892486572,36.035576560237175,0.67464679479599
418,profile-0,1.4925997257232666,36.282916448979115,0.21290935575962067
418,profile-1,1.473065733909607,36.677901222708,0.2149457484483719
419,O-1X,1.5303025245666504,35.723416424498716,0.05278819054365158
419,O-T2X-R,1.4580351114273071,36.114424146945844,0.5736700296401978
419,profile-0,1.489089846611023,36.282806840229156,0.07969740033149719
419,profile-1,1.4728405475616455,36.629557829276784,0.08790748566389084
420,O-1X,1.5303055047988892,35.723410238373326,1.314459768764209e-05
420,O-T2X-R,1.446592092514038,36.12839866539585,0.307498574256897
420,profile-0,1.4908320903778076,36.248578678930514,0.02519870549440384
420,profile-1,1.4771825075149536,36.54507622065593,0.033154260367155075
421,O-1X,1.53030526638031,35.72341166593994,1.2461760888982099e-05
421,O-T2X-R,1.4486911296844482,36.139653220119534,0.10509941726922989
421,profile-0,1.4944519996643066,36.19792926496673,0.01859414204955101
421,profile-1,1.4830113649368286,36.449153913975046,0.024566227570176125
422,O-1X,1.530303955078125,35.72341309350703,1.2291052371438127e-05
422,O-T2X-R,1.4486901760101318,36.1396537438398,1.2291052371438127e-05
422,profile-0,1.498423457145691,36.14334099027428,0.013664064928889275
422,profile-1,1.4888890981674194,36.35447133524947,0.018346615135669708
423,O-1X,1.5303032398223877,35.723416424498716,1.1949634426855482e-05
423,O-T2X-R,1.4486887454986572,36.13966002848794,1.1949634426855482e-05
423,profile-0,1.5021125078201294,36.09092701552549,0.01004281360656023
423,profile-1,1.4942713975906372,36.26742844619138,0.013595781289041042
424,O-1X,1.5303043127059937,35.72341309350703,8.194034307962283e-06
424,O-T2X-R,1.4486908912658691,36.13965557686123,8.194034307962283e-06
424,profile-0,1.5053720474243164,36.04272505135219,0.007246258202940226
424,profile-1,1.4987473487854004,36.19249467022837,0.009610236622393131
425,O-1X,1.530302882194519,35.72341547278654,1.0925379683612846e-05
425,O-T2X-R,1.4486891031265259,36.13966081406959,1.0925379683612846e-05
425,profile-0,1.5080639123916626,36.000957506604045,0.0050719366408884525
425,profile-1,1.5023976564407349,36.12853604950977,0.006802243646234274
426,O-1X,1.5303033590316772,35.723414996930536,1.1096089110651519e-05
426,O-T2X-R,1.4486913681030273,36.13965767174382,1.1096089110651519e-05
426,profile-0,1.5101689100265503,35.96619605318218,0.0035160945262759924
426,profile-1,1.5052059888839722,36.076615524125735,0.004675550386309624
427,O-1X,1.5303032398223877,35.72341547278654,9.047579624166247e-06
427,O-T2X-R,1.4486901760101318,36.139662123372666,9.047579624166247e-06
427,profile-0,1.5117552280426025,35.937567606463524,0.0024541134480386972
427,profile-1,1.50729238986969,36.03561542063338,0.0032059161458164454
428,O-1X,1.530303716659546,35.72341452107458,1.0071834367408883e-05
428,O-T2X-R,1.4486910104751587,36.13965400569996,1.0071834367408883e-05
428,profile-0,1.5129482746124268,35.91406958848068,0.0016867761733010411
428,profile-1,1.5087976455688477,36.003403691151725,0.002177564660087228
429,O-1X,1.5303046703338623,35.723412141795585,1.2120342944399454e-05
429,O-T2X-R,1.4486918449401855,36.13965243453925,1.2120342944399454e-05
429,profile-0,1.513753890991211,35.8962716353341,0.0011039754608646035
429,profile-1,1.5098092555999756,35.97883758397038,0.0014383945381268859
430,O-1X,1.5303025245666504,35.72341309350703,1.6729487470001914e-05
430,O-T2X-R,1.4486901760101318,36.139662123372666,1.6729487470001914e-05
430,profile-0,1.5143102407455444,35.88234581680644,0.0007386580691672862
430,profile-1,1.510467767715454,35.96103563045732,0.0009127813391387463
431,O-1X,1.5303044319152832,35.723410238373326,1.1437507055234164e-05
431,O-T2X-R,1.4486899375915527,36.13966029034847,1.1437507055234164e-05
431,profile-0,1.5146753787994385,35.87235515719449,0.0004644993459805846
431,profile-1,1.5109272003173828,35.94776571267956,0.0005882633849978447
432,O-1X,1.5303033590316772,35.723413569362826,1.1608215572778136e-05
432,O-T2X-R,1.4486899375915527,36.13965688616273,1.1608215572778136e-05
432,profile-0,1.5149366855621338,35.86440529503534,0.00032246942282654345
432,profile-1,1.5112388134002686,35.93800454874604,0.0003917772846762091
433,O-1X,1.5303040742874146,35.723412141795585,1.2632470316020772e-05
433,O-T2X-R,1.4486902952194214,36.139649030359664,1.2632470316020772e-05
433,profile-0,1.5151135921478271,35.85876734768269,0.00021782475232612342
433,profile-1,1.5114327669143677,35.93150145226768,0.00024308970023412257
434,O-1X,1.530303955078125,35.72341309350703,1.2803178833564743e-05
434,O-T2X-R,1.448691487312317,36.139649554079426,1.2803178833564743e-05
434,profile-0,1.5152393579483032,35.85445479328226,0.00015585737128276378
434,profile-1,1.5115684270858765,35.926716655198405,0.0001688312622718513
435,O-1X,1.5303016901016235,35.72341832792368,1.2461760888982099e-05
435,O-T2X-R,1.448689341545105,36.13965557686123,1.2461760888982099e-05
435,profile-0,1.5153192281723022,35.85124413592595,0.00010413252311991528
435,profile-1,1.5116616487503052,35.92301517392939,0.00012120343308197334
436,O-1X,1.5303046703338623,35.72341071422882,1.314459768764209e-05
436,O-T2X-R,1.448691487312317,36.13965688616273,1.314459768764209e-05
436,profile-0,1.5153895616531372,35.84855889053824,8.501311094732955e-05
436,profile-1,1.5117307901382446,35.920168685303786,8.791516302153468e-05
437,O-1X,1.5303049087524414,35.72341071422882,1.2291052371438127e-05
437,O-T2X-R,1.4486918449401855,36.13965086337911,1.2291052371438127e-05
437,profile-0,1.5154294967651367,35.84675006630123,5.394406252889894e-05
437,profile-1,1.511766791343689,35.91865281375248,5.206626155995764e-05
438,O-1X,1.5303047895431519,35.723413569362826,1.3486015632224735e-05
438,O-T2X-R,1.448691725730896,36.13965426756013,1.3486015632224735e-05
438,profile-0,1.515444040298462,35.84611319087523,2.9191249268478714e-05
438,profile-1,1.5117830038070679,35.9180142650265,3.226401167921722e-05
439,O-1X,1.5303033590316772,35.72341547278654,1.0925379683612846e-05
439,O-T2X-R,1.4486886262893677,36.13965898104595,1.0925379683612846e-05
439,profile-0,1.5154480934143066,35.84589390411993,1.6388068615924567e-05
439,profile-1,1.511785864830017,35.917804256266905,1.5875943063292652e-05
440,O-1X,1.5303040742874146,35.723413569362826,1.126679762819549e-05
440,O-T2X-R,1.448689579963684,36.1396537438398,1.126679762819549e-05
440,profile-0,1.5154544115066528,35.84568833284231,1.6558778952457942e-05
440,profile-1,1.5117915868759155,35.91760470758953,1.6217360098380595e-05
441,O-1X,1.530303955078125,35.723412141795585,1.2461760888982099e-05
441,O-T2X-R,1.4486911296844482,36.1396558387215,1.2461760888982099e-05
441,profile-0,1.515454649925232,35.845630578853324,1.3486015632224735e-05
441,profile-1,1.511791706085205,35.91756489847661,1.314459768764209e-05
442,O-1X,1.5303046703338623,35.72341309350703,1.2291052371438127e-05
442,O-T2X-R,1.4486932754516602,36.13965400569996,1.2291052371438127e-05
442,profile-0,1.5154578685760498,35.845540523318256,1.4851688320050016e-05
442,profile-1,1.5117939710617065,35.91749324299292,1.382743357680738e-05
443,O-1X,1.5303031206130981,35.723414996930536,1.2461760888982099e-05
443,O-T2X-R,1.4486902952194214,36.13965688616273,1.2461760888982099e-05
443,profile-0,1.5154578685760498,35.845485218398906,1.3656724149768706e-05
443,profile-1,1.5117932558059692,35.91743800936446,1.3656724149768706e-05
444,O-1X,1.5303033590316772,35.723416424498716,1.1949634426855482e-05
444,O-T2X-R,1.448689579963684,36.13965557686123,1.1949634426855482e-05
444,profile-0,1.5154578685760498,35.845486197240916,1.1949634426855482e-05
444,profile-1,1.5117939710617065,35.91743850696158,1.1949634426855482e-05
445,O-1X,1.5303031206130981,35.72341785206736,1.2632470316020772e-05
445,O-T2X-R,1.4486913681030273,36.13965400569996,1.2632470316020772e-05
445,profile-0,1.5154571533203125,35.8454886443469,1.2632470316020772e-05
445,profile-1,1.5117939710617065,35.917439999753284,1.2632470316020772e-05
446,O-1X,1.5303024053573608,35.72341547278654,1.3315306205186062e-05
446,O-T2X-R,1.448689579963684,36.1396566243024,1.3315306205186062e-05
446,profile-0,1.5154575109481812,35.845486197240916,1.3315306205186062e-05
446,profile-1,1.5117932558059692,35.91743850696158,1.3315306205186062e-05
447,O-1X,1.5303021669387817,35.723414996930536,9.047579624166247e-06
447,O-T2X-R,1.4486891031265259,36.13965688616273,9.047579624166247e-06
447,profile-0,1.515457034111023,35.845485218398906,9.047579624166247e-06
447,profile-1,1.5117924213409424,35.91743800936446,9.047579624166247e-06
448,O-1X,1.5303031206130981,35.72341547278654,1.1778924999816809e-05
448,O-T2X-R,1.448689579963684,36.13965688616273,1.1778924999816809e-05
448,profile-0,1.5154582262039185,35.845485218398906,1.1778924999816809e-05
448,profile-1,1.5117943286895752,35.91743701417039,1.1778924999816809e-05
449,O-1X,1.5303035974502563,35.723413569362826,1.1096089110651519e-05
449,O-T2X-R,1.4486901760101318,36.13965950476691,1.1096089110651519e-05
449,profile-0,1.5154590606689453,35.84548326071555,1.1096089110651519e-05
449,profile-1,1.5117948055267334,35.91743552137971,1.1096089110651519e-05
450,O-1X,1.530302882194519,35.72341452107458,1.2291052371438127e-05
450,O-T2X-R,1.4486877918243408,36.13965924290642,1.2291052371438127e-05
450,profile-0,1.5154577493667603,35.845485218398906,1.2291052371438127e-05
450,profile-1,1.5117937326431274,35.91743701417039,1.2291052371438127e-05
451,O-1X,1.5303035974502563,35.723410238373326,1.4680978893011343e-05
451,O-T2X-R,1.4486911296844482,36.13965636244208,1.4680978893011343e-05
451,profile-0,1.5154579877853394,35.84548130303308,1.4680978893011343e-05
451,profile-1,1.5117937326431274,35.91743303339639,1.4680978893011343e-05
452,O-1X,1.5303031206130981,35.72341547278654,1.2803178833564743e-05
452,O-T2X-R,1.448689341545105,36.13965845732505,1.2803178833564743e-05
452,profile-0,1.515458583831787,35.84548472897798,1.2803178833564743e-05
452,profile-1,1.5117939710617065,35.91743701417039,1.2803178833564743e-05
453,O-1X,1.530302882194519,35.723413569362826,1.2803178833564743e-05
453,O-T2X-R,1.4486911296844482,36.1396566243024,1.2803178833564743e-05
453,profile-0,1.515458345413208,35.84548375013631,1.2803178833564743e-05
453,profile-1,1.5117944478988647,35.917436516573446,1.2803178833564743e-05
454,O-1X,1.5303025245666504,35.723413569362826,1.3998143003846053e-05
454,O-T2X-R,1.4486911296844482,36.13965505314074,1.3998143003846053e-05
454,profile-0,1.5154579877853394,35.84548375013631,1.3998143003846053e-05
454,profile-1,1.5117937326431274,35.91743552137971,1.3998143003846053e-05
455,O-1X,1.5303024053573608,35.72341690035488,1.314459768764209e-05
455,O-T2X-R,1.44869065284729,36.13965688616273,1.314459768764209e-05
455,profile-0,1.5154575109481812,35.845486686662,1.314459768764209e-05
455,profile-1,1.5117932558059692,35.91744049735063,1.314459768764209e-05
456,O-1X,1.5303033590316772,35.723413569362826,1.3656724149768706e-05
456,O-T2X-R,1.4486899375915527,36.13965164895911,1.3656724149768706e-05
456,profile-0,1.5154582262039185,35.845484239557116,1.3656724149768706e-05
456,profile-1,1.5117943286895752,35.91743552137971,1.3656724149768706e-05
457,O-1X,1.5303021669387817,35.72341690035488,1.1437507055234164e-05
457,O-T2X-R,1.4486877918243408,36.13966159965139,1.1437507055234164e-05
457,profile-0,1.5154573917388916,35.84548717608314,1.1437507055234164e-05
457,profile-1,1.5117931365966797,35.91743950215599,1.1437507055234164e-05
458,O-1X,1.5303027629852295,35.723416424498716,1.2120342944399454e-05
458,O-T2X-R,1.44869065284729,36.13965740988344,1.2120342944399454e-05
458,profile-0,1.5154575109481812,35.845487665504336,1.2120342944399454e-05
458,profile-1,1.5117932558059692,35.917439999753284,1.2120342944399454e-05
459,O-1X,1.5303032398223877,35.72341547278654,1.0754670256574173e-05
459,O-T2X-R,1.4486905336380005,36.13965688616273,1.0754670256574173e-05
459,profile-0,1.5154579877853394,35.845485218398906,1.0754670256574173e-05
459,profile-1,1.5117934942245483,35.91743800936446,1.0754670256574173e-05
460,O-1X,1.5303035974502563,35.723414996930536,9.90112494037021e-06
460,O-T2X-R,1.4486898183822632,36.1396558387215,9.90112494037021e-06
460,profile-0,1.5154590606689453,35.84548472897798,9.90112494037021e-06
460,profile-1,1.5117948055267334,35.91743701417039,9.90112494037021e-06
461,O-1X,1.5303049087524414,35.723410238373326,9.90112494037021e-06
461,O-T2X-R,1.448691487312317,36.139645626182755,9.90112494037021e-06
461,profile-0,1.515459418296814,35.8454798347718,9.90112494037021e-06
461,profile-1,1.5117955207824707,35.91743203820346,9.90112494037021e-06
462,O-1X,1.5303027629852295,35.72341690035488,1.2120342944399454e-05
462,O-T2X-R,1.4486913681030273,36.13965688616273,1.2120342944399454e-05
462,profile-0,1.5154582262039185,35.84548717608314,1.2120342944399454e-05
462,profile-1,1.5117939710617065,35.91743950215599,1.2120342944399454e-05
463,O-1X,1.5303032398223877,35.72341309350703,1.6217360098380595e-05
463,O-T2X-R,1.4486894607543945,36.139653220119534,1.6217360098380595e-05
463,profile-0,1.5154577493667603,35.84548326071555,1.6217360098380595e-05
463,profile-1,1.511794090270996,35.91743452618621,1.6217360098380595e-05
464,O-1X,1.5303046703338623,35.723414996930536,1.3998143003846053e-05
464,O-T2X-R,1.4486894607543945,36.13965819546462,1.3998143003846053e-05
464,profile-0,1.5154597759246826,35.84548472897798,1.3998143003846053e-05
464,profile-1,1.5117958784103394,35.91743701417039,1.3998143003846053e-05
465,O-1X,1.5303033590316772,35.723413569362826,1.314459768764209e-05
465,O-T2X-R,1.448689579963684,36.1396566243024,1.314459768764209e-05
465,profile-0,1.5154578685760498,35.84548375013631,1.314459768764209e-05
465,profile-1,1.5117939710617065,35.91743552137971,1.314459768764209e-05
466,O-1X,1.530303716659546,35.723414996930536,1.5022396837593988e-05
466,O-T2X-R,1.4486889839172363,36.13965924290642,1.5022396837593988e-05
466,profile-0,1.515458583831787,35.845485218398906,1.5022396837593988e-05
466,profile-1,1.511794924736023,35.91743701417039,1.5022396837593988e-05
467,O-1X,1.530303716659546,35.72341309350703,1.1949634426855482e-05
467,O-T2X-R,1.4486899375915527,36.13965426756013,1.1949634426855482e-05
467,profile-0,1.515458583831787,35.84548326071555,1.1949634426855482e-05
467,profile-1,1.5117946863174438,35.917435023782936,1.1949634426855482e-05
468,O-1X,1.5303035974502563,35.723416424498716,9.047579624166247e-06
468,O-T2X-R,1.4486901760101318,36.13965086337911,9.047579624166247e-06
468,profile-0,1.5154579877853394,35.845486197240916,9.047579624166247e-06
468,profile-1,1.5117937326431274,35.91743850696158,9.047579624166247e-06
469,O-1X,1.5303040742874146,35.723413569362826,1.0413252311991528e-05
469,O-T2X-R,1.4486913681030273,36.13965033965919,1.0413252311991528e-05
469,profile-0,1.5154589414596558,35.84548375013631,1.0413252311991528e-05
469,profile-1,1.5117943286895752,35.917436516573446,1.0413252311991528e-05
470,O-1X,1.5303020477294922,35.72341927963648,1.0583961739030201e-05
470,O-T2X-R,1.448688268661499,36.13965950476691,1.0583961739030201e-05
470,profile-0,1.5154565572738647,35.84549011261115,1.0583961739030201e-05
470,profile-1,1.511792540550232,35.91744199014302,1.0583961739030201e-05
471,O-1X,1.53030526638031,35.72341071422882,1.2803178833564743e-05
471,O-T2X-R,1.448691487312317,36.13965243453925,1.2803178833564743e-05
471,profile-0,1.51546049118042,35.845480813612596,1.2803178833564743e-05
471,profile-1,1.511796474456787,35.91743303339639,1.2803178833564743e-05
472,O-1X,1.5303051471710205,35.72341166593994,1.1778924999816809e-05
472,O-T2X-R,1.4486910104751587,36.13965164895911,1.1778924999816809e-05
472,profile-0,1.5154598951339722,35.84548130303308,1.1778924999816809e-05
472,profile-1,1.511795997619629,35.91743353099294,1.1778924999816809e-05
473,O-1X,1.5303032398223877,35.72341452107458,1.2461760888982099e-05
473,O-T2X-R,1.4486894607543945,36.13965767174382,1.2461760888982099e-05
473,profile-0,1.5154579877853394,35.84548472897798,1.2461760888982099e-05
473,profile-1,1.5117934942245483,35.91743800936446,1.2461760888982099e-05
474,O-1X,1.5303033590316772,35.72341690035488,1.5875943063292652e-05
474,O-T2X-R,1.448689341545105,36.13966002848794,1.5875943063292652e-05
474,profile-0,1.5154578685760498,35.84548717608314,1.5875943063292652e-05
474,profile-1,1.5117946863174438,35.91743850696158,1.5875943063292652e-05
475,O-1X,1.5303033590316772,35.72341690035488,9.90112494037021e-06
475,O-T2X-R,1.4486899375915527,36.13966081406959,9.90112494037021e-06
475,profile-0,1.5154582262039185,35.84548815492559,9.90112494037021e-06
475,profile-1,1.5117946863174438,35.917439999753284,9.90112494037021e-06
476,O-1X,1.5303019285202026,35.72341832792368,1.0413252311991528e-05
476,O-T2X-R,1.4486887454986572,36.13965924290642,1.0413252311991528e-05
476,profile-0,1.515457034111023,35.845487665504336,1.0413252311991528e-05
476,profile-1,1.5117931365966797,35.917439999753284,1.0413252311991528e-05
477,O-1X,1.5303027629852295,35.723416424498716,7.681907845835667e-06
477,O-T2X-R,1.4486889839172363,36.13965845732505,7.681907845835667e-06
477,profile-0,1.5154567956924438,35.845486686662,7.681907845835667e-06
477,profile-1,1.5117932558059692,35.91743850696158,7.681907845835667e-06
478,O-1X,1.5303016901016235,35.72341785206736,1.126679762819549e-05
478,O-T2X-R,1.4486889839172363,36.13965767174382,1.126679762819549e-05
478,profile-0,1.5154567956924438,35.84548815492559,1.126679762819549e-05
478,profile-1,1.5117928981781006,35.917439999753284,1.126679762819549e-05
479,O-1X,1.5303043127059937,35.72341309350703,1.1437507055234164e-05
479,O-T2X-R,1.4486898183822632,36.13965479128053,1.1437507055234164e-05
479,profile-0,1.5154587030410767,35.845482281874204,1.1437507055234164e-05
479,profile-1,1.5117944478988647,35.917435023782936,1.1437507055234164e-05
