frame,mode,mae,psnr,temporal_delta_residual
0,O-1X,1.7754325866699219,31.97221425343382,
0,O-T2X-R,1.625012993812561,33.25888850060513,
0,profile-0,1.7754325866699219,31.97221425343382,
0,profile-1,1.7754325866699219,31.97221425343382,
1,O-1X,1.7754325866699219,31.97221425343382,0.0
1,O-T2X-R,1.625012993812561,33.25888850060513,0.0
1,profile-0,1.7754325866699219,31.97221425343382,0.0
1,profile-1,1.7754325866699219,31.97221425343382,0.0
2,O-1X,1.7754325866699219,31.97221425343382,0.0
2,O-T2X-R,1.625012993812561,33.25888850060513,0.0
2,profile-0,1.7754325866699219,31.97221425343382,0.0
2,profile-1,1.7754325866699219,31.97221425343382,0.0
3,O-1X,1.7754325866699219,31.97221425343382,0.0
3,O-T2X-R,1.625012993812561,33.25888850060513,0.0
3,profile-0,1.7754325866699219,31.97221425343382,0.0
3,profile-1,1.7754325866699219,31.97221425343382,0.0
4,O-1X,1.7754325866699219,31.97221425343382,0.0
4,O-T2X-R,1.625012993812561,33.25888850060513,0.0
4,profile-0,1.7754325866699219,31.97221425343382,0.0
4,profile-1,1.7754325866699219,31.97221425343382,0.0
5,O-1X,1.7754325866699219,31.97221425343382,0.0
5,O-T2X-R,1.625012993812561,33.25888850060513,0.0
5,profile-0,1.7754325866699219,31.97221425343382,0.0
5,profile-1,1.7754325866699219,31.97221425343382,0.0
6,O-1X,1.7754325866699219,31.97221425343382,0.0
6,O-T2X-R,1.625012993812561,33.25888850060513,0.0
6,profile-0,1.7754325866699219,31.97221425343382,0.0
6,profile-1,1.7754325866699219,31.97221425343382,0.0
7,O-1X,1.7754325866699219,31.97221425343382,0.0
7,O-T2X-R,1.625012993812561,33.25888850060513,0.0
7,profile-0,1.7754325866699219,31.97221425343382,0.0
7,profile-1,1.7754325866699219,31.97221425343382,0.0
8,O-1X,1.7754325866699219,31.97221425343382,0.0
8,O-T2X-R,1.625012993812561,33.25888850060513,0.0
8,profile-0,1.7754325866699219,31.97221425343382,0.0
8,profile-1,1.7754325866699219,31.97221425343382,0.0
9,O-1X,1.7754325866699219,31.97221425343382,0.0
9,O-T2X-R,1.625012993812561,33.25888850060513,0.0
9,profile-0,1.7754325866699219,31.97221425343382,0.0
9,profile-1,1.7754325866699219,31.97221425343382,0.0
10,O-1X,1.7754325866699219,31.97221425343382,0.0
10,O-T2X-R,1.625012993812561,33.25888850060513,0.0
10,profile-0,1.7754325866699219,31.97221425343382,0.0
10,profile-1,1.7754325866699219,31.97221425343382,0.0
11,O-1X,1.7754325866699219,31.97221425343382,0.0
11,O-T2X-R,1.625012993812561,33.25888850060513,0.0
11,profile-0,1.7754325866699219,31.97221425343382,0.0
11,profile-1,1.7754325866699219,31.97221425343382,0.0
12,O-1X,1.7754325866699219,31.97221425343382,0.0
12,O-T2X-R,1.625012993812561,33.25888850060513,0.0
12,profile-0,1.7754325866699219,31.97221425343382,0.0
12,profile-1,1.7754325866699219,31.97221425343382,0.0
13,O-1X,1.7754325866699219,31.97221425343382,0.0
13,O-T2X-R,1.625012993812561,33.25888850060513,0.0
13,profile-0,1.7754325866699219,31.97221425343382,0.0
13,profile-1,1.7754325866699219,31.97221425343382,0.0
14,O-1X,1.7754325866699219,31.97221425343382,0.0
14,O-T2X-R,1.625012993812561,33.25888850060513,0.0
14,profile-0,1.7754325866699219,31.97221425343382,0.0
14,profile-1,1.7754325866699219,31.97221425343382,0.0
15,O-1X,1.7754325866699219,31.97221425343382,0.0
15,O-T2X-R,1.625012993812561,33.25888850060513,0.0
15,profile-0,1.7754325866699219,31.97221425343382,0.0
15,profile-1,1.7754325866699219,31.97221425343382,0.0
16,O-1X,1.7754325866699219,31.97221425343382,0.0
16,O-T2X-R,1.625012993812561,33.25888850060513,0.0
16,profile-0,1.7754325866699219,31.97221425343382,0.0
16,profile-1,1.7754325866699219,31.97221425343382,0.0
17,O-1X,1.7754325866699219,31.97221425343382,0.0
17,O-T2X-R,1.625012993812561,33.25888850060513,0.0
17,profile-0,1.7754325866699219,31.97221425343382,0.0
17,profile-1,1.7754325866699219,31.97221425343382,0.0
18,O-1X,1.7754325866699219,31.97221425343382,0.0
18,O-T2X-R,1.625012993812561,33.25888850060513,0.0
18,profile-0,1.7754325866699219,31.97221425343382,0.0
18,profile-1,1.7754325866699219,31.97221425343382,0.0
19,O-1X,1.7754325866699219,31.97221425343382,0.0
19,O-T2X-R,1.625012993812561,33.25888850060513,0.0
19,profile-0,1.7754325866699219,31.97221425343382,0.0
19,profile-1,1.7754325866699219,31.97221425343382,0.0
20,O-1X,1.7754325866699219,31.97221425343382,0.0
20,O-T2X-R,1.625012993812561,33.25888850060513,0.0
20,profile-0,1.7754325866699219,31.97221425343382,0.0
20,profile-1,1.7754325866699219,31.97221425343382,0.0
21,O-1X,1.7754325866699219,31.97221425343382,0.0
21,O-T2X-R,1.625012993812561,33.25888850060513,0.0
21,profile-0,1.7754325866699219,31.97221425343382,0.0
21,profile-1,1.7754325866699219,31.97221425343382,0.0
22,O-1X,1.7754325866699219,31.97221425343382,0.0
22,O-T2X-R,1.625012993812561,33.25888850060513,0.0
22,profile-0,1.7754325866699219,31.97221425343382,0.0
22,profile-1,1.7754325866699219,31.97221425343382,0.0
23,O-1X,1.7754325866699219,31.97221425343382,0.0
23,O-T2X-R,1.625012993812561,33.25888850060513,0.0
23,profile-0,1.7754325866699219,31.97221425343382,0.0
23,profile-1,1.7754325866699219,31.97221425343382,0.0
24,O-1X,1.7754325866699219,31.97221425343382,0.0
24,O-T2X-R,1.625012993812561,33.25888850060513,0.0
24,profile-0,1.7754325866699219,31.97221425343382,0.0
24,profile-1,1.7754325866699219,31.97221425343382,0.0
25,O-1X,1.7754325866699219,31.97221425343382,0.0
25,O-T2X-R,1.625012993812561,33.25888850060513,0.0
25,profile-0,1.7754325866699219,31.97221425343382,0.0
25,profile-1,1.7754325866699219,31.97221425343382,0.0
26,O-1X,1.7754325866699219,31.97221425343382,0.0
26,O-T2X-R,1.625012993812561,33.25888850060513,0.0
26,profile-0,1.7754325866699219,31.97221425343382,0.0
26,profile-1,1.7754325866699219,31.97221425343382,0.0
27,O-1X,1.7754325866699219,31.97221425343382,0.0
27,O-T2X-R,1.625012993812561,33.25888850060513,0.0
27,profile-0,1.7754325866699219,31.97221425343382,0.0
27,profile-1,1.7754325866699219,31.97221425343382,0.0
28,O-1X,1.7754325866699219,31.97221425343382,0.0
28,O-T2X-R,1.625012993812561,33.25888850060513,0.0
28,profile-0,1.7754325866699219,31.97221425343382,0.0
28,profile-1,1.7754325866699219,31.97221425343382,0.0
29,O-1X,1.7754325866699219,31.97221425343382,0.0
29,O-T2X-R,1.625012993812561,33.25888850060513,0.0
29,profile-0,1.7754325866699219,31.97221425343382,0.0
29,profile-1,1.7754325866699219,31.97221425343382,0.0
30,O-1X,1.7754325866699219,31.97221425343382,0.0
30,O-T2X-R,1.625012993812561,33.25888850060513,0.0
30,profile-0,1.7754325866699219,31.97221425343382,0.0
30,profile-1,1.7754325866699219,31.97221425343382,0.0
31,O-1X,1.7754325866699219,31.97221425343382,0.0
31,O-T2X-R,1.625012993812561,33.25888850060513,0.0
31,profile-0,1.7754325866699219,31.97221425343382,0.0
31,profile-1,1.7754325866699219,31.97221425343382,0.0
32,O-1X,1.7754325866699219,31.97221425343382,0.0
32,O-T2X-R,1.625012993812561,33.25888850060513,0.0
32,profile-0,1.7754325866699219,31.97221425343382,0.0
32,profile-1,1.7754325866699219,31.97221425343382,0.0
33,O-1X,1.7754325866699219,31.97221425343382,0.0
33,O-T2X-R,1.625012993812561,33.25888850060513,0.0
33,profile-0,1.7754325866699219,31.97221425343382,0.0
33,profile-1,1.7754325866699219,31.97221425343382,0.0
34,O-1X,1.7754325866699219,31.97221425343382,0.0
34,O-T2X-R,1.625012993812561,33.25888850060513,0.0
34,profile-0,1.7754325866699219,31.97221425343382,0.0
34,profile-1,1.7754325866699219,31.97221425343382,0.0
35,O-1X,1.7754325866699219,31.97221425343382,0.0
35,O-T2X-R,1.625012993812561,33.25888850060513,0.0
35,profile-0,1.7754325866699219,31.97221425343382,0.0
35,profile-1,1.7754325866699219,31.97221425343382,0.0
36,O-1X,1.7754325866699219,31.97221425343382,0.0
36,O-T2X-R,1.625012993812561,33.25888850060513,0.0
36,profile-0,1.7754325866699219,31.97221425343382,0.0
36,profile-1,1.7754325866699219,31.97221425343382,0.0
37,O-1X,1.7754325866699219,31.97221425343382,0.0
37,O-T2X-R,1.625012993812561,33.25888850060513,0.0
37,profile-0,1.7754325866699219,31.97221425343382,0.0
37,profile-1,1.7754325866699219,31.97221425343382,0.0
38,O-1X,1.7754325866699219,31.97221425343382,0.0
38,O-T2X-R,1.625012993812561,33.25888850060513,0.0
38,profile-0,1.7754325866699219,31.97221425343382,0.0
38,profile-1,1.7754325866699219,31.97221425343382,0.0
39,O-1X,1.7754325866699219,31.97221425343382,0.0
39,O-T2X-R,1.625012993812561,33.25888850060513,0.0
39,profile-0,1.7754325866699219,31.97221425343382,0.0
39,profile-1,1.7754325866699219,31.97221425343382,0.0
40,O-1X,1.7754325866699219,31.97221425343382,0.0
40,O-T2X-R,1.625012993812561,33.25888850060513,0.0
40,profile-0,1.7754325866699219,31.97221425343382,0.0
40,profile-1,1.7754325866699219,31.97221425343382,0.0
41,O-1X,1.7754325866699219,31.97221425343382,0.0
41,O-T2X-R,1.625012993812561,33.25888850060513,0.0
41,profile-0,1.7754325866699219,31.97221425343382,0.0
41,profile-1,1.7754325866699219,31.97221425343382,0.0
42,O-1X,1.7754325866699219,31.97221425343382,0.0
42,O-T2X-R,1.625012993812561,33.25888850060513,0.0
42,profile-0,1.7754325866699219,31.97221425343382,0.0
42,profile-1,1.7754325866699219,31.97221425343382,0.0
43,O-1X,1.7754325866699219,31.97221425343382,0.0
43,O-T2X-R,1.625012993812561,33.25888850060513,0.0
43,profile-0,1.7754325866699219,31.97221425343382,0.0
43,profile-1,1.7754325866699219,31.97221425343382,0.0
44,O-1X,1.7754325866699219,31.97221425343382,0.0
44,O-T2X-R,1.625012993812561,33.25888850060513,0.0
44,profile-0,1.7754325866699219,31.97221425343382,0.0
44,profile-1,1.7754325866699219,31.97221425343382,0.0
45,O-1X,1.7754325866699219,31.97221425343382,0.0
45,O-T2X-R,1.625012993812561,33.25888850060513,0.0
45,profile-0,1.7754325866699219,31.97221425343382,0.0
45,profile-1,1.7754325866699219,31.97221425343382,0.0
46,O-1X,1.7754325866699219,31.97221425343382,0.0
46,O-T2X-R,1.625012993812561,33.25888850060513,0.0
46,profile-0,1.7754325866699219,31.97221425343382,0.0
46,profile-1,1.7754325866699219,31.97221425343382,0.0
47,O-1X,1.7754325866699219,31.97221425343382,0.0
47,O-T2X-R,1.625012993812561,33.25888850060513,0.0
47,profile-0,1.7754325866699219,31.97221425343382,0.0
47,profile-1,1.7754325866699219,31.97221425343382,0.0
48,O-1X,1.7754325866699219,31.97221425343382,0.0
48,O-T2X-R,1.625012993812561,33.25888850060513,0.0
48,profile-0,1.7754325866699219,31.97221425343382,0.0
48,profile-1,1.7754325866699219,31.97221425343382,0.0
49,O-1X,1.7754325866699219,31.97221425343382,0.0
49,O-T2X-R,1.625012993812561,33.25888850060513,0.0
49,profile-0,1.7754325866699219,31.97221425343382,0.0
49,profile-1,1.7754325866699219,31.97221425343382,0.0
50,O-1X,1.7754325866699219,31.97221425343382,0.0
50,O-T2X-R,1.625012993812561,33.25888850060513,0.0
50,profile-0,1.7754325866699219,31.97221425343382,0.0
50,profile-1,1.7754325866699219,31.97221425343382,0.0
51,O-1X,1.7754325866699219,31.97221425343382,0.0
51,O-T2X-R,1.625012993812561,33.25888850060513,0.0
51,profile-0,1.7754325866699219,31.97221425343382,0.0
51,profile-1,1.7754325866699219,31.97221425343382,0.0
52,O-1X,1.7754325866699219,31.97221425343382,0.0
52,O-T2X-R,1.625012993812561,33.25888850060513,0.0
52,profile-0,1.7754325866699219,31.97221425343382,0.0
52,profile-1,1.7754325866699219,31.97221425343382,0.0
53,O-1X,1.7754325866699219,31.97221425343382,0.0
53,O-T2X-R,1.625012993812561,33.25888850060513,0.0
53,profile-0,1.7754325866699219,31.97221425343382,0.0
53,profile-1,1.7754325866699219,31.97221425343382,0.0
54,O-1X,1.7754325866699219,31.97221425343382,0.0
54,O-T2X-R,1.625012993812561,33.25888850060513,0.0
54,profile-0,1.7754325866699219,31.97221425343382,0.0
54,profile-1,1.7754325866699219,31.97221425343382,0.0
55,O-1X,1.7754325866699219,31.97221425343382,0.0
55,O-T2X-R,1.625012993812561,33.25888850060513,0.0
55,profile-0,1.7754325866699219,31.97221425343382,0.0
55,profile-1,1.7754325866699219,31.97221425343382,0.0
56,O-1X,1.7754325866699219,31.97221425343382,0.0
56,O-T2X-R,1.625012993812561,33.25888850060513,0.0
56,profile-0,1.7754325866699219,31.97221425343382,0.0
56,profile-1,1.7754325866699219,31.97221425343382,0.0
57,O-1X,1.7754325866699219,31.97221425343382,0.0
57,O-T2X-R,1.625012993812561,33.25888850060513,0.0
57,profile-0,1.7754325866699219,31.97221425343382,0.0
57,profile-1,1.7754325866699219,31.97221425343382,0.0
58,O-1X,1.7754325866699219,31.97221425343382,0.0
58,O-T2X-R,1.625012993812561,33.25888850060513,0.0
58,profile-0,1.7754325866699219,31.97221425343382,0.0
58,profile-1,1.7754325866699219,31.97221425343382,0.0
59,O-1X,1.7754325866699219,31.97221425343382,0.0
59,O-T2X-R,1.625012993812561,33.25888850060513,0.0
59,profile-0,1.7754325866699219,31.97221425343382,0.0
59,profile-1,1.7754325866699219,31.97221425343382,0.0
60,O-1X,1.774896264076233,31.975133326641828,0.04204291105270386
60,O-T2X-R,1.6285184621810913,33.24899639129977,0.09615170210599899
60,profile-0,1.77402663230896,31.980097806492562,0.036254506558179855
60,profile-1,1.7736334800720215,31.981570404998916,0.03304159268736839
61,O-1X,1.7759917974472046,31.9796966772774,0.1986059844493866
61,O-T2X-R,1.6411101818084717,33.210448855457024,0.3202431797981262
61,profile-0,1.7695926427841187,32.01094757478828,0.16982205212116241
61,profile-1,1.7661126852035522,32.03862670723504,0.15570133924484253
62,O-1X,1.7768163681030273,31.958740853012984,0.415773868560791
62,O-T2X-R,1.63551664352417,33.26241741411319,0.6438288688659668
62,profile-0,1.756493091583252,32.08292455963143,0.3483649492263794
62,profile-1,1.7453734874725342,32.178567646829265,0.3181021511554718
63,O-1X,1.7794049978256226,31.942863512643736,0.6720890402793884
63,O-T2X-R,1.6863378286361694,33.02265841849637,0.8258357644081116
63,profile-0,1.73587965965271,32.22652266176298,0.550932765007019
63,profile-1,1.7125284671783447,32.44066314512619,0.4971223473548889
64,O-1X,1.787757396697998,31.901415369188527,0.9362576007843018
64,O-T2X-R,1.658083438873291,33.19502347181559,1.1703366041183472
64,profile-0,1.7200959920883179,32.36666411876351,0.752831220626831
64,profile-1,1.6795125007629395,32.75240521500157,0.668411135673523
65,O-1X,1.7829431295394897,31.90913890619266,1.1969780921936035
65,O-T2X-R,1.7608717679977417,32.74354101125549,1.1983410120010376
65,profile-0,1.7028448581695557,32.5109180071313,0.9400691986083984
65,profile-1,1.6433966159820557,33.075802348150376,0.826641857624054
66,O-1X,1.7797566652297974,31.949568209083104,1.4511847496032715
66,O-T2X-R,1.7149044275283813,33.08610395430572,1.5993674993515015
66,profile-0,1.7108135223388672,32.54828254736635,1.117323875427246
66,profile-1,1.6325328350067139,33.25379384277136,0.9708208441734314
67,O-1X,1.7718722820281982,31.963294209900095,1.6895724534988403
67,O-T2X-R,1.9173943996429443,32.14824826646607,1.5176165103912354
67,profile-0,1.7287296056747437,32.49173603109233,1.28571355342865
67,profile-1,1.6351791620254517,33.27818744674626,1.1172279119491577
68,O-1X,1.7758499383926392,31.9318603710733,1.8886077404022217
68,O-T2X-R,1.8634474277496338,32.59345731582044,2.122241735458374
68,profile-0,1.7532434463500977,32.37129974898275,1.4532601833343506
68,profile-1,1.6508610248565674,33.23621865838635,1.2724266052246094
69,O-1X,1.7772071361541748,31.93100580470609,2.0597167015075684
69,O-T2X-R,2.1034412384033203,31.6089658793187,1.7862647771835327
69,profile-0,1.7644511461257935,32.3539625087425,1.6220054626464844
69,profile-1,1.6644561290740967,33.22035239183524,1.4406592845916748
70,O-1X,1.7762489318847656,31.983993660891016,2.1703977584838867
70,O-T2X-R,2.104532241821289,31.749691106777863,2.653665542602539
70,profile-0,1.768294334411621,32.39524628052851,1.767555832862854
70,profile-1,1.6694539785385132,33.265153451416396,1.6003750562667847
71,O-1X,1.7744752168655396,31.981094358945732,2.2348222732543945
71,O-T2X-R,2.036816120147705,32.232524355792634,2.2752981185913086
71,profile-0,1.7654080390930176,32.387969500407905,1.898323655128479
71,profile-1,1.6690560579299927,33.266248889645524,1.742336392402649
72,O-1X,1.7779934406280518,31.92724532653855,2.276853084564209
72,O-T2X-R,2.1150941848754883,31.853413050000018,2.8746745586395264
72,profile-0,1.7605805397033691,32.40906533528653,2.012848138809204
72,profile-1,1.6661125421524048,33.30474962383156,1.8696856498718262
73,O-1X,1.775872826576233,31.95757266899522,2.3186826705932617
73,O-T2X-R,1.9422330856323242,32.56609737396169,2.380815029144287
73,profile-0,1.7430987358093262,32.5087156515193,2.111140012741089
73,profile-1,1.6530393362045288,33.36566629312148,1.9765626192092896
74,O-1X,1.78218412399292,31.928991680772832,2.3564236164093018
74,O-T2X-R,1.9730939865112305,32.29298248767887,2.8384227752685547
74,profile-0,1.7412699460983276,32.509080665831085,2.189303159713745
74,profile-1,1.644659161567688,33.39739706408479,2.054656982421875
75,O-1X,1.7798761129379272,31.91550932998031,2.3961150646209717
75,O-T2X-R,1.9621872901916504,32.125318379831455,2.573094129562378
75,profile-0,1.737858772277832,32.49019834609542,2.268205404281616
75,profile-1,1.6389728784561157,33.38432606924821,2.126832962036133
76,O-1X,1.7770099639892578,31.91175749213008,2.441915273666382
76,O-T2X-R,1.9937324523925781,32.054378231146885,2.938628673553467
76,profile-0,1.7451306581497192,32.44389558348765,2.3472259044647217
76,profile-1,1.6425256729125977,33.37829041874884,2.1999125480651855
77,O-1X,1.77410888671875,31.931966110509194,2.5003302097320557
77,O-T2X-R,2.0787367820739746,31.711441025029757,2.836303234100342
77,profile-0,1.757203221321106,32.379665186621935,2.435823917388916
77,profile-1,1.6562799215316772,33.30007615419812,2.279979705810547
78,O-1X,1.7845044136047363,31.910788985127994,2.551042318344116
78,O-T2X-R,2.0857605934143066,31.798558942821597,3.1463420391082764
78,profile-0,1.7766039371490479,32.317847378437214,2.5100555419921875
78,profile-1,1.6711138486862183,33.24513814545882,2.3545618057250977
79,O-1X,1.776548981666565,31.977597984909334,2.589658737182617
79,O-T2X-R,2.130110025405884,31.7504684077832,3.0736258029937744
79,profile-0,1.7794508934020996,32.35546540686579,2.565774440765381
79,profile-1,1.6725914478302002,33.283214504051315,2.401334285736084
80,O-1X,1.7838780879974365,31.938564412279106,2.603374719619751
80,O-T2X-R,2.1440629959106445,31.61734242529322,3.2414212226867676
80,profile-0,1.7741198539733887,32.393481092689555,2.572275400161743
80,profile-1,1.6677097082138062,33.333766014303905,2.4039578437805176
81,O-1X,1.779632329940796,31.915512894144065,2.6281750202178955
81,O-T2X-R,2.0891668796539307,31.74995679922069,3.145962953567505
81,profile-0,1.7704282999038696,32.37213332439483,2.5766379833221436
81,profile-1,1.6628426313400269,33.327044812117805,2.4006361961364746
82,O-1X,1.783130168914795,31.932193101226506,2.643123149871826
82,O-T2X-R,2.069908857345581,31.850602718053782,3.1478545665740967
82,profile-0,1.7661967277526855,32.40351931946383,2.5803186893463135
82,profile-1,1.6579344272613525,33.36857525463884,2.393537998199463
83,O-1X,1.77070951461792,31.990584110201503,2.6465671062469482
83,O-T2X-R,2.0637576580047607,31.872580393350773,3.1191978454589844
83,profile-0,1.7492433786392212,32.48402596033621,2.5657289028167725
83,profile-1,1.64448082447052,33.416057179217745,2.379896879196167
84,O-1X,1.7857277393341064,31.883989670401686,2.653926134109497
84,O-T2X-R,2.0541751384735107,31.965197324906317,3.104212760925293
84,profile-0,1.7594724893569946,32.41780665051356,2.5650267601013184
84,profile-1,1.6509770154953003,33.382689371022195,2.3776397705078125
85,O-1X,1.7773057222366333,31.949760996027265,2.6656439304351807
85,O-T2X-R,2.128239631652832,31.724825457527963,3.176612138748169
85,profile-0,1.758896827697754,32.44103365808235,2.5773985385894775
85,profile-1,1.647209882736206,33.40122353876252,2.3889927864074707
86,O-1X,1.7711759805679321,31.95824090697701,2.6667673587799072
86,O-T2X-R,2.115241527557373,31.825075117615413,3.214700698852539
86,profile-0,1.7504512071609497,32.48448867538634,2.5847976207733154
86,profile-1,1.6431388854980469,33.4379421128325,2.3973119258880615
87,O-1X,1.7738053798675537,31.95399968088504,2.669227123260498
87,O-T2X-R,2.093540668487549,31.876519483993775,3.210296869277954
87,profile-0,1.7463566064834595,32.52483362537133,2.5880558490753174
87,profile-1,1.6443959474563599,33.47697157654147,2.4083411693573
88,O-1X,1.7606114149093628,31.994798314914462,2.6659023761749268
88,O-T2X-R,2.0752604007720947,31.973183715579516,3.184692144393921
88,profile-0,1.7328319549560547,32.555786385041756,2.5823609828948975
88,profile-1,1.6265137195587158,33.527561270988706,2.4072494506835938
89,O-1X,1.76065993309021,31.988023884161613,2.6709179878234863
89,O-T2X-R,2.071561813354492,31.927292580463288,3.183082103729248
89,profile-0,1.7319135665893555,32.57234659703833,2.584136724472046
89,profile-1,1.6247937679290771,33.55146359076083,2.405000686645508
90,O-1X,1.7563896179199219,31.981401933411373,2.6767094135284424
90,O-T2X-R,2.078197956085205,31.913998783913925,3.189682960510254
90,profile-0,1.73213529586792,32.529385387221865,2.592634677886963
90,profile-1,1.623907446861267,33.513949291734875,2.4127769470214844
91,O-1X,1.7476534843444824,32.05610652567988,2.6730313301086426
91,O-T2X-R,2.108736991882324,31.860685576063975,3.2206673622131348
91,profile-0,1.7319443225860596,32.5638277838092,2.6016685962677
91,profile-1,1.6257271766662598,33.53272067455944,2.4226770401000977
92,O-1X,1.7436994314193726,32.13113387858001,2.6702775955200195
92,O-T2X-R,2.1128039360046387,31.853950658533762,3.262606143951416
92,profile-0,1.7292115688323975,32.620030666487445,2.6045219898223877
92,profile-1,1.625267505645752,33.5708689208873,2.428403854370117
93,O-1X,1.746068000793457,32.07776597336674,2.674330234527588
93,O-T2X-R,2.083362579345703,31.981089936465214,3.244448184967041
93,profile-0,1.7261340618133545,32.60927875432148,2.6142544746398926
93,profile-1,1.621039867401123,33.58564669836702,2.4364588260650635
94,O-1X,1.7364468574523926,32.13052588746544,2.675105094909668
94,O-T2X-R,2.0786662101745605,31.913170285446046,3.219270944595337
94,profile-0,1.7131131887435913,32.67182114602703,2.6070940494537354
94,profile-1,1.6087948083877563,33.62574322389486,2.4282968044281006
95,O-1X,1.7268940210342407,32.171648511125355,2.666551351547241
95,O-T2X-R,2.1009960174560547,31.864177885558224,3.2437644004821777
95,profile-0,1.711899757385254,32.679955825669154,2.600653886795044
95,profile-1,1.6074186563491821,33.64390366564202,2.4239585399627686
96,O-1X,1.7286306619644165,32.17877339687468,2.668793201446533
96,O-T2X-R,2.0969066619873047,31.8750400916889,3.261723279953003
96,profile-0,1.7150055170059204,32.68926933758254,2.611191511154175
96,profile-1,1.6091387271881104,33.67178356203732,2.4337759017944336
97,O-1X,1.7205249071121216,32.226570308887865,2.664475202560425
97,O-T2X-R,2.0810256004333496,32.04140854672361,3.25700306892395
97,profile-0,1.706398367881775,32.74072805148641,2.61183762550354
97,profile-1,1.6061427593231201,33.68562869631973,2.437709331512451
98,O-1X,1.720535397529602,32.23079170607176,2.6639404296875
98,O-T2X-R,2.068356990814209,32.0581686190127,3.2275476455688477
98,profile-0,1.7062640190124512,32.73742160912017,2.6101346015930176
98,profile-1,1.6030969619750977,33.69878033832951,2.438795328140259
99,O-1X,1.7078408002853394,32.27995241135146,2.655498504638672
99,O-T2X-R,2.0836594104766846,31.947159692454342,3.244671106338501
99,profile-0,1.6969847679138184,32.7702184605053,2.606583833694458
99,profile-1,1.5954365730285645,33.725878689742714,2.436164140701294
100,O-1X,1.7092252969741821,32.27604699782732,2.6547303199768066
100,O-T2X-R,2.087752342224121,31.937466917760293,3.256218671798706
100,profile-0,1.6973869800567627,32.76882188461913,2.608795166015625
100,profile-1,1.594956398010254,33.74825920985542,2.4388723373413086
101,O-1X,1.6972686052322388,32.33838625703912,2.6495249271392822
101,O-T2X-R,2.081782102584839,32.010158253291706,3.273449182510376
101,profile-0,1.6903738975524902,32.80190279834424,2.6086385250091553
101,profile-1,1.5915143489837646,33.76392632318656,2.4390692710876465
102,O-1X,1.700069785118103,32.37975464706775,2.6459569931030273
102,O-T2X-R,2.0604140758514404,32.120589958588276,3.2391343116760254
102,profile-0,1.688139796257019,32.87756476871656,2.603353500366211
102,profile-1,1.592310905456543,33.813425272853635,2.4380104541778564
103,O-1X,1.6871885061264038,32.40487280202813,2.640280246734619
103,O-T2X-R,2.0635673999786377,32.06197091951644,3.235325813293457
103,profile-0,1.6746699810028076,32.9295428307814,2.5949018001556396
103,profile-1,1.5788809061050415,33.87231403954555,2.432779312133789
104,O-1X,1.688018560409546,32.44435717345771,2.6303279399871826
104,O-T2X-R,2.0833237171173096,32.019181257146926,3.247046709060669
104,profile-0,1.6768739223480225,32.94469690408662,2.5887539386749268
104,profile-1,1.5819463729858398,33.86589501615829,2.428314685821533
105,O-1X,1.6835200786590576,32.4419008445314,2.6301968097686768
105,O-T2X-R,2.068812370300293,32.14715580551087,3.258291721343994
105,profile-0,1.6723395586013794,32.96101278103129,2.5885231494903564
105,profile-1,1.579183578491211,33.87244423204639,2.4312260150909424
106,O-1X,1.6718840599060059,32.50417052484934,2.6225056648254395
106,O-T2X-R,2.0588793754577637,32.21537442860058,3.2380404472351074
106,profile-0,1.6614923477172852,33.016600016972426,2.580209732055664
106,profile-1,1.5693432092666626,33.926533191574464,2.4232699871063232
107,O-1X,1.659663200378418,32.55557207188574,2.6076407432556152
107,O-T2X-R,2.057952404022217,32.07319866033271,3.239205837249756
107,profile-0,1.6521530151367188,33.038661032956284,2.5699732303619385
107,profile-1,1.5592964887619019,33.96696172073023,2.4148027896881104
108,O-1X,1.6581783294677734,32.585385408053014,2.6016933917999268
108,O-T2X-R,2.0666706562042236,32.00811882511667,3.254408359527588
108,profile-0,1.654005527496338,33.048405715985055,2.5684566497802734
108,profile-1,1.5638628005981445,33.95613077111755,2.4138386249542236
109,O-1X,1.6490155458450317,32.57935641908648,2.6014983654022217
109,O-T2X-R,2.0507729053497314,32.21505449723441,3.2510480880737305
109,profile-0,1.647610068321228,33.022518914855546,2.575188159942627
109,profile-1,1.5557143688201904,33.96959861342295,2.417825698852539
110,O-1X,1.648390769958496,32.569995926224806,2.597654104232788
110,O-T2X-R,2.0424957275390625,32.21694939456008,3.23634672164917
110,profile-0,1.6426256895065308,33.070485668782474,2.568809986114502
110,profile-1,1.5550570487976074,33.959590985246535,2.4171764850616455
111,O-1X,1.6349835395812988,32.652034588493294,2.5873889923095703
111,O-T2X-R,2.044902801513672,32.156575451600226,3.2334063053131104
111,profile-0,1.63400399684906,33.09984963477225,2.5588247776031494
111,profile-1,1.5443413257598877,34.02100767481573,2.409318685531616
112,O-1X,1.638946771621704,32.664771190359644,2.586064338684082
112,O-T2X-R,2.049268960952759,32.112525355311256,3.24782657623291
112,profile-0,1.6409138441085815,33.092936300237,2.5630671977996826
112,profile-1,1.5517041683197021,34.0066114643387,2.4110279083251953
113,O-1X,1.635469913482666,32.638086276429625,2.592289924621582
113,O-T2X-R,2.0490190982818604,32.24214571742762,3.2536187171936035
113,profile-0,1.6336416006088257,33.10085498819597,2.5719075202941895
113,profile-1,1.5448641777038574,34.03086440185332,2.4181535243988037
114,O-1X,1.6346997022628784,32.68086781022395,2.588921308517456
114,O-T2X-R,2.048069715499878,32.23833812525277,3.2530088424682617
114,profile-0,1.6335633993148804,33.14311615761876,2.569883108139038
114,profile-1,1.5467525720596313,34.06196177482262,2.4167580604553223
115,O-1X,1.6192388534545898,32.72388081472278,2.57761549949646
115,O-T2X-R,2.046675682067871,32.1699773464086,3.2569420337677
115,profile-0,1.6149272918701172,33.200129193429994,2.55684494972229
115,profile-1,1.5309275388717651,34.107659999875665,2.408399820327759
116,O-1X,1.6080875396728516,32.77845229217297,2.5565741062164307
116,O-T2X-R,2.044696807861328,32.17518742081917,3.2530434131622314
116,profile-0,1.6048834323883057,33.24234453721067,2.533040761947632
116,profile-1,1.521601676940918,34.14352344854861,2.3904244899749756
117,O-1X,1.5823087692260742,32.92970238818935,2.5288710594177246
117,O-T2X-R,2.0127243995666504,32.41991044264744,3.2299301624298096
117,profile-0,1.5790531635284424,33.406684860322365,2.5061755180358887
117,profile-1,1.4979134798049927,34.300264990768746,2.3665618896484375
118,O-1X,1.5646579265594482,33.030680000547264,2.4970438480377197
118,O-T2X-R,1.991502046585083,32.53495803075518,3.1866891384124756
118,profile-0,1.5630459785461426,33.51750820790757,2.473973512649536
118,profile-1,1.4834986925125122,34.40612096268352,2.3380086421966553
119,O-1X,1.5484939813613892,33.090325808058225,2.4702577590942383
119,O-T2X-R,1.9970359802246094,32.50790582880873,3.1784162521362305
119,profile-0,1.545137643814087,33.58249568521531,2.4489452838897705
119,profile-1,1.4667320251464844,34.46742669814245,2.3160834312438965
120,O-1X,1.5258880853652954,33.171837967991756,2.4403133392333984
120,O-T2X-R,1.9709627628326416,32.554839723877464,3.1614348888397217
120,profile-0,1.5242587327957153,33.64080173088476,2.419668674468994
120,profile-1,1.449924349784851,34.50193840283836,2.2917001247406006
121,O-1X,1.503090500831604,33.30543730710508,2.4094388484954834
121,O-T2X-R,1.9520739316940308,32.65599042430744,3.1312410831451416
121,profile-0,1.5039935111999512,33.744963279601805,2.393160820007324
121,profile-1,1.4335052967071533,34.57511782425311,2.2705674171447754
122,O-1X,1.4896818399429321,33.3561967015007,2.38352370262146
122,O-T2X-R,1.928715705871582,32.81918037997117,3.0984649658203125
122,profile-0,1.4903630018234253,33.83597985424803,2.3682668209075928
122,profile-1,1.4202512502670288,34.683187023227134,2.2497622966766357
123,O-1X,1.4769141674041748,33.41676467516169,2.368307113647461
123,O-T2X-R,1.9221009016036987,32.9155251835964,3.0714356899261475
123,profile-0,1.4766734838485718,33.88698476167913,2.3517231941223145
123,profile-1,1.405760407447815,34.77790887215353,2.232861042022705
124,O-1X,1.456905484199524,33.441456423965136,2.3450608253479004
124,O-T2X-R,1.9065669775009155,32.94412224474324,3.056974172592163
124,profile-0,1.456878423690796,33.91409612550705,2.3329062461853027
124,profile-1,1.3874527215957642,34.79895370354933,2.214294910430908
125,O-1X,1.4406923055648804,33.50446404177123,2.318018674850464
125,O-T2X-R,1.8976835012435913,32.85517706655341,3.0402026176452637
125,profile-0,1.4438279867172241,33.96819118198751,2.308274030685425
125,profile-1,1.3773117065429688,34.83371187445623,2.1943135261535645
126,O-1X,1.429564118385315,33.51161785691596,2.298147439956665
126,O-T2X-R,1.894642949104309,32.89699097380687,3.025212287902832
126,profile-0,1.4299980401992798,33.99310840108352,2.288475275039673
126,profile-1,1.3642116785049438,34.841924319717734,2.1772773265838623
127,O-1X,1.4186021089553833,33.58993245256846,2.2815213203430176
127,O-T2X-R,1.8817744255065918,33.0457781779628,3.0162556171417236
127,profile-0,1.4191207885742188,34.06095405122684,2.2673287391662598
127,profile-1,1.359987497329712,34.84031607815841,2.1652908325195312
128,O-1X,1.4012806415557861,33.59587145639478,2.255850315093994
128,O-T2X-R,1.8679125308990479,33.07970973643186,2.9768214225769043
128,profile-0,1.402015209197998,34.06257496166487,2.2415597438812256
128,profile-1,1.3416435718536377,34.86760739047945,2.1443400382995605
129,O-1X,1.3898496627807617,33.634400646914024,2.230756998062134
129,O-T2X-R,1.8624714612960815,33.11028698226714,2.95889949798584
129,profile-0,1.3884433507919312,34.128703510111805,2.2206778526306152
129,profile-1,1.3266582489013672,34.95630973037728,2.1197075843811035
130,O-1X,1.3694868087768555,33.72865300880663,2.207807779312134
130,O-T2X-R,1.8465137481689453,33.11654155731094,2.927262306213379
130,profile-0,1.3688499927520752,34.19851060728467,2.1944127082824707
130,profile-1,1.3087934255599976,35.02364876018191,2.0949864387512207
131,O-1X,1.3638840913772583,33.69084029166245,2.1923294067382812
131,O-T2X-R,1.8299576044082642,33.160514064489,2.91178035736084
131,profile-0,1.3624192476272583,34.16162546508247,2.1797568798065186
131,profile-1,1.3050450086593628,34.955140579626246,2.083062171936035
132,O-1X,1.3394029140472412,33.77445278015411,2.170067071914673
132,O-T2X-R,1.8202003240585327,33.117022509451296,2.8711557388305664
132,profile-0,1.337854266166687,34.23468919721744,2.154578447341919
132,profile-1,1.2816009521484375,35.025806138876085,2.0647058486938477
133,O-1X,1.3282301425933838,33.76200141831478,2.1485040187835693
133,O-T2X-R,1.7717665433883667,33.35176715906774,2.840609550476074
133,profile-0,1.3235585689544678,34.24886055035029,2.1311135292053223
133,profile-1,1.265710473060608,35.05480012224889,2.0396876335144043
134,O-1X,1.3046125173568726,33.8620364958433,2.1222615242004395
134,O-T2X-R,1.7747374773025513,33.35105473977041,2.806347370147705
134,profile-0,1.3041738271713257,34.29313726566237,2.105644941329956
134,profile-1,1.2502425909042358,35.07348469384301,2.0159764289855957
135,O-1X,1.286128044128418,33.90888896940014,2.089566707611084
135,O-T2X-R,1.7406779527664185,33.38793453649292,2.7798268795013428
135,profile-0,1.285852313041687,34.353749863853196,2.077904462814331
135,profile-1,1.2312209606170654,35.1475884485465,1.9912168979644775
136,O-1X,1.2697340250015259,34.00737682787807,2.0689034461975098
136,O-T2X-R,1.718181848526001,33.45563758900354,2.742838144302368
136,profile-0,1.2696332931518555,34.461906071530194,2.0608370304107666
136,profile-1,1.2186716794967651,35.23250846655469,1.9745033979415894
137,O-1X,1.240854263305664,34.05204530768983,2.033444404602051
137,O-T2X-R,1.692116141319275,33.56833000885696,2.7079997062683105
137,profile-0,1.2379814386367798,34.52012285074667,2.024718761444092
137,profile-1,1.1859943866729736,35.3229955362786,1.940987467765808
138,O-1X,1.1940993070602417,34.41898025003272,1.9709932804107666
138,O-T2X-R,1.6792187690734863,33.75514650347344,2.668555498123169
138,profile-0,1.1945106983184814,34.86729206973702,1.9600963592529297
138,profile-1,1.1462745666503906,35.679807847678816,1.8786475658416748
139,O-1X,1.163323998451233,34.62745381783031,1.9066442251205444
139,O-T2X-R,1.6370559930801392,34.072454032794816,2.5986955165863037
139,profile-0,1.1578060388565063,35.15389244835151,1.892021894454956
139,profile-1,1.1131770610809326,35.95837156979714,1.8159044981002808
140,O-1X,1.1285606622695923,34.864211961359246,1.856374740600586
140,O-T2X-R,1.6239079236984253,34.2308212507575,2.5370965003967285
140,profile-0,1.127186894416809,35.34284821221743,1.839132308959961
140,profile-1,1.0834226608276367,36.15123369820808,1.769561767578125
141,O-1X,1.0863369703292847,35.15832427755049,1.7984116077423096
141,O-T2X-R,1.5748127698898315,34.483573315907236,2.474138021469116
141,profile-0,1.0892943143844604,35.58359703905477,1.789253830909729
141,profile-1,1.048710584640503,36.38410445602015,1.7214373350143433
142,O-1X,1.0576223134994507,35.284815365798615,1.741544485092163
142,O-T2X-R,1.5261249542236328,34.62323471176596,2.4192821979522705
142,profile-0,1.0593159198760986,35.70717066454573,1.736769199371338
142,profile-1,1.0192993879318237,36.52359296778278,1.6723968982696533
143,O-1X,1.0424845218658447,35.35373093116439,1.7047897577285767
143,O-T2X-R,1.5151780843734741,34.70845040734754,2.3821442127227783
143,profile-0,1.044554352760315,35.821629430712676,1.701160192489624
143,profile-1,1.0066460371017456,36.649636362310424,1.6394761800765991
144,O-1X,1.0243068933486938,35.43293069749224,1.6811699867248535
144,O-T2X-R,1.5025389194488525,34.697341101156894,2.362842559814453
144,profile-0,1.025925636291504,35.90823823333292,1.6765639781951904
144,profile-1,0.9878188967704773,36.72247731563042,1.6149145364761353
145,O-1X,1.0148457288742065,35.461277305884515,1.6587821245193481
145,O-T2X-R,1.509016990661621,34.49002738843444,2.3630096912384033
145,profile-0,1.020495891571045,35.857240854638334,1.6564905643463135
145,profile-1,0.9857565760612488,36.593105785958016,1.5993330478668213
146,O-1X,1.0118122100830078,35.49389349225672,1.652599573135376
146,O-T2X-R,1.4797745943069458,34.65421437948943,2.3553977012634277
146,profile-0,1.0164201259613037,35.88364070314154,1.652251124382019
146,profile-1,0.984844982624054,36.56775128608408,1.598303198814392
147,O-1X,1.0120069980621338,35.39266475123763,1.6507407426834106
147,O-T2X-R,1.479565978050232,34.698943856796674,2.3415632247924805
147,profile-0,1.0129098892211914,35.81560485054608,1.6465778350830078
147,profile-1,0.9780545234680176,36.571750692119515,1.5929402112960815
148,O-1X,1.001847743988037,35.34794114051523,1.6441715955734253
148,O-T2X-R,1.4781363010406494,34.63580617931961,2.337667226791382
148,profile-0,1.0022436380386353,35.76751395992096,1.6372746229171753
148,profile-1,0.9692527651786804,36.50658405079627,1.5827525854110718
149,O-1X,0.9997283816337585,35.30330836311469,1.635989785194397
149,O-T2X-R,1.4593011140823364,34.685883142101915,2.3291544914245605
149,profile-0,0.9998335838317871,35.739479590871966,1.6291048526763916
149,profile-1,0.9666641354560852,36.50484651325869,1.5754612684249878
150,O-1X,0.9996362328529358,35.317949965033634,1.6341298818588257
150,O-T2X-R,1.4623253345489502,34.67658023971965,2.3248684406280518
150,profile-0,0.9994484186172485,35.711315621932165,1.6269398927688599
150,profile-1,0.9691761136054993,36.44352395060268,1.5768574476242065
151,O-1X,0.9989076256752014,35.30348072704282,1.6342401504516602
151,O-T2X-R,1.482547402381897,34.513704608202985,2.3241965770721436
151,profile-0,0.998133659362793,35.73569467375389,1.6278778314590454
151,profile-1,0.9703884720802307,36.469435698842915,1.581457257270813
152,O-1X,0.9732473492622375,35.33201748162652,1.622212290763855
152,O-T2X-R,1.4647637605667114,34.427735560015485,2.324063777923584
152,profile-0,0.9739608764648438,35.77143161053912,1.6128431558609009
152,profile-1,0.9477681517601013,36.454929437251764,1.5700620412826538
153,O-1X,0.945750892162323,35.37462549905471,1.577175498008728
153,O-T2X-R,1.4150089025497437,34.846934617794176,2.2781269550323486
153,profile-0,0.9469496011734009,35.812765214139425,1.5737723112106323
153,profile-1,0.9221891164779663,36.507723414024476,1.5333251953125
154,O-1X,0.9249376654624939,35.57771731960099,1.5404088497161865
154,O-T2X-R,1.4032599925994873,34.79176653139452,2.2255499362945557
154,profile-0,0.9290348887443542,35.95995664475493,1.538603663444519
154,profile-1,0.9087874293327332,36.63856125391255,1.502320647239685
155,O-1X,0.910341203212738,35.59030333960202,1.5104687213897705
155,O-T2X-R,1.3969932794570923,34.90330378076904,2.20723557472229
155,profile-0,0.912898600101471,36.00961184662352,1.5110883712768555
155,profile-1,0.8911963701248169,36.72676902840671,1.4776543378829956
156,O-1X,0.8887123465538025,35.74247434180327,1.4807538986206055
156,O-T2X-R,1.3520485162734985,34.913244403385384,2.172468900680542
156,profile-0,0.8958154320716858,36.092427046722065,1.485922932624817
156,profile-1,0.877173662185669,36.767645500975476,1.4552971124649048
157,O-1X,0.8732725977897644,35.748175711357916,1.451047658920288
157,O-T2X-R,1.3420523405075073,35.06653533447205,2.1376254558563232
157,profile-0,0.879908561706543,36.10192743990561,1.4599887132644653
157,profile-1,0.8609957098960876,36.80976307030445,1.430294156074524
158,O-1X,0.8511340022087097,35.76730821983793,1.4260525703430176
158,O-T2X-R,1.3160451650619507,35.130495109176586,2.105074882507324
158,profile-0,0.8565391898155212,36.14826175635055,1.4318662881851196
158,profile-1,0.8380926847457886,36.859235896795404,1.4033011198043823
159,O-1X,0.839860200881958,35.84786053830017,1.3972063064575195
159,O-T2X-R,1.306374430656433,35.18414770740735,2.076704263687134
159,profile-0,0.848476767539978,36.16599410605727,1.4063529968261719
159,profile-1,0.8308261036872864,36.88227035644547,1.3787424564361572
160,O-1X,0.8298638463020325,35.94379843829158,1.3840168714523315
160,O-T2X-R,1.2721185684204102,35.26807200101442,2.0538878440856934
160,profile-0,0.8377283811569214,36.269851647170846,1.3943862915039062
160,profile-1,0.8224311470985413,36.938997019425955,1.369228482246399
161,O-1X,0.8206532597541809,35.83272959278491,1.3721923828125
161,O-T2X-R,1.2609654664993286,35.185379751420605,2.0314736366271973
161,profile-0,0.8265635371208191,36.167441495545624,1.3792340755462646
161,profile-1,0.8093109726905823,36.861719198879335,1.3547301292419434
162,O-1X,0.8054449558258057,35.951665396037896,1.3543293476104736
162,O-T2X-R,1.2390778064727783,35.145728817536245,2.001736879348755
162,profile-0,0.812329113483429,36.29921285910656,1.3605058193206787
162,profile-1,0.7980716824531555,36.91165199945213,1.3369463682174683
163,O-1X,0.8023158311843872,35.96221543394127,1.3384402990341187
163,O-T2X-R,1.2355995178222656,35.14925458409308,1.9853016138076782
163,profile-0,0.8102560043334961,36.27515730347491,1.3499969244003296
163,profile-1,0.7941875457763672,36.93158090057608,1.3281818628311157
164,O-1X,0.799247145652771,35.86898263451408,1.3408745527267456
164,O-T2X-R,1.2109912633895874,35.03411100283438,1.9719724655151367
164,profile-0,0.8051501512527466,36.178030822288285,1.3497443199157715
164,profile-1,0.787034809589386,36.88731334049657,1.3221566677093506
165,O-1X,0.7771104574203491,35.94628025245756,1.3212664127349854
165,O-T2X-R,1.1824816465377808,35.200383128496625,1.9461424350738525
165,profile-0,0.7825605273246765,36.28930966395865,1.3287689685821533
165,profile-1,0.7636423707008362,37.00197125104106,1.2987334728240967
166,O-1X,0.7627595067024231,36.0721632310204,1.2926563024520874
166,O-T2X-R,1.1588568687438965,35.19706980818952,1.9015612602233887
166,profile-0,0.7698975205421448,36.35314124489861,1.3014631271362305
166,profile-1,0.7516849040985107,37.060453120437316,1.2714956998825073
167,O-1X,0.7470999956130981,36.14088047001697,1.270373821258545
167,O-T2X-R,1.1280488967895508,35.291953043449446,1.868612289428711
167,profile-0,0.7569637298583984,36.37970258955689,1.283091425895691
167,profile-1,0.7389066219329834,37.078844784585094,1.2547829151153564
168,O-1X,0.7320883274078369,36.11512452696918,1.2443711757659912
168,O-T2X-R,1.1175665855407715,35.34294629804856,1.8234816789627075
168,profile-0,0.7370776534080505,36.440190274851375,1.2558742761611938
168,profile-1,0.7188044786453247,37.17604335124234,1.226572036743164
169,O-1X,0.7010113000869751,36.408908521567206,1.208333134651184
169,O-T2X-R,1.0779021978378296,35.53343792123583,1.7851529121398926
169,profile-0,0.7072324156761169,36.69233281851482,1.2162455320358276
169,profile-1,0.691791296005249,37.36995040636162,1.1889880895614624
170,O-1X,0.7089383006095886,36.14912743321595,1.1916134357452393
170,O-T2X-R,1.0789669752120972,35.00818109172257,1.78071928024292
170,profile-0,0.7188529372215271,36.380923191098766,1.2020047903060913
170,profile-1,0.7025980353355408,37.01158357618312,1.1773695945739746
171,O-1X,0.7247437834739685,35.89764993393655,1.2143906354904175
171,O-T2X-R,1.082717776298523,34.85389316535443,1.799226999282837
171,profile-0,0.7324172854423523,36.14688894043672,1.2257328033447266
171,profile-1,0.7156174778938293,36.76155299633575,1.1978117227554321
172,O-1X,0.7202013731002808,35.91367382631751,1.2243067026138306
172,O-T2X-R,1.102181315422058,34.55878255874807,1.814064383506775
172,profile-0,0.7279083728790283,36.159946009438755,1.2352280616760254
172,profile-1,0.7128497958183289,36.753206773584814,1.207379937171936
173,O-1X,0.7062443494796753,36.00146378062003,1.2091385126113892
173,O-T2X-R,1.0705147981643677,34.698302683559746,1.8103630542755127
173,profile-0,0.7138921618461609,36.26634015873422,1.2211074829101562
173,profile-1,0.7025720477104187,36.796939506674875,1.1971246004104614
174,O-1X,0.7009798884391785,36.00393867634442,1.1929669380187988
174,O-T2X-R,1.0626999139785767,34.640070523208564,1.7715877294540405
174,profile-0,0.7082590460777283,36.26960691883757,1.2030854225158691
174,profile-1,0.6990761160850525,36.76774959654235,1.1852580308914185
175,O-1X,0.7102080583572388,35.848468284504435,1.198458194732666
175,O-T2X-R,1.062691330909729,34.533794322512634,1.7801167964935303
175,profile-0,0.7202708721160889,36.08865128294481,1.2116594314575195
175,profile-1,0.7083516120910645,36.6339743142682,1.1926822662353516
176,O-1X,0.7177453637123108,35.71705555742257,1.214372158050537
176,O-T2X-R,1.0705987215042114,34.38794620808291,1.7913479804992676
176,profile-0,0.7284116148948669,35.92385478360597,1.2313179969787598
176,profile-1,0.7161664962768555,36.4966098683197,1.208743929862976
177,O-1X,0.7144701480865479,35.71274609723724,1.2199310064315796
177,O-T2X-R,1.074814796447754,34.45492400028105,1.7991834878921509
177,profile-0,0.7252451181411743,35.93778257257338,1.235845685005188
177,profile-1,0.7138252258300781,36.48561628275446,1.2134253978729248
178,O-1X,0.7259253859519958,35.543156166471164,1.226699948310852
178,O-T2X-R,1.0734694004058838,34.252928094792885,1.7974774837493896
178,profile-0,0.734737753868103,35.784245620888626,1.241016149520874
178,profile-1,0.7246971726417542,36.300175999769394,1.2205395698547363
179,O-1X,0.734341025352478,35.37120116887947,1.2440497875213623
179,O-T2X-R,1.105731725692749,34.027700214547956,1.822485089302063
179,profile-0,0.7411344051361084,35.62373294880014,1.2540555000305176
179,profile-1,0.7310342192649841,36.141901085287806,1.235795259475708
180,O-1X,0.733791172504425,35.34484131514318,1.2521599531173706
180,O-T2X-R,1.0840494632720947,34.08065560127526,1.8357415199279785
180,profile-0,0.7387118339538574,35.63483131531263,1.2587862014770508
180,profile-1,0.7259262800216675,36.210247098699895,1.2386106252670288
181,O-1X,0.7310854196548462,35.38161158129914,1.2481456995010376
181,O-T2X-R,1.0788251161575317,34.096006672776994,1.819379210472107
181,profile-0,0.7377475500106812,35.6473793794345,1.2549186944961548
181,profile-1,0.7258769273757935,36.20344985722646,1.2328596115112305
182,O-1X,0.7277771234512329,35.38582685822303,1.245071291923523
182,O-T2X-R,1.0689728260040283,34.10844338175906,1.8049921989440918
182,profile-0,0.7345502972602844,35.64830111146753,1.2524980306625366
182,profile-1,0.7233704328536987,36.19729607249464,1.2313549518585205
183,O-1X,0.7214455008506775,35.33716780999985,1.236962914466858
183,O-T2X-R,1.0650488138198853,33.910629950430845,1.7977288961410522
183,profile-0,0.7271705865859985,35.59918413958688,1.244937777519226
183,profile-1,0.7178962826728821,36.09829177273867,1.2243740558624268
184,O-1X,0.7122324705123901,35.52921895526397,1.225862979888916
184,O-T2X-R,1.0591328144073486,34.03439082725668,1.793169617652893
184,profile-0,0.7181882262229919,35.799618461706885,1.233898401260376
184,profile-1,0.7107952833175659,36.27496846629705,1.2175261974334717
185,O-1X,0.7104856371879578,35.50429716089385,1.2225087881088257
185,O-T2X-R,1.0485584735870361,34.243931920960684,1.7855175733566284
185,profile-0,0.7124986052513123,35.83864654298289,1.2250220775604248
185,profile-1,0.7058250904083252,36.31375167734098,1.2101812362670898
186,O-1X,0.7105785012245178,35.519066908068986,1.2171781063079834
186,O-T2X-R,1.0447602272033691,34.187293430319684,1.7634501457214355
186,profile-0,0.7115223407745361,35.83482306744214,1.215433955192566
186,profile-1,0.7047866582870483,36.29093323199446,1.2019097805023193
187,O-1X,0.7143403887748718,35.54890925372848,1.2178040742874146
187,O-T2X-R,1.0691977739334106,34.04796708710388,1.7770947217941284
187,profile-0,0.7074690461158752,35.97059839627231,1.2095788717269897
187,profile-1,0.6947163939476013,36.51743122964345,1.1916364431381226
188,O-1X,0.6931972503662109,35.821669830314825,1.2049742937088013
188,O-T2X-R,1.009826898574829,34.447069529481176,1.7558091878890991
188,profile-0,0.6941025257110596,36.12155220579333,1.1925878524780273
188,profile-1,0.6810480356216431,36.64889755464327,1.1684222221374512
189,O-1X,0.6927884221076965,35.75323002901155,1.1838692426681519
189,O-T2X-R,1.0204904079437256,34.34973457619114,1.71160888671875
189,profile-0,0.693583071231842,36.08315313234242,1.181302785873413
189,profile-1,0.6824116706848145,36.597634027876815,1.1575654745101929
190,O-1X,0.6789951324462891,35.80454346768955,1.170751690864563
190,O-T2X-R,0.9999455213546753,34.4540524741683,1.697408676147461
190,profile-0,0.6806929707527161,36.15756388801861,1.1690168380737305
190,profile-1,0.6729193925857544,36.65137507326057,1.1505051851272583
191,O-1X,0.662475049495697,36.03692460556423,1.1446720361709595
191,O-T2X-R,0.975696861743927,34.72953752874616,1.665503978729248
191,profile-0,0.6688534617424011,36.29820946385041,1.1485276222229004
191,profile-1,0.6613562703132629,36.784286741672,1.1328809261322021
192,O-1X,0.6520720720291138,36.093385037982976,1.1224185228347778
192,O-T2X-R,0.9731170535087585,34.677459815682184,1.635696291923523
192,profile-0,0.6569145917892456,36.383072394159505,1.129095435142517
192,profile-1,0.6518849730491638,36.79006083161683,1.1147639751434326
193,O-1X,0.6184276938438416,36.429840617232244,1.0858075618743896
193,O-T2X-R,0.9456129670143127,35.000524271191196,1.6126298904418945
193,profile-0,0.6258533596992493,36.67009425993426,1.092569351196289
193,profile-1,0.6192457675933838,37.137619642092076,1.0808625221252441
194,O-1X,0.5936664938926697,36.64177858292184,1.0356841087341309
194,O-T2X-R,0.9068130254745483,35.23421133447891,1.557371735572815
194,profile-0,0.60174959897995,36.89564076139377,1.0442112684249878
194,profile-1,0.5974381566047668,37.35001321728686,1.0340955257415771
195,O-1X,0.5698307752609253,36.91388034541832,0.9946465492248535
195,O-T2X-R,0.8751027584075928,35.50471342828334,1.503868579864502
195,profile-0,0.5760706663131714,37.215326619433895,1.0027379989624023
195,profile-1,0.5739881992340088,37.6066278428937,0.9958053231239319
196,O-1X,0.554804265499115,37.10952426934146,0.9604334235191345
196,O-T2X-R,0.8456566333770752,35.78880200521504,1.4504648447036743
196,profile-0,0.5622048377990723,37.360985624756374,0.9658204913139343
196,profile-1,0.5593721270561218,37.77627513450873,0.9615948796272278
197,O-1X,0.5522487759590149,37.11435848096495,0.9432416558265686
197,O-T2X-R,0.8290024399757385,35.92475636129558,1.4117193222045898
197,profile-0,0.5595219731330872,37.359795578578,0.9519146680831909
197,profile-1,0.5582152009010315,37.72183613876048,0.9457587599754333
198,O-1X,0.543872058391571,37.17998184660917,0.9345030188560486
198,O-T2X-R,0.8362155556678772,35.93406715630073,1.398789644241333
198,profile-0,0.5530213713645935,37.39753874944696,0.9437438249588013
198,profile-1,0.552094578742981,37.80469794468262,0.9417288303375244
199,O-1X,0.5398837924003601,37.306830717598125,0.9248806834220886
199,O-T2X-R,0.8136072158813477,36.139680715518956,1.3888120651245117
199,profile-0,0.5470528602600098,37.5891450414776,0.934289813041687
199,profile-1,0.5456314086914062,37.981156654414235,0.930188000202179
200,O-1X,0.529732882976532,37.335490360609406,0.9123895764350891
200,O-T2X-R,0.8028281331062317,36.1231611999808,1.3586724996566772
200,profile-0,0.536795973777771,37.6038741091089,0.919409990310669
200,profile-1,0.5341865420341492,38.03700623168188,0.9133656620979309
201,O-1X,0.5206736922264099,37.48761878353943,0.8975424766540527
201,O-T2X-R,0.7951709628105164,36.30575418854051,1.3452516794204712
201,profile-0,0.5317078232765198,37.66154298706583,0.9085835814476013
201,profile-1,0.5314703583717346,38.03982659621229,0.9040398001670837
202,O-1X,0.5157854557037354,37.47957721793832,0.8863714337348938
202,O-T2X-R,0.7905678153038025,36.33726063453568,1.3354182243347168
202,profile-0,0.523639440536499,37.75036397842313,0.8984776139259338
202,profile-1,0.522433876991272,38.1577287865226,0.8949335217475891
203,O-1X,0.5075483918190002,37.677908009860786,0.8757569193840027
203,O-T2X-R,0.7676317095756531,36.45012332773923,1.3125276565551758
203,profile-0,0.5194647312164307,37.837430042851786,0.8879150152206421
203,profile-1,0.5174884796142578,38.272665215344105,0.8823773860931396
204,O-1X,0.5071240067481995,37.59855177442248,0.8684693574905396
204,O-T2X-R,0.7665584087371826,36.48269589053189,1.2885524034500122
204,profile-0,0.5137851238250732,37.86773330145388,0.8807940483093262
204,profile-1,0.5123974084854126,38.2631555235431,0.8745474219322205
205,O-1X,0.4989166855812073,37.7348367217701,0.8599731922149658
205,O-T2X-R,0.7600532174110413,36.64273639622609,1.28373122215271
205,profile-0,0.5078087449073792,37.94238670354717,0.8691970705986023
205,profile-1,0.5065518021583557,38.3210157676237,0.8649857044219971
206,O-1X,0.48829516768455505,37.84229772282594,0.8477026224136353
206,O-T2X-R,0.7619003057479858,36.66230307802014,1.2852500677108765
206,profile-0,0.49508869647979736,38.11494647781925,0.8567284941673279
206,profile-1,0.494863361120224,38.47160593354612,0.8526517748832703
207,O-1X,0.48006561398506165,37.94770824605161,0.8322343230247498
207,O-T2X-R,0.7360218167304993,36.88062089139483,1.2668793201446533
207,profile-0,0.48569509387016296,38.190264853895364,0.8398911356925964
207,profile-1,0.4860817492008209,38.557902516728475,0.8369656801223755
208,O-1X,0.46719568967819214,37.99620662529514,0.8148539066314697
208,O-T2X-R,0.7339755296707153,36.899199400125894,1.2440489530563354
208,profile-0,0.4728779196739197,38.25903487268132,0.8209777474403381
208,profile-1,0.4739549160003662,38.57071538236512,0.8203253149986267
209,O-1X,0.4638238549232483,38.07265466013079,0.8024523854255676
209,O-T2X-R,0.7281966805458069,37.0092619957896,1.239920973777771
209,profile-0,0.469012051820755,38.33983821758751,0.8083729147911072
209,profile-1,0.471487820148468,38.658080553067876,0.8098632097244263
210,O-1X,0.4475032091140747,38.21181213963703,0.7867418527603149
210,O-T2X-R,0.7171813249588013,36.95238781852954,1.2234405279159546
210,profile-0,0.4544500410556793,38.45316347683219,0.7936979532241821
210,profile-1,0.4566909372806549,38.725993444850545,0.7971001863479614
211,O-1X,0.4623301327228546,37.96566700473805,0.7897548675537109
211,O-T2X-R,0.7251642346382141,36.70782389426598,1.2201353311538696
211,profile-0,0.4678187966346741,38.20131726657435,0.7971179485321045
211,profile-1,0.46802449226379395,38.499378299117126,0.7974303364753723
212,O-1X,0.46424755454063416,37.91693564723466,0.806486964225769
212,O-T2X-R,0.7369778156280518,36.45040038303323,1.2437679767608643
212,profile-0,0.4722343385219574,38.10350759807751,0.8163354992866516
212,profile-1,0.47464442253112793,38.35172726266512,0.8168815970420837
213,O-1X,0.4826173782348633,37.65073017186925,0.8227673172950745
213,O-T2X-R,0.7374393939971924,36.35608917506878,1.2630711793899536
213,profile-0,0.48615720868110657,37.92611417003404,0.8313099145889282
213,profile-1,0.4885404706001282,38.155434343565176,0.8338143825531006
214,O-1X,0.5015628337860107,37.442623046462614,0.8555967211723328
214,O-T2X-R,0.7680338621139526,36.104388581140185,1.2884607315063477
214,profile-0,0.5066030025482178,37.66542883478924,0.8604535460472107
214,profile-1,0.5077984929084778,37.92474810260092,0.8618393540382385
215,O-1X,0.5253248810768127,37.00635433143477,0.8914860486984253
215,O-T2X-R,0.7972894906997681,35.72871355319472,1.33310067653656
215,profile-0,0.5284456014633179,37.28964057823055,0.8963629007339478
215,profile-1,0.5269462466239929,37.63397534499694,0.8943372368812561
216,O-1X,0.5511640906333923,36.790778721804486,0.9353600144386292
216,O-T2X-R,0.8423991799354553,35.36598054396,1.3949779272079468
216,profile-0,0.5549619793891907,37.026945562489274,0.9372844099998474
216,profile-1,0.5521941184997559,37.35844637537382,0.9311380386352539
217,O-1X,0.5747941136360168,36.460422250481656,0.9777950048446655
217,O-T2X-R,0.8613922595977783,34.98716325718398,1.4564872980117798
217,profile-0,0.5798394083976746,36.6627151083196,0.9825606942176819
217,profile-1,0.5758441686630249,37.00965198576318,0.9740713238716125
218,O-1X,0.6173524260520935,36.12262880182591,1.0374373197555542
218,O-T2X-R,0.9377434253692627,34.45391499295027,1.5361436605453491
218,profile-0,0.6238707304000854,36.28577456004436,1.0421125888824463
218,profile-1,0.6224267482757568,36.57290120695158,1.0340290069580078
219,O-1X,0.663995087146759,35.74296904709033,1.1126599311828613
219,O-T2X-R,0.9940524697303772,34.013096002315805,1.648740530014038
219,profile-0,0.6743330359458923,35.855083573653765,1.1209640502929688
219,profile-1,0.6729079484939575,36.140450133569246,1.1145728826522827
220,O-1X,0.7092176079750061,35.290746391241306,1.1895591020584106
220,O-T2X-R,1.0740593671798706,33.43095316707171,1.7603391408920288
220,profile-0,0.7231611013412476,35.351987547992785,1.2035936117172241
220,profile-1,0.7210395336151123,35.629475096611465,1.1960277557373047
221,O-1X,0.7556427717208862,34.9189770163191,1.2719687223434448
221,O-T2X-R,1.1284120082855225,32.9709799653293,1.877173662185669
221,profile-0,0.7784997224807739,34.8727252727034,1.2959611415863037
221,profile-1,0.7752873301506042,35.15666927686074,1.286594033241272
222,O-1X,0.7948348522186279,34.63857571020979,1.3453140258789062
222,O-T2X-R,1.21308171749115,32.481167700131536,1.9894541501998901
222,profile-0,0.8206400871276855,34.550478085074715,1.3810405731201172
222,profile-1,0.8202500343322754,34.80149792629416,1.372474193572998
223,O-1X,0.786290168762207,34.68607838256646,1.3781468868255615
223,O-T2X-R,1.181886911392212,32.610701634181765,2.046769618988037
223,profile-0,0.8197057843208313,34.53198225701914,1.4228315353393555
223,profile-1,0.8202309012413025,34.76807011625012,1.41745126247406
224,O-1X,0.7807021737098694,34.66059197581267,1.3648704290390015
224,O-T2X-R,1.1434980630874634,32.74827330697349,2.0038015842437744
224,profile-0,0.8193191289901733,34.46550675271088,1.421766996383667
224,profile-1,0.8170864582061768,34.74375068468588,1.4154092073440552
225,O-1X,0.7709683775901794,34.74231998507688,1.3535159826278687
225,O-T2X-R,1.1088957786560059,32.95500952208944,1.938254714012146
225,profile-0,0.8076998591423035,34.55744133709322,1.4141594171524048
225,profile-1,0.8062297105789185,34.83061867545026,1.4062445163726807
226,O-1X,0.7544070482254028,34.885253340966194,1.3297431468963623
226,O-T2X-R,1.0931185483932495,33.089256468187244,1.8932511806488037
226,profile-0,0.7942429780960083,34.62204514520068,1.3923770189285278
226,profile-1,0.7868878245353699,34.97792344027512,1.3797612190246582
227,O-1X,0.7536268830299377,34.95226091473844,1.3102244138717651
227,O-T2X-R,1.062800407409668,33.39678656676195,1.8545194864273071
227,profile-0,0.7874360084533691,34.76755993793709,1.369285225868225
227,profile-1,0.7774413228034973,35.142710852049696,1.3510258197784424
228,O-1X,0.749813437461853,35.09946405363267,1.3038711547851562
228,O-T2X-R,1.055374264717102,33.51629829572594,1.81462562084198
228,profile-0,0.7805488705635071,34.93181310783076,1.3542239665985107
228,profile-1,0.7669558525085449,35.32858833331913,1.3306362628936768
229,O-1X,0.7618017792701721,35.04643446591282,1.302392840385437
229,O-T2X-R,1.0693854093551636,33.63906136254332,1.8143651485443115
229,profile-0,0.7900638580322266,34.908828404771896,1.3500328063964844
229,profile-1,0.7740097045898438,35.343228361649764,1.3197754621505737
230,O-1X,0.771531343460083,34.99557919583461,1.3195604085922241
230,O-T2X-R,1.0824648141860962,33.61689120216955,1.830251693725586
230,profile-0,0.8029611110687256,34.81189921420276,1.3661795854568481
230,profile-1,0.7851940393447876,35.26078563636298,1.331558108329773
231,O-1X,0.7889983057975769,34.899392227454896,1.3434375524520874
231,O-T2X-R,1.081884503364563,33.69955304555525,1.8372727632522583
231,profile-0,0.8175186514854431,34.75665966145856,1.3869307041168213
231,profile-1,0.7968097925186157,35.242705458180055,1.3490617275238037
232,O-1X,0.7935130596160889,34.88616679776996,1.36464524269104
232,O-T2X-R,1.0988576412200928,33.58449820521383,1.8502835035324097
232,profile-0,0.8230530619621277,34.72218421080867,1.4073916673660278
232,profile-1,0.799922525882721,35.21525860575861,1.3633818626403809
233,O-1X,0.7989803552627563,34.787597722111144,1.372995376586914
233,O-T2X-R,1.1015676259994507,33.62945021776219,1.869569182395935
233,profile-0,0.8277781009674072,34.63886706939756,1.417636752128601
233,profile-1,0.8035693764686584,35.15375555250345,1.3699147701263428
234,O-1X,0.8071131110191345,34.72085239249475,1.384443759918213
234,O-T2X-R,1.1265836954116821,33.421302214178105,1.8868892192840576
234,profile-0,0.835776150226593,34.59744176544473,1.4289895296096802
234,profile-1,0.8142315149307251,35.074612377573445,1.3829007148742676
235,O-1X,0.8167172074317932,34.65507529765293,1.400744915008545
235,O-T2X-R,1.1394662857055664,33.36638387903229,1.9204797744750977
235,profile-0,0.8458855748176575,34.52798637534774,1.4431333541870117
235,profile-1,0.8226039409637451,35.03576380997348,1.396449089050293
236,O-1X,0.8235127925872803,34.62418334853615,1.4142327308654785
236,O-T2X-R,1.1474511623382568,33.325765983424915,1.935599446296692
236,profile-0,0.8582537770271301,34.43462556974917,1.4624314308166504
236,profile-1,0.8344127535820007,34.93628153072822,1.414299726486206
237,O-1X,0.8307897448539734,34.63686390646118,1.426726222038269
237,O-T2X-R,1.1588456630706787,33.26934133187126,1.9557222127914429
237,profile-0,0.8659303784370422,34.44136854354398,1.4789282083511353
237,profile-1,0.8430258631706238,34.92608769622048,1.430712103843689
238,O-1X,0.841356635093689,34.54333523045375,1.4427974224090576
238,O-T2X-R,1.1756458282470703,33.18202030387161,1.9789785146713257
238,profile-0,0.8753119111061096,34.3607417517377,1.4950685501098633
238,profile-1,0.8507748246192932,34.85398470216759,1.4456017017364502
239,O-1X,0.836373507976532,34.549585720381714,1.4485962390899658
239,O-T2X-R,1.1951909065246582,33.051878477630304,2.009812593460083
239,profile-0,0.8694601655006409,34.38760228210957,1.499945878982544
239,profile-1,0.8437569737434387,34.92706246846314,1.445741891860962
240,O-1X,0.8473371267318726,34.55184622514327,1.4556487798690796
240,O-T2X-R,1.1944903135299683,33.09715206792003,2.0303189754486084
240,profile-0,0.8768824338912964,34.38181281139447,1.503307819366455
240,profile-1,0.8518562912940979,34.89130582507185,1.4498366117477417
241,O-1X,0.826675534248352,34.740356957537124,1.4455550909042358
241,O-T2X-R,1.1623286008834839,33.424873995697475,1.993190884590149
241,profile-0,0.8544828295707703,34.594124466039645,1.4894558191299438
241,profile-1,0.8316823840141296,35.06963220838807,1.4385285377502441
242,O-1X,0.8109081387519836,34.96970202667861,1.4151623249053955
242,O-T2X-R,1.171062707901001,33.52893136414543,1.9665194749832153
242,profile-0,0.8441105484962463,34.7846418359222,1.4637837409973145
242,profile-1,0.8222607970237732,35.2578337280364,1.4149314165115356
243,O-1X,0.7998121976852417,35.04165730684827,1.391627550125122
243,O-T2X-R,1.1637132167816162,33.64951139276653,1.965712547302246
243,profile-0,0.8329323530197144,34.85817330878286,1.4455931186676025
243,profile-1,0.8120877146720886,35.35044792309562,1.3989107608795166
244,O-1X,0.7636763453483582,35.48726941740861,1.3461277484893799
244,O-T2X-R,1.1256414651870728,34.106643585526996,1.9217406511306763
244,profile-0,0.7926781177520752,35.346770320125025,1.3969770669937134
244,profile-1,0.7730447053909302,35.841277747587675,1.3526318073272705
245,O-1X,0.7461793422698975,35.63188236440377,1.3010737895965576
245,O-T2X-R,1.1039981842041016,34.3347036573569,1.875025749206543
245,profile-0,0.7769363522529602,35.49448075174351,1.3498883247375488
245,profile-1,0.7585549354553223,35.961506105909315,1.3101937770843506
246,O-1X,0.7397146224975586,35.70083637028296,1.2816190719604492
246,O-T2X-R,1.1043063402175903,34.323712895354184,1.857188105583191
246,profile-0,0.7724356055259705,35.51407050941761,1.3324713706970215
246,profile-1,0.7556941509246826,35.981782392075246,1.295675277709961
247,O-1X,0.7176004648208618,36.0315308462871,1.2540186643600464
247,O-T2X-R,1.081252098083496,34.72766350660693,1.8355679512023926
247,profile-0,0.7497992515563965,35.84082842851612,1.3061496019363403
247,profile-1,0.7357653975486755,36.28669923957331,1.2735939025878906
248,O-1X,0.7052781581878662,36.16346016237065,1.2208194732666016
248,O-T2X-R,1.0774283409118652,34.837889890758426,1.8033099174499512
248,profile-0,0.7345350980758667,35.99406273796609,1.269999623298645
248,profile-1,0.7168503403663635,36.514763141961765,1.2360378503799438
249,O-1X,0.6983649730682373,36.33424110333169,1.206322193145752
249,O-T2X-R,1.0598058700561523,34.98932347926834,1.7889914512634277
249,profile-0,0.7301362752914429,36.089659437308356,1.256290316581726
249,profile-1,0.7153274416923523,36.57204863377604,1.2223896980285645
250,O-1X,0.702886164188385,36.331949228525204,1.202683687210083
250,O-T2X-R,1.0698401927947998,34.91209902513563,1.7771127223968506
250,profile-0,0.734727680683136,36.12655458687345,1.2545872926712036
250,profile-1,0.7183621525764465,36.62993627620505,1.2214118242263794
251,O-1X,0.6846795678138733,36.54208599320686,1.1874240636825562
251,O-T2X-R,1.0574899911880493,35.21723973127263,1.7751768827438354
251,profile-0,0.7138795256614685,36.34506244749193,1.2364472150802612
251,profile-1,0.7004286646842957,36.817847156616956,1.2055611610412598
252,O-1X,0.6762832403182983,36.76766577520709,1.1600761413574219
252,O-T2X-R,1.055949091911316,35.232810649249096,1.762183666229248
252,profile-0,0.7048968076705933,36.55046267248541,1.2065627574920654
252,profile-1,0.6927247047424316,36.99296591020767,1.17992103099823
253,O-1X,0.6782371401786804,36.732971997003375,1.1531147956848145
253,O-T2X-R,1.0523040294647217,35.48735234192431,1.7574189901351929
253,profile-0,0.7016825079917908,36.676673958622466,1.1952308416366577
253,profile-1,0.689387857913971,37.128066844502186,1.1710891723632812
254,O-1X,0.6869762539863586,36.91371541740011,1.1606745719909668
254,O-T2X-R,1.0796589851379395,35.333215648452935,1.7720493078231812
254,profile-0,0.7131657600402832,36.73651752794858,1.2009259462356567
254,profile-1,0.7030022740364075,37.15210687448037,1.177883267402649
255,O-1X,0.6919167637825012,37.025689143137164,1.1652663946151733
255,O-T2X-R,1.0704467296600342,35.5974706866261,1.7795594930648804
255,profile-0,0.7170702219009399,36.86054275342893,1.2054262161254883
255,profile-1,0.7049044966697693,37.29885957307766,1.1823649406433105
256,O-1X,0.6993371248245239,37.10865286254239,1.1735414266586304
256,O-T2X-R,1.0985406637191772,35.51954270955724,1.7922897338867188
256,profile-0,0.7230131030082703,36.94302930240993,1.2109975814819336
256,profile-1,0.7098683714866638,37.42088120108034,1.1838526725769043
257,O-1X,0.7099376320838928,37.01929962187246,1.1860716342926025
257,O-T2X-R,1.1001677513122559,35.58497683390798,1.8101848363876343
257,profile-0,0.7359789609909058,36.821540815118475,1.2255840301513672
257,profile-1,0.7204705476760864,37.33697699670423,1.194912314414978
258,O-1X,0.7175580859184265,36.91782264292723,1.1996009349822998
258,O-T2X-R,1.110426425933838,35.479720009160324,1.8249191045761108
258,profile-0,0.7442454099655151,36.72989970324663,1.240478515625
258,profile-1,0.7271115183830261,37.245165803788964,1.2076300382614136
259,O-1X,0.7234624028205872,36.850793158075746,1.2142714262008667
259,O-T2X-R,1.1087247133255005,35.48773183192138,1.837314248085022
259,profile-0,0.7494926452636719,36.66044898243438,1.2543953657150269
259,profile-1,0.7336718440055847,37.12680581203887,1.2208302021026611
260,O-1X,0.741712749004364,36.7719708970706,1.2329446077346802
260,O-T2X-R,1.1267634630203247,35.27633816081484,1.8476334810256958
260,profile-0,0.7691870331764221,36.57508793834105,1.274710774421692
260,profile-1,0.7516915798187256,37.067559399422436,1.241102695465088
261,O-1X,0.7497149109840393,36.62667556221418,1.2548986673355103
261,O-T2X-R,1.1423758268356323,35.183566065337516,1.8753540515899658
261,profile-0,0.7798657417297363,36.375241870957225,1.299359679222107
261,profile-1,0.7616409659385681,36.877889624455875,1.263513445854187
262,O-1X,0.7637448310852051,36.545659849675815,1.2723785638809204
262,O-T2X-R,1.1695036888122559,34.89671960695714,1.9083751440048218
262,profile-0,0.7930667996406555,36.279639125005374,1.3190864324569702
262,profile-1,0.7750791907310486,36.73653375166553,1.2828590869903564
263,O-1X,0.7807517051696777,36.28292754532775,1.2957501411437988
263,O-T2X-R,1.1698064804077148,34.91034778460858,1.9342609643936157
263,profile-0,0.80841064453125,36.11726255622004,1.341431975364685
263,profile-1,0.7881171107292175,36.62440034455962,1.3048759698867798
264,O-1X,0.790381908416748,36.270491999446605,1.3206952810287476
264,O-T2X-R,1.1943597793579102,34.61496766746155,1.9553300142288208
264,profile-0,0.8211569786071777,36.01115116357458,1.3666330575942993
264,profile-1,0.8013988137245178,36.51907664864008,1.3287168741226196
265,O-1X,0.802460253238678,36.14281318805497,1.3400756120681763
265,O-T2X-R,1.1967618465423584,34.589239020097786,1.978472352027893
265,profile-0,0.8384013175964355,35.84017628962917,1.3936995267868042
265,profile-1,0.8173390626907349,36.346212110942375,1.353721261024475
266,O-1X,0.8351353406906128,35.952632461680935,1.3796122074127197
266,O-T2X-R,1.2441086769104004,34.14176360827226,2.0227255821228027
266,profile-0,0.871025025844574,35.644761156482325,1.4358770847320557
266,profile-1,0.8501963019371033,36.131535292493126,1.3937106132507324
267,O-1X,0.8590183854103088,35.708763863578874,1.4258370399475098
267,O-T2X-R,1.261824131011963,34.06789861956644,2.083726406097412
267,profile-0,0.8974868059158325,35.40034382241413,1.4841136932373047
267,profile-1,0.8772241473197937,35.87100947689496,1.4425716400146484
268,O-1X,0.8944915533065796,35.538701095287806,1.4706119298934937
268,O-T2X-R,1.312299132347107,33.66408695874005,2.1319167613983154
268,profile-0,0.9409722089767456,35.12601277962159,1.5385048389434814
268,profile-1,0.9209330081939697,35.568107003961096,1.4986836910247803
269,O-1X,0.9222952723503113,35.39430852516186,1.5231819152832031
269,O-T2X-R,1.3518130779266357,33.52453843369757,2.210768222808838
269,profile-0,0.9695518016815186,35.000069432229225,1.5976221561431885
269,profile-1,0.9494293332099915,35.42089004652783,1.5588725805282593
270,O-1X,0.9180436134338379,35.43322000181597,1.5450928211212158
270,O-T2X-R,1.3506181240081787,33.42127560775279,2.2405786514282227
270,profile-0,0.9708057045936584,35.00615266369903,1.623786449432373
270,profile-1,0.9497736692428589,35.43489166799121,1.582852840423584
271,O-1X,0.9182057976722717,35.4502078716748,1.542059302330017
271,O-T2X-R,1.3554432392120361,33.50705014674573,2.2469100952148438
271,profile-0,0.977404773235321,34.90851638813182,1.6315670013427734
271,profile-1,0.9542810320854187,35.387985586386414,1.5869237184524536
272,O-1X,0.9293868541717529,35.43831001305658,1.5530202388763428
272,O-T2X-R,1.3813523054122925,33.34633065100972,2.2736566066741943
272,profile-0,0.9937151670455933,34.836259090133076,1.6532500982284546
272,profile-1,0.9706664085388184,35.29820232398136,1.6059703826904297
273,O-1X,0.9176706075668335,35.578840707424916,1.5523078441619873
273,O-T2X-R,1.3632090091705322,33.55060771890726,2.2802915573120117
273,profile-0,0.9835805296897888,34.976846627494496,1.6583176851272583
273,profile-1,0.9610329270362854,35.402819164813465,1.6131439208984375
274,O-1X,0.902163565158844,35.86013379311864,1.528684377670288
274,O-T2X-R,1.3477050065994263,33.69558825774164,2.2496232986450195
274,profile-0,0.9639686346054077,35.27216301242907,1.6342768669128418
274,profile-1,0.9397815465927124,35.755140756731805,1.5883790254592896
275,O-1X,0.8812035918235779,36.19220257766908,1.4974141120910645
275,O-T2X-R,1.314226746559143,34.130098326842734,2.2073936462402344
275,profile-0,0.9361312389373779,35.67634097992275,1.5940966606140137
275,profile-1,0.9112705588340759,36.17000386981164,1.5461117029190063
276,O-1X,0.8554280400276184,36.55376054944504,1.4555782079696655
276,O-T2X-R,1.29727303981781,34.24475449429466,2.161931276321411
276,profile-0,0.9094026684761047,36.010594445358144,1.5469685792922974
276,profile-1,0.8837104439735413,36.50412053732384,1.496462106704712
277,O-1X,0.8436229825019836,36.62623706032532,1.4208673238754272
277,O-T2X-R,1.2712223529815674,34.45749625286257,2.1277594566345215
277,profile-0,0.8949694037437439,36.164911711827976,1.506773591041565
277,profile-1,0.8702676296234131,36.662343245562624,1.459435224533081
278,O-1X,0.8371555209159851,36.75394152213093,1.4066084623336792
278,O-T2X-R,1.2623370885849,34.59686716782705,2.0955915451049805
278,profile-0,0.8810497522354126,36.41048768492304,1.4841315746307373
278,profile-1,0.8542171716690063,36.93371323136923,1.4357751607894897
279,O-1X,0.8282474279403687,36.986673009107975,1.3912967443466187
279,O-T2X-R,1.2452234029769897,34.7862798263421,2.074711561203003
279,profile-0,0.8742314577102661,36.58795218811306,1.4625165462493896
279,profile-1,0.8456627726554871,37.14409699628184,1.4117271900177002
280,O-1X,0.8470925092697144,36.77120099023208,1.4012032747268677
280,O-T2X-R,1.4084779024124146,32.35185932473077,2.214419364929199
280,profile-0,0.8870672583580017,36.514215049063196,1.4702688455581665
280,profile-1,0.8592910170555115,36.988990502939814,1.4161618947982788
281,O-1X,0.8497424125671387,36.77778443317662,1.4199779033660889
281,O-T2X-R,1.320224404335022,33.831209562955,2.2638742923736572
281,profile-0,0.8868036866188049,36.635046045342136,1.4804589748382568
281,profile-1,0.8565171360969543,37.16926627739917,1.4248157739639282
282,O-1X,0.8620991706848145,36.634561796742766,1.43429696559906
282,O-T2X-R,1.3176065683364868,34.07705852654804,2.1781868934631348
282,profile-0,0.8931868076324463,36.61465667189135,1.484291672706604
282,profile-1,0.8612509369850159,37.201092049146,1.424030065536499
283,O-1X,0.8531085848808289,36.756782150415106,1.435744047164917
283,O-T2X-R,1.3555028438568115,33.57903444556895,2.2071731090545654
283,profile-0,0.8843121528625488,36.777974307529774,1.480703592300415
283,profile-1,0.8520609736442566,37.44331981383222,1.4176485538482666
284,O-1X,0.8670722842216492,36.54482985500172,1.439158320426941
284,O-T2X-R,1.323386311531067,34.447412521969845,2.219994068145752
284,profile-0,0.8985266089439392,36.58935937903069,1.4843600988388062
284,profile-1,0.8651643991470337,37.28081468283459,1.4188225269317627
285,O-1X,0.8938164114952087,36.355555240563824,1.4754945039749146
285,O-T2X-R,1.3582829236984253,34.12468606745182,2.207319974899292
285,profile-0,0.9238347411155701,36.44094493531721,1.519049882888794
285,profile-1,0.888965368270874,37.143108429264494,1.4502826929092407
286,O-1X,0.9257360696792603,36.10073787769602,1.5236833095550537
286,O-T2X-R,1.4127838611602783,33.88767943789333,2.284207344055176
286,profile-0,0.9571539163589478,36.19787379722607,1.566278338432312
286,profile-1,0.9227956533432007,36.87005062055887,1.4961038827896118
287,O-1X,0.9788293242454529,35.73953786083413,1.5959234237670898
287,O-T2X-R,1.473244547843933,33.579829417917324,2.378675937652588
287,profile-0,1.0126298666000366,35.81028618093897,1.6407243013381958
287,profile-1,0.9761947989463806,36.47036556829799,1.5687578916549683
288,O-1X,1.035005807876587,35.35697050067047,1.6834362745285034
288,O-T2X-R,1.5388293266296387,33.26917826064968,2.4670097827911377
288,profile-0,1.0708558559417725,35.42197980190482,1.7314321994781494
288,profile-1,1.030098557472229,36.05421161119905,1.6533530950546265
289,O-1X,1.0915849208831787,34.90180616073786,1.7751222848892212
289,O-T2X-R,1.58246648311615,33.11057925140401,2.561677932739258
289,profile-0,1.1275981664657593,34.990151775692915,1.8238131999969482
289,profile-1,1.0806465148925781,35.66351758528233,1.7360014915466309
290,O-1X,1.1277072429656982,34.59960976599502,1.8570185899734497
290,O-T2X-R,1.6440354585647583,32.70371801711303,2.6554391384124756
290,profile-0,1.1705899238586426,34.60462422116779,1.911562442779541
290,profile-1,1.120267629623413,35.262998210126256,1.8152568340301514
291,O-1X,1.1424825191497803,34.438508818996134,1.9101073741912842
291,O-T2X-R,1.6248083114624023,32.78609633785591,2.7077906131744385
291,profile-0,1.1844712495803833,34.441285303061775,1.968658208847046
291,profile-1,1.1280498504638672,35.1783914527502,1.864396572113037
292,O-1X,1.1506460905075073,34.36344528704347,1.933831810951233
292,O-T2X-R,1.67473304271698,32.131653297748166,2.743840217590332
292,profile-0,1.1914067268371582,34.37851578482858,1.9937870502471924
292,profile-1,1.1296998262405396,35.145621755700745,1.8791276216506958
293,O-1X,1.1496961116790771,34.360903088841056,1.941718339920044
293,O-T2X-R,1.6039353609085083,32.87274928654408,2.7281970977783203
293,profile-0,1.1883224248886108,34.39522156505623,1.9979840517044067
293,profile-1,1.1226071119308472,35.18165526393319,1.876441478729248
294,O-1X,1.1725093126296997,34.289760786664495,1.9592469930648804
294,O-T2X-R,1.5997295379638672,32.91270325962976,2.6556625366210938
294,profile-0,1.1999808549880981,34.32387182839562,2.0049662590026855
294,profile-1,1.130631685256958,35.09821987900382,1.8769800662994385
295,O-1X,1.1997096538543701,34.11200810985336,2.003298044204712
295,O-T2X-R,1.5970057249069214,32.85773750249224,2.6534523963928223
295,profile-0,1.2177503108978271,34.21919731479046,2.0294930934906006
295,profile-1,1.1386789083480835,35.00401066848345,1.889506459236145
296,O-1X,1.1576472520828247,34.29998211201082,1.989835262298584
296,O-T2X-R,1.6028305292129517,32.90097322155128,2.6499392986297607
296,profile-0,1.1996666193008423,34.29737329559481,2.0288007259368896
296,profile-1,1.1298848390579224,35.074620164198464,1.8888440132141113
297,O-1X,1.129643440246582,34.40455455329091,1.9238313436508179
297,O-T2X-R,1.5570000410079956,33.12109445911507,2.61966609954834
297,profile-0,1.1755385398864746,34.409346545003025,1.9904600381851196
297,profile-1,1.108464241027832,35.21104700754434,1.8621193170547485
298,O-1X,1.1105388402938843,34.51333329140821,1.8810184001922607
298,O-T2X-R,1.54335355758667,33.24509161989721,2.5689780712127686
298,profile-0,1.1563223600387573,34.537578619063524,1.9501551389694214
298,profile-1,1.0939536094665527,35.333310472138756,1.8294479846954346
299,O-1X,1.0951672792434692,34.6160299185122,1.8488043546676636
299,O-T2X-R,1.5172463655471802,33.38578309683745,2.5331168174743652
299,profile-0,1.139051079750061,34.640035297241134,1.9157253503799438
299,profile-1,1.0773026943206787,35.464189725270586,1.7995814085006714
300,O-1X,1.096656322479248,34.48639630701095,1.8390464782714844
300,O-T2X-R,1.5459994077682495,32.96900145483024,2.5398447513580322
300,profile-0,1.1406664848327637,34.54365689800947,1.9040364027023315
300,profile-1,1.0793930292129517,35.36329133528264,1.7892833948135376
301,O-1X,1.0910871028900146,34.449233283075486,1.834633469581604
301,O-T2X-R,1.5166516304016113,33.28525817188876,2.5399081707000732
301,profile-0,1.1326984167099,34.547939122456846,1.897743582725525
301,profile-1,1.0727810859680176,35.357448990079135,1.785840392112732
302,O-1X,1.092742681503296,34.37507020387659,1.8326187133789062
302,O-T2X-R,1.539829134941101,33.09102448530883,2.5324418544769287
302,profile-0,1.1300461292266846,34.50693801343951,1.8883987665176392
302,profile-1,1.0714569091796875,35.30221342875366,1.7783372402191162
303,O-1X,1.094443440437317,34.3716548919392,1.8345394134521484
303,O-T2X-R,1.5149458646774292,33.27192397390008,2.5306689739227295
303,profile-0,1.1349644660949707,34.46008959596818,1.889459252357483
303,profile-1,1.0752952098846436,35.28198077070793,1.7790495157241821
304,O-1X,1.088486909866333,34.356044741363434,1.830366611480713
304,O-T2X-R,1.5219461917877197,33.24109873349411,2.508389472961426
304,profile-0,1.1265103816986084,34.47605215607094,1.8850553035736084
304,profile-1,1.0669668912887573,35.31416594870005,1.7733441591262817
305,O-1X,1.077147126197815,34.38873317677809,1.8129966259002686
305,O-T2X-R,1.5039677619934082,33.29966137132814,2.5050525665283203
305,profile-0,1.1123907566070557,34.525200869396066,1.8626105785369873
305,profile-1,1.0543239116668701,35.38170130968284,1.7532027959823608
306,O-1X,1.0630054473876953,34.45558673298943,1.791588306427002
306,O-T2X-R,1.4954111576080322,33.42071999081029,2.479487657546997
306,profile-0,1.1007094383239746,34.589175251921795,1.8399261236190796
306,profile-1,1.0424343347549438,35.45727865696813,1.731781244277954
307,O-1X,1.0558336973190308,34.51177921956455,1.7717971801757812
307,O-T2X-R,1.4682813882827759,33.58663402284874,2.449373245239258
307,profile-0,1.092459797859192,34.65180553413288,1.821615219116211
307,profile-1,1.0370901823043823,35.51078777720128,1.7154256105422974
308,O-1X,1.0506335496902466,34.56827609381074,1.760565161705017
308,O-T2X-R,1.4977105855941772,33.41724787524187,2.4486050605773926
308,profile-0,1.0850294828414917,34.74076831518733,1.807263970375061
308,profile-1,1.0324665307998657,35.58006613436745,1.7048141956329346
309,O-1X,1.0544713735580444,34.5003560867359,1.7585316896438599
309,O-T2X-R,1.4838019609451294,33.572917998771985,2.4634358882904053
309,profile-0,1.0889867544174194,34.6901073164308,1.8040995597839355
309,profile-1,1.0356162786483765,35.55713779049452,1.702765703201294
310,O-1X,1.0593032836914062,34.4981380081549,1.7667548656463623
310,O-T2X-R,1.5085655450820923,33.3832018313964,2.4671640396118164
310,profile-0,1.093427300453186,34.67417839409114,1.808727502822876
310,profile-1,1.040287971496582,35.536448835549386,1.708305835723877
311,O-1X,1.0556825399398804,34.56079152724858,1.7637752294540405
311,O-T2X-R,1.4952996969223022,33.53939569146968,2.4728293418884277
311,profile-0,1.0888173580169678,34.752693737783694,1.80536687374115
311,profile-1,1.0357707738876343,35.60610122650827,1.7040539979934692
312,O-1X,1.0677353143692017,34.524218006146604,1.7710145711898804
312,O-T2X-R,1.5272464752197266,33.22729763283429,2.493525266647339
312,profile-0,1.1004716157913208,34.69901376769107,1.8095699548721313
312,profile-1,1.0459235906600952,35.56856433106162,1.7068876028060913
313,O-1X,1.0827059745788574,34.44667194747655,1.7901502847671509
313,O-T2X-R,1.5175747871398926,33.524664056439335,2.5088207721710205
313,profile-0,1.1126481294631958,34.643898506934,1.8270050287246704
313,profile-1,1.0588939189910889,35.525259124871624,1.724406123161316
314,O-1X,1.0972827672958374,34.449554088594994,1.8153364658355713
314,O-T2X-R,1.535817265510559,33.562265061329576,2.5062355995178223
314,profile-0,1.1270287036895752,34.68306269074547,1.8483048677444458
314,profile-1,1.0746575593948364,35.53654227654334,1.744555115699768
315,O-1X,1.1100798845291138,34.41329663744035,1.8354289531707764
315,O-T2X-R,1.5451399087905884,33.52403081716117,2.5277936458587646
315,profile-0,1.1418445110321045,34.63720591679221,1.8703837394714355
315,profile-1,1.0879549980163574,35.489854793088476,1.7658106088638306
316,O-1X,1.1201376914978027,34.373728378050444,1.8547310829162598
316,O-T2X-R,1.5591742992401123,33.45315780175273,2.545602798461914
316,profile-0,1.1509402990341187,34.584958003511545,1.8867915868759155
316,profile-1,1.0949081182479858,35.4503562260372,1.7794078588485718
317,O-1X,1.131394624710083,34.345857789003,1.8733242750167847
317,O-T2X-R,1.5774860382080078,33.40843366660684,2.5734856128692627
317,profile-0,1.1606580018997192,34.56390272992312,1.9020028114318848
317,profile-1,1.1027699708938599,35.445684157198016,1.7916960716247559
318,O-1X,1.148788332939148,34.23810761872614,1.8943240642547607
318,O-T2X-R,1.5960592031478882,33.419807745795296,2.6015243530273438
318,profile-0,1.1762279272079468,34.508827438636835,1.922851324081421
318,profile-1,1.1161714792251587,35.40383365853322,1.8099865913391113
319,O-1X,1.1655126810073853,34.13726573286777,1.926692008972168
319,O-T2X-R,1.6372239589691162,32.98157089365727,2.663828134536743
319,profile-0,1.1933640241622925,34.36999597926019,1.9534664154052734
319,profile-1,1.1320139169692993,35.24997219430915,1.8369570970535278
320,O-1X,1.2076336145401,33.86436757248394,1.9780620336532593
320,O-T2X-R,1.6910580396652222,32.57969142543817,2.7412679195404053
320,profile-0,1.2353880405426025,34.11887799123888,2.004502534866333
320,profile-1,1.1763770580291748,34.95209875373411,1.8886833190917969
321,O-1X,1.2324591875076294,33.74443738168228,2.0373692512512207
321,O-T2X-R,1.694136619567871,32.83430635067656,2.7902016639709473
321,profile-0,1.256388783454895,34.024810261587774,2.060511827468872
321,profile-1,1.1935640573501587,34.86896231891775,1.9404741525650024
322,O-1X,1.2694408893585205,33.5689454015218,2.0864908695220947
322,O-T2X-R,1.7300034761428833,32.679151209102876,2.8162899017333984
322,profile-0,1.2974480390548706,33.81665763477174,2.1083033084869385
322,profile-1,1.233577847480774,34.640264456545665,1.9853973388671875
323,O-1X,1.3050854206085205,33.37665931958319,2.140686511993408
323,O-T2X-R,1.766347050666809,32.523322897038284,2.872385025024414
323,profile-0,1.3316709995269775,33.641074232802936,2.1658637523651123
323,profile-1,1.2650737762451172,34.4653386331292,2.0402235984802246
324,O-1X,1.3423125743865967,33.270033709057884,2.202120304107666
324,O-T2X-R,1.8128963708877563,32.38668262887925,2.9349076747894287
324,profile-0,1.365905523300171,33.538384520018326,2.2181107997894287
324,profile-1,1.2981371879577637,34.37209133307042,2.0878586769104004
325,O-1X,1.3621203899383545,33.176609661483255,2.2516112327575684
325,O-T2X-R,1.8205349445343018,32.40128128177606,2.9821746349334717
325,profile-0,1.380711555480957,33.50028800470117,2.2633745670318604
325,profile-1,1.3093550205230713,34.34578051724175,2.1273350715637207
326,O-1X,1.3724430799484253,33.12686264062411,2.2743682861328125
326,O-T2X-R,1.8471415042877197,32.165327174651004,3.0129377841949463
326,profile-0,1.3892796039581299,33.48365799050772,2.2801923751831055
326,profile-1,1.3147668838500977,34.3533579565419,2.1394529342651367
327,O-1X,1.3672077655792236,33.121007426233945,2.280233860015869
327,O-T2X-R,1.8309242725372314,32.348812347303095,3.021460771560669
327,profile-0,1.3848940134048462,33.45089034786358,2.281459093093872
327,profile-1,1.3106075525283813,34.35068115843656,2.1381475925445557
328,O-1X,1.3781936168670654,33.08587114028877,2.2839481830596924
328,O-T2X-R,1.838642954826355,32.218423445136324,3.004697799682617
328,profile-0,1.3963419198989868,33.41100958029364,2.2861571311950684
328,profile-1,1.3206685781478882,34.300465245779485,2.1406943798065186
329,O-1X,1.3755093812942505,33.11175452310299,2.287855386734009
329,O-T2X-R,1.8304167985916138,32.34121974972072,3.0062901973724365
329,profile-0,1.395268440246582,33.4189533548907,2.2908847332000732
329,profile-1,1.3196746110916138,34.33711263618952,2.145936965942383
330,O-1X,1.3690576553344727,33.12911026408862,2.278684139251709
330,O-T2X-R,1.8299281597137451,32.33105718784252,2.989497661590576
330,profile-0,1.3867683410644531,33.464327870479536,2.283813953399658
330,profile-1,1.3139411211013794,34.347873924325,2.139183759689331
331,O-1X,1.3697476387023926,33.153720279904384,2.2702934741973877
331,O-T2X-R,1.8318848609924316,32.343496091864374,2.996328353881836
331,profile-0,1.3872385025024414,33.47134584386086,2.2724850177764893
331,profile-1,1.312004566192627,34.351802131441495,2.1296474933624268
332,O-1X,1.377845048904419,33.10050406349787,2.2772469520568848
332,O-T2X-R,1.8348255157470703,32.40733044653727,2.9878792762756348
332,profile-0,1.3929387331008911,33.43915147994325,2.2764360904693604
332,profile-1,1.3154935836791992,34.34536507515086,2.12915301322937
333,O-1X,1.3811728954315186,33.08665596525218,2.2851178646087646
333,O-T2X-R,1.833733081817627,32.45053700404761,2.9894447326660156
333,profile-0,1.394235610961914,33.445850569579456,2.28037166595459
333,profile-1,1.3171231746673584,34.324470723797226,2.13155460357666
334,O-1X,1.3935778141021729,33.058017754103375,2.292201519012451
334,O-T2X-R,1.848565697669983,32.43619713035105,2.9920201301574707
334,profile-0,1.4105536937713623,33.37954458855111,2.287947654724121
334,profile-1,1.332499384880066,34.26068725948613,2.142096757888794
335,O-1X,1.4152823686599731,32.9611347043481,2.3160533905029297
335,O-T2X-R,1.8485066890716553,32.44766488081237,3.0073626041412354
335,profile-0,1.4282443523406982,33.3166475439816,2.312385320663452
335,profile-1,1.3480721712112427,34.21309450976969,2.163719892501831
336,O-1X,1.4242419004440308,32.94535145591068,2.341123104095459
336,O-T2X-R,1.872788429260254,32.3690786888633,3.021050453186035
336,profile-0,1.438590168952942,33.28151511981031,2.3343732357025146
336,profile-1,1.3572571277618408,34.16084139774505,2.181293249130249
337,O-1X,1.4441113471984863,32.86973251442563,2.3615939617156982
337,O-T2X-R,1.8815290927886963,32.352085274009845,3.054405689239502
337,profile-0,1.4560929536819458,33.23082830068866,2.35508394241333
337,profile-1,1.3693360090255737,34.17882949698268,2.197918653488159
338,O-1X,1.4508508443832397,32.84372867144524,2.384056568145752
338,O-T2X-R,1.9018973112106323,32.21337800098333,3.0694425106048584
338,profile-0,1.4636118412017822,33.2049347544306,2.373897075653076
338,profile-1,1.3785971403121948,34.11552647386237,2.21352481842041
339,O-1X,1.4674508571624756,32.818473387614546,2.400663375854492
339,O-T2X-R,1.9209707975387573,32.16557970051369,3.105579376220703
339,profile-0,1.4816533327102661,33.140902497123875,2.392552614212036
339,profile-1,1.3978309631347656,34.034328578982944,2.2343459129333496
340,O-1X,1.4789739847183228,32.80092085515664,2.41986346244812
340,O-T2X-R,1.9162492752075195,32.26887255428021,3.1096341609954834
340,profile-0,1.497913122177124,33.100126376381006,2.417804718017578
340,profile-1,1.4140788316726685,34.01089673629055,2.2602016925811768
341,O-1X,1.4833403825759888,32.737506787710934,2.428741216659546
341,O-T2X-R,1.9299538135528564,32.23455944069519,3.1141209602355957
341,profile-0,1.49817955493927,33.0751630097844,2.4298105239868164
341,profile-1,1.4128937721252441,33.98742950917486,2.2717742919921875
342,O-1X,1.4985674619674683,32.7086414438119,2.4380462169647217
342,O-T2X-R,1.9257878065109253,32.30145104071977,3.11672306060791
342,profile-0,1.513339877128601,33.03583845257607,2.43501615524292
342,profile-1,1.4259394407272339,33.95613488915857,2.274951934814453
343,O-1X,1.4894776344299316,32.70741802390458,2.4413671493530273
343,O-T2X-R,1.9472613334655762,32.195002780782126,3.129033088684082
343,profile-0,1.5058348178863525,33.023556867978655,2.4370927810668945
343,profile-1,1.4186556339263916,33.94382451615979,2.275089740753174
344,O-1X,1.4913476705551147,32.75698951633862,2.4305367469787598
344,O-T2X-R,1.935082197189331,32.31482937195012,3.1334176063537598
344,profile-0,1.5079755783081055,33.063061797468144,2.4272658824920654
344,profile-1,1.4234037399291992,33.96308949371589,2.269369602203369
345,O-1X,1.4895027875900269,32.78477301801129,2.423516273498535
345,O-T2X-R,1.9466418027877808,32.2569836933475,3.128676414489746
345,profile-0,1.5064514875411987,33.08404561625143,2.421856641769409
345,profile-1,1.4219138622283936,33.987883241025486,2.2657389640808105
346,O-1X,1.4940893650054932,32.75862271939721,2.4189321994781494
346,O-T2X-R,1.938414454460144,32.34711535375804,3.126220941543579
346,profile-0,1.5091211795806885,33.09480843041488,2.415750026702881
346,profile-1,1.4237867593765259,34.00384920101358,2.2610976696014404
347,O-1X,1.4948997497558594,32.81892487428001,2.420583963394165
347,O-T2X-R,1.9470633268356323,32.32289916312566,3.1254353523254395
347,profile-0,1.5102053880691528,33.13701340069715,2.4127323627471924
347,profile-1,1.424458622932434,34.05555430113766,2.2571065425872803
348,O-1X,1.500758171081543,32.784382631012726,2.421811103820801
348,O-T2X-R,1.954733967781067,32.37414380106997,3.133758783340454
348,profile-0,1.5124411582946777,33.138147306112636,2.411600112915039
348,profile-1,1.4311468601226807,34.02836945634877,2.260058641433716
349,O-1X,1.494620442390442,32.85568008338743,2.418130397796631
349,O-T2X-R,1.9421006441116333,32.4374460619478,3.1314773559570312
349,profile-0,1.5100948810577393,33.18549683158211,2.411345958709717
349,profile-1,1.428389549255371,34.04642180165092,2.262988567352295
350,O-1X,1.5010418891906738,32.827960569302014,2.4165966510772705
350,O-T2X-R,1.9597835540771484,32.323480749778454,3.123878002166748
350,profile-0,1.5146468877792358,33.176948522735614,2.411102056503296
350,profile-1,1.4335824251174927,34.06743937598597,2.264785051345825
351,O-1X,1.5098837614059448,32.84159994294857,2.4297947883605957
351,O-T2X-R,1.9764583110809326,32.28038354796263,3.1582210063934326
351,profile-0,1.5247046947479248,33.172733170441525,2.4230480194091797
351,profile-1,1.443599820137024,34.05317211415839,2.2769558429718018
352,O-1X,1.5186378955841064,32.76718195138641,2.4415595531463623
352,O-T2X-R,1.9675692319869995,32.33060835510125,3.152752161026001
352,profile-0,1.5276881456375122,33.126134101129175,2.4344029426574707
352,profile-1,1.4472897052764893,34.00144366391332,2.2861194610595703
353,O-1X,1.5260801315307617,32.77202739725733,2.457158088684082
353,O-T2X-R,1.9977279901504517,32.28653351723844,3.1702003479003906
353,profile-0,1.5392922163009644,33.123506721844805,2.446284055709839
353,profile-1,1.4596999883651733,33.98836861427738,2.2988171577453613
354,O-1X,1.5295650959014893,32.74439551151134,2.459163188934326
354,O-T2X-R,2.004075527191162,32.26014781711391,3.200300455093384
354,profile-0,1.5455271005630493,33.07374138827341,2.4542040824890137
354,profile-1,1.464958667755127,33.9493457443896,2.305530071258545
355,O-1X,1.544193148612976,32.70055112321306,2.468703508377075
355,O-T2X-R,2.029139757156372,32.17870018408493,3.2205147743225098
355,profile-0,1.5576218366622925,33.04304184313264,2.462695360183716
355,profile-1,1.4777905941009521,33.89358118254487,2.3154265880584717
356,O-1X,1.5645051002502441,32.64192924305772,2.4885077476501465
356,O-T2X-R,2.0375819206237793,32.093135146145045,3.24141788482666
356,profile-0,1.5748720169067383,32.982519613839656,2.4793038368225098
356,profile-1,1.4916958808898926,33.858781346102056,2.3321964740753174
357,O-1X,1.5839147567749023,32.556881979595204,2.518517255783081
357,O-T2X-R,2.072389602661133,32.04471149230897,3.2770726680755615
357,profile-0,1.5971962213516235,32.88658871410761,2.509892225265503
357,profile-1,1.5146613121032715,33.75304168294089,2.3578171730041504
358,O-1X,1.608383059501648,32.47039777284933,2.549712657928467
358,O-T2X-R,2.090099811553955,31.959960962930353,3.3131301403045654
358,profile-0,1.6219919919967651,32.79538834264588,2.5441718101501465
358,profile-1,1.5386788845062256,33.65930258100361,2.3925931453704834
359,O-1X,1.6346811056137085,32.371901490792034,2.5883848667144775
359,O-T2X-R,2.123394012451172,31.890506371350366,3.3544840812683105
359,profile-0,1.643847942352295,32.72511269908048,2.5779895782470703
359,profile-1,1.5587440729141235,33.58511705667283,2.423130750656128
360,O-1X,1.6446338891983032,32.37165075490571,2.621908664703369
360,O-T2X-R,2.1410090923309326,31.773766122104586,3.38790225982666
360,profile-0,1.6578307151794434,32.70349770275822,2.6068921089172363
360,profile-1,1.5749614238739014,33.539761198385,2.4509470462799072
361,O-1X,1.6671767234802246,32.254821604009656,2.6428568363189697
361,O-T2X-R,2.149937152862549,31.749805844274892,3.41121244430542
361,profile-0,1.6743499040603638,32.61254947141391,2.6283466815948486
361,profile-1,1.5876215696334839,33.47050646447543,2.4721014499664307
362,O-1X,1.688588261604309,32.20850998955533,2.6763200759887695
362,O-T2X-R,2.176309585571289,31.617264780259397,3.4383251667022705
362,profile-0,1.6986409425735474,32.548963387477905,2.6588902473449707
362,profile-1,1.6090117692947388,33.39629366393329,2.4954044818878174
363,O-1X,1.7144618034362793,32.109587031872906,2.708015203475952
363,O-T2X-R,2.206076145172119,31.531724552626347,3.4801950454711914
363,profile-0,1.7215977907180786,32.46042483252043,2.694286584854126
363,profile-1,1.629184603691101,33.32203905986183,2.527484655380249
364,O-1X,1.7582424879074097,31.910396184172725,2.7648444175720215
364,O-T2X-R,2.2496273517608643,31.303667088775438,3.5416085720062256
364,profile-0,1.7629635334014893,32.2660351990279,2.7446320056915283
364,profile-1,1.6708199977874756,33.07985704385696,2.5774409770965576
365,O-1X,1.792217493057251,31.684429525725633,2.8257253170013428
365,O-T2X-R,2.263997793197632,31.19266145384256,3.579239845275879
365,profile-0,1.7944389581680298,32.07024905996581,2.80118465423584
365,profile-1,1.694313645362854,32.91669296572695,2.628270149230957
366,O-1X,1.8087515830993652,31.60899134240138,2.863086700439453
366,O-T2X-R,2.2772433757781982,31.11316059835163,3.608513593673706
366,profile-0,1.8122825622558594,31.972936112989142,2.8360495567321777
366,profile-1,1.7098989486694336,32.825080694827086,2.6551971435546875
367,O-1X,1.8170785903930664,31.56822230621293,2.8766913414001465
367,O-T2X-R,2.2955868244171143,31.066174273644762,3.6184277534484863
367,profile-0,1.821376919746399,31.93379827606811,2.852415084838867
367,profile-1,1.7171860933303833,32.78008440623301,2.668178081512451
368,O-1X,1.8270317316055298,31.549637854755748,2.8857321739196777
368,O-T2X-R,2.277769088745117,31.15071245600586,3.6267337799072266
368,profile-0,1.8246228694915771,31.974686890006442,2.8555171489715576
368,profile-1,1.7193952798843384,32.842183744135994,2.6699318885803223
369,O-1X,1.8273028135299683,31.581001405882212,2.892768144607544
369,O-T2X-R,2.2766871452331543,31.12600316475457,3.5971829891204834
369,profile-0,1.8274122476577759,31.992291228997388,2.8556580543518066
369,profile-1,1.720764398574829,32.84444076838001,2.6698148250579834
370,O-1X,1.817232370376587,31.614783088989462,2.879542112350464
370,O-T2X-R,2.2523181438446045,31.199441762957854,3.575486898422241
370,profile-0,1.8126648664474487,32.0413588117116,2.841453790664673
370,profile-1,1.7008987665176392,32.93174413998244,2.6549651622772217
371,O-1X,1.809027075767517,31.667486005605635,2.8579721450805664
371,O-T2X-R,2.2562882900238037,31.2231390481737,3.552243709564209
371,profile-0,1.805904507637024,32.080958465434065,2.822047472000122
371,profile-1,1.6951682567596436,32.99331132530564,2.630164384841919
372,O-1X,1.7955236434936523,31.74335551905172,2.841179370880127
372,O-T2X-R,2.221062183380127,31.350780470845795,3.5333783626556396
372,profile-0,1.7954493761062622,32.14369808810348,2.806913137435913
372,profile-1,1.6848793029785156,33.05243258673307,2.617483615875244
373,O-1X,1.794085144996643,31.69161798667193,2.8205459117889404
373,O-T2X-R,2.2063472270965576,31.445114065213996,3.4872169494628906
373,profile-0,1.788180947303772,32.140573437757986,2.789210557937622
373,profile-1,1.675372838973999,33.07484234151686,2.598223924636841
374,O-1X,1.7833257913589478,31.744843644881755,2.809622049331665
374,O-T2X-R,2.21506404876709,31.36660175683188,3.4843788146972656
374,profile-0,1.7757318019866943,32.18638331459364,2.7703871726989746
374,profile-1,1.663864016532898,33.12340447348503,2.577953577041626
375,O-1X,1.774996280670166,31.779477236546896,2.7930421829223633
375,O-T2X-R,2.1870944499969482,31.452928118490632,3.4620895385742188
375,profile-0,1.769126057624817,32.21181535289128,2.7504143714904785
375,profile-1,1.656192660331726,33.148862651728074,2.5582892894744873
376,O-1X,1.759986162185669,31.833912890817476,2.765733242034912
376,O-T2X-R,2.1780245304107666,31.498569574499204,3.4291107654571533
376,profile-0,1.7547588348388672,32.27836046246203,2.72780704498291
376,profile-1,1.6438008546829224,33.20027345592925,2.5356802940368652
377,O-1X,1.7430994510650635,31.912389037043457,2.7390689849853516
377,O-T2X-R,2.144538402557373,31.619590296142963,3.3939294815063477
377,profile-0,1.7372345924377441,32.36446694570826,2.700807809829712
377,profile-1,1.628504991531372,33.28733158722851,2.513429641723633
378,O-1X,1.7394229173660278,31.897332571788063,2.7147529125213623
378,O-T2X-R,2.1428558826446533,31.576431187872874,3.360773801803589
378,profile-0,1.7293399572372437,32.37355671079921,2.674954652786255
378,profile-1,1.6185879707336426,33.31890696385265,2.4880497455596924
379,O-1X,1.7273255586624146,31.953341682700433,2.6965224742889404
379,O-T2X-R,2.1196413040161133,31.708780334052094,3.339887857437134
379,profile-0,1.7140458822250366,32.45275217345386,2.651784658432007
379,profile-1,1.6089991331100464,33.345143276097474,2.467013120651245
380,O-1X,1.7169239521026611,31.979877542577455,2.6781058311462402
380,O-T2X-R,2.108630418777466,31.74436772416528,3.305021286010742
380,profile-0,1.7014100551605225,32.49712969079052,2.627779483795166
380,profile-1,1.5938856601715088,33.4156756436378,2.4450318813323975
381,O-1X,1.7072958946228027,32.02636199338299,2.6544692516326904
381,O-T2X-R,2.093679666519165,31.840374287619817,3.282071352005005
381,profile-0,1.692703366279602,32.53190814346058,2.5983800888061523
381,profile-1,1.5880135297775269,33.43646748374305,2.4169678688049316
382,O-1X,1.6948332786560059,32.084835132376035,2.630633592605591
382,O-T2X-R,2.073105812072754,31.819122879745684,3.2471628189086914
382,profile-0,1.6807653903961182,32.61127054482011,2.581509828567505
382,profile-1,1.575153112411499,33.52695487078766,2.4013569355010986
383,O-1X,1.6854149103164673,32.1820856728666,2.608598232269287
383,O-T2X-R,2.071748733520508,31.779600823835178,3.2314453125
383,profile-0,1.6725525856018066,32.681456852838,2.5560834407806396
383,profile-1,1.566925287246704,33.605191106280984,2.376566171646118
384,O-1X,1.6719287633895874,32.1838044720064,2.5795764923095703
384,O-T2X-R,2.0442376136779785,32.03484396706522,3.208843469619751
384,profile-0,1.6508651971817017,32.74118445875731,2.525484323501587
384,profile-1,1.5478901863098145,33.6704640565803,2.347917079925537
385,O-1X,1.6631884574890137,32.23788555021538,2.5575132369995117
385,O-T2X-R,2.018991231918335,32.10087075999452,3.1540157794952393
385,profile-0,1.6412343978881836,32.80237928104708,2.492171049118042
385,profile-1,1.5404671430587769,33.70653782969137,2.3186557292938232
386,O-1X,1.6524572372436523,32.30193193236935,2.5358736515045166
386,O-T2X-R,2.035203218460083,31.999675108022295,3.1459295749664307
386,profile-0,1.636674404144287,32.81801561050731,2.479121208190918
386,profile-1,1.5366913080215454,33.72155846537854,2.3080034255981445
387,O-1X,1.6461372375488281,32.311226927896584,2.5181589126586914
387,O-T2X-R,2.0179688930511475,31.971549077204667,3.1313910484313965
387,profile-0,1.6310739517211914,32.826481806334264,2.4589157104492188
387,profile-1,1.5316359996795654,33.71347904600821,2.29105281829834
388,O-1X,1.6490378379821777,32.30831669034601,2.506782293319702
388,O-T2X-R,1.987022042274475,32.19137131330741,3.093374490737915
388,profile-0,1.633714199066162,32.828454090867716,2.4480843544006348
388,profile-1,1.5334596633911133,33.74385573973717,2.278693675994873
389,O-1X,1.6303452253341675,32.38717967367839,2.486023426055908
389,O-T2X-R,1.9860975742340088,32.109049127608564,3.048332452774048
389,profile-0,1.6149202585220337,32.88353163273522,2.424910068511963
389,profile-1,1.517714500427246,33.80329179744836,2.2588958740234375
390,O-1X,1.6322834491729736,32.3839684260355,2.4629147052764893
390,O-T2X-R,1.9638941287994385,32.329465566199964,3.0350823402404785
390,profile-0,1.6122093200683594,32.9229755547356,2.397825002670288
390,profile-1,1.5129486322402954,33.85469641830324,2.232853412628174
391,O-1X,1.6247574090957642,32.43030427032372,2.452479124069214
391,O-T2X-R,1.9751442670822144,32.23248345933874,2.997856855392456
391,profile-0,1.610469937324524,32.92799607804993,2.3845267295837402
391,profile-1,1.5120960474014282,33.866788031611144,2.2163939476013184
392,O-1X,1.6205205917358398,32.49502844398063,2.4344003200531006
392,O-T2X-R,1.9937057495117188,32.12646522531329,3.032694101333618
392,profile-0,1.6101902723312378,32.980837979630444,2.3749029636383057
392,profile-1,1.5148454904556274,33.867311576706676,2.208280324935913
393,O-1X,1.6205748319625854,32.45472006951815,2.4284002780914307
393,O-T2X-R,2.016033411026001,31.915758432466454,3.0331733226776123
393,profile-0,1.6154958009719849,32.92875663349083,2.370713949203491
393,profile-1,1.5176926851272583,33.85702572480557,2.2037150859832764
394,O-1X,1.6125720739364624,32.46110640549476,2.4082374572753906
394,O-T2X-R,1.942453145980835,32.35492333962105,3.004502534866333
394,profile-0,1.6083966493606567,32.92067286331472,2.3593459129333496
394,profile-1,1.5070000886917114,33.867494692734034,2.1845974922180176
395,O-1X,1.6142029762268066,32.43809053860096,2.397956609725952
395,O-T2X-R,1.9445768594741821,32.262496578962285,2.908165454864502
395,profile-0,1.6000889539718628,32.95689308002185,2.339909791946411
395,profile-1,1.5018362998962402,33.874691055854264,2.1639835834503174
396,O-1X,1.6111901998519897,32.43606855142313,2.3890771865844727
396,O-T2X-R,1.9377995729446411,32.271262145715866,2.9537672996520996
396,profile-0,1.5943905115127563,32.977205604953845,2.3207437992095947
396,profile-1,1.5003061294555664,33.85585487931879,2.1542341709136963
397,O-1X,1.6068087816238403,32.510326212998876,2.3754162788391113
397,O-T2X-R,1.9485448598861694,32.31738904841154,2.882197856903076
397,profile-0,1.5960750579833984,33.00377629376775,2.3166654109954834
397,profile-1,1.503430724143982,33.897358462203265,2.1571383476257324
398,O-1X,1.6097626686096191,32.462806763199985,2.360060453414917
398,O-T2X-R,1.986149549484253,32.113985106713706,2.9840939044952393
398,profile-0,1.599948763847351,32.944548840477374,2.315293550491333
398,profile-1,1.5043175220489502,33.85012934307862,2.158935308456421
399,O-1X,1.6014333963394165,32.51830063424164,2.3313944339752197
399,O-T2X-R,1.9588536024093628,32.25697126939522,2.897326707839966
399,profile-0,1.594833493232727,32.9904297966336,2.302929162979126
399,profile-1,1.5022832155227661,33.86201262722858,2.1505355834960938
400,O-1X,1.6052073240280151,32.50155142239943,2.305114269256592
400,O-T2X-R,1.931552529335022,32.3106717030032,2.938249349594116
400,profile-0,1.5993667840957642,32.96228256352417,2.284261703491211
400,profile-1,1.5036357641220093,33.85208103623077,2.141671657562256
401,O-1X,1.6037923097610474,32.50075426303616,2.273350715637207
401,O-T2X-R,1.9052150249481201,32.40142566508009,2.747770071029663
401,profile-0,1.5995973348617554,32.93690558016819,2.2585935592651367
401,profile-1,1.5031417608261108,33.83262686093139,2.116349220275879
402,O-1X,1.5973007678985596,32.51574529800464,2.229499340057373
402,O-T2X-R,1.8912912607192993,32.31829967377427,2.8411974906921387
402,profile-0,1.5883300304412842,32.99047392607877,2.2092549800872803
402,profile-1,1.4966151714324951,33.828141361723944,2.072415828704834
403,O-1X,1.602176547050476,32.497883164307964,2.1847329139709473
403,O-T2X-R,1.859370231628418,32.5518244488691,2.5383739471435547
403,profile-0,1.58051598072052,33.014598578413214,2.1315295696258545
403,profile-1,1.4908487796783447,33.86352001718527,2.0017013549804688
404,O-1X,1.5937035083770752,32.546079025018926,2.1441495418548584
404,O-T2X-R,1.8213142156600952,32.792402521652605,2.700148344039917
404,profile-0,1.5683032274246216,33.076886748778605,2.0491504669189453
404,profile-1,1.4794830083847046,33.94124331381295,1.91578209400177
405,O-1X,1.6012903451919556,32.52048919340975,2.1064631938934326
405,O-T2X-R,1.7770512104034424,33.055022453402636,2.251457929611206
405,profile-0,1.5643144845962524,33.12269978363741,1.9617977142333984
405,profile-1,1.4722285270690918,34.03406250186036,1.8201453685760498
406,O-1X,1.608137845993042,32.48016004114276,2.0862643718719482
406,O-T2X-R,1.890013575553894,32.58926663507249,2.604065179824829
406,profile-0,1.5687085390090942,33.09568139736282,1.8859010934829712
406,profile-1,1.47617769241333,34.024379363972145,1.7390613555908203
407,O-1X,1.5956484079360962,32.516976383932025,2.0516726970672607
407,O-T2X-R,1.813038945198059,32.93192279515359,2.0645980834960938
407,profile-0,1.5616642236709595,33.12184724870617,1.790431261062622
407,profile-1,1.4799073934555054,33.96388498804912,1.6507176160812378
408,O-1X,1.597234845161438,32.522714380550234,1.9998970031738281
408,O-T2X-R,1.9973698854446411,32.05566763894119,2.5997133255004883
408,profile-0,1.5710625648498535,33.0756207788997,1.6900403499603271
408,profile-1,1.4868240356445312,33.92577093241332,1.556516170501709
409,O-1X,1.5939198732376099,32.55394281170887,1.9426798820495605
409,O-T2X-R,1.9319572448730469,32.30561591726353,1.8955994844436646
409,profile-0,1.5765637159347534,33.050528743535416,1.58656907081604
409,profile-1,1.494572639465332,33.851742704646995,1.4621652364730835
410,O-1X,1.5976591110229492,32.50978808189701,1.8450425863265991
410,O-T2X-R,1.8375486135482788,32.62287509469675,2.3661961555480957
410,profile-0,1.582687497138977,32.992452603318554,1.4715074300765991
410,profile-1,1.4937496185302734,33.82943736000772,1.3464617729187012
411,O-1X,1.5952143669128418,32.54126457230089,1.6838808059692383
411,O-T2X-R,1.8463343381881714,32.38051535565611,1.6240224838256836
411,profile-0,1.5828455686569214,32.97510497003194,1.312893271446228
411,profile-1,1.4847114086151123,33.880483329509076,1.1824349164962769
412,O-1X,1.5973762273788452,32.52205039322275,1.5250095129013062
412,O-T2X-R,1.649282693862915,33.31134108238707,1.8776092529296875
412,profile-0,1.5763392448425293,32.98440096069535,1.1798700094223022
412,profile-1,1.4706964492797852,33.916128572186246,1.043033480644226
413,O-1X,1.597269892692566,32.52291204796367,1.3017038106918335
413,O-T2X-R,1.6891790628433228,32.982097372327445,1.4411214590072632
413,profile-0,1.565544605255127,33.04074748603573,1.001263976097107
413,profile-1,1.4589427709579468,33.9751915429885,0.8758781552314758
414,O-1X,1.5959687232971191,32.52380348491043,1.0813524723052979
414,O-T2X-R,1.5530478954315186,33.61074084541962,1.4081960916519165
414,profile-0,1.5487133264541626,33.118457065789514,0.8387414216995239
414,profile-1,1.4420973062515259,34.069927607773465,0.7315226197242737
415,O-1X,1.5949665307998657,32.51624232911321,0.8764306902885437
415,O-T2X-R,1.5852630138397217,33.440193813480356,1.0930896997451782
415,profile-0,1.531754732131958,33.18058182338089,0.6959848999977112
415,profile-1,1.4299039840698242,34.09746236609496,0.6124652028083801
416,O-1X,1.593641757965088,32.528404330938024,0.5494021773338318
416,O-T2X-R,1.524690866470337,33.69596446464052,1.012624740600586
416,profile-0,1.511285424232483,33.26361803325226,0.4710935056209564
416,profile-1,1.4167006015777588,34.12467487098502,0.42767295241355896
417,O-1X,1.593653917312622,32.52083516770927,0.43044987320899963
417,O-T2X-R,1.5241879224777222,33.662835519847526,0.7749627828598022
417,profile-0,1.49977445602417,33.29955843069792,0.38179081678390503
417,profile-1,1.4140499830245972,34.095294218574885,0.3531371057033539
418,O-1X,1.5943058729171753,32.512654341356274,0.17989575862884521
418,O-T2X-R,1.5073354244232178,33.72812637697779,0.6132625341415405
418,profile-0,1.495002269744873,33.29724726626128,0.19735383987426758
418,profile-1,1.4192429780960083,34.01089673629055,0.20188121497631073
419,O-1X,1.594903826713562,32.50548815370588,0.036201417446136475
419,O-T2X-R,1.4970086812973022,33.7645079316531,0.48172950744628906
419,profile-0,1.4976471662521362,33.254029637048205,0.08139663934707642
419,profile-1,1.43440842628479,33.86226340922547,0.09963160753250122
420,O-1X,1.594903826713562,32.50548815370588,0.0
420,O-T2X-R,1.4892290830612183,33.77807977285303,0.2248784601688385
420,profile-0,1.5071141719818115,33.18345183698301,0.039581455290317535
420,profile-1,1.4542756080627441,33.695162863982425,0.056050270795822144
421,O-1X,1.594903826713562,32.50548815370588,0.0
421,O-T2X-R,1.4867881536483765,33.78343949064019,0.05185646191239357
421,profile-0,1.5187485218048096,33.100248106657936,0.03064381144940853
421,profile-1,1.4742176532745361,33.53135311996325,0.042819466441869736
422,O-1X,1.594903826713562,32.50548815370588,0.0
422,O-T2X-R,1.4867881536483765,33.78343949064019,0.0
422,profile-0,1.53010892868042,33.01961539496749,0.023499296978116035
422,profile-1,1.492470145225525,33.37763990189004,0.033009327948093414
423,O-1X,1.594903826713562,32.50548815370588,0.0
423,O-T2X-R,1.4867881536483765,33.78343949064019,0.0
423,profile-0,1.5404319763183594,32.9418399166902,0.018132204189896584
423,profile-1,1.5080368518829346,33.239946763722486,0.025358829647302628
424,O-1X,1.594903826713562,32.50548815370588,0.0
424,O-T2X-R,1.4867881536483765,33.78343949064019,0.0
424,profile-0,1.5489928722381592,32.873457764401735,0.013640507124364376
424,profile-1,1.520450472831726,33.124501873163254,0.018766047433018684
425,O-1X,1.594903826713562,32.50548815370588,0.0
425,O-T2X-R,1.4867881536483765,33.78343949064019,0.0
425,profile-0,1.5558736324310303,32.81444183067307,0.010144727304577827
425,profile-1,1.5303285121917725,33.02601756762099,0.013904423452913761
426,O-1X,1.594903826713562,32.50548815370588,0.0
426,O-T2X-R,1.4867881536483765,33.78343949064019,0.0
426,profile-0,1.561204433441162,32.76613123537015,0.007389995269477367
426,profile-1,1.5377620458602905,32.94657298090521,0.010052203200757504
427,O-1X,1.594903826713562,32.50548815370588,0.0
427,O-T2X-R,1.4867881536483765,33.78343949064019,0.0
427,profile-0,1.565108060836792,32.72813329610309,0.005220453720539808
427,profile-1,1.5432578325271606,32.883782554132395,0.007164317648857832
428,O-1X,1.594903826713562,32.50548815370588,0.0
428,O-T2X-R,1.4867881536483765,33.78343949064019,0.0
428,profile-0,1.5680341720581055,32.69697121390511,0.0037008016370236874
428,profile-1,1.5472326278686523,32.83435136852574,0.004994264338165522
429,O-1X,1.594903826713562,32.50548815370588,0.0
429,O-T2X-R,1.4867881536483765,33.78343949064019,0.0
429,profile-0,1.5701013803482056,32.67329908868124,0.0025153979659080505
429,profile-1,1.550025224685669,32.79732617648076,0.0034201559610664845
430,O-1X,1.594903826713562,32.50548815370588,0.0
430,O-T2X-R,1.4867881536483765,33.78343949064019,0.0
430,profile-0,1.5715864896774292,32.65471601424418,0.00173235556576401
430,profile-1,1.5520302057266235,32.76818039121196,0.002355614211410284
431,O-1X,1.594903826713562,32.50548815370588,0.0
431,O-T2X-R,1.4867881536483765,33.78343949064019,0.0
431,profile-0,1.5725692510604858,32.641185932528394,0.0011353859445080161
431,profile-1,1.5533337593078613,32.74744682133447,0.0015199934132397175
432,O-1X,1.594903826713562,32.50548815370588,0.0
432,O-T2X-R,1.4867881536483765,33.78343949064019,0.0
432,profile-0,1.5732351541519165,32.63116320524905,0.0007267084438353777
432,profile-1,1.5542081594467163,32.732677216515015,0.0009747486910782754
433,O-1X,1.594903826713562,32.50548815370588,0.0
433,O-T2X-R,1.4867881536483765,33.78343949064019,0.0
433,profile-0,1.573660969734192,32.62419380809721,0.0004807166988030076
433,profile-1,1.5547800064086914,32.72213473313882,0.0006278679356910288
434,O-1X,1.594903826713562,32.50548815370588,0.0
434,O-T2X-R,1.4867881536483765,33.78343949064019,0.0
434,profile-0,1.5739229917526245,32.619601252145486,0.0002756951143965125
434,profile-1,1.5551345348358154,32.715277868334574,0.0003794862423092127
435,O-1X,1.594903826713562,32.50548815370588,0.0
435,O-T2X-R,1.4867881536483765,33.78343949064019,0.0
435,profile-0,1.574096441268921,32.61626100165935,0.00018470719805918634
435,profile-1,1.5553566217422485,32.71066317081211,0.00022994510072749108
436,O-1X,1.594903826713562,32.50548815370588,0.0
436,O-T2X-R,1.4867881536483765,33.78343949064019,0.0
436,profile-0,1.5741980075836182,32.61420180144789,0.00010191330511588603
436,profile-1,1.5554876327514648,32.70776305616475,0.0001333237742073834
437,O-1X,1.594903826713562,32.50548815370588,0.0
437,O-T2X-R,1.4867881536483765,33.78343949064019,0.0
437,profile-0,1.5742604732513428,32.612917738215884,6.247951387194917e-05
437,profile-1,1.5555647611618042,32.70595550557283,7.989184086909518e-05
438,O-1X,1.594903826713562,32.50548815370588,0.0
438,O-T2X-R,1.4867881536483765,33.78343949064019,0.0
438,profile-0,1.5742884874343872,32.61224074654232,2.7996286007692106e-05
438,profile-1,1.555604338645935,32.70502018921781,3.960449976148084e-05
439,O-1X,1.594903826713562,32.50548815370588,0.0
439,O-T2X-R,1.4867881536483765,33.78343949064019,0.0
439,profile-0,1.574300765991211,32.61194552566447,1.2291052371438127e-05
439,profile-1,1.5556215047836304,32.704573740501694,1.707090632407926e-05
440,O-1X,1.594903826713562,32.50548815370588,0.0
440,O-T2X-R,1.4867881536483765,33.78343949064019,0.0
440,profile-0,1.5743054151535034,32.61182186429987,4.60914452560246e-06
440,profile-1,1.5556282997131348,32.70438092684308,6.828362074884353e-06
441,O-1X,1.594903826713562,32.50548815370588,0.0
441,O-T2X-R,1.4867881536483765,33.78343949064019,0.0
441,profile-0,1.5743069648742676,32.61177723549915,1.5363815464297659e-06
441,profile-1,1.5556339025497437,32.704209966227126,5.633398814097745e-06
442,O-1X,1.594903826713562,32.50548815370588,0.0
442,O-T2X-R,1.4867881536483765,33.78343949064019,0.0
442,profile-0,1.5743072032928467,32.611765613490896,3.4141811511290143e-07
442,profile-1,1.555635929107666,32.70415488035114,2.048508576990571e-06
443,O-1X,1.594903826713562,32.50548815370588,0.0
443,O-T2X-R,1.4867881536483765,33.78343949064019,0.0
443,profile-0,1.5743074417114258,32.61175957005889,1.7070905755645072e-07
443,profile-1,1.555635929107666,32.70415488035114,0.0
444,O-1X,1.594903826713562,32.50548815370588,0.0
444,O-T2X-R,1.4867881536483765,33.78343949064019,0.0
444,profile-0,1.5743074417114258,32.61175957005889,0.0
444,profile-1,1.555635929107666,32.70415488035114,0.0
445,O-1X,1.594903826713562,32.50548815370588,0.0
445,O-T2X-R,1.4867881536483765,33.78343949064019,0.0
445,profile-0,1.5743074417114258,32.61175957005889,0.0
445,profile-1,1.555635929107666,32.70415488035114,0.0
446,O-1X,1.594903826713562,32.50548815370588,0.0
446,O-T2X-R,1.4867881536483765,33.78343949064019,0.0
446,profile-0,1.5743074417114258,32.61175957005889,0.0
446,profile-1,1.555635929107666,32.70415488035114,0.0
447,O-1X,1.594903826713562,32.50548815370588,0.0
447,O-T2X-R,1.4867881536483765,33.78343949064019,0.0
447,profile-0,1.5743074417114258,32.61175957005889,0.0
447,profile-1,1.555635929107666,32.70415488035114,0.0
448,O-1X,1.594903826713562,32.50548815370588,0.0
448,O-T2X-R,1.4867881536483765,33.78343949064019,0.0
448,profile-0,1.5743074417114258,32.61175957005889,0.0
448,profile-1,1.555635929107666,32.70415488035114,0.0
449,O-1X,1.594903826713562,32.50548815370588,0.0
449,O-T2X-R,1.4867881536483765,33.78343949064019,0.0
449,profile-0,1.5743074417114258,32.61175957005889,0.0
449,profile-1,1.555635929107666,32.70415488035114,0.0
450,O-1X,1.594903826713562,32.50548815370588,0.0
450,O-T2X-R,1.4867881536483765,33.78343949064019,0.0
450,profile-0,1.5743074417114258,32.61175957005889,0.0
450,profile-1,1.555635929107666,32.70415488035114,0.0
451,O-1X,1.594903826713562,32.50548815370588,0.0
451,O-T2X-R,1.4867881536483765,33.78343949064019,0.0
451,profile-0,1.5743074417114258,32.61175957005889,0.0
451,profile-1,1.555635929107666,32.70415488035114,0.0
452,O-1X,1.594903826713562,32.50548815370588,0.0
452,O-T2X-R,1.4867881536483765,33.78343949064019,0.0
452,profile-0,1.5743074417114258,32.61175957005889,0.0
452,profile-1,1.555635929107666,32.70415488035114,0.0
453,O-1X,1.594903826713562,32.50548815370588,0.0
453,O-T2X-R,1.4867881536483765,33.78343949064019,0.0
453,profile-0,1.5743074417114258,32.61175957005889,0.0
453,profile-1,1.555635929107666,32.70415488035114,0.0
454,O-1X,1.594903826713562,32.50548815370588,0.0
454,O-T2X-R,1.4867881536483765,33.78343949064019,0.0
454,profile-0,1.5743074417114258,32.61175957005889,0.0
454,profile-1,1.555635929107666,32.70415488035114,0.0
455,O-1X,1.594903826713562,32.50548815370588,0.0
455,O-T2X-R,1.4867881536483765,33.78343949064019,0.0
455,profile-0,1.5743074417114258,32.61175957005889,0.0
455,profile-1,1.555635929107666,32.70415488035114,0.0
456,O-1X,1.594903826713562,32.50548815370588,0.0
456,O-T2X-R,1.4867881536483765,33.78343949064019,0.0
456,profile-0,1.5743074417114258,32.61175957005889,0.0
456,profile-1,1.555635929107666,32.70415488035114,0.0
457,O-1X,1.594903826713562,32.50548815370588,0.0
457,O-T2X-R,1.4867881536483765,33.78343949064019,0.0
457,profile-0,1.5743074417114258,32.61175957005889,0.0
457,profile-1,1.555635929107666,32.70415488035114,0.0
458,O-1X,1.594903826713562,32.50548815370588,0.0
458,O-T2X-R,1.4867881536483765,33.78343949064019,0.0
458,profile-0,1.5743074417114258,32.61175957005889,0.0
458,profile-1,1.555635929107666,32.70415488035114,0.0
459,O-1X,1.594903826713562,32.50548815370588,0.0
459,O-T2X-R,1.4867881536483765,33.78343949064019,0.0
459,profile-0,1.5743074417114258,32.61175957005889,0.0
459,profile-1,1.555635929107666,32.70415488035114,0.0
460,O-1X,1.594903826713562,32.50548815370588,0.0
460,O-T2X-R,1.4867881536483765,33.78343949064019,0.0
460,profile-0,1.5743074417114258,32.61175957005889,0.0
460,profile-1,1.555635929107666,32.70415488035114,0.0
461,O-1X,1.594903826713562,32.50548815370588,0.0
461,O-T2X-R,1.4867881536483765,33.78343949064019,0.0
461,profile-0,1.5743074417114258,32.61175957005889,0.0
461,profile-1,1.555635929107666,32.70415488035114,0.0
462,O-1X,1.594903826713562,32.50548815370588,0.0
462,O-T2X-R,1.4867881536483765,33.78343949064019,0.0
462,profile-0,1.5743074417114258,32.61175957005889,0.0
462,profile-1,1.555635929107666,32.70415488035114,0.0
463,O-1X,1.594903826713562,32.50548815370588,0.0
463,O-T2X-R,1.4867881536483765,33.78343949064019,0.0
463,profile-0,1.5743074417114258,32.61175957005889,0.0
463,profile-1,1.555635929107666,32.70415488035114,0.0
464,O-1X,1.594903826713562,32.50548815370588,0.0
464,O-T2X-R,1.4867881536483765,33.78343949064019,0.0
464,profile-0,1.5743074417114258,32.61175957005889,0.0
464,profile-1,1.555635929107666,32.70415488035114,0.0
465,O-1X,1.594903826713562,32.50548815370588,0.0
465,O-T2X-R,1.4867881536483765,33.78343949064019,0.0
465,profile-0,1.5743074417114258,32.61175957005889,0.0
465,profile-1,1.555635929107666,32.70415488035114,0.0
466,O-1X,1.594903826713562,32.50548815370588,0.0
466,O-T2X-R,1.4867881536483765,33.78343949064019,0.0
466,profile-0,1.5743074417114258,32.61175957005889,0.0
466,profile-1,1.555635929107666,32.70415488035114,0.0
467,O-1X,1.594903826713562,32.50548815370588,0.0
467,O-T2X-R,1.4867881536483765,33.78343949064019,0.0
467,profile-0,1.5743074417114258,32.61175957005889,0.0
467,profile-1,1.555635929107666,32.70415488035114,0.0
468,O-1X,1.594903826713562,32.50548815370588,0.0
468,O-T2X-R,1.4867881536483765,33.78343949064019,0.0
468,profile-0,1.5743074417114258,32.61175957005889,0.0
468,profile-1,1.555635929107666,32.70415488035114,0.0
469,O-1X,1.594903826713562,32.50548815370588,0.0
469,O-T2X-R,1.4867881536483765,33.78343949064019,0.0
469,profile-0,1.5743074417114258,32.61175957005889,0.0
469,profile-1,1.555635929107666,32.70415488035114,0.0
470,O-1X,1.594903826713562,32.50548815370588,0.0
470,O-T2X-R,1.4867881536483765,33.78343949064019,0.0
470,profile-0,1.5743074417114258,32.61175957005889,0.0
470,profile-1,1.555635929107666,32.70415488035114,0.0
471,O-1X,1.594903826713562,32.50548815370588,0.0
471,O-T2X-R,1.4867881536483765,33.78343949064019,0.0
471,profile-0,1.5743074417114258,32.61175957005889,0.0
471,profile-1,1.555635929107666,32.70415488035114,0.0
472,O-1X,1.594903826713562,32.50548815370588,0.0
472,O-T2X-R,1.4867881536483765,33.78343949064019,0.0
472,profile-0,1.5743074417114258,32.61175957005889,0.0
472,profile-1,1.555635929107666,32.70415488035114,0.0
473,O-1X,1.594903826713562,32.50548815370588,0.0
473,O-T2X-R,1.4867881536483765,33.78343949064019,0.0
473,profile-0,1.5743074417114258,32.61175957005889,0.0
473,profile-1,1.555635929107666,32.70415488035114,0.0
474,O-1X,1.594903826713562,32.50548815370588,0.0
474,O-T2X-R,1.4867881536483765,33.78343949064019,0.0
474,profile-0,1.5743074417114258,32.61175957005889,0.0
474,profile-1,1.555635929107666,32.70415488035114,0.0
475,O-1X,1.594903826713562,32.50548815370588,0.0
475,O-T2X-R,1.4867881536483765,33.78343949064019,0.0
475,profile-0,1.5743074417114258,32.61175957005889,0.0
475,profile-1,1.555635929107666,32.70415488035114,0.0
476,O-1X,1.594903826713562,32.50548815370588,0.0
476,O-T2X-R,1.4867881536483765,33.78343949064019,0.0
476,profile-0,1.5743074417114258,32.61175957005889,0.0
476,profile-1,1.555635929107666,32.70415488035114,0.0
477,O-1X,1.594903826713562,32.50548815370588,0.0
477,O-T2X-R,1.4867881536483765,33.78343949064019,0.0
477,profile-0,1.5743074417114258,32.61175957005889,0.0
477,profile-1,1.555635929107666,32.70415488035114,0.0
478,O-1X,1.594903826713562,32.50548815370588,0.0
478,O-T2X-R,1.4867881536483765,33.78343949064019,0.0
478,profile-0,1.5743074417114258,32.61175957005889,0.0
478,profile-1,1.555635929107666,32.70415488035114,0.0
479,O-1X,1.594903826713562,32.50548815370588,0.0
479,O-T2X-R,1.4867881536483765,33.78343949064019,0.0
479,profile-0,1.5743074417114258,32.61175957005889,0.0
479,profile-1,1.555635929107666,32.70415488035114,0.0
