frame,roi,mode,reference_rgb_mae,psnr,luma_delta,luma_second_delta
0,chairs,O-T2X-R,4.546842575073242,28.44487050795346,,
0,chairs,ABL-ET2X-R-PreviousRawEdge-BilinearRGB,3.689225196838379,29.913685532648646,,
0,chairs,ABL-ET2X-R-PreviousRawEdge-ResolvedRGB,3.689225196838379,29.913685532648646,,
0,chairs,ABL-ET2X-R-PreviousRawEdge-CatmullRomRGB,3.689225196838379,29.913685532648646,,
0,thin-chair,O-T2X-R,6.6784443855285645,26.338290801734075,,
0,thin-chair,ABL-ET2X-R-PreviousRawEdge-BilinearRGB,5.546253681182861,27.741128275872825,,
0,thin-chair,ABL-ET2X-R-PreviousRawEdge-ResolvedRGB,5.546253681182861,27.741128275872825,,
0,thin-chair,ABL-ET2X-R-PreviousRawEdge-CatmullRomRGB,5.546253681182861,27.741128275872825,,
0,windows,O-T2X-R,7.944287300109863,21.91560318726814,,
0,windows,ABL-ET2X-R-PreviousRawEdge-BilinearRGB,5.217268943786621,25.77318343274605,,
0,windows,ABL-ET2X-R-PreviousRawEdge-ResolvedRGB,5.217268943786621,25.77318343274605,,
0,windows,ABL-ET2X-R-PreviousRawEdge-CatmullRomRGB,5.217268943786621,25.77318343274605,,
1,chairs,O-T2X-R,2.539811134338379,33.091345831527036,3.4362003803253174,
1,chairs,ABL-ET2X-R-PreviousRawEdge-BilinearRGB,3.689225196838379,29.913685532648646,0.0,
1,chairs,ABL-ET2X-R-PreviousRawEdge-ResolvedRGB,3.689225196838379,29.913685532648646,0.0,
1,chairs,ABL-ET2X-R-PreviousRawEdge-CatmullRomRGB,3.689225196838379,29.913685532648646,0.0,
1,thin-chair,O-T2X-R,3.863340377807617,30.773035422457546,4.929037094116211,
1,thin-chair,ABL-ET2X-R-PreviousRawEdge-BilinearRGB,5.546253681182861,27.741128275872825,0.0,
1,thin-chair,ABL-ET2X-R-PreviousRawEdge-ResolvedRGB,5.546253681182861,27.741128275872825,0.0,
1,thin-chair,ABL-ET2X-R-PreviousRawEdge-CatmullRomRGB,5.546253681182861,27.741128275872825,0.0,
1,windows,O-T2X-R,4.3203125,28.06699692047068,5.360754013061523,
1,windows,ABL-ET2X-R-PreviousRawEdge-BilinearRGB,5.217268943786621,25.77318343274605,0.0,
1,windows,ABL-ET2X-R-PreviousRawEdge-ResolvedRGB,5.217268943786621,25.77318343274605,0.0,
1,windows,ABL-ET2X-R-PreviousRawEdge-CatmullRomRGB,5.217268943786621,25.77318343274605,0.0,
2,chairs,O-T2X-R,2.539811134338379,33.091345831527036,0.0,3.4362003803253174
2,chairs,ABL-ET2X-R-PreviousRawEdge-BilinearRGB,3.689225196838379,29.913685532648646,0.0,0.0
2,chairs,ABL-ET2X-R-PreviousRawEdge-ResolvedRGB,3.689225196838379,29.913685532648646,0.0,0.0
2,chairs,ABL-ET2X-R-PreviousRawEdge-CatmullRomRGB,3.689225196838379,29.913685532648646,0.0,0.0
2,thin-chair,O-T2X-R,3.863340377807617,30.773035422457546,0.0,4.929037094116211
2,thin-chair,ABL-ET2X-R-PreviousRawEdge-BilinearRGB,5.546253681182861,27.741128275872825,0.0,0.0
2,thin-chair,ABL-ET2X-R-PreviousRawEdge-ResolvedRGB,5.546253681182861,27.741128275872825,0.0,0.0
2,thin-chair,ABL-ET2X-R-PreviousRawEdge-CatmullRomRGB,5.546253681182861,27.741128275872825,0.0,0.0
2,windows,O-T2X-R,4.3203125,28.06699692047068,0.0,5.360754013061523
2,windows,ABL-ET2X-R-PreviousRawEdge-BilinearRGB,5.217268943786621,25.77318343274605,0.0,0.0
2,windows,ABL-ET2X-R-PreviousRawEdge-ResolvedRGB,5.217268943786621,25.77318343274605,0.0,0.0
2,windows,ABL-ET2X-R-PreviousRawEdge-CatmullRomRGB,5.217268943786621,25.77318343274605,0.0,0.0
3,chairs,O-T2X-R,2.539811134338379,33.091345831527036,0.0,0.0
3,chairs,ABL-ET2X-R-PreviousRawEdge-BilinearRGB,3.689225196838379,29.913685532648646,0.0,0.0
3,chairs,ABL-ET2X-R-PreviousRawEdge-ResolvedRGB,3.689225196838379,29.913685532648646,0.0,0.0
3,chairs,ABL-ET2X-R-PreviousRawEdge-CatmullRomRGB,3.689225196838379,29.913685532648646,0.0,0.0
3,thin-chair,O-T2X-R,3.863340377807617,30.773035422457546,0.0,0.0
3,thin-chair,ABL-ET2X-R-PreviousRawEdge-BilinearRGB,5.546253681182861,27.741128275872825,0.0,0.0
3,thin-chair,ABL-ET2X-R-PreviousRawEdge-ResolvedRGB,5.546253681182861,27.741128275872825,0.0,0.0
3,thin-chair,ABL-ET2X-R-PreviousRawEdge-CatmullRomRGB,5.546253681182861,27.741128275872825,0.0,0.0
3,windows,O-T2X-R,4.3203125,28.06699692047068,0.0,0.0
3,windows,ABL-ET2X-R-PreviousRawEdge-BilinearRGB,5.217268943786621,25.77318343274605,0.0,0.0
3,windows,ABL-ET2X-R-PreviousRawEdge-ResolvedRGB,5.217268943786621,25.77318343274605,0.0,0.0
3,windows,ABL-ET2X-R-PreviousRawEdge-CatmullRomRGB,5.217268943786621,25.77318343274605,0.0,0.0
4,chairs,O-T2X-R,2.539811134338379,33.091345831527036,0.0,0.0
4,chairs,ABL-ET2X-R-PreviousRawEdge-BilinearRGB,3.689225196838379,29.913685532648646,0.0,0.0
4,chairs,ABL-ET2X-R-PreviousRawEdge-ResolvedRGB,3.689225196838379,29.913685532648646,0.0,0.0
4,chairs,ABL-ET2X-R-PreviousRawEdge-CatmullRomRGB,3.689225196838379,29.913685532648646,0.0,0.0
4,thin-chair,O-T2X-R,3.863340377807617,30.773035422457546,0.0,0.0
4,thin-chair,ABL-ET2X-R-PreviousRawEdge-BilinearRGB,5.546253681182861,27.741128275872825,0.0,0.0
4,thin-chair,ABL-ET2X-R-PreviousRawEdge-ResolvedRGB,5.546253681182861,27.741128275872825,0.0,0.0
4,thin-chair,ABL-ET2X-R-PreviousRawEdge-CatmullRomRGB,5.546253681182861,27.741128275872825,0.0,0.0
4,windows,O-T2X-R,4.3203125,28.06699692047068,0.0,0.0
4,windows,ABL-ET2X-R-PreviousRawEdge-BilinearRGB,5.217268943786621,25.77318343274605,0.0,0.0
4,windows,ABL-ET2X-R-PreviousRawEdge-ResolvedRGB,5.217268943786621,25.77318343274605,0.0,0.0
4,windows,ABL-ET2X-R-PreviousRawEdge-CatmullRomRGB,5.217268943786621,25.77318343274605,0.0,0.0
5,chairs,O-T2X-R,2.539811134338379,33.091345831527036,0.0,0.0
5,chairs,ABL-ET2X-R-PreviousRawEdge-BilinearRGB,3.689225196838379,29.913685532648646,0.0,0.0
5,chairs,ABL-ET2X-R-PreviousRawEdge-ResolvedRGB,3.689225196838379,29.913685532648646,0.0,0.0
5,chairs,ABL-ET2X-R-PreviousRawEdge-CatmullRomRGB,3.689225196838379,29.913685532648646,0.0,0.0
5,thin-chair,O-T2X-R,3.863340377807617,30.773035422457546,0.0,0.0
5,thin-chair,ABL-ET2X-R-PreviousRawEdge-BilinearRGB,5.546253681182861,27.741128275872825,0.0,0.0
5,thin-chair,ABL-ET2X-R-PreviousRawEdge-ResolvedRGB,5.546253681182861,27.741128275872825,0.0,0.0
5,thin-chair,ABL-ET2X-R-PreviousRawEdge-CatmullRomRGB,5.546253681182861,27.741128275872825,0.0,0.0
5,windows,O-T2X-R,4.3203125,28.06699692047068,0.0,0.0
5,windows,ABL-ET2X-R-PreviousRawEdge-BilinearRGB,5.217268943786621,25.77318343274605,0.0,0.0
5,windows,ABL-ET2X-R-PreviousRawEdge-ResolvedRGB,5.217268943786621,25.77318343274605,0.0,0.0
5,windows,ABL-ET2X-R-PreviousRawEdge-CatmullRomRGB,5.217268943786621,25.77318343274605,0.0,0.0
6,chairs,O-T2X-R,2.539811134338379,33.091345831527036,0.0,0.0
6,chairs,ABL-ET2X-R-PreviousRawEdge-BilinearRGB,3.689225196838379,29.913685532648646,0.0,0.0
6,chairs,ABL-ET2X-R-PreviousRawEdge-ResolvedRGB,3.689225196838379,29.913685532648646,0.0,0.0
6,chairs,ABL-ET2X-R-PreviousRawEdge-CatmullRomRGB,3.689225196838379,29.913685532648646,0.0,0.0
6,thin-chair,O-T2X-R,3.863340377807617,30.773035422457546,0.0,0.0
6,thin-chair,ABL-ET2X-R-PreviousRawEdge-BilinearRGB,5.546253681182861,27.741128275872825,0.0,0.0
6,thin-chair,ABL-ET2X-R-PreviousRawEdge-ResolvedRGB,5.546253681182861,27.741128275872825,0.0,0.0
6,thin-chair,ABL-ET2X-R-PreviousRawEdge-CatmullRomRGB,5.546253681182861,27.741128275872825,0.0,0.0
6,windows,O-T2X-R,4.3203125,28.06699692047068,0.0,0.0
6,windows,ABL-ET2X-R-PreviousRawEdge-BilinearRGB,5.217268943786621,25.77318343274605,0.0,0.0
6,windows,ABL-ET2X-R-PreviousRawEdge-ResolvedRGB,5.217268943786621,25.77318343274605,0.0,0.0
6,windows,ABL-ET2X-R-PreviousRawEdge-CatmullRomRGB,5.217268943786621,25.77318343274605,0.0,0.0
7,chairs,O-T2X-R,2.539811134338379,33.091345831527036,0.0,0.0
7,chairs,ABL-ET2X-R-PreviousRawEdge-BilinearRGB,3.689225196838379,29.913685532648646,0.0,0.0
7,chairs,ABL-ET2X-R-PreviousRawEdge-ResolvedRGB,3.689225196838379,29.913685532648646,0.0,0.0
7,chairs,ABL-ET2X-R-PreviousRawEdge-CatmullRomRGB,3.689225196838379,29.913685532648646,0.0,0.0
7,thin-chair,O-T2X-R,3.863340377807617,30.773035422457546,0.0,0.0
7,thin-chair,ABL-ET2X-R-PreviousRawEdge-BilinearRGB,5.546253681182861,27.741128275872825,0.0,0.0
7,thin-chair,ABL-ET2X-R-PreviousRawEdge-ResolvedRGB,5.546253681182861,27.741128275872825,0.0,0.0
7,thin-chair,ABL-ET2X-R-PreviousRawEdge-CatmullRomRGB,5.546253681182861,27.741128275872825,0.0,0.0
7,windows,O-T2X-R,4.3203125,28.06699692047068,0.0,0.0
7,windows,ABL-ET2X-R-PreviousRawEdge-BilinearRGB,5.217268943786621,25.77318343274605,0.0,0.0
7,windows,ABL-ET2X-R-PreviousRawEdge-ResolvedRGB,5.217268943786621,25.77318343274605,0.0,0.0
7,windows,ABL-ET2X-R-PreviousRawEdge-CatmullRomRGB,5.217268943786621,25.77318343274605,0.0,0.0
8,chairs,O-T2X-R,2.539811134338379,33.091345831527036,0.0,0.0
8,chairs,ABL-ET2X-R-PreviousRawEdge-BilinearRGB,3.689225196838379,29.913685532648646,0.0,0.0
8,chairs,ABL-ET2X-R-PreviousRawEdge-ResolvedRGB,3.689225196838379,29.913685532648646,0.0,0.0
8,chairs,ABL-ET2X-R-PreviousRawEdge-CatmullRomRGB,3.689225196838379,29.913685532648646,0.0,0.0
8,thin-chair,O-T2X-R,3.863340377807617,30.773035422457546,0.0,0.0
8,thin-chair,ABL-ET2X-R-PreviousRawEdge-BilinearRGB,5.546253681182861,27.741128275872825,0.0,0.0
8,thin-chair,ABL-ET2X-R-PreviousRawEdge-ResolvedRGB,5.546253681182861,27.741128275872825,0.0,0.0
8,thin-chair,ABL-ET2X-R-PreviousRawEdge-CatmullRomRGB,5.546253681182861,27.741128275872825,0.0,0.0
8,windows,O-T2X-R,4.3203125,28.06699692047068,0.0,0.0
8,windows,ABL-ET2X-R-PreviousRawEdge-BilinearRGB,5.217268943786621,25.77318343274605,0.0,0.0
8,windows,ABL-ET2X-R-PreviousRawEdge-ResolvedRGB,5.217268943786621,25.77318343274605,0.0,0.0
8,windows,ABL-ET2X-R-PreviousRawEdge-CatmullRomRGB,5.217268943786621,25.77318343274605,0.0,0.0
9,chairs,O-T2X-R,2.539811134338379,33.091345831527036,0.0,0.0
9,chairs,ABL-ET2X-R-PreviousRawEdge-BilinearRGB,3.689225196838379,29.913685532648646,0.0,0.0
9,chairs,ABL-ET2X-R-PreviousRawEdge-ResolvedRGB,3.689225196838379,29.913685532648646,0.0,0.0
9,chairs,ABL-ET2X-R-PreviousRawEdge-CatmullRomRGB,3.689225196838379,29.913685532648646,0.0,0.0
9,thin-chair,O-T2X-R,3.863340377807617,30.773035422457546,0.0,0.0
9,thin-chair,ABL-ET2X-R-PreviousRawEdge-BilinearRGB,5.546253681182861,27.741128275872825,0.0,0.0
9,thin-chair,ABL-ET2X-R-PreviousRawEdge-ResolvedRGB,5.546253681182861,27.741128275872825,0.0,0.0
9,thin-chair,ABL-ET2X-R-PreviousRawEdge-CatmullRomRGB,5.546253681182861,27.741128275872825,0.0,0.0
9,windows,O-T2X-R,4.3203125,28.06699692047068,0.0,0.0
9,windows,ABL-ET2X-R-PreviousRawEdge-BilinearRGB,5.217268943786621,25.77318343274605,0.0,0.0
9,windows,ABL-ET2X-R-PreviousRawEdge-ResolvedRGB,5.217268943786621,25.77318343274605,0.0,0.0
9,windows,ABL-ET2X-R-PreviousRawEdge-CatmullRomRGB,5.217268943786621,25.77318343274605,0.0,0.0
10,chairs,O-T2X-R,2.539811134338379,33.091345831527036,0.0,0.0
10,chairs,ABL-ET2X-R-PreviousRawEdge-BilinearRGB,3.689225196838379,29.913685532648646,0.0,0.0
10,chairs,ABL-ET2X-R-PreviousRawEdge-ResolvedRGB,3.689225196838379,29.913685532648646,0.0,0.0
10,chairs,ABL-ET2X-R-PreviousRawEdge-CatmullRomRGB,3.689225196838379,29.913685532648646,0.0,0.0
10,thin-chair,O-T2X-R,3.863340377807617,30.773035422457546,0.0,0.0
10,thin-chair,ABL-ET2X-R-PreviousRawEdge-BilinearRGB,5.546253681182861,27.741128275872825,0.0,0.0
10,thin-chair,ABL-ET2X-R-PreviousRawEdge-ResolvedRGB,5.546253681182861,27.741128275872825,0.0,0.0
10,thin-chair,ABL-ET2X-R-PreviousRawEdge-CatmullRomRGB,5.546253681182861,27.741128275872825,0.0,0.0
10,windows,O-T2X-R,4.3203125,28.06699692047068,0.0,0.0
10,windows,ABL-ET2X-R-PreviousRawEdge-BilinearRGB,5.217268943786621,25.77318343274605,0.0,0.0
10,windows,ABL-ET2X-R-PreviousRawEdge-ResolvedRGB,5.217268943786621,25.77318343274605,0.0,0.0
10,windows,ABL-ET2X-R-PreviousRawEdge-CatmullRomRGB,5.217268943786621,25.77318343274605,0.0,0.0
11,chairs,O-T2X-R,2.539811134338379,33.091345831527036,0.0,0.0
11,chairs,ABL-ET2X-R-PreviousRawEdge-BilinearRGB,3.689225196838379,29.913685532648646,0.0,0.0
11,chairs,ABL-ET2X-R-PreviousRawEdge-ResolvedRGB,3.689225196838379,29.913685532648646,0.0,0.0
11,chairs,ABL-ET2X-R-PreviousRawEdge-CatmullRomRGB,3.689225196838379,29.913685532648646,0.0,0.0
11,thin-chair,O-T2X-R,3.863340377807617,30.773035422457546,0.0,0.0
11,thin-chair,ABL-ET2X-R-PreviousRawEdge-BilinearRGB,5.546253681182861,27.741128275872825,0.0,0.0
11,thin-chair,ABL-ET2X-R-PreviousRawEdge-ResolvedRGB,5.546253681182861,27.741128275872825,0.0,0.0
11,thin-chair,ABL-ET2X-R-PreviousRawEdge-CatmullRomRGB,5.546253681182861,27.741128275872825,0.0,0.0
11,windows,O-T2X-R,4.3203125,28.06699692047068,0.0,0.0
11,windows,ABL-ET2X-R-PreviousRawEdge-BilinearRGB,5.217268943786621,25.77318343274605,0.0,0.0
11,windows,ABL-ET2X-R-PreviousRawEdge-ResolvedRGB,5.217268943786621,25.77318343274605,0.0,0.0
11,windows,ABL-ET2X-R-PreviousRawEdge-CatmullRomRGB,5.217268943786621,25.77318343274605,0.0,0.0
12,chairs,O-T2X-R,2.539811134338379,33.091345831527036,0.0,0.0
12,chairs,ABL-ET2X-R-PreviousRawEdge-BilinearRGB,3.689225196838379,29.913685532648646,0.0,0.0
12,chairs,ABL-ET2X-R-PreviousRawEdge-ResolvedRGB,3.689225196838379,29.913685532648646,0.0,0.0
12,chairs,ABL-ET2X-R-PreviousRawEdge-CatmullRomRGB,3.689225196838379,29.913685532648646,0.0,0.0
12,thin-chair,O-T2X-R,3.863340377807617,30.773035422457546,0.0,0.0
12,thin-chair,ABL-ET2X-R-PreviousRawEdge-BilinearRGB,5.546253681182861,27.741128275872825,0.0,0.0
12,thin-chair,ABL-ET2X-R-PreviousRawEdge-ResolvedRGB,5.546253681182861,27.741128275872825,0.0,0.0
12,thin-chair,ABL-ET2X-R-PreviousRawEdge-CatmullRomRGB,5.546253681182861,27.741128275872825,0.0,0.0
12,windows,O-T2X-R,4.3203125,28.06699692047068,0.0,0.0
12,windows,ABL-ET2X-R-PreviousRawEdge-BilinearRGB,5.217268943786621,25.77318343274605,0.0,0.0
12,windows,ABL-ET2X-R-PreviousRawEdge-ResolvedRGB,5.217268943786621,25.77318343274605,0.0,0.0
12,windows,ABL-ET2X-R-PreviousRawEdge-CatmullRomRGB,5.217268943786621,25.77318343274605,0.0,0.0
13,chairs,O-T2X-R,2.539811134338379,33.091345831527036,0.0,0.0
13,chairs,ABL-ET2X-R-PreviousRawEdge-BilinearRGB,3.689225196838379,29.913685532648646,0.0,0.0
13,chairs,ABL-ET2X-R-PreviousRawEdge-ResolvedRGB,3.689225196838379,29.913685532648646,0.0,0.0
13,chairs,ABL-ET2X-R-PreviousRawEdge-CatmullRomRGB,3.689225196838379,29.913685532648646,0.0,0.0
13,thin-chair,O-T2X-R,3.863340377807617,30.773035422457546,0.0,0.0
13,thin-chair,ABL-ET2X-R-PreviousRawEdge-BilinearRGB,5.546253681182861,27.741128275872825,0.0,0.0
13,thin-chair,ABL-ET2X-R-PreviousRawEdge-ResolvedRGB,5.546253681182861,27.741128275872825,0.0,0.0
13,thin-chair,ABL-ET2X-R-PreviousRawEdge-CatmullRomRGB,5.546253681182861,27.741128275872825,0.0,0.0
13,windows,O-T2X-R,4.3203125,28.06699692047068,0.0,0.0
13,windows,ABL-ET2X-R-PreviousRawEdge-BilinearRGB,5.217268943786621,25.77318343274605,0.0,0.0
13,windows,ABL-ET2X-R-PreviousRawEdge-ResolvedRGB,5.217268943786621,25.77318343274605,0.0,0.0
13,windows,ABL-ET2X-R-PreviousRawEdge-CatmullRomRGB,5.217268943786621,25.77318343274605,0.0,0.0
14,chairs,O-T2X-R,2.539811134338379,33.091345831527036,0.0,0.0
14,chairs,ABL-ET2X-R-PreviousRawEdge-BilinearRGB,3.689225196838379,29.913685532648646,0.0,0.0
14,chairs,ABL-ET2X-R-PreviousRawEdge-ResolvedRGB,3.689225196838379,29.913685532648646,0.0,0.0
14,chairs,ABL-ET2X-R-PreviousRawEdge-CatmullRomRGB,3.689225196838379,29.913685532648646,0.0,0.0
14,thin-chair,O-T2X-R,3.863340377807617,30.773035422457546,0.0,0.0
14,thin-chair,ABL-ET2X-R-PreviousRawEdge-BilinearRGB,5.546253681182861,27.741128275872825,0.0,0.0
14,thin-chair,ABL-ET2X-R-PreviousRawEdge-ResolvedRGB,5.546253681182861,27.741128275872825,0.0,0.0
14,thin-chair,ABL-ET2X-R-PreviousRawEdge-CatmullRomRGB,5.546253681182861,27.741128275872825,0.0,0.0
14,windows,O-T2X-R,4.3203125,28.06699692047068,0.0,0.0
14,windows,ABL-ET2X-R-PreviousRawEdge-BilinearRGB,5.217268943786621,25.77318343274605,0.0,0.0
14,windows,ABL-ET2X-R-PreviousRawEdge-ResolvedRGB,5.217268943786621,25.77318343274605,0.0,0.0
14,windows,ABL-ET2X-R-PreviousRawEdge-CatmullRomRGB,5.217268943786621,25.77318343274605,0.0,0.0
15,chairs,O-T2X-R,2.539811134338379,33.091345831527036,0.0,0.0
15,chairs,ABL-ET2X-R-PreviousRawEdge-BilinearRGB,3.689225196838379,29.913685532648646,0.0,0.0
15,chairs,ABL-ET2X-R-PreviousRawEdge-ResolvedRGB,3.689225196838379,29.913685532648646,0.0,0.0
15,chairs,ABL-ET2X-R-PreviousRawEdge-CatmullRomRGB,3.689225196838379,29.913685532648646,0.0,0.0
15,thin-chair,O-T2X-R,3.863340377807617,30.773035422457546,0.0,0.0
15,thin-chair,ABL-ET2X-R-PreviousRawEdge-BilinearRGB,5.546253681182861,27.741128275872825,0.0,0.0
15,thin-chair,ABL-ET2X-R-PreviousRawEdge-ResolvedRGB,5.546253681182861,27.741128275872825,0.0,0.0
15,thin-chair,ABL-ET2X-R-PreviousRawEdge-CatmullRomRGB,5.546253681182861,27.741128275872825,0.0,0.0
15,windows,O-T2X-R,4.3203125,28.06699692047068,0.0,0.0
15,windows,ABL-ET2X-R-PreviousRawEdge-BilinearRGB,5.217268943786621,25.77318343274605,0.0,0.0
15,windows,ABL-ET2X-R-PreviousRawEdge-ResolvedRGB,5.217268943786621,25.77318343274605,0.0,0.0
15,windows,ABL-ET2X-R-PreviousRawEdge-CatmullRomRGB,5.217268943786621,25.77318343274605,0.0,0.0
16,chairs,O-T2X-R,2.539811134338379,33.091345831527036,0.0,0.0
16,chairs,ABL-ET2X-R-PreviousRawEdge-BilinearRGB,3.689225196838379,29.913685532648646,0.0,0.0
16,chairs,ABL-ET2X-R-PreviousRawEdge-ResolvedRGB,3.689225196838379,29.913685532648646,0.0,0.0
16,chairs,ABL-ET2X-R-PreviousRawEdge-CatmullRomRGB,3.689225196838379,29.913685532648646,0.0,0.0
16,thin-chair,O-T2X-R,3.863340377807617,30.773035422457546,0.0,0.0
16,thin-chair,ABL-ET2X-R-PreviousRawEdge-BilinearRGB,5.546253681182861,27.741128275872825,0.0,0.0
16,thin-chair,ABL-ET2X-R-PreviousRawEdge-ResolvedRGB,5.546253681182861,27.741128275872825,0.0,0.0
16,thin-chair,ABL-ET2X-R-PreviousRawEdge-CatmullRomRGB,5.546253681182861,27.741128275872825,0.0,0.0
16,windows,O-T2X-R,4.3203125,28.06699692047068,0.0,0.0
16,windows,ABL-ET2X-R-PreviousRawEdge-BilinearRGB,5.217268943786621,25.77318343274605,0.0,0.0
16,windows,ABL-ET2X-R-PreviousRawEdge-ResolvedRGB,5.217268943786621,25.77318343274605,0.0,0.0
16,windows,ABL-ET2X-R-PreviousRawEdge-CatmullRomRGB,5.217268943786621,25.77318343274605,0.0,0.0
17,chairs,O-T2X-R,2.539811134338379,33.091345831527036,0.0,0.0
17,chairs,ABL-ET2X-R-PreviousRawEdge-BilinearRGB,3.689225196838379,29.913685532648646,0.0,0.0
17,chairs,ABL-ET2X-R-PreviousRawEdge-ResolvedRGB,3.689225196838379,29.913685532648646,0.0,0.0
17,chairs,ABL-ET2X-R-PreviousRawEdge-CatmullRomRGB,3.689225196838379,29.913685532648646,0.0,0.0
17,thin-chair,O-T2X-R,3.863340377807617,30.773035422457546,0.0,0.0
17,thin-chair,ABL-ET2X-R-PreviousRawEdge-BilinearRGB,5.546253681182861,27.741128275872825,0.0,0.0
17,thin-chair,ABL-ET2X-R-PreviousRawEdge-ResolvedRGB,5.546253681182861,27.741128275872825,0.0,0.0
17,thin-chair,ABL-ET2X-R-PreviousRawEdge-CatmullRomRGB,5.546253681182861,27.741128275872825,0.0,0.0
17,windows,O-T2X-R,4.3203125,28.06699692047068,0.0,0.0
17,windows,ABL-ET2X-R-PreviousRawEdge-BilinearRGB,5.217268943786621,25.77318343274605,0.0,0.0
17,windows,ABL-ET2X-R-PreviousRawEdge-ResolvedRGB,5.217268943786621,25.77318343274605,0.0,0.0
17,windows,ABL-ET2X-R-PreviousRawEdge-CatmullRomRGB,5.217268943786621,25.77318343274605,0.0,0.0
18,chairs,O-T2X-R,2.539811134338379,33.091345831527036,0.0,0.0
18,chairs,ABL-ET2X-R-PreviousRawEdge-BilinearRGB,3.689225196838379,29.913685532648646,0.0,0.0
18,chairs,ABL-ET2X-R-PreviousRawEdge-ResolvedRGB,3.689225196838379,29.913685532648646,0.0,0.0
18,chairs,ABL-ET2X-R-PreviousRawEdge-CatmullRomRGB,3.689225196838379,29.913685532648646,0.0,0.0
18,thin-chair,O-T2X-R,3.863340377807617,30.773035422457546,0.0,0.0
18,thin-chair,ABL-ET2X-R-PreviousRawEdge-BilinearRGB,5.546253681182861,27.741128275872825,0.0,0.0
18,thin-chair,ABL-ET2X-R-PreviousRawEdge-ResolvedRGB,5.546253681182861,27.741128275872825,0.0,0.0
18,thin-chair,ABL-ET2X-R-PreviousRawEdge-CatmullRomRGB,5.546253681182861,27.741128275872825,0.0,0.0
18,windows,O-T2X-R,4.3203125,28.06699692047068,0.0,0.0
18,windows,ABL-ET2X-R-PreviousRawEdge-BilinearRGB,5.217268943786621,25.77318343274605,0.0,0.0
18,windows,ABL-ET2X-R-PreviousRawEdge-ResolvedRGB,5.217268943786621,25.77318343274605,0.0,0.0
18,windows,ABL-ET2X-R-PreviousRawEdge-CatmullRomRGB,5.217268943786621,25.77318343274605,0.0,0.0
19,chairs,O-T2X-R,2.539811134338379,33.091345831527036,0.0,0.0
19,chairs,ABL-ET2X-R-PreviousRawEdge-BilinearRGB,3.689225196838379,29.913685532648646,0.0,0.0
19,chairs,ABL-ET2X-R-PreviousRawEdge-ResolvedRGB,3.689225196838379,29.913685532648646,0.0,0.0
19,chairs,ABL-ET2X-R-PreviousRawEdge-CatmullRomRGB,3.689225196838379,29.913685532648646,0.0,0.0
19,thin-chair,O-T2X-R,3.863340377807617,30.773035422457546,0.0,0.0
19,thin-chair,ABL-ET2X-R-PreviousRawEdge-BilinearRGB,5.546253681182861,27.741128275872825,0.0,0.0
19,thin-chair,ABL-ET2X-R-PreviousRawEdge-ResolvedRGB,5.546253681182861,27.741128275872825,0.0,0.0
19,thin-chair,ABL-ET2X-R-PreviousRawEdge-CatmullRomRGB,5.546253681182861,27.741128275872825,0.0,0.0
19,windows,O-T2X-R,4.3203125,28.06699692047068,0.0,0.0
19,windows,ABL-ET2X-R-PreviousRawEdge-BilinearRGB,5.217268943786621,25.77318343274605,0.0,0.0
19,windows,ABL-ET2X-R-PreviousRawEdge-ResolvedRGB,5.217268943786621,25.77318343274605,0.0,0.0
19,windows,ABL-ET2X-R-PreviousRawEdge-CatmullRomRGB,5.217268943786621,25.77318343274605,0.0,0.0
20,chairs,O-T2X-R,2.539811134338379,33.091345831527036,0.0,0.0
20,chairs,ABL-ET2X-R-PreviousRawEdge-BilinearRGB,3.689225196838379,29.913685532648646,0.0,0.0
20,chairs,ABL-ET2X-R-PreviousRawEdge-ResolvedRGB,3.689225196838379,29.913685532648646,0.0,0.0
20,chairs,ABL-ET2X-R-PreviousRawEdge-CatmullRomRGB,3.689225196838379,29.913685532648646,0.0,0.0
20,thin-chair,O-T2X-R,3.863340377807617,30.773035422457546,0.0,0.0
20,thin-chair,ABL-ET2X-R-PreviousRawEdge-BilinearRGB,5.546253681182861,27.741128275872825,0.0,0.0
20,thin-chair,ABL-ET2X-R-PreviousRawEdge-ResolvedRGB,5.546253681182861,27.741128275872825,0.0,0.0
20,thin-chair,ABL-ET2X-R-PreviousRawEdge-CatmullRomRGB,5.546253681182861,27.741128275872825,0.0,0.0
20,windows,O-T2X-R,4.3203125,28.06699692047068,0.0,0.0
20,windows,ABL-ET2X-R-PreviousRawEdge-BilinearRGB,5.217268943786621,25.77318343274605,0.0,0.0
20,windows,ABL-ET2X-R-PreviousRawEdge-ResolvedRGB,5.217268943786621,25.77318343274605,0.0,0.0
20,windows,ABL-ET2X-R-PreviousRawEdge-CatmullRomRGB,5.217268943786621,25.77318343274605,0.0,0.0
21,chairs,O-T2X-R,2.539811134338379,33.091345831527036,0.0,0.0
21,chairs,ABL-ET2X-R-PreviousRawEdge-BilinearRGB,3.689225196838379,29.913685532648646,0.0,0.0
21,chairs,ABL-ET2X-R-PreviousRawEdge-ResolvedRGB,3.689225196838379,29.913685532648646,0.0,0.0
21,chairs,ABL-ET2X-R-PreviousRawEdge-CatmullRomRGB,3.689225196838379,29.913685532648646,0.0,0.0
21,thin-chair,O-T2X-R,3.863340377807617,30.773035422457546,0.0,0.0
21,thin-chair,ABL-ET2X-R-PreviousRawEdge-BilinearRGB,5.546253681182861,27.741128275872825,0.0,0.0
21,thin-chair,ABL-ET2X-R-PreviousRawEdge-ResolvedRGB,5.546253681182861,27.741128275872825,0.0,0.0
21,thin-chair,ABL-ET2X-R-PreviousRawEdge-CatmullRomRGB,5.546253681182861,27.741128275872825,0.0,0.0
21,windows,O-T2X-R,4.3203125,28.06699692047068,0.0,0.0
21,windows,ABL-ET2X-R-PreviousRawEdge-BilinearRGB,5.217268943786621,25.77318343274605,0.0,0.0
21,windows,ABL-ET2X-R-PreviousRawEdge-ResolvedRGB,5.217268943786621,25.77318343274605,0.0,0.0
21,windows,ABL-ET2X-R-PreviousRawEdge-CatmullRomRGB,5.217268943786621,25.77318343274605,0.0,0.0
22,chairs,O-T2X-R,2.539811134338379,33.091345831527036,0.0,0.0
22,chairs,ABL-ET2X-R-PreviousRawEdge-BilinearRGB,3.689225196838379,29.913685532648646,0.0,0.0
22,chairs,ABL-ET2X-R-PreviousRawEdge-ResolvedRGB,3.689225196838379,29.913685532648646,0.0,0.0
22,chairs,ABL-ET2X-R-PreviousRawEdge-CatmullRomRGB,3.689225196838379,29.913685532648646,0.0,0.0
22,thin-chair,O-T2X-R,3.863340377807617,30.773035422457546,0.0,0.0
22,thin-chair,ABL-ET2X-R-PreviousRawEdge-BilinearRGB,5.546253681182861,27.741128275872825,0.0,0.0
22,thin-chair,ABL-ET2X-R-PreviousRawEdge-ResolvedRGB,5.546253681182861,27.741128275872825,0.0,0.0
22,thin-chair,ABL-ET2X-R-PreviousRawEdge-CatmullRomRGB,5.546253681182861,27.741128275872825,0.0,0.0
22,windows,O-T2X-R,4.3203125,28.06699692047068,0.0,0.0
22,windows,ABL-ET2X-R-PreviousRawEdge-BilinearRGB,5.217268943786621,25.77318343274605,0.0,0.0
22,windows,ABL-ET2X-R-PreviousRawEdge-ResolvedRGB,5.217268943786621,25.77318343274605,0.0,0.0
22,windows,ABL-ET2X-R-PreviousRawEdge-CatmullRomRGB,5.217268943786621,25.77318343274605,0.0,0.0
23,chairs,O-T2X-R,2.539811134338379,33.091345831527036,0.0,0.0
23,chairs,ABL-ET2X-R-PreviousRawEdge-BilinearRGB,3.689225196838379,29.913685532648646,0.0,0.0
23,chairs,ABL-ET2X-R-PreviousRawEdge-ResolvedRGB,3.689225196838379,29.913685532648646,0.0,0.0
23,chairs,ABL-ET2X-R-PreviousRawEdge-CatmullRomRGB,3.689225196838379,29.913685532648646,0.0,0.0
23,thin-chair,O-T2X-R,3.863340377807617,30.773035422457546,0.0,0.0
23,thin-chair,ABL-ET2X-R-PreviousRawEdge-BilinearRGB,5.546253681182861,27.741128275872825,0.0,0.0
23,thin-chair,ABL-ET2X-R-PreviousRawEdge-ResolvedRGB,5.546253681182861,27.741128275872825,0.0,0.0
23,thin-chair,ABL-ET2X-R-PreviousRawEdge-CatmullRomRGB,5.546253681182861,27.741128275872825,0.0,0.0
23,windows,O-T2X-R,4.3203125,28.06699692047068,0.0,0.0
23,windows,ABL-ET2X-R-PreviousRawEdge-BilinearRGB,5.217268943786621,25.77318343274605,0.0,0.0
23,windows,ABL-ET2X-R-PreviousRawEdge-ResolvedRGB,5.217268943786621,25.77318343274605,0.0,0.0
23,windows,ABL-ET2X-R-PreviousRawEdge-CatmullRomRGB,5.217268943786621,25.77318343274605,0.0,0.0
24,chairs,O-T2X-R,2.539811134338379,33.091345831527036,0.0,0.0
24,chairs,ABL-ET2X-R-PreviousRawEdge-BilinearRGB,3.689225196838379,29.913685532648646,0.0,0.0
24,chairs,ABL-ET2X-R-PreviousRawEdge-ResolvedRGB,3.689225196838379,29.913685532648646,0.0,0.0
24,chairs,ABL-ET2X-R-PreviousRawEdge-CatmullRomRGB,3.689225196838379,29.913685532648646,0.0,0.0
24,thin-chair,O-T2X-R,3.863340377807617,30.773035422457546,0.0,0.0
24,thin-chair,ABL-ET2X-R-PreviousRawEdge-BilinearRGB,5.546253681182861,27.741128275872825,0.0,0.0
24,thin-chair,ABL-ET2X-R-PreviousRawEdge-ResolvedRGB,5.546253681182861,27.741128275872825,0.0,0.0
24,thin-chair,ABL-ET2X-R-PreviousRawEdge-CatmullRomRGB,5.546253681182861,27.741128275872825,0.0,0.0
24,windows,O-T2X-R,4.3203125,28.06699692047068,0.0,0.0
24,windows,ABL-ET2X-R-PreviousRawEdge-BilinearRGB,5.217268943786621,25.77318343274605,0.0,0.0
24,windows,ABL-ET2X-R-PreviousRawEdge-ResolvedRGB,5.217268943786621,25.77318343274605,0.0,0.0
24,windows,ABL-ET2X-R-PreviousRawEdge-CatmullRomRGB,5.217268943786621,25.77318343274605,0.0,0.0
25,chairs,O-T2X-R,2.539811134338379,33.091345831527036,0.0,0.0
25,chairs,ABL-ET2X-R-PreviousRawEdge-BilinearRGB,3.689225196838379,29.913685532648646,0.0,0.0
25,chairs,ABL-ET2X-R-PreviousRawEdge-ResolvedRGB,3.689225196838379,29.913685532648646,0.0,0.0
25,chairs,ABL-ET2X-R-PreviousRawEdge-CatmullRomRGB,3.689225196838379,29.913685532648646,0.0,0.0
25,thin-chair,O-T2X-R,3.863340377807617,30.773035422457546,0.0,0.0
25,thin-chair,ABL-ET2X-R-PreviousRawEdge-BilinearRGB,5.546253681182861,27.741128275872825,0.0,0.0
25,thin-chair,ABL-ET2X-R-PreviousRawEdge-ResolvedRGB,5.546253681182861,27.741128275872825,0.0,0.0
25,thin-chair,ABL-ET2X-R-PreviousRawEdge-CatmullRomRGB,5.546253681182861,27.741128275872825,0.0,0.0
25,windows,O-T2X-R,4.3203125,28.06699692047068,0.0,0.0
25,windows,ABL-ET2X-R-PreviousRawEdge-BilinearRGB,5.217268943786621,25.77318343274605,0.0,0.0
25,windows,ABL-ET2X-R-PreviousRawEdge-ResolvedRGB,5.217268943786621,25.77318343274605,0.0,0.0
25,windows,ABL-ET2X-R-PreviousRawEdge-CatmullRomRGB,5.217268943786621,25.77318343274605,0.0,0.0
26,chairs,O-T2X-R,2.539811134338379,33.091345831527036,0.0,0.0
26,chairs,ABL-ET2X-R-PreviousRawEdge-BilinearRGB,3.689225196838379,29.913685532648646,0.0,0.0
26,chairs,ABL-ET2X-R-PreviousRawEdge-ResolvedRGB,3.689225196838379,29.913685532648646,0.0,0.0
26,chairs,ABL-ET2X-R-PreviousRawEdge-CatmullRomRGB,3.689225196838379,29.913685532648646,0.0,0.0
26,thin-chair,O-T2X-R,3.863340377807617,30.773035422457546,0.0,0.0
26,thin-chair,ABL-ET2X-R-PreviousRawEdge-BilinearRGB,5.546253681182861,27.741128275872825,0.0,0.0
26,thin-chair,ABL-ET2X-R-PreviousRawEdge-ResolvedRGB,5.546253681182861,27.741128275872825,0.0,0.0
26,thin-chair,ABL-ET2X-R-PreviousRawEdge-CatmullRomRGB,5.546253681182861,27.741128275872825,0.0,0.0
26,windows,O-T2X-R,4.3203125,28.06699692047068,0.0,0.0
26,windows,ABL-ET2X-R-PreviousRawEdge-BilinearRGB,5.217268943786621,25.77318343274605,0.0,0.0
26,windows,ABL-ET2X-R-PreviousRawEdge-ResolvedRGB,5.217268943786621,25.77318343274605,0.0,0.0
26,windows,ABL-ET2X-R-PreviousRawEdge-CatmullRomRGB,5.217268943786621,25.77318343274605,0.0,0.0
27,chairs,O-T2X-R,2.539811134338379,33.091345831527036,0.0,0.0
27,chairs,ABL-ET2X-R-PreviousRawEdge-BilinearRGB,3.689225196838379,29.913685532648646,0.0,0.0
27,chairs,ABL-ET2X-R-PreviousRawEdge-ResolvedRGB,3.689225196838379,29.913685532648646,0.0,0.0
27,chairs,ABL-ET2X-R-PreviousRawEdge-CatmullRomRGB,3.689225196838379,29.913685532648646,0.0,0.0
27,thin-chair,O-T2X-R,3.863340377807617,30.773035422457546,0.0,0.0
27,thin-chair,ABL-ET2X-R-PreviousRawEdge-BilinearRGB,5.546253681182861,27.741128275872825,0.0,0.0
27,thin-chair,ABL-ET2X-R-PreviousRawEdge-ResolvedRGB,5.546253681182861,27.741128275872825,0.0,0.0
27,thin-chair,ABL-ET2X-R-PreviousRawEdge-CatmullRomRGB,5.546253681182861,27.741128275872825,0.0,0.0
27,windows,O-T2X-R,4.3203125,28.06699692047068,0.0,0.0
27,windows,ABL-ET2X-R-PreviousRawEdge-BilinearRGB,5.217268943786621,25.77318343274605,0.0,0.0
27,windows,ABL-ET2X-R-PreviousRawEdge-ResolvedRGB,5.217268943786621,25.77318343274605,0.0,0.0
27,windows,ABL-ET2X-R-PreviousRawEdge-CatmullRomRGB,5.217268943786621,25.77318343274605,0.0,0.0
28,chairs,O-T2X-R,2.539811134338379,33.091345831527036,0.0,0.0
28,chairs,ABL-ET2X-R-PreviousRawEdge-BilinearRGB,3.689225196838379,29.913685532648646,0.0,0.0
28,chairs,ABL-ET2X-R-PreviousRawEdge-ResolvedRGB,3.689225196838379,29.913685532648646,0.0,0.0
28,chairs,ABL-ET2X-R-PreviousRawEdge-CatmullRomRGB,3.689225196838379,29.913685532648646,0.0,0.0
28,thin-chair,O-T2X-R,3.863340377807617,30.773035422457546,0.0,0.0
28,thin-chair,ABL-ET2X-R-PreviousRawEdge-BilinearRGB,5.546253681182861,27.741128275872825,0.0,0.0
28,thin-chair,ABL-ET2X-R-PreviousRawEdge-ResolvedRGB,5.546253681182861,27.741128275872825,0.0,0.0
28,thin-chair,ABL-ET2X-R-PreviousRawEdge-CatmullRomRGB,5.546253681182861,27.741128275872825,0.0,0.0
28,windows,O-T2X-R,4.3203125,28.06699692047068,0.0,0.0
28,windows,ABL-ET2X-R-PreviousRawEdge-BilinearRGB,5.217268943786621,25.77318343274605,0.0,0.0
28,windows,ABL-ET2X-R-PreviousRawEdge-ResolvedRGB,5.217268943786621,25.77318343274605,0.0,0.0
28,windows,ABL-ET2X-R-PreviousRawEdge-CatmullRomRGB,5.217268943786621,25.77318343274605,0.0,0.0
29,chairs,O-T2X-R,2.539811134338379,33.091345831527036,0.0,0.0
29,chairs,ABL-ET2X-R-PreviousRawEdge-BilinearRGB,3.689225196838379,29.913685532648646,0.0,0.0
29,chairs,ABL-ET2X-R-PreviousRawEdge-ResolvedRGB,3.689225196838379,29.913685532648646,0.0,0.0
29,chairs,ABL-ET2X-R-PreviousRawEdge-CatmullRomRGB,3.689225196838379,29.913685532648646,0.0,0.0
29,thin-chair,O-T2X-R,3.863340377807617,30.773035422457546,0.0,0.0
29,thin-chair,ABL-ET2X-R-PreviousRawEdge-BilinearRGB,5.546253681182861,27.741128275872825,0.0,0.0
29,thin-chair,ABL-ET2X-R-PreviousRawEdge-ResolvedRGB,5.546253681182861,27.741128275872825,0.0,0.0
29,thin-chair,ABL-ET2X-R-PreviousRawEdge-CatmullRomRGB,5.546253681182861,27.741128275872825,0.0,0.0
29,windows,O-T2X-R,4.3203125,28.06699692047068,0.0,0.0
29,windows,ABL-ET2X-R-PreviousRawEdge-BilinearRGB,5.217268943786621,25.77318343274605,0.0,0.0
29,windows,ABL-ET2X-R-PreviousRawEdge-ResolvedRGB,5.217268943786621,25.77318343274605,0.0,0.0
29,windows,ABL-ET2X-R-PreviousRawEdge-CatmullRomRGB,5.217268943786621,25.77318343274605,0.0,0.0
30,chairs,O-T2X-R,2.539811134338379,33.091345831527036,0.0,0.0
30,chairs,ABL-ET2X-R-PreviousRawEdge-BilinearRGB,3.689225196838379,29.913685532648646,0.0,0.0
30,chairs,ABL-ET2X-R-PreviousRawEdge-ResolvedRGB,3.689225196838379,29.913685532648646,0.0,0.0
30,chairs,ABL-ET2X-R-PreviousRawEdge-CatmullRomRGB,3.689225196838379,29.913685532648646,0.0,0.0
30,thin-chair,O-T2X-R,3.863340377807617,30.773035422457546,0.0,0.0
30,thin-chair,ABL-ET2X-R-PreviousRawEdge-BilinearRGB,5.546253681182861,27.741128275872825,0.0,0.0
30,thin-chair,ABL-ET2X-R-PreviousRawEdge-ResolvedRGB,5.546253681182861,27.741128275872825,0.0,0.0
30,thin-chair,ABL-ET2X-R-PreviousRawEdge-CatmullRomRGB,5.546253681182861,27.741128275872825,0.0,0.0
30,windows,O-T2X-R,4.3203125,28.06699692047068,0.0,0.0
30,windows,ABL-ET2X-R-PreviousRawEdge-BilinearRGB,5.217268943786621,25.77318343274605,0.0,0.0
30,windows,ABL-ET2X-R-PreviousRawEdge-ResolvedRGB,5.217268943786621,25.77318343274605,0.0,0.0
30,windows,ABL-ET2X-R-PreviousRawEdge-CatmullRomRGB,5.217268943786621,25.77318343274605,0.0,0.0
31,chairs,O-T2X-R,2.539811134338379,33.091345831527036,0.0,0.0
31,chairs,ABL-ET2X-R-PreviousRawEdge-BilinearRGB,3.689225196838379,29.913685532648646,0.0,0.0
31,chairs,ABL-ET2X-R-PreviousRawEdge-ResolvedRGB,3.689225196838379,29.913685532648646,0.0,0.0
31,chairs,ABL-ET2X-R-PreviousRawEdge-CatmullRomRGB,3.689225196838379,29.913685532648646,0.0,0.0
31,thin-chair,O-T2X-R,3.863340377807617,30.773035422457546,0.0,0.0
31,thin-chair,ABL-ET2X-R-PreviousRawEdge-BilinearRGB,5.546253681182861,27.741128275872825,0.0,0.0
31,thin-chair,ABL-ET2X-R-PreviousRawEdge-ResolvedRGB,5.546253681182861,27.741128275872825,0.0,0.0
31,thin-chair,ABL-ET2X-R-PreviousRawEdge-CatmullRomRGB,5.546253681182861,27.741128275872825,0.0,0.0
31,windows,O-T2X-R,4.3203125,28.06699692047068,0.0,0.0
31,windows,ABL-ET2X-R-PreviousRawEdge-BilinearRGB,5.217268943786621,25.77318343274605,0.0,0.0
31,windows,ABL-ET2X-R-PreviousRawEdge-ResolvedRGB,5.217268943786621,25.77318343274605,0.0,0.0
31,windows,ABL-ET2X-R-PreviousRawEdge-CatmullRomRGB,5.217268943786621,25.77318343274605,0.0,0.0
32,chairs,O-T2X-R,2.539811134338379,33.091345831527036,0.0,0.0
32,chairs,ABL-ET2X-R-PreviousRawEdge-BilinearRGB,3.689225196838379,29.913685532648646,0.0,0.0
32,chairs,ABL-ET2X-R-PreviousRawEdge-ResolvedRGB,3.689225196838379,29.913685532648646,0.0,0.0
32,chairs,ABL-ET2X-R-PreviousRawEdge-CatmullRomRGB,3.689225196838379,29.913685532648646,0.0,0.0
32,thin-chair,O-T2X-R,3.863340377807617,30.773035422457546,0.0,0.0
32,thin-chair,ABL-ET2X-R-PreviousRawEdge-BilinearRGB,5.546253681182861,27.741128275872825,0.0,0.0
32,thin-chair,ABL-ET2X-R-PreviousRawEdge-ResolvedRGB,5.546253681182861,27.741128275872825,0.0,0.0
32,thin-chair,ABL-ET2X-R-PreviousRawEdge-CatmullRomRGB,5.546253681182861,27.741128275872825,0.0,0.0
32,windows,O-T2X-R,4.3203125,28.06699692047068,0.0,0.0
32,windows,ABL-ET2X-R-PreviousRawEdge-BilinearRGB,5.217268943786621,25.77318343274605,0.0,0.0
32,windows,ABL-ET2X-R-PreviousRawEdge-ResolvedRGB,5.217268943786621,25.77318343274605,0.0,0.0
32,windows,ABL-ET2X-R-PreviousRawEdge-CatmullRomRGB,5.217268943786621,25.77318343274605,0.0,0.0
33,chairs,O-T2X-R,2.539811134338379,33.091345831527036,0.0,0.0
33,chairs,ABL-ET2X-R-PreviousRawEdge-BilinearRGB,3.689225196838379,29.913685532648646,0.0,0.0
33,chairs,ABL-ET2X-R-PreviousRawEdge-ResolvedRGB,3.689225196838379,29.913685532648646,0.0,0.0
33,chairs,ABL-ET2X-R-PreviousRawEdge-CatmullRomRGB,3.689225196838379,29.913685532648646,0.0,0.0
33,thin-chair,O-T2X-R,3.863340377807617,30.773035422457546,0.0,0.0
33,thin-chair,ABL-ET2X-R-PreviousRawEdge-BilinearRGB,5.546253681182861,27.741128275872825,0.0,0.0
33,thin-chair,ABL-ET2X-R-PreviousRawEdge-ResolvedRGB,5.546253681182861,27.741128275872825,0.0,0.0
33,thin-chair,ABL-ET2X-R-PreviousRawEdge-CatmullRomRGB,5.546253681182861,27.741128275872825,0.0,0.0
33,windows,O-T2X-R,4.3203125,28.06699692047068,0.0,0.0
33,windows,ABL-ET2X-R-PreviousRawEdge-BilinearRGB,5.217268943786621,25.77318343274605,0.0,0.0
33,windows,ABL-ET2X-R-PreviousRawEdge-ResolvedRGB,5.217268943786621,25.77318343274605,0.0,0.0
33,windows,ABL-ET2X-R-PreviousRawEdge-CatmullRomRGB,5.217268943786621,25.77318343274605,0.0,0.0
34,chairs,O-T2X-R,2.539811134338379,33.091345831527036,0.0,0.0
34,chairs,ABL-ET2X-R-PreviousRawEdge-BilinearRGB,3.689225196838379,29.913685532648646,0.0,0.0
34,chairs,ABL-ET2X-R-PreviousRawEdge-ResolvedRGB,3.689225196838379,29.913685532648646,0.0,0.0
34,chairs,ABL-ET2X-R-PreviousRawEdge-CatmullRomRGB,3.689225196838379,29.913685532648646,0.0,0.0
34,thin-chair,O-T2X-R,3.863340377807617,30.773035422457546,0.0,0.0
34,thin-chair,ABL-ET2X-R-PreviousRawEdge-BilinearRGB,5.546253681182861,27.741128275872825,0.0,0.0
34,thin-chair,ABL-ET2X-R-PreviousRawEdge-ResolvedRGB,5.546253681182861,27.741128275872825,0.0,0.0
34,thin-chair,ABL-ET2X-R-PreviousRawEdge-CatmullRomRGB,5.546253681182861,27.741128275872825,0.0,0.0
34,windows,O-T2X-R,4.3203125,28.06699692047068,0.0,0.0
34,windows,ABL-ET2X-R-PreviousRawEdge-BilinearRGB,5.217268943786621,25.77318343274605,0.0,0.0
34,windows,ABL-ET2X-R-PreviousRawEdge-ResolvedRGB,5.217268943786621,25.77318343274605,0.0,0.0
34,windows,ABL-ET2X-R-PreviousRawEdge-CatmullRomRGB,5.217268943786621,25.77318343274605,0.0,0.0
35,chairs,O-T2X-R,2.539811134338379,33.091345831527036,0.0,0.0
35,chairs,ABL-ET2X-R-PreviousRawEdge-BilinearRGB,3.689225196838379,29.913685532648646,0.0,0.0
35,chairs,ABL-ET2X-R-PreviousRawEdge-ResolvedRGB,3.689225196838379,29.913685532648646,0.0,0.0
35,chairs,ABL-ET2X-R-PreviousRawEdge-CatmullRomRGB,3.689225196838379,29.913685532648646,0.0,0.0
35,thin-chair,O-T2X-R,3.863340377807617,30.773035422457546,0.0,0.0
35,thin-chair,ABL-ET2X-R-PreviousRawEdge-BilinearRGB,5.546253681182861,27.741128275872825,0.0,0.0
35,thin-chair,ABL-ET2X-R-PreviousRawEdge-ResolvedRGB,5.546253681182861,27.741128275872825,0.0,0.0
35,thin-chair,ABL-ET2X-R-PreviousRawEdge-CatmullRomRGB,5.546253681182861,27.741128275872825,0.0,0.0
35,windows,O-T2X-R,4.3203125,28.06699692047068,0.0,0.0
35,windows,ABL-ET2X-R-PreviousRawEdge-BilinearRGB,5.217268943786621,25.77318343274605,0.0,0.0
35,windows,ABL-ET2X-R-PreviousRawEdge-ResolvedRGB,5.217268943786621,25.77318343274605,0.0,0.0
35,windows,ABL-ET2X-R-PreviousRawEdge-CatmullRomRGB,5.217268943786621,25.77318343274605,0.0,0.0
36,chairs,O-T2X-R,2.539811134338379,33.091345831527036,0.0,0.0
36,chairs,ABL-ET2X-R-PreviousRawEdge-BilinearRGB,3.689225196838379,29.913685532648646,0.0,0.0
36,chairs,ABL-ET2X-R-PreviousRawEdge-ResolvedRGB,3.689225196838379,29.913685532648646,0.0,0.0
36,chairs,ABL-ET2X-R-PreviousRawEdge-CatmullRomRGB,3.689225196838379,29.913685532648646,0.0,0.0
36,thin-chair,O-T2X-R,3.863340377807617,30.773035422457546,0.0,0.0
36,thin-chair,ABL-ET2X-R-PreviousRawEdge-BilinearRGB,5.546253681182861,27.741128275872825,0.0,0.0
36,thin-chair,ABL-ET2X-R-PreviousRawEdge-ResolvedRGB,5.546253681182861,27.741128275872825,0.0,0.0
36,thin-chair,ABL-ET2X-R-PreviousRawEdge-CatmullRomRGB,5.546253681182861,27.741128275872825,0.0,0.0
36,windows,O-T2X-R,4.3203125,28.06699692047068,0.0,0.0
36,windows,ABL-ET2X-R-PreviousRawEdge-BilinearRGB,5.217268943786621,25.77318343274605,0.0,0.0
36,windows,ABL-ET2X-R-PreviousRawEdge-ResolvedRGB,5.217268943786621,25.77318343274605,0.0,0.0
36,windows,ABL-ET2X-R-PreviousRawEdge-CatmullRomRGB,5.217268943786621,25.77318343274605,0.0,0.0
37,chairs,O-T2X-R,2.539811134338379,33.091345831527036,0.0,0.0
37,chairs,ABL-ET2X-R-PreviousRawEdge-BilinearRGB,3.689225196838379,29.913685532648646,0.0,0.0
37,chairs,ABL-ET2X-R-PreviousRawEdge-ResolvedRGB,3.689225196838379,29.913685532648646,0.0,0.0
37,chairs,ABL-ET2X-R-PreviousRawEdge-CatmullRomRGB,3.689225196838379,29.913685532648646,0.0,0.0
37,thin-chair,O-T2X-R,3.863340377807617,30.773035422457546,0.0,0.0
37,thin-chair,ABL-ET2X-R-PreviousRawEdge-BilinearRGB,5.546253681182861,27.741128275872825,0.0,0.0
37,thin-chair,ABL-ET2X-R-PreviousRawEdge-ResolvedRGB,5.546253681182861,27.741128275872825,0.0,0.0
37,thin-chair,ABL-ET2X-R-PreviousRawEdge-CatmullRomRGB,5.546253681182861,27.741128275872825,0.0,0.0
37,windows,O-T2X-R,4.3203125,28.06699692047068,0.0,0.0
37,windows,ABL-ET2X-R-PreviousRawEdge-BilinearRGB,5.217268943786621,25.77318343274605,0.0,0.0
37,windows,ABL-ET2X-R-PreviousRawEdge-ResolvedRGB,5.217268943786621,25.77318343274605,0.0,0.0
37,windows,ABL-ET2X-R-PreviousRawEdge-CatmullRomRGB,5.217268943786621,25.77318343274605,0.0,0.0
38,chairs,O-T2X-R,2.539811134338379,33.091345831527036,0.0,0.0
38,chairs,ABL-ET2X-R-PreviousRawEdge-BilinearRGB,3.689225196838379,29.913685532648646,0.0,0.0
38,chairs,ABL-ET2X-R-PreviousRawEdge-ResolvedRGB,3.689225196838379,29.913685532648646,0.0,0.0
38,chairs,ABL-ET2X-R-PreviousRawEdge-CatmullRomRGB,3.689225196838379,29.913685532648646,0.0,0.0
38,thin-chair,O-T2X-R,3.863340377807617,30.773035422457546,0.0,0.0
38,thin-chair,ABL-ET2X-R-PreviousRawEdge-BilinearRGB,5.546253681182861,27.741128275872825,0.0,0.0
38,thin-chair,ABL-ET2X-R-PreviousRawEdge-ResolvedRGB,5.546253681182861,27.741128275872825,0.0,0.0
38,thin-chair,ABL-ET2X-R-PreviousRawEdge-CatmullRomRGB,5.546253681182861,27.741128275872825,0.0,0.0
38,windows,O-T2X-R,4.3203125,28.06699692047068,0.0,0.0
38,windows,ABL-ET2X-R-PreviousRawEdge-BilinearRGB,5.217268943786621,25.77318343274605,0.0,0.0
38,windows,ABL-ET2X-R-PreviousRawEdge-ResolvedRGB,5.217268943786621,25.77318343274605,0.0,0.0
38,windows,ABL-ET2X-R-PreviousRawEdge-CatmullRomRGB,5.217268943786621,25.77318343274605,0.0,0.0
39,chairs,O-T2X-R,2.539811134338379,33.091345831527036,0.0,0.0
39,chairs,ABL-ET2X-R-PreviousRawEdge-BilinearRGB,3.689225196838379,29.913685532648646,0.0,0.0
39,chairs,ABL-ET2X-R-PreviousRawEdge-ResolvedRGB,3.689225196838379,29.913685532648646,0.0,0.0
39,chairs,ABL-ET2X-R-PreviousRawEdge-CatmullRomRGB,3.689225196838379,29.913685532648646,0.0,0.0
39,thin-chair,O-T2X-R,3.863340377807617,30.773035422457546,0.0,0.0
39,thin-chair,ABL-ET2X-R-PreviousRawEdge-BilinearRGB,5.546253681182861,27.741128275872825,0.0,0.0
39,thin-chair,ABL-ET2X-R-PreviousRawEdge-ResolvedRGB,5.546253681182861,27.741128275872825,0.0,0.0
39,thin-chair,ABL-ET2X-R-PreviousRawEdge-CatmullRomRGB,5.546253681182861,27.741128275872825,0.0,0.0
39,windows,O-T2X-R,4.3203125,28.06699692047068,0.0,0.0
39,windows,ABL-ET2X-R-PreviousRawEdge-BilinearRGB,5.217268943786621,25.77318343274605,0.0,0.0
39,windows,ABL-ET2X-R-PreviousRawEdge-ResolvedRGB,5.217268943786621,25.77318343274605,0.0,0.0
39,windows,ABL-ET2X-R-PreviousRawEdge-CatmullRomRGB,5.217268943786621,25.77318343274605,0.0,0.0
40,chairs,O-T2X-R,2.539811134338379,33.091345831527036,0.0,0.0
40,chairs,ABL-ET2X-R-PreviousRawEdge-BilinearRGB,3.689225196838379,29.913685532648646,0.0,0.0
40,chairs,ABL-ET2X-R-PreviousRawEdge-ResolvedRGB,3.689225196838379,29.913685532648646,0.0,0.0
40,chairs,ABL-ET2X-R-PreviousRawEdge-CatmullRomRGB,3.689225196838379,29.913685532648646,0.0,0.0
40,thin-chair,O-T2X-R,3.863340377807617,30.773035422457546,0.0,0.0
40,thin-chair,ABL-ET2X-R-PreviousRawEdge-BilinearRGB,5.546253681182861,27.741128275872825,0.0,0.0
40,thin-chair,ABL-ET2X-R-PreviousRawEdge-ResolvedRGB,5.546253681182861,27.741128275872825,0.0,0.0
40,thin-chair,ABL-ET2X-R-PreviousRawEdge-CatmullRomRGB,5.546253681182861,27.741128275872825,0.0,0.0
40,windows,O-T2X-R,4.3203125,28.06699692047068,0.0,0.0
40,windows,ABL-ET2X-R-PreviousRawEdge-BilinearRGB,5.217268943786621,25.77318343274605,0.0,0.0
40,windows,ABL-ET2X-R-PreviousRawEdge-ResolvedRGB,5.217268943786621,25.77318343274605,0.0,0.0
40,windows,ABL-ET2X-R-PreviousRawEdge-CatmullRomRGB,5.217268943786621,25.77318343274605,0.0,0.0
41,chairs,O-T2X-R,2.539811134338379,33.091345831527036,0.0,0.0
41,chairs,ABL-ET2X-R-PreviousRawEdge-BilinearRGB,3.689225196838379,29.913685532648646,0.0,0.0
41,chairs,ABL-ET2X-R-PreviousRawEdge-ResolvedRGB,3.689225196838379,29.913685532648646,0.0,0.0
41,chairs,ABL-ET2X-R-PreviousRawEdge-CatmullRomRGB,3.689225196838379,29.913685532648646,0.0,0.0
41,thin-chair,O-T2X-R,3.863340377807617,30.773035422457546,0.0,0.0
41,thin-chair,ABL-ET2X-R-PreviousRawEdge-BilinearRGB,5.546253681182861,27.741128275872825,0.0,0.0
41,thin-chair,ABL-ET2X-R-PreviousRawEdge-ResolvedRGB,5.546253681182861,27.741128275872825,0.0,0.0
41,thin-chair,ABL-ET2X-R-PreviousRawEdge-CatmullRomRGB,5.546253681182861,27.741128275872825,0.0,0.0
41,windows,O-T2X-R,4.3203125,28.06699692047068,0.0,0.0
41,windows,ABL-ET2X-R-PreviousRawEdge-BilinearRGB,5.217268943786621,25.77318343274605,0.0,0.0
41,windows,ABL-ET2X-R-PreviousRawEdge-ResolvedRGB,5.217268943786621,25.77318343274605,0.0,0.0
41,windows,ABL-ET2X-R-PreviousRawEdge-CatmullRomRGB,5.217268943786621,25.77318343274605,0.0,0.0
42,chairs,O-T2X-R,2.539811134338379,33.091345831527036,0.0,0.0
42,chairs,ABL-ET2X-R-PreviousRawEdge-BilinearRGB,3.689225196838379,29.913685532648646,0.0,0.0
42,chairs,ABL-ET2X-R-PreviousRawEdge-ResolvedRGB,3.689225196838379,29.913685532648646,0.0,0.0
42,chairs,ABL-ET2X-R-PreviousRawEdge-CatmullRomRGB,3.689225196838379,29.913685532648646,0.0,0.0
42,thin-chair,O-T2X-R,3.863340377807617,30.773035422457546,0.0,0.0
42,thin-chair,ABL-ET2X-R-PreviousRawEdge-BilinearRGB,5.546253681182861,27.741128275872825,0.0,0.0
42,thin-chair,ABL-ET2X-R-PreviousRawEdge-ResolvedRGB,5.546253681182861,27.741128275872825,0.0,0.0
42,thin-chair,ABL-ET2X-R-PreviousRawEdge-CatmullRomRGB,5.546253681182861,27.741128275872825,0.0,0.0
42,windows,O-T2X-R,4.3203125,28.06699692047068,0.0,0.0
42,windows,ABL-ET2X-R-PreviousRawEdge-BilinearRGB,5.217268943786621,25.77318343274605,0.0,0.0
42,windows,ABL-ET2X-R-PreviousRawEdge-ResolvedRGB,5.217268943786621,25.77318343274605,0.0,0.0
42,windows,ABL-ET2X-R-PreviousRawEdge-CatmullRomRGB,5.217268943786621,25.77318343274605,0.0,0.0
43,chairs,O-T2X-R,2.539811134338379,33.091345831527036,0.0,0.0
43,chairs,ABL-ET2X-R-PreviousRawEdge-BilinearRGB,3.689225196838379,29.913685532648646,0.0,0.0
43,chairs,ABL-ET2X-R-PreviousRawEdge-ResolvedRGB,3.689225196838379,29.913685532648646,0.0,0.0
43,chairs,ABL-ET2X-R-PreviousRawEdge-CatmullRomRGB,3.689225196838379,29.913685532648646,0.0,0.0
43,thin-chair,O-T2X-R,3.863340377807617,30.773035422457546,0.0,0.0
43,thin-chair,ABL-ET2X-R-PreviousRawEdge-BilinearRGB,5.546253681182861,27.741128275872825,0.0,0.0
43,thin-chair,ABL-ET2X-R-PreviousRawEdge-ResolvedRGB,5.546253681182861,27.741128275872825,0.0,0.0
43,thin-chair,ABL-ET2X-R-PreviousRawEdge-CatmullRomRGB,5.546253681182861,27.741128275872825,0.0,0.0
43,windows,O-T2X-R,4.3203125,28.06699692047068,0.0,0.0
43,windows,ABL-ET2X-R-PreviousRawEdge-BilinearRGB,5.217268943786621,25.77318343274605,0.0,0.0
43,windows,ABL-ET2X-R-PreviousRawEdge-ResolvedRGB,5.217268943786621,25.77318343274605,0.0,0.0
43,windows,ABL-ET2X-R-PreviousRawEdge-CatmullRomRGB,5.217268943786621,25.77318343274605,0.0,0.0
44,chairs,O-T2X-R,2.539811134338379,33.091345831527036,0.0,0.0
44,chairs,ABL-ET2X-R-PreviousRawEdge-BilinearRGB,3.689225196838379,29.913685532648646,0.0,0.0
44,chairs,ABL-ET2X-R-PreviousRawEdge-ResolvedRGB,3.689225196838379,29.913685532648646,0.0,0.0
44,chairs,ABL-ET2X-R-PreviousRawEdge-CatmullRomRGB,3.689225196838379,29.913685532648646,0.0,0.0
44,thin-chair,O-T2X-R,3.863340377807617,30.773035422457546,0.0,0.0
44,thin-chair,ABL-ET2X-R-PreviousRawEdge-BilinearRGB,5.546253681182861,27.741128275872825,0.0,0.0
44,thin-chair,ABL-ET2X-R-PreviousRawEdge-ResolvedRGB,5.546253681182861,27.741128275872825,0.0,0.0
44,thin-chair,ABL-ET2X-R-PreviousRawEdge-CatmullRomRGB,5.546253681182861,27.741128275872825,0.0,0.0
44,windows,O-T2X-R,4.3203125,28.06699692047068,0.0,0.0
44,windows,ABL-ET2X-R-PreviousRawEdge-BilinearRGB,5.217268943786621,25.77318343274605,0.0,0.0
44,windows,ABL-ET2X-R-PreviousRawEdge-ResolvedRGB,5.217268943786621,25.77318343274605,0.0,0.0
44,windows,ABL-ET2X-R-PreviousRawEdge-CatmullRomRGB,5.217268943786621,25.77318343274605,0.0,0.0
45,chairs,O-T2X-R,2.539811134338379,33.091345831527036,0.0,0.0
45,chairs,ABL-ET2X-R-PreviousRawEdge-BilinearRGB,3.689225196838379,29.913685532648646,0.0,0.0
45,chairs,ABL-ET2X-R-PreviousRawEdge-ResolvedRGB,3.689225196838379,29.913685532648646,0.0,0.0
45,chairs,ABL-ET2X-R-PreviousRawEdge-CatmullRomRGB,3.689225196838379,29.913685532648646,0.0,0.0
45,thin-chair,O-T2X-R,3.863340377807617,30.773035422457546,0.0,0.0
45,thin-chair,ABL-ET2X-R-PreviousRawEdge-BilinearRGB,5.546253681182861,27.741128275872825,0.0,0.0
45,thin-chair,ABL-ET2X-R-PreviousRawEdge-ResolvedRGB,5.546253681182861,27.741128275872825,0.0,0.0
45,thin-chair,ABL-ET2X-R-PreviousRawEdge-CatmullRomRGB,5.546253681182861,27.741128275872825,0.0,0.0
45,windows,O-T2X-R,4.3203125,28.06699692047068,0.0,0.0
45,windows,ABL-ET2X-R-PreviousRawEdge-BilinearRGB,5.217268943786621,25.77318343274605,0.0,0.0
45,windows,ABL-ET2X-R-PreviousRawEdge-ResolvedRGB,5.217268943786621,25.77318343274605,0.0,0.0
45,windows,ABL-ET2X-R-PreviousRawEdge-CatmullRomRGB,5.217268943786621,25.77318343274605,0.0,0.0
46,chairs,O-T2X-R,2.539811134338379,33.091345831527036,0.0,0.0
46,chairs,ABL-ET2X-R-PreviousRawEdge-BilinearRGB,3.689225196838379,29.913685532648646,0.0,0.0
46,chairs,ABL-ET2X-R-PreviousRawEdge-ResolvedRGB,3.689225196838379,29.913685532648646,0.0,0.0
46,chairs,ABL-ET2X-R-PreviousRawEdge-CatmullRomRGB,3.689225196838379,29.913685532648646,0.0,0.0
46,thin-chair,O-T2X-R,3.863340377807617,30.773035422457546,0.0,0.0
46,thin-chair,ABL-ET2X-R-PreviousRawEdge-BilinearRGB,5.546253681182861,27.741128275872825,0.0,0.0
46,thin-chair,ABL-ET2X-R-PreviousRawEdge-ResolvedRGB,5.546253681182861,27.741128275872825,0.0,0.0
46,thin-chair,ABL-ET2X-R-PreviousRawEdge-CatmullRomRGB,5.546253681182861,27.741128275872825,0.0,0.0
46,windows,O-T2X-R,4.3203125,28.06699692047068,0.0,0.0
46,windows,ABL-ET2X-R-PreviousRawEdge-BilinearRGB,5.217268943786621,25.77318343274605,0.0,0.0
46,windows,ABL-ET2X-R-PreviousRawEdge-ResolvedRGB,5.217268943786621,25.77318343274605,0.0,0.0
46,windows,ABL-ET2X-R-PreviousRawEdge-CatmullRomRGB,5.217268943786621,25.77318343274605,0.0,0.0
47,chairs,O-T2X-R,2.539811134338379,33.091345831527036,0.0,0.0
47,chairs,ABL-ET2X-R-PreviousRawEdge-BilinearRGB,3.689225196838379,29.913685532648646,0.0,0.0
47,chairs,ABL-ET2X-R-PreviousRawEdge-ResolvedRGB,3.689225196838379,29.913685532648646,0.0,0.0
47,chairs,ABL-ET2X-R-PreviousRawEdge-CatmullRomRGB,3.689225196838379,29.913685532648646,0.0,0.0
47,thin-chair,O-T2X-R,3.863340377807617,30.773035422457546,0.0,0.0
47,thin-chair,ABL-ET2X-R-PreviousRawEdge-BilinearRGB,5.546253681182861,27.741128275872825,0.0,0.0
47,thin-chair,ABL-ET2X-R-PreviousRawEdge-ResolvedRGB,5.546253681182861,27.741128275872825,0.0,0.0
47,thin-chair,ABL-ET2X-R-PreviousRawEdge-CatmullRomRGB,5.546253681182861,27.741128275872825,0.0,0.0
47,windows,O-T2X-R,4.3203125,28.06699692047068,0.0,0.0
47,windows,ABL-ET2X-R-PreviousRawEdge-BilinearRGB,5.217268943786621,25.77318343274605,0.0,0.0
47,windows,ABL-ET2X-R-PreviousRawEdge-ResolvedRGB,5.217268943786621,25.77318343274605,0.0,0.0
47,windows,ABL-ET2X-R-PreviousRawEdge-CatmullRomRGB,5.217268943786621,25.77318343274605,0.0,0.0
48,chairs,O-T2X-R,2.539811134338379,33.091345831527036,0.0,0.0
48,chairs,ABL-ET2X-R-PreviousRawEdge-BilinearRGB,3.689225196838379,29.913685532648646,0.0,0.0
48,chairs,ABL-ET2X-R-PreviousRawEdge-ResolvedRGB,3.689225196838379,29.913685532648646,0.0,0.0
48,chairs,ABL-ET2X-R-PreviousRawEdge-CatmullRomRGB,3.689225196838379,29.913685532648646,0.0,0.0
48,thin-chair,O-T2X-R,3.863340377807617,30.773035422457546,0.0,0.0
48,thin-chair,ABL-ET2X-R-PreviousRawEdge-BilinearRGB,5.546253681182861,27.741128275872825,0.0,0.0
48,thin-chair,ABL-ET2X-R-PreviousRawEdge-ResolvedRGB,5.546253681182861,27.741128275872825,0.0,0.0
48,thin-chair,ABL-ET2X-R-PreviousRawEdge-CatmullRomRGB,5.546253681182861,27.741128275872825,0.0,0.0
48,windows,O-T2X-R,4.3203125,28.06699692047068,0.0,0.0
48,windows,ABL-ET2X-R-PreviousRawEdge-BilinearRGB,5.217268943786621,25.77318343274605,0.0,0.0
48,windows,ABL-ET2X-R-PreviousRawEdge-ResolvedRGB,5.217268943786621,25.77318343274605,0.0,0.0
48,windows,ABL-ET2X-R-PreviousRawEdge-CatmullRomRGB,5.217268943786621,25.77318343274605,0.0,0.0
49,chairs,O-T2X-R,2.539811134338379,33.091345831527036,0.0,0.0
49,chairs,ABL-ET2X-R-PreviousRawEdge-BilinearRGB,3.689225196838379,29.913685532648646,0.0,0.0
49,chairs,ABL-ET2X-R-PreviousRawEdge-ResolvedRGB,3.689225196838379,29.913685532648646,0.0,0.0
49,chairs,ABL-ET2X-R-PreviousRawEdge-CatmullRomRGB,3.689225196838379,29.913685532648646,0.0,0.0
49,thin-chair,O-T2X-R,3.863340377807617,30.773035422457546,0.0,0.0
49,thin-chair,ABL-ET2X-R-PreviousRawEdge-BilinearRGB,5.546253681182861,27.741128275872825,0.0,0.0
49,thin-chair,ABL-ET2X-R-PreviousRawEdge-ResolvedRGB,5.546253681182861,27.741128275872825,0.0,0.0
49,thin-chair,ABL-ET2X-R-PreviousRawEdge-CatmullRomRGB,5.546253681182861,27.741128275872825,0.0,0.0
49,windows,O-T2X-R,4.3203125,28.06699692047068,0.0,0.0
49,windows,ABL-ET2X-R-PreviousRawEdge-BilinearRGB,5.217268943786621,25.77318343274605,0.0,0.0
49,windows,ABL-ET2X-R-PreviousRawEdge-ResolvedRGB,5.217268943786621,25.77318343274605,0.0,0.0
49,windows,ABL-ET2X-R-PreviousRawEdge-CatmullRomRGB,5.217268943786621,25.77318343274605,0.0,0.0
50,chairs,O-T2X-R,2.539811134338379,33.091345831527036,0.0,0.0
50,chairs,ABL-ET2X-R-PreviousRawEdge-BilinearRGB,3.689225196838379,29.913685532648646,0.0,0.0
50,chairs,ABL-ET2X-R-PreviousRawEdge-ResolvedRGB,3.689225196838379,29.913685532648646,0.0,0.0
50,chairs,ABL-ET2X-R-PreviousRawEdge-CatmullRomRGB,3.689225196838379,29.913685532648646,0.0,0.0
50,thin-chair,O-T2X-R,3.863340377807617,30.773035422457546,0.0,0.0
50,thin-chair,ABL-ET2X-R-PreviousRawEdge-BilinearRGB,5.546253681182861,27.741128275872825,0.0,0.0
50,thin-chair,ABL-ET2X-R-PreviousRawEdge-ResolvedRGB,5.546253681182861,27.741128275872825,0.0,0.0
50,thin-chair,ABL-ET2X-R-PreviousRawEdge-CatmullRomRGB,5.546253681182861,27.741128275872825,0.0,0.0
50,windows,O-T2X-R,4.3203125,28.06699692047068,0.0,0.0
50,windows,ABL-ET2X-R-PreviousRawEdge-BilinearRGB,5.217268943786621,25.77318343274605,0.0,0.0
50,windows,ABL-ET2X-R-PreviousRawEdge-ResolvedRGB,5.217268943786621,25.77318343274605,0.0,0.0
50,windows,ABL-ET2X-R-PreviousRawEdge-CatmullRomRGB,5.217268943786621,25.77318343274605,0.0,0.0
51,chairs,O-T2X-R,2.539811134338379,33.091345831527036,0.0,0.0
51,chairs,ABL-ET2X-R-PreviousRawEdge-BilinearRGB,3.689225196838379,29.913685532648646,0.0,0.0
51,chairs,ABL-ET2X-R-PreviousRawEdge-ResolvedRGB,3.689225196838379,29.913685532648646,0.0,0.0
51,chairs,ABL-ET2X-R-PreviousRawEdge-CatmullRomRGB,3.689225196838379,29.913685532648646,0.0,0.0
51,thin-chair,O-T2X-R,3.863340377807617,30.773035422457546,0.0,0.0
51,thin-chair,ABL-ET2X-R-PreviousRawEdge-BilinearRGB,5.546253681182861,27.741128275872825,0.0,0.0
51,thin-chair,ABL-ET2X-R-PreviousRawEdge-ResolvedRGB,5.546253681182861,27.741128275872825,0.0,0.0
51,thin-chair,ABL-ET2X-R-PreviousRawEdge-CatmullRomRGB,5.546253681182861,27.741128275872825,0.0,0.0
51,windows,O-T2X-R,4.3203125,28.06699692047068,0.0,0.0
51,windows,ABL-ET2X-R-PreviousRawEdge-BilinearRGB,5.217268943786621,25.77318343274605,0.0,0.0
51,windows,ABL-ET2X-R-PreviousRawEdge-ResolvedRGB,5.217268943786621,25.77318343274605,0.0,0.0
51,windows,ABL-ET2X-R-PreviousRawEdge-CatmullRomRGB,5.217268943786621,25.77318343274605,0.0,0.0
52,chairs,O-T2X-R,2.539811134338379,33.091345831527036,0.0,0.0
52,chairs,ABL-ET2X-R-PreviousRawEdge-BilinearRGB,3.689225196838379,29.913685532648646,0.0,0.0
52,chairs,ABL-ET2X-R-PreviousRawEdge-ResolvedRGB,3.689225196838379,29.913685532648646,0.0,0.0
52,chairs,ABL-ET2X-R-PreviousRawEdge-CatmullRomRGB,3.689225196838379,29.913685532648646,0.0,0.0
52,thin-chair,O-T2X-R,3.863340377807617,30.773035422457546,0.0,0.0
52,thin-chair,ABL-ET2X-R-PreviousRawEdge-BilinearRGB,5.546253681182861,27.741128275872825,0.0,0.0
52,thin-chair,ABL-ET2X-R-PreviousRawEdge-ResolvedRGB,5.546253681182861,27.741128275872825,0.0,0.0
52,thin-chair,ABL-ET2X-R-PreviousRawEdge-CatmullRomRGB,5.546253681182861,27.741128275872825,0.0,0.0
52,windows,O-T2X-R,4.3203125,28.06699692047068,0.0,0.0
52,windows,ABL-ET2X-R-PreviousRawEdge-BilinearRGB,5.217268943786621,25.77318343274605,0.0,0.0
52,windows,ABL-ET2X-R-PreviousRawEdge-ResolvedRGB,5.217268943786621,25.77318343274605,0.0,0.0
52,windows,ABL-ET2X-R-PreviousRawEdge-CatmullRomRGB,5.217268943786621,25.77318343274605,0.0,0.0
53,chairs,O-T2X-R,2.539811134338379,33.091345831527036,0.0,0.0
53,chairs,ABL-ET2X-R-PreviousRawEdge-BilinearRGB,3.689225196838379,29.913685532648646,0.0,0.0
53,chairs,ABL-ET2X-R-PreviousRawEdge-ResolvedRGB,3.689225196838379,29.913685532648646,0.0,0.0
53,chairs,ABL-ET2X-R-PreviousRawEdge-CatmullRomRGB,3.689225196838379,29.913685532648646,0.0,0.0
53,thin-chair,O-T2X-R,3.863340377807617,30.773035422457546,0.0,0.0
53,thin-chair,ABL-ET2X-R-PreviousRawEdge-BilinearRGB,5.546253681182861,27.741128275872825,0.0,0.0
53,thin-chair,ABL-ET2X-R-PreviousRawEdge-ResolvedRGB,5.546253681182861,27.741128275872825,0.0,0.0
53,thin-chair,ABL-ET2X-R-PreviousRawEdge-CatmullRomRGB,5.546253681182861,27.741128275872825,0.0,0.0
53,windows,O-T2X-R,4.3203125,28.06699692047068,0.0,0.0
53,windows,ABL-ET2X-R-PreviousRawEdge-BilinearRGB,5.217268943786621,25.77318343274605,0.0,0.0
53,windows,ABL-ET2X-R-PreviousRawEdge-ResolvedRGB,5.217268943786621,25.77318343274605,0.0,0.0
53,windows,ABL-ET2X-R-PreviousRawEdge-CatmullRomRGB,5.217268943786621,25.77318343274605,0.0,0.0
54,chairs,O-T2X-R,2.539811134338379,33.091345831527036,0.0,0.0
54,chairs,ABL-ET2X-R-PreviousRawEdge-BilinearRGB,3.689225196838379,29.913685532648646,0.0,0.0
54,chairs,ABL-ET2X-R-PreviousRawEdge-ResolvedRGB,3.689225196838379,29.913685532648646,0.0,0.0
54,chairs,ABL-ET2X-R-PreviousRawEdge-CatmullRomRGB,3.689225196838379,29.913685532648646,0.0,0.0
54,thin-chair,O-T2X-R,3.863340377807617,30.773035422457546,0.0,0.0
54,thin-chair,ABL-ET2X-R-PreviousRawEdge-BilinearRGB,5.546253681182861,27.741128275872825,0.0,0.0
54,thin-chair,ABL-ET2X-R-PreviousRawEdge-ResolvedRGB,5.546253681182861,27.741128275872825,0.0,0.0
54,thin-chair,ABL-ET2X-R-PreviousRawEdge-CatmullRomRGB,5.546253681182861,27.741128275872825,0.0,0.0
54,windows,O-T2X-R,4.3203125,28.06699692047068,0.0,0.0
54,windows,ABL-ET2X-R-PreviousRawEdge-BilinearRGB,5.217268943786621,25.77318343274605,0.0,0.0
54,windows,ABL-ET2X-R-PreviousRawEdge-ResolvedRGB,5.217268943786621,25.77318343274605,0.0,0.0
54,windows,ABL-ET2X-R-PreviousRawEdge-CatmullRomRGB,5.217268943786621,25.77318343274605,0.0,0.0
55,chairs,O-T2X-R,2.539811134338379,33.091345831527036,0.0,0.0
55,chairs,ABL-ET2X-R-PreviousRawEdge-BilinearRGB,3.689225196838379,29.913685532648646,0.0,0.0
55,chairs,ABL-ET2X-R-PreviousRawEdge-ResolvedRGB,3.689225196838379,29.913685532648646,0.0,0.0
55,chairs,ABL-ET2X-R-PreviousRawEdge-CatmullRomRGB,3.689225196838379,29.913685532648646,0.0,0.0
55,thin-chair,O-T2X-R,3.863340377807617,30.773035422457546,0.0,0.0
55,thin-chair,ABL-ET2X-R-PreviousRawEdge-BilinearRGB,5.546253681182861,27.741128275872825,0.0,0.0
55,thin-chair,ABL-ET2X-R-PreviousRawEdge-ResolvedRGB,5.546253681182861,27.741128275872825,0.0,0.0
55,thin-chair,ABL-ET2X-R-PreviousRawEdge-CatmullRomRGB,5.546253681182861,27.741128275872825,0.0,0.0
55,windows,O-T2X-R,4.3203125,28.06699692047068,0.0,0.0
55,windows,ABL-ET2X-R-PreviousRawEdge-BilinearRGB,5.217268943786621,25.77318343274605,0.0,0.0
55,windows,ABL-ET2X-R-PreviousRawEdge-ResolvedRGB,5.217268943786621,25.77318343274605,0.0,0.0
55,windows,ABL-ET2X-R-PreviousRawEdge-CatmullRomRGB,5.217268943786621,25.77318343274605,0.0,0.0
56,chairs,O-T2X-R,2.539811134338379,33.091345831527036,0.0,0.0
56,chairs,ABL-ET2X-R-PreviousRawEdge-BilinearRGB,3.689225196838379,29.913685532648646,0.0,0.0
56,chairs,ABL-ET2X-R-PreviousRawEdge-ResolvedRGB,3.689225196838379,29.913685532648646,0.0,0.0
56,chairs,ABL-ET2X-R-PreviousRawEdge-CatmullRomRGB,3.689225196838379,29.913685532648646,0.0,0.0
56,thin-chair,O-T2X-R,3.863340377807617,30.773035422457546,0.0,0.0
56,thin-chair,ABL-ET2X-R-PreviousRawEdge-BilinearRGB,5.546253681182861,27.741128275872825,0.0,0.0
56,thin-chair,ABL-ET2X-R-PreviousRawEdge-ResolvedRGB,5.546253681182861,27.741128275872825,0.0,0.0
56,thin-chair,ABL-ET2X-R-PreviousRawEdge-CatmullRomRGB,5.546253681182861,27.741128275872825,0.0,0.0
56,windows,O-T2X-R,4.3203125,28.06699692047068,0.0,0.0
56,windows,ABL-ET2X-R-PreviousRawEdge-BilinearRGB,5.217268943786621,25.77318343274605,0.0,0.0
56,windows,ABL-ET2X-R-PreviousRawEdge-ResolvedRGB,5.217268943786621,25.77318343274605,0.0,0.0
56,windows,ABL-ET2X-R-PreviousRawEdge-CatmullRomRGB,5.217268943786621,25.77318343274605,0.0,0.0
57,chairs,O-T2X-R,2.539811134338379,33.091345831527036,0.0,0.0
57,chairs,ABL-ET2X-R-PreviousRawEdge-BilinearRGB,3.689225196838379,29.913685532648646,0.0,0.0
57,chairs,ABL-ET2X-R-PreviousRawEdge-ResolvedRGB,3.689225196838379,29.913685532648646,0.0,0.0
57,chairs,ABL-ET2X-R-PreviousRawEdge-CatmullRomRGB,3.689225196838379,29.913685532648646,0.0,0.0
57,thin-chair,O-T2X-R,3.863340377807617,30.773035422457546,0.0,0.0
57,thin-chair,ABL-ET2X-R-PreviousRawEdge-BilinearRGB,5.546253681182861,27.741128275872825,0.0,0.0
57,thin-chair,ABL-ET2X-R-PreviousRawEdge-ResolvedRGB,5.546253681182861,27.741128275872825,0.0,0.0
57,thin-chair,ABL-ET2X-R-PreviousRawEdge-CatmullRomRGB,5.546253681182861,27.741128275872825,0.0,0.0
57,windows,O-T2X-R,4.3203125,28.06699692047068,0.0,0.0
57,windows,ABL-ET2X-R-PreviousRawEdge-BilinearRGB,5.217268943786621,25.77318343274605,0.0,0.0
57,windows,ABL-ET2X-R-PreviousRawEdge-ResolvedRGB,5.217268943786621,25.77318343274605,0.0,0.0
57,windows,ABL-ET2X-R-PreviousRawEdge-CatmullRomRGB,5.217268943786621,25.77318343274605,0.0,0.0
58,chairs,O-T2X-R,2.539811134338379,33.091345831527036,0.0,0.0
58,chairs,ABL-ET2X-R-PreviousRawEdge-BilinearRGB,3.689225196838379,29.913685532648646,0.0,0.0
58,chairs,ABL-ET2X-R-PreviousRawEdge-ResolvedRGB,3.689225196838379,29.913685532648646,0.0,0.0
58,chairs,ABL-ET2X-R-PreviousRawEdge-CatmullRomRGB,3.689225196838379,29.913685532648646,0.0,0.0
58,thin-chair,O-T2X-R,3.863340377807617,30.773035422457546,0.0,0.0
58,thin-chair,ABL-ET2X-R-PreviousRawEdge-BilinearRGB,5.546253681182861,27.741128275872825,0.0,0.0
58,thin-chair,ABL-ET2X-R-PreviousRawEdge-ResolvedRGB,5.546253681182861,27.741128275872825,0.0,0.0
58,thin-chair,ABL-ET2X-R-PreviousRawEdge-CatmullRomRGB,5.546253681182861,27.741128275872825,0.0,0.0
58,windows,O-T2X-R,4.3203125,28.06699692047068,0.0,0.0
58,windows,ABL-ET2X-R-PreviousRawEdge-BilinearRGB,5.217268943786621,25.77318343274605,0.0,0.0
58,windows,ABL-ET2X-R-PreviousRawEdge-ResolvedRGB,5.217268943786621,25.77318343274605,0.0,0.0
58,windows,ABL-ET2X-R-PreviousRawEdge-CatmullRomRGB,5.217268943786621,25.77318343274605,0.0,0.0
59,chairs,O-T2X-R,2.539811134338379,33.091345831527036,0.0,0.0
59,chairs,ABL-ET2X-R-PreviousRawEdge-BilinearRGB,3.689225196838379,29.913685532648646,0.0,0.0
59,chairs,ABL-ET2X-R-PreviousRawEdge-ResolvedRGB,3.689225196838379,29.913685532648646,0.0,0.0
59,chairs,ABL-ET2X-R-PreviousRawEdge-CatmullRomRGB,3.689225196838379,29.913685532648646,0.0,0.0
59,thin-chair,O-T2X-R,3.863340377807617,30.773035422457546,0.0,0.0
59,thin-chair,ABL-ET2X-R-PreviousRawEdge-BilinearRGB,5.546253681182861,27.741128275872825,0.0,0.0
59,thin-chair,ABL-ET2X-R-PreviousRawEdge-ResolvedRGB,5.546253681182861,27.741128275872825,0.0,0.0
59,thin-chair,ABL-ET2X-R-PreviousRawEdge-CatmullRomRGB,5.546253681182861,27.741128275872825,0.0,0.0
59,windows,O-T2X-R,4.3203125,28.06699692047068,0.0,0.0
59,windows,ABL-ET2X-R-PreviousRawEdge-BilinearRGB,5.217268943786621,25.77318343274605,0.0,0.0
59,windows,ABL-ET2X-R-PreviousRawEdge-ResolvedRGB,5.217268943786621,25.77318343274605,0.0,0.0
59,windows,ABL-ET2X-R-PreviousRawEdge-CatmullRomRGB,5.217268943786621,25.77318343274605,0.0,0.0
60,chairs,O-T2X-R,2.539811134338379,33.091345831527036,0.0,0.0
60,chairs,ABL-ET2X-R-PreviousRawEdge-BilinearRGB,3.689225196838379,29.913685532648646,0.0,0.0
60,chairs,ABL-ET2X-R-PreviousRawEdge-ResolvedRGB,3.689225196838379,29.913685532648646,0.0,0.0
60,chairs,ABL-ET2X-R-PreviousRawEdge-CatmullRomRGB,3.689225196838379,29.913685532648646,0.0,0.0
60,thin-chair,O-T2X-R,3.863340377807617,30.773035422457546,0.0,0.0
60,thin-chair,ABL-ET2X-R-PreviousRawEdge-BilinearRGB,5.546253681182861,27.741128275872825,0.0,0.0
60,thin-chair,ABL-ET2X-R-PreviousRawEdge-ResolvedRGB,5.546253681182861,27.741128275872825,0.0,0.0
60,thin-chair,ABL-ET2X-R-PreviousRawEdge-CatmullRomRGB,5.546253681182861,27.741128275872825,0.0,0.0
60,windows,O-T2X-R,4.3203125,28.06699692047068,0.0,0.0
60,windows,ABL-ET2X-R-PreviousRawEdge-BilinearRGB,5.217268943786621,25.77318343274605,0.0,0.0
60,windows,ABL-ET2X-R-PreviousRawEdge-ResolvedRGB,5.217268943786621,25.77318343274605,0.0,0.0
60,windows,ABL-ET2X-R-PreviousRawEdge-CatmullRomRGB,5.217268943786621,25.77318343274605,0.0,0.0
61,chairs,O-T2X-R,3.097200632095337,31.57244684647209,2.011505365371704,2.011505365371704
61,chairs,ABL-ET2X-R-PreviousRawEdge-BilinearRGB,3.415055274963379,30.671037348176206,1.8502330780029297,1.8502330780029297
61,chairs,ABL-ET2X-R-PreviousRawEdge-ResolvedRGB,3.415055274963379,30.671037348176206,1.8502330780029297,1.8502330780029297
61,chairs,ABL-ET2X-R-PreviousRawEdge-CatmullRomRGB,3.4524576663970947,30.544731198381644,1.8172330856323242,1.8172330856323242
61,thin-chair,O-T2X-R,4.631362438201904,29.32256130946839,2.8752732276916504,2.8752732276916504
61,thin-chair,ABL-ET2X-R-PreviousRawEdge-BilinearRGB,5.157078742980957,28.38784834562917,2.668278694152832,2.668278694152832
61,thin-chair,ABL-ET2X-R-PreviousRawEdge-ResolvedRGB,5.157078742980957,28.38784834562917,2.668278694152832,2.668278694152832
61,thin-chair,ABL-ET2X-R-PreviousRawEdge-CatmullRomRGB,5.215139865875244,28.266845360806556,2.6204659938812256,2.6204659938812256
61,windows,O-T2X-R,5.228987693786621,26.572130209716185,3.036965847015381,3.036965847015381
61,windows,ABL-ET2X-R-PreviousRawEdge-BilinearRGB,4.897070407867432,26.691640591775723,2.3146374225616455,2.3146374225616455
61,windows,ABL-ET2X-R-PreviousRawEdge-ResolvedRGB,4.897070407867432,26.691640591775723,2.3146374225616455,2.3146374225616455
61,windows,ABL-ET2X-R-PreviousRawEdge-CatmullRomRGB,4.8602375984191895,26.456104560194596,2.492013454437256,2.492013454437256
62,chairs,O-T2X-R,2.7752766609191895,32.33090161629035,2.460681915283203,3.936279773712158
62,chairs,ABL-ET2X-R-PreviousRawEdge-BilinearRGB,3.2997395992279053,30.910112199278323,1.8180902004241943,2.3626012802124023
62,chairs,ABL-ET2X-R-PreviousRawEdge-ResolvedRGB,3.2635741233825684,31.054541853569624,1.797872543334961,2.4685137271881104
62,chairs,ABL-ET2X-R-PreviousRawEdge-CatmullRomRGB,3.297070264816284,30.90176091001382,1.7968552112579346,2.434445381164551
62,thin-chair,O-T2X-R,4.1363043785095215,30.091234329606188,3.506619453430176,5.622966289520264
62,thin-chair,ABL-ET2X-R-PreviousRawEdge-BilinearRGB,5.028497695922852,28.584163701424025,2.5267183780670166,3.296226739883423
62,thin-chair,ABL-ET2X-R-PreviousRawEdge-ResolvedRGB,4.957179069519043,28.735851787013043,2.4737234115600586,3.450514316558838
62,thin-chair,ABL-ET2X-R-PreviousRawEdge-CatmullRomRGB,5.013198375701904,28.58991804733914,2.4870476722717285,3.4058244228363037
62,windows,O-T2X-R,5.121240139007568,25.930705283647697,3.2541465759277344,4.782320976257324
62,windows,ABL-ET2X-R-PreviousRawEdge-BilinearRGB,5.316829204559326,25.49555102309483,2.8530521392822266,3.1833903789520264
62,windows,ABL-ET2X-R-PreviousRawEdge-ResolvedRGB,5.28662109375,25.589950496998284,2.786881446838379,3.309560775756836
62,windows,ABL-ET2X-R-PreviousRawEdge-CatmullRomRGB,5.292545795440674,25.48123253169357,2.952378273010254,3.3605854511260986
63,chairs,O-T2X-R,2.7364909648895264,32.36977201609236,1.8257668018341064,2.9571726322174072
63,chairs,ABL-ET2X-R-PreviousRawEdge-BilinearRGB,3.3436849117279053,30.798700322043707,1.832939863204956,2.344372272491455
63,chairs,ABL-ET2X-R-PreviousRawEdge-ResolvedRGB,3.266568899154663,31.019742411121577,1.7322256565093994,2.3061726093292236
63,chairs,ABL-ET2X-R-PreviousRawEdge-CatmullRomRGB,3.3006510734558105,30.874087613229,1.758556604385376,2.3201301097869873
63,thin-chair,O-T2X-R,4.079752445220947,30.160648809750693,2.607422113418579,4.285555839538574
63,thin-chair,ABL-ET2X-R-PreviousRawEdge-BilinearRGB,5.058297634124756,28.500425142237408,2.515519857406616,3.237297773361206
63,thin-chair,ABL-ET2X-R-PreviousRawEdge-ResolvedRGB,4.939097881317139,28.71005931236958,2.35967755317688,3.20109486579895
63,thin-chair,ABL-ET2X-R-PreviousRawEdge-CatmullRomRGB,4.9947028160095215,28.57206013903939,2.3968420028686523,3.212207794189453
63,windows,O-T2X-R,4.875162601470947,27.134860296013446,4.715463161468506,6.718163967132568
63,windows,ABL-ET2X-R-PreviousRawEdge-BilinearRGB,5.383398532867432,25.495695154700343,3.7067646980285645,3.7795448303222656
63,windows,ABL-ET2X-R-PreviousRawEdge-ResolvedRGB,5.124251365661621,26.024641164850717,3.369410276412964,3.8445992469787598
63,windows,ABL-ET2X-R-PreviousRawEdge-CatmullRomRGB,5.0477375984191895,26.010649249701476,3.609671115875244,4.088181495666504
64,chairs,O-T2X-R,2.7791991233825684,32.35599395470792,2.0137884616851807,3.2755846977233887
64,chairs,ABL-ET2X-R-PreviousRawEdge-BilinearRGB,3.3170247077941895,30.85795987217482,1.7875477075576782,2.365182399749756
64,chairs,ABL-ET2X-R-PreviousRawEdge-ResolvedRGB,3.2239909172058105,31.15725559353652,1.6610946655273438,2.2201104164123535
64,chairs,ABL-ET2X-R-PreviousRawEdge-CatmullRomRGB,3.266585350036621,31.002332932850777,1.6898021697998047,2.215193271636963
64,thin-chair,O-T2X-R,4.141424179077148,30.187141560670735,2.852139472961426,4.6828765869140625
64,thin-chair,ABL-ET2X-R-PreviousRawEdge-BilinearRGB,5.057439804077148,28.52661178238889,2.5272138118743896,3.2995383739471436
64,thin-chair,ABL-ET2X-R-PreviousRawEdge-ResolvedRGB,4.910126686096191,28.82038913820592,2.343632221221924,3.0920610427856445
64,thin-chair,ABL-ET2X-R-PreviousRawEdge-CatmullRomRGB,4.978189945220947,28.67157280876902,2.378680944442749,3.079960584640503
64,windows,O-T2X-R,4.693749904632568,27.288047386244294,3.3399174213409424,6.254263877868652
64,windows,ABL-ET2X-R-PreviousRawEdge-BilinearRGB,4.690348148345947,27.105569512915203,3.8048453330993652,4.919703483581543
64,windows,ABL-ET2X-R-PreviousRawEdge-ResolvedRGB,4.606298923492432,27.417856160514834,3.656134843826294,4.625021457672119
64,windows,ABL-ET2X-R-PreviousRawEdge-CatmullRomRGB,4.5518879890441895,27.414839336895135,3.8325207233428955,4.793231010437012
65,chairs,O-T2X-R,2.7379069328308105,32.37477058771858,1.8705158233642578,2.877157211303711
65,chairs,ABL-ET2X-R-PreviousRawEdge-BilinearRGB,3.310009717941284,30.845835067183238,1.8060979843139648,2.441878318786621
65,chairs,ABL-ET2X-R-PreviousRawEdge-ResolvedRGB,3.2186686992645264,31.13084777680382,1.6840282678604126,2.236025810241699
65,chairs,ABL-ET2X-R-PreviousRawEdge-CatmullRomRGB,3.256087303161621,30.99229844213397,1.7103397846221924,2.232534646987915
65,thin-chair,O-T2X-R,4.132930755615234,30.070779491481904,2.6269402503967285,4.110471725463867
65,thin-chair,ABL-ET2X-R-PreviousRawEdge-BilinearRGB,5.116447448730469,28.457103237528894,2.5643880367279053,3.405794382095337
65,thin-chair,ABL-ET2X-R-PreviousRawEdge-ResolvedRGB,4.956498622894287,28.749729684328855,2.3628487586975098,3.1268844604492188
65,thin-chair,ABL-ET2X-R-PreviousRawEdge-CatmullRomRGB,5.020566940307617,28.61000510884802,2.4029998779296875,3.118100881576538
65,windows,O-T2X-R,4.941422462463379,27.00210654047453,3.942261219024658,6.238498687744141
65,windows,ABL-ET2X-R-PreviousRawEdge-BilinearRGB,4.993603706359863,26.091637031322076,3.0758297443389893,4.012816429138184
65,windows,ABL-ET2X-R-PreviousRawEdge-ResolvedRGB,4.935774803161621,26.290691650877296,2.814699411392212,3.978205919265747
65,windows,ABL-ET2X-R-PreviousRawEdge-CatmullRomRGB,4.759261131286621,26.399282062897306,3.1271326541900635,4.10184383392334
66,chairs,O-T2X-R,2.7483561038970947,32.314011496881506,2.0431177616119385,3.343411684036255
66,chairs,ABL-ET2X-R-PreviousRawEdge-BilinearRGB,3.3345377445220947,30.83868357735371,1.8080520629882812,2.4400296211242676
66,chairs,ABL-ET2X-R-PreviousRawEdge-ResolvedRGB,3.25146484375,31.07619799049839,1.70867121219635,2.3072450160980225
66,chairs,ABL-ET2X-R-PreviousRawEdge-CatmullRomRGB,3.2814290523529053,30.948965456420197,1.7331775426864624,2.3116259574890137
66,thin-chair,O-T2X-R,4.114908695220947,30.07967811191876,2.9241037368774414,4.797272682189941
66,thin-chair,ABL-ET2X-R-PreviousRawEdge-BilinearRGB,5.069661617279053,28.511516531491555,2.484426259994507,3.386241912841797
66,thin-chair,ABL-ET2X-R-PreviousRawEdge-ResolvedRGB,4.924656867980957,28.751556081979274,2.3282558917999268,3.1735715866088867
66,thin-chair,ABL-ET2X-R-PreviousRawEdge-CatmullRomRGB,4.990707874298096,28.61724563140943,2.3678314685821533,3.1697776317596436
66,windows,O-T2X-R,4.702848434448242,27.03386089377181,3.431525468826294,5.569321632385254
66,windows,ABL-ET2X-R-PreviousRawEdge-BilinearRGB,4.804899215698242,26.586984261332876,3.4788031578063965,4.301233768463135
66,windows,ABL-ET2X-R-PreviousRawEdge-ResolvedRGB,4.802197456359863,26.97321850314385,3.3923802375793457,3.879122495651245
66,windows,ABL-ET2X-R-PreviousRawEdge-CatmullRomRGB,4.617024898529053,27.07699587049436,3.61637544631958,4.102640628814697
67,chairs,O-T2X-R,2.758561134338379,32.24235535570105,1.8705265522003174,2.836273193359375
67,chairs,ABL-ET2X-R-PreviousRawEdge-BilinearRGB,3.400130271911621,30.653452045464675,1.8053648471832275,2.338247299194336
67,chairs,ABL-ET2X-R-PreviousRawEdge-ResolvedRGB,3.296907663345337,30.924097374580555,1.6820207834243774,2.204029083251953
67,chairs,ABL-ET2X-R-PreviousRawEdge-CatmullRomRGB,3.319547414779663,30.82432249512558,1.712193489074707,2.2039124965667725
67,thin-chair,O-T2X-R,4.147135257720947,30.00444705266522,2.571707010269165,4.13962984085083
67,thin-chair,ABL-ET2X-R-PreviousRawEdge-BilinearRGB,5.161635875701904,28.339216004551243,2.525346040725708,3.312643527984619
67,thin-chair,ABL-ET2X-R-PreviousRawEdge-ResolvedRGB,5.013494491577148,28.585112358320814,2.3520753383636475,3.1146750450134277
67,thin-chair,ABL-ET2X-R-PreviousRawEdge-CatmullRomRGB,5.063299179077148,28.477656885390765,2.3838484287261963,3.110785722732544
67,windows,O-T2X-R,4.984765529632568,26.93155085929025,3.8428733348846436,6.2686662673950195
67,windows,ABL-ET2X-R-PreviousRawEdge-BilinearRGB,4.746370315551758,27.026015224828175,3.604489803314209,4.395245552062988
67,windows,ABL-ET2X-R-PreviousRawEdge-ResolvedRGB,4.610530376434326,27.61957822079684,3.400273561477661,4.271723747253418
67,windows,ABL-ET2X-R-PreviousRawEdge-CatmullRomRGB,4.537874221801758,27.581310354520944,3.591371536254883,4.447039604187012
68,chairs,O-T2X-R,2.7691893577575684,32.296651535793515,1.9479520320892334,3.2855873107910156
68,chairs,ABL-ET2X-R-PreviousRawEdge-BilinearRGB,3.37939453125,30.625980738348616,1.7899093627929688,2.417548656463623
68,chairs,ABL-ET2X-R-PreviousRawEdge-ResolvedRGB,3.286588430404663,30.90688020028644,1.6563339233398438,2.227360725402832
68,chairs,ABL-ET2X-R-PreviousRawEdge-CatmullRomRGB,3.3124349117279053,30.80270814548648,1.6866281032562256,2.2216415405273438
68,thin-chair,O-T2X-R,4.160629749298096,30.060176928774688,2.7862393856048584,4.627574443817139
68,thin-chair,ABL-ET2X-R-PreviousRawEdge-BilinearRGB,5.151722431182861,28.30122484752074,2.538405656814575,3.3356597423553467
68,thin-chair,ABL-ET2X-R-PreviousRawEdge-ResolvedRGB,4.997306823730469,28.56779150635201,2.3277993202209473,3.076374053955078
68,thin-chair,ABL-ET2X-R-PreviousRawEdge-CatmullRomRGB,5.052645683288574,28.451747557214947,2.3714053630828857,3.0576372146606445
68,windows,O-T2X-R,5.120768070220947,26.02937317449536,3.3859145641326904,5.257497310638428
68,windows,ABL-ET2X-R-PreviousRawEdge-BilinearRGB,5.1859049797058105,25.737591112175387,3.066434383392334,3.910399913787842
68,windows,ABL-ET2X-R-PreviousRawEdge-ResolvedRGB,5.043180465698242,26.088591655162286,2.8862831592559814,3.7112903594970703
68,windows,ABL-ET2X-R-PreviousRawEdge-CatmullRomRGB,5.079133987426758,25.981691185645083,3.1468682289123535,3.909151792526245
69,chairs,O-T2X-R,2.831738233566284,32.09163165837686,1.8838354349136353,2.8391060829162598
69,chairs,ABL-ET2X-R-PreviousRawEdge-BilinearRGB,3.4190266132354736,30.492385604003253,1.7791553735733032,2.4191746711730957
69,chairs,ABL-ET2X-R-PreviousRawEdge-ResolvedRGB,3.3048176765441895,30.796184531953813,1.7022178173065186,2.278693199157715
69,chairs,ABL-ET2X-R-PreviousRawEdge-CatmullRomRGB,3.3370604515075684,30.66941887705805,1.7218109369277954,2.284696102142334
69,thin-chair,O-T2X-R,4.236475944519043,29.90408118478587,2.713447332382202,4.122865200042725
69,thin-chair,ABL-ET2X-R-PreviousRawEdge-BilinearRGB,5.163174629211426,28.205691676819665,2.466273069381714,3.3677046298980713
69,thin-chair,ABL-ET2X-R-PreviousRawEdge-ResolvedRGB,4.982865810394287,28.500342525528634,2.3568804264068604,3.16485595703125
69,thin-chair,ABL-ET2X-R-PreviousRawEdge-CatmullRomRGB,5.049568176269531,28.36634223323019,2.3856024742126465,3.166562080383301
69,windows,O-T2X-R,5.111409664154053,26.67622670546439,4.427164554595947,6.799826145172119
69,windows,ABL-ET2X-R-PreviousRawEdge-BilinearRGB,5.113037109375,26.219536608009317,3.3393845558166504,3.9989371299743652
69,windows,ABL-ET2X-R-PreviousRawEdge-ResolvedRGB,5.155452251434326,26.341817574094396,3.2197906970977783,3.7737534046173096
69,windows,ABL-ET2X-R-PreviousRawEdge-CatmullRomRGB,4.9473795890808105,26.47631969762441,3.4693713188171387,3.9625370502471924
70,chairs,O-T2X-R,2.878222703933716,31.973939452268123,2.0953309535980225,3.410676956176758
70,chairs,ABL-ET2X-R-PreviousRawEdge-BilinearRGB,3.4395508766174316,30.45991929207117,1.8209865093231201,2.310123920440674
70,chairs,ABL-ET2X-R-PreviousRawEdge-ResolvedRGB,3.317122459411621,30.78707187468177,1.6684989929199219,2.188786745071411
70,chairs,ABL-ET2X-R-PreviousRawEdge-CatmullRomRGB,3.356168508529663,30.650891709888064,1.7036117315292358,2.173513889312744
70,thin-chair,O-T2X-R,4.248402118682861,29.854274406655374,2.981858253479004,4.8902506828308105
70,thin-chair,ABL-ET2X-R-PreviousRawEdge-BilinearRGB,5.168205261230469,28.191796277084855,2.5107779502868652,3.2563881874084473
70,thin-chair,ABL-ET2X-R-PreviousRawEdge-ResolvedRGB,4.99452543258667,28.487777844598064,2.2958548069000244,3.099201202392578
70,thin-chair,ABL-ET2X-R-PreviousRawEdge-CatmullRomRGB,5.059422492980957,28.352406973159123,2.3395657539367676,3.0668091773986816
70,windows,O-T2X-R,5.101416110992432,26.25670115223427,3.3098080158233643,5.8775506019592285
70,windows,ABL-ET2X-R-PreviousRawEdge-BilinearRGB,5.315771579742432,25.577379853777234,3.257246732711792,4.248293399810791
70,windows,ABL-ET2X-R-PreviousRawEdge-ResolvedRGB,5.415331840515137,25.636430561292627,3.164311170578003,4.071898937225342
70,windows,ABL-ET2X-R-PreviousRawEdge-CatmullRomRGB,5.229069232940674,25.742367856093693,3.3682861328125,4.220554828643799
71,chairs,O-T2X-R,2.7909178733825684,32.27580689851168,1.9181311130523682,2.9271881580352783
71,chairs,ABL-ET2X-R-PreviousRawEdge-BilinearRGB,3.4947917461395264,30.229883999757323,1.8344007730484009,2.47467041015625
71,chairs,ABL-ET2X-R-PreviousRawEdge-ResolvedRGB,3.40673828125,30.48522368343938,1.700577735900879,2.277108669281006
71,chairs,ABL-ET2X-R-PreviousRawEdge-CatmullRomRGB,3.4217448234558105,30.389437120691454,1.7195736169815063,2.278677463531494
71,thin-chair,O-T2X-R,4.222301006317139,29.961332473601768,2.600775718688965,4.167294025421143
71,thin-chair,ABL-ET2X-R-PreviousRawEdge-BilinearRGB,5.320075988769531,27.914831682655738,2.5634706020355225,3.4322214126586914
71,thin-chair,ABL-ET2X-R-PreviousRawEdge-ResolvedRGB,5.185872554779053,28.146613430713675,2.3681700229644775,3.1555886268615723
71,thin-chair,ABL-ET2X-R-PreviousRawEdge-CatmullRomRGB,5.22324800491333,28.05021813469409,2.397380828857422,3.1564652919769287
71,windows,O-T2X-R,4.987874507904053,27.02338414784162,4.8286452293396,7.0143280029296875
71,windows,ABL-ET2X-R-PreviousRawEdge-BilinearRGB,5.364323139190674,25.59212393869617,3.9101269245147705,4.3880133628845215
71,windows,ABL-ET2X-R-PreviousRawEdge-ResolvedRGB,5.260416507720947,25.95766538038726,3.658454179763794,4.263006687164307
71,windows,ABL-ET2X-R-PreviousRawEdge-CatmullRomRGB,5.120100975036621,26.02317700536792,3.880213499069214,4.4534125328063965
72,chairs,O-T2X-R,2.8397624492645264,32.08104650503196,2.019150972366333,3.37900972366333
72,chairs,ABL-ET2X-R-PreviousRawEdge-BilinearRGB,3.5458333492279053,30.022995386863414,1.7969605922698975,2.4685490131378174
72,chairs,ABL-ET2X-R-PreviousRawEdge-ResolvedRGB,3.4442381858825684,30.30067550533255,1.716228723526001,2.331657886505127
72,chairs,ABL-ET2X-R-PreviousRawEdge-CatmullRomRGB,3.4881999492645264,30.171592857629868,1.7446858882904053,2.339869976043701
72,thin-chair,O-T2X-R,4.277787685394287,29.792917303058097,2.882563352584839,4.699697494506836
72,thin-chair,ABL-ET2X-R-PreviousRawEdge-BilinearRGB,5.372247695922852,27.736264524078017,2.4888057708740234,3.4354004859924316
72,thin-chair,ABL-ET2X-R-PreviousRawEdge-ResolvedRGB,5.191347122192383,28.017302774263037,2.356794595718384,3.231584072113037
72,thin-chair,ABL-ET2X-R-PreviousRawEdge-CatmullRomRGB,5.26834774017334,27.89425579728627,2.398733377456665,3.231907606124878
72,windows,O-T2X-R,5.044335842132568,26.726842591363425,3.735448122024536,6.0956130027771
72,windows,ABL-ET2X-R-PreviousRawEdge-BilinearRGB,5.060123920440674,26.421384977080628,3.7416634559631348,4.650895118713379
72,windows,ABL-ET2X-R-PreviousRawEdge-ResolvedRGB,4.992968559265137,26.740872886778973,3.499018907546997,4.4742302894592285
72,windows,ABL-ET2X-R-PreviousRawEdge-CatmullRomRGB,4.840348243713379,26.79791150271899,3.781777858734131,4.690682888031006
73,chairs,O-T2X-R,2.8904621601104736,31.935359486970324,1.972829818725586,2.9484002590179443
73,chairs,ABL-ET2X-R-PreviousRawEdge-BilinearRGB,3.621109962463379,29.93055695683044,1.8273693323135376,2.333798885345459
73,chairs,ABL-ET2X-R-PreviousRawEdge-ResolvedRGB,3.4961588382720947,30.230287498825316,1.6939197778701782,2.2347092628479004
73,chairs,ABL-ET2X-R-PreviousRawEdge-CatmullRomRGB,3.5367023944854736,30.10234842394913,1.7295472621917725,2.2270312309265137
73,thin-chair,O-T2X-R,4.296134948730469,29.746719843127444,2.7469160556793213,4.275687217712402
73,thin-chair,ABL-ET2X-R-PreviousRawEdge-BilinearRGB,5.442057132720947,27.693625697173943,2.496504545211792,3.292670965194702
73,thin-chair,ABL-ET2X-R-PreviousRawEdge-ResolvedRGB,5.27734375,27.953392629184158,2.296091318130493,3.112330436706543
73,thin-chair,ABL-ET2X-R-PreviousRawEdge-CatmullRomRGB,5.353870868682861,27.829141483783673,2.3401739597320557,3.099276542663574
73,windows,O-T2X-R,4.971158981323242,27.00479838587694,3.99859619140625,6.721539497375488
73,windows,ABL-ET2X-R-PreviousRawEdge-BilinearRGB,5.009212017059326,26.09493251841885,3.253786087036133,4.40735387802124
73,windows,ABL-ET2X-R-PreviousRawEdge-ResolvedRGB,5.072461128234863,26.187743582020474,3.149322509765625,4.144113063812256
73,windows,ABL-ET2X-R-PreviousRawEdge-CatmullRomRGB,4.914404392242432,26.26893200419399,3.3651695251464844,4.362919807434082
74,chairs,O-T2X-R,2.805403709411621,32.213710109640004,2.084197759628296,3.484415054321289
74,chairs,ABL-ET2X-R-PreviousRawEdge-BilinearRGB,3.5445313453674316,30.057876298168345,1.8312288522720337,2.4966797828674316
74,chairs,ABL-ET2X-R-PreviousRawEdge-ResolvedRGB,3.450439453125,30.288526522158623,1.6921231746673584,2.303600311279297
74,chairs,ABL-ET2X-R-PreviousRawEdge-CatmullRomRGB,3.4749674797058105,30.187568508262768,1.7200384140014648,2.308663845062256
74,thin-chair,O-T2X-R,4.197383880615234,29.96934426558695,3.008917808532715,4.98115873336792
74,thin-chair,ABL-ET2X-R-PreviousRawEdge-BilinearRGB,5.3980231285095215,27.74159477506639,2.5053951740264893,3.4147841930389404
74,thin-chair,ABL-ET2X-R-PreviousRawEdge-ResolvedRGB,5.252456188201904,27.957338585336984,2.325077533721924,3.183438301086426
74,thin-chair,ABL-ET2X-R-PreviousRawEdge-CatmullRomRGB,5.308120250701904,27.854670364448207,2.364687204360962,3.1673696041107178
74,windows,O-T2X-R,5.381168842315674,25.726802032657794,3.4007866382598877,5.357631206512451
74,windows,ABL-ET2X-R-PreviousRawEdge-BilinearRGB,5.0439453125,26.501322521487506,3.5782370567321777,4.374241828918457
74,windows,ABL-ET2X-R-PreviousRawEdge-ResolvedRGB,5.025439262390137,26.675851728641653,3.448861598968506,4.219902992248535
74,windows,ABL-ET2X-R-PreviousRawEdge-CatmullRomRGB,4.949772357940674,26.67993555207733,3.6752376556396484,4.363333702087402
75,chairs,O-T2X-R,2.834749460220337,32.09611932676152,1.8950510025024414,3.010237216949463
75,chairs,ABL-ET2X-R-PreviousRawEdge-BilinearRGB,3.5384440422058105,30.177720830765974,1.8233659267425537,2.493417501449585
75,chairs,ABL-ET2X-R-PreviousRawEdge-ResolvedRGB,3.4449219703674316,30.41395041872539,1.7254225015640259,2.351121187210083
75,chairs,ABL-ET2X-R-PreviousRawEdge-CatmullRomRGB,3.484342336654663,30.286413866452197,1.7527267932891846,2.3437297344207764
75,thin-chair,O-T2X-R,4.200846195220947,29.965901463561188,2.7587335109710693,4.381387233734131
75,thin-chair,ABL-ET2X-R-PreviousRawEdge-BilinearRGB,5.397372245788574,27.85192386550908,2.555776357650757,3.471414804458618
75,thin-chair,ABL-ET2X-R-PreviousRawEdge-ResolvedRGB,5.245916366577148,28.07623646779637,2.38638973236084,3.2521889209747314
75,thin-chair,ABL-ET2X-R-PreviousRawEdge-CatmullRomRGB,5.3108134269714355,27.957748661239453,2.4243886470794678,3.2428665161132812
75,windows,O-T2X-R,5.220296382904053,26.383985670550217,4.5417609214782715,6.714945316314697
75,windows,ABL-ET2X-R-PreviousRawEdge-BilinearRGB,4.9720540046691895,26.444381097697605,3.648212432861328,4.46662712097168
75,windows,ABL-ET2X-R-PreviousRawEdge-ResolvedRGB,5.064062595367432,26.540814714258374,3.4537460803985596,4.371452808380127
75,windows,ABL-ET2X-R-PreviousRawEdge-CatmullRomRGB,4.944628715515137,26.59763094345937,3.6698105335235596,4.501055717468262
76,chairs,O-T2X-R,2.884798288345337,31.99087220995468,2.081036329269409,3.4067046642303467
76,chairs,ABL-ET2X-R-PreviousRawEdge-BilinearRGB,3.517561912536621,30.207841025432565,1.8517942428588867,2.4418818950653076
76,chairs,ABL-ET2X-R-PreviousRawEdge-ResolvedRGB,3.4068360328674316,30.453767410422397,1.713684320449829,2.2723805904388428
76,chairs,ABL-ET2X-R-PreviousRawEdge-CatmullRomRGB,3.4422199726104736,30.312009292804923,1.7492042779922485,2.2649121284484863
76,thin-chair,O-T2X-R,4.28341007232666,29.818234764367794,2.922499179840088,4.895175457000732
76,thin-chair,ABL-ET2X-R-PreviousRawEdge-BilinearRGB,5.356090068817139,27.872322487352484,2.5092923641204834,3.412830114364624
76,thin-chair,ABL-ET2X-R-PreviousRawEdge-ResolvedRGB,5.196200370788574,28.099812518978897,2.3038854598999023,3.139875650405884
76,thin-chair,ABL-ET2X-R-PreviousRawEdge-CatmullRomRGB,5.261186122894287,27.961780482269635,2.3544938564300537,3.130220651626587
76,windows,O-T2X-R,5.3748698234558105,25.870924407280388,3.465405225753784,5.713688373565674
76,windows,ABL-ET2X-R-PreviousRawEdge-BilinearRGB,5.656461715698242,25.12008916498553,3.2058143615722656,3.96569561958313
76,windows,ABL-ET2X-R-PreviousRawEdge-ResolvedRGB,5.813216209411621,25.06550756881787,2.9877703189849854,3.7809646129608154
76,windows,ABL-ET2X-R-PreviousRawEdge-CatmullRomRGB,5.529931545257568,25.23580947498457,3.318188190460205,3.949955463409424
77,chairs,O-T2X-R,2.7828450202941895,32.44854548126786,1.949792504310608,2.946135997772217
77,chairs,ABL-ET2X-R-PreviousRawEdge-BilinearRGB,3.474853515625,30.310289071881034,1.8486595153808594,2.4321796894073486
77,chairs,ABL-ET2X-R-PreviousRawEdge-ResolvedRGB,3.3739256858825684,30.58699423185812,1.7046787738800049,2.2578845024108887
77,chairs,ABL-ET2X-R-PreviousRawEdge-CatmullRomRGB,3.406445264816284,30.460293752677117,1.7360674142837524,2.261481285095215
77,thin-chair,O-T2X-R,4.207001686096191,30.147739032085752,2.6865456104278564,4.236080646514893
77,thin-chair,ABL-ET2X-R-PreviousRawEdge-BilinearRGB,5.329219818115234,27.945768322334736,2.5889477729797363,3.3595848083496094
77,thin-chair,ABL-ET2X-R-PreviousRawEdge-ResolvedRGB,5.166193008422852,28.216974677675772,2.3727622032165527,3.125617265701294
77,thin-chair,ABL-ET2X-R-PreviousRawEdge-CatmullRomRGB,5.236150741577148,28.084384269686776,2.410047769546509,3.115255832672119
77,windows,O-T2X-R,5.127897262573242,26.866907088054468,5.392763614654541,7.573930263519287
77,windows,ABL-ET2X-R-PreviousRawEdge-BilinearRGB,5.546305179595947,25.285158721656007,4.025886535644531,4.627020835876465
77,windows,ABL-ET2X-R-PreviousRawEdge-ResolvedRGB,5.628108501434326,25.308261518610333,3.956960678100586,4.2605299949646
77,windows,ABL-ET2X-R-PreviousRawEdge-CatmullRomRGB,5.394465923309326,25.429567547315763,4.140542030334473,4.497887134552002
78,chairs,O-T2X-R,2.823209524154663,32.35277151374911,2.032698631286621,3.434607744216919
78,chairs,ABL-ET2X-R-PreviousRawEdge-BilinearRGB,3.5006022453308105,30.26924292106799,1.7803030014038086,2.3991811275482178
78,chairs,ABL-ET2X-R-PreviousRawEdge-ResolvedRGB,3.385774850845337,30.560601721012578,1.6687650680541992,2.2410130500793457
78,chairs,ABL-ET2X-R-PreviousRawEdge-CatmullRomRGB,3.4325194358825684,30.418786451453578,1.7045053243637085,2.2462284564971924
78,thin-chair,O-T2X-R,4.268732070922852,30.055772499998916,2.860440254211426,4.7988762855529785
78,thin-chair,ABL-ET2X-R-PreviousRawEdge-BilinearRGB,5.383759498596191,27.895044701583743,2.5213348865509033,3.325985908508301
78,thin-chair,ABL-ET2X-R-PreviousRawEdge-ResolvedRGB,5.190104007720947,28.189086060344344,2.33052659034729,3.0934183597564697
78,thin-chair,ABL-ET2X-R-PreviousRawEdge-CatmullRomRGB,5.265181064605713,28.05450833455342,2.383754014968872,3.086361885070801
78,windows,O-T2X-R,5.0028157234191895,26.948835131310712,3.8461647033691406,7.110280513763428
78,windows,ABL-ET2X-R-PreviousRawEdge-BilinearRGB,4.895035743713379,26.9883864983793,4.659101486206055,5.321662425994873
78,windows,ABL-ET2X-R-PreviousRawEdge-ResolvedRGB,4.835302829742432,27.482037706100183,4.347865104675293,5.364241600036621
78,windows,ABL-ET2X-R-PreviousRawEdge-CatmullRomRGB,4.775325298309326,27.49290135750951,4.588864326477051,5.5530595779418945
79,chairs,O-T2X-R,2.8367512226104736,32.289395091155335,1.9209887981414795,2.9150726795196533
79,chairs,ABL-ET2X-R-PreviousRawEdge-BilinearRGB,3.579833984375,30.091785703229643,1.8608636856079102,2.3705427646636963
79,chairs,ABL-ET2X-R-PreviousRawEdge-ResolvedRGB,3.4549152851104736,30.42564902415963,1.7386690378189087,2.244081974029541
79,chairs,ABL-ET2X-R-PreviousRawEdge-CatmullRomRGB,3.476790428161621,30.312915796258288,1.7661291360855103,2.2374305725097656
79,thin-chair,O-T2X-R,4.26210355758667,30.0290756005684,2.7747042179107666,4.244616985321045
79,thin-chair,ABL-ET2X-R-PreviousRawEdge-BilinearRGB,5.526130676269531,27.709176008461288,2.5226926803588867,3.258711338043213
79,thin-chair,ABL-ET2X-R-PreviousRawEdge-ResolvedRGB,5.3138909339904785,28.039572136818556,2.3304946422576904,3.041008710861206
79,thin-chair,ABL-ET2X-R-PreviousRawEdge-CatmullRomRGB,5.368252754211426,27.92108001927639,2.372957706451416,3.0396552085876465
79,windows,O-T2X-R,5.441340923309326,26.305568804511744,3.843900203704834,6.681419372558594
79,windows,ABL-ET2X-R-PreviousRawEdge-BilinearRGB,5.155989646911621,26.349935462319053,3.2944703102111816,4.541728973388672
79,windows,ABL-ET2X-R-PreviousRawEdge-ResolvedRGB,4.9915690422058105,26.732048760076346,3.070571184158325,4.312277793884277
79,windows,ABL-ET2X-R-PreviousRawEdge-CatmullRomRGB,4.936246871948242,26.712039541064506,3.383223295211792,4.595471382141113
80,chairs,O-T2X-R,2.9285645484924316,31.856509994045886,1.954285979270935,3.2723565101623535
80,chairs,ABL-ET2X-R-PreviousRawEdge-BilinearRGB,3.5938963890075684,30.14554357330065,1.8223387002944946,2.4949891567230225
80,chairs,ABL-ET2X-R-PreviousRawEdge-ResolvedRGB,3.4808919429779053,30.447282209163138,1.6933835744857788,2.2917840480804443
80,chairs,ABL-ET2X-R-PreviousRawEdge-CatmullRomRGB,3.508837938308716,30.312064044515353,1.7213512659072876,2.2967886924743652
80,thin-chair,O-T2X-R,4.369998931884766,29.66378238624065,2.865436553955078,4.827005386352539
80,thin-chair,ABL-ET2X-R-PreviousRawEdge-BilinearRGB,5.522105693817139,27.78000793641641,2.569108247756958,3.4390363693237305
80,thin-chair,ABL-ET2X-R-PreviousRawEdge-ResolvedRGB,5.3359375,28.07793236635764,2.4012677669525146,3.1845433712005615
80,thin-chair,ABL-ET2X-R-PreviousRawEdge-CatmullRomRGB,5.409061431884766,27.928486807377148,2.435495376586914,3.172651767730713
80,windows,O-T2X-R,5.694189548492432,24.856625220524137,3.8522751331329346,5.145064353942871
80,windows,ABL-ET2X-R-PreviousRawEdge-BilinearRGB,5.166227340698242,26.043056841947024,3.633507490158081,4.494268894195557
80,windows,ABL-ET2X-R-PreviousRawEdge-ResolvedRGB,5.343327045440674,26.030716026593957,3.5790047645568848,4.085392951965332
80,windows,ABL-ET2X-R-PreviousRawEdge-CatmullRomRGB,5.174788475036621,26.138551661944437,3.83390736579895,4.290701866149902
81,chairs,O-T2X-R,2.955582618713379,31.73511363519825,1.9241950511932373,2.958613157272339
81,chairs,ABL-ET2X-R-PreviousRawEdge-BilinearRGB,3.5973470211029053,30.08302327437613,1.8160756826400757,2.4285202026367188
81,chairs,ABL-ET2X-R-PreviousRawEdge-ResolvedRGB,3.491748094558716,30.383331050237533,1.716350793838501,2.286606550216675
81,chairs,ABL-ET2X-R-PreviousRawEdge-CatmullRomRGB,3.5396647453308105,30.230221947824447,1.747730016708374,2.2873153686523438
81,thin-chair,O-T2X-R,4.370857238769531,29.644688845692258,2.7232189178466797,4.2855329513549805
81,thin-chair,ABL-ET2X-R-PreviousRawEdge-BilinearRGB,5.510505676269531,27.7260476940453,2.6068460941314697,3.388746738433838
81,thin-chair,ABL-ET2X-R-PreviousRawEdge-ResolvedRGB,5.334724426269531,28.019463120418035,2.4210565090179443,3.206003427505493
81,thin-chair,ABL-ET2X-R-PreviousRawEdge-CatmullRomRGB,5.421549320220947,27.864419903110928,2.464596748352051,3.1908304691314697
81,windows,O-T2X-R,5.440901756286621,26.175562351150504,5.572602272033691,8.085355758666992
81,windows,ABL-ET2X-R-PreviousRawEdge-BilinearRGB,5.730420112609863,24.854142072092145,3.505300998687744,4.174028396606445
81,windows,ABL-ET2X-R-PreviousRawEdge-ResolvedRGB,5.937955856323242,24.791627916162234,3.3367457389831543,4.154632568359375
81,windows,ABL-ET2X-R-PreviousRawEdge-CatmullRomRGB,5.653336524963379,24.963273491501443,3.6137707233428955,4.301055431365967
82,chairs,O-T2X-R,2.923844337463379,31.851142710133292,2.0926389694213867,3.426506519317627
82,chairs,ABL-ET2X-R-PreviousRawEdge-BilinearRGB,3.621565818786621,29.993353210817002,1.9269704818725586,2.426832675933838
82,chairs,ABL-ET2X-R-PreviousRawEdge-ResolvedRGB,3.4813313484191895,30.369872962371815,1.7717126607894897,2.2772340774536133
82,chairs,ABL-ET2X-R-PreviousRawEdge-CatmullRomRGB,3.5213704109191895,30.239431612030245,1.8089964389801025,2.2695975303649902
82,thin-chair,O-T2X-R,4.354669570922852,29.665978231517638,2.9384119510650635,4.8497538566589355
82,thin-chair,ABL-ET2X-R-PreviousRawEdge-BilinearRGB,5.5210700035095215,27.648019940055654,2.6698920726776123,3.3900938034057617
82,thin-chair,ABL-ET2X-R-PreviousRawEdge-ResolvedRGB,5.296224117279053,28.019569373502637,2.425241231918335,3.150449275970459
82,thin-chair,ABL-ET2X-R-PreviousRawEdge-CatmullRomRGB,5.379054069519043,27.878090376499742,2.482501983642578,3.143533945083618
82,windows,O-T2X-R,5.345914840698242,26.235601140478604,3.6050612926483154,7.186959743499756
82,windows,ABL-ET2X-R-PreviousRawEdge-BilinearRGB,5.471826076507568,25.891073696335205,4.2680277824401855,5.040173530578613
82,windows,ABL-ET2X-R-PreviousRawEdge-ResolvedRGB,5.472754001617432,26.07037730274258,4.119082450866699,4.801661014556885
82,windows,ABL-ET2X-R-PreviousRawEdge-CatmullRomRGB,5.265543460845947,26.176558191292365,4.347828388214111,4.977022171020508
83,chairs,O-T2X-R,2.7997069358825684,32.279105337500866,2.037963628768921,3.0284857749938965
83,chairs,ABL-ET2X-R-PreviousRawEdge-BilinearRGB,3.6004881858825684,29.982546460270186,1.8745037317276,2.4767117500305176
83,chairs,ABL-ET2X-R-PreviousRawEdge-ResolvedRGB,3.480175733566284,30.331723397680936,1.7211412191390991,2.277493953704834
83,chairs,ABL-ET2X-R-PreviousRawEdge-CatmullRomRGB,3.503857374191284,30.230311409067802,1.7554829120635986,2.2925660610198975
83,thin-chair,O-T2X-R,4.22091007232666,29.965779622093734,2.8248517513275146,4.404844284057617
83,thin-chair,ABL-ET2X-R-PreviousRawEdge-BilinearRGB,5.516897678375244,27.62282709030195,2.609527826309204,3.463712215423584
83,thin-chair,ABL-ET2X-R-PreviousRawEdge-ResolvedRGB,5.320963382720947,27.96684905880602,2.3979971408843994,3.195572853088379
83,thin-chair,ABL-ET2X-R-PreviousRawEdge-CatmullRomRGB,5.374526500701904,27.858948987179787,2.4421143531799316,3.1995534896850586
83,windows,O-T2X-R,5.1471028327941895,26.828557275207977,4.840584754943848,7.36220645904541
83,windows,ABL-ET2X-R-PreviousRawEdge-BilinearRGB,4.967268943786621,26.60872012223185,4.200206756591797,5.458136558532715
83,windows,ABL-ET2X-R-PreviousRawEdge-ResolvedRGB,4.945166110992432,26.99661964988751,4.035903453826904,5.345756530761719
83,windows,ABL-ET2X-R-PreviousRawEdge-CatmullRomRGB,4.819580078125,27.02281879251869,4.217132568359375,5.5749711990356445
84,chairs,O-T2X-R,2.8604655265808105,31.95258353033087,2.0118486881256104,3.453659772872925
84,chairs,ABL-ET2X-R-PreviousRawEdge-BilinearRGB,3.636246681213379,29.96744424183675,1.8327419757843018,2.503380537033081
84,chairs,ABL-ET2X-R-PreviousRawEdge-ResolvedRGB,3.5090982913970947,30.29964679989167,1.7420200109481812,2.312763214111328
84,chairs,ABL-ET2X-R-PreviousRawEdge-CatmullRomRGB,3.5572266578674316,30.139642604817325,1.7726351022720337,2.3249869346618652
84,thin-chair,O-T2X-R,4.338571071624756,29.63359536615696,2.813218116760254,4.8210530281066895
84,thin-chair,ABL-ET2X-R-PreviousRawEdge-BilinearRGB,5.52793550491333,27.651535841755745,2.5363681316375732,3.461319923400879
84,thin-chair,ABL-ET2X-R-PreviousRawEdge-ResolvedRGB,5.322739124298096,27.974129516803078,2.3894224166870117,3.1816627979278564
84,thin-chair,ABL-ET2X-R-PreviousRawEdge-CatmullRomRGB,5.404385566711426,27.817329908353287,2.441974401473999,3.1914522647857666
84,windows,O-T2X-R,5.183854103088379,26.620235939720178,3.9057533740997314,6.127273082733154
84,windows,ABL-ET2X-R-PreviousRawEdge-BilinearRGB,5.249316215515137,26.254811581777446,3.9816555976867676,4.842146873474121
84,windows,ABL-ET2X-R-PreviousRawEdge-ResolvedRGB,5.218310356140137,26.550462499781744,3.6778149604797363,4.711438179016113
84,windows,ABL-ET2X-R-PreviousRawEdge-CatmullRomRGB,5.096826076507568,26.642889113181706,3.9549686908721924,4.906490325927734
85,chairs,O-T2X-R,2.9005696773529053,31.775408113254695,1.944989800453186,2.9623947143554688
85,chairs,ABL-ET2X-R-PreviousRawEdge-BilinearRGB,3.6293294429779053,29.937731974266775,1.9097013473510742,2.44323992729187
85,chairs,ABL-ET2X-R-PreviousRawEdge-ResolvedRGB,3.491666555404663,30.3178650647448,1.7800785303115845,2.3019230365753174
85,chairs,ABL-ET2X-R-PreviousRawEdge-CatmullRomRGB,3.538769483566284,30.14589768099192,1.8120448589324951,2.2980825901031494
85,thin-chair,O-T2X-R,4.379705429077148,29.456818170645644,2.7346715927124023,4.277353286743164
85,thin-chair,ABL-ET2X-R-PreviousRawEdge-BilinearRGB,5.49570894241333,27.645202511259743,2.6321308612823486,3.37117075920105
85,thin-chair,ABL-ET2X-R-PreviousRawEdge-ResolvedRGB,5.2946553230285645,27.997083026310357,2.4296398162841797,3.164604425430298
85,thin-chair,ABL-ET2X-R-PreviousRawEdge-CatmullRomRGB,5.388731002807617,27.81719488951265,2.4698309898376465,3.1573264598846436
85,windows,O-T2X-R,5.424788475036621,26.354421150299512,5.112422943115234,7.667599678039551
85,windows,ABL-ET2X-R-PreviousRawEdge-BilinearRGB,5.8490071296691895,24.80509385013797,3.533508777618408,4.531144142150879
85,windows,ABL-ET2X-R-PreviousRawEdge-ResolvedRGB,5.832682132720947,24.980865658355388,3.37371826171875,4.1984357833862305
85,windows,ABL-ET2X-R-PreviousRawEdge-CatmullRomRGB,5.6976399421691895,25.049035360975324,3.7107245922088623,4.376926422119141
86,chairs,O-T2X-R,2.886702537536621,32.001746122345,2.059119462966919,3.3843047618865967
86,chairs,ABL-ET2X-R-PreviousRawEdge-BilinearRGB,3.553499460220337,30.15456598213191,1.9455162286758423,2.543612480163574
86,chairs,ABL-ET2X-R-PreviousRawEdge-ResolvedRGB,3.4476888179779053,30.41506262756667,1.7863671779632568,2.3382012844085693
86,chairs,ABL-ET2X-R-PreviousRawEdge-CatmullRomRGB,3.488558053970337,30.263193505301743,1.8233158588409424,2.3462207317352295
86,thin-chair,O-T2X-R,4.318063259124756,29.74104994977578,2.964216709136963,4.876607894897461
86,thin-chair,ABL-ET2X-R-PreviousRawEdge-BilinearRGB,5.383966445922852,27.87400866892602,2.732849359512329,3.54990553855896
86,thin-chair,ABL-ET2X-R-PreviousRawEdge-ResolvedRGB,5.226385116577148,28.120829134867407,2.514199733734131,3.2871439456939697
86,thin-chair,ABL-ET2X-R-PreviousRawEdge-CatmullRomRGB,5.310014247894287,27.96431259615312,2.5629937648773193,3.2825775146484375
86,windows,O-T2X-R,5.476480960845947,25.74173014354099,3.731574296951294,6.2586774826049805
86,windows,ABL-ET2X-R-PreviousRawEdge-BilinearRGB,5.345036029815674,25.81894384621274,4.135314464569092,5.0431904792785645
86,windows,ABL-ET2X-R-PreviousRawEdge-ResolvedRGB,5.402018070220947,25.96971706695436,4.042608737945557,4.748294353485107
86,windows,ABL-ET2X-R-PreviousRawEdge-CatmullRomRGB,5.191552639007568,26.079661292067613,4.3120598793029785,4.972426414489746
87,chairs,O-T2X-R,2.8995604515075684,32.058692481201135,1.9679555892944336,3.0136055946350098
87,chairs,ABL-ET2X-R-PreviousRawEdge-BilinearRGB,3.583772897720337,30.192687165766383,1.8658539056777954,2.4942476749420166
87,chairs,ABL-ET2X-R-PreviousRawEdge-ResolvedRGB,3.4673991203308105,30.4958447639471,1.742826223373413,2.3396029472351074
87,chairs,ABL-ET2X-R-PreviousRawEdge-CatmullRomRGB,3.502962350845337,30.34890234951318,1.7710895538330078,2.336263656616211
87,thin-chair,O-T2X-R,4.269383430480957,29.980055277467386,2.838613986968994,4.397381782531738
87,thin-chair,ABL-ET2X-R-PreviousRawEdge-BilinearRGB,5.425840377807617,27.928058613986593,2.6294519901275635,3.4582741260528564
87,thin-chair,ABL-ET2X-R-PreviousRawEdge-ResolvedRGB,5.221857070922852,28.237672833769963,2.402414083480835,3.218066453933716
87,thin-chair,ABL-ET2X-R-PreviousRawEdge-CatmullRomRGB,5.289121627807617,28.094953507052708,2.4492905139923096,3.210080862045288
87,windows,O-T2X-R,5.597477436065674,26.013351076527155,4.831752777099609,7.404350280761719
87,windows,ABL-ET2X-R-PreviousRawEdge-BilinearRGB,5.206608295440674,26.264284050710145,4.192250728607178,5.33950662612915
87,windows,ABL-ET2X-R-PreviousRawEdge-ResolvedRGB,5.344661235809326,26.27140943554889,4.002777099609375,5.241603851318359
87,windows,ABL-ET2X-R-PreviousRawEdge-CatmullRomRGB,5.167334079742432,26.381231025062984,4.2360711097717285,5.402230739593506
88,chairs,O-T2X-R,2.8906900882720947,32.06867347663559,2.128767251968384,3.482059955596924
88,chairs,ABL-ET2X-R-PreviousRawEdge-BilinearRGB,3.592236280441284,30.189542855326547,1.9496724605560303,2.5285959243774414
88,chairs,ABL-ET2X-R-PreviousRawEdge-ResolvedRGB,3.452408790588379,30.55800513702509,1.8089454174041748,2.3437883853912354
88,chairs,ABL-ET2X-R-PreviousRawEdge-CatmullRomRGB,3.4852538108825684,30.416416834804345,1.8424314260482788,2.346311330795288
88,thin-chair,O-T2X-R,4.324248313903809,29.86634911856028,2.9610259532928467,4.935452461242676
88,thin-chair,ABL-ET2X-R-PreviousRawEdge-BilinearRGB,5.4606709480285645,27.893816533221376,2.6754915714263916,3.5463027954101562
88,thin-chair,ABL-ET2X-R-PreviousRawEdge-ResolvedRGB,5.259321689605713,28.234141462938418,2.4816696643829346,3.247123956680298
88,thin-chair,ABL-ET2X-R-PreviousRawEdge-CatmullRomRGB,5.323005676269531,28.094184941053307,2.5217156410217285,3.242366075515747
88,windows,O-T2X-R,5.7154622077941895,25.079731036975375,3.803593397140503,6.213284015655518
88,windows,ABL-ET2X-R-PreviousRawEdge-BilinearRGB,5.041308403015137,26.61551122351101,4.352985382080078,5.429793357849121
88,windows,ABL-ET2X-R-PreviousRawEdge-ResolvedRGB,5.06494140625,26.826094145728558,4.143627166748047,5.218389987945557
88,windows,ABL-ET2X-R-PreviousRawEdge-CatmullRomRGB,4.935693264007568,26.889485411661678,4.431864261627197,5.443101406097412
89,chairs,O-T2X-R,2.8714356422424316,32.1487622150381,2.0066261291503906,3.1130900382995605
89,chairs,ABL-ET2X-R-PreviousRawEdge-BilinearRGB,3.5233561992645264,30.37471207118498,1.855552315711975,2.5670700073242188
89,chairs,ABL-ET2X-R-PreviousRawEdge-ResolvedRGB,3.398242235183716,30.737382835843672,1.7206357717514038,2.3636879920959473
89,chairs,ABL-ET2X-R-PreviousRawEdge-CatmullRomRGB,3.4485840797424316,30.55590784830533,1.7475156784057617,2.361830234527588
89,thin-chair,O-T2X-R,4.306551933288574,29.896853024023255,2.8457694053649902,4.519471168518066
89,thin-chair,ABL-ET2X-R-PreviousRawEdge-BilinearRGB,5.386955261230469,28.047882500003574,2.5463643074035645,3.4925107955932617
89,thin-chair,ABL-ET2X-R-PreviousRawEdge-ResolvedRGB,5.180042743682861,28.40534505201032,2.3523340225219727,3.2307562828063965
89,thin-chair,ABL-ET2X-R-PreviousRawEdge-CatmullRomRGB,5.279947757720947,28.220452874305785,2.3895463943481445,3.2174530029296875
89,windows,O-T2X-R,5.528629779815674,26.05856934894411,5.075231075286865,7.722413539886475
89,windows,ABL-ET2X-R-PreviousRawEdge-BilinearRGB,5.427880764007568,25.625894053899565,3.673353910446167,4.704998970031738
89,windows,ABL-ET2X-R-PreviousRawEdge-ResolvedRGB,5.400358200073242,25.76401991285641,3.4296951293945312,4.531357765197754
89,windows,ABL-ET2X-R-PreviousRawEdge-CatmullRomRGB,5.288378715515137,25.847069175520154,3.717787265777588,4.838983058929443
90,chairs,O-T2X-R,2.9175455570220947,31.990459608669973,2.1021926403045654,3.5255203247070312
90,chairs,ABL-ET2X-R-PreviousRawEdge-BilinearRGB,3.4984538555145264,30.451105005593433,1.9118525981903076,2.473057508468628
90,chairs,ABL-ET2X-R-PreviousRawEdge-ResolvedRGB,3.3800292015075684,30.783715282263934,1.7926517724990845,2.2923550605773926
90,chairs,ABL-ET2X-R-PreviousRawEdge-CatmullRomRGB,3.4305338859558105,30.59757683834491,1.8208271265029907,2.2886574268341064
90,thin-chair,O-T2X-R,4.376302242279053,29.73960903710823,2.9148733615875244,4.940425395965576
90,thin-chair,ABL-ET2X-R-PreviousRawEdge-BilinearRGB,5.327651500701904,28.13328207923266,2.60591983795166,3.354733943939209
90,thin-chair,ABL-ET2X-R-PreviousRawEdge-ResolvedRGB,5.133848190307617,28.46315367572242,2.415825843811035,3.1073501110076904
90,thin-chair,ABL-ET2X-R-PreviousRawEdge-CatmullRomRGB,5.225615501403809,28.27753896624693,2.461779832839966,3.100139856338501
90,windows,O-T2X-R,5.878011226654053,24.9894802044652,3.778479814529419,6.352976322174072
90,windows,ABL-ET2X-R-PreviousRawEdge-BilinearRGB,5.487402439117432,25.732373272538922,4.162148475646973,4.913495063781738
90,windows,ABL-ET2X-R-PreviousRawEdge-ResolvedRGB,5.541731834411621,25.79439061853035,4.016507625579834,4.592052936553955
90,windows,ABL-ET2X-R-PreviousRawEdge-CatmullRomRGB,5.351969242095947,25.92837761476411,4.348199367523193,4.833067893981934
91,chairs,O-T2X-R,2.8571126461029053,32.11229122733815,2.0148239135742188,3.0533432960510254
91,chairs,ABL-ET2X-R-PreviousRawEdge-BilinearRGB,3.4763996601104736,30.505395226707837,1.8688265085220337,2.4771840572357178
91,chairs,ABL-ET2X-R-PreviousRawEdge-ResolvedRGB,3.358105421066284,30.845273867678593,1.7292261123657227,2.332624912261963
91,chairs,ABL-ET2X-R-PreviousRawEdge-CatmullRomRGB,3.3977863788604736,30.66741416494933,1.7661466598510742,2.3316640853881836
91,thin-chair,O-T2X-R,4.321792125701904,29.774194417252442,2.831886053085327,4.403886795043945
91,thin-chair,ABL-ET2X-R-PreviousRawEdge-BilinearRGB,5.3091559410095215,28.183921916257653,2.5912163257598877,3.417912244796753
91,thin-chair,ABL-ET2X-R-PreviousRawEdge-ResolvedRGB,5.12070894241333,28.51327220497275,2.403467893600464,3.2201614379882812
91,thin-chair,ABL-ET2X-R-PreviousRawEdge-CatmullRomRGB,5.205729007720947,28.326470841375308,2.4520349502563477,3.203756093978882
91,windows,O-T2X-R,5.383740425109863,26.42962488933162,5.352092266082764,7.853838920593262
91,windows,ABL-ET2X-R-PreviousRawEdge-BilinearRGB,5.0701823234558105,26.32052111999616,4.1283135414123535,5.092280387878418
91,windows,ABL-ET2X-R-PreviousRawEdge-ResolvedRGB,5.124169826507568,26.476435602512005,3.9128990173339844,4.955873966217041
91,windows,ABL-ET2X-R-PreviousRawEdge-CatmullRomRGB,4.908040523529053,26.6162980855622,4.216948986053467,5.214007377624512
92,chairs,O-T2X-R,2.8848633766174316,32.071327679360834,2.106915235519409,3.5123889446258545
92,chairs,ABL-ET2X-R-PreviousRawEdge-BilinearRGB,3.4874510765075684,30.472191883148653,1.8232002258300781,2.4077963829040527
92,chairs,ABL-ET2X-R-PreviousRawEdge-ResolvedRGB,3.3761229515075684,30.788512081694847,1.7104864120483398,2.2595973014831543
92,chairs,ABL-ET2X-R-PreviousRawEdge-CatmullRomRGB,3.4080240726470947,30.619279836989207,1.7448562383651733,2.260777473449707
92,thin-chair,O-T2X-R,4.350911617279053,29.791118155548602,2.9745705127716064,5.02010440826416
92,thin-chair,ABL-ET2X-R-PreviousRawEdge-BilinearRGB,5.33670711517334,28.118326702116633,2.5246145725250244,3.2579643726348877
92,thin-chair,ABL-ET2X-R-PreviousRawEdge-ResolvedRGB,5.145744323730469,28.437231267468096,2.337993621826172,3.0614702701568604
92,thin-chair,ABL-ET2X-R-PreviousRawEdge-CatmullRomRGB,5.221235752105713,28.256204623101247,2.3897809982299805,3.055396795272827
92,windows,O-T2X-R,5.405029296875,26.182566805397247,3.7887744903564453,6.4847002029418945
92,windows,ABL-ET2X-R-PreviousRawEdge-BilinearRGB,5.193359375,26.48844670141149,3.8524551391601562,4.829254150390625
92,windows,ABL-ET2X-R-PreviousRawEdge-ResolvedRGB,5.295003414154053,26.60514665819204,3.7036449909210205,4.557295799255371
92,windows,ABL-ET2X-R-PreviousRawEdge-CatmullRomRGB,5.061327934265137,26.747351086311163,4.003542900085449,4.813783168792725
93,chairs,O-T2X-R,2.895068407058716,32.04088513465039,1.973862886428833,3.09325909614563
93,chairs,ABL-ET2X-R-PreviousRawEdge-BilinearRGB,3.4815104007720947,30.43656384795183,1.8269565105438232,2.4142518043518066
93,chairs,ABL-ET2X-R-PreviousRawEdge-ResolvedRGB,3.3738443851470947,30.725808192331332,1.711467981338501,2.2261173725128174
93,chairs,ABL-ET2X-R-PreviousRawEdge-CatmullRomRGB,3.4208006858825684,30.531502602222005,1.7444385290145874,2.234138011932373
93,thin-chair,O-T2X-R,4.321792125701904,29.83895788760984,2.82816481590271,4.508632183074951
93,thin-chair,ABL-ET2X-R-PreviousRawEdge-BilinearRGB,5.318241119384766,28.09535903875527,2.488734483718872,3.2983384132385254
93,thin-chair,ABL-ET2X-R-PreviousRawEdge-ResolvedRGB,5.144886493682861,28.376640502493867,2.314830780029297,3.035144567489624
93,thin-chair,ABL-ET2X-R-PreviousRawEdge-CatmullRomRGB,5.2373046875,28.176431789230854,2.366771697998047,3.047926902770996
93,windows,O-T2X-R,5.443749904632568,26.31784745677948,5.477257251739502,8.102320671081543
93,windows,ABL-ET2X-R-PreviousRawEdge-BilinearRGB,5.316976070404053,25.867698112142094,4.079892158508301,4.848401069641113
93,windows,ABL-ET2X-R-PreviousRawEdge-ResolvedRGB,5.316324710845947,26.078247454685062,3.9230473041534424,4.6809000968933105
93,windows,ABL-ET2X-R-PreviousRawEdge-CatmullRomRGB,5.131917476654053,26.252775759383095,4.222628593444824,4.968814373016357
94,chairs,O-T2X-R,2.8969075679779053,32.00856142914571,2.074963331222534,3.451810359954834
94,chairs,ABL-ET2X-R-PreviousRawEdge-BilinearRGB,3.4884276390075684,30.40828756206214,1.8185102939605713,2.360884428024292
94,chairs,ABL-ET2X-R-PreviousRawEdge-ResolvedRGB,3.3795409202575684,30.73067768147414,1.7013185024261475,2.2313950061798096
94,chairs,ABL-ET2X-R-PreviousRawEdge-CatmullRomRGB,3.4305827617645264,30.516974318371204,1.737447738647461,2.2370567321777344
94,thin-chair,O-T2X-R,4.297940254211426,29.84698348216012,2.9534943103790283,4.973735332489014
94,thin-chair,ABL-ET2X-R-PreviousRawEdge-BilinearRGB,5.30702543258667,28.072500431967143,2.5230278968811035,3.24324107170105
94,thin-chair,ABL-ET2X-R-PreviousRawEdge-ResolvedRGB,5.139678001403809,28.387594538763526,2.3582098484039307,3.068697214126587
94,thin-chair,ABL-ET2X-R-PreviousRawEdge-CatmullRomRGB,5.244673252105713,28.159700967785206,2.402581214904785,3.064908027648926
94,windows,O-T2X-R,5.084505081176758,26.957149848483255,4.130310535430908,6.567282199859619
94,windows,ABL-ET2X-R-PreviousRawEdge-BilinearRGB,4.76611328125,27.38040144618037,4.089444160461426,5.193018913269043
94,windows,ABL-ET2X-R-PreviousRawEdge-ResolvedRGB,4.8407063484191895,27.443230440362356,3.958967685699463,5.024489402770996
94,windows,ABL-ET2X-R-PreviousRawEdge-CatmullRomRGB,4.684846878051758,27.59092768486647,4.231622219085693,5.251013278961182
95,chairs,O-T2X-R,2.847412109375,32.16477351484799,2.058955430984497,3.114497423171997
95,chairs,ABL-ET2X-R-PreviousRawEdge-BilinearRGB,3.4776041507720947,30.47878610311756,1.8806850910186768,2.471730947494507
95,chairs,ABL-ET2X-R-PreviousRawEdge-ResolvedRGB,3.372119188308716,30.791018233362234,1.7593424320220947,2.327892541885376
95,chairs,ABL-ET2X-R-PreviousRawEdge-CatmullRomRGB,3.4139647483825684,30.61292958700775,1.793218970298767,2.330437183380127
95,thin-chair,O-T2X-R,4.270863056182861,29.929773221345755,2.9269912242889404,4.536620616912842
95,thin-chair,ABL-ET2X-R-PreviousRawEdge-BilinearRGB,5.3176493644714355,28.12791793007197,2.6516294479370117,3.3760437965393066
95,thin-chair,ABL-ET2X-R-PreviousRawEdge-ResolvedRGB,5.136689186096191,28.442850671056345,2.4663772583007812,3.2098662853240967
95,thin-chair,ABL-ET2X-R-PreviousRawEdge-CatmullRomRGB,5.222744941711426,28.249995524873903,2.525207757949829,3.206498861312866
95,windows,O-T2X-R,5.809732913970947,25.816783037934755,5.089034557342529,7.938195705413818
95,windows,ABL-ET2X-R-PreviousRawEdge-BilinearRGB,5.5159993171691895,25.604888528448605,3.7249443531036377,4.4215569496154785
95,windows,ABL-ET2X-R-PreviousRawEdge-ResolvedRGB,5.580989360809326,25.698781876993998,3.4491677284240723,4.283265113830566
95,windows,ABL-ET2X-R-PreviousRawEdge-CatmullRomRGB,5.317285060882568,25.903740482991356,3.7521941661834717,4.536202430725098
96,chairs,O-T2X-R,2.9240071773529053,31.91105126778193,2.0517325401306152,3.501850128173828
96,chairs,ABL-ET2X-R-PreviousRawEdge-BilinearRGB,3.5381672382354736,30.384822660864906,1.9287834167480469,2.501587390899658
96,chairs,ABL-ET2X-R-PreviousRawEdge-ResolvedRGB,3.430143117904663,30.677097104077355,1.7910902500152588,2.3186116218566895
96,chairs,ABL-ET2X-R-PreviousRawEdge-CatmullRomRGB,3.461930274963379,30.530710241207064,1.8207437992095947,2.3181891441345215
96,thin-chair,O-T2X-R,4.415335178375244,29.61994903575151,2.843971014022827,4.943845748901367
96,thin-chair,ABL-ET2X-R-PreviousRawEdge-BilinearRGB,5.37929105758667,28.074552678877744,2.6688077449798584,3.4766042232513428
96,thin-chair,ABL-ET2X-R-PreviousRawEdge-ResolvedRGB,5.198005676269531,28.356863026873306,2.435920476913452,3.2291197776794434
96,thin-chair,ABL-ET2X-R-PreviousRawEdge-CatmullRomRGB,5.2552971839904785,28.20776198536297,2.481158494949341,3.2270936965942383
96,windows,O-T2X-R,5.50830078125,25.68128735949884,3.857020616531372,6.565694332122803
96,windows,ABL-ET2X-R-PreviousRawEdge-BilinearRGB,4.989241600036621,26.848132736909996,4.722737789154053,5.405750274658203
96,windows,ABL-ET2X-R-PreviousRawEdge-ResolvedRGB,4.9483723640441895,27.113314991550574,4.608057975769043,5.050065994262695
96,windows,ABL-ET2X-R-PreviousRawEdge-CatmullRomRGB,4.807649612426758,27.23981234833476,4.873007297515869,5.346563816070557
97,chairs,O-T2X-R,2.8919270038604736,32.045292489745975,2.0466628074645996,3.110908031463623
97,chairs,ABL-ET2X-R-PreviousRawEdge-BilinearRGB,3.5172200202941895,30.430714174288592,1.906412124633789,2.525348663330078
97,chairs,ABL-ET2X-R-PreviousRawEdge-ResolvedRGB,3.3873209953308105,30.77585553508338,1.7574008703231812,2.3287322521209717
97,chairs,ABL-ET2X-R-PreviousRawEdge-CatmullRomRGB,3.4190430641174316,30.61214863204335,1.7914531230926514,2.327995538711548
97,thin-chair,O-T2X-R,4.376331806182861,29.725338549508038,2.870231866836548,4.500728130340576
97,thin-chair,ABL-ET2X-R-PreviousRawEdge-BilinearRGB,5.347419738769531,28.113209006373097,2.586707830429077,3.4711852073669434
97,thin-chair,ABL-ET2X-R-PreviousRawEdge-ResolvedRGB,5.151130676269531,28.436486425848827,2.3792474269866943,3.1835687160491943
97,thin-chair,ABL-ET2X-R-PreviousRawEdge-CatmullRomRGB,5.214814186096191,28.267692973529407,2.4246339797973633,3.170950412750244
97,windows,O-T2X-R,5.764176368713379,25.820068249651747,5.260289192199707,7.829361915588379
97,windows,ABL-ET2X-R-PreviousRawEdge-BilinearRGB,5.132730960845947,26.383667891067716,3.881603956222534,4.950072288513184
97,windows,ABL-ET2X-R-PreviousRawEdge-ResolvedRGB,5.244824409484863,26.359020764151843,3.6632657051086426,4.913290500640869
97,windows,ABL-ET2X-R-PreviousRawEdge-CatmullRomRGB,4.996549606323242,26.58109553805509,3.992680788040161,5.137841701507568
98,chairs,O-T2X-R,2.9591634273529053,31.89902945726702,2.1798393726348877,3.5642027854919434
98,chairs,ABL-ET2X-R-PreviousRawEdge-BilinearRGB,3.5006346702575684,30.518306714046915,1.8948795795440674,2.497657060623169
98,chairs,ABL-ET2X-R-PreviousRawEdge-ResolvedRGB,3.3923990726470947,30.831804572754642,1.7810297012329102,2.3458316326141357
98,chairs,ABL-ET2X-R-PreviousRawEdge-CatmullRomRGB,3.426562547683716,30.671769485282226,1.8155078887939453,2.3479373455047607
98,thin-chair,O-T2X-R,4.455433368682861,29.628974922592455,3.124241828918457,5.106662273406982
98,thin-chair,ABL-ET2X-R-PreviousRawEdge-BilinearRGB,5.3274149894714355,28.23411363887006,2.6075570583343506,3.424328088760376
98,thin-chair,ABL-ET2X-R-PreviousRawEdge-ResolvedRGB,5.171904563903809,28.5079364774348,2.442500114440918,3.223482370376587
98,thin-chair,ABL-ET2X-R-PreviousRawEdge-CatmullRomRGB,5.25156831741333,28.34102996225374,2.494849443435669,3.2202107906341553
98,windows,O-T2X-R,5.553499221801758,25.94993274036168,4.006038188934326,6.587568759918213
98,windows,ABL-ET2X-R-PreviousRawEdge-BilinearRGB,5.477099418640137,25.992296888109827,4.177812099456787,4.978699684143066
98,windows,ABL-ET2X-R-PreviousRawEdge-ResolvedRGB,5.523958206176758,26.087984657797815,4.05341100692749,4.618888854980469
98,windows,ABL-ET2X-R-PreviousRawEdge-CatmullRomRGB,5.322835445404053,26.213107198247286,4.326347351074219,4.8707594871521
99,chairs,O-T2X-R,2.94921875,31.979179845958676,1.9810593128204346,3.165560245513916
99,chairs,ABL-ET2X-R-PreviousRawEdge-BilinearRGB,3.5457844734191895,30.49712698298151,1.8855199813842773,2.5113093852996826
99,chairs,ABL-ET2X-R-PreviousRawEdge-ResolvedRGB,3.417041063308716,30.837936043479466,1.7682002782821655,2.3543314933776855
99,chairs,ABL-ET2X-R-PreviousRawEdge-CatmullRomRGB,3.4542317390441895,30.693392159232936,1.8063151836395264,2.361088275909424
99,thin-chair,O-T2X-R,4.413411617279053,29.770889301161716,2.809429168701172,4.613223075866699
99,thin-chair,ABL-ET2X-R-PreviousRawEdge-BilinearRGB,5.3646721839904785,28.237456856710335,2.561389446258545,3.407874345779419
99,thin-chair,ABL-ET2X-R-PreviousRawEdge-ResolvedRGB,5.16231632232666,28.55770921978297,2.3759260177612305,3.220290184020996
99,thin-chair,ABL-ET2X-R-PreviousRawEdge-CatmullRomRGB,5.227835178375244,28.415912181172,2.4313406944274902,3.224160671234131
99,windows,O-T2X-R,5.6693196296691895,26.00480138995422,5.391448020935059,8.047536849975586
99,windows,ABL-ET2X-R-PreviousRawEdge-BilinearRGB,5.411913871765137,26.161187639700362,4.4635419845581055,5.325273513793945
99,windows,ABL-ET2X-R-PreviousRawEdge-ResolvedRGB,5.345751762390137,26.460798760433136,4.259406089782715,5.170605659484863
99,windows,ABL-ET2X-R-PreviousRawEdge-CatmullRomRGB,5.282568454742432,26.504314365864982,4.524467468261719,5.486538887023926
100,chairs,O-T2X-R,2.98095703125,31.873285879521607,2.1006882190704346,3.4826436042785645
100,chairs,ABL-ET2X-R-PreviousRawEdge-BilinearRGB,3.553417921066284,30.471201824103847,1.8592746257781982,2.40572452545166
100,chairs,ABL-ET2X-R-PreviousRawEdge-ResolvedRGB,3.434781789779663,30.797774104233095,1.718878984451294,2.2633471488952637
100,chairs,ABL-ET2X-R-PreviousRawEdge-CatmullRomRGB,3.4691081047058105,30.649271851694003,1.755188226699829,2.2553863525390625
100,thin-chair,O-T2X-R,4.459872245788574,29.691582290717676,2.9133875370025635,4.893126964569092
100,thin-chair,ABL-ET2X-R-PreviousRawEdge-BilinearRGB,5.362807750701904,28.220620650128385,2.514636993408203,3.291031837463379
100,thin-chair,ABL-ET2X-R-PreviousRawEdge-ResolvedRGB,5.1861090660095215,28.527296010271428,2.301917791366577,3.052093505859375
100,thin-chair,ABL-ET2X-R-PreviousRawEdge-CatmullRomRGB,5.254202365875244,28.378847272752452,2.346729040145874,3.0280845165252686
100,windows,O-T2X-R,5.677083492279053,25.637085837426966,4.174475193023682,6.425185203552246
100,windows,ABL-ET2X-R-PreviousRawEdge-BilinearRGB,5.305598735809326,26.500099592801103,4.481144905090332,5.503664016723633
100,windows,ABL-ET2X-R-PreviousRawEdge-ResolvedRGB,5.4327311515808105,26.48980850114206,4.247347831726074,5.3553972244262695
100,windows,ABL-ET2X-R-PreviousRawEdge-CatmullRomRGB,5.152409076690674,26.736283853059632,4.605191230773926,5.546386241912842
101,chairs,O-T2X-R,2.896988868713379,32.071662237140266,2.0590808391571045,3.1653733253479004
101,chairs,ABL-ET2X-R-PreviousRawEdge-BilinearRGB,3.548128366470337,30.42162816163487,1.8613216876983643,2.4978694915771484
101,chairs,ABL-ET2X-R-PreviousRawEdge-ResolvedRGB,3.442643165588379,30.716302193157606,1.7403045892715454,2.3018221855163574
101,chairs,ABL-ET2X-R-PreviousRawEdge-CatmullRomRGB,3.4702799320220947,30.574496321562812,1.7665278911590576,2.307368040084839
101,thin-chair,O-T2X-R,4.386541366577148,29.761360383988325,2.87104868888855,4.482313632965088
101,thin-chair,ABL-ET2X-R-PreviousRawEdge-BilinearRGB,5.446141242980957,28.085081266128007,2.5074923038482666,3.352250576019287
101,thin-chair,ABL-ET2X-R-PreviousRawEdge-ResolvedRGB,5.278024196624756,28.370123891488465,2.3392446041107178,3.0832908153533936
101,thin-chair,ABL-ET2X-R-PreviousRawEdge-CatmullRomRGB,5.343572616577148,28.224574390414084,2.3851301670074463,3.08394718170166
101,windows,O-T2X-R,5.6695637702941895,26.22924458319172,5.704518795013428,8.419160842895508
101,windows,ABL-ET2X-R-PreviousRawEdge-BilinearRGB,5.47265625,25.879979882435666,4.601874828338623,5.916965961456299
101,windows,ABL-ET2X-R-PreviousRawEdge-ResolvedRGB,5.543147563934326,25.98757716792481,4.473372459411621,5.588820457458496
101,windows,ABL-ET2X-R-PreviousRawEdge-CatmullRomRGB,5.360058784484863,26.111224873026618,4.747130870819092,5.819408416748047
102,chairs,O-T2X-R,2.930371046066284,31.97467605083864,2.118213415145874,3.606362819671631
102,chairs,ABL-ET2X-R-PreviousRawEdge-BilinearRGB,3.5968098640441895,30.300421582454803,1.8346614837646484,2.432112216949463
102,chairs,ABL-ET2X-R-PreviousRawEdge-ResolvedRGB,3.4810383319854736,30.64357105310952,1.7420673370361328,2.295620918273926
102,chairs,ABL-ET2X-R-PreviousRawEdge-CatmullRomRGB,3.519287109375,30.487272569121085,1.776071310043335,2.3039817810058594
102,thin-chair,O-T2X-R,4.407403945922852,29.711656440020306,2.990384578704834,5.079742908477783
102,thin-chair,ABL-ET2X-R-PreviousRawEdge-BilinearRGB,5.4850850105285645,27.991758597938418,2.4593770503997803,3.2607178688049316
102,thin-chair,ABL-ET2X-R-PreviousRawEdge-ResolvedRGB,5.29569149017334,28.319061444180758,2.3073277473449707,3.0637612342834473
102,thin-chair,ABL-ET2X-R-PreviousRawEdge-CatmullRomRGB,5.36544132232666,28.163965861395592,2.358217716217041,3.0761213302612305
102,windows,O-T2X-R,5.653515815734863,25.81754001549909,4.290677070617676,6.654088497161865
102,windows,ABL-ET2X-R-PreviousRawEdge-BilinearRGB,5.524641990661621,25.802117674282812,4.205864906311035,4.952523708343506
102,windows,ABL-ET2X-R-PreviousRawEdge-ResolvedRGB,5.437678813934326,26.094410877284744,3.8866970539093018,4.900664329528809
102,windows,ABL-ET2X-R-PreviousRawEdge-CatmullRomRGB,5.284391403198242,26.172119020058492,4.252261161804199,5.217693328857422
103,chairs,O-T2X-R,2.957568407058716,31.801924084687002,1.9413009881973267,3.0899429321289062
103,chairs,ABL-ET2X-R-PreviousRawEdge-BilinearRGB,3.5906412601470947,30.29110878195603,1.899857521057129,2.3938848972320557
103,chairs,ABL-ET2X-R-PreviousRawEdge-ResolvedRGB,3.4586262702941895,30.61498062911186,1.772190809249878,2.2407119274139404
103,chairs,ABL-ET2X-R-PreviousRawEdge-CatmullRomRGB,3.5027506351470947,30.441270023649775,1.8130598068237305,2.2447903156280518
103,thin-chair,O-T2X-R,4.4261956214904785,29.553717719031418,2.676841974258423,4.465908527374268
103,thin-chair,ABL-ET2X-R-PreviousRawEdge-BilinearRGB,5.44981050491333,27.988230130339442,2.554219961166382,3.2463033199310303
103,thin-chair,ABL-ET2X-R-PreviousRawEdge-ResolvedRGB,5.276219367980957,28.278219674788062,2.3871421813964844,3.055727958679199
103,thin-chair,ABL-ET2X-R-PreviousRawEdge-CatmullRomRGB,5.360115051269531,28.100441911699008,2.438291311264038,3.0541372299194336
103,windows,O-T2X-R,6.064143657684326,25.58178047084251,5.7969536781311035,8.636438369750977
103,windows,ABL-ET2X-R-PreviousRawEdge-BilinearRGB,5.707665920257568,25.55905349103538,4.194434642791748,5.2948174476623535
103,windows,ABL-ET2X-R-PreviousRawEdge-ResolvedRGB,5.782503128051758,25.5775362977217,4.1002326011657715,4.822056770324707
103,windows,ABL-ET2X-R-PreviousRawEdge-CatmullRomRGB,5.510221481323242,25.809301661711142,4.397862911224365,5.110249042510986
104,chairs,O-T2X-R,2.943863868713379,31.938241146051247,2.08449125289917,3.4208767414093018
104,chairs,ABL-ET2X-R-PreviousRawEdge-BilinearRGB,3.5413737297058105,30.400430785890663,1.8727422952651978,2.4728102684020996
104,chairs,ABL-ET2X-R-PreviousRawEdge-ResolvedRGB,3.426725149154663,30.718748969854538,1.7541086673736572,2.3187053203582764
104,chairs,ABL-ET2X-R-PreviousRawEdge-CatmullRomRGB,3.4627277851104736,30.567912657358477,1.7869230508804321,2.3186843395233154
104,thin-chair,O-T2X-R,4.4055399894714355,29.68369498969864,2.965545654296875,4.844025135040283
104,thin-chair,ABL-ET2X-R-PreviousRawEdge-BilinearRGB,5.432498931884766,28.05336703485338,2.563211679458618,3.3174867630004883
104,thin-chair,ABL-ET2X-R-PreviousRawEdge-ResolvedRGB,5.238192558288574,28.369067733436204,2.3732798099517822,3.129229784011841
104,thin-chair,ABL-ET2X-R-PreviousRawEdge-CatmullRomRGB,5.322176933288574,28.209620033894357,2.4216392040252686,3.123657464981079
104,windows,O-T2X-R,6.156900882720947,25.081729191061196,4.420777320861816,7.093523979187012
104,windows,ABL-ET2X-R-PreviousRawEdge-BilinearRGB,5.830175876617432,25.490820454837927,4.458545684814453,5.547196865081787
104,windows,ABL-ET2X-R-PreviousRawEdge-ResolvedRGB,5.9207844734191895,25.55600415978268,4.300074577331543,5.434267044067383
104,windows,ABL-ET2X-R-PreviousRawEdge-CatmullRomRGB,5.769254684448242,25.64822983510188,4.542121410369873,5.682677745819092
105,chairs,O-T2X-R,2.910937547683716,32.17561879256863,1.9584592580795288,3.071329116821289
105,chairs,ABL-ET2X-R-PreviousRawEdge-BilinearRGB,3.572525978088379,30.371751838198612,1.8293386697769165,2.4748454093933105
105,chairs,ABL-ET2X-R-PreviousRawEdge-ResolvedRGB,3.463395118713379,30.64967454042206,1.7191972732543945,2.3109068870544434
105,chairs,ABL-ET2X-R-PreviousRawEdge-CatmullRomRGB,3.4937663078308105,30.51533134451525,1.7484166622161865,2.3137364387512207
105,thin-chair,O-T2X-R,4.3482184410095215,29.95754782522665,2.796412467956543,4.49500846862793
105,thin-chair,ABL-ET2X-R-PreviousRawEdge-BilinearRGB,5.427734375,28.0544113156703,2.477776288986206,3.336383819580078
105,thin-chair,ABL-ET2X-R-PreviousRawEdge-ResolvedRGB,5.258907318115234,28.328056178296485,2.304607629776001,3.1151092052459717
105,thin-chair,ABL-ET2X-R-PreviousRawEdge-CatmullRomRGB,5.320194244384766,28.191324521368124,2.345604658126831,3.103468418121338
105,windows,O-T2X-R,6.048990726470947,25.758273254646326,6.054167747497559,9.007794380187988
105,windows,ABL-ET2X-R-PreviousRawEdge-BilinearRGB,5.842382907867432,25.452527873771192,4.386257171630859,5.196863174438477
105,windows,ABL-ET2X-R-PreviousRawEdge-ResolvedRGB,5.986116409301758,25.38136782854879,4.121424198150635,5.05441427230835
105,windows,ABL-ET2X-R-PreviousRawEdge-CatmullRomRGB,5.754736423492432,25.524676962227637,4.4754414558410645,5.244683265686035
106,chairs,O-T2X-R,2.9413249492645264,32.00745500363774,2.1139326095581055,3.4563450813293457
106,chairs,ABL-ET2X-R-PreviousRawEdge-BilinearRGB,3.6052896976470947,30.19525169008854,1.8251361846923828,2.3202168941497803
106,chairs,ABL-ET2X-R-PreviousRawEdge-ResolvedRGB,3.466048240661621,30.544744773251825,1.7107826471328735,2.1926217079162598
106,chairs,ABL-ET2X-R-PreviousRawEdge-CatmullRomRGB,3.502425193786621,30.39981673538651,1.7479976415634155,2.1920294761657715
106,thin-chair,O-T2X-R,4.3620381355285645,29.839773039721468,2.9231293201446533,4.909679889678955
106,thin-chair,ABL-ET2X-R-PreviousRawEdge-BilinearRGB,5.48653507232666,27.86844456900114,2.477712869644165,3.2037301063537598
106,thin-chair,ABL-ET2X-R-PreviousRawEdge-ResolvedRGB,5.278142929077148,28.200147169068707,2.2994022369384766,2.9920847415924072
106,thin-chair,ABL-ET2X-R-PreviousRawEdge-CatmullRomRGB,5.347774505615234,28.052032752112197,2.3481194972991943,2.9898858070373535
106,windows,O-T2X-R,5.9625163078308105,25.592898901120034,4.284305572509766,7.200392246246338
106,windows,ABL-ET2X-R-PreviousRawEdge-BilinearRGB,5.690250873565674,26.088478613071814,4.8084611892700195,5.774526596069336
106,windows,ABL-ET2X-R-PreviousRawEdge-ResolvedRGB,5.797216892242432,26.10339907522504,4.698609828948975,5.481196403503418
106,windows,ABL-ET2X-R-PreviousRawEdge-CatmullRomRGB,5.5865559577941895,26.26985623427238,4.974545478820801,5.753517150878906
107,chairs,O-T2X-R,2.8532063961029053,32.35280304747245,2.0297021865844727,3.1654374599456787
107,chairs,ABL-ET2X-R-PreviousRawEdge-BilinearRGB,3.548583984375,30.26772571227124,1.7842878103256226,2.370640993118286
107,chairs,ABL-ET2X-R-PreviousRawEdge-ResolvedRGB,3.435074806213379,30.597882367936236,1.6765741109848022,2.199780225753784
107,chairs,ABL-ET2X-R-PreviousRawEdge-CatmullRomRGB,3.4705729484558105,30.442510838641624,1.703940749168396,2.2042555809020996
107,thin-chair,O-T2X-R,4.333836555480957,30.029632734059163,2.7569239139556885,4.463490009307861
107,thin-chair,ABL-ET2X-R-PreviousRawEdge-BilinearRGB,5.460641384124756,27.88982816667773,2.4428021907806396,3.176732063293457
107,thin-chair,ABL-ET2X-R-PreviousRawEdge-ResolvedRGB,5.28145694732666,28.215775350917013,2.2934622764587402,2.9807159900665283
107,thin-chair,ABL-ET2X-R-PreviousRawEdge-CatmullRomRGB,5.352509498596191,28.05373680134034,2.3352043628692627,2.973783254623413
107,windows,O-T2X-R,6.185709476470947,25.257420373020686,5.80545711517334,8.577939987182617
107,windows,ABL-ET2X-R-PreviousRawEdge-BilinearRGB,5.469270706176758,26.23199562376665,4.716404914855957,5.84220027923584
107,windows,ABL-ET2X-R-PreviousRawEdge-ResolvedRGB,5.695979595184326,26.085020036684266,4.530217170715332,5.741856575012207
107,windows,ABL-ET2X-R-PreviousRawEdge-CatmullRomRGB,5.486734867095947,26.300728006896833,4.813027381896973,6.009452819824219
108,chairs,O-T2X-R,2.9110515117645264,32.186714629878196,2.0846588611602783,3.5300357341766357
108,chairs,ABL-ET2X-R-PreviousRawEdge-BilinearRGB,3.594205617904663,30.143780315036757,1.8290561437606812,2.3364288806915283
108,chairs,ABL-ET2X-R-PreviousRawEdge-ResolvedRGB,3.4977214336395264,30.432723987878827,1.7411876916885376,2.1874918937683105
108,chairs,ABL-ET2X-R-PreviousRawEdge-CatmullRomRGB,3.541520118713379,30.279868738810872,1.774422287940979,2.2036590576171875
108,thin-chair,O-T2X-R,4.402698993682861,29.892051860026633,2.9083847999572754,4.88355016708374
108,thin-chair,ABL-ET2X-R-PreviousRawEdge-BilinearRGB,5.5224609375,27.773722333055243,2.4949610233306885,3.2001867294311523
108,thin-chair,ABL-ET2X-R-PreviousRawEdge-ResolvedRGB,5.361801624298096,28.05535848196349,2.3447020053863525,2.96872878074646
108,thin-chair,ABL-ET2X-R-PreviousRawEdge-CatmullRomRGB,5.428237438201904,27.911740338547567,2.3946406841278076,2.993720769882202
108,windows,O-T2X-R,6.380045413970947,24.674500108280554,4.306578636169434,6.993507385253906
108,windows,ABL-ET2X-R-PreviousRawEdge-BilinearRGB,6.007535934448242,25.32932209721475,4.83313512802124,6.050482273101807
108,windows,ABL-ET2X-R-PreviousRawEdge-ResolvedRGB,6.246272563934326,25.224028475088716,4.631921291351318,5.825901985168457
108,windows,ABL-ET2X-R-PreviousRawEdge-CatmullRomRGB,5.957535743713379,25.40537340102386,4.931558609008789,6.010621070861816
109,chairs,O-T2X-R,2.9186360836029053,32.07980054057782,1.9899959564208984,3.120398998260498
109,chairs,ABL-ET2X-R-PreviousRawEdge-BilinearRGB,3.64111328125,30.026393536407276,1.8608640432357788,2.3917508125305176
109,chairs,ABL-ET2X-R-PreviousRawEdge-ResolvedRGB,3.5206542015075684,30.344408236712397,1.7476915121078491,2.2791054248809814
109,chairs,ABL-ET2X-R-PreviousRawEdge-CatmullRomRGB,3.553027391433716,30.21065520754483,1.7807409763336182,2.281689405441284
109,thin-chair,O-T2X-R,4.39432430267334,29.814668922692583,2.8150408267974854,4.503213882446289
109,thin-chair,ABL-ET2X-R-PreviousRawEdge-BilinearRGB,5.573419570922852,27.674748496012764,2.4957144260406494,3.266082525253296
109,thin-chair,ABL-ET2X-R-PreviousRawEdge-ResolvedRGB,5.38944149017334,27.975037276094902,2.3355538845062256,3.091201066970825
109,thin-chair,ABL-ET2X-R-PreviousRawEdge-CatmullRomRGB,5.4599609375,27.837368103889197,2.3792989253997803,3.0910215377807617
109,windows,O-T2X-R,5.912923336029053,25.892792028510982,6.209177017211914,9.090843200683594
109,windows,ABL-ET2X-R-PreviousRawEdge-BilinearRGB,5.519547462463379,26.514039331420957,5.439014434814453,6.479508399963379
109,windows,ABL-ET2X-R-PreviousRawEdge-ResolvedRGB,5.4307942390441895,26.9732134268633,5.169132709503174,6.280544281005859
109,windows,ABL-ET2X-R-PreviousRawEdge-CatmullRomRGB,5.277897357940674,27.018293468218427,5.5129289627075195,6.5819597244262695
110,chairs,O-T2X-R,3.01416015625,31.837902629733197,2.122995615005493,3.4791781902313232
110,chairs,ABL-ET2X-R-PreviousRawEdge-BilinearRGB,3.6988933086395264,29.836825466348273,1.9672857522964478,2.4913992881774902
110,chairs,ABL-ET2X-R-PreviousRawEdge-ResolvedRGB,3.568880319595337,30.20549610832837,1.808471918106079,2.311910629272461
110,chairs,ABL-ET2X-R-PreviousRawEdge-CatmullRomRGB,3.5935709476470947,30.091319411954515,1.838531732559204,2.319722890853882
110,thin-chair,O-T2X-R,4.46407413482666,29.668447583758887,3.0253326892852783,5.011941909790039
110,thin-chair,ABL-ET2X-R-PreviousRawEdge-BilinearRGB,5.68143367767334,27.466510923523295,2.661442756652832,3.3691980838775635
110,thin-chair,ABL-ET2X-R-PreviousRawEdge-ResolvedRGB,5.47579288482666,27.82968585448979,2.4433302879333496,3.157996416091919
110,thin-chair,ABL-ET2X-R-PreviousRawEdge-CatmullRomRGB,5.53749418258667,27.704035535919154,2.4805517196655273,3.1510963439941406
110,windows,O-T2X-R,5.685856342315674,25.88567143574646,4.715391635894775,7.120497226715088
110,windows,ABL-ET2X-R-PreviousRawEdge-BilinearRGB,5.551774024963379,25.892238700409003,4.098426342010498,5.858579158782959
110,windows,ABL-ET2X-R-PreviousRawEdge-ResolvedRGB,5.718017578125,25.907583440292854,3.947822093963623,5.539484977722168
110,windows,ABL-ET2X-R-PreviousRawEdge-CatmullRomRGB,5.519352436065674,26.057909791934332,4.229826927185059,5.850214004516602
111,chairs,O-T2X-R,2.956998586654663,32.155711921213815,2.076403856277466,3.228497266769409
111,chairs,ABL-ET2X-R-PreviousRawEdge-BilinearRGB,3.712353467941284,29.715757646539743,1.911044716835022,2.540757894515991
111,chairs,ABL-ET2X-R-PreviousRawEdge-ResolvedRGB,3.5768065452575684,30.089124196299608,1.7881752252578735,2.3692240715026855
111,chairs,ABL-ET2X-R-PreviousRawEdge-CatmullRomRGB,3.615429639816284,29.963088858840514,1.8228960037231445,2.3743913173675537
111,thin-chair,O-T2X-R,4.414210319519043,29.98411394866414,2.9277892112731934,4.656911849975586
111,thin-chair,ABL-ET2X-R-PreviousRawEdge-BilinearRGB,5.6618428230285645,27.38849867431366,2.629434108734131,3.4415032863616943
111,thin-chair,ABL-ET2X-R-PreviousRawEdge-ResolvedRGB,5.462032318115234,27.73641702014318,2.4240472316741943,3.1897478103637695
111,thin-chair,ABL-ET2X-R-PreviousRawEdge-CatmullRomRGB,5.527669429779053,27.615623103031872,2.4733457565307617,3.1858632564544678
111,windows,O-T2X-R,6.108479976654053,25.73413411738977,6.455052375793457,9.39731502532959
111,windows,ABL-ET2X-R-PreviousRawEdge-BilinearRGB,6.414453029632568,24.634175228130644,4.6334733963012695,5.413111209869385
111,windows,ABL-ET2X-R-PreviousRawEdge-ResolvedRGB,6.542806148529053,24.645141295970948,4.467459201812744,5.113755702972412
111,windows,ABL-ET2X-R-PreviousRawEdge-CatmullRomRGB,6.267041206359863,24.864388366109516,4.784891605377197,5.345829010009766
112,chairs,O-T2X-R,2.947558641433716,32.00105177017144,2.136467456817627,3.6149837970733643
112,chairs,ABL-ET2X-R-PreviousRawEdge-BilinearRGB,3.769287109375,29.578086210360848,1.9157012701034546,2.4349865913391113
112,chairs,ABL-ET2X-R-PreviousRawEdge-ResolvedRGB,3.6422362327575684,29.9006199873753,1.8073186874389648,2.3003344535827637
112,chairs,ABL-ET2X-R-PreviousRawEdge-CatmullRomRGB,3.6708171367645264,29.774239405457273,1.8500255346298218,2.30123233795166
112,thin-chair,O-T2X-R,4.393406867980957,29.78093914034399,2.9785192012786865,5.112337112426758
112,thin-chair,ABL-ET2X-R-PreviousRawEdge-BilinearRGB,5.746034622192383,27.2695910647713,2.5952579975128174,3.326411485671997
112,thin-chair,ABL-ET2X-R-PreviousRawEdge-ResolvedRGB,5.553622245788574,27.567779494261906,2.4243619441986084,3.1037862300872803
112,thin-chair,ABL-ET2X-R-PreviousRawEdge-CatmullRomRGB,5.623342990875244,27.436368319362153,2.4845430850982666,3.110426425933838
112,windows,O-T2X-R,5.871891498565674,25.937082322101507,4.4977922439575195,7.9815216064453125
112,windows,ABL-ET2X-R-PreviousRawEdge-BilinearRGB,5.677099704742432,25.972153271988383,5.5116658210754395,6.672008514404297
112,windows,ABL-ET2X-R-PreviousRawEdge-ResolvedRGB,5.722802639007568,26.124662387275382,5.322323799133301,6.500751495361328
112,windows,ABL-ET2X-R-PreviousRawEdge-CatmullRomRGB,5.535221576690674,26.24439820487847,5.643353462219238,6.7097954750061035
113,chairs,O-T2X-R,2.932421922683716,32.199273913621745,2.1107969284057617,3.2613117694854736
113,chairs,ABL-ET2X-R-PreviousRawEdge-BilinearRGB,3.7428221702575684,29.59423443307399,1.9219774007797241,2.487447738647461
113,chairs,ABL-ET2X-R-PreviousRawEdge-ResolvedRGB,3.6288084983825684,29.886619034567108,1.7900463342666626,2.319035053253174
113,chairs,ABL-ET2X-R-PreviousRawEdge-CatmullRomRGB,3.663346290588379,29.75020817635422,1.821876883506775,2.3355679512023926
113,thin-chair,O-T2X-R,4.425840377807617,29.883800240712514,2.8722760677337646,4.62495231628418
113,thin-chair,ABL-ET2X-R-PreviousRawEdge-BilinearRGB,5.72774600982666,27.25550683111387,2.5925471782684326,3.3789968490600586
113,thin-chair,ABL-ET2X-R-PreviousRawEdge-ResolvedRGB,5.550958633422852,27.53303239112599,2.4208180904388428,3.167576551437378
113,thin-chair,ABL-ET2X-R-PreviousRawEdge-CatmullRomRGB,5.622899055480957,27.39346492324865,2.4660894870758057,3.175180673599243
113,windows,O-T2X-R,5.939030170440674,26.014276210903965,5.674381256103516,8.92527961730957
113,windows,ABL-ET2X-R-PreviousRawEdge-BilinearRGB,5.176187992095947,26.696620372804325,4.726563930511475,6.270158767700195
113,windows,ABL-ET2X-R-PreviousRawEdge-ResolvedRGB,5.105143070220947,27.012945934386327,4.467968940734863,6.165091037750244
113,windows,ABL-ET2X-R-PreviousRawEdge-CatmullRomRGB,5.027376174926758,27.05308459912958,4.775813102722168,6.579820156097412
114,chairs,O-T2X-R,2.956770896911621,31.837424569882916,2.129509210586548,3.6544337272644043
114,chairs,ABL-ET2X-R-PreviousRawEdge-BilinearRGB,3.774853467941284,29.566332150152398,1.8641111850738525,2.461167335510254
114,chairs,ABL-ET2X-R-PreviousRawEdge-ResolvedRGB,3.643099069595337,29.89371431005141,1.7554258108139038,2.3285915851593018
114,chairs,ABL-ET2X-R-PreviousRawEdge-CatmullRomRGB,3.6861002445220947,29.75499320062347,1.7914899587631226,2.3262391090393066
114,thin-chair,O-T2X-R,4.496448993682861,29.51333953022301,2.9186646938323975,5.014052867889404
114,thin-chair,ABL-ET2X-R-PreviousRawEdge-BilinearRGB,5.7731709480285645,27.206921097872232,2.555717945098877,3.250216007232666
114,thin-chair,ABL-ET2X-R-PreviousRawEdge-ResolvedRGB,5.561405181884766,27.527312305675487,2.346066474914551,3.0796051025390625
114,thin-chair,ABL-ET2X-R-PreviousRawEdge-CatmullRomRGB,5.626923561096191,27.39975549253898,2.3975884914398193,3.0746467113494873
114,windows,O-T2X-R,6.116145610809326,25.29522074303342,4.5807719230651855,6.636567115783691
114,windows,ABL-ET2X-R-PreviousRawEdge-BilinearRGB,5.794840335845947,25.85275695257475,4.145363807678223,5.602627277374268
114,windows,ABL-ET2X-R-PreviousRawEdge-ResolvedRGB,6.027034282684326,25.6667985588076,4.017491340637207,5.272535800933838
114,windows,ABL-ET2X-R-PreviousRawEdge-CatmullRomRGB,5.728841304779053,25.982961581868416,4.32099723815918,5.493320465087891
115,chairs,O-T2X-R,2.989225149154663,31.975457343119515,2.018156051635742,3.182907819747925
115,chairs,ABL-ET2X-R-PreviousRawEdge-BilinearRGB,3.8087401390075684,29.52849721855509,1.9916108846664429,2.4788804054260254
115,chairs,ABL-ET2X-R-PreviousRawEdge-ResolvedRGB,3.679459571838379,29.83928245695609,1.8746213912963867,2.321148633956909
115,chairs,ABL-ET2X-R-PreviousRawEdge-CatmullRomRGB,3.712190866470337,29.701234102026106,1.9083750247955322,2.327037811279297
115,thin-chair,O-T2X-R,4.513494491577148,29.66563946587884,2.8972902297973633,4.594381809234619
115,thin-chair,ABL-ET2X-R-PreviousRawEdge-BilinearRGB,5.850674629211426,27.160023775130163,2.6246116161346436,3.3528554439544678
115,thin-chair,ABL-ET2X-R-PreviousRawEdge-ResolvedRGB,5.646987438201904,27.464995630726715,2.464885950088501,3.1041650772094727
115,thin-chair,ABL-ET2X-R-PreviousRawEdge-CatmullRomRGB,5.718838691711426,27.322843785290047,2.5121328830718994,3.110309600830078
115,windows,O-T2X-R,5.601708889007568,26.569082971569774,6.152708530426025,9.237810134887695
115,windows,ABL-ET2X-R-PreviousRawEdge-BilinearRGB,5.575993061065674,26.083094510499215,5.409773826599121,6.22990608215332
115,windows,ABL-ET2X-R-PreviousRawEdge-ResolvedRGB,5.715153217315674,26.098843089830023,5.256471157073975,6.078805923461914
115,windows,ABL-ET2X-R-PreviousRawEdge-CatmullRomRGB,5.431445121765137,26.322225822618428,5.5251874923706055,6.253790855407715
116,chairs,O-T2X-R,3.0656087398529053,31.632606267019252,2.0813333988189697,3.4757392406463623
116,chairs,ABL-ET2X-R-PreviousRawEdge-BilinearRGB,3.8250489234924316,29.51983995934222,1.9951452016830444,2.5628468990325928
116,chairs,ABL-ET2X-R-PreviousRawEdge-ResolvedRGB,3.6839191913604736,29.880677883116,1.8488423824310303,2.4052648544311523
116,chairs,ABL-ET2X-R-PreviousRawEdge-CatmullRomRGB,3.716845750808716,29.751087674660326,1.8847200870513916,2.4165425300598145
116,thin-chair,O-T2X-R,4.59451961517334,29.370270496064435,2.9532811641693115,5.0424485206604
116,thin-chair,ABL-ET2X-R-PreviousRawEdge-BilinearRGB,5.849254131317139,27.17081428638915,2.681999921798706,3.4658844470977783
116,thin-chair,ABL-ET2X-R-PreviousRawEdge-ResolvedRGB,5.639145374298096,27.513700592989082,2.488950252532959,3.2731897830963135
116,thin-chair,ABL-ET2X-R-PreviousRawEdge-CatmullRomRGB,5.712801933288574,27.377307728376074,2.542479991912842,3.2791924476623535
116,windows,O-T2X-R,5.670491695404053,25.970584594217577,4.204843521118164,6.863068580627441
116,windows,ABL-ET2X-R-PreviousRawEdge-BilinearRGB,5.270898342132568,26.684318633578567,4.855907440185547,6.210146427154541
116,windows,ABL-ET2X-R-PreviousRawEdge-ResolvedRGB,5.402001857757568,26.769823373310267,4.5873212814331055,6.037528991699219
116,windows,ABL-ET2X-R-PreviousRawEdge-CatmullRomRGB,5.238590717315674,26.862921326574302,4.856891632080078,6.313281536102295
117,chairs,O-T2X-R,3.067887306213379,31.764650051685873,2.094226121902466,3.201007127761841
117,chairs,ABL-ET2X-R-PreviousRawEdge-BilinearRGB,3.8052408695220947,29.537927156897016,1.8732049465179443,2.5817861557006836
117,chairs,ABL-ET2X-R-PreviousRawEdge-ResolvedRGB,3.674560546875,29.884244277840715,1.7720911502838135,2.3915326595306396
117,chairs,ABL-ET2X-R-PreviousRawEdge-CatmullRomRGB,3.7252278327941895,29.735127121832146,1.8066270351409912,2.395303726196289
117,thin-chair,O-T2X-R,4.568211555480957,29.585448511715708,2.950904607772827,4.655789375305176
117,thin-chair,ABL-ET2X-R-PreviousRawEdge-BilinearRGB,5.81992769241333,27.177610405964323,2.623260498046875,3.4769210815429688
117,thin-chair,ABL-ET2X-R-PreviousRawEdge-ResolvedRGB,5.6216559410095215,27.514451192858836,2.4186837673187256,3.207273244857788
117,thin-chair,ABL-ET2X-R-PreviousRawEdge-CatmullRomRGB,5.7028584480285645,27.37191056554031,2.4680089950561523,3.2128891944885254
117,windows,O-T2X-R,5.803401470184326,25.997983146820975,5.654821395874023,8.42633056640625
117,windows,ABL-ET2X-R-PreviousRawEdge-BilinearRGB,5.466259956359863,26.297039798735923,4.594520568847656,5.862599849700928
117,windows,ABL-ET2X-R-PreviousRawEdge-ResolvedRGB,5.653482913970947,26.21075052662583,4.424352169036865,5.626654624938965
117,windows,ABL-ET2X-R-PreviousRawEdge-CatmullRomRGB,5.452408790588379,26.36101266643251,4.765289306640625,5.9064106941223145
118,chairs,O-T2X-R,3.054882764816284,31.70778809158685,2.1686975955963135,3.616115093231201
118,chairs,ABL-ET2X-R-PreviousRawEdge-BilinearRGB,3.826139211654663,29.446688109398934,1.8988492488861084,2.4088685512542725
118,chairs,ABL-ET2X-R-PreviousRawEdge-ResolvedRGB,3.7101399898529053,29.77210177145992,1.765824317932129,2.254939556121826
118,chairs,ABL-ET2X-R-PreviousRawEdge-CatmullRomRGB,3.754199266433716,29.625208623434904,1.8076092004776,2.257765293121338
118,thin-chair,O-T2X-R,4.559866428375244,29.51271229483148,2.9634511470794678,5.1009297370910645
118,thin-chair,ABL-ET2X-R-PreviousRawEdge-BilinearRGB,5.878018379211426,27.06336536954899,2.575885534286499,3.3000426292419434
118,thin-chair,ABL-ET2X-R-PreviousRawEdge-ResolvedRGB,5.6958746910095215,27.380267084790113,2.3744537830352783,3.017643690109253
118,thin-chair,ABL-ET2X-R-PreviousRawEdge-CatmullRomRGB,5.779592990875244,27.232711871092228,2.4304330348968506,3.017092227935791
118,windows,O-T2X-R,6.295914649963379,24.53253010189378,4.194039821624756,6.571576118469238
118,windows,ABL-ET2X-R-PreviousRawEdge-BilinearRGB,6.108691215515137,24.97400315377382,4.356464385986328,5.563846111297607
118,windows,ABL-ET2X-R-PreviousRawEdge-ResolvedRGB,6.236897945404053,24.95368197506274,4.175176620483398,5.2766265869140625
118,windows,ABL-ET2X-R-PreviousRawEdge-CatmullRomRGB,5.977473735809326,25.12926849186553,4.468038082122803,5.594260215759277
119,chairs,O-T2X-R,2.970003366470337,32.02936973836286,2.1464178562164307,3.387423038482666
119,chairs,ABL-ET2X-R-PreviousRawEdge-BilinearRGB,3.766878366470337,29.632297344663012,1.8852065801620483,2.5066776275634766
119,chairs,ABL-ET2X-R-PreviousRawEdge-ResolvedRGB,3.655224561691284,29.935078105074048,1.785496473312378,2.351884365081787
119,chairs,ABL-ET2X-R-PreviousRawEdge-CatmullRomRGB,3.7013020515441895,29.776034476432336,1.8202463388442993,2.3634932041168213
119,thin-chair,O-T2X-R,4.459220886230469,29.75246453373265,2.981912136077881,4.782223224639893
119,thin-chair,ABL-ET2X-R-PreviousRawEdge-BilinearRGB,5.798887252807617,27.240322726758738,2.589132308959961,3.4102301597595215
119,thin-chair,ABL-ET2X-R-PreviousRawEdge-ResolvedRGB,5.622188568115234,27.53692828753904,2.4523229598999023,3.2084245681762695
119,thin-chair,ABL-ET2X-R-PreviousRawEdge-CatmullRomRGB,5.70626163482666,27.377598280217974,2.50067138671875,3.211108922958374
119,windows,O-T2X-R,5.849560737609863,25.88788182540948,5.9649248123168945,8.817387580871582
119,windows,ABL-ET2X-R-PreviousRawEdge-BilinearRGB,5.372851371765137,26.684369454461027,5.164626121520996,6.057768821716309
119,windows,ABL-ET2X-R-PreviousRawEdge-ResolvedRGB,5.362565040588379,26.95380759766288,5.014124870300293,5.869148254394531
119,windows,ABL-ET2X-R-PreviousRawEdge-CatmullRomRGB,5.213525295257568,27.04075651217439,5.2607502937316895,6.0731658935546875
120,chairs,O-T2X-R,3.033968210220337,31.782976653854913,2.160094738006592,3.675363063812256
120,chairs,ABL-ET2X-R-PreviousRawEdge-BilinearRGB,3.7982096672058105,29.642514529304776,2.0449252128601074,2.5356523990631104
120,chairs,ABL-ET2X-R-PreviousRawEdge-ResolvedRGB,3.6783690452575684,29.988450330349092,1.9402271509170532,2.4336676597595215
120,chairs,ABL-ET2X-R-PreviousRawEdge-CatmullRomRGB,3.720931053161621,29.833288467050984,1.9707536697387695,2.4308905601501465
120,thin-chair,O-T2X-R,4.539535999298096,29.54137227039674,2.9931604862213135,5.169844627380371
120,thin-chair,ABL-ET2X-R-PreviousRawEdge-BilinearRGB,5.7873759269714355,27.29028954089403,2.7625110149383545,3.446575164794922
120,thin-chair,ABL-ET2X-R-PreviousRawEdge-ResolvedRGB,5.591500759124756,27.62797379765373,2.588820457458496,3.315349817276001
120,thin-chair,ABL-ET2X-R-PreviousRawEdge-CatmullRomRGB,5.662997245788574,27.477287582569303,2.636059284210205,3.3111205101013184
120,windows,O-T2X-R,5.770751953125,25.5994006579235,4.383472442626953,6.875605583190918
120,windows,ABL-ET2X-R-PreviousRawEdge-BilinearRGB,5.499739646911621,25.78964988395823,4.183289527893066,5.6482343673706055
120,windows,ABL-ET2X-R-PreviousRawEdge-ResolvedRGB,5.563167095184326,25.94513782082286,3.9508094787597656,5.461401462554932
120,windows,ABL-ET2X-R-PreviousRawEdge-CatmullRomRGB,5.407128810882568,26.065665920123454,4.20917272567749,5.731520652770996
121,chairs,O-T2X-R,2.992871046066284,32.02454153374766,2.1980957984924316,3.3762574195861816
121,chairs,ABL-ET2X-R-PreviousRawEdge-BilinearRGB,3.7433269023895264,29.878559073248987,2.0170600414276123,2.6293118000030518
121,chairs,ABL-ET2X-R-PreviousRawEdge-ResolvedRGB,3.605761766433716,30.25335156692463,1.8553804159164429,2.464258909225464
121,chairs,ABL-ET2X-R-PreviousRawEdge-CatmullRomRGB,3.641080617904663,30.086469777390214,1.8963674306869507,2.4659981727600098
121,thin-chair,O-T2X-R,4.4951171875,29.737641873766467,2.9840261936187744,4.784792900085449
121,thin-chair,ABL-ET2X-R-PreviousRawEdge-BilinearRGB,5.666873931884766,27.565584054926738,2.703197479248047,3.546828269958496
121,thin-chair,ABL-ET2X-R-PreviousRawEdge-ResolvedRGB,5.462446689605713,27.917952361059804,2.4871714115142822,3.336601972579956
121,thin-chair,ABL-ET2X-R-PreviousRawEdge-CatmullRomRGB,5.53829288482666,27.74728798034701,2.5353381633758545,3.3306920528411865
121,windows,O-T2X-R,5.654085159301758,26.03963341639165,6.005337238311768,9.012627601623535
121,windows,ABL-ET2X-R-PreviousRawEdge-BilinearRGB,5.492155075073242,25.707196454542544,4.970016956329346,5.820876121520996
121,windows,ABL-ET2X-R-PreviousRawEdge-ResolvedRGB,5.594905376434326,25.753370130067633,4.789128303527832,5.536258697509766
121,windows,ABL-ET2X-R-PreviousRawEdge-CatmullRomRGB,5.443310737609863,25.872424003424307,5.084721565246582,5.813570976257324
122,chairs,O-T2X-R,3.088916063308716,31.61960953270084,2.086202621459961,3.594189405441284
122,chairs,ABL-ET2X-R-PreviousRawEdge-BilinearRGB,3.6432292461395264,30.24984512918918,2.0232274532318115,2.6628222465515137
122,chairs,ABL-ET2X-R-PreviousRawEdge-ResolvedRGB,3.5167479515075684,30.57969946256145,1.8923753499984741,2.460827112197876
122,chairs,ABL-ET2X-R-PreviousRawEdge-CatmullRomRGB,3.560774803161621,30.398340352373726,1.9268219470977783,2.46742582321167
122,thin-chair,O-T2X-R,4.620590686798096,29.379617131112134,2.9008262157440186,5.01190710067749
122,thin-chair,ABL-ET2X-R-PreviousRawEdge-BilinearRGB,5.515950679779053,27.947027470984033,2.7566936016082764,3.5607340335845947
122,thin-chair,ABL-ET2X-R-PreviousRawEdge-ResolvedRGB,5.319957256317139,28.257694572816426,2.5643231868743896,3.2891829013824463
122,thin-chair,ABL-ET2X-R-PreviousRawEdge-CatmullRomRGB,5.408321380615234,28.070442945803016,2.609877109527588,3.292168617248535
122,windows,O-T2X-R,5.4246907234191895,26.25967466204716,4.270771503448486,7.021683692932129
122,windows,ABL-ET2X-R-PreviousRawEdge-BilinearRGB,5.300569534301758,26.384952004852906,4.475680828094482,5.931143283843994
122,windows,ABL-ET2X-R-PreviousRawEdge-ResolvedRGB,5.453857421875,26.37743799553217,4.309523582458496,5.677074432373047
122,windows,ABL-ET2X-R-PreviousRawEdge-CatmullRomRGB,5.246565818786621,26.52063172677643,4.626666069030762,5.8877129554748535
123,chairs,O-T2X-R,3.0650227069854736,31.79411221028467,2.0655946731567383,3.2480685710906982
123,chairs,ABL-ET2X-R-PreviousRawEdge-BilinearRGB,3.6670734882354736,30.167595929465797,1.9673782587051392,2.5852553844451904
123,chairs,ABL-ET2X-R-PreviousRawEdge-ResolvedRGB,3.5235676765441895,30.560891034851142,1.8371355533599854,2.4300405979156494
123,chairs,ABL-ET2X-R-PreviousRawEdge-CatmullRomRGB,3.5673177242279053,30.37315424068291,1.869383454322815,2.42641019821167
123,thin-chair,O-T2X-R,4.573390007019043,29.564928684746672,2.8422274589538574,4.539841175079346
123,thin-chair,ABL-ET2X-R-PreviousRawEdge-BilinearRGB,5.526278495788574,27.870367336549158,2.597487211227417,3.4490883350372314
123,thin-chair,ABL-ET2X-R-PreviousRawEdge-ResolvedRGB,5.319454193115234,28.23538931813395,2.403762102127075,3.255620002746582
123,thin-chair,ABL-ET2X-R-PreviousRawEdge-CatmullRomRGB,5.406309127807617,28.044663185090197,2.4545490741729736,3.244873046875
123,windows,O-T2X-R,5.658626079559326,26.21125268184983,5.396465301513672,8.229966163635254
123,windows,ABL-ET2X-R-PreviousRawEdge-BilinearRGB,5.460302829742432,26.125742260496562,4.77114200592041,5.918554782867432
123,windows,ABL-ET2X-R-PreviousRawEdge-ResolvedRGB,5.4344563484191895,26.311826718943895,4.577993392944336,5.746519088745117
123,windows,ABL-ET2X-R-PreviousRawEdge-CatmullRomRGB,5.3770670890808105,26.295801826343915,4.853768348693848,6.036765098571777
124,chairs,O-T2X-R,3.086409568786621,31.698627737649524,2.079796314239502,3.4821102619171143
124,chairs,ABL-ET2X-R-PreviousRawEdge-BilinearRGB,3.6260416507720947,30.28651837260608,1.9369300603866577,2.5594482421875
124,chairs,ABL-ET2X-R-PreviousRawEdge-ResolvedRGB,3.4910969734191895,30.701189576692997,1.7921726703643799,2.3720903396606445
124,chairs,ABL-ET2X-R-PreviousRawEdge-CatmullRomRGB,3.5264811515808105,30.506698592649183,1.8350276947021484,2.372100591659546
124,thin-chair,O-T2X-R,4.630977630615234,29.472534908539917,2.8850791454315186,4.920274257659912
124,thin-chair,ABL-ET2X-R-PreviousRawEdge-BilinearRGB,5.445963382720947,28.026080961090024,2.567129373550415,3.3796885013580322
124,thin-chair,ABL-ET2X-R-PreviousRawEdge-ResolvedRGB,5.227183818817139,28.425290453656093,2.3513195514678955,3.109623670578003
124,thin-chair,ABL-ET2X-R-PreviousRawEdge-CatmullRomRGB,5.320223808288574,28.215534106257124,2.4076671600341797,3.0960676670074463
124,windows,O-T2X-R,5.574658393859863,25.815598823341933,4.2755045890808105,6.222769737243652
124,windows,ABL-ET2X-R-PreviousRawEdge-BilinearRGB,5.344514846801758,26.485463042330885,4.389277458190918,5.541545391082764
124,windows,ABL-ET2X-R-PreviousRawEdge-ResolvedRGB,5.358219623565674,26.758891584849835,4.186287879943848,5.42478084564209
124,windows,ABL-ET2X-R-PreviousRawEdge-CatmullRomRGB,5.078792095184326,27.005002923910638,4.507360935211182,5.648870944976807
125,chairs,O-T2X-R,3.110628366470337,31.76080994121633,2.1172068119049072,3.2308144569396973
125,chairs,ABL-ET2X-R-PreviousRawEdge-BilinearRGB,3.643815040588379,30.26855932552481,1.9068399667739868,2.5400004386901855
125,chairs,ABL-ET2X-R-PreviousRawEdge-ResolvedRGB,3.5211424827575684,30.60752386917471,1.7997194528579712,2.343473434448242
125,chairs,ABL-ET2X-R-PreviousRawEdge-CatmullRomRGB,3.568831443786621,30.412431121948366,1.834773063659668,2.3519232273101807
125,thin-chair,O-T2X-R,4.591974258422852,29.603582770107405,2.8936877250671387,4.543704509735107
125,thin-chair,ABL-ET2X-R-PreviousRawEdge-BilinearRGB,5.482125759124756,27.993260028220277,2.573378324508667,3.3921422958374023
125,thin-chair,ABL-ET2X-R-PreviousRawEdge-ResolvedRGB,5.30294132232666,28.306416951497525,2.410510778427124,3.144934892654419
125,thin-chair,ABL-ET2X-R-PreviousRawEdge-CatmullRomRGB,5.387724876403809,28.112730201681998,2.455406427383423,3.1552209854125977
125,windows,O-T2X-R,5.3973469734191895,26.62714680337767,6.20871639251709,8.862469673156738
125,windows,ABL-ET2X-R-PreviousRawEdge-BilinearRGB,5.519954204559326,25.75793249569504,4.76601505279541,6.003763675689697
125,windows,ABL-ET2X-R-PreviousRawEdge-ResolvedRGB,5.562727928161621,25.870758998910944,4.6307806968688965,5.550291538238525
125,windows,ABL-ET2X-R-PreviousRawEdge-CatmullRomRGB,5.399934768676758,25.99188380900589,4.812346458435059,5.861527919769287
126,chairs,O-T2X-R,3.0746419429779053,31.6729203972853,2.1874732971191406,3.683354139328003
126,chairs,ABL-ET2X-R-PreviousRawEdge-BilinearRGB,3.700000047683716,30.146689258240315,1.9070155620574951,2.5259690284729004
126,chairs,ABL-ET2X-R-PreviousRawEdge-ResolvedRGB,3.578092336654663,30.53428247928895,1.8157135248184204,2.4014570713043213
126,chairs,ABL-ET2X-R-PreviousRawEdge-CatmullRomRGB,3.6256184577941895,30.340029255278683,1.846740961074829,2.408841848373413
126,thin-chair,O-T2X-R,4.63790225982666,29.376432992126613,2.9598569869995117,5.06557035446167
126,thin-chair,ABL-ET2X-R-PreviousRawEdge-BilinearRGB,5.565370559692383,27.84488496065443,2.481546640396118,3.2708969116210938
126,thin-chair,ABL-ET2X-R-PreviousRawEdge-ResolvedRGB,5.368785381317139,28.226888810306995,2.3261971473693848,3.1219024658203125
126,thin-chair,ABL-ET2X-R-PreviousRawEdge-CatmullRomRGB,5.44569730758667,28.04205231152438,2.3692986965179443,3.124777317047119
126,windows,O-T2X-R,5.143620014190674,27.00149540809212,4.185698509216309,6.873289585113525
126,windows,ABL-ET2X-R-PreviousRawEdge-BilinearRGB,5.195638179779053,26.72996035986458,4.183750152587891,5.375899314880371
126,windows,ABL-ET2X-R-PreviousRawEdge-ResolvedRGB,5.302213668823242,26.76591309977126,3.9956042766571045,5.249016761779785
126,windows,ABL-ET2X-R-PreviousRawEdge-CatmullRomRGB,5.025537014007568,27.00129972083308,4.320213317871094,5.471396446228027
127,chairs,O-T2X-R,3.0491535663604736,31.864256159233527,2.070974111557007,3.293102264404297
127,chairs,ABL-ET2X-R-PreviousRawEdge-BilinearRGB,3.6905925273895264,30.151450196236794,1.9938920736312866,2.500753879547119
127,chairs,ABL-ET2X-R-PreviousRawEdge-ResolvedRGB,3.5721843242645264,30.50169280184269,1.8619985580444336,2.3695425987243652
127,chairs,ABL-ET2X-R-PreviousRawEdge-CatmullRomRGB,3.6142578125,30.318929353023897,1.9007409811019897,2.374034881591797
127,thin-chair,O-T2X-R,4.568211555480957,29.60367114121956,2.886390447616577,4.65604829788208
127,thin-chair,ABL-ET2X-R-PreviousRawEdge-BilinearRGB,5.613429069519043,27.823908990854452,2.5936007499694824,3.297938346862793
127,thin-chair,ABL-ET2X-R-PreviousRawEdge-ResolvedRGB,5.435221195220947,28.16177282255593,2.433103322982788,3.110588788986206
127,thin-chair,ABL-ET2X-R-PreviousRawEdge-CatmullRomRGB,5.515506744384766,27.9747419138673,2.481562614440918,3.104569435119629
127,windows,O-T2X-R,5.687906742095947,26.069710178211256,5.314227104187012,7.7669782638549805
127,windows,ABL-ET2X-R-PreviousRawEdge-BilinearRGB,5.250504493713379,26.695623578736402,5.197113990783691,6.286514759063721
127,windows,ABL-ET2X-R-PreviousRawEdge-ResolvedRGB,5.329036235809326,26.672556548895102,5.110198974609375,5.991947174072266
127,windows,ABL-ET2X-R-PreviousRawEdge-CatmullRomRGB,5.176741600036621,26.80485042792934,5.305794715881348,6.285696983337402
128,chairs,O-T2X-R,3.102083444595337,31.725652907378365,2.2196197509765625,3.6013667583465576
128,chairs,ABL-ET2X-R-PreviousRawEdge-BilinearRGB,3.741927146911621,30.098346928992264,1.9222362041473389,2.554858446121216
128,chairs,ABL-ET2X-R-PreviousRawEdge-ResolvedRGB,3.6111817359924316,30.470025463897535,1.8042442798614502,2.4209229946136475
128,chairs,ABL-ET2X-R-PreviousRawEdge-CatmullRomRGB,3.6508138179779053,30.289633756164385,1.8344780206680298,2.4265475273132324
128,thin-chair,O-T2X-R,4.598100185394287,29.49638688349951,3.0722696781158447,5.0861358642578125
128,thin-chair,ABL-ET2X-R-PreviousRawEdge-BilinearRGB,5.688240051269531,27.76702040862778,2.617065668106079,3.3587393760681152
128,thin-chair,ABL-ET2X-R-PreviousRawEdge-ResolvedRGB,5.485233306884766,28.126779025560612,2.4380176067352295,3.2007246017456055
128,thin-chair,ABL-ET2X-R-PreviousRawEdge-CatmullRomRGB,5.568004131317139,27.9381355065196,2.4839322566986084,3.2070045471191406
128,windows,O-T2X-R,5.502245903015137,25.460736534190058,4.220487594604492,6.380400657653809
128,windows,ABL-ET2X-R-PreviousRawEdge-BilinearRGB,5.045263767242432,26.63849451714725,4.581672668457031,5.495279312133789
128,windows,ABL-ET2X-R-PreviousRawEdge-ResolvedRGB,5.113085746765137,26.885709221800383,4.206908226013184,5.5995917320251465
128,windows,ABL-ET2X-R-PreviousRawEdge-CatmullRomRGB,4.855794429779053,27.07955663524514,4.530645370483398,5.823325157165527
129,chairs,O-T2X-R,3.066910743713379,31.88802137246039,2.0556461811065674,3.375319719314575
129,chairs,ABL-ET2X-R-PreviousRawEdge-BilinearRGB,3.7313640117645264,30.158266868805057,1.91085684299469,2.580535888671875
129,chairs,ABL-ET2X-R-PreviousRawEdge-ResolvedRGB,3.6004068851470947,30.53182338830514,1.8092477321624756,2.4351584911346436
129,chairs,ABL-ET2X-R-PreviousRawEdge-CatmullRomRGB,3.659651756286621,30.313031347292423,1.845052719116211,2.4376144409179688
129,thin-chair,O-T2X-R,4.543590068817139,29.68652808432825,2.8869407176971436,4.754887104034424
129,thin-chair,ABL-ET2X-R-PreviousRawEdge-BilinearRGB,5.625355243682861,27.847883428998227,2.5401718616485596,3.4103918075561523
129,thin-chair,ABL-ET2X-R-PreviousRawEdge-ResolvedRGB,5.4204840660095215,28.20529290175186,2.3834290504455566,3.224228620529175
129,thin-chair,ABL-ET2X-R-PreviousRawEdge-CatmullRomRGB,5.5119853019714355,27.99585425142574,2.4370527267456055,3.2301506996154785
129,windows,O-T2X-R,5.743700981140137,26.129030302599233,5.954955577850342,8.547406196594238
129,windows,ABL-ET2X-R-PreviousRawEdge-BilinearRGB,5.671647071838379,25.624051525367104,4.399239540100098,5.7941203117370605
129,windows,ABL-ET2X-R-PreviousRawEdge-ResolvedRGB,5.658658981323242,25.750755910684788,4.315976142883301,5.238930702209473
129,windows,ABL-ET2X-R-PreviousRawEdge-CatmullRomRGB,5.515038967132568,25.847329650256036,4.529884338378906,5.609977722167969
130,chairs,O-T2X-R,3.09228515625,31.87090399995213,2.217529058456421,3.6110920906066895
130,chairs,ABL-ET2X-R-PreviousRawEdge-BilinearRGB,3.7222819328308105,30.28020951204612,1.9772981405258179,2.48777437210083
130,chairs,ABL-ET2X-R-PreviousRawEdge-ResolvedRGB,3.5892903804779053,30.614890514345486,1.8335464000701904,2.3387153148651123
130,chairs,ABL-ET2X-R-PreviousRawEdge-CatmullRomRGB,3.6368651390075684,30.423660177056572,1.8725465536117554,2.3396286964416504
130,thin-chair,O-T2X-R,4.521336555480957,29.79093167748958,3.054457902908325,5.090503215789795
130,thin-chair,ABL-ET2X-R-PreviousRawEdge-BilinearRGB,5.60469913482666,27.979922615958365,2.6489789485931396,3.371645212173462
130,thin-chair,ABL-ET2X-R-PreviousRawEdge-ResolvedRGB,5.406782627105713,28.294460087934965,2.4400994777679443,3.1584441661834717
130,thin-chair,ABL-ET2X-R-PreviousRawEdge-CatmullRomRGB,5.490056991577148,28.103971885705224,2.4851996898651123,3.1468825340270996
130,windows,O-T2X-R,5.48291015625,25.953984607887435,4.478119850158691,6.977036476135254
130,windows,ABL-ET2X-R-PreviousRawEdge-BilinearRGB,5.311669826507568,25.97572682928027,4.604950904846191,5.27452278137207
130,windows,ABL-ET2X-R-PreviousRawEdge-ResolvedRGB,5.4058756828308105,26.021479704128346,4.432282447814941,5.237886428833008
130,windows,ABL-ET2X-R-PreviousRawEdge-CatmullRomRGB,5.154931545257568,26.22915818681534,4.714271545410156,5.414000034332275
131,chairs,O-T2X-R,2.9830892086029053,32.117584358075646,2.076965808868408,3.3986504077911377
131,chairs,ABL-ET2X-R-PreviousRawEdge-BilinearRGB,3.6737630367279053,30.332690413513216,1.9095510244369507,2.5718348026275635
131,chairs,ABL-ET2X-R-PreviousRawEdge-ResolvedRGB,3.550081491470337,30.663067066431164,1.7946569919586182,2.3902993202209473
131,chairs,ABL-ET2X-R-PreviousRawEdge-CatmullRomRGB,3.587662696838379,30.487229814761385,1.8250774145126343,2.388145923614502
131,thin-chair,O-T2X-R,4.48106050491333,29.821574166693814,2.7542130947113037,4.626570701599121
131,thin-chair,ABL-ET2X-R-PreviousRawEdge-BilinearRGB,5.590938568115234,28.004796424808838,2.525398015975952,3.349602699279785
131,thin-chair,ABL-ET2X-R-PreviousRawEdge-ResolvedRGB,5.396247863769531,28.324793572824994,2.365002393722534,3.1344223022460938
131,thin-chair,ABL-ET2X-R-PreviousRawEdge-CatmullRomRGB,5.4781012535095215,28.1404583258621,2.4014713764190674,3.1234536170959473
131,windows,O-T2X-R,5.514371871948242,26.432240998018276,5.855569362640381,8.585420608520508
131,windows,ABL-ET2X-R-PreviousRawEdge-BilinearRGB,5.638427734375,25.298567970133114,4.799925804138184,6.101161956787109
131,windows,ABL-ET2X-R-PreviousRawEdge-ResolvedRGB,5.6278157234191895,25.43977403358062,4.641592502593994,5.8672404289245605
131,windows,ABL-ET2X-R-PreviousRawEdge-CatmullRomRGB,5.462092876434326,25.495240740959353,4.904174327850342,6.193376064300537
132,chairs,O-T2X-R,3.0333821773529053,31.960296653290502,2.170034885406494,3.592250108718872
132,chairs,ABL-ET2X-R-PreviousRawEdge-BilinearRGB,3.6715495586395264,30.276133400125108,2.0011613368988037,2.552746534347534
132,chairs,ABL-ET2X-R-PreviousRawEdge-ResolvedRGB,3.5468099117279053,30.62539074518517,1.8606207370758057,2.378650665283203
132,chairs,ABL-ET2X-R-PreviousRawEdge-CatmullRomRGB,3.5933594703674316,30.43460998359275,1.8916679620742798,2.3762733936309814
132,thin-chair,O-T2X-R,4.495294570922852,29.738456938951646,2.988311529159546,4.95109224319458
132,thin-chair,ABL-ET2X-R-PreviousRawEdge-BilinearRGB,5.572798252105713,27.958033954271407,2.63582706451416,3.36637282371521
132,thin-chair,ABL-ET2X-R-PreviousRawEdge-ResolvedRGB,5.388671875,28.279280709752847,2.4175543785095215,3.1238815784454346
132,thin-chair,ABL-ET2X-R-PreviousRawEdge-CatmullRomRGB,5.473721504211426,28.091554314049386,2.458073616027832,3.1076929569244385
132,windows,O-T2X-R,5.277295112609863,26.571365191735275,4.202170372009277,6.627828121185303
132,windows,ABL-ET2X-R-PreviousRawEdge-BilinearRGB,5.168684959411621,26.775919010317956,4.988652229309082,5.994171619415283
132,windows,ABL-ET2X-R-PreviousRawEdge-ResolvedRGB,5.216715335845947,26.847363880985302,4.694155693054199,5.767617225646973
132,windows,ABL-ET2X-R-PreviousRawEdge-CatmullRomRGB,4.979410648345947,27.066952797986307,4.9769673347473145,6.020363807678223
133,chairs,O-T2X-R,3.003434181213379,31.96658714168297,2.0775034427642822,3.27260160446167
133,chairs,ABL-ET2X-R-PreviousRawEdge-BilinearRGB,3.6942057609558105,30.206847968420035,1.931597113609314,2.5982367992401123
133,chairs,ABL-ET2X-R-PreviousRawEdge-ResolvedRGB,3.562223196029663,30.546935215480207,1.8224328756332397,2.453002452850342
133,chairs,ABL-ET2X-R-PreviousRawEdge-CatmullRomRGB,3.6007649898529053,30.376395211577304,1.8613159656524658,2.46067214012146
133,thin-chair,O-T2X-R,4.422407627105713,29.771399290284126,2.771679162979126,4.506370544433594
133,thin-chair,ABL-ET2X-R-PreviousRawEdge-BilinearRGB,5.5576171875,27.92746130097205,2.5949466228485107,3.439405679702759
133,thin-chair,ABL-ET2X-R-PreviousRawEdge-ResolvedRGB,5.375088691711426,28.23707213173251,2.4337403774261475,3.2382874488830566
133,thin-chair,ABL-ET2X-R-PreviousRawEdge-CatmullRomRGB,5.450136184692383,28.067793346301396,2.484943151473999,3.2377684116363525
133,windows,O-T2X-R,5.633805274963379,26.170548173568626,5.907639503479004,8.308096885681152
133,windows,ABL-ET2X-R-PreviousRawEdge-BilinearRGB,5.401790142059326,26.10726072345033,4.931704521179199,5.955768585205078
133,windows,ABL-ET2X-R-PreviousRawEdge-ResolvedRGB,5.407128810882568,26.310506082472802,4.760258674621582,5.710762977600098
133,windows,ABL-ET2X-R-PreviousRawEdge-CatmullRomRGB,5.223209857940674,26.471803174902373,5.008445739746094,6.038687705993652
134,chairs,O-T2X-R,2.9991862773895264,32.07435523685593,2.0939793586730957,3.5409679412841797
134,chairs,ABL-ET2X-R-PreviousRawEdge-BilinearRGB,3.6831705570220947,30.14090911146723,1.9201511144638062,2.5119125843048096
134,chairs,ABL-ET2X-R-PreviousRawEdge-ResolvedRGB,3.5547688007354736,30.48966149632882,1.8069484233856201,2.374025344848633
134,chairs,ABL-ET2X-R-PreviousRawEdge-CatmullRomRGB,3.5914714336395264,30.315280823763942,1.8358217477798462,2.3741769790649414
134,thin-chair,O-T2X-R,4.444247245788574,29.855042662711092,2.858783006668091,4.849820137023926
134,thin-chair,ABL-ET2X-R-PreviousRawEdge-BilinearRGB,5.55625581741333,27.847829101751053,2.4928998947143555,3.269785165786743
134,thin-chair,ABL-ET2X-R-PreviousRawEdge-ResolvedRGB,5.358043193817139,28.183136103250604,2.315027952194214,3.092256784439087
134,thin-chair,ABL-ET2X-R-PreviousRawEdge-CatmullRomRGB,5.428385257720947,28.009442132272326,2.3591392040252686,3.0948667526245117
134,windows,O-T2X-R,5.254866600036621,26.34492726465165,4.18386697769165,6.712105751037598
134,windows,ABL-ET2X-R-PreviousRawEdge-BilinearRGB,4.935595512390137,27.209543303988006,4.903568744659424,5.90678596496582
134,windows,ABL-ET2X-R-PreviousRawEdge-ResolvedRGB,4.951432228088379,27.450298600214985,4.632100582122803,5.7422027587890625
134,windows,ABL-ET2X-R-PreviousRawEdge-CatmullRomRGB,4.768375873565674,27.605608346839755,4.9279069900512695,5.959175109863281
135,chairs,O-T2X-R,3.022167921066284,32.02391458198188,2.0218276977539062,3.2097580432891846
135,chairs,ABL-ET2X-R-PreviousRawEdge-BilinearRGB,3.7041015625,30.11320807274437,1.908827543258667,2.4738211631774902
135,chairs,ABL-ET2X-R-PreviousRawEdge-ResolvedRGB,3.583544969558716,30.4284471449982,1.7736055850982666,2.2866768836975098
135,chairs,ABL-ET2X-R-PreviousRawEdge-CatmullRomRGB,3.6253092288970947,30.25558195474105,1.8094679117202759,2.292990207672119
135,thin-chair,O-T2X-R,4.48280668258667,29.81060645566823,2.699303388595581,4.382188320159912
135,thin-chair,ABL-ET2X-R-PreviousRawEdge-BilinearRGB,5.572354316711426,27.83379974360146,2.477726936340332,3.207688808441162
135,thin-chair,ABL-ET2X-R-PreviousRawEdge-ResolvedRGB,5.398970127105713,28.120677731740223,2.2953410148620605,2.9646058082580566
135,thin-chair,ABL-ET2X-R-PreviousRawEdge-CatmullRomRGB,5.466944694519043,27.957402895923096,2.3419721126556396,2.9624106884002686
135,windows,O-T2X-R,5.688036918640137,25.712814737726042,6.2661309242248535,8.662586212158203
135,windows,ABL-ET2X-R-PreviousRawEdge-BilinearRGB,4.911816596984863,27.17204963682198,4.7683610916137695,6.087346076965332
135,windows,ABL-ET2X-R-PreviousRawEdge-ResolvedRGB,4.995133399963379,27.188850707186955,4.704451084136963,5.685405731201172
135,windows,ABL-ET2X-R-PreviousRawEdge-CatmullRomRGB,4.789794921875,27.355491728997446,4.905323028564453,6.1225266456604
136,chairs,O-T2X-R,2.9989421367645264,32.10559222956724,2.175239086151123,3.5770668983459473
136,chairs,ABL-ET2X-R-PreviousRawEdge-BilinearRGB,3.711946725845337,30.06433654901487,1.9584834575653076,2.4730117321014404
136,chairs,ABL-ET2X-R-PreviousRawEdge-ResolvedRGB,3.5992350578308105,30.374975374749233,1.8643052577972412,2.3599164485931396
136,chairs,ABL-ET2X-R-PreviousRawEdge-CatmullRomRGB,3.6315104961395264,30.21537277065064,1.9047902822494507,2.3568620681762695
136,thin-chair,O-T2X-R,4.460582256317139,29.896159924200923,2.9657094478607178,4.939603805541992
136,thin-chair,ABL-ET2X-R-PreviousRawEdge-BilinearRGB,5.590702056884766,27.757959673666008,2.4984185695648193,3.1516618728637695
136,thin-chair,ABL-ET2X-R-PreviousRawEdge-ResolvedRGB,5.420424938201904,28.044503370121284,2.342801570892334,2.987130641937256
136,thin-chair,ABL-ET2X-R-PreviousRawEdge-CatmullRomRGB,5.485647678375244,27.88418648680675,2.3890271186828613,2.9803659915924072
136,windows,O-T2X-R,5.225488185882568,26.50313660501327,4.231289386749268,7.688704013824463
136,windows,ABL-ET2X-R-PreviousRawEdge-BilinearRGB,5.039957523345947,26.774523651141244,4.478771209716797,5.217211723327637
136,windows,ABL-ET2X-R-PreviousRawEdge-ResolvedRGB,5.2318034172058105,26.696876632995444,4.26290225982666,5.206490993499756
136,windows,ABL-ET2X-R-PreviousRawEdge-CatmullRomRGB,4.959244728088379,26.962672141506076,4.516744136810303,5.40219259262085
137,chairs,O-T2X-R,2.9232585430145264,32.30606564063696,2.084322929382324,3.26173734664917
137,chairs,ABL-ET2X-R-PreviousRawEdge-BilinearRGB,3.7093424797058105,30.021363109304403,1.8862838745117188,2.467346668243408
137,chairs,ABL-ET2X-R-PreviousRawEdge-ResolvedRGB,3.5909180641174316,30.34423751570488,1.7613779306411743,2.3249776363372803
137,chairs,ABL-ET2X-R-PreviousRawEdge-CatmullRomRGB,3.6190104484558105,30.192704211416558,1.7958669662475586,2.335286855697632
137,thin-chair,O-T2X-R,4.372899055480957,30.018785084159937,2.847134828567505,4.575549602508545
137,thin-chair,ABL-ET2X-R-PreviousRawEdge-BilinearRGB,5.61171293258667,27.703176078759903,2.430104970932007,3.171893358230591
137,thin-chair,ABL-ET2X-R-PreviousRawEdge-ResolvedRGB,5.439985752105713,28.003160049934298,2.2627689838409424,3.0020532608032227
137,thin-chair,ABL-ET2X-R-PreviousRawEdge-CatmullRomRGB,5.503994941711426,27.845142458433397,2.310227394104004,3.00114369392395
137,windows,O-T2X-R,5.659505367279053,25.835279187329398,5.983473777770996,8.139862060546875
137,windows,ABL-ET2X-R-PreviousRawEdge-BilinearRGB,5.390559673309326,26.25434910437388,4.767729759216309,5.705635070800781
137,windows,ABL-ET2X-R-PreviousRawEdge-ResolvedRGB,5.367903709411621,26.457117728137682,4.691628932952881,5.383457183837891
137,windows,ABL-ET2X-R-PreviousRawEdge-CatmullRomRGB,5.176660060882568,26.572363953519364,4.8848772048950195,5.707030296325684
138,chairs,O-T2X-R,2.9878742694854736,32.07172176239063,2.188717842102051,3.666132688522339
138,chairs,ABL-ET2X-R-PreviousRawEdge-BilinearRGB,3.7406249046325684,30.023087083029687,1.9055824279785156,2.5117266178131104
138,chairs,ABL-ET2X-R-PreviousRawEdge-ResolvedRGB,3.641145944595337,30.30008140367424,1.8066377639770508,2.364875316619873
138,chairs,ABL-ET2X-R-PreviousRawEdge-CatmullRomRGB,3.6751790046691895,30.14268489515651,1.8409408330917358,2.376919984817505
138,thin-chair,O-T2X-R,4.441110134124756,29.830072838182854,3.0201070308685303,5.068495273590088
138,thin-chair,ABL-ET2X-R-PreviousRawEdge-BilinearRGB,5.615056991577148,27.71888454148788,2.4529333114624023,3.1816673278808594
138,thin-chair,ABL-ET2X-R-PreviousRawEdge-ResolvedRGB,5.455522060394287,27.985749730259585,2.2944693565368652,2.982006311416626
138,thin-chair,ABL-ET2X-R-PreviousRawEdge-CatmullRomRGB,5.511630058288574,27.832906796612523,2.340982675552368,2.9949147701263428
138,windows,O-T2X-R,5.199495315551758,26.283946906470096,4.310557842254639,7.278661251068115
138,windows,ABL-ET2X-R-PreviousRawEdge-BilinearRGB,4.892399311065674,26.967602689727354,4.945335388183594,5.604793548583984
138,windows,ABL-ET2X-R-PreviousRawEdge-ResolvedRGB,5.048437595367432,27.061683632543417,4.642645835876465,5.547252655029297
138,windows,ABL-ET2X-R-PreviousRawEdge-CatmullRomRGB,4.8077311515808105,27.312479680904804,4.871753692626953,5.722405433654785
139,chairs,O-T2X-R,3.019026756286621,32.061225099946725,2.066343307495117,3.310607433319092
139,chairs,ABL-ET2X-R-PreviousRawEdge-BilinearRGB,3.742724657058716,29.997356094577768,1.9039798974990845,2.4791035652160645
139,chairs,ABL-ET2X-R-PreviousRawEdge-ResolvedRGB,3.6061198711395264,30.342578644527425,1.7721866369247437,2.333836555480957
139,chairs,ABL-ET2X-R-PreviousRawEdge-CatmullRomRGB,3.6336750984191895,30.193025960613245,1.807385802268982,2.331533670425415
139,thin-chair,O-T2X-R,4.447236061096191,29.86812830062858,2.797633647918701,4.626708507537842
139,thin-chair,ABL-ET2X-R-PreviousRawEdge-BilinearRGB,5.634795188903809,27.68324045178455,2.4274747371673584,3.178832769393921
139,thin-chair,ABL-ET2X-R-PreviousRawEdge-ResolvedRGB,5.435310363769531,28.0126151206561,2.239551544189453,2.952944755554199
139,thin-chair,ABL-ET2X-R-PreviousRawEdge-CatmullRomRGB,5.4849371910095215,27.863888298840756,2.2853951454162598,2.946337938308716
139,windows,O-T2X-R,6.069921970367432,25.2093070338644,6.125789642333984,8.341519355773926
139,windows,ABL-ET2X-R-PreviousRawEdge-BilinearRGB,5.807047367095947,25.298525164555507,4.255520820617676,5.5700178146362305
139,windows,ABL-ET2X-R-PreviousRawEdge-ResolvedRGB,5.914339065551758,25.29454195020053,4.217750549316406,5.163238525390625
139,windows,ABL-ET2X-R-PreviousRawEdge-CatmullRomRGB,5.6812663078308105,25.455220855242615,4.430243968963623,5.4418745040893555
140,chairs,O-T2X-R,3.0319011211395264,31.904909784096823,2.132801055908203,3.542726516723633
140,chairs,ABL-ET2X-R-PreviousRawEdge-BilinearRGB,3.762011766433716,29.945546321896416,1.858684778213501,2.4149346351623535
140,chairs,ABL-ET2X-R-PreviousRawEdge-ResolvedRGB,3.6351237297058105,30.264566968138222,1.717728614807129,2.209235668182373
140,chairs,ABL-ET2X-R-PreviousRawEdge-CatmullRomRGB,3.6608235836029053,30.127366675951627,1.7546266317367554,2.219038486480713
140,thin-chair,O-T2X-R,4.470525741577148,29.694841826563163,2.8923091888427734,4.874464988708496
140,thin-chair,ABL-ET2X-R-PreviousRawEdge-BilinearRGB,5.641897678375244,27.632785362295067,2.436720609664917,3.092288017272949
140,thin-chair,ABL-ET2X-R-PreviousRawEdge-ResolvedRGB,5.458895683288574,27.93367623568256,2.25364351272583,2.8320772647857666
140,thin-chair,ABL-ET2X-R-PreviousRawEdge-CatmullRomRGB,5.5104756355285645,27.791190622801114,2.3053171634674072,2.8365564346313477
140,windows,O-T2X-R,5.706689357757568,25.34489391300648,4.532507419586182,7.774861812591553
140,windows,ABL-ET2X-R-PreviousRawEdge-BilinearRGB,5.164485454559326,26.568035948171232,5.537354946136475,5.962746620178223
140,windows,ABL-ET2X-R-PreviousRawEdge-ResolvedRGB,5.233333110809326,26.705943584263572,5.315457820892334,5.9267449378967285
140,windows,ABL-ET2X-R-PreviousRawEdge-CatmullRomRGB,5.073909282684326,26.823163575617592,5.547226905822754,6.124285697937012
141,chairs,O-T2X-R,3.007779836654663,32.092962290756255,2.010385036468506,3.242846727371216
141,chairs,ABL-ET2X-R-PreviousRawEdge-BilinearRGB,3.7452800273895264,29.866166299480295,1.7847715616226196,2.4551124572753906
141,chairs,ABL-ET2X-R-PreviousRawEdge-ResolvedRGB,3.6331379413604736,30.16145735963145,1.6889708042144775,2.2799572944641113
141,chairs,ABL-ET2X-R-PreviousRawEdge-CatmullRomRGB,3.6742186546325684,30.007263099790315,1.7262312173843384,2.289689064025879
141,thin-chair,O-T2X-R,4.44356632232666,29.902519393329104,2.7907285690307617,4.521791458129883
141,thin-chair,ABL-ET2X-R-PreviousRawEdge-BilinearRGB,5.6806640625,27.504791277672194,2.299718141555786,3.1392385959625244
141,thin-chair,ABL-ET2X-R-PreviousRawEdge-ResolvedRGB,5.519472122192383,27.779238430315022,2.1476235389709473,2.928802490234375
141,thin-chair,ABL-ET2X-R-PreviousRawEdge-CatmullRomRGB,5.580818176269531,27.637043589838825,2.189990997314453,2.9355576038360596
141,windows,O-T2X-R,5.801904201507568,25.746954650857674,5.552123069763184,7.868528842926025
141,windows,ABL-ET2X-R-PreviousRawEdge-BilinearRGB,4.934130668640137,27.00080262287749,4.569529056549072,5.916661262512207
141,windows,ABL-ET2X-R-PreviousRawEdge-ResolvedRGB,5.076155662536621,26.93426370867824,4.413479328155518,5.804755687713623
141,windows,ABL-ET2X-R-PreviousRawEdge-CatmullRomRGB,4.8037109375,27.274568655305977,4.651446342468262,6.080033302307129
142,chairs,O-T2X-R,3.0782878398895264,31.79642805805787,2.1793627738952637,3.5365471839904785
142,chairs,ABL-ET2X-R-PreviousRawEdge-BilinearRGB,3.7281086444854736,29.888221798605095,1.857725739479065,2.370208263397217
142,chairs,ABL-ET2X-R-PreviousRawEdge-ResolvedRGB,3.6026692390441895,30.216149532472812,1.751347541809082,2.2524189949035645
142,chairs,ABL-ET2X-R-PreviousRawEdge-CatmullRomRGB,3.627880811691284,30.072012342424188,1.786029577255249,2.25715970993042
142,thin-chair,O-T2X-R,4.544270992279053,29.600048005145695,2.9353981018066406,4.90952730178833
142,thin-chair,ABL-ET2X-R-PreviousRawEdge-BilinearRGB,5.684037685394287,27.509518180834075,2.363499402999878,3.014476776123047
142,thin-chair,ABL-ET2X-R-PreviousRawEdge-ResolvedRGB,5.504350185394287,27.812272651464305,2.217040538787842,2.8500585556030273
142,thin-chair,ABL-ET2X-R-PreviousRawEdge-CatmullRomRGB,5.562559127807617,27.66418444953994,2.2620837688446045,2.8447251319885254
142,windows,O-T2X-R,6.199560642242432,24.474813340142056,4.1407952308654785,6.965332984924316
142,windows,ABL-ET2X-R-PreviousRawEdge-BilinearRGB,5.540462017059326,25.803711581205707,5.184812068939209,6.244618892669678
142,windows,ABL-ET2X-R-PreviousRawEdge-ResolvedRGB,5.665592670440674,25.77628128938249,4.964346408843994,5.981194496154785
142,windows,ABL-ET2X-R-PreviousRawEdge-CatmullRomRGB,5.443521976470947,25.93413738741852,5.189845561981201,6.1602277755737305
143,chairs,O-T2X-R,3.039339303970337,31.995212135329176,1.9994865655899048,3.2279434204101562
143,chairs,ABL-ET2X-R-PreviousRawEdge-BilinearRGB,3.7522950172424316,29.886075976716434,1.8419166803359985,2.433695077896118
143,chairs,ABL-ET2X-R-PreviousRawEdge-ResolvedRGB,3.632861375808716,30.184342834910023,1.7106298208236694,2.268444061279297
143,chairs,ABL-ET2X-R-PreviousRawEdge-CatmullRomRGB,3.65673828125,30.040217472300483,1.7420467138290405,2.2742912769317627
143,thin-chair,O-T2X-R,4.554924011230469,29.707924022169312,2.6775057315826416,4.462198257446289
143,thin-chair,ABL-ET2X-R-PreviousRawEdge-BilinearRGB,5.687618255615234,27.544715815559545,2.4285478591918945,3.110375165939331
143,thin-chair,ABL-ET2X-R-PreviousRawEdge-ResolvedRGB,5.512073993682861,27.820318968624132,2.2443501949310303,2.9142799377441406
143,thin-chair,ABL-ET2X-R-PreviousRawEdge-CatmullRomRGB,5.576112747192383,27.66495318216215,2.2858834266662598,2.917729139328003
143,windows,O-T2X-R,5.7950358390808105,25.899856914885035,6.200321674346924,8.440244674682617
143,windows,ABL-ET2X-R-PreviousRawEdge-BilinearRGB,4.938672065734863,27.18241331030562,5.137974262237549,6.256539344787598
143,windows,ABL-ET2X-R-PreviousRawEdge-ResolvedRGB,4.823030471801758,27.637268647754667,4.867499351501465,6.016074180603027
143,windows,ABL-ET2X-R-PreviousRawEdge-CatmullRomRGB,4.714762210845947,27.657821071277155,5.070588111877441,6.345250606536865
144,chairs,O-T2X-R,3.1444499492645264,31.549591260170118,2.1035802364349365,3.4404029846191406
144,chairs,ABL-ET2X-R-PreviousRawEdge-BilinearRGB,3.772444725036621,29.890574384678033,1.8501732349395752,2.3433377742767334
144,chairs,ABL-ET2X-R-PreviousRawEdge-ResolvedRGB,3.6620280742645264,30.175613895157937,1.7477585077285767,2.192107677459717
144,chairs,ABL-ET2X-R-PreviousRawEdge-CatmullRomRGB,3.7108561992645264,29.99491035427876,1.7780940532684326,2.188819408416748
144,thin-chair,O-T2X-R,4.683357238769531,29.328512363354005,2.8872828483581543,4.73563814163208
144,thin-chair,ABL-ET2X-R-PreviousRawEdge-BilinearRGB,5.626479625701904,27.623113906658205,2.4024410247802734,3.0826761722564697
144,thin-chair,ABL-ET2X-R-PreviousRawEdge-ResolvedRGB,5.468631744384766,27.883274983040454,2.2303781509399414,2.9004719257354736
144,thin-chair,ABL-ET2X-R-PreviousRawEdge-CatmullRomRGB,5.5378193855285645,27.718938183512694,2.2723963260650635,2.889246940612793
144,windows,O-T2X-R,5.799120903015137,25.31159561711093,4.6787848472595215,7.510274410247803
144,windows,ABL-ET2X-R-PreviousRawEdge-BilinearRGB,5.135807514190674,26.70601566163323,4.670199394226074,6.055984973907471
144,windows,ABL-ET2X-R-PreviousRawEdge-ResolvedRGB,5.304703712463379,26.641825557297775,4.490426063537598,5.650941371917725
144,windows,ABL-ET2X-R-PreviousRawEdge-CatmullRomRGB,5.009716987609863,26.924627049717728,4.737429141998291,5.884634971618652
145,chairs,O-T2X-R,3.1353840827941895,31.718664910482634,2.1209664344787598,3.3044114112854004
145,chairs,ABL-ET2X-R-PreviousRawEdge-BilinearRGB,3.7635579109191895,29.91198646007224,1.9141433238983154,2.4802238941192627
145,chairs,ABL-ET2X-R-PreviousRawEdge-ResolvedRGB,3.640331983566284,30.222815686377533,1.7979711294174194,2.345151662826538
145,chairs,ABL-ET2X-R-PreviousRawEdge-CatmullRomRGB,3.6791341304779053,30.06125741633972,1.8318099975585938,2.3512864112854004
145,thin-chair,O-T2X-R,4.646720886230469,29.47701483324383,2.7337801456451416,4.465641021728516
145,thin-chair,ABL-ET2X-R-PreviousRawEdge-BilinearRGB,5.649473190307617,27.62752642623333,2.504380226135254,3.191054582595825
145,thin-chair,ABL-ET2X-R-PreviousRawEdge-ResolvedRGB,5.47188663482666,27.918945014404507,2.3324079513549805,2.9921934604644775
145,thin-chair,ABL-ET2X-R-PreviousRawEdge-CatmullRomRGB,5.542051315307617,27.759075491999923,2.3741631507873535,2.990762948989868
145,windows,O-T2X-R,5.5030598640441895,26.06351798681154,6.221988201141357,8.88270092010498
145,windows,ABL-ET2X-R-PreviousRawEdge-BilinearRGB,4.718440532684326,27.477220025974532,5.031231880187988,6.070738792419434
145,windows,ABL-ET2X-R-PreviousRawEdge-ResolvedRGB,4.8423991203308105,27.54547382243992,4.940268039703369,5.903681755065918
145,windows,ABL-ET2X-R-PreviousRawEdge-CatmullRomRGB,4.611067771911621,27.750061045959672,5.122763633728027,6.128309726715088
146,chairs,O-T2X-R,3.079638719558716,31.69336541315705,2.062312126159668,3.554068088531494
146,chairs,ABL-ET2X-R-PreviousRawEdge-BilinearRGB,3.7489583492279053,29.954777435880587,1.897269606590271,2.4839072227478027
146,chairs,ABL-ET2X-R-PreviousRawEdge-ResolvedRGB,3.6204752922058105,30.31302094209704,1.775861144065857,2.3576440811157227
146,chairs,ABL-ET2X-R-PreviousRawEdge-CatmullRomRGB,3.6575357913970947,30.14491183678988,1.8066965341567993,2.3611536026000977
146,thin-chair,O-T2X-R,4.577651500701904,29.44056405432487,2.7704508304595947,4.744157314300537
146,thin-chair,ABL-ET2X-R-PreviousRawEdge-BilinearRGB,5.617098808288574,27.69411019389073,2.441088914871216,3.205454111099243
146,thin-chair,ABL-ET2X-R-PreviousRawEdge-ResolvedRGB,5.411813259124756,28.043794018562984,2.273200035095215,3.03816294670105
146,thin-chair,ABL-ET2X-R-PreviousRawEdge-CatmullRomRGB,5.490352630615234,27.86910151503461,2.31095027923584,3.0338096618652344
146,windows,O-T2X-R,5.227246284484863,26.078922915710336,4.199420928955078,7.194956302642822
146,windows,ABL-ET2X-R-PreviousRawEdge-BilinearRGB,5.016406059265137,26.37029350490469,4.244887351989746,5.198290824890137
146,windows,ABL-ET2X-R-PreviousRawEdge-ResolvedRGB,5.073258399963379,26.526270437374077,4.002316474914551,5.139809608459473
146,windows,ABL-ET2X-R-PreviousRawEdge-CatmullRomRGB,4.926187992095947,26.64947899074886,4.217883586883545,5.487601280212402
147,chairs,O-T2X-R,3.026595115661621,31.994941897257824,2.100259304046631,3.2218234539031982
147,chairs,ABL-ET2X-R-PreviousRawEdge-BilinearRGB,3.7466633319854736,29.960839580835685,1.9030163288116455,2.4589390754699707
147,chairs,ABL-ET2X-R-PreviousRawEdge-ResolvedRGB,3.6185221672058105,30.304085516713208,1.7833662033081055,2.301879405975342
147,chairs,ABL-ET2X-R-PreviousRawEdge-CatmullRomRGB,3.667431592941284,30.106762504000773,1.8090559244155884,2.3009002208709717
147,thin-chair,O-T2X-R,4.486564636230469,29.782341490866333,2.839402914047241,4.472846031188965
147,thin-chair,ABL-ET2X-R-PreviousRawEdge-BilinearRGB,5.616033554077148,27.67216648941013,2.389371156692505,3.098351240158081
147,thin-chair,ABL-ET2X-R-PreviousRawEdge-ResolvedRGB,5.420454502105713,27.998176205344507,2.2048654556274414,2.8758349418640137
147,thin-chair,ABL-ET2X-R-PreviousRawEdge-CatmullRomRGB,5.512547492980957,27.79820128103254,2.2434287071228027,2.8712117671966553
147,windows,O-T2X-R,5.279850482940674,26.556503498135832,6.187276840209961,8.503242492675781
147,windows,ABL-ET2X-R-PreviousRawEdge-BilinearRGB,5.301595211029053,25.708025229356576,4.564039707183838,5.447009086608887
147,windows,ABL-ET2X-R-PreviousRawEdge-ResolvedRGB,5.345442771911621,25.87833288811929,4.4730634689331055,5.061939239501953
147,windows,ABL-ET2X-R-PreviousRawEdge-CatmullRomRGB,5.130110740661621,26.01642761512124,4.662273406982422,5.270644187927246
148,chairs,O-T2X-R,3.013150930404663,31.9254714923104,2.043933391571045,3.5098278522491455
148,chairs,ABL-ET2X-R-PreviousRawEdge-BilinearRGB,3.7760090827941895,29.869066124051542,1.9984042644500732,2.5271410942077637
148,chairs,ABL-ET2X-R-PreviousRawEdge-ResolvedRGB,3.6380696296691895,30.229763655762106,1.8762069940567017,2.3876724243164062
148,chairs,ABL-ET2X-R-PreviousRawEdge-CatmullRomRGB,3.677034616470337,30.041765788581255,1.9071857929229736,2.393111228942871
148,thin-chair,O-T2X-R,4.476059436798096,29.699842952713652,2.7679507732391357,4.836947441101074
148,thin-chair,ABL-ET2X-R-PreviousRawEdge-BilinearRGB,5.630681991577148,27.589613486785577,2.54361891746521,3.165142059326172
148,thin-chair,ABL-ET2X-R-PreviousRawEdge-ResolvedRGB,5.435487747192383,27.918609581997693,2.3911101818084717,2.9628562927246094
148,thin-chair,ABL-ET2X-R-PreviousRawEdge-CatmullRomRGB,5.524177551269531,27.719217554656,2.4270594120025635,2.9617128372192383
148,windows,O-T2X-R,5.176823139190674,26.18575588794286,4.002640724182129,7.6914191246032715
148,windows,ABL-ET2X-R-PreviousRawEdge-BilinearRGB,4.892838478088379,26.666186989228564,4.765182971954346,5.764729976654053
148,windows,ABL-ET2X-R-PreviousRawEdge-ResolvedRGB,4.921549320220947,26.799824077322576,4.619593620300293,5.707917213439941
148,windows,ABL-ET2X-R-PreviousRawEdge-CatmullRomRGB,4.840559959411621,26.822805116335022,4.744592189788818,5.877621650695801
149,chairs,O-T2X-R,2.9551920890808105,32.27504882256305,2.0957188606262207,3.1880428791046143
149,chairs,ABL-ET2X-R-PreviousRawEdge-BilinearRGB,3.805468797683716,29.711250680292913,1.961861252784729,2.5747509002685547
149,chairs,ABL-ET2X-R-PreviousRawEdge-ResolvedRGB,3.6495604515075684,30.156285292510212,1.785890817642212,2.358403444290161
149,chairs,ABL-ET2X-R-PreviousRawEdge-CatmullRomRGB,3.6870768070220947,29.99405131197947,1.8216803073883057,2.3599395751953125
149,thin-chair,O-T2X-R,4.310783386230469,30.16185719531213,2.876919746398926,4.450883865356445
149,thin-chair,ABL-ET2X-R-PreviousRawEdge-BilinearRGB,5.703480243682861,27.398698873000498,2.5212502479553223,3.240703582763672
149,thin-chair,ABL-ET2X-R-PreviousRawEdge-ResolvedRGB,5.477361679077148,27.826117620289356,2.2737765312194824,2.984959363937378
149,thin-chair,ABL-ET2X-R-PreviousRawEdge-CatmullRomRGB,5.547496318817139,27.65914210512878,2.323608636856079,2.9835920333862305
149,windows,O-T2X-R,5.041796684265137,26.876962992270332,5.483523368835449,7.521854400634766
149,windows,ABL-ET2X-R-PreviousRawEdge-BilinearRGB,4.842268943786621,26.84677167361975,4.536755561828613,5.466119289398193
149,windows,ABL-ET2X-R-PreviousRawEdge-ResolvedRGB,4.952718257904053,26.91624554497063,4.336081504821777,5.3242316246032715
149,windows,ABL-ET2X-R-PreviousRawEdge-CatmullRomRGB,4.767838478088379,27.057113769452794,4.551003456115723,5.52085018157959
150,chairs,O-T2X-R,2.9608724117279053,32.14133551329858,2.0972373485565186,3.612943649291992
150,chairs,ABL-ET2X-R-PreviousRawEdge-BilinearRGB,3.8204264640808105,29.619776300087032,1.8792972564697266,2.5001635551452637
150,chairs,ABL-ET2X-R-PreviousRawEdge-ResolvedRGB,3.6768391132354736,30.02325869837567,1.7828750610351562,2.297929525375366
150,chairs,ABL-ET2X-R-PreviousRawEdge-CatmullRomRGB,3.7269856929779053,29.851356863342748,1.8180335760116577,2.3064675331115723
150,thin-chair,O-T2X-R,4.358931064605713,29.923853393908306,2.711174726486206,4.844813823699951
150,thin-chair,ABL-ET2X-R-PreviousRawEdge-BilinearRGB,5.7336649894714355,27.291203494998378,2.414167881011963,3.1676177978515625
150,thin-chair,ABL-ET2X-R-PreviousRawEdge-ResolvedRGB,5.506095886230469,27.69099771256095,2.266106367111206,2.875605583190918
150,thin-chair,ABL-ET2X-R-PreviousRawEdge-CatmullRomRGB,5.588719367980957,27.524544993748968,2.3128843307495117,2.8895890712738037
150,windows,O-T2X-R,5.4442057609558105,25.588907734551366,3.692831039428711,6.795004844665527
150,windows,ABL-ET2X-R-PreviousRawEdge-BilinearRGB,4.752995014190674,27.119679054754414,4.589366912841797,6.018775939941406
150,windows,ABL-ET2X-R-PreviousRawEdge-ResolvedRGB,4.846240043640137,27.14220802603017,4.447124481201172,5.66079568862915
150,windows,ABL-ET2X-R-PreviousRawEdge-CatmullRomRGB,4.717350482940674,27.211971066219462,4.591444969177246,5.8661112785339355
151,chairs,O-T2X-R,3.006542921066284,32.17611033950767,1.9789165258407593,3.1562559604644775
151,chairs,ABL-ET2X-R-PreviousRawEdge-BilinearRGB,3.770947217941284,29.670310438234083,1.8893035650253296,2.4715683460235596
151,chairs,ABL-ET2X-R-PreviousRawEdge-ResolvedRGB,3.6261394023895264,30.0620998767331,1.7683980464935303,2.331575393676758
151,chairs,ABL-ET2X-R-PreviousRawEdge-CatmullRomRGB,3.6656086444854736,29.903676978757467,1.803363561630249,2.33896541595459
151,thin-chair,O-T2X-R,4.383848190307617,30.06773667672096,2.6697356700897217,4.251133441925049
151,thin-chair,ABL-ET2X-R-PreviousRawEdge-BilinearRGB,5.646632194519043,27.45816092805715,2.42159366607666,3.1671690940856934
151,thin-chair,ABL-ET2X-R-PreviousRawEdge-ResolvedRGB,5.442471504211426,27.848148245252876,2.2600746154785156,2.983473777770996
151,thin-chair,ABL-ET2X-R-PreviousRawEdge-CatmullRomRGB,5.519679069519043,27.679631902387936,2.2974672317504883,2.9826276302337646
151,windows,O-T2X-R,5.044970512390137,27.04599646159132,5.625617504119873,7.5550031661987305
151,windows,ABL-ET2X-R-PreviousRawEdge-BilinearRGB,4.552311420440674,27.72224326750203,4.169216156005859,4.988844871520996
151,windows,ABL-ET2X-R-PreviousRawEdge-ResolvedRGB,4.6724934577941895,27.674151617261895,3.9700565338134766,4.996016502380371
151,windows,ABL-ET2X-R-PreviousRawEdge-CatmullRomRGB,4.515559673309326,27.843050343140735,4.188874244689941,5.126256942749023
152,chairs,O-T2X-R,3.016080617904663,32.02943722417282,2.0829453468322754,3.4203224182128906
152,chairs,ABL-ET2X-R-PreviousRawEdge-BilinearRGB,3.753369092941284,29.875216677464604,1.895025610923767,2.4032070636749268
152,chairs,ABL-ET2X-R-PreviousRawEdge-ResolvedRGB,3.6026530265808105,30.30080247233901,1.7683416604995728,2.253819465637207
152,chairs,ABL-ET2X-R-PreviousRawEdge-CatmullRomRGB,3.6336426734924316,30.150670411934865,1.8017168045043945,2.252944231033325
152,thin-chair,O-T2X-R,4.408380508422852,29.896708225185627,2.7517194747924805,4.63066291809082
152,thin-chair,ABL-ET2X-R-PreviousRawEdge-BilinearRGB,5.651071071624756,27.562317829142454,2.4718618392944336,3.0383825302124023
152,thin-chair,ABL-ET2X-R-PreviousRawEdge-ResolvedRGB,5.41385555267334,27.98701507658128,2.266782760620117,2.8516945838928223
152,thin-chair,ABL-ET2X-R-PreviousRawEdge-CatmullRomRGB,5.480794429779053,27.827234406199082,2.306211471557617,2.8421692848205566
152,windows,O-T2X-R,5.621077537536621,25.281133073644263,3.8509318828582764,6.881869316101074
152,windows,ABL-ET2X-R-PreviousRawEdge-BilinearRGB,5.097477436065674,26.17797270211584,4.4315032958984375,5.504473686218262
152,windows,ABL-ET2X-R-PreviousRawEdge-ResolvedRGB,5.095231056213379,26.304554256870706,4.270158767700195,5.231820583343506
152,windows,ABL-ET2X-R-PreviousRawEdge-CatmullRomRGB,4.975634574890137,26.33761411885027,4.441993236541748,5.479989051818848
153,chairs,O-T2X-R,3.014371633529663,32.09691204130311,2.0560901165008545,3.2051479816436768
153,chairs,ABL-ET2X-R-PreviousRawEdge-BilinearRGB,3.812548875808716,29.840584906507278,1.9085071086883545,2.4963347911834717
153,chairs,ABL-ET2X-R-PreviousRawEdge-ResolvedRGB,3.6832032203674316,30.198540151606245,1.7799917459487915,2.300635814666748
153,chairs,ABL-ET2X-R-PreviousRawEdge-CatmullRomRGB,3.712418556213379,30.060028130887414,1.810516119003296,2.299539089202881
153,thin-chair,O-T2X-R,4.415719509124756,29.90964720281065,2.7418529987335205,4.350583076477051
153,thin-chair,ABL-ET2X-R-PreviousRawEdge-BilinearRGB,5.672881126403809,27.56883177807131,2.5133790969848633,3.2181053161621094
153,thin-chair,ABL-ET2X-R-PreviousRawEdge-ResolvedRGB,5.46951961517334,27.924287339405854,2.3045618534088135,2.908000946044922
153,thin-chair,ABL-ET2X-R-PreviousRawEdge-CatmullRomRGB,5.521425247192383,27.787248823315892,2.347775459289551,2.9058821201324463
153,windows,O-T2X-R,5.352262496948242,26.395025757159054,5.853820323944092,7.945286750793457
153,windows,ABL-ET2X-R-PreviousRawEdge-BilinearRGB,4.664794921875,27.236773990956102,4.651185989379883,5.549370765686035
153,windows,ABL-ET2X-R-PreviousRawEdge-ResolvedRGB,4.750260353088379,27.30200719380632,4.446419715881348,5.422944068908691
153,windows,ABL-ET2X-R-PreviousRawEdge-CatmullRomRGB,4.595442771911621,27.44023466516778,4.658231735229492,5.555067539215088
154,chairs,O-T2X-R,3.0927734375,31.782830692464287,2.047084331512451,3.4785361289978027
154,chairs,ABL-ET2X-R-PreviousRawEdge-BilinearRGB,3.871370553970337,29.64991597561233,1.9488611221313477,2.4728846549987793
154,chairs,ABL-ET2X-R-PreviousRawEdge-ResolvedRGB,3.730712890625,29.99801205599315,1.8218904733657837,2.3143467903137207
154,chairs,ABL-ET2X-R-PreviousRawEdge-CatmullRomRGB,3.766406297683716,29.86010748528483,1.8561712503433228,2.326694965362549
154,thin-chair,O-T2X-R,4.524325370788574,29.640141955142248,2.757718086242676,4.721290588378906
154,thin-chair,ABL-ET2X-R-PreviousRawEdge-BilinearRGB,5.706705570220947,27.471805804557384,2.4507598876953125,3.152547597885132
154,thin-chair,ABL-ET2X-R-PreviousRawEdge-ResolvedRGB,5.502130508422852,27.821711975705433,2.258746862411499,2.9480531215667725
154,thin-chair,ABL-ET2X-R-PreviousRawEdge-CatmullRomRGB,5.5640387535095215,27.67326882857949,2.3008694648742676,2.9570353031158447
154,windows,O-T2X-R,5.368082523345947,25.824715289758853,3.8638641834259033,6.986015319824219
154,windows,ABL-ET2X-R-PreviousRawEdge-BilinearRGB,4.809846878051758,26.763851407820738,4.383007049560547,5.54996395111084
154,windows,ABL-ET2X-R-PreviousRawEdge-ResolvedRGB,4.7767252922058105,27.06190252461978,4.263520240783691,5.336335182189941
154,windows,ABL-ET2X-R-PreviousRawEdge-CatmullRomRGB,4.674544334411621,27.042781167942728,4.460687160491943,5.591660499572754
155,chairs,O-T2X-R,3.0833983421325684,31.88693185387146,2.1397271156311035,3.176135778427124
155,chairs,ABL-ET2X-R-PreviousRawEdge-BilinearRGB,3.9340169429779053,29.574139246474562,1.948195457458496,2.487879753112793
155,chairs,ABL-ET2X-R-PreviousRawEdge-ResolvedRGB,3.794710397720337,29.954950911674644,1.8064590692520142,2.3209102153778076
155,chairs,ABL-ET2X-R-PreviousRawEdge-CatmullRomRGB,3.8212890625,29.81662195743334,1.8378183841705322,2.325402021408081
155,thin-chair,O-T2X-R,4.428178310394287,29.896142511056976,2.6942343711853027,4.252409934997559
155,thin-chair,ABL-ET2X-R-PreviousRawEdge-BilinearRGB,5.743016242980957,27.433968204946257,2.524761199951172,3.116016387939453
155,thin-chair,ABL-ET2X-R-PreviousRawEdge-ResolvedRGB,5.5357184410095215,27.790153218202192,2.32901930809021,2.91059947013855
155,thin-chair,ABL-ET2X-R-PreviousRawEdge-CatmullRomRGB,5.59413480758667,27.642093783783682,2.3712048530578613,2.909574031829834
155,windows,O-T2X-R,5.65966796875,25.180468536714585,6.089799404144287,8.174690246582031
155,windows,ABL-ET2X-R-PreviousRawEdge-BilinearRGB,4.634619235992432,27.33731433732258,4.283017158508301,5.281251430511475
155,windows,ABL-ET2X-R-PreviousRawEdge-ResolvedRGB,4.744124412536621,27.309373072497344,4.086832046508789,5.128401756286621
155,windows,ABL-ET2X-R-PreviousRawEdge-CatmullRomRGB,4.5269856452941895,27.579854880164923,4.310638904571533,5.307855606079102
156,chairs,O-T2X-R,3.126513719558716,31.643556191288063,2.1522469520568848,3.646272659301758
156,chairs,ABL-ET2X-R-PreviousRawEdge-BilinearRGB,3.884065866470337,29.688545741037654,1.841942548751831,2.4887287616729736
156,chairs,ABL-ET2X-R-PreviousRawEdge-ResolvedRGB,3.7581543922424316,30.0276215418576,1.741126298904419,2.330897808074951
156,chairs,ABL-ET2X-R-PreviousRawEdge-CatmullRomRGB,3.799788475036621,29.856718612496653,1.7709537744522095,2.33085298538208
156,thin-chair,O-T2X-R,4.542436122894287,29.626703248467997,2.8203916549682617,4.7258076667785645
156,thin-chair,ABL-ET2X-R-PreviousRawEdge-BilinearRGB,5.718838691711426,27.48934800879711,2.3555524349212646,3.13253116607666
156,thin-chair,ABL-ET2X-R-PreviousRawEdge-ResolvedRGB,5.5113043785095215,27.833270327022976,2.18825101852417,2.9108290672302246
156,thin-chair,ABL-ET2X-R-PreviousRawEdge-CatmullRomRGB,5.582889556884766,27.662839866652867,2.2304139137268066,2.906216621398926
156,windows,O-T2X-R,5.111067771911621,26.171055407930233,3.9975502490997314,7.6376447677612305
156,windows,ABL-ET2X-R-PreviousRawEdge-BilinearRGB,4.714046001434326,26.94138331092798,4.374434947967529,5.448516845703125
156,windows,ABL-ET2X-R-PreviousRawEdge-ResolvedRGB,4.712874412536621,27.191757217818825,4.2935051918029785,5.164372444152832
156,windows,ABL-ET2X-R-PreviousRawEdge-CatmullRomRGB,4.613687992095947,27.249702933109266,4.415463924407959,5.428467750549316
157,chairs,O-T2X-R,3.0672526359558105,32.09105102657732,2.132859468460083,3.376579999923706
157,chairs,ABL-ET2X-R-PreviousRawEdge-BilinearRGB,3.8514323234558105,29.743458137622362,1.9529508352279663,2.459578037261963
157,chairs,ABL-ET2X-R-PreviousRawEdge-ResolvedRGB,3.7354493141174316,30.07123762568582,1.849967360496521,2.342048168182373
157,chairs,ABL-ET2X-R-PreviousRawEdge-CatmullRomRGB,3.7716145515441895,29.913306405052897,1.8794174194335938,2.3553168773651123
157,thin-chair,O-T2X-R,4.419803619384766,30.123771970079044,2.745910406112671,4.4620208740234375
157,thin-chair,ABL-ET2X-R-PreviousRawEdge-BilinearRGB,5.66524600982666,27.537864435740964,2.346884250640869,3.043225049972534
157,thin-chair,ABL-ET2X-R-PreviousRawEdge-ResolvedRGB,5.489405632019043,27.858686001268858,2.2037229537963867,2.849231004714966
157,thin-chair,ABL-ET2X-R-PreviousRawEdge-CatmullRomRGB,5.559540748596191,27.69536228543387,2.24015474319458,2.86175537109375
157,windows,O-T2X-R,5.388574123382568,25.727601406025464,5.414520263671875,7.643990993499756
157,windows,ABL-ET2X-R-PreviousRawEdge-BilinearRGB,4.5560383796691895,27.309250214564873,4.530030250549316,5.024178981781006
157,windows,ABL-ET2X-R-PreviousRawEdge-ResolvedRGB,4.614339351654053,27.383024276999418,4.259418487548828,4.955958366394043
157,windows,ABL-ET2X-R-PreviousRawEdge-CatmullRomRGB,4.439892768859863,27.546141024288346,4.486778736114502,5.1702165603637695
158,chairs,O-T2X-R,3.113997459411621,31.80176784057938,2.174578905105591,3.687387466430664
158,chairs,ABL-ET2X-R-PreviousRawEdge-BilinearRGB,3.828108787536621,29.83284176400641,2.0115225315093994,2.5459983348846436
158,chairs,ABL-ET2X-R-PreviousRawEdge-ResolvedRGB,3.718229055404663,30.145607595097722,1.8958237171173096,2.434849977493286
158,chairs,ABL-ET2X-R-PreviousRawEdge-CatmullRomRGB,3.7425780296325684,29.995319578724708,1.918636679649353,2.4200689792633057
158,thin-chair,O-T2X-R,4.539121627807617,29.70796070636367,2.8991918563842773,4.886725425720215
158,thin-chair,ABL-ET2X-R-PreviousRawEdge-BilinearRGB,5.652787685394287,27.615262334402807,2.44167160987854,3.0084128379821777
158,thin-chair,ABL-ET2X-R-PreviousRawEdge-ResolvedRGB,5.4655537605285645,27.93132742449326,2.2851991653442383,2.8555006980895996
158,thin-chair,ABL-ET2X-R-PreviousRawEdge-CatmullRomRGB,5.541193008422852,27.761231606436006,2.3279738426208496,2.8448193073272705
158,windows,O-T2X-R,5.194303512573242,26.16347332736618,3.8760390281677246,6.795884609222412
158,windows,ABL-ET2X-R-PreviousRawEdge-BilinearRGB,4.738346576690674,26.64330924482854,4.133946418762207,5.256670951843262
158,windows,ABL-ET2X-R-PreviousRawEdge-ResolvedRGB,4.795735836029053,26.740750667726022,4.038482189178467,4.978235244750977
158,windows,ABL-ET2X-R-PreviousRawEdge-CatmullRomRGB,4.589404106140137,26.904769997467966,4.23192834854126,5.211041450500488
159,chairs,O-T2X-R,3.0845704078674316,32.006707971867485,2.0404598712921143,3.3221123218536377
159,chairs,ABL-ET2X-R-PreviousRawEdge-BilinearRGB,3.915315866470337,29.623399118563,2.0531561374664307,2.538485050201416
159,chairs,ABL-ET2X-R-PreviousRawEdge-ResolvedRGB,3.779280662536621,29.94196142922194,1.8790035247802734,2.3176136016845703
159,chairs,ABL-ET2X-R-PreviousRawEdge-CatmullRomRGB,3.8167154788970947,29.787305688494726,1.915973424911499,2.339092254638672
159,thin-chair,O-T2X-R,4.46718168258667,29.939925087829472,2.583221197128296,4.444526672363281
159,thin-chair,ABL-ET2X-R-PreviousRawEdge-BilinearRGB,5.674922943115234,27.596530066004927,2.450169086456299,3.041381597518921
159,thin-chair,ABL-ET2X-R-PreviousRawEdge-ResolvedRGB,5.481770992279053,27.89306831780966,2.255828380584717,2.8407022953033447
159,thin-chair,ABL-ET2X-R-PreviousRawEdge-CatmullRomRGB,5.552675247192383,27.72544945806242,2.302503824234009,2.8531808853149414
159,windows,O-T2X-R,5.305761814117432,26.1269427131362,5.550457000732422,7.605869293212891
159,windows,ABL-ET2X-R-PreviousRawEdge-BilinearRGB,4.459212303161621,27.63425454950064,4.860599517822266,5.698945045471191
159,windows,ABL-ET2X-R-PreviousRawEdge-ResolvedRGB,4.477246284484863,27.845674875752273,4.682740211486816,5.5812087059021
159,windows,ABL-ET2X-R-PreviousRawEdge-CatmullRomRGB,4.337972164154053,27.965925145352614,4.866118431091309,5.779964923858643
160,chairs,O-T2X-R,3.1634278297424316,31.554066621511126,2.1673383712768555,3.5657143592834473
160,chairs,ABL-ET2X-R-PreviousRawEdge-BilinearRGB,3.9354655742645264,29.61101734407223,1.9161590337753296,2.550563335418701
160,chairs,ABL-ET2X-R-PreviousRawEdge-ResolvedRGB,3.786100149154663,29.94137671905427,1.796874761581421,2.350338935852051
160,chairs,ABL-ET2X-R-PreviousRawEdge-CatmullRomRGB,3.8309407234191895,29.789544027195703,1.8322193622589111,2.3669614791870117
160,thin-chair,O-T2X-R,4.5717034339904785,29.57152624150849,2.790013313293457,4.619524955749512
160,thin-chair,ABL-ET2X-R-PreviousRawEdge-BilinearRGB,5.759529113769531,27.440293452501724,2.418916940689087,3.0541956424713135
160,thin-chair,ABL-ET2X-R-PreviousRawEdge-ResolvedRGB,5.567146301269531,27.739319399360962,2.2599899768829346,2.8341856002807617
160,thin-chair,ABL-ET2X-R-PreviousRawEdge-CatmullRomRGB,5.641128063201904,27.584149144452876,2.2993874549865723,2.843712568283081
160,windows,O-T2X-R,4.78662109375,26.94638962571033,4.11953067779541,6.703621864318848
160,windows,ABL-ET2X-R-PreviousRawEdge-BilinearRGB,4.839534282684326,26.97989793455061,4.3051958084106445,5.557544708251953
160,windows,ABL-ET2X-R-PreviousRawEdge-ResolvedRGB,4.900211811065674,26.943866334850107,4.057620048522949,5.357823848724365
160,windows,ABL-ET2X-R-PreviousRawEdge-CatmullRomRGB,4.742285251617432,27.092006209033592,4.259626388549805,5.584112644195557
161,chairs,O-T2X-R,3.0931639671325684,31.99880507585187,2.1486287117004395,3.3770923614501953
161,chairs,ABL-ET2X-R-PreviousRawEdge-BilinearRGB,3.8721842765808105,29.763340735288352,1.9714292287826538,2.502769947052002
161,chairs,ABL-ET2X-R-PreviousRawEdge-ResolvedRGB,3.742691993713379,30.08785944022197,1.864664077758789,2.362016201019287
161,chairs,ABL-ET2X-R-PreviousRawEdge-CatmullRomRGB,3.7782063484191895,29.935388852844223,1.8989179134368896,2.3590259552001953
161,thin-chair,O-T2X-R,4.478071689605713,29.892238754474466,2.7528226375579834,4.462152481079102
161,thin-chair,ABL-ET2X-R-PreviousRawEdge-BilinearRGB,5.707386493682861,27.519616341032226,2.4698431491851807,3.1188735961914062
161,thin-chair,ABL-ET2X-R-PreviousRawEdge-ResolvedRGB,5.517489433288574,27.83442144954631,2.316189765930176,2.9476425647735596
161,thin-chair,ABL-ET2X-R-PreviousRawEdge-CatmullRomRGB,5.58809757232666,27.671879694522556,2.357072591781616,2.9425835609436035
161,windows,O-T2X-R,5.117252826690674,26.367285697091468,5.582139015197754,7.7204766273498535
161,windows,ABL-ET2X-R-PreviousRawEdge-BilinearRGB,4.643620014190674,27.506870377931,4.761697292327881,5.426316738128662
161,windows,ABL-ET2X-R-PreviousRawEdge-ResolvedRGB,4.5545573234558105,27.86233343387433,4.660478115081787,5.1197662353515625
161,windows,ABL-ET2X-R-PreviousRawEdge-CatmullRomRGB,4.400976657867432,28.010029559776687,4.856167316436768,5.327737331390381
162,chairs,O-T2X-R,3.147721290588379,31.62548992347141,2.2195589542388916,3.620871067047119
162,chairs,ABL-ET2X-R-PreviousRawEdge-BilinearRGB,3.7884764671325684,29.98762508360587,1.9274835586547852,2.475429058074951
162,chairs,ABL-ET2X-R-PreviousRawEdge-ResolvedRGB,3.6814777851104736,30.289477974749573,1.7967580556869507,2.3353140354156494
162,chairs,ABL-ET2X-R-PreviousRawEdge-CatmullRomRGB,3.728060007095337,30.102320512572764,1.835998296737671,2.330686092376709
162,thin-chair,O-T2X-R,4.502574443817139,29.69523418037084,2.8429408073425293,4.684617042541504
162,thin-chair,ABL-ET2X-R-PreviousRawEdge-BilinearRGB,5.593246936798096,27.731633796824266,2.4333419799804688,3.0852091312408447
162,thin-chair,ABL-ET2X-R-PreviousRawEdge-ResolvedRGB,5.4506096839904785,28.01504090622742,2.241590976715088,2.9120938777923584
162,thin-chair,ABL-ET2X-R-PreviousRawEdge-CatmullRomRGB,5.53006649017334,27.821984767389075,2.28507399559021,2.891617774963379
162,windows,O-T2X-R,5.082796096801758,26.34075766183452,4.121527671813965,6.794254302978516
162,windows,ABL-ET2X-R-PreviousRawEdge-BilinearRGB,4.994807720184326,26.479253586223027,4.256792068481445,5.434515953063965
162,windows,ABL-ET2X-R-PreviousRawEdge-ResolvedRGB,5.068082809448242,26.469267546810098,4.048182487487793,5.249518394470215
162,windows,ABL-ET2X-R-PreviousRawEdge-CatmullRomRGB,4.918001174926758,26.5795615486051,4.224398612976074,5.453383445739746
163,chairs,O-T2X-R,3.076188087463379,31.89794900649835,2.1160616874694824,3.4137816429138184
163,chairs,ABL-ET2X-R-PreviousRawEdge-BilinearRGB,3.850553274154663,29.87730512568023,1.890376329421997,2.4591152667999268
163,chairs,ABL-ET2X-R-PreviousRawEdge-ResolvedRGB,3.7132811546325684,30.20963744270385,1.792596459388733,2.293482542037964
163,chairs,ABL-ET2X-R-PreviousRawEdge-CatmullRomRGB,3.7621092796325684,30.010156053896022,1.8338639736175537,2.29850435256958
163,thin-chair,O-T2X-R,4.429243564605713,29.874118131923435,2.678618907928467,4.443048000335693
163,thin-chair,ABL-ET2X-R-PreviousRawEdge-BilinearRGB,5.6696553230285645,27.627961402838,2.3806018829345703,3.067160129547119
163,thin-chair,ABL-ET2X-R-PreviousRawEdge-ResolvedRGB,5.481741428375244,27.93639890050799,2.229220390319824,2.8277390003204346
163,thin-chair,ABL-ET2X-R-PreviousRawEdge-CatmullRomRGB,5.560102939605713,27.738661812835925,2.2815818786621094,2.8285579681396484
163,windows,O-T2X-R,5.110791206359863,26.531169056532583,5.8806986808776855,8.0709228515625
163,windows,ABL-ET2X-R-PreviousRawEdge-BilinearRGB,4.673323631286621,27.034844208719928,4.7399139404296875,5.4730916023254395
163,windows,ABL-ET2X-R-PreviousRawEdge-ResolvedRGB,4.706364154815674,27.232103513782597,4.6536688804626465,5.27194356918335
163,windows,ABL-ET2X-R-PreviousRawEdge-CatmullRomRGB,4.548111915588379,27.402893829567248,4.847093105316162,5.488268852233887
164,chairs,O-T2X-R,3.076709032058716,31.833176467196495,2.0813658237457275,3.507655382156372
164,chairs,ABL-ET2X-R-PreviousRawEdge-BilinearRGB,3.738558053970337,30.027068255504496,1.9697519540786743,2.555962562561035
164,chairs,ABL-ET2X-R-PreviousRawEdge-ResolvedRGB,3.6238932609558105,30.354109809780322,1.8763548135757446,2.4166293144226074
164,chairs,ABL-ET2X-R-PreviousRawEdge-CatmullRomRGB,3.656770944595337,30.168130335684662,1.9030139446258545,2.4198379516601562
164,thin-chair,O-T2X-R,4.415867805480957,29.797476309655742,2.6979219913482666,4.587249755859375
164,thin-chair,ABL-ET2X-R-PreviousRawEdge-BilinearRGB,5.472212314605713,27.809748537672235,2.509093999862671,3.1501517295837402
164,thin-chair,ABL-ET2X-R-PreviousRawEdge-ResolvedRGB,5.28048038482666,28.150782932957206,2.351351261138916,2.954277753829956
164,thin-chair,ABL-ET2X-R-PreviousRawEdge-CatmullRomRGB,5.362363815307617,27.947539809204272,2.3946290016174316,2.9729561805725098
164,windows,O-T2X-R,4.968684673309326,26.632160134842565,4.10410737991333,6.864401817321777
164,windows,ABL-ET2X-R-PreviousRawEdge-BilinearRGB,4.653792381286621,27.13265060512269,4.657362461090088,5.997158527374268
164,windows,ABL-ET2X-R-PreviousRawEdge-ResolvedRGB,4.727066993713379,27.158353196827683,4.443259239196777,5.8580474853515625
164,windows,ABL-ET2X-R-PreviousRawEdge-CatmullRomRGB,4.572249412536621,27.292393261485422,4.671928882598877,6.039163589477539
165,chairs,O-T2X-R,3.1107420921325684,31.87481253759489,2.281947612762451,3.4267992973327637
165,chairs,ABL-ET2X-R-PreviousRawEdge-BilinearRGB,3.7811198234558105,29.932621018925335,1.970569372177124,2.4460387229919434
165,chairs,ABL-ET2X-R-PreviousRawEdge-ResolvedRGB,3.6695313453674316,30.254847550872924,1.8302042484283447,2.292468547821045
165,chairs,ABL-ET2X-R-PreviousRawEdge-CatmullRomRGB,3.7027506828308105,30.081618542677845,1.8708865642547607,2.3089661598205566
165,thin-chair,O-T2X-R,4.427556991577148,29.865090293393436,2.8589067459106445,4.464822769165039
165,thin-chair,ABL-ET2X-R-PreviousRawEdge-BilinearRGB,5.421904563903809,27.889223865201807,2.4376418590545654,3.0598294734954834
165,thin-chair,ABL-ET2X-R-PreviousRawEdge-ResolvedRGB,5.268436431884766,28.191906831241894,2.257176399230957,2.872927665710449
165,thin-chair,ABL-ET2X-R-PreviousRawEdge-CatmullRomRGB,5.335049629211426,28.005754078569588,2.306076765060425,2.8849236965179443
165,windows,O-T2X-R,5.3206706047058105,26.14430949334755,5.823260307312012,8.096015930175781
165,windows,ABL-ET2X-R-PreviousRawEdge-BilinearRGB,4.777262210845947,27.27904974774801,4.800700664520264,5.878045082092285
165,windows,ABL-ET2X-R-PreviousRawEdge-ResolvedRGB,4.773697853088379,27.41814465759743,4.60012149810791,5.645956993103027
165,windows,ABL-ET2X-R-PreviousRawEdge-CatmullRomRGB,4.627213478088379,27.613156585127406,4.767119407653809,5.921329975128174
166,chairs,O-T2X-R,2.9649250507354736,32.106245153963464,2.0887346267700195,3.7592716217041016
166,chairs,ABL-ET2X-R-PreviousRawEdge-BilinearRGB,3.771484375,29.89649874812629,1.9314899444580078,2.5956437587738037
166,chairs,ABL-ET2X-R-PreviousRawEdge-ResolvedRGB,3.6468262672424316,30.248243768385265,1.8308038711547852,2.4360272884368896
166,chairs,ABL-ET2X-R-PreviousRawEdge-CatmullRomRGB,3.6780598163604736,30.08967556216659,1.8653876781463623,2.445267677307129
166,thin-chair,O-T2X-R,4.287849426269531,29.97304147510656,2.7176454067230225,4.842452526092529
166,thin-chair,ABL-ET2X-R-PreviousRawEdge-BilinearRGB,5.5029296875,27.759991109003053,2.3761391639709473,3.09452223777771
166,thin-chair,ABL-ET2X-R-PreviousRawEdge-ResolvedRGB,5.316850185394287,28.08933976624154,2.227813959121704,2.892784833908081
166,thin-chair,ABL-ET2X-R-PreviousRawEdge-CatmullRomRGB,5.378935813903809,27.92990988913049,2.2752487659454346,2.8992221355438232
166,windows,O-T2X-R,5.314681053161621,25.587461569884535,4.383404731750488,7.213393211364746
166,windows,ABL-ET2X-R-PreviousRawEdge-BilinearRGB,5.097754001617432,25.945115385893466,4.603687763214111,5.619287014007568
166,windows,ABL-ET2X-R-PreviousRawEdge-ResolvedRGB,5.1329264640808105,26.038731110411852,4.396183967590332,5.428967475891113
166,windows,ABL-ET2X-R-PreviousRawEdge-CatmullRomRGB,4.947591304779053,26.177573701713015,4.663382053375244,5.567245006561279
167,chairs,O-T2X-R,3.021240234375,31.915580613811127,2.0417730808258057,3.2149910926818848
167,chairs,ABL-ET2X-R-PreviousRawEdge-BilinearRGB,3.740445852279663,29.98187405528014,1.9049797058105469,2.425328493118286
167,chairs,ABL-ET2X-R-PreviousRawEdge-ResolvedRGB,3.613964796066284,30.3009829630101,1.7860580682754517,2.3077750205993652
167,chairs,ABL-ET2X-R-PreviousRawEdge-CatmullRomRGB,3.642789602279663,30.148557309487526,1.8275238275527954,2.3161048889160156
167,thin-chair,O-T2X-R,4.342655181884766,29.833691568949263,2.594196081161499,4.2388739585876465
167,thin-chair,ABL-ET2X-R-PreviousRawEdge-BilinearRGB,5.482421875,27.788248788971583,2.2912344932556152,2.9558656215667725
167,thin-chair,ABL-ET2X-R-PreviousRawEdge-ResolvedRGB,5.290186882019043,28.102207198385486,2.1567726135253906,2.7765443325042725
167,thin-chair,ABL-ET2X-R-PreviousRawEdge-CatmullRomRGB,5.353663444519043,27.93277486371918,2.2057759761810303,2.7912440299987793
167,windows,O-T2X-R,5.093896389007568,26.66422740253183,5.846599578857422,8.288952827453613
167,windows,ABL-ET2X-R-PreviousRawEdge-BilinearRGB,4.5572590827941895,27.353436182786368,5.113647937774658,6.399832248687744
167,windows,ABL-ET2X-R-PreviousRawEdge-ResolvedRGB,4.580322265625,27.470319968772486,4.959449291229248,6.07369327545166
167,windows,ABL-ET2X-R-PreviousRawEdge-CatmullRomRGB,4.4256672859191895,27.656459445058204,5.072761058807373,6.429147243499756
168,chairs,O-T2X-R,3.010481834411621,31.847962249869806,2.189131021499634,3.5510802268981934
168,chairs,ABL-ET2X-R-PreviousRawEdge-BilinearRGB,3.6924479007720947,30.22459201611756,1.9281501770019531,2.507814407348633
168,chairs,ABL-ET2X-R-PreviousRawEdge-ResolvedRGB,3.5677571296691895,30.55572021046,1.820326805114746,2.3523738384246826
168,chairs,ABL-ET2X-R-PreviousRawEdge-CatmullRomRGB,3.590120553970337,30.390487318586572,1.8551788330078125,2.363588333129883
168,thin-chair,O-T2X-R,4.3132100105285645,29.859908647060166,2.819169282913208,4.614652633666992
168,thin-chair,ABL-ET2X-R-PreviousRawEdge-BilinearRGB,5.416666507720947,28.018940612678396,2.307213544845581,3.0066213607788086
168,thin-chair,ABL-ET2X-R-PreviousRawEdge-ResolvedRGB,5.231622695922852,28.330601623754553,2.174675226211548,2.8113532066345215
168,thin-chair,ABL-ET2X-R-PreviousRawEdge-CatmullRomRGB,5.28944730758667,28.14973352629551,2.21734619140625,2.8297083377838135
168,windows,O-T2X-R,5.239518165588379,26.068021384670722,3.986268997192383,7.392986297607422
168,windows,ABL-ET2X-R-PreviousRawEdge-BilinearRGB,4.869042873382568,26.73214912459363,4.605039596557617,5.922625541687012
168,windows,ABL-ET2X-R-PreviousRawEdge-ResolvedRGB,4.961979389190674,26.77820143970504,4.339510917663574,5.730437278747559
168,windows,ABL-ET2X-R-PreviousRawEdge-CatmullRomRGB,4.764566898345947,26.934881050671912,4.522488594055176,5.816647529602051
169,chairs,O-T2X-R,3.0228190422058105,32.0565605931221,2.1160836219787598,3.331197738647461
169,chairs,ABL-ET2X-R-PreviousRawEdge-BilinearRGB,3.7098958492279053,30.186104558731337,2.0081892013549805,2.5627408027648926
169,chairs,ABL-ET2X-R-PreviousRawEdge-ResolvedRGB,3.5767414569854736,30.52759862876263,1.8897861242294312,2.413789749145508
169,chairs,ABL-ET2X-R-PreviousRawEdge-CatmullRomRGB,3.6087889671325684,30.357698993496435,1.9161968231201172,2.422783613204956
169,thin-chair,O-T2X-R,4.248846054077148,30.14157606395583,2.741633415222168,4.396975040435791
169,thin-chair,ABL-ET2X-R-PreviousRawEdge-BilinearRGB,5.420868873596191,27.9725059319576,2.404665946960449,3.071683645248413
169,thin-chair,ABL-ET2X-R-PreviousRawEdge-ResolvedRGB,5.247869491577148,28.276286823462655,2.2512073516845703,2.904273271560669
169,thin-chair,ABL-ET2X-R-PreviousRawEdge-CatmullRomRGB,5.317826747894287,28.0994680859935,2.2829809188842773,2.909057855606079
169,windows,O-T2X-R,4.797428607940674,26.85311312895939,5.688819408416748,7.6366868019104
169,windows,ABL-ET2X-R-PreviousRawEdge-BilinearRGB,4.519759178161621,27.49166253125491,4.67683219909668,5.77707576751709
169,windows,ABL-ET2X-R-PreviousRawEdge-ResolvedRGB,4.530241012573242,27.723127320642465,4.635880470275879,5.4861249923706055
169,windows,ABL-ET2X-R-PreviousRawEdge-CatmullRomRGB,4.313020706176758,27.94653361255401,4.7819013595581055,5.748684406280518
170,chairs,O-T2X-R,3.0105793476104736,32.02613246457612,2.140897750854492,3.5394604206085205
170,chairs,ABL-ET2X-R-PreviousRawEdge-BilinearRGB,3.736832618713379,30.089636808221872,1.9921010732650757,2.520904779434204
170,chairs,ABL-ET2X-R-PreviousRawEdge-ResolvedRGB,3.622818946838379,30.42490805179372,1.8559157848358154,2.3890621662139893
170,chairs,ABL-ET2X-R-PreviousRawEdge-CatmullRomRGB,3.6426594257354736,30.263791786791533,1.9043703079223633,2.4026236534118652
170,thin-chair,O-T2X-R,4.285600185394287,30.038836284548477,2.733020782470703,4.601146221160889
170,thin-chair,ABL-ET2X-R-PreviousRawEdge-BilinearRGB,5.401396751403809,27.973381077744076,2.411677360534668,3.0894696712493896
170,thin-chair,ABL-ET2X-R-PreviousRawEdge-ResolvedRGB,5.25331449508667,28.27852030361093,2.2460591793060303,2.9354212284088135
170,thin-chair,ABL-ET2X-R-PreviousRawEdge-CatmullRomRGB,5.303030490875244,28.109710757737155,2.297006607055664,2.94010853767395
170,windows,O-T2X-R,5.065706253051758,26.220954089603556,4.358506679534912,7.425904273986816
170,windows,ABL-ET2X-R-PreviousRawEdge-BilinearRGB,4.895654201507568,26.444995961561332,4.522696018218994,5.628533840179443
170,windows,ABL-ET2X-R-PreviousRawEdge-ResolvedRGB,4.866438865661621,26.659811644585155,4.324514389038086,5.428173065185547
170,windows,ABL-ET2X-R-PreviousRawEdge-CatmullRomRGB,4.708430767059326,26.74711351490453,4.472149848937988,5.605433464050293
171,chairs,O-T2X-R,3.0025391578674316,32.082782977695004,2.0722622871398926,3.288642168045044
171,chairs,ABL-ET2X-R-PreviousRawEdge-BilinearRGB,3.6266112327575684,30.357112530702164,1.999312162399292,2.6676828861236572
171,chairs,ABL-ET2X-R-PreviousRawEdge-ResolvedRGB,3.5037760734558105,30.699561029096515,1.8706161975860596,2.4827942848205566
171,chairs,ABL-ET2X-R-PreviousRawEdge-CatmullRomRGB,3.5375163555145264,30.514898180419156,1.9130427837371826,2.495797634124756
171,thin-chair,O-T2X-R,4.269560813903809,30.071271553882973,2.671846628189087,4.319138050079346
171,thin-chair,ABL-ET2X-R-PreviousRawEdge-BilinearRGB,5.305841445922852,28.118738387379484,2.4861223697662354,3.253948926925659
171,thin-chair,ABL-ET2X-R-PreviousRawEdge-ResolvedRGB,5.153409004211426,28.427415660129924,2.3310396671295166,3.057870626449585
171,thin-chair,ABL-ET2X-R-PreviousRawEdge-CatmullRomRGB,5.215761184692383,28.24400002053975,2.3783910274505615,3.0636024475097656
171,windows,O-T2X-R,5.0413737297058105,26.571161117149018,5.9155683517456055,8.154471397399902
171,windows,ABL-ET2X-R-PreviousRawEdge-BilinearRGB,4.587825298309326,27.03493791841272,4.473203182220459,5.331496238708496
171,windows,ABL-ET2X-R-PreviousRawEdge-ResolvedRGB,4.5745930671691895,27.286719672411493,4.32405948638916,5.15998649597168
171,windows,ABL-ET2X-R-PreviousRawEdge-CatmullRomRGB,4.512158393859863,27.306517798211623,4.480583190917969,5.2657575607299805
172,chairs,O-T2X-R,2.9820313453674316,31.917323075234634,2.1753106117248535,3.5027732849121094
172,chairs,ABL-ET2X-R-PreviousRawEdge-BilinearRGB,3.578873634338379,30.43291370468709,1.8516795635223389,2.4930450916290283
172,chairs,ABL-ET2X-R-PreviousRawEdge-ResolvedRGB,3.4686198234558105,30.7569021502292,1.7406928539276123,2.3317556381225586
172,chairs,ABL-ET2X-R-PreviousRawEdge-CatmullRomRGB,3.500211477279663,30.567725661575903,1.7784316539764404,2.3428685665130615
172,thin-chair,O-T2X-R,4.271395683288574,29.912871373189127,2.7600021362304688,4.530609607696533
172,thin-chair,ABL-ET2X-R-PreviousRawEdge-BilinearRGB,5.225260257720947,28.202549324291635,2.3543684482574463,3.1008009910583496
172,thin-chair,ABL-ET2X-R-PreviousRawEdge-ResolvedRGB,5.077474117279053,28.503997562932977,2.1730988025665283,2.892056703567505
172,thin-chair,ABL-ET2X-R-PreviousRawEdge-CatmullRomRGB,5.13162899017334,28.321265799657176,2.2152957916259766,2.904878854751587
172,windows,O-T2X-R,4.800455570220947,26.814536406660356,4.175717353820801,7.289885520935059
172,windows,ABL-ET2X-R-PreviousRawEdge-BilinearRGB,4.590982913970947,27.196271995088676,4.681591987609863,5.834380149841309
172,windows,ABL-ET2X-R-PreviousRawEdge-ResolvedRGB,4.645426273345947,27.25966760644312,4.546717166900635,5.638708591461182
172,windows,ABL-ET2X-R-PreviousRawEdge-CatmullRomRGB,4.463069438934326,27.41248366377198,4.6737165451049805,5.813108921051025
173,chairs,O-T2X-R,2.9827637672424316,32.12234148694665,2.0250308513641357,3.258017063140869
173,chairs,ABL-ET2X-R-PreviousRawEdge-BilinearRGB,3.6024250984191895,30.397338507673982,1.9035491943359375,2.4934661388397217
173,chairs,ABL-ET2X-R-PreviousRawEdge-ResolvedRGB,3.491406202316284,30.72981468306722,1.798804521560669,2.3235180377960205
173,chairs,ABL-ET2X-R-PreviousRawEdge-CatmullRomRGB,3.5286295413970947,30.555478146449868,1.8379614353179932,2.3361737728118896
173,thin-chair,O-T2X-R,4.246064186096191,30.034180198928063,2.5615477561950684,4.221240520477295
173,thin-chair,ABL-ET2X-R-PreviousRawEdge-BilinearRGB,5.227686882019043,28.182554632794265,2.3896896839141846,3.1180191040039062
173,thin-chair,ABL-ET2X-R-PreviousRawEdge-ResolvedRGB,5.0796637535095215,28.502390367928445,2.243014335632324,2.887058973312378
173,thin-chair,ABL-ET2X-R-PreviousRawEdge-CatmullRomRGB,5.138849258422852,28.324503235492013,2.283297300338745,2.9001173973083496
173,windows,O-T2X-R,4.910449028015137,26.835492756240352,5.670773983001709,7.928757667541504
173,windows,ABL-ET2X-R-PreviousRawEdge-BilinearRGB,4.577718257904053,27.304208907650917,4.694803714752197,5.693423271179199
173,windows,ABL-ET2X-R-PreviousRawEdge-ResolvedRGB,4.518278121948242,27.696310435001237,4.412084102630615,5.469010353088379
173,windows,ABL-ET2X-R-PreviousRawEdge-CatmullRomRGB,4.386637210845947,27.77712467114089,4.5406646728515625,5.659031867980957
174,chairs,O-T2X-R,2.939957618713379,32.04654450964736,2.1803700923919678,3.5011658668518066
174,chairs,ABL-ET2X-R-PreviousRawEdge-BilinearRGB,3.5401041507720947,30.554493525112303,1.8287709951400757,2.432925224304199
174,chairs,ABL-ET2X-R-PreviousRawEdge-ResolvedRGB,3.4366047382354736,30.8980043501305,1.7285621166229248,2.323636531829834
174,chairs,ABL-ET2X-R-PreviousRawEdge-CatmullRomRGB,3.4590494632720947,30.73442103390951,1.764139175415039,2.3347232341766357
174,thin-chair,O-T2X-R,4.184747695922852,30.061634177505493,2.7239294052124023,4.442968368530273
174,thin-chair,ABL-ET2X-R-PreviousRawEdge-BilinearRGB,5.103515625,28.367239230492196,2.2689454555511475,2.94045352935791
174,thin-chair,ABL-ET2X-R-PreviousRawEdge-ResolvedRGB,4.9575934410095215,28.701762282060738,2.1078946590423584,2.7871205806732178
174,thin-chair,ABL-ET2X-R-PreviousRawEdge-CatmullRomRGB,5.001153945922852,28.533422564223585,2.1536715030670166,2.792602777481079
174,windows,O-T2X-R,4.911376953125,26.669498638108596,3.9707999229431152,7.082861423492432
174,windows,ABL-ET2X-R-PreviousRawEdge-BilinearRGB,4.7896647453308105,26.723229586834336,4.1180644035339355,5.184322357177734
174,windows,ABL-ET2X-R-PreviousRawEdge-ResolvedRGB,4.808854103088379,26.82879590680521,3.9884982109069824,4.936135292053223
174,windows,ABL-ET2X-R-PreviousRawEdge-CatmullRomRGB,4.6463704109191895,26.947338697863003,4.141349792480469,5.063265800476074
175,chairs,O-T2X-R,2.9406087398529053,32.171923250158024,2.0361461639404297,3.2868518829345703
175,chairs,ABL-ET2X-R-PreviousRawEdge-BilinearRGB,3.6089518070220947,30.39688233725152,1.9796518087387085,2.491091728210449
175,chairs,ABL-ET2X-R-PreviousRawEdge-ResolvedRGB,3.5013508796691895,30.723807084612062,1.8774162530899048,2.3372063636779785
175,chairs,ABL-ET2X-R-PreviousRawEdge-CatmullRomRGB,3.520800828933716,30.570658996313377,1.9047906398773193,2.3392224311828613
175,thin-chair,O-T2X-R,4.171963691711426,30.139999915437166,2.559875011444092,4.159947395324707
175,thin-chair,ABL-ET2X-R-PreviousRawEdge-BilinearRGB,5.176284313201904,28.27042328097342,2.385363817214966,3.0000193119049072
175,thin-chair,ABL-ET2X-R-PreviousRawEdge-ResolvedRGB,5.004912376403809,28.613492220738546,2.241745710372925,2.7825849056243896
175,thin-chair,ABL-ET2X-R-PreviousRawEdge-CatmullRomRGB,5.052586555480957,28.451905245319757,2.2842681407928467,2.7875685691833496
175,windows,O-T2X-R,4.544629096984863,27.504228490726184,5.5704803466796875,7.678560733795166
175,windows,ABL-ET2X-R-PreviousRawEdge-BilinearRGB,4.2926106452941895,27.663582772365526,4.757105827331543,5.842518329620361
175,windows,ABL-ET2X-R-PreviousRawEdge-ResolvedRGB,4.2962727546691895,27.850680182173498,4.662102699279785,5.709273338317871
175,windows,ABL-ET2X-R-PreviousRawEdge-CatmullRomRGB,4.181233882904053,27.932292119350038,4.811179161071777,5.87048864364624
176,chairs,O-T2X-R,2.976106882095337,31.956721424348228,1.989534616470337,3.349641799926758
176,chairs,ABL-ET2X-R-PreviousRawEdge-BilinearRGB,3.6585774421691895,30.166671863778287,1.9858195781707764,2.442662477493286
176,chairs,ABL-ET2X-R-PreviousRawEdge-ResolvedRGB,3.521533250808716,30.601331811346757,1.84113347530365,2.303999185562134
176,chairs,ABL-ET2X-R-PreviousRawEdge-CatmullRomRGB,3.5438475608825684,30.456205892503814,1.8873533010482788,2.3206589221954346
176,thin-chair,O-T2X-R,4.1672587394714355,30.0617685583942,2.604480028152466,4.366277694702148
176,thin-chair,ABL-ET2X-R-PreviousRawEdge-BilinearRGB,5.206498622894287,28.13798106790166,2.3403451442718506,2.9514615535736084
176,thin-chair,ABL-ET2X-R-PreviousRawEdge-ResolvedRGB,5.002900123596191,28.56632902417799,2.1726560592651367,2.756418466567993
176,thin-chair,ABL-ET2X-R-PreviousRawEdge-CatmullRomRGB,5.058061122894287,28.40250957144012,2.219419240951538,2.7686221599578857
176,windows,O-T2X-R,4.7112956047058105,27.04769304826597,4.102486610412598,7.068789482116699
176,windows,ABL-ET2X-R-PreviousRawEdge-BilinearRGB,4.5966796875,27.179293998827646,4.540481090545654,5.817238807678223
176,windows,ABL-ET2X-R-PreviousRawEdge-ResolvedRGB,4.658528804779053,27.26551606607604,4.2530927658081055,5.638243675231934
176,windows,ABL-ET2X-R-PreviousRawEdge-CatmullRomRGB,4.567106246948242,27.264036725518878,4.364221096038818,5.78895902633667
177,chairs,O-T2X-R,2.934358835220337,32.27158495522575,2.108339309692383,3.2134792804718018
177,chairs,ABL-ET2X-R-PreviousRawEdge-BilinearRGB,3.7035319805145264,30.041063576748563,1.8267536163330078,2.4906086921691895
177,chairs,ABL-ET2X-R-PreviousRawEdge-ResolvedRGB,3.5568034648895264,30.538835918664184,1.708831548690796,2.313300848007202
177,chairs,ABL-ET2X-R-PreviousRawEdge-CatmullRomRGB,3.5756185054779053,30.399286565078807,1.7473903894424438,2.3314404487609863
177,thin-chair,O-T2X-R,4.12227725982666,30.253670277979626,2.490123748779297,4.092799186706543
177,thin-chair,ABL-ET2X-R-PreviousRawEdge-BilinearRGB,5.330965995788574,27.900630752471145,2.245500087738037,2.947099447250366
177,thin-chair,ABL-ET2X-R-PreviousRawEdge-ResolvedRGB,5.096738815307617,28.412858353077198,2.0905003547668457,2.741716146469116
177,thin-chair,ABL-ET2X-R-PreviousRawEdge-CatmullRomRGB,5.151278495788574,28.250972020030247,2.134425401687622,2.756286859512329
177,windows,O-T2X-R,4.341243267059326,27.663187948421143,5.486977577209473,7.589148044586182
177,windows,ABL-ET2X-R-PreviousRawEdge-BilinearRGB,4.285254001617432,27.62211558453721,4.571703910827637,5.54008150100708
177,windows,ABL-ET2X-R-PreviousRawEdge-ResolvedRGB,4.241666793823242,27.996841741379484,4.490708351135254,5.337032318115234
177,windows,ABL-ET2X-R-PreviousRawEdge-CatmullRomRGB,4.101171970367432,28.1479874070695,4.605890274047852,5.456184387207031
178,chairs,O-T2X-R,2.9019694328308105,32.11006039304312,2.0593738555908203,3.454714298248291
178,chairs,ABL-ET2X-R-PreviousRawEdge-BilinearRGB,3.6798338890075684,29.890850161799726,1.9684994220733643,2.453037738800049
178,chairs,ABL-ET2X-R-PreviousRawEdge-ResolvedRGB,3.5410807132720947,30.350115944632485,1.8472446203231812,2.2843050956726074
178,chairs,ABL-ET2X-R-PreviousRawEdge-CatmullRomRGB,3.575423240661621,30.199423274980735,1.885759949684143,2.297666072845459
178,thin-chair,O-T2X-R,4.097478866577148,30.136892192089526,2.570892572402954,4.201956272125244
178,thin-chair,ABL-ET2X-R-PreviousRawEdge-BilinearRGB,5.31211519241333,27.762370790680638,2.355685234069824,2.957519292831421
178,thin-chair,ABL-ET2X-R-PreviousRawEdge-ResolvedRGB,5.103397369384766,28.236293957329256,2.19587779045105,2.773210048675537
178,thin-chair,ABL-ET2X-R-PreviousRawEdge-CatmullRomRGB,5.164595127105713,28.076325140795063,2.2425730228424072,2.7859179973602295
178,windows,O-T2X-R,4.918196678161621,26.485623655672086,4.143240928649902,7.566884517669678
178,windows,ABL-ET2X-R-PreviousRawEdge-BilinearRGB,4.455159664154053,27.05642343951282,4.434942722320557,5.674219608306885
178,windows,ABL-ET2X-R-PreviousRawEdge-ResolvedRGB,4.399137496948242,27.341062243312557,4.192692756652832,5.382485866546631
178,windows,ABL-ET2X-R-PreviousRawEdge-CatmullRomRGB,4.303922653198242,27.351859021003953,4.269684314727783,5.541260719299316
179,chairs,O-T2X-R,2.993945360183716,32.03369623597622,2.022247791290283,3.153733730316162
179,chairs,ABL-ET2X-R-PreviousRawEdge-BilinearRGB,3.773453712463379,29.597116561137064,1.8985240459442139,2.473947763442993
179,chairs,ABL-ET2X-R-PreviousRawEdge-ResolvedRGB,3.656217336654663,29.94968366601241,1.7989248037338257,2.333101511001587
179,chairs,ABL-ET2X-R-PreviousRawEdge-CatmullRomRGB,3.674267530441284,29.830497204023526,1.8419708013534546,2.342697858810425
179,thin-chair,O-T2X-R,4.119377136230469,30.15236891746231,2.5489282608032227,4.085358142852783
179,thin-chair,ABL-ET2X-R-PreviousRawEdge-BilinearRGB,5.421904563903809,27.514058484444085,2.2723753452301025,2.935898780822754
179,thin-chair,ABL-ET2X-R-PreviousRawEdge-ResolvedRGB,5.253847122192383,27.88723195836174,2.1407179832458496,2.7514493465423584
179,thin-chair,ABL-ET2X-R-PreviousRawEdge-CatmullRomRGB,5.295987129211426,27.753499872496125,2.1866536140441895,2.7531492710113525
179,windows,O-T2X-R,4.8414387702941895,26.453861828984863,5.636224269866943,7.469185829162598
179,windows,ABL-ET2X-R-PreviousRawEdge-BilinearRGB,4.368798732757568,27.330414317183568,4.073040962219238,4.955435752868652
179,windows,ABL-ET2X-R-PreviousRawEdge-ResolvedRGB,4.391357421875,27.485866112017693,3.9560985565185547,4.770648956298828
179,windows,ABL-ET2X-R-PreviousRawEdge-CatmullRomRGB,4.259537696838379,27.63387981817801,4.096124649047852,4.828399181365967
180,chairs,O-T2X-R,2.938037157058716,32.0527344131488,2.1659481525421143,3.4902336597442627
180,chairs,ABL-ET2X-R-PreviousRawEdge-BilinearRGB,3.839827537536621,29.434729114701256,1.9893455505371094,2.5254225730895996
180,chairs,ABL-ET2X-R-PreviousRawEdge-ResolvedRGB,3.6974446773529053,29.795531863894617,1.8684066534042358,2.3542637825012207
180,chairs,ABL-ET2X-R-PreviousRawEdge-CatmullRomRGB,3.721630811691284,29.672771386403355,1.9040260314941406,2.361903429031372
180,thin-chair,O-T2X-R,4.069632053375244,30.208439481324486,2.657637119293213,4.381685733795166
180,thin-chair,ABL-ET2X-R-PreviousRawEdge-BilinearRGB,5.443063259124756,27.45642981838226,2.324592351913452,3.0315024852752686
180,thin-chair,ABL-ET2X-R-PreviousRawEdge-ResolvedRGB,5.253018379211426,27.810298792554757,2.189122438430786,2.849125862121582
180,thin-chair,ABL-ET2X-R-PreviousRawEdge-CatmullRomRGB,5.31190824508667,27.673162369231964,2.2342722415924072,2.8579957485198975
180,windows,O-T2X-R,4.524446487426758,27.193543767108615,4.158631801605225,7.394537925720215
180,windows,ABL-ET2X-R-PreviousRawEdge-BilinearRGB,4.297639846801758,27.694788340359068,4.492133140563965,5.650452613830566
180,windows,ABL-ET2X-R-PreviousRawEdge-ResolvedRGB,4.2418131828308105,27.993962136209618,4.368290901184082,5.445305824279785
180,windows,ABL-ET2X-R-PreviousRawEdge-CatmullRomRGB,4.137483596801758,28.013762208703707,4.4477858543396,5.605443000793457
181,chairs,O-T2X-R,3.098583936691284,31.61831236571278,2.185051202774048,3.703850507736206
181,chairs,ABL-ET2X-R-PreviousRawEdge-BilinearRGB,4.154296875,28.791013457719945,0.8108108639717102,1.7630294561386108
181,chairs,ABL-ET2X-R-PreviousRawEdge-ResolvedRGB,3.974397897720337,29.183300452692148,0.6915215253829956,1.5680792331695557
181,chairs,ABL-ET2X-R-PreviousRawEdge-CatmullRomRGB,3.987353563308716,29.142215926687168,0.6711164712905884,1.5805535316467285
181,thin-chair,O-T2X-R,4.322088241577148,29.778005070178235,2.739450216293335,4.615722179412842
181,thin-chair,ABL-ET2X-R-PreviousRawEdge-BilinearRGB,5.882753372192383,26.836742556035006,1.0541541576385498,2.0188162326812744
181,thin-chair,ABL-ET2X-R-PreviousRawEdge-ResolvedRGB,5.630238056182861,27.21884349690223,0.8966823220252991,1.8040423393249512
181,thin-chair,ABL-ET2X-R-PreviousRawEdge-CatmullRomRGB,5.655303001403809,27.174869411578932,0.8724504113197327,1.8250054121017456
181,windows,O-T2X-R,4.244450092315674,27.97851152724271,3.842881441116333,6.253973484039307
181,windows,ABL-ET2X-R-PreviousRawEdge-BilinearRGB,5.093522071838379,25.72878435229481,1.7478824853897095,3.7796523571014404
181,windows,ABL-ET2X-R-PreviousRawEdge-ResolvedRGB,4.6964030265808105,26.590695732255778,1.5047863721847534,3.6343932151794434
181,windows,ABL-ET2X-R-PreviousRawEdge-CatmullRomRGB,4.673730373382568,26.58980056308557,1.5137531757354736,3.7850594520568848
182,chairs,O-T2X-R,2.772656202316284,32.37857153842635,1.1791350841522217,3.2783122062683105
182,chairs,ABL-ET2X-R-PreviousRawEdge-BilinearRGB,4.154296875,28.791013457719945,0.0,0.8108108639717102
182,chairs,ABL-ET2X-R-PreviousRawEdge-ResolvedRGB,4.050081253051758,29.025279613197796,0.11929867416620255,0.5723076462745667
182,chairs,ABL-ET2X-R-PreviousRawEdge-CatmullRomRGB,4.058626174926758,28.99961505263674,0.11749915778636932,0.5538053512573242
182,thin-chair,O-T2X-R,3.896780252456665,30.58550969043736,1.5073323249816895,4.138524532318115
182,thin-chair,ABL-ET2X-R-PreviousRawEdge-BilinearRGB,5.882753372192383,26.836742556035006,0.0,1.0541541576385498
182,thin-chair,ABL-ET2X-R-PreviousRawEdge-ResolvedRGB,5.734611511230469,27.066870584236796,0.160398468375206,0.7364122867584229
182,thin-chair,ABL-ET2X-R-PreviousRawEdge-CatmullRomRGB,5.751006126403809,27.039060571058705,0.1600121706724167,0.7127173542976379
182,windows,O-T2X-R,3.6632161140441895,29.098410892712096,1.6643444299697876,5.379538536071777
182,windows,ABL-ET2X-R-PreviousRawEdge-BilinearRGB,5.093522071838379,25.72878435229481,0.0,1.7478824853897095
182,windows,ABL-ET2X-R-PreviousRawEdge-ResolvedRGB,4.866032123565674,26.225813573400508,0.2523730397224426,1.253975749015808
182,windows,ABL-ET2X-R-PreviousRawEdge-CatmullRomRGB,4.858902931213379,26.222752536880186,0.24572594463825226,1.2697927951812744
183,chairs,O-T2X-R,2.772656202316284,32.37857153842635,0.0,1.1791350841522217
183,chairs,ABL-ET2X-R-PreviousRawEdge-BilinearRGB,4.154296875,28.791013457719945,0.0,0.0
183,chairs,ABL-ET2X-R-PreviousRawEdge-ResolvedRGB,4.0889973640441895,28.93132951417269,0.05137199908494949,0.06792671233415604
183,chairs,ABL-ET2X-R-PreviousRawEdge-CatmullRomRGB,4.094417095184326,28.914141234128753,0.046535342931747437,0.0711100697517395
183,thin-chair,O-T2X-R,3.896780252456665,30.58550969043736,0.0,1.5073323249816895
183,thin-chair,ABL-ET2X-R-PreviousRawEdge-BilinearRGB,5.882753372192383,26.836742556035006,0.0,0.0
183,thin-chair,ABL-ET2X-R-PreviousRawEdge-ResolvedRGB,5.788411617279053,26.975614662238247,0.06924912333488464,0.09114941954612732
183,thin-chair,ABL-ET2X-R-PreviousRawEdge-CatmullRomRGB,5.800337314605713,26.955206166558654,0.06338346749544144,0.09689459204673767
183,windows,O-T2X-R,3.6632161140441895,29.098410892712096,0.0,1.6643444299697876
183,windows,ABL-ET2X-R-PreviousRawEdge-BilinearRGB,5.093522071838379,25.72878435229481,0.0,0.0
183,windows,ABL-ET2X-R-PreviousRawEdge-ResolvedRGB,4.967545509338379,26.00461415120892,0.12709815800189972,0.12611865997314453
183,windows,ABL-ET2X-R-PreviousRawEdge-CatmullRomRGB,4.966096878051758,26.000216971565635,0.12142199277877808,0.12533530592918396
184,chairs,O-T2X-R,2.772656202316284,32.37857153842635,0.0,0.0
184,chairs,ABL-ET2X-R-PreviousRawEdge-BilinearRGB,4.154296875,28.791013457719945,0.0,0.0
184,chairs,ABL-ET2X-R-PreviousRawEdge-ResolvedRGB,4.103450298309326,28.88931855615302,0.01564130187034607,0.03573070839047432
184,chairs,ABL-ET2X-R-PreviousRawEdge-CatmullRomRGB,4.108642578125,28.872931385387663,0.015614192001521587,0.03092116117477417
184,thin-chair,O-T2X-R,3.896780252456665,30.58550969043736,0.0,0.0
184,thin-chair,ABL-ET2X-R-PreviousRawEdge-BilinearRGB,5.882753372192383,26.836742556035006,0.0,0.0
184,thin-chair,ABL-ET2X-R-PreviousRawEdge-ResolvedRGB,5.809452056884766,26.93367110266979,0.02224632352590561,0.04700280353426933
184,thin-chair,ABL-ET2X-R-PreviousRawEdge-CatmullRomRGB,5.821170806884766,26.913294582026715,0.022411882877349854,0.040971603244543076
184,windows,O-T2X-R,3.6632161140441895,29.098410892712096,0.0,0.0
184,windows,ABL-ET2X-R-PreviousRawEdge-BilinearRGB,5.093522071838379,25.72878435229481,0.0,0.0
184,windows,ABL-ET2X-R-PreviousRawEdge-ResolvedRGB,5.0220866203308105,25.88157696635994,0.05559437721967697,0.0719754546880722
184,windows,ABL-ET2X-R-PreviousRawEdge-CatmullRomRGB,5.020849704742432,25.87702646964209,0.05313295125961304,0.06887364387512207
185,chairs,O-T2X-R,2.772656202316284,32.37857153842635,0.0,0.0
185,chairs,ABL-ET2X-R-PreviousRawEdge-BilinearRGB,4.154296875,28.791013457719945,0.0,0.0
185,chairs,ABL-ET2X-R-PreviousRawEdge-ResolvedRGB,4.107991695404053,28.87267981787357,0.00461284164339304,0.01102846022695303
185,chairs,ABL-ET2X-R-PreviousRawEdge-CatmullRomRGB,4.113248825073242,28.856194252333367,0.004409657325595617,0.011204536072909832
185,thin-chair,O-T2X-R,3.896780252456665,30.58550969043736,0.0,0.0
185,thin-chair,ABL-ET2X-R-PreviousRawEdge-BilinearRGB,5.882753372192383,26.836742556035006,0.0,0.0
185,thin-chair,ABL-ET2X-R-PreviousRawEdge-ResolvedRGB,5.816731929779053,26.915841246690416,0.007380255032330751,0.01486606989055872
185,thin-chair,ABL-ET2X-R-PreviousRawEdge-CatmullRomRGB,5.82850980758667,26.89555150554913,0.007062321528792381,0.015349564142525196
185,windows,O-T2X-R,3.6632161140441895,29.098410892712096,0.0,0.0
185,windows,ABL-ET2X-R-PreviousRawEdge-BilinearRGB,5.093522071838379,25.72878435229481,0.0,0.0
185,windows,ABL-ET2X-R-PreviousRawEdge-ResolvedRGB,5.045361518859863,25.821675379205196,0.019491665065288544,0.03617207705974579
185,windows,ABL-ET2X-R-PreviousRawEdge-CatmullRomRGB,5.044938087463379,25.815806863936434,0.020168256014585495,0.033027004450559616
186,chairs,O-T2X-R,2.772656202316284,32.37857153842635,0.0,0.0
186,chairs,ABL-ET2X-R-PreviousRawEdge-BilinearRGB,4.154296875,28.791013457719945,0.0,0.0
186,chairs,ABL-ET2X-R-PreviousRawEdge-ResolvedRGB,4.109553813934326,28.865926355738555,0.0016213186318054795,0.0029915228951722383
186,chairs,ABL-ET2X-R-PreviousRawEdge-CatmullRomRGB,4.114713668823242,28.84945150080414,0.0014403029344975948,0.0029693550895899534
186,thin-chair,O-T2X-R,3.896780252456665,30.58550969043736,0.0,0.0
186,thin-chair,ABL-ET2X-R-PreviousRawEdge-BilinearRGB,5.882753372192383,26.836742556035006,0.0,0.0
186,thin-chair,ABL-ET2X-R-PreviousRawEdge-ResolvedRGB,5.819454193115234,26.908259737961867,0.0028277351520955563,0.0045525203458964825
186,thin-chair,ABL-ET2X-R-PreviousRawEdge-CatmullRomRGB,5.8310546875,26.887988379483964,0.0024986155331134796,0.004563705995678902
186,windows,O-T2X-R,3.6632161140441895,29.098410892712096,0.0,0.0
186,windows,ABL-ET2X-R-PreviousRawEdge-BilinearRGB,5.093522071838379,25.72878435229481,0.0,0.0
186,windows,ABL-ET2X-R-PreviousRawEdge-ResolvedRGB,5.053645610809326,25.797141982601598,0.0067325616255402565,0.012766162864863873
186,windows,ABL-ET2X-R-PreviousRawEdge-CatmullRomRGB,5.053808689117432,25.78922355659895,0.007180297281593084,0.012995017692446709
187,chairs,O-T2X-R,2.772656202316284,32.37857153842635,0.0,0.0
187,chairs,ABL-ET2X-R-PreviousRawEdge-BilinearRGB,4.154296875,28.791013457719945,0.0,0.0
187,chairs,ABL-ET2X-R-PreviousRawEdge-ResolvedRGB,4.109667778015137,28.865155255817143,0.00010118167847394943,0.00152013695333153
187,chairs,ABL-ET2X-R-PreviousRawEdge-CatmullRomRGB,4.114827632904053,28.84868332023199,0.00010118167847394943,0.0013391212560236454
187,thin-chair,O-T2X-R,3.896780252456665,30.58550969043736,0.0,0.0
187,thin-chair,ABL-ET2X-R-PreviousRawEdge-BilinearRGB,5.882753372192383,26.836742556035006,0.0,0.0
187,thin-chair,ABL-ET2X-R-PreviousRawEdge-ResolvedRGB,5.819661617279053,26.90736666530305,0.00018396669474896044,0.0026437684427946806
187,thin-chair,ABL-ET2X-R-PreviousRawEdge-CatmullRomRGB,5.83126163482666,26.88709946523908,0.00018396669474896044,0.002314648823812604
187,windows,O-T2X-R,3.6632161140441895,29.098410892712096,0.0,0.0
187,windows,ABL-ET2X-R-PreviousRawEdge-BilinearRGB,5.093522071838379,25.72878435229481,0.0,0.0
187,windows,ABL-ET2X-R-PreviousRawEdge-ResolvedRGB,5.056380271911621,25.787958735393502,0.0019732024520635605,0.004759365227073431
187,windows,ABL-ET2X-R-PreviousRawEdge-CatmullRomRGB,5.056787014007568,25.779099862156123,0.0021830664481967688,0.00499723618850112
188,chairs,O-T2X-R,2.772656202316284,32.37857153842635,0.0,0.0
188,chairs,ABL-ET2X-R-PreviousRawEdge-BilinearRGB,4.154296875,28.791013457719945,0.0,0.0
188,chairs,ABL-ET2X-R-PreviousRawEdge-ResolvedRGB,4.109667778015137,28.865155255817143,0.0,0.00010118167847394943
188,chairs,ABL-ET2X-R-PreviousRawEdge-CatmullRomRGB,4.114827632904053,28.84868332023199,0.0,0.00010118167847394943
188,thin-chair,O-T2X-R,3.896780252456665,30.58550969043736,0.0,0.0
188,thin-chair,ABL-ET2X-R-PreviousRawEdge-BilinearRGB,5.882753372192383,26.836742556035006,0.0,0.0
188,thin-chair,ABL-ET2X-R-PreviousRawEdge-ResolvedRGB,5.819661617279053,26.90736666530305,0.0,0.00018396669474896044
188,thin-chair,ABL-ET2X-R-PreviousRawEdge-CatmullRomRGB,5.83126163482666,26.88709946523908,0.0,0.00018396669474896044
188,windows,O-T2X-R,3.6632161140441895,29.098410892712096,0.0,0.0
188,windows,ABL-ET2X-R-PreviousRawEdge-BilinearRGB,5.093522071838379,25.72878435229481,0.0,0.0
188,windows,ABL-ET2X-R-PreviousRawEdge-ResolvedRGB,5.056950092315674,25.785830663686315,0.00048315455205738544,0.0014900489477440715
188,windows,ABL-ET2X-R-PreviousRawEdge-CatmullRomRGB,5.057438373565674,25.77656838249656,0.0005282030324451625,0.0016548639396205544
189,chairs,O-T2X-R,2.772656202316284,32.37857153842635,0.0,0.0
189,chairs,ABL-ET2X-R-PreviousRawEdge-BilinearRGB,4.154296875,28.791013457719945,0.0,0.0
189,chairs,ABL-ET2X-R-PreviousRawEdge-ResolvedRGB,4.109667778015137,28.865155255817143,0.0,0.0
189,chairs,ABL-ET2X-R-PreviousRawEdge-CatmullRomRGB,4.114827632904053,28.84868332023199,0.0,0.0
189,thin-chair,O-T2X-R,3.896780252456665,30.58550969043736,0.0,0.0
189,thin-chair,ABL-ET2X-R-PreviousRawEdge-BilinearRGB,5.882753372192383,26.836742556035006,0.0,0.0
189,thin-chair,ABL-ET2X-R-PreviousRawEdge-ResolvedRGB,5.819661617279053,26.90736666530305,0.0,0.0
189,thin-chair,ABL-ET2X-R-PreviousRawEdge-CatmullRomRGB,5.83126163482666,26.88709946523908,0.0,0.0
189,windows,O-T2X-R,3.6632161140441895,29.098410892712096,0.0,0.0
189,windows,ABL-ET2X-R-PreviousRawEdge-BilinearRGB,5.093522071838379,25.72878435229481,0.0,0.0
189,windows,ABL-ET2X-R-PreviousRawEdge-ResolvedRGB,5.0570149421691895,25.785561107669075,4.1523435356793925e-05,0.0004416312149260193
189,windows,ABL-ET2X-R-PreviousRawEdge-CatmullRomRGB,5.057454586029053,25.776502098911372,1.0380847015767358e-05,0.0005178222199901938
190,chairs,O-T2X-R,2.772656202316284,32.37857153842635,0.0,0.0
190,chairs,ABL-ET2X-R-PreviousRawEdge-BilinearRGB,4.154296875,28.791013457719945,0.0,0.0
190,chairs,ABL-ET2X-R-PreviousRawEdge-ResolvedRGB,4.109667778015137,28.865155255817143,0.0,0.0
190,chairs,ABL-ET2X-R-PreviousRawEdge-CatmullRomRGB,4.114827632904053,28.84868332023199,0.0,0.0
190,thin-chair,O-T2X-R,3.896780252456665,30.58550969043736,0.0,0.0
190,thin-chair,ABL-ET2X-R-PreviousRawEdge-BilinearRGB,5.882753372192383,26.836742556035006,0.0,0.0
190,thin-chair,ABL-ET2X-R-PreviousRawEdge-ResolvedRGB,5.819661617279053,26.90736666530305,0.0,0.0
190,thin-chair,ABL-ET2X-R-PreviousRawEdge-CatmullRomRGB,5.83126163482666,26.88709946523908,0.0,0.0
190,windows,O-T2X-R,3.6632161140441895,29.098410892712096,0.0,0.0
190,windows,ABL-ET2X-R-PreviousRawEdge-BilinearRGB,5.093522071838379,25.72878435229481,0.0,0.0
190,windows,ABL-ET2X-R-PreviousRawEdge-ResolvedRGB,5.0570149421691895,25.785561107669075,0.0,4.1523435356793925e-05
190,windows,ABL-ET2X-R-PreviousRawEdge-CatmullRomRGB,5.057454586029053,25.776502098911372,0.0,1.0380847015767358e-05
191,chairs,O-T2X-R,2.772656202316284,32.37857153842635,0.0,0.0
191,chairs,ABL-ET2X-R-PreviousRawEdge-BilinearRGB,4.154296875,28.791013457719945,0.0,0.0
191,chairs,ABL-ET2X-R-PreviousRawEdge-ResolvedRGB,4.109667778015137,28.865155255817143,0.0,0.0
191,chairs,ABL-ET2X-R-PreviousRawEdge-CatmullRomRGB,4.114827632904053,28.84868332023199,0.0,0.0
191,thin-chair,O-T2X-R,3.896780252456665,30.58550969043736,0.0,0.0
191,thin-chair,ABL-ET2X-R-PreviousRawEdge-BilinearRGB,5.882753372192383,26.836742556035006,0.0,0.0
191,thin-chair,ABL-ET2X-R-PreviousRawEdge-ResolvedRGB,5.819661617279053,26.90736666530305,0.0,0.0
191,thin-chair,ABL-ET2X-R-PreviousRawEdge-CatmullRomRGB,5.83126163482666,26.88709946523908,0.0,0.0
191,windows,O-T2X-R,3.6632161140441895,29.098410892712096,0.0,0.0
191,windows,ABL-ET2X-R-PreviousRawEdge-BilinearRGB,5.093522071838379,25.72878435229481,0.0,0.0
191,windows,ABL-ET2X-R-PreviousRawEdge-ResolvedRGB,5.0570149421691895,25.785561107669075,0.0,0.0
191,windows,ABL-ET2X-R-PreviousRawEdge-CatmullRomRGB,5.057454586029053,25.776502098911372,0.0,0.0
192,chairs,O-T2X-R,2.772656202316284,32.37857153842635,0.0,0.0
192,chairs,ABL-ET2X-R-PreviousRawEdge-BilinearRGB,4.154296875,28.791013457719945,0.0,0.0
192,chairs,ABL-ET2X-R-PreviousRawEdge-ResolvedRGB,4.109667778015137,28.865155255817143,0.0,0.0
192,chairs,ABL-ET2X-R-PreviousRawEdge-CatmullRomRGB,4.114827632904053,28.84868332023199,0.0,0.0
192,thin-chair,O-T2X-R,3.896780252456665,30.58550969043736,0.0,0.0
192,thin-chair,ABL-ET2X-R-PreviousRawEdge-BilinearRGB,5.882753372192383,26.836742556035006,0.0,0.0
192,thin-chair,ABL-ET2X-R-PreviousRawEdge-ResolvedRGB,5.819661617279053,26.90736666530305,0.0,0.0
192,thin-chair,ABL-ET2X-R-PreviousRawEdge-CatmullRomRGB,5.83126163482666,26.88709946523908,0.0,0.0
192,windows,O-T2X-R,3.6632161140441895,29.098410892712096,0.0,0.0
192,windows,ABL-ET2X-R-PreviousRawEdge-BilinearRGB,5.093522071838379,25.72878435229481,0.0,0.0
192,windows,ABL-ET2X-R-PreviousRawEdge-ResolvedRGB,5.0570149421691895,25.785561107669075,0.0,0.0
192,windows,ABL-ET2X-R-PreviousRawEdge-CatmullRomRGB,5.057454586029053,25.776502098911372,0.0,0.0
193,chairs,O-T2X-R,2.772656202316284,32.37857153842635,0.0,0.0
193,chairs,ABL-ET2X-R-PreviousRawEdge-BilinearRGB,4.154296875,28.791013457719945,0.0,0.0
193,chairs,ABL-ET2X-R-PreviousRawEdge-ResolvedRGB,4.109667778015137,28.865155255817143,0.0,0.0
193,chairs,ABL-ET2X-R-PreviousRawEdge-CatmullRomRGB,4.114827632904053,28.84868332023199,0.0,0.0
193,thin-chair,O-T2X-R,3.896780252456665,30.58550969043736,0.0,0.0
193,thin-chair,ABL-ET2X-R-PreviousRawEdge-BilinearRGB,5.882753372192383,26.836742556035006,0.0,0.0
193,thin-chair,ABL-ET2X-R-PreviousRawEdge-ResolvedRGB,5.819661617279053,26.90736666530305,0.0,0.0
193,thin-chair,ABL-ET2X-R-PreviousRawEdge-CatmullRomRGB,5.83126163482666,26.88709946523908,0.0,0.0
193,windows,O-T2X-R,3.6632161140441895,29.098410892712096,0.0,0.0
193,windows,ABL-ET2X-R-PreviousRawEdge-BilinearRGB,5.093522071838379,25.72878435229481,0.0,0.0
193,windows,ABL-ET2X-R-PreviousRawEdge-ResolvedRGB,5.0570149421691895,25.785561107669075,0.0,0.0
193,windows,ABL-ET2X-R-PreviousRawEdge-CatmullRomRGB,5.057454586029053,25.776502098911372,0.0,0.0
194,chairs,O-T2X-R,2.772656202316284,32.37857153842635,0.0,0.0
194,chairs,ABL-ET2X-R-PreviousRawEdge-BilinearRGB,4.154296875,28.791013457719945,0.0,0.0
194,chairs,ABL-ET2X-R-PreviousRawEdge-ResolvedRGB,4.109667778015137,28.865155255817143,0.0,0.0
194,chairs,ABL-ET2X-R-PreviousRawEdge-CatmullRomRGB,4.114827632904053,28.84868332023199,0.0,0.0
194,thin-chair,O-T2X-R,3.896780252456665,30.58550969043736,0.0,0.0
194,thin-chair,ABL-ET2X-R-PreviousRawEdge-BilinearRGB,5.882753372192383,26.836742556035006,0.0,0.0
194,thin-chair,ABL-ET2X-R-PreviousRawEdge-ResolvedRGB,5.819661617279053,26.90736666530305,0.0,0.0
194,thin-chair,ABL-ET2X-R-PreviousRawEdge-CatmullRomRGB,5.83126163482666,26.88709946523908,0.0,0.0
194,windows,O-T2X-R,3.6632161140441895,29.098410892712096,0.0,0.0
194,windows,ABL-ET2X-R-PreviousRawEdge-BilinearRGB,5.093522071838379,25.72878435229481,0.0,0.0
194,windows,ABL-ET2X-R-PreviousRawEdge-ResolvedRGB,5.0570149421691895,25.785561107669075,0.0,0.0
194,windows,ABL-ET2X-R-PreviousRawEdge-CatmullRomRGB,5.057454586029053,25.776502098911372,0.0,0.0
195,chairs,O-T2X-R,2.772656202316284,32.37857153842635,0.0,0.0
195,chairs,ABL-ET2X-R-PreviousRawEdge-BilinearRGB,4.154296875,28.791013457719945,0.0,0.0
195,chairs,ABL-ET2X-R-PreviousRawEdge-ResolvedRGB,4.109667778015137,28.865155255817143,0.0,0.0
195,chairs,ABL-ET2X-R-PreviousRawEdge-CatmullRomRGB,4.114827632904053,28.84868332023199,0.0,0.0
195,thin-chair,O-T2X-R,3.896780252456665,30.58550969043736,0.0,0.0
195,thin-chair,ABL-ET2X-R-PreviousRawEdge-BilinearRGB,5.882753372192383,26.836742556035006,0.0,0.0
195,thin-chair,ABL-ET2X-R-PreviousRawEdge-ResolvedRGB,5.819661617279053,26.90736666530305,0.0,0.0
195,thin-chair,ABL-ET2X-R-PreviousRawEdge-CatmullRomRGB,5.83126163482666,26.88709946523908,0.0,0.0
195,windows,O-T2X-R,3.6632161140441895,29.098410892712096,0.0,0.0
195,windows,ABL-ET2X-R-PreviousRawEdge-BilinearRGB,5.093522071838379,25.72878435229481,0.0,0.0
195,windows,ABL-ET2X-R-PreviousRawEdge-ResolvedRGB,5.0570149421691895,25.785561107669075,0.0,0.0
195,windows,ABL-ET2X-R-PreviousRawEdge-CatmullRomRGB,5.057454586029053,25.776502098911372,0.0,0.0
196,chairs,O-T2X-R,2.772656202316284,32.37857153842635,0.0,0.0
196,chairs,ABL-ET2X-R-PreviousRawEdge-BilinearRGB,4.154296875,28.791013457719945,0.0,0.0
196,chairs,ABL-ET2X-R-PreviousRawEdge-ResolvedRGB,4.109667778015137,28.865155255817143,0.0,0.0
196,chairs,ABL-ET2X-R-PreviousRawEdge-CatmullRomRGB,4.114827632904053,28.84868332023199,0.0,0.0
196,thin-chair,O-T2X-R,3.896780252456665,30.58550969043736,0.0,0.0
196,thin-chair,ABL-ET2X-R-PreviousRawEdge-BilinearRGB,5.882753372192383,26.836742556035006,0.0,0.0
196,thin-chair,ABL-ET2X-R-PreviousRawEdge-ResolvedRGB,5.819661617279053,26.90736666530305,0.0,0.0
196,thin-chair,ABL-ET2X-R-PreviousRawEdge-CatmullRomRGB,5.83126163482666,26.88709946523908,0.0,0.0
196,windows,O-T2X-R,3.6632161140441895,29.098410892712096,0.0,0.0
196,windows,ABL-ET2X-R-PreviousRawEdge-BilinearRGB,5.093522071838379,25.72878435229481,0.0,0.0
196,windows,ABL-ET2X-R-PreviousRawEdge-ResolvedRGB,5.0570149421691895,25.785561107669075,0.0,0.0
196,windows,ABL-ET2X-R-PreviousRawEdge-CatmullRomRGB,5.057454586029053,25.776502098911372,0.0,0.0
197,chairs,O-T2X-R,2.772656202316284,32.37857153842635,0.0,0.0
197,chairs,ABL-ET2X-R-PreviousRawEdge-BilinearRGB,4.154296875,28.791013457719945,0.0,0.0
197,chairs,ABL-ET2X-R-PreviousRawEdge-ResolvedRGB,4.109667778015137,28.865155255817143,0.0,0.0
197,chairs,ABL-ET2X-R-PreviousRawEdge-CatmullRomRGB,4.114827632904053,28.84868332023199,0.0,0.0
197,thin-chair,O-T2X-R,3.896780252456665,30.58550969043736,0.0,0.0
197,thin-chair,ABL-ET2X-R-PreviousRawEdge-BilinearRGB,5.882753372192383,26.836742556035006,0.0,0.0
197,thin-chair,ABL-ET2X-R-PreviousRawEdge-ResolvedRGB,5.819661617279053,26.90736666530305,0.0,0.0
197,thin-chair,ABL-ET2X-R-PreviousRawEdge-CatmullRomRGB,5.83126163482666,26.88709946523908,0.0,0.0
197,windows,O-T2X-R,3.6632161140441895,29.098410892712096,0.0,0.0
197,windows,ABL-ET2X-R-PreviousRawEdge-BilinearRGB,5.093522071838379,25.72878435229481,0.0,0.0
197,windows,ABL-ET2X-R-PreviousRawEdge-ResolvedRGB,5.0570149421691895,25.785561107669075,0.0,0.0
197,windows,ABL-ET2X-R-PreviousRawEdge-CatmullRomRGB,5.057454586029053,25.776502098911372,0.0,0.0
198,chairs,O-T2X-R,2.772656202316284,32.37857153842635,0.0,0.0
198,chairs,ABL-ET2X-R-PreviousRawEdge-BilinearRGB,4.154296875,28.791013457719945,0.0,0.0
198,chairs,ABL-ET2X-R-PreviousRawEdge-ResolvedRGB,4.109667778015137,28.865155255817143,0.0,0.0
198,chairs,ABL-ET2X-R-PreviousRawEdge-CatmullRomRGB,4.114827632904053,28.84868332023199,0.0,0.0
198,thin-chair,O-T2X-R,3.896780252456665,30.58550969043736,0.0,0.0
198,thin-chair,ABL-ET2X-R-PreviousRawEdge-BilinearRGB,5.882753372192383,26.836742556035006,0.0,0.0
198,thin-chair,ABL-ET2X-R-PreviousRawEdge-ResolvedRGB,5.819661617279053,26.90736666530305,0.0,0.0
198,thin-chair,ABL-ET2X-R-PreviousRawEdge-CatmullRomRGB,5.83126163482666,26.88709946523908,0.0,0.0
198,windows,O-T2X-R,3.6632161140441895,29.098410892712096,0.0,0.0
198,windows,ABL-ET2X-R-PreviousRawEdge-BilinearRGB,5.093522071838379,25.72878435229481,0.0,0.0
198,windows,ABL-ET2X-R-PreviousRawEdge-ResolvedRGB,5.0570149421691895,25.785561107669075,0.0,0.0
198,windows,ABL-ET2X-R-PreviousRawEdge-CatmullRomRGB,5.057454586029053,25.776502098911372,0.0,0.0
199,chairs,O-T2X-R,2.772656202316284,32.37857153842635,0.0,0.0
199,chairs,ABL-ET2X-R-PreviousRawEdge-BilinearRGB,4.154296875,28.791013457719945,0.0,0.0
199,chairs,ABL-ET2X-R-PreviousRawEdge-ResolvedRGB,4.109667778015137,28.865155255817143,0.0,0.0
199,chairs,ABL-ET2X-R-PreviousRawEdge-CatmullRomRGB,4.114827632904053,28.84868332023199,0.0,0.0
199,thin-chair,O-T2X-R,3.896780252456665,30.58550969043736,0.0,0.0
199,thin-chair,ABL-ET2X-R-PreviousRawEdge-BilinearRGB,5.882753372192383,26.836742556035006,0.0,0.0
199,thin-chair,ABL-ET2X-R-PreviousRawEdge-ResolvedRGB,5.819661617279053,26.90736666530305,0.0,0.0
199,thin-chair,ABL-ET2X-R-PreviousRawEdge-CatmullRomRGB,5.83126163482666,26.88709946523908,0.0,0.0
199,windows,O-T2X-R,3.6632161140441895,29.098410892712096,0.0,0.0
199,windows,ABL-ET2X-R-PreviousRawEdge-BilinearRGB,5.093522071838379,25.72878435229481,0.0,0.0
199,windows,ABL-ET2X-R-PreviousRawEdge-ResolvedRGB,5.0570149421691895,25.785561107669075,0.0,0.0
199,windows,ABL-ET2X-R-PreviousRawEdge-CatmullRomRGB,5.057454586029053,25.776502098911372,0.0,0.0
200,chairs,O-T2X-R,2.772656202316284,32.37857153842635,0.0,0.0
200,chairs,ABL-ET2X-R-PreviousRawEdge-BilinearRGB,4.154296875,28.791013457719945,0.0,0.0
200,chairs,ABL-ET2X-R-PreviousRawEdge-ResolvedRGB,4.109667778015137,28.865155255817143,0.0,0.0
200,chairs,ABL-ET2X-R-PreviousRawEdge-CatmullRomRGB,4.114827632904053,28.84868332023199,0.0,0.0
200,thin-chair,O-T2X-R,3.896780252456665,30.58550969043736,0.0,0.0
200,thin-chair,ABL-ET2X-R-PreviousRawEdge-BilinearRGB,5.882753372192383,26.836742556035006,0.0,0.0
200,thin-chair,ABL-ET2X-R-PreviousRawEdge-ResolvedRGB,5.819661617279053,26.90736666530305,0.0,0.0
200,thin-chair,ABL-ET2X-R-PreviousRawEdge-CatmullRomRGB,5.83126163482666,26.88709946523908,0.0,0.0
200,windows,O-T2X-R,3.6632161140441895,29.098410892712096,0.0,0.0
200,windows,ABL-ET2X-R-PreviousRawEdge-BilinearRGB,5.093522071838379,25.72878435229481,0.0,0.0
200,windows,ABL-ET2X-R-PreviousRawEdge-ResolvedRGB,5.0570149421691895,25.785561107669075,0.0,0.0
200,windows,ABL-ET2X-R-PreviousRawEdge-CatmullRomRGB,5.057454586029053,25.776502098911372,0.0,0.0
201,chairs,O-T2X-R,2.772656202316284,32.37857153842635,0.0,0.0
201,chairs,ABL-ET2X-R-PreviousRawEdge-BilinearRGB,4.154296875,28.791013457719945,0.0,0.0
201,chairs,ABL-ET2X-R-PreviousRawEdge-ResolvedRGB,4.109667778015137,28.865155255817143,0.0,0.0
201,chairs,ABL-ET2X-R-PreviousRawEdge-CatmullRomRGB,4.114827632904053,28.84868332023199,0.0,0.0
201,thin-chair,O-T2X-R,3.896780252456665,30.58550969043736,0.0,0.0
201,thin-chair,ABL-ET2X-R-PreviousRawEdge-BilinearRGB,5.882753372192383,26.836742556035006,0.0,0.0
201,thin-chair,ABL-ET2X-R-PreviousRawEdge-ResolvedRGB,5.819661617279053,26.90736666530305,0.0,0.0
201,thin-chair,ABL-ET2X-R-PreviousRawEdge-CatmullRomRGB,5.83126163482666,26.88709946523908,0.0,0.0
201,windows,O-T2X-R,3.6632161140441895,29.098410892712096,0.0,0.0
201,windows,ABL-ET2X-R-PreviousRawEdge-BilinearRGB,5.093522071838379,25.72878435229481,0.0,0.0
201,windows,ABL-ET2X-R-PreviousRawEdge-ResolvedRGB,5.0570149421691895,25.785561107669075,0.0,0.0
201,windows,ABL-ET2X-R-PreviousRawEdge-CatmullRomRGB,5.057454586029053,25.776502098911372,0.0,0.0
202,chairs,O-T2X-R,2.772656202316284,32.37857153842635,0.0,0.0
202,chairs,ABL-ET2X-R-PreviousRawEdge-BilinearRGB,4.154296875,28.791013457719945,0.0,0.0
202,chairs,ABL-ET2X-R-PreviousRawEdge-ResolvedRGB,4.109667778015137,28.865155255817143,0.0,0.0
202,chairs,ABL-ET2X-R-PreviousRawEdge-CatmullRomRGB,4.114827632904053,28.84868332023199,0.0,0.0
202,thin-chair,O-T2X-R,3.896780252456665,30.58550969043736,0.0,0.0
202,thin-chair,ABL-ET2X-R-PreviousRawEdge-BilinearRGB,5.882753372192383,26.836742556035006,0.0,0.0
202,thin-chair,ABL-ET2X-R-PreviousRawEdge-ResolvedRGB,5.819661617279053,26.90736666530305,0.0,0.0
202,thin-chair,ABL-ET2X-R-PreviousRawEdge-CatmullRomRGB,5.83126163482666,26.88709946523908,0.0,0.0
202,windows,O-T2X-R,3.6632161140441895,29.098410892712096,0.0,0.0
202,windows,ABL-ET2X-R-PreviousRawEdge-BilinearRGB,5.093522071838379,25.72878435229481,0.0,0.0
202,windows,ABL-ET2X-R-PreviousRawEdge-ResolvedRGB,5.0570149421691895,25.785561107669075,0.0,0.0
202,windows,ABL-ET2X-R-PreviousRawEdge-CatmullRomRGB,5.057454586029053,25.776502098911372,0.0,0.0
203,chairs,O-T2X-R,2.772656202316284,32.37857153842635,0.0,0.0
203,chairs,ABL-ET2X-R-PreviousRawEdge-BilinearRGB,4.154296875,28.791013457719945,0.0,0.0
203,chairs,ABL-ET2X-R-PreviousRawEdge-ResolvedRGB,4.109667778015137,28.865155255817143,0.0,0.0
203,chairs,ABL-ET2X-R-PreviousRawEdge-CatmullRomRGB,4.114827632904053,28.84868332023199,0.0,0.0
203,thin-chair,O-T2X-R,3.896780252456665,30.58550969043736,0.0,0.0
203,thin-chair,ABL-ET2X-R-PreviousRawEdge-BilinearRGB,5.882753372192383,26.836742556035006,0.0,0.0
203,thin-chair,ABL-ET2X-R-PreviousRawEdge-ResolvedRGB,5.819661617279053,26.90736666530305,0.0,0.0
203,thin-chair,ABL-ET2X-R-PreviousRawEdge-CatmullRomRGB,5.83126163482666,26.88709946523908,0.0,0.0
203,windows,O-T2X-R,3.6632161140441895,29.098410892712096,0.0,0.0
203,windows,ABL-ET2X-R-PreviousRawEdge-BilinearRGB,5.093522071838379,25.72878435229481,0.0,0.0
203,windows,ABL-ET2X-R-PreviousRawEdge-ResolvedRGB,5.0570149421691895,25.785561107669075,0.0,0.0
203,windows,ABL-ET2X-R-PreviousRawEdge-CatmullRomRGB,5.057454586029053,25.776502098911372,0.0,0.0
204,chairs,O-T2X-R,2.772656202316284,32.37857153842635,0.0,0.0
204,chairs,ABL-ET2X-R-PreviousRawEdge-BilinearRGB,4.154296875,28.791013457719945,0.0,0.0
204,chairs,ABL-ET2X-R-PreviousRawEdge-ResolvedRGB,4.109667778015137,28.865155255817143,0.0,0.0
204,chairs,ABL-ET2X-R-PreviousRawEdge-CatmullRomRGB,4.114827632904053,28.84868332023199,0.0,0.0
204,thin-chair,O-T2X-R,3.896780252456665,30.58550969043736,0.0,0.0
204,thin-chair,ABL-ET2X-R-PreviousRawEdge-BilinearRGB,5.882753372192383,26.836742556035006,0.0,0.0
204,thin-chair,ABL-ET2X-R-PreviousRawEdge-ResolvedRGB,5.819661617279053,26.90736666530305,0.0,0.0
204,thin-chair,ABL-ET2X-R-PreviousRawEdge-CatmullRomRGB,5.83126163482666,26.88709946523908,0.0,0.0
204,windows,O-T2X-R,3.6632161140441895,29.098410892712096,0.0,0.0
204,windows,ABL-ET2X-R-PreviousRawEdge-BilinearRGB,5.093522071838379,25.72878435229481,0.0,0.0
204,windows,ABL-ET2X-R-PreviousRawEdge-ResolvedRGB,5.0570149421691895,25.785561107669075,0.0,0.0
204,windows,ABL-ET2X-R-PreviousRawEdge-CatmullRomRGB,5.057454586029053,25.776502098911372,0.0,0.0
205,chairs,O-T2X-R,2.772656202316284,32.37857153842635,0.0,0.0
205,chairs,ABL-ET2X-R-PreviousRawEdge-BilinearRGB,4.154296875,28.791013457719945,0.0,0.0
205,chairs,ABL-ET2X-R-PreviousRawEdge-ResolvedRGB,4.109667778015137,28.865155255817143,0.0,0.0
205,chairs,ABL-ET2X-R-PreviousRawEdge-CatmullRomRGB,4.114827632904053,28.84868332023199,0.0,0.0
205,thin-chair,O-T2X-R,3.896780252456665,30.58550969043736,0.0,0.0
205,thin-chair,ABL-ET2X-R-PreviousRawEdge-BilinearRGB,5.882753372192383,26.836742556035006,0.0,0.0
205,thin-chair,ABL-ET2X-R-PreviousRawEdge-ResolvedRGB,5.819661617279053,26.90736666530305,0.0,0.0
205,thin-chair,ABL-ET2X-R-PreviousRawEdge-CatmullRomRGB,5.83126163482666,26.88709946523908,0.0,0.0
205,windows,O-T2X-R,3.6632161140441895,29.098410892712096,0.0,0.0
205,windows,ABL-ET2X-R-PreviousRawEdge-BilinearRGB,5.093522071838379,25.72878435229481,0.0,0.0
205,windows,ABL-ET2X-R-PreviousRawEdge-ResolvedRGB,5.0570149421691895,25.785561107669075,0.0,0.0
205,windows,ABL-ET2X-R-PreviousRawEdge-CatmullRomRGB,5.057454586029053,25.776502098911372,0.0,0.0
206,chairs,O-T2X-R,2.772656202316284,32.37857153842635,0.0,0.0
206,chairs,ABL-ET2X-R-PreviousRawEdge-BilinearRGB,4.154296875,28.791013457719945,0.0,0.0
206,chairs,ABL-ET2X-R-PreviousRawEdge-ResolvedRGB,4.109667778015137,28.865155255817143,0.0,0.0
206,chairs,ABL-ET2X-R-PreviousRawEdge-CatmullRomRGB,4.114827632904053,28.84868332023199,0.0,0.0
206,thin-chair,O-T2X-R,3.896780252456665,30.58550969043736,0.0,0.0
206,thin-chair,ABL-ET2X-R-PreviousRawEdge-BilinearRGB,5.882753372192383,26.836742556035006,0.0,0.0
206,thin-chair,ABL-ET2X-R-PreviousRawEdge-ResolvedRGB,5.819661617279053,26.90736666530305,0.0,0.0
206,thin-chair,ABL-ET2X-R-PreviousRawEdge-CatmullRomRGB,5.83126163482666,26.88709946523908,0.0,0.0
206,windows,O-T2X-R,3.6632161140441895,29.098410892712096,0.0,0.0
206,windows,ABL-ET2X-R-PreviousRawEdge-BilinearRGB,5.093522071838379,25.72878435229481,0.0,0.0
206,windows,ABL-ET2X-R-PreviousRawEdge-ResolvedRGB,5.0570149421691895,25.785561107669075,0.0,0.0
206,windows,ABL-ET2X-R-PreviousRawEdge-CatmullRomRGB,5.057454586029053,25.776502098911372,0.0,0.0
207,chairs,O-T2X-R,2.772656202316284,32.37857153842635,0.0,0.0
207,chairs,ABL-ET2X-R-PreviousRawEdge-BilinearRGB,4.154296875,28.791013457719945,0.0,0.0
207,chairs,ABL-ET2X-R-PreviousRawEdge-ResolvedRGB,4.109667778015137,28.865155255817143,0.0,0.0
207,chairs,ABL-ET2X-R-PreviousRawEdge-CatmullRomRGB,4.114827632904053,28.84868332023199,0.0,0.0
207,thin-chair,O-T2X-R,3.896780252456665,30.58550969043736,0.0,0.0
207,thin-chair,ABL-ET2X-R-PreviousRawEdge-BilinearRGB,5.882753372192383,26.836742556035006,0.0,0.0
207,thin-chair,ABL-ET2X-R-PreviousRawEdge-ResolvedRGB,5.819661617279053,26.90736666530305,0.0,0.0
207,thin-chair,ABL-ET2X-R-PreviousRawEdge-CatmullRomRGB,5.83126163482666,26.88709946523908,0.0,0.0
207,windows,O-T2X-R,3.6632161140441895,29.098410892712096,0.0,0.0
207,windows,ABL-ET2X-R-PreviousRawEdge-BilinearRGB,5.093522071838379,25.72878435229481,0.0,0.0
207,windows,ABL-ET2X-R-PreviousRawEdge-ResolvedRGB,5.0570149421691895,25.785561107669075,0.0,0.0
207,windows,ABL-ET2X-R-PreviousRawEdge-CatmullRomRGB,5.057454586029053,25.776502098911372,0.0,0.0
208,chairs,O-T2X-R,2.772656202316284,32.37857153842635,0.0,0.0
208,chairs,ABL-ET2X-R-PreviousRawEdge-BilinearRGB,4.154296875,28.791013457719945,0.0,0.0
208,chairs,ABL-ET2X-R-PreviousRawEdge-ResolvedRGB,4.109667778015137,28.865155255817143,0.0,0.0
208,chairs,ABL-ET2X-R-PreviousRawEdge-CatmullRomRGB,4.114827632904053,28.84868332023199,0.0,0.0
208,thin-chair,O-T2X-R,3.896780252456665,30.58550969043736,0.0,0.0
208,thin-chair,ABL-ET2X-R-PreviousRawEdge-BilinearRGB,5.882753372192383,26.836742556035006,0.0,0.0
208,thin-chair,ABL-ET2X-R-PreviousRawEdge-ResolvedRGB,5.819661617279053,26.90736666530305,0.0,0.0
208,thin-chair,ABL-ET2X-R-PreviousRawEdge-CatmullRomRGB,5.83126163482666,26.88709946523908,0.0,0.0
208,windows,O-T2X-R,3.6632161140441895,29.098410892712096,0.0,0.0
208,windows,ABL-ET2X-R-PreviousRawEdge-BilinearRGB,5.093522071838379,25.72878435229481,0.0,0.0
208,windows,ABL-ET2X-R-PreviousRawEdge-ResolvedRGB,5.0570149421691895,25.785561107669075,0.0,0.0
208,windows,ABL-ET2X-R-PreviousRawEdge-CatmullRomRGB,5.057454586029053,25.776502098911372,0.0,0.0
209,chairs,O-T2X-R,2.772656202316284,32.37857153842635,0.0,0.0
209,chairs,ABL-ET2X-R-PreviousRawEdge-BilinearRGB,4.154296875,28.791013457719945,0.0,0.0
209,chairs,ABL-ET2X-R-PreviousRawEdge-ResolvedRGB,4.109667778015137,28.865155255817143,0.0,0.0
209,chairs,ABL-ET2X-R-PreviousRawEdge-CatmullRomRGB,4.114827632904053,28.84868332023199,0.0,0.0
209,thin-chair,O-T2X-R,3.896780252456665,30.58550969043736,0.0,0.0
209,thin-chair,ABL-ET2X-R-PreviousRawEdge-BilinearRGB,5.882753372192383,26.836742556035006,0.0,0.0
209,thin-chair,ABL-ET2X-R-PreviousRawEdge-ResolvedRGB,5.819661617279053,26.90736666530305,0.0,0.0
209,thin-chair,ABL-ET2X-R-PreviousRawEdge-CatmullRomRGB,5.83126163482666,26.88709946523908,0.0,0.0
209,windows,O-T2X-R,3.6632161140441895,29.098410892712096,0.0,0.0
209,windows,ABL-ET2X-R-PreviousRawEdge-BilinearRGB,5.093522071838379,25.72878435229481,0.0,0.0
209,windows,ABL-ET2X-R-PreviousRawEdge-ResolvedRGB,5.0570149421691895,25.785561107669075,0.0,0.0
209,windows,ABL-ET2X-R-PreviousRawEdge-CatmullRomRGB,5.057454586029053,25.776502098911372,0.0,0.0
210,chairs,O-T2X-R,2.772656202316284,32.37857153842635,0.0,0.0
210,chairs,ABL-ET2X-R-PreviousRawEdge-BilinearRGB,4.154296875,28.791013457719945,0.0,0.0
210,chairs,ABL-ET2X-R-PreviousRawEdge-ResolvedRGB,4.109667778015137,28.865155255817143,0.0,0.0
210,chairs,ABL-ET2X-R-PreviousRawEdge-CatmullRomRGB,4.114827632904053,28.84868332023199,0.0,0.0
210,thin-chair,O-T2X-R,3.896780252456665,30.58550969043736,0.0,0.0
210,thin-chair,ABL-ET2X-R-PreviousRawEdge-BilinearRGB,5.882753372192383,26.836742556035006,0.0,0.0
210,thin-chair,ABL-ET2X-R-PreviousRawEdge-ResolvedRGB,5.819661617279053,26.90736666530305,0.0,0.0
210,thin-chair,ABL-ET2X-R-PreviousRawEdge-CatmullRomRGB,5.83126163482666,26.88709946523908,0.0,0.0
210,windows,O-T2X-R,3.6632161140441895,29.098410892712096,0.0,0.0
210,windows,ABL-ET2X-R-PreviousRawEdge-BilinearRGB,5.093522071838379,25.72878435229481,0.0,0.0
210,windows,ABL-ET2X-R-PreviousRawEdge-ResolvedRGB,5.0570149421691895,25.785561107669075,0.0,0.0
210,windows,ABL-ET2X-R-PreviousRawEdge-CatmullRomRGB,5.057454586029053,25.776502098911372,0.0,0.0
211,chairs,O-T2X-R,2.772656202316284,32.37857153842635,0.0,0.0
211,chairs,ABL-ET2X-R-PreviousRawEdge-BilinearRGB,4.154296875,28.791013457719945,0.0,0.0
211,chairs,ABL-ET2X-R-PreviousRawEdge-ResolvedRGB,4.109667778015137,28.865155255817143,0.0,0.0
211,chairs,ABL-ET2X-R-PreviousRawEdge-CatmullRomRGB,4.114827632904053,28.84868332023199,0.0,0.0
211,thin-chair,O-T2X-R,3.896780252456665,30.58550969043736,0.0,0.0
211,thin-chair,ABL-ET2X-R-PreviousRawEdge-BilinearRGB,5.882753372192383,26.836742556035006,0.0,0.0
211,thin-chair,ABL-ET2X-R-PreviousRawEdge-ResolvedRGB,5.819661617279053,26.90736666530305,0.0,0.0
211,thin-chair,ABL-ET2X-R-PreviousRawEdge-CatmullRomRGB,5.83126163482666,26.88709946523908,0.0,0.0
211,windows,O-T2X-R,3.6632161140441895,29.098410892712096,0.0,0.0
211,windows,ABL-ET2X-R-PreviousRawEdge-BilinearRGB,5.093522071838379,25.72878435229481,0.0,0.0
211,windows,ABL-ET2X-R-PreviousRawEdge-ResolvedRGB,5.0570149421691895,25.785561107669075,0.0,0.0
211,windows,ABL-ET2X-R-PreviousRawEdge-CatmullRomRGB,5.057454586029053,25.776502098911372,0.0,0.0
212,chairs,O-T2X-R,2.772656202316284,32.37857153842635,0.0,0.0
212,chairs,ABL-ET2X-R-PreviousRawEdge-BilinearRGB,4.154296875,28.791013457719945,0.0,0.0
212,chairs,ABL-ET2X-R-PreviousRawEdge-ResolvedRGB,4.109667778015137,28.865155255817143,0.0,0.0
212,chairs,ABL-ET2X-R-PreviousRawEdge-CatmullRomRGB,4.114827632904053,28.84868332023199,0.0,0.0
212,thin-chair,O-T2X-R,3.896780252456665,30.58550969043736,0.0,0.0
212,thin-chair,ABL-ET2X-R-PreviousRawEdge-BilinearRGB,5.882753372192383,26.836742556035006,0.0,0.0
212,thin-chair,ABL-ET2X-R-PreviousRawEdge-ResolvedRGB,5.819661617279053,26.90736666530305,0.0,0.0
212,thin-chair,ABL-ET2X-R-PreviousRawEdge-CatmullRomRGB,5.83126163482666,26.88709946523908,0.0,0.0
212,windows,O-T2X-R,3.6632161140441895,29.098410892712096,0.0,0.0
212,windows,ABL-ET2X-R-PreviousRawEdge-BilinearRGB,5.093522071838379,25.72878435229481,0.0,0.0
212,windows,ABL-ET2X-R-PreviousRawEdge-ResolvedRGB,5.0570149421691895,25.785561107669075,0.0,0.0
212,windows,ABL-ET2X-R-PreviousRawEdge-CatmullRomRGB,5.057454586029053,25.776502098911372,0.0,0.0
213,chairs,O-T2X-R,2.772656202316284,32.37857153842635,0.0,0.0
213,chairs,ABL-ET2X-R-PreviousRawEdge-BilinearRGB,4.154296875,28.791013457719945,0.0,0.0
213,chairs,ABL-ET2X-R-PreviousRawEdge-ResolvedRGB,4.109667778015137,28.865155255817143,0.0,0.0
213,chairs,ABL-ET2X-R-PreviousRawEdge-CatmullRomRGB,4.114827632904053,28.84868332023199,0.0,0.0
213,thin-chair,O-T2X-R,3.896780252456665,30.58550969043736,0.0,0.0
213,thin-chair,ABL-ET2X-R-PreviousRawEdge-BilinearRGB,5.882753372192383,26.836742556035006,0.0,0.0
213,thin-chair,ABL-ET2X-R-PreviousRawEdge-ResolvedRGB,5.819661617279053,26.90736666530305,0.0,0.0
213,thin-chair,ABL-ET2X-R-PreviousRawEdge-CatmullRomRGB,5.83126163482666,26.88709946523908,0.0,0.0
213,windows,O-T2X-R,3.6632161140441895,29.098410892712096,0.0,0.0
213,windows,ABL-ET2X-R-PreviousRawEdge-BilinearRGB,5.093522071838379,25.72878435229481,0.0,0.0
213,windows,ABL-ET2X-R-PreviousRawEdge-ResolvedRGB,5.0570149421691895,25.785561107669075,0.0,0.0
213,windows,ABL-ET2X-R-PreviousRawEdge-CatmullRomRGB,5.057454586029053,25.776502098911372,0.0,0.0
214,chairs,O-T2X-R,2.772656202316284,32.37857153842635,0.0,0.0
214,chairs,ABL-ET2X-R-PreviousRawEdge-BilinearRGB,4.154296875,28.791013457719945,0.0,0.0
214,chairs,ABL-ET2X-R-PreviousRawEdge-ResolvedRGB,4.109667778015137,28.865155255817143,0.0,0.0
214,chairs,ABL-ET2X-R-PreviousRawEdge-CatmullRomRGB,4.114827632904053,28.84868332023199,0.0,0.0
214,thin-chair,O-T2X-R,3.896780252456665,30.58550969043736,0.0,0.0
214,thin-chair,ABL-ET2X-R-PreviousRawEdge-BilinearRGB,5.882753372192383,26.836742556035006,0.0,0.0
214,thin-chair,ABL-ET2X-R-PreviousRawEdge-ResolvedRGB,5.819661617279053,26.90736666530305,0.0,0.0
214,thin-chair,ABL-ET2X-R-PreviousRawEdge-CatmullRomRGB,5.83126163482666,26.88709946523908,0.0,0.0
214,windows,O-T2X-R,3.6632161140441895,29.098410892712096,0.0,0.0
214,windows,ABL-ET2X-R-PreviousRawEdge-BilinearRGB,5.093522071838379,25.72878435229481,0.0,0.0
214,windows,ABL-ET2X-R-PreviousRawEdge-ResolvedRGB,5.0570149421691895,25.785561107669075,0.0,0.0
214,windows,ABL-ET2X-R-PreviousRawEdge-CatmullRomRGB,5.057454586029053,25.776502098911372,0.0,0.0
215,chairs,O-T2X-R,2.772656202316284,32.37857153842635,0.0,0.0
215,chairs,ABL-ET2X-R-PreviousRawEdge-BilinearRGB,4.154296875,28.791013457719945,0.0,0.0
215,chairs,ABL-ET2X-R-PreviousRawEdge-ResolvedRGB,4.109667778015137,28.865155255817143,0.0,0.0
215,chairs,ABL-ET2X-R-PreviousRawEdge-CatmullRomRGB,4.114827632904053,28.84868332023199,0.0,0.0
215,thin-chair,O-T2X-R,3.896780252456665,30.58550969043736,0.0,0.0
215,thin-chair,ABL-ET2X-R-PreviousRawEdge-BilinearRGB,5.882753372192383,26.836742556035006,0.0,0.0
215,thin-chair,ABL-ET2X-R-PreviousRawEdge-ResolvedRGB,5.819661617279053,26.90736666530305,0.0,0.0
215,thin-chair,ABL-ET2X-R-PreviousRawEdge-CatmullRomRGB,5.83126163482666,26.88709946523908,0.0,0.0
215,windows,O-T2X-R,3.6632161140441895,29.098410892712096,0.0,0.0
215,windows,ABL-ET2X-R-PreviousRawEdge-BilinearRGB,5.093522071838379,25.72878435229481,0.0,0.0
215,windows,ABL-ET2X-R-PreviousRawEdge-ResolvedRGB,5.0570149421691895,25.785561107669075,0.0,0.0
215,windows,ABL-ET2X-R-PreviousRawEdge-CatmullRomRGB,5.057454586029053,25.776502098911372,0.0,0.0
216,chairs,O-T2X-R,2.772656202316284,32.37857153842635,0.0,0.0
216,chairs,ABL-ET2X-R-PreviousRawEdge-BilinearRGB,4.154296875,28.791013457719945,0.0,0.0
216,chairs,ABL-ET2X-R-PreviousRawEdge-ResolvedRGB,4.109667778015137,28.865155255817143,0.0,0.0
216,chairs,ABL-ET2X-R-PreviousRawEdge-CatmullRomRGB,4.114827632904053,28.84868332023199,0.0,0.0
216,thin-chair,O-T2X-R,3.896780252456665,30.58550969043736,0.0,0.0
216,thin-chair,ABL-ET2X-R-PreviousRawEdge-BilinearRGB,5.882753372192383,26.836742556035006,0.0,0.0
216,thin-chair,ABL-ET2X-R-PreviousRawEdge-ResolvedRGB,5.819661617279053,26.90736666530305,0.0,0.0
216,thin-chair,ABL-ET2X-R-PreviousRawEdge-CatmullRomRGB,5.83126163482666,26.88709946523908,0.0,0.0
216,windows,O-T2X-R,3.6632161140441895,29.098410892712096,0.0,0.0
216,windows,ABL-ET2X-R-PreviousRawEdge-BilinearRGB,5.093522071838379,25.72878435229481,0.0,0.0
216,windows,ABL-ET2X-R-PreviousRawEdge-ResolvedRGB,5.0570149421691895,25.785561107669075,0.0,0.0
216,windows,ABL-ET2X-R-PreviousRawEdge-CatmullRomRGB,5.057454586029053,25.776502098911372,0.0,0.0
217,chairs,O-T2X-R,2.772656202316284,32.37857153842635,0.0,0.0
217,chairs,ABL-ET2X-R-PreviousRawEdge-BilinearRGB,4.154296875,28.791013457719945,0.0,0.0
217,chairs,ABL-ET2X-R-PreviousRawEdge-ResolvedRGB,4.109667778015137,28.865155255817143,0.0,0.0
217,chairs,ABL-ET2X-R-PreviousRawEdge-CatmullRomRGB,4.114827632904053,28.84868332023199,0.0,0.0
217,thin-chair,O-T2X-R,3.896780252456665,30.58550969043736,0.0,0.0
217,thin-chair,ABL-ET2X-R-PreviousRawEdge-BilinearRGB,5.882753372192383,26.836742556035006,0.0,0.0
217,thin-chair,ABL-ET2X-R-PreviousRawEdge-ResolvedRGB,5.819661617279053,26.90736666530305,0.0,0.0
217,thin-chair,ABL-ET2X-R-PreviousRawEdge-CatmullRomRGB,5.83126163482666,26.88709946523908,0.0,0.0
217,windows,O-T2X-R,3.6632161140441895,29.098410892712096,0.0,0.0
217,windows,ABL-ET2X-R-PreviousRawEdge-BilinearRGB,5.093522071838379,25.72878435229481,0.0,0.0
217,windows,ABL-ET2X-R-PreviousRawEdge-ResolvedRGB,5.0570149421691895,25.785561107669075,0.0,0.0
217,windows,ABL-ET2X-R-PreviousRawEdge-CatmullRomRGB,5.057454586029053,25.776502098911372,0.0,0.0
218,chairs,O-T2X-R,2.772656202316284,32.37857153842635,0.0,0.0
218,chairs,ABL-ET2X-R-PreviousRawEdge-BilinearRGB,4.154296875,28.791013457719945,0.0,0.0
218,chairs,ABL-ET2X-R-PreviousRawEdge-ResolvedRGB,4.109667778015137,28.865155255817143,0.0,0.0
218,chairs,ABL-ET2X-R-PreviousRawEdge-CatmullRomRGB,4.114827632904053,28.84868332023199,0.0,0.0
218,thin-chair,O-T2X-R,3.896780252456665,30.58550969043736,0.0,0.0
218,thin-chair,ABL-ET2X-R-PreviousRawEdge-BilinearRGB,5.882753372192383,26.836742556035006,0.0,0.0
218,thin-chair,ABL-ET2X-R-PreviousRawEdge-ResolvedRGB,5.819661617279053,26.90736666530305,0.0,0.0
218,thin-chair,ABL-ET2X-R-PreviousRawEdge-CatmullRomRGB,5.83126163482666,26.88709946523908,0.0,0.0
218,windows,O-T2X-R,3.6632161140441895,29.098410892712096,0.0,0.0
218,windows,ABL-ET2X-R-PreviousRawEdge-BilinearRGB,5.093522071838379,25.72878435229481,0.0,0.0
218,windows,ABL-ET2X-R-PreviousRawEdge-ResolvedRGB,5.0570149421691895,25.785561107669075,0.0,0.0
218,windows,ABL-ET2X-R-PreviousRawEdge-CatmullRomRGB,5.057454586029053,25.776502098911372,0.0,0.0
219,chairs,O-T2X-R,2.772656202316284,32.37857153842635,0.0,0.0
219,chairs,ABL-ET2X-R-PreviousRawEdge-BilinearRGB,4.154296875,28.791013457719945,0.0,0.0
219,chairs,ABL-ET2X-R-PreviousRawEdge-ResolvedRGB,4.109667778015137,28.865155255817143,0.0,0.0
219,chairs,ABL-ET2X-R-PreviousRawEdge-CatmullRomRGB,4.114827632904053,28.84868332023199,0.0,0.0
219,thin-chair,O-T2X-R,3.896780252456665,30.58550969043736,0.0,0.0
219,thin-chair,ABL-ET2X-R-PreviousRawEdge-BilinearRGB,5.882753372192383,26.836742556035006,0.0,0.0
219,thin-chair,ABL-ET2X-R-PreviousRawEdge-ResolvedRGB,5.819661617279053,26.90736666530305,0.0,0.0
219,thin-chair,ABL-ET2X-R-PreviousRawEdge-CatmullRomRGB,5.83126163482666,26.88709946523908,0.0,0.0
219,windows,O-T2X-R,3.6632161140441895,29.098410892712096,0.0,0.0
219,windows,ABL-ET2X-R-PreviousRawEdge-BilinearRGB,5.093522071838379,25.72878435229481,0.0,0.0
219,windows,ABL-ET2X-R-PreviousRawEdge-ResolvedRGB,5.0570149421691895,25.785561107669075,0.0,0.0
219,windows,ABL-ET2X-R-PreviousRawEdge-CatmullRomRGB,5.057454586029053,25.776502098911372,0.0,0.0
220,chairs,O-T2X-R,2.772656202316284,32.37857153842635,0.0,0.0
220,chairs,ABL-ET2X-R-PreviousRawEdge-BilinearRGB,4.154296875,28.791013457719945,0.0,0.0
220,chairs,ABL-ET2X-R-PreviousRawEdge-ResolvedRGB,4.109667778015137,28.865155255817143,0.0,0.0
220,chairs,ABL-ET2X-R-PreviousRawEdge-CatmullRomRGB,4.114827632904053,28.84868332023199,0.0,0.0
220,thin-chair,O-T2X-R,3.896780252456665,30.58550969043736,0.0,0.0
220,thin-chair,ABL-ET2X-R-PreviousRawEdge-BilinearRGB,5.882753372192383,26.836742556035006,0.0,0.0
220,thin-chair,ABL-ET2X-R-PreviousRawEdge-ResolvedRGB,5.819661617279053,26.90736666530305,0.0,0.0
220,thin-chair,ABL-ET2X-R-PreviousRawEdge-CatmullRomRGB,5.83126163482666,26.88709946523908,0.0,0.0
220,windows,O-T2X-R,3.6632161140441895,29.098410892712096,0.0,0.0
220,windows,ABL-ET2X-R-PreviousRawEdge-BilinearRGB,5.093522071838379,25.72878435229481,0.0,0.0
220,windows,ABL-ET2X-R-PreviousRawEdge-ResolvedRGB,5.0570149421691895,25.785561107669075,0.0,0.0
220,windows,ABL-ET2X-R-PreviousRawEdge-CatmullRomRGB,5.057454586029053,25.776502098911372,0.0,0.0
221,chairs,O-T2X-R,2.772656202316284,32.37857153842635,0.0,0.0
221,chairs,ABL-ET2X-R-PreviousRawEdge-BilinearRGB,4.154296875,28.791013457719945,0.0,0.0
221,chairs,ABL-ET2X-R-PreviousRawEdge-ResolvedRGB,4.109667778015137,28.865155255817143,0.0,0.0
221,chairs,ABL-ET2X-R-PreviousRawEdge-CatmullRomRGB,4.114827632904053,28.84868332023199,0.0,0.0
221,thin-chair,O-T2X-R,3.896780252456665,30.58550969043736,0.0,0.0
221,thin-chair,ABL-ET2X-R-PreviousRawEdge-BilinearRGB,5.882753372192383,26.836742556035006,0.0,0.0
221,thin-chair,ABL-ET2X-R-PreviousRawEdge-ResolvedRGB,5.819661617279053,26.90736666530305,0.0,0.0
221,thin-chair,ABL-ET2X-R-PreviousRawEdge-CatmullRomRGB,5.83126163482666,26.88709946523908,0.0,0.0
221,windows,O-T2X-R,3.6632161140441895,29.098410892712096,0.0,0.0
221,windows,ABL-ET2X-R-PreviousRawEdge-BilinearRGB,5.093522071838379,25.72878435229481,0.0,0.0
221,windows,ABL-ET2X-R-PreviousRawEdge-ResolvedRGB,5.0570149421691895,25.785561107669075,0.0,0.0
221,windows,ABL-ET2X-R-PreviousRawEdge-CatmullRomRGB,5.057454586029053,25.776502098911372,0.0,0.0
222,chairs,O-T2X-R,2.772656202316284,32.37857153842635,0.0,0.0
222,chairs,ABL-ET2X-R-PreviousRawEdge-BilinearRGB,4.154296875,28.791013457719945,0.0,0.0
222,chairs,ABL-ET2X-R-PreviousRawEdge-ResolvedRGB,4.109667778015137,28.865155255817143,0.0,0.0
222,chairs,ABL-ET2X-R-PreviousRawEdge-CatmullRomRGB,4.114827632904053,28.84868332023199,0.0,0.0
222,thin-chair,O-T2X-R,3.896780252456665,30.58550969043736,0.0,0.0
222,thin-chair,ABL-ET2X-R-PreviousRawEdge-BilinearRGB,5.882753372192383,26.836742556035006,0.0,0.0
222,thin-chair,ABL-ET2X-R-PreviousRawEdge-ResolvedRGB,5.819661617279053,26.90736666530305,0.0,0.0
222,thin-chair,ABL-ET2X-R-PreviousRawEdge-CatmullRomRGB,5.83126163482666,26.88709946523908,0.0,0.0
222,windows,O-T2X-R,3.6632161140441895,29.098410892712096,0.0,0.0
222,windows,ABL-ET2X-R-PreviousRawEdge-BilinearRGB,5.093522071838379,25.72878435229481,0.0,0.0
222,windows,ABL-ET2X-R-PreviousRawEdge-ResolvedRGB,5.0570149421691895,25.785561107669075,0.0,0.0
222,windows,ABL-ET2X-R-PreviousRawEdge-CatmullRomRGB,5.057454586029053,25.776502098911372,0.0,0.0
223,chairs,O-T2X-R,2.772656202316284,32.37857153842635,0.0,0.0
223,chairs,ABL-ET2X-R-PreviousRawEdge-BilinearRGB,4.154296875,28.791013457719945,0.0,0.0
223,chairs,ABL-ET2X-R-PreviousRawEdge-ResolvedRGB,4.109667778015137,28.865155255817143,0.0,0.0
223,chairs,ABL-ET2X-R-PreviousRawEdge-CatmullRomRGB,4.114827632904053,28.84868332023199,0.0,0.0
223,thin-chair,O-T2X-R,3.896780252456665,30.58550969043736,0.0,0.0
223,thin-chair,ABL-ET2X-R-PreviousRawEdge-BilinearRGB,5.882753372192383,26.836742556035006,0.0,0.0
223,thin-chair,ABL-ET2X-R-PreviousRawEdge-ResolvedRGB,5.819661617279053,26.90736666530305,0.0,0.0
223,thin-chair,ABL-ET2X-R-PreviousRawEdge-CatmullRomRGB,5.83126163482666,26.88709946523908,0.0,0.0
223,windows,O-T2X-R,3.6632161140441895,29.098410892712096,0.0,0.0
223,windows,ABL-ET2X-R-PreviousRawEdge-BilinearRGB,5.093522071838379,25.72878435229481,0.0,0.0
223,windows,ABL-ET2X-R-PreviousRawEdge-ResolvedRGB,5.0570149421691895,25.785561107669075,0.0,0.0
223,windows,ABL-ET2X-R-PreviousRawEdge-CatmullRomRGB,5.057454586029053,25.776502098911372,0.0,0.0
224,chairs,O-T2X-R,2.772656202316284,32.37857153842635,0.0,0.0
224,chairs,ABL-ET2X-R-PreviousRawEdge-BilinearRGB,4.154296875,28.791013457719945,0.0,0.0
224,chairs,ABL-ET2X-R-PreviousRawEdge-ResolvedRGB,4.109667778015137,28.865155255817143,0.0,0.0
224,chairs,ABL-ET2X-R-PreviousRawEdge-CatmullRomRGB,4.114827632904053,28.84868332023199,0.0,0.0
224,thin-chair,O-T2X-R,3.896780252456665,30.58550969043736,0.0,0.0
224,thin-chair,ABL-ET2X-R-PreviousRawEdge-BilinearRGB,5.882753372192383,26.836742556035006,0.0,0.0
224,thin-chair,ABL-ET2X-R-PreviousRawEdge-ResolvedRGB,5.819661617279053,26.90736666530305,0.0,0.0
224,thin-chair,ABL-ET2X-R-PreviousRawEdge-CatmullRomRGB,5.83126163482666,26.88709946523908,0.0,0.0
224,windows,O-T2X-R,3.6632161140441895,29.098410892712096,0.0,0.0
224,windows,ABL-ET2X-R-PreviousRawEdge-BilinearRGB,5.093522071838379,25.72878435229481,0.0,0.0
224,windows,ABL-ET2X-R-PreviousRawEdge-ResolvedRGB,5.0570149421691895,25.785561107669075,0.0,0.0
224,windows,ABL-ET2X-R-PreviousRawEdge-CatmullRomRGB,5.057454586029053,25.776502098911372,0.0,0.0
225,chairs,O-T2X-R,2.772656202316284,32.37857153842635,0.0,0.0
225,chairs,ABL-ET2X-R-PreviousRawEdge-BilinearRGB,4.154296875,28.791013457719945,0.0,0.0
225,chairs,ABL-ET2X-R-PreviousRawEdge-ResolvedRGB,4.109667778015137,28.865155255817143,0.0,0.0
225,chairs,ABL-ET2X-R-PreviousRawEdge-CatmullRomRGB,4.114827632904053,28.84868332023199,0.0,0.0
225,thin-chair,O-T2X-R,3.896780252456665,30.58550969043736,0.0,0.0
225,thin-chair,ABL-ET2X-R-PreviousRawEdge-BilinearRGB,5.882753372192383,26.836742556035006,0.0,0.0
225,thin-chair,ABL-ET2X-R-PreviousRawEdge-ResolvedRGB,5.819661617279053,26.90736666530305,0.0,0.0
225,thin-chair,ABL-ET2X-R-PreviousRawEdge-CatmullRomRGB,5.83126163482666,26.88709946523908,0.0,0.0
225,windows,O-T2X-R,3.6632161140441895,29.098410892712096,0.0,0.0
225,windows,ABL-ET2X-R-PreviousRawEdge-BilinearRGB,5.093522071838379,25.72878435229481,0.0,0.0
225,windows,ABL-ET2X-R-PreviousRawEdge-ResolvedRGB,5.0570149421691895,25.785561107669075,0.0,0.0
225,windows,ABL-ET2X-R-PreviousRawEdge-CatmullRomRGB,5.057454586029053,25.776502098911372,0.0,0.0
226,chairs,O-T2X-R,2.772656202316284,32.37857153842635,0.0,0.0
226,chairs,ABL-ET2X-R-PreviousRawEdge-BilinearRGB,4.154296875,28.791013457719945,0.0,0.0
226,chairs,ABL-ET2X-R-PreviousRawEdge-ResolvedRGB,4.109667778015137,28.865155255817143,0.0,0.0
226,chairs,ABL-ET2X-R-PreviousRawEdge-CatmullRomRGB,4.114827632904053,28.84868332023199,0.0,0.0
226,thin-chair,O-T2X-R,3.896780252456665,30.58550969043736,0.0,0.0
226,thin-chair,ABL-ET2X-R-PreviousRawEdge-BilinearRGB,5.882753372192383,26.836742556035006,0.0,0.0
226,thin-chair,ABL-ET2X-R-PreviousRawEdge-ResolvedRGB,5.819661617279053,26.90736666530305,0.0,0.0
226,thin-chair,ABL-ET2X-R-PreviousRawEdge-CatmullRomRGB,5.83126163482666,26.88709946523908,0.0,0.0
226,windows,O-T2X-R,3.6632161140441895,29.098410892712096,0.0,0.0
226,windows,ABL-ET2X-R-PreviousRawEdge-BilinearRGB,5.093522071838379,25.72878435229481,0.0,0.0
226,windows,ABL-ET2X-R-PreviousRawEdge-ResolvedRGB,5.0570149421691895,25.785561107669075,0.0,0.0
226,windows,ABL-ET2X-R-PreviousRawEdge-CatmullRomRGB,5.057454586029053,25.776502098911372,0.0,0.0
227,chairs,O-T2X-R,2.772656202316284,32.37857153842635,0.0,0.0
227,chairs,ABL-ET2X-R-PreviousRawEdge-BilinearRGB,4.154296875,28.791013457719945,0.0,0.0
227,chairs,ABL-ET2X-R-PreviousRawEdge-ResolvedRGB,4.109667778015137,28.865155255817143,0.0,0.0
227,chairs,ABL-ET2X-R-PreviousRawEdge-CatmullRomRGB,4.114827632904053,28.84868332023199,0.0,0.0
227,thin-chair,O-T2X-R,3.896780252456665,30.58550969043736,0.0,0.0
227,thin-chair,ABL-ET2X-R-PreviousRawEdge-BilinearRGB,5.882753372192383,26.836742556035006,0.0,0.0
227,thin-chair,ABL-ET2X-R-PreviousRawEdge-ResolvedRGB,5.819661617279053,26.90736666530305,0.0,0.0
227,thin-chair,ABL-ET2X-R-PreviousRawEdge-CatmullRomRGB,5.83126163482666,26.88709946523908,0.0,0.0
227,windows,O-T2X-R,3.6632161140441895,29.098410892712096,0.0,0.0
227,windows,ABL-ET2X-R-PreviousRawEdge-BilinearRGB,5.093522071838379,25.72878435229481,0.0,0.0
227,windows,ABL-ET2X-R-PreviousRawEdge-ResolvedRGB,5.0570149421691895,25.785561107669075,0.0,0.0
227,windows,ABL-ET2X-R-PreviousRawEdge-CatmullRomRGB,5.057454586029053,25.776502098911372,0.0,0.0
228,chairs,O-T2X-R,2.772656202316284,32.37857153842635,0.0,0.0
228,chairs,ABL-ET2X-R-PreviousRawEdge-BilinearRGB,4.154296875,28.791013457719945,0.0,0.0
228,chairs,ABL-ET2X-R-PreviousRawEdge-ResolvedRGB,4.109667778015137,28.865155255817143,0.0,0.0
228,chairs,ABL-ET2X-R-PreviousRawEdge-CatmullRomRGB,4.114827632904053,28.84868332023199,0.0,0.0
228,thin-chair,O-T2X-R,3.896780252456665,30.58550969043736,0.0,0.0
228,thin-chair,ABL-ET2X-R-PreviousRawEdge-BilinearRGB,5.882753372192383,26.836742556035006,0.0,0.0
228,thin-chair,ABL-ET2X-R-PreviousRawEdge-ResolvedRGB,5.819661617279053,26.90736666530305,0.0,0.0
228,thin-chair,ABL-ET2X-R-PreviousRawEdge-CatmullRomRGB,5.83126163482666,26.88709946523908,0.0,0.0
228,windows,O-T2X-R,3.6632161140441895,29.098410892712096,0.0,0.0
228,windows,ABL-ET2X-R-PreviousRawEdge-BilinearRGB,5.093522071838379,25.72878435229481,0.0,0.0
228,windows,ABL-ET2X-R-PreviousRawEdge-ResolvedRGB,5.0570149421691895,25.785561107669075,0.0,0.0
228,windows,ABL-ET2X-R-PreviousRawEdge-CatmullRomRGB,5.057454586029053,25.776502098911372,0.0,0.0
229,chairs,O-T2X-R,2.772656202316284,32.37857153842635,0.0,0.0
229,chairs,ABL-ET2X-R-PreviousRawEdge-BilinearRGB,4.154296875,28.791013457719945,0.0,0.0
229,chairs,ABL-ET2X-R-PreviousRawEdge-ResolvedRGB,4.109667778015137,28.865155255817143,0.0,0.0
229,chairs,ABL-ET2X-R-PreviousRawEdge-CatmullRomRGB,4.114827632904053,28.84868332023199,0.0,0.0
229,thin-chair,O-T2X-R,3.896780252456665,30.58550969043736,0.0,0.0
229,thin-chair,ABL-ET2X-R-PreviousRawEdge-BilinearRGB,5.882753372192383,26.836742556035006,0.0,0.0
229,thin-chair,ABL-ET2X-R-PreviousRawEdge-ResolvedRGB,5.819661617279053,26.90736666530305,0.0,0.0
229,thin-chair,ABL-ET2X-R-PreviousRawEdge-CatmullRomRGB,5.83126163482666,26.88709946523908,0.0,0.0
229,windows,O-T2X-R,3.6632161140441895,29.098410892712096,0.0,0.0
229,windows,ABL-ET2X-R-PreviousRawEdge-BilinearRGB,5.093522071838379,25.72878435229481,0.0,0.0
229,windows,ABL-ET2X-R-PreviousRawEdge-ResolvedRGB,5.0570149421691895,25.785561107669075,0.0,0.0
229,windows,ABL-ET2X-R-PreviousRawEdge-CatmullRomRGB,5.057454586029053,25.776502098911372,0.0,0.0
230,chairs,O-T2X-R,2.772656202316284,32.37857153842635,0.0,0.0
230,chairs,ABL-ET2X-R-PreviousRawEdge-BilinearRGB,4.154296875,28.791013457719945,0.0,0.0
230,chairs,ABL-ET2X-R-PreviousRawEdge-ResolvedRGB,4.109667778015137,28.865155255817143,0.0,0.0
230,chairs,ABL-ET2X-R-PreviousRawEdge-CatmullRomRGB,4.114827632904053,28.84868332023199,0.0,0.0
230,thin-chair,O-T2X-R,3.896780252456665,30.58550969043736,0.0,0.0
230,thin-chair,ABL-ET2X-R-PreviousRawEdge-BilinearRGB,5.882753372192383,26.836742556035006,0.0,0.0
230,thin-chair,ABL-ET2X-R-PreviousRawEdge-ResolvedRGB,5.819661617279053,26.90736666530305,0.0,0.0
230,thin-chair,ABL-ET2X-R-PreviousRawEdge-CatmullRomRGB,5.83126163482666,26.88709946523908,0.0,0.0
230,windows,O-T2X-R,3.6632161140441895,29.098410892712096,0.0,0.0
230,windows,ABL-ET2X-R-PreviousRawEdge-BilinearRGB,5.093522071838379,25.72878435229481,0.0,0.0
230,windows,ABL-ET2X-R-PreviousRawEdge-ResolvedRGB,5.0570149421691895,25.785561107669075,0.0,0.0
230,windows,ABL-ET2X-R-PreviousRawEdge-CatmullRomRGB,5.057454586029053,25.776502098911372,0.0,0.0
231,chairs,O-T2X-R,2.772656202316284,32.37857153842635,0.0,0.0
231,chairs,ABL-ET2X-R-PreviousRawEdge-BilinearRGB,4.154296875,28.791013457719945,0.0,0.0
231,chairs,ABL-ET2X-R-PreviousRawEdge-ResolvedRGB,4.109667778015137,28.865155255817143,0.0,0.0
231,chairs,ABL-ET2X-R-PreviousRawEdge-CatmullRomRGB,4.114827632904053,28.84868332023199,0.0,0.0
231,thin-chair,O-T2X-R,3.896780252456665,30.58550969043736,0.0,0.0
231,thin-chair,ABL-ET2X-R-PreviousRawEdge-BilinearRGB,5.882753372192383,26.836742556035006,0.0,0.0
231,thin-chair,ABL-ET2X-R-PreviousRawEdge-ResolvedRGB,5.819661617279053,26.90736666530305,0.0,0.0
231,thin-chair,ABL-ET2X-R-PreviousRawEdge-CatmullRomRGB,5.83126163482666,26.88709946523908,0.0,0.0
231,windows,O-T2X-R,3.6632161140441895,29.098410892712096,0.0,0.0
231,windows,ABL-ET2X-R-PreviousRawEdge-BilinearRGB,5.093522071838379,25.72878435229481,0.0,0.0
231,windows,ABL-ET2X-R-PreviousRawEdge-ResolvedRGB,5.0570149421691895,25.785561107669075,0.0,0.0
231,windows,ABL-ET2X-R-PreviousRawEdge-CatmullRomRGB,5.057454586029053,25.776502098911372,0.0,0.0
232,chairs,O-T2X-R,2.772656202316284,32.37857153842635,0.0,0.0
232,chairs,ABL-ET2X-R-PreviousRawEdge-BilinearRGB,4.154296875,28.791013457719945,0.0,0.0
232,chairs,ABL-ET2X-R-PreviousRawEdge-ResolvedRGB,4.109667778015137,28.865155255817143,0.0,0.0
232,chairs,ABL-ET2X-R-PreviousRawEdge-CatmullRomRGB,4.114827632904053,28.84868332023199,0.0,0.0
232,thin-chair,O-T2X-R,3.896780252456665,30.58550969043736,0.0,0.0
232,thin-chair,ABL-ET2X-R-PreviousRawEdge-BilinearRGB,5.882753372192383,26.836742556035006,0.0,0.0
232,thin-chair,ABL-ET2X-R-PreviousRawEdge-ResolvedRGB,5.819661617279053,26.90736666530305,0.0,0.0
232,thin-chair,ABL-ET2X-R-PreviousRawEdge-CatmullRomRGB,5.83126163482666,26.88709946523908,0.0,0.0
232,windows,O-T2X-R,3.6632161140441895,29.098410892712096,0.0,0.0
232,windows,ABL-ET2X-R-PreviousRawEdge-BilinearRGB,5.093522071838379,25.72878435229481,0.0,0.0
232,windows,ABL-ET2X-R-PreviousRawEdge-ResolvedRGB,5.0570149421691895,25.785561107669075,0.0,0.0
232,windows,ABL-ET2X-R-PreviousRawEdge-CatmullRomRGB,5.057454586029053,25.776502098911372,0.0,0.0
233,chairs,O-T2X-R,2.772656202316284,32.37857153842635,0.0,0.0
233,chairs,ABL-ET2X-R-PreviousRawEdge-BilinearRGB,4.154296875,28.791013457719945,0.0,0.0
233,chairs,ABL-ET2X-R-PreviousRawEdge-ResolvedRGB,4.109667778015137,28.865155255817143,0.0,0.0
233,chairs,ABL-ET2X-R-PreviousRawEdge-CatmullRomRGB,4.114827632904053,28.84868332023199,0.0,0.0
233,thin-chair,O-T2X-R,3.896780252456665,30.58550969043736,0.0,0.0
233,thin-chair,ABL-ET2X-R-PreviousRawEdge-BilinearRGB,5.882753372192383,26.836742556035006,0.0,0.0
233,thin-chair,ABL-ET2X-R-PreviousRawEdge-ResolvedRGB,5.819661617279053,26.90736666530305,0.0,0.0
233,thin-chair,ABL-ET2X-R-PreviousRawEdge-CatmullRomRGB,5.83126163482666,26.88709946523908,0.0,0.0
233,windows,O-T2X-R,3.6632161140441895,29.098410892712096,0.0,0.0
233,windows,ABL-ET2X-R-PreviousRawEdge-BilinearRGB,5.093522071838379,25.72878435229481,0.0,0.0
233,windows,ABL-ET2X-R-PreviousRawEdge-ResolvedRGB,5.0570149421691895,25.785561107669075,0.0,0.0
233,windows,ABL-ET2X-R-PreviousRawEdge-CatmullRomRGB,5.057454586029053,25.776502098911372,0.0,0.0
234,chairs,O-T2X-R,2.772656202316284,32.37857153842635,0.0,0.0
234,chairs,ABL-ET2X-R-PreviousRawEdge-BilinearRGB,4.154296875,28.791013457719945,0.0,0.0
234,chairs,ABL-ET2X-R-PreviousRawEdge-ResolvedRGB,4.109667778015137,28.865155255817143,0.0,0.0
234,chairs,ABL-ET2X-R-PreviousRawEdge-CatmullRomRGB,4.114827632904053,28.84868332023199,0.0,0.0
234,thin-chair,O-T2X-R,3.896780252456665,30.58550969043736,0.0,0.0
234,thin-chair,ABL-ET2X-R-PreviousRawEdge-BilinearRGB,5.882753372192383,26.836742556035006,0.0,0.0
234,thin-chair,ABL-ET2X-R-PreviousRawEdge-ResolvedRGB,5.819661617279053,26.90736666530305,0.0,0.0
234,thin-chair,ABL-ET2X-R-PreviousRawEdge-CatmullRomRGB,5.83126163482666,26.88709946523908,0.0,0.0
234,windows,O-T2X-R,3.6632161140441895,29.098410892712096,0.0,0.0
234,windows,ABL-ET2X-R-PreviousRawEdge-BilinearRGB,5.093522071838379,25.72878435229481,0.0,0.0
234,windows,ABL-ET2X-R-PreviousRawEdge-ResolvedRGB,5.0570149421691895,25.785561107669075,0.0,0.0
234,windows,ABL-ET2X-R-PreviousRawEdge-CatmullRomRGB,5.057454586029053,25.776502098911372,0.0,0.0
235,chairs,O-T2X-R,2.772656202316284,32.37857153842635,0.0,0.0
235,chairs,ABL-ET2X-R-PreviousRawEdge-BilinearRGB,4.154296875,28.791013457719945,0.0,0.0
235,chairs,ABL-ET2X-R-PreviousRawEdge-ResolvedRGB,4.109667778015137,28.865155255817143,0.0,0.0
235,chairs,ABL-ET2X-R-PreviousRawEdge-CatmullRomRGB,4.114827632904053,28.84868332023199,0.0,0.0
235,thin-chair,O-T2X-R,3.896780252456665,30.58550969043736,0.0,0.0
235,thin-chair,ABL-ET2X-R-PreviousRawEdge-BilinearRGB,5.882753372192383,26.836742556035006,0.0,0.0
235,thin-chair,ABL-ET2X-R-PreviousRawEdge-ResolvedRGB,5.819661617279053,26.90736666530305,0.0,0.0
235,thin-chair,ABL-ET2X-R-PreviousRawEdge-CatmullRomRGB,5.83126163482666,26.88709946523908,0.0,0.0
235,windows,O-T2X-R,3.6632161140441895,29.098410892712096,0.0,0.0
235,windows,ABL-ET2X-R-PreviousRawEdge-BilinearRGB,5.093522071838379,25.72878435229481,0.0,0.0
235,windows,ABL-ET2X-R-PreviousRawEdge-ResolvedRGB,5.0570149421691895,25.785561107669075,0.0,0.0
235,windows,ABL-ET2X-R-PreviousRawEdge-CatmullRomRGB,5.057454586029053,25.776502098911372,0.0,0.0
236,chairs,O-T2X-R,2.772656202316284,32.37857153842635,0.0,0.0
236,chairs,ABL-ET2X-R-PreviousRawEdge-BilinearRGB,4.154296875,28.791013457719945,0.0,0.0
236,chairs,ABL-ET2X-R-PreviousRawEdge-ResolvedRGB,4.109667778015137,28.865155255817143,0.0,0.0
236,chairs,ABL-ET2X-R-PreviousRawEdge-CatmullRomRGB,4.114827632904053,28.84868332023199,0.0,0.0
236,thin-chair,O-T2X-R,3.896780252456665,30.58550969043736,0.0,0.0
236,thin-chair,ABL-ET2X-R-PreviousRawEdge-BilinearRGB,5.882753372192383,26.836742556035006,0.0,0.0
236,thin-chair,ABL-ET2X-R-PreviousRawEdge-ResolvedRGB,5.819661617279053,26.90736666530305,0.0,0.0
236,thin-chair,ABL-ET2X-R-PreviousRawEdge-CatmullRomRGB,5.83126163482666,26.88709946523908,0.0,0.0
236,windows,O-T2X-R,3.6632161140441895,29.098410892712096,0.0,0.0
236,windows,ABL-ET2X-R-PreviousRawEdge-BilinearRGB,5.093522071838379,25.72878435229481,0.0,0.0
236,windows,ABL-ET2X-R-PreviousRawEdge-ResolvedRGB,5.0570149421691895,25.785561107669075,0.0,0.0
236,windows,ABL-ET2X-R-PreviousRawEdge-CatmullRomRGB,5.057454586029053,25.776502098911372,0.0,0.0
237,chairs,O-T2X-R,2.772656202316284,32.37857153842635,0.0,0.0
237,chairs,ABL-ET2X-R-PreviousRawEdge-BilinearRGB,4.154296875,28.791013457719945,0.0,0.0
237,chairs,ABL-ET2X-R-PreviousRawEdge-ResolvedRGB,4.109667778015137,28.865155255817143,0.0,0.0
237,chairs,ABL-ET2X-R-PreviousRawEdge-CatmullRomRGB,4.114827632904053,28.84868332023199,0.0,0.0
237,thin-chair,O-T2X-R,3.896780252456665,30.58550969043736,0.0,0.0
237,thin-chair,ABL-ET2X-R-PreviousRawEdge-BilinearRGB,5.882753372192383,26.836742556035006,0.0,0.0
237,thin-chair,ABL-ET2X-R-PreviousRawEdge-ResolvedRGB,5.819661617279053,26.90736666530305,0.0,0.0
237,thin-chair,ABL-ET2X-R-PreviousRawEdge-CatmullRomRGB,5.83126163482666,26.88709946523908,0.0,0.0
237,windows,O-T2X-R,3.6632161140441895,29.098410892712096,0.0,0.0
237,windows,ABL-ET2X-R-PreviousRawEdge-BilinearRGB,5.093522071838379,25.72878435229481,0.0,0.0
237,windows,ABL-ET2X-R-PreviousRawEdge-ResolvedRGB,5.0570149421691895,25.785561107669075,0.0,0.0
237,windows,ABL-ET2X-R-PreviousRawEdge-CatmullRomRGB,5.057454586029053,25.776502098911372,0.0,0.0
238,chairs,O-T2X-R,2.772656202316284,32.37857153842635,0.0,0.0
238,chairs,ABL-ET2X-R-PreviousRawEdge-BilinearRGB,4.154296875,28.791013457719945,0.0,0.0
238,chairs,ABL-ET2X-R-PreviousRawEdge-ResolvedRGB,4.109667778015137,28.865155255817143,0.0,0.0
238,chairs,ABL-ET2X-R-PreviousRawEdge-CatmullRomRGB,4.114827632904053,28.84868332023199,0.0,0.0
238,thin-chair,O-T2X-R,3.896780252456665,30.58550969043736,0.0,0.0
238,thin-chair,ABL-ET2X-R-PreviousRawEdge-BilinearRGB,5.882753372192383,26.836742556035006,0.0,0.0
238,thin-chair,ABL-ET2X-R-PreviousRawEdge-ResolvedRGB,5.819661617279053,26.90736666530305,0.0,0.0
238,thin-chair,ABL-ET2X-R-PreviousRawEdge-CatmullRomRGB,5.83126163482666,26.88709946523908,0.0,0.0
238,windows,O-T2X-R,3.6632161140441895,29.098410892712096,0.0,0.0
238,windows,ABL-ET2X-R-PreviousRawEdge-BilinearRGB,5.093522071838379,25.72878435229481,0.0,0.0
238,windows,ABL-ET2X-R-PreviousRawEdge-ResolvedRGB,5.0570149421691895,25.785561107669075,0.0,0.0
238,windows,ABL-ET2X-R-PreviousRawEdge-CatmullRomRGB,5.057454586029053,25.776502098911372,0.0,0.0
239,chairs,O-T2X-R,2.772656202316284,32.37857153842635,0.0,0.0
239,chairs,ABL-ET2X-R-PreviousRawEdge-BilinearRGB,4.154296875,28.791013457719945,0.0,0.0
239,chairs,ABL-ET2X-R-PreviousRawEdge-ResolvedRGB,4.109667778015137,28.865155255817143,0.0,0.0
239,chairs,ABL-ET2X-R-PreviousRawEdge-CatmullRomRGB,4.114827632904053,28.84868332023199,0.0,0.0
239,thin-chair,O-T2X-R,3.896780252456665,30.58550969043736,0.0,0.0
239,thin-chair,ABL-ET2X-R-PreviousRawEdge-BilinearRGB,5.882753372192383,26.836742556035006,0.0,0.0
239,thin-chair,ABL-ET2X-R-PreviousRawEdge-ResolvedRGB,5.819661617279053,26.90736666530305,0.0,0.0
239,thin-chair,ABL-ET2X-R-PreviousRawEdge-CatmullRomRGB,5.83126163482666,26.88709946523908,0.0,0.0
239,windows,O-T2X-R,3.6632161140441895,29.098410892712096,0.0,0.0
239,windows,ABL-ET2X-R-PreviousRawEdge-BilinearRGB,5.093522071838379,25.72878435229481,0.0,0.0
239,windows,ABL-ET2X-R-PreviousRawEdge-ResolvedRGB,5.0570149421691895,25.785561107669075,0.0,0.0
239,windows,ABL-ET2X-R-PreviousRawEdge-CatmullRomRGB,5.057454586029053,25.776502098911372,0.0,0.0
