frame,roi,mode,reference_rgb_mae,psnr,luma_delta,luma_second_delta
0,seams,O-T2X-R,0.5226399898529053,45.882686964370606,,
0,seams,ABL-ET2X-R-PreviousRawEdge-BilinearRGB,0.5082356929779053,43.47709129183293,,
0,seams,ABL-ET2X-R-PreviousRawEdge-ResolvedRGB,0.5082356929779053,43.47709129183293,,
0,seams,ABL-ET2X-R-PreviousRawEdge-CatmullRomRGB,0.5082356929779053,43.47709129183293,,
0,thin-seam,O-T2X-R,0.6482204794883728,46.388466073663025,,
0,thin-seam,ABL-ET2X-R-PreviousRawEdge-BilinearRGB,0.8239474892616272,41.062324330100765,,
0,thin-seam,ABL-ET2X-R-PreviousRawEdge-ResolvedRGB,0.8239474892616272,41.062324330100765,,
0,thin-seam,ABL-ET2X-R-PreviousRawEdge-CatmullRomRGB,0.8239474892616272,41.062324330100765,,
0,leaves,O-T2X-R,6.732568264007568,26.679663683757333,,
0,leaves,ABL-ET2X-R-PreviousRawEdge-BilinearRGB,4.2450032234191895,29.5449999940801,,
0,leaves,ABL-ET2X-R-PreviousRawEdge-ResolvedRGB,4.2450032234191895,29.5449999940801,,
0,leaves,ABL-ET2X-R-PreviousRawEdge-CatmullRomRGB,4.2450032234191895,29.5449999940801,,
1,seams,O-T2X-R,0.43120115995407104,46.44178134717093,0.392333447933197,
1,seams,ABL-ET2X-R-PreviousRawEdge-BilinearRGB,0.5082356929779053,43.47709129183293,0.0,
1,seams,ABL-ET2X-R-PreviousRawEdge-ResolvedRGB,0.5082356929779053,43.47709129183293,0.0,
1,seams,ABL-ET2X-R-PreviousRawEdge-CatmullRomRGB,0.5082356929779053,43.47709129183293,0.0,
1,thin-seam,O-T2X-R,0.6215277910232544,44.61442733173292,0.5660820007324219,
1,thin-seam,ABL-ET2X-R-PreviousRawEdge-BilinearRGB,0.8239474892616272,41.062324330100765,0.0,
1,thin-seam,ABL-ET2X-R-PreviousRawEdge-ResolvedRGB,0.8239474892616272,41.062324330100765,0.0,
1,thin-seam,ABL-ET2X-R-PreviousRawEdge-CatmullRomRGB,0.8239474892616272,41.062324330100765,0.0,
1,leaves,O-T2X-R,3.4842448234558105,31.63655484963007,5.814536094665527,
1,leaves,ABL-ET2X-R-PreviousRawEdge-BilinearRGB,4.2450032234191895,29.5449999940801,0.0,
1,leaves,ABL-ET2X-R-PreviousRawEdge-ResolvedRGB,4.2450032234191895,29.5449999940801,0.0,
1,leaves,ABL-ET2X-R-PreviousRawEdge-CatmullRomRGB,4.2450032234191895,29.5449999940801,0.0,
2,seams,O-T2X-R,0.43120115995407104,46.44178134717093,0.0,0.392333447933197
2,seams,ABL-ET2X-R-PreviousRawEdge-BilinearRGB,0.5082356929779053,43.47709129183293,0.0,0.0
2,seams,ABL-ET2X-R-PreviousRawEdge-ResolvedRGB,0.5082356929779053,43.47709129183293,0.0,0.0
2,seams,ABL-ET2X-R-PreviousRawEdge-CatmullRomRGB,0.5082356929779053,43.47709129183293,0.0,0.0
2,thin-seam,O-T2X-R,0.6215277910232544,44.61442733173292,0.0,0.5660820007324219
2,thin-seam,ABL-ET2X-R-PreviousRawEdge-BilinearRGB,0.8239474892616272,41.062324330100765,0.0,0.0
2,thin-seam,ABL-ET2X-R-PreviousRawEdge-ResolvedRGB,0.8239474892616272,41.062324330100765,0.0,0.0
2,thin-seam,ABL-ET2X-R-PreviousRawEdge-CatmullRomRGB,0.8239474892616272,41.062324330100765,0.0,0.0
2,leaves,O-T2X-R,3.4842448234558105,31.63655484963007,0.0,5.814536094665527
2,leaves,ABL-ET2X-R-PreviousRawEdge-BilinearRGB,4.2450032234191895,29.5449999940801,0.0,0.0
2,leaves,ABL-ET2X-R-PreviousRawEdge-ResolvedRGB,4.2450032234191895,29.5449999940801,0.0,0.0
2,leaves,ABL-ET2X-R-PreviousRawEdge-CatmullRomRGB,4.2450032234191895,29.5449999940801,0.0,0.0
3,seams,O-T2X-R,0.43120115995407104,46.44178134717093,0.0,0.0
3,seams,ABL-ET2X-R-PreviousRawEdge-BilinearRGB,0.5082356929779053,43.47709129183293,0.0,0.0
3,seams,ABL-ET2X-R-PreviousRawEdge-ResolvedRGB,0.5082356929779053,43.47709129183293,0.0,0.0
3,seams,ABL-ET2X-R-PreviousRawEdge-CatmullRomRGB,0.5082356929779053,43.47709129183293,0.0,0.0
3,thin-seam,O-T2X-R,0.6215277910232544,44.61442733173292,0.0,0.0
3,thin-seam,ABL-ET2X-R-PreviousRawEdge-BilinearRGB,0.8239474892616272,41.062324330100765,0.0,0.0
3,thin-seam,ABL-ET2X-R-PreviousRawEdge-ResolvedRGB,0.8239474892616272,41.062324330100765,0.0,0.0
3,thin-seam,ABL-ET2X-R-PreviousRawEdge-CatmullRomRGB,0.8239474892616272,41.062324330100765,0.0,0.0
3,leaves,O-T2X-R,3.4842448234558105,31.63655484963007,0.0,0.0
3,leaves,ABL-ET2X-R-PreviousRawEdge-BilinearRGB,4.2450032234191895,29.5449999940801,0.0,0.0
3,leaves,ABL-ET2X-R-PreviousRawEdge-ResolvedRGB,4.2450032234191895,29.5449999940801,0.0,0.0
3,leaves,ABL-ET2X-R-PreviousRawEdge-CatmullRomRGB,4.2450032234191895,29.5449999940801,0.0,0.0
4,seams,O-T2X-R,0.43120115995407104,46.44178134717093,0.0,0.0
4,seams,ABL-ET2X-R-PreviousRawEdge-BilinearRGB,0.5082356929779053,43.47709129183293,0.0,0.0
4,seams,ABL-ET2X-R-PreviousRawEdge-ResolvedRGB,0.5082356929779053,43.47709129183293,0.0,0.0
4,seams,ABL-ET2X-R-PreviousRawEdge-CatmullRomRGB,0.5082356929779053,43.47709129183293,0.0,0.0
4,thin-seam,O-T2X-R,0.6215277910232544,44.61442733173292,0.0,0.0
4,thin-seam,ABL-ET2X-R-PreviousRawEdge-BilinearRGB,0.8239474892616272,41.062324330100765,0.0,0.0
4,thin-seam,ABL-ET2X-R-PreviousRawEdge-ResolvedRGB,0.8239474892616272,41.062324330100765,0.0,0.0
4,thin-seam,ABL-ET2X-R-PreviousRawEdge-CatmullRomRGB,0.8239474892616272,41.062324330100765,0.0,0.0
4,leaves,O-T2X-R,3.4842448234558105,31.63655484963007,0.0,0.0
4,leaves,ABL-ET2X-R-PreviousRawEdge-BilinearRGB,4.2450032234191895,29.5449999940801,0.0,0.0
4,leaves,ABL-ET2X-R-PreviousRawEdge-ResolvedRGB,4.2450032234191895,29.5449999940801,0.0,0.0
4,leaves,ABL-ET2X-R-PreviousRawEdge-CatmullRomRGB,4.2450032234191895,29.5449999940801,0.0,0.0
5,seams,O-T2X-R,0.43120115995407104,46.44178134717093,0.0,0.0
5,seams,ABL-ET2X-R-PreviousRawEdge-BilinearRGB,0.5082356929779053,43.47709129183293,0.0,0.0
5,seams,ABL-ET2X-R-PreviousRawEdge-ResolvedRGB,0.5082356929779053,43.47709129183293,0.0,0.0
5,seams,ABL-ET2X-R-PreviousRawEdge-CatmullRomRGB,0.5082356929779053,43.47709129183293,0.0,0.0
5,thin-seam,O-T2X-R,0.6215277910232544,44.61442733173292,0.0,0.0
5,thin-seam,ABL-ET2X-R-PreviousRawEdge-BilinearRGB,0.8239474892616272,41.062324330100765,0.0,0.0
5,thin-seam,ABL-ET2X-R-PreviousRawEdge-ResolvedRGB,0.8239474892616272,41.062324330100765,0.0,0.0
5,thin-seam,ABL-ET2X-R-PreviousRawEdge-CatmullRomRGB,0.8239474892616272,41.062324330100765,0.0,0.0
5,leaves,O-T2X-R,3.4842448234558105,31.63655484963007,0.0,0.0
5,leaves,ABL-ET2X-R-PreviousRawEdge-BilinearRGB,4.2450032234191895,29.5449999940801,0.0,0.0
5,leaves,ABL-ET2X-R-PreviousRawEdge-ResolvedRGB,4.2450032234191895,29.5449999940801,0.0,0.0
5,leaves,ABL-ET2X-R-PreviousRawEdge-CatmullRomRGB,4.2450032234191895,29.5449999940801,0.0,0.0
6,seams,O-T2X-R,0.43120115995407104,46.44178134717093,0.0,0.0
6,seams,ABL-ET2X-R-PreviousRawEdge-BilinearRGB,0.5082356929779053,43.47709129183293,0.0,0.0
6,seams,ABL-ET2X-R-PreviousRawEdge-ResolvedRGB,0.5082356929779053,43.47709129183293,0.0,0.0
6,seams,ABL-ET2X-R-PreviousRawEdge-CatmullRomRGB,0.5082356929779053,43.47709129183293,0.0,0.0
6,thin-seam,O-T2X-R,0.6215277910232544,44.61442733173292,0.0,0.0
6,thin-seam,ABL-ET2X-R-PreviousRawEdge-BilinearRGB,0.8239474892616272,41.062324330100765,0.0,0.0
6,thin-seam,ABL-ET2X-R-PreviousRawEdge-ResolvedRGB,0.8239474892616272,41.062324330100765,0.0,0.0
6,thin-seam,ABL-ET2X-R-PreviousRawEdge-CatmullRomRGB,0.8239474892616272,41.062324330100765,0.0,0.0
6,leaves,O-T2X-R,3.4842448234558105,31.63655484963007,0.0,0.0
6,leaves,ABL-ET2X-R-PreviousRawEdge-BilinearRGB,4.2450032234191895,29.5449999940801,0.0,0.0
6,leaves,ABL-ET2X-R-PreviousRawEdge-ResolvedRGB,4.2450032234191895,29.5449999940801,0.0,0.0
6,leaves,ABL-ET2X-R-PreviousRawEdge-CatmullRomRGB,4.2450032234191895,29.5449999940801,0.0,0.0
7,seams,O-T2X-R,0.43120115995407104,46.44178134717093,0.0,0.0
7,seams,ABL-ET2X-R-PreviousRawEdge-BilinearRGB,0.5082356929779053,43.47709129183293,0.0,0.0
7,seams,ABL-ET2X-R-PreviousRawEdge-ResolvedRGB,0.5082356929779053,43.47709129183293,0.0,0.0
7,seams,ABL-ET2X-R-PreviousRawEdge-CatmullRomRGB,0.5082356929779053,43.47709129183293,0.0,0.0
7,thin-seam,O-T2X-R,0.6215277910232544,44.61442733173292,0.0,0.0
7,thin-seam,ABL-ET2X-R-PreviousRawEdge-BilinearRGB,0.8239474892616272,41.062324330100765,0.0,0.0
7,thin-seam,ABL-ET2X-R-PreviousRawEdge-ResolvedRGB,0.8239474892616272,41.062324330100765,0.0,0.0
7,thin-seam,ABL-ET2X-R-PreviousRawEdge-CatmullRomRGB,0.8239474892616272,41.062324330100765,0.0,0.0
7,leaves,O-T2X-R,3.4842448234558105,31.63655484963007,0.0,0.0
7,leaves,ABL-ET2X-R-PreviousRawEdge-BilinearRGB,4.2450032234191895,29.5449999940801,0.0,0.0
7,leaves,ABL-ET2X-R-PreviousRawEdge-ResolvedRGB,4.2450032234191895,29.5449999940801,0.0,0.0
7,leaves,ABL-ET2X-R-PreviousRawEdge-CatmullRomRGB,4.2450032234191895,29.5449999940801,0.0,0.0
8,seams,O-T2X-R,0.43120115995407104,46.44178134717093,0.0,0.0
8,seams,ABL-ET2X-R-PreviousRawEdge-BilinearRGB,0.5082356929779053,43.47709129183293,0.0,0.0
8,seams,ABL-ET2X-R-PreviousRawEdge-ResolvedRGB,0.5082356929779053,43.47709129183293,0.0,0.0
8,seams,ABL-ET2X-R-PreviousRawEdge-CatmullRomRGB,0.5082356929779053,43.47709129183293,0.0,0.0
8,thin-seam,O-T2X-R,0.6215277910232544,44.61442733173292,0.0,0.0
8,thin-seam,ABL-ET2X-R-PreviousRawEdge-BilinearRGB,0.8239474892616272,41.062324330100765,0.0,0.0
8,thin-seam,ABL-ET2X-R-PreviousRawEdge-ResolvedRGB,0.8239474892616272,41.062324330100765,0.0,0.0
8,thin-seam,ABL-ET2X-R-PreviousRawEdge-CatmullRomRGB,0.8239474892616272,41.062324330100765,0.0,0.0
8,leaves,O-T2X-R,3.4842448234558105,31.63655484963007,0.0,0.0
8,leaves,ABL-ET2X-R-PreviousRawEdge-BilinearRGB,4.2450032234191895,29.5449999940801,0.0,0.0
8,leaves,ABL-ET2X-R-PreviousRawEdge-ResolvedRGB,4.2450032234191895,29.5449999940801,0.0,0.0
8,leaves,ABL-ET2X-R-PreviousRawEdge-CatmullRomRGB,4.2450032234191895,29.5449999940801,0.0,0.0
9,seams,O-T2X-R,0.43120115995407104,46.44178134717093,0.0,0.0
9,seams,ABL-ET2X-R-PreviousRawEdge-BilinearRGB,0.5082356929779053,43.47709129183293,0.0,0.0
9,seams,ABL-ET2X-R-PreviousRawEdge-ResolvedRGB,0.5082356929779053,43.47709129183293,0.0,0.0
9,seams,ABL-ET2X-R-PreviousRawEdge-CatmullRomRGB,0.5082356929779053,43.47709129183293,0.0,0.0
9,thin-seam,O-T2X-R,0.6215277910232544,44.61442733173292,0.0,0.0
9,thin-seam,ABL-ET2X-R-PreviousRawEdge-BilinearRGB,0.8239474892616272,41.062324330100765,0.0,0.0
9,thin-seam,ABL-ET2X-R-PreviousRawEdge-ResolvedRGB,0.8239474892616272,41.062324330100765,0.0,0.0
9,thin-seam,ABL-ET2X-R-PreviousRawEdge-CatmullRomRGB,0.8239474892616272,41.062324330100765,0.0,0.0
9,leaves,O-T2X-R,3.4842448234558105,31.63655484963007,0.0,0.0
9,leaves,ABL-ET2X-R-PreviousRawEdge-BilinearRGB,4.2450032234191895,29.5449999940801,0.0,0.0
9,leaves,ABL-ET2X-R-PreviousRawEdge-ResolvedRGB,4.2450032234191895,29.5449999940801,0.0,0.0
9,leaves,ABL-ET2X-R-PreviousRawEdge-CatmullRomRGB,4.2450032234191895,29.5449999940801,0.0,0.0
10,seams,O-T2X-R,0.43120115995407104,46.44178134717093,0.0,0.0
10,seams,ABL-ET2X-R-PreviousRawEdge-BilinearRGB,0.5082356929779053,43.47709129183293,0.0,0.0
10,seams,ABL-ET2X-R-PreviousRawEdge-ResolvedRGB,0.5082356929779053,43.47709129183293,0.0,0.0
10,seams,ABL-ET2X-R-PreviousRawEdge-CatmullRomRGB,0.5082356929779053,43.47709129183293,0.0,0.0
10,thin-seam,O-T2X-R,0.6215277910232544,44.61442733173292,0.0,0.0
10,thin-seam,ABL-ET2X-R-PreviousRawEdge-BilinearRGB,0.8239474892616272,41.062324330100765,0.0,0.0
10,thin-seam,ABL-ET2X-R-PreviousRawEdge-ResolvedRGB,0.8239474892616272,41.062324330100765,0.0,0.0
10,thin-seam,ABL-ET2X-R-PreviousRawEdge-CatmullRomRGB,0.8239474892616272,41.062324330100765,0.0,0.0
10,leaves,O-T2X-R,3.4842448234558105,31.63655484963007,0.0,0.0
10,leaves,ABL-ET2X-R-PreviousRawEdge-BilinearRGB,4.2450032234191895,29.5449999940801,0.0,0.0
10,leaves,ABL-ET2X-R-PreviousRawEdge-ResolvedRGB,4.2450032234191895,29.5449999940801,0.0,0.0
10,leaves,ABL-ET2X-R-PreviousRawEdge-CatmullRomRGB,4.2450032234191895,29.5449999940801,0.0,0.0
11,seams,O-T2X-R,0.43120115995407104,46.44178134717093,0.0,0.0
11,seams,ABL-ET2X-R-PreviousRawEdge-BilinearRGB,0.5082356929779053,43.47709129183293,0.0,0.0
11,seams,ABL-ET2X-R-PreviousRawEdge-ResolvedRGB,0.5082356929779053,43.47709129183293,0.0,0.0
11,seams,ABL-ET2X-R-PreviousRawEdge-CatmullRomRGB,0.5082356929779053,43.47709129183293,0.0,0.0
11,thin-seam,O-T2X-R,0.6215277910232544,44.61442733173292,0.0,0.0
11,thin-seam,ABL-ET2X-R-PreviousRawEdge-BilinearRGB,0.8239474892616272,41.062324330100765,0.0,0.0
11,thin-seam,ABL-ET2X-R-PreviousRawEdge-ResolvedRGB,0.8239474892616272,41.062324330100765,0.0,0.0
11,thin-seam,ABL-ET2X-R-PreviousRawEdge-CatmullRomRGB,0.8239474892616272,41.062324330100765,0.0,0.0
11,leaves,O-T2X-R,3.4842448234558105,31.63655484963007,0.0,0.0
11,leaves,ABL-ET2X-R-PreviousRawEdge-BilinearRGB,4.2450032234191895,29.5449999940801,0.0,0.0
11,leaves,ABL-ET2X-R-PreviousRawEdge-ResolvedRGB,4.2450032234191895,29.5449999940801,0.0,0.0
11,leaves,ABL-ET2X-R-PreviousRawEdge-CatmullRomRGB,4.2450032234191895,29.5449999940801,0.0,0.0
12,seams,O-T2X-R,0.43120115995407104,46.44178134717093,0.0,0.0
12,seams,ABL-ET2X-R-PreviousRawEdge-BilinearRGB,0.5082356929779053,43.47709129183293,0.0,0.0
12,seams,ABL-ET2X-R-PreviousRawEdge-ResolvedRGB,0.5082356929779053,43.47709129183293,0.0,0.0
12,seams,ABL-ET2X-R-PreviousRawEdge-CatmullRomRGB,0.5082356929779053,43.47709129183293,0.0,0.0
12,thin-seam,O-T2X-R,0.6215277910232544,44.61442733173292,0.0,0.0
12,thin-seam,ABL-ET2X-R-PreviousRawEdge-BilinearRGB,0.8239474892616272,41.062324330100765,0.0,0.0
12,thin-seam,ABL-ET2X-R-PreviousRawEdge-ResolvedRGB,0.8239474892616272,41.062324330100765,0.0,0.0
12,thin-seam,ABL-ET2X-R-PreviousRawEdge-CatmullRomRGB,0.8239474892616272,41.062324330100765,0.0,0.0
12,leaves,O-T2X-R,3.4842448234558105,31.63655484963007,0.0,0.0
12,leaves,ABL-ET2X-R-PreviousRawEdge-BilinearRGB,4.2450032234191895,29.5449999940801,0.0,0.0
12,leaves,ABL-ET2X-R-PreviousRawEdge-ResolvedRGB,4.2450032234191895,29.5449999940801,0.0,0.0
12,leaves,ABL-ET2X-R-PreviousRawEdge-CatmullRomRGB,4.2450032234191895,29.5449999940801,0.0,0.0
13,seams,O-T2X-R,0.43120115995407104,46.44178134717093,0.0,0.0
13,seams,ABL-ET2X-R-PreviousRawEdge-BilinearRGB,0.5082356929779053,43.47709129183293,0.0,0.0
13,seams,ABL-ET2X-R-PreviousRawEdge-ResolvedRGB,0.5082356929779053,43.47709129183293,0.0,0.0
13,seams,ABL-ET2X-R-PreviousRawEdge-CatmullRomRGB,0.5082356929779053,43.47709129183293,0.0,0.0
13,thin-seam,O-T2X-R,0.6215277910232544,44.61442733173292,0.0,0.0
13,thin-seam,ABL-ET2X-R-PreviousRawEdge-BilinearRGB,0.8239474892616272,41.062324330100765,0.0,0.0
13,thin-seam,ABL-ET2X-R-PreviousRawEdge-ResolvedRGB,0.8239474892616272,41.062324330100765,0.0,0.0
13,thin-seam,ABL-ET2X-R-PreviousRawEdge-CatmullRomRGB,0.8239474892616272,41.062324330100765,0.0,0.0
13,leaves,O-T2X-R,3.4842448234558105,31.63655484963007,0.0,0.0
13,leaves,ABL-ET2X-R-PreviousRawEdge-BilinearRGB,4.2450032234191895,29.5449999940801,0.0,0.0
13,leaves,ABL-ET2X-R-PreviousRawEdge-ResolvedRGB,4.2450032234191895,29.5449999940801,0.0,0.0
13,leaves,ABL-ET2X-R-PreviousRawEdge-CatmullRomRGB,4.2450032234191895,29.5449999940801,0.0,0.0
14,seams,O-T2X-R,0.43120115995407104,46.44178134717093,0.0,0.0
14,seams,ABL-ET2X-R-PreviousRawEdge-BilinearRGB,0.5082356929779053,43.47709129183293,0.0,0.0
14,seams,ABL-ET2X-R-PreviousRawEdge-ResolvedRGB,0.5082356929779053,43.47709129183293,0.0,0.0
14,seams,ABL-ET2X-R-PreviousRawEdge-CatmullRomRGB,0.5082356929779053,43.47709129183293,0.0,0.0
14,thin-seam,O-T2X-R,0.6215277910232544,44.61442733173292,0.0,0.0
14,thin-seam,ABL-ET2X-R-PreviousRawEdge-BilinearRGB,0.8239474892616272,41.062324330100765,0.0,0.0
14,thin-seam,ABL-ET2X-R-PreviousRawEdge-ResolvedRGB,0.8239474892616272,41.062324330100765,0.0,0.0
14,thin-seam,ABL-ET2X-R-PreviousRawEdge-CatmullRomRGB,0.8239474892616272,41.062324330100765,0.0,0.0
14,leaves,O-T2X-R,3.4842448234558105,31.63655484963007,0.0,0.0
14,leaves,ABL-ET2X-R-PreviousRawEdge-BilinearRGB,4.2450032234191895,29.5449999940801,0.0,0.0
14,leaves,ABL-ET2X-R-PreviousRawEdge-ResolvedRGB,4.2450032234191895,29.5449999940801,0.0,0.0
14,leaves,ABL-ET2X-R-PreviousRawEdge-CatmullRomRGB,4.2450032234191895,29.5449999940801,0.0,0.0
15,seams,O-T2X-R,0.43120115995407104,46.44178134717093,0.0,0.0
15,seams,ABL-ET2X-R-PreviousRawEdge-BilinearRGB,0.5082356929779053,43.47709129183293,0.0,0.0
15,seams,ABL-ET2X-R-PreviousRawEdge-ResolvedRGB,0.5082356929779053,43.47709129183293,0.0,0.0
15,seams,ABL-ET2X-R-PreviousRawEdge-CatmullRomRGB,0.5082356929779053,43.47709129183293,0.0,0.0
15,thin-seam,O-T2X-R,0.6215277910232544,44.61442733173292,0.0,0.0
15,thin-seam,ABL-ET2X-R-PreviousRawEdge-BilinearRGB,0.8239474892616272,41.062324330100765,0.0,0.0
15,thin-seam,ABL-ET2X-R-PreviousRawEdge-ResolvedRGB,0.8239474892616272,41.062324330100765,0.0,0.0
15,thin-seam,ABL-ET2X-R-PreviousRawEdge-CatmullRomRGB,0.8239474892616272,41.062324330100765,0.0,0.0
15,leaves,O-T2X-R,3.4842448234558105,31.63655484963007,0.0,0.0
15,leaves,ABL-ET2X-R-PreviousRawEdge-BilinearRGB,4.2450032234191895,29.5449999940801,0.0,0.0
15,leaves,ABL-ET2X-R-PreviousRawEdge-ResolvedRGB,4.2450032234191895,29.5449999940801,0.0,0.0
15,leaves,ABL-ET2X-R-PreviousRawEdge-CatmullRomRGB,4.2450032234191895,29.5449999940801,0.0,0.0
16,seams,O-T2X-R,0.43120115995407104,46.44178134717093,0.0,0.0
16,seams,ABL-ET2X-R-PreviousRawEdge-BilinearRGB,0.5082356929779053,43.47709129183293,0.0,0.0
16,seams,ABL-ET2X-R-PreviousRawEdge-ResolvedRGB,0.5082356929779053,43.47709129183293,0.0,0.0
16,seams,ABL-ET2X-R-PreviousRawEdge-CatmullRomRGB,0.5082356929779053,43.47709129183293,0.0,0.0
16,thin-seam,O-T2X-R,0.6215277910232544,44.61442733173292,0.0,0.0
16,thin-seam,ABL-ET2X-R-PreviousRawEdge-BilinearRGB,0.8239474892616272,41.062324330100765,0.0,0.0
16,thin-seam,ABL-ET2X-R-PreviousRawEdge-ResolvedRGB,0.8239474892616272,41.062324330100765,0.0,0.0
16,thin-seam,ABL-ET2X-R-PreviousRawEdge-CatmullRomRGB,0.8239474892616272,41.062324330100765,0.0,0.0
16,leaves,O-T2X-R,3.4842448234558105,31.63655484963007,0.0,0.0
16,leaves,ABL-ET2X-R-PreviousRawEdge-BilinearRGB,4.2450032234191895,29.5449999940801,0.0,0.0
16,leaves,ABL-ET2X-R-PreviousRawEdge-ResolvedRGB,4.2450032234191895,29.5449999940801,0.0,0.0
16,leaves,ABL-ET2X-R-PreviousRawEdge-CatmullRomRGB,4.2450032234191895,29.5449999940801,0.0,0.0
17,seams,O-T2X-R,0.43120115995407104,46.44178134717093,0.0,0.0
17,seams,ABL-ET2X-R-PreviousRawEdge-BilinearRGB,0.5082356929779053,43.47709129183293,0.0,0.0
17,seams,ABL-ET2X-R-PreviousRawEdge-ResolvedRGB,0.5082356929779053,43.47709129183293,0.0,0.0
17,seams,ABL-ET2X-R-PreviousRawEdge-CatmullRomRGB,0.5082356929779053,43.47709129183293,0.0,0.0
17,thin-seam,O-T2X-R,0.6215277910232544,44.61442733173292,0.0,0.0
17,thin-seam,ABL-ET2X-R-PreviousRawEdge-BilinearRGB,0.8239474892616272,41.062324330100765,0.0,0.0
17,thin-seam,ABL-ET2X-R-PreviousRawEdge-ResolvedRGB,0.8239474892616272,41.062324330100765,0.0,0.0
17,thin-seam,ABL-ET2X-R-PreviousRawEdge-CatmullRomRGB,0.8239474892616272,41.062324330100765,0.0,0.0
17,leaves,O-T2X-R,3.4842448234558105,31.63655484963007,0.0,0.0
17,leaves,ABL-ET2X-R-PreviousRawEdge-BilinearRGB,4.2450032234191895,29.5449999940801,0.0,0.0
17,leaves,ABL-ET2X-R-PreviousRawEdge-ResolvedRGB,4.2450032234191895,29.5449999940801,0.0,0.0
17,leaves,ABL-ET2X-R-PreviousRawEdge-CatmullRomRGB,4.2450032234191895,29.5449999940801,0.0,0.0
18,seams,O-T2X-R,0.43120115995407104,46.44178134717093,0.0,0.0
18,seams,ABL-ET2X-R-PreviousRawEdge-BilinearRGB,0.5082356929779053,43.47709129183293,0.0,0.0
18,seams,ABL-ET2X-R-PreviousRawEdge-ResolvedRGB,0.5082356929779053,43.47709129183293,0.0,0.0
18,seams,ABL-ET2X-R-PreviousRawEdge-CatmullRomRGB,0.5082356929779053,43.47709129183293,0.0,0.0
18,thin-seam,O-T2X-R,0.6215277910232544,44.61442733173292,0.0,0.0
18,thin-seam,ABL-ET2X-R-PreviousRawEdge-BilinearRGB,0.8239474892616272,41.062324330100765,0.0,0.0
18,thin-seam,ABL-ET2X-R-PreviousRawEdge-ResolvedRGB,0.8239474892616272,41.062324330100765,0.0,0.0
18,thin-seam,ABL-ET2X-R-PreviousRawEdge-CatmullRomRGB,0.8239474892616272,41.062324330100765,0.0,0.0
18,leaves,O-T2X-R,3.4842448234558105,31.63655484963007,0.0,0.0
18,leaves,ABL-ET2X-R-PreviousRawEdge-BilinearRGB,4.2450032234191895,29.5449999940801,0.0,0.0
18,leaves,ABL-ET2X-R-PreviousRawEdge-ResolvedRGB,4.2450032234191895,29.5449999940801,0.0,0.0
18,leaves,ABL-ET2X-R-PreviousRawEdge-CatmullRomRGB,4.2450032234191895,29.5449999940801,0.0,0.0
19,seams,O-T2X-R,0.43120115995407104,46.44178134717093,0.0,0.0
19,seams,ABL-ET2X-R-PreviousRawEdge-BilinearRGB,0.5082356929779053,43.47709129183293,0.0,0.0
19,seams,ABL-ET2X-R-PreviousRawEdge-ResolvedRGB,0.5082356929779053,43.47709129183293,0.0,0.0
19,seams,ABL-ET2X-R-PreviousRawEdge-CatmullRomRGB,0.5082356929779053,43.47709129183293,0.0,0.0
19,thin-seam,O-T2X-R,0.6215277910232544,44.61442733173292,0.0,0.0
19,thin-seam,ABL-ET2X-R-PreviousRawEdge-BilinearRGB,0.8239474892616272,41.062324330100765,0.0,0.0
19,thin-seam,ABL-ET2X-R-PreviousRawEdge-ResolvedRGB,0.8239474892616272,41.062324330100765,0.0,0.0
19,thin-seam,ABL-ET2X-R-PreviousRawEdge-CatmullRomRGB,0.8239474892616272,41.062324330100765,0.0,0.0
19,leaves,O-T2X-R,3.4842448234558105,31.63655484963007,0.0,0.0
19,leaves,ABL-ET2X-R-PreviousRawEdge-BilinearRGB,4.2450032234191895,29.5449999940801,0.0,0.0
19,leaves,ABL-ET2X-R-PreviousRawEdge-ResolvedRGB,4.2450032234191895,29.5449999940801,0.0,0.0
19,leaves,ABL-ET2X-R-PreviousRawEdge-CatmullRomRGB,4.2450032234191895,29.5449999940801,0.0,0.0
20,seams,O-T2X-R,0.43120115995407104,46.44178134717093,0.0,0.0
20,seams,ABL-ET2X-R-PreviousRawEdge-BilinearRGB,0.5082356929779053,43.47709129183293,0.0,0.0
20,seams,ABL-ET2X-R-PreviousRawEdge-ResolvedRGB,0.5082356929779053,43.47709129183293,0.0,0.0
20,seams,ABL-ET2X-R-PreviousRawEdge-CatmullRomRGB,0.5082356929779053,43.47709129183293,0.0,0.0
20,thin-seam,O-T2X-R,0.6215277910232544,44.61442733173292,0.0,0.0
20,thin-seam,ABL-ET2X-R-PreviousRawEdge-BilinearRGB,0.8239474892616272,41.062324330100765,0.0,0.0
20,thin-seam,ABL-ET2X-R-PreviousRawEdge-ResolvedRGB,0.8239474892616272,41.062324330100765,0.0,0.0
20,thin-seam,ABL-ET2X-R-PreviousRawEdge-CatmullRomRGB,0.8239474892616272,41.062324330100765,0.0,0.0
20,leaves,O-T2X-R,3.4842448234558105,31.63655484963007,0.0,0.0
20,leaves,ABL-ET2X-R-PreviousRawEdge-BilinearRGB,4.2450032234191895,29.5449999940801,0.0,0.0
20,leaves,ABL-ET2X-R-PreviousRawEdge-ResolvedRGB,4.2450032234191895,29.5449999940801,0.0,0.0
20,leaves,ABL-ET2X-R-PreviousRawEdge-CatmullRomRGB,4.2450032234191895,29.5449999940801,0.0,0.0
21,seams,O-T2X-R,0.43120115995407104,46.44178134717093,0.0,0.0
21,seams,ABL-ET2X-R-PreviousRawEdge-BilinearRGB,0.5082356929779053,43.47709129183293,0.0,0.0
21,seams,ABL-ET2X-R-PreviousRawEdge-ResolvedRGB,0.5082356929779053,43.47709129183293,0.0,0.0
21,seams,ABL-ET2X-R-PreviousRawEdge-CatmullRomRGB,0.5082356929779053,43.47709129183293,0.0,0.0
21,thin-seam,O-T2X-R,0.6215277910232544,44.61442733173292,0.0,0.0
21,thin-seam,ABL-ET2X-R-PreviousRawEdge-BilinearRGB,0.8239474892616272,41.062324330100765,0.0,0.0
21,thin-seam,ABL-ET2X-R-PreviousRawEdge-ResolvedRGB,0.8239474892616272,41.062324330100765,0.0,0.0
21,thin-seam,ABL-ET2X-R-PreviousRawEdge-CatmullRomRGB,0.8239474892616272,41.062324330100765,0.0,0.0
21,leaves,O-T2X-R,3.4842448234558105,31.63655484963007,0.0,0.0
21,leaves,ABL-ET2X-R-PreviousRawEdge-BilinearRGB,4.2450032234191895,29.5449999940801,0.0,0.0
21,leaves,ABL-ET2X-R-PreviousRawEdge-ResolvedRGB,4.2450032234191895,29.5449999940801,0.0,0.0
21,leaves,ABL-ET2X-R-PreviousRawEdge-CatmullRomRGB,4.2450032234191895,29.5449999940801,0.0,0.0
22,seams,O-T2X-R,0.43120115995407104,46.44178134717093,0.0,0.0
22,seams,ABL-ET2X-R-PreviousRawEdge-BilinearRGB,0.5082356929779053,43.47709129183293,0.0,0.0
22,seams,ABL-ET2X-R-PreviousRawEdge-ResolvedRGB,0.5082356929779053,43.47709129183293,0.0,0.0
22,seams,ABL-ET2X-R-PreviousRawEdge-CatmullRomRGB,0.5082356929779053,43.47709129183293,0.0,0.0
22,thin-seam,O-T2X-R,0.6215277910232544,44.61442733173292,0.0,0.0
22,thin-seam,ABL-ET2X-R-PreviousRawEdge-BilinearRGB,0.8239474892616272,41.062324330100765,0.0,0.0
22,thin-seam,ABL-ET2X-R-PreviousRawEdge-ResolvedRGB,0.8239474892616272,41.062324330100765,0.0,0.0
22,thin-seam,ABL-ET2X-R-PreviousRawEdge-CatmullRomRGB,0.8239474892616272,41.062324330100765,0.0,0.0
22,leaves,O-T2X-R,3.4842448234558105,31.63655484963007,0.0,0.0
22,leaves,ABL-ET2X-R-PreviousRawEdge-BilinearRGB,4.2450032234191895,29.5449999940801,0.0,0.0
22,leaves,ABL-ET2X-R-PreviousRawEdge-ResolvedRGB,4.2450032234191895,29.5449999940801,0.0,0.0
22,leaves,ABL-ET2X-R-PreviousRawEdge-CatmullRomRGB,4.2450032234191895,29.5449999940801,0.0,0.0
23,seams,O-T2X-R,0.43120115995407104,46.44178134717093,0.0,0.0
23,seams,ABL-ET2X-R-PreviousRawEdge-BilinearRGB,0.5082356929779053,43.47709129183293,0.0,0.0
23,seams,ABL-ET2X-R-PreviousRawEdge-ResolvedRGB,0.5082356929779053,43.47709129183293,0.0,0.0
23,seams,ABL-ET2X-R-PreviousRawEdge-CatmullRomRGB,0.5082356929779053,43.47709129183293,0.0,0.0
23,thin-seam,O-T2X-R,0.6215277910232544,44.61442733173292,0.0,0.0
23,thin-seam,ABL-ET2X-R-PreviousRawEdge-BilinearRGB,0.8239474892616272,41.062324330100765,0.0,0.0
23,thin-seam,ABL-ET2X-R-PreviousRawEdge-ResolvedRGB,0.8239474892616272,41.062324330100765,0.0,0.0
23,thin-seam,ABL-ET2X-R-PreviousRawEdge-CatmullRomRGB,0.8239474892616272,41.062324330100765,0.0,0.0
23,leaves,O-T2X-R,3.4842448234558105,31.63655484963007,0.0,0.0
23,leaves,ABL-ET2X-R-PreviousRawEdge-BilinearRGB,4.2450032234191895,29.5449999940801,0.0,0.0
23,leaves,ABL-ET2X-R-PreviousRawEdge-ResolvedRGB,4.2450032234191895,29.5449999940801,0.0,0.0
23,leaves,ABL-ET2X-R-PreviousRawEdge-CatmullRomRGB,4.2450032234191895,29.5449999940801,0.0,0.0
24,seams,O-T2X-R,0.43120115995407104,46.44178134717093,0.0,0.0
24,seams,ABL-ET2X-R-PreviousRawEdge-BilinearRGB,0.5082356929779053,43.47709129183293,0.0,0.0
24,seams,ABL-ET2X-R-PreviousRawEdge-ResolvedRGB,0.5082356929779053,43.47709129183293,0.0,0.0
24,seams,ABL-ET2X-R-PreviousRawEdge-CatmullRomRGB,0.5082356929779053,43.47709129183293,0.0,0.0
24,thin-seam,O-T2X-R,0.6215277910232544,44.61442733173292,0.0,0.0
24,thin-seam,ABL-ET2X-R-PreviousRawEdge-BilinearRGB,0.8239474892616272,41.062324330100765,0.0,0.0
24,thin-seam,ABL-ET2X-R-PreviousRawEdge-ResolvedRGB,0.8239474892616272,41.062324330100765,0.0,0.0
24,thin-seam,ABL-ET2X-R-PreviousRawEdge-CatmullRomRGB,0.8239474892616272,41.062324330100765,0.0,0.0
24,leaves,O-T2X-R,3.4842448234558105,31.63655484963007,0.0,0.0
24,leaves,ABL-ET2X-R-PreviousRawEdge-BilinearRGB,4.2450032234191895,29.5449999940801,0.0,0.0
24,leaves,ABL-ET2X-R-PreviousRawEdge-ResolvedRGB,4.2450032234191895,29.5449999940801,0.0,0.0
24,leaves,ABL-ET2X-R-PreviousRawEdge-CatmullRomRGB,4.2450032234191895,29.5449999940801,0.0,0.0
25,seams,O-T2X-R,0.43120115995407104,46.44178134717093,0.0,0.0
25,seams,ABL-ET2X-R-PreviousRawEdge-BilinearRGB,0.5082356929779053,43.47709129183293,0.0,0.0
25,seams,ABL-ET2X-R-PreviousRawEdge-ResolvedRGB,0.5082356929779053,43.47709129183293,0.0,0.0
25,seams,ABL-ET2X-R-PreviousRawEdge-CatmullRomRGB,0.5082356929779053,43.47709129183293,0.0,0.0
25,thin-seam,O-T2X-R,0.6215277910232544,44.61442733173292,0.0,0.0
25,thin-seam,ABL-ET2X-R-PreviousRawEdge-BilinearRGB,0.8239474892616272,41.062324330100765,0.0,0.0
25,thin-seam,ABL-ET2X-R-PreviousRawEdge-ResolvedRGB,0.8239474892616272,41.062324330100765,0.0,0.0
25,thin-seam,ABL-ET2X-R-PreviousRawEdge-CatmullRomRGB,0.8239474892616272,41.062324330100765,0.0,0.0
25,leaves,O-T2X-R,3.4842448234558105,31.63655484963007,0.0,0.0
25,leaves,ABL-ET2X-R-PreviousRawEdge-BilinearRGB,4.2450032234191895,29.5449999940801,0.0,0.0
25,leaves,ABL-ET2X-R-PreviousRawEdge-ResolvedRGB,4.2450032234191895,29.5449999940801,0.0,0.0
25,leaves,ABL-ET2X-R-PreviousRawEdge-CatmullRomRGB,4.2450032234191895,29.5449999940801,0.0,0.0
26,seams,O-T2X-R,0.43120115995407104,46.44178134717093,0.0,0.0
26,seams,ABL-ET2X-R-PreviousRawEdge-BilinearRGB,0.5082356929779053,43.47709129183293,0.0,0.0
26,seams,ABL-ET2X-R-PreviousRawEdge-ResolvedRGB,0.5082356929779053,43.47709129183293,0.0,0.0
26,seams,ABL-ET2X-R-PreviousRawEdge-CatmullRomRGB,0.5082356929779053,43.47709129183293,0.0,0.0
26,thin-seam,O-T2X-R,0.6215277910232544,44.61442733173292,0.0,0.0
26,thin-seam,ABL-ET2X-R-PreviousRawEdge-BilinearRGB,0.8239474892616272,41.062324330100765,0.0,0.0
26,thin-seam,ABL-ET2X-R-PreviousRawEdge-ResolvedRGB,0.8239474892616272,41.062324330100765,0.0,0.0
26,thin-seam,ABL-ET2X-R-PreviousRawEdge-CatmullRomRGB,0.8239474892616272,41.062324330100765,0.0,0.0
26,leaves,O-T2X-R,3.4842448234558105,31.63655484963007,0.0,0.0
26,leaves,ABL-ET2X-R-PreviousRawEdge-BilinearRGB,4.2450032234191895,29.5449999940801,0.0,0.0
26,leaves,ABL-ET2X-R-PreviousRawEdge-ResolvedRGB,4.2450032234191895,29.5449999940801,0.0,0.0
26,leaves,ABL-ET2X-R-PreviousRawEdge-CatmullRomRGB,4.2450032234191895,29.5449999940801,0.0,0.0
27,seams,O-T2X-R,0.43120115995407104,46.44178134717093,0.0,0.0
27,seams,ABL-ET2X-R-PreviousRawEdge-BilinearRGB,0.5082356929779053,43.47709129183293,0.0,0.0
27,seams,ABL-ET2X-R-PreviousRawEdge-ResolvedRGB,0.5082356929779053,43.47709129183293,0.0,0.0
27,seams,ABL-ET2X-R-PreviousRawEdge-CatmullRomRGB,0.5082356929779053,43.47709129183293,0.0,0.0
27,thin-seam,O-T2X-R,0.6215277910232544,44.61442733173292,0.0,0.0
27,thin-seam,ABL-ET2X-R-PreviousRawEdge-BilinearRGB,0.8239474892616272,41.062324330100765,0.0,0.0
27,thin-seam,ABL-ET2X-R-PreviousRawEdge-ResolvedRGB,0.8239474892616272,41.062324330100765,0.0,0.0
27,thin-seam,ABL-ET2X-R-PreviousRawEdge-CatmullRomRGB,0.8239474892616272,41.062324330100765,0.0,0.0
27,leaves,O-T2X-R,3.4842448234558105,31.63655484963007,0.0,0.0
27,leaves,ABL-ET2X-R-PreviousRawEdge-BilinearRGB,4.2450032234191895,29.5449999940801,0.0,0.0
27,leaves,ABL-ET2X-R-PreviousRawEdge-ResolvedRGB,4.2450032234191895,29.5449999940801,0.0,0.0
27,leaves,ABL-ET2X-R-PreviousRawEdge-CatmullRomRGB,4.2450032234191895,29.5449999940801,0.0,0.0
28,seams,O-T2X-R,0.43120115995407104,46.44178134717093,0.0,0.0
28,seams,ABL-ET2X-R-PreviousRawEdge-BilinearRGB,0.5082356929779053,43.47709129183293,0.0,0.0
28,seams,ABL-ET2X-R-PreviousRawEdge-ResolvedRGB,0.5082356929779053,43.47709129183293,0.0,0.0
28,seams,ABL-ET2X-R-PreviousRawEdge-CatmullRomRGB,0.5082356929779053,43.47709129183293,0.0,0.0
28,thin-seam,O-T2X-R,0.6215277910232544,44.61442733173292,0.0,0.0
28,thin-seam,ABL-ET2X-R-PreviousRawEdge-BilinearRGB,0.8239474892616272,41.062324330100765,0.0,0.0
28,thin-seam,ABL-ET2X-R-PreviousRawEdge-ResolvedRGB,0.8239474892616272,41.062324330100765,0.0,0.0
28,thin-seam,ABL-ET2X-R-PreviousRawEdge-CatmullRomRGB,0.8239474892616272,41.062324330100765,0.0,0.0
28,leaves,O-T2X-R,3.4842448234558105,31.63655484963007,0.0,0.0
28,leaves,ABL-ET2X-R-PreviousRawEdge-BilinearRGB,4.2450032234191895,29.5449999940801,0.0,0.0
28,leaves,ABL-ET2X-R-PreviousRawEdge-ResolvedRGB,4.2450032234191895,29.5449999940801,0.0,0.0
28,leaves,ABL-ET2X-R-PreviousRawEdge-CatmullRomRGB,4.2450032234191895,29.5449999940801,0.0,0.0
29,seams,O-T2X-R,0.43120115995407104,46.44178134717093,0.0,0.0
29,seams,ABL-ET2X-R-PreviousRawEdge-BilinearRGB,0.5082356929779053,43.47709129183293,0.0,0.0
29,seams,ABL-ET2X-R-PreviousRawEdge-ResolvedRGB,0.5082356929779053,43.47709129183293,0.0,0.0
29,seams,ABL-ET2X-R-PreviousRawEdge-CatmullRomRGB,0.5082356929779053,43.47709129183293,0.0,0.0
29,thin-seam,O-T2X-R,0.6215277910232544,44.61442733173292,0.0,0.0
29,thin-seam,ABL-ET2X-R-PreviousRawEdge-BilinearRGB,0.8239474892616272,41.062324330100765,0.0,0.0
29,thin-seam,ABL-ET2X-R-PreviousRawEdge-ResolvedRGB,0.8239474892616272,41.062324330100765,0.0,0.0
29,thin-seam,ABL-ET2X-R-PreviousRawEdge-CatmullRomRGB,0.8239474892616272,41.062324330100765,0.0,0.0
29,leaves,O-T2X-R,3.4842448234558105,31.63655484963007,0.0,0.0
29,leaves,ABL-ET2X-R-PreviousRawEdge-BilinearRGB,4.2450032234191895,29.5449999940801,0.0,0.0
29,leaves,ABL-ET2X-R-PreviousRawEdge-ResolvedRGB,4.2450032234191895,29.5449999940801,0.0,0.0
29,leaves,ABL-ET2X-R-PreviousRawEdge-CatmullRomRGB,4.2450032234191895,29.5449999940801,0.0,0.0
30,seams,O-T2X-R,0.43120115995407104,46.44178134717093,0.0,0.0
30,seams,ABL-ET2X-R-PreviousRawEdge-BilinearRGB,0.5082356929779053,43.47709129183293,0.0,0.0
30,seams,ABL-ET2X-R-PreviousRawEdge-ResolvedRGB,0.5082356929779053,43.47709129183293,0.0,0.0
30,seams,ABL-ET2X-R-PreviousRawEdge-CatmullRomRGB,0.5082356929779053,43.47709129183293,0.0,0.0
30,thin-seam,O-T2X-R,0.6215277910232544,44.61442733173292,0.0,0.0
30,thin-seam,ABL-ET2X-R-PreviousRawEdge-BilinearRGB,0.8239474892616272,41.062324330100765,0.0,0.0
30,thin-seam,ABL-ET2X-R-PreviousRawEdge-ResolvedRGB,0.8239474892616272,41.062324330100765,0.0,0.0
30,thin-seam,ABL-ET2X-R-PreviousRawEdge-CatmullRomRGB,0.8239474892616272,41.062324330100765,0.0,0.0
30,leaves,O-T2X-R,3.4842448234558105,31.63655484963007,0.0,0.0
30,leaves,ABL-ET2X-R-PreviousRawEdge-BilinearRGB,4.2450032234191895,29.5449999940801,0.0,0.0
30,leaves,ABL-ET2X-R-PreviousRawEdge-ResolvedRGB,4.2450032234191895,29.5449999940801,0.0,0.0
30,leaves,ABL-ET2X-R-PreviousRawEdge-CatmullRomRGB,4.2450032234191895,29.5449999940801,0.0,0.0
31,seams,O-T2X-R,0.43120115995407104,46.44178134717093,0.0,0.0
31,seams,ABL-ET2X-R-PreviousRawEdge-BilinearRGB,0.5082356929779053,43.47709129183293,0.0,0.0
31,seams,ABL-ET2X-R-PreviousRawEdge-ResolvedRGB,0.5082356929779053,43.47709129183293,0.0,0.0
31,seams,ABL-ET2X-R-PreviousRawEdge-CatmullRomRGB,0.5082356929779053,43.47709129183293,0.0,0.0
31,thin-seam,O-T2X-R,0.6215277910232544,44.61442733173292,0.0,0.0
31,thin-seam,ABL-ET2X-R-PreviousRawEdge-BilinearRGB,0.8239474892616272,41.062324330100765,0.0,0.0
31,thin-seam,ABL-ET2X-R-PreviousRawEdge-ResolvedRGB,0.8239474892616272,41.062324330100765,0.0,0.0
31,thin-seam,ABL-ET2X-R-PreviousRawEdge-CatmullRomRGB,0.8239474892616272,41.062324330100765,0.0,0.0
31,leaves,O-T2X-R,3.4842448234558105,31.63655484963007,0.0,0.0
31,leaves,ABL-ET2X-R-PreviousRawEdge-BilinearRGB,4.2450032234191895,29.5449999940801,0.0,0.0
31,leaves,ABL-ET2X-R-PreviousRawEdge-ResolvedRGB,4.2450032234191895,29.5449999940801,0.0,0.0
31,leaves,ABL-ET2X-R-PreviousRawEdge-CatmullRomRGB,4.2450032234191895,29.5449999940801,0.0,0.0
32,seams,O-T2X-R,0.43120115995407104,46.44178134717093,0.0,0.0
32,seams,ABL-ET2X-R-PreviousRawEdge-BilinearRGB,0.5082356929779053,43.47709129183293,0.0,0.0
32,seams,ABL-ET2X-R-PreviousRawEdge-ResolvedRGB,0.5082356929779053,43.47709129183293,0.0,0.0
32,seams,ABL-ET2X-R-PreviousRawEdge-CatmullRomRGB,0.5082356929779053,43.47709129183293,0.0,0.0
32,thin-seam,O-T2X-R,0.6215277910232544,44.61442733173292,0.0,0.0
32,thin-seam,ABL-ET2X-R-PreviousRawEdge-BilinearRGB,0.8239474892616272,41.062324330100765,0.0,0.0
32,thin-seam,ABL-ET2X-R-PreviousRawEdge-ResolvedRGB,0.8239474892616272,41.062324330100765,0.0,0.0
32,thin-seam,ABL-ET2X-R-PreviousRawEdge-CatmullRomRGB,0.8239474892616272,41.062324330100765,0.0,0.0
32,leaves,O-T2X-R,3.4842448234558105,31.63655484963007,0.0,0.0
32,leaves,ABL-ET2X-R-PreviousRawEdge-BilinearRGB,4.2450032234191895,29.5449999940801,0.0,0.0
32,leaves,ABL-ET2X-R-PreviousRawEdge-ResolvedRGB,4.2450032234191895,29.5449999940801,0.0,0.0
32,leaves,ABL-ET2X-R-PreviousRawEdge-CatmullRomRGB,4.2450032234191895,29.5449999940801,0.0,0.0
33,seams,O-T2X-R,0.43120115995407104,46.44178134717093,0.0,0.0
33,seams,ABL-ET2X-R-PreviousRawEdge-BilinearRGB,0.5082356929779053,43.47709129183293,0.0,0.0
33,seams,ABL-ET2X-R-PreviousRawEdge-ResolvedRGB,0.5082356929779053,43.47709129183293,0.0,0.0
33,seams,ABL-ET2X-R-PreviousRawEdge-CatmullRomRGB,0.5082356929779053,43.47709129183293,0.0,0.0
33,thin-seam,O-T2X-R,0.6215277910232544,44.61442733173292,0.0,0.0
33,thin-seam,ABL-ET2X-R-PreviousRawEdge-BilinearRGB,0.8239474892616272,41.062324330100765,0.0,0.0
33,thin-seam,ABL-ET2X-R-PreviousRawEdge-ResolvedRGB,0.8239474892616272,41.062324330100765,0.0,0.0
33,thin-seam,ABL-ET2X-R-PreviousRawEdge-CatmullRomRGB,0.8239474892616272,41.062324330100765,0.0,0.0
33,leaves,O-T2X-R,3.4842448234558105,31.63655484963007,0.0,0.0
33,leaves,ABL-ET2X-R-PreviousRawEdge-BilinearRGB,4.2450032234191895,29.5449999940801,0.0,0.0
33,leaves,ABL-ET2X-R-PreviousRawEdge-ResolvedRGB,4.2450032234191895,29.5449999940801,0.0,0.0
33,leaves,ABL-ET2X-R-PreviousRawEdge-CatmullRomRGB,4.2450032234191895,29.5449999940801,0.0,0.0
34,seams,O-T2X-R,0.43120115995407104,46.44178134717093,0.0,0.0
34,seams,ABL-ET2X-R-PreviousRawEdge-BilinearRGB,0.5082356929779053,43.47709129183293,0.0,0.0
34,seams,ABL-ET2X-R-PreviousRawEdge-ResolvedRGB,0.5082356929779053,43.47709129183293,0.0,0.0
34,seams,ABL-ET2X-R-PreviousRawEdge-CatmullRomRGB,0.5082356929779053,43.47709129183293,0.0,0.0
34,thin-seam,O-T2X-R,0.6215277910232544,44.61442733173292,0.0,0.0
34,thin-seam,ABL-ET2X-R-PreviousRawEdge-BilinearRGB,0.8239474892616272,41.062324330100765,0.0,0.0
34,thin-seam,ABL-ET2X-R-PreviousRawEdge-ResolvedRGB,0.8239474892616272,41.062324330100765,0.0,0.0
34,thin-seam,ABL-ET2X-R-PreviousRawEdge-CatmullRomRGB,0.8239474892616272,41.062324330100765,0.0,0.0
34,leaves,O-T2X-R,3.4842448234558105,31.63655484963007,0.0,0.0
34,leaves,ABL-ET2X-R-PreviousRawEdge-BilinearRGB,4.2450032234191895,29.5449999940801,0.0,0.0
34,leaves,ABL-ET2X-R-PreviousRawEdge-ResolvedRGB,4.2450032234191895,29.5449999940801,0.0,0.0
34,leaves,ABL-ET2X-R-PreviousRawEdge-CatmullRomRGB,4.2450032234191895,29.5449999940801,0.0,0.0
35,seams,O-T2X-R,0.43120115995407104,46.44178134717093,0.0,0.0
35,seams,ABL-ET2X-R-PreviousRawEdge-BilinearRGB,0.5082356929779053,43.47709129183293,0.0,0.0
35,seams,ABL-ET2X-R-PreviousRawEdge-ResolvedRGB,0.5082356929779053,43.47709129183293,0.0,0.0
35,seams,ABL-ET2X-R-PreviousRawEdge-CatmullRomRGB,0.5082356929779053,43.47709129183293,0.0,0.0
35,thin-seam,O-T2X-R,0.6215277910232544,44.61442733173292,0.0,0.0
35,thin-seam,ABL-ET2X-R-PreviousRawEdge-BilinearRGB,0.8239474892616272,41.062324330100765,0.0,0.0
35,thin-seam,ABL-ET2X-R-PreviousRawEdge-ResolvedRGB,0.8239474892616272,41.062324330100765,0.0,0.0
35,thin-seam,ABL-ET2X-R-PreviousRawEdge-CatmullRomRGB,0.8239474892616272,41.062324330100765,0.0,0.0
35,leaves,O-T2X-R,3.4842448234558105,31.63655484963007,0.0,0.0
35,leaves,ABL-ET2X-R-PreviousRawEdge-BilinearRGB,4.2450032234191895,29.5449999940801,0.0,0.0
35,leaves,ABL-ET2X-R-PreviousRawEdge-ResolvedRGB,4.2450032234191895,29.5449999940801,0.0,0.0
35,leaves,ABL-ET2X-R-PreviousRawEdge-CatmullRomRGB,4.2450032234191895,29.5449999940801,0.0,0.0
36,seams,O-T2X-R,0.43120115995407104,46.44178134717093,0.0,0.0
36,seams,ABL-ET2X-R-PreviousRawEdge-BilinearRGB,0.5082356929779053,43.47709129183293,0.0,0.0
36,seams,ABL-ET2X-R-PreviousRawEdge-ResolvedRGB,0.5082356929779053,43.47709129183293,0.0,0.0
36,seams,ABL-ET2X-R-PreviousRawEdge-CatmullRomRGB,0.5082356929779053,43.47709129183293,0.0,0.0
36,thin-seam,O-T2X-R,0.6215277910232544,44.61442733173292,0.0,0.0
36,thin-seam,ABL-ET2X-R-PreviousRawEdge-BilinearRGB,0.8239474892616272,41.062324330100765,0.0,0.0
36,thin-seam,ABL-ET2X-R-PreviousRawEdge-ResolvedRGB,0.8239474892616272,41.062324330100765,0.0,0.0
36,thin-seam,ABL-ET2X-R-PreviousRawEdge-CatmullRomRGB,0.8239474892616272,41.062324330100765,0.0,0.0
36,leaves,O-T2X-R,3.4842448234558105,31.63655484963007,0.0,0.0
36,leaves,ABL-ET2X-R-PreviousRawEdge-BilinearRGB,4.2450032234191895,29.5449999940801,0.0,0.0
36,leaves,ABL-ET2X-R-PreviousRawEdge-ResolvedRGB,4.2450032234191895,29.5449999940801,0.0,0.0
36,leaves,ABL-ET2X-R-PreviousRawEdge-CatmullRomRGB,4.2450032234191895,29.5449999940801,0.0,0.0
37,seams,O-T2X-R,0.43120115995407104,46.44178134717093,0.0,0.0
37,seams,ABL-ET2X-R-PreviousRawEdge-BilinearRGB,0.5082356929779053,43.47709129183293,0.0,0.0
37,seams,ABL-ET2X-R-PreviousRawEdge-ResolvedRGB,0.5082356929779053,43.47709129183293,0.0,0.0
37,seams,ABL-ET2X-R-PreviousRawEdge-CatmullRomRGB,0.5082356929779053,43.47709129183293,0.0,0.0
37,thin-seam,O-T2X-R,0.6215277910232544,44.61442733173292,0.0,0.0
37,thin-seam,ABL-ET2X-R-PreviousRawEdge-BilinearRGB,0.8239474892616272,41.062324330100765,0.0,0.0
37,thin-seam,ABL-ET2X-R-PreviousRawEdge-ResolvedRGB,0.8239474892616272,41.062324330100765,0.0,0.0
37,thin-seam,ABL-ET2X-R-PreviousRawEdge-CatmullRomRGB,0.8239474892616272,41.062324330100765,0.0,0.0
37,leaves,O-T2X-R,3.4842448234558105,31.63655484963007,0.0,0.0
37,leaves,ABL-ET2X-R-PreviousRawEdge-BilinearRGB,4.2450032234191895,29.5449999940801,0.0,0.0
37,leaves,ABL-ET2X-R-PreviousRawEdge-ResolvedRGB,4.2450032234191895,29.5449999940801,0.0,0.0
37,leaves,ABL-ET2X-R-PreviousRawEdge-CatmullRomRGB,4.2450032234191895,29.5449999940801,0.0,0.0
38,seams,O-T2X-R,0.43120115995407104,46.44178134717093,0.0,0.0
38,seams,ABL-ET2X-R-PreviousRawEdge-BilinearRGB,0.5082356929779053,43.47709129183293,0.0,0.0
38,seams,ABL-ET2X-R-PreviousRawEdge-ResolvedRGB,0.5082356929779053,43.47709129183293,0.0,0.0
38,seams,ABL-ET2X-R-PreviousRawEdge-CatmullRomRGB,0.5082356929779053,43.47709129183293,0.0,0.0
38,thin-seam,O-T2X-R,0.6215277910232544,44.61442733173292,0.0,0.0
38,thin-seam,ABL-ET2X-R-PreviousRawEdge-BilinearRGB,0.8239474892616272,41.062324330100765,0.0,0.0
38,thin-seam,ABL-ET2X-R-PreviousRawEdge-ResolvedRGB,0.8239474892616272,41.062324330100765,0.0,0.0
38,thin-seam,ABL-ET2X-R-PreviousRawEdge-CatmullRomRGB,0.8239474892616272,41.062324330100765,0.0,0.0
38,leaves,O-T2X-R,3.4842448234558105,31.63655484963007,0.0,0.0
38,leaves,ABL-ET2X-R-PreviousRawEdge-BilinearRGB,4.2450032234191895,29.5449999940801,0.0,0.0
38,leaves,ABL-ET2X-R-PreviousRawEdge-ResolvedRGB,4.2450032234191895,29.5449999940801,0.0,0.0
38,leaves,ABL-ET2X-R-PreviousRawEdge-CatmullRomRGB,4.2450032234191895,29.5449999940801,0.0,0.0
39,seams,O-T2X-R,0.43120115995407104,46.44178134717093,0.0,0.0
39,seams,ABL-ET2X-R-PreviousRawEdge-BilinearRGB,0.5082356929779053,43.47709129183293,0.0,0.0
39,seams,ABL-ET2X-R-PreviousRawEdge-ResolvedRGB,0.5082356929779053,43.47709129183293,0.0,0.0
39,seams,ABL-ET2X-R-PreviousRawEdge-CatmullRomRGB,0.5082356929779053,43.47709129183293,0.0,0.0
39,thin-seam,O-T2X-R,0.6215277910232544,44.61442733173292,0.0,0.0
39,thin-seam,ABL-ET2X-R-PreviousRawEdge-BilinearRGB,0.8239474892616272,41.062324330100765,0.0,0.0
39,thin-seam,ABL-ET2X-R-PreviousRawEdge-ResolvedRGB,0.8239474892616272,41.062324330100765,0.0,0.0
39,thin-seam,ABL-ET2X-R-PreviousRawEdge-CatmullRomRGB,0.8239474892616272,41.062324330100765,0.0,0.0
39,leaves,O-T2X-R,3.4842448234558105,31.63655484963007,0.0,0.0
39,leaves,ABL-ET2X-R-PreviousRawEdge-BilinearRGB,4.2450032234191895,29.5449999940801,0.0,0.0
39,leaves,ABL-ET2X-R-PreviousRawEdge-ResolvedRGB,4.2450032234191895,29.5449999940801,0.0,0.0
39,leaves,ABL-ET2X-R-PreviousRawEdge-CatmullRomRGB,4.2450032234191895,29.5449999940801,0.0,0.0
40,seams,O-T2X-R,0.43120115995407104,46.44178134717093,0.0,0.0
40,seams,ABL-ET2X-R-PreviousRawEdge-BilinearRGB,0.5082356929779053,43.47709129183293,0.0,0.0
40,seams,ABL-ET2X-R-PreviousRawEdge-ResolvedRGB,0.5082356929779053,43.47709129183293,0.0,0.0
40,seams,ABL-ET2X-R-PreviousRawEdge-CatmullRomRGB,0.5082356929779053,43.47709129183293,0.0,0.0
40,thin-seam,O-T2X-R,0.6215277910232544,44.61442733173292,0.0,0.0
40,thin-seam,ABL-ET2X-R-PreviousRawEdge-BilinearRGB,0.8239474892616272,41.062324330100765,0.0,0.0
40,thin-seam,ABL-ET2X-R-PreviousRawEdge-ResolvedRGB,0.8239474892616272,41.062324330100765,0.0,0.0
40,thin-seam,ABL-ET2X-R-PreviousRawEdge-CatmullRomRGB,0.8239474892616272,41.062324330100765,0.0,0.0
40,leaves,O-T2X-R,3.4842448234558105,31.63655484963007,0.0,0.0
40,leaves,ABL-ET2X-R-PreviousRawEdge-BilinearRGB,4.2450032234191895,29.5449999940801,0.0,0.0
40,leaves,ABL-ET2X-R-PreviousRawEdge-ResolvedRGB,4.2450032234191895,29.5449999940801,0.0,0.0
40,leaves,ABL-ET2X-R-PreviousRawEdge-CatmullRomRGB,4.2450032234191895,29.5449999940801,0.0,0.0
41,seams,O-T2X-R,0.43120115995407104,46.44178134717093,0.0,0.0
41,seams,ABL-ET2X-R-PreviousRawEdge-BilinearRGB,0.5082356929779053,43.47709129183293,0.0,0.0
41,seams,ABL-ET2X-R-PreviousRawEdge-ResolvedRGB,0.5082356929779053,43.47709129183293,0.0,0.0
41,seams,ABL-ET2X-R-PreviousRawEdge-CatmullRomRGB,0.5082356929779053,43.47709129183293,0.0,0.0
41,thin-seam,O-T2X-R,0.6215277910232544,44.61442733173292,0.0,0.0
41,thin-seam,ABL-ET2X-R-PreviousRawEdge-BilinearRGB,0.8239474892616272,41.062324330100765,0.0,0.0
41,thin-seam,ABL-ET2X-R-PreviousRawEdge-ResolvedRGB,0.8239474892616272,41.062324330100765,0.0,0.0
41,thin-seam,ABL-ET2X-R-PreviousRawEdge-CatmullRomRGB,0.8239474892616272,41.062324330100765,0.0,0.0
41,leaves,O-T2X-R,3.4842448234558105,31.63655484963007,0.0,0.0
41,leaves,ABL-ET2X-R-PreviousRawEdge-BilinearRGB,4.2450032234191895,29.5449999940801,0.0,0.0
41,leaves,ABL-ET2X-R-PreviousRawEdge-ResolvedRGB,4.2450032234191895,29.5449999940801,0.0,0.0
41,leaves,ABL-ET2X-R-PreviousRawEdge-CatmullRomRGB,4.2450032234191895,29.5449999940801,0.0,0.0
42,seams,O-T2X-R,0.43120115995407104,46.44178134717093,0.0,0.0
42,seams,ABL-ET2X-R-PreviousRawEdge-BilinearRGB,0.5082356929779053,43.47709129183293,0.0,0.0
42,seams,ABL-ET2X-R-PreviousRawEdge-ResolvedRGB,0.5082356929779053,43.47709129183293,0.0,0.0
42,seams,ABL-ET2X-R-PreviousRawEdge-CatmullRomRGB,0.5082356929779053,43.47709129183293,0.0,0.0
42,thin-seam,O-T2X-R,0.6215277910232544,44.61442733173292,0.0,0.0
42,thin-seam,ABL-ET2X-R-PreviousRawEdge-BilinearRGB,0.8239474892616272,41.062324330100765,0.0,0.0
42,thin-seam,ABL-ET2X-R-PreviousRawEdge-ResolvedRGB,0.8239474892616272,41.062324330100765,0.0,0.0
42,thin-seam,ABL-ET2X-R-PreviousRawEdge-CatmullRomRGB,0.8239474892616272,41.062324330100765,0.0,0.0
42,leaves,O-T2X-R,3.4842448234558105,31.63655484963007,0.0,0.0
42,leaves,ABL-ET2X-R-PreviousRawEdge-BilinearRGB,4.2450032234191895,29.5449999940801,0.0,0.0
42,leaves,ABL-ET2X-R-PreviousRawEdge-ResolvedRGB,4.2450032234191895,29.5449999940801,0.0,0.0
42,leaves,ABL-ET2X-R-PreviousRawEdge-CatmullRomRGB,4.2450032234191895,29.5449999940801,0.0,0.0
43,seams,O-T2X-R,0.43120115995407104,46.44178134717093,0.0,0.0
43,seams,ABL-ET2X-R-PreviousRawEdge-BilinearRGB,0.5082356929779053,43.47709129183293,0.0,0.0
43,seams,ABL-ET2X-R-PreviousRawEdge-ResolvedRGB,0.5082356929779053,43.47709129183293,0.0,0.0
43,seams,ABL-ET2X-R-PreviousRawEdge-CatmullRomRGB,0.5082356929779053,43.47709129183293,0.0,0.0
43,thin-seam,O-T2X-R,0.6215277910232544,44.61442733173292,0.0,0.0
43,thin-seam,ABL-ET2X-R-PreviousRawEdge-BilinearRGB,0.8239474892616272,41.062324330100765,0.0,0.0
43,thin-seam,ABL-ET2X-R-PreviousRawEdge-ResolvedRGB,0.8239474892616272,41.062324330100765,0.0,0.0
43,thin-seam,ABL-ET2X-R-PreviousRawEdge-CatmullRomRGB,0.8239474892616272,41.062324330100765,0.0,0.0
43,leaves,O-T2X-R,3.4842448234558105,31.63655484963007,0.0,0.0
43,leaves,ABL-ET2X-R-PreviousRawEdge-BilinearRGB,4.2450032234191895,29.5449999940801,0.0,0.0
43,leaves,ABL-ET2X-R-PreviousRawEdge-ResolvedRGB,4.2450032234191895,29.5449999940801,0.0,0.0
43,leaves,ABL-ET2X-R-PreviousRawEdge-CatmullRomRGB,4.2450032234191895,29.5449999940801,0.0,0.0
44,seams,O-T2X-R,0.43120115995407104,46.44178134717093,0.0,0.0
44,seams,ABL-ET2X-R-PreviousRawEdge-BilinearRGB,0.5082356929779053,43.47709129183293,0.0,0.0
44,seams,ABL-ET2X-R-PreviousRawEdge-ResolvedRGB,0.5082356929779053,43.47709129183293,0.0,0.0
44,seams,ABL-ET2X-R-PreviousRawEdge-CatmullRomRGB,0.5082356929779053,43.47709129183293,0.0,0.0
44,thin-seam,O-T2X-R,0.6215277910232544,44.61442733173292,0.0,0.0
44,thin-seam,ABL-ET2X-R-PreviousRawEdge-BilinearRGB,0.8239474892616272,41.062324330100765,0.0,0.0
44,thin-seam,ABL-ET2X-R-PreviousRawEdge-ResolvedRGB,0.8239474892616272,41.062324330100765,0.0,0.0
44,thin-seam,ABL-ET2X-R-PreviousRawEdge-CatmullRomRGB,0.8239474892616272,41.062324330100765,0.0,0.0
44,leaves,O-T2X-R,3.4842448234558105,31.63655484963007,0.0,0.0
44,leaves,ABL-ET2X-R-PreviousRawEdge-BilinearRGB,4.2450032234191895,29.5449999940801,0.0,0.0
44,leaves,ABL-ET2X-R-PreviousRawEdge-ResolvedRGB,4.2450032234191895,29.5449999940801,0.0,0.0
44,leaves,ABL-ET2X-R-PreviousRawEdge-CatmullRomRGB,4.2450032234191895,29.5449999940801,0.0,0.0
45,seams,O-T2X-R,0.43120115995407104,46.44178134717093,0.0,0.0
45,seams,ABL-ET2X-R-PreviousRawEdge-BilinearRGB,0.5082356929779053,43.47709129183293,0.0,0.0
45,seams,ABL-ET2X-R-PreviousRawEdge-ResolvedRGB,0.5082356929779053,43.47709129183293,0.0,0.0
45,seams,ABL-ET2X-R-PreviousRawEdge-CatmullRomRGB,0.5082356929779053,43.47709129183293,0.0,0.0
45,thin-seam,O-T2X-R,0.6215277910232544,44.61442733173292,0.0,0.0
45,thin-seam,ABL-ET2X-R-PreviousRawEdge-BilinearRGB,0.8239474892616272,41.062324330100765,0.0,0.0
45,thin-seam,ABL-ET2X-R-PreviousRawEdge-ResolvedRGB,0.8239474892616272,41.062324330100765,0.0,0.0
45,thin-seam,ABL-ET2X-R-PreviousRawEdge-CatmullRomRGB,0.8239474892616272,41.062324330100765,0.0,0.0
45,leaves,O-T2X-R,3.4842448234558105,31.63655484963007,0.0,0.0
45,leaves,ABL-ET2X-R-PreviousRawEdge-BilinearRGB,4.2450032234191895,29.5449999940801,0.0,0.0
45,leaves,ABL-ET2X-R-PreviousRawEdge-ResolvedRGB,4.2450032234191895,29.5449999940801,0.0,0.0
45,leaves,ABL-ET2X-R-PreviousRawEdge-CatmullRomRGB,4.2450032234191895,29.5449999940801,0.0,0.0
46,seams,O-T2X-R,0.43120115995407104,46.44178134717093,0.0,0.0
46,seams,ABL-ET2X-R-PreviousRawEdge-BilinearRGB,0.5082356929779053,43.47709129183293,0.0,0.0
46,seams,ABL-ET2X-R-PreviousRawEdge-ResolvedRGB,0.5082356929779053,43.47709129183293,0.0,0.0
46,seams,ABL-ET2X-R-PreviousRawEdge-CatmullRomRGB,0.5082356929779053,43.47709129183293,0.0,0.0
46,thin-seam,O-T2X-R,0.6215277910232544,44.61442733173292,0.0,0.0
46,thin-seam,ABL-ET2X-R-PreviousRawEdge-BilinearRGB,0.8239474892616272,41.062324330100765,0.0,0.0
46,thin-seam,ABL-ET2X-R-PreviousRawEdge-ResolvedRGB,0.8239474892616272,41.062324330100765,0.0,0.0
46,thin-seam,ABL-ET2X-R-PreviousRawEdge-CatmullRomRGB,0.8239474892616272,41.062324330100765,0.0,0.0
46,leaves,O-T2X-R,3.4842448234558105,31.63655484963007,0.0,0.0
46,leaves,ABL-ET2X-R-PreviousRawEdge-BilinearRGB,4.2450032234191895,29.5449999940801,0.0,0.0
46,leaves,ABL-ET2X-R-PreviousRawEdge-ResolvedRGB,4.2450032234191895,29.5449999940801,0.0,0.0
46,leaves,ABL-ET2X-R-PreviousRawEdge-CatmullRomRGB,4.2450032234191895,29.5449999940801,0.0,0.0
47,seams,O-T2X-R,0.43120115995407104,46.44178134717093,0.0,0.0
47,seams,ABL-ET2X-R-PreviousRawEdge-BilinearRGB,0.5082356929779053,43.47709129183293,0.0,0.0
47,seams,ABL-ET2X-R-PreviousRawEdge-ResolvedRGB,0.5082356929779053,43.47709129183293,0.0,0.0
47,seams,ABL-ET2X-R-PreviousRawEdge-CatmullRomRGB,0.5082356929779053,43.47709129183293,0.0,0.0
47,thin-seam,O-T2X-R,0.6215277910232544,44.61442733173292,0.0,0.0
47,thin-seam,ABL-ET2X-R-PreviousRawEdge-BilinearRGB,0.8239474892616272,41.062324330100765,0.0,0.0
47,thin-seam,ABL-ET2X-R-PreviousRawEdge-ResolvedRGB,0.8239474892616272,41.062324330100765,0.0,0.0
47,thin-seam,ABL-ET2X-R-PreviousRawEdge-CatmullRomRGB,0.8239474892616272,41.062324330100765,0.0,0.0
47,leaves,O-T2X-R,3.4842448234558105,31.63655484963007,0.0,0.0
47,leaves,ABL-ET2X-R-PreviousRawEdge-BilinearRGB,4.2450032234191895,29.5449999940801,0.0,0.0
47,leaves,ABL-ET2X-R-PreviousRawEdge-ResolvedRGB,4.2450032234191895,29.5449999940801,0.0,0.0
47,leaves,ABL-ET2X-R-PreviousRawEdge-CatmullRomRGB,4.2450032234191895,29.5449999940801,0.0,0.0
48,seams,O-T2X-R,0.43120115995407104,46.44178134717093,0.0,0.0
48,seams,ABL-ET2X-R-PreviousRawEdge-BilinearRGB,0.5082356929779053,43.47709129183293,0.0,0.0
48,seams,ABL-ET2X-R-PreviousRawEdge-ResolvedRGB,0.5082356929779053,43.47709129183293,0.0,0.0
48,seams,ABL-ET2X-R-PreviousRawEdge-CatmullRomRGB,0.5082356929779053,43.47709129183293,0.0,0.0
48,thin-seam,O-T2X-R,0.6215277910232544,44.61442733173292,0.0,0.0
48,thin-seam,ABL-ET2X-R-PreviousRawEdge-BilinearRGB,0.8239474892616272,41.062324330100765,0.0,0.0
48,thin-seam,ABL-ET2X-R-PreviousRawEdge-ResolvedRGB,0.8239474892616272,41.062324330100765,0.0,0.0
48,thin-seam,ABL-ET2X-R-PreviousRawEdge-CatmullRomRGB,0.8239474892616272,41.062324330100765,0.0,0.0
48,leaves,O-T2X-R,3.4842448234558105,31.63655484963007,0.0,0.0
48,leaves,ABL-ET2X-R-PreviousRawEdge-BilinearRGB,4.2450032234191895,29.5449999940801,0.0,0.0
48,leaves,ABL-ET2X-R-PreviousRawEdge-ResolvedRGB,4.2450032234191895,29.5449999940801,0.0,0.0
48,leaves,ABL-ET2X-R-PreviousRawEdge-CatmullRomRGB,4.2450032234191895,29.5449999940801,0.0,0.0
49,seams,O-T2X-R,0.43120115995407104,46.44178134717093,0.0,0.0
49,seams,ABL-ET2X-R-PreviousRawEdge-BilinearRGB,0.5082356929779053,43.47709129183293,0.0,0.0
49,seams,ABL-ET2X-R-PreviousRawEdge-ResolvedRGB,0.5082356929779053,43.47709129183293,0.0,0.0
49,seams,ABL-ET2X-R-PreviousRawEdge-CatmullRomRGB,0.5082356929779053,43.47709129183293,0.0,0.0
49,thin-seam,O-T2X-R,0.6215277910232544,44.61442733173292,0.0,0.0
49,thin-seam,ABL-ET2X-R-PreviousRawEdge-BilinearRGB,0.8239474892616272,41.062324330100765,0.0,0.0
49,thin-seam,ABL-ET2X-R-PreviousRawEdge-ResolvedRGB,0.8239474892616272,41.062324330100765,0.0,0.0
49,thin-seam,ABL-ET2X-R-PreviousRawEdge-CatmullRomRGB,0.8239474892616272,41.062324330100765,0.0,0.0
49,leaves,O-T2X-R,3.4842448234558105,31.63655484963007,0.0,0.0
49,leaves,ABL-ET2X-R-PreviousRawEdge-BilinearRGB,4.2450032234191895,29.5449999940801,0.0,0.0
49,leaves,ABL-ET2X-R-PreviousRawEdge-ResolvedRGB,4.2450032234191895,29.5449999940801,0.0,0.0
49,leaves,ABL-ET2X-R-PreviousRawEdge-CatmullRomRGB,4.2450032234191895,29.5449999940801,0.0,0.0
50,seams,O-T2X-R,0.43120115995407104,46.44178134717093,0.0,0.0
50,seams,ABL-ET2X-R-PreviousRawEdge-BilinearRGB,0.5082356929779053,43.47709129183293,0.0,0.0
50,seams,ABL-ET2X-R-PreviousRawEdge-ResolvedRGB,0.5082356929779053,43.47709129183293,0.0,0.0
50,seams,ABL-ET2X-R-PreviousRawEdge-CatmullRomRGB,0.5082356929779053,43.47709129183293,0.0,0.0
50,thin-seam,O-T2X-R,0.6215277910232544,44.61442733173292,0.0,0.0
50,thin-seam,ABL-ET2X-R-PreviousRawEdge-BilinearRGB,0.8239474892616272,41.062324330100765,0.0,0.0
50,thin-seam,ABL-ET2X-R-PreviousRawEdge-ResolvedRGB,0.8239474892616272,41.062324330100765,0.0,0.0
50,thin-seam,ABL-ET2X-R-PreviousRawEdge-CatmullRomRGB,0.8239474892616272,41.062324330100765,0.0,0.0
50,leaves,O-T2X-R,3.4842448234558105,31.63655484963007,0.0,0.0
50,leaves,ABL-ET2X-R-PreviousRawEdge-BilinearRGB,4.2450032234191895,29.5449999940801,0.0,0.0
50,leaves,ABL-ET2X-R-PreviousRawEdge-ResolvedRGB,4.2450032234191895,29.5449999940801,0.0,0.0
50,leaves,ABL-ET2X-R-PreviousRawEdge-CatmullRomRGB,4.2450032234191895,29.5449999940801,0.0,0.0
51,seams,O-T2X-R,0.43120115995407104,46.44178134717093,0.0,0.0
51,seams,ABL-ET2X-R-PreviousRawEdge-BilinearRGB,0.5082356929779053,43.47709129183293,0.0,0.0
51,seams,ABL-ET2X-R-PreviousRawEdge-ResolvedRGB,0.5082356929779053,43.47709129183293,0.0,0.0
51,seams,ABL-ET2X-R-PreviousRawEdge-CatmullRomRGB,0.5082356929779053,43.47709129183293,0.0,0.0
51,thin-seam,O-T2X-R,0.6215277910232544,44.61442733173292,0.0,0.0
51,thin-seam,ABL-ET2X-R-PreviousRawEdge-BilinearRGB,0.8239474892616272,41.062324330100765,0.0,0.0
51,thin-seam,ABL-ET2X-R-PreviousRawEdge-ResolvedRGB,0.8239474892616272,41.062324330100765,0.0,0.0
51,thin-seam,ABL-ET2X-R-PreviousRawEdge-CatmullRomRGB,0.8239474892616272,41.062324330100765,0.0,0.0
51,leaves,O-T2X-R,3.4842448234558105,31.63655484963007,0.0,0.0
51,leaves,ABL-ET2X-R-PreviousRawEdge-BilinearRGB,4.2450032234191895,29.5449999940801,0.0,0.0
51,leaves,ABL-ET2X-R-PreviousRawEdge-ResolvedRGB,4.2450032234191895,29.5449999940801,0.0,0.0
51,leaves,ABL-ET2X-R-PreviousRawEdge-CatmullRomRGB,4.2450032234191895,29.5449999940801,0.0,0.0
52,seams,O-T2X-R,0.43120115995407104,46.44178134717093,0.0,0.0
52,seams,ABL-ET2X-R-PreviousRawEdge-BilinearRGB,0.5082356929779053,43.47709129183293,0.0,0.0
52,seams,ABL-ET2X-R-PreviousRawEdge-ResolvedRGB,0.5082356929779053,43.47709129183293,0.0,0.0
52,seams,ABL-ET2X-R-PreviousRawEdge-CatmullRomRGB,0.5082356929779053,43.47709129183293,0.0,0.0
52,thin-seam,O-T2X-R,0.6215277910232544,44.61442733173292,0.0,0.0
52,thin-seam,ABL-ET2X-R-PreviousRawEdge-BilinearRGB,0.8239474892616272,41.062324330100765,0.0,0.0
52,thin-seam,ABL-ET2X-R-PreviousRawEdge-ResolvedRGB,0.8239474892616272,41.062324330100765,0.0,0.0
52,thin-seam,ABL-ET2X-R-PreviousRawEdge-CatmullRomRGB,0.8239474892616272,41.062324330100765,0.0,0.0
52,leaves,O-T2X-R,3.4842448234558105,31.63655484963007,0.0,0.0
52,leaves,ABL-ET2X-R-PreviousRawEdge-BilinearRGB,4.2450032234191895,29.5449999940801,0.0,0.0
52,leaves,ABL-ET2X-R-PreviousRawEdge-ResolvedRGB,4.2450032234191895,29.5449999940801,0.0,0.0
52,leaves,ABL-ET2X-R-PreviousRawEdge-CatmullRomRGB,4.2450032234191895,29.5449999940801,0.0,0.0
53,seams,O-T2X-R,0.43120115995407104,46.44178134717093,0.0,0.0
53,seams,ABL-ET2X-R-PreviousRawEdge-BilinearRGB,0.5082356929779053,43.47709129183293,0.0,0.0
53,seams,ABL-ET2X-R-PreviousRawEdge-ResolvedRGB,0.5082356929779053,43.47709129183293,0.0,0.0
53,seams,ABL-ET2X-R-PreviousRawEdge-CatmullRomRGB,0.5082356929779053,43.47709129183293,0.0,0.0
53,thin-seam,O-T2X-R,0.6215277910232544,44.61442733173292,0.0,0.0
53,thin-seam,ABL-ET2X-R-PreviousRawEdge-BilinearRGB,0.8239474892616272,41.062324330100765,0.0,0.0
53,thin-seam,ABL-ET2X-R-PreviousRawEdge-ResolvedRGB,0.8239474892616272,41.062324330100765,0.0,0.0
53,thin-seam,ABL-ET2X-R-PreviousRawEdge-CatmullRomRGB,0.8239474892616272,41.062324330100765,0.0,0.0
53,leaves,O-T2X-R,3.4842448234558105,31.63655484963007,0.0,0.0
53,leaves,ABL-ET2X-R-PreviousRawEdge-BilinearRGB,4.2450032234191895,29.5449999940801,0.0,0.0
53,leaves,ABL-ET2X-R-PreviousRawEdge-ResolvedRGB,4.2450032234191895,29.5449999940801,0.0,0.0
53,leaves,ABL-ET2X-R-PreviousRawEdge-CatmullRomRGB,4.2450032234191895,29.5449999940801,0.0,0.0
54,seams,O-T2X-R,0.43120115995407104,46.44178134717093,0.0,0.0
54,seams,ABL-ET2X-R-PreviousRawEdge-BilinearRGB,0.5082356929779053,43.47709129183293,0.0,0.0
54,seams,ABL-ET2X-R-PreviousRawEdge-ResolvedRGB,0.5082356929779053,43.47709129183293,0.0,0.0
54,seams,ABL-ET2X-R-PreviousRawEdge-CatmullRomRGB,0.5082356929779053,43.47709129183293,0.0,0.0
54,thin-seam,O-T2X-R,0.6215277910232544,44.61442733173292,0.0,0.0
54,thin-seam,ABL-ET2X-R-PreviousRawEdge-BilinearRGB,0.8239474892616272,41.062324330100765,0.0,0.0
54,thin-seam,ABL-ET2X-R-PreviousRawEdge-ResolvedRGB,0.8239474892616272,41.062324330100765,0.0,0.0
54,thin-seam,ABL-ET2X-R-PreviousRawEdge-CatmullRomRGB,0.8239474892616272,41.062324330100765,0.0,0.0
54,leaves,O-T2X-R,3.4842448234558105,31.63655484963007,0.0,0.0
54,leaves,ABL-ET2X-R-PreviousRawEdge-BilinearRGB,4.2450032234191895,29.5449999940801,0.0,0.0
54,leaves,ABL-ET2X-R-PreviousRawEdge-ResolvedRGB,4.2450032234191895,29.5449999940801,0.0,0.0
54,leaves,ABL-ET2X-R-PreviousRawEdge-CatmullRomRGB,4.2450032234191895,29.5449999940801,0.0,0.0
55,seams,O-T2X-R,0.43120115995407104,46.44178134717093,0.0,0.0
55,seams,ABL-ET2X-R-PreviousRawEdge-BilinearRGB,0.5082356929779053,43.47709129183293,0.0,0.0
55,seams,ABL-ET2X-R-PreviousRawEdge-ResolvedRGB,0.5082356929779053,43.47709129183293,0.0,0.0
55,seams,ABL-ET2X-R-PreviousRawEdge-CatmullRomRGB,0.5082356929779053,43.47709129183293,0.0,0.0
55,thin-seam,O-T2X-R,0.6215277910232544,44.61442733173292,0.0,0.0
55,thin-seam,ABL-ET2X-R-PreviousRawEdge-BilinearRGB,0.8239474892616272,41.062324330100765,0.0,0.0
55,thin-seam,ABL-ET2X-R-PreviousRawEdge-ResolvedRGB,0.8239474892616272,41.062324330100765,0.0,0.0
55,thin-seam,ABL-ET2X-R-PreviousRawEdge-CatmullRomRGB,0.8239474892616272,41.062324330100765,0.0,0.0
55,leaves,O-T2X-R,3.4842448234558105,31.63655484963007,0.0,0.0
55,leaves,ABL-ET2X-R-PreviousRawEdge-BilinearRGB,4.2450032234191895,29.5449999940801,0.0,0.0
55,leaves,ABL-ET2X-R-PreviousRawEdge-ResolvedRGB,4.2450032234191895,29.5449999940801,0.0,0.0
55,leaves,ABL-ET2X-R-PreviousRawEdge-CatmullRomRGB,4.2450032234191895,29.5449999940801,0.0,0.0
56,seams,O-T2X-R,0.43120115995407104,46.44178134717093,0.0,0.0
56,seams,ABL-ET2X-R-PreviousRawEdge-BilinearRGB,0.5082356929779053,43.47709129183293,0.0,0.0
56,seams,ABL-ET2X-R-PreviousRawEdge-ResolvedRGB,0.5082356929779053,43.47709129183293,0.0,0.0
56,seams,ABL-ET2X-R-PreviousRawEdge-CatmullRomRGB,0.5082356929779053,43.47709129183293,0.0,0.0
56,thin-seam,O-T2X-R,0.6215277910232544,44.61442733173292,0.0,0.0
56,thin-seam,ABL-ET2X-R-PreviousRawEdge-BilinearRGB,0.8239474892616272,41.062324330100765,0.0,0.0
56,thin-seam,ABL-ET2X-R-PreviousRawEdge-ResolvedRGB,0.8239474892616272,41.062324330100765,0.0,0.0
56,thin-seam,ABL-ET2X-R-PreviousRawEdge-CatmullRomRGB,0.8239474892616272,41.062324330100765,0.0,0.0
56,leaves,O-T2X-R,3.4842448234558105,31.63655484963007,0.0,0.0
56,leaves,ABL-ET2X-R-PreviousRawEdge-BilinearRGB,4.2450032234191895,29.5449999940801,0.0,0.0
56,leaves,ABL-ET2X-R-PreviousRawEdge-ResolvedRGB,4.2450032234191895,29.5449999940801,0.0,0.0
56,leaves,ABL-ET2X-R-PreviousRawEdge-CatmullRomRGB,4.2450032234191895,29.5449999940801,0.0,0.0
57,seams,O-T2X-R,0.43120115995407104,46.44178134717093,0.0,0.0
57,seams,ABL-ET2X-R-PreviousRawEdge-BilinearRGB,0.5082356929779053,43.47709129183293,0.0,0.0
57,seams,ABL-ET2X-R-PreviousRawEdge-ResolvedRGB,0.5082356929779053,43.47709129183293,0.0,0.0
57,seams,ABL-ET2X-R-PreviousRawEdge-CatmullRomRGB,0.5082356929779053,43.47709129183293,0.0,0.0
57,thin-seam,O-T2X-R,0.6215277910232544,44.61442733173292,0.0,0.0
57,thin-seam,ABL-ET2X-R-PreviousRawEdge-BilinearRGB,0.8239474892616272,41.062324330100765,0.0,0.0
57,thin-seam,ABL-ET2X-R-PreviousRawEdge-ResolvedRGB,0.8239474892616272,41.062324330100765,0.0,0.0
57,thin-seam,ABL-ET2X-R-PreviousRawEdge-CatmullRomRGB,0.8239474892616272,41.062324330100765,0.0,0.0
57,leaves,O-T2X-R,3.4842448234558105,31.63655484963007,0.0,0.0
57,leaves,ABL-ET2X-R-PreviousRawEdge-BilinearRGB,4.2450032234191895,29.5449999940801,0.0,0.0
57,leaves,ABL-ET2X-R-PreviousRawEdge-ResolvedRGB,4.2450032234191895,29.5449999940801,0.0,0.0
57,leaves,ABL-ET2X-R-PreviousRawEdge-CatmullRomRGB,4.2450032234191895,29.5449999940801,0.0,0.0
58,seams,O-T2X-R,0.43120115995407104,46.44178134717093,0.0,0.0
58,seams,ABL-ET2X-R-PreviousRawEdge-BilinearRGB,0.5082356929779053,43.47709129183293,0.0,0.0
58,seams,ABL-ET2X-R-PreviousRawEdge-ResolvedRGB,0.5082356929779053,43.47709129183293,0.0,0.0
58,seams,ABL-ET2X-R-PreviousRawEdge-CatmullRomRGB,0.5082356929779053,43.47709129183293,0.0,0.0
58,thin-seam,O-T2X-R,0.6215277910232544,44.61442733173292,0.0,0.0
58,thin-seam,ABL-ET2X-R-PreviousRawEdge-BilinearRGB,0.8239474892616272,41.062324330100765,0.0,0.0
58,thin-seam,ABL-ET2X-R-PreviousRawEdge-ResolvedRGB,0.8239474892616272,41.062324330100765,0.0,0.0
58,thin-seam,ABL-ET2X-R-PreviousRawEdge-CatmullRomRGB,0.8239474892616272,41.062324330100765,0.0,0.0
58,leaves,O-T2X-R,3.4842448234558105,31.63655484963007,0.0,0.0
58,leaves,ABL-ET2X-R-PreviousRawEdge-BilinearRGB,4.2450032234191895,29.5449999940801,0.0,0.0
58,leaves,ABL-ET2X-R-PreviousRawEdge-ResolvedRGB,4.2450032234191895,29.5449999940801,0.0,0.0
58,leaves,ABL-ET2X-R-PreviousRawEdge-CatmullRomRGB,4.2450032234191895,29.5449999940801,0.0,0.0
59,seams,O-T2X-R,0.43120115995407104,46.44178134717093,0.0,0.0
59,seams,ABL-ET2X-R-PreviousRawEdge-BilinearRGB,0.5082356929779053,43.47709129183293,0.0,0.0
59,seams,ABL-ET2X-R-PreviousRawEdge-ResolvedRGB,0.5082356929779053,43.47709129183293,0.0,0.0
59,seams,ABL-ET2X-R-PreviousRawEdge-CatmullRomRGB,0.5082356929779053,43.47709129183293,0.0,0.0
59,thin-seam,O-T2X-R,0.6215277910232544,44.61442733173292,0.0,0.0
59,thin-seam,ABL-ET2X-R-PreviousRawEdge-BilinearRGB,0.8239474892616272,41.062324330100765,0.0,0.0
59,thin-seam,ABL-ET2X-R-PreviousRawEdge-ResolvedRGB,0.8239474892616272,41.062324330100765,0.0,0.0
59,thin-seam,ABL-ET2X-R-PreviousRawEdge-CatmullRomRGB,0.8239474892616272,41.062324330100765,0.0,0.0
59,leaves,O-T2X-R,3.4842448234558105,31.63655484963007,0.0,0.0
59,leaves,ABL-ET2X-R-PreviousRawEdge-BilinearRGB,4.2450032234191895,29.5449999940801,0.0,0.0
59,leaves,ABL-ET2X-R-PreviousRawEdge-ResolvedRGB,4.2450032234191895,29.5449999940801,0.0,0.0
59,leaves,ABL-ET2X-R-PreviousRawEdge-CatmullRomRGB,4.2450032234191895,29.5449999940801,0.0,0.0
60,seams,O-T2X-R,0.43120115995407104,46.44178134717093,0.0,0.0
60,seams,ABL-ET2X-R-PreviousRawEdge-BilinearRGB,0.5082356929779053,43.47709129183293,0.0,0.0
60,seams,ABL-ET2X-R-PreviousRawEdge-ResolvedRGB,0.5082356929779053,43.47709129183293,0.0,0.0
60,seams,ABL-ET2X-R-PreviousRawEdge-CatmullRomRGB,0.5082356929779053,43.47709129183293,0.0,0.0
60,thin-seam,O-T2X-R,0.6215277910232544,44.61442733173292,0.0,0.0
60,thin-seam,ABL-ET2X-R-PreviousRawEdge-BilinearRGB,0.8239474892616272,41.062324330100765,0.0,0.0
60,thin-seam,ABL-ET2X-R-PreviousRawEdge-ResolvedRGB,0.8239474892616272,41.062324330100765,0.0,0.0
60,thin-seam,ABL-ET2X-R-PreviousRawEdge-CatmullRomRGB,0.8239474892616272,41.062324330100765,0.0,0.0
60,leaves,O-T2X-R,3.4842448234558105,31.63655484963007,0.0,0.0
60,leaves,ABL-ET2X-R-PreviousRawEdge-BilinearRGB,4.2450032234191895,29.5449999940801,0.0,0.0
60,leaves,ABL-ET2X-R-PreviousRawEdge-ResolvedRGB,4.2450032234191895,29.5449999940801,0.0,0.0
60,leaves,ABL-ET2X-R-PreviousRawEdge-CatmullRomRGB,4.2450032234191895,29.5449999940801,0.0,0.0
61,seams,O-T2X-R,0.8475586175918579,40.20976063946107,8.213354110717773,8.213354110717773
61,seams,ABL-ET2X-R-PreviousRawEdge-BilinearRGB,0.4182780086994171,44.85884447312448,8.053656578063965,8.053656578063965
61,seams,ABL-ET2X-R-PreviousRawEdge-ResolvedRGB,0.4182780086994171,44.85884447312448,8.053656578063965,8.053656578063965
61,seams,ABL-ET2X-R-PreviousRawEdge-CatmullRomRGB,0.4182780086994171,44.85884447312448,8.053656578063965,8.053656578063965
61,thin-seam,O-T2X-R,1.3764106035232544,38.011306916842585,10.154622077941895,10.154622077941895
61,thin-seam,ABL-ET2X-R-PreviousRawEdge-BilinearRGB,0.5578342080116272,44.76397453323462,9.600829124450684,9.600829124450684
61,thin-seam,ABL-ET2X-R-PreviousRawEdge-ResolvedRGB,0.5578342080116272,44.76397453323462,9.600829124450684,9.600829124450684
61,thin-seam,ABL-ET2X-R-PreviousRawEdge-CatmullRomRGB,0.5578342080116272,44.76397453323462,9.600829124450684,9.600829124450684
61,leaves,O-T2X-R,4.941504001617432,29.289331882281676,7.944354057312012,7.944354057312012
61,leaves,ABL-ET2X-R-PreviousRawEdge-BilinearRGB,3.8213541507720947,30.505224355323204,10.053461074829102,10.053461074829102
61,leaves,ABL-ET2X-R-PreviousRawEdge-ResolvedRGB,3.8213541507720947,30.505224355323204,10.053461074829102,10.053461074829102
61,leaves,ABL-ET2X-R-PreviousRawEdge-CatmullRomRGB,3.8236327171325684,30.47658255738209,10.131595611572266,10.131595611572266
62,seams,O-T2X-R,1.2654297351837158,33.18517693100125,11.901500701904297,17.402957916259766
62,seams,ABL-ET2X-R-PreviousRawEdge-BilinearRGB,0.7954264283180237,33.59812547336633,11.554940223693848,16.598920822143555
62,seams,ABL-ET2X-R-PreviousRawEdge-ResolvedRGB,0.7954264283180237,33.59812547336633,11.554940223693848,16.598920822143555
62,seams,ABL-ET2X-R-PreviousRawEdge-CatmullRomRGB,0.7954264283180237,33.59812547336633,11.554940223693848,16.598920822143555
62,thin-seam,O-T2X-R,1.1436089277267456,40.24442090088571,13.939876556396484,22.15592384338379
62,thin-seam,ABL-ET2X-R-PreviousRawEdge-BilinearRGB,0.4899631142616272,47.46841026369082,13.131413459777832,19.894145965576172
62,thin-seam,ABL-ET2X-R-PreviousRawEdge-ResolvedRGB,0.4899631142616272,47.46841026369082,13.131413459777832,19.894145965576172
62,thin-seam,ABL-ET2X-R-PreviousRawEdge-CatmullRomRGB,0.4899631142616272,47.46841026369082,13.131413459777832,19.894145965576172
62,leaves,O-T2X-R,3.7952311038970947,31.311909051251728,10.760926246643066,13.496551513671875
62,leaves,ABL-ET2X-R-PreviousRawEdge-BilinearRGB,3.6468424797058105,31.034733918318835,9.581916809082031,14.28180980682373
62,leaves,ABL-ET2X-R-PreviousRawEdge-ResolvedRGB,3.5892090797424316,31.223991382344217,9.535697937011719,14.310394287109375
62,leaves,ABL-ET2X-R-PreviousRawEdge-CatmullRomRGB,3.5570311546325684,31.196998343211323,9.884164810180664,14.556218147277832
63,seams,O-T2X-R,2.0464518070220947,34.38672142402809,10.700780868530273,20.25972557067871
63,seams,ABL-ET2X-R-PreviousRawEdge-BilinearRGB,1.0888671875,39.58436355959479,10.655355453491211,19.96999740600586
63,seams,ABL-ET2X-R-PreviousRawEdge-ResolvedRGB,1.0888671875,39.58436355959479,10.655355453491211,19.96999740600586
63,seams,ABL-ET2X-R-PreviousRawEdge-CatmullRomRGB,1.0909017324447632,39.57606346320638,10.654370307922363,19.966556549072266
63,thin-seam,O-T2X-R,1.9305013418197632,37.349547840867075,10.909655570983887,22.455642700195312
63,thin-seam,ABL-ET2X-R-PreviousRawEdge-BilinearRGB,0.99609375,42.291842753596256,11.019841194152832,21.67791748046875
63,thin-seam,ABL-ET2X-R-PreviousRawEdge-ResolvedRGB,0.99609375,42.291842753596256,11.019841194152832,21.67791748046875
63,thin-seam,ABL-ET2X-R-PreviousRawEdge-CatmullRomRGB,0.99609375,42.291842753596256,11.019841194152832,21.67791748046875
63,leaves,O-T2X-R,4.316227436065674,30.33439366600783,8.420292854309082,14.036529541015625
63,leaves,ABL-ET2X-R-PreviousRawEdge-BilinearRGB,3.588395118713379,31.312209235637,9.170974731445312,12.743433952331543
63,leaves,ABL-ET2X-R-PreviousRawEdge-ResolvedRGB,3.5445148944854736,31.583009703252248,8.853708267211914,12.47364616394043
63,leaves,ABL-ET2X-R-PreviousRawEdge-CatmullRomRGB,3.467740774154663,31.626507630009502,9.450971603393555,13.260104179382324
64,seams,O-T2X-R,1.3800780773162842,38.14821311868147,2.736717700958252,11.785409927368164
64,seams,ABL-ET2X-R-PreviousRawEdge-BilinearRGB,1.0856282711029053,39.58706110009382,2.274472713470459,11.201072692871094
64,seams,ABL-ET2X-R-PreviousRawEdge-ResolvedRGB,1.0949381589889526,39.50465909793402,2.270219326019287,11.204303741455078
64,seams,ABL-ET2X-R-PreviousRawEdge-CatmullRomRGB,1.0907877683639526,39.56947245561737,2.2550387382507324,11.188617706298828
64,thin-seam,O-T2X-R,1.4113497734069824,37.715934421830035,2.3336145877838135,11.658503532409668
64,thin-seam,ABL-ET2X-R-PreviousRawEdge-BilinearRGB,1.0197482109069824,41.227150428301485,1.7061285972595215,11.2100830078125
64,thin-seam,ABL-ET2X-R-PreviousRawEdge-ResolvedRGB,1.0197482109069824,41.227150428301485,1.7061285972595215,11.2100830078125
64,thin-seam,ABL-ET2X-R-PreviousRawEdge-CatmullRomRGB,1.0256075859069824,41.24130529359349,1.6898902654647827,11.18657398223877
64,leaves,O-T2X-R,3.735579490661621,31.446650227163087,8.368408203125,9.891401290893555
64,leaves,ABL-ET2X-R-PreviousRawEdge-BilinearRGB,3.5873045921325684,31.209038376243903,8.877460479736328,12.270822525024414
64,leaves,ABL-ET2X-R-PreviousRawEdge-ResolvedRGB,3.57666015625,31.38355532402008,8.400583267211914,11.480812072753906
64,leaves,ABL-ET2X-R-PreviousRawEdge-CatmullRomRGB,3.472444772720337,31.487311608188165,9.020415306091309,12.333880424499512
65,seams,O-T2X-R,1.1919759511947632,40.51390077639976,1.5770330429077148,2.464601755142212
65,seams,ABL-ET2X-R-PreviousRawEdge-BilinearRGB,1.1015950441360474,38.3065011355358,1.5760948657989502,2.16530704498291
65,seams,ABL-ET2X-R-PreviousRawEdge-ResolvedRGB,1.0923177003860474,38.43395154414481,1.5767930746078491,2.170858383178711
65,seams,ABL-ET2X-R-PreviousRawEdge-CatmullRomRGB,1.0939127206802368,38.46353669146578,1.581037998199463,2.1783480644226074
65,thin-seam,O-T2X-R,1.2248806953430176,40.99774146554864,1.6193782091140747,1.887406349182129
65,thin-seam,ABL-ET2X-R-PreviousRawEdge-BilinearRGB,1.1197916269302368,37.49275281415135,1.7778935432434082,1.4864736795425415
65,thin-seam,ABL-ET2X-R-PreviousRawEdge-ResolvedRGB,1.1344943046569824,37.43501960910589,1.784070372581482,1.4965935945510864
65,thin-seam,ABL-ET2X-R-PreviousRawEdge-CatmullRomRGB,1.1331380605697632,37.45217647880762,1.7928177118301392,1.5095402002334595
65,leaves,O-T2X-R,4.231135845184326,30.478449867819787,8.172100067138672,11.723886489868164
65,leaves,ABL-ET2X-R-PreviousRawEdge-BilinearRGB,3.586930274963379,31.209312684696467,8.777861595153809,12.003677368164062
65,leaves,ABL-ET2X-R-PreviousRawEdge-ResolvedRGB,3.5538573265075684,31.46987460922684,8.268619537353516,11.03243637084961
65,leaves,ABL-ET2X-R-PreviousRawEdge-CatmullRomRGB,3.4458658695220947,31.59915930927125,8.8590087890625,11.792365074157715
66,seams,O-T2X-R,1.2859700918197632,38.05009974570783,1.467244029045105,2.1594932079315186
66,seams,ABL-ET2X-R-PreviousRawEdge-BilinearRGB,1.0041015148162842,41.580620278978856,1.4792321920394897,1.634518027305603
66,seams,ABL-ET2X-R-PreviousRawEdge-ResolvedRGB,1.0229980945587158,41.250201954700316,1.4740339517593384,1.6130435466766357
66,seams,ABL-ET2X-R-PreviousRawEdge-CatmullRomRGB,1.012451171875,41.41014069539296,1.4819504022598267,1.6235243082046509
66,thin-seam,O-T2X-R,1.3824869394302368,37.1148334136043,1.7324985265731812,2.3111438751220703
66,thin-seam,ABL-ET2X-R-PreviousRawEdge-BilinearRGB,0.94677734375,43.487351683430255,1.722978949546814,1.833793044090271
66,thin-seam,ABL-ET2X-R-PreviousRawEdge-ResolvedRGB,0.9576280117034912,43.06191767521181,1.719923973083496,1.8411632776260376
66,thin-seam,ABL-ET2X-R-PreviousRawEdge-CatmullRomRGB,0.9540473222732544,43.287079178734764,1.7341232299804688,1.860524296760559
66,leaves,O-T2X-R,3.643831491470337,31.625491405215097,8.355161666870117,9.968589782714844
66,leaves,ABL-ET2X-R-PreviousRawEdge-BilinearRGB,3.545686960220337,31.239896923591928,8.971044540405273,12.278672218322754
66,leaves,ABL-ET2X-R-PreviousRawEdge-ResolvedRGB,3.5121257305145264,31.50874994372334,8.418566703796387,11.238804817199707
66,leaves,ABL-ET2X-R-PreviousRawEdge-CatmullRomRGB,3.4056639671325684,31.611234893840088,9.001882553100586,11.93690013885498
67,seams,O-T2X-R,1.3540689945220947,36.90215197172181,1.4364076852798462,1.2414875030517578
67,seams,ABL-ET2X-R-PreviousRawEdge-BilinearRGB,1.142431616783142,38.85443898666992,1.4786288738250732,1.4040461778640747
67,seams,ABL-ET2X-R-PreviousRawEdge-ResolvedRGB,1.1404459476470947,38.859953615410156,1.4528448581695557,1.3726527690887451
67,seams,ABL-ET2X-R-PreviousRawEdge-CatmullRomRGB,1.1367024183273315,38.9480440344998,1.4672534465789795,1.3819377422332764
67,thin-seam,O-T2X-R,1.3379991054534912,39.25008655967813,1.6324882507324219,1.3334598541259766
67,thin-seam,ABL-ET2X-R-PreviousRawEdge-BilinearRGB,1.0116102695465088,41.311504817349665,1.6497646570205688,1.530327320098877
67,thin-seam,ABL-ET2X-R-PreviousRawEdge-ResolvedRGB,1.0002713203430176,41.4019814641027,1.6329916715621948,1.4974180459976196
67,thin-seam,ABL-ET2X-R-PreviousRawEdge-CatmullRomRGB,1.0091688632965088,41.39578095175925,1.64803946018219,1.5137752294540405
67,leaves,O-T2X-R,4.175244331359863,30.40663734376196,8.224807739257812,11.81578254699707
67,leaves,ABL-ET2X-R-PreviousRawEdge-BilinearRGB,3.4869627952575684,31.51190824152916,8.970247268676758,12.46881103515625
67,leaves,ABL-ET2X-R-PreviousRawEdge-ResolvedRGB,3.480452537536621,31.674238850285068,8.392423629760742,11.405473709106445
67,leaves,ABL-ET2X-R-PreviousRawEdge-CatmullRomRGB,3.384716749191284,31.774289360317532,8.9956693649292,12.142273902893066
68,seams,O-T2X-R,1.2143229246139526,39.897615474512826,1.4552947282791138,2.0000815391540527
68,seams,ABL-ET2X-R-PreviousRawEdge-BilinearRGB,1.131738305091858,37.67399644520531,1.4813377857208252,1.4924356937408447
68,seams,ABL-ET2X-R-PreviousRawEdge-ResolvedRGB,1.1469075679779053,37.65256840360828,1.4811303615570068,1.4493238925933838
68,seams,ABL-ET2X-R-PreviousRawEdge-CatmullRomRGB,1.1397298574447632,37.69969539538771,1.491855502128601,1.458961009979248
68,thin-seam,O-T2X-R,1.1393771171569824,42.93543740297974,1.6617234945297241,2.28934383392334
68,thin-seam,ABL-ET2X-R-PreviousRawEdge-BilinearRGB,1.1819119453430176,36.416208632941014,1.7894824743270874,1.6999820470809937
68,thin-seam,ABL-ET2X-R-PreviousRawEdge-ResolvedRGB,1.1998155117034912,36.34590839667817,1.7851983308792114,1.6690295934677124
68,thin-seam,ABL-ET2X-R-PreviousRawEdge-CatmullRomRGB,1.2025824785232544,36.355213171667586,1.7958816289901733,1.6822303533554077
68,leaves,O-T2X-R,3.7152342796325684,31.519254616102547,8.239938735961914,9.97077751159668
68,leaves,ABL-ET2X-R-PreviousRawEdge-BilinearRGB,3.5660808086395264,31.31886238510244,8.8776273727417,12.197186470031738
68,leaves,ABL-ET2X-R-PreviousRawEdge-ResolvedRGB,3.5118978023529053,31.61343933907626,8.323448181152344,11.152172088623047
68,leaves,ABL-ET2X-R-PreviousRawEdge-CatmullRomRGB,3.407177686691284,31.726295114082802,8.907694816589355,11.89167308807373
69,seams,O-T2X-R,1.2573893070220947,39.35036064222399,1.4974044561386108,1.2903116941452026
69,seams,ABL-ET2X-R-PreviousRawEdge-BilinearRGB,1.059472680091858,40.521432501644014,1.4945083856582642,1.5299568176269531
69,seams,ABL-ET2X-R-PreviousRawEdge-ResolvedRGB,1.0500324964523315,40.7883962212923,1.4849879741668701,1.4991567134857178
69,seams,ABL-ET2X-R-PreviousRawEdge-CatmullRomRGB,1.0549479722976685,40.718933413082674,1.4993337392807007,1.5122134685516357
69,thin-seam,O-T2X-R,1.1270073652267456,42.90053200453299,1.607853889465332,1.2808030843734741
69,thin-seam,ABL-ET2X-R-PreviousRawEdge-BilinearRGB,0.9371201992034912,43.15651830916495,1.7912988662719727,1.8960851430892944
69,thin-seam,ABL-ET2X-R-PreviousRawEdge-ResolvedRGB,0.9349501132965088,43.24801778362999,1.785704255104065,1.8835958242416382
69,thin-seam,ABL-ET2X-R-PreviousRawEdge-CatmullRomRGB,0.939453125,43.30837222805843,1.8015648126602173,1.8985801935195923
69,leaves,O-T2X-R,4.177148342132568,30.58915736254836,8.156970977783203,11.731298446655273
69,leaves,ABL-ET2X-R-PreviousRawEdge-BilinearRGB,3.4913249015808105,31.59048516153145,8.823273658752441,12.260208129882812
69,leaves,ABL-ET2X-R-PreviousRawEdge-ResolvedRGB,3.444352149963379,31.902575650144836,8.251703262329102,11.212663650512695
69,leaves,ABL-ET2X-R-PreviousRawEdge-CatmullRomRGB,3.331087350845337,32.0219470122897,8.818967819213867,11.914190292358398
70,seams,O-T2X-R,1.2647135257720947,40.14220277415569,1.4947240352630615,2.058457136154175
70,seams,ABL-ET2X-R-PreviousRawEdge-BilinearRGB,1.0603516101837158,39.18686401084078,1.571989893913269,1.405825138092041
70,seams,ABL-ET2X-R-PreviousRawEdge-ResolvedRGB,1.0822917222976685,39.01985182771517,1.555351972579956,1.3690762519836426
70,seams,ABL-ET2X-R-PreviousRawEdge-CatmullRomRGB,1.0688313245773315,39.103784484464484,1.570171594619751,1.3762704133987427
70,thin-seam,O-T2X-R,1.2501627206802368,41.41541311849862,1.7138704061508179,2.3050315380096436
70,thin-seam,ABL-ET2X-R-PreviousRawEdge-BilinearRGB,0.9766167402267456,42.46559233507945,1.6971369981765747,1.5196374654769897
70,thin-seam,ABL-ET2X-R-PreviousRawEdge-ResolvedRGB,0.9668511152267456,42.518720489056825,1.6817864179611206,1.4826828241348267
70,thin-seam,ABL-ET2X-R-PreviousRawEdge-CatmullRomRGB,0.9696723222732544,42.54663741438226,1.6992710828781128,1.491388201713562
70,leaves,O-T2X-R,3.6146810054779053,31.868549673778293,8.197766304016113,9.970179557800293
70,leaves,ABL-ET2X-R-PreviousRawEdge-BilinearRGB,3.4435384273529053,31.71795912281462,8.907022476196289,12.281858444213867
70,leaves,ABL-ET2X-R-PreviousRawEdge-ResolvedRGB,3.4189453125,31.975929960682336,8.348672866821289,11.198659896850586
70,leaves,ABL-ET2X-R-PreviousRawEdge-CatmullRomRGB,3.3151042461395264,32.07359825226769,8.928499221801758,11.907082557678223
71,seams,O-T2X-R,1.3136067390441895,37.37056086200337,1.5337339639663696,1.2610265016555786
71,seams,ABL-ET2X-R-PreviousRawEdge-BilinearRGB,1.3662434816360474,36.08000087577143,1.6974809169769287,1.5775187015533447
71,seams,ABL-ET2X-R-PreviousRawEdge-ResolvedRGB,1.3652180433273315,36.12043937784088,1.6783716678619385,1.5586092472076416
71,seams,ABL-ET2X-R-PreviousRawEdge-CatmullRomRGB,1.3542969226837158,36.16224573153733,1.6918596029281616,1.5651535987854004
71,thin-seam,O-T2X-R,1.4554579257965088,35.79129296918148,1.5805726051330566,1.244886875152588
71,thin-seam,ABL-ET2X-R-PreviousRawEdge-BilinearRGB,1.2550455331802368,35.76259857287116,1.8369884490966797,1.7584222555160522
71,thin-seam,ABL-ET2X-R-PreviousRawEdge-ResolvedRGB,1.2696397304534912,35.70031520085714,1.829816460609436,1.7357209920883179
71,thin-seam,ABL-ET2X-R-PreviousRawEdge-CatmullRomRGB,1.2680121660232544,35.71085677363273,1.8464350700378418,1.7479699850082397
71,leaves,O-T2X-R,4.0923991203308105,30.83218628252,8.14102554321289,11.672935485839844
71,leaves,ABL-ET2X-R-PreviousRawEdge-BilinearRGB,3.5211751461029053,31.56445550834895,8.943493843078613,12.313188552856445
71,leaves,ABL-ET2X-R-PreviousRawEdge-ResolvedRGB,3.4581706523895264,31.9035446966136,8.355409622192383,11.235328674316406
71,leaves,ABL-ET2X-R-PreviousRawEdge-CatmullRomRGB,3.358138084411621,32.01507421555196,8.938162803649902,11.965902328491211
72,seams,O-T2X-R,1.2960286140441895,38.40613240616597,1.4436771869659424,2.0685389041900635
72,seams,ABL-ET2X-R-PreviousRawEdge-BilinearRGB,1.1125977039337158,38.644041320454804,1.5860049724578857,1.8142406940460205
72,seams,ABL-ET2X-R-PreviousRawEdge-ResolvedRGB,1.046777367591858,39.42823949434847,1.5931909084320068,1.8453181982040405
72,seams,ABL-ET2X-R-PreviousRawEdge-CatmullRomRGB,1.0485025644302368,39.401694825590695,1.6016714572906494,1.8495864868164062
72,thin-seam,O-T2X-R,1.3955078125,37.50464913983467,1.6716814041137695,2.2782199382781982
72,thin-seam,ABL-ET2X-R-PreviousRawEdge-BilinearRGB,1.0686849355697632,39.1131776191922,1.8181253671646118,1.8699356317520142
72,thin-seam,ABL-ET2X-R-PreviousRawEdge-ResolvedRGB,0.9996744990348816,40.671838854388284,1.790706992149353,1.8827582597732544
72,thin-seam,ABL-ET2X-R-PreviousRawEdge-CatmullRomRGB,1.0053168535232544,40.579684176608666,1.7984825372695923,1.8851524591445923
72,leaves,O-T2X-R,3.624755859375,31.682167367409455,8.241888046264648,10.002166748046875
72,leaves,ABL-ET2X-R-PreviousRawEdge-BilinearRGB,3.4342284202575684,31.79655482589208,8.773252487182617,12.27817153930664
72,leaves,ABL-ET2X-R-PreviousRawEdge-ResolvedRGB,3.4161946773529053,32.02564541619361,8.233173370361328,11.205907821655273
72,leaves,ABL-ET2X-R-PreviousRawEdge-CatmullRomRGB,3.3084797859191895,32.141234145787074,8.821821212768555,11.943681716918945
73,seams,O-T2X-R,1.365380883216858,36.46653039824322,1.3202793598175049,1.1615864038467407
73,seams,ABL-ET2X-R-PreviousRawEdge-BilinearRGB,1.160546898841858,38.140484144988605,1.5775781869888306,1.6036380529403687
73,seams,ABL-ET2X-R-PreviousRawEdge-ResolvedRGB,1.1805500984191895,37.975673699725775,1.4908186197280884,1.4862136840820312
73,seams,ABL-ET2X-R-PreviousRawEdge-CatmullRomRGB,1.1587239503860474,38.086861885166854,1.5101759433746338,1.4762623310089111
73,thin-seam,O-T2X-R,1.2627495527267456,40.883983438213534,1.5323361158370972,1.235674262046814
73,thin-seam,ABL-ET2X-R-PreviousRawEdge-BilinearRGB,1.0339083671569824,42.04490018555233,1.7415915727615356,1.704099178314209
73,thin-seam,ABL-ET2X-R-PreviousRawEdge-ResolvedRGB,1.0018988847732544,42.64145523917672,1.6761382818222046,1.5719585418701172
73,thin-seam,ABL-ET2X-R-PreviousRawEdge-CatmullRomRGB,0.9954426884651184,42.638327619272886,1.6986421346664429,1.5649480819702148
73,leaves,O-T2X-R,4.131201267242432,30.543698477350638,8.1361665725708,11.557910919189453
73,leaves,ABL-ET2X-R-PreviousRawEdge-BilinearRGB,3.473583936691284,31.569283358336108,8.825288772583008,12.119783401489258
73,leaves,ABL-ET2X-R-PreviousRawEdge-ResolvedRGB,3.421093702316284,31.873356473661502,8.30483341217041,11.116028785705566
73,leaves,ABL-ET2X-R-PreviousRawEdge-CatmullRomRGB,3.325667381286621,31.94492474986059,8.882787704467773,11.8628568649292
74,seams,O-T2X-R,1.2601399421691895,39.09251440748945,1.4972107410430908,1.9744224548339844
74,seams,ABL-ET2X-R-PreviousRawEdge-BilinearRGB,1.2926431894302368,35.91591413685423,1.5898760557174683,1.6111255884170532
74,seams,ABL-ET2X-R-PreviousRawEdge-ResolvedRGB,1.2909342050552368,35.94727217290616,1.5615262985229492,1.5150935649871826
74,seams,ABL-ET2X-R-PreviousRawEdge-CatmullRomRGB,1.2800943851470947,35.998000179088756,1.5755631923675537,1.5210402011871338
74,thin-seam,O-T2X-R,1.1572265625,42.82369980434984,1.7121750116348267,2.2824904918670654
74,thin-seam,ABL-ET2X-R-PreviousRawEdge-BilinearRGB,1.2082791328430176,35.627458732754754,1.8065134286880493,1.7300715446472168
74,thin-seam,ABL-ET2X-R-PreviousRawEdge-ResolvedRGB,1.2198350429534912,35.550364035566574,1.76809561252594,1.6629114151000977
74,thin-seam,ABL-ET2X-R-PreviousRawEdge-CatmullRomRGB,1.2146267890930176,35.571851983170724,1.7860212326049805,1.672329068183899
74,leaves,O-T2X-R,3.5399413108825684,31.84126298070836,8.11698055267334,9.945241928100586
74,leaves,ABL-ET2X-R-PreviousRawEdge-BilinearRGB,3.4584310054779053,31.697661916900692,8.837793350219727,12.264738082885742
74,leaves,ABL-ET2X-R-PreviousRawEdge-ResolvedRGB,3.420882225036621,31.964385435425466,8.257558822631836,11.167669296264648
74,leaves,ABL-ET2X-R-PreviousRawEdge-CatmullRomRGB,3.316683053970337,32.10156927016533,8.808074951171875,11.854772567749023
75,seams,O-T2X-R,1.2293131351470947,40.15735938167957,1.5623656511306763,1.262726068496704
75,seams,ABL-ET2X-R-PreviousRawEdge-BilinearRGB,1.129248023033142,38.45969956480362,1.4964847564697266,1.5912094116210938
75,seams,ABL-ET2X-R-PreviousRawEdge-ResolvedRGB,1.107275366783142,38.6333070102218,1.4986743927001953,1.5520555973052979
75,seams,ABL-ET2X-R-PreviousRawEdge-CatmullRomRGB,1.103906273841858,38.66065193384025,1.5106180906295776,1.5631096363067627
75,thin-seam,O-T2X-R,1.2530924081802368,40.89581397515866,1.7142057418823242,1.3003395795822144
75,thin-seam,ABL-ET2X-R-PreviousRawEdge-BilinearRGB,1.0240342617034912,41.462551725630554,1.7130851745605469,1.7204405069351196
75,thin-seam,ABL-ET2X-R-PreviousRawEdge-ResolvedRGB,1.0084092617034912,41.781928145454145,1.697312355041504,1.6761608123779297
75,thin-seam,ABL-ET2X-R-PreviousRawEdge-CatmullRomRGB,1.0093315839767456,41.829872065188276,1.7161375284194946,1.6899112462997437
75,leaves,O-T2X-R,4.047802925109863,30.796739729482088,8.024859428405762,11.616662979125977
75,leaves,ABL-ET2X-R-PreviousRawEdge-BilinearRGB,3.470165967941284,31.73387532036594,8.762982368469238,12.251015663146973
75,leaves,ABL-ET2X-R-PreviousRawEdge-ResolvedRGB,3.4000813961029053,32.10113196484835,8.2239351272583,11.188192367553711
75,leaves,ABL-ET2X-R-PreviousRawEdge-CatmullRomRGB,3.294140577316284,32.2450268881148,8.778409004211426,11.892145156860352
76,seams,O-T2X-R,1.264013648033142,40.53669525077061,1.6054680347442627,2.2815561294555664
76,seams,ABL-ET2X-R-PreviousRawEdge-BilinearRGB,1.1198079586029053,38.94570699482175,1.4988523721694946,1.5209193229675293
76,seams,ABL-ET2X-R-PreviousRawEdge-ResolvedRGB,1.1123372316360474,39.020060220892475,1.462946891784668,1.4755719900131226
76,seams,ABL-ET2X-R-PreviousRawEdge-CatmullRomRGB,1.106787085533142,39.026458180712794,1.4789249897003174,1.4778715372085571
76,thin-seam,O-T2X-R,1.3379991054534912,40.90807876801266,1.826442837715149,2.5465049743652344
76,thin-seam,ABL-ET2X-R-PreviousRawEdge-BilinearRGB,0.9778103232383728,42.86520382795122,1.5845985412597656,1.5909843444824219
76,thin-seam,ABL-ET2X-R-PreviousRawEdge-ResolvedRGB,0.9822048544883728,42.7965709490449,1.573434829711914,1.554986596107483
76,thin-seam,ABL-ET2X-R-PreviousRawEdge-CatmullRomRGB,0.9733073115348816,42.897918166702226,1.5890034437179565,1.5624712705612183
76,leaves,O-T2X-R,3.4605956077575684,32.082043863229124,8.143930435180664,9.822393417358398
76,leaves,ABL-ET2X-R-PreviousRawEdge-BilinearRGB,3.394270896911621,31.851670281685497,8.620810508728027,12.097207069396973
76,leaves,ABL-ET2X-R-PreviousRawEdge-ResolvedRGB,3.3501627445220947,32.12246359705401,8.083653450012207,11.068860054016113
76,leaves,ABL-ET2X-R-PreviousRawEdge-CatmullRomRGB,3.2376301288604736,32.264805838987414,8.639455795288086,11.775599479675293
77,seams,O-T2X-R,1.4118489027023315,37.420798196891454,1.609039068222046,1.448441505432129
77,seams,ABL-ET2X-R-PreviousRawEdge-BilinearRGB,1.1972819566726685,38.34251747217185,1.7870200872421265,1.6861072778701782
77,seams,ABL-ET2X-R-PreviousRawEdge-ResolvedRGB,1.1895833015441895,38.75086387898747,1.7585210800170898,1.6491352319717407
77,seams,ABL-ET2X-R-PreviousRawEdge-CatmullRomRGB,1.1818033456802368,38.77514726167236,1.7719171047210693,1.6480467319488525
77,thin-seam,O-T2X-R,1.5285372734069824,36.09759280515442,1.7294496297836304,1.4341068267822266
77,thin-seam,ABL-ET2X-R-PreviousRawEdge-BilinearRGB,1.2143012285232544,38.14434919754585,1.9501534700393677,1.7578520774841309
77,thin-seam,ABL-ET2X-R-PreviousRawEdge-ResolvedRGB,1.2088758945465088,38.26231870013693,1.9414414167404175,1.7383285760879517
77,thin-seam,ABL-ET2X-R-PreviousRawEdge-CatmullRomRGB,1.2102864980697632,38.227390193405,1.95539128780365,1.7355118989944458
77,leaves,O-T2X-R,3.979475975036621,30.95123545942332,8.192222595214844,11.74742317199707
77,leaves,ABL-ET2X-R-PreviousRawEdge-BilinearRGB,3.4122395515441895,31.67343162487161,8.671167373657227,11.993441581726074
77,leaves,ABL-ET2X-R-PreviousRawEdge-ResolvedRGB,3.362776756286621,31.99251454203635,8.131139755249023,10.928115844726562
77,leaves,ABL-ET2X-R-PreviousRawEdge-CatmullRomRGB,3.2513997554779053,32.13856690312394,8.68433952331543,11.639588356018066
78,seams,O-T2X-R,1.4818196296691895,37.04210774652857,1.5867395401000977,2.1248278617858887
78,seams,ABL-ET2X-R-PreviousRawEdge-BilinearRGB,1.1125813722610474,39.57969358060235,1.699631690979004,1.6247256994247437
78,seams,ABL-ET2X-R-PreviousRawEdge-ResolvedRGB,1.0946614742279053,39.968498611896926,1.6805903911590576,1.5920603275299072
78,seams,ABL-ET2X-R-PreviousRawEdge-CatmullRomRGB,1.084326148033142,40.0067951415845,1.694923758506775,1.5984809398651123
78,thin-seam,O-T2X-R,1.4405381679534912,37.96474964117288,1.8453928232192993,2.4478960037231445
78,thin-seam,ABL-ET2X-R-PreviousRawEdge-BilinearRGB,1.0418294668197632,41.40228186962486,1.869241714477539,1.871512770652771
78,thin-seam,ABL-ET2X-R-PreviousRawEdge-ResolvedRGB,1.0427517890930176,41.448214848704566,1.8518086671829224,1.8512897491455078
78,thin-seam,ABL-ET2X-R-PreviousRawEdge-CatmullRomRGB,1.0396592617034912,41.47393323457399,1.869925618171692,1.8633646965026855
78,leaves,O-T2X-R,3.511751413345337,31.786178667413296,8.146245956420898,10.054173469543457
78,leaves,ABL-ET2X-R-PreviousRawEdge-BilinearRGB,3.3628907203674316,31.936629553179756,8.693625450134277,11.935258865356445
78,leaves,ABL-ET2X-R-PreviousRawEdge-ResolvedRGB,3.330289602279663,32.17356532523569,8.165407180786133,10.887495040893555
78,leaves,ABL-ET2X-R-PreviousRawEdge-CatmullRomRGB,3.222184181213379,32.30924666153003,8.701236724853516,11.569304466247559
79,seams,O-T2X-R,1.3755208253860474,37.45703609642751,1.5781577825546265,1.3733936548233032
79,seams,ABL-ET2X-R-PreviousRawEdge-BilinearRGB,1.227392554283142,38.463940938040714,1.6829639673233032,1.660905122756958
79,seams,ABL-ET2X-R-PreviousRawEdge-ResolvedRGB,1.2323567867279053,38.46289551909643,1.6639047861099243,1.612266182899475
79,seams,ABL-ET2X-R-PreviousRawEdge-CatmullRomRGB,1.233496069908142,38.46249896961958,1.6766483783721924,1.6203960180282593
79,thin-seam,O-T2X-R,1.2799478769302368,41.87796051196492,1.6969093084335327,1.3361693620681763
79,thin-seam,ABL-ET2X-R-PreviousRawEdge-BilinearRGB,1.0923936367034912,42.78465201605778,1.917806625366211,1.8240333795547485
79,thin-seam,ABL-ET2X-R-PreviousRawEdge-ResolvedRGB,1.1101346015930176,42.590167866157536,1.901553750038147,1.794498085975647
79,thin-seam,ABL-ET2X-R-PreviousRawEdge-CatmullRomRGB,1.1037325859069824,42.68662390485635,1.915952205657959,1.7997819185256958
79,leaves,O-T2X-R,3.9598145484924316,30.98056435166143,8.048538208007812,11.50841236114502
79,leaves,ABL-ET2X-R-PreviousRawEdge-BilinearRGB,3.4312174320220947,31.65959840885064,8.787386894226074,12.183248519897461
79,leaves,ABL-ET2X-R-PreviousRawEdge-ResolvedRGB,3.3863117694854736,31.97511285057617,8.243062019348145,11.178163528442383
79,leaves,ABL-ET2X-R-PreviousRawEdge-CatmullRomRGB,3.2752604484558105,32.10009343786219,8.784149169921875,11.867410659790039
80,seams,O-T2X-R,1.3621419668197632,39.279467100672576,1.5751172304153442,2.161540985107422
80,seams,ABL-ET2X-R-PreviousRawEdge-BilinearRGB,1.2438150644302368,38.69528830230414,1.676032304763794,1.7512938976287842
80,seams,ABL-ET2X-R-PreviousRawEdge-ResolvedRGB,1.2399739027023315,38.72123786744658,1.670440673828125,1.7193866968154907
80,seams,ABL-ET2X-R-PreviousRawEdge-CatmullRomRGB,1.2324382066726685,38.770664398906995,1.681898832321167,1.7278039455413818
80,thin-seam,O-T2X-R,1.2957357168197632,42.33263282722932,1.8087902069091797,2.3848659992218018
80,thin-seam,ABL-ET2X-R-PreviousRawEdge-BilinearRGB,1.21923828125,38.616982505399776,1.8293709754943848,1.8414415121078491
80,thin-seam,ABL-ET2X-R-PreviousRawEdge-ResolvedRGB,1.2218966484069824,38.668757271910245,1.8201669454574585,1.817887783050537
80,thin-seam,ABL-ET2X-R-PreviousRawEdge-CatmullRomRGB,1.2224392890930176,38.64540496826754,1.8365026712417603,1.8342995643615723
80,leaves,O-T2X-R,3.434554100036621,32.22691066069732,8.089999198913574,9.88124942779541
80,leaves,ABL-ET2X-R-PreviousRawEdge-BilinearRGB,3.4287109375,31.730452799108203,8.720876693725586,12.33987808227539
80,leaves,ABL-ET2X-R-PreviousRawEdge-ResolvedRGB,3.367154836654663,32.065534682121736,8.193249702453613,11.267732620239258
80,leaves,ABL-ET2X-R-PreviousRawEdge-CatmullRomRGB,3.2589681148529053,32.22463463982993,8.739115715026855,11.973982810974121
81,seams,O-T2X-R,1.316162109375,39.187630482628,1.5532687902450562,1.2249141931533813
81,seams,ABL-ET2X-R-PreviousRawEdge-BilinearRGB,1.1628906726837158,38.9535847824648,1.7468197345733643,1.6605298519134521
81,seams,ABL-ET2X-R-PreviousRawEdge-ResolvedRGB,1.1558756828308105,39.074399296002355,1.6890127658843994,1.6205106973648071
81,seams,ABL-ET2X-R-PreviousRawEdge-CatmullRomRGB,1.1465007066726685,39.123088674423755,1.7060009241104126,1.6305288076400757
81,thin-seam,O-T2X-R,1.3158637285232544,39.90410392560778,1.6560992002487183,1.30392324924469
81,thin-seam,ABL-ET2X-R-PreviousRawEdge-BilinearRGB,1.1053602695465088,40.40517696051659,1.9214156866073608,1.894302487373352
81,thin-seam,ABL-ET2X-R-PreviousRawEdge-ResolvedRGB,1.1116536855697632,40.400088130532986,1.9113459587097168,1.8726345300674438
81,thin-seam,ABL-ET2X-R-PreviousRawEdge-CatmullRomRGB,1.1086153984069824,40.42263478344245,1.925087809562683,1.8912272453308105
81,leaves,O-T2X-R,3.84716796875,31.28998595074442,7.989124298095703,11.5458345413208
81,leaves,ABL-ET2X-R-PreviousRawEdge-BilinearRGB,3.3863444328308105,31.860922558991064,8.658689498901367,12.069262504577637
81,leaves,ABL-ET2X-R-PreviousRawEdge-ResolvedRGB,3.331559181213379,32.201924566964124,8.125832557678223,11.032339096069336
81,leaves,ABL-ET2X-R-PreviousRawEdge-CatmullRomRGB,3.219287157058716,32.37609312261651,8.676153182983398,11.742568969726562
82,seams,O-T2X-R,1.3085448741912842,39.535044771157445,1.6269603967666626,2.1207146644592285
82,seams,ABL-ET2X-R-PreviousRawEdge-BilinearRGB,1.1787598133087158,38.5119678631752,1.7053133249282837,1.6812607049942017
82,seams,ABL-ET2X-R-PreviousRawEdge-ResolvedRGB,1.1978353261947632,38.40070580957419,1.6832478046417236,1.5800752639770508
82,seams,ABL-ET2X-R-PreviousRawEdge-CatmullRomRGB,1.1927571296691895,38.429155932959695,1.7007875442504883,1.5919972658157349
82,thin-seam,O-T2X-R,1.32373046875,41.86987147393396,1.9336366653442383,2.4537832736968994
82,thin-seam,ABL-ET2X-R-PreviousRawEdge-BilinearRGB,0.9695095419883728,43.361633426822046,1.9056934118270874,1.8139710426330566
82,thin-seam,ABL-ET2X-R-PreviousRawEdge-ResolvedRGB,0.9814995527267456,43.25521917856224,1.8913960456848145,1.78201425075531
82,thin-seam,ABL-ET2X-R-PreviousRawEdge-CatmullRomRGB,0.9756401777267456,43.32743063087775,1.91070556640625,1.7942700386047363
82,leaves,O-T2X-R,3.4644367694854736,32.07619752376957,8.050969123840332,9.847532272338867
82,leaves,ABL-ET2X-R-PreviousRawEdge-BilinearRGB,3.413785696029663,31.762378608379947,8.56237506866455,11.877058982849121
82,leaves,ABL-ET2X-R-PreviousRawEdge-ResolvedRGB,3.339078664779663,32.100422780652515,8.050917625427246,10.862638473510742
82,leaves,ABL-ET2X-R-PreviousRawEdge-CatmullRomRGB,3.241455078125,32.243457510701006,8.580859184265137,11.567423820495605
83,seams,O-T2X-R,1.412500023841858,37.277542514414854,1.4534555673599243,1.3909918069839478
83,seams,ABL-ET2X-R-PreviousRawEdge-BilinearRGB,1.224951148033142,38.710844256062224,1.4943249225616455,1.7664461135864258
83,seams,ABL-ET2X-R-PreviousRawEdge-ResolvedRGB,1.1804524660110474,39.14208643402429,1.496800422668457,1.7256978750228882
83,seams,ABL-ET2X-R-PreviousRawEdge-CatmullRomRGB,1.1887532472610474,39.04038076284897,1.5068891048431396,1.729800820350647
83,thin-seam,O-T2X-R,1.4546440839767456,36.75703993266624,1.62118661403656,1.4447311162948608
83,thin-seam,ABL-ET2X-R-PreviousRawEdge-BilinearRGB,1.1541341543197632,38.924454071864346,1.6884454488754272,1.8008023500442505
83,thin-seam,ABL-ET2X-R-PreviousRawEdge-ResolvedRGB,1.1550564765930176,38.98056741791657,1.6791397333145142,1.7825379371643066
83,thin-seam,ABL-ET2X-R-PreviousRawEdge-CatmullRomRGB,1.1539713144302368,38.95058441731272,1.693000316619873,1.78798246383667
83,leaves,O-T2X-R,3.907698631286621,31.019259768189595,7.930406093597412,11.3788423538208
83,leaves,ABL-ET2X-R-PreviousRawEdge-BilinearRGB,3.3849120140075684,31.8346059037049,8.614434242248535,11.8948974609375
83,leaves,ABL-ET2X-R-PreviousRawEdge-ResolvedRGB,3.3222005367279053,32.14862139543697,8.080294609069824,10.923746109008789
83,leaves,ABL-ET2X-R-PreviousRawEdge-CatmullRomRGB,3.226757764816284,32.28748040662437,8.603974342346191,11.613926887512207
84,seams,O-T2X-R,1.3833496570587158,38.18972239615191,1.5059573650360107,2.208878755569458
84,seams,ABL-ET2X-R-PreviousRawEdge-BilinearRGB,1.160498023033142,38.78747158552754,1.4935429096221924,1.6761300563812256
84,seams,ABL-ET2X-R-PreviousRawEdge-ResolvedRGB,1.1598957777023315,38.82495416773013,1.4418492317199707,1.641350507736206
84,seams,ABL-ET2X-R-PreviousRawEdge-CatmullRomRGB,1.1491535902023315,38.837778584341194,1.4603911638259888,1.6441713571548462
84,thin-seam,O-T2X-R,1.3722872734069824,38.359871956681545,1.6953572034835815,2.421175003051758
84,thin-seam,ABL-ET2X-R-PreviousRawEdge-BilinearRGB,1.0490994453430176,39.74490200984616,1.564927101135254,1.71494722366333
84,thin-seam,ABL-ET2X-R-PreviousRawEdge-ResolvedRGB,1.0517578125,39.73299349421905,1.555803656578064,1.6861177682876587
84,thin-seam,ABL-ET2X-R-PreviousRawEdge-CatmullRomRGB,1.0465494394302368,39.74643984963453,1.5742114782333374,1.7013064622879028
84,leaves,O-T2X-R,3.41259765625,32.25347127263176,7.927031517028809,9.893669128417969
84,leaves,ABL-ET2X-R-PreviousRawEdge-BilinearRGB,3.346907615661621,31.970957404720842,8.613862991333008,12.136780738830566
84,leaves,ABL-ET2X-R-PreviousRawEdge-ResolvedRGB,3.287076711654663,32.24151344820062,8.096128463745117,11.132158279418945
84,leaves,ABL-ET2X-R-PreviousRawEdge-CatmullRomRGB,3.2062175273895264,32.347467472425805,8.616929054260254,11.819360733032227
85,seams,O-T2X-R,1.4430989027023315,35.60166535957482,1.5484641790390015,1.384903907775879
85,seams,ABL-ET2X-R-PreviousRawEdge-BilinearRGB,1.225439429283142,38.29640681179131,1.5660194158554077,1.6660951375961304
85,seams,ABL-ET2X-R-PreviousRawEdge-ResolvedRGB,1.2108235359191895,38.40995250828462,1.5341930389404297,1.5995824337005615
85,seams,ABL-ET2X-R-PreviousRawEdge-CatmullRomRGB,1.2000162601470947,38.45960842678048,1.5521337985992432,1.611350417137146
85,thin-seam,O-T2X-R,1.3547635078430176,41.118121001885626,1.6523517370224,1.3780698776245117
85,thin-seam,ABL-ET2X-R-PreviousRawEdge-BilinearRGB,1.0449761152267456,42.568053403635034,1.637816309928894,1.5920114517211914
85,thin-seam,ABL-ET2X-R-PreviousRawEdge-ResolvedRGB,1.0452474355697632,42.52331782951113,1.620771050453186,1.5541578531265259
85,thin-seam,ABL-ET2X-R-PreviousRawEdge-CatmullRomRGB,1.0390082597732544,42.58786572737825,1.6418323516845703,1.5687828063964844
85,leaves,O-T2X-R,3.8291015625,31.27259620139055,7.902809143066406,11.4877290725708
85,leaves,ABL-ET2X-R-PreviousRawEdge-BilinearRGB,3.3426105976104736,31.968035123476778,8.6822509765625,12.190679550170898
85,leaves,ABL-ET2X-R-PreviousRawEdge-ResolvedRGB,3.264209032058716,32.330778731776924,8.153498649597168,11.15922737121582
85,leaves,ABL-ET2X-R-PreviousRawEdge-CatmullRomRGB,3.1834959983825684,32.43938558714664,8.687685012817383,11.871745109558105
86,seams,O-T2X-R,1.4353678226470947,38.20153237995204,1.447466254234314,2.3512227535247803
86,seams,ABL-ET2X-R-PreviousRawEdge-BilinearRGB,1.2033040523529053,39.04111261759923,1.4964526891708374,1.7586791515350342
86,seams,ABL-ET2X-R-PreviousRawEdge-ResolvedRGB,1.1718424558639526,39.30701480776349,1.4921634197235107,1.728276252746582
86,seams,ABL-ET2X-R-PreviousRawEdge-CatmullRomRGB,1.1742024421691895,39.25336531184732,1.505766749382019,1.7305854558944702
86,thin-seam,O-T2X-R,1.3504232168197632,41.42124015450147,1.6658624410629272,2.4785053730010986
86,thin-seam,ABL-ET2X-R-PreviousRawEdge-BilinearRGB,1.1680229902267456,39.24457153290189,1.8099174499511719,1.8117398023605347
86,thin-seam,ABL-ET2X-R-PreviousRawEdge-ResolvedRGB,1.1398653984069824,39.47457766323784,1.7860603332519531,1.7872858047485352
86,thin-seam,ABL-ET2X-R-PreviousRawEdge-CatmullRomRGB,1.1414930820465088,39.43246623541533,1.8043270111083984,1.790887713432312
86,leaves,O-T2X-R,3.3980956077575684,32.24434678341655,7.93029260635376,9.824516296386719
86,leaves,ABL-ET2X-R-PreviousRawEdge-BilinearRGB,3.325732469558716,32.00625746907103,8.661033630371094,12.074414253234863
86,leaves,ABL-ET2X-R-PreviousRawEdge-ResolvedRGB,3.2686359882354736,32.33987635028087,8.144460678100586,11.038175582885742
86,leaves,ABL-ET2X-R-PreviousRawEdge-CatmullRomRGB,3.18505859375,32.45250568895564,8.689677238464355,11.757372856140137
87,seams,O-T2X-R,1.3032715320587158,38.579081489024645,1.354750394821167,1.2104436159133911
87,seams,ABL-ET2X-R-PreviousRawEdge-BilinearRGB,1.3068033456802368,37.38954198998475,1.686348557472229,1.8674609661102295
87,seams,ABL-ET2X-R-PreviousRawEdge-ResolvedRGB,1.2770507335662842,37.871347767115296,1.6143877506256104,1.8446182012557983
87,seams,ABL-ET2X-R-PreviousRawEdge-CatmullRomRGB,1.2678059339523315,37.883937619780674,1.6297067403793335,1.8429555892944336
87,thin-seam,O-T2X-R,1.4651693105697632,38.64137447059727,1.6151176691055298,1.2927322387695312
87,thin-seam,ABL-ET2X-R-PreviousRawEdge-BilinearRGB,1.41796875,37.48097029397641,2.048553228378296,2.1756579875946045
87,thin-seam,ABL-ET2X-R-PreviousRawEdge-ResolvedRGB,1.3457573652267456,38.18999235697752,1.9363933801651,2.132427215576172
87,thin-seam,ABL-ET2X-R-PreviousRawEdge-CatmullRomRGB,1.3483072519302368,38.157984679331506,1.9556231498718262,2.131399393081665
87,leaves,O-T2X-R,3.8077311515808105,31.38364361666285,7.805286407470703,11.171113014221191
87,leaves,ABL-ET2X-R-PreviousRawEdge-BilinearRGB,3.421402931213379,31.77296126331376,8.721399307250977,12.033445358276367
87,leaves,ABL-ET2X-R-PreviousRawEdge-ResolvedRGB,3.319808006286621,32.20942815267892,8.20781421661377,11.021337509155273
87,leaves,ABL-ET2X-R-PreviousRawEdge-CatmullRomRGB,3.245410203933716,32.31259490582118,8.730997085571289,11.74105453491211
88,seams,O-T2X-R,1.4708658456802368,36.052931600881344,1.3476386070251465,2.046118974685669
88,seams,ABL-ET2X-R-PreviousRawEdge-BilinearRGB,1.2603027820587158,37.84116272134078,1.6418911218643188,1.9273639917373657
88,seams,ABL-ET2X-R-PreviousRawEdge-ResolvedRGB,1.2187336683273315,38.186857143592654,1.5962133407592773,1.8435159921646118
88,seams,ABL-ET2X-R-PreviousRawEdge-CatmullRomRGB,1.2107747793197632,38.23462858267145,1.6135629415512085,1.8508710861206055
88,thin-seam,O-T2X-R,1.7369248867034912,34.205030352821296,1.7604589462280273,2.5756454467773438
88,thin-seam,ABL-ET2X-R-PreviousRawEdge-BilinearRGB,1.1488173007965088,39.7513303137849,1.988641619682312,2.3849050998687744
88,thin-seam,ABL-ET2X-R-PreviousRawEdge-ResolvedRGB,1.0940755605697632,40.91970638458294,1.9670253992080688,2.2763946056365967
88,thin-seam,ABL-ET2X-R-PreviousRawEdge-CatmullRomRGB,1.0951063632965088,40.80362966813204,1.9882692098617554,2.286083459854126
88,leaves,O-T2X-R,3.3687336444854736,32.27734410789487,7.969043731689453,9.957412719726562
88,leaves,ABL-ET2X-R-PreviousRawEdge-BilinearRGB,3.342724561691284,32.01941406932138,8.617175102233887,12.276947975158691
88,leaves,ABL-ET2X-R-PreviousRawEdge-ResolvedRGB,3.2555501461029053,32.37416976866434,8.09916877746582,11.229349136352539
88,leaves,ABL-ET2X-R-PreviousRawEdge-CatmullRomRGB,3.178011178970337,32.484583933091365,8.608467102050781,11.916122436523438
89,seams,O-T2X-R,1.3994140625,37.67489989134664,1.4207557439804077,1.2674387693405151
89,seams,ABL-ET2X-R-PreviousRawEdge-BilinearRGB,1.2113769054412842,39.19266424295338,1.5476365089416504,1.7782695293426514
89,seams,ABL-ET2X-R-PreviousRawEdge-ResolvedRGB,1.1992676258087158,39.295307350045285,1.4859530925750732,1.6910619735717773
89,seams,ABL-ET2X-R-PreviousRawEdge-CatmullRomRGB,1.1874185800552368,39.34247692220579,1.5050513744354248,1.6895105838775635
89,thin-seam,O-T2X-R,1.5855034589767456,37.47691460916844,1.7967042922973633,1.390992522239685
89,thin-seam,ABL-ET2X-R-PreviousRawEdge-BilinearRGB,1.15771484375,41.199695315421046,1.9564908742904663,2.127690076828003
89,thin-seam,ABL-ET2X-R-PreviousRawEdge-ResolvedRGB,1.12890625,41.401731215338316,1.857330322265625,2.048541307449341
89,thin-seam,ABL-ET2X-R-PreviousRawEdge-CatmullRomRGB,1.1236978769302368,41.49479204833266,1.879646897315979,2.043501853942871
89,leaves,O-T2X-R,3.8003580570220947,31.23407674388911,7.8583526611328125,11.455418586730957
89,leaves,ABL-ET2X-R-PreviousRawEdge-BilinearRGB,3.3233072757720947,32.13537720427275,8.58867073059082,12.072890281677246
89,leaves,ABL-ET2X-R-PreviousRawEdge-ResolvedRGB,3.2293131351470947,32.53034932779475,8.10958194732666,11.05993366241455
89,leaves,ABL-ET2X-R-PreviousRawEdge-CatmullRomRGB,3.1480793952941895,32.634984157326606,8.624411582946777,11.740806579589844
90,seams,O-T2X-R,1.3612141609191895,38.75862450792014,1.5566617250442505,2.2942428588867188
90,seams,ABL-ET2X-R-PreviousRawEdge-BilinearRGB,1.2450520992279053,37.9393700915614,1.5259311199188232,1.7822997570037842
90,seams,ABL-ET2X-R-PreviousRawEdge-ResolvedRGB,1.226171851158142,38.17362355801669,1.4715496301651,1.6715118885040283
90,seams,ABL-ET2X-R-PreviousRawEdge-CatmullRomRGB,1.2285319566726685,38.122872767015984,1.4917341470718384,1.679322600364685
90,thin-seam,O-T2X-R,1.3872612714767456,40.337526177929334,1.9448022842407227,2.869866371154785
90,thin-seam,ABL-ET2X-R-PreviousRawEdge-BilinearRGB,1.1385091543197632,41.0185822898669,1.846636176109314,2.041640043258667
90,thin-seam,ABL-ET2X-R-PreviousRawEdge-ResolvedRGB,1.1332465410232544,41.14100913433312,1.7477682828903198,1.8974218368530273
90,thin-seam,ABL-ET2X-R-PreviousRawEdge-CatmullRomRGB,1.1378037929534912,41.13846524062566,1.779057502746582,1.9026075601577759
90,leaves,O-T2X-R,3.310986280441284,32.50469027148364,7.914034843444824,9.880755424499512
90,leaves,ABL-ET2X-R-PreviousRawEdge-BilinearRGB,3.335221290588379,32.031113322685,8.804341316223145,12.182807922363281
90,leaves,ABL-ET2X-R-PreviousRawEdge-ResolvedRGB,3.2762532234191895,32.31299631317266,8.268975257873535,11.157815933227539
90,leaves,ABL-ET2X-R-PreviousRawEdge-CatmullRomRGB,3.1817219257354736,32.42624264009713,8.789753913879395,11.82160758972168
91,seams,O-T2X-R,1.4836262464523315,35.803463888221046,1.4563204050064087,1.3292505741119385
91,seams,ABL-ET2X-R-PreviousRawEdge-BilinearRGB,1.1857259273529053,38.63178400119078,1.528915524482727,1.7479374408721924
91,seams,ABL-ET2X-R-PreviousRawEdge-ResolvedRGB,1.1436361074447632,38.8521850188932,1.52261221408844,1.6941702365875244
91,seams,ABL-ET2X-R-PreviousRawEdge-CatmullRomRGB,1.1340006589889526,38.91704682748792,1.532583236694336,1.699088454246521
91,thin-seam,O-T2X-R,1.5050455331802368,37.82257492318669,1.8799089193344116,1.4427481889724731
91,thin-seam,ABL-ET2X-R-PreviousRawEdge-BilinearRGB,1.0710721015930176,41.62662379042175,1.8369389772415161,2.012322187423706
91,thin-seam,ABL-ET2X-R-PreviousRawEdge-ResolvedRGB,1.0408529043197632,41.825511866463295,1.8374395370483398,1.916037678718567
91,thin-seam,ABL-ET2X-R-PreviousRawEdge-CatmullRomRGB,1.0385199785232544,41.880641385367376,1.8573130369186401,1.931247353553772
91,leaves,O-T2X-R,3.7313313484191895,31.56898388284057,7.899628639221191,11.416500091552734
91,leaves,ABL-ET2X-R-PreviousRawEdge-BilinearRGB,3.3848633766174316,31.885975160094716,8.738707542419434,12.410743713378906
91,leaves,ABL-ET2X-R-PreviousRawEdge-ResolvedRGB,3.3111491203308105,32.20428225028836,8.21526050567627,11.356279373168945
91,leaves,ABL-ET2X-R-PreviousRawEdge-CatmullRomRGB,3.233854055404663,32.29336739770758,8.732426643371582,12.059196472167969
92,seams,O-T2X-R,1.4989583492279053,37.09870366640297,1.590333342552185,2.3660948276519775
92,seams,ABL-ET2X-R-PreviousRawEdge-BilinearRGB,1.256933569908142,38.785177942117606,1.6574580669403076,1.6487464904785156
92,seams,ABL-ET2X-R-PreviousRawEdge-ResolvedRGB,1.2339681386947632,39.15935810836193,1.5732535123825073,1.5789706707000732
92,seams,ABL-ET2X-R-PreviousRawEdge-CatmullRomRGB,1.2299641370773315,39.23918217842441,1.5949923992156982,1.575503945350647
92,thin-seam,O-T2X-R,1.4826931953430176,39.93879987971821,1.9884721040725708,2.9378662109375
92,thin-seam,ABL-ET2X-R-PreviousRawEdge-BilinearRGB,1.1566298007965088,41.041457218612294,1.9340633153915405,1.9141407012939453
92,thin-seam,ABL-ET2X-R-PreviousRawEdge-ResolvedRGB,1.1666666269302368,40.83043962541574,1.8622784614562988,1.8868955373764038
92,thin-seam,ABL-ET2X-R-PreviousRawEdge-CatmullRomRGB,1.1654188632965088,40.95915868747741,1.8830677270889282,1.8793754577636719
92,leaves,O-T2X-R,3.4029459953308105,32.2844497936147,8.117188453674316,10.17583179473877
92,leaves,ABL-ET2X-R-PreviousRawEdge-BilinearRGB,3.2908527851104736,32.13540553202256,8.560554504394531,12.193214416503906
92,leaves,ABL-ET2X-R-PreviousRawEdge-ResolvedRGB,3.2108235359191895,32.55273468169881,8.070050239562988,11.208847045898438
92,leaves,ABL-ET2X-R-PreviousRawEdge-CatmullRomRGB,3.127962350845337,32.639680977882826,8.597860336303711,11.944674491882324
93,seams,O-T2X-R,1.4756348133087158,36.88648197353644,1.7031164169311523,1.3742191791534424
93,seams,ABL-ET2X-R-PreviousRawEdge-BilinearRGB,1.3201334476470947,37.80310950795118,1.6406047344207764,1.8258426189422607
93,seams,ABL-ET2X-R-PreviousRawEdge-ResolvedRGB,1.3047038316726685,37.95103980937445,1.6165659427642822,1.736838936805725
93,seams,ABL-ET2X-R-PreviousRawEdge-CatmullRomRGB,1.309423804283142,37.92804193300837,1.6338344812393188,1.7493486404418945
93,thin-seam,O-T2X-R,1.6285264492034912,36.65535879410836,1.997848629951477,1.398790955543518
93,thin-seam,ABL-ET2X-R-PreviousRawEdge-BilinearRGB,1.2591688632965088,39.83898771653377,1.9475654363632202,2.0476725101470947
93,thin-seam,ABL-ET2X-R-PreviousRawEdge-ResolvedRGB,1.2551541328430176,39.88991408143851,1.8756166696548462,1.9391006231307983
93,thin-seam,ABL-ET2X-R-PreviousRawEdge-CatmullRomRGB,1.2527127265930176,39.90786246975281,1.9057317972183228,1.9499479532241821
93,leaves,O-T2X-R,3.816666603088379,31.30427700469397,7.876251220703125,11.456581115722656
93,leaves,ABL-ET2X-R-PreviousRawEdge-BilinearRGB,3.309830665588379,32.02930875811119,8.721189498901367,12.02414321899414
93,leaves,ABL-ET2X-R-PreviousRawEdge-ResolvedRGB,3.2245442867279053,32.45074306033152,8.24842357635498,11.078023910522461
93,leaves,ABL-ET2X-R-PreviousRawEdge-CatmullRomRGB,3.1427245140075684,32.536820976456994,8.764410972595215,11.771821022033691
94,seams,O-T2X-R,1.5017415285110474,36.34293992568129,1.6345398426055908,2.4243595600128174
94,seams,ABL-ET2X-R-PreviousRawEdge-BilinearRGB,1.2236328125,38.56370863237463,1.6558434963226318,1.8668909072875977
94,seams,ABL-ET2X-R-PreviousRawEdge-ResolvedRGB,1.242919921875,38.535242669206646,1.657299280166626,1.8493763208389282
94,seams,ABL-ET2X-R-PreviousRawEdge-CatmullRomRGB,1.231689453125,38.61104926457656,1.6661866903305054,1.855493187904358
94,thin-seam,O-T2X-R,1.49658203125,38.87355565022546,2.0715320110321045,3.0508785247802734
94,thin-seam,ABL-ET2X-R-PreviousRawEdge-BilinearRGB,1.1621636152267456,41.87678824202786,2.07718563079834,2.2745659351348877
94,thin-seam,ABL-ET2X-R-PreviousRawEdge-ResolvedRGB,1.16650390625,41.85063032078933,2.077230215072632,2.235337972640991
94,thin-seam,ABL-ET2X-R-PreviousRawEdge-CatmullRomRGB,1.16015625,41.9403867183572,2.092066526412964,2.2558395862579346
94,leaves,O-T2X-R,3.3618977069854736,32.41961867016972,7.9623260498046875,9.939002990722656
94,leaves,ABL-ET2X-R-PreviousRawEdge-BilinearRGB,3.3098957538604736,32.05710185444512,8.91374397277832,12.554926872253418
94,leaves,ABL-ET2X-R-PreviousRawEdge-ResolvedRGB,3.247591257095337,32.392357441540604,8.349287986755371,11.465466499328613
94,leaves,ABL-ET2X-R-PreviousRawEdge-CatmullRomRGB,3.1690104007720947,32.49517778815282,8.851122856140137,12.137700080871582
95,seams,O-T2X-R,1.4302897453308105,37.66340253836918,1.6951593160629272,1.3544385433197021
95,seams,ABL-ET2X-R-PreviousRawEdge-BilinearRGB,1.3196940422058105,38.05950447983352,1.9235668182373047,1.8441064357757568
95,seams,ABL-ET2X-R-PreviousRawEdge-ResolvedRGB,1.3058756589889526,38.26159258763448,1.8489843606948853,1.7884042263031006
95,seams,ABL-ET2X-R-PreviousRawEdge-CatmullRomRGB,1.2920410633087158,38.35083790736086,1.868823766708374,1.7923673391342163
95,thin-seam,O-T2X-R,1.3804253339767456,39.58836270236601,1.9291929006576538,1.481873631477356
95,thin-seam,ABL-ET2X-R-PreviousRawEdge-BilinearRGB,1.1958550214767456,41.48070545310724,2.2886595726013184,2.313392400741577
95,thin-seam,ABL-ET2X-R-PreviousRawEdge-ResolvedRGB,1.2122938632965088,41.28701996901074,2.222879648208618,2.2692105770111084
95,thin-seam,ABL-ET2X-R-PreviousRawEdge-CatmullRomRGB,1.1974283456802368,41.425866644046124,2.2417712211608887,2.2615153789520264
95,leaves,O-T2X-R,3.7261393070220947,31.64219309834261,7.897528648376465,11.438056945800781
95,leaves,ABL-ET2X-R-PreviousRawEdge-BilinearRGB,3.3306641578674316,32.02397670463906,8.834935188293457,12.565614700317383
95,leaves,ABL-ET2X-R-PreviousRawEdge-ResolvedRGB,3.248518943786621,32.40973179486981,8.32569408416748,11.501914978027344
95,leaves,ABL-ET2X-R-PreviousRawEdge-CatmullRomRGB,3.1743977069854736,32.49772919875587,8.853388786315918,12.217190742492676
96,seams,O-T2X-R,1.4957194328308105,37.69755821308702,1.7475101947784424,2.4008095264434814
96,seams,ABL-ET2X-R-PreviousRawEdge-BilinearRGB,1.2509765625,37.68226310169918,1.8238346576690674,1.8423163890838623
96,seams,ABL-ET2X-R-PreviousRawEdge-ResolvedRGB,1.2668131589889526,37.68174690814106,1.7923786640167236,1.7430355548858643
96,seams,ABL-ET2X-R-PreviousRawEdge-CatmullRomRGB,1.2550455331802368,37.713690657405024,1.80937922000885,1.748597502708435
96,thin-seam,O-T2X-R,1.6630316972732544,37.94811328359958,2.065422296524048,2.783018112182617
96,thin-seam,ABL-ET2X-R-PreviousRawEdge-BilinearRGB,1.1209310293197632,41.01675019693974,2.2335052490234375,2.356663703918457
96,thin-seam,ABL-ET2X-R-PreviousRawEdge-ResolvedRGB,1.1390516757965088,40.9972858632858,2.16048264503479,2.2671091556549072
96,thin-seam,ABL-ET2X-R-PreviousRawEdge-CatmullRomRGB,1.1280924081802368,41.093627388579314,2.1792924404144287,2.274604558944702
96,leaves,O-T2X-R,3.396777391433716,32.351967919041094,8.184565544128418,10.243149757385254
96,leaves,ABL-ET2X-R-PreviousRawEdge-BilinearRGB,3.3219563961029053,31.959644501501153,8.828155517578125,12.419482231140137
96,leaves,ABL-ET2X-R-PreviousRawEdge-ResolvedRGB,3.2491374015808105,32.36266198418402,8.326919555664062,11.439054489135742
96,leaves,ABL-ET2X-R-PreviousRawEdge-CatmullRomRGB,3.1846354007720947,32.402843622420114,8.877567291259766,12.194093704223633
97,seams,O-T2X-R,1.5468913316726685,35.161878268578334,1.639245629310608,1.4646230936050415
97,seams,ABL-ET2X-R-PreviousRawEdge-BilinearRGB,1.279541015625,37.60832814704389,1.7251389026641846,1.9461288452148438
97,seams,ABL-ET2X-R-PreviousRawEdge-ResolvedRGB,1.2768391370773315,37.77493630834071,1.700260877609253,1.8924213647842407
97,seams,ABL-ET2X-R-PreviousRawEdge-CatmullRomRGB,1.2720052003860474,37.74411837433,1.7171821594238281,1.8947960138320923
97,thin-seam,O-T2X-R,1.3220486640930176,41.00417508565233,1.9452317953109741,1.7571873664855957
97,thin-seam,ABL-ET2X-R-PreviousRawEdge-BilinearRGB,1.076171875,41.10207238889896,2.0545966625213623,2.258136034011841
97,thin-seam,ABL-ET2X-R-PreviousRawEdge-ResolvedRGB,1.0909830331802368,40.95888781758121,1.9694490432739258,2.1388256549835205
97,thin-seam,ABL-ET2X-R-PreviousRawEdge-CatmullRomRGB,1.0756293535232544,41.09665838360601,1.9941686391830444,2.1434125900268555
97,leaves,O-T2X-R,3.758268117904663,31.392893449127477,8.008598327636719,11.496798515319824
97,leaves,ABL-ET2X-R-PreviousRawEdge-BilinearRGB,3.2864909172058105,32.03881411772729,8.767513275146484,12.386056900024414
97,leaves,ABL-ET2X-R-PreviousRawEdge-ResolvedRGB,3.197477102279663,32.47296888223461,8.293505668640137,11.407488822937012
97,leaves,ABL-ET2X-R-PreviousRawEdge-CatmullRomRGB,3.1366374492645264,32.51346186875438,8.81921100616455,12.139659881591797
98,seams,O-T2X-R,1.5859863758087158,35.7137525533115,1.599574327468872,2.436840772628784
98,seams,ABL-ET2X-R-PreviousRawEdge-BilinearRGB,1.326757788658142,37.225400995152455,1.576873540878296,1.9209144115447998
98,seams,ABL-ET2X-R-PreviousRawEdge-ResolvedRGB,1.316992163658142,37.20880285999064,1.5118505954742432,1.8631244897842407
98,seams,ABL-ET2X-R-PreviousRawEdge-CatmullRomRGB,1.2985514402389526,37.39428234717468,1.5272696018218994,1.8672529458999634
98,thin-seam,O-T2X-R,1.4999457597732544,38.3773184249013,1.8914674520492554,2.752513885498047
98,thin-seam,ABL-ET2X-R-PreviousRawEdge-BilinearRGB,1.1324869394302368,40.64947888702857,1.8994559049606323,2.1933541297912598
98,thin-seam,ABL-ET2X-R-PreviousRawEdge-ResolvedRGB,1.1544595956802368,40.3590804678284,1.837619662284851,2.0759007930755615
98,thin-seam,ABL-ET2X-R-PreviousRawEdge-CatmullRomRGB,1.1424154043197632,40.49094538540984,1.8539592027664185,2.085306167602539
98,leaves,O-T2X-R,3.3514974117279053,32.3483673637425,7.863587856292725,10.086530685424805
98,leaves,ABL-ET2X-R-PreviousRawEdge-BilinearRGB,3.342789649963379,31.903425034920467,8.835180282592773,12.51366138458252
98,leaves,ABL-ET2X-R-PreviousRawEdge-ResolvedRGB,3.243359327316284,32.31983244059782,8.332589149475098,11.512641906738281
98,leaves,ABL-ET2X-R-PreviousRawEdge-CatmullRomRGB,3.182340383529663,32.378374164705875,8.829712867736816,12.185723304748535
99,seams,O-T2X-R,1.5121744871139526,36.97631290209523,1.5687577724456787,1.3554140329360962
99,seams,ABL-ET2X-R-PreviousRawEdge-BilinearRGB,1.2746745347976685,37.1081442408173,1.546181559562683,1.7576525211334229
99,seams,ABL-ET2X-R-PreviousRawEdge-ResolvedRGB,1.2806802988052368,37.10215490787866,1.508489727973938,1.6726980209350586
99,seams,ABL-ET2X-R-PreviousRawEdge-CatmullRomRGB,1.2537760734558105,37.230810027416815,1.5257494449615479,1.6782376766204834
99,thin-seam,O-T2X-R,1.5239800214767456,38.14080544406504,1.7215614318847656,1.5059841871261597
99,thin-seam,ABL-ET2X-R-PreviousRawEdge-BilinearRGB,0.9948459267616272,42.25058032536225,1.970295786857605,2.3056929111480713
99,thin-seam,ABL-ET2X-R-PreviousRawEdge-ResolvedRGB,1.0202364921569824,42.110027156683685,1.9203405380249023,2.231760025024414
99,thin-seam,ABL-ET2X-R-PreviousRawEdge-CatmullRomRGB,1.0037435293197632,42.29092135877403,1.9447988271713257,2.2352294921875
99,leaves,O-T2X-R,3.7301595211029053,31.565499930212763,7.8254194259643555,11.450841903686523
99,leaves,ABL-ET2X-R-PreviousRawEdge-BilinearRGB,3.361572265625,31.862925307324083,8.934755325317383,12.701101303100586
99,leaves,ABL-ET2X-R-PreviousRawEdge-ResolvedRGB,3.2588703632354736,32.279463611921294,8.37995433807373,11.64468002319336
99,leaves,ABL-ET2X-R-PreviousRawEdge-CatmullRomRGB,3.1876463890075684,32.36162483294637,8.883050918579102,12.33191967010498
100,seams,O-T2X-R,1.5424968004226685,36.01393938708004,1.6513868570327759,2.556570053100586
100,seams,ABL-ET2X-R-PreviousRawEdge-BilinearRGB,1.3760579824447632,35.97002569822554,1.7587343454360962,1.8927596807479858
100,seams,ABL-ET2X-R-PreviousRawEdge-ResolvedRGB,1.3579264879226685,36.81453652901422,1.6884924173355103,1.8573392629623413
100,seams,ABL-ET2X-R-PreviousRawEdge-CatmullRomRGB,1.340576171875,36.847981938688584,1.7102553844451904,1.860531210899353
100,thin-seam,O-T2X-R,1.3578559160232544,39.816177575836846,1.882014274597168,2.8257358074188232
100,thin-seam,ABL-ET2X-R-PreviousRawEdge-BilinearRGB,1.1458333730697632,38.273310150509005,2.0366008281707764,2.021183967590332
100,thin-seam,ABL-ET2X-R-PreviousRawEdge-ResolvedRGB,1.1090494394302368,40.14022647296617,1.8747186660766602,1.9428749084472656
100,thin-seam,ABL-ET2X-R-PreviousRawEdge-CatmullRomRGB,1.0967339277267456,40.18283652434192,1.9040809869766235,1.943219780921936
100,leaves,O-T2X-R,3.3045897483825684,32.422965445450245,8.213491439819336,10.29284954071045
100,leaves,ABL-ET2X-R-PreviousRawEdge-BilinearRGB,3.4053547382354736,31.645454820436093,9.020254135131836,12.839990615844727
100,leaves,ABL-ET2X-R-PreviousRawEdge-ResolvedRGB,3.302767038345337,32.096734080808254,8.472310066223145,11.761188507080078
100,leaves,ABL-ET2X-R-PreviousRawEdge-CatmullRomRGB,3.2291502952575684,32.18289971175225,9.003705978393555,12.482097625732422
101,seams,O-T2X-R,1.48291015625,36.580914658643465,1.6507211923599243,1.3655118942260742
101,seams,ABL-ET2X-R-PreviousRawEdge-BilinearRGB,1.346093773841858,36.53104904537764,1.6689857244491577,1.9666013717651367
101,seams,ABL-ET2X-R-PreviousRawEdge-ResolvedRGB,1.3483397960662842,36.89103295779094,1.6578843593597412,1.9412171840667725
101,seams,ABL-ET2X-R-PreviousRawEdge-CatmullRomRGB,1.3330403566360474,36.929822138549206,1.683020830154419,1.9376739263534546
101,thin-seam,O-T2X-R,1.4788954257965088,36.74902776781552,2.06241774559021,1.4910212755203247
101,thin-seam,ABL-ET2X-R-PreviousRawEdge-BilinearRGB,1.2278646230697632,38.33999728341811,1.7462049722671509,1.9677400588989258
101,thin-seam,ABL-ET2X-R-PreviousRawEdge-ResolvedRGB,1.2191298007965088,39.24335372962396,1.794568657875061,1.8898459672927856
101,thin-seam,ABL-ET2X-R-PreviousRawEdge-CatmullRomRGB,1.2191298007965088,39.07848578123777,1.817574143409729,1.8941112756729126
101,leaves,O-T2X-R,3.695816993713379,31.573682066286985,7.986264228820801,11.639432907104492
101,leaves,ABL-ET2X-R-PreviousRawEdge-BilinearRGB,3.4122071266174316,31.681102766409204,8.977300643920898,12.892570495605469
101,leaves,ABL-ET2X-R-PreviousRawEdge-ResolvedRGB,3.294173240661621,32.138161288804824,8.4497709274292,11.826456069946289
101,leaves,ABL-ET2X-R-PreviousRawEdge-CatmullRomRGB,3.2223470211029053,32.20760260971912,9.005853652954102,12.599627494812012
102,seams,O-T2X-R,1.6562174558639526,36.07866986372336,1.645961046218872,2.5634922981262207
102,seams,ABL-ET2X-R-PreviousRawEdge-BilinearRGB,1.4078938961029053,36.159842880737465,1.5109726190567017,1.6747106313705444
102,seams,ABL-ET2X-R-PreviousRawEdge-ResolvedRGB,1.3448892831802368,36.91453855508235,1.418232798576355,1.6102087497711182
102,seams,ABL-ET2X-R-PreviousRawEdge-CatmullRomRGB,1.3398926258087158,36.769540794207394,1.4412052631378174,1.6242166757583618
102,thin-seam,O-T2X-R,1.6695963144302368,37.049318683466666,2.0337865352630615,3.140388250350952
102,thin-seam,ABL-ET2X-R-PreviousRawEdge-BilinearRGB,1.3224283456802368,37.274306813772526,1.7969989776611328,1.900410771369934
102,thin-seam,ABL-ET2X-R-PreviousRawEdge-ResolvedRGB,1.2410482168197632,38.266765531666,1.6629270315170288,1.8675273656845093
102,thin-seam,ABL-ET2X-R-PreviousRawEdge-CatmullRomRGB,1.2609049081802368,37.94635164543927,1.7048488855361938,1.8783472776412964
102,leaves,O-T2X-R,3.3646321296691895,32.23102592263245,7.984259605407715,10.1315336227417
102,leaves,ABL-ET2X-R-PreviousRawEdge-BilinearRGB,3.48779296875,31.527235566449633,8.841113090515137,12.561182022094727
102,leaves,ABL-ET2X-R-PreviousRawEdge-ResolvedRGB,3.365771532058716,32.045931513476106,8.333091735839844,11.525182723999023
102,leaves,ABL-ET2X-R-PreviousRawEdge-CatmullRomRGB,3.3075358867645264,32.083462530761736,8.886314392089844,12.319601058959961
103,seams,O-T2X-R,1.3749674558639526,39.14759498117646,1.602468729019165,1.5659316778182983
103,seams,ABL-ET2X-R-PreviousRawEdge-BilinearRGB,1.2075520753860474,38.62965054832224,1.8102748394012451,2.0694668292999268
103,seams,ABL-ET2X-R-PreviousRawEdge-ResolvedRGB,1.1918619871139526,38.988081369679904,1.7926346063613892,1.933018445968628
103,seams,ABL-ET2X-R-PreviousRawEdge-CatmullRomRGB,1.1802246570587158,38.986660763196674,1.8148937225341797,1.9494922161102295
103,thin-seam,O-T2X-R,1.4577364921569824,38.450958132494556,1.9408397674560547,1.6511521339416504
103,thin-seam,ABL-ET2X-R-PreviousRawEdge-BilinearRGB,1.1777886152267456,39.1266403928463,2.1130449771881104,2.256098508834839
103,thin-seam,ABL-ET2X-R-PreviousRawEdge-ResolvedRGB,1.1422525644302368,39.794696053824204,2.070134162902832,2.0332343578338623
103,thin-seam,ABL-ET2X-R-PreviousRawEdge-CatmullRomRGB,1.1510958671569824,39.31140343586508,2.098644495010376,2.0556509494781494
103,leaves,O-T2X-R,3.738753318786621,31.41789819952576,7.846926212310791,11.285089492797852
103,leaves,ABL-ET2X-R-PreviousRawEdge-BilinearRGB,3.432373046875,31.74126790121622,8.749000549316406,12.36528205871582
103,leaves,ABL-ET2X-R-PreviousRawEdge-ResolvedRGB,3.325927734375,32.152468623546795,8.250768661499023,11.326480865478516
103,leaves,ABL-ET2X-R-PreviousRawEdge-CatmullRomRGB,3.268310546875,32.19111221977254,8.762004852294922,12.050490379333496
104,seams,O-T2X-R,1.43115234375,37.75936711483743,1.722214698791504,2.553468704223633
104,seams,ABL-ET2X-R-PreviousRawEdge-BilinearRGB,1.2983235120773315,37.54612683359886,1.7242496013641357,2.036102533340454
104,seams,ABL-ET2X-R-PreviousRawEdge-ResolvedRGB,1.2932454347610474,37.648701453772745,1.6915371417999268,2.057471752166748
104,seams,ABL-ET2X-R-PreviousRawEdge-CatmullRomRGB,1.2841796875,37.74763743656624,1.7247291803359985,2.0475142002105713
104,thin-seam,O-T2X-R,1.3805880546569824,40.154508494301865,2.0513343811035156,2.9662301540374756
104,thin-seam,ABL-ET2X-R-PreviousRawEdge-BilinearRGB,1.1129014492034912,43.010012982791594,2.091404676437378,2.4063377380371094
104,thin-seam,ABL-ET2X-R-PreviousRawEdge-ResolvedRGB,1.1378580331802368,42.111558778365534,2.1230874061584473,2.4674184322357178
104,thin-seam,ABL-ET2X-R-PreviousRawEdge-CatmullRomRGB,1.1260850429534912,42.38157791527029,2.151280641555786,2.4553229808807373
104,leaves,O-T2X-R,3.305452585220337,32.45553752399416,8.027122497558594,10.10248851776123
104,leaves,ABL-ET2X-R-PreviousRawEdge-BilinearRGB,3.4417643547058105,31.604038078253858,8.83242130279541,12.477838516235352
104,leaves,ABL-ET2X-R-PreviousRawEdge-ResolvedRGB,3.3284668922424316,32.05192193212738,8.319382667541504,11.439699172973633
104,leaves,ABL-ET2X-R-PreviousRawEdge-CatmullRomRGB,3.2549479007720947,32.113838363352,8.800752639770508,12.117169380187988
105,seams,O-T2X-R,1.4923990964889526,36.688442520317075,1.5641958713531494,1.5197644233703613
105,seams,ABL-ET2X-R-PreviousRawEdge-BilinearRGB,1.2869466543197632,38.29337530162213,1.6405779123306274,1.918023705482483
105,seams,ABL-ET2X-R-PreviousRawEdge-ResolvedRGB,1.2597330808639526,38.44542673342707,1.616040587425232,1.9517955780029297
105,seams,ABL-ET2X-R-PreviousRawEdge-CatmullRomRGB,1.2594726085662842,38.45918894848171,1.64205801486969,1.965196967124939
105,thin-seam,O-T2X-R,1.4337022304534912,37.27568046744815,1.7359346151351929,1.5434318780899048
105,thin-seam,ABL-ET2X-R-PreviousRawEdge-BilinearRGB,1.3232421875,39.053616594282666,2.059191942214966,2.2333455085754395
105,thin-seam,ABL-ET2X-R-PreviousRawEdge-ResolvedRGB,1.2907986640930176,39.154914592855405,1.951075553894043,2.3553266525268555
105,thin-seam,ABL-ET2X-R-PreviousRawEdge-CatmullRomRGB,1.2845594882965088,39.324782457574486,2.0034587383270264,2.3573198318481445
105,leaves,O-T2X-R,3.686263084411621,31.627706065681313,7.963377952575684,11.632207870483398
105,leaves,ABL-ET2X-R-PreviousRawEdge-BilinearRGB,3.445101022720337,31.58570270434478,8.952125549316406,12.677497863769531
105,leaves,ABL-ET2X-R-PreviousRawEdge-ResolvedRGB,3.348844289779663,31.97324591942135,8.405415534973145,11.5787353515625
105,leaves,ABL-ET2X-R-PreviousRawEdge-CatmullRomRGB,3.2783854007720947,32.01287574150426,8.920363426208496,12.254284858703613
106,seams,O-T2X-R,1.6388834714889526,35.048700559806356,1.6231130361557007,2.4883975982666016
106,seams,ABL-ET2X-R-PreviousRawEdge-BilinearRGB,1.2297688722610474,38.93643870179958,1.733864188194275,1.8073961734771729
106,seams,ABL-ET2X-R-PreviousRawEdge-ResolvedRGB,1.2275553941726685,38.893273174920346,1.6217877864837646,1.7499802112579346
106,seams,ABL-ET2X-R-PreviousRawEdge-CatmullRomRGB,1.2105631828308105,39.045490999677284,1.6554944515228271,1.7697197198867798
106,thin-seam,O-T2X-R,1.5504014492034912,37.49700658258628,1.815707802772522,2.7319908142089844
106,thin-seam,ABL-ET2X-R-PreviousRawEdge-BilinearRGB,1.2023111581802368,39.64472353232459,1.948405146598816,2.207554578781128
106,thin-seam,ABL-ET2X-R-PreviousRawEdge-ResolvedRGB,1.1353623867034912,40.35931639516189,1.8101879358291626,2.0113890171051025
106,thin-seam,ABL-ET2X-R-PreviousRawEdge-CatmullRomRGB,1.1470811367034912,40.34297331349408,1.8505970239639282,2.043555498123169
106,leaves,O-T2X-R,3.3238282203674316,32.3879809802232,8.135269165039062,10.464513778686523
106,leaves,ABL-ET2X-R-PreviousRawEdge-BilinearRGB,3.436979055404663,31.551040658644965,8.936880111694336,12.78210163116455
106,leaves,ABL-ET2X-R-PreviousRawEdge-ResolvedRGB,3.3356282711029053,32.00980978314223,8.427870750427246,11.74971866607666
106,leaves,ABL-ET2X-R-PreviousRawEdge-CatmullRomRGB,3.267545461654663,32.02959008747567,8.95457935333252,12.48767375946045
107,seams,O-T2X-R,1.6029784679412842,36.12237084304792,1.572355031967163,1.3225388526916504
107,seams,ABL-ET2X-R-PreviousRawEdge-BilinearRGB,1.3015950918197632,37.91412026429075,1.6594947576522827,2.0875518321990967
107,seams,ABL-ET2X-R-PreviousRawEdge-ResolvedRGB,1.29248046875,38.1230633577439,1.6056835651397705,1.9557554721832275
107,seams,ABL-ET2X-R-PreviousRawEdge-CatmullRomRGB,1.2854492664337158,38.246590409199825,1.6264511346817017,1.969997763633728
107,thin-seam,O-T2X-R,1.5242513418197632,38.406744950279545,1.7736440896987915,1.319520115852356
107,thin-seam,ABL-ET2X-R-PreviousRawEdge-BilinearRGB,1.1541341543197632,41.09838424174765,1.889025092124939,2.293933868408203
107,thin-seam,ABL-ET2X-R-PreviousRawEdge-ResolvedRGB,1.1915147304534912,40.60818456215,1.8751941919326782,2.148228168487549
107,thin-seam,ABL-ET2X-R-PreviousRawEdge-CatmullRomRGB,1.1812065839767456,40.87639510363956,1.896741509437561,2.1675970554351807
107,leaves,O-T2X-R,3.6690754890441895,31.524208329764324,7.866384029388428,11.607136726379395
107,leaves,ABL-ET2X-R-PreviousRawEdge-BilinearRGB,3.406217336654663,31.70515038802217,8.793535232543945,12.640923500061035
107,leaves,ABL-ET2X-R-PreviousRawEdge-ResolvedRGB,3.305387258529663,32.12566709855243,8.280218124389648,11.617338180541992
107,leaves,ABL-ET2X-R-PreviousRawEdge-CatmullRomRGB,3.251253366470337,32.157085781243225,8.80124282836914,12.378450393676758
108,seams,O-T2X-R,1.5106607675552368,37.93428002523206,1.8393890857696533,2.692517042160034
108,seams,ABL-ET2X-R-PreviousRawEdge-BilinearRGB,1.3068522214889526,38.7411799322279,1.7392375469207764,2.0367114543914795
108,seams,ABL-ET2X-R-PreviousRawEdge-ResolvedRGB,1.3314940929412842,38.71189476146226,1.7315784692764282,2.0249955654144287
108,seams,ABL-ET2X-R-PreviousRawEdge-CatmullRomRGB,1.328515648841858,38.69084749722545,1.7558910846710205,2.02734112739563
108,thin-seam,O-T2X-R,1.4370659589767456,39.79283009716241,2.080256700515747,3.016192674636841
108,thin-seam,ABL-ET2X-R-PreviousRawEdge-BilinearRGB,1.2931857109069824,40.3017993605771,2.020686388015747,2.0905966758728027
108,thin-seam,ABL-ET2X-R-PreviousRawEdge-ResolvedRGB,1.3214517831802368,40.13353275054087,2.0244674682617188,2.248962879180908
108,thin-seam,ABL-ET2X-R-PreviousRawEdge-CatmullRomRGB,1.3125542402267456,40.28014021388743,2.071826934814453,2.243014335632324
108,leaves,O-T2X-R,3.291308641433716,32.54866877128765,7.995234489440918,10.077592849731445
108,leaves,ABL-ET2X-R-PreviousRawEdge-BilinearRGB,3.4304850101470947,31.551179033955886,8.706819534301758,12.337671279907227
108,leaves,ABL-ET2X-R-PreviousRawEdge-ResolvedRGB,3.321337938308716,31.988457195799654,8.22971248626709,11.343798637390137
108,leaves,ABL-ET2X-R-PreviousRawEdge-CatmullRomRGB,3.256640672683716,32.04186067225831,8.734224319458008,12.067556381225586
109,seams,O-T2X-R,1.453369140625,37.71353000288641,1.7056396007537842,1.4929637908935547
109,seams,ABL-ET2X-R-PreviousRawEdge-BilinearRGB,1.327392578125,38.744060955686535,1.8790699243545532,1.984026312828064
109,seams,ABL-ET2X-R-PreviousRawEdge-ResolvedRGB,1.3317056894302368,38.36796677745856,1.835993766784668,2.1121983528137207
109,seams,ABL-ET2X-R-PreviousRawEdge-CatmullRomRGB,1.3060383796691895,38.65477045263301,1.868384599685669,2.1291143894195557
109,thin-seam,O-T2X-R,1.5955404043197632,36.11422212522229,2.1164982318878174,1.6894969940185547
109,thin-seam,ABL-ET2X-R-PreviousRawEdge-BilinearRGB,1.298828125,39.92463881608049,2.108269214630127,2.3143045902252197
109,thin-seam,ABL-ET2X-R-PreviousRawEdge-ResolvedRGB,1.3175455331802368,39.16898622733417,2.153122663497925,2.5181376934051514
109,thin-seam,ABL-ET2X-R-PreviousRawEdge-CatmullRomRGB,1.2976346015930176,39.48183951868696,2.1848304271698,2.548967123031616
109,leaves,O-T2X-R,3.637906789779663,31.74379440414647,7.878118991851807,11.294685363769531
109,leaves,ABL-ET2X-R-PreviousRawEdge-BilinearRGB,3.4059407711029053,31.584377828276537,8.825769424438477,12.408251762390137
109,leaves,ABL-ET2X-R-PreviousRawEdge-ResolvedRGB,3.2721028327941895,32.10813289753443,8.308977127075195,11.365135192871094
109,leaves,ABL-ET2X-R-PreviousRawEdge-CatmullRomRGB,3.2111165523529053,32.17840566234279,8.795902252197266,12.04712963104248
110,seams,O-T2X-R,1.568994164466858,37.36801600960047,1.8162380456924438,2.622979164123535
110,seams,ABL-ET2X-R-PreviousRawEdge-BilinearRGB,1.3899739980697632,37.168086801385726,1.7300903797149658,2.0259478092193604
110,seams,ABL-ET2X-R-PreviousRawEdge-ResolvedRGB,1.325830101966858,37.68761503393032,1.5785446166992188,1.911374807357788
110,seams,ABL-ET2X-R-PreviousRawEdge-CatmullRomRGB,1.318457007408142,37.76959313067918,1.6065438985824585,1.9212278127670288
110,thin-seam,O-T2X-R,1.6626518964767456,37.31514122750785,2.1722769737243652,3.251960515975952
110,thin-seam,ABL-ET2X-R-PreviousRawEdge-BilinearRGB,1.3487412929534912,37.72416558140604,2.032759428024292,2.164790630340576
110,thin-seam,ABL-ET2X-R-PreviousRawEdge-ResolvedRGB,1.2881944179534912,38.2280165801362,1.8256722688674927,2.11517071723938
110,thin-seam,ABL-ET2X-R-PreviousRawEdge-CatmullRomRGB,1.2883572578430176,38.2588958075753,1.8624919652938843,2.1131365299224854
110,leaves,O-T2X-R,3.29931640625,32.371539468001636,8.037879943847656,10.193634986877441
110,leaves,ABL-ET2X-R-PreviousRawEdge-BilinearRGB,3.364534616470337,31.770483235031627,8.88221549987793,12.571535110473633
110,leaves,ABL-ET2X-R-PreviousRawEdge-ResolvedRGB,3.2313313484191895,32.280908205485204,8.357856750488281,11.533258438110352
110,leaves,ABL-ET2X-R-PreviousRawEdge-CatmullRomRGB,3.174999952316284,32.322808256469024,8.840459823608398,12.185370445251465
111,seams,O-T2X-R,1.538818359375,37.363144564637466,1.5465481281280518,1.5569086074829102
111,seams,ABL-ET2X-R-PreviousRawEdge-BilinearRGB,1.348876953125,38.19715180944682,1.7666547298431396,2.2511820793151855
111,seams,ABL-ET2X-R-PreviousRawEdge-ResolvedRGB,1.3579264879226685,38.201230550691825,1.7198911905288696,2.0159802436828613
111,seams,ABL-ET2X-R-PreviousRawEdge-CatmullRomRGB,1.3448405265808105,38.221421818309935,1.7386945486068726,2.0334839820861816
111,thin-seam,O-T2X-R,1.6103515625,37.87657159127453,2.118983507156372,1.4837440252304077
111,thin-seam,ABL-ET2X-R-PreviousRawEdge-BilinearRGB,1.1406792402267456,40.05224105635154,1.9135738611221313,2.454817533493042
111,thin-seam,ABL-ET2X-R-PreviousRawEdge-ResolvedRGB,1.1393771171569824,40.03160604106451,1.8550810813903809,2.161426544189453
111,thin-seam,ABL-ET2X-R-PreviousRawEdge-CatmullRomRGB,1.1301541328430176,40.16142271951622,1.8794325590133667,2.1970787048339844
111,leaves,O-T2X-R,3.655810594558716,31.611973769822463,7.916059970855713,11.54045295715332
111,leaves,ABL-ET2X-R-PreviousRawEdge-BilinearRGB,3.3365721702575684,31.776419379547992,8.913565635681152,12.726128578186035
111,leaves,ABL-ET2X-R-PreviousRawEdge-ResolvedRGB,3.2120769023895264,32.25619334372493,8.38572883605957,11.642698287963867
111,leaves,ABL-ET2X-R-PreviousRawEdge-CatmullRomRGB,3.1521973609924316,32.29921998465634,8.890787124633789,12.346196174621582
112,seams,O-T2X-R,1.4702799320220947,37.18256332854231,1.689123511314392,2.4947850704193115
112,seams,ABL-ET2X-R-PreviousRawEdge-BilinearRGB,1.270654320716858,38.306125942608,1.7910369634628296,1.9593751430511475
112,seams,ABL-ET2X-R-PreviousRawEdge-ResolvedRGB,1.3090656995773315,37.819198562375,1.7360165119171143,1.9793405532836914
112,seams,ABL-ET2X-R-PreviousRawEdge-CatmullRomRGB,1.2786458730697632,38.11928287299042,1.7641804218292236,1.9800441265106201
112,thin-seam,O-T2X-R,1.3439669609069824,41.05811508557341,2.014820098876953,3.2940514087677
112,thin-seam,ABL-ET2X-R-PreviousRawEdge-BilinearRGB,1.1447482109069824,39.64402222361935,1.8959587812423706,2.057493209838867
112,thin-seam,ABL-ET2X-R-PreviousRawEdge-ResolvedRGB,1.2385525703430176,38.78450963223765,1.9176734685897827,2.0658600330352783
112,thin-seam,ABL-ET2X-R-PreviousRawEdge-CatmullRomRGB,1.2112630605697632,39.047035831124994,1.9393054246902466,2.054816484451294
112,leaves,O-T2X-R,3.244384765625,32.71024229635192,8.011332511901855,10.199740409851074
112,leaves,ABL-ET2X-R-PreviousRawEdge-BilinearRGB,3.281201124191284,31.95568288396253,8.873091697692871,12.662030220031738
112,leaves,ABL-ET2X-R-PreviousRawEdge-ResolvedRGB,3.196728467941284,32.34081528861302,8.363348960876465,11.615345001220703
112,leaves,ABL-ET2X-R-PreviousRawEdge-CatmullRomRGB,3.124527931213379,32.415116029236934,8.87464714050293,12.342257499694824
113,seams,O-T2X-R,1.519677758216858,36.24288702566251,1.660818338394165,1.4105241298675537
113,seams,ABL-ET2X-R-PreviousRawEdge-BilinearRGB,1.3150715827941895,38.24499345239569,1.786250114440918,2.0145578384399414
113,seams,ABL-ET2X-R-PreviousRawEdge-ResolvedRGB,1.3100422620773315,38.25907283908223,1.7721519470214844,2.045851230621338
113,seams,ABL-ET2X-R-PreviousRawEdge-CatmullRomRGB,1.2789387702941895,38.441021449777956,1.7944958209991455,2.0532100200653076
113,thin-seam,O-T2X-R,1.5250108242034912,36.47258494922384,1.9490941762924194,1.2769838571548462
113,thin-seam,ABL-ET2X-R-PreviousRawEdge-BilinearRGB,1.2677408456802368,40.65575343120955,2.30564284324646,2.242737054824829
113,thin-seam,ABL-ET2X-R-PreviousRawEdge-ResolvedRGB,1.28125,40.20173642359155,2.3552334308624268,2.5542306900024414
113,thin-seam,ABL-ET2X-R-PreviousRawEdge-CatmullRomRGB,1.2648111581802368,40.42163658428034,2.383249282836914,2.553725242614746
113,leaves,O-T2X-R,3.5799152851104736,31.83902116083827,7.899652004241943,11.396032333374023
113,leaves,ABL-ET2X-R-PreviousRawEdge-BilinearRGB,3.339111328125,31.770967006098637,8.898275375366211,12.574180603027344
113,leaves,ABL-ET2X-R-PreviousRawEdge-ResolvedRGB,3.2366373538970947,32.18864991491013,8.406410217285156,11.552785873413086
113,leaves,ABL-ET2X-R-PreviousRawEdge-CatmullRomRGB,3.1653971672058105,32.25341990496571,8.893163681030273,12.275423049926758
114,seams,O-T2X-R,1.5845377445220947,36.31744903718787,1.710444450378418,2.6860623359680176
114,seams,ABL-ET2X-R-PreviousRawEdge-BilinearRGB,1.4284017086029053,36.57823916109831,1.8658491373062134,1.9810268878936768
114,seams,ABL-ET2X-R-PreviousRawEdge-ResolvedRGB,1.3131673336029053,37.97276927190234,1.696610689163208,1.978589415550232
114,seams,ABL-ET2X-R-PreviousRawEdge-CatmullRomRGB,1.3063313961029053,38.00570611038283,1.738059401512146,1.987891435623169
114,thin-seam,O-T2X-R,1.6162109375,36.318827183143256,1.8146257400512695,2.882171630859375
114,thin-seam,ABL-ET2X-R-PreviousRawEdge-BilinearRGB,1.3336045742034912,37.31680153093598,2.284802198410034,2.322160482406616
114,thin-seam,ABL-ET2X-R-PreviousRawEdge-ResolvedRGB,1.1088324785232544,40.10162682903236,1.918196678161621,2.3915531635284424
114,thin-seam,ABL-ET2X-R-PreviousRawEdge-CatmullRomRGB,1.1233724355697632,39.88980820129175,1.9660743474960327,2.391383409500122
114,leaves,O-T2X-R,3.2566895484924316,32.4836711702868,8.113645553588867,10.296722412109375
114,leaves,ABL-ET2X-R-PreviousRawEdge-BilinearRGB,3.323486328125,31.648018523794896,8.96861457824707,12.90852165222168
114,leaves,ABL-ET2X-R-PreviousRawEdge-ResolvedRGB,3.238541603088379,32.01901780936629,8.47396469116211,11.92121410369873
114,leaves,ABL-ET2X-R-PreviousRawEdge-CatmullRomRGB,3.174788475036621,32.06457799371072,8.965578079223633,12.61347484588623
115,seams,O-T2X-R,1.5718262195587158,37.04814163670681,1.6460378170013428,1.4050581455230713
115,seams,ABL-ET2X-R-PreviousRawEdge-BilinearRGB,1.2761881351470947,37.15767326791445,1.7985620498657227,2.1316983699798584
115,seams,ABL-ET2X-R-PreviousRawEdge-ResolvedRGB,1.259179711341858,37.611644755640896,1.743151068687439,1.8985799551010132
115,seams,ABL-ET2X-R-PreviousRawEdge-CatmullRomRGB,1.2363932132720947,37.76986602218454,1.7766218185424805,1.9100313186645508
115,thin-seam,O-T2X-R,1.6128472089767456,37.96670061643256,1.9503613710403442,1.6018195152282715
115,thin-seam,ABL-ET2X-R-PreviousRawEdge-BilinearRGB,1.0986328125,39.3600060342338,2.068363904953003,2.636333465576172
115,thin-seam,ABL-ET2X-R-PreviousRawEdge-ResolvedRGB,1.0661349296569824,40.55766901318777,2.0062296390533447,2.143446683883667
115,thin-seam,ABL-ET2X-R-PreviousRawEdge-CatmullRomRGB,1.0473090410232544,40.566288182598235,2.038294792175293,2.173571825027466
115,leaves,O-T2X-R,3.5517578125,31.863665227864367,7.878262996673584,11.563676834106445
115,leaves,ABL-ET2X-R-PreviousRawEdge-BilinearRGB,3.2703449726104736,31.803065029944506,8.849714279174805,12.752497673034668
115,leaves,ABL-ET2X-R-PreviousRawEdge-ResolvedRGB,3.1942057609558105,32.16347646566074,8.373650550842285,11.776884078979492
115,leaves,ABL-ET2X-R-PreviousRawEdge-CatmullRomRGB,3.1217448711395264,32.217251211533274,8.895174026489258,12.54606819152832
116,seams,O-T2X-R,1.5927083492279053,36.309838779875285,1.7959703207015991,2.5958428382873535
116,seams,ABL-ET2X-R-PreviousRawEdge-BilinearRGB,1.3519368171691895,37.404017546403495,1.8120781183242798,2.027543544769287
116,seams,ABL-ET2X-R-PreviousRawEdge-ResolvedRGB,1.3251302242279053,37.87363898003666,1.8353534936904907,2.0717499256134033
116,seams,ABL-ET2X-R-PreviousRawEdge-CatmullRomRGB,1.3028970956802368,37.78225603876565,1.859626054763794,2.078460693359375
116,thin-seam,O-T2X-R,1.6153970956802368,37.43349409788813,2.117560863494873,2.979871988296509
116,thin-seam,ABL-ET2X-R-PreviousRawEdge-BilinearRGB,1.2257486581802368,39.320256382617664,2.013007879257202,2.1884617805480957
116,thin-seam,ABL-ET2X-R-PreviousRawEdge-ResolvedRGB,1.1800130605697632,40.17087271767994,2.068199396133423,2.2677853107452393
116,thin-seam,ABL-ET2X-R-PreviousRawEdge-CatmullRomRGB,1.1722548007965088,40.086777838143576,2.106111526489258,2.2606401443481445
116,leaves,O-T2X-R,3.197998046875,32.64789156196203,8.043116569519043,10.241714477539062
116,leaves,ABL-ET2X-R-PreviousRawEdge-BilinearRGB,3.305371046066284,31.77626711848406,8.829948425292969,12.47044849395752
116,leaves,ABL-ET2X-R-PreviousRawEdge-ResolvedRGB,3.178727149963379,32.27144568426529,8.370237350463867,11.542966842651367
116,leaves,ABL-ET2X-R-PreviousRawEdge-CatmullRomRGB,3.1144042015075684,32.317642753083966,8.877293586730957,12.282125473022461
117,seams,O-T2X-R,1.5344401597976685,36.593240372717375,1.7466964721679688,1.5690284967422485
117,seams,ABL-ET2X-R-PreviousRawEdge-BilinearRGB,1.4118001461029053,37.210478284816,1.8285672664642334,2.09574031829834
117,seams,ABL-ET2X-R-PreviousRawEdge-ResolvedRGB,1.4050618410110474,37.419819851813706,1.7351188659667969,2.142714262008667
117,seams,ABL-ET2X-R-PreviousRawEdge-CatmullRomRGB,1.3948568105697632,37.31677028280689,1.7742408514022827,2.1539499759674072
117,thin-seam,O-T2X-R,1.5134005546569824,35.98877452382693,2.2603070735931396,1.8340030908584595
117,thin-seam,ABL-ET2X-R-PreviousRawEdge-BilinearRGB,1.3573133945465088,37.942897939262544,2.1576173305511475,2.360114574432373
117,thin-seam,ABL-ET2X-R-PreviousRawEdge-ResolvedRGB,1.3142361640930176,38.547624937430015,2.0492584705352783,2.4445669651031494
117,thin-seam,ABL-ET2X-R-PreviousRawEdge-CatmullRomRGB,1.3186306953430176,38.341753044441425,2.0882632732391357,2.4624264240264893
117,leaves,O-T2X-R,3.596158742904663,31.730452799108203,7.9577531814575195,11.433433532714844
117,leaves,ABL-ET2X-R-PreviousRawEdge-BilinearRGB,3.3063151836395264,31.667433266943952,8.928004264831543,12.728453636169434
117,leaves,ABL-ET2X-R-PreviousRawEdge-ResolvedRGB,3.178938865661621,32.23330700067904,8.416715621948242,11.754425048828125
117,leaves,ABL-ET2X-R-PreviousRawEdge-CatmullRomRGB,3.117968797683716,32.26982290503332,8.894362449645996,12.45103931427002
118,seams,O-T2X-R,1.5745930671691895,37.13369499826895,1.763421654701233,2.7317605018615723
118,seams,ABL-ET2X-R-PreviousRawEdge-BilinearRGB,1.3660318851470947,38.02573779817691,1.9728610515594482,2.1790175437927246
118,seams,ABL-ET2X-R-PreviousRawEdge-ResolvedRGB,1.3411946296691895,38.2378511248129,1.8610492944717407,2.078890323638916
118,seams,ABL-ET2X-R-PreviousRawEdge-CatmullRomRGB,1.3177571296691895,38.542666244652345,1.8925106525421143,2.089540958404541
118,thin-seam,O-T2X-R,1.6159939765930176,36.96830452293321,2.090975522994995,3.4475181102752686
118,thin-seam,ABL-ET2X-R-PreviousRawEdge-BilinearRGB,1.2469618320465088,40.24024453034833,2.2489938735961914,2.4524874687194824
118,thin-seam,ABL-ET2X-R-PreviousRawEdge-ResolvedRGB,1.1686197519302368,40.99031634144921,2.179490327835083,2.4621946811676025
118,thin-seam,ABL-ET2X-R-PreviousRawEdge-CatmullRomRGB,1.1706814765930176,40.92194609873722,2.2096893787384033,2.4701309204101562
118,leaves,O-T2X-R,3.2705891132354736,32.475028848324094,7.973316192626953,10.248797416687012
118,leaves,ABL-ET2X-R-PreviousRawEdge-BilinearRGB,3.3340656757354736,31.760969686958592,8.928400039672852,12.854917526245117
118,leaves,ABL-ET2X-R-PreviousRawEdge-ResolvedRGB,3.214078664779663,32.22326687899584,8.425664901733398,11.806740760803223
118,leaves,ABL-ET2X-R-PreviousRawEdge-CatmullRomRGB,3.142122507095337,32.28207922154421,8.8985595703125,12.497882843017578
119,seams,O-T2X-R,1.569482445716858,36.567573273388234,1.7937740087509155,1.5259921550750732
119,seams,ABL-ET2X-R-PreviousRawEdge-BilinearRGB,1.5106120109558105,37.33902635326246,1.996792197227478,2.2749106884002686
119,seams,ABL-ET2X-R-PreviousRawEdge-ResolvedRGB,1.4495117664337158,37.73157848656069,1.9181159734725952,2.13224196434021
119,seams,ABL-ET2X-R-PreviousRawEdge-CatmullRomRGB,1.4307942390441895,37.828122401869024,1.9458764791488647,2.1383843421936035
119,thin-seam,O-T2X-R,1.5295138359069824,38.14486939628528,1.9918607473373413,1.377214789390564
119,thin-seam,ABL-ET2X-R-PreviousRawEdge-BilinearRGB,1.2375760078430176,39.702873971227824,2.249391555786133,2.4261863231658936
119,thin-seam,ABL-ET2X-R-PreviousRawEdge-ResolvedRGB,1.1814779043197632,40.77148416694709,2.1225385665893555,2.3220982551574707
119,thin-seam,ABL-ET2X-R-PreviousRawEdge-CatmullRomRGB,1.1570638418197632,41.21970666924508,2.1672897338867188,2.3234238624572754
119,leaves,O-T2X-R,3.5074055194854736,31.961645277725495,7.871710777282715,11.42495346069336
119,leaves,ABL-ET2X-R-PreviousRawEdge-BilinearRGB,3.309375047683716,31.83635583551361,8.95531177520752,12.719751358032227
119,leaves,ABL-ET2X-R-PreviousRawEdge-ResolvedRGB,3.189485788345337,32.33403939933655,8.428922653198242,11.671712875366211
119,leaves,ABL-ET2X-R-PreviousRawEdge-CatmullRomRGB,3.119352102279663,32.39100917869916,8.925609588623047,12.378413200378418
120,seams,O-T2X-R,1.6465657949447632,36.12563936657055,1.8909409046173096,2.870053768157959
120,seams,ABL-ET2X-R-PreviousRawEdge-BilinearRGB,1.2883137464523315,38.29212812794531,1.833435297012329,2.32523775100708
120,seams,ABL-ET2X-R-PreviousRawEdge-ResolvedRGB,1.3119791746139526,37.988618201645195,1.76751708984375,2.2384033203125
120,seams,ABL-ET2X-R-PreviousRawEdge-CatmullRomRGB,1.2692707777023315,38.35022056395926,1.8024320602416992,2.261779308319092
120,thin-seam,O-T2X-R,1.61572265625,38.48278008053143,2.354562997817993,3.4203503131866455
120,thin-seam,ABL-ET2X-R-PreviousRawEdge-BilinearRGB,1.2853732109069824,38.02489860256231,2.0306313037872314,2.4175660610198975
120,thin-seam,ABL-ET2X-R-PreviousRawEdge-ResolvedRGB,1.3103299140930176,37.92281706312987,2.026392698287964,2.3426239490509033
120,thin-seam,ABL-ET2X-R-PreviousRawEdge-CatmullRomRGB,1.2705620527267456,38.346157959029135,2.0667266845703125,2.3622496128082275
120,leaves,O-T2X-R,3.1822428703308105,32.66007255564726,8.079656600952148,10.25849437713623
120,leaves,ABL-ET2X-R-PreviousRawEdge-BilinearRGB,3.2964680194854736,31.8909237607356,9.04240608215332,12.780576705932617
120,leaves,ABL-ET2X-R-PreviousRawEdge-ResolvedRGB,3.1822428703308105,32.40121263495626,8.55885124206543,11.796910285949707
120,leaves,ABL-ET2X-R-PreviousRawEdge-CatmullRomRGB,3.1204752922058105,32.45533258540883,9.057710647583008,12.499781608581543
121,seams,O-T2X-R,1.6325032711029053,36.035971827590714,1.6213356256484985,1.560543179512024
121,seams,ABL-ET2X-R-PreviousRawEdge-BilinearRGB,1.433349609375,36.66183025127373,1.750715970993042,1.910988211631775
121,seams,ABL-ET2X-R-PreviousRawEdge-ResolvedRGB,1.416601538658142,36.96779242828057,1.7076852321624756,1.8517704010009766
121,seams,ABL-ET2X-R-PreviousRawEdge-CatmullRomRGB,1.387304663658142,37.216183460816644,1.7440487146377563,1.8547966480255127
121,thin-seam,O-T2X-R,1.62255859375,36.80353373678759,1.929085373878479,1.7385082244873047
121,thin-seam,ABL-ET2X-R-PreviousRawEdge-BilinearRGB,1.3231337070465088,38.179566770792114,1.9983506202697754,2.076690435409546
121,thin-seam,ABL-ET2X-R-PreviousRawEdge-ResolvedRGB,1.3094075918197632,38.34427686281062,2.057394504547119,2.2333028316497803
121,thin-seam,ABL-ET2X-R-PreviousRawEdge-CatmullRomRGB,1.28564453125,38.657810265284645,2.1012589931488037,2.225238561630249
121,leaves,O-T2X-R,3.4832193851470947,32.13400353015757,7.898140907287598,11.44670295715332
121,leaves,ABL-ET2X-R-PreviousRawEdge-BilinearRGB,3.262988328933716,32.06010190229971,9.047285079956055,12.86822509765625
121,leaves,ABL-ET2X-R-PreviousRawEdge-ResolvedRGB,3.1473469734191895,32.575865769533394,8.54094123840332,11.882020950317383
121,leaves,ABL-ET2X-R-PreviousRawEdge-CatmullRomRGB,3.1009440422058105,32.58073721755815,9.046365737915039,12.609251976013184
122,seams,O-T2X-R,1.6356770992279053,36.349928151284196,1.9155476093292236,2.647122859954834
122,seams,ABL-ET2X-R-PreviousRawEdge-BilinearRGB,1.4657714366912842,36.77698711218188,1.7537389993667603,2.0014758110046387
122,seams,ABL-ET2X-R-PreviousRawEdge-ResolvedRGB,1.4336426258087158,36.884688529575726,1.7496387958526611,2.007906436920166
122,seams,ABL-ET2X-R-PreviousRawEdge-CatmullRomRGB,1.4126139879226685,36.9563156247858,1.7741444110870361,2.0229671001434326
122,thin-seam,O-T2X-R,1.7542318105697632,36.44646307586673,2.299891710281372,3.099109649658203
122,thin-seam,ABL-ET2X-R-PreviousRawEdge-BilinearRGB,1.2409939765930176,39.01988689806227,1.861128807067871,2.022733449935913
122,thin-seam,ABL-ET2X-R-PreviousRawEdge-ResolvedRGB,1.259765625,38.51784958959919,1.8428620100021362,2.173480272293091
122,thin-seam,ABL-ET2X-R-PreviousRawEdge-CatmullRomRGB,1.23095703125,38.8293854562094,1.8792794942855835,2.203097105026245
122,leaves,O-T2X-R,3.1963703632354736,32.640988424298286,8.105177879333496,10.260296821594238
122,leaves,ABL-ET2X-R-PreviousRawEdge-BilinearRGB,3.2425944805145264,32.07158506078893,9.026762008666992,12.955635070800781
122,leaves,ABL-ET2X-R-PreviousRawEdge-ResolvedRGB,3.132356882095337,32.52777047937023,8.558091163635254,11.977753639221191
122,leaves,ABL-ET2X-R-PreviousRawEdge-CatmullRomRGB,3.088671922683716,32.53653403623975,9.066980361938477,12.73595142364502
123,seams,O-T2X-R,1.5590331554412842,36.777235482142565,1.7562650442123413,1.591843605041504
123,seams,ABL-ET2X-R-PreviousRawEdge-BilinearRGB,1.2710449695587158,38.1527077537657,1.8330999612808228,1.9574486017227173
123,seams,ABL-ET2X-R-PreviousRawEdge-ResolvedRGB,1.2751628160476685,37.868831596760934,1.7194421291351318,1.9903535842895508
123,seams,ABL-ET2X-R-PreviousRawEdge-CatmullRomRGB,1.2394530773162842,38.153808926745754,1.749011754989624,2.001643657684326
123,thin-seam,O-T2X-R,1.7341580390930176,35.53538010474894,2.0458643436431885,1.965382695198059
123,thin-seam,ABL-ET2X-R-PreviousRawEdge-BilinearRGB,1.1853841543197632,39.3630404661681,1.8831335306167603,1.9385709762573242
123,thin-seam,ABL-ET2X-R-PreviousRawEdge-ResolvedRGB,1.1797417402267456,39.231376406284554,1.8466577529907227,2.04402232170105
123,thin-seam,ABL-ET2X-R-PreviousRawEdge-CatmullRomRGB,1.1474609375,39.532951875550324,1.874146819114685,2.0541067123413086
123,leaves,O-T2X-R,3.456803321838379,32.02437179305246,7.830669403076172,11.3118896484375
123,leaves,ABL-ET2X-R-PreviousRawEdge-BilinearRGB,3.235107421875,32.122295385043834,8.835470199584961,12.701310157775879
123,leaves,ABL-ET2X-R-PreviousRawEdge-ResolvedRGB,3.119873046875,32.60901672016483,8.361189842224121,11.75324535369873
123,leaves,ABL-ET2X-R-PreviousRawEdge-CatmullRomRGB,3.0694336891174316,32.62678811994117,8.885324478149414,12.525094985961914
124,seams,O-T2X-R,1.5419270992279053,37.52902820386363,1.8782005310058594,2.79939866065979
124,seams,ABL-ET2X-R-PreviousRawEdge-BilinearRGB,1.3439290523529053,37.569556008057305,1.708665132522583,1.9377601146697998
124,seams,ABL-ET2X-R-PreviousRawEdge-ResolvedRGB,1.329199194908142,37.715990135527356,1.629364252090454,1.8460276126861572
124,seams,ABL-ET2X-R-PreviousRawEdge-CatmullRomRGB,1.3028483390808105,37.862906357561315,1.6646064519882202,1.8575092554092407
124,thin-seam,O-T2X-R,1.736328125,35.65941750647909,2.190580129623413,3.2675092220306396
124,thin-seam,ABL-ET2X-R-PreviousRawEdge-BilinearRGB,1.3173285722732544,38.353344342734836,2.112447738647461,2.126838445663452
124,thin-seam,ABL-ET2X-R-PreviousRawEdge-ResolvedRGB,1.29345703125,38.60266988844558,1.9904899597167969,2.0391793251037598
124,thin-seam,ABL-ET2X-R-PreviousRawEdge-CatmullRomRGB,1.2622612714767456,38.87419848518556,2.031177282333374,2.046647071838379
124,leaves,O-T2X-R,3.172119140625,32.73417314939459,8.00212287902832,10.060455322265625
124,leaves,ABL-ET2X-R-PreviousRawEdge-BilinearRGB,3.2413899898529053,32.14323147996411,8.669488906860352,12.290872573852539
124,leaves,ABL-ET2X-R-PreviousRawEdge-ResolvedRGB,3.1041829586029053,32.72686332015971,8.226840019226074,11.3742094039917
124,leaves,ABL-ET2X-R-PreviousRawEdge-CatmullRomRGB,3.0535807609558105,32.742817956451134,8.725305557250977,12.119351387023926
125,seams,O-T2X-R,1.655175805091858,35.678891180209604,1.7237021923065186,1.5549952983856201
125,seams,ABL-ET2X-R-PreviousRawEdge-BilinearRGB,1.407128930091858,35.990225509684436,1.8095331192016602,1.9265037775039673
125,seams,ABL-ET2X-R-PreviousRawEdge-ResolvedRGB,1.4379557371139526,35.85602053700652,1.748311996459961,1.9043776988983154
125,seams,ABL-ET2X-R-PreviousRawEdge-CatmullRomRGB,1.393798828125,36.05323398404519,1.7850967645645142,1.9237827062606812
125,thin-seam,O-T2X-R,1.3861219882965088,39.27881048915792,2.012118339538574,1.818294644355774
125,thin-seam,ABL-ET2X-R-PreviousRawEdge-BilinearRGB,1.27392578125,37.7157846007028,2.0307905673980713,2.3948380947113037
125,thin-seam,ABL-ET2X-R-PreviousRawEdge-ResolvedRGB,1.2718641757965088,37.80015851745932,1.9458600282669067,2.2579452991485596
125,thin-seam,ABL-ET2X-R-PreviousRawEdge-CatmullRomRGB,1.2317708730697632,38.06105788607254,1.9768848419189453,2.2727608680725098
125,leaves,O-T2X-R,3.439257860183716,32.043336013297335,7.6587066650390625,10.972450256347656
125,leaves,ABL-ET2X-R-PreviousRawEdge-BilinearRGB,3.234081983566284,32.129518998369335,8.621997833251953,12.203832626342773
125,leaves,ABL-ET2X-R-PreviousRawEdge-ResolvedRGB,3.1079914569854736,32.63925569809232,8.163058280944824,11.251792907714844
125,leaves,ABL-ET2X-R-PreviousRawEdge-CatmullRomRGB,3.052718162536621,32.67241697690796,8.612678527832031,11.936141014099121
126,seams,O-T2X-R,1.7729980945587158,35.12360444812707,1.833618402481079,2.7521250247955322
126,seams,ABL-ET2X-R-PreviousRawEdge-BilinearRGB,1.2855143547058105,38.059351695749925,1.860325813293457,2.107484817504883
126,seams,ABL-ET2X-R-PreviousRawEdge-ResolvedRGB,1.2480957508087158,38.640264503699775,1.7639682292938232,2.0267434120178223
126,seams,ABL-ET2X-R-PreviousRawEdge-CatmullRomRGB,1.2118815183639526,39.100557667548905,1.7881786823272705,2.0404319763183594
126,thin-seam,O-T2X-R,1.6671549081802368,36.477766976114914,2.0567827224731445,3.035916328430176
126,thin-seam,ABL-ET2X-R-PreviousRawEdge-BilinearRGB,1.1978623867034912,39.806497709369054,2.204432249069214,2.5066959857940674
126,thin-seam,ABL-ET2X-R-PreviousRawEdge-ResolvedRGB,1.1846245527267456,40.16993040189239,2.1383941173553467,2.429997444152832
126,thin-seam,ABL-ET2X-R-PreviousRawEdge-CatmullRomRGB,1.1535372734069824,40.58780823313193,2.165194272994995,2.4252779483795166
126,leaves,O-T2X-R,3.043994188308716,33.11686975829296,7.858912467956543,9.897677421569824
126,leaves,ABL-ET2X-R-PreviousRawEdge-BilinearRGB,3.2014973163604736,32.111211087027314,8.77630615234375,12.437226295471191
126,leaves,ABL-ET2X-R-PreviousRawEdge-ResolvedRGB,3.091048240661621,32.59629967367062,8.291440963745117,11.43156623840332
126,leaves,ABL-ET2X-R-PreviousRawEdge-CatmullRomRGB,3.027392625808716,32.65884535155668,8.731607437133789,12.062701225280762
127,seams,O-T2X-R,1.4762694835662842,37.898145064949574,1.743826150894165,1.5881096124649048
127,seams,ABL-ET2X-R-PreviousRawEdge-BilinearRGB,1.3107259273529053,37.83006782027059,1.8549731969833374,2.0183305740356445
127,seams,ABL-ET2X-R-PreviousRawEdge-ResolvedRGB,1.2367838621139526,39.25551710645874,1.7351150512695312,1.8922996520996094
127,seams,ABL-ET2X-R-PreviousRawEdge-CatmullRomRGB,1.2195638418197632,39.373335157722586,1.761190414428711,1.895531415939331
127,thin-seam,O-T2X-R,1.4779731035232544,38.01460901338792,2.0116450786590576,1.7060641050338745
127,thin-seam,ABL-ET2X-R-PreviousRawEdge-BilinearRGB,1.18505859375,38.289922698231706,2.290468454360962,2.2580063343048096
127,thin-seam,ABL-ET2X-R-PreviousRawEdge-ResolvedRGB,1.0692274570465088,40.843356570503374,2.0586183071136475,2.2149503231048584
127,thin-seam,ABL-ET2X-R-PreviousRawEdge-CatmullRomRGB,1.0482856035232544,41.141103565318915,2.0984649658203125,2.207979917526245
127,leaves,O-T2X-R,3.4224772453308105,32.191954963350724,7.904928684234619,11.396443367004395
127,leaves,ABL-ET2X-R-PreviousRawEdge-BilinearRGB,3.1612629890441895,32.31351667911075,8.926396369934082,12.720263481140137
127,leaves,ABL-ET2X-R-PreviousRawEdge-ResolvedRGB,3.0557618141174316,32.8179941610063,8.446481704711914,11.748246192932129
127,leaves,ABL-ET2X-R-PreviousRawEdge-CatmullRomRGB,2.9841959476470947,32.89124208199051,8.903383255004883,12.394380569458008
128,seams,O-T2X-R,1.504638671875,36.842661115934604,1.798879861831665,2.6751725673675537
128,seams,ABL-ET2X-R-PreviousRawEdge-BilinearRGB,1.3974283933639526,35.78333462790012,1.8025010824203491,2.1637065410614014
128,seams,ABL-ET2X-R-PreviousRawEdge-ResolvedRGB,1.3874837160110474,35.976210499676114,1.7623119354248047,2.0526270866394043
128,seams,ABL-ET2X-R-PreviousRawEdge-CatmullRomRGB,1.368017554283142,36.118704477468214,1.794942855834961,2.0622975826263428
128,thin-seam,O-T2X-R,1.5536566972732544,37.78494474238217,2.124272346496582,3.15571665763855
128,thin-seam,ABL-ET2X-R-PreviousRawEdge-BilinearRGB,1.2343207597732544,37.63490966816134,1.961316704750061,2.4838078022003174
128,thin-seam,ABL-ET2X-R-PreviousRawEdge-ResolvedRGB,1.1219618320465088,39.116132945846864,1.9038176536560059,2.1625657081604004
128,thin-seam,ABL-ET2X-R-PreviousRawEdge-CatmullRomRGB,1.12060546875,39.29055031486569,1.9420310258865356,2.176910400390625
128,leaves,O-T2X-R,3.1214680671691895,32.872060667968995,8.056727409362793,10.379654884338379
128,leaves,ABL-ET2X-R-PreviousRawEdge-BilinearRGB,3.2177083492279053,32.06891511103025,9.020162582397461,12.895889282226562
128,leaves,ABL-ET2X-R-PreviousRawEdge-ResolvedRGB,3.1089680194854736,32.549351046693886,8.516632080078125,11.879830360412598
128,leaves,ABL-ET2X-R-PreviousRawEdge-CatmullRomRGB,3.0416667461395264,32.620932481660574,9.008671760559082,12.5855712890625
129,seams,O-T2X-R,1.5722005367279053,36.57017309908801,1.7854318618774414,1.498904824256897
129,seams,ABL-ET2X-R-PreviousRawEdge-BilinearRGB,1.3766926527023315,37.02980790704639,1.7551584243774414,1.9242016077041626
129,seams,ABL-ET2X-R-PreviousRawEdge-ResolvedRGB,1.3301920890808105,37.68276702854249,1.6962569952011108,1.8802454471588135
129,seams,ABL-ET2X-R-PreviousRawEdge-CatmullRomRGB,1.3091145753860474,37.8756783213816,1.7313083410263062,1.8949518203735352
129,thin-seam,O-T2X-R,1.7363823652267456,35.788242157800866,2.174590826034546,1.6232481002807617
129,thin-seam,ABL-ET2X-R-PreviousRawEdge-BilinearRGB,1.1436631679534912,39.08937264475766,1.9945348501205444,2.1541378498077393
129,thin-seam,ABL-ET2X-R-PreviousRawEdge-ResolvedRGB,1.0912001132965088,39.80920153338357,2.0379750728607178,2.199913740158081
129,thin-seam,ABL-ET2X-R-PreviousRawEdge-CatmullRomRGB,1.0811089277267456,39.93066157841673,2.0885274410247803,2.2118403911590576
129,leaves,O-T2X-R,3.3651692867279053,32.28141741649593,7.696767330169678,11.283381462097168
129,leaves,ABL-ET2X-R-PreviousRawEdge-BilinearRGB,3.276416063308716,31.889233581424598,8.843785285949707,12.759140014648438
129,leaves,ABL-ET2X-R-PreviousRawEdge-ResolvedRGB,3.146744728088379,32.446903061495064,8.35307502746582,11.774551391601562
129,leaves,ABL-ET2X-R-PreviousRawEdge-CatmullRomRGB,3.0906901359558105,32.47903808905822,8.851573944091797,12.528182983398438
130,seams,O-T2X-R,1.549707055091858,37.296808570046494,1.9568392038345337,2.9627528190612793
130,seams,ABL-ET2X-R-PreviousRawEdge-BilinearRGB,1.3998209238052368,37.400240282478954,1.7225555181503296,1.9701156616210938
130,seams,ABL-ET2X-R-PreviousRawEdge-ResolvedRGB,1.3933430910110474,37.731430391508866,1.7319780588150024,1.9380075931549072
130,seams,ABL-ET2X-R-PreviousRawEdge-CatmullRomRGB,1.380029320716858,37.64143262208519,1.7620426416397095,1.9498211145401
130,thin-seam,O-T2X-R,1.6342231035232544,38.20092158681647,2.432396650314331,3.5377092361450195
130,thin-seam,ABL-ET2X-R-PreviousRawEdge-BilinearRGB,1.3496636152267456,38.07776109374046,1.9727458953857422,2.0359370708465576
130,thin-seam,ABL-ET2X-R-PreviousRawEdge-ResolvedRGB,1.3674588203430176,38.12357605110351,1.9885133504867554,2.17968487739563
130,thin-seam,ABL-ET2X-R-PreviousRawEdge-CatmullRomRGB,1.3399522304534912,38.12576436095095,2.0394303798675537,2.199989080429077
130,leaves,O-T2X-R,3.0663411617279053,33.032515235990736,7.864477634429932,10.020315170288086
130,leaves,ABL-ET2X-R-PreviousRawEdge-BilinearRGB,3.2009928226470947,32.07566127355404,8.699604034423828,12.590147972106934
130,leaves,ABL-ET2X-R-PreviousRawEdge-ResolvedRGB,3.0848796367645264,32.638317796918614,8.244134902954102,11.654373168945312
130,leaves,ABL-ET2X-R-PreviousRawEdge-CatmullRomRGB,3.0239908695220947,32.65937266371604,8.720367431640625,12.392359733581543
131,seams,O-T2X-R,1.6752440929412842,35.226156872733505,1.7873270511627197,1.6120678186416626
131,seams,ABL-ET2X-R-PreviousRawEdge-BilinearRGB,1.4948893785476685,35.438213314513,1.856231927871704,1.9915634393692017
131,seams,ABL-ET2X-R-PreviousRawEdge-ResolvedRGB,1.4933431148529053,35.62972982749696,1.7786144018173218,2.0680112838745117
131,seams,ABL-ET2X-R-PreviousRawEdge-CatmullRomRGB,1.4830892086029053,35.51340170418331,1.8143984079360962,2.0792136192321777
131,thin-seam,O-T2X-R,1.5330946445465088,37.53913668080928,2.238879680633545,2.0432779788970947
131,thin-seam,ABL-ET2X-R-PreviousRawEdge-BilinearRGB,1.4417318105697632,36.703925068489525,2.176567316055298,2.280008554458618
131,thin-seam,ABL-ET2X-R-PreviousRawEdge-ResolvedRGB,1.4069552421569824,37.32661907285117,2.130549669265747,2.4408445358276367
131,thin-seam,ABL-ET2X-R-PreviousRawEdge-CatmullRomRGB,1.388671875,37.16204278441683,2.1693642139434814,2.4541304111480713
131,leaves,O-T2X-R,3.383268117904663,32.28446617661441,7.676830291748047,11.108174324035645
131,leaves,ABL-ET2X-R-PreviousRawEdge-BilinearRGB,3.244368553161621,32.00805409704676,8.597793579101562,12.360218048095703
131,leaves,ABL-ET2X-R-PreviousRawEdge-ResolvedRGB,3.126985788345337,32.48396186126098,8.171590805053711,11.46229076385498
131,leaves,ABL-ET2X-R-PreviousRawEdge-CatmullRomRGB,3.061539649963379,32.532576835112906,8.631650924682617,12.16504192352295
132,seams,O-T2X-R,1.7177083492279053,35.45732162399268,1.9397109746932983,2.822856903076172
132,seams,ABL-ET2X-R-PreviousRawEdge-BilinearRGB,1.2844889163970947,39.05258201128758,2.036710262298584,2.344639301300049
132,seams,ABL-ET2X-R-PreviousRawEdge-ResolvedRGB,1.2450846433639526,39.40190322375106,1.9440419673919678,2.2572646141052246
132,seams,ABL-ET2X-R-PreviousRawEdge-CatmullRomRGB,1.2235188484191895,39.6971961842551,1.9786388874053955,2.2752318382263184
132,thin-seam,O-T2X-R,1.7531466484069824,35.854458226313255,2.302020311355591,3.441650390625
132,thin-seam,ABL-ET2X-R-PreviousRawEdge-BilinearRGB,1.3139106035232544,39.0795703546232,2.429943799972534,2.7311437129974365
132,thin-seam,ABL-ET2X-R-PreviousRawEdge-ResolvedRGB,1.26904296875,39.60841471484213,2.2977335453033447,2.64370059967041
132,thin-seam,ABL-ET2X-R-PreviousRawEdge-CatmullRomRGB,1.2555880546569824,39.57917699520857,2.3459863662719727,2.661188840866089
132,leaves,O-T2X-R,3.0845704078674316,32.88005190265321,7.7581467628479,9.978002548217773
132,leaves,ABL-ET2X-R-PreviousRawEdge-BilinearRGB,3.2505533695220947,31.847529865306967,8.655057907104492,12.322837829589844
132,leaves,ABL-ET2X-R-PreviousRawEdge-ResolvedRGB,3.143050193786621,32.30319782794865,8.214150428771973,11.421072959899902
132,leaves,ABL-ET2X-R-PreviousRawEdge-CatmullRomRGB,3.0762531757354736,32.35674042992738,8.65748405456543,12.109552383422852
133,seams,O-T2X-R,1.5562174320220947,36.95676346990138,1.8018443584442139,1.4803540706634521
133,seams,ABL-ET2X-R-PreviousRawEdge-BilinearRGB,1.4949055910110474,36.74777150630412,1.8845367431640625,2.0122523307800293
133,seams,ABL-ET2X-R-PreviousRawEdge-ResolvedRGB,1.4407552480697632,37.401704431560105,1.7786977291107178,1.8900668621063232
133,seams,ABL-ET2X-R-PreviousRawEdge-CatmullRomRGB,1.429931640625,37.406577629192405,1.804250717163086,1.9105781316757202
133,thin-seam,O-T2X-R,1.6183267831802368,36.915140201531614,1.9061952829360962,1.6952131986618042
133,thin-seam,ABL-ET2X-R-PreviousRawEdge-BilinearRGB,1.6681857109069824,35.134451018320554,2.275181770324707,2.5223963260650635
133,thin-seam,ABL-ET2X-R-PreviousRawEdge-ResolvedRGB,1.6093207597732544,35.99851219213246,2.124659299850464,2.3869731426239014
133,thin-seam,ABL-ET2X-R-PreviousRawEdge-CatmullRomRGB,1.5881619453430176,35.94294595495281,2.1651270389556885,2.398393392562866
133,leaves,O-T2X-R,3.3746094703674316,32.21417671643047,7.611361503601074,10.941509246826172
133,leaves,ABL-ET2X-R-PreviousRawEdge-BilinearRGB,3.1866374015808105,32.0042360390825,8.62015151977539,12.254515647888184
133,leaves,ABL-ET2X-R-PreviousRawEdge-ResolvedRGB,3.092529296875,32.47166288173269,8.188913345336914,11.36950969696045
133,leaves,ABL-ET2X-R-PreviousRawEdge-CatmullRomRGB,3.0260417461395264,32.519941153693914,8.651250839233398,12.05286979675293
134,seams,O-T2X-R,1.5741536617279053,37.54568846549684,1.9174554347991943,2.9298627376556396
134,seams,ABL-ET2X-R-PreviousRawEdge-BilinearRGB,1.3998209238052368,36.88606806003379,1.8430315256118774,2.2967658042907715
134,seams,ABL-ET2X-R-PreviousRawEdge-ResolvedRGB,1.3779133558273315,36.98649542804229,1.8117139339447021,2.193469524383545
134,seams,ABL-ET2X-R-PreviousRawEdge-CatmullRomRGB,1.3580728769302368,37.18598525771797,1.8345028162002563,2.1947381496429443
134,thin-seam,O-T2X-R,1.6654188632965088,37.35845365599331,2.1320128440856934,3.0894734859466553
134,thin-seam,ABL-ET2X-R-PreviousRawEdge-BilinearRGB,1.3580186367034912,38.159384021145456,2.3085978031158447,2.9007720947265625
134,thin-seam,ABL-ET2X-R-PreviousRawEdge-ResolvedRGB,1.3390841484069824,38.41275007250483,2.2206552028656006,2.699650764465332
134,thin-seam,ABL-ET2X-R-PreviousRawEdge-CatmullRomRGB,1.2901475429534912,38.929350479904954,2.2593774795532227,2.7178328037261963
134,leaves,O-T2X-R,3.033675193786621,33.08769483839018,7.83913516998291,9.83632755279541
134,leaves,ABL-ET2X-R-PreviousRawEdge-BilinearRGB,3.1665689945220947,32.06621318144578,8.798331260681152,12.226569175720215
134,leaves,ABL-ET2X-R-PreviousRawEdge-ResolvedRGB,3.071093797683716,32.517724210466646,8.375301361083984,11.357010841369629
134,leaves,ABL-ET2X-R-PreviousRawEdge-CatmullRomRGB,3.005826711654663,32.552513640369966,8.847082138061523,12.05493450164795
135,seams,O-T2X-R,1.5777018070220947,36.96732728572115,1.7546989917755127,1.609264612197876
135,seams,ABL-ET2X-R-PreviousRawEdge-BilinearRGB,1.407617211341858,38.25430659868379,1.9807809591293335,2.2139573097229004
135,seams,ABL-ET2X-R-PreviousRawEdge-ResolvedRGB,1.4147298336029053,38.25028713912349,1.9591633081436157,2.2204830646514893
135,seams,ABL-ET2X-R-PreviousRawEdge-CatmullRomRGB,1.3826823234558105,38.547993317656484,1.9906432628631592,2.2384684085845947
135,thin-seam,O-T2X-R,1.7739800214767456,35.76865339804294,2.205026865005493,1.6593437194824219
135,thin-seam,ABL-ET2X-R-PreviousRawEdge-BilinearRGB,1.5191514492034912,36.940073377211874,2.2688896656036377,2.491070032119751
135,thin-seam,ABL-ET2X-R-PreviousRawEdge-ResolvedRGB,1.5333658456802368,37.05058615711473,2.269078016281128,2.5466997623443604
135,thin-seam,ABL-ET2X-R-PreviousRawEdge-CatmullRomRGB,1.5084092617034912,37.35683661810281,2.313060760498047,2.558616876602173
135,leaves,O-T2X-R,3.3160970211029053,32.43850326827062,7.736297607421875,10.945788383483887
135,leaves,ABL-ET2X-R-PreviousRawEdge-BilinearRGB,3.1901204586029053,32.09102133726467,8.878294944763184,12.404035568237305
135,leaves,ABL-ET2X-R-PreviousRawEdge-ResolvedRGB,3.0987141132354736,32.546161448045396,8.422811508178711,11.493078231811523
135,leaves,ABL-ET2X-R-PreviousRawEdge-CatmullRomRGB,3.0323405265808105,32.59032907603876,8.890978813171387,12.195594787597656
136,seams,O-T2X-R,1.691308617591858,35.40172581036639,1.8974319696426392,2.813737154006958
136,seams,ABL-ET2X-R-PreviousRawEdge-BilinearRGB,1.5103840827941895,37.3168169833906,1.842129111289978,1.8804314136505127
136,seams,ABL-ET2X-R-PreviousRawEdge-ResolvedRGB,1.5139323472976685,37.276636397686154,1.7537931203842163,1.967681884765625
136,seams,ABL-ET2X-R-PreviousRawEdge-CatmullRomRGB,1.481201171875,37.60852865865203,1.7981202602386475,1.9806511402130127
136,thin-seam,O-T2X-R,1.6876084804534912,36.79831216173088,2.3687667846679688,3.614987373352051
136,thin-seam,ABL-ET2X-R-PreviousRawEdge-BilinearRGB,1.5750868320465088,36.59702242492737,2.10931134223938,2.253864288330078
136,thin-seam,ABL-ET2X-R-PreviousRawEdge-ResolvedRGB,1.5601128339767456,36.862830389923865,2.0055599212646484,2.3970329761505127
136,thin-seam,ABL-ET2X-R-PreviousRawEdge-CatmullRomRGB,1.5322265625,37.10206012873361,2.0510413646698,2.4029524326324463
136,leaves,O-T2X-R,3.0706543922424316,32.99517501123558,7.860363006591797,9.992561340332031
136,leaves,ABL-ET2X-R-PreviousRawEdge-BilinearRGB,3.1837565898895264,32.169036418018635,8.849408149719238,12.49385929107666
136,leaves,ABL-ET2X-R-PreviousRawEdge-ResolvedRGB,3.0735840797424316,32.684457628088175,8.385923385620117,11.574153900146484
136,leaves,ABL-ET2X-R-PreviousRawEdge-CatmullRomRGB,3.0174152851104736,32.71779474911812,8.868115425109863,12.275006294250488
137,seams,O-T2X-R,1.5398437976837158,36.80789595847371,1.7278430461883545,1.6236499547958374
137,seams,ABL-ET2X-R-PreviousRawEdge-BilinearRGB,1.4072754383087158,36.5571203180844,1.7912935018539429,2.0897011756896973
137,seams,ABL-ET2X-R-PreviousRawEdge-ResolvedRGB,1.4227213859558105,36.541860767770075,1.6944259405136108,1.9578336477279663
137,seams,ABL-ET2X-R-PreviousRawEdge-CatmullRomRGB,1.3878905773162842,36.81725730744419,1.7189466953277588,1.9872055053710938
137,thin-seam,O-T2X-R,1.6559244394302368,36.618592511043154,1.9364696741104126,1.7565540075302124
137,thin-seam,ABL-ET2X-R-PreviousRawEdge-BilinearRGB,1.35498046875,37.62970012126885,2.1922638416290283,2.452491044998169
137,thin-seam,ABL-ET2X-R-PreviousRawEdge-ResolvedRGB,1.4006619453430176,37.38317783111213,2.0507588386535645,2.3364527225494385
137,thin-seam,ABL-ET2X-R-PreviousRawEdge-CatmullRomRGB,1.3608940839767456,37.64511607005363,2.088566303253174,2.36250901222229
137,leaves,O-T2X-R,3.2784993648529053,32.41888220976137,7.624056816101074,10.756464958190918
137,leaves,ABL-ET2X-R-PreviousRawEdge-BilinearRGB,3.176969289779663,32.093252724744296,8.677888870239258,12.264699935913086
137,leaves,ABL-ET2X-R-PreviousRawEdge-ResolvedRGB,3.0526692867279053,32.673400936745914,8.216676712036133,11.33597469329834
137,leaves,ABL-ET2X-R-PreviousRawEdge-CatmullRomRGB,2.9928221702575684,32.71727649055626,8.697713851928711,12.068929672241211
138,seams,O-T2X-R,1.7756510972976685,34.61838210117976,1.9547134637832642,2.8986377716064453
138,seams,ABL-ET2X-R-PreviousRawEdge-BilinearRGB,1.369384765625,38.36135012473564,1.9399734735488892,2.233123540878296
138,seams,ABL-ET2X-R-PreviousRawEdge-ResolvedRGB,1.3726725578308105,38.51403657699316,1.9444679021835327,2.1770949363708496
138,seams,ABL-ET2X-R-PreviousRawEdge-CatmullRomRGB,1.3417479991912842,38.889752803964996,1.9731277227401733,2.1832361221313477
138,thin-seam,O-T2X-R,1.8476020097732544,35.60601044535665,2.364335536956787,3.351416826248169
138,thin-seam,ABL-ET2X-R-PreviousRawEdge-BilinearRGB,1.2736544609069824,39.43399291779339,2.283327341079712,2.4787209033966064
138,thin-seam,ABL-ET2X-R-PreviousRawEdge-ResolvedRGB,1.2418619394302368,40.047659324010425,2.266556978225708,2.466001510620117
138,thin-seam,ABL-ET2X-R-PreviousRawEdge-CatmullRomRGB,1.2269965410232544,40.42543159453234,2.3130533695220947,2.474506139755249
138,leaves,O-T2X-R,3.0293946266174316,33.1107844512121,7.683701515197754,9.698923110961914
138,leaves,ABL-ET2X-R-PreviousRawEdge-BilinearRGB,3.130338430404663,32.23071888858784,8.542579650878906,12.034045219421387
138,leaves,ABL-ET2X-R-PreviousRawEdge-ResolvedRGB,2.9954752922058105,32.80507596323674,8.099932670593262,11.111502647399902
138,leaves,ABL-ET2X-R-PreviousRawEdge-CatmullRomRGB,2.9518229961395264,32.8298450484279,8.542859077453613,11.805274963378906
139,seams,O-T2X-R,1.5880208015441895,37.27871567706736,1.8644468784332275,1.5697520971298218
139,seams,ABL-ET2X-R-PreviousRawEdge-BilinearRGB,1.4136881828308105,37.67189087380221,1.9227726459503174,1.890424370765686
139,seams,ABL-ET2X-R-PreviousRawEdge-ResolvedRGB,1.4164550304412842,37.876818083303725,1.7218955755233765,1.9144703149795532
139,seams,ABL-ET2X-R-PreviousRawEdge-CatmullRomRGB,1.3803385496139526,38.218312018445594,1.7597007751464844,1.9273630380630493
139,thin-seam,O-T2X-R,1.6012369394302368,38.43094057420442,2.3325564861297607,1.8472453355789185
139,thin-seam,ABL-ET2X-R-PreviousRawEdge-BilinearRGB,1.39111328125,37.89833703655699,2.1958470344543457,2.0385193824768066
139,thin-seam,ABL-ET2X-R-PreviousRawEdge-ResolvedRGB,1.2935112714767456,39.79393548250859,1.8816862106323242,2.043627977371216
139,thin-seam,ABL-ET2X-R-PreviousRawEdge-CatmullRomRGB,1.2737088203430176,39.95411858096879,1.9329465627670288,2.048953056335449
139,leaves,O-T2X-R,3.310091257095337,32.39274197864524,7.6463799476623535,10.768411636352539
139,leaves,ABL-ET2X-R-PreviousRawEdge-BilinearRGB,3.06396484375,32.43139407871202,8.599555969238281,12.195930480957031
139,leaves,ABL-ET2X-R-PreviousRawEdge-ResolvedRGB,2.963574171066284,32.914805324086146,8.141477584838867,11.286077499389648
139,leaves,ABL-ET2X-R-PreviousRawEdge-CatmullRomRGB,2.9210774898529053,32.93273959811172,8.55577278137207,11.901815414428711
140,seams,O-T2X-R,1.645751953125,37.34058774302445,1.820157766342163,2.7602250576019287
140,seams,ABL-ET2X-R-PreviousRawEdge-BilinearRGB,1.3833333253860474,37.469947735531896,1.9828388690948486,2.383077383041382
140,seams,ABL-ET2X-R-PreviousRawEdge-ResolvedRGB,1.3745768070220947,37.77546408020782,1.9669513702392578,2.230316638946533
140,seams,ABL-ET2X-R-PreviousRawEdge-CatmullRomRGB,1.3447591066360474,38.00410599893939,2.002328395843506,2.257209062576294
140,thin-seam,O-T2X-R,1.8654513359069824,36.624984776347716,2.3242123126983643,3.493154764175415
140,thin-seam,ABL-ET2X-R-PreviousRawEdge-BilinearRGB,1.2357313632965088,39.63738418271516,2.373981237411499,2.9343738555908203
140,thin-seam,ABL-ET2X-R-PreviousRawEdge-ResolvedRGB,1.2231987714767456,40.2222062631295,2.365612745285034,2.589423418045044
140,thin-seam,ABL-ET2X-R-PreviousRawEdge-CatmullRomRGB,1.2000325918197632,40.505575908328055,2.4135324954986572,2.628180742263794
140,leaves,O-T2X-R,2.9541015625,33.37806525013957,7.712419033050537,9.918160438537598
140,leaves,ABL-ET2X-R-PreviousRawEdge-BilinearRGB,3.0738933086395264,32.28700542627906,8.53707218170166,12.332138061523438
140,leaves,ABL-ET2X-R-PreviousRawEdge-ResolvedRGB,2.9795734882354736,32.786730803451135,8.105148315429688,11.40327262878418
140,leaves,ABL-ET2X-R-PreviousRawEdge-CatmullRomRGB,2.921630859375,32.80766295011954,8.52363109588623,12.039158821105957
141,seams,O-T2X-R,1.6310709714889526,37.255765780894215,1.9101645946502686,1.568172812461853
141,seams,ABL-ET2X-R-PreviousRawEdge-BilinearRGB,1.425146460533142,37.83680062926776,1.7926504611968994,2.0840015411376953
141,seams,ABL-ET2X-R-PreviousRawEdge-ResolvedRGB,1.3547199964523315,38.81135745044241,1.7408326864242554,2.0879435539245605
141,seams,ABL-ET2X-R-PreviousRawEdge-CatmullRomRGB,1.3439615964889526,38.822309413465895,1.777536392211914,2.099557876586914
141,thin-seam,O-T2X-R,1.6596137285232544,37.61350181037446,2.334506034851074,1.850441813468933
141,thin-seam,ABL-ET2X-R-PreviousRawEdge-BilinearRGB,1.4517143964767456,37.52136713907653,2.154534339904785,2.4600236415863037
141,thin-seam,ABL-ET2X-R-PreviousRawEdge-ResolvedRGB,1.4115126132965088,38.46610143312239,2.116342782974243,2.5194168090820312
141,thin-seam,ABL-ET2X-R-PreviousRawEdge-CatmullRomRGB,1.3744032382965088,38.71700178195048,2.1966190338134766,2.5228617191314697
141,leaves,O-T2X-R,3.230257272720337,32.629677123565386,7.6381354331970215,11.001869201660156
141,leaves,ABL-ET2X-R-PreviousRawEdge-BilinearRGB,3.058577537536621,32.40289457295863,8.652536392211914,12.294839859008789
141,leaves,ABL-ET2X-R-PreviousRawEdge-ResolvedRGB,2.962386131286621,32.890019662723,8.228631019592285,11.398597717285156
141,leaves,ABL-ET2X-R-PreviousRawEdge-CatmullRomRGB,2.9026856422424316,32.927429123372264,8.672341346740723,12.083627700805664
142,seams,O-T2X-R,1.7918620109558105,35.9728929679159,2.0927062034606934,3.0167644023895264
142,seams,ABL-ET2X-R-PreviousRawEdge-BilinearRGB,1.3635904788970947,37.868119642043844,1.8922970294952393,2.0766777992248535
142,seams,ABL-ET2X-R-PreviousRawEdge-ResolvedRGB,1.366796851158142,38.01630255349948,1.8077890872955322,1.994842290878296
142,seams,ABL-ET2X-R-PreviousRawEdge-CatmullRomRGB,1.3371745347976685,38.084483681554026,1.8263717889785767,1.9967148303985596
142,thin-seam,O-T2X-R,1.9478081464767456,34.97711871091202,2.5105106830596924,3.4540233612060547
142,thin-seam,ABL-ET2X-R-PreviousRawEdge-BilinearRGB,1.2390408515930176,39.29581589083276,2.15680193901062,2.3378002643585205
142,thin-seam,ABL-ET2X-R-PreviousRawEdge-ResolvedRGB,1.2558051347732544,39.27433177796585,1.9778871536254883,2.2778797149658203
142,thin-seam,ABL-ET2X-R-PreviousRawEdge-CatmullRomRGB,1.2299262285232544,39.31162004837621,2.0083916187286377,2.3135128021240234
142,leaves,O-T2X-R,2.867952585220337,33.71468313932776,7.7911224365234375,9.938249588012695
142,leaves,ABL-ET2X-R-PreviousRawEdge-BilinearRGB,3.0369629859924316,32.45601560213758,8.687843322753906,12.473772048950195
142,leaves,ABL-ET2X-R-PreviousRawEdge-ResolvedRGB,2.9424967765808105,32.92410737660004,8.24386978149414,11.604269027709961
142,leaves,ABL-ET2X-R-PreviousRawEdge-CatmullRomRGB,2.8978352546691895,32.92488723662917,8.704954147338867,12.298505783081055
143,seams,O-T2X-R,1.595312476158142,36.675111114181085,2.0225980281829834,1.8908379077911377
143,seams,ABL-ET2X-R-PreviousRawEdge-BilinearRGB,1.4755533933639526,36.785685180926805,2.056147575378418,2.353654384613037
143,seams,ABL-ET2X-R-PreviousRawEdge-ResolvedRGB,1.4362467527389526,37.32570472430094,2.0482897758483887,2.327282667160034
143,seams,ABL-ET2X-R-PreviousRawEdge-CatmullRomRGB,1.405126929283142,37.32537612892226,2.0828821659088135,2.3402369022369385
143,thin-seam,O-T2X-R,1.7922635078430176,35.7022681329789,2.3011653423309326,2.2278850078582764
143,thin-seam,ABL-ET2X-R-PreviousRawEdge-BilinearRGB,1.4120008945465088,37.51199878435053,2.4010446071624756,2.8036487102508545
143,thin-seam,ABL-ET2X-R-PreviousRawEdge-ResolvedRGB,1.3766818046569824,38.40247879567363,2.47855544090271,2.8242337703704834
143,thin-seam,ABL-ET2X-R-PreviousRawEdge-CatmullRomRGB,1.3627387285232544,38.273310150509005,2.528381586074829,2.837275743484497
143,leaves,O-T2X-R,3.1937499046325684,32.75716352876039,7.563031196594238,10.908578872680664
143,leaves,ABL-ET2X-R-PreviousRawEdge-BilinearRGB,3.053694725036621,32.43854525811919,8.635273933410645,12.53322982788086
143,leaves,ABL-ET2X-R-PreviousRawEdge-ResolvedRGB,2.963623046875,32.8827255159401,8.224088668823242,11.656431198120117
143,leaves,ABL-ET2X-R-PreviousRawEdge-CatmullRomRGB,2.919156789779663,32.873568860262395,8.699029922485352,12.384729385375977
144,seams,O-T2X-R,1.790283203125,34.69804188167147,1.887243628501892,3.0530285835266113
144,seams,ABL-ET2X-R-PreviousRawEdge-BilinearRGB,1.3639973402023315,37.76317141150518,1.7921192646026611,2.0734262466430664
144,seams,ABL-ET2X-R-PreviousRawEdge-ResolvedRGB,1.3398600816726685,38.125201771930904,1.6531164646148682,2.070249080657959
144,seams,ABL-ET2X-R-PreviousRawEdge-CatmullRomRGB,1.328857421875,37.89548581615074,1.6812992095947266,2.083906650543213
144,thin-seam,O-T2X-R,1.7815755605697632,36.143153081137996,2.103802442550659,3.3873674869537354
144,thin-seam,ABL-ET2X-R-PreviousRawEdge-BilinearRGB,1.3161892890930176,38.06904109615956,2.1861464977264404,2.3447139263153076
144,thin-seam,ABL-ET2X-R-PreviousRawEdge-ResolvedRGB,1.3289388418197632,38.32166532689168,1.9205836057662964,2.444817066192627
144,thin-seam,ABL-ET2X-R-PreviousRawEdge-CatmullRomRGB,1.2844510078430176,38.23209050948901,1.980617880821228,2.4593265056610107
144,leaves,O-T2X-R,2.9522461891174316,33.46152424918597,7.631982326507568,9.76621150970459
144,leaves,ABL-ET2X-R-PreviousRawEdge-BilinearRGB,3.1666502952575684,31.98185026723618,8.590272903442383,12.227781295776367
144,leaves,ABL-ET2X-R-PreviousRawEdge-ResolvedRGB,3.0794758796691895,32.42457790801084,8.202009201049805,11.450718879699707
144,leaves,ABL-ET2X-R-PreviousRawEdge-CatmullRomRGB,3.025683641433716,32.43225042117855,8.670023918151855,12.186967849731445
145,seams,O-T2X-R,1.7957193851470947,34.77980776972007,1.732961654663086,1.671838402748108
145,seams,ABL-ET2X-R-PreviousRawEdge-BilinearRGB,1.4594563245773315,36.53320648537146,1.9015567302703857,2.1200337409973145
145,seams,ABL-ET2X-R-PreviousRawEdge-ResolvedRGB,1.4666829109191895,36.64395469420447,1.8857921361923218,2.003878116607666
145,seams,ABL-ET2X-R-PreviousRawEdge-CatmullRomRGB,1.4399250745773315,36.56416181029076,1.9032032489776611,2.0052027702331543
145,thin-seam,O-T2X-R,1.8883463144302368,34.42279274284657,2.096759557723999,1.812270164489746
145,thin-seam,ABL-ET2X-R-PreviousRawEdge-BilinearRGB,1.4028862714767456,37.37293501514137,2.2322652339935303,2.572601318359375
145,thin-seam,ABL-ET2X-R-PreviousRawEdge-ResolvedRGB,1.3914930820465088,37.84102827683412,2.174220085144043,2.3432233333587646
145,thin-seam,ABL-ET2X-R-PreviousRawEdge-CatmullRomRGB,1.373046875,37.57021265057945,2.2021484375,2.358908176422119
145,leaves,O-T2X-R,3.148714303970337,32.87652752435979,7.396415710449219,10.497604370117188
145,leaves,ABL-ET2X-R-PreviousRawEdge-BilinearRGB,3.1336426734924316,32.14261553382644,8.393518447875977,11.94745922088623
145,leaves,ABL-ET2X-R-PreviousRawEdge-ResolvedRGB,3.0353026390075684,32.60946878543512,7.99429988861084,11.157100677490234
145,leaves,ABL-ET2X-R-PreviousRawEdge-CatmullRomRGB,2.9815104007720947,32.61367575933778,8.467342376708984,11.897744178771973
146,seams,O-T2X-R,1.8023600578308105,35.198037776846284,1.863539457321167,2.8514227867126465
146,seams,ABL-ET2X-R-PreviousRawEdge-BilinearRGB,1.4570801258087158,36.82764908519833,2.065014600753784,2.197869062423706
146,seams,ABL-ET2X-R-PreviousRawEdge-ResolvedRGB,1.4161946773529053,37.30566706197712,1.992231011390686,2.1910502910614014
146,seams,ABL-ET2X-R-PreviousRawEdge-CatmullRomRGB,1.3844563961029053,37.5167072229498,2.035309314727783,2.208561658859253
146,thin-seam,O-T2X-R,1.9660372734069824,34.488091340940045,2.2502496242523193,3.459260940551758
146,thin-seam,ABL-ET2X-R-PreviousRawEdge-BilinearRGB,1.4211153984069824,37.33365363648375,2.4734909534454346,2.82643723487854
146,thin-seam,ABL-ET2X-R-PreviousRawEdge-ResolvedRGB,1.3618706464767456,38.27165456734948,2.432619094848633,2.8491318225860596
146,thin-seam,ABL-ET2X-R-PreviousRawEdge-CatmullRomRGB,1.3251953125,38.61590237341623,2.4934158325195312,2.859682083129883
146,leaves,O-T2X-R,2.963395118713379,33.27990721682873,7.6098222732543945,9.413351058959961
146,leaves,ABL-ET2X-R-PreviousRawEdge-BilinearRGB,3.0955240726470947,32.15549972747249,8.280683517456055,11.41010570526123
146,leaves,ABL-ET2X-R-PreviousRawEdge-ResolvedRGB,2.9653971195220947,32.75635121002604,7.895215034484863,10.629812240600586
146,leaves,ABL-ET2X-R-PreviousRawEdge-CatmullRomRGB,2.9117839336395264,32.78862894613263,8.320408821105957,11.317214965820312
147,seams,O-T2X-R,1.5803059339523315,36.59272443101243,1.8164554834365845,1.4442827701568604
147,seams,ABL-ET2X-R-PreviousRawEdge-BilinearRGB,1.3048665523529053,38.314538907001634,1.846535086631775,2.1239986419677734
147,seams,ABL-ET2X-R-PreviousRawEdge-ResolvedRGB,1.3234374523162842,38.36529495050367,1.7775300741195679,2.0995969772338867
147,seams,ABL-ET2X-R-PreviousRawEdge-CatmullRomRGB,1.2867025136947632,38.558737036801446,1.8057712316513062,2.0992157459259033
147,thin-seam,O-T2X-R,1.5196939706802368,38.109063371241604,2.138357400894165,1.6597312688827515
147,thin-seam,ABL-ET2X-R-PreviousRawEdge-BilinearRGB,1.4226346015930176,36.7829446270577,2.1600770950317383,2.2992889881134033
147,thin-seam,ABL-ET2X-R-PreviousRawEdge-ResolvedRGB,1.4146592617034912,37.356757948017226,1.9582206010818481,2.2247798442840576
147,thin-seam,ABL-ET2X-R-PreviousRawEdge-CatmullRomRGB,1.3981119394302368,37.17892852628224,2.017387628555298,2.2297770977020264
147,leaves,O-T2X-R,3.2108561992645264,32.70347491225595,7.486830234527588,10.398012161254883
147,leaves,ABL-ET2X-R-PreviousRawEdge-BilinearRGB,3.0357747077941895,32.38146003619411,8.45116901397705,11.552366256713867
147,leaves,ABL-ET2X-R-PreviousRawEdge-ResolvedRGB,2.9158527851104736,32.98224874675811,8.003508567810059,10.687243461608887
147,leaves,ABL-ET2X-R-PreviousRawEdge-CatmullRomRGB,2.8614420890808105,33.01400388558408,8.415767669677734,11.301913261413574
148,seams,O-T2X-R,1.7082030773162842,36.623498962955196,2.0871753692626953,3.101017475128174
148,seams,ABL-ET2X-R-PreviousRawEdge-BilinearRGB,1.572412133216858,36.65227489310634,2.219578266143799,2.465142011642456
148,seams,ABL-ET2X-R-PreviousRawEdge-ResolvedRGB,1.5506998300552368,37.01401048209749,2.2142891883850098,2.461182117462158
148,seams,ABL-ET2X-R-PreviousRawEdge-CatmullRomRGB,1.5219889879226685,37.14582521929105,2.2492408752441406,2.4915385246276855
148,thin-seam,O-T2X-R,1.7112630605697632,37.36949296851354,2.400395154953003,3.5144405364990234
148,thin-seam,ABL-ET2X-R-PreviousRawEdge-BilinearRGB,1.39111328125,39.5954545078572,2.95623779296875,3.3165194988250732
148,thin-seam,ABL-ET2X-R-PreviousRawEdge-ResolvedRGB,1.4216036796569824,39.45283181863096,2.9800891876220703,3.2547194957733154
148,thin-seam,ABL-ET2X-R-PreviousRawEdge-CatmullRomRGB,1.3873697519302368,39.697632239503506,3.0338151454925537,3.3049514293670654
148,leaves,O-T2X-R,2.929215431213379,33.43428737817949,7.634305000305176,9.544205665588379
148,leaves,ABL-ET2X-R-PreviousRawEdge-BilinearRGB,2.970735788345337,32.537949731012006,8.505868911743164,11.914610862731934
148,leaves,ABL-ET2X-R-PreviousRawEdge-ResolvedRGB,2.8778319358825684,33.08814848326448,8.063669204711914,10.985237121582031
148,leaves,ABL-ET2X-R-PreviousRawEdge-CatmullRomRGB,2.8138020038604736,33.11795506081324,8.481949806213379,11.600617408752441
149,seams,O-T2X-R,1.5748372077941895,37.69629814340433,1.9917093515396118,1.5987749099731445
149,seams,ABL-ET2X-R-PreviousRawEdge-BilinearRGB,1.360693335533142,37.36160453603188,1.9016942977905273,2.267850637435913
149,seams,ABL-ET2X-R-PreviousRawEdge-ResolvedRGB,1.3329914808273315,37.44803290972523,1.7765753269195557,2.3409645557403564
149,seams,ABL-ET2X-R-PreviousRawEdge-CatmullRomRGB,1.3059732913970947,37.702525592989446,1.8189704418182373,2.346698045730591
149,thin-seam,O-T2X-R,1.5661892890930176,38.6581025322258,2.2052114009857178,1.6633930206298828
149,thin-seam,ABL-ET2X-R-PreviousRawEdge-BilinearRGB,1.2917208671569824,37.831978926521806,2.3129756450653076,2.785737991333008
149,thin-seam,ABL-ET2X-R-PreviousRawEdge-ResolvedRGB,1.2753363847732544,37.804134338478875,2.0864202976226807,2.93867564201355
149,thin-seam,ABL-ET2X-R-PreviousRawEdge-CatmullRomRGB,1.22265625,38.43503266394255,2.1704447269439697,2.916667938232422
149,leaves,O-T2X-R,3.1822428703308105,32.69246447938856,7.564486503601074,10.643365859985352
149,leaves,ABL-ET2X-R-PreviousRawEdge-BilinearRGB,2.9637858867645264,32.61375296400453,8.546725273132324,12.036319732666016
149,leaves,ABL-ET2X-R-PreviousRawEdge-ResolvedRGB,2.8728678226470947,33.149051517903345,8.093542098999023,11.11534309387207
149,leaves,ABL-ET2X-R-PreviousRawEdge-CatmullRomRGB,2.819108009338379,33.18029063412405,8.526597023010254,11.768672943115234
150,seams,O-T2X-R,1.6128093004226685,37.679669308004634,2.1332736015319824,3.2160472869873047
150,seams,ABL-ET2X-R-PreviousRawEdge-BilinearRGB,1.3863931894302368,37.07141269665036,1.767682433128357,2.0241005420684814
150,seams,ABL-ET2X-R-PreviousRawEdge-ResolvedRGB,1.370947241783142,37.171038416623425,1.7160800695419312,1.8393110036849976
150,seams,ABL-ET2X-R-PreviousRawEdge-CatmullRomRGB,1.3495604991912842,37.36438864575126,1.7364552021026611,1.85325026512146
150,thin-seam,O-T2X-R,1.7440863847732544,38.48978647933125,2.7093257904052734,3.766648530960083
150,thin-seam,ABL-ET2X-R-PreviousRawEdge-BilinearRGB,1.3203667402267456,38.198408178578994,1.9678535461425781,2.4090960025787354
150,thin-seam,ABL-ET2X-R-PreviousRawEdge-ResolvedRGB,1.29052734375,38.493422014062865,1.8987592458724976,2.135518789291382
150,thin-seam,ABL-ET2X-R-PreviousRawEdge-CatmullRomRGB,1.29541015625,38.55538667354658,1.9269696474075317,2.182035207748413
150,leaves,O-T2X-R,2.875504493713379,33.523236817403856,7.6292924880981445,9.656855583190918
150,leaves,ABL-ET2X-R-PreviousRawEdge-BilinearRGB,2.935107469558716,32.644104672115205,8.588472366333008,12.091894149780273
150,leaves,ABL-ET2X-R-PreviousRawEdge-ResolvedRGB,2.8519206047058105,33.12087099982203,8.157505989074707,11.203190803527832
150,leaves,ABL-ET2X-R-PreviousRawEdge-CatmullRomRGB,2.803466796875,33.13756037733922,8.599039077758789,11.866314888000488
151,seams,O-T2X-R,1.7074706554412842,36.34441045694966,1.8484351634979248,1.6783359050750732
151,seams,ABL-ET2X-R-PreviousRawEdge-BilinearRGB,1.525488257408142,36.52343620749418,2.072382688522339,2.221942901611328
151,seams,ABL-ET2X-R-PreviousRawEdge-ResolvedRGB,1.4701659679412842,37.11646903454042,2.057546615600586,2.1946089267730713
151,seams,ABL-ET2X-R-PreviousRawEdge-CatmullRomRGB,1.4486979246139526,37.32797804649911,2.0927534103393555,2.20576810836792
151,thin-seam,O-T2X-R,1.6870659589767456,38.37026647674966,2.345458745956421,1.9682976007461548
151,thin-seam,ABL-ET2X-R-PreviousRawEdge-BilinearRGB,1.4055989980697632,37.839133323313455,2.40462589263916,2.5383663177490234
151,thin-seam,ABL-ET2X-R-PreviousRawEdge-ResolvedRGB,1.3537325859069824,38.74022859388815,2.3824970722198486,2.5541555881500244
151,thin-seam,ABL-ET2X-R-PreviousRawEdge-CatmullRomRGB,1.3221571445465088,39.23821227000072,2.4400243759155273,2.565565824508667
151,leaves,O-T2X-R,3.143815040588379,32.760589916900734,7.546332359313965,10.641980171203613
151,leaves,ABL-ET2X-R-PreviousRawEdge-BilinearRGB,2.9415040016174316,32.5912705502373,8.541900634765625,12.194231033325195
151,leaves,ABL-ET2X-R-PreviousRawEdge-ResolvedRGB,2.8431966304779053,33.13369576524073,8.143186569213867,11.379816055297852
151,leaves,ABL-ET2X-R-PreviousRawEdge-CatmullRomRGB,2.7977051734924316,33.15656415896062,8.576833724975586,12.056775093078613
152,seams,O-T2X-R,1.7162922620773315,36.3713096628063,2.0057263374328613,3.00825572013855
152,seams,ABL-ET2X-R-PreviousRawEdge-BilinearRGB,1.2521483898162842,38.77511411299561,1.9538288116455078,2.13165020942688
152,seams,ABL-ET2X-R-PreviousRawEdge-ResolvedRGB,1.2646809816360474,39.03070868778994,1.7448480129241943,2.0945522785186768
152,seams,ABL-ET2X-R-PreviousRawEdge-CatmullRomRGB,1.2405273914337158,39.2111628555037,1.7815768718719482,2.1134674549102783
152,thin-seam,O-T2X-R,1.8232964277267456,36.601808436976114,2.4817113876342773,3.7360801696777344
152,thin-seam,ABL-ET2X-R-PreviousRawEdge-BilinearRGB,1.0744900703430176,41.18377126365292,2.080068826675415,2.3981475830078125
152,thin-seam,ABL-ET2X-R-PreviousRawEdge-ResolvedRGB,1.1481119394302368,40.27014162530201,1.8398362398147583,2.359870195388794
152,thin-seam,ABL-ET2X-R-PreviousRawEdge-CatmullRomRGB,1.1009114980697632,40.865059558593,1.8999086618423462,2.3809664249420166
152,leaves,O-T2X-R,2.8944010734558105,33.47178812012642,7.5752153396606445,9.721933364868164
152,leaves,ABL-ET2X-R-PreviousRawEdge-BilinearRGB,2.957812547683716,32.54898950527411,8.468523979187012,12.166170120239258
152,leaves,ABL-ET2X-R-PreviousRawEdge-ResolvedRGB,2.8585286140441895,33.05371137198192,8.081937789916992,11.338419914245605
152,leaves,ABL-ET2X-R-PreviousRawEdge-CatmullRomRGB,2.8135578632354736,33.069985561766735,8.521679878234863,12.046374320983887
153,seams,O-T2X-R,1.7060221433639526,35.5497865449764,1.6614933013916016,1.6421287059783936
153,seams,ABL-ET2X-R-PreviousRawEdge-BilinearRGB,1.4056966304779053,39.12451895788862,2.164715051651001,2.4173736572265625
153,seams,ABL-ET2X-R-PreviousRawEdge-ResolvedRGB,1.407861351966858,39.23272750525393,2.214111804962158,2.3291516304016113
153,seams,ABL-ET2X-R-PreviousRawEdge-CatmullRomRGB,1.383154273033142,39.50723961649344,2.2497477531433105,2.3325867652893066
153,thin-seam,O-T2X-R,1.7556966543197632,34.98313013053125,1.7286723852157593,2.0509464740753174
153,thin-seam,ABL-ET2X-R-PreviousRawEdge-BilinearRGB,1.3732095956802368,40.27511870194196,2.7249724864959717,2.834610939025879
153,thin-seam,ABL-ET2X-R-PreviousRawEdge-ResolvedRGB,1.4251844882965088,39.85746295390741,2.77012038230896,2.8331410884857178
153,thin-seam,ABL-ET2X-R-PreviousRawEdge-CatmullRomRGB,1.4016385078430176,40.09314082111917,2.8230369091033936,2.8738205432891846
153,leaves,O-T2X-R,3.098583936691284,33.011724304193976,7.2903947830200195,10.459556579589844
153,leaves,ABL-ET2X-R-PreviousRawEdge-BilinearRGB,2.9515137672424316,32.72997637653164,8.314651489257812,11.89865493774414
153,leaves,ABL-ET2X-R-PreviousRawEdge-ResolvedRGB,2.866959571838379,33.17656624679606,7.925971984863281,11.10040283203125
153,leaves,ABL-ET2X-R-PreviousRawEdge-CatmullRomRGB,2.8150064945220947,33.19753488357202,8.362875938415527,11.79476261138916
154,seams,O-T2X-R,1.8539388179779053,34.56594505347021,1.8930017948150635,2.7548131942749023
154,seams,ABL-ET2X-R-PreviousRawEdge-BilinearRGB,1.4556803703308105,36.17009194534761,1.9171892404556274,2.212217092514038
154,seams,ABL-ET2X-R-PreviousRawEdge-ResolvedRGB,1.4164713621139526,36.16891757595279,1.7992041110992432,2.269704818725586
154,seams,ABL-ET2X-R-PreviousRawEdge-CatmullRomRGB,1.399560570716858,36.37028229353017,1.8488342761993408,2.2830519676208496
154,thin-seam,O-T2X-R,2.127007484436035,33.21813697304345,1.9695497751235962,2.7478115558624268
154,thin-seam,ABL-ET2X-R-PreviousRawEdge-BilinearRGB,1.3245443105697632,38.49237217605507,2.1702263355255127,2.6434500217437744
154,thin-seam,ABL-ET2X-R-PreviousRawEdge-ResolvedRGB,1.3045790195465088,38.13575458429031,1.9896159172058105,2.821000337600708
154,thin-seam,ABL-ET2X-R-PreviousRawEdge-CatmullRomRGB,1.25146484375,39.02390763340111,2.0679666996002197,2.809105157852173
154,leaves,O-T2X-R,2.8429198265075684,33.72184328528056,7.409748077392578,9.327423095703125
154,leaves,ABL-ET2X-R-PreviousRawEdge-BilinearRGB,3.0463054180145264,32.437866769756226,8.26902961730957,11.690349578857422
154,leaves,ABL-ET2X-R-PreviousRawEdge-ResolvedRGB,2.9190592765808105,33.00541746325041,7.897050380706787,10.917205810546875
154,leaves,ABL-ET2X-R-PreviousRawEdge-CatmullRomRGB,2.873567819595337,33.0314623386799,8.30955696105957,11.57713794708252
155,seams,O-T2X-R,1.8174967765808105,34.45713824280451,1.8610652685165405,1.674324631690979
155,seams,ABL-ET2X-R-PreviousRawEdge-BilinearRGB,1.4305500984191895,37.5164249753199,1.7414544820785522,2.093346357345581
155,seams,ABL-ET2X-R-PreviousRawEdge-ResolvedRGB,1.4239583015441895,37.664691044822696,1.7044677734375,1.9580577611923218
155,seams,ABL-ET2X-R-PreviousRawEdge-CatmullRomRGB,1.4094401597976685,37.749760714442075,1.7225596904754639,1.9748287200927734
155,thin-seam,O-T2X-R,1.7596029043197632,35.96123668210644,2.2618446350097656,1.7987536191940308
155,thin-seam,ABL-ET2X-R-PreviousRawEdge-BilinearRGB,1.3369140625,38.42735694761918,1.6911083459854126,2.171253204345703
155,thin-seam,ABL-ET2X-R-PreviousRawEdge-ResolvedRGB,1.2956271171569824,38.896877923200044,1.6322492361068726,1.9032139778137207
155,thin-seam,ABL-ET2X-R-PreviousRawEdge-CatmullRomRGB,1.2969292402267456,38.95499761329863,1.6489143371582031,1.9420390129089355
155,leaves,O-T2X-R,3.098193407058716,32.92941778988795,7.2683892250061035,10.328134536743164
155,leaves,ABL-ET2X-R-PreviousRawEdge-BilinearRGB,3.0215656757354736,32.602836556666844,8.332135200500488,11.802330017089844
155,leaves,ABL-ET2X-R-PreviousRawEdge-ResolvedRGB,2.9061198234558105,33.14881583102194,7.914193153381348,10.988728523254395
155,leaves,ABL-ET2X-R-PreviousRawEdge-CatmullRomRGB,2.8553385734558105,33.15852324058875,8.326342582702637,11.61067008972168
156,seams,O-T2X-R,1.844580054283142,34.80344451457688,2.087296724319458,3.0896410942077637
156,seams,ABL-ET2X-R-PreviousRawEdge-BilinearRGB,1.5598307847976685,36.909167812609,2.153364419937134,2.3074653148651123
156,seams,ABL-ET2X-R-PreviousRawEdge-ResolvedRGB,1.5113444328308105,37.46342638172064,2.1537013053894043,2.307483196258545
156,seams,ABL-ET2X-R-PreviousRawEdge-CatmullRomRGB,1.479882836341858,37.64070666657814,2.1870276927948,2.3136093616485596
156,thin-seam,O-T2X-R,1.8386502265930176,35.34411085512091,2.4039297103881836,3.65179443359375
156,thin-seam,ABL-ET2X-R-PreviousRawEdge-BilinearRGB,1.5697699785232544,37.494584035477345,2.7923424243927,2.9134247303009033
156,thin-seam,ABL-ET2X-R-PreviousRawEdge-ResolvedRGB,1.5517578125,37.75841551574882,2.821079969406128,2.86199951171875
156,thin-seam,ABL-ET2X-R-PreviousRawEdge-CatmullRomRGB,1.5224609375,38.11218249536899,2.8614768981933594,2.867403745651245
156,leaves,O-T2X-R,2.882861375808716,33.531514273656796,7.520198822021484,9.38061237335205
156,leaves,ABL-ET2X-R-PreviousRawEdge-BilinearRGB,2.999479055404663,32.57744562353441,8.375470161437988,11.790335655212402
156,leaves,ABL-ET2X-R-PreviousRawEdge-ResolvedRGB,2.895296335220337,33.124456360610765,7.945949554443359,10.921775817871094
156,leaves,ABL-ET2X-R-PreviousRawEdge-CatmullRomRGB,2.8372883796691895,33.156847437110144,8.391366958618164,11.583471298217773
157,seams,O-T2X-R,1.627294898033142,36.26158116238089,2.091958999633789,1.595220923423767
157,seams,ABL-ET2X-R-PreviousRawEdge-BilinearRGB,1.3974446058273315,36.3770549805691,1.8128818273544312,2.0989794731140137
157,seams,ABL-ET2X-R-PreviousRawEdge-ResolvedRGB,1.4104492664337158,36.410550952590924,1.6809622049331665,2.1317293643951416
157,seams,ABL-ET2X-R-PreviousRawEdge-CatmullRomRGB,1.3872395753860474,36.405616056235964,1.7295379638671875,2.1398160457611084
157,thin-seam,O-T2X-R,1.4730902910232544,39.8231296788344,2.3375325202941895,1.6627470254898071
157,thin-seam,ABL-ET2X-R-PreviousRawEdge-BilinearRGB,1.2150607109069824,39.80743352827302,2.223871946334839,2.6594769954681396
157,thin-seam,ABL-ET2X-R-PreviousRawEdge-ResolvedRGB,1.2690972089767456,39.189352764308126,2.018437623977661,2.804917097091675
157,thin-seam,ABL-ET2X-R-PreviousRawEdge-CatmullRomRGB,1.2033419609069824,39.99927835955988,2.1092922687530518,2.774425506591797
157,leaves,O-T2X-R,3.038362741470337,33.147911343527596,7.319123268127441,10.195284843444824
157,leaves,ABL-ET2X-R-PreviousRawEdge-BilinearRGB,2.9767253398895264,32.57006084734125,8.19788932800293,11.373196601867676
157,leaves,ABL-ET2X-R-PreviousRawEdge-ResolvedRGB,2.873291015625,33.12914168565828,7.792210578918457,10.545292854309082
157,leaves,ABL-ET2X-R-PreviousRawEdge-CatmullRomRGB,2.812793016433716,33.170818957657474,8.223567008972168,11.224342346191406
158,seams,O-T2X-R,1.7416341304779053,36.50953509829839,2.052879810333252,3.30088472366333
158,seams,ABL-ET2X-R-PreviousRawEdge-BilinearRGB,1.6338216066360474,36.898850391136556,2.255645513534546,2.4035706520080566
158,seams,ABL-ET2X-R-PreviousRawEdge-ResolvedRGB,1.641015648841858,37.12386800129727,2.300009250640869,2.431034564971924
158,seams,ABL-ET2X-R-PreviousRawEdge-CatmullRomRGB,1.6288248300552368,36.911510615342024,2.336498975753784,2.4467923641204834
158,thin-seam,O-T2X-R,1.7800564765930176,37.79943815985823,2.4418632984161377,3.672765016555786
158,thin-seam,ABL-ET2X-R-PreviousRawEdge-BilinearRGB,1.6908094882965088,37.68888568006063,2.8723018169403076,3.1247434616088867
158,thin-seam,ABL-ET2X-R-PreviousRawEdge-ResolvedRGB,1.7065972089767456,37.78496654328389,2.9472815990448,3.222930908203125
158,thin-seam,ABL-ET2X-R-PreviousRawEdge-CatmullRomRGB,1.7050238847732544,37.73647753593882,2.9935920238494873,3.2751948833465576
158,leaves,O-T2X-R,2.8018879890441895,33.75589905577145,7.494757652282715,9.395060539245605
158,leaves,ABL-ET2X-R-PreviousRawEdge-BilinearRGB,2.9510090351104736,32.82089031446069,8.283027648925781,11.35583782196045
158,leaves,ABL-ET2X-R-PreviousRawEdge-ResolvedRGB,2.8472819328308105,33.33426751813675,7.9079484939575195,10.582551956176758
158,leaves,ABL-ET2X-R-PreviousRawEdge-CatmullRomRGB,2.797802686691284,33.36366210513087,8.316795349121094,11.208284378051758
159,seams,O-T2X-R,1.6977375745773315,36.85968713207167,1.9208046197891235,1.5687931776046753
159,seams,ABL-ET2X-R-PreviousRawEdge-BilinearRGB,1.435302734375,38.238677302180676,2.383183717727661,2.741286516189575
159,seams,ABL-ET2X-R-PreviousRawEdge-ResolvedRGB,1.416113257408142,38.12965856440282,2.249753713607788,2.8834939002990723
159,seams,ABL-ET2X-R-PreviousRawEdge-CatmullRomRGB,1.3726400136947632,38.61232855179865,2.298971652984619,2.900578498840332
159,thin-seam,O-T2X-R,1.6744791269302368,38.55608824029681,2.317023277282715,1.6706180572509766
159,thin-seam,ABL-ET2X-R-PreviousRawEdge-BilinearRGB,1.4919705390930176,38.236409724011544,2.6713714599609375,3.291111707687378
159,thin-seam,ABL-ET2X-R-PreviousRawEdge-ResolvedRGB,1.4357638359069824,38.07359673959288,2.439189910888672,3.526592969894409
159,thin-seam,ABL-ET2X-R-PreviousRawEdge-CatmullRomRGB,1.3738607168197632,38.9725234346533,2.5091841220855713,3.5189425945281982
159,leaves,O-T2X-R,3.06005859375,32.96907918485057,7.349108695983887,10.473028182983398
159,leaves,ABL-ET2X-R-PreviousRawEdge-BilinearRGB,2.916552782058716,32.84694973146296,8.255183219909668,11.81544017791748
159,leaves,ABL-ET2X-R-PreviousRawEdge-ResolvedRGB,2.822509765625,33.358278875656346,7.866729736328125,10.999622344970703
159,leaves,ABL-ET2X-R-PreviousRawEdge-CatmullRomRGB,2.778613328933716,33.36408912696148,8.243603706359863,11.595748901367188
160,seams,O-T2X-R,1.8388346433639526,36.07298008866057,2.104658603668213,3.123093605041504
160,seams,ABL-ET2X-R-PreviousRawEdge-BilinearRGB,1.6357258558273315,35.52154182693338,1.7653652429580688,2.2925782203674316
160,seams,ABL-ET2X-R-PreviousRawEdge-ResolvedRGB,1.5792806148529053,35.923752626574526,1.6636669635772705,2.1054749488830566
160,seams,ABL-ET2X-R-PreviousRawEdge-CatmullRomRGB,1.5676594972610474,35.960966269797765,1.703853964805603,2.121316432952881
160,thin-seam,O-T2X-R,1.9142794609069824,37.43407615619779,2.5572566986083984,3.615899085998535
160,thin-seam,ABL-ET2X-R-PreviousRawEdge-BilinearRGB,1.5315755605697632,37.39125858396493,1.9598463773727417,2.675949811935425
160,thin-seam,ABL-ET2X-R-PreviousRawEdge-ResolvedRGB,1.4551323652267456,38.06906437086354,1.7853397130966187,2.2751781940460205
160,thin-seam,ABL-ET2X-R-PreviousRawEdge-CatmullRomRGB,1.43505859375,38.348386913702356,1.8240464925765991,2.3094797134399414
160,leaves,O-T2X-R,2.737565040588379,33.90050067977863,7.5172247886657715,9.567319869995117
160,leaves,ABL-ET2X-R-PreviousRawEdge-BilinearRGB,2.918212890625,32.76069864377319,8.263589859008789,11.868329048156738
160,leaves,ABL-ET2X-R-PreviousRawEdge-ResolvedRGB,2.8307454586029053,33.267073217503295,7.875985622406006,11.035123825073242
160,leaves,ABL-ET2X-R-PreviousRawEdge-CatmullRomRGB,2.785921335220337,33.26433380985553,8.285273551940918,11.693203926086426
161,seams,O-T2X-R,1.7735025882720947,36.21221786456298,1.9695377349853516,1.8134849071502686
161,seams,ABL-ET2X-R-PreviousRawEdge-BilinearRGB,1.5486165285110474,36.63488931897663,2.1104438304901123,2.3403778076171875
161,seams,ABL-ET2X-R-PreviousRawEdge-ResolvedRGB,1.5250163078308105,36.79474416059189,2.1167922019958496,2.239666700363159
161,seams,ABL-ET2X-R-PreviousRawEdge-CatmullRomRGB,1.4952962398529053,36.94709150791479,2.147249698638916,2.252143621444702
161,thin-seam,O-T2X-R,2.075086832046509,34.784359697701106,2.2275736331939697,2.101591110229492
161,thin-seam,ABL-ET2X-R-PreviousRawEdge-BilinearRGB,1.5914170742034912,37.8598701080754,2.8052737712860107,3.0332190990448
161,thin-seam,ABL-ET2X-R-PreviousRawEdge-ResolvedRGB,1.5745443105697632,37.963706530071796,2.8587753772735596,2.972100019454956
161,thin-seam,ABL-ET2X-R-PreviousRawEdge-CatmullRomRGB,1.5197482109069824,38.453114407447,2.913764238357544,2.9862709045410156
161,leaves,O-T2X-R,3.0130207538604736,33.186834249947466,7.228240013122559,10.519498825073242
161,leaves,ABL-ET2X-R-PreviousRawEdge-BilinearRGB,2.9075846672058105,32.73648953910345,8.267274856567383,11.775494575500488
161,leaves,ABL-ET2X-R-PreviousRawEdge-ResolvedRGB,2.827392578125,33.19007563591958,7.893503665924072,11.00642204284668
161,leaves,ABL-ET2X-R-PreviousRawEdge-CatmullRomRGB,2.789583444595337,33.14926906614204,8.314119338989258,11.676698684692383
162,seams,O-T2X-R,1.8640787601470947,34.81795764970912,1.952731728553772,3.0112030506134033
162,seams,ABL-ET2X-R-PreviousRawEdge-BilinearRGB,1.487646460533142,36.72645878270205,2.021977424621582,2.238316774368286
162,seams,ABL-ET2X-R-PreviousRawEdge-ResolvedRGB,1.4936034679412842,36.58420558099051,1.9185295104980469,2.2220234870910645
162,seams,ABL-ET2X-R-PreviousRawEdge-CatmullRomRGB,1.4508463144302368,36.91113152845325,1.9622008800506592,2.2407126426696777
162,thin-seam,O-T2X-R,2.307996988296509,33.08488117194847,2.1916720867156982,3.2442548274993896
162,thin-seam,ABL-ET2X-R-PreviousRawEdge-BilinearRGB,1.4123263359069824,37.897912668959314,2.2369606494903564,2.619619131088257
162,thin-seam,ABL-ET2X-R-PreviousRawEdge-ResolvedRGB,1.4271376132965088,37.539321734145375,2.044221878051758,2.660234212875366
162,thin-seam,ABL-ET2X-R-PreviousRawEdge-CatmullRomRGB,1.36328125,38.29596408280555,2.1177003383636475,2.6617519855499268
162,leaves,O-T2X-R,2.837207078933716,33.62087918246144,7.455449104309082,9.428516387939453
162,leaves,ABL-ET2X-R-PreviousRawEdge-BilinearRGB,2.9517579078674316,32.494440168413654,8.224191665649414,11.716968536376953
162,leaves,ABL-ET2X-R-PreviousRawEdge-ResolvedRGB,2.8870768547058105,32.93654436016669,7.883784294128418,10.986068725585938
162,leaves,ABL-ET2X-R-PreviousRawEdge-CatmullRomRGB,2.84814453125,32.90154120539175,8.315134048461914,11.679319381713867
163,seams,O-T2X-R,1.8542805910110474,34.49983081056014,1.9084575176239014,1.7313766479492188
163,seams,ABL-ET2X-R-PreviousRawEdge-BilinearRGB,1.5593750476837158,36.56345703161033,2.2190752029418945,2.368191719055176
163,seams,ABL-ET2X-R-PreviousRawEdge-ResolvedRGB,1.5604654550552368,36.66922535159863,2.208869218826294,2.417417049407959
163,seams,ABL-ET2X-R-PreviousRawEdge-CatmullRomRGB,1.521826148033142,36.919204593324004,2.2394051551818848,2.427917957305908
163,thin-seam,O-T2X-R,2.0812175273895264,33.527403707849025,2.326369047164917,2.1918153762817383
163,thin-seam,ABL-ET2X-R-PreviousRawEdge-BilinearRGB,1.4922417402267456,38.73657007604209,2.582458734512329,2.8645622730255127
163,thin-seam,ABL-ET2X-R-PreviousRawEdge-ResolvedRGB,1.5241971015930176,38.54835124174012,2.628053903579712,2.851639986038208
163,thin-seam,ABL-ET2X-R-PreviousRawEdge-CatmullRomRGB,1.4813910722732544,38.95197925922479,2.655595541000366,2.873767852783203
163,leaves,O-T2X-R,3.029313087463379,33.18416539385272,7.066553592681885,10.163442611694336
163,leaves,ABL-ET2X-R-PreviousRawEdge-BilinearRGB,3.0674641132354736,32.03265946880654,8.131689071655273,11.452215194702148
163,leaves,ABL-ET2X-R-PreviousRawEdge-ResolvedRGB,2.969938039779663,32.54471972863368,7.816458702087402,10.783906936645508
163,leaves,ABL-ET2X-R-PreviousRawEdge-CatmullRomRGB,2.9238932132720947,32.54533087864507,8.246355056762695,11.490339279174805
164,seams,O-T2X-R,2.0550944805145264,33.38415778988888,1.9880622625350952,2.921191453933716
164,seams,ABL-ET2X-R-PreviousRawEdge-BilinearRGB,1.4702311754226685,36.70150501713052,2.0452322959899902,2.2518222332000732
164,seams,ABL-ET2X-R-PreviousRawEdge-ResolvedRGB,1.4253743886947632,37.13616774292904,1.8893043994903564,2.314943790435791
164,seams,ABL-ET2X-R-PreviousRawEdge-CatmullRomRGB,1.3764485120773315,37.71737153673294,1.9397392272949219,2.3152763843536377
164,thin-seam,O-T2X-R,2.3748371601104736,32.52544973059008,2.4732134342193604,3.5631330013275146
164,thin-seam,ABL-ET2X-R-PreviousRawEdge-BilinearRGB,1.6569010019302368,36.035746321368414,2.5204880237579346,2.9948160648345947
164,thin-seam,ABL-ET2X-R-PreviousRawEdge-ResolvedRGB,1.6306966543197632,36.163282175548126,2.3792951107025146,3.157676935195923
164,thin-seam,ABL-ET2X-R-PreviousRawEdge-CatmullRomRGB,1.5324978828430176,37.145654544818875,2.4555246829986572,3.1523380279541016
164,leaves,O-T2X-R,2.842041015625,33.607505218104635,7.148821830749512,8.843324661254883
164,leaves,ABL-ET2X-R-PreviousRawEdge-BilinearRGB,2.917984962463379,32.618712750782755,7.789780616760254,10.944592475891113
164,leaves,ABL-ET2X-R-PreviousRawEdge-ResolvedRGB,2.8190267086029053,33.18947288578537,7.454703330993652,10.288930892944336
164,leaves,ABL-ET2X-R-PreviousRawEdge-CatmullRomRGB,2.7591633796691895,33.228591190153885,7.88080358505249,10.970678329467773
165,seams,O-T2X-R,1.8408203125,35.016645581467365,1.9085546731948853,1.635176658630371
165,seams,ABL-ET2X-R-PreviousRawEdge-BilinearRGB,1.3627440929412842,37.84954252231353,1.8320108652114868,2.2788150310516357
165,seams,ABL-ET2X-R-PreviousRawEdge-ResolvedRGB,1.3292968273162842,38.41169392607096,1.7989342212677002,2.1056478023529053
165,seams,ABL-ET2X-R-PreviousRawEdge-CatmullRomRGB,1.3269857168197632,38.390300701054926,1.8268165588378906,2.1306207180023193
165,thin-seam,O-T2X-R,1.9393988847732544,35.23966236376565,2.363335371017456,1.8839272260665894
165,thin-seam,ABL-ET2X-R-PreviousRawEdge-BilinearRGB,1.3867729902267456,38.08260523942524,2.2163822650909424,2.6299078464508057
165,thin-seam,ABL-ET2X-R-PreviousRawEdge-ResolvedRGB,1.3777127265930176,38.337475950097314,2.064375400543213,2.534921169281006
165,thin-seam,ABL-ET2X-R-PreviousRawEdge-CatmullRomRGB,1.380859375,38.34197566252175,2.1059467792510986,2.575784921646118
165,leaves,O-T2X-R,3.0557942390441895,32.967227670511846,6.987410068511963,9.465997695922852
165,leaves,ABL-ET2X-R-PreviousRawEdge-BilinearRGB,2.957763671875,32.507001765712985,7.769433498382568,10.429786682128906
165,leaves,ABL-ET2X-R-PreviousRawEdge-ResolvedRGB,2.799365282058716,33.24747044085167,7.401881217956543,9.729179382324219
165,leaves,ABL-ET2X-R-PreviousRawEdge-CatmullRomRGB,2.7430989742279053,33.27430075530481,7.769505977630615,10.331225395202637
166,seams,O-T2X-R,1.8515299558639526,35.371215210099024,2.2587530612945557,3.3383383750915527
166,seams,ABL-ET2X-R-PreviousRawEdge-BilinearRGB,1.4444499015808105,37.29617284978703,2.14673113822937,2.2460296154022217
166,seams,ABL-ET2X-R-PreviousRawEdge-ResolvedRGB,1.4519857168197632,37.26663744334924,2.1025216579437256,2.2402453422546387
166,seams,ABL-ET2X-R-PreviousRawEdge-CatmullRomRGB,1.4238606691360474,37.493822840342204,2.1484875679016113,2.232257843017578
166,thin-seam,O-T2X-R,2.082411050796509,34.38994032583915,2.727379083633423,4.113288402557373
166,thin-seam,ABL-ET2X-R-PreviousRawEdge-BilinearRGB,1.4962564706802368,38.39561173232597,2.8499433994293213,3.105320692062378
166,thin-seam,ABL-ET2X-R-PreviousRawEdge-ResolvedRGB,1.5212130546569824,38.64718231576524,2.800912857055664,3.1166601181030273
166,thin-seam,ABL-ET2X-R-PreviousRawEdge-CatmullRomRGB,1.4718424081802368,38.997823217428646,2.870112657546997,3.095473289489746
166,leaves,O-T2X-R,2.7923502922058105,33.7794530702802,7.136358737945557,8.759050369262695
166,leaves,ABL-ET2X-R-PreviousRawEdge-BilinearRGB,2.9034667015075684,32.59320734401828,7.97512149810791,10.924168586730957
166,leaves,ABL-ET2X-R-PreviousRawEdge-ResolvedRGB,2.7963054180145264,33.186759422173665,7.5334062576293945,10.047505378723145
166,leaves,ABL-ET2X-R-PreviousRawEdge-CatmullRomRGB,2.738574266433716,33.19229458333262,7.884203910827637,10.554896354675293
167,seams,O-T2X-R,1.5276204347610474,37.797816353464874,2.013197422027588,1.688878059387207
167,seams,ABL-ET2X-R-PreviousRawEdge-BilinearRGB,1.3292642831802368,37.9857459648981,1.9504363536834717,2.166919231414795
167,seams,ABL-ET2X-R-PreviousRawEdge-ResolvedRGB,1.306054711341858,38.050682370999105,1.7874183654785156,2.094125270843506
167,seams,ABL-ET2X-R-PreviousRawEdge-CatmullRomRGB,1.266943335533142,38.45360423398311,1.837092638015747,2.1207900047302246
167,thin-seam,O-T2X-R,1.6569552421569824,37.58554344479495,2.549004316329956,1.773314356803894
167,thin-seam,ABL-ET2X-R-PreviousRawEdge-BilinearRGB,1.3448892831802368,38.85971112616975,2.5522561073303223,2.904886245727539
167,thin-seam,ABL-ET2X-R-PreviousRawEdge-ResolvedRGB,1.3240560293197632,38.63753387930621,2.181015968322754,2.8028252124786377
167,thin-seam,ABL-ET2X-R-PreviousRawEdge-CatmullRomRGB,1.2474501132965088,39.52862624660929,2.2679998874664307,2.8548107147216797
167,leaves,O-T2X-R,2.95068359375,33.38212756629709,7.270354270935059,9.99455738067627
167,leaves,ABL-ET2X-R-PreviousRawEdge-BilinearRGB,2.85400390625,32.80895142721888,8.093530654907227,11.309249877929688
167,leaves,ABL-ET2X-R-PreviousRawEdge-ResolvedRGB,2.778857469558716,33.27538929579322,7.692319393157959,10.405969619750977
167,leaves,ABL-ET2X-R-PreviousRawEdge-CatmullRomRGB,2.7164714336395264,33.29202071526718,8.055070877075195,10.951888084411621
168,seams,O-T2X-R,1.734277367591858,36.09316611653913,2.1446006298065186,3.250706911087036
168,seams,ABL-ET2X-R-PreviousRawEdge-BilinearRGB,1.4562174081802368,37.67847823545094,1.931700348854065,2.236067533493042
168,seams,ABL-ET2X-R-PreviousRawEdge-ResolvedRGB,1.4150065183639526,38.20737735259479,1.9319000244140625,2.154212474822998
168,seams,ABL-ET2X-R-PreviousRawEdge-CatmullRomRGB,1.4150227308273315,38.118880966454164,1.972556471824646,2.1804604530334473
168,thin-seam,O-T2X-R,1.8525933027267456,36.568137101629226,2.5465028285980225,3.9899520874023438
168,thin-seam,ABL-ET2X-R-PreviousRawEdge-BilinearRGB,1.6300997734069824,37.02729634567733,2.439812183380127,2.865999937057495
168,thin-seam,ABL-ET2X-R-PreviousRawEdge-ResolvedRGB,1.5873481035232544,37.7186765342279,2.4123642444610596,2.6583876609802246
168,thin-seam,ABL-ET2X-R-PreviousRawEdge-CatmullRomRGB,1.5738931894302368,37.71777636413018,2.4805853366851807,2.7006759643554688
168,leaves,O-T2X-R,2.7127604484558105,33.93446730417927,7.242135047912598,9.350483894348145
168,leaves,ABL-ET2X-R-PreviousRawEdge-BilinearRGB,2.8065104484558105,32.982672521970045,8.137235641479492,11.591206550598145
168,leaves,ABL-ET2X-R-PreviousRawEdge-ResolvedRGB,2.7442708015441895,33.45770021809778,7.775028228759766,10.805122375488281
168,leaves,ABL-ET2X-R-PreviousRawEdge-CatmullRomRGB,2.6822590827941895,33.48052046474804,8.143404960632324,11.382978439331055
169,seams,O-T2X-R,1.767578125,35.6489068207057,2.0695223808288574,1.6901195049285889
169,seams,ABL-ET2X-R-PreviousRawEdge-BilinearRGB,1.4581379890441895,37.189227819374565,2.172781467437744,2.3084805011749268
169,seams,ABL-ET2X-R-PreviousRawEdge-ResolvedRGB,1.472509741783142,37.083176016703504,2.1037983894348145,2.357553482055664
169,seams,ABL-ET2X-R-PreviousRawEdge-CatmullRomRGB,1.4274088144302368,37.36696680516039,2.145686626434326,2.3544487953186035
169,thin-seam,O-T2X-R,1.8253037929534912,36.03025188472516,2.5758981704711914,1.6868038177490234
169,thin-seam,ABL-ET2X-R-PreviousRawEdge-BilinearRGB,1.5027669668197632,37.941070617896656,2.831226348876953,3.1363842487335205
169,thin-seam,ABL-ET2X-R-PreviousRawEdge-ResolvedRGB,1.5324978828430176,37.88273144286191,2.7474005222320557,3.278308868408203
169,thin-seam,ABL-ET2X-R-PreviousRawEdge-CatmullRomRGB,1.4258354902267456,38.82402025533222,2.8167190551757812,3.2644288539886475
169,leaves,O-T2X-R,2.9551594257354736,33.32542188469826,7.089397430419922,10.156679153442383
169,leaves,ABL-ET2X-R-PreviousRawEdge-BilinearRGB,2.7977375984191895,33.01917268170791,8.187135696411133,11.693553924560547
169,leaves,ABL-ET2X-R-PreviousRawEdge-ResolvedRGB,2.7333984375,33.5067844974227,7.826124668121338,10.948720932006836
169,leaves,ABL-ET2X-R-PreviousRawEdge-CatmullRomRGB,2.679003953933716,33.53738940497835,8.228601455688477,11.578041076660156
170,seams,O-T2X-R,1.9115885496139526,34.9913078770098,1.8956019878387451,3.0372402667999268
170,seams,ABL-ET2X-R-PreviousRawEdge-BilinearRGB,1.500585913658142,37.08212639326611,2.0076980590820312,2.233135223388672
170,seams,ABL-ET2X-R-PreviousRawEdge-ResolvedRGB,1.4766926765441895,37.476959144812554,1.869359016418457,2.187868356704712
170,seams,ABL-ET2X-R-PreviousRawEdge-CatmullRomRGB,1.4631022214889526,37.37532821718353,1.9047250747680664,2.2092032432556152
170,thin-seam,O-T2X-R,1.9487847089767456,36.50006254835304,2.3357737064361572,3.7671260833740234
170,thin-seam,ABL-ET2X-R-PreviousRawEdge-BilinearRGB,1.5504556894302368,37.265282256025856,2.5676279067993164,2.9607455730438232
170,thin-seam,ABL-ET2X-R-PreviousRawEdge-ResolvedRGB,1.5510525703430176,37.376122183068,2.308169364929199,2.907374382019043
170,thin-seam,ABL-ET2X-R-PreviousRawEdge-CatmullRomRGB,1.5474175214767456,37.44207129733252,2.3694112300872803,2.9624860286712646
170,leaves,O-T2X-R,2.7211263179779053,34.052746814821894,7.303699493408203,9.257634162902832
170,leaves,ABL-ET2X-R-PreviousRawEdge-BilinearRGB,2.8572754859924316,32.73077947636159,8.155527114868164,11.638578414916992
170,leaves,ABL-ET2X-R-PreviousRawEdge-ResolvedRGB,2.79443359375,33.20863528982082,7.8007941246032715,10.88862419128418
170,leaves,ABL-ET2X-R-PreviousRawEdge-CatmullRomRGB,2.7366700172424316,33.232822787377174,8.222987174987793,11.573012351989746
171,seams,O-T2X-R,1.985986351966858,34.054048757357435,1.8359829187393188,1.4851890802383423
171,seams,ABL-ET2X-R-PreviousRawEdge-BilinearRGB,1.5531901121139526,37.05533674151193,2.197099447250366,2.3768959045410156
171,seams,ABL-ET2X-R-PreviousRawEdge-ResolvedRGB,1.549169898033142,37.28782859658507,2.2142884731292725,2.4833576679229736
171,seams,ABL-ET2X-R-PreviousRawEdge-CatmullRomRGB,1.5215657949447632,37.22534955135789,2.256279468536377,2.489915370941162
171,thin-seam,O-T2X-R,2.3743488788604736,32.316999831697316,2.247553825378418,1.5642423629760742
171,thin-seam,ABL-ET2X-R-PreviousRawEdge-BilinearRGB,1.5586479902267456,38.351410455253074,2.957721710205078,3.104741096496582
171,thin-seam,ABL-ET2X-R-PreviousRawEdge-ResolvedRGB,1.5993924140930176,38.397089346475255,2.971402168273926,3.3616485595703125
171,thin-seam,ABL-ET2X-R-PreviousRawEdge-CatmullRomRGB,1.5311415195465088,38.95890205918052,3.049053430557251,3.3755569458007812
171,leaves,O-T2X-R,2.969205617904663,33.26891189711394,7.002895355224609,10.0408296585083
171,leaves,ABL-ET2X-R-PreviousRawEdge-BilinearRGB,2.7733397483825684,33.07327761318019,8.002825736999512,11.318902969360352
171,leaves,ABL-ET2X-R-PreviousRawEdge-ResolvedRGB,2.723600149154663,33.46457424585185,7.684469699859619,10.658734321594238
171,leaves,ABL-ET2X-R-PreviousRawEdge-CatmullRomRGB,2.6649739742279053,33.472639366617635,8.114570617675781,11.360174179077148
172,seams,O-T2X-R,2.0213541984558105,34.7427770894469,2.1979618072509766,3.0694732666015625
172,seams,ABL-ET2X-R-PreviousRawEdge-BilinearRGB,1.4970866441726685,37.13093149802137,2.260246753692627,2.5028064250946045
172,seams,ABL-ET2X-R-PreviousRawEdge-ResolvedRGB,1.5092284679412842,36.988820787321515,2.088270902633667,2.4554460048675537
172,seams,ABL-ET2X-R-PreviousRawEdge-CatmullRomRGB,1.4634603261947632,37.344561237292034,2.1395199298858643,2.490731716156006
172,thin-seam,O-T2X-R,2.384385824203491,33.34631468507706,2.816873550415039,3.8934285640716553
172,thin-seam,ABL-ET2X-R-PreviousRawEdge-BilinearRGB,1.3702256679534912,38.99497609173266,2.777088165283203,3.050727605819702
172,thin-seam,ABL-ET2X-R-PreviousRawEdge-ResolvedRGB,1.3914388418197632,38.8638372470684,2.394148111343384,2.957125663757324
172,thin-seam,ABL-ET2X-R-PreviousRawEdge-CatmullRomRGB,1.3377821445465088,39.78896224908629,2.4813079833984375,3.020838499069214
172,leaves,O-T2X-R,2.7298665046691895,33.93883464945017,7.134502410888672,8.804754257202148
172,leaves,ABL-ET2X-R-PreviousRawEdge-BilinearRGB,2.771289110183716,32.9609719727518,7.9144158363342285,11.013242721557617
172,leaves,ABL-ET2X-R-PreviousRawEdge-ResolvedRGB,2.6887857913970947,33.53495738187045,7.6189398765563965,10.422342300415039
172,leaves,ABL-ET2X-R-PreviousRawEdge-CatmullRomRGB,2.629850149154663,33.54893166828402,8.029379844665527,11.092445373535156
173,seams,O-T2X-R,1.7832682132720947,36.29341706380732,2.0640881061553955,1.7789394855499268
173,seams,ABL-ET2X-R-PreviousRawEdge-BilinearRGB,1.6133952140808105,35.92219664848039,2.162905693054199,2.4779858589172363
173,seams,ABL-ET2X-R-PreviousRawEdge-ResolvedRGB,1.5784180164337158,36.31594069925523,2.07934308052063,2.3635361194610596
173,seams,ABL-ET2X-R-PreviousRawEdge-CatmullRomRGB,1.556054711341858,36.45530366903864,2.1201539039611816,2.3899950981140137
173,thin-seam,O-T2X-R,2.0436198711395264,35.47536815792649,2.474191904067993,1.9065061807632446
173,thin-seam,ABL-ET2X-R-PreviousRawEdge-BilinearRGB,1.6249457597732544,37.22950400250012,2.6184253692626953,3.4208614826202393
173,thin-seam,ABL-ET2X-R-PreviousRawEdge-ResolvedRGB,1.5834418535232544,37.763911660448095,2.5681889057159424,3.1994946002960205
173,thin-seam,ABL-ET2X-R-PreviousRawEdge-CatmullRomRGB,1.55419921875,38.09777765166529,2.641906499862671,3.258399248123169
173,leaves,O-T2X-R,2.9686198234558105,33.21635225368419,6.93865442276001,9.564875602722168
173,leaves,ABL-ET2X-R-PreviousRawEdge-BilinearRGB,2.735335350036621,33.12666662426701,7.921329498291016,10.90833568572998
173,leaves,ABL-ET2X-R-PreviousRawEdge-ResolvedRGB,2.660384178161621,33.64353400479636,7.568367958068848,10.240735054016113
173,leaves,ABL-ET2X-R-PreviousRawEdge-CatmullRomRGB,2.5956380367279053,33.656618912460964,7.949400424957275,10.855428695678711
174,seams,O-T2X-R,1.8551106452941895,34.99331892402352,2.037287712097168,3.2034029960632324
174,seams,ABL-ET2X-R-PreviousRawEdge-BilinearRGB,1.660986304283142,35.694969371287165,2.1752185821533203,2.6231472492218018
174,seams,ABL-ET2X-R-PreviousRawEdge-ResolvedRGB,1.6701985597610474,35.758010583926556,2.106334686279297,2.5928266048431396
174,seams,ABL-ET2X-R-PreviousRawEdge-CatmullRomRGB,1.6309244632720947,35.901810759229484,2.15218448638916,2.6063127517700195
174,thin-seam,O-T2X-R,2.277452230453491,33.5246210345433,2.5793468952178955,3.941493272781372
174,thin-seam,ABL-ET2X-R-PreviousRawEdge-BilinearRGB,1.59619140625,37.97612651801305,2.892644166946411,3.482975959777832
174,thin-seam,ABL-ET2X-R-PreviousRawEdge-ResolvedRGB,1.6337348222732544,37.98386409332637,2.7414028644561768,3.5169572830200195
174,thin-seam,ABL-ET2X-R-PreviousRawEdge-CatmullRomRGB,1.5496419668197632,38.62721956905106,2.819157838821411,3.532061815261841
174,leaves,O-T2X-R,2.7412109375,33.9632719336677,6.998437404632568,8.650752067565918
174,leaves,ABL-ET2X-R-PreviousRawEdge-BilinearRGB,2.7161295413970947,33.20396575759551,7.818264961242676,10.920038223266602
174,leaves,ABL-ET2X-R-PreviousRawEdge-ResolvedRGB,2.6521646976470947,33.725538032267465,7.470724582672119,10.190284729003906
174,leaves,ABL-ET2X-R-PreviousRawEdge-CatmullRomRGB,2.5765461921691895,33.77954887671602,7.851057529449463,10.778069496154785
175,seams,O-T2X-R,1.7708008289337158,36.290158647371854,1.9069715738296509,1.6832679510116577
175,seams,ABL-ET2X-R-PreviousRawEdge-BilinearRGB,1.5959309339523315,37.16164681976067,2.262049436569214,2.576232671737671
175,seams,ABL-ET2X-R-PreviousRawEdge-ResolvedRGB,1.5612142086029053,37.494219875670034,2.108633041381836,2.5291152000427246
175,seams,ABL-ET2X-R-PreviousRawEdge-CatmullRomRGB,1.5338541269302368,37.69137643184477,2.1445751190185547,2.5640695095062256
175,thin-seam,O-T2X-R,1.8137478828430176,36.63534190378463,2.627934694290161,2.0966148376464844
175,thin-seam,ABL-ET2X-R-PreviousRawEdge-BilinearRGB,1.6103515625,37.42517425776731,2.8573901653289795,3.3392093181610107
175,thin-seam,ABL-ET2X-R-PreviousRawEdge-ResolvedRGB,1.5938584804534912,37.64743435658529,2.572819709777832,3.2951440811157227
175,thin-seam,ABL-ET2X-R-PreviousRawEdge-CatmullRomRGB,1.5544705390930176,37.84671849134373,2.6345269680023193,3.3673503398895264
175,leaves,O-T2X-R,2.9683594703674316,33.262441714853175,6.854905128479004,9.457540512084961
175,leaves,ABL-ET2X-R-PreviousRawEdge-BilinearRGB,2.8065755367279053,32.821968514249654,7.7360405921936035,10.712955474853516
175,leaves,ABL-ET2X-R-PreviousRawEdge-ResolvedRGB,2.708284616470337,33.48450275758263,7.402270317077637,9.986408233642578
175,leaves,ABL-ET2X-R-PreviousRawEdge-CatmullRomRGB,2.637923240661621,33.529188609796314,7.775052547454834,10.566852569580078
176,seams,O-T2X-R,1.8014811277389526,36.03932460931802,2.160381317138672,3.1030397415161133
176,seams,ABL-ET2X-R-PreviousRawEdge-BilinearRGB,1.4073567390441895,37.94080419775743,2.3557357788085938,2.4707415103912354
176,seams,ABL-ET2X-R-PreviousRawEdge-ResolvedRGB,1.3866698741912842,38.17440162724539,2.216548442840576,2.5349745750427246
176,seams,ABL-ET2X-R-PreviousRawEdge-CatmullRomRGB,1.3725911378860474,38.4496390290369,2.2627131938934326,2.5501065254211426
176,thin-seam,O-T2X-R,1.9699435234069824,35.54747735021102,2.6280393600463867,3.9165122509002686
176,thin-seam,ABL-ET2X-R-PreviousRawEdge-BilinearRGB,1.4471029043197632,38.418964440389885,2.8197762966156006,3.1525068283081055
176,thin-seam,ABL-ET2X-R-PreviousRawEdge-ResolvedRGB,1.4571939706802368,38.314187213172715,2.69709849357605,3.234663248062134
176,thin-seam,ABL-ET2X-R-PreviousRawEdge-CatmullRomRGB,1.4345703125,38.690091315784876,2.770625114440918,3.2779598236083984
176,leaves,O-T2X-R,2.7562825679779053,33.89095195917435,6.963980674743652,8.62360954284668
176,leaves,ABL-ET2X-R-PreviousRawEdge-BilinearRGB,2.776871681213379,32.911163487804515,7.845460414886475,10.841011047363281
176,leaves,ABL-ET2X-R-PreviousRawEdge-ResolvedRGB,2.7066242694854736,33.424920245266385,7.493247985839844,10.119312286376953
176,leaves,ABL-ET2X-R-PreviousRawEdge-CatmullRomRGB,2.6407389640808105,33.441018913754675,7.845412254333496,10.668381690979004
177,seams,O-T2X-R,1.8428385257720947,34.886813553458644,1.8995720148086548,1.613532304763794
177,seams,ABL-ET2X-R-PreviousRawEdge-BilinearRGB,1.5111815929412842,37.10245625393771,2.1088218688964844,2.5196266174316406
177,seams,ABL-ET2X-R-PreviousRawEdge-ResolvedRGB,1.5118978023529053,37.09239339629627,2.071146011352539,2.4758152961730957
177,seams,ABL-ET2X-R-PreviousRawEdge-CatmullRomRGB,1.4789388179779053,37.4180501066129,2.1149611473083496,2.4889233112335205
177,thin-seam,O-T2X-R,1.9854058027267456,34.82197591623588,2.4384348392486572,1.803018569946289
177,thin-seam,ABL-ET2X-R-PreviousRawEdge-BilinearRGB,1.4637044668197632,38.178637856147986,2.6339316368103027,2.9205682277679443
177,thin-seam,ABL-ET2X-R-PreviousRawEdge-ResolvedRGB,1.5136176347732544,37.88518014053973,2.5275704860687256,3.090428590774536
177,thin-seam,ABL-ET2X-R-PreviousRawEdge-CatmullRomRGB,1.4822591543197632,38.29104718992855,2.601773977279663,3.1135318279266357
177,leaves,O-T2X-R,2.937793016433716,33.3423451189623,6.812737464904785,9.506778717041016
177,leaves,ABL-ET2X-R-PreviousRawEdge-BilinearRGB,2.807877540588379,32.725394717114085,7.866517543792725,11.031402587890625
177,leaves,ABL-ET2X-R-PreviousRawEdge-ResolvedRGB,2.755126953125,33.14639893742165,7.521662712097168,10.29171371459961
177,leaves,ABL-ET2X-R-PreviousRawEdge-CatmullRomRGB,2.689453125,33.164349037656876,7.8765387535095215,10.854970932006836
178,seams,O-T2X-R,1.9475911855697632,34.79345830086881,2.2514445781707764,3.2383735179901123
178,seams,ABL-ET2X-R-PreviousRawEdge-BilinearRGB,1.5094400644302368,38.25075929772404,2.0824689865112305,2.2135632038116455
178,seams,ABL-ET2X-R-PreviousRawEdge-ResolvedRGB,1.4956868886947632,38.304462977567624,1.9888837337493896,2.2502529621124268
178,seams,ABL-ET2X-R-PreviousRawEdge-CatmullRomRGB,1.4755859375,38.58108043481319,2.0397682189941406,2.2800192832946777
178,thin-seam,O-T2X-R,2.0623371601104736,34.92149918572756,2.6028172969818115,4.03803825378418
178,thin-seam,ABL-ET2X-R-PreviousRawEdge-BilinearRGB,1.5400933027267456,38.14654800223281,2.726893663406372,2.8928639888763428
178,thin-seam,ABL-ET2X-R-PreviousRawEdge-ResolvedRGB,1.5157334804534912,38.32893481094031,2.4960033893585205,2.916330337524414
178,thin-seam,ABL-ET2X-R-PreviousRawEdge-CatmullRomRGB,1.4798177480697632,38.79353037294657,2.579897880554199,2.9898808002471924
178,leaves,O-T2X-R,2.7236979007720947,33.9103274616882,7.074576377868652,8.643630981445312
178,leaves,ABL-ET2X-R-PreviousRawEdge-BilinearRGB,2.8043456077575684,32.72647619458929,7.827384948730469,10.999748229980469
178,leaves,ABL-ET2X-R-PreviousRawEdge-ResolvedRGB,2.7444498538970947,33.16389633772852,7.501748561859131,10.302409172058105
178,leaves,ABL-ET2X-R-PreviousRawEdge-CatmullRomRGB,2.6814615726470947,33.1621846874874,7.878525733947754,10.901582717895508
179,seams,O-T2X-R,1.9125651121139526,34.84678839737369,1.7779258489608765,1.8932726383209229
179,seams,ABL-ET2X-R-PreviousRawEdge-BilinearRGB,1.4827148914337158,37.615271382678614,2.2669613361358643,2.5767459869384766
179,seams,ABL-ET2X-R-PreviousRawEdge-ResolvedRGB,1.4967447519302368,37.3557880317714,2.226409912109375,2.5428128242492676
179,seams,ABL-ET2X-R-PreviousRawEdge-CatmullRomRGB,1.454492211341858,37.818744853086315,2.2734484672546387,2.5722742080688477
179,thin-seam,O-T2X-R,2.0617947578430176,34.34252630294972,2.1976630687713623,2.084782838821411
179,thin-seam,ABL-ET2X-R-PreviousRawEdge-BilinearRGB,1.6452908515930176,37.49837088880183,2.819960594177246,3.4868996143341064
179,thin-seam,ABL-ET2X-R-PreviousRawEdge-ResolvedRGB,1.6214193105697632,37.67399234414494,2.723792314529419,3.368520498275757
179,thin-seam,ABL-ET2X-R-PreviousRawEdge-CatmullRomRGB,1.5296766757965088,38.56313576962154,2.8033487796783447,3.4228391647338867
179,leaves,O-T2X-R,2.89453125,33.528870213124065,6.864383697509766,9.476818084716797
179,leaves,ABL-ET2X-R-PreviousRawEdge-BilinearRGB,2.7345213890075684,33.05775192519123,7.8331098556518555,10.867690086364746
179,leaves,ABL-ET2X-R-PreviousRawEdge-ResolvedRGB,2.6849772930145264,33.48925845444653,7.522493839263916,10.230958938598633
179,leaves,ABL-ET2X-R-PreviousRawEdge-CatmullRomRGB,2.6105306148529053,33.50194909283249,7.908194065093994,10.854179382324219
180,seams,O-T2X-R,2.0679688453674316,33.84413627778458,2.1335742473602295,2.961974620819092
180,seams,ABL-ET2X-R-PreviousRawEdge-BilinearRGB,1.7075684070587158,35.71793611758817,2.249945878982544,2.437605142593384
180,seams,ABL-ET2X-R-PreviousRawEdge-ResolvedRGB,1.6655762195587158,36.12008327054725,2.050772190093994,2.351013660430908
180,seams,ABL-ET2X-R-PreviousRawEdge-CatmullRomRGB,1.6345378160476685,36.37274755931798,2.0926194190979004,2.382922649383545
180,thin-seam,O-T2X-R,2.355523109436035,33.053835925718076,2.514410972595215,3.51788592338562
180,thin-seam,ABL-ET2X-R-PreviousRawEdge-BilinearRGB,1.7052408456802368,36.382144689586184,2.7662947177886963,3.2717180252075195
180,thin-seam,ABL-ET2X-R-PreviousRawEdge-ResolvedRGB,1.6815863847732544,36.720155854121955,2.4563486576080322,3.1127634048461914
180,thin-seam,ABL-ET2X-R-PreviousRawEdge-CatmullRomRGB,1.6156684160232544,37.08899062998127,2.514300584793091,3.178981065750122
180,leaves,O-T2X-R,2.662386178970337,34.22051310067286,7.0141706466674805,8.544849395751953
180,leaves,ABL-ET2X-R-PreviousRawEdge-BilinearRGB,2.7262206077575684,33.048613396785605,7.8521833419799805,10.842275619506836
180,leaves,ABL-ET2X-R-PreviousRawEdge-ResolvedRGB,2.6571614742279053,33.57777388350356,7.534310817718506,10.179783821105957
180,leaves,ABL-ET2X-R-PreviousRawEdge-CatmullRomRGB,2.576122999191284,33.628650811353786,7.9213056564331055,10.801473617553711
181,seams,O-T2X-R,1.7432780265808105,36.55701221404265,1.8863261938095093,2.8458430767059326
181,seams,ABL-ET2X-R-PreviousRawEdge-BilinearRGB,1.8788899183273315,34.15682133329288,0.49820804595947266,2.2898967266082764
181,seams,ABL-ET2X-R-PreviousRawEdge-ResolvedRGB,1.8221029043197632,34.73518302352672,0.3807757496833801,2.05833101272583
181,seams,ABL-ET2X-R-PreviousRawEdge-CatmullRomRGB,1.8245768547058105,34.72332290870736,0.32360443472862244,2.069002389907837
181,thin-seam,O-T2X-R,1.7615017890930176,36.77859342837749,2.427645683288574,3.5026190280914307
181,thin-seam,ABL-ET2X-R-PreviousRawEdge-BilinearRGB,1.9865450859069824,33.64618275659018,0.8889718055725098,2.8010094165802
181,thin-seam,ABL-ET2X-R-PreviousRawEdge-ResolvedRGB,1.8996853828430176,34.6650604923686,0.6213219165802002,2.4123847484588623
181,thin-seam,ABL-ET2X-R-PreviousRawEdge-CatmullRomRGB,1.8964301347732544,34.61695485263695,0.5453960299491882,2.453645944595337
181,leaves,O-T2X-R,3.738964796066284,31.884250339504593,3.5952630043029785,9.493305206298828
181,leaves,ABL-ET2X-R-PreviousRawEdge-BilinearRGB,2.9464354515075684,31.970733191939473,0.7987371683120728,7.884407043457031
181,leaves,ABL-ET2X-R-PreviousRawEdge-ResolvedRGB,2.863574266433716,32.366167658994804,0.8763477206230164,7.51128625869751
181,leaves,ABL-ET2X-R-PreviousRawEdge-CatmullRomRGB,2.8622395992279053,32.367626445762845,0.7933792471885681,8.027629852294922
182,seams,O-T2X-R,1.2729328870773315,38.302918288406566,0.9531251192092896,2.6548001766204834
182,seams,ABL-ET2X-R-PreviousRawEdge-BilinearRGB,1.8788899183273315,34.15682133329288,0.0,0.49820804595947266
182,seams,ABL-ET2X-R-PreviousRawEdge-ResolvedRGB,1.8519206047058105,34.449406103458514,0.05085252970457077,0.33030545711517334
182,seams,ABL-ET2X-R-PreviousRawEdge-CatmullRomRGB,1.8498860597610474,34.454869635812685,0.037019599229097366,0.2869948744773865
182,thin-seam,O-T2X-R,1.2390950918197632,39.47512344066054,1.0935508012771606,3.316465377807617
182,thin-seam,ABL-ET2X-R-PreviousRawEdge-BilinearRGB,1.9865450859069824,33.64618275659018,0.0,0.8889718055725098
182,thin-seam,ABL-ET2X-R-PreviousRawEdge-ResolvedRGB,1.9434136152267456,34.159846988214724,0.0783931314945221,0.5429288148880005
182,thin-seam,ABL-ET2X-R-PreviousRawEdge-CatmullRomRGB,1.939453125,34.151271650483835,0.06424269825220108,0.48115333914756775
182,leaves,O-T2X-R,2.4217610359191895,34.537924850979046,2.816697359085083,6.329148769378662
182,leaves,ABL-ET2X-R-PreviousRawEdge-BilinearRGB,2.9464354515075684,31.970733191939473,0.0,0.7987371683120728
182,leaves,ABL-ET2X-R-PreviousRawEdge-ResolvedRGB,2.901888132095337,32.18268576435153,0.06411300599575043,0.8139710426330566
182,leaves,ABL-ET2X-R-PreviousRawEdge-CatmullRomRGB,2.9029622077941895,32.17742042191868,0.059098951518535614,0.7356410026550293
183,seams,O-T2X-R,1.2729328870773315,38.302918288406566,0.0,0.9531251192092896
183,seams,ABL-ET2X-R-PreviousRawEdge-BilinearRGB,1.8788899183273315,34.15682133329288,0.0,0.0
183,seams,ABL-ET2X-R-PreviousRawEdge-ResolvedRGB,1.864892601966858,34.29355253448209,0.01811382733285427,0.03300511837005615
183,seams,ABL-ET2X-R-PreviousRawEdge-CatmullRomRGB,1.8612792491912842,34.309169826107436,0.01234485674649477,0.02494935318827629
183,thin-seam,O-T2X-R,1.2390950918197632,39.47512344066054,0.0,1.0935508012771606
183,thin-seam,ABL-ET2X-R-PreviousRawEdge-BilinearRGB,1.9865450859069824,33.64618275659018,0.0,0.0
183,thin-seam,ABL-ET2X-R-PreviousRawEdge-ResolvedRGB,1.9649522304534912,33.902810569669484,0.03516603633761406,0.043227165937423706
183,thin-seam,ABL-ET2X-R-PreviousRawEdge-CatmullRomRGB,1.9579535722732544,33.91256763188872,0.02317022532224655,0.04107249900698662
183,leaves,O-T2X-R,2.4217610359191895,34.537924850979046,0.0,2.816697359085083
183,leaves,ABL-ET2X-R-PreviousRawEdge-BilinearRGB,2.9464354515075684,31.970733191939473,0.0,0.0
183,leaves,ABL-ET2X-R-PreviousRawEdge-ResolvedRGB,2.91552734375,32.098552428946626,0.015789205208420753,0.04952031746506691
183,leaves,ABL-ET2X-R-PreviousRawEdge-CatmullRomRGB,2.9178709983825684,32.08548823793388,0.016957338899374008,0.04324880614876747
184,seams,O-T2X-R,1.2729328870773315,38.302918288406566,0.0,0.0
184,seams,ABL-ET2X-R-PreviousRawEdge-BilinearRGB,1.8788899183273315,34.15682133329288,0.0,0.0
184,seams,ABL-ET2X-R-PreviousRawEdge-ResolvedRGB,1.8697590827941895,34.22628821906614,0.0046401964500546455,0.013736885972321033
184,seams,ABL-ET2X-R-PreviousRawEdge-CatmullRomRGB,1.865966796875,34.2451566979682,0.004083105828613043,0.00848936103284359
184,thin-seam,O-T2X-R,1.2390950918197632,39.47512344066054,0.0,0.0
184,thin-seam,ABL-ET2X-R-PreviousRawEdge-BilinearRGB,1.9865450859069824,33.64618275659018,0.0,0.0
184,thin-seam,ABL-ET2X-R-PreviousRawEdge-ResolvedRGB,1.9728189706802368,33.79476997897677,0.008569697849452496,0.02659633755683899
184,thin-seam,ABL-ET2X-R-PreviousRawEdge-CatmullRomRGB,1.9657118320465088,33.80858751325598,0.007777900900691748,0.015392324887216091
184,leaves,O-T2X-R,2.4217610359191895,34.537924850979046,0.0,0.0
184,leaves,ABL-ET2X-R-PreviousRawEdge-BilinearRGB,2.9464354515075684,31.970733191939473,0.0,0.0
184,leaves,ABL-ET2X-R-PreviousRawEdge-ResolvedRGB,2.9198079109191895,32.06330150771957,0.004185818135738373,0.011908546090126038
184,leaves,ABL-ET2X-R-PreviousRawEdge-CatmullRomRGB,2.923095703125,32.04463968903361,0.0054591684602200985,0.011935464106500149
185,seams,O-T2X-R,1.2729328870773315,38.302918288406566,0.0,0.0
185,seams,ABL-ET2X-R-PreviousRawEdge-BilinearRGB,1.8788899183273315,34.15682133329288,0.0,0.0
185,seams,ABL-ET2X-R-PreviousRawEdge-ResolvedRGB,1.8720703125,34.190735586173595,0.0023053032346069813,0.0023419507779181004
185,seams,ABL-ET2X-R-PreviousRawEdge-CatmullRomRGB,1.868261694908142,34.210260594461026,0.002085978165268898,0.0020041880197823048
185,thin-seam,O-T2X-R,1.2390950918197632,39.47512344066054,0.0,0.0
185,thin-seam,ABL-ET2X-R-PreviousRawEdge-BilinearRGB,1.9865450859069824,33.64618275659018,0.0,0.0
185,thin-seam,ABL-ET2X-R-PreviousRawEdge-ResolvedRGB,1.9772677421569824,33.729849289477244,0.0051713124848902225,0.0033983998000621796
185,thin-seam,ABL-ET2X-R-PreviousRawEdge-CatmullRomRGB,1.9701063632965088,33.7462162775332,0.004208075348287821,0.003569840220734477
185,leaves,O-T2X-R,2.4217610359191895,34.537924850979046,0.0,0.0
185,leaves,ABL-ET2X-R-PreviousRawEdge-BilinearRGB,2.9464354515075684,31.970733191939473,0.0,0.0
185,leaves,ABL-ET2X-R-PreviousRawEdge-ResolvedRGB,2.9208333492279053,32.05276425060688,0.0008104758453555405,0.0033753428142517805
185,leaves,ABL-ET2X-R-PreviousRawEdge-CatmullRomRGB,2.924527883529663,32.03092746425344,0.0012105850037187338,0.0042485869489610195
186,seams,O-T2X-R,1.2729328870773315,38.302918288406566,0.0,0.0
186,seams,ABL-ET2X-R-PreviousRawEdge-BilinearRGB,1.8788899183273315,34.15682133329288,0.0,0.0
186,seams,ABL-ET2X-R-PreviousRawEdge-ResolvedRGB,1.8721842765808105,34.18906680755564,0.00019536986656021327,0.00210993317887187
186,seams,ABL-ET2X-R-PreviousRawEdge-CatmullRomRGB,1.8686686754226685,34.20298991085411,0.0004883419605903327,0.0015976384747773409
186,thin-seam,O-T2X-R,1.2390950918197632,39.47512344066054,0.0,0.0
186,thin-seam,ABL-ET2X-R-PreviousRawEdge-BilinearRGB,1.9865450859069824,33.64618275659018,0.0,0.0
186,thin-seam,ABL-ET2X-R-PreviousRawEdge-ResolvedRGB,1.9773221015930176,33.72913941844409,3.46029810316395e-05,0.005136709660291672
186,thin-seam,ABL-ET2X-R-PreviousRawEdge-CatmullRomRGB,1.9712456464767456,33.72836984608477,0.001580800861120224,0.002627277048304677
186,leaves,O-T2X-R,2.4217610359191895,34.537924850979046,0.0,0.0
186,leaves,ABL-ET2X-R-PreviousRawEdge-BilinearRGB,2.9464354515075684,31.970733191939473,0.0,0.0
186,leaves,ABL-ET2X-R-PreviousRawEdge-ResolvedRGB,2.9210774898529053,32.04982644912493,0.00012829061597585678,0.0006821859860792756
186,leaves,ABL-ET2X-R-PreviousRawEdge-CatmullRomRGB,2.9249186515808105,32.02633518054262,0.0002570897340774536,0.0009534964337944984
187,seams,O-T2X-R,1.2729328870773315,38.302918288406566,0.0,0.0
187,seams,ABL-ET2X-R-PreviousRawEdge-BilinearRGB,1.8788899183273315,34.15682133329288,0.0,0.0
187,seams,ABL-ET2X-R-PreviousRawEdge-ResolvedRGB,1.8721842765808105,34.18906680755564,0.0,0.00019536986656021327
187,seams,ABL-ET2X-R-PreviousRawEdge-CatmullRomRGB,1.8686686754226685,34.20298991085411,0.0,0.0004883419605903327
187,thin-seam,O-T2X-R,1.2390950918197632,39.47512344066054,0.0,0.0
187,thin-seam,ABL-ET2X-R-PreviousRawEdge-BilinearRGB,1.9865450859069824,33.64618275659018,0.0,0.0
187,thin-seam,ABL-ET2X-R-PreviousRawEdge-ResolvedRGB,1.9773221015930176,33.72913941844409,0.0,3.46029810316395e-05
187,thin-seam,ABL-ET2X-R-PreviousRawEdge-CatmullRomRGB,1.9712456464767456,33.72836984608477,0.0,0.001580800861120224
187,leaves,O-T2X-R,2.4217610359191895,34.537924850979046,0.0,0.0
187,leaves,ABL-ET2X-R-PreviousRawEdge-BilinearRGB,2.9464354515075684,31.970733191939473,0.0,0.0
187,leaves,ABL-ET2X-R-PreviousRawEdge-ResolvedRGB,2.921142578125,32.04907740301677,2.7812644475488923e-05,0.00010047834075521678
187,leaves,ABL-ET2X-R-PreviousRawEdge-CatmullRomRGB,2.925032615661621,32.02474255104591,6.581060733878985e-05,0.00019127913401462138
188,seams,O-T2X-R,1.2729328870773315,38.302918288406566,0.0,0.0
188,seams,ABL-ET2X-R-PreviousRawEdge-BilinearRGB,1.8788899183273315,34.15682133329288,0.0,0.0
188,seams,ABL-ET2X-R-PreviousRawEdge-ResolvedRGB,1.8721842765808105,34.18906680755564,0.0,0.0
188,seams,ABL-ET2X-R-PreviousRawEdge-CatmullRomRGB,1.8686686754226685,34.20298991085411,0.0,0.0
188,thin-seam,O-T2X-R,1.2390950918197632,39.47512344066054,0.0,0.0
188,thin-seam,ABL-ET2X-R-PreviousRawEdge-BilinearRGB,1.9865450859069824,33.64618275659018,0.0,0.0
188,thin-seam,ABL-ET2X-R-PreviousRawEdge-ResolvedRGB,1.9773221015930176,33.72913941844409,0.0,0.0
188,thin-seam,ABL-ET2X-R-PreviousRawEdge-CatmullRomRGB,1.9712456464767456,33.72836984608477,0.0,0.0
188,leaves,O-T2X-R,2.4217610359191895,34.537924850979046,0.0,0.0
188,leaves,ABL-ET2X-R-PreviousRawEdge-BilinearRGB,2.9464354515075684,31.970733191939473,0.0,0.0
188,leaves,ABL-ET2X-R-PreviousRawEdge-ResolvedRGB,2.921142578125,32.04907740301677,0.0,2.7812644475488923e-05
188,leaves,ABL-ET2X-R-PreviousRawEdge-CatmullRomRGB,2.925032615661621,32.02474255104591,0.0,6.581060733878985e-05
189,seams,O-T2X-R,1.2729328870773315,38.302918288406566,0.0,0.0
189,seams,ABL-ET2X-R-PreviousRawEdge-BilinearRGB,1.8788899183273315,34.15682133329288,0.0,0.0
189,seams,ABL-ET2X-R-PreviousRawEdge-ResolvedRGB,1.8721842765808105,34.18906680755564,0.0,0.0
189,seams,ABL-ET2X-R-PreviousRawEdge-CatmullRomRGB,1.8686686754226685,34.20298991085411,0.0,0.0
189,thin-seam,O-T2X-R,1.2390950918197632,39.47512344066054,0.0,0.0
189,thin-seam,ABL-ET2X-R-PreviousRawEdge-BilinearRGB,1.9865450859069824,33.64618275659018,0.0,0.0
189,thin-seam,ABL-ET2X-R-PreviousRawEdge-ResolvedRGB,1.9773221015930176,33.72913941844409,0.0,0.0
189,thin-seam,ABL-ET2X-R-PreviousRawEdge-CatmullRomRGB,1.9712456464767456,33.72836984608477,0.0,0.0
189,leaves,O-T2X-R,2.4217610359191895,34.537924850979046,0.0,0.0
189,leaves,ABL-ET2X-R-PreviousRawEdge-BilinearRGB,2.9464354515075684,31.970733191939473,0.0,0.0
189,leaves,ABL-ET2X-R-PreviousRawEdge-ResolvedRGB,2.921142578125,32.04907740301677,0.0,0.0
189,leaves,ABL-ET2X-R-PreviousRawEdge-CatmullRomRGB,2.925032615661621,32.02474255104591,0.0,0.0
190,seams,O-T2X-R,1.2729328870773315,38.302918288406566,0.0,0.0
190,seams,ABL-ET2X-R-PreviousRawEdge-BilinearRGB,1.8788899183273315,34.15682133329288,0.0,0.0
190,seams,ABL-ET2X-R-PreviousRawEdge-ResolvedRGB,1.8721842765808105,34.18906680755564,0.0,0.0
190,seams,ABL-ET2X-R-PreviousRawEdge-CatmullRomRGB,1.8686686754226685,34.20298991085411,0.0,0.0
190,thin-seam,O-T2X-R,1.2390950918197632,39.47512344066054,0.0,0.0
190,thin-seam,ABL-ET2X-R-PreviousRawEdge-BilinearRGB,1.9865450859069824,33.64618275659018,0.0,0.0
190,thin-seam,ABL-ET2X-R-PreviousRawEdge-ResolvedRGB,1.9773221015930176,33.72913941844409,0.0,0.0
190,thin-seam,ABL-ET2X-R-PreviousRawEdge-CatmullRomRGB,1.9712456464767456,33.72836984608477,0.0,0.0
190,leaves,O-T2X-R,2.4217610359191895,34.537924850979046,0.0,0.0
190,leaves,ABL-ET2X-R-PreviousRawEdge-BilinearRGB,2.9464354515075684,31.970733191939473,0.0,0.0
190,leaves,ABL-ET2X-R-PreviousRawEdge-ResolvedRGB,2.921142578125,32.04907740301677,0.0,0.0
190,leaves,ABL-ET2X-R-PreviousRawEdge-CatmullRomRGB,2.925032615661621,32.02474255104591,0.0,0.0
191,seams,O-T2X-R,1.2729328870773315,38.302918288406566,0.0,0.0
191,seams,ABL-ET2X-R-PreviousRawEdge-BilinearRGB,1.8788899183273315,34.15682133329288,0.0,0.0
191,seams,ABL-ET2X-R-PreviousRawEdge-ResolvedRGB,1.8721842765808105,34.18906680755564,0.0,0.0
191,seams,ABL-ET2X-R-PreviousRawEdge-CatmullRomRGB,1.8686686754226685,34.20298991085411,0.0,0.0
191,thin-seam,O-T2X-R,1.2390950918197632,39.47512344066054,0.0,0.0
191,thin-seam,ABL-ET2X-R-PreviousRawEdge-BilinearRGB,1.9865450859069824,33.64618275659018,0.0,0.0
191,thin-seam,ABL-ET2X-R-PreviousRawEdge-ResolvedRGB,1.9773221015930176,33.72913941844409,0.0,0.0
191,thin-seam,ABL-ET2X-R-PreviousRawEdge-CatmullRomRGB,1.9712456464767456,33.72836984608477,0.0,0.0
191,leaves,O-T2X-R,2.4217610359191895,34.537924850979046,0.0,0.0
191,leaves,ABL-ET2X-R-PreviousRawEdge-BilinearRGB,2.9464354515075684,31.970733191939473,0.0,0.0
191,leaves,ABL-ET2X-R-PreviousRawEdge-ResolvedRGB,2.921142578125,32.04907740301677,0.0,0.0
191,leaves,ABL-ET2X-R-PreviousRawEdge-CatmullRomRGB,2.925032615661621,32.02474255104591,0.0,0.0
192,seams,O-T2X-R,1.2729328870773315,38.302918288406566,0.0,0.0
192,seams,ABL-ET2X-R-PreviousRawEdge-BilinearRGB,1.8788899183273315,34.15682133329288,0.0,0.0
192,seams,ABL-ET2X-R-PreviousRawEdge-ResolvedRGB,1.8721842765808105,34.18906680755564,0.0,0.0
192,seams,ABL-ET2X-R-PreviousRawEdge-CatmullRomRGB,1.8686686754226685,34.20298991085411,0.0,0.0
192,thin-seam,O-T2X-R,1.2390950918197632,39.47512344066054,0.0,0.0
192,thin-seam,ABL-ET2X-R-PreviousRawEdge-BilinearRGB,1.9865450859069824,33.64618275659018,0.0,0.0
192,thin-seam,ABL-ET2X-R-PreviousRawEdge-ResolvedRGB,1.9773221015930176,33.72913941844409,0.0,0.0
192,thin-seam,ABL-ET2X-R-PreviousRawEdge-CatmullRomRGB,1.9712456464767456,33.72836984608477,0.0,0.0
192,leaves,O-T2X-R,2.4217610359191895,34.537924850979046,0.0,0.0
192,leaves,ABL-ET2X-R-PreviousRawEdge-BilinearRGB,2.9464354515075684,31.970733191939473,0.0,0.0
192,leaves,ABL-ET2X-R-PreviousRawEdge-ResolvedRGB,2.921142578125,32.04907740301677,0.0,0.0
192,leaves,ABL-ET2X-R-PreviousRawEdge-CatmullRomRGB,2.925032615661621,32.02474255104591,0.0,0.0
193,seams,O-T2X-R,1.2729328870773315,38.302918288406566,0.0,0.0
193,seams,ABL-ET2X-R-PreviousRawEdge-BilinearRGB,1.8788899183273315,34.15682133329288,0.0,0.0
193,seams,ABL-ET2X-R-PreviousRawEdge-ResolvedRGB,1.8721842765808105,34.18906680755564,0.0,0.0
193,seams,ABL-ET2X-R-PreviousRawEdge-CatmullRomRGB,1.8686686754226685,34.20298991085411,0.0,0.0
193,thin-seam,O-T2X-R,1.2390950918197632,39.47512344066054,0.0,0.0
193,thin-seam,ABL-ET2X-R-PreviousRawEdge-BilinearRGB,1.9865450859069824,33.64618275659018,0.0,0.0
193,thin-seam,ABL-ET2X-R-PreviousRawEdge-ResolvedRGB,1.9773221015930176,33.72913941844409,0.0,0.0
193,thin-seam,ABL-ET2X-R-PreviousRawEdge-CatmullRomRGB,1.9712456464767456,33.72836984608477,0.0,0.0
193,leaves,O-T2X-R,2.4217610359191895,34.537924850979046,0.0,0.0
193,leaves,ABL-ET2X-R-PreviousRawEdge-BilinearRGB,2.9464354515075684,31.970733191939473,0.0,0.0
193,leaves,ABL-ET2X-R-PreviousRawEdge-ResolvedRGB,2.921142578125,32.04907740301677,0.0,0.0
193,leaves,ABL-ET2X-R-PreviousRawEdge-CatmullRomRGB,2.925032615661621,32.02474255104591,0.0,0.0
194,seams,O-T2X-R,1.2729328870773315,38.302918288406566,0.0,0.0
194,seams,ABL-ET2X-R-PreviousRawEdge-BilinearRGB,1.8788899183273315,34.15682133329288,0.0,0.0
194,seams,ABL-ET2X-R-PreviousRawEdge-ResolvedRGB,1.8721842765808105,34.18906680755564,0.0,0.0
194,seams,ABL-ET2X-R-PreviousRawEdge-CatmullRomRGB,1.8686686754226685,34.20298991085411,0.0,0.0
194,thin-seam,O-T2X-R,1.2390950918197632,39.47512344066054,0.0,0.0
194,thin-seam,ABL-ET2X-R-PreviousRawEdge-BilinearRGB,1.9865450859069824,33.64618275659018,0.0,0.0
194,thin-seam,ABL-ET2X-R-PreviousRawEdge-ResolvedRGB,1.9773221015930176,33.72913941844409,0.0,0.0
194,thin-seam,ABL-ET2X-R-PreviousRawEdge-CatmullRomRGB,1.9712456464767456,33.72836984608477,0.0,0.0
194,leaves,O-T2X-R,2.4217610359191895,34.537924850979046,0.0,0.0
194,leaves,ABL-ET2X-R-PreviousRawEdge-BilinearRGB,2.9464354515075684,31.970733191939473,0.0,0.0
194,leaves,ABL-ET2X-R-PreviousRawEdge-ResolvedRGB,2.921142578125,32.04907740301677,0.0,0.0
194,leaves,ABL-ET2X-R-PreviousRawEdge-CatmullRomRGB,2.925032615661621,32.02474255104591,0.0,0.0
195,seams,O-T2X-R,1.2729328870773315,38.302918288406566,0.0,0.0
195,seams,ABL-ET2X-R-PreviousRawEdge-BilinearRGB,1.8788899183273315,34.15682133329288,0.0,0.0
195,seams,ABL-ET2X-R-PreviousRawEdge-ResolvedRGB,1.8721842765808105,34.18906680755564,0.0,0.0
195,seams,ABL-ET2X-R-PreviousRawEdge-CatmullRomRGB,1.8686686754226685,34.20298991085411,0.0,0.0
195,thin-seam,O-T2X-R,1.2390950918197632,39.47512344066054,0.0,0.0
195,thin-seam,ABL-ET2X-R-PreviousRawEdge-BilinearRGB,1.9865450859069824,33.64618275659018,0.0,0.0
195,thin-seam,ABL-ET2X-R-PreviousRawEdge-ResolvedRGB,1.9773221015930176,33.72913941844409,0.0,0.0
195,thin-seam,ABL-ET2X-R-PreviousRawEdge-CatmullRomRGB,1.9712456464767456,33.72836984608477,0.0,0.0
195,leaves,O-T2X-R,2.4217610359191895,34.537924850979046,0.0,0.0
195,leaves,ABL-ET2X-R-PreviousRawEdge-BilinearRGB,2.9464354515075684,31.970733191939473,0.0,0.0
195,leaves,ABL-ET2X-R-PreviousRawEdge-ResolvedRGB,2.921142578125,32.04907740301677,0.0,0.0
195,leaves,ABL-ET2X-R-PreviousRawEdge-CatmullRomRGB,2.925032615661621,32.02474255104591,0.0,0.0
196,seams,O-T2X-R,1.2729328870773315,38.302918288406566,0.0,0.0
196,seams,ABL-ET2X-R-PreviousRawEdge-BilinearRGB,1.8788899183273315,34.15682133329288,0.0,0.0
196,seams,ABL-ET2X-R-PreviousRawEdge-ResolvedRGB,1.8721842765808105,34.18906680755564,0.0,0.0
196,seams,ABL-ET2X-R-PreviousRawEdge-CatmullRomRGB,1.8686686754226685,34.20298991085411,0.0,0.0
196,thin-seam,O-T2X-R,1.2390950918197632,39.47512344066054,0.0,0.0
196,thin-seam,ABL-ET2X-R-PreviousRawEdge-BilinearRGB,1.9865450859069824,33.64618275659018,0.0,0.0
196,thin-seam,ABL-ET2X-R-PreviousRawEdge-ResolvedRGB,1.9773221015930176,33.72913941844409,0.0,0.0
196,thin-seam,ABL-ET2X-R-PreviousRawEdge-CatmullRomRGB,1.9712456464767456,33.72836984608477,0.0,0.0
196,leaves,O-T2X-R,2.4217610359191895,34.537924850979046,0.0,0.0
196,leaves,ABL-ET2X-R-PreviousRawEdge-BilinearRGB,2.9464354515075684,31.970733191939473,0.0,0.0
196,leaves,ABL-ET2X-R-PreviousRawEdge-ResolvedRGB,2.921142578125,32.04907740301677,0.0,0.0
196,leaves,ABL-ET2X-R-PreviousRawEdge-CatmullRomRGB,2.925032615661621,32.02474255104591,0.0,0.0
197,seams,O-T2X-R,1.2729328870773315,38.302918288406566,0.0,0.0
197,seams,ABL-ET2X-R-PreviousRawEdge-BilinearRGB,1.8788899183273315,34.15682133329288,0.0,0.0
197,seams,ABL-ET2X-R-PreviousRawEdge-ResolvedRGB,1.8721842765808105,34.18906680755564,0.0,0.0
197,seams,ABL-ET2X-R-PreviousRawEdge-CatmullRomRGB,1.8686686754226685,34.20298991085411,0.0,0.0
197,thin-seam,O-T2X-R,1.2390950918197632,39.47512344066054,0.0,0.0
197,thin-seam,ABL-ET2X-R-PreviousRawEdge-BilinearRGB,1.9865450859069824,33.64618275659018,0.0,0.0
197,thin-seam,ABL-ET2X-R-PreviousRawEdge-ResolvedRGB,1.9773221015930176,33.72913941844409,0.0,0.0
197,thin-seam,ABL-ET2X-R-PreviousRawEdge-CatmullRomRGB,1.9712456464767456,33.72836984608477,0.0,0.0
197,leaves,O-T2X-R,2.4217610359191895,34.537924850979046,0.0,0.0
197,leaves,ABL-ET2X-R-PreviousRawEdge-BilinearRGB,2.9464354515075684,31.970733191939473,0.0,0.0
197,leaves,ABL-ET2X-R-PreviousRawEdge-ResolvedRGB,2.921142578125,32.04907740301677,0.0,0.0
197,leaves,ABL-ET2X-R-PreviousRawEdge-CatmullRomRGB,2.925032615661621,32.02474255104591,0.0,0.0
198,seams,O-T2X-R,1.2729328870773315,38.302918288406566,0.0,0.0
198,seams,ABL-ET2X-R-PreviousRawEdge-BilinearRGB,1.8788899183273315,34.15682133329288,0.0,0.0
198,seams,ABL-ET2X-R-PreviousRawEdge-ResolvedRGB,1.8721842765808105,34.18906680755564,0.0,0.0
198,seams,ABL-ET2X-R-PreviousRawEdge-CatmullRomRGB,1.8686686754226685,34.20298991085411,0.0,0.0
198,thin-seam,O-T2X-R,1.2390950918197632,39.47512344066054,0.0,0.0
198,thin-seam,ABL-ET2X-R-PreviousRawEdge-BilinearRGB,1.9865450859069824,33.64618275659018,0.0,0.0
198,thin-seam,ABL-ET2X-R-PreviousRawEdge-ResolvedRGB,1.9773221015930176,33.72913941844409,0.0,0.0
198,thin-seam,ABL-ET2X-R-PreviousRawEdge-CatmullRomRGB,1.9712456464767456,33.72836984608477,0.0,0.0
198,leaves,O-T2X-R,2.4217610359191895,34.537924850979046,0.0,0.0
198,leaves,ABL-ET2X-R-PreviousRawEdge-BilinearRGB,2.9464354515075684,31.970733191939473,0.0,0.0
198,leaves,ABL-ET2X-R-PreviousRawEdge-ResolvedRGB,2.921142578125,32.04907740301677,0.0,0.0
198,leaves,ABL-ET2X-R-PreviousRawEdge-CatmullRomRGB,2.925032615661621,32.02474255104591,0.0,0.0
199,seams,O-T2X-R,1.2729328870773315,38.302918288406566,0.0,0.0
199,seams,ABL-ET2X-R-PreviousRawEdge-BilinearRGB,1.8788899183273315,34.15682133329288,0.0,0.0
199,seams,ABL-ET2X-R-PreviousRawEdge-ResolvedRGB,1.8721842765808105,34.18906680755564,0.0,0.0
199,seams,ABL-ET2X-R-PreviousRawEdge-CatmullRomRGB,1.8686686754226685,34.20298991085411,0.0,0.0
199,thin-seam,O-T2X-R,1.2390950918197632,39.47512344066054,0.0,0.0
199,thin-seam,ABL-ET2X-R-PreviousRawEdge-BilinearRGB,1.9865450859069824,33.64618275659018,0.0,0.0
199,thin-seam,ABL-ET2X-R-PreviousRawEdge-ResolvedRGB,1.9773221015930176,33.72913941844409,0.0,0.0
199,thin-seam,ABL-ET2X-R-PreviousRawEdge-CatmullRomRGB,1.9712456464767456,33.72836984608477,0.0,0.0
199,leaves,O-T2X-R,2.4217610359191895,34.537924850979046,0.0,0.0
199,leaves,ABL-ET2X-R-PreviousRawEdge-BilinearRGB,2.9464354515075684,31.970733191939473,0.0,0.0
199,leaves,ABL-ET2X-R-PreviousRawEdge-ResolvedRGB,2.921142578125,32.04907740301677,0.0,0.0
199,leaves,ABL-ET2X-R-PreviousRawEdge-CatmullRomRGB,2.925032615661621,32.02474255104591,0.0,0.0
200,seams,O-T2X-R,1.2729328870773315,38.302918288406566,0.0,0.0
200,seams,ABL-ET2X-R-PreviousRawEdge-BilinearRGB,1.8788899183273315,34.15682133329288,0.0,0.0
200,seams,ABL-ET2X-R-PreviousRawEdge-ResolvedRGB,1.8721842765808105,34.18906680755564,0.0,0.0
200,seams,ABL-ET2X-R-PreviousRawEdge-CatmullRomRGB,1.8686686754226685,34.20298991085411,0.0,0.0
200,thin-seam,O-T2X-R,1.2390950918197632,39.47512344066054,0.0,0.0
200,thin-seam,ABL-ET2X-R-PreviousRawEdge-BilinearRGB,1.9865450859069824,33.64618275659018,0.0,0.0
200,thin-seam,ABL-ET2X-R-PreviousRawEdge-ResolvedRGB,1.9773221015930176,33.72913941844409,0.0,0.0
200,thin-seam,ABL-ET2X-R-PreviousRawEdge-CatmullRomRGB,1.9712456464767456,33.72836984608477,0.0,0.0
200,leaves,O-T2X-R,2.4217610359191895,34.537924850979046,0.0,0.0
200,leaves,ABL-ET2X-R-PreviousRawEdge-BilinearRGB,2.9464354515075684,31.970733191939473,0.0,0.0
200,leaves,ABL-ET2X-R-PreviousRawEdge-ResolvedRGB,2.921142578125,32.04907740301677,0.0,0.0
200,leaves,ABL-ET2X-R-PreviousRawEdge-CatmullRomRGB,2.925032615661621,32.02474255104591,0.0,0.0
201,seams,O-T2X-R,1.2729328870773315,38.302918288406566,0.0,0.0
201,seams,ABL-ET2X-R-PreviousRawEdge-BilinearRGB,1.8788899183273315,34.15682133329288,0.0,0.0
201,seams,ABL-ET2X-R-PreviousRawEdge-ResolvedRGB,1.8721842765808105,34.18906680755564,0.0,0.0
201,seams,ABL-ET2X-R-PreviousRawEdge-CatmullRomRGB,1.8686686754226685,34.20298991085411,0.0,0.0
201,thin-seam,O-T2X-R,1.2390950918197632,39.47512344066054,0.0,0.0
201,thin-seam,ABL-ET2X-R-PreviousRawEdge-BilinearRGB,1.9865450859069824,33.64618275659018,0.0,0.0
201,thin-seam,ABL-ET2X-R-PreviousRawEdge-ResolvedRGB,1.9773221015930176,33.72913941844409,0.0,0.0
201,thin-seam,ABL-ET2X-R-PreviousRawEdge-CatmullRomRGB,1.9712456464767456,33.72836984608477,0.0,0.0
201,leaves,O-T2X-R,2.4217610359191895,34.537924850979046,0.0,0.0
201,leaves,ABL-ET2X-R-PreviousRawEdge-BilinearRGB,2.9464354515075684,31.970733191939473,0.0,0.0
201,leaves,ABL-ET2X-R-PreviousRawEdge-ResolvedRGB,2.921142578125,32.04907740301677,0.0,0.0
201,leaves,ABL-ET2X-R-PreviousRawEdge-CatmullRomRGB,2.925032615661621,32.02474255104591,0.0,0.0
202,seams,O-T2X-R,1.2729328870773315,38.302918288406566,0.0,0.0
202,seams,ABL-ET2X-R-PreviousRawEdge-BilinearRGB,1.8788899183273315,34.15682133329288,0.0,0.0
202,seams,ABL-ET2X-R-PreviousRawEdge-ResolvedRGB,1.8721842765808105,34.18906680755564,0.0,0.0
202,seams,ABL-ET2X-R-PreviousRawEdge-CatmullRomRGB,1.8686686754226685,34.20298991085411,0.0,0.0
202,thin-seam,O-T2X-R,1.2390950918197632,39.47512344066054,0.0,0.0
202,thin-seam,ABL-ET2X-R-PreviousRawEdge-BilinearRGB,1.9865450859069824,33.64618275659018,0.0,0.0
202,thin-seam,ABL-ET2X-R-PreviousRawEdge-ResolvedRGB,1.9773221015930176,33.72913941844409,0.0,0.0
202,thin-seam,ABL-ET2X-R-PreviousRawEdge-CatmullRomRGB,1.9712456464767456,33.72836984608477,0.0,0.0
202,leaves,O-T2X-R,2.4217610359191895,34.537924850979046,0.0,0.0
202,leaves,ABL-ET2X-R-PreviousRawEdge-BilinearRGB,2.9464354515075684,31.970733191939473,0.0,0.0
202,leaves,ABL-ET2X-R-PreviousRawEdge-ResolvedRGB,2.921142578125,32.04907740301677,0.0,0.0
202,leaves,ABL-ET2X-R-PreviousRawEdge-CatmullRomRGB,2.925032615661621,32.02474255104591,0.0,0.0
203,seams,O-T2X-R,1.2729328870773315,38.302918288406566,0.0,0.0
203,seams,ABL-ET2X-R-PreviousRawEdge-BilinearRGB,1.8788899183273315,34.15682133329288,0.0,0.0
203,seams,ABL-ET2X-R-PreviousRawEdge-ResolvedRGB,1.8721842765808105,34.18906680755564,0.0,0.0
203,seams,ABL-ET2X-R-PreviousRawEdge-CatmullRomRGB,1.8686686754226685,34.20298991085411,0.0,0.0
203,thin-seam,O-T2X-R,1.2390950918197632,39.47512344066054,0.0,0.0
203,thin-seam,ABL-ET2X-R-PreviousRawEdge-BilinearRGB,1.9865450859069824,33.64618275659018,0.0,0.0
203,thin-seam,ABL-ET2X-R-PreviousRawEdge-ResolvedRGB,1.9773221015930176,33.72913941844409,0.0,0.0
203,thin-seam,ABL-ET2X-R-PreviousRawEdge-CatmullRomRGB,1.9712456464767456,33.72836984608477,0.0,0.0
203,leaves,O-T2X-R,2.4217610359191895,34.537924850979046,0.0,0.0
203,leaves,ABL-ET2X-R-PreviousRawEdge-BilinearRGB,2.9464354515075684,31.970733191939473,0.0,0.0
203,leaves,ABL-ET2X-R-PreviousRawEdge-ResolvedRGB,2.921142578125,32.04907740301677,0.0,0.0
203,leaves,ABL-ET2X-R-PreviousRawEdge-CatmullRomRGB,2.925032615661621,32.02474255104591,0.0,0.0
204,seams,O-T2X-R,1.2729328870773315,38.302918288406566,0.0,0.0
204,seams,ABL-ET2X-R-PreviousRawEdge-BilinearRGB,1.8788899183273315,34.15682133329288,0.0,0.0
204,seams,ABL-ET2X-R-PreviousRawEdge-ResolvedRGB,1.8721842765808105,34.18906680755564,0.0,0.0
204,seams,ABL-ET2X-R-PreviousRawEdge-CatmullRomRGB,1.8686686754226685,34.20298991085411,0.0,0.0
204,thin-seam,O-T2X-R,1.2390950918197632,39.47512344066054,0.0,0.0
204,thin-seam,ABL-ET2X-R-PreviousRawEdge-BilinearRGB,1.9865450859069824,33.64618275659018,0.0,0.0
204,thin-seam,ABL-ET2X-R-PreviousRawEdge-ResolvedRGB,1.9773221015930176,33.72913941844409,0.0,0.0
204,thin-seam,ABL-ET2X-R-PreviousRawEdge-CatmullRomRGB,1.9712456464767456,33.72836984608477,0.0,0.0
204,leaves,O-T2X-R,2.4217610359191895,34.537924850979046,0.0,0.0
204,leaves,ABL-ET2X-R-PreviousRawEdge-BilinearRGB,2.9464354515075684,31.970733191939473,0.0,0.0
204,leaves,ABL-ET2X-R-PreviousRawEdge-ResolvedRGB,2.921142578125,32.04907740301677,0.0,0.0
204,leaves,ABL-ET2X-R-PreviousRawEdge-CatmullRomRGB,2.925032615661621,32.02474255104591,0.0,0.0
205,seams,O-T2X-R,1.2729328870773315,38.302918288406566,0.0,0.0
205,seams,ABL-ET2X-R-PreviousRawEdge-BilinearRGB,1.8788899183273315,34.15682133329288,0.0,0.0
205,seams,ABL-ET2X-R-PreviousRawEdge-ResolvedRGB,1.8721842765808105,34.18906680755564,0.0,0.0
205,seams,ABL-ET2X-R-PreviousRawEdge-CatmullRomRGB,1.8686686754226685,34.20298991085411,0.0,0.0
205,thin-seam,O-T2X-R,1.2390950918197632,39.47512344066054,0.0,0.0
205,thin-seam,ABL-ET2X-R-PreviousRawEdge-BilinearRGB,1.9865450859069824,33.64618275659018,0.0,0.0
205,thin-seam,ABL-ET2X-R-PreviousRawEdge-ResolvedRGB,1.9773221015930176,33.72913941844409,0.0,0.0
205,thin-seam,ABL-ET2X-R-PreviousRawEdge-CatmullRomRGB,1.9712456464767456,33.72836984608477,0.0,0.0
205,leaves,O-T2X-R,2.4217610359191895,34.537924850979046,0.0,0.0
205,leaves,ABL-ET2X-R-PreviousRawEdge-BilinearRGB,2.9464354515075684,31.970733191939473,0.0,0.0
205,leaves,ABL-ET2X-R-PreviousRawEdge-ResolvedRGB,2.921142578125,32.04907740301677,0.0,0.0
205,leaves,ABL-ET2X-R-PreviousRawEdge-CatmullRomRGB,2.925032615661621,32.02474255104591,0.0,0.0
206,seams,O-T2X-R,1.2729328870773315,38.302918288406566,0.0,0.0
206,seams,ABL-ET2X-R-PreviousRawEdge-BilinearRGB,1.8788899183273315,34.15682133329288,0.0,0.0
206,seams,ABL-ET2X-R-PreviousRawEdge-ResolvedRGB,1.8721842765808105,34.18906680755564,0.0,0.0
206,seams,ABL-ET2X-R-PreviousRawEdge-CatmullRomRGB,1.8686686754226685,34.20298991085411,0.0,0.0
206,thin-seam,O-T2X-R,1.2390950918197632,39.47512344066054,0.0,0.0
206,thin-seam,ABL-ET2X-R-PreviousRawEdge-BilinearRGB,1.9865450859069824,33.64618275659018,0.0,0.0
206,thin-seam,ABL-ET2X-R-PreviousRawEdge-ResolvedRGB,1.9773221015930176,33.72913941844409,0.0,0.0
206,thin-seam,ABL-ET2X-R-PreviousRawEdge-CatmullRomRGB,1.9712456464767456,33.72836984608477,0.0,0.0
206,leaves,O-T2X-R,2.4217610359191895,34.537924850979046,0.0,0.0
206,leaves,ABL-ET2X-R-PreviousRawEdge-BilinearRGB,2.9464354515075684,31.970733191939473,0.0,0.0
206,leaves,ABL-ET2X-R-PreviousRawEdge-ResolvedRGB,2.921142578125,32.04907740301677,0.0,0.0
206,leaves,ABL-ET2X-R-PreviousRawEdge-CatmullRomRGB,2.925032615661621,32.02474255104591,0.0,0.0
207,seams,O-T2X-R,1.2729328870773315,38.302918288406566,0.0,0.0
207,seams,ABL-ET2X-R-PreviousRawEdge-BilinearRGB,1.8788899183273315,34.15682133329288,0.0,0.0
207,seams,ABL-ET2X-R-PreviousRawEdge-ResolvedRGB,1.8721842765808105,34.18906680755564,0.0,0.0
207,seams,ABL-ET2X-R-PreviousRawEdge-CatmullRomRGB,1.8686686754226685,34.20298991085411,0.0,0.0
207,thin-seam,O-T2X-R,1.2390950918197632,39.47512344066054,0.0,0.0
207,thin-seam,ABL-ET2X-R-PreviousRawEdge-BilinearRGB,1.9865450859069824,33.64618275659018,0.0,0.0
207,thin-seam,ABL-ET2X-R-PreviousRawEdge-ResolvedRGB,1.9773221015930176,33.72913941844409,0.0,0.0
207,thin-seam,ABL-ET2X-R-PreviousRawEdge-CatmullRomRGB,1.9712456464767456,33.72836984608477,0.0,0.0
207,leaves,O-T2X-R,2.4217610359191895,34.537924850979046,0.0,0.0
207,leaves,ABL-ET2X-R-PreviousRawEdge-BilinearRGB,2.9464354515075684,31.970733191939473,0.0,0.0
207,leaves,ABL-ET2X-R-PreviousRawEdge-ResolvedRGB,2.921142578125,32.04907740301677,0.0,0.0
207,leaves,ABL-ET2X-R-PreviousRawEdge-CatmullRomRGB,2.925032615661621,32.02474255104591,0.0,0.0
208,seams,O-T2X-R,1.2729328870773315,38.302918288406566,0.0,0.0
208,seams,ABL-ET2X-R-PreviousRawEdge-BilinearRGB,1.8788899183273315,34.15682133329288,0.0,0.0
208,seams,ABL-ET2X-R-PreviousRawEdge-ResolvedRGB,1.8721842765808105,34.18906680755564,0.0,0.0
208,seams,ABL-ET2X-R-PreviousRawEdge-CatmullRomRGB,1.8686686754226685,34.20298991085411,0.0,0.0
208,thin-seam,O-T2X-R,1.2390950918197632,39.47512344066054,0.0,0.0
208,thin-seam,ABL-ET2X-R-PreviousRawEdge-BilinearRGB,1.9865450859069824,33.64618275659018,0.0,0.0
208,thin-seam,ABL-ET2X-R-PreviousRawEdge-ResolvedRGB,1.9773221015930176,33.72913941844409,0.0,0.0
208,thin-seam,ABL-ET2X-R-PreviousRawEdge-CatmullRomRGB,1.9712456464767456,33.72836984608477,0.0,0.0
208,leaves,O-T2X-R,2.4217610359191895,34.537924850979046,0.0,0.0
208,leaves,ABL-ET2X-R-PreviousRawEdge-BilinearRGB,2.9464354515075684,31.970733191939473,0.0,0.0
208,leaves,ABL-ET2X-R-PreviousRawEdge-ResolvedRGB,2.921142578125,32.04907740301677,0.0,0.0
208,leaves,ABL-ET2X-R-PreviousRawEdge-CatmullRomRGB,2.925032615661621,32.02474255104591,0.0,0.0
209,seams,O-T2X-R,1.2729328870773315,38.302918288406566,0.0,0.0
209,seams,ABL-ET2X-R-PreviousRawEdge-BilinearRGB,1.8788899183273315,34.15682133329288,0.0,0.0
209,seams,ABL-ET2X-R-PreviousRawEdge-ResolvedRGB,1.8721842765808105,34.18906680755564,0.0,0.0
209,seams,ABL-ET2X-R-PreviousRawEdge-CatmullRomRGB,1.8686686754226685,34.20298991085411,0.0,0.0
209,thin-seam,O-T2X-R,1.2390950918197632,39.47512344066054,0.0,0.0
209,thin-seam,ABL-ET2X-R-PreviousRawEdge-BilinearRGB,1.9865450859069824,33.64618275659018,0.0,0.0
209,thin-seam,ABL-ET2X-R-PreviousRawEdge-ResolvedRGB,1.9773221015930176,33.72913941844409,0.0,0.0
209,thin-seam,ABL-ET2X-R-PreviousRawEdge-CatmullRomRGB,1.9712456464767456,33.72836984608477,0.0,0.0
209,leaves,O-T2X-R,2.4217610359191895,34.537924850979046,0.0,0.0
209,leaves,ABL-ET2X-R-PreviousRawEdge-BilinearRGB,2.9464354515075684,31.970733191939473,0.0,0.0
209,leaves,ABL-ET2X-R-PreviousRawEdge-ResolvedRGB,2.921142578125,32.04907740301677,0.0,0.0
209,leaves,ABL-ET2X-R-PreviousRawEdge-CatmullRomRGB,2.925032615661621,32.02474255104591,0.0,0.0
210,seams,O-T2X-R,1.2729328870773315,38.302918288406566,0.0,0.0
210,seams,ABL-ET2X-R-PreviousRawEdge-BilinearRGB,1.8788899183273315,34.15682133329288,0.0,0.0
210,seams,ABL-ET2X-R-PreviousRawEdge-ResolvedRGB,1.8721842765808105,34.18906680755564,0.0,0.0
210,seams,ABL-ET2X-R-PreviousRawEdge-CatmullRomRGB,1.8686686754226685,34.20298991085411,0.0,0.0
210,thin-seam,O-T2X-R,1.2390950918197632,39.47512344066054,0.0,0.0
210,thin-seam,ABL-ET2X-R-PreviousRawEdge-BilinearRGB,1.9865450859069824,33.64618275659018,0.0,0.0
210,thin-seam,ABL-ET2X-R-PreviousRawEdge-ResolvedRGB,1.9773221015930176,33.72913941844409,0.0,0.0
210,thin-seam,ABL-ET2X-R-PreviousRawEdge-CatmullRomRGB,1.9712456464767456,33.72836984608477,0.0,0.0
210,leaves,O-T2X-R,2.4217610359191895,34.537924850979046,0.0,0.0
210,leaves,ABL-ET2X-R-PreviousRawEdge-BilinearRGB,2.9464354515075684,31.970733191939473,0.0,0.0
210,leaves,ABL-ET2X-R-PreviousRawEdge-ResolvedRGB,2.921142578125,32.04907740301677,0.0,0.0
210,leaves,ABL-ET2X-R-PreviousRawEdge-CatmullRomRGB,2.925032615661621,32.02474255104591,0.0,0.0
211,seams,O-T2X-R,1.2729328870773315,38.302918288406566,0.0,0.0
211,seams,ABL-ET2X-R-PreviousRawEdge-BilinearRGB,1.8788899183273315,34.15682133329288,0.0,0.0
211,seams,ABL-ET2X-R-PreviousRawEdge-ResolvedRGB,1.8721842765808105,34.18906680755564,0.0,0.0
211,seams,ABL-ET2X-R-PreviousRawEdge-CatmullRomRGB,1.8686686754226685,34.20298991085411,0.0,0.0
211,thin-seam,O-T2X-R,1.2390950918197632,39.47512344066054,0.0,0.0
211,thin-seam,ABL-ET2X-R-PreviousRawEdge-BilinearRGB,1.9865450859069824,33.64618275659018,0.0,0.0
211,thin-seam,ABL-ET2X-R-PreviousRawEdge-ResolvedRGB,1.9773221015930176,33.72913941844409,0.0,0.0
211,thin-seam,ABL-ET2X-R-PreviousRawEdge-CatmullRomRGB,1.9712456464767456,33.72836984608477,0.0,0.0
211,leaves,O-T2X-R,2.4217610359191895,34.537924850979046,0.0,0.0
211,leaves,ABL-ET2X-R-PreviousRawEdge-BilinearRGB,2.9464354515075684,31.970733191939473,0.0,0.0
211,leaves,ABL-ET2X-R-PreviousRawEdge-ResolvedRGB,2.921142578125,32.04907740301677,0.0,0.0
211,leaves,ABL-ET2X-R-PreviousRawEdge-CatmullRomRGB,2.925032615661621,32.02474255104591,0.0,0.0
212,seams,O-T2X-R,1.2729328870773315,38.302918288406566,0.0,0.0
212,seams,ABL-ET2X-R-PreviousRawEdge-BilinearRGB,1.8788899183273315,34.15682133329288,0.0,0.0
212,seams,ABL-ET2X-R-PreviousRawEdge-ResolvedRGB,1.8721842765808105,34.18906680755564,0.0,0.0
212,seams,ABL-ET2X-R-PreviousRawEdge-CatmullRomRGB,1.8686686754226685,34.20298991085411,0.0,0.0
212,thin-seam,O-T2X-R,1.2390950918197632,39.47512344066054,0.0,0.0
212,thin-seam,ABL-ET2X-R-PreviousRawEdge-BilinearRGB,1.9865450859069824,33.64618275659018,0.0,0.0
212,thin-seam,ABL-ET2X-R-PreviousRawEdge-ResolvedRGB,1.9773221015930176,33.72913941844409,0.0,0.0
212,thin-seam,ABL-ET2X-R-PreviousRawEdge-CatmullRomRGB,1.9712456464767456,33.72836984608477,0.0,0.0
212,leaves,O-T2X-R,2.4217610359191895,34.537924850979046,0.0,0.0
212,leaves,ABL-ET2X-R-PreviousRawEdge-BilinearRGB,2.9464354515075684,31.970733191939473,0.0,0.0
212,leaves,ABL-ET2X-R-PreviousRawEdge-ResolvedRGB,2.921142578125,32.04907740301677,0.0,0.0
212,leaves,ABL-ET2X-R-PreviousRawEdge-CatmullRomRGB,2.925032615661621,32.02474255104591,0.0,0.0
213,seams,O-T2X-R,1.2729328870773315,38.302918288406566,0.0,0.0
213,seams,ABL-ET2X-R-PreviousRawEdge-BilinearRGB,1.8788899183273315,34.15682133329288,0.0,0.0
213,seams,ABL-ET2X-R-PreviousRawEdge-ResolvedRGB,1.8721842765808105,34.18906680755564,0.0,0.0
213,seams,ABL-ET2X-R-PreviousRawEdge-CatmullRomRGB,1.8686686754226685,34.20298991085411,0.0,0.0
213,thin-seam,O-T2X-R,1.2390950918197632,39.47512344066054,0.0,0.0
213,thin-seam,ABL-ET2X-R-PreviousRawEdge-BilinearRGB,1.9865450859069824,33.64618275659018,0.0,0.0
213,thin-seam,ABL-ET2X-R-PreviousRawEdge-ResolvedRGB,1.9773221015930176,33.72913941844409,0.0,0.0
213,thin-seam,ABL-ET2X-R-PreviousRawEdge-CatmullRomRGB,1.9712456464767456,33.72836984608477,0.0,0.0
213,leaves,O-T2X-R,2.4217610359191895,34.537924850979046,0.0,0.0
213,leaves,ABL-ET2X-R-PreviousRawEdge-BilinearRGB,2.9464354515075684,31.970733191939473,0.0,0.0
213,leaves,ABL-ET2X-R-PreviousRawEdge-ResolvedRGB,2.921142578125,32.04907740301677,0.0,0.0
213,leaves,ABL-ET2X-R-PreviousRawEdge-CatmullRomRGB,2.925032615661621,32.02474255104591,0.0,0.0
214,seams,O-T2X-R,1.2729328870773315,38.302918288406566,0.0,0.0
214,seams,ABL-ET2X-R-PreviousRawEdge-BilinearRGB,1.8788899183273315,34.15682133329288,0.0,0.0
214,seams,ABL-ET2X-R-PreviousRawEdge-ResolvedRGB,1.8721842765808105,34.18906680755564,0.0,0.0
214,seams,ABL-ET2X-R-PreviousRawEdge-CatmullRomRGB,1.8686686754226685,34.20298991085411,0.0,0.0
214,thin-seam,O-T2X-R,1.2390950918197632,39.47512344066054,0.0,0.0
214,thin-seam,ABL-ET2X-R-PreviousRawEdge-BilinearRGB,1.9865450859069824,33.64618275659018,0.0,0.0
214,thin-seam,ABL-ET2X-R-PreviousRawEdge-ResolvedRGB,1.9773221015930176,33.72913941844409,0.0,0.0
214,thin-seam,ABL-ET2X-R-PreviousRawEdge-CatmullRomRGB,1.9712456464767456,33.72836984608477,0.0,0.0
214,leaves,O-T2X-R,2.4217610359191895,34.537924850979046,0.0,0.0
214,leaves,ABL-ET2X-R-PreviousRawEdge-BilinearRGB,2.9464354515075684,31.970733191939473,0.0,0.0
214,leaves,ABL-ET2X-R-PreviousRawEdge-ResolvedRGB,2.921142578125,32.04907740301677,0.0,0.0
214,leaves,ABL-ET2X-R-PreviousRawEdge-CatmullRomRGB,2.925032615661621,32.02474255104591,0.0,0.0
215,seams,O-T2X-R,1.2729328870773315,38.302918288406566,0.0,0.0
215,seams,ABL-ET2X-R-PreviousRawEdge-BilinearRGB,1.8788899183273315,34.15682133329288,0.0,0.0
215,seams,ABL-ET2X-R-PreviousRawEdge-ResolvedRGB,1.8721842765808105,34.18906680755564,0.0,0.0
215,seams,ABL-ET2X-R-PreviousRawEdge-CatmullRomRGB,1.8686686754226685,34.20298991085411,0.0,0.0
215,thin-seam,O-T2X-R,1.2390950918197632,39.47512344066054,0.0,0.0
215,thin-seam,ABL-ET2X-R-PreviousRawEdge-BilinearRGB,1.9865450859069824,33.64618275659018,0.0,0.0
215,thin-seam,ABL-ET2X-R-PreviousRawEdge-ResolvedRGB,1.9773221015930176,33.72913941844409,0.0,0.0
215,thin-seam,ABL-ET2X-R-PreviousRawEdge-CatmullRomRGB,1.9712456464767456,33.72836984608477,0.0,0.0
215,leaves,O-T2X-R,2.4217610359191895,34.537924850979046,0.0,0.0
215,leaves,ABL-ET2X-R-PreviousRawEdge-BilinearRGB,2.9464354515075684,31.970733191939473,0.0,0.0
215,leaves,ABL-ET2X-R-PreviousRawEdge-ResolvedRGB,2.921142578125,32.04907740301677,0.0,0.0
215,leaves,ABL-ET2X-R-PreviousRawEdge-CatmullRomRGB,2.925032615661621,32.02474255104591,0.0,0.0
216,seams,O-T2X-R,1.2729328870773315,38.302918288406566,0.0,0.0
216,seams,ABL-ET2X-R-PreviousRawEdge-BilinearRGB,1.8788899183273315,34.15682133329288,0.0,0.0
216,seams,ABL-ET2X-R-PreviousRawEdge-ResolvedRGB,1.8721842765808105,34.18906680755564,0.0,0.0
216,seams,ABL-ET2X-R-PreviousRawEdge-CatmullRomRGB,1.8686686754226685,34.20298991085411,0.0,0.0
216,thin-seam,O-T2X-R,1.2390950918197632,39.47512344066054,0.0,0.0
216,thin-seam,ABL-ET2X-R-PreviousRawEdge-BilinearRGB,1.9865450859069824,33.64618275659018,0.0,0.0
216,thin-seam,ABL-ET2X-R-PreviousRawEdge-ResolvedRGB,1.9773221015930176,33.72913941844409,0.0,0.0
216,thin-seam,ABL-ET2X-R-PreviousRawEdge-CatmullRomRGB,1.9712456464767456,33.72836984608477,0.0,0.0
216,leaves,O-T2X-R,2.4217610359191895,34.537924850979046,0.0,0.0
216,leaves,ABL-ET2X-R-PreviousRawEdge-BilinearRGB,2.9464354515075684,31.970733191939473,0.0,0.0
216,leaves,ABL-ET2X-R-PreviousRawEdge-ResolvedRGB,2.921142578125,32.04907740301677,0.0,0.0
216,leaves,ABL-ET2X-R-PreviousRawEdge-CatmullRomRGB,2.925032615661621,32.02474255104591,0.0,0.0
217,seams,O-T2X-R,1.2729328870773315,38.302918288406566,0.0,0.0
217,seams,ABL-ET2X-R-PreviousRawEdge-BilinearRGB,1.8788899183273315,34.15682133329288,0.0,0.0
217,seams,ABL-ET2X-R-PreviousRawEdge-ResolvedRGB,1.8721842765808105,34.18906680755564,0.0,0.0
217,seams,ABL-ET2X-R-PreviousRawEdge-CatmullRomRGB,1.8686686754226685,34.20298991085411,0.0,0.0
217,thin-seam,O-T2X-R,1.2390950918197632,39.47512344066054,0.0,0.0
217,thin-seam,ABL-ET2X-R-PreviousRawEdge-BilinearRGB,1.9865450859069824,33.64618275659018,0.0,0.0
217,thin-seam,ABL-ET2X-R-PreviousRawEdge-ResolvedRGB,1.9773221015930176,33.72913941844409,0.0,0.0
217,thin-seam,ABL-ET2X-R-PreviousRawEdge-CatmullRomRGB,1.9712456464767456,33.72836984608477,0.0,0.0
217,leaves,O-T2X-R,2.4217610359191895,34.537924850979046,0.0,0.0
217,leaves,ABL-ET2X-R-PreviousRawEdge-BilinearRGB,2.9464354515075684,31.970733191939473,0.0,0.0
217,leaves,ABL-ET2X-R-PreviousRawEdge-ResolvedRGB,2.921142578125,32.04907740301677,0.0,0.0
217,leaves,ABL-ET2X-R-PreviousRawEdge-CatmullRomRGB,2.925032615661621,32.02474255104591,0.0,0.0
218,seams,O-T2X-R,1.2729328870773315,38.302918288406566,0.0,0.0
218,seams,ABL-ET2X-R-PreviousRawEdge-BilinearRGB,1.8788899183273315,34.15682133329288,0.0,0.0
218,seams,ABL-ET2X-R-PreviousRawEdge-ResolvedRGB,1.8721842765808105,34.18906680755564,0.0,0.0
218,seams,ABL-ET2X-R-PreviousRawEdge-CatmullRomRGB,1.8686686754226685,34.20298991085411,0.0,0.0
218,thin-seam,O-T2X-R,1.2390950918197632,39.47512344066054,0.0,0.0
218,thin-seam,ABL-ET2X-R-PreviousRawEdge-BilinearRGB,1.9865450859069824,33.64618275659018,0.0,0.0
218,thin-seam,ABL-ET2X-R-PreviousRawEdge-ResolvedRGB,1.9773221015930176,33.72913941844409,0.0,0.0
218,thin-seam,ABL-ET2X-R-PreviousRawEdge-CatmullRomRGB,1.9712456464767456,33.72836984608477,0.0,0.0
218,leaves,O-T2X-R,2.4217610359191895,34.537924850979046,0.0,0.0
218,leaves,ABL-ET2X-R-PreviousRawEdge-BilinearRGB,2.9464354515075684,31.970733191939473,0.0,0.0
218,leaves,ABL-ET2X-R-PreviousRawEdge-ResolvedRGB,2.921142578125,32.04907740301677,0.0,0.0
218,leaves,ABL-ET2X-R-PreviousRawEdge-CatmullRomRGB,2.925032615661621,32.02474255104591,0.0,0.0
219,seams,O-T2X-R,1.2729328870773315,38.302918288406566,0.0,0.0
219,seams,ABL-ET2X-R-PreviousRawEdge-BilinearRGB,1.8788899183273315,34.15682133329288,0.0,0.0
219,seams,ABL-ET2X-R-PreviousRawEdge-ResolvedRGB,1.8721842765808105,34.18906680755564,0.0,0.0
219,seams,ABL-ET2X-R-PreviousRawEdge-CatmullRomRGB,1.8686686754226685,34.20298991085411,0.0,0.0
219,thin-seam,O-T2X-R,1.2390950918197632,39.47512344066054,0.0,0.0
219,thin-seam,ABL-ET2X-R-PreviousRawEdge-BilinearRGB,1.9865450859069824,33.64618275659018,0.0,0.0
219,thin-seam,ABL-ET2X-R-PreviousRawEdge-ResolvedRGB,1.9773221015930176,33.72913941844409,0.0,0.0
219,thin-seam,ABL-ET2X-R-PreviousRawEdge-CatmullRomRGB,1.9712456464767456,33.72836984608477,0.0,0.0
219,leaves,O-T2X-R,2.4217610359191895,34.537924850979046,0.0,0.0
219,leaves,ABL-ET2X-R-PreviousRawEdge-BilinearRGB,2.9464354515075684,31.970733191939473,0.0,0.0
219,leaves,ABL-ET2X-R-PreviousRawEdge-ResolvedRGB,2.921142578125,32.04907740301677,0.0,0.0
219,leaves,ABL-ET2X-R-PreviousRawEdge-CatmullRomRGB,2.925032615661621,32.02474255104591,0.0,0.0
220,seams,O-T2X-R,1.2729328870773315,38.302918288406566,0.0,0.0
220,seams,ABL-ET2X-R-PreviousRawEdge-BilinearRGB,1.8788899183273315,34.15682133329288,0.0,0.0
220,seams,ABL-ET2X-R-PreviousRawEdge-ResolvedRGB,1.8721842765808105,34.18906680755564,0.0,0.0
220,seams,ABL-ET2X-R-PreviousRawEdge-CatmullRomRGB,1.8686686754226685,34.20298991085411,0.0,0.0
220,thin-seam,O-T2X-R,1.2390950918197632,39.47512344066054,0.0,0.0
220,thin-seam,ABL-ET2X-R-PreviousRawEdge-BilinearRGB,1.9865450859069824,33.64618275659018,0.0,0.0
220,thin-seam,ABL-ET2X-R-PreviousRawEdge-ResolvedRGB,1.9773221015930176,33.72913941844409,0.0,0.0
220,thin-seam,ABL-ET2X-R-PreviousRawEdge-CatmullRomRGB,1.9712456464767456,33.72836984608477,0.0,0.0
220,leaves,O-T2X-R,2.4217610359191895,34.537924850979046,0.0,0.0
220,leaves,ABL-ET2X-R-PreviousRawEdge-BilinearRGB,2.9464354515075684,31.970733191939473,0.0,0.0
220,leaves,ABL-ET2X-R-PreviousRawEdge-ResolvedRGB,2.921142578125,32.04907740301677,0.0,0.0
220,leaves,ABL-ET2X-R-PreviousRawEdge-CatmullRomRGB,2.925032615661621,32.02474255104591,0.0,0.0
221,seams,O-T2X-R,1.2729328870773315,38.302918288406566,0.0,0.0
221,seams,ABL-ET2X-R-PreviousRawEdge-BilinearRGB,1.8788899183273315,34.15682133329288,0.0,0.0
221,seams,ABL-ET2X-R-PreviousRawEdge-ResolvedRGB,1.8721842765808105,34.18906680755564,0.0,0.0
221,seams,ABL-ET2X-R-PreviousRawEdge-CatmullRomRGB,1.8686686754226685,34.20298991085411,0.0,0.0
221,thin-seam,O-T2X-R,1.2390950918197632,39.47512344066054,0.0,0.0
221,thin-seam,ABL-ET2X-R-PreviousRawEdge-BilinearRGB,1.9865450859069824,33.64618275659018,0.0,0.0
221,thin-seam,ABL-ET2X-R-PreviousRawEdge-ResolvedRGB,1.9773221015930176,33.72913941844409,0.0,0.0
221,thin-seam,ABL-ET2X-R-PreviousRawEdge-CatmullRomRGB,1.9712456464767456,33.72836984608477,0.0,0.0
221,leaves,O-T2X-R,2.4217610359191895,34.537924850979046,0.0,0.0
221,leaves,ABL-ET2X-R-PreviousRawEdge-BilinearRGB,2.9464354515075684,31.970733191939473,0.0,0.0
221,leaves,ABL-ET2X-R-PreviousRawEdge-ResolvedRGB,2.921142578125,32.04907740301677,0.0,0.0
221,leaves,ABL-ET2X-R-PreviousRawEdge-CatmullRomRGB,2.925032615661621,32.02474255104591,0.0,0.0
222,seams,O-T2X-R,1.2729328870773315,38.302918288406566,0.0,0.0
222,seams,ABL-ET2X-R-PreviousRawEdge-BilinearRGB,1.8788899183273315,34.15682133329288,0.0,0.0
222,seams,ABL-ET2X-R-PreviousRawEdge-ResolvedRGB,1.8721842765808105,34.18906680755564,0.0,0.0
222,seams,ABL-ET2X-R-PreviousRawEdge-CatmullRomRGB,1.8686686754226685,34.20298991085411,0.0,0.0
222,thin-seam,O-T2X-R,1.2390950918197632,39.47512344066054,0.0,0.0
222,thin-seam,ABL-ET2X-R-PreviousRawEdge-BilinearRGB,1.9865450859069824,33.64618275659018,0.0,0.0
222,thin-seam,ABL-ET2X-R-PreviousRawEdge-ResolvedRGB,1.9773221015930176,33.72913941844409,0.0,0.0
222,thin-seam,ABL-ET2X-R-PreviousRawEdge-CatmullRomRGB,1.9712456464767456,33.72836984608477,0.0,0.0
222,leaves,O-T2X-R,2.4217610359191895,34.537924850979046,0.0,0.0
222,leaves,ABL-ET2X-R-PreviousRawEdge-BilinearRGB,2.9464354515075684,31.970733191939473,0.0,0.0
222,leaves,ABL-ET2X-R-PreviousRawEdge-ResolvedRGB,2.921142578125,32.04907740301677,0.0,0.0
222,leaves,ABL-ET2X-R-PreviousRawEdge-CatmullRomRGB,2.925032615661621,32.02474255104591,0.0,0.0
223,seams,O-T2X-R,1.2729328870773315,38.302918288406566,0.0,0.0
223,seams,ABL-ET2X-R-PreviousRawEdge-BilinearRGB,1.8788899183273315,34.15682133329288,0.0,0.0
223,seams,ABL-ET2X-R-PreviousRawEdge-ResolvedRGB,1.8721842765808105,34.18906680755564,0.0,0.0
223,seams,ABL-ET2X-R-PreviousRawEdge-CatmullRomRGB,1.8686686754226685,34.20298991085411,0.0,0.0
223,thin-seam,O-T2X-R,1.2390950918197632,39.47512344066054,0.0,0.0
223,thin-seam,ABL-ET2X-R-PreviousRawEdge-BilinearRGB,1.9865450859069824,33.64618275659018,0.0,0.0
223,thin-seam,ABL-ET2X-R-PreviousRawEdge-ResolvedRGB,1.9773221015930176,33.72913941844409,0.0,0.0
223,thin-seam,ABL-ET2X-R-PreviousRawEdge-CatmullRomRGB,1.9712456464767456,33.72836984608477,0.0,0.0
223,leaves,O-T2X-R,2.4217610359191895,34.537924850979046,0.0,0.0
223,leaves,ABL-ET2X-R-PreviousRawEdge-BilinearRGB,2.9464354515075684,31.970733191939473,0.0,0.0
223,leaves,ABL-ET2X-R-PreviousRawEdge-ResolvedRGB,2.921142578125,32.04907740301677,0.0,0.0
223,leaves,ABL-ET2X-R-PreviousRawEdge-CatmullRomRGB,2.925032615661621,32.02474255104591,0.0,0.0
224,seams,O-T2X-R,1.2729328870773315,38.302918288406566,0.0,0.0
224,seams,ABL-ET2X-R-PreviousRawEdge-BilinearRGB,1.8788899183273315,34.15682133329288,0.0,0.0
224,seams,ABL-ET2X-R-PreviousRawEdge-ResolvedRGB,1.8721842765808105,34.18906680755564,0.0,0.0
224,seams,ABL-ET2X-R-PreviousRawEdge-CatmullRomRGB,1.8686686754226685,34.20298991085411,0.0,0.0
224,thin-seam,O-T2X-R,1.2390950918197632,39.47512344066054,0.0,0.0
224,thin-seam,ABL-ET2X-R-PreviousRawEdge-BilinearRGB,1.9865450859069824,33.64618275659018,0.0,0.0
224,thin-seam,ABL-ET2X-R-PreviousRawEdge-ResolvedRGB,1.9773221015930176,33.72913941844409,0.0,0.0
224,thin-seam,ABL-ET2X-R-PreviousRawEdge-CatmullRomRGB,1.9712456464767456,33.72836984608477,0.0,0.0
224,leaves,O-T2X-R,2.4217610359191895,34.537924850979046,0.0,0.0
224,leaves,ABL-ET2X-R-PreviousRawEdge-BilinearRGB,2.9464354515075684,31.970733191939473,0.0,0.0
224,leaves,ABL-ET2X-R-PreviousRawEdge-ResolvedRGB,2.921142578125,32.04907740301677,0.0,0.0
224,leaves,ABL-ET2X-R-PreviousRawEdge-CatmullRomRGB,2.925032615661621,32.02474255104591,0.0,0.0
225,seams,O-T2X-R,1.2729328870773315,38.302918288406566,0.0,0.0
225,seams,ABL-ET2X-R-PreviousRawEdge-BilinearRGB,1.8788899183273315,34.15682133329288,0.0,0.0
225,seams,ABL-ET2X-R-PreviousRawEdge-ResolvedRGB,1.8721842765808105,34.18906680755564,0.0,0.0
225,seams,ABL-ET2X-R-PreviousRawEdge-CatmullRomRGB,1.8686686754226685,34.20298991085411,0.0,0.0
225,thin-seam,O-T2X-R,1.2390950918197632,39.47512344066054,0.0,0.0
225,thin-seam,ABL-ET2X-R-PreviousRawEdge-BilinearRGB,1.9865450859069824,33.64618275659018,0.0,0.0
225,thin-seam,ABL-ET2X-R-PreviousRawEdge-ResolvedRGB,1.9773221015930176,33.72913941844409,0.0,0.0
225,thin-seam,ABL-ET2X-R-PreviousRawEdge-CatmullRomRGB,1.9712456464767456,33.72836984608477,0.0,0.0
225,leaves,O-T2X-R,2.4217610359191895,34.537924850979046,0.0,0.0
225,leaves,ABL-ET2X-R-PreviousRawEdge-BilinearRGB,2.9464354515075684,31.970733191939473,0.0,0.0
225,leaves,ABL-ET2X-R-PreviousRawEdge-ResolvedRGB,2.921142578125,32.04907740301677,0.0,0.0
225,leaves,ABL-ET2X-R-PreviousRawEdge-CatmullRomRGB,2.925032615661621,32.02474255104591,0.0,0.0
226,seams,O-T2X-R,1.2729328870773315,38.302918288406566,0.0,0.0
226,seams,ABL-ET2X-R-PreviousRawEdge-BilinearRGB,1.8788899183273315,34.15682133329288,0.0,0.0
226,seams,ABL-ET2X-R-PreviousRawEdge-ResolvedRGB,1.8721842765808105,34.18906680755564,0.0,0.0
226,seams,ABL-ET2X-R-PreviousRawEdge-CatmullRomRGB,1.8686686754226685,34.20298991085411,0.0,0.0
226,thin-seam,O-T2X-R,1.2390950918197632,39.47512344066054,0.0,0.0
226,thin-seam,ABL-ET2X-R-PreviousRawEdge-BilinearRGB,1.9865450859069824,33.64618275659018,0.0,0.0
226,thin-seam,ABL-ET2X-R-PreviousRawEdge-ResolvedRGB,1.9773221015930176,33.72913941844409,0.0,0.0
226,thin-seam,ABL-ET2X-R-PreviousRawEdge-CatmullRomRGB,1.9712456464767456,33.72836984608477,0.0,0.0
226,leaves,O-T2X-R,2.4217610359191895,34.537924850979046,0.0,0.0
226,leaves,ABL-ET2X-R-PreviousRawEdge-BilinearRGB,2.9464354515075684,31.970733191939473,0.0,0.0
226,leaves,ABL-ET2X-R-PreviousRawEdge-ResolvedRGB,2.921142578125,32.04907740301677,0.0,0.0
226,leaves,ABL-ET2X-R-PreviousRawEdge-CatmullRomRGB,2.925032615661621,32.02474255104591,0.0,0.0
227,seams,O-T2X-R,1.2729328870773315,38.302918288406566,0.0,0.0
227,seams,ABL-ET2X-R-PreviousRawEdge-BilinearRGB,1.8788899183273315,34.15682133329288,0.0,0.0
227,seams,ABL-ET2X-R-PreviousRawEdge-ResolvedRGB,1.8721842765808105,34.18906680755564,0.0,0.0
227,seams,ABL-ET2X-R-PreviousRawEdge-CatmullRomRGB,1.8686686754226685,34.20298991085411,0.0,0.0
227,thin-seam,O-T2X-R,1.2390950918197632,39.47512344066054,0.0,0.0
227,thin-seam,ABL-ET2X-R-PreviousRawEdge-BilinearRGB,1.9865450859069824,33.64618275659018,0.0,0.0
227,thin-seam,ABL-ET2X-R-PreviousRawEdge-ResolvedRGB,1.9773221015930176,33.72913941844409,0.0,0.0
227,thin-seam,ABL-ET2X-R-PreviousRawEdge-CatmullRomRGB,1.9712456464767456,33.72836984608477,0.0,0.0
227,leaves,O-T2X-R,2.4217610359191895,34.537924850979046,0.0,0.0
227,leaves,ABL-ET2X-R-PreviousRawEdge-BilinearRGB,2.9464354515075684,31.970733191939473,0.0,0.0
227,leaves,ABL-ET2X-R-PreviousRawEdge-ResolvedRGB,2.921142578125,32.04907740301677,0.0,0.0
227,leaves,ABL-ET2X-R-PreviousRawEdge-CatmullRomRGB,2.925032615661621,32.02474255104591,0.0,0.0
228,seams,O-T2X-R,1.2729328870773315,38.302918288406566,0.0,0.0
228,seams,ABL-ET2X-R-PreviousRawEdge-BilinearRGB,1.8788899183273315,34.15682133329288,0.0,0.0
228,seams,ABL-ET2X-R-PreviousRawEdge-ResolvedRGB,1.8721842765808105,34.18906680755564,0.0,0.0
228,seams,ABL-ET2X-R-PreviousRawEdge-CatmullRomRGB,1.8686686754226685,34.20298991085411,0.0,0.0
228,thin-seam,O-T2X-R,1.2390950918197632,39.47512344066054,0.0,0.0
228,thin-seam,ABL-ET2X-R-PreviousRawEdge-BilinearRGB,1.9865450859069824,33.64618275659018,0.0,0.0
228,thin-seam,ABL-ET2X-R-PreviousRawEdge-ResolvedRGB,1.9773221015930176,33.72913941844409,0.0,0.0
228,thin-seam,ABL-ET2X-R-PreviousRawEdge-CatmullRomRGB,1.9712456464767456,33.72836984608477,0.0,0.0
228,leaves,O-T2X-R,2.4217610359191895,34.537924850979046,0.0,0.0
228,leaves,ABL-ET2X-R-PreviousRawEdge-BilinearRGB,2.9464354515075684,31.970733191939473,0.0,0.0
228,leaves,ABL-ET2X-R-PreviousRawEdge-ResolvedRGB,2.921142578125,32.04907740301677,0.0,0.0
228,leaves,ABL-ET2X-R-PreviousRawEdge-CatmullRomRGB,2.925032615661621,32.02474255104591,0.0,0.0
229,seams,O-T2X-R,1.2729328870773315,38.302918288406566,0.0,0.0
229,seams,ABL-ET2X-R-PreviousRawEdge-BilinearRGB,1.8788899183273315,34.15682133329288,0.0,0.0
229,seams,ABL-ET2X-R-PreviousRawEdge-ResolvedRGB,1.8721842765808105,34.18906680755564,0.0,0.0
229,seams,ABL-ET2X-R-PreviousRawEdge-CatmullRomRGB,1.8686686754226685,34.20298991085411,0.0,0.0
229,thin-seam,O-T2X-R,1.2390950918197632,39.47512344066054,0.0,0.0
229,thin-seam,ABL-ET2X-R-PreviousRawEdge-BilinearRGB,1.9865450859069824,33.64618275659018,0.0,0.0
229,thin-seam,ABL-ET2X-R-PreviousRawEdge-ResolvedRGB,1.9773221015930176,33.72913941844409,0.0,0.0
229,thin-seam,ABL-ET2X-R-PreviousRawEdge-CatmullRomRGB,1.9712456464767456,33.72836984608477,0.0,0.0
229,leaves,O-T2X-R,2.4217610359191895,34.537924850979046,0.0,0.0
229,leaves,ABL-ET2X-R-PreviousRawEdge-BilinearRGB,2.9464354515075684,31.970733191939473,0.0,0.0
229,leaves,ABL-ET2X-R-PreviousRawEdge-ResolvedRGB,2.921142578125,32.04907740301677,0.0,0.0
229,leaves,ABL-ET2X-R-PreviousRawEdge-CatmullRomRGB,2.925032615661621,32.02474255104591,0.0,0.0
230,seams,O-T2X-R,1.2729328870773315,38.302918288406566,0.0,0.0
230,seams,ABL-ET2X-R-PreviousRawEdge-BilinearRGB,1.8788899183273315,34.15682133329288,0.0,0.0
230,seams,ABL-ET2X-R-PreviousRawEdge-ResolvedRGB,1.8721842765808105,34.18906680755564,0.0,0.0
230,seams,ABL-ET2X-R-PreviousRawEdge-CatmullRomRGB,1.8686686754226685,34.20298991085411,0.0,0.0
230,thin-seam,O-T2X-R,1.2390950918197632,39.47512344066054,0.0,0.0
230,thin-seam,ABL-ET2X-R-PreviousRawEdge-BilinearRGB,1.9865450859069824,33.64618275659018,0.0,0.0
230,thin-seam,ABL-ET2X-R-PreviousRawEdge-ResolvedRGB,1.9773221015930176,33.72913941844409,0.0,0.0
230,thin-seam,ABL-ET2X-R-PreviousRawEdge-CatmullRomRGB,1.9712456464767456,33.72836984608477,0.0,0.0
230,leaves,O-T2X-R,2.4217610359191895,34.537924850979046,0.0,0.0
230,leaves,ABL-ET2X-R-PreviousRawEdge-BilinearRGB,2.9464354515075684,31.970733191939473,0.0,0.0
230,leaves,ABL-ET2X-R-PreviousRawEdge-ResolvedRGB,2.921142578125,32.04907740301677,0.0,0.0
230,leaves,ABL-ET2X-R-PreviousRawEdge-CatmullRomRGB,2.925032615661621,32.02474255104591,0.0,0.0
231,seams,O-T2X-R,1.2729328870773315,38.302918288406566,0.0,0.0
231,seams,ABL-ET2X-R-PreviousRawEdge-BilinearRGB,1.8788899183273315,34.15682133329288,0.0,0.0
231,seams,ABL-ET2X-R-PreviousRawEdge-ResolvedRGB,1.8721842765808105,34.18906680755564,0.0,0.0
231,seams,ABL-ET2X-R-PreviousRawEdge-CatmullRomRGB,1.8686686754226685,34.20298991085411,0.0,0.0
231,thin-seam,O-T2X-R,1.2390950918197632,39.47512344066054,0.0,0.0
231,thin-seam,ABL-ET2X-R-PreviousRawEdge-BilinearRGB,1.9865450859069824,33.64618275659018,0.0,0.0
231,thin-seam,ABL-ET2X-R-PreviousRawEdge-ResolvedRGB,1.9773221015930176,33.72913941844409,0.0,0.0
231,thin-seam,ABL-ET2X-R-PreviousRawEdge-CatmullRomRGB,1.9712456464767456,33.72836984608477,0.0,0.0
231,leaves,O-T2X-R,2.4217610359191895,34.537924850979046,0.0,0.0
231,leaves,ABL-ET2X-R-PreviousRawEdge-BilinearRGB,2.9464354515075684,31.970733191939473,0.0,0.0
231,leaves,ABL-ET2X-R-PreviousRawEdge-ResolvedRGB,2.921142578125,32.04907740301677,0.0,0.0
231,leaves,ABL-ET2X-R-PreviousRawEdge-CatmullRomRGB,2.925032615661621,32.02474255104591,0.0,0.0
232,seams,O-T2X-R,1.2729328870773315,38.302918288406566,0.0,0.0
232,seams,ABL-ET2X-R-PreviousRawEdge-BilinearRGB,1.8788899183273315,34.15682133329288,0.0,0.0
232,seams,ABL-ET2X-R-PreviousRawEdge-ResolvedRGB,1.8721842765808105,34.18906680755564,0.0,0.0
232,seams,ABL-ET2X-R-PreviousRawEdge-CatmullRomRGB,1.8686686754226685,34.20298991085411,0.0,0.0
232,thin-seam,O-T2X-R,1.2390950918197632,39.47512344066054,0.0,0.0
232,thin-seam,ABL-ET2X-R-PreviousRawEdge-BilinearRGB,1.9865450859069824,33.64618275659018,0.0,0.0
232,thin-seam,ABL-ET2X-R-PreviousRawEdge-ResolvedRGB,1.9773221015930176,33.72913941844409,0.0,0.0
232,thin-seam,ABL-ET2X-R-PreviousRawEdge-CatmullRomRGB,1.9712456464767456,33.72836984608477,0.0,0.0
232,leaves,O-T2X-R,2.4217610359191895,34.537924850979046,0.0,0.0
232,leaves,ABL-ET2X-R-PreviousRawEdge-BilinearRGB,2.9464354515075684,31.970733191939473,0.0,0.0
232,leaves,ABL-ET2X-R-PreviousRawEdge-ResolvedRGB,2.921142578125,32.04907740301677,0.0,0.0
232,leaves,ABL-ET2X-R-PreviousRawEdge-CatmullRomRGB,2.925032615661621,32.02474255104591,0.0,0.0
233,seams,O-T2X-R,1.2729328870773315,38.302918288406566,0.0,0.0
233,seams,ABL-ET2X-R-PreviousRawEdge-BilinearRGB,1.8788899183273315,34.15682133329288,0.0,0.0
233,seams,ABL-ET2X-R-PreviousRawEdge-ResolvedRGB,1.8721842765808105,34.18906680755564,0.0,0.0
233,seams,ABL-ET2X-R-PreviousRawEdge-CatmullRomRGB,1.8686686754226685,34.20298991085411,0.0,0.0
233,thin-seam,O-T2X-R,1.2390950918197632,39.47512344066054,0.0,0.0
233,thin-seam,ABL-ET2X-R-PreviousRawEdge-BilinearRGB,1.9865450859069824,33.64618275659018,0.0,0.0
233,thin-seam,ABL-ET2X-R-PreviousRawEdge-ResolvedRGB,1.9773221015930176,33.72913941844409,0.0,0.0
233,thin-seam,ABL-ET2X-R-PreviousRawEdge-CatmullRomRGB,1.9712456464767456,33.72836984608477,0.0,0.0
233,leaves,O-T2X-R,2.4217610359191895,34.537924850979046,0.0,0.0
233,leaves,ABL-ET2X-R-PreviousRawEdge-BilinearRGB,2.9464354515075684,31.970733191939473,0.0,0.0
233,leaves,ABL-ET2X-R-PreviousRawEdge-ResolvedRGB,2.921142578125,32.04907740301677,0.0,0.0
233,leaves,ABL-ET2X-R-PreviousRawEdge-CatmullRomRGB,2.925032615661621,32.02474255104591,0.0,0.0
234,seams,O-T2X-R,1.2729328870773315,38.302918288406566,0.0,0.0
234,seams,ABL-ET2X-R-PreviousRawEdge-BilinearRGB,1.8788899183273315,34.15682133329288,0.0,0.0
234,seams,ABL-ET2X-R-PreviousRawEdge-ResolvedRGB,1.8721842765808105,34.18906680755564,0.0,0.0
234,seams,ABL-ET2X-R-PreviousRawEdge-CatmullRomRGB,1.8686686754226685,34.20298991085411,0.0,0.0
234,thin-seam,O-T2X-R,1.2390950918197632,39.47512344066054,0.0,0.0
234,thin-seam,ABL-ET2X-R-PreviousRawEdge-BilinearRGB,1.9865450859069824,33.64618275659018,0.0,0.0
234,thin-seam,ABL-ET2X-R-PreviousRawEdge-ResolvedRGB,1.9773221015930176,33.72913941844409,0.0,0.0
234,thin-seam,ABL-ET2X-R-PreviousRawEdge-CatmullRomRGB,1.9712456464767456,33.72836984608477,0.0,0.0
234,leaves,O-T2X-R,2.4217610359191895,34.537924850979046,0.0,0.0
234,leaves,ABL-ET2X-R-PreviousRawEdge-BilinearRGB,2.9464354515075684,31.970733191939473,0.0,0.0
234,leaves,ABL-ET2X-R-PreviousRawEdge-ResolvedRGB,2.921142578125,32.04907740301677,0.0,0.0
234,leaves,ABL-ET2X-R-PreviousRawEdge-CatmullRomRGB,2.925032615661621,32.02474255104591,0.0,0.0
235,seams,O-T2X-R,1.2729328870773315,38.302918288406566,0.0,0.0
235,seams,ABL-ET2X-R-PreviousRawEdge-BilinearRGB,1.8788899183273315,34.15682133329288,0.0,0.0
235,seams,ABL-ET2X-R-PreviousRawEdge-ResolvedRGB,1.8721842765808105,34.18906680755564,0.0,0.0
235,seams,ABL-ET2X-R-PreviousRawEdge-CatmullRomRGB,1.8686686754226685,34.20298991085411,0.0,0.0
235,thin-seam,O-T2X-R,1.2390950918197632,39.47512344066054,0.0,0.0
235,thin-seam,ABL-ET2X-R-PreviousRawEdge-BilinearRGB,1.9865450859069824,33.64618275659018,0.0,0.0
235,thin-seam,ABL-ET2X-R-PreviousRawEdge-ResolvedRGB,1.9773221015930176,33.72913941844409,0.0,0.0
235,thin-seam,ABL-ET2X-R-PreviousRawEdge-CatmullRomRGB,1.9712456464767456,33.72836984608477,0.0,0.0
235,leaves,O-T2X-R,2.4217610359191895,34.537924850979046,0.0,0.0
235,leaves,ABL-ET2X-R-PreviousRawEdge-BilinearRGB,2.9464354515075684,31.970733191939473,0.0,0.0
235,leaves,ABL-ET2X-R-PreviousRawEdge-ResolvedRGB,2.921142578125,32.04907740301677,0.0,0.0
235,leaves,ABL-ET2X-R-PreviousRawEdge-CatmullRomRGB,2.925032615661621,32.02474255104591,0.0,0.0
236,seams,O-T2X-R,1.2729328870773315,38.302918288406566,0.0,0.0
236,seams,ABL-ET2X-R-PreviousRawEdge-BilinearRGB,1.8788899183273315,34.15682133329288,0.0,0.0
236,seams,ABL-ET2X-R-PreviousRawEdge-ResolvedRGB,1.8721842765808105,34.18906680755564,0.0,0.0
236,seams,ABL-ET2X-R-PreviousRawEdge-CatmullRomRGB,1.8686686754226685,34.20298991085411,0.0,0.0
236,thin-seam,O-T2X-R,1.2390950918197632,39.47512344066054,0.0,0.0
236,thin-seam,ABL-ET2X-R-PreviousRawEdge-BilinearRGB,1.9865450859069824,33.64618275659018,0.0,0.0
236,thin-seam,ABL-ET2X-R-PreviousRawEdge-ResolvedRGB,1.9773221015930176,33.72913941844409,0.0,0.0
236,thin-seam,ABL-ET2X-R-PreviousRawEdge-CatmullRomRGB,1.9712456464767456,33.72836984608477,0.0,0.0
236,leaves,O-T2X-R,2.4217610359191895,34.537924850979046,0.0,0.0
236,leaves,ABL-ET2X-R-PreviousRawEdge-BilinearRGB,2.9464354515075684,31.970733191939473,0.0,0.0
236,leaves,ABL-ET2X-R-PreviousRawEdge-ResolvedRGB,2.921142578125,32.04907740301677,0.0,0.0
236,leaves,ABL-ET2X-R-PreviousRawEdge-CatmullRomRGB,2.925032615661621,32.02474255104591,0.0,0.0
237,seams,O-T2X-R,1.2729328870773315,38.302918288406566,0.0,0.0
237,seams,ABL-ET2X-R-PreviousRawEdge-BilinearRGB,1.8788899183273315,34.15682133329288,0.0,0.0
237,seams,ABL-ET2X-R-PreviousRawEdge-ResolvedRGB,1.8721842765808105,34.18906680755564,0.0,0.0
237,seams,ABL-ET2X-R-PreviousRawEdge-CatmullRomRGB,1.8686686754226685,34.20298991085411,0.0,0.0
237,thin-seam,O-T2X-R,1.2390950918197632,39.47512344066054,0.0,0.0
237,thin-seam,ABL-ET2X-R-PreviousRawEdge-BilinearRGB,1.9865450859069824,33.64618275659018,0.0,0.0
237,thin-seam,ABL-ET2X-R-PreviousRawEdge-ResolvedRGB,1.9773221015930176,33.72913941844409,0.0,0.0
237,thin-seam,ABL-ET2X-R-PreviousRawEdge-CatmullRomRGB,1.9712456464767456,33.72836984608477,0.0,0.0
237,leaves,O-T2X-R,2.4217610359191895,34.537924850979046,0.0,0.0
237,leaves,ABL-ET2X-R-PreviousRawEdge-BilinearRGB,2.9464354515075684,31.970733191939473,0.0,0.0
237,leaves,ABL-ET2X-R-PreviousRawEdge-ResolvedRGB,2.921142578125,32.04907740301677,0.0,0.0
237,leaves,ABL-ET2X-R-PreviousRawEdge-CatmullRomRGB,2.925032615661621,32.02474255104591,0.0,0.0
238,seams,O-T2X-R,1.2729328870773315,38.302918288406566,0.0,0.0
238,seams,ABL-ET2X-R-PreviousRawEdge-BilinearRGB,1.8788899183273315,34.15682133329288,0.0,0.0
238,seams,ABL-ET2X-R-PreviousRawEdge-ResolvedRGB,1.8721842765808105,34.18906680755564,0.0,0.0
238,seams,ABL-ET2X-R-PreviousRawEdge-CatmullRomRGB,1.8686686754226685,34.20298991085411,0.0,0.0
238,thin-seam,O-T2X-R,1.2390950918197632,39.47512344066054,0.0,0.0
238,thin-seam,ABL-ET2X-R-PreviousRawEdge-BilinearRGB,1.9865450859069824,33.64618275659018,0.0,0.0
238,thin-seam,ABL-ET2X-R-PreviousRawEdge-ResolvedRGB,1.9773221015930176,33.72913941844409,0.0,0.0
238,thin-seam,ABL-ET2X-R-PreviousRawEdge-CatmullRomRGB,1.9712456464767456,33.72836984608477,0.0,0.0
238,leaves,O-T2X-R,2.4217610359191895,34.537924850979046,0.0,0.0
238,leaves,ABL-ET2X-R-PreviousRawEdge-BilinearRGB,2.9464354515075684,31.970733191939473,0.0,0.0
238,leaves,ABL-ET2X-R-PreviousRawEdge-ResolvedRGB,2.921142578125,32.04907740301677,0.0,0.0
238,leaves,ABL-ET2X-R-PreviousRawEdge-CatmullRomRGB,2.925032615661621,32.02474255104591,0.0,0.0
239,seams,O-T2X-R,1.2729328870773315,38.302918288406566,0.0,0.0
239,seams,ABL-ET2X-R-PreviousRawEdge-BilinearRGB,1.8788899183273315,34.15682133329288,0.0,0.0
239,seams,ABL-ET2X-R-PreviousRawEdge-ResolvedRGB,1.8721842765808105,34.18906680755564,0.0,0.0
239,seams,ABL-ET2X-R-PreviousRawEdge-CatmullRomRGB,1.8686686754226685,34.20298991085411,0.0,0.0
239,thin-seam,O-T2X-R,1.2390950918197632,39.47512344066054,0.0,0.0
239,thin-seam,ABL-ET2X-R-PreviousRawEdge-BilinearRGB,1.9865450859069824,33.64618275659018,0.0,0.0
239,thin-seam,ABL-ET2X-R-PreviousRawEdge-ResolvedRGB,1.9773221015930176,33.72913941844409,0.0,0.0
239,thin-seam,ABL-ET2X-R-PreviousRawEdge-CatmullRomRGB,1.9712456464767456,33.72836984608477,0.0,0.0
239,leaves,O-T2X-R,2.4217610359191895,34.537924850979046,0.0,0.0
239,leaves,ABL-ET2X-R-PreviousRawEdge-BilinearRGB,2.9464354515075684,31.970733191939473,0.0,0.0
239,leaves,ABL-ET2X-R-PreviousRawEdge-ResolvedRGB,2.921142578125,32.04907740301677,0.0,0.0
239,leaves,ABL-ET2X-R-PreviousRawEdge-CatmullRomRGB,2.925032615661621,32.02474255104591,0.0,0.0
