frame,roi,mode,reference_rgb_mae,psnr,luma_delta,luma_second_delta
0,chairs,O-T2X-R,4.546842575073242,28.44487050795346,,
0,chairs,ABL-ET2X-R-PreviousRawEdge-CatmullRomRGB-Fixed080,3.689225196838379,29.913685532648646,,
0,chairs,ABL-ET2X-R-PreviousRawEdge-CatmullRomRGB-Fixed080-EncodedGamma2Blend,3.689225196838379,29.913685532648646,,
0,thin-chair,O-T2X-R,6.6784443855285645,26.338290801734075,,
0,thin-chair,ABL-ET2X-R-PreviousRawEdge-CatmullRomRGB-Fixed080,5.546253681182861,27.741128275872825,,
0,thin-chair,ABL-ET2X-R-PreviousRawEdge-CatmullRomRGB-Fixed080-EncodedGamma2Blend,5.546253681182861,27.741128275872825,,
0,windows,O-T2X-R,7.944287300109863,21.91560318726814,,
0,windows,ABL-ET2X-R-PreviousRawEdge-CatmullRomRGB-Fixed080,5.217268943786621,25.77318343274605,,
0,windows,ABL-ET2X-R-PreviousRawEdge-CatmullRomRGB-Fixed080-EncodedGamma2Blend,5.217268943786621,25.77318343274605,,
1,chairs,O-T2X-R,2.539811134338379,33.091345831527036,3.436199903488159,
1,chairs,ABL-ET2X-R-PreviousRawEdge-CatmullRomRGB-Fixed080,3.689225196838379,29.913685532648646,0.0,
1,chairs,ABL-ET2X-R-PreviousRawEdge-CatmullRomRGB-Fixed080-EncodedGamma2Blend,3.689225196838379,29.913685532648646,0.0,
1,thin-chair,O-T2X-R,3.863340377807617,30.773035422457546,4.929037094116211,
1,thin-chair,ABL-ET2X-R-PreviousRawEdge-CatmullRomRGB-Fixed080,5.546253681182861,27.741128275872825,0.0,
1,thin-chair,ABL-ET2X-R-PreviousRawEdge-CatmullRomRGB-Fixed080-EncodedGamma2Blend,5.546253681182861,27.741128275872825,0.0,
1,windows,O-T2X-R,4.3203125,28.06699692047068,5.360753536224365,
1,windows,ABL-ET2X-R-PreviousRawEdge-CatmullRomRGB-Fixed080,5.217268943786621,25.77318343274605,0.0,
1,windows,ABL-ET2X-R-PreviousRawEdge-CatmullRomRGB-Fixed080-EncodedGamma2Blend,5.217268943786621,25.77318343274605,0.0,
2,chairs,O-T2X-R,2.539811134338379,33.091345831527036,0.0,3.436199903488159
2,chairs,ABL-ET2X-R-PreviousRawEdge-CatmullRomRGB-Fixed080,3.689225196838379,29.913685532648646,0.0,0.0
2,chairs,ABL-ET2X-R-PreviousRawEdge-CatmullRomRGB-Fixed080-EncodedGamma2Blend,3.689225196838379,29.913685532648646,0.0,0.0
2,thin-chair,O-T2X-R,3.863340377807617,30.773035422457546,0.0,4.929037094116211
2,thin-chair,ABL-ET2X-R-PreviousRawEdge-CatmullRomRGB-Fixed080,5.546253681182861,27.741128275872825,0.0,0.0
2,thin-chair,ABL-ET2X-R-PreviousRawEdge-CatmullRomRGB-Fixed080-EncodedGamma2Blend,5.546253681182861,27.741128275872825,0.0,0.0
2,windows,O-T2X-R,4.3203125,28.06699692047068,0.0,5.360753536224365
2,windows,ABL-ET2X-R-PreviousRawEdge-CatmullRomRGB-Fixed080,5.217268943786621,25.77318343274605,0.0,0.0
2,windows,ABL-ET2X-R-PreviousRawEdge-CatmullRomRGB-Fixed080-EncodedGamma2Blend,5.217268943786621,25.77318343274605,0.0,0.0
3,chairs,O-T2X-R,2.539811134338379,33.091345831527036,0.0,0.0
3,chairs,ABL-ET2X-R-PreviousRawEdge-CatmullRomRGB-Fixed080,3.689225196838379,29.913685532648646,0.0,0.0
3,chairs,ABL-ET2X-R-PreviousRawEdge-CatmullRomRGB-Fixed080-EncodedGamma2Blend,3.689225196838379,29.913685532648646,0.0,0.0
3,thin-chair,O-T2X-R,3.863340377807617,30.773035422457546,0.0,0.0
3,thin-chair,ABL-ET2X-R-PreviousRawEdge-CatmullRomRGB-Fixed080,5.546253681182861,27.741128275872825,0.0,0.0
3,thin-chair,ABL-ET2X-R-PreviousRawEdge-CatmullRomRGB-Fixed080-EncodedGamma2Blend,5.546253681182861,27.741128275872825,0.0,0.0
3,windows,O-T2X-R,4.3203125,28.06699692047068,0.0,0.0
3,windows,ABL-ET2X-R-PreviousRawEdge-CatmullRomRGB-Fixed080,5.217268943786621,25.77318343274605,0.0,0.0
3,windows,ABL-ET2X-R-PreviousRawEdge-CatmullRomRGB-Fixed080-EncodedGamma2Blend,5.217268943786621,25.77318343274605,0.0,0.0
4,chairs,O-T2X-R,2.539811134338379,33.091345831527036,0.0,0.0
4,chairs,ABL-ET2X-R-PreviousRawEdge-CatmullRomRGB-Fixed080,3.689225196838379,29.913685532648646,0.0,0.0
4,chairs,ABL-ET2X-R-PreviousRawEdge-CatmullRomRGB-Fixed080-EncodedGamma2Blend,3.689225196838379,29.913685532648646,0.0,0.0
4,thin-chair,O-T2X-R,3.863340377807617,30.773035422457546,0.0,0.0
4,thin-chair,ABL-ET2X-R-PreviousRawEdge-CatmullRomRGB-Fixed080,5.546253681182861,27.741128275872825,0.0,0.0
4,thin-chair,ABL-ET2X-R-PreviousRawEdge-CatmullRomRGB-Fixed080-EncodedGamma2Blend,5.546253681182861,27.741128275872825,0.0,0.0
4,windows,O-T2X-R,4.3203125,28.06699692047068,0.0,0.0
4,windows,ABL-ET2X-R-PreviousRawEdge-CatmullRomRGB-Fixed080,5.217268943786621,25.77318343274605,0.0,0.0
4,windows,ABL-ET2X-R-PreviousRawEdge-CatmullRomRGB-Fixed080-EncodedGamma2Blend,5.217268943786621,25.77318343274605,0.0,0.0
5,chairs,O-T2X-R,2.539811134338379,33.091345831527036,0.0,0.0
5,chairs,ABL-ET2X-R-PreviousRawEdge-CatmullRomRGB-Fixed080,3.689225196838379,29.913685532648646,0.0,0.0
5,chairs,ABL-ET2X-R-PreviousRawEdge-CatmullRomRGB-Fixed080-EncodedGamma2Blend,3.689225196838379,29.913685532648646,0.0,0.0
5,thin-chair,O-T2X-R,3.863340377807617,30.773035422457546,0.0,0.0
5,thin-chair,ABL-ET2X-R-PreviousRawEdge-CatmullRomRGB-Fixed080,5.546253681182861,27.741128275872825,0.0,0.0
5,thin-chair,ABL-ET2X-R-PreviousRawEdge-CatmullRomRGB-Fixed080-EncodedGamma2Blend,5.546253681182861,27.741128275872825,0.0,0.0
5,windows,O-T2X-R,4.3203125,28.06699692047068,0.0,0.0
5,windows,ABL-ET2X-R-PreviousRawEdge-CatmullRomRGB-Fixed080,5.217268943786621,25.77318343274605,0.0,0.0
5,windows,ABL-ET2X-R-PreviousRawEdge-CatmullRomRGB-Fixed080-EncodedGamma2Blend,5.217268943786621,25.77318343274605,0.0,0.0
6,chairs,O-T2X-R,2.539811134338379,33.091345831527036,0.0,0.0
6,chairs,ABL-ET2X-R-PreviousRawEdge-CatmullRomRGB-Fixed080,3.689225196838379,29.913685532648646,0.0,0.0
6,chairs,ABL-ET2X-R-PreviousRawEdge-CatmullRomRGB-Fixed080-EncodedGamma2Blend,3.689225196838379,29.913685532648646,0.0,0.0
6,thin-chair,O-T2X-R,3.863340377807617,30.773035422457546,0.0,0.0
6,thin-chair,ABL-ET2X-R-PreviousRawEdge-CatmullRomRGB-Fixed080,5.546253681182861,27.741128275872825,0.0,0.0
6,thin-chair,ABL-ET2X-R-PreviousRawEdge-CatmullRomRGB-Fixed080-EncodedGamma2Blend,5.546253681182861,27.741128275872825,0.0,0.0
6,windows,O-T2X-R,4.3203125,28.06699692047068,0.0,0.0
6,windows,ABL-ET2X-R-PreviousRawEdge-CatmullRomRGB-Fixed080,5.217268943786621,25.77318343274605,0.0,0.0
6,windows,ABL-ET2X-R-PreviousRawEdge-CatmullRomRGB-Fixed080-EncodedGamma2Blend,5.217268943786621,25.77318343274605,0.0,0.0
7,chairs,O-T2X-R,2.539811134338379,33.091345831527036,0.0,0.0
7,chairs,ABL-ET2X-R-PreviousRawEdge-CatmullRomRGB-Fixed080,3.689225196838379,29.913685532648646,0.0,0.0
7,chairs,ABL-ET2X-R-PreviousRawEdge-CatmullRomRGB-Fixed080-EncodedGamma2Blend,3.689225196838379,29.913685532648646,0.0,0.0
7,thin-chair,O-T2X-R,3.863340377807617,30.773035422457546,0.0,0.0
7,thin-chair,ABL-ET2X-R-PreviousRawEdge-CatmullRomRGB-Fixed080,5.546253681182861,27.741128275872825,0.0,0.0
7,thin-chair,ABL-ET2X-R-PreviousRawEdge-CatmullRomRGB-Fixed080-EncodedGamma2Blend,5.546253681182861,27.741128275872825,0.0,0.0
7,windows,O-T2X-R,4.3203125,28.06699692047068,0.0,0.0
7,windows,ABL-ET2X-R-PreviousRawEdge-CatmullRomRGB-Fixed080,5.217268943786621,25.77318343274605,0.0,0.0
7,windows,ABL-ET2X-R-PreviousRawEdge-CatmullRomRGB-Fixed080-EncodedGamma2Blend,5.217268943786621,25.77318343274605,0.0,0.0
8,chairs,O-T2X-R,2.539811134338379,33.091345831527036,0.0,0.0
8,chairs,ABL-ET2X-R-PreviousRawEdge-CatmullRomRGB-Fixed080,3.689225196838379,29.913685532648646,0.0,0.0
8,chairs,ABL-ET2X-R-PreviousRawEdge-CatmullRomRGB-Fixed080-EncodedGamma2Blend,3.689225196838379,29.913685532648646,0.0,0.0
8,thin-chair,O-T2X-R,3.863340377807617,30.773035422457546,0.0,0.0
8,thin-chair,ABL-ET2X-R-PreviousRawEdge-CatmullRomRGB-Fixed080,5.546253681182861,27.741128275872825,0.0,0.0
8,thin-chair,ABL-ET2X-R-PreviousRawEdge-CatmullRomRGB-Fixed080-EncodedGamma2Blend,5.546253681182861,27.741128275872825,0.0,0.0
8,windows,O-T2X-R,4.3203125,28.06699692047068,0.0,0.0
8,windows,ABL-ET2X-R-PreviousRawEdge-CatmullRomRGB-Fixed080,5.217268943786621,25.77318343274605,0.0,0.0
8,windows,ABL-ET2X-R-PreviousRawEdge-CatmullRomRGB-Fixed080-EncodedGamma2Blend,5.217268943786621,25.77318343274605,0.0,0.0
9,chairs,O-T2X-R,2.539811134338379,33.091345831527036,0.0,0.0
9,chairs,ABL-ET2X-R-PreviousRawEdge-CatmullRomRGB-Fixed080,3.689225196838379,29.913685532648646,0.0,0.0
9,chairs,ABL-ET2X-R-PreviousRawEdge-CatmullRomRGB-Fixed080-EncodedGamma2Blend,3.689225196838379,29.913685532648646,0.0,0.0
9,thin-chair,O-T2X-R,3.863340377807617,30.773035422457546,0.0,0.0
9,thin-chair,ABL-ET2X-R-PreviousRawEdge-CatmullRomRGB-Fixed080,5.546253681182861,27.741128275872825,0.0,0.0
9,thin-chair,ABL-ET2X-R-PreviousRawEdge-CatmullRomRGB-Fixed080-EncodedGamma2Blend,5.546253681182861,27.741128275872825,0.0,0.0
9,windows,O-T2X-R,4.3203125,28.06699692047068,0.0,0.0
9,windows,ABL-ET2X-R-PreviousRawEdge-CatmullRomRGB-Fixed080,5.217268943786621,25.77318343274605,0.0,0.0
9,windows,ABL-ET2X-R-PreviousRawEdge-CatmullRomRGB-Fixed080-EncodedGamma2Blend,5.217268943786621,25.77318343274605,0.0,0.0
10,chairs,O-T2X-R,2.539811134338379,33.091345831527036,0.0,0.0
10,chairs,ABL-ET2X-R-PreviousRawEdge-CatmullRomRGB-Fixed080,3.689225196838379,29.913685532648646,0.0,0.0
10,chairs,ABL-ET2X-R-PreviousRawEdge-CatmullRomRGB-Fixed080-EncodedGamma2Blend,3.689225196838379,29.913685532648646,0.0,0.0
10,thin-chair,O-T2X-R,3.863340377807617,30.773035422457546,0.0,0.0
10,thin-chair,ABL-ET2X-R-PreviousRawEdge-CatmullRomRGB-Fixed080,5.546253681182861,27.741128275872825,0.0,0.0
10,thin-chair,ABL-ET2X-R-PreviousRawEdge-CatmullRomRGB-Fixed080-EncodedGamma2Blend,5.546253681182861,27.741128275872825,0.0,0.0
10,windows,O-T2X-R,4.3203125,28.06699692047068,0.0,0.0
10,windows,ABL-ET2X-R-PreviousRawEdge-CatmullRomRGB-Fixed080,5.217268943786621,25.77318343274605,0.0,0.0
10,windows,ABL-ET2X-R-PreviousRawEdge-CatmullRomRGB-Fixed080-EncodedGamma2Blend,5.217268943786621,25.77318343274605,0.0,0.0
11,chairs,O-T2X-R,2.539811134338379,33.091345831527036,0.0,0.0
11,chairs,ABL-ET2X-R-PreviousRawEdge-CatmullRomRGB-Fixed080,3.689225196838379,29.913685532648646,0.0,0.0
11,chairs,ABL-ET2X-R-PreviousRawEdge-CatmullRomRGB-Fixed080-EncodedGamma2Blend,3.689225196838379,29.913685532648646,0.0,0.0
11,thin-chair,O-T2X-R,3.863340377807617,30.773035422457546,0.0,0.0
11,thin-chair,ABL-ET2X-R-PreviousRawEdge-CatmullRomRGB-Fixed080,5.546253681182861,27.741128275872825,0.0,0.0
11,thin-chair,ABL-ET2X-R-PreviousRawEdge-CatmullRomRGB-Fixed080-EncodedGamma2Blend,5.546253681182861,27.741128275872825,0.0,0.0
11,windows,O-T2X-R,4.3203125,28.06699692047068,0.0,0.0
11,windows,ABL-ET2X-R-PreviousRawEdge-CatmullRomRGB-Fixed080,5.217268943786621,25.77318343274605,0.0,0.0
11,windows,ABL-ET2X-R-PreviousRawEdge-CatmullRomRGB-Fixed080-EncodedGamma2Blend,5.217268943786621,25.77318343274605,0.0,0.0
12,chairs,O-T2X-R,2.539811134338379,33.091345831527036,0.0,0.0
12,chairs,ABL-ET2X-R-PreviousRawEdge-CatmullRomRGB-Fixed080,3.689225196838379,29.913685532648646,0.0,0.0
12,chairs,ABL-ET2X-R-PreviousRawEdge-CatmullRomRGB-Fixed080-EncodedGamma2Blend,3.689225196838379,29.913685532648646,0.0,0.0
12,thin-chair,O-T2X-R,3.863340377807617,30.773035422457546,0.0,0.0
12,thin-chair,ABL-ET2X-R-PreviousRawEdge-CatmullRomRGB-Fixed080,5.546253681182861,27.741128275872825,0.0,0.0
12,thin-chair,ABL-ET2X-R-PreviousRawEdge-CatmullRomRGB-Fixed080-EncodedGamma2Blend,5.546253681182861,27.741128275872825,0.0,0.0
12,windows,O-T2X-R,4.3203125,28.06699692047068,0.0,0.0
12,windows,ABL-ET2X-R-PreviousRawEdge-CatmullRomRGB-Fixed080,5.217268943786621,25.77318343274605,0.0,0.0
12,windows,ABL-ET2X-R-PreviousRawEdge-CatmullRomRGB-Fixed080-EncodedGamma2Blend,5.217268943786621,25.77318343274605,0.0,0.0
13,chairs,O-T2X-R,2.539811134338379,33.091345831527036,0.0,0.0
13,chairs,ABL-ET2X-R-PreviousRawEdge-CatmullRomRGB-Fixed080,3.689225196838379,29.913685532648646,0.0,0.0
13,chairs,ABL-ET2X-R-PreviousRawEdge-CatmullRomRGB-Fixed080-EncodedGamma2Blend,3.689225196838379,29.913685532648646,0.0,0.0
13,thin-chair,O-T2X-R,3.863340377807617,30.773035422457546,0.0,0.0
13,thin-chair,ABL-ET2X-R-PreviousRawEdge-CatmullRomRGB-Fixed080,5.546253681182861,27.741128275872825,0.0,0.0
13,thin-chair,ABL-ET2X-R-PreviousRawEdge-CatmullRomRGB-Fixed080-EncodedGamma2Blend,5.546253681182861,27.741128275872825,0.0,0.0
13,windows,O-T2X-R,4.3203125,28.06699692047068,0.0,0.0
13,windows,ABL-ET2X-R-PreviousRawEdge-CatmullRomRGB-Fixed080,5.217268943786621,25.77318343274605,0.0,0.0
13,windows,ABL-ET2X-R-PreviousRawEdge-CatmullRomRGB-Fixed080-EncodedGamma2Blend,5.217268943786621,25.77318343274605,0.0,0.0
14,chairs,O-T2X-R,2.539811134338379,33.091345831527036,0.0,0.0
14,chairs,ABL-ET2X-R-PreviousRawEdge-CatmullRomRGB-Fixed080,3.689225196838379,29.913685532648646,0.0,0.0
14,chairs,ABL-ET2X-R-PreviousRawEdge-CatmullRomRGB-Fixed080-EncodedGamma2Blend,3.689225196838379,29.913685532648646,0.0,0.0
14,thin-chair,O-T2X-R,3.863340377807617,30.773035422457546,0.0,0.0
14,thin-chair,ABL-ET2X-R-PreviousRawEdge-CatmullRomRGB-Fixed080,5.546253681182861,27.741128275872825,0.0,0.0
14,thin-chair,ABL-ET2X-R-PreviousRawEdge-CatmullRomRGB-Fixed080-EncodedGamma2Blend,5.546253681182861,27.741128275872825,0.0,0.0
14,windows,O-T2X-R,4.3203125,28.06699692047068,0.0,0.0
14,windows,ABL-ET2X-R-PreviousRawEdge-CatmullRomRGB-Fixed080,5.217268943786621,25.77318343274605,0.0,0.0
14,windows,ABL-ET2X-R-PreviousRawEdge-CatmullRomRGB-Fixed080-EncodedGamma2Blend,5.217268943786621,25.77318343274605,0.0,0.0
15,chairs,O-T2X-R,2.539811134338379,33.091345831527036,0.0,0.0
15,chairs,ABL-ET2X-R-PreviousRawEdge-CatmullRomRGB-Fixed080,3.689225196838379,29.913685532648646,0.0,0.0
15,chairs,ABL-ET2X-R-PreviousRawEdge-CatmullRomRGB-Fixed080-EncodedGamma2Blend,3.689225196838379,29.913685532648646,0.0,0.0
15,thin-chair,O-T2X-R,3.863340377807617,30.773035422457546,0.0,0.0
15,thin-chair,ABL-ET2X-R-PreviousRawEdge-CatmullRomRGB-Fixed080,5.546253681182861,27.741128275872825,0.0,0.0
15,thin-chair,ABL-ET2X-R-PreviousRawEdge-CatmullRomRGB-Fixed080-EncodedGamma2Blend,5.546253681182861,27.741128275872825,0.0,0.0
15,windows,O-T2X-R,4.3203125,28.06699692047068,0.0,0.0
15,windows,ABL-ET2X-R-PreviousRawEdge-CatmullRomRGB-Fixed080,5.217268943786621,25.77318343274605,0.0,0.0
15,windows,ABL-ET2X-R-PreviousRawEdge-CatmullRomRGB-Fixed080-EncodedGamma2Blend,5.217268943786621,25.77318343274605,0.0,0.0
16,chairs,O-T2X-R,2.539811134338379,33.091345831527036,0.0,0.0
16,chairs,ABL-ET2X-R-PreviousRawEdge-CatmullRomRGB-Fixed080,3.689225196838379,29.913685532648646,0.0,0.0
16,chairs,ABL-ET2X-R-PreviousRawEdge-CatmullRomRGB-Fixed080-EncodedGamma2Blend,3.689225196838379,29.913685532648646,0.0,0.0
16,thin-chair,O-T2X-R,3.863340377807617,30.773035422457546,0.0,0.0
16,thin-chair,ABL-ET2X-R-PreviousRawEdge-CatmullRomRGB-Fixed080,5.546253681182861,27.741128275872825,0.0,0.0
16,thin-chair,ABL-ET2X-R-PreviousRawEdge-CatmullRomRGB-Fixed080-EncodedGamma2Blend,5.546253681182861,27.741128275872825,0.0,0.0
16,windows,O-T2X-R,4.3203125,28.06699692047068,0.0,0.0
16,windows,ABL-ET2X-R-PreviousRawEdge-CatmullRomRGB-Fixed080,5.217268943786621,25.77318343274605,0.0,0.0
16,windows,ABL-ET2X-R-PreviousRawEdge-CatmullRomRGB-Fixed080-EncodedGamma2Blend,5.217268943786621,25.77318343274605,0.0,0.0
17,chairs,O-T2X-R,2.539811134338379,33.091345831527036,0.0,0.0
17,chairs,ABL-ET2X-R-PreviousRawEdge-CatmullRomRGB-Fixed080,3.689225196838379,29.913685532648646,0.0,0.0
17,chairs,ABL-ET2X-R-PreviousRawEdge-CatmullRomRGB-Fixed080-EncodedGamma2Blend,3.689225196838379,29.913685532648646,0.0,0.0
17,thin-chair,O-T2X-R,3.863340377807617,30.773035422457546,0.0,0.0
17,thin-chair,ABL-ET2X-R-PreviousRawEdge-CatmullRomRGB-Fixed080,5.546253681182861,27.741128275872825,0.0,0.0
17,thin-chair,ABL-ET2X-R-PreviousRawEdge-CatmullRomRGB-Fixed080-EncodedGamma2Blend,5.546253681182861,27.741128275872825,0.0,0.0
17,windows,O-T2X-R,4.3203125,28.06699692047068,0.0,0.0
17,windows,ABL-ET2X-R-PreviousRawEdge-CatmullRomRGB-Fixed080,5.217268943786621,25.77318343274605,0.0,0.0
17,windows,ABL-ET2X-R-PreviousRawEdge-CatmullRomRGB-Fixed080-EncodedGamma2Blend,5.217268943786621,25.77318343274605,0.0,0.0
18,chairs,O-T2X-R,2.539811134338379,33.091345831527036,0.0,0.0
18,chairs,ABL-ET2X-R-PreviousRawEdge-CatmullRomRGB-Fixed080,3.689225196838379,29.913685532648646,0.0,0.0
18,chairs,ABL-ET2X-R-PreviousRawEdge-CatmullRomRGB-Fixed080-EncodedGamma2Blend,3.689225196838379,29.913685532648646,0.0,0.0
18,thin-chair,O-T2X-R,3.863340377807617,30.773035422457546,0.0,0.0
18,thin-chair,ABL-ET2X-R-PreviousRawEdge-CatmullRomRGB-Fixed080,5.546253681182861,27.741128275872825,0.0,0.0
18,thin-chair,ABL-ET2X-R-PreviousRawEdge-CatmullRomRGB-Fixed080-EncodedGamma2Blend,5.546253681182861,27.741128275872825,0.0,0.0
18,windows,O-T2X-R,4.3203125,28.06699692047068,0.0,0.0
18,windows,ABL-ET2X-R-PreviousRawEdge-CatmullRomRGB-Fixed080,5.217268943786621,25.77318343274605,0.0,0.0
18,windows,ABL-ET2X-R-PreviousRawEdge-CatmullRomRGB-Fixed080-EncodedGamma2Blend,5.217268943786621,25.77318343274605,0.0,0.0
19,chairs,O-T2X-R,2.539811134338379,33.091345831527036,0.0,0.0
19,chairs,ABL-ET2X-R-PreviousRawEdge-CatmullRomRGB-Fixed080,3.689225196838379,29.913685532648646,0.0,0.0
19,chairs,ABL-ET2X-R-PreviousRawEdge-CatmullRomRGB-Fixed080-EncodedGamma2Blend,3.689225196838379,29.913685532648646,0.0,0.0
19,thin-chair,O-T2X-R,3.863340377807617,30.773035422457546,0.0,0.0
19,thin-chair,ABL-ET2X-R-PreviousRawEdge-CatmullRomRGB-Fixed080,5.546253681182861,27.741128275872825,0.0,0.0
19,thin-chair,ABL-ET2X-R-PreviousRawEdge-CatmullRomRGB-Fixed080-EncodedGamma2Blend,5.546253681182861,27.741128275872825,0.0,0.0
19,windows,O-T2X-R,4.3203125,28.06699692047068,0.0,0.0
19,windows,ABL-ET2X-R-PreviousRawEdge-CatmullRomRGB-Fixed080,5.217268943786621,25.77318343274605,0.0,0.0
19,windows,ABL-ET2X-R-PreviousRawEdge-CatmullRomRGB-Fixed080-EncodedGamma2Blend,5.217268943786621,25.77318343274605,0.0,0.0
20,chairs,O-T2X-R,2.539811134338379,33.091345831527036,0.0,0.0
20,chairs,ABL-ET2X-R-PreviousRawEdge-CatmullRomRGB-Fixed080,3.689225196838379,29.913685532648646,0.0,0.0
20,chairs,ABL-ET2X-R-PreviousRawEdge-CatmullRomRGB-Fixed080-EncodedGamma2Blend,3.689225196838379,29.913685532648646,0.0,0.0
20,thin-chair,O-T2X-R,3.863340377807617,30.773035422457546,0.0,0.0
20,thin-chair,ABL-ET2X-R-PreviousRawEdge-CatmullRomRGB-Fixed080,5.546253681182861,27.741128275872825,0.0,0.0
20,thin-chair,ABL-ET2X-R-PreviousRawEdge-CatmullRomRGB-Fixed080-EncodedGamma2Blend,5.546253681182861,27.741128275872825,0.0,0.0
20,windows,O-T2X-R,4.3203125,28.06699692047068,0.0,0.0
20,windows,ABL-ET2X-R-PreviousRawEdge-CatmullRomRGB-Fixed080,5.217268943786621,25.77318343274605,0.0,0.0
20,windows,ABL-ET2X-R-PreviousRawEdge-CatmullRomRGB-Fixed080-EncodedGamma2Blend,5.217268943786621,25.77318343274605,0.0,0.0
21,chairs,O-T2X-R,2.539811134338379,33.091345831527036,0.0,0.0
21,chairs,ABL-ET2X-R-PreviousRawEdge-CatmullRomRGB-Fixed080,3.689225196838379,29.913685532648646,0.0,0.0
21,chairs,ABL-ET2X-R-PreviousRawEdge-CatmullRomRGB-Fixed080-EncodedGamma2Blend,3.689225196838379,29.913685532648646,0.0,0.0
21,thin-chair,O-T2X-R,3.863340377807617,30.773035422457546,0.0,0.0
21,thin-chair,ABL-ET2X-R-PreviousRawEdge-CatmullRomRGB-Fixed080,5.546253681182861,27.741128275872825,0.0,0.0
21,thin-chair,ABL-ET2X-R-PreviousRawEdge-CatmullRomRGB-Fixed080-EncodedGamma2Blend,5.546253681182861,27.741128275872825,0.0,0.0
21,windows,O-T2X-R,4.3203125,28.06699692047068,0.0,0.0
21,windows,ABL-ET2X-R-PreviousRawEdge-CatmullRomRGB-Fixed080,5.217268943786621,25.77318343274605,0.0,0.0
21,windows,ABL-ET2X-R-PreviousRawEdge-CatmullRomRGB-Fixed080-EncodedGamma2Blend,5.217268943786621,25.77318343274605,0.0,0.0
22,chairs,O-T2X-R,2.539811134338379,33.091345831527036,0.0,0.0
22,chairs,ABL-ET2X-R-PreviousRawEdge-CatmullRomRGB-Fixed080,3.689225196838379,29.913685532648646,0.0,0.0
22,chairs,ABL-ET2X-R-PreviousRawEdge-CatmullRomRGB-Fixed080-EncodedGamma2Blend,3.689225196838379,29.913685532648646,0.0,0.0
22,thin-chair,O-T2X-R,3.863340377807617,30.773035422457546,0.0,0.0
22,thin-chair,ABL-ET2X-R-PreviousRawEdge-CatmullRomRGB-Fixed080,5.546253681182861,27.741128275872825,0.0,0.0
22,thin-chair,ABL-ET2X-R-PreviousRawEdge-CatmullRomRGB-Fixed080-EncodedGamma2Blend,5.546253681182861,27.741128275872825,0.0,0.0
22,windows,O-T2X-R,4.3203125,28.06699692047068,0.0,0.0
22,windows,ABL-ET2X-R-PreviousRawEdge-CatmullRomRGB-Fixed080,5.217268943786621,25.77318343274605,0.0,0.0
22,windows,ABL-ET2X-R-PreviousRawEdge-CatmullRomRGB-Fixed080-EncodedGamma2Blend,5.217268943786621,25.77318343274605,0.0,0.0
23,chairs,O-T2X-R,2.539811134338379,33.091345831527036,0.0,0.0
23,chairs,ABL-ET2X-R-PreviousRawEdge-CatmullRomRGB-Fixed080,3.689225196838379,29.913685532648646,0.0,0.0
23,chairs,ABL-ET2X-R-PreviousRawEdge-CatmullRomRGB-Fixed080-EncodedGamma2Blend,3.689225196838379,29.913685532648646,0.0,0.0
23,thin-chair,O-T2X-R,3.863340377807617,30.773035422457546,0.0,0.0
23,thin-chair,ABL-ET2X-R-PreviousRawEdge-CatmullRomRGB-Fixed080,5.546253681182861,27.741128275872825,0.0,0.0
23,thin-chair,ABL-ET2X-R-PreviousRawEdge-CatmullRomRGB-Fixed080-EncodedGamma2Blend,5.546253681182861,27.741128275872825,0.0,0.0
23,windows,O-T2X-R,4.3203125,28.06699692047068,0.0,0.0
23,windows,ABL-ET2X-R-PreviousRawEdge-CatmullRomRGB-Fixed080,5.217268943786621,25.77318343274605,0.0,0.0
23,windows,ABL-ET2X-R-PreviousRawEdge-CatmullRomRGB-Fixed080-EncodedGamma2Blend,5.217268943786621,25.77318343274605,0.0,0.0
24,chairs,O-T2X-R,2.539811134338379,33.091345831527036,0.0,0.0
24,chairs,ABL-ET2X-R-PreviousRawEdge-CatmullRomRGB-Fixed080,3.689225196838379,29.913685532648646,0.0,0.0
24,chairs,ABL-ET2X-R-PreviousRawEdge-CatmullRomRGB-Fixed080-EncodedGamma2Blend,3.689225196838379,29.913685532648646,0.0,0.0
24,thin-chair,O-T2X-R,3.863340377807617,30.773035422457546,0.0,0.0
24,thin-chair,ABL-ET2X-R-PreviousRawEdge-CatmullRomRGB-Fixed080,5.546253681182861,27.741128275872825,0.0,0.0
24,thin-chair,ABL-ET2X-R-PreviousRawEdge-CatmullRomRGB-Fixed080-EncodedGamma2Blend,5.546253681182861,27.741128275872825,0.0,0.0
24,windows,O-T2X-R,4.3203125,28.06699692047068,0.0,0.0
24,windows,ABL-ET2X-R-PreviousRawEdge-CatmullRomRGB-Fixed080,5.217268943786621,25.77318343274605,0.0,0.0
24,windows,ABL-ET2X-R-PreviousRawEdge-CatmullRomRGB-Fixed080-EncodedGamma2Blend,5.217268943786621,25.77318343274605,0.0,0.0
25,chairs,O-T2X-R,2.539811134338379,33.091345831527036,0.0,0.0
25,chairs,ABL-ET2X-R-PreviousRawEdge-CatmullRomRGB-Fixed080,3.689225196838379,29.913685532648646,0.0,0.0
25,chairs,ABL-ET2X-R-PreviousRawEdge-CatmullRomRGB-Fixed080-EncodedGamma2Blend,3.689225196838379,29.913685532648646,0.0,0.0
25,thin-chair,O-T2X-R,3.863340377807617,30.773035422457546,0.0,0.0
25,thin-chair,ABL-ET2X-R-PreviousRawEdge-CatmullRomRGB-Fixed080,5.546253681182861,27.741128275872825,0.0,0.0
25,thin-chair,ABL-ET2X-R-PreviousRawEdge-CatmullRomRGB-Fixed080-EncodedGamma2Blend,5.546253681182861,27.741128275872825,0.0,0.0
25,windows,O-T2X-R,4.3203125,28.06699692047068,0.0,0.0
25,windows,ABL-ET2X-R-PreviousRawEdge-CatmullRomRGB-Fixed080,5.217268943786621,25.77318343274605,0.0,0.0
25,windows,ABL-ET2X-R-PreviousRawEdge-CatmullRomRGB-Fixed080-EncodedGamma2Blend,5.217268943786621,25.77318343274605,0.0,0.0
26,chairs,O-T2X-R,2.539811134338379,33.091345831527036,0.0,0.0
26,chairs,ABL-ET2X-R-PreviousRawEdge-CatmullRomRGB-Fixed080,3.689225196838379,29.913685532648646,0.0,0.0
26,chairs,ABL-ET2X-R-PreviousRawEdge-CatmullRomRGB-Fixed080-EncodedGamma2Blend,3.689225196838379,29.913685532648646,0.0,0.0
26,thin-chair,O-T2X-R,3.863340377807617,30.773035422457546,0.0,0.0
26,thin-chair,ABL-ET2X-R-PreviousRawEdge-CatmullRomRGB-Fixed080,5.546253681182861,27.741128275872825,0.0,0.0
26,thin-chair,ABL-ET2X-R-PreviousRawEdge-CatmullRomRGB-Fixed080-EncodedGamma2Blend,5.546253681182861,27.741128275872825,0.0,0.0
26,windows,O-T2X-R,4.3203125,28.06699692047068,0.0,0.0
26,windows,ABL-ET2X-R-PreviousRawEdge-CatmullRomRGB-Fixed080,5.217268943786621,25.77318343274605,0.0,0.0
26,windows,ABL-ET2X-R-PreviousRawEdge-CatmullRomRGB-Fixed080-EncodedGamma2Blend,5.217268943786621,25.77318343274605,0.0,0.0
27,chairs,O-T2X-R,2.539811134338379,33.091345831527036,0.0,0.0
27,chairs,ABL-ET2X-R-PreviousRawEdge-CatmullRomRGB-Fixed080,3.689225196838379,29.913685532648646,0.0,0.0
27,chairs,ABL-ET2X-R-PreviousRawEdge-CatmullRomRGB-Fixed080-EncodedGamma2Blend,3.689225196838379,29.913685532648646,0.0,0.0
27,thin-chair,O-T2X-R,3.863340377807617,30.773035422457546,0.0,0.0
27,thin-chair,ABL-ET2X-R-PreviousRawEdge-CatmullRomRGB-Fixed080,5.546253681182861,27.741128275872825,0.0,0.0
27,thin-chair,ABL-ET2X-R-PreviousRawEdge-CatmullRomRGB-Fixed080-EncodedGamma2Blend,5.546253681182861,27.741128275872825,0.0,0.0
27,windows,O-T2X-R,4.3203125,28.06699692047068,0.0,0.0
27,windows,ABL-ET2X-R-PreviousRawEdge-CatmullRomRGB-Fixed080,5.217268943786621,25.77318343274605,0.0,0.0
27,windows,ABL-ET2X-R-PreviousRawEdge-CatmullRomRGB-Fixed080-EncodedGamma2Blend,5.217268943786621,25.77318343274605,0.0,0.0
28,chairs,O-T2X-R,2.539811134338379,33.091345831527036,0.0,0.0
28,chairs,ABL-ET2X-R-PreviousRawEdge-CatmullRomRGB-Fixed080,3.689225196838379,29.913685532648646,0.0,0.0
28,chairs,ABL-ET2X-R-PreviousRawEdge-CatmullRomRGB-Fixed080-EncodedGamma2Blend,3.689225196838379,29.913685532648646,0.0,0.0
28,thin-chair,O-T2X-R,3.863340377807617,30.773035422457546,0.0,0.0
28,thin-chair,ABL-ET2X-R-PreviousRawEdge-CatmullRomRGB-Fixed080,5.546253681182861,27.741128275872825,0.0,0.0
28,thin-chair,ABL-ET2X-R-PreviousRawEdge-CatmullRomRGB-Fixed080-EncodedGamma2Blend,5.546253681182861,27.741128275872825,0.0,0.0
28,windows,O-T2X-R,4.3203125,28.06699692047068,0.0,0.0
28,windows,ABL-ET2X-R-PreviousRawEdge-CatmullRomRGB-Fixed080,5.217268943786621,25.77318343274605,0.0,0.0
28,windows,ABL-ET2X-R-PreviousRawEdge-CatmullRomRGB-Fixed080-EncodedGamma2Blend,5.217268943786621,25.77318343274605,0.0,0.0
29,chairs,O-T2X-R,2.539811134338379,33.091345831527036,0.0,0.0
29,chairs,ABL-ET2X-R-PreviousRawEdge-CatmullRomRGB-Fixed080,3.689225196838379,29.913685532648646,0.0,0.0
29,chairs,ABL-ET2X-R-PreviousRawEdge-CatmullRomRGB-Fixed080-EncodedGamma2Blend,3.689225196838379,29.913685532648646,0.0,0.0
29,thin-chair,O-T2X-R,3.863340377807617,30.773035422457546,0.0,0.0
29,thin-chair,ABL-ET2X-R-PreviousRawEdge-CatmullRomRGB-Fixed080,5.546253681182861,27.741128275872825,0.0,0.0
29,thin-chair,ABL-ET2X-R-PreviousRawEdge-CatmullRomRGB-Fixed080-EncodedGamma2Blend,5.546253681182861,27.741128275872825,0.0,0.0
29,windows,O-T2X-R,4.3203125,28.06699692047068,0.0,0.0
29,windows,ABL-ET2X-R-PreviousRawEdge-CatmullRomRGB-Fixed080,5.217268943786621,25.77318343274605,0.0,0.0
29,windows,ABL-ET2X-R-PreviousRawEdge-CatmullRomRGB-Fixed080-EncodedGamma2Blend,5.217268943786621,25.77318343274605,0.0,0.0
30,chairs,O-T2X-R,2.539811134338379,33.091345831527036,0.0,0.0
30,chairs,ABL-ET2X-R-PreviousRawEdge-CatmullRomRGB-Fixed080,3.689225196838379,29.913685532648646,0.0,0.0
30,chairs,ABL-ET2X-R-PreviousRawEdge-CatmullRomRGB-Fixed080-EncodedGamma2Blend,3.689225196838379,29.913685532648646,0.0,0.0
30,thin-chair,O-T2X-R,3.863340377807617,30.773035422457546,0.0,0.0
30,thin-chair,ABL-ET2X-R-PreviousRawEdge-CatmullRomRGB-Fixed080,5.546253681182861,27.741128275872825,0.0,0.0
30,thin-chair,ABL-ET2X-R-PreviousRawEdge-CatmullRomRGB-Fixed080-EncodedGamma2Blend,5.546253681182861,27.741128275872825,0.0,0.0
30,windows,O-T2X-R,4.3203125,28.06699692047068,0.0,0.0
30,windows,ABL-ET2X-R-PreviousRawEdge-CatmullRomRGB-Fixed080,5.217268943786621,25.77318343274605,0.0,0.0
30,windows,ABL-ET2X-R-PreviousRawEdge-CatmullRomRGB-Fixed080-EncodedGamma2Blend,5.217268943786621,25.77318343274605,0.0,0.0
31,chairs,O-T2X-R,2.539811134338379,33.091345831527036,0.0,0.0
31,chairs,ABL-ET2X-R-PreviousRawEdge-CatmullRomRGB-Fixed080,3.689225196838379,29.913685532648646,0.0,0.0
31,chairs,ABL-ET2X-R-PreviousRawEdge-CatmullRomRGB-Fixed080-EncodedGamma2Blend,3.689225196838379,29.913685532648646,0.0,0.0
31,thin-chair,O-T2X-R,3.863340377807617,30.773035422457546,0.0,0.0
31,thin-chair,ABL-ET2X-R-PreviousRawEdge-CatmullRomRGB-Fixed080,5.546253681182861,27.741128275872825,0.0,0.0
31,thin-chair,ABL-ET2X-R-PreviousRawEdge-CatmullRomRGB-Fixed080-EncodedGamma2Blend,5.546253681182861,27.741128275872825,0.0,0.0
31,windows,O-T2X-R,4.3203125,28.06699692047068,0.0,0.0
31,windows,ABL-ET2X-R-PreviousRawEdge-CatmullRomRGB-Fixed080,5.217268943786621,25.77318343274605,0.0,0.0
31,windows,ABL-ET2X-R-PreviousRawEdge-CatmullRomRGB-Fixed080-EncodedGamma2Blend,5.217268943786621,25.77318343274605,0.0,0.0
32,chairs,O-T2X-R,2.539811134338379,33.091345831527036,0.0,0.0
32,chairs,ABL-ET2X-R-PreviousRawEdge-CatmullRomRGB-Fixed080,3.689225196838379,29.913685532648646,0.0,0.0
32,chairs,ABL-ET2X-R-PreviousRawEdge-CatmullRomRGB-Fixed080-EncodedGamma2Blend,3.689225196838379,29.913685532648646,0.0,0.0
32,thin-chair,O-T2X-R,3.863340377807617,30.773035422457546,0.0,0.0
32,thin-chair,ABL-ET2X-R-PreviousRawEdge-CatmullRomRGB-Fixed080,5.546253681182861,27.741128275872825,0.0,0.0
32,thin-chair,ABL-ET2X-R-PreviousRawEdge-CatmullRomRGB-Fixed080-EncodedGamma2Blend,5.546253681182861,27.741128275872825,0.0,0.0
32,windows,O-T2X-R,4.3203125,28.06699692047068,0.0,0.0
32,windows,ABL-ET2X-R-PreviousRawEdge-CatmullRomRGB-Fixed080,5.217268943786621,25.77318343274605,0.0,0.0
32,windows,ABL-ET2X-R-PreviousRawEdge-CatmullRomRGB-Fixed080-EncodedGamma2Blend,5.217268943786621,25.77318343274605,0.0,0.0
33,chairs,O-T2X-R,2.539811134338379,33.091345831527036,0.0,0.0
33,chairs,ABL-ET2X-R-PreviousRawEdge-CatmullRomRGB-Fixed080,3.689225196838379,29.913685532648646,0.0,0.0
33,chairs,ABL-ET2X-R-PreviousRawEdge-CatmullRomRGB-Fixed080-EncodedGamma2Blend,3.689225196838379,29.913685532648646,0.0,0.0
33,thin-chair,O-T2X-R,3.863340377807617,30.773035422457546,0.0,0.0
33,thin-chair,ABL-ET2X-R-PreviousRawEdge-CatmullRomRGB-Fixed080,5.546253681182861,27.741128275872825,0.0,0.0
33,thin-chair,ABL-ET2X-R-PreviousRawEdge-CatmullRomRGB-Fixed080-EncodedGamma2Blend,5.546253681182861,27.741128275872825,0.0,0.0
33,windows,O-T2X-R,4.3203125,28.06699692047068,0.0,0.0
33,windows,ABL-ET2X-R-PreviousRawEdge-CatmullRomRGB-Fixed080,5.217268943786621,25.77318343274605,0.0,0.0
33,windows,ABL-ET2X-R-PreviousRawEdge-CatmullRomRGB-Fixed080-EncodedGamma2Blend,5.217268943786621,25.77318343274605,0.0,0.0
34,chairs,O-T2X-R,2.539811134338379,33.091345831527036,0.0,0.0
34,chairs,ABL-ET2X-R-PreviousRawEdge-CatmullRomRGB-Fixed080,3.689225196838379,29.913685532648646,0.0,0.0
34,chairs,ABL-ET2X-R-PreviousRawEdge-CatmullRomRGB-Fixed080-EncodedGamma2Blend,3.689225196838379,29.913685532648646,0.0,0.0
34,thin-chair,O-T2X-R,3.863340377807617,30.773035422457546,0.0,0.0
34,thin-chair,ABL-ET2X-R-PreviousRawEdge-CatmullRomRGB-Fixed080,5.546253681182861,27.741128275872825,0.0,0.0
34,thin-chair,ABL-ET2X-R-PreviousRawEdge-CatmullRomRGB-Fixed080-EncodedGamma2Blend,5.546253681182861,27.741128275872825,0.0,0.0
34,windows,O-T2X-R,4.3203125,28.06699692047068,0.0,0.0
34,windows,ABL-ET2X-R-PreviousRawEdge-CatmullRomRGB-Fixed080,5.217268943786621,25.77318343274605,0.0,0.0
34,windows,ABL-ET2X-R-PreviousRawEdge-CatmullRomRGB-Fixed080-EncodedGamma2Blend,5.217268943786621,25.77318343274605,0.0,0.0
35,chairs,O-T2X-R,2.539811134338379,33.091345831527036,0.0,0.0
35,chairs,ABL-ET2X-R-PreviousRawEdge-CatmullRomRGB-Fixed080,3.689225196838379,29.913685532648646,0.0,0.0
35,chairs,ABL-ET2X-R-PreviousRawEdge-CatmullRomRGB-Fixed080-EncodedGamma2Blend,3.689225196838379,29.913685532648646,0.0,0.0
35,thin-chair,O-T2X-R,3.863340377807617,30.773035422457546,0.0,0.0
35,thin-chair,ABL-ET2X-R-PreviousRawEdge-CatmullRomRGB-Fixed080,5.546253681182861,27.741128275872825,0.0,0.0
35,thin-chair,ABL-ET2X-R-PreviousRawEdge-CatmullRomRGB-Fixed080-EncodedGamma2Blend,5.546253681182861,27.741128275872825,0.0,0.0
35,windows,O-T2X-R,4.3203125,28.06699692047068,0.0,0.0
35,windows,ABL-ET2X-R-PreviousRawEdge-CatmullRomRGB-Fixed080,5.217268943786621,25.77318343274605,0.0,0.0
35,windows,ABL-ET2X-R-PreviousRawEdge-CatmullRomRGB-Fixed080-EncodedGamma2Blend,5.217268943786621,25.77318343274605,0.0,0.0
36,chairs,O-T2X-R,2.539811134338379,33.091345831527036,0.0,0.0
36,chairs,ABL-ET2X-R-PreviousRawEdge-CatmullRomRGB-Fixed080,3.689225196838379,29.913685532648646,0.0,0.0
36,chairs,ABL-ET2X-R-PreviousRawEdge-CatmullRomRGB-Fixed080-EncodedGamma2Blend,3.689225196838379,29.913685532648646,0.0,0.0
36,thin-chair,O-T2X-R,3.863340377807617,30.773035422457546,0.0,0.0
36,thin-chair,ABL-ET2X-R-PreviousRawEdge-CatmullRomRGB-Fixed080,5.546253681182861,27.741128275872825,0.0,0.0
36,thin-chair,ABL-ET2X-R-PreviousRawEdge-CatmullRomRGB-Fixed080-EncodedGamma2Blend,5.546253681182861,27.741128275872825,0.0,0.0
36,windows,O-T2X-R,4.3203125,28.06699692047068,0.0,0.0
36,windows,ABL-ET2X-R-PreviousRawEdge-CatmullRomRGB-Fixed080,5.217268943786621,25.77318343274605,0.0,0.0
36,windows,ABL-ET2X-R-PreviousRawEdge-CatmullRomRGB-Fixed080-EncodedGamma2Blend,5.217268943786621,25.77318343274605,0.0,0.0
37,chairs,O-T2X-R,2.539811134338379,33.091345831527036,0.0,0.0
37,chairs,ABL-ET2X-R-PreviousRawEdge-CatmullRomRGB-Fixed080,3.689225196838379,29.913685532648646,0.0,0.0
37,chairs,ABL-ET2X-R-PreviousRawEdge-CatmullRomRGB-Fixed080-EncodedGamma2Blend,3.689225196838379,29.913685532648646,0.0,0.0
37,thin-chair,O-T2X-R,3.863340377807617,30.773035422457546,0.0,0.0
37,thin-chair,ABL-ET2X-R-PreviousRawEdge-CatmullRomRGB-Fixed080,5.546253681182861,27.741128275872825,0.0,0.0
37,thin-chair,ABL-ET2X-R-PreviousRawEdge-CatmullRomRGB-Fixed080-EncodedGamma2Blend,5.546253681182861,27.741128275872825,0.0,0.0
37,windows,O-T2X-R,4.3203125,28.06699692047068,0.0,0.0
37,windows,ABL-ET2X-R-PreviousRawEdge-CatmullRomRGB-Fixed080,5.217268943786621,25.77318343274605,0.0,0.0
37,windows,ABL-ET2X-R-PreviousRawEdge-CatmullRomRGB-Fixed080-EncodedGamma2Blend,5.217268943786621,25.77318343274605,0.0,0.0
38,chairs,O-T2X-R,2.539811134338379,33.091345831527036,0.0,0.0
38,chairs,ABL-ET2X-R-PreviousRawEdge-CatmullRomRGB-Fixed080,3.689225196838379,29.913685532648646,0.0,0.0
38,chairs,ABL-ET2X-R-PreviousRawEdge-CatmullRomRGB-Fixed080-EncodedGamma2Blend,3.689225196838379,29.913685532648646,0.0,0.0
38,thin-chair,O-T2X-R,3.863340377807617,30.773035422457546,0.0,0.0
38,thin-chair,ABL-ET2X-R-PreviousRawEdge-CatmullRomRGB-Fixed080,5.546253681182861,27.741128275872825,0.0,0.0
38,thin-chair,ABL-ET2X-R-PreviousRawEdge-CatmullRomRGB-Fixed080-EncodedGamma2Blend,5.546253681182861,27.741128275872825,0.0,0.0
38,windows,O-T2X-R,4.3203125,28.06699692047068,0.0,0.0
38,windows,ABL-ET2X-R-PreviousRawEdge-CatmullRomRGB-Fixed080,5.217268943786621,25.77318343274605,0.0,0.0
38,windows,ABL-ET2X-R-PreviousRawEdge-CatmullRomRGB-Fixed080-EncodedGamma2Blend,5.217268943786621,25.77318343274605,0.0,0.0
39,chairs,O-T2X-R,2.539811134338379,33.091345831527036,0.0,0.0
39,chairs,ABL-ET2X-R-PreviousRawEdge-CatmullRomRGB-Fixed080,3.689225196838379,29.913685532648646,0.0,0.0
39,chairs,ABL-ET2X-R-PreviousRawEdge-CatmullRomRGB-Fixed080-EncodedGamma2Blend,3.689225196838379,29.913685532648646,0.0,0.0
39,thin-chair,O-T2X-R,3.863340377807617,30.773035422457546,0.0,0.0
39,thin-chair,ABL-ET2X-R-PreviousRawEdge-CatmullRomRGB-Fixed080,5.546253681182861,27.741128275872825,0.0,0.0
39,thin-chair,ABL-ET2X-R-PreviousRawEdge-CatmullRomRGB-Fixed080-EncodedGamma2Blend,5.546253681182861,27.741128275872825,0.0,0.0
39,windows,O-T2X-R,4.3203125,28.06699692047068,0.0,0.0
39,windows,ABL-ET2X-R-PreviousRawEdge-CatmullRomRGB-Fixed080,5.217268943786621,25.77318343274605,0.0,0.0
39,windows,ABL-ET2X-R-PreviousRawEdge-CatmullRomRGB-Fixed080-EncodedGamma2Blend,5.217268943786621,25.77318343274605,0.0,0.0
40,chairs,O-T2X-R,2.539811134338379,33.091345831527036,0.0,0.0
40,chairs,ABL-ET2X-R-PreviousRawEdge-CatmullRomRGB-Fixed080,3.689225196838379,29.913685532648646,0.0,0.0
40,chairs,ABL-ET2X-R-PreviousRawEdge-CatmullRomRGB-Fixed080-EncodedGamma2Blend,3.689225196838379,29.913685532648646,0.0,0.0
40,thin-chair,O-T2X-R,3.863340377807617,30.773035422457546,0.0,0.0
40,thin-chair,ABL-ET2X-R-PreviousRawEdge-CatmullRomRGB-Fixed080,5.546253681182861,27.741128275872825,0.0,0.0
40,thin-chair,ABL-ET2X-R-PreviousRawEdge-CatmullRomRGB-Fixed080-EncodedGamma2Blend,5.546253681182861,27.741128275872825,0.0,0.0
40,windows,O-T2X-R,4.3203125,28.06699692047068,0.0,0.0
40,windows,ABL-ET2X-R-PreviousRawEdge-CatmullRomRGB-Fixed080,5.217268943786621,25.77318343274605,0.0,0.0
40,windows,ABL-ET2X-R-PreviousRawEdge-CatmullRomRGB-Fixed080-EncodedGamma2Blend,5.217268943786621,25.77318343274605,0.0,0.0
41,chairs,O-T2X-R,2.539811134338379,33.091345831527036,0.0,0.0
41,chairs,ABL-ET2X-R-PreviousRawEdge-CatmullRomRGB-Fixed080,3.689225196838379,29.913685532648646,0.0,0.0
41,chairs,ABL-ET2X-R-PreviousRawEdge-CatmullRomRGB-Fixed080-EncodedGamma2Blend,3.689225196838379,29.913685532648646,0.0,0.0
41,thin-chair,O-T2X-R,3.863340377807617,30.773035422457546,0.0,0.0
41,thin-chair,ABL-ET2X-R-PreviousRawEdge-CatmullRomRGB-Fixed080,5.546253681182861,27.741128275872825,0.0,0.0
41,thin-chair,ABL-ET2X-R-PreviousRawEdge-CatmullRomRGB-Fixed080-EncodedGamma2Blend,5.546253681182861,27.741128275872825,0.0,0.0
41,windows,O-T2X-R,4.3203125,28.06699692047068,0.0,0.0
41,windows,ABL-ET2X-R-PreviousRawEdge-CatmullRomRGB-Fixed080,5.217268943786621,25.77318343274605,0.0,0.0
41,windows,ABL-ET2X-R-PreviousRawEdge-CatmullRomRGB-Fixed080-EncodedGamma2Blend,5.217268943786621,25.77318343274605,0.0,0.0
42,chairs,O-T2X-R,2.539811134338379,33.091345831527036,0.0,0.0
42,chairs,ABL-ET2X-R-PreviousRawEdge-CatmullRomRGB-Fixed080,3.689225196838379,29.913685532648646,0.0,0.0
42,chairs,ABL-ET2X-R-PreviousRawEdge-CatmullRomRGB-Fixed080-EncodedGamma2Blend,3.689225196838379,29.913685532648646,0.0,0.0
42,thin-chair,O-T2X-R,3.863340377807617,30.773035422457546,0.0,0.0
42,thin-chair,ABL-ET2X-R-PreviousRawEdge-CatmullRomRGB-Fixed080,5.546253681182861,27.741128275872825,0.0,0.0
42,thin-chair,ABL-ET2X-R-PreviousRawEdge-CatmullRomRGB-Fixed080-EncodedGamma2Blend,5.546253681182861,27.741128275872825,0.0,0.0
42,windows,O-T2X-R,4.3203125,28.06699692047068,0.0,0.0
42,windows,ABL-ET2X-R-PreviousRawEdge-CatmullRomRGB-Fixed080,5.217268943786621,25.77318343274605,0.0,0.0
42,windows,ABL-ET2X-R-PreviousRawEdge-CatmullRomRGB-Fixed080-EncodedGamma2Blend,5.217268943786621,25.77318343274605,0.0,0.0
43,chairs,O-T2X-R,2.539811134338379,33.091345831527036,0.0,0.0
43,chairs,ABL-ET2X-R-PreviousRawEdge-CatmullRomRGB-Fixed080,3.689225196838379,29.913685532648646,0.0,0.0
43,chairs,ABL-ET2X-R-PreviousRawEdge-CatmullRomRGB-Fixed080-EncodedGamma2Blend,3.689225196838379,29.913685532648646,0.0,0.0
43,thin-chair,O-T2X-R,3.863340377807617,30.773035422457546,0.0,0.0
43,thin-chair,ABL-ET2X-R-PreviousRawEdge-CatmullRomRGB-Fixed080,5.546253681182861,27.741128275872825,0.0,0.0
43,thin-chair,ABL-ET2X-R-PreviousRawEdge-CatmullRomRGB-Fixed080-EncodedGamma2Blend,5.546253681182861,27.741128275872825,0.0,0.0
43,windows,O-T2X-R,4.3203125,28.06699692047068,0.0,0.0
43,windows,ABL-ET2X-R-PreviousRawEdge-CatmullRomRGB-Fixed080,5.217268943786621,25.77318343274605,0.0,0.0
43,windows,ABL-ET2X-R-PreviousRawEdge-CatmullRomRGB-Fixed080-EncodedGamma2Blend,5.217268943786621,25.77318343274605,0.0,0.0
44,chairs,O-T2X-R,2.539811134338379,33.091345831527036,0.0,0.0
44,chairs,ABL-ET2X-R-PreviousRawEdge-CatmullRomRGB-Fixed080,3.689225196838379,29.913685532648646,0.0,0.0
44,chairs,ABL-ET2X-R-PreviousRawEdge-CatmullRomRGB-Fixed080-EncodedGamma2Blend,3.689225196838379,29.913685532648646,0.0,0.0
44,thin-chair,O-T2X-R,3.863340377807617,30.773035422457546,0.0,0.0
44,thin-chair,ABL-ET2X-R-PreviousRawEdge-CatmullRomRGB-Fixed080,5.546253681182861,27.741128275872825,0.0,0.0
44,thin-chair,ABL-ET2X-R-PreviousRawEdge-CatmullRomRGB-Fixed080-EncodedGamma2Blend,5.546253681182861,27.741128275872825,0.0,0.0
44,windows,O-T2X-R,4.3203125,28.06699692047068,0.0,0.0
44,windows,ABL-ET2X-R-PreviousRawEdge-CatmullRomRGB-Fixed080,5.217268943786621,25.77318343274605,0.0,0.0
44,windows,ABL-ET2X-R-PreviousRawEdge-CatmullRomRGB-Fixed080-EncodedGamma2Blend,5.217268943786621,25.77318343274605,0.0,0.0
45,chairs,O-T2X-R,2.539811134338379,33.091345831527036,0.0,0.0
45,chairs,ABL-ET2X-R-PreviousRawEdge-CatmullRomRGB-Fixed080,3.689225196838379,29.913685532648646,0.0,0.0
45,chairs,ABL-ET2X-R-PreviousRawEdge-CatmullRomRGB-Fixed080-EncodedGamma2Blend,3.689225196838379,29.913685532648646,0.0,0.0
45,thin-chair,O-T2X-R,3.863340377807617,30.773035422457546,0.0,0.0
45,thin-chair,ABL-ET2X-R-PreviousRawEdge-CatmullRomRGB-Fixed080,5.546253681182861,27.741128275872825,0.0,0.0
45,thin-chair,ABL-ET2X-R-PreviousRawEdge-CatmullRomRGB-Fixed080-EncodedGamma2Blend,5.546253681182861,27.741128275872825,0.0,0.0
45,windows,O-T2X-R,4.3203125,28.06699692047068,0.0,0.0
45,windows,ABL-ET2X-R-PreviousRawEdge-CatmullRomRGB-Fixed080,5.217268943786621,25.77318343274605,0.0,0.0
45,windows,ABL-ET2X-R-PreviousRawEdge-CatmullRomRGB-Fixed080-EncodedGamma2Blend,5.217268943786621,25.77318343274605,0.0,0.0
46,chairs,O-T2X-R,2.539811134338379,33.091345831527036,0.0,0.0
46,chairs,ABL-ET2X-R-PreviousRawEdge-CatmullRomRGB-Fixed080,3.689225196838379,29.913685532648646,0.0,0.0
46,chairs,ABL-ET2X-R-PreviousRawEdge-CatmullRomRGB-Fixed080-EncodedGamma2Blend,3.689225196838379,29.913685532648646,0.0,0.0
46,thin-chair,O-T2X-R,3.863340377807617,30.773035422457546,0.0,0.0
46,thin-chair,ABL-ET2X-R-PreviousRawEdge-CatmullRomRGB-Fixed080,5.546253681182861,27.741128275872825,0.0,0.0
46,thin-chair,ABL-ET2X-R-PreviousRawEdge-CatmullRomRGB-Fixed080-EncodedGamma2Blend,5.546253681182861,27.741128275872825,0.0,0.0
46,windows,O-T2X-R,4.3203125,28.06699692047068,0.0,0.0
46,windows,ABL-ET2X-R-PreviousRawEdge-CatmullRomRGB-Fixed080,5.217268943786621,25.77318343274605,0.0,0.0
46,windows,ABL-ET2X-R-PreviousRawEdge-CatmullRomRGB-Fixed080-EncodedGamma2Blend,5.217268943786621,25.77318343274605,0.0,0.0
47,chairs,O-T2X-R,2.539811134338379,33.091345831527036,0.0,0.0
47,chairs,ABL-ET2X-R-PreviousRawEdge-CatmullRomRGB-Fixed080,3.689225196838379,29.913685532648646,0.0,0.0
47,chairs,ABL-ET2X-R-PreviousRawEdge-CatmullRomRGB-Fixed080-EncodedGamma2Blend,3.689225196838379,29.913685532648646,0.0,0.0
47,thin-chair,O-T2X-R,3.863340377807617,30.773035422457546,0.0,0.0
47,thin-chair,ABL-ET2X-R-PreviousRawEdge-CatmullRomRGB-Fixed080,5.546253681182861,27.741128275872825,0.0,0.0
47,thin-chair,ABL-ET2X-R-PreviousRawEdge-CatmullRomRGB-Fixed080-EncodedGamma2Blend,5.546253681182861,27.741128275872825,0.0,0.0
47,windows,O-T2X-R,4.3203125,28.06699692047068,0.0,0.0
47,windows,ABL-ET2X-R-PreviousRawEdge-CatmullRomRGB-Fixed080,5.217268943786621,25.77318343274605,0.0,0.0
47,windows,ABL-ET2X-R-PreviousRawEdge-CatmullRomRGB-Fixed080-EncodedGamma2Blend,5.217268943786621,25.77318343274605,0.0,0.0
48,chairs,O-T2X-R,2.539811134338379,33.091345831527036,0.0,0.0
48,chairs,ABL-ET2X-R-PreviousRawEdge-CatmullRomRGB-Fixed080,3.689225196838379,29.913685532648646,0.0,0.0
48,chairs,ABL-ET2X-R-PreviousRawEdge-CatmullRomRGB-Fixed080-EncodedGamma2Blend,3.689225196838379,29.913685532648646,0.0,0.0
48,thin-chair,O-T2X-R,3.863340377807617,30.773035422457546,0.0,0.0
48,thin-chair,ABL-ET2X-R-PreviousRawEdge-CatmullRomRGB-Fixed080,5.546253681182861,27.741128275872825,0.0,0.0
48,thin-chair,ABL-ET2X-R-PreviousRawEdge-CatmullRomRGB-Fixed080-EncodedGamma2Blend,5.546253681182861,27.741128275872825,0.0,0.0
48,windows,O-T2X-R,4.3203125,28.06699692047068,0.0,0.0
48,windows,ABL-ET2X-R-PreviousRawEdge-CatmullRomRGB-Fixed080,5.217268943786621,25.77318343274605,0.0,0.0
48,windows,ABL-ET2X-R-PreviousRawEdge-CatmullRomRGB-Fixed080-EncodedGamma2Blend,5.217268943786621,25.77318343274605,0.0,0.0
49,chairs,O-T2X-R,2.539811134338379,33.091345831527036,0.0,0.0
49,chairs,ABL-ET2X-R-PreviousRawEdge-CatmullRomRGB-Fixed080,3.689225196838379,29.913685532648646,0.0,0.0
49,chairs,ABL-ET2X-R-PreviousRawEdge-CatmullRomRGB-Fixed080-EncodedGamma2Blend,3.689225196838379,29.913685532648646,0.0,0.0
49,thin-chair,O-T2X-R,3.863340377807617,30.773035422457546,0.0,0.0
49,thin-chair,ABL-ET2X-R-PreviousRawEdge-CatmullRomRGB-Fixed080,5.546253681182861,27.741128275872825,0.0,0.0
49,thin-chair,ABL-ET2X-R-PreviousRawEdge-CatmullRomRGB-Fixed080-EncodedGamma2Blend,5.546253681182861,27.741128275872825,0.0,0.0
49,windows,O-T2X-R,4.3203125,28.06699692047068,0.0,0.0
49,windows,ABL-ET2X-R-PreviousRawEdge-CatmullRomRGB-Fixed080,5.217268943786621,25.77318343274605,0.0,0.0
49,windows,ABL-ET2X-R-PreviousRawEdge-CatmullRomRGB-Fixed080-EncodedGamma2Blend,5.217268943786621,25.77318343274605,0.0,0.0
50,chairs,O-T2X-R,2.539811134338379,33.091345831527036,0.0,0.0
50,chairs,ABL-ET2X-R-PreviousRawEdge-CatmullRomRGB-Fixed080,3.689225196838379,29.913685532648646,0.0,0.0
50,chairs,ABL-ET2X-R-PreviousRawEdge-CatmullRomRGB-Fixed080-EncodedGamma2Blend,3.689225196838379,29.913685532648646,0.0,0.0
50,thin-chair,O-T2X-R,3.863340377807617,30.773035422457546,0.0,0.0
50,thin-chair,ABL-ET2X-R-PreviousRawEdge-CatmullRomRGB-Fixed080,5.546253681182861,27.741128275872825,0.0,0.0
50,thin-chair,ABL-ET2X-R-PreviousRawEdge-CatmullRomRGB-Fixed080-EncodedGamma2Blend,5.546253681182861,27.741128275872825,0.0,0.0
50,windows,O-T2X-R,4.3203125,28.06699692047068,0.0,0.0
50,windows,ABL-ET2X-R-PreviousRawEdge-CatmullRomRGB-Fixed080,5.217268943786621,25.77318343274605,0.0,0.0
50,windows,ABL-ET2X-R-PreviousRawEdge-CatmullRomRGB-Fixed080-EncodedGamma2Blend,5.217268943786621,25.77318343274605,0.0,0.0
51,chairs,O-T2X-R,2.539811134338379,33.091345831527036,0.0,0.0
51,chairs,ABL-ET2X-R-PreviousRawEdge-CatmullRomRGB-Fixed080,3.689225196838379,29.913685532648646,0.0,0.0
51,chairs,ABL-ET2X-R-PreviousRawEdge-CatmullRomRGB-Fixed080-EncodedGamma2Blend,3.689225196838379,29.913685532648646,0.0,0.0
51,thin-chair,O-T2X-R,3.863340377807617,30.773035422457546,0.0,0.0
51,thin-chair,ABL-ET2X-R-PreviousRawEdge-CatmullRomRGB-Fixed080,5.546253681182861,27.741128275872825,0.0,0.0
51,thin-chair,ABL-ET2X-R-PreviousRawEdge-CatmullRomRGB-Fixed080-EncodedGamma2Blend,5.546253681182861,27.741128275872825,0.0,0.0
51,windows,O-T2X-R,4.3203125,28.06699692047068,0.0,0.0
51,windows,ABL-ET2X-R-PreviousRawEdge-CatmullRomRGB-Fixed080,5.217268943786621,25.77318343274605,0.0,0.0
51,windows,ABL-ET2X-R-PreviousRawEdge-CatmullRomRGB-Fixed080-EncodedGamma2Blend,5.217268943786621,25.77318343274605,0.0,0.0
52,chairs,O-T2X-R,2.539811134338379,33.091345831527036,0.0,0.0
52,chairs,ABL-ET2X-R-PreviousRawEdge-CatmullRomRGB-Fixed080,3.689225196838379,29.913685532648646,0.0,0.0
52,chairs,ABL-ET2X-R-PreviousRawEdge-CatmullRomRGB-Fixed080-EncodedGamma2Blend,3.689225196838379,29.913685532648646,0.0,0.0
52,thin-chair,O-T2X-R,3.863340377807617,30.773035422457546,0.0,0.0
52,thin-chair,ABL-ET2X-R-PreviousRawEdge-CatmullRomRGB-Fixed080,5.546253681182861,27.741128275872825,0.0,0.0
52,thin-chair,ABL-ET2X-R-PreviousRawEdge-CatmullRomRGB-Fixed080-EncodedGamma2Blend,5.546253681182861,27.741128275872825,0.0,0.0
52,windows,O-T2X-R,4.3203125,28.06699692047068,0.0,0.0
52,windows,ABL-ET2X-R-PreviousRawEdge-CatmullRomRGB-Fixed080,5.217268943786621,25.77318343274605,0.0,0.0
52,windows,ABL-ET2X-R-PreviousRawEdge-CatmullRomRGB-Fixed080-EncodedGamma2Blend,5.217268943786621,25.77318343274605,0.0,0.0
53,chairs,O-T2X-R,2.539811134338379,33.091345831527036,0.0,0.0
53,chairs,ABL-ET2X-R-PreviousRawEdge-CatmullRomRGB-Fixed080,3.689225196838379,29.913685532648646,0.0,0.0
53,chairs,ABL-ET2X-R-PreviousRawEdge-CatmullRomRGB-Fixed080-EncodedGamma2Blend,3.689225196838379,29.913685532648646,0.0,0.0
53,thin-chair,O-T2X-R,3.863340377807617,30.773035422457546,0.0,0.0
53,thin-chair,ABL-ET2X-R-PreviousRawEdge-CatmullRomRGB-Fixed080,5.546253681182861,27.741128275872825,0.0,0.0
53,thin-chair,ABL-ET2X-R-PreviousRawEdge-CatmullRomRGB-Fixed080-EncodedGamma2Blend,5.546253681182861,27.741128275872825,0.0,0.0
53,windows,O-T2X-R,4.3203125,28.06699692047068,0.0,0.0
53,windows,ABL-ET2X-R-PreviousRawEdge-CatmullRomRGB-Fixed080,5.217268943786621,25.77318343274605,0.0,0.0
53,windows,ABL-ET2X-R-PreviousRawEdge-CatmullRomRGB-Fixed080-EncodedGamma2Blend,5.217268943786621,25.77318343274605,0.0,0.0
54,chairs,O-T2X-R,2.539811134338379,33.091345831527036,0.0,0.0
54,chairs,ABL-ET2X-R-PreviousRawEdge-CatmullRomRGB-Fixed080,3.689225196838379,29.913685532648646,0.0,0.0
54,chairs,ABL-ET2X-R-PreviousRawEdge-CatmullRomRGB-Fixed080-EncodedGamma2Blend,3.689225196838379,29.913685532648646,0.0,0.0
54,thin-chair,O-T2X-R,3.863340377807617,30.773035422457546,0.0,0.0
54,thin-chair,ABL-ET2X-R-PreviousRawEdge-CatmullRomRGB-Fixed080,5.546253681182861,27.741128275872825,0.0,0.0
54,thin-chair,ABL-ET2X-R-PreviousRawEdge-CatmullRomRGB-Fixed080-EncodedGamma2Blend,5.546253681182861,27.741128275872825,0.0,0.0
54,windows,O-T2X-R,4.3203125,28.06699692047068,0.0,0.0
54,windows,ABL-ET2X-R-PreviousRawEdge-CatmullRomRGB-Fixed080,5.217268943786621,25.77318343274605,0.0,0.0
54,windows,ABL-ET2X-R-PreviousRawEdge-CatmullRomRGB-Fixed080-EncodedGamma2Blend,5.217268943786621,25.77318343274605,0.0,0.0
55,chairs,O-T2X-R,2.539811134338379,33.091345831527036,0.0,0.0
55,chairs,ABL-ET2X-R-PreviousRawEdge-CatmullRomRGB-Fixed080,3.689225196838379,29.913685532648646,0.0,0.0
55,chairs,ABL-ET2X-R-PreviousRawEdge-CatmullRomRGB-Fixed080-EncodedGamma2Blend,3.689225196838379,29.913685532648646,0.0,0.0
55,thin-chair,O-T2X-R,3.863340377807617,30.773035422457546,0.0,0.0
55,thin-chair,ABL-ET2X-R-PreviousRawEdge-CatmullRomRGB-Fixed080,5.546253681182861,27.741128275872825,0.0,0.0
55,thin-chair,ABL-ET2X-R-PreviousRawEdge-CatmullRomRGB-Fixed080-EncodedGamma2Blend,5.546253681182861,27.741128275872825,0.0,0.0
55,windows,O-T2X-R,4.3203125,28.06699692047068,0.0,0.0
55,windows,ABL-ET2X-R-PreviousRawEdge-CatmullRomRGB-Fixed080,5.217268943786621,25.77318343274605,0.0,0.0
55,windows,ABL-ET2X-R-PreviousRawEdge-CatmullRomRGB-Fixed080-EncodedGamma2Blend,5.217268943786621,25.77318343274605,0.0,0.0
56,chairs,O-T2X-R,2.539811134338379,33.091345831527036,0.0,0.0
56,chairs,ABL-ET2X-R-PreviousRawEdge-CatmullRomRGB-Fixed080,3.689225196838379,29.913685532648646,0.0,0.0
56,chairs,ABL-ET2X-R-PreviousRawEdge-CatmullRomRGB-Fixed080-EncodedGamma2Blend,3.689225196838379,29.913685532648646,0.0,0.0
56,thin-chair,O-T2X-R,3.863340377807617,30.773035422457546,0.0,0.0
56,thin-chair,ABL-ET2X-R-PreviousRawEdge-CatmullRomRGB-Fixed080,5.546253681182861,27.741128275872825,0.0,0.0
56,thin-chair,ABL-ET2X-R-PreviousRawEdge-CatmullRomRGB-Fixed080-EncodedGamma2Blend,5.546253681182861,27.741128275872825,0.0,0.0
56,windows,O-T2X-R,4.3203125,28.06699692047068,0.0,0.0
56,windows,ABL-ET2X-R-PreviousRawEdge-CatmullRomRGB-Fixed080,5.217268943786621,25.77318343274605,0.0,0.0
56,windows,ABL-ET2X-R-PreviousRawEdge-CatmullRomRGB-Fixed080-EncodedGamma2Blend,5.217268943786621,25.77318343274605,0.0,0.0
57,chairs,O-T2X-R,2.539811134338379,33.091345831527036,0.0,0.0
57,chairs,ABL-ET2X-R-PreviousRawEdge-CatmullRomRGB-Fixed080,3.689225196838379,29.913685532648646,0.0,0.0
57,chairs,ABL-ET2X-R-PreviousRawEdge-CatmullRomRGB-Fixed080-EncodedGamma2Blend,3.689225196838379,29.913685532648646,0.0,0.0
57,thin-chair,O-T2X-R,3.863340377807617,30.773035422457546,0.0,0.0
57,thin-chair,ABL-ET2X-R-PreviousRawEdge-CatmullRomRGB-Fixed080,5.546253681182861,27.741128275872825,0.0,0.0
57,thin-chair,ABL-ET2X-R-PreviousRawEdge-CatmullRomRGB-Fixed080-EncodedGamma2Blend,5.546253681182861,27.741128275872825,0.0,0.0
57,windows,O-T2X-R,4.3203125,28.06699692047068,0.0,0.0
57,windows,ABL-ET2X-R-PreviousRawEdge-CatmullRomRGB-Fixed080,5.217268943786621,25.77318343274605,0.0,0.0
57,windows,ABL-ET2X-R-PreviousRawEdge-CatmullRomRGB-Fixed080-EncodedGamma2Blend,5.217268943786621,25.77318343274605,0.0,0.0
58,chairs,O-T2X-R,2.539811134338379,33.091345831527036,0.0,0.0
58,chairs,ABL-ET2X-R-PreviousRawEdge-CatmullRomRGB-Fixed080,3.689225196838379,29.913685532648646,0.0,0.0
58,chairs,ABL-ET2X-R-PreviousRawEdge-CatmullRomRGB-Fixed080-EncodedGamma2Blend,3.689225196838379,29.913685532648646,0.0,0.0
58,thin-chair,O-T2X-R,3.863340377807617,30.773035422457546,0.0,0.0
58,thin-chair,ABL-ET2X-R-PreviousRawEdge-CatmullRomRGB-Fixed080,5.546253681182861,27.741128275872825,0.0,0.0
58,thin-chair,ABL-ET2X-R-PreviousRawEdge-CatmullRomRGB-Fixed080-EncodedGamma2Blend,5.546253681182861,27.741128275872825,0.0,0.0
58,windows,O-T2X-R,4.3203125,28.06699692047068,0.0,0.0
58,windows,ABL-ET2X-R-PreviousRawEdge-CatmullRomRGB-Fixed080,5.217268943786621,25.77318343274605,0.0,0.0
58,windows,ABL-ET2X-R-PreviousRawEdge-CatmullRomRGB-Fixed080-EncodedGamma2Blend,5.217268943786621,25.77318343274605,0.0,0.0
59,chairs,O-T2X-R,2.539811134338379,33.091345831527036,0.0,0.0
59,chairs,ABL-ET2X-R-PreviousRawEdge-CatmullRomRGB-Fixed080,3.689225196838379,29.913685532648646,0.0,0.0
59,chairs,ABL-ET2X-R-PreviousRawEdge-CatmullRomRGB-Fixed080-EncodedGamma2Blend,3.689225196838379,29.913685532648646,0.0,0.0
59,thin-chair,O-T2X-R,3.863340377807617,30.773035422457546,0.0,0.0
59,thin-chair,ABL-ET2X-R-PreviousRawEdge-CatmullRomRGB-Fixed080,5.546253681182861,27.741128275872825,0.0,0.0
59,thin-chair,ABL-ET2X-R-PreviousRawEdge-CatmullRomRGB-Fixed080-EncodedGamma2Blend,5.546253681182861,27.741128275872825,0.0,0.0
59,windows,O-T2X-R,4.3203125,28.06699692047068,0.0,0.0
59,windows,ABL-ET2X-R-PreviousRawEdge-CatmullRomRGB-Fixed080,5.217268943786621,25.77318343274605,0.0,0.0
59,windows,ABL-ET2X-R-PreviousRawEdge-CatmullRomRGB-Fixed080-EncodedGamma2Blend,5.217268943786621,25.77318343274605,0.0,0.0
60,chairs,O-T2X-R,2.539811134338379,33.091345831527036,0.0,0.0
60,chairs,ABL-ET2X-R-PreviousRawEdge-CatmullRomRGB-Fixed080,3.689225196838379,29.913685532648646,0.0,0.0
60,chairs,ABL-ET2X-R-PreviousRawEdge-CatmullRomRGB-Fixed080-EncodedGamma2Blend,3.689225196838379,29.913685532648646,0.0,0.0
60,thin-chair,O-T2X-R,3.863340377807617,30.773035422457546,0.0,0.0
60,thin-chair,ABL-ET2X-R-PreviousRawEdge-CatmullRomRGB-Fixed080,5.546253681182861,27.741128275872825,0.0,0.0
60,thin-chair,ABL-ET2X-R-PreviousRawEdge-CatmullRomRGB-Fixed080-EncodedGamma2Blend,5.546253681182861,27.741128275872825,0.0,0.0
60,windows,O-T2X-R,4.3203125,28.06699692047068,0.0,0.0
60,windows,ABL-ET2X-R-PreviousRawEdge-CatmullRomRGB-Fixed080,5.217268943786621,25.77318343274605,0.0,0.0
60,windows,ABL-ET2X-R-PreviousRawEdge-CatmullRomRGB-Fixed080-EncodedGamma2Blend,5.217268943786621,25.77318343274605,0.0,0.0
61,chairs,O-T2X-R,3.097200632095337,31.57244684647209,2.011505365371704,2.011505365371704
61,chairs,ABL-ET2X-R-PreviousRawEdge-CatmullRomRGB-Fixed080,3.497818946838379,30.47090138610774,1.5211918354034424,1.5211918354034424
61,chairs,ABL-ET2X-R-PreviousRawEdge-CatmullRomRGB-Fixed080-EncodedGamma2Blend,3.4867186546325684,30.503229349864384,1.5296509265899658,1.5296509265899658
61,thin-chair,O-T2X-R,4.631362438201904,29.32256130946839,2.8752729892730713,2.8752729892730713
61,thin-chair,ABL-ET2X-R-PreviousRawEdge-CatmullRomRGB-Fixed080,5.26248836517334,28.230877423150837,2.121931791305542,2.121931791305542
61,thin-chair,ABL-ET2X-R-PreviousRawEdge-CatmullRomRGB-Fixed080-EncodedGamma2Blend,5.244111061096191,28.261095264221453,2.1341445446014404,2.1341445446014404
61,windows,O-T2X-R,5.228987693786621,26.572130209716185,3.036965847015381,3.036965847015381
61,windows,ABL-ET2X-R-PreviousRawEdge-CatmullRomRGB-Fixed080,5.2459797859191895,25.89091345358114,2.3179996013641357,2.3179996013641357
61,windows,ABL-ET2X-R-PreviousRawEdge-CatmullRomRGB-Fixed080-EncodedGamma2Blend,5.123095512390137,26.16639209666895,2.138681173324585,2.138681173324585
62,chairs,O-T2X-R,2.7752766609191895,32.33090161629035,2.460681676864624,3.9362800121307373
62,chairs,ABL-ET2X-R-PreviousRawEdge-CatmullRomRGB-Fixed080,3.399674415588379,30.703166208363392,1.5509321689605713,1.6448438167572021
62,chairs,ABL-ET2X-R-PreviousRawEdge-CatmullRomRGB-Fixed080-EncodedGamma2Blend,3.383772850036621,30.760486665405445,1.5506083965301514,1.665198564529419
62,thin-chair,O-T2X-R,4.1363043785095215,30.091234329606188,3.506619453430176,5.622966289520264
62,thin-chair,ABL-ET2X-R-PreviousRawEdge-CatmullRomRGB-Fixed080,5.132930755615234,28.41968662842131,2.1296892166137695,2.18740177154541
62,thin-chair,ABL-ET2X-R-PreviousRawEdge-CatmullRomRGB-Fixed080-EncodedGamma2Blend,5.107777118682861,28.472786268759094,2.1306047439575195,2.2169249057769775
62,windows,O-T2X-R,5.121240139007568,25.930705283647697,3.2541465759277344,4.782320976257324
62,windows,ABL-ET2X-R-PreviousRawEdge-CatmullRomRGB-Fixed080,5.929459571838379,24.861992872266434,2.4230339527130127,2.6366240978240967
62,windows,ABL-ET2X-R-PreviousRawEdge-CatmullRomRGB-Fixed080-EncodedGamma2Blend,5.7586750984191895,25.02219126248033,2.373018741607666,2.5044713020324707
63,chairs,O-T2X-R,2.7364909648895264,32.36977201609236,1.8257668018341064,2.957172393798828
63,chairs,ABL-ET2X-R-PreviousRawEdge-CatmullRomRGB-Fixed080,3.3804361820220947,30.722115878694886,1.5197772979736328,1.789113998413086
63,chairs,ABL-ET2X-R-PreviousRawEdge-CatmullRomRGB-Fixed080-EncodedGamma2Blend,3.3642578125,30.787173574583772,1.5157018899917603,1.7923400402069092
63,thin-chair,O-T2X-R,4.079752445220947,30.160648809750693,2.607422113418579,4.285555839538574
63,thin-chair,ABL-ET2X-R-PreviousRawEdge-CatmullRomRGB-Fixed080,5.082119941711426,28.460407468568512,2.0163772106170654,2.3788788318634033
63,thin-chair,ABL-ET2X-R-PreviousRawEdge-CatmullRomRGB-Fixed080-EncodedGamma2Blend,5.060221195220947,28.519421026837502,2.008335828781128,2.384579658508301
63,windows,O-T2X-R,4.875162601470947,27.134860296013446,4.715462684631348,6.718163967132568
63,windows,ABL-ET2X-R-PreviousRawEdge-CatmullRomRGB-Fixed080,6.3319172859191895,24.46768719776868,2.814627170562744,2.9414126873016357
63,windows,ABL-ET2X-R-PreviousRawEdge-CatmullRomRGB-Fixed080-EncodedGamma2Blend,6.218440532684326,24.57274499344539,2.729640483856201,2.8310546875
64,chairs,O-T2X-R,2.7791991233825684,32.35599395470792,2.0137887001037598,3.275585174560547
64,chairs,ABL-ET2X-R-PreviousRawEdge-CatmullRomRGB-Fixed080,3.287613868713379,30.96410483415002,1.4366508722305298,1.756738305091858
64,chairs,ABL-ET2X-R-PreviousRawEdge-CatmullRomRGB-Fixed080-EncodedGamma2Blend,3.2704100608825684,31.02855249217614,1.4285417795181274,1.753610610961914
64,thin-chair,O-T2X-R,4.141424179077148,30.187141560670735,2.852139472961426,4.6828765869140625
64,thin-chair,ABL-ET2X-R-PreviousRawEdge-CatmullRomRGB-Fixed080,4.975615501403809,28.68079826401477,1.9603447914123535,2.3182249069213867
64,thin-chair,ABL-ET2X-R-PreviousRawEdge-CatmullRomRGB-Fixed080-EncodedGamma2Blend,4.952000617980957,28.73864066632319,1.9466396570205688,2.315737247467041
64,windows,O-T2X-R,4.693749904632568,27.288047386244294,3.3399174213409424,6.254263877868652
64,windows,ABL-ET2X-R-PreviousRawEdge-CatmullRomRGB-Fixed080,6.274202346801758,24.765828222677662,3.0860962867736816,3.3851356506347656
64,windows,ABL-ET2X-R-PreviousRawEdge-CatmullRomRGB-Fixed080-EncodedGamma2Blend,6.168359279632568,24.86217082598205,3.034928798675537,3.2926928997039795
65,chairs,O-T2X-R,2.7379069328308105,32.37477058771858,1.8705158233642578,2.87715744972229
65,chairs,ABL-ET2X-R-PreviousRawEdge-CatmullRomRGB-Fixed080,3.270800828933716,31.031904142218924,1.4448693990707397,1.7302325963974
65,chairs,ABL-ET2X-R-PreviousRawEdge-CatmullRomRGB-Fixed080-EncodedGamma2Blend,3.2552409172058105,31.088326268037253,1.4435577392578125,1.7359282970428467
65,thin-chair,O-T2X-R,4.132930755615234,30.070779491481904,2.6269402503967285,4.110471725463867
65,thin-chair,ABL-ET2X-R-PreviousRawEdge-CatmullRomRGB-Fixed080,4.974254131317139,28.698344062788887,1.9589424133300781,2.326962471008301
65,thin-chair,ABL-ET2X-R-PreviousRawEdge-CatmullRomRGB-Fixed080-EncodedGamma2Blend,4.953746318817139,28.75240591105502,1.957597255706787,2.335468053817749
65,windows,O-T2X-R,4.941422462463379,27.00210654047453,3.9422607421875,6.238498687744141
65,windows,ABL-ET2X-R-PreviousRawEdge-CatmullRomRGB-Fixed080,6.3629231452941895,24.19126055497224,2.965364456176758,3.237971544265747
65,windows,ABL-ET2X-R-PreviousRawEdge-CatmullRomRGB-Fixed080-EncodedGamma2Blend,6.321451663970947,24.206786020788766,2.8501951694488525,3.144515037536621
66,chairs,O-T2X-R,2.7483561038970947,32.314011496881506,2.0431175231933594,3.3434112071990967
66,chairs,ABL-ET2X-R-PreviousRawEdge-CatmullRomRGB-Fixed080,3.2882161140441895,31.006668805587655,1.439462423324585,1.73832106590271
66,chairs,ABL-ET2X-R-PreviousRawEdge-CatmullRomRGB-Fixed080-EncodedGamma2Blend,3.2703449726104736,31.060074799706534,1.4367338418960571,1.7444168329238892
66,thin-chair,O-T2X-R,4.114908695220947,30.07967811191876,2.9241034984588623,4.7972731590271
66,thin-chair,ABL-ET2X-R-PreviousRawEdge-CatmullRomRGB-Fixed080,4.970673561096191,28.70912385085115,1.924646258354187,2.305846929550171
66,thin-chair,ABL-ET2X-R-PreviousRawEdge-CatmullRomRGB-Fixed080-EncodedGamma2Blend,4.947502136230469,28.76116543214274,1.9213836193084717,2.323310613632202
66,windows,O-T2X-R,4.702848434448242,27.03386089377181,3.431525468826294,5.569321632385254
66,windows,ABL-ET2X-R-PreviousRawEdge-CatmullRomRGB-Fixed080,6.396712303161621,24.38082812139754,2.961848735809326,3.216978073120117
66,windows,ABL-ET2X-R-PreviousRawEdge-CatmullRomRGB-Fixed080-EncodedGamma2Blend,6.367741107940674,24.356052590960036,2.8973917961120605,3.0754001140594482
67,chairs,O-T2X-R,2.758561134338379,32.24235535570105,1.8705263137817383,2.836273193359375
67,chairs,ABL-ET2X-R-PreviousRawEdge-CatmullRomRGB-Fixed080,3.30517578125,30.93192841609814,1.4483330249786377,1.7122833728790283
67,chairs,ABL-ET2X-R-PreviousRawEdge-CatmullRomRGB-Fixed080-EncodedGamma2Blend,3.2926433086395264,30.973266775038173,1.4458646774291992,1.7228820323944092
67,thin-chair,O-T2X-R,4.147135257720947,30.00444705266522,2.571707010269165,4.13962984085083
67,thin-chair,ABL-ET2X-R-PreviousRawEdge-CatmullRomRGB-Fixed080,5.021425247192383,28.611114492167303,1.9482020139694214,2.287947654724121
67,thin-chair,ABL-ET2X-R-PreviousRawEdge-CatmullRomRGB-Fixed080-EncodedGamma2Blend,5.001153945922852,28.65321859877856,1.942671298980713,2.304452657699585
67,windows,O-T2X-R,4.984765529632568,26.93155085929025,3.8428733348846436,6.268666744232178
67,windows,ABL-ET2X-R-PreviousRawEdge-CatmullRomRGB-Fixed080,6.186735153198242,24.872576303652323,3.157137393951416,3.159043788909912
67,windows,ABL-ET2X-R-PreviousRawEdge-CatmullRomRGB-Fixed080-EncodedGamma2Blend,6.15625,24.81338520759364,3.101386547088623,3.0947318077087402
68,chairs,O-T2X-R,2.7691893577575684,32.296651535793515,1.9479519128799438,3.2855873107910156
68,chairs,ABL-ET2X-R-PreviousRawEdge-CatmullRomRGB-Fixed080,3.267333984375,31.01965026019738,1.4414424896240234,1.7356770038604736
68,chairs,ABL-ET2X-R-PreviousRawEdge-CatmullRomRGB-Fixed080-EncodedGamma2Blend,3.2589354515075684,31.059313211308876,1.4355227947235107,1.7428066730499268
68,thin-chair,O-T2X-R,4.160629749298096,30.060176928774688,2.7862391471862793,4.627574443817139
68,thin-chair,ABL-ET2X-R-PreviousRawEdge-CatmullRomRGB-Fixed080,4.959990501403809,28.682937150054112,1.9738751649856567,2.2976186275482178
68,thin-chair,ABL-ET2X-R-PreviousRawEdge-CatmullRomRGB-Fixed080-EncodedGamma2Blend,4.941051006317139,28.72720470099598,1.9640544652938843,2.307971954345703
68,windows,O-T2X-R,5.120768070220947,26.02937317449536,3.3859145641326904,5.257497787475586
68,windows,ABL-ET2X-R-PreviousRawEdge-CatmullRomRGB-Fixed080,6.528059959411621,24.115711224845867,2.966146469116211,3.113429307937622
68,windows,ABL-ET2X-R-PreviousRawEdge-CatmullRomRGB-Fixed080-EncodedGamma2Blend,6.495393753051758,24.07563003823384,2.9075310230255127,3.0538291931152344
69,chairs,O-T2X-R,2.831738233566284,32.09163165837686,1.8838354349136353,2.8391060829162598
69,chairs,ABL-ET2X-R-PreviousRawEdge-CatmullRomRGB-Fixed080,3.285351514816284,30.942093243758112,1.4139989614486694,1.7236862182617188
69,chairs,ABL-ET2X-R-PreviousRawEdge-CatmullRomRGB-Fixed080-EncodedGamma2Blend,3.2723469734191895,30.987335291124197,1.4095052480697632,1.7288490533828735
69,thin-chair,O-T2X-R,4.236475944519043,29.90408118478587,2.7134475708007812,4.122865200042725
69,thin-chair,ABL-ET2X-R-PreviousRawEdge-CatmullRomRGB-Fixed080,4.956350803375244,28.62444330368172,1.9259364604949951,2.3311336040496826
69,thin-chair,ABL-ET2X-R-PreviousRawEdge-CatmullRomRGB-Fixed080-EncodedGamma2Blend,4.934629440307617,28.67279863461855,1.9213446378707886,2.340085744857788
69,windows,O-T2X-R,5.111409664154053,26.67622670546439,4.427164554595947,6.799826145172119
69,windows,ABL-ET2X-R-PreviousRawEdge-CatmullRomRGB-Fixed080,6.889632225036621,23.84622407673843,2.901327610015869,3.1163816452026367
69,windows,ABL-ET2X-R-PreviousRawEdge-CatmullRomRGB-Fixed080-EncodedGamma2Blend,6.887451171875,23.788670136407937,2.8352761268615723,3.0386977195739746
70,chairs,O-T2X-R,2.878222703933716,31.973939452268123,2.0953309535980225,3.410677433013916
70,chairs,ABL-ET2X-R-PreviousRawEdge-CatmullRomRGB-Fixed080,3.292936086654663,30.88763419503777,1.4105068445205688,1.6585967540740967
70,chairs,ABL-ET2X-R-PreviousRawEdge-CatmullRomRGB-Fixed080-EncodedGamma2Blend,3.282747507095337,30.938089785413876,1.4089040756225586,1.6658920049667358
70,thin-chair,O-T2X-R,4.248402118682861,29.854274406655374,2.981858253479004,4.890251159667969
70,thin-chair,ABL-ET2X-R-PreviousRawEdge-CatmullRomRGB-Fixed080,4.9564690589904785,28.58748030655077,1.8874201774597168,2.24540114402771
70,thin-chair,ABL-ET2X-R-PreviousRawEdge-CatmullRomRGB-Fixed080-EncodedGamma2Blend,4.937470436096191,28.639935806725294,1.8844547271728516,2.2632691860198975
70,windows,O-T2X-R,5.101416110992432,26.25670115223427,3.3098082542419434,5.8775506019592285
70,windows,ABL-ET2X-R-PreviousRawEdge-CatmullRomRGB-Fixed080,6.867366313934326,23.784275091388537,3.090202808380127,3.1306440830230713
70,windows,ABL-ET2X-R-PreviousRawEdge-CatmullRomRGB-Fixed080-EncodedGamma2Blend,6.846451759338379,23.74232393247166,3.040635585784912,3.086838483810425
71,chairs,O-T2X-R,2.7909178733825684,32.27580689851168,1.918130874633789,2.9271881580352783
71,chairs,ABL-ET2X-R-PreviousRawEdge-CatmullRomRGB-Fixed080,3.3516438007354736,30.673395080528213,1.4362937211990356,1.7353897094726562
71,chairs,ABL-ET2X-R-PreviousRawEdge-CatmullRomRGB-Fixed080-EncodedGamma2Blend,3.342740774154663,30.71318538397463,1.4327785968780518,1.738324761390686
71,thin-chair,O-T2X-R,4.222301006317139,29.961332473601768,2.600775718688965,4.167294502258301
71,thin-chair,ABL-ET2X-R-PreviousRawEdge-CatmullRomRGB-Fixed080,5.070401191711426,28.35504384093969,1.94261634349823,2.2916083335876465
71,thin-chair,ABL-ET2X-R-PreviousRawEdge-CatmullRomRGB-Fixed080-EncodedGamma2Blend,5.055013179779053,28.39580930548197,1.9379932880401611,2.3014931678771973
71,windows,O-T2X-R,4.987874507904053,27.02338414784162,4.828644752502441,7.0143280029296875
71,windows,ABL-ET2X-R-PreviousRawEdge-CatmullRomRGB-Fixed080,6.8299479484558105,23.8655425769283,3.2408688068389893,3.3329505920410156
71,windows,ABL-ET2X-R-PreviousRawEdge-CatmullRomRGB-Fixed080-EncodedGamma2Blend,6.8328776359558105,23.771576074037842,3.145812511444092,3.253452777862549
72,chairs,O-T2X-R,2.8397624492645264,32.08104650503196,2.019150733947754,3.379009962081909
72,chairs,ABL-ET2X-R-PreviousRawEdge-CatmullRomRGB-Fixed080,3.3737142086029053,30.521019554483214,1.4218213558197021,1.7372016906738281
72,chairs,ABL-ET2X-R-PreviousRawEdge-CatmullRomRGB-Fixed080-EncodedGamma2Blend,3.3599283695220947,30.570830137200915,1.4166940450668335,1.735410451889038
72,thin-chair,O-T2X-R,4.277787685394287,29.792917303058097,2.8825631141662598,4.699697494506836
72,thin-chair,ABL-ET2X-R-PreviousRawEdge-CatmullRomRGB-Fixed080,5.106948375701904,28.20231420264041,1.9177520275115967,2.3234026432037354
72,thin-chair,ABL-ET2X-R-PreviousRawEdge-CatmullRomRGB-Fixed080-EncodedGamma2Blend,5.084132194519043,28.250346996966744,1.9122589826583862,2.3259329795837402
72,windows,O-T2X-R,5.044335842132568,26.726842591363425,3.7354483604431152,6.095612525939941
72,windows,ABL-ET2X-R-PreviousRawEdge-CatmullRomRGB-Fixed080,6.807845115661621,24.025533454715543,3.2967915534973145,3.438927412033081
72,windows,ABL-ET2X-R-PreviousRawEdge-CatmullRomRGB-Fixed080-EncodedGamma2Blend,6.805908203125,23.930712988236643,3.2400119304656982,3.341235399246216
73,chairs,O-T2X-R,2.8904621601104736,31.935359486970324,1.972829818725586,2.9484004974365234
73,chairs,ABL-ET2X-R-PreviousRawEdge-CatmullRomRGB-Fixed080,3.454085350036621,30.36954616370576,1.4410181045532227,1.7124007940292358
73,chairs,ABL-ET2X-R-PreviousRawEdge-CatmullRomRGB-Fixed080-EncodedGamma2Blend,3.4412434101104736,30.420527462434883,1.4384673833847046,1.7171859741210938
73,thin-chair,O-T2X-R,4.296134948730469,29.746719843127444,2.7469160556793213,4.2756876945495605
73,thin-chair,ABL-ET2X-R-PreviousRawEdge-CatmullRomRGB-Fixed080,5.203006744384766,28.08971556234883,1.9086785316467285,2.277535915374756
73,thin-chair,ABL-ET2X-R-PreviousRawEdge-CatmullRomRGB-Fixed080-EncodedGamma2Blend,5.180604934692383,28.14243364175185,1.9048806428909302,2.2902419567108154
73,windows,O-T2X-R,4.971158981323242,27.00479838587694,3.998595714569092,6.721539497375488
73,windows,ABL-ET2X-R-PreviousRawEdge-CatmullRomRGB-Fixed080,6.837434768676758,23.77238054834502,3.146599769592285,3.449047803878784
73,windows,ABL-ET2X-R-PreviousRawEdge-CatmullRomRGB-Fixed080-EncodedGamma2Blend,6.8255696296691895,23.71410295177002,3.083620071411133,3.381021022796631
74,chairs,O-T2X-R,2.805403709411621,32.213710109640004,2.084197998046875,3.484414577484131
74,chairs,ABL-ET2X-R-PreviousRawEdge-CatmullRomRGB-Fixed080,3.443880319595337,30.396643941663832,1.4279518127441406,1.7561876773834229
74,chairs,ABL-ET2X-R-PreviousRawEdge-CatmullRomRGB-Fixed080-EncodedGamma2Blend,3.435335397720337,30.440509462830537,1.4259905815124512,1.7658779621124268
74,thin-chair,O-T2X-R,4.197383880615234,29.96934426558695,3.008917808532715,4.98115873336792
74,thin-chair,ABL-ET2X-R-PreviousRawEdge-CatmullRomRGB-Fixed080,5.227568626403809,28.07877532572566,1.9007216691970825,2.2996954917907715
74,thin-chair,ABL-ET2X-R-PreviousRawEdge-CatmullRomRGB-Fixed080-EncodedGamma2Blend,5.209724426269531,28.12468640507125,1.8970364332199097,2.316875457763672
74,windows,O-T2X-R,5.381168842315674,25.726802032657794,3.4007861614227295,5.357630729675293
74,windows,ABL-ET2X-R-PreviousRawEdge-CatmullRomRGB-Fixed080,6.916764259338379,23.867381532325062,3.153886318206787,3.411398410797119
74,windows,ABL-ET2X-R-PreviousRawEdge-CatmullRomRGB-Fixed080-EncodedGamma2Blend,6.908447265625,23.796907767943107,3.0842158794403076,3.331871509552002
75,chairs,O-T2X-R,2.834749460220337,32.09611932676152,1.8950512409210205,3.010237216949463
75,chairs,ABL-ET2X-R-PreviousRawEdge-CatmullRomRGB-Fixed080,3.4210124015808105,30.477377047335704,1.4463002681732178,1.7449262142181396
75,chairs,ABL-ET2X-R-PreviousRawEdge-CatmullRomRGB-Fixed080-EncodedGamma2Blend,3.4065592288970947,30.53371835245652,1.4421863555908203,1.7504894733428955
75,thin-chair,O-T2X-R,4.200846195220947,29.965901463561188,2.7587335109710693,4.381387233734131
75,thin-chair,ABL-ET2X-R-PreviousRawEdge-CatmullRomRGB-Fixed080,5.230587005615234,28.119777686300896,1.941582441329956,2.30076003074646
75,thin-chair,ABL-ET2X-R-PreviousRawEdge-CatmullRomRGB-Fixed080-EncodedGamma2Blend,5.205936431884766,28.175696877835392,1.937876582145691,2.312864065170288
75,windows,O-T2X-R,5.220296382904053,26.383985670550217,4.5417609214782715,6.714945316314697
75,windows,ABL-ET2X-R-PreviousRawEdge-CatmullRomRGB-Fixed080,6.956868648529053,23.686810562701915,3.2570242881774902,3.3619778156280518
75,windows,ABL-ET2X-R-PreviousRawEdge-CatmullRomRGB-Fixed080-EncodedGamma2Blend,6.931982517242432,23.64940495259335,3.1947875022888184,3.2925045490264893
76,chairs,O-T2X-R,2.884798288345337,31.99087220995468,2.081036329269409,3.4067046642303467
76,chairs,ABL-ET2X-R-PreviousRawEdge-CatmullRomRGB-Fixed080,3.3983724117279053,30.526873424285984,1.4497296810150146,1.711780309677124
76,chairs,ABL-ET2X-R-PreviousRawEdge-CatmullRomRGB-Fixed080-EncodedGamma2Blend,3.387255907058716,30.575308928811697,1.4409019947052002,1.718798279762268
76,thin-chair,O-T2X-R,4.28341007232666,29.818234764367794,2.922499656677246,4.895175457000732
76,thin-chair,ABL-ET2X-R-PreviousRawEdge-CatmullRomRGB-Fixed080,5.176698684692383,28.179786506171155,1.894924283027649,2.250308036804199
76,thin-chair,ABL-ET2X-R-PreviousRawEdge-CatmullRomRGB-Fixed080-EncodedGamma2Blend,5.1550068855285645,28.229414947037835,1.8826470375061035,2.261838674545288
76,windows,O-T2X-R,5.3748698234558105,25.870924407280388,3.4654057025909424,5.713687419891357
76,windows,ABL-ET2X-R-PreviousRawEdge-CatmullRomRGB-Fixed080,7.445116996765137,23.03977641934214,3.0156686305999756,3.2379374504089355
76,windows,ABL-ET2X-R-PreviousRawEdge-CatmullRomRGB-Fixed080-EncodedGamma2Blend,7.453645706176758,22.99671194800642,2.9402499198913574,3.1475348472595215
77,chairs,O-T2X-R,2.7828450202941895,32.44854548126786,1.9497926235198975,2.946135997772217
77,chairs,ABL-ET2X-R-PreviousRawEdge-CatmullRomRGB-Fixed080,3.365201711654663,30.617107821824394,1.4437034130096436,1.7205464839935303
77,chairs,ABL-ET2X-R-PreviousRawEdge-CatmullRomRGB-Fixed080-EncodedGamma2Blend,3.353304147720337,30.664455146888248,1.4369661808013916,1.7225738763809204
77,thin-chair,O-T2X-R,4.207001686096191,30.147739032085752,2.6865456104278564,4.236080646514893
77,thin-chair,ABL-ET2X-R-PreviousRawEdge-CatmullRomRGB-Fixed080,5.1438212394714355,28.263576472512515,1.9234206676483154,2.268984794616699
77,thin-chair,ABL-ET2X-R-PreviousRawEdge-CatmullRomRGB-Fixed080-EncodedGamma2Blend,5.118785381317139,28.31513866684114,1.9126328229904175,2.2766807079315186
77,windows,O-T2X-R,5.127897262573242,26.866907088054468,5.392763614654541,7.5739312171936035
77,windows,ABL-ET2X-R-PreviousRawEdge-CatmullRomRGB-Fixed080,7.534944534301758,23.063705031217477,3.339188814163208,3.241595506668091
77,windows,ABL-ET2X-R-PreviousRawEdge-CatmullRomRGB-Fixed080-EncodedGamma2Blend,7.539746284484863,22.989019209470758,3.275831699371338,3.1629276275634766
78,chairs,O-T2X-R,2.823209524154663,32.35277151374911,2.032698392868042,3.434607744216919
78,chairs,ABL-ET2X-R-PreviousRawEdge-CatmullRomRGB-Fixed080,3.3582844734191895,30.701613578238298,1.4183390140533447,1.7036139965057373
78,chairs,ABL-ET2X-R-PreviousRawEdge-CatmullRomRGB-Fixed080-EncodedGamma2Blend,3.349169969558716,30.74401580552777,1.4103978872299194,1.7045650482177734
78,thin-chair,O-T2X-R,4.268732070922852,30.055772499998916,2.860440492630005,4.79887580871582
78,thin-chair,ABL-ET2X-R-PreviousRawEdge-CatmullRomRGB-Fixed080,5.139737129211426,28.32956162261794,1.9159280061721802,2.224109411239624
78,thin-chair,ABL-ET2X-R-PreviousRawEdge-CatmullRomRGB-Fixed080-EncodedGamma2Blend,5.1216559410095215,28.373514994915368,1.9022934436798096,2.22627854347229
78,windows,O-T2X-R,5.0028157234191895,26.948835131310712,3.846165180206299,7.110280513763428
78,windows,ABL-ET2X-R-PreviousRawEdge-CatmullRomRGB-Fixed080,6.839632034301758,24.065360484439857,3.9412262439727783,3.8931427001953125
78,windows,ABL-ET2X-R-PreviousRawEdge-CatmullRomRGB-Fixed080-EncodedGamma2Blend,6.843115329742432,23.9593889183892,3.8772635459899902,3.827674388885498
79,chairs,O-T2X-R,2.8367512226104736,32.289395091155335,1.9209890365600586,2.915072441101074
79,chairs,ABL-ET2X-R-PreviousRawEdge-CatmullRomRGB-Fixed080,3.4087891578674316,30.56211836885212,1.4643313884735107,1.7109050750732422
79,chairs,ABL-ET2X-R-PreviousRawEdge-CatmullRomRGB-Fixed080-EncodedGamma2Blend,3.404996633529663,30.59796218925586,1.4596359729766846,1.7173776626586914
79,thin-chair,O-T2X-R,4.26210355758667,30.0290756005684,2.7747042179107666,4.244616985321045
79,thin-chair,ABL-ET2X-R-PreviousRawEdge-CatmullRomRGB-Fixed080,5.209280490875244,28.19729715448795,1.914549708366394,2.2127625942230225
79,thin-chair,ABL-ET2X-R-PreviousRawEdge-CatmullRomRGB-Fixed080-EncodedGamma2Blend,5.198123931884766,28.235802747113553,1.905948281288147,2.2252869606018066
79,windows,O-T2X-R,5.441340923309326,26.305568804511744,3.843900203704834,6.681419372558594
79,windows,ABL-ET2X-R-PreviousRawEdge-CatmullRomRGB-Fixed080,6.743700981140137,24.044088838208175,3.290207624435425,3.7099545001983643
79,windows,ABL-ET2X-R-PreviousRawEdge-CatmullRomRGB-Fixed080-EncodedGamma2Blend,6.748518943786621,23.967654254313857,3.2312591075897217,3.660487413406372
80,chairs,O-T2X-R,2.9285645484924316,31.856509994045886,1.954285979270935,3.2723565101623535
80,chairs,ABL-ET2X-R-PreviousRawEdge-CatmullRomRGB-Fixed080,3.432421922683716,30.568433035826477,1.4396421909332275,1.7246659994125366
80,chairs,ABL-ET2X-R-PreviousRawEdge-CatmullRomRGB-Fixed080-EncodedGamma2Blend,3.428027391433716,30.60831776791853,1.4383814334869385,1.7325561046600342
80,thin-chair,O-T2X-R,4.369998931884766,29.66378238624065,2.8654367923736572,4.827005386352539
80,thin-chair,ABL-ET2X-R-PreviousRawEdge-CatmullRomRGB-Fixed080,5.232362747192383,28.22033719394522,1.944390058517456,2.2658233642578125
80,thin-chair,ABL-ET2X-R-PreviousRawEdge-CatmullRomRGB-Fixed080-EncodedGamma2Blend,5.2191643714904785,28.265286308530836,1.9412345886230469,2.276144504547119
80,windows,O-T2X-R,5.694189548492432,24.856625220524137,3.8522751331329346,5.145064353942871
80,windows,ABL-ET2X-R-PreviousRawEdge-CatmullRomRGB-Fixed080,7.378385543823242,23.306238996403042,3.176403522491455,3.449446201324463
80,windows,ABL-ET2X-R-PreviousRawEdge-CatmullRomRGB-Fixed080-EncodedGamma2Blend,7.376692771911621,23.245345929859674,3.121630907058716,3.3862051963806152
81,chairs,O-T2X-R,2.955582618713379,31.73511363519825,1.9241950511932373,2.958613157272339
81,chairs,ABL-ET2X-R-PreviousRawEdge-CatmullRomRGB-Fixed080,3.406526803970337,30.631369420879643,1.4168245792388916,1.7021820545196533
81,chairs,ABL-ET2X-R-PreviousRawEdge-CatmullRomRGB-Fixed080-EncodedGamma2Blend,3.3921875953674316,30.670323172496005,1.4089336395263672,1.7021242380142212
81,thin-chair,O-T2X-R,4.370857238769531,29.644688845692258,2.7232189178466797,4.2855329513549805
81,thin-chair,ABL-ET2X-R-PreviousRawEdge-CatmullRomRGB-Fixed080,5.2043681144714355,28.259208582344897,1.9335854053497314,2.250352382659912
81,thin-chair,ABL-ET2X-R-PreviousRawEdge-CatmullRomRGB-Fixed080-EncodedGamma2Blend,5.181344509124756,28.298542957128866,1.9216209650039673,2.252664804458618
81,windows,O-T2X-R,5.440901756286621,26.175562351150504,5.572602272033691,8.085355758666992
81,windows,ABL-ET2X-R-PreviousRawEdge-CatmullRomRGB-Fixed080,7.681705951690674,22.763813525469597,3.269249677658081,3.1772987842559814
81,windows,ABL-ET2X-R-PreviousRawEdge-CatmullRomRGB-Fixed080-EncodedGamma2Blend,7.685009956359863,22.72078375446023,3.2167770862579346,3.115830183029175
82,chairs,O-T2X-R,2.923844337463379,31.851142710133292,2.0926387310028076,3.4265060424804688
82,chairs,ABL-ET2X-R-PreviousRawEdge-CatmullRomRGB-Fixed080,3.4427409172058105,30.611237597612657,1.4625749588012695,1.6836858987808228
82,chairs,ABL-ET2X-R-PreviousRawEdge-CatmullRomRGB-Fixed080-EncodedGamma2Blend,3.4391276836395264,30.640595454878103,1.4558427333831787,1.6890132427215576
82,thin-chair,O-T2X-R,4.354669570922852,29.665978231517638,2.9384119510650635,4.8497538566589355
82,thin-chair,ABL-ET2X-R-PreviousRawEdge-CatmullRomRGB-Fixed080,5.213186740875244,28.27809730390637,1.9426791667938232,2.2229998111724854
82,thin-chair,ABL-ET2X-R-PreviousRawEdge-CatmullRomRGB-Fixed080-EncodedGamma2Blend,5.20235538482666,28.31081257338646,1.930976152420044,2.2309958934783936
82,windows,O-T2X-R,5.345914840698242,26.235601140478604,3.6050612926483154,7.186959743499756
82,windows,ABL-ET2X-R-PreviousRawEdge-CatmullRomRGB-Fixed080,7.406217575073242,23.499031100548905,3.677976131439209,3.704864501953125
82,windows,ABL-ET2X-R-PreviousRawEdge-CatmullRomRGB-Fixed080-EncodedGamma2Blend,7.414843559265137,23.399898436769128,3.6200146675109863,3.6435203552246094
83,chairs,O-T2X-R,2.7997069358825684,32.279105337500866,2.0379638671875,3.0284855365753174
83,chairs,ABL-ET2X-R-PreviousRawEdge-CatmullRomRGB-Fixed080,3.4678385257720947,30.536943621981045,1.4606684446334839,1.7227928638458252
83,chairs,ABL-ET2X-R-PreviousRawEdge-CatmullRomRGB-Fixed080-EncodedGamma2Blend,3.4666666984558105,30.562167666619548,1.4568159580230713,1.7207212448120117
83,thin-chair,O-T2X-R,4.22091007232666,29.965779622093734,2.8248517513275146,4.404844284057617
83,thin-chair,ABL-ET2X-R-PreviousRawEdge-CatmullRomRGB-Fixed080,5.262547492980957,28.203137184115956,1.9551901817321777,2.2758657932281494
83,thin-chair,ABL-ET2X-R-PreviousRawEdge-CatmullRomRGB-Fixed080-EncodedGamma2Blend,5.253994941711426,28.231507449883036,1.950025200843811,2.2785556316375732
83,windows,O-T2X-R,5.1471028327941895,26.828557275207977,4.840584754943848,7.362205505371094
83,windows,ABL-ET2X-R-PreviousRawEdge-CatmullRomRGB-Fixed080,6.830842971801758,24.1185783369071,3.8735878467559814,4.0782976150512695
83,windows,ABL-ET2X-R-PreviousRawEdge-CatmullRomRGB-Fixed080-EncodedGamma2Blend,6.8133625984191895,24.048179271167754,3.8098652362823486,4.0551066398620605
84,chairs,O-T2X-R,2.8604655265808105,31.95258353033087,2.0118486881256104,3.453659772872925
84,chairs,ABL-ET2X-R-PreviousRawEdge-CatmullRomRGB-Fixed080,3.448193311691284,30.560380255306256,1.4459826946258545,1.7581459283828735
84,chairs,ABL-ET2X-R-PreviousRawEdge-CatmullRomRGB-Fixed080-EncodedGamma2Blend,3.4383137226104736,30.60216965010894,1.4435837268829346,1.7671890258789062
84,thin-chair,O-T2X-R,4.338571071624756,29.63359536615696,2.813218116760254,4.821053981781006
84,thin-chair,ABL-ET2X-R-PreviousRawEdge-CatmullRomRGB-Fixed080,5.223573684692383,28.234631127850104,1.9318755865097046,2.280949354171753
84,thin-chair,ABL-ET2X-R-PreviousRawEdge-CatmullRomRGB-Fixed080-EncodedGamma2Blend,5.203568935394287,28.277601342951616,1.928730845451355,2.2955827713012695
84,windows,O-T2X-R,5.183854103088379,26.620235939720178,3.9057533740997314,6.127273082733154
84,windows,ABL-ET2X-R-PreviousRawEdge-CatmullRomRGB-Fixed080,7.0513997077941895,23.782443714212185,3.4365792274475098,3.9620585441589355
84,windows,ABL-ET2X-R-PreviousRawEdge-CatmullRomRGB-Fixed080-EncodedGamma2Blend,7.060481548309326,23.70308201611929,3.3523738384246826,3.8790173530578613
85,chairs,O-T2X-R,2.9005696773529053,31.775408113254695,1.944989800453186,2.9623947143554688
85,chairs,ABL-ET2X-R-PreviousRawEdge-CatmullRomRGB-Fixed080,3.4491047859191895,30.510841731052448,1.4772758483886719,1.739927887916565
85,chairs,ABL-ET2X-R-PreviousRawEdge-CatmullRomRGB-Fixed080-EncodedGamma2Blend,3.436051368713379,30.55593999078658,1.4746060371398926,1.747287392616272
85,thin-chair,O-T2X-R,4.379705429077148,29.456818170645644,2.7346715927124023,4.277353286743164
85,thin-chair,ABL-ET2X-R-PreviousRawEdge-CatmullRomRGB-Fixed080,5.214873313903809,28.198893578453152,1.9781887531280518,2.300489664077759
85,thin-chair,ABL-ET2X-R-PreviousRawEdge-CatmullRomRGB-Fixed080-EncodedGamma2Blend,5.188299179077148,28.246055671611234,1.9743468761444092,2.313310384750366
85,windows,O-T2X-R,5.424788475036621,26.354421150299512,5.112422943115234,7.667599678039551
85,windows,ABL-ET2X-R-PreviousRawEdge-CatmullRomRGB-Fixed080,7.5887532234191895,22.980638777969116,3.2414214611053467,3.4082775115966797
85,windows,ABL-ET2X-R-PreviousRawEdge-CatmullRomRGB-Fixed080-EncodedGamma2Blend,7.587223529815674,22.931321001757663,3.187434673309326,3.3185620307922363
86,chairs,O-T2X-R,2.886702537536621,32.001746122345,2.059119701385498,3.3843045234680176
86,chairs,ABL-ET2X-R-PreviousRawEdge-CatmullRomRGB-Fixed080,3.4512369632720947,30.511620729519993,1.495936632156372,1.7515754699707031
86,chairs,ABL-ET2X-R-PreviousRawEdge-CatmullRomRGB-Fixed080-EncodedGamma2Blend,3.438997507095337,30.55373776761463,1.4906002283096313,1.7612508535385132
86,thin-chair,O-T2X-R,4.318063259124756,29.74104994977578,2.964216709136963,4.876608371734619
86,thin-chair,ABL-ET2X-R-PreviousRawEdge-CatmullRomRGB-Fixed080,5.211854934692383,28.227857412593117,2.0026345252990723,2.3517394065856934
86,thin-chair,ABL-ET2X-R-PreviousRawEdge-CatmullRomRGB-Fixed080-EncodedGamma2Blend,5.186700820922852,28.274119900142637,1.992991328239441,2.3633737564086914
86,windows,O-T2X-R,5.476480960845947,25.74173014354099,3.731574535369873,6.2586774826049805
86,windows,ABL-ET2X-R-PreviousRawEdge-CatmullRomRGB-Fixed080,7.603206157684326,23.10911805024107,3.5576331615448,3.5392768383026123
86,windows,ABL-ET2X-R-PreviousRawEdge-CatmullRomRGB-Fixed080-EncodedGamma2Blend,7.598404884338379,23.046415568324846,3.4988059997558594,3.4801554679870605
87,chairs,O-T2X-R,2.8995604515075684,32.058692481201135,1.9679553508758545,3.0136055946350098
87,chairs,ABL-ET2X-R-PreviousRawEdge-CatmullRomRGB-Fixed080,3.416275978088379,30.627626080313732,1.4647117853164673,1.757244348526001
87,chairs,ABL-ET2X-R-PreviousRawEdge-CatmullRomRGB-Fixed080-EncodedGamma2Blend,3.4083659648895264,30.66542700785699,1.4574415683746338,1.759917974472046
87,thin-chair,O-T2X-R,4.269383430480957,29.980055277467386,2.838613748550415,4.397381782531738
87,thin-chair,ABL-ET2X-R-PreviousRawEdge-CatmullRomRGB-Fixed080,5.159268379211426,28.350943783816753,1.9577813148498535,2.287281036376953
87,thin-chair,ABL-ET2X-R-PreviousRawEdge-CatmullRomRGB-Fixed080-EncodedGamma2Blend,5.14512300491333,28.390112171493413,1.9464631080627441,2.296220064163208
87,windows,O-T2X-R,5.597477436065674,26.013351076527155,4.831753730773926,7.404350280761719
87,windows,ABL-ET2X-R-PreviousRawEdge-CatmullRomRGB-Fixed080,7.3209309577941895,23.544835884688005,3.8700592517852783,3.9195618629455566
87,windows,ABL-ET2X-R-PreviousRawEdge-CatmullRomRGB-Fixed080-EncodedGamma2Blend,7.295328617095947,23.50168289943694,3.8064284324645996,3.8694095611572266
88,chairs,O-T2X-R,2.8906900882720947,32.06867347663559,2.1287670135498047,3.4820594787597656
88,chairs,ABL-ET2X-R-PreviousRawEdge-CatmullRomRGB-Fixed080,3.42724609375,30.703393878267722,1.5192701816558838,1.791770339012146
88,chairs,ABL-ET2X-R-PreviousRawEdge-CatmullRomRGB-Fixed080-EncodedGamma2Blend,3.4188802242279053,30.742794326826143,1.515731692314148,1.7941116094589233
88,thin-chair,O-T2X-R,4.324248313903809,29.86634911856028,2.961026191711426,4.935452461242676
88,thin-chair,ABL-ET2X-R-PreviousRawEdge-CatmullRomRGB-Fixed080,5.188979625701904,28.39935834821581,2.026423454284668,2.379080057144165
88,thin-chair,ABL-ET2X-R-PreviousRawEdge-CatmullRomRGB-Fixed080-EncodedGamma2Blend,5.1734137535095215,28.441208999386404,2.022202730178833,2.388063907623291
88,windows,O-T2X-R,5.7154622077941895,25.079731036975375,3.803593397140503,6.213284492492676
88,windows,ABL-ET2X-R-PreviousRawEdge-CatmullRomRGB-Fixed080,7.030419826507568,23.934924929911077,3.941545009613037,4.31085729598999
88,windows,ABL-ET2X-R-PreviousRawEdge-CatmullRomRGB-Fixed080-EncodedGamma2Blend,7.015917778015137,23.86059754582621,3.86444091796875,4.253871917724609
89,chairs,O-T2X-R,2.8714356422424316,32.1487622150381,2.0066261291503906,3.1130900382995605
89,chairs,ABL-ET2X-R-PreviousRawEdge-CatmullRomRGB-Fixed080,3.3409180641174316,30.886434146896615,1.4543155431747437,1.777844786643982
89,chairs,ABL-ET2X-R-PreviousRawEdge-CatmullRomRGB-Fixed080-EncodedGamma2Blend,3.325911521911621,30.940194976757766,1.4497430324554443,1.7867448329925537
89,thin-chair,O-T2X-R,4.306551933288574,29.896853024023255,2.8457694053649902,4.519471645355225
89,thin-chair,ABL-ET2X-R-PreviousRawEdge-CatmullRomRGB-Fixed080,5.087446689605713,28.563061101704697,1.9239064455032349,2.329878091812134
89,thin-chair,ABL-ET2X-R-PreviousRawEdge-CatmullRomRGB-Fixed080-EncodedGamma2Blend,5.06309175491333,28.61826048355143,1.915364384651184,2.3461973667144775
89,windows,O-T2X-R,5.528629779815674,26.05856934894411,5.075231075286865,7.722413539886475
89,windows,ABL-ET2X-R-PreviousRawEdge-CatmullRomRGB-Fixed080,7.268489360809326,23.367591239450274,3.5002193450927734,3.8157668113708496
89,windows,ABL-ET2X-R-PreviousRawEdge-CatmullRomRGB-Fixed080-EncodedGamma2Blend,7.250276565551758,23.313662711944435,3.416844129562378,3.746849536895752
90,chairs,O-T2X-R,2.9175455570220947,31.990459608669973,2.1021926403045654,3.5255203247070312
90,chairs,ABL-ET2X-R-PreviousRawEdge-CatmullRomRGB-Fixed080,3.351806640625,30.916735398670898,1.5143266916275024,1.7568931579589844
90,chairs,ABL-ET2X-R-PreviousRawEdge-CatmullRomRGB-Fixed080-EncodedGamma2Blend,3.3357584476470947,30.97898977140996,1.510439157485962,1.762657880783081
90,thin-chair,O-T2X-R,4.376302242279053,29.73960903710823,2.914872884750366,4.940425395965576
90,thin-chair,ABL-ET2X-R-PreviousRawEdge-CatmullRomRGB-Fixed080,5.080936431884766,28.60044906828653,1.9813694953918457,2.24713134765625
90,thin-chair,ABL-ET2X-R-PreviousRawEdge-CatmullRomRGB-Fixed080-EncodedGamma2Blend,5.0544209480285645,28.664890900724895,1.9780269861221313,2.2593817710876465
90,windows,O-T2X-R,5.878011226654053,24.9894802044652,3.778479814529419,6.352975845336914
90,windows,ABL-ET2X-R-PreviousRawEdge-CatmullRomRGB-Fixed080,7.683772563934326,23.039144413958756,3.551165819168091,3.7396247386932373
90,windows,ABL-ET2X-R-PreviousRawEdge-CatmullRomRGB-Fixed080-EncodedGamma2Blend,7.6910319328308105,22.98473477598895,3.4645915031433105,3.617525577545166
91,chairs,O-T2X-R,2.8571126461029053,32.11229122733815,2.014824151992798,3.0533432960510254
91,chairs,ABL-ET2X-R-PreviousRawEdge-CatmullRomRGB-Fixed080,3.341097116470337,30.962652914122913,1.499738097190857,1.7724651098251343
91,chairs,ABL-ET2X-R-PreviousRawEdge-CatmullRomRGB-Fixed080-EncodedGamma2Blend,3.331022024154663,31.019481107121184,1.494904637336731,1.7784948348999023
91,thin-chair,O-T2X-R,4.321792125701904,29.774194417252442,2.831885814666748,4.403886795043945
91,thin-chair,ABL-ET2X-R-PreviousRawEdge-CatmullRomRGB-Fixed080,5.0690693855285645,28.652695458978034,2.0116899013519287,2.3240950107574463
91,thin-chair,ABL-ET2X-R-PreviousRawEdge-CatmullRomRGB-Fixed080-EncodedGamma2Blend,5.0511956214904785,28.713535269994587,2.0038657188415527,2.336975574493408
91,windows,O-T2X-R,5.383740425109863,26.42962488933162,5.352092742919922,7.853838920593262
91,windows,ABL-ET2X-R-PreviousRawEdge-CatmullRomRGB-Fixed080,7.200407028198242,23.58504655899218,3.7317752838134766,3.7537124156951904
91,windows,ABL-ET2X-R-PreviousRawEdge-CatmullRomRGB-Fixed080-EncodedGamma2Blend,7.195605278015137,23.53658927808268,3.6817684173583984,3.686769962310791
92,chairs,O-T2X-R,2.8848633766174316,32.071327679360834,2.106915235519409,3.5123894214630127
92,chairs,ABL-ET2X-R-PreviousRawEdge-CatmullRomRGB-Fixed080,3.3378255367279053,30.916572723984686,1.4635734558105469,1.7336742877960205
92,chairs,ABL-ET2X-R-PreviousRawEdge-CatmullRomRGB-Fixed080-EncodedGamma2Blend,3.3250651359558105,30.964855633787597,1.4541642665863037,1.7348029613494873
92,thin-chair,O-T2X-R,4.350911617279053,29.791118155548602,2.9745702743530273,5.02010440826416
92,thin-chair,ABL-ET2X-R-PreviousRawEdge-CatmullRomRGB-Fixed080,5.0842509269714355,28.566694232230816,1.9611912965774536,2.2561659812927246
92,thin-chair,ABL-ET2X-R-PreviousRawEdge-CatmullRomRGB-Fixed080-EncodedGamma2Blend,5.068359375,28.615331105187273,1.9467905759811401,2.2622435092926025
92,windows,O-T2X-R,5.405029296875,26.182566805397247,3.788774013519287,6.4847002029418945
92,windows,ABL-ET2X-R-PreviousRawEdge-CatmullRomRGB-Fixed080,7.322835445404053,23.689725910033594,3.6172993183135986,3.6930289268493652
92,windows,ABL-ET2X-R-PreviousRawEdge-CatmullRomRGB-Fixed080-EncodedGamma2Blend,7.322705268859863,23.632307836904438,3.5553269386291504,3.6500887870788574
93,chairs,O-T2X-R,2.895068407058716,32.04088513465039,1.973862886428833,3.0932586193084717
93,chairs,ABL-ET2X-R-PreviousRawEdge-CatmullRomRGB-Fixed080,3.348111867904663,30.86980889231669,1.4840023517608643,1.7207227945327759
93,chairs,ABL-ET2X-R-PreviousRawEdge-CatmullRomRGB-Fixed080-EncodedGamma2Blend,3.332308053970337,30.928221084038555,1.481412649154663,1.726626992225647
93,thin-chair,O-T2X-R,4.321792125701904,29.83895788760984,2.82816481590271,4.508631706237793
93,thin-chair,ABL-ET2X-R-PreviousRawEdge-CatmullRomRGB-Fixed080,5.107333183288574,28.520115357504764,1.957150936126709,2.2432687282562256
93,thin-chair,ABL-ET2X-R-PreviousRawEdge-CatmullRomRGB-Fixed080-EncodedGamma2Blend,5.080433368682861,28.5785591221235,1.951381802558899,2.249854803085327
93,windows,O-T2X-R,5.443749904632568,26.31784745677948,5.477257251739502,8.102320671081543
93,windows,ABL-ET2X-R-PreviousRawEdge-CatmullRomRGB-Fixed080,7.236230373382568,23.649625038093856,3.677506685256958,3.7572994232177734
93,windows,ABL-ET2X-R-PreviousRawEdge-CatmullRomRGB-Fixed080-EncodedGamma2Blend,7.225830078125,23.606578899307323,3.6195311546325684,3.704411745071411
94,chairs,O-T2X-R,2.8969075679779053,32.00856142914571,2.074963331222534,3.451810359954834
94,chairs,ABL-ET2X-R-PreviousRawEdge-CatmullRomRGB-Fixed080,3.3605306148529053,30.863553960100333,1.466462254524231,1.7180856466293335
94,chairs,ABL-ET2X-R-PreviousRawEdge-CatmullRomRGB-Fixed080-EncodedGamma2Blend,3.3456380367279053,30.92638689479067,1.4575473070144653,1.7173128128051758
94,thin-chair,O-T2X-R,4.297940254211426,29.84698348216012,2.9534943103790283,4.9737348556518555
94,thin-chair,ABL-ET2X-R-PreviousRawEdge-CatmullRomRGB-Fixed080,5.079012870788574,28.542935562693877,1.9558972120285034,2.2627716064453125
94,thin-chair,ABL-ET2X-R-PreviousRawEdge-CatmullRomRGB-Fixed080-EncodedGamma2Blend,5.05057430267334,28.6097035743078,1.9430752992630005,2.2665116786956787
94,windows,O-T2X-R,5.084505081176758,26.957149848483255,4.13031005859375,6.567282199859619
94,windows,ABL-ET2X-R-PreviousRawEdge-CatmullRomRGB-Fixed080,6.980045795440674,24.067439180988398,3.7058517932891846,3.867250442504883
94,windows,ABL-ET2X-R-PreviousRawEdge-CatmullRomRGB-Fixed080-EncodedGamma2Blend,6.952588081359863,24.022564463898416,3.6282570362091064,3.8144943714141846
95,chairs,O-T2X-R,2.847412109375,32.16477351484799,2.058955669403076,3.114497423171997
95,chairs,ABL-ET2X-R-PreviousRawEdge-CatmullRomRGB-Fixed080,3.350862741470337,30.929799138152436,1.485703468322754,1.738477349281311
95,chairs,ABL-ET2X-R-PreviousRawEdge-CatmullRomRGB-Fixed080-EncodedGamma2Blend,3.342024803161621,30.980266120906244,1.4740937948226929,1.7374143600463867
95,thin-chair,O-T2X-R,4.270863056182861,29.929773221345755,2.9269912242889404,4.536620616912842
95,thin-chair,ABL-ET2X-R-PreviousRawEdge-CatmullRomRGB-Fixed080,5.077059745788574,28.6056258500572,2.0171051025390625,2.292123317718506
95,thin-chair,ABL-ET2X-R-PreviousRawEdge-CatmullRomRGB-Fixed080-EncodedGamma2Blend,5.058564186096191,28.65806250218308,1.9987900257110596,2.293849468231201
95,windows,O-T2X-R,5.809732913970947,25.816783037934755,5.0890350341796875,7.938195705413818
95,windows,ABL-ET2X-R-PreviousRawEdge-CatmullRomRGB-Fixed080,7.337255954742432,23.517933847317106,3.476004123687744,3.6140923500061035
95,windows,ABL-ET2X-R-PreviousRawEdge-CatmullRomRGB-Fixed080-EncodedGamma2Blend,7.311718940734863,23.496468458079608,3.4078469276428223,3.5321247577667236
96,chairs,O-T2X-R,2.9240071773529053,31.91105126778193,2.0517325401306152,3.501850128173828
96,chairs,ABL-ET2X-R-PreviousRawEdge-CatmullRomRGB-Fixed080,3.4149413108825684,30.800935080653492,1.510118007659912,1.7624614238739014
96,chairs,ABL-ET2X-R-PreviousRawEdge-CatmullRomRGB-Fixed080-EncodedGamma2Blend,3.4053874015808105,30.840853359409373,1.5028066635131836,1.7583004236221313
96,thin-chair,O-T2X-R,4.415335178375244,29.61994903575151,2.8439712524414062,4.943845748901367
96,thin-chair,ABL-ET2X-R-PreviousRawEdge-CatmullRomRGB-Fixed080,5.164358615875244,28.491936468764912,2.0040037631988525,2.3337953090667725
96,thin-chair,ABL-ET2X-R-PreviousRawEdge-CatmullRomRGB-Fixed080-EncodedGamma2Blend,5.1498284339904785,28.530073593990565,1.9916343688964844,2.329533338546753
96,windows,O-T2X-R,5.50830078125,25.68128735949884,3.857020616531372,6.565695285797119
96,windows,ABL-ET2X-R-PreviousRawEdge-CatmullRomRGB-Fixed080,7.102783203125,24.005112345238135,3.8232529163360596,3.916332721710205
96,windows,ABL-ET2X-R-PreviousRawEdge-CatmullRomRGB-Fixed080-EncodedGamma2Blend,7.093652248382568,23.94831581322636,3.7484657764434814,3.8285865783691406
97,chairs,O-T2X-R,2.8919270038604736,32.045292489745975,2.0466628074645996,3.110907793045044
97,chairs,ABL-ET2X-R-PreviousRawEdge-CatmullRomRGB-Fixed080,3.374544382095337,30.886332908002746,1.499434471130371,1.7890844345092773
97,chairs,ABL-ET2X-R-PreviousRawEdge-CatmullRomRGB-Fixed080-EncodedGamma2Blend,3.3665852546691895,30.930809191755785,1.4932053089141846,1.7932579517364502
97,thin-chair,O-T2X-R,4.376331806182861,29.725338549508038,2.870231866836548,4.500727653503418
97,thin-chair,ABL-ET2X-R-PreviousRawEdge-CatmullRomRGB-Fixed080,5.085760116577148,28.582387963745898,1.976280689239502,2.336895227432251
97,thin-chair,ABL-ET2X-R-PreviousRawEdge-CatmullRomRGB-Fixed080-EncodedGamma2Blend,5.069010257720947,28.626988432127,1.9636664390563965,2.3412046432495117
97,windows,O-T2X-R,5.764176368713379,25.820068249651747,5.260288715362549,7.829362392425537
97,windows,ABL-ET2X-R-PreviousRawEdge-CatmullRomRGB-Fixed080,7.214859962463379,23.667379082146503,3.8345019817352295,3.7822349071502686
97,windows,ABL-ET2X-R-PreviousRawEdge-CatmullRomRGB-Fixed080-EncodedGamma2Blend,7.184179782867432,23.676722508625645,3.776979446411133,3.720954179763794
98,chairs,O-T2X-R,2.9591634273529053,31.89902945726702,2.1798393726348877,3.5642027854919434
98,chairs,ABL-ET2X-R-PreviousRawEdge-CatmullRomRGB-Fixed080,3.340559959411621,30.999933432186864,1.5278571844100952,1.7873207330703735
98,chairs,ABL-ET2X-R-PreviousRawEdge-CatmullRomRGB-Fixed080-EncodedGamma2Blend,3.3303873538970947,31.050271512956442,1.5155925750732422,1.7870690822601318
98,thin-chair,O-T2X-R,4.455433368682861,29.628974922592455,3.124241828918457,5.106662273406982
98,thin-chair,ABL-ET2X-R-PreviousRawEdge-CatmullRomRGB-Fixed080,5.062263488769531,28.68162119291412,2.0241363048553467,2.354018211364746
98,thin-chair,ABL-ET2X-R-PreviousRawEdge-CatmullRomRGB-Fixed080-EncodedGamma2Blend,5.041133880615234,28.7347691024935,2.0075178146362305,2.3578200340270996
98,windows,O-T2X-R,5.553499221801758,25.94993274036168,4.006038188934326,6.5875678062438965
98,windows,ABL-ET2X-R-PreviousRawEdge-CatmullRomRGB-Fixed080,7.427815914154053,23.637586792368875,3.6113860607147217,3.959723949432373
98,windows,ABL-ET2X-R-PreviousRawEdge-CatmullRomRGB-Fixed080-EncodedGamma2Blend,7.403776168823242,23.616379530908116,3.5599818229675293,3.8949904441833496
99,chairs,O-T2X-R,2.94921875,31.979179845958676,1.9810593128204346,3.165560245513916
99,chairs,ABL-ET2X-R-PreviousRawEdge-CatmullRomRGB-Fixed080,3.356250047683716,31.00135969034316,1.503838300704956,1.787476897239685
99,chairs,ABL-ET2X-R-PreviousRawEdge-CatmullRomRGB-Fixed080-EncodedGamma2Blend,3.3470377922058105,31.05044446553304,1.494720697402954,1.784288763999939
99,thin-chair,O-T2X-R,4.413411617279053,29.770889301161716,2.809429168701172,4.613223075866699
99,thin-chair,ABL-ET2X-R-PreviousRawEdge-CatmullRomRGB-Fixed080,5.0962653160095215,28.691113440547234,1.9443602561950684,2.306415319442749
99,thin-chair,ABL-ET2X-R-PreviousRawEdge-CatmullRomRGB-Fixed080-EncodedGamma2Blend,5.077651500701904,28.743113087332567,1.9307864904403687,2.306551218032837
99,windows,O-T2X-R,5.6693196296691895,26.00480138995422,5.391448020935059,8.047536849975586
99,windows,ABL-ET2X-R-PreviousRawEdge-CatmullRomRGB-Fixed080,7.425943851470947,23.6347603527738,3.9198474884033203,3.80700421333313
99,windows,ABL-ET2X-R-PreviousRawEdge-CatmullRomRGB-Fixed080-EncodedGamma2Blend,7.392138481140137,23.601542529110695,3.8436903953552246,3.7462756633758545
100,chairs,O-T2X-R,2.98095703125,31.873285879521607,2.1006879806518555,3.4826436042785645
100,chairs,ABL-ET2X-R-PreviousRawEdge-CatmullRomRGB-Fixed080,3.3889811038970947,30.939003090466702,1.4863231182098389,1.7414554357528687
100,chairs,ABL-ET2X-R-PreviousRawEdge-CatmullRomRGB-Fixed080-EncodedGamma2Blend,3.3846192359924316,30.984596307926147,1.4747787714004517,1.737768530845642
100,thin-chair,O-T2X-R,4.459872245788574,29.691582290717676,2.9133875370025635,4.893126964569092
100,thin-chair,ABL-ET2X-R-PreviousRawEdge-CatmullRomRGB-Fixed080,5.129705429077148,28.646449182550093,1.9288798570632935,2.222482442855835
100,thin-chair,ABL-ET2X-R-PreviousRawEdge-CatmullRomRGB-Fixed080-EncodedGamma2Blend,5.120945930480957,28.69310844043646,1.91102135181427,2.220510721206665
100,windows,O-T2X-R,5.677083492279053,25.637085837426966,4.174475193023682,6.425185203552246
100,windows,ABL-ET2X-R-PreviousRawEdge-CatmullRomRGB-Fixed080,7.610595703125,23.52739481101164,3.8907370567321777,4.154690742492676
100,windows,ABL-ET2X-R-PreviousRawEdge-CatmullRomRGB-Fixed080-EncodedGamma2Blend,7.607421875,23.486360345418262,3.819810390472412,4.058117389678955
101,chairs,O-T2X-R,2.896988868713379,32.071662237140266,2.0590806007385254,3.1653733253479004
101,chairs,ABL-ET2X-R-PreviousRawEdge-CatmullRomRGB-Fixed080,3.4197754859924316,30.84775322683032,1.4850919246673584,1.7484800815582275
101,chairs,ABL-ET2X-R-PreviousRawEdge-CatmullRomRGB-Fixed080-EncodedGamma2Blend,3.4154133796691895,30.890450297214187,1.474679946899414,1.748165488243103
101,thin-chair,O-T2X-R,4.386541366577148,29.761360383988325,2.87104868888855,4.482313632965088
101,thin-chair,ABL-ET2X-R-PreviousRawEdge-CatmullRomRGB-Fixed080,5.21132230758667,28.510317307698195,1.9297760725021362,2.2440011501312256
101,thin-chair,ABL-ET2X-R-PreviousRawEdge-CatmullRomRGB-Fixed080-EncodedGamma2Blend,5.201852321624756,28.555659613391363,1.9124140739440918,2.2438852787017822
101,windows,O-T2X-R,5.6695637702941895,26.22924458319172,5.704518795013428,8.419160842895508
101,windows,ABL-ET2X-R-PreviousRawEdge-CatmullRomRGB-Fixed080,7.293733596801758,23.784566429483057,4.138969421386719,4.236372947692871
101,windows,ABL-ET2X-R-PreviousRawEdge-CatmullRomRGB-Fixed080-EncodedGamma2Blend,7.272005081176758,23.74702590885226,4.091318607330322,4.1816277503967285
102,chairs,O-T2X-R,2.930371046066284,31.97467605083864,2.118213176727295,3.606362819671631
102,chairs,ABL-ET2X-R-PreviousRawEdge-CatmullRomRGB-Fixed080,3.4105143547058105,30.813811916048422,1.4823180437088013,1.748199462890625
102,chairs,ABL-ET2X-R-PreviousRawEdge-CatmullRomRGB-Fixed080-EncodedGamma2Blend,3.3988280296325684,30.867780161350463,1.4727790355682373,1.7435617446899414
102,thin-chair,O-T2X-R,4.407403945922852,29.711656440020306,2.990384817123413,5.079742908477783
102,thin-chair,ABL-ET2X-R-PreviousRawEdge-CatmullRomRGB-Fixed080,5.207652568817139,28.469993482619294,1.9186370372772217,2.2428290843963623
102,thin-chair,ABL-ET2X-R-PreviousRawEdge-CatmullRomRGB-Fixed080-EncodedGamma2Blend,5.185369491577148,28.528077650200053,1.9052116870880127,2.2405898571014404
102,windows,O-T2X-R,5.653515815734863,25.81754001549909,4.290677070617676,6.654088497161865
102,windows,ABL-ET2X-R-PreviousRawEdge-CatmullRomRGB-Fixed080,7.3828125,23.589175510263395,3.899540662765503,3.9487037658691406
102,windows,ABL-ET2X-R-PreviousRawEdge-CatmullRomRGB-Fixed080-EncodedGamma2Blend,7.383024215698242,23.530361739776218,3.8246161937713623,3.890960693359375
103,chairs,O-T2X-R,2.957568407058716,31.801924084687002,1.9413009881973267,3.0899429321289062
103,chairs,ABL-ET2X-R-PreviousRawEdge-CatmullRomRGB-Fixed080,3.4071125984191895,30.802620486490273,1.5170433521270752,1.7270551919937134
103,chairs,ABL-ET2X-R-PreviousRawEdge-CatmullRomRGB-Fixed080-EncodedGamma2Blend,3.391845703125,30.859616939177354,1.5093003511428833,1.7267494201660156
103,thin-chair,O-T2X-R,4.4261956214904785,29.553717719031418,2.676841974258423,4.465908527374268
103,thin-chair,ABL-ET2X-R-PreviousRawEdge-CatmullRomRGB-Fixed080,5.188387870788574,28.461532202312057,1.9511668682098389,2.2248947620391846
103,thin-chair,ABL-ET2X-R-PreviousRawEdge-CatmullRomRGB-Fixed080-EncodedGamma2Blend,5.161103248596191,28.522023526546118,1.9395164251327515,2.22572922706604
103,windows,O-T2X-R,6.064143657684326,25.58178047084251,5.7969536781311035,8.636439323425293
103,windows,ABL-ET2X-R-PreviousRawEdge-CatmullRomRGB-Fixed080,7.7642741203308105,23.133623262877954,3.9203643798828125,4.012325286865234
103,windows,ABL-ET2X-R-PreviousRawEdge-CatmullRomRGB-Fixed080-EncodedGamma2Blend,7.772135257720947,23.07362670661226,3.8615918159484863,3.929107189178467
104,chairs,O-T2X-R,2.943863868713379,31.938241146051247,2.08449125289917,3.420876979827881
104,chairs,ABL-ET2X-R-PreviousRawEdge-CatmullRomRGB-Fixed080,3.3826334476470947,30.87524030914549,1.507261872291565,1.772208571434021
104,chairs,ABL-ET2X-R-PreviousRawEdge-CatmullRomRGB-Fixed080-EncodedGamma2Blend,3.369140625,30.92967384475537,1.5023163557052612,1.7760041952133179
104,thin-chair,O-T2X-R,4.4055399894714355,29.68369498969864,2.965545415878296,4.844025135040283
104,thin-chair,ABL-ET2X-R-PreviousRawEdge-CatmullRomRGB-Fixed080,5.153823375701904,28.53221436963966,1.9716606140136719,2.2623302936553955
104,thin-chair,ABL-ET2X-R-PreviousRawEdge-CatmullRomRGB-Fixed080-EncodedGamma2Blend,5.1265387535095215,28.59091253481106,1.9634264707565308,2.2714219093322754
104,windows,O-T2X-R,6.156900882720947,25.081729191061196,4.420777320861816,7.093523979187012
104,windows,ABL-ET2X-R-PreviousRawEdge-CatmullRomRGB-Fixed080,7.979508399963379,22.981276093477476,3.8786208629608154,4.0981597900390625
104,windows,ABL-ET2X-R-PreviousRawEdge-CatmullRomRGB-Fixed080-EncodedGamma2Blend,7.970524311065674,22.90837923721664,3.8099021911621094,4.05010461807251
105,chairs,O-T2X-R,2.910937547683716,32.17561879256863,1.9584591388702393,3.07132887840271
105,chairs,ABL-ET2X-R-PreviousRawEdge-CatmullRomRGB-Fixed080,3.3965821266174316,30.841854687210663,1.4671694040298462,1.7440528869628906
105,chairs,ABL-ET2X-R-PreviousRawEdge-CatmullRomRGB-Fixed080-EncodedGamma2Blend,3.382112741470337,30.890797160191358,1.4614230394363403,1.749319314956665
105,thin-chair,O-T2X-R,4.3482184410095215,29.95754782522665,2.796412467956543,4.49500846862793
105,thin-chair,ABL-ET2X-R-PreviousRawEdge-CatmullRomRGB-Fixed080,5.175544738769531,28.499381184623154,1.906365156173706,2.2538321018218994
105,thin-chair,ABL-ET2X-R-PreviousRawEdge-CatmullRomRGB-Fixed080-EncodedGamma2Blend,5.146928310394287,28.55260490795334,1.8983830213546753,2.26611328125
105,windows,O-T2X-R,6.048990726470947,25.758273254646326,6.0541672706604,9.007794380187988
105,windows,ABL-ET2X-R-PreviousRawEdge-CatmullRomRGB-Fixed080,8.260514259338379,22.721899750134675,3.90685772895813,3.8016650676727295
105,windows,ABL-ET2X-R-PreviousRawEdge-CatmullRomRGB-Fixed080-EncodedGamma2Blend,8.277408599853516,22.635070061101075,3.818272113800049,3.7144272327423096
106,chairs,O-T2X-R,2.9413249492645264,32.00745500363774,2.1139326095581055,3.4563450813293457
106,chairs,ABL-ET2X-R-PreviousRawEdge-CatmullRomRGB-Fixed080,3.4224283695220947,30.724943752405323,1.4824966192245483,1.6890547275543213
106,chairs,ABL-ET2X-R-PreviousRawEdge-CatmullRomRGB-Fixed080-EncodedGamma2Blend,3.412060499191284,30.772267144263516,1.4775278568267822,1.6926515102386475
106,thin-chair,O-T2X-R,4.3620381355285645,29.839773039721468,2.9231293201446533,4.909679889678955
106,thin-chair,ABL-ET2X-R-PreviousRawEdge-CatmullRomRGB-Fixed080,5.20975399017334,28.375764698911038,1.9120049476623535,2.1750786304473877
106,thin-chair,ABL-ET2X-R-PreviousRawEdge-CatmullRomRGB-Fixed080-EncodedGamma2Blend,5.18690824508667,28.42572094386728,1.9013047218322754,2.1795332431793213
106,windows,O-T2X-R,5.9625163078308105,25.592898901120034,4.284306526184082,7.200392246246338
106,windows,ABL-ET2X-R-PreviousRawEdge-CatmullRomRGB-Fixed080,8.200732231140137,23.069820869706383,4.269124984741211,4.174455642700195
106,windows,ABL-ET2X-R-PreviousRawEdge-CatmullRomRGB-Fixed080-EncodedGamma2Blend,8.211474418640137,22.97262484963161,4.193466663360596,4.079023838043213
107,chairs,O-T2X-R,2.8532063961029053,32.35280304747245,2.0297021865844727,3.165437698364258
107,chairs,ABL-ET2X-R-PreviousRawEdge-CatmullRomRGB-Fixed080,3.395719289779663,30.771332244158806,1.448828101158142,1.6828635931015015
107,chairs,ABL-ET2X-R-PreviousRawEdge-CatmullRomRGB-Fixed080-EncodedGamma2Blend,3.385058641433716,30.824739282844753,1.4400585889816284,1.6848722696304321
107,thin-chair,O-T2X-R,4.333836555480957,30.029632734059163,2.7569239139556885,4.463490009307861
107,thin-chair,ABL-ET2X-R-PreviousRawEdge-CatmullRomRGB-Fixed080,5.1822028160095215,28.413434362706802,1.9099704027175903,2.1683740615844727
107,thin-chair,ABL-ET2X-R-PreviousRawEdge-CatmullRomRGB-Fixed080-EncodedGamma2Blend,5.159505367279053,28.471176246445623,1.897799015045166,2.1740434169769287
107,windows,O-T2X-R,6.185709476470947,25.257420373020686,5.80545711517334,8.577940940856934
107,windows,ABL-ET2X-R-PreviousRawEdge-CatmullRomRGB-Fixed080,7.986360549926758,23.01362885275089,4.43203067779541,4.50924825668335
107,windows,ABL-ET2X-R-PreviousRawEdge-CatmullRomRGB-Fixed080-EncodedGamma2Blend,7.979296684265137,22.961961354096623,4.377559185028076,4.448575019836426
108,chairs,O-T2X-R,2.9110515117645264,32.186714629878196,2.0846590995788574,3.530036211013794
108,chairs,ABL-ET2X-R-PreviousRawEdge-CatmullRomRGB-Fixed080,3.4219400882720947,30.697505261217522,1.5214983224868774,1.7131048440933228
108,chairs,ABL-ET2X-R-PreviousRawEdge-CatmullRomRGB-Fixed080-EncodedGamma2Blend,3.411409616470337,30.74240346573252,1.5163042545318604,1.7111008167266846
108,thin-chair,O-T2X-R,4.402698993682861,29.892051860026633,2.9083850383758545,4.883550643920898
108,thin-chair,ABL-ET2X-R-PreviousRawEdge-CatmullRomRGB-Fixed080,5.23848819732666,28.317610828064485,2.000714063644409,2.231318950653076
108,thin-chair,ABL-ET2X-R-PreviousRawEdge-CatmullRomRGB-Fixed080-EncodedGamma2Blend,5.219253063201904,28.36262328086862,1.9934303760528564,2.2299413681030273
108,windows,O-T2X-R,6.380045413970947,24.674500108280554,4.306578636169434,6.993507385253906
108,windows,ABL-ET2X-R-PreviousRawEdge-CatmullRomRGB-Fixed080,8.402523040771484,22.73793136569351,4.127942085266113,4.633479595184326
108,windows,ABL-ET2X-R-PreviousRawEdge-CatmullRomRGB-Fixed080-EncodedGamma2Blend,8.403596878051758,22.680487502137225,4.054558277130127,4.576348781585693
109,chairs,O-T2X-R,2.9186360836029053,32.07980054057782,1.9899957180023193,3.120398998260498
109,chairs,ABL-ET2X-R-PreviousRawEdge-CatmullRomRGB-Fixed080,3.471940040588379,30.587850311876842,1.4811464548110962,1.7418851852416992
109,chairs,ABL-ET2X-R-PreviousRawEdge-CatmullRomRGB-Fixed080-EncodedGamma2Blend,3.4629883766174316,30.625960727292288,1.4758726358413696,1.747741937637329
109,thin-chair,O-T2X-R,4.39432430267334,29.814668922692583,2.8150410652160645,4.503213405609131
109,thin-chair,ABL-ET2X-R-PreviousRawEdge-CatmullRomRGB-Fixed080,5.26893949508667,28.241532687486234,1.9237580299377441,2.2741951942443848
109,thin-chair,ABL-ET2X-R-PreviousRawEdge-CatmullRomRGB-Fixed080-EncodedGamma2Blend,5.251094818115234,28.282224853448707,1.9169327020645142,2.286536693572998
109,windows,O-T2X-R,5.912923336029053,25.892792028510982,6.209176540374756,9.090843200683594
109,windows,ABL-ET2X-R-PreviousRawEdge-CatmullRomRGB-Fixed080,8.001432418823242,23.44883760138545,4.5846686363220215,4.583504676818848
109,windows,ABL-ET2X-R-PreviousRawEdge-CatmullRomRGB-Fixed080-EncodedGamma2Blend,8.009781837463379,23.35678794299017,4.519887924194336,4.503756046295166
110,chairs,O-T2X-R,3.01416015625,31.837902629733197,2.1229958534240723,3.479177951812744
110,chairs,ABL-ET2X-R-PreviousRawEdge-CatmullRomRGB-Fixed080,3.5184245109558105,30.464937253184978,1.5342004299163818,1.7782102823257446
110,chairs,ABL-ET2X-R-PreviousRawEdge-CatmullRomRGB-Fixed080-EncodedGamma2Blend,3.506070852279663,30.514381595492473,1.5313271284103394,1.785261869430542
110,thin-chair,O-T2X-R,4.46407413482666,29.668447583758887,3.0253326892852783,5.011941909790039
110,thin-chair,ABL-ET2X-R-PreviousRawEdge-CatmullRomRGB-Fixed080,5.364613056182861,28.11334595884302,1.9848518371582031,2.29449462890625
110,thin-chair,ABL-ET2X-R-PreviousRawEdge-CatmullRomRGB-Fixed080-EncodedGamma2Blend,5.339192867279053,28.16662035196332,1.9805076122283936,2.3073129653930664
110,windows,O-T2X-R,5.685856342315674,25.88567143574646,4.715391635894775,7.120497226715088
110,windows,ABL-ET2X-R-PreviousRawEdge-CatmullRomRGB-Fixed080,7.9390788078308105,23.08743673067965,4.223449230194092,4.433011531829834
110,windows,ABL-ET2X-R-PreviousRawEdge-CatmullRomRGB-Fixed080-EncodedGamma2Blend,7.934716701507568,23.04758557669093,4.166964054107666,4.386007785797119
111,chairs,O-T2X-R,2.956998586654663,32.155711921213815,2.076403856277466,3.228497266769409
111,chairs,ABL-ET2X-R-PreviousRawEdge-CatmullRomRGB-Fixed080,3.511702537536621,30.373124533481214,1.5264520645141602,1.841705083847046
111,chairs,ABL-ET2X-R-PreviousRawEdge-CatmullRomRGB-Fixed080-EncodedGamma2Blend,3.5001790523529053,30.413545183582407,1.5172182321548462,1.8437364101409912
111,thin-chair,O-T2X-R,4.414210319519043,29.98411394866414,2.927788734436035,4.656911849975586
111,thin-chair,ABL-ET2X-R-PreviousRawEdge-CatmullRomRGB-Fixed080,5.379557132720947,28.004827645819816,2.0028297901153564,2.3520619869232178
111,thin-chair,ABL-ET2X-R-PreviousRawEdge-CatmullRomRGB-Fixed080-EncodedGamma2Blend,5.3591084480285645,28.046471582854302,1.9901684522628784,2.3577966690063477
111,windows,O-T2X-R,6.108479976654053,25.73413411738977,6.455052375793457,9.39731502532959
111,windows,ABL-ET2X-R-PreviousRawEdge-CatmullRomRGB-Fixed080,8.686327934265137,22.330661428244074,4.0027031898498535,4.356758117675781
111,windows,ABL-ET2X-R-PreviousRawEdge-CatmullRomRGB-Fixed080-EncodedGamma2Blend,8.677603721618652,22.288653627917387,3.9365456104278564,4.28631067276001
112,chairs,O-T2X-R,2.947558641433716,32.00105177017144,2.136467456817627,3.614983320236206
112,chairs,ABL-ET2X-R-PreviousRawEdge-CatmullRomRGB-Fixed080,3.5765299797058105,30.164177338888862,1.5459015369415283,1.7881577014923096
112,chairs,ABL-ET2X-R-PreviousRawEdge-CatmullRomRGB-Fixed080-EncodedGamma2Blend,3.5629231929779053,30.208289258203322,1.5356695652008057,1.78782057762146
112,thin-chair,O-T2X-R,4.393406867980957,29.78093914034399,2.9785192012786865,5.112337112426758
112,thin-chair,ABL-ET2X-R-PreviousRawEdge-CatmullRomRGB-Fixed080,5.45291805267334,27.82477847375827,2.032815456390381,2.3463339805603027
112,thin-chair,ABL-ET2X-R-PreviousRawEdge-CatmullRomRGB-Fixed080-EncodedGamma2Blend,5.425840377807617,27.87275989490584,2.0160906314849854,2.349275827407837
112,windows,O-T2X-R,5.871891498565674,25.937082322101507,4.497792720794678,7.9815216064453125
112,windows,ABL-ET2X-R-PreviousRawEdge-CatmullRomRGB-Fixed080,8.180631637573242,23.12466975059892,4.663006782531738,4.564522743225098
112,windows,ABL-ET2X-R-PreviousRawEdge-CatmullRomRGB-Fixed080-EncodedGamma2Blend,8.176285743713379,23.037082417869655,4.599887847900391,4.494694232940674
113,chairs,O-T2X-R,2.932421922683716,32.199273913621745,2.1107969284057617,3.2613120079040527
113,chairs,ABL-ET2X-R-PreviousRawEdge-CatmullRomRGB-Fixed080,3.6009602546691895,30.083593086216563,1.5664876699447632,1.8170318603515625
113,chairs,ABL-ET2X-R-PreviousRawEdge-CatmullRomRGB-Fixed080-EncodedGamma2Blend,3.588639259338379,30.132009025705603,1.557620882987976,1.8156616687774658
113,thin-chair,O-T2X-R,4.425840377807617,29.883800240712514,2.8722763061523438,4.62495231628418
113,thin-chair,ABL-ET2X-R-PreviousRawEdge-CatmullRomRGB-Fixed080,5.496389865875244,27.729084514219338,2.021146297454834,2.391021490097046
113,thin-chair,ABL-ET2X-R-PreviousRawEdge-CatmullRomRGB-Fixed080-EncodedGamma2Blend,5.471738815307617,27.78144249106713,2.00810170173645,2.3924636840820312
113,windows,O-T2X-R,5.939030170440674,26.014276210903965,5.674381732940674,8.92527961730957
113,windows,ABL-ET2X-R-PreviousRawEdge-CatmullRomRGB-Fixed080,7.610758304595947,23.58621096435158,4.495833873748779,4.688343048095703
113,windows,ABL-ET2X-R-PreviousRawEdge-CatmullRomRGB-Fixed080-EncodedGamma2Blend,7.615266799926758,23.504175998853803,4.438050270080566,4.635841369628906
114,chairs,O-T2X-R,2.956770896911621,31.837424569882916,2.1295089721679688,3.6544337272644043
114,chairs,ABL-ET2X-R-PreviousRawEdge-CatmullRomRGB-Fixed080,3.606250047683716,30.067905924861847,1.5085487365722656,1.8492006063461304
114,chairs,ABL-ET2X-R-PreviousRawEdge-CatmullRomRGB-Fixed080-EncodedGamma2Blend,3.590380907058716,30.12229660770355,1.499541163444519,1.8465526103973389
114,thin-chair,O-T2X-R,4.496448993682861,29.51333953022301,2.9186644554138184,5.014052867889404
114,thin-chair,ABL-ET2X-R-PreviousRawEdge-CatmullRomRGB-Fixed080,5.524561882019043,27.685999527391726,1.9572705030441284,2.3262224197387695
114,thin-chair,ABL-ET2X-R-PreviousRawEdge-CatmullRomRGB-Fixed080-EncodedGamma2Blend,5.49961519241333,27.741725040284347,1.9452639818191528,2.325631618499756
114,windows,O-T2X-R,6.116145610809326,25.29522074303342,4.580772399902344,6.636567115783691
114,windows,ABL-ET2X-R-PreviousRawEdge-CatmullRomRGB-Fixed080,8.265933990478516,22.841094731513586,3.9380927085876465,4.416613578796387
114,windows,ABL-ET2X-R-PreviousRawEdge-CatmullRomRGB-Fixed080-EncodedGamma2Blend,8.258984565734863,22.79844687668429,3.8810386657714844,4.363598823547363
115,chairs,O-T2X-R,2.989225149154663,31.975457343119515,2.018156051635742,3.182908296585083
115,chairs,ABL-ET2X-R-PreviousRawEdge-CatmullRomRGB-Fixed080,3.6514322757720947,30.02597983573436,1.5727167129516602,1.8072788715362549
115,chairs,ABL-ET2X-R-PreviousRawEdge-CatmullRomRGB-Fixed080-EncodedGamma2Blend,3.6380696296691895,30.078414287400378,1.5676515102386475,1.811648964881897
115,thin-chair,O-T2X-R,4.513494491577148,29.66563946587884,2.897289991378784,4.594381332397461
115,thin-chair,ABL-ET2X-R-PreviousRawEdge-CatmullRomRGB-Fixed080,5.567027568817139,27.663213832538833,2.017735481262207,2.3209967613220215
115,thin-chair,ABL-ET2X-R-PreviousRawEdge-CatmullRomRGB-Fixed080-EncodedGamma2Blend,5.542051315307617,27.718621464071525,2.0080277919769287,2.3286211490631104
115,windows,O-T2X-R,5.601708889007568,26.569082971569774,6.152708530426025,9.237810134887695
115,windows,ABL-ET2X-R-PreviousRawEdge-CatmullRomRGB-Fixed080,8.080729484558105,23.217009674042085,4.543502330780029,4.522625923156738
115,windows,ABL-ET2X-R-PreviousRawEdge-CatmullRomRGB-Fixed080-EncodedGamma2Blend,8.089550971984863,23.13482120115086,4.483705520629883,4.456203460693359
116,chairs,O-T2X-R,3.0656087398529053,31.632606267019252,2.081333637237549,3.4757392406463623
116,chairs,ABL-ET2X-R-PreviousRawEdge-CatmullRomRGB-Fixed080,3.6460611820220947,30.094474619996575,1.5792946815490723,1.8489131927490234
116,chairs,ABL-ET2X-R-PreviousRawEdge-CatmullRomRGB-Fixed080-EncodedGamma2Blend,3.6344563961029053,30.142570366003625,1.5664572715759277,1.8420978784561157
116,thin-chair,O-T2X-R,4.59451961517334,29.370270496064435,2.9532811641693115,5.042448043823242
116,thin-chair,ABL-ET2X-R-PreviousRawEdge-CatmullRomRGB-Fixed080,5.546075820922852,27.7506013611116,2.0249509811401367,2.392437219619751
116,thin-chair,ABL-ET2X-R-PreviousRawEdge-CatmullRomRGB-Fixed080-EncodedGamma2Blend,5.522638320922852,27.802919241824636,2.0035781860351562,2.38318133354187
116,windows,O-T2X-R,5.670491695404053,25.970584594217577,4.204843044281006,6.8630690574646
116,windows,ABL-ET2X-R-PreviousRawEdge-CatmullRomRGB-Fixed080,7.755533695220947,23.502523361502703,4.4719648361206055,4.427891731262207
116,windows,ABL-ET2X-R-PreviousRawEdge-CatmullRomRGB-Fixed080-EncodedGamma2Blend,7.748616695404053,23.421912806413232,4.407065391540527,4.3822922706604
117,chairs,O-T2X-R,3.067887306213379,31.764650051685873,2.094226121902466,3.201007127761841
117,chairs,ABL-ET2X-R-PreviousRawEdge-CatmullRomRGB-Fixed080,3.6272785663604736,30.081834545790333,1.5108293294906616,1.8436429500579834
117,chairs,ABL-ET2X-R-PreviousRawEdge-CatmullRomRGB-Fixed080-EncodedGamma2Blend,3.6161458492279053,30.13055265486234,1.5074687004089355,1.848264455795288
117,thin-chair,O-T2X-R,4.568211555480957,29.585448511715708,2.950904607772827,4.655788898468018
117,thin-chair,ABL-ET2X-R-PreviousRawEdge-CatmullRomRGB-Fixed080,5.5498046875,27.707401127516857,1.967421054840088,2.322273015975952
117,thin-chair,ABL-ET2X-R-PreviousRawEdge-CatmullRomRGB-Fixed080-EncodedGamma2Blend,5.525420188903809,27.758813618452677,1.963577151298523,2.3278486728668213
117,windows,O-T2X-R,5.803401470184326,25.997983146820975,5.654821872711182,8.42633056640625
117,windows,ABL-ET2X-R-PreviousRawEdge-CatmullRomRGB-Fixed080,7.963395118713379,23.196452011510893,4.191599369049072,4.610259056091309
117,windows,ABL-ET2X-R-PreviousRawEdge-CatmullRomRGB-Fixed080-EncodedGamma2Blend,7.960270404815674,23.141459049473653,4.136153697967529,4.552407264709473
118,chairs,O-T2X-R,3.054882764816284,31.70778809158685,2.1686975955963135,3.616115093231201
118,chairs,ABL-ET2X-R-PreviousRawEdge-CatmullRomRGB-Fixed080,3.6978352069854736,29.938896975054323,1.552516222000122,1.7883384227752686
118,chairs,ABL-ET2X-R-PreviousRawEdge-CatmullRomRGB-Fixed080-EncodedGamma2Blend,3.6903157234191895,29.975429325629463,1.5429401397705078,1.78569757938385
118,thin-chair,O-T2X-R,4.559866428375244,29.51271229483148,2.9634511470794678,5.100930213928223
118,thin-chair,ABL-ET2X-R-PreviousRawEdge-CatmullRomRGB-Fixed080,5.627041816711426,27.574346827650903,2.039306163787842,2.331472873687744
118,thin-chair,ABL-ET2X-R-PreviousRawEdge-CatmullRomRGB-Fixed080-EncodedGamma2Blend,5.607421875,27.614594726648104,2.0258429050445557,2.3317413330078125
118,windows,O-T2X-R,6.295914649963379,24.53253010189378,4.194039344787598,6.571576118469238
118,windows,ABL-ET2X-R-PreviousRawEdge-CatmullRomRGB-Fixed080,8.218213081359863,22.76535981226855,3.9847495555877686,4.124659538269043
118,windows,ABL-ET2X-R-PreviousRawEdge-CatmullRomRGB-Fixed080-EncodedGamma2Blend,8.214615821838379,22.723679223544593,3.943434476852417,4.072025775909424
119,chairs,O-T2X-R,2.970003366470337,32.02936973836286,2.1464178562164307,3.387423038482666
119,chairs,ABL-ET2X-R-PreviousRawEdge-CatmullRomRGB-Fixed080,3.637158155441284,30.099122065945963,1.5145671367645264,1.8440392017364502
119,chairs,ABL-ET2X-R-PreviousRawEdge-CatmullRomRGB-Fixed080-EncodedGamma2Blend,3.630892038345337,30.140830420987417,1.5102161169052124,1.8456618785858154
119,thin-chair,O-T2X-R,4.459220886230469,29.75246453373265,2.981912136077881,4.782223701477051
119,thin-chair,ABL-ET2X-R-PreviousRawEdge-CatmullRomRGB-Fixed080,5.556640625,27.722830203211856,1.9897528886795044,2.422368049621582
119,thin-chair,ABL-ET2X-R-PreviousRawEdge-CatmullRomRGB-Fixed080-EncodedGamma2Blend,5.541518688201904,27.767642074913613,1.9808106422424316,2.4266357421875
119,windows,O-T2X-R,5.849560737609863,25.88788182540948,5.9649248123168945,8.817388534545898
119,windows,ABL-ET2X-R-PreviousRawEdge-CatmullRomRGB-Fixed080,7.894937992095947,23.370721118864303,4.25566291809082,4.150719165802002
119,windows,ABL-ET2X-R-PreviousRawEdge-CatmullRomRGB-Fixed080-EncodedGamma2Blend,7.909635543823242,23.268629867034733,4.18802547454834,4.095063209533691
120,chairs,O-T2X-R,3.033968210220337,31.782976653854913,2.160094738006592,3.675363063812256
120,chairs,ABL-ET2X-R-PreviousRawEdge-CatmullRomRGB-Fixed080,3.6590819358825684,30.12403097685167,1.6404962539672852,1.8743903636932373
120,chairs,ABL-ET2X-R-PreviousRawEdge-CatmullRomRGB-Fixed080-EncodedGamma2Blend,3.648226022720337,30.167112425301177,1.6341297626495361,1.8778425455093384
120,thin-chair,O-T2X-R,4.539535999298096,29.54137227039674,2.9931604862213135,5.169844150543213
120,thin-chair,ABL-ET2X-R-PreviousRawEdge-CatmullRomRGB-Fixed080,5.55430269241333,27.762349483397454,2.1320643424987793,2.4536707401275635
120,thin-chair,ABL-ET2X-R-PreviousRawEdge-CatmullRomRGB-Fixed080-EncodedGamma2Blend,5.535274505615234,27.806473378860012,2.122941017150879,2.458489418029785
120,windows,O-T2X-R,5.770751953125,25.5994006579235,4.383472919464111,6.87560510635376
120,windows,ABL-ET2X-R-PreviousRawEdge-CatmullRomRGB-Fixed080,7.600830078125,23.454262877652194,4.281898021697998,4.221714496612549
120,windows,ABL-ET2X-R-PreviousRawEdge-CatmullRomRGB-Fixed080-EncodedGamma2Blend,7.582487106323242,23.409562612507095,4.234950065612793,4.173089027404785
121,chairs,O-T2X-R,2.992871046066284,32.02454153374766,2.1980957984924316,3.3762574195861816
121,chairs,ABL-ET2X-R-PreviousRawEdge-CatmullRomRGB-Fixed080,3.624283790588379,30.317500218107373,1.6075325012207031,1.9449679851531982
121,chairs,ABL-ET2X-R-PreviousRawEdge-CatmullRomRGB-Fixed080-EncodedGamma2Blend,3.6141927242279053,30.356957905828367,1.604811429977417,1.9569603204727173
121,thin-chair,O-T2X-R,4.4951171875,29.737641873766467,2.9840261936187744,4.784792900085449
121,thin-chair,ABL-ET2X-R-PreviousRawEdge-CatmullRomRGB-Fixed080,5.456705570220947,27.991836898274343,2.0779786109924316,2.5246965885162354
121,thin-chair,ABL-ET2X-R-PreviousRawEdge-CatmullRomRGB-Fixed080-EncodedGamma2Blend,5.436020374298096,28.033743041909048,2.0713112354278564,2.5442326068878174
121,windows,O-T2X-R,5.654085159301758,26.03963341639165,6.005336761474609,9.012628555297852
121,windows,ABL-ET2X-R-PreviousRawEdge-CatmullRomRGB-Fixed080,7.815706253051758,23.077480593547026,4.189394950866699,4.737113952636719
121,windows,ABL-ET2X-R-PreviousRawEdge-CatmullRomRGB-Fixed080-EncodedGamma2Blend,7.806868553161621,23.01981547327432,4.110954761505127,4.681849479675293
122,chairs,O-T2X-R,3.088916063308716,31.61960953270084,2.086202621459961,3.594189405441284
122,chairs,ABL-ET2X-R-PreviousRawEdge-CatmullRomRGB-Fixed080,3.5321614742279053,30.637159837727282,1.5959564447402954,1.9005578756332397
122,chairs,ABL-ET2X-R-PreviousRawEdge-CatmullRomRGB-Fixed080-EncodedGamma2Blend,3.5142903327941895,30.68700282760863,1.5919153690338135,1.9066276550292969
122,thin-chair,O-T2X-R,4.620590686798096,29.379617131112134,2.9008262157440186,5.011907577514648
122,thin-chair,ABL-ET2X-R-PreviousRawEdge-CatmullRomRGB-Fixed080,5.337387561798096,28.31030733731965,2.0923614501953125,2.4642179012298584
122,thin-chair,ABL-ET2X-R-PreviousRawEdge-CatmullRomRGB-Fixed080-EncodedGamma2Blend,5.3093037605285645,28.3611147195397,2.0905797481536865,2.4759178161621094
122,windows,O-T2X-R,5.4246907234191895,26.25967466204716,4.270771503448486,7.0216827392578125
122,windows,ABL-ET2X-R-PreviousRawEdge-CatmullRomRGB-Fixed080,7.670491695404053,23.38764883907444,4.201858043670654,4.28795862197876
122,windows,ABL-ET2X-R-PreviousRawEdge-CatmullRomRGB-Fixed080-EncodedGamma2Blend,7.681542873382568,23.310918778546036,4.134488105773926,4.199008941650391
123,chairs,O-T2X-R,3.0650227069854736,31.79411221028467,2.0655946731567383,3.2480685710906982
123,chairs,ABL-ET2X-R-PreviousRawEdge-CatmullRomRGB-Fixed080,3.5205729007720947,30.66593128540076,1.5793235301971436,1.8864036798477173
123,chairs,ABL-ET2X-R-PreviousRawEdge-CatmullRomRGB-Fixed080-EncodedGamma2Blend,3.5086913108825684,30.706309107643488,1.5725581645965576,1.8921445608139038
123,thin-chair,O-T2X-R,4.573390007019043,29.564928684746672,2.8422272205352783,4.539841175079346
123,thin-chair,ABL-ET2X-R-PreviousRawEdge-CatmullRomRGB-Fixed080,5.325698375701904,28.32860370984524,2.0194268226623535,2.4141061305999756
123,thin-chair,ABL-ET2X-R-PreviousRawEdge-CatmullRomRGB-Fixed080-EncodedGamma2Blend,5.305960178375244,28.37109100720809,2.0079147815704346,2.428851366043091
123,windows,O-T2X-R,5.658626079559326,26.21125268184983,5.3964643478393555,8.229966163635254
123,windows,ABL-ET2X-R-PreviousRawEdge-CatmullRomRGB-Fixed080,7.311539649963379,23.878659667603586,4.236176490783691,4.518352508544922
123,windows,ABL-ET2X-R-PreviousRawEdge-CatmullRomRGB-Fixed080-EncodedGamma2Blend,7.3079915046691895,23.800255412425212,4.1931304931640625,4.4648895263671875
124,chairs,O-T2X-R,3.086409568786621,31.698627737649524,2.079796552658081,3.4821102619171143
124,chairs,ABL-ET2X-R-PreviousRawEdge-CatmullRomRGB-Fixed080,3.4974608421325684,30.768540610696277,1.5275174379348755,1.8059219121932983
124,chairs,ABL-ET2X-R-PreviousRawEdge-CatmullRomRGB-Fixed080-EncodedGamma2Blend,3.485644578933716,30.812057964619427,1.5195910930633545,1.8056285381317139
124,thin-chair,O-T2X-R,4.630977630615234,29.472534908539917,2.8850793838500977,4.920273780822754
124,thin-chair,ABL-ET2X-R-PreviousRawEdge-CatmullRomRGB-Fixed080,5.250325679779053,28.481977181687498,1.9440127611160278,2.281216621398926
124,thin-chair,ABL-ET2X-R-PreviousRawEdge-CatmullRomRGB-Fixed080-EncodedGamma2Blend,5.226029872894287,28.530875352917306,1.9367790222167969,2.288839101791382
124,windows,O-T2X-R,5.574658393859863,25.815598823341933,4.275504112243652,6.222769737243652
124,windows,ABL-ET2X-R-PreviousRawEdge-CatmullRomRGB-Fixed080,7.337174415588379,23.868306268998577,4.033237457275391,4.235576152801514
124,windows,ABL-ET2X-R-PreviousRawEdge-CatmullRomRGB-Fixed080-EncodedGamma2Blend,7.347574710845947,23.79276064027806,3.966155529022217,4.173647403717041
125,chairs,O-T2X-R,3.110628366470337,31.76080994121633,2.117206573486328,3.2308144569396973
125,chairs,ABL-ET2X-R-PreviousRawEdge-CatmullRomRGB-Fixed080,3.489974021911621,30.76728485443608,1.596088171005249,1.8426990509033203
125,chairs,ABL-ET2X-R-PreviousRawEdge-CatmullRomRGB-Fixed080-EncodedGamma2Blend,3.4845540523529053,30.812400158410597,1.588836908340454,1.8415195941925049
125,thin-chair,O-T2X-R,4.591974258422852,29.603582770107405,2.8936874866485596,4.543704509735107
125,thin-chair,ABL-ET2X-R-PreviousRawEdge-CatmullRomRGB-Fixed080,5.231415748596191,28.47288915556671,2.047995090484619,2.351260185241699
125,thin-chair,ABL-ET2X-R-PreviousRawEdge-CatmullRomRGB-Fixed080-EncodedGamma2Blend,5.220939636230469,28.52207392459193,2.03637957572937,2.35439133644104
125,windows,O-T2X-R,5.3973469734191895,26.62714680337767,6.208716869354248,8.862469673156738
125,windows,ABL-ET2X-R-PreviousRawEdge-CatmullRomRGB-Fixed080,7.206526756286621,23.809161782303555,4.275031089782715,4.417037010192871
125,windows,ABL-ET2X-R-PreviousRawEdge-CatmullRomRGB-Fixed080-EncodedGamma2Blend,7.183821678161621,23.76036490529479,4.224039554595947,4.37069034576416
126,chairs,O-T2X-R,3.0746419429779053,31.6729203972853,2.1874732971191406,3.683354139328003
126,chairs,ABL-ET2X-R-PreviousRawEdge-CatmullRomRGB-Fixed080,3.5215656757354736,30.76019922467892,1.5349024534225464,1.8940181732177734
126,chairs,ABL-ET2X-R-PreviousRawEdge-CatmullRomRGB-Fixed080-EncodedGamma2Blend,3.5110514163970947,30.804574537223402,1.5236914157867432,1.8915684223175049
126,thin-chair,O-T2X-R,4.63790225982666,29.376432992126613,2.9598569869995117,5.06557035446167
126,thin-chair,ABL-ET2X-R-PreviousRawEdge-CatmullRomRGB-Fixed080,5.266838073730469,28.45591180125938,1.919185996055603,2.3584811687469482
126,thin-chair,ABL-ET2X-R-PreviousRawEdge-CatmullRomRGB-Fixed080-EncodedGamma2Blend,5.247691631317139,28.503471151899294,1.9036329984664917,2.3585522174835205
126,windows,O-T2X-R,5.143620014190674,27.00149540809212,4.185698509216309,6.873289585113525
126,windows,ABL-ET2X-R-PreviousRawEdge-CatmullRomRGB-Fixed080,7.236734867095947,23.89505371845413,3.951706647872925,4.224533557891846
126,windows,ABL-ET2X-R-PreviousRawEdge-CatmullRomRGB-Fixed080-EncodedGamma2Blend,7.235286235809326,23.837210386082432,3.8777594566345215,4.162850379943848
127,chairs,O-T2X-R,3.0491535663604736,31.864256159233527,2.070974111557007,3.293102264404297
127,chairs,ABL-ET2X-R-PreviousRawEdge-CatmullRomRGB-Fixed080,3.5204427242279053,30.74941347105966,1.5912904739379883,1.8308804035186768
127,chairs,ABL-ET2X-R-PreviousRawEdge-CatmullRomRGB-Fixed080-EncodedGamma2Blend,3.5157063007354736,30.787359877878814,1.586761713027954,1.8298832178115845
127,thin-chair,O-T2X-R,4.568211555480957,29.60367114121956,2.886390447616577,4.65604829788208
127,thin-chair,ABL-ET2X-R-PreviousRawEdge-CatmullRomRGB-Fixed080,5.290127754211426,28.44533571631507,2.0060107707977295,2.3040244579315186
127,thin-chair,ABL-ET2X-R-PreviousRawEdge-CatmullRomRGB-Fixed080-EncodedGamma2Blend,5.274887561798096,28.48822428748933,1.9980822801589966,2.3061304092407227
127,windows,O-T2X-R,5.687906742095947,26.069710178211256,5.314227104187012,7.7669782638549805
127,windows,ABL-ET2X-R-PreviousRawEdge-CatmullRomRGB-Fixed080,7.011914253234863,24.294280120926995,4.5104498863220215,4.576259136199951
127,windows,ABL-ET2X-R-PreviousRawEdge-CatmullRomRGB-Fixed080-EncodedGamma2Blend,6.996760845184326,24.228968611832926,4.4646453857421875,4.519649028778076
128,chairs,O-T2X-R,3.102083444595337,31.725652907378365,2.2196197509765625,3.6013665199279785
128,chairs,ABL-ET2X-R-PreviousRawEdge-CatmullRomRGB-Fixed080,3.5414061546325684,30.802945998389767,1.5482012033462524,1.8620593547821045
128,chairs,ABL-ET2X-R-PreviousRawEdge-CatmullRomRGB-Fixed080-EncodedGamma2Blend,3.533463478088379,30.839158308076165,1.538507103919983,1.862951636314392
128,thin-chair,O-T2X-R,4.598100185394287,29.49638688349951,3.0722696781158447,5.0861358642578125
128,thin-chair,ABL-ET2X-R-PreviousRawEdge-CatmullRomRGB-Fixed080,5.317738056182861,28.496297672572112,2.0026090145111084,2.3701884746551514
128,thin-chair,ABL-ET2X-R-PreviousRawEdge-CatmullRomRGB-Fixed080-EncodedGamma2Blend,5.295069694519043,28.53926145413659,1.9889168739318848,2.37211275100708
128,windows,O-T2X-R,5.502245903015137,25.460736534190058,4.220487117767334,6.380400657653809
128,windows,ABL-ET2X-R-PreviousRawEdge-CatmullRomRGB-Fixed080,6.945621967315674,24.140471925376303,3.9766502380371094,4.3034820556640625
128,windows,ABL-ET2X-R-PreviousRawEdge-CatmullRomRGB-Fixed080-EncodedGamma2Blend,6.962972164154053,24.065827240255857,3.904259443283081,4.228420257568359
129,chairs,O-T2X-R,3.066910743713379,31.88802137246039,2.0556461811065674,3.375319719314575
129,chairs,ABL-ET2X-R-PreviousRawEdge-CatmullRomRGB-Fixed080,3.5570149421691895,30.783613663312508,1.5400285720825195,1.8727222681045532
129,chairs,ABL-ET2X-R-PreviousRawEdge-CatmullRomRGB-Fixed080-EncodedGamma2Blend,3.5429036617279053,30.82808704899516,1.534062147140503,1.8669408559799194
129,thin-chair,O-T2X-R,4.543590068817139,29.68652808432825,2.8869407176971436,4.754887104034424
129,thin-chair,ABL-ET2X-R-PreviousRawEdge-CatmullRomRGB-Fixed080,5.33614444732666,28.470193752294612,1.9588782787322998,2.3807523250579834
129,thin-chair,ABL-ET2X-R-PreviousRawEdge-CatmullRomRGB-Fixed080-EncodedGamma2Blend,5.306167125701904,28.519475743022582,1.9510616064071655,2.3798775672912598
129,windows,O-T2X-R,5.743700981140137,26.129030302599233,5.954955101013184,8.547406196594238
129,windows,ABL-ET2X-R-PreviousRawEdge-CatmullRomRGB-Fixed080,7.160400390625,23.82581494934641,4.104118824005127,4.1746134757995605
129,windows,ABL-ET2X-R-PreviousRawEdge-CatmullRomRGB-Fixed080-EncodedGamma2Blend,7.170312404632568,23.766941590880926,4.054152965545654,4.102741241455078
130,chairs,O-T2X-R,3.09228515625,31.87090399995213,2.217529296875,3.6110920906066895
130,chairs,ABL-ET2X-R-PreviousRawEdge-CatmullRomRGB-Fixed080,3.585172414779663,30.766046177099362,1.5556306838989258,1.826458215713501
130,chairs,ABL-ET2X-R-PreviousRawEdge-CatmullRomRGB-Fixed080-EncodedGamma2Blend,3.5748209953308105,30.812240116485956,1.5551159381866455,1.8369605541229248
130,thin-chair,O-T2X-R,4.521336555480957,29.79093167748958,3.054457902908325,5.090503215789795
130,thin-chair,ABL-ET2X-R-PreviousRawEdge-CatmullRomRGB-Fixed080,5.35469913482666,28.482536204184548,1.979038953781128,2.3275294303894043
130,thin-chair,ABL-ET2X-R-PreviousRawEdge-CatmullRomRGB-Fixed080-EncodedGamma2Blend,5.332267761230469,28.531681620455053,1.9754489660263062,2.337449073791504
130,windows,O-T2X-R,5.48291015625,25.953984607887435,4.478119850158691,6.977036952972412
130,windows,ABL-ET2X-R-PreviousRawEdge-CatmullRomRGB-Fixed080,7.319140434265137,23.586538189593973,3.9819769859313965,4.162435531616211
130,windows,ABL-ET2X-R-PreviousRawEdge-CatmullRomRGB-Fixed080-EncodedGamma2Blend,7.305094242095947,23.54779860915492,3.9379982948303223,4.108656406402588
131,chairs,O-T2X-R,2.9830892086029053,32.117584358075646,2.076965808868408,3.3986504077911377
131,chairs,ABL-ET2X-R-PreviousRawEdge-CatmullRomRGB-Fixed080,3.560742139816284,30.74492548610937,1.548972487449646,1.8325798511505127
131,chairs,ABL-ET2X-R-PreviousRawEdge-CatmullRomRGB-Fixed080-EncodedGamma2Blend,3.546647071838379,30.798917131469285,1.5490107536315918,1.8514823913574219
131,thin-chair,O-T2X-R,4.48106050491333,29.821574166693814,2.7542128562927246,4.626570701599121
131,thin-chair,ABL-ET2X-R-PreviousRawEdge-CatmullRomRGB-Fixed080,5.363192558288574,28.439330666051465,1.9547181129455566,2.2694437503814697
131,thin-chair,ABL-ET2X-R-PreviousRawEdge-CatmullRomRGB-Fixed080-EncodedGamma2Blend,5.332327365875244,28.4970456341515,1.9527583122253418,2.2909975051879883
131,windows,O-T2X-R,5.514371871948242,26.432240998018276,5.855569362640381,8.585420608520508
131,windows,ABL-ET2X-R-PreviousRawEdge-CatmullRomRGB-Fixed080,7.224104881286621,23.561332258730204,4.295623779296875,4.372856616973877
131,windows,ABL-ET2X-R-PreviousRawEdge-CatmullRomRGB-Fixed080-EncodedGamma2Blend,7.203287601470947,23.506828199904284,4.241395950317383,4.320452690124512
132,chairs,O-T2X-R,3.0333821773529053,31.960296653290502,2.170034885406494,3.592250108718872
132,chairs,ABL-ET2X-R-PreviousRawEdge-CatmullRomRGB-Fixed080,3.502913475036621,30.775618856605924,1.5846503973007202,1.8718478679656982
132,chairs,ABL-ET2X-R-PreviousRawEdge-CatmullRomRGB-Fixed080-EncodedGamma2Blend,3.484147071838379,30.836194871955833,1.574914574623108,1.8746589422225952
132,thin-chair,O-T2X-R,4.495294570922852,29.738456938951646,2.988311767578125,4.95109224319458
132,thin-chair,ABL-ET2X-R-PreviousRawEdge-CatmullRomRGB-Fixed080,5.311582565307617,28.423524613794427,1.9683829545974731,2.328321695327759
132,thin-chair,ABL-ET2X-R-PreviousRawEdge-CatmullRomRGB-Fixed080-EncodedGamma2Blend,5.276219367980957,28.487011695836266,1.956227421760559,2.3357598781585693
132,windows,O-T2X-R,5.277295112609863,26.571365191735275,4.202170372009277,6.627828121185303
132,windows,ABL-ET2X-R-PreviousRawEdge-CatmullRomRGB-Fixed080,7.143229007720947,23.823022121299417,4.305476188659668,4.4068803787231445
132,windows,ABL-ET2X-R-PreviousRawEdge-CatmullRomRGB-Fixed080-EncodedGamma2Blend,7.134293556213379,23.7452410687146,4.245821952819824,4.351658821105957
133,chairs,O-T2X-R,3.003434181213379,31.96658714168297,2.077503204345703,3.272601366043091
133,chairs,ABL-ET2X-R-PreviousRawEdge-CatmullRomRGB-Fixed080,3.5188639163970947,30.725399586777876,1.548006296157837,1.89066481590271
133,chairs,ABL-ET2X-R-PreviousRawEdge-CatmullRomRGB-Fixed080-EncodedGamma2Blend,3.4995768070220947,30.780733312635896,1.541925072669983,1.8902714252471924
133,thin-chair,O-T2X-R,4.422407627105713,29.771399290284126,2.771679162979126,4.506370544433594
133,thin-chair,ABL-ET2X-R-PreviousRawEdge-CatmullRomRGB-Fixed080,5.3130621910095215,28.40040991216672,1.987939476966858,2.356215238571167
133,thin-chair,ABL-ET2X-R-PreviousRawEdge-CatmullRomRGB-Fixed080-EncodedGamma2Blend,5.277669429779053,28.46019692618334,1.9787653684616089,2.359985828399658
133,windows,O-T2X-R,5.633805274963379,26.170548173568626,5.907639503479004,8.308095932006836
133,windows,ABL-ET2X-R-PreviousRawEdge-CatmullRomRGB-Fixed080,7.002604007720947,24.11083054963467,4.338530540466309,4.479008674621582
133,windows,ABL-ET2X-R-PreviousRawEdge-CatmullRomRGB-Fixed080-EncodedGamma2Blend,6.996240139007568,24.04722526852714,4.280210018157959,4.408612251281738
134,chairs,O-T2X-R,2.9991862773895264,32.07435523685593,2.093979597091675,3.5409679412841797
134,chairs,ABL-ET2X-R-PreviousRawEdge-CatmullRomRGB-Fixed080,3.532193899154663,30.664438817443553,1.5670292377471924,1.8386943340301514
134,chairs,ABL-ET2X-R-PreviousRawEdge-CatmullRomRGB-Fixed080-EncodedGamma2Blend,3.5177409648895264,30.713190488222352,1.5532344579696655,1.8374595642089844
134,thin-chair,O-T2X-R,4.444247245788574,29.855042662711092,2.858783483505249,4.849820613861084
134,thin-chair,ABL-ET2X-R-PreviousRawEdge-CatmullRomRGB-Fixed080,5.311049938201904,28.355381936205774,1.9610495567321777,2.3161461353302
134,thin-chair,ABL-ET2X-R-PreviousRawEdge-CatmullRomRGB-Fixed080-EncodedGamma2Blend,5.28379487991333,28.407755395538942,1.941056728363037,2.320326805114746
134,windows,O-T2X-R,5.254866600036621,26.34492726465165,4.183867454528809,6.712105751037598
134,windows,ABL-ET2X-R-PreviousRawEdge-CatmullRomRGB-Fixed080,6.785790920257568,24.412178962141272,4.3733673095703125,4.4159135818481445
134,windows,ABL-ET2X-R-PreviousRawEdge-CatmullRomRGB-Fixed080-EncodedGamma2Blend,6.787174701690674,24.32262637665727,4.317962646484375,4.348318099975586
135,chairs,O-T2X-R,3.022167921066284,32.02391458198188,2.0218276977539062,3.2097580432891846
135,chairs,ABL-ET2X-R-PreviousRawEdge-CatmullRomRGB-Fixed080,3.535416603088379,30.638743898064792,1.5360521078109741,1.8046029806137085
135,chairs,ABL-ET2X-R-PreviousRawEdge-CatmullRomRGB-Fixed080-EncodedGamma2Blend,3.5231120586395264,30.681851142245307,1.5283901691436768,1.7989612817764282
135,thin-chair,O-T2X-R,4.48280668258667,29.81060645566823,2.699303388595581,4.382188320159912
135,thin-chair,ABL-ET2X-R-PreviousRawEdge-CatmullRomRGB-Fixed080,5.308564186096191,28.33617636028817,1.9206386804580688,2.2331883907318115
135,thin-chair,ABL-ET2X-R-PreviousRawEdge-CatmullRomRGB-Fixed080-EncodedGamma2Blend,5.283025741577148,28.382402839475883,1.9076225757598877,2.2268996238708496
135,windows,O-T2X-R,5.688036918640137,25.712814737726042,6.266131401062012,8.662586212158203
135,windows,ABL-ET2X-R-PreviousRawEdge-CatmullRomRGB-Fixed080,6.743212699890137,24.422692998629664,4.407744407653809,4.442091464996338
135,windows,ABL-ET2X-R-PreviousRawEdge-CatmullRomRGB-Fixed080-EncodedGamma2Blend,6.750048637390137,24.355449949927504,4.3689374923706055,4.394131660461426
136,chairs,O-T2X-R,2.9989421367645264,32.10559222956724,2.175239086151123,3.5770668983459473
136,chairs,ABL-ET2X-R-PreviousRawEdge-CatmullRomRGB-Fixed080,3.5457520484924316,30.56936621430802,1.5993025302886963,1.8357452154159546
136,chairs,ABL-ET2X-R-PreviousRawEdge-CatmullRomRGB-Fixed080-EncodedGamma2Blend,3.5338053703308105,30.60897433129125,1.5827277898788452,1.833345651626587
136,thin-chair,O-T2X-R,4.460582256317139,29.896159924200923,2.9657089710235596,4.939604759216309
136,thin-chair,ABL-ET2X-R-PreviousRawEdge-CatmullRomRGB-Fixed080,5.314009189605713,28.246607253737913,1.9586368799209595,2.2379074096679688
136,thin-chair,ABL-ET2X-R-PreviousRawEdge-CatmullRomRGB-Fixed080-EncodedGamma2Blend,5.293027877807617,28.289122454053338,1.9383465051651,2.238720655441284
136,windows,O-T2X-R,5.225488185882568,26.50313660501327,4.231289386749268,7.688704013824463
136,windows,ABL-ET2X-R-PreviousRawEdge-CatmullRomRGB-Fixed080,6.9151692390441895,24.198205742907092,4.082439422607422,4.269461631774902
136,windows,ABL-ET2X-R-PreviousRawEdge-CatmullRomRGB-Fixed080-EncodedGamma2Blend,6.911897659301758,24.140146982629,4.039194583892822,4.218198776245117
137,chairs,O-T2X-R,2.9232585430145264,32.30606564063696,2.0843231678009033,3.261737823486328
137,chairs,ABL-ET2X-R-PreviousRawEdge-CatmullRomRGB-Fixed080,3.5579915046691895,30.508069366629364,1.5391836166381836,1.8292129039764404
137,chairs,ABL-ET2X-R-PreviousRawEdge-CatmullRomRGB-Fixed080-EncodedGamma2Blend,3.5501952171325684,30.553520413996228,1.5309125185012817,1.82231867313385
137,thin-chair,O-T2X-R,4.372899055480957,30.018785084159937,2.847135066986084,4.575549602508545
137,thin-chair,ABL-ET2X-R-PreviousRawEdge-CatmullRomRGB-Fixed080,5.3588128089904785,28.17254001513582,1.8849968910217285,2.2337329387664795
137,thin-chair,ABL-ET2X-R-PreviousRawEdge-CatmullRomRGB-Fixed080-EncodedGamma2Blend,5.341175556182861,28.222860875355416,1.8726093769073486,2.2304303646087646
137,windows,O-T2X-R,5.659505367279053,25.835279187329398,5.983473777770996,8.139862060546875
137,windows,ABL-ET2X-R-PreviousRawEdge-CatmullRomRGB-Fixed080,7.092252731323242,24.077558595453127,4.244409084320068,4.199378490447998
137,windows,ABL-ET2X-R-PreviousRawEdge-CatmullRomRGB-Fixed080-EncodedGamma2Blend,7.104834079742432,23.989217014877905,4.187737464904785,4.140056610107422
138,chairs,O-T2X-R,2.9878742694854736,32.07172176239063,2.18871808052063,3.666132688522339
138,chairs,ABL-ET2X-R-PreviousRawEdge-CatmullRomRGB-Fixed080,3.5838215351104736,30.48900818137167,1.5410672426223755,1.8415225744247437
138,chairs,ABL-ET2X-R-PreviousRawEdge-CatmullRomRGB-Fixed080-EncodedGamma2Blend,3.5728352069854736,30.53441415784647,1.5337741374969482,1.8357594013214111
138,thin-chair,O-T2X-R,4.441110134124756,29.830072838182854,3.020106554031372,5.06849479675293
138,thin-chair,ABL-ET2X-R-PreviousRawEdge-CatmullRomRGB-Fixed080,5.368045806884766,28.161314327017294,1.9057891368865967,2.208007574081421
138,thin-chair,ABL-ET2X-R-PreviousRawEdge-CatmullRomRGB-Fixed080-EncodedGamma2Blend,5.34375,28.211173740547753,1.8976752758026123,2.2039194107055664
138,windows,O-T2X-R,5.199495315551758,26.283946906470096,4.310557842254639,7.278660774230957
138,windows,ABL-ET2X-R-PreviousRawEdge-CatmullRomRGB-Fixed080,7.011914253234863,24.022105421960926,4.2660017013549805,4.205296516418457
138,windows,ABL-ET2X-R-PreviousRawEdge-CatmullRomRGB-Fixed080-EncodedGamma2Blend,7.013362407684326,23.947479600757507,4.222214698791504,4.158812046051025
139,chairs,O-T2X-R,3.019026756286621,32.061225099946725,2.066343307495117,3.310607433319092
139,chairs,ABL-ET2X-R-PreviousRawEdge-CatmullRomRGB-Fixed080,3.583219289779663,30.482000141909747,1.531945824623108,1.814218282699585
139,chairs,ABL-ET2X-R-PreviousRawEdge-CatmullRomRGB-Fixed080-EncodedGamma2Blend,3.575716257095337,30.52251123304969,1.5244266986846924,1.8094456195831299
139,thin-chair,O-T2X-R,4.447236061096191,29.86812830062858,2.797633647918701,4.626708984375
139,thin-chair,ABL-ET2X-R-PreviousRawEdge-CatmullRomRGB-Fixed080,5.3363518714904785,28.178735093897757,1.865444540977478,2.2016491889953613
139,thin-chair,ABL-ET2X-R-PreviousRawEdge-CatmullRomRGB-Fixed080-EncodedGamma2Blend,5.318122863769531,28.224369558984442,1.8535267114639282,2.1984927654266357
139,windows,O-T2X-R,6.069921970367432,25.2093070338644,6.125789165496826,8.341519355773926
139,windows,ABL-ET2X-R-PreviousRawEdge-CatmullRomRGB-Fixed080,7.508398532867432,23.299666654590332,4.133584022521973,4.057038307189941
139,windows,ABL-ET2X-R-PreviousRawEdge-CatmullRomRGB-Fixed080-EncodedGamma2Blend,7.5194172859191895,23.22636187221007,4.085471153259277,4.016178131103516
140,chairs,O-T2X-R,3.0319011211395264,31.904909784096823,2.1328012943267822,3.5427260398864746
140,chairs,ABL-ET2X-R-PreviousRawEdge-CatmullRomRGB-Fixed080,3.612744092941284,30.41272754203461,1.510966181755066,1.7542749643325806
140,chairs,ABL-ET2X-R-PreviousRawEdge-CatmullRomRGB-Fixed080-EncodedGamma2Blend,3.603710889816284,30.45364211412688,1.503213882446289,1.7553068399429321
140,thin-chair,O-T2X-R,4.470525741577148,29.694841826563163,2.8923091888427734,4.874464511871338
140,thin-chair,ABL-ET2X-R-PreviousRawEdge-CatmullRomRGB-Fixed080,5.374112129211426,28.114563540657418,1.9032073020935059,2.1591150760650635
140,thin-chair,ABL-ET2X-R-PreviousRawEdge-CatmullRomRGB-Fixed080-EncodedGamma2Blend,5.355291366577148,28.159690627671896,1.8921529054641724,2.1600279808044434
140,windows,O-T2X-R,5.706689357757568,25.34489391300648,4.532507419586182,7.7748613357543945
140,windows,ABL-ET2X-R-PreviousRawEdge-CatmullRomRGB-Fixed080,7.333268165588379,23.705681049134554,4.469491958618164,4.494407653808594
140,windows,ABL-ET2X-R-PreviousRawEdge-CatmullRomRGB-Fixed080-EncodedGamma2Blend,7.3519368171691895,23.572245671723092,4.409588813781738,4.4268035888671875
141,chairs,O-T2X-R,3.007779836654663,32.092962290756255,2.010385274887085,3.242846727371216
141,chairs,ABL-ET2X-R-PreviousRawEdge-CatmullRomRGB-Fixed080,3.6075031757354736,30.355922973735197,1.4851469993591309,1.8140712976455688
141,chairs,ABL-ET2X-R-PreviousRawEdge-CatmullRomRGB-Fixed080-EncodedGamma2Blend,3.5950520038604736,30.405872193316476,1.4802770614624023,1.8165088891983032
141,thin-chair,O-T2X-R,4.44356632232666,29.902519393329104,2.7907283306121826,4.521791458129883
141,thin-chair,ABL-ET2X-R-PreviousRawEdge-CatmullRomRGB-Fixed080,5.432498931884766,28.001951105455262,1.8196676969528198,2.2140424251556396
141,thin-chair,ABL-ET2X-R-PreviousRawEdge-CatmullRomRGB-Fixed080-EncodedGamma2Blend,5.4094462394714355,28.054322763413857,1.8113791942596436,2.223194122314453
141,windows,O-T2X-R,5.801904201507568,25.746954650857674,5.5521240234375,7.868528842926025
141,windows,ABL-ET2X-R-PreviousRawEdge-CatmullRomRGB-Fixed080,7.156689643859863,23.72053500863187,4.420009613037109,4.3285231590271
141,windows,ABL-ET2X-R-PreviousRawEdge-CatmullRomRGB-Fixed080-EncodedGamma2Blend,7.192464351654053,23.619073966958524,4.371500492095947,4.276335716247559
142,chairs,O-T2X-R,3.0782878398895264,31.79642805805787,2.1793627738952637,3.5365471839904785
142,chairs,ABL-ET2X-R-PreviousRawEdge-CatmullRomRGB-Fixed080,3.5748860836029053,30.40237296383069,1.5025516748428345,1.7550395727157593
142,chairs,ABL-ET2X-R-PreviousRawEdge-CatmullRomRGB-Fixed080-EncodedGamma2Blend,3.5655274391174316,30.44508978750445,1.4914700984954834,1.7573058605194092
142,thin-chair,O-T2X-R,4.544270992279053,29.600048005145695,2.9353981018066406,4.90952730178833
142,thin-chair,ABL-ET2X-R-PreviousRawEdge-CatmullRomRGB-Fixed080,5.39473819732666,28.03017157099884,1.8483563661575317,2.155454397201538
142,thin-chair,ABL-ET2X-R-PreviousRawEdge-CatmullRomRGB-Fixed080-EncodedGamma2Blend,5.372810363769531,28.077630250267283,1.8336237668991089,2.1589162349700928
142,windows,O-T2X-R,6.199560642242432,24.474813340142056,4.1407952308654785,6.965332984924316
142,windows,ABL-ET2X-R-PreviousRawEdge-CatmullRomRGB-Fixed080,7.311441898345947,23.627214776061653,4.478182792663574,4.785678386688232
142,windows,ABL-ET2X-R-PreviousRawEdge-CatmullRomRGB-Fixed080-EncodedGamma2Blend,7.340852737426758,23.520558246883077,4.435825347900391,4.737361907958984
143,chairs,O-T2X-R,3.039339303970337,31.995212135329176,1.9994862079620361,3.2279434204101562
143,chairs,ABL-ET2X-R-PreviousRawEdge-CatmullRomRGB-Fixed080,3.5877928733825684,30.409829489051837,1.456958532333374,1.7457563877105713
143,chairs,ABL-ET2X-R-PreviousRawEdge-CatmullRomRGB-Fixed080-EncodedGamma2Blend,3.5797688961029053,30.452752699191166,1.4502884149551392,1.7470506429672241
143,thin-chair,O-T2X-R,4.554924011230469,29.707924022169312,2.6775057315826416,4.462198257446289
143,thin-chair,ABL-ET2X-R-PreviousRawEdge-CatmullRomRGB-Fixed080,5.42598819732666,28.05009844474789,1.8238873481750488,2.1454904079437256
143,thin-chair,ABL-ET2X-R-PreviousRawEdge-CatmullRomRGB-Fixed080-EncodedGamma2Blend,5.404740810394287,28.098428373310167,1.8139393329620361,2.1539552211761475
143,windows,O-T2X-R,5.7950358390808105,25.899856914885035,6.200322151184082,8.440244674682617
143,windows,ABL-ET2X-R-PreviousRawEdge-CatmullRomRGB-Fixed080,6.9664387702941895,24.07294992718755,4.493853569030762,4.523689270019531
143,windows,ABL-ET2X-R-PreviousRawEdge-CatmullRomRGB-Fixed080-EncodedGamma2Blend,7.005712985992432,23.925680653045596,4.43478536605835,4.470826148986816
144,chairs,O-T2X-R,3.1444499492645264,31.549591260170118,2.1035804748535156,3.4404029846191406
144,chairs,ABL-ET2X-R-PreviousRawEdge-CatmullRomRGB-Fixed080,3.606201171875,30.37967558412096,1.5276294946670532,1.730181097984314
144,chairs,ABL-ET2X-R-PreviousRawEdge-CatmullRomRGB-Fixed080-EncodedGamma2Blend,3.593017578125,30.425602094969925,1.5180073976516724,1.7284091711044312
144,thin-chair,O-T2X-R,4.683357238769531,29.328512363354005,2.8872830867767334,4.735637664794922
144,thin-chair,ABL-ET2X-R-PreviousRawEdge-CatmullRomRGB-Fixed080,5.414239883422852,28.05612639504901,1.8592356443405151,2.1401968002319336
144,thin-chair,ABL-ET2X-R-PreviousRawEdge-CatmullRomRGB-Fixed080-EncodedGamma2Blend,5.392430305480957,28.104139502439864,1.8460228443145752,2.1375036239624023
144,windows,O-T2X-R,5.799120903015137,25.31159561711093,4.67878532409668,7.510275363922119
144,windows,ABL-ET2X-R-PreviousRawEdge-CatmullRomRGB-Fixed080,7.098421096801758,23.920399274654727,4.378885269165039,4.6362457275390625
144,windows,ABL-ET2X-R-PreviousRawEdge-CatmullRomRGB-Fixed080-EncodedGamma2Blend,7.1331706047058105,23.824972486514593,4.34909200668335,4.585291385650635
145,chairs,O-T2X-R,3.1353840827941895,31.718664910482634,2.1209661960601807,3.3044114112854004
145,chairs,ABL-ET2X-R-PreviousRawEdge-CatmullRomRGB-Fixed080,3.61474609375,30.379958931981783,1.5148794651031494,1.8533592224121094
145,chairs,ABL-ET2X-R-PreviousRawEdge-CatmullRomRGB-Fixed080-EncodedGamma2Blend,3.606461524963379,30.425026621355045,1.5090306997299194,1.8487217426300049
145,thin-chair,O-T2X-R,4.646720886230469,29.47701483324383,2.7337801456451416,4.465641021728516
145,thin-chair,ABL-ET2X-R-PreviousRawEdge-CatmullRomRGB-Fixed080,5.414861679077148,28.075288336145448,1.8964080810546875,2.252573251724243
145,thin-chair,ABL-ET2X-R-PreviousRawEdge-CatmullRomRGB-Fixed080-EncodedGamma2Blend,5.399236679077148,28.122849119465556,1.8857498168945312,2.249114990234375
145,windows,O-T2X-R,5.5030598640441895,26.06351798681154,6.221987724304199,8.88270092010498
145,windows,ABL-ET2X-R-PreviousRawEdge-CatmullRomRGB-Fixed080,6.768847465515137,24.496051270319768,4.423219203948975,4.586575508117676
145,windows,ABL-ET2X-R-PreviousRawEdge-CatmullRomRGB-Fixed080-EncodedGamma2Blend,6.7986979484558105,24.34550027137584,4.379755973815918,4.559693336486816
146,chairs,O-T2X-R,3.079638719558716,31.69336541315705,2.062312126159668,3.554068088531494
146,chairs,ABL-ET2X-R-PreviousRawEdge-CatmullRomRGB-Fixed080,3.5960123538970947,30.46584136318167,1.5075809955596924,1.7821953296661377
146,chairs,ABL-ET2X-R-PreviousRawEdge-CatmullRomRGB-Fixed080-EncodedGamma2Blend,3.585416555404663,30.50653597259837,1.495940923690796,1.7777824401855469
146,thin-chair,O-T2X-R,4.577651500701904,29.44056405432487,2.7704508304595947,4.744156837463379
146,thin-chair,ABL-ET2X-R-PreviousRawEdge-CatmullRomRGB-Fixed080,5.3588128089904785,28.191990504800167,1.8661433458328247,2.223863363265991
146,thin-chair,ABL-ET2X-R-PreviousRawEdge-CatmullRomRGB-Fixed080-EncodedGamma2Blend,5.341944694519043,28.235773894059992,1.850853681564331,2.2219388484954834
146,windows,O-T2X-R,5.227246284484863,26.078922915710336,4.199420928955078,7.194955348968506
146,windows,ABL-ET2X-R-PreviousRawEdge-CatmullRomRGB-Fixed080,6.771500587463379,24.076200804029444,4.130592346191406,4.229681968688965
146,windows,ABL-ET2X-R-PreviousRawEdge-CatmullRomRGB-Fixed080-EncodedGamma2Blend,6.796044826507568,23.9886236085484,4.098252296447754,4.203586578369141
147,chairs,O-T2X-R,3.026595115661621,31.994941897257824,2.100259304046631,3.2218239307403564
147,chairs,ABL-ET2X-R-PreviousRawEdge-CatmullRomRGB-Fixed080,3.5614583492279053,30.491191510473328,1.5229650735855103,1.7910140752792358
147,chairs,ABL-ET2X-R-PreviousRawEdge-CatmullRomRGB-Fixed080-EncodedGamma2Blend,3.5538086891174316,30.529684590245793,1.5168683528900146,1.7876224517822266
147,thin-chair,O-T2X-R,4.486564636230469,29.782341490866333,2.839402914047241,4.472846508026123
147,thin-chair,ABL-ET2X-R-PreviousRawEdge-CatmullRomRGB-Fixed080,5.328805446624756,28.182363508987564,1.8247942924499512,2.1447560787200928
147,thin-chair,ABL-ET2X-R-PreviousRawEdge-CatmullRomRGB-Fixed080-EncodedGamma2Blend,5.3134765625,28.22280841766244,1.8164353370666504,2.1438379287719727
147,windows,O-T2X-R,5.279850482940674,26.556503498135832,6.187276840209961,8.503241539001465
147,windows,ABL-ET2X-R-PreviousRawEdge-CatmullRomRGB-Fixed080,7.070784568786621,23.57244146637425,3.9944064617156982,4.3265814781188965
147,windows,ABL-ET2X-R-PreviousRawEdge-CatmullRomRGB-Fixed080-EncodedGamma2Blend,7.0975260734558105,23.478420069451083,3.9636330604553223,4.287799835205078
148,chairs,O-T2X-R,3.013150930404663,31.9254714923104,2.043933153152466,3.5098273754119873
148,chairs,ABL-ET2X-R-PreviousRawEdge-CatmullRomRGB-Fixed080,3.5972330570220947,30.402975355168994,1.543685793876648,1.8395732641220093
148,chairs,ABL-ET2X-R-PreviousRawEdge-CatmullRomRGB-Fixed080-EncodedGamma2Blend,3.5867350101470947,30.448746510487844,1.5343847274780273,1.8399937152862549
148,thin-chair,O-T2X-R,4.476059436798096,29.699842952713652,2.7679507732391357,4.836947441101074
148,thin-chair,ABL-ET2X-R-PreviousRawEdge-CatmullRomRGB-Fixed080,5.353870868682861,28.098256043848252,1.8972245454788208,2.194868564605713
148,thin-chair,ABL-ET2X-R-PreviousRawEdge-CatmullRomRGB-Fixed080-EncodedGamma2Blend,5.333155632019043,28.148291796156705,1.8866469860076904,2.2020254135131836
148,windows,O-T2X-R,5.176823139190674,26.18575588794286,4.002640247344971,7.691420078277588
148,windows,ABL-ET2X-R-PreviousRawEdge-CatmullRomRGB-Fixed080,6.872493267059326,23.858387299255632,4.1309099197387695,4.205801963806152
148,windows,ABL-ET2X-R-PreviousRawEdge-CatmullRomRGB-Fixed080-EncodedGamma2Blend,6.892773628234863,23.750218332539745,4.088557243347168,4.176674842834473
149,chairs,O-T2X-R,2.9551920890808105,32.27504882256305,2.0957188606262207,3.1880428791046143
149,chairs,ABL-ET2X-R-PreviousRawEdge-CatmullRomRGB-Fixed080,3.6121582984924316,30.337799697808492,1.5332796573638916,1.8284637928009033
149,chairs,ABL-ET2X-R-PreviousRawEdge-CatmullRomRGB-Fixed080-EncodedGamma2Blend,3.6006999015808105,30.38473469200191,1.5287230014801025,1.8304121494293213
149,thin-chair,O-T2X-R,4.310783386230469,30.16185719531213,2.876919746398926,4.450883865356445
149,thin-chair,ABL-ET2X-R-PreviousRawEdge-CatmullRomRGB-Fixed080,5.369495868682861,28.039450144360217,1.8741660118103027,2.223217010498047
149,thin-chair,ABL-ET2X-R-PreviousRawEdge-CatmullRomRGB-Fixed080-EncodedGamma2Blend,5.3452887535095215,28.088745451182184,1.8655985593795776,2.227764129638672
149,windows,O-T2X-R,5.041796684265137,26.876962992270332,5.483523368835449,7.521855354309082
149,windows,ABL-ET2X-R-PreviousRawEdge-CatmullRomRGB-Fixed080,6.928857326507568,23.89399186342601,4.011472702026367,4.236927032470703
149,windows,ABL-ET2X-R-PreviousRawEdge-CatmullRomRGB-Fixed080-EncodedGamma2Blend,6.940836429595947,23.815139618428578,3.9754586219787598,4.198927402496338
150,chairs,O-T2X-R,2.9608724117279053,32.14133551329858,2.0972371101379395,3.6129441261291504
150,chairs,ABL-ET2X-R-PreviousRawEdge-CatmullRomRGB-Fixed080,3.6190593242645264,30.259418382557893,1.5343399047851562,1.828818917274475
150,chairs,ABL-ET2X-R-PreviousRawEdge-CatmullRomRGB-Fixed080-EncodedGamma2Blend,3.605989694595337,30.296274093520775,1.5200732946395874,1.8270858526229858
150,thin-chair,O-T2X-R,4.358931064605713,29.923853393908306,2.711174726486206,4.844813823699951
150,thin-chair,ABL-ET2X-R-PreviousRawEdge-CatmullRomRGB-Fixed080,5.359315872192383,27.963075842436353,1.891219973564148,2.1957204341888428
150,thin-chair,ABL-ET2X-R-PreviousRawEdge-CatmullRomRGB-Fixed080-EncodedGamma2Blend,5.335700988769531,28.00188999160019,1.8734654188156128,2.196204423904419
150,windows,O-T2X-R,5.4442057609558105,25.588907734551366,3.692831516265869,6.795004844665527
150,windows,ABL-ET2X-R-PreviousRawEdge-CatmullRomRGB-Fixed080,6.7313151359558105,24.25338994322887,4.165604591369629,4.495279312133789
150,windows,ABL-ET2X-R-PreviousRawEdge-CatmullRomRGB-Fixed080-EncodedGamma2Blend,6.739420413970947,24.162267569223275,4.12747049331665,4.468366622924805
151,chairs,O-T2X-R,3.006542921066284,32.17611033950767,1.9789165258407593,3.1562559604644775
151,chairs,ABL-ET2X-R-PreviousRawEdge-CatmullRomRGB-Fixed080,3.6099772453308105,30.252419336312766,1.505039930343628,1.7892307043075562
151,chairs,ABL-ET2X-R-PreviousRawEdge-CatmullRomRGB-Fixed080-EncodedGamma2Blend,3.598177194595337,30.288894933420632,1.49761962890625,1.7900339365005493
151,thin-chair,O-T2X-R,4.383848190307617,30.06773667672096,2.6697356700897217,4.251133441925049
151,thin-chair,ABL-ET2X-R-PreviousRawEdge-CatmullRomRGB-Fixed080,5.339311122894287,28.091951647100636,1.8381987810134888,2.188791513442993
151,thin-chair,ABL-ET2X-R-PreviousRawEdge-CatmullRomRGB-Fixed080-EncodedGamma2Blend,5.315104007720947,28.131626073412363,1.8256818056106567,2.1920173168182373
151,windows,O-T2X-R,5.044970512390137,27.04599646159132,5.625617504119873,7.5550031661987305
151,windows,ABL-ET2X-R-PreviousRawEdge-CatmullRomRGB-Fixed080,6.655354976654053,24.313673229299162,3.647022247314453,4.0401482582092285
151,windows,ABL-ET2X-R-PreviousRawEdge-CatmullRomRGB-Fixed080-EncodedGamma2Blend,6.662141799926758,24.21519982575618,3.603015184402466,4.00131893157959
152,chairs,O-T2X-R,3.016080617904663,32.02943722417282,2.0829451084136963,3.4203224182128906
152,chairs,ABL-ET2X-R-PreviousRawEdge-CatmullRomRGB-Fixed080,3.5696778297424316,30.45089753324862,1.5197584629058838,1.7716760635375977
152,chairs,ABL-ET2X-R-PreviousRawEdge-CatmullRomRGB-Fixed080-EncodedGamma2Blend,3.562776803970337,30.480110531697512,1.5066980123519897,1.765477180480957
152,thin-chair,O-T2X-R,4.408380508422852,29.896708225185627,2.7517194747924805,4.63066291809082
152,thin-chair,ABL-ET2X-R-PreviousRawEdge-CatmullRomRGB-Fixed080,5.292939186096191,28.23590526186606,1.8673739433288574,2.135740041732788
152,thin-chair,ABL-ET2X-R-PreviousRawEdge-CatmullRomRGB-Fixed080-EncodedGamma2Blend,5.274354934692383,28.27619260181614,1.8518180847167969,2.1327767372131348
152,windows,O-T2X-R,5.621077537536621,25.281133073644263,3.8509316444396973,6.881869316101074
152,windows,ABL-ET2X-R-PreviousRawEdge-CatmullRomRGB-Fixed080,6.685514450073242,24.162829637729427,4.045151710510254,4.135439395904541
152,windows,ABL-ET2X-R-PreviousRawEdge-CatmullRomRGB-Fixed080-EncodedGamma2Blend,6.704361915588379,24.070421587660206,4.000540256500244,4.087738990783691
153,chairs,O-T2X-R,3.014371633529663,32.09691204130311,2.0560901165008545,3.205148220062256
153,chairs,ABL-ET2X-R-PreviousRawEdge-CatmullRomRGB-Fixed080,3.6089844703674316,30.39607703703833,1.5180912017822266,1.8123948574066162
153,chairs,ABL-ET2X-R-PreviousRawEdge-CatmullRomRGB-Fixed080-EncodedGamma2Blend,3.604687452316284,30.425039827170043,1.5108911991119385,1.8062652349472046
153,thin-chair,O-T2X-R,4.415719509124756,29.90964720281065,2.7418529987335205,4.350583076477051
153,thin-chair,ABL-ET2X-R-PreviousRawEdge-CatmullRomRGB-Fixed080,5.342418193817139,28.156678367001962,1.8930808305740356,2.191319465637207
153,thin-chair,ABL-ET2X-R-PreviousRawEdge-CatmullRomRGB-Fixed080-EncodedGamma2Blend,5.329042434692383,28.192816909775097,1.8834811449050903,2.190391778945923
153,windows,O-T2X-R,5.352262496948242,26.395025757159054,5.85382080078125,7.945286750793457
153,windows,ABL-ET2X-R-PreviousRawEdge-CatmullRomRGB-Fixed080,6.6917805671691895,24.21716904561501,3.907407760620117,4.265276908874512
153,windows,ABL-ET2X-R-PreviousRawEdge-CatmullRomRGB-Fixed080-EncodedGamma2Blend,6.716796875,24.08886236690168,3.866161346435547,4.2175798416137695
154,chairs,O-T2X-R,3.0927734375,31.782830692464287,2.047084331512451,3.4785361289978027
154,chairs,ABL-ET2X-R-PreviousRawEdge-CatmullRomRGB-Fixed080,3.6649739742279053,30.2063143875991,1.5606296062469482,1.8486604690551758
154,chairs,ABL-ET2X-R-PreviousRawEdge-CatmullRomRGB-Fixed080-EncodedGamma2Blend,3.65771484375,30.233438337158894,1.5500231981277466,1.8411762714385986
154,thin-chair,O-T2X-R,4.524325370788574,29.640141955142248,2.757718086242676,4.721290588378906
154,thin-chair,ABL-ET2X-R-PreviousRawEdge-CatmullRomRGB-Fixed080,5.371389865875244,28.05662147461932,1.8775593042373657,2.262965440750122
154,thin-chair,ABL-ET2X-R-PreviousRawEdge-CatmullRomRGB-Fixed080-EncodedGamma2Blend,5.356622695922852,28.08990757553188,1.8619201183319092,2.2528252601623535
154,windows,O-T2X-R,5.368082523345947,25.824715289758853,3.8638641834259033,6.986015319824219
154,windows,ABL-ET2X-R-PreviousRawEdge-CatmullRomRGB-Fixed080,6.386246681213379,24.710217045621828,4.0870819091796875,4.160735607147217
154,windows,ABL-ET2X-R-PreviousRawEdge-CatmullRomRGB-Fixed080-EncodedGamma2Blend,6.40673828125,24.604495718267295,4.053021430969238,4.129904270172119
155,chairs,O-T2X-R,3.0833983421325684,31.88693185387146,2.1397273540496826,3.176135778427124
155,chairs,ABL-ET2X-R-PreviousRawEdge-CatmullRomRGB-Fixed080,3.722444772720337,30.142210737767527,1.546332597732544,1.8737983703613281
155,chairs,ABL-ET2X-R-PreviousRawEdge-CatmullRomRGB-Fixed080-EncodedGamma2Blend,3.710986375808716,30.17520642457557,1.5394529104232788,1.8748013973236084
155,thin-chair,O-T2X-R,4.428178310394287,29.896142511056976,2.6942341327667236,4.252409934997559
155,thin-chair,ABL-ET2X-R-PreviousRawEdge-CatmullRomRGB-Fixed080,5.394176006317139,28.015975651648493,1.899505615234375,2.240898847579956
155,thin-chair,ABL-ET2X-R-PreviousRawEdge-CatmullRomRGB-Fixed080-EncodedGamma2Blend,5.376834869384766,28.054888617380954,1.8923449516296387,2.243911027908325
155,windows,O-T2X-R,5.65966796875,25.180468536714585,6.089799404144287,8.174690246582031
155,windows,ABL-ET2X-R-PreviousRawEdge-CatmullRomRGB-Fixed080,6.3082194328308105,24.710545661582486,3.888652801513672,4.240350723266602
155,windows,ABL-ET2X-R-PreviousRawEdge-CatmullRomRGB-Fixed080-EncodedGamma2Blend,6.320589065551758,24.616694464496778,3.8441009521484375,4.2145891189575195
156,chairs,O-T2X-R,3.126513719558716,31.643556191288063,2.1522469520568848,3.646273136138916
156,chairs,ABL-ET2X-R-PreviousRawEdge-CatmullRomRGB-Fixed080,3.7093424797058105,30.197502557744833,1.5135747194290161,1.8689229488372803
156,chairs,ABL-ET2X-R-PreviousRawEdge-CatmullRomRGB-Fixed080-EncodedGamma2Blend,3.694856882095337,30.233482159710157,1.5073699951171875,1.869063138961792
156,thin-chair,O-T2X-R,4.542436122894287,29.626703248467997,2.8203916549682617,4.7258076667785645
156,thin-chair,ABL-ET2X-R-PreviousRawEdge-CatmullRomRGB-Fixed080,5.391305446624756,28.0510472732854,1.8729267120361328,2.2416539192199707
156,thin-chair,ABL-ET2X-R-PreviousRawEdge-CatmullRomRGB-Fixed080-EncodedGamma2Blend,5.371626377105713,28.090420637015345,1.8639925718307495,2.243551731109619
156,windows,O-T2X-R,5.111067771911621,26.171055407930233,3.9975502490997314,7.6376447677612305
156,windows,ABL-ET2X-R-PreviousRawEdge-CatmullRomRGB-Fixed080,6.195947170257568,24.982166283719177,3.8566737174987793,4.118217468261719
156,windows,ABL-ET2X-R-PreviousRawEdge-CatmullRomRGB-Fixed080-EncodedGamma2Blend,6.193782329559326,24.90443210308976,3.813490390777588,4.084229469299316
157,chairs,O-T2X-R,3.0672526359558105,32.09105102657732,2.132859706878662,3.3765804767608643
157,chairs,ABL-ET2X-R-PreviousRawEdge-CatmullRomRGB-Fixed080,3.7027180194854736,30.211340982875768,1.5451456308364868,1.8368526697158813
157,chairs,ABL-ET2X-R-PreviousRawEdge-CatmullRomRGB-Fixed080-EncodedGamma2Blend,3.6864256858825684,30.256051357364303,1.5378272533416748,1.8388395309448242
157,thin-chair,O-T2X-R,4.419803619384766,30.123771970079044,2.745910406112671,4.4620208740234375
157,thin-chair,ABL-ET2X-R-PreviousRawEdge-CatmullRomRGB-Fixed080,5.392874240875244,28.031913701002857,1.8136558532714844,2.2035837173461914
157,thin-chair,ABL-ET2X-R-PreviousRawEdge-CatmullRomRGB-Fixed080-EncodedGamma2Blend,5.371005058288574,28.078675144123217,1.8013701438903809,2.2045645713806152
157,windows,O-T2X-R,5.388574123382568,25.727601406025464,5.414520263671875,7.643990993499756
157,windows,ABL-ET2X-R-PreviousRawEdge-CatmullRomRGB-Fixed080,6.0929036140441895,24.985059028164716,3.911937713623047,3.9325759410858154
157,windows,ABL-ET2X-R-PreviousRawEdge-CatmullRomRGB-Fixed080-EncodedGamma2Blend,6.119938373565674,24.89653920924558,3.848769426345825,3.8597464561462402
158,chairs,O-T2X-R,3.113997459411621,31.80176784057938,2.174578905105591,3.6873879432678223
158,chairs,ABL-ET2X-R-PreviousRawEdge-CatmullRomRGB-Fixed080,3.719254493713379,30.232879974405343,1.600537896156311,1.888474702835083
158,chairs,ABL-ET2X-R-PreviousRawEdge-CatmullRomRGB-Fixed080-EncodedGamma2Blend,3.705289602279663,30.27545577723519,1.5970401763916016,1.8921566009521484
158,thin-chair,O-T2X-R,4.539121627807617,29.70796070636367,2.8991918563842773,4.886725425720215
158,thin-chair,ABL-ET2X-R-PreviousRawEdge-CatmullRomRGB-Fixed080,5.4065165519714355,28.065313771853102,1.9117833375930786,2.1944262981414795
158,thin-chair,ABL-ET2X-R-PreviousRawEdge-CatmullRomRGB-Fixed080-EncodedGamma2Blend,5.386393070220947,28.110722502678115,1.9039744138717651,2.1928467750549316
158,windows,O-T2X-R,5.194303512573242,26.16347332736618,3.8760390281677246,6.795884609222412
158,windows,ABL-ET2X-R-PreviousRawEdge-CatmullRomRGB-Fixed080,6.120051860809326,24.931250575908997,3.7617125511169434,3.993645191192627
158,windows,ABL-ET2X-R-PreviousRawEdge-CatmullRomRGB-Fixed080-EncodedGamma2Blend,6.132649898529053,24.86977031850828,3.724716901779175,3.9320685863494873
159,chairs,O-T2X-R,3.0845704078674316,32.006707971867485,2.040459632873535,3.3221118450164795
159,chairs,ABL-ET2X-R-PreviousRawEdge-CatmullRomRGB-Fixed080,3.757861375808716,30.07526527774511,1.6112124919891357,1.869696855545044
159,chairs,ABL-ET2X-R-PreviousRawEdge-CatmullRomRGB-Fixed080-EncodedGamma2Blend,3.742171287536621,30.118769197905124,1.6051356792449951,1.8766025304794312
159,thin-chair,O-T2X-R,4.46718168258667,29.939925087829472,2.583221197128296,4.4445271492004395
159,thin-chair,ABL-ET2X-R-PreviousRawEdge-CatmullRomRGB-Fixed080,5.3899149894714355,28.06808106206227,1.8827232122421265,2.1979024410247803
159,thin-chair,ABL-ET2X-R-PreviousRawEdge-CatmullRomRGB-Fixed080-EncodedGamma2Blend,5.363369941711426,28.117620716396456,1.8737895488739014,2.208855628967285
159,windows,O-T2X-R,5.305761814117432,26.1269427131362,5.550457000732422,7.605870246887207
159,windows,ABL-ET2X-R-PreviousRawEdge-CatmullRomRGB-Fixed080,6.105566501617432,25.107972892265465,4.025698661804199,4.183823585510254
159,windows,ABL-ET2X-R-PreviousRawEdge-CatmullRomRGB-Fixed080-EncodedGamma2Blend,6.1072916984558105,25.031811764031392,3.9624218940734863,4.129971981048584
160,chairs,O-T2X-R,3.1634278297424316,31.554066621511126,2.1673383712768555,3.5657143592834473
160,chairs,ABL-ET2X-R-PreviousRawEdge-CatmullRomRGB-Fixed080,3.765836477279663,30.09978263142445,1.5430281162261963,1.8921626806259155
160,chairs,ABL-ET2X-R-PreviousRawEdge-CatmullRomRGB-Fixed080-EncodedGamma2Blend,3.7500650882720947,30.146898243950258,1.5326591730117798,1.8863433599472046
160,thin-chair,O-T2X-R,4.5717034339904785,29.57152624150849,2.790013313293457,4.619524955749512
160,thin-chair,ABL-ET2X-R-PreviousRawEdge-CatmullRomRGB-Fixed080,5.45448637008667,27.957952440064176,1.8855708837509155,2.2107317447662354
160,thin-chair,ABL-ET2X-R-PreviousRawEdge-CatmullRomRGB-Fixed080-EncodedGamma2Blend,5.429539680480957,28.00934063749002,1.869673252105713,2.2039554119110107
160,windows,O-T2X-R,4.78662109375,26.94638962571033,4.11953067779541,6.703621864318848
160,windows,ABL-ET2X-R-PreviousRawEdge-CatmullRomRGB-Fixed080,6.160823345184326,24.863759932489767,3.9159653186798096,4.138243675231934
160,windows,ABL-ET2X-R-PreviousRawEdge-CatmullRomRGB-Fixed080-EncodedGamma2Blend,6.1841959953308105,24.804727807612366,3.857210159301758,4.047338008880615
161,chairs,O-T2X-R,3.0931639671325684,31.99880507585187,2.1486287117004395,3.3770923614501953
161,chairs,ABL-ET2X-R-PreviousRawEdge-CatmullRomRGB-Fixed080,3.771044969558716,30.10958430080432,1.5878238677978516,1.858114242553711
161,chairs,ABL-ET2X-R-PreviousRawEdge-CatmullRomRGB-Fixed080-EncodedGamma2Blend,3.7620768547058105,30.141791911086383,1.5767998695373535,1.8542423248291016
161,thin-chair,O-T2X-R,4.478071689605713,29.892238754474466,2.7528226375579834,4.462152004241943
161,thin-chair,ABL-ET2X-R-PreviousRawEdge-CatmullRomRGB-Fixed080,5.465849876403809,27.93932839937205,1.9260104894638062,2.252579689025879
161,thin-chair,ABL-ET2X-R-PreviousRawEdge-CatmullRomRGB-Fixed080-EncodedGamma2Blend,5.448715686798096,27.97772970632328,1.9098361730575562,2.246668815612793
161,windows,O-T2X-R,5.117252826690674,26.367285697091468,5.582139015197754,7.7204766273498535
161,windows,ABL-ET2X-R-PreviousRawEdge-CatmullRomRGB-Fixed080,6.043603420257568,25.140793553459964,4.016305446624756,4.135913372039795
161,windows,ABL-ET2X-R-PreviousRawEdge-CatmullRomRGB-Fixed080-EncodedGamma2Blend,6.065495014190674,25.045866172975856,3.9684371948242188,4.063137054443359
162,chairs,O-T2X-R,3.147721290588379,31.62548992347141,2.2195589542388916,3.620871067047119
162,chairs,ABL-ET2X-R-PreviousRawEdge-CatmullRomRGB-Fixed080,3.7345378398895264,30.242158319512097,1.5689641237258911,1.8270330429077148
162,chairs,ABL-ET2X-R-PreviousRawEdge-CatmullRomRGB-Fixed080-EncodedGamma2Blend,3.726578712463379,30.27615077646133,1.5559030771255493,1.8249133825302124
162,thin-chair,O-T2X-R,4.502574443817139,29.69523418037084,2.84294056892395,4.684616565704346
162,thin-chair,ABL-ET2X-R-PreviousRawEdge-CatmullRomRGB-Fixed080,5.4455790519714355,28.03535824493531,1.896577000617981,2.1977202892303467
162,thin-chair,ABL-ET2X-R-PreviousRawEdge-CatmullRomRGB-Fixed080-EncodedGamma2Blend,5.428947448730469,28.078941972791483,1.8804084062576294,2.20149827003479
162,windows,O-T2X-R,5.082796096801758,26.34075766183452,4.121527194976807,6.794255256652832
162,windows,ABL-ET2X-R-PreviousRawEdge-CatmullRomRGB-Fixed080,6.456803321838379,24.50041648141147,3.9761803150177,4.156371593475342
162,windows,ABL-ET2X-R-PreviousRawEdge-CatmullRomRGB-Fixed080-EncodedGamma2Blend,6.446354389190674,24.47118617764026,3.931002378463745,4.110068321228027
163,chairs,O-T2X-R,3.076188087463379,31.89794900649835,2.1160616874694824,3.4137814044952393
163,chairs,ABL-ET2X-R-PreviousRawEdge-CatmullRomRGB-Fixed080,3.7032389640808105,30.262606944601206,1.5586888790130615,1.7932612895965576
163,chairs,ABL-ET2X-R-PreviousRawEdge-CatmullRomRGB-Fixed080-EncodedGamma2Blend,3.6986002922058105,30.295098900588368,1.5478389263153076,1.7881038188934326
163,thin-chair,O-T2X-R,4.429243564605713,29.874118131923435,2.678619146347046,4.443047523498535
163,thin-chair,ABL-ET2X-R-PreviousRawEdge-CatmullRomRGB-Fixed080,5.44102144241333,28.006467225175168,1.872494101524353,2.140881299972534
163,thin-chair,ABL-ET2X-R-PreviousRawEdge-CatmullRomRGB-Fixed080-EncodedGamma2Blend,5.428829193115234,28.046204467013315,1.8581416606903076,2.1344258785247803
163,windows,O-T2X-R,5.110791206359863,26.531169056532583,5.880698204040527,8.0709228515625
163,windows,ABL-ET2X-R-PreviousRawEdge-CatmullRomRGB-Fixed080,6.382470607757568,24.542634752141957,4.070734977722168,4.268415451049805
163,windows,ABL-ET2X-R-PreviousRawEdge-CatmullRomRGB-Fixed080-EncodedGamma2Blend,6.3917317390441895,24.46871908661006,4.004834175109863,4.193721294403076
164,chairs,O-T2X-R,3.076709032058716,31.833176467196495,2.0813658237457275,3.507655382156372
164,chairs,ABL-ET2X-R-PreviousRawEdge-CatmullRomRGB-Fixed080,3.642822265625,30.374546264790165,1.5836546421051025,1.855987787246704
164,chairs,ABL-ET2X-R-PreviousRawEdge-CatmullRomRGB-Fixed080-EncodedGamma2Blend,3.6317381858825684,30.412219325659372,1.5782747268676758,1.8550300598144531
164,thin-chair,O-T2X-R,4.415867805480957,29.797476309655742,2.6979217529296875,4.587249755859375
164,thin-chair,ABL-ET2X-R-PreviousRawEdge-CatmullRomRGB-Fixed080,5.2936787605285645,28.181418072823217,1.9561375379562378,2.224318504333496
164,thin-chair,ABL-ET2X-R-PreviousRawEdge-CatmullRomRGB-Fixed080-EncodedGamma2Blend,5.271425247192383,28.226024399169415,1.9478627443313599,2.22383975982666
164,windows,O-T2X-R,4.968684673309326,26.632160134842565,4.10410737991333,6.864401817321777
164,windows,ABL-ET2X-R-PreviousRawEdge-CatmullRomRGB-Fixed080,6.331152439117432,24.75659826236404,4.166051387786865,4.389983177185059
164,windows,ABL-ET2X-R-PreviousRawEdge-CatmullRomRGB-Fixed080-EncodedGamma2Blend,6.336604595184326,24.69857778263918,4.114599704742432,4.306483268737793
165,chairs,O-T2X-R,3.1107420921325684,31.87481253759489,2.281947612762451,3.426799774169922
165,chairs,ABL-ET2X-R-PreviousRawEdge-CatmullRomRGB-Fixed080,3.664339303970337,30.302030557732756,1.6140798330307007,1.8312526941299438
165,chairs,ABL-ET2X-R-PreviousRawEdge-CatmullRomRGB-Fixed080-EncodedGamma2Blend,3.6504557132720947,30.338510806179567,1.6064592599868774,1.836907982826233
165,thin-chair,O-T2X-R,4.427556991577148,29.865090293393436,2.8589067459106445,4.464822769165039
165,thin-chair,ABL-ET2X-R-PreviousRawEdge-CatmullRomRGB-Fixed080,5.24532413482666,28.253966906931485,1.9249638319015503,2.2079527378082275
165,thin-chair,ABL-ET2X-R-PreviousRawEdge-CatmullRomRGB-Fixed080-EncodedGamma2Blend,5.223928928375244,28.296047203990074,1.9114800691604614,2.214691400527954
165,windows,O-T2X-R,5.3206706047058105,26.14430949334755,5.823260307312012,8.096015930175781
165,windows,ABL-ET2X-R-PreviousRawEdge-CatmullRomRGB-Fixed080,6.318180561065674,24.60989184500439,4.15027379989624,4.5089640617370605
165,windows,ABL-ET2X-R-PreviousRawEdge-CatmullRomRGB-Fixed080-EncodedGamma2Blend,6.337597846984863,24.53905080255875,4.100161552429199,4.4493513107299805
166,chairs,O-T2X-R,2.9649250507354736,32.106245153963464,2.0887346267700195,3.7592720985412598
166,chairs,ABL-ET2X-R-PreviousRawEdge-CatmullRomRGB-Fixed080,3.613297462463379,30.41278245761777,1.5493396520614624,1.902391791343689
166,chairs,ABL-ET2X-R-PreviousRawEdge-CatmullRomRGB-Fixed080-EncodedGamma2Blend,3.6005208492279053,30.43940396844526,1.5402358770370483,1.9047244787216187
166,thin-chair,O-T2X-R,4.287849426269531,29.97304147510656,2.7176454067230225,4.842452526092529
166,thin-chair,ABL-ET2X-R-PreviousRawEdge-CatmullRomRGB-Fixed080,5.211263179779053,28.305188533217283,1.8869481086730957,2.1972923278808594
166,thin-chair,ABL-ET2X-R-PreviousRawEdge-CatmullRomRGB-Fixed080-EncodedGamma2Blend,5.196821689605713,28.33334227232262,1.8713017702102661,2.1984992027282715
166,windows,O-T2X-R,5.314681053161621,25.587461569884535,4.383404731750488,7.213392734527588
166,windows,ABL-ET2X-R-PreviousRawEdge-CatmullRomRGB-Fixed080,6.653662204742432,24.06874143999403,4.037152290344238,4.193702697753906
166,windows,ABL-ET2X-R-PreviousRawEdge-CatmullRomRGB-Fixed080-EncodedGamma2Blend,6.655127048492432,24.02470850282064,3.9970335960388184,4.135671615600586
167,chairs,O-T2X-R,3.021240234375,31.915580613811127,2.0417730808258057,3.2149906158447266
167,chairs,ABL-ET2X-R-PreviousRawEdge-CatmullRomRGB-Fixed080,3.6052896976470947,30.420442416188376,1.542628288269043,1.7720531225204468
167,chairs,ABL-ET2X-R-PreviousRawEdge-CatmullRomRGB-Fixed080-EncodedGamma2Blend,3.5909831523895264,30.45022571874979,1.5370523929595947,1.775231122970581
167,thin-chair,O-T2X-R,4.342655181884766,29.833691568949263,2.594196081161499,4.2388739585876465
167,thin-chair,ABL-ET2X-R-PreviousRawEdge-CatmullRomRGB-Fixed080,5.164535999298096,28.31812729287688,1.8618031740188599,2.1257681846618652
167,thin-chair,ABL-ET2X-R-PreviousRawEdge-CatmullRomRGB-Fixed080-EncodedGamma2Blend,5.146632194519043,28.352191839121183,1.8546481132507324,2.12971568107605
167,windows,O-T2X-R,5.093896389007568,26.66422740253183,5.846599578857422,8.288952827453613
167,windows,ABL-ET2X-R-PreviousRawEdge-CatmullRomRGB-Fixed080,6.413720607757568,24.269155585047958,4.435927391052246,4.681534290313721
167,windows,ABL-ET2X-R-PreviousRawEdge-CatmullRomRGB-Fixed080-EncodedGamma2Blend,6.432356834411621,24.181924117128805,4.382063865661621,4.615281105041504
168,chairs,O-T2X-R,3.010481834411621,31.847962249869806,2.189131259918213,3.5510802268981934
168,chairs,ABL-ET2X-R-PreviousRawEdge-CatmullRomRGB-Fixed080,3.5316569805145264,30.702827721227315,1.56661057472229,1.8114192485809326
168,chairs,ABL-ET2X-R-PreviousRawEdge-CatmullRomRGB-Fixed080-EncodedGamma2Blend,3.5186686515808105,30.743043129897075,1.558485984802246,1.8182518482208252
168,thin-chair,O-T2X-R,4.3132100105285645,29.859908647060166,2.819169044494629,4.614652633666992
168,thin-chair,ABL-ET2X-R-PreviousRawEdge-CatmullRomRGB-Fixed080,5.10585355758667,28.526065566421973,1.835610270500183,2.1352200508117676
168,thin-chair,ABL-ET2X-R-PreviousRawEdge-CatmullRomRGB-Fixed080-EncodedGamma2Blend,5.084931373596191,28.572667561352457,1.825258731842041,2.1427197456359863
168,windows,O-T2X-R,5.239518165588379,26.068021384670722,3.9862685203552246,7.3929853439331055
168,windows,ABL-ET2X-R-PreviousRawEdge-CatmullRomRGB-Fixed080,6.366129398345947,24.64032208200155,4.168729305267334,4.544358253479004
168,windows,ABL-ET2X-R-PreviousRawEdge-CatmullRomRGB-Fixed080-EncodedGamma2Blend,6.3700032234191895,24.567183597868222,4.127730369567871,4.499341011047363
169,chairs,O-T2X-R,3.0228190422058105,32.0565605931221,2.1160836219787598,3.331197738647461
169,chairs,ABL-ET2X-R-PreviousRawEdge-CatmullRomRGB-Fixed080,3.537858009338379,30.702190059166277,1.608698844909668,1.8840091228485107
169,chairs,ABL-ET2X-R-PreviousRawEdge-CatmullRomRGB-Fixed080-EncodedGamma2Blend,3.5242512226104736,30.74074911934217,1.5954434871673584,1.8787357807159424
169,thin-chair,O-T2X-R,4.248846054077148,30.14157606395583,2.741633415222168,4.396974563598633
169,thin-chair,ABL-ET2X-R-PreviousRawEdge-CatmullRomRGB-Fixed080,5.128107070922852,28.495514523640693,1.903598427772522,2.2015602588653564
169,thin-chair,ABL-ET2X-R-PreviousRawEdge-CatmullRomRGB-Fixed080-EncodedGamma2Blend,5.104048252105713,28.540383859706896,1.8875216245651245,2.195730447769165
169,windows,O-T2X-R,4.797428607940674,26.85311312895939,5.68881893157959,7.6366868019104
169,windows,ABL-ET2X-R-PreviousRawEdge-CatmullRomRGB-Fixed080,6.319872856140137,24.528070643880028,4.132044792175293,4.458408355712891
169,windows,ABL-ET2X-R-PreviousRawEdge-CatmullRomRGB-Fixed080-EncodedGamma2Blend,6.3433918952941895,24.429689110436755,4.076592922210693,4.397426605224609
170,chairs,O-T2X-R,3.0105793476104736,32.02613246457612,2.140897512435913,3.5394599437713623
170,chairs,ABL-ET2X-R-PreviousRawEdge-CatmullRomRGB-Fixed080,3.597900390625,30.582102792269996,1.6182315349578857,1.904283881187439
170,chairs,ABL-ET2X-R-PreviousRawEdge-CatmullRomRGB-Fixed080-EncodedGamma2Blend,3.5833497047424316,30.616973612002436,1.6108710765838623,1.9035371541976929
170,thin-chair,O-T2X-R,4.285600185394287,30.038836284548477,2.733020782470703,4.601146221160889
170,thin-chair,ABL-ET2X-R-PreviousRawEdge-CatmullRomRGB-Fixed080,5.12831449508667,28.51519402118617,1.9037582874298096,2.2503678798675537
170,thin-chair,ABL-ET2X-R-PreviousRawEdge-CatmullRomRGB-Fixed080-EncodedGamma2Blend,5.102568626403809,28.558675150673494,1.8944525718688965,2.250932455062866
170,windows,O-T2X-R,5.065706253051758,26.220954089603556,4.358506679534912,7.4259033203125
170,windows,ABL-ET2X-R-PreviousRawEdge-CatmullRomRGB-Fixed080,6.092805862426758,24.80464400423637,4.223119258880615,4.405972957611084
170,windows,ABL-ET2X-R-PreviousRawEdge-CatmullRomRGB-Fixed080-EncodedGamma2Blend,6.104313373565674,24.730317953815955,4.186089992523193,4.352260589599609
171,chairs,O-T2X-R,3.0025391578674316,32.082782977695004,2.0722622871398926,3.2886416912078857
171,chairs,ABL-ET2X-R-PreviousRawEdge-CatmullRomRGB-Fixed080,3.5341145992279053,30.796369997985245,1.579993486404419,1.920294165611267
171,chairs,ABL-ET2X-R-PreviousRawEdge-CatmullRomRGB-Fixed080-EncodedGamma2Blend,3.5211262702941895,30.830128779435597,1.5687575340270996,1.9187395572662354
171,thin-chair,O-T2X-R,4.269560813903809,30.071271553882973,2.671846628189087,4.319138050079346
171,thin-chair,ABL-ET2X-R-PreviousRawEdge-CatmullRomRGB-Fixed080,5.092270374298096,28.62214750672805,1.9165648221969604,2.2893404960632324
171,thin-chair,ABL-ET2X-R-PreviousRawEdge-CatmullRomRGB-Fixed080-EncodedGamma2Blend,5.06699800491333,28.66386958998431,1.8978657722473145,2.286573648452759
171,windows,O-T2X-R,5.0413737297058105,26.571161117149018,5.9155683517456055,8.154472351074219
171,windows,ABL-ET2X-R-PreviousRawEdge-CatmullRomRGB-Fixed080,6.284440040588379,24.505035391347878,3.825014591217041,4.342870235443115
171,windows,ABL-ET2X-R-PreviousRawEdge-CatmullRomRGB-Fixed080-EncodedGamma2Blend,6.28955078125,24.414762839135484,3.778827667236328,4.289517402648926
172,chairs,O-T2X-R,2.9820313453674316,31.917323075234634,2.1753106117248535,3.5027732849121094
172,chairs,ABL-ET2X-R-PreviousRawEdge-CatmullRomRGB-Fixed080,3.4851725101470947,30.843191593921677,1.527348279953003,1.8048439025878906
172,chairs,ABL-ET2X-R-PreviousRawEdge-CatmullRomRGB-Fixed080-EncodedGamma2Blend,3.474414110183716,30.88452256761912,1.5197851657867432,1.8059324026107788
172,thin-chair,O-T2X-R,4.271395683288574,29.912871373189127,2.7600021362304688,4.530609607696533
172,thin-chair,ABL-ET2X-R-PreviousRawEdge-CatmullRomRGB-Fixed080,5.019383430480957,28.669541537204566,1.8498965501785278,2.169246196746826
172,thin-chair,ABL-ET2X-R-PreviousRawEdge-CatmullRomRGB-Fixed080-EncodedGamma2Blend,4.9947028160095215,28.719737691674574,1.840477705001831,2.1701488494873047
172,windows,O-T2X-R,4.800455570220947,26.814536406660356,4.175717830657959,7.2898850440979
172,windows,ABL-ET2X-R-PreviousRawEdge-CatmullRomRGB-Fixed080,6.138655662536621,24.7661161831868,4.146629810333252,4.315975189208984
172,windows,ABL-ET2X-R-PreviousRawEdge-CatmullRomRGB-Fixed080-EncodedGamma2Blend,6.1531901359558105,24.680259414052337,4.105271339416504,4.266919136047363
173,chairs,O-T2X-R,2.9827637672424316,32.12234148694665,2.025031089782715,3.258017063140869
173,chairs,ABL-ET2X-R-PreviousRawEdge-CatmullRomRGB-Fixed080,3.467317819595337,30.90347367561258,1.560304880142212,1.8315227031707764
173,chairs,ABL-ET2X-R-PreviousRawEdge-CatmullRomRGB-Fixed080-EncodedGamma2Blend,3.4588541984558105,30.94408131707519,1.5488126277923584,1.832484483718872
173,thin-chair,O-T2X-R,4.246064186096191,30.034180198928063,2.5615477561950684,4.221240520477295
173,thin-chair,ABL-ET2X-R-PreviousRawEdge-CatmullRomRGB-Fixed080,4.975704193115234,28.72592694386337,1.8804081678390503,2.223491907119751
173,thin-chair,ABL-ET2X-R-PreviousRawEdge-CatmullRomRGB-Fixed080-EncodedGamma2Blend,4.956232070922852,28.773735448239584,1.8651530742645264,2.226168632507324
173,windows,O-T2X-R,4.910449028015137,26.835492756240352,5.670773983001709,7.9287567138671875
173,windows,ABL-ET2X-R-PreviousRawEdge-CatmullRomRGB-Fixed080,6.030191898345947,25.042701899608378,4.04117488861084,4.338379859924316
173,windows,ABL-ET2X-R-PreviousRawEdge-CatmullRomRGB-Fixed080-EncodedGamma2Blend,6.0416340827941895,24.943836401995934,4.00483512878418,4.29525899887085
174,chairs,O-T2X-R,2.939957618713379,32.04654450964736,2.1803698539733887,3.5011649131774902
174,chairs,ABL-ET2X-R-PreviousRawEdge-CatmullRomRGB-Fixed080,3.4148926734924316,31.009494717748023,1.507746934890747,1.7946274280548096
174,chairs,ABL-ET2X-R-PreviousRawEdge-CatmullRomRGB-Fixed080-EncodedGamma2Blend,3.399218797683716,31.049705328031862,1.5000404119491577,1.7902276515960693
174,thin-chair,O-T2X-R,4.184747695922852,30.061634177505493,2.7239294052124023,4.442968368530273
174,thin-chair,ABL-ET2X-R-PreviousRawEdge-CatmullRomRGB-Fixed080,4.910629749298096,28.84474447411849,1.799627423286438,2.1170098781585693
174,thin-chair,ABL-ET2X-R-PreviousRawEdge-CatmullRomRGB-Fixed080-EncodedGamma2Blend,4.883700370788574,28.890269577953674,1.7903770208358765,2.1119329929351807
174,windows,O-T2X-R,4.911376953125,26.669498638108596,3.9707999229431152,7.082861423492432
174,windows,ABL-ET2X-R-PreviousRawEdge-CatmullRomRGB-Fixed080,6.137662887573242,24.678233855247804,3.8086998462677,4.005766868591309
174,windows,ABL-ET2X-R-PreviousRawEdge-CatmullRomRGB-Fixed080-EncodedGamma2Blend,6.1461262702941895,24.617166272735425,3.769848585128784,3.9629263877868652
175,chairs,O-T2X-R,2.9406087398529053,32.171923250158024,2.0361459255218506,3.2868523597717285
175,chairs,ABL-ET2X-R-PreviousRawEdge-CatmullRomRGB-Fixed080,3.4381673336029053,30.9789868986101,1.5636236667633057,1.8175828456878662
175,chairs,ABL-ET2X-R-PreviousRawEdge-CatmullRomRGB-Fixed080-EncodedGamma2Blend,3.420638084411621,31.02205810326142,1.5550249814987183,1.819939374923706
175,thin-chair,O-T2X-R,4.171963691711426,30.139999915437166,2.559875249862671,4.159947395324707
175,thin-chair,ABL-ET2X-R-PreviousRawEdge-CatmullRomRGB-Fixed080,4.9038825035095215,28.873134222307097,1.8710845708847046,2.162797689437866
175,thin-chair,ABL-ET2X-R-PreviousRawEdge-CatmullRomRGB-Fixed080-EncodedGamma2Blend,4.87890625,28.91542597364476,1.860019564628601,2.165024518966675
175,windows,O-T2X-R,4.544629096984863,27.504228490726184,5.5704803466796875,7.678560733795166
175,windows,ABL-ET2X-R-PreviousRawEdge-CatmullRomRGB-Fixed080,6.100553512573242,24.913515690255142,3.9843521118164062,4.303112983703613
175,windows,ABL-ET2X-R-PreviousRawEdge-CatmullRomRGB-Fixed080-EncodedGamma2Blend,6.102246284484863,24.84333358377238,3.9509620666503906,4.257604598999023
176,chairs,O-T2X-R,2.976106882095337,31.956721424348228,1.989534616470337,3.349641799926758
176,chairs,ABL-ET2X-R-PreviousRawEdge-CatmullRomRGB-Fixed080,3.50244140625,30.819941713550556,1.5949199199676514,1.8195457458496094
176,chairs,ABL-ET2X-R-PreviousRawEdge-CatmullRomRGB-Fixed080-EncodedGamma2Blend,3.4868814945220947,30.85089284781168,1.5877273082733154,1.8190429210662842
176,thin-chair,O-T2X-R,4.1672587394714355,30.0617685583942,2.604480266571045,4.366278171539307
176,thin-chair,ABL-ET2X-R-PreviousRawEdge-CatmullRomRGB-Fixed080,4.8864521980285645,28.880524965814654,1.8349379301071167,2.1251113414764404
176,thin-chair,ABL-ET2X-R-PreviousRawEdge-CatmullRomRGB-Fixed080-EncodedGamma2Blend,4.86934757232666,28.91123540229711,1.8244805335998535,2.1220171451568604
176,windows,O-T2X-R,4.7112956047058105,27.04769304826597,4.102487087249756,7.068789482116699
176,windows,ABL-ET2X-R-PreviousRawEdge-CatmullRomRGB-Fixed080,5.9080729484558105,25.159054733614433,4.2452497482299805,4.437108039855957
176,windows,ABL-ET2X-R-PreviousRawEdge-CatmullRomRGB-Fixed080-EncodedGamma2Blend,5.910384178161621,25.09703439148961,4.200047492980957,4.402930736541748
177,chairs,O-T2X-R,2.934358835220337,32.27158495522575,2.108339548110962,3.213479518890381
177,chairs,ABL-ET2X-R-PreviousRawEdge-CatmullRomRGB-Fixed080,3.50927734375,30.821911579455655,1.4849989414215088,1.8276796340942383
177,chairs,ABL-ET2X-R-PreviousRawEdge-CatmullRomRGB-Fixed080-EncodedGamma2Blend,3.495328664779663,30.847906530381543,1.4730819463729858,1.8306217193603516
177,thin-chair,O-T2X-R,4.12227725982666,30.253670277979626,2.490123748779297,4.092799186706543
177,thin-chair,ABL-ET2X-R-PreviousRawEdge-CatmullRomRGB-Fixed080,4.917820930480957,28.822058624356846,1.7908496856689453,2.1270644664764404
177,thin-chair,ABL-ET2X-R-PreviousRawEdge-CatmullRomRGB-Fixed080-EncodedGamma2Blend,4.902314186096191,28.845797504763016,1.7756671905517578,2.1292529106140137
177,windows,O-T2X-R,4.341243267059326,27.663187948421143,5.486977577209473,7.58914852142334
177,windows,ABL-ET2X-R-PreviousRawEdge-CatmullRomRGB-Fixed080,6.018278121948242,24.933414498115226,3.715085506439209,4.370439052581787
177,windows,ABL-ET2X-R-PreviousRawEdge-CatmullRomRGB-Fixed080-EncodedGamma2Blend,6.027409076690674,24.843775952478325,3.6607937812805176,4.312457084655762
178,chairs,O-T2X-R,2.9019694328308105,32.11006039304312,2.059373617172241,3.454714298248291
178,chairs,ABL-ET2X-R-PreviousRawEdge-CatmullRomRGB-Fixed080,3.5281739234924316,30.556891631837328,1.5904791355133057,1.839775800704956
178,chairs,ABL-ET2X-R-PreviousRawEdge-CatmullRomRGB-Fixed080-EncodedGamma2Blend,3.512483835220337,30.5811208545067,1.5811101198196411,1.8380756378173828
178,thin-chair,O-T2X-R,4.097478866577148,30.136892192089526,2.570892572402954,4.201956272125244
178,thin-chair,ABL-ET2X-R-PreviousRawEdge-CatmullRomRGB-Fixed080,4.960434436798096,28.567299805336397,1.8611091375350952,2.1927404403686523
178,thin-chair,ABL-ET2X-R-PreviousRawEdge-CatmullRomRGB-Fixed080-EncodedGamma2Blend,4.93826961517334,28.592733405307257,1.849202036857605,2.1904921531677246
178,windows,O-T2X-R,4.918196678161621,26.485623655672086,4.143240928649902,7.566885471343994
178,windows,ABL-ET2X-R-PreviousRawEdge-CatmullRomRGB-Fixed080,5.789322853088379,25.211822508091032,4.1508355140686035,4.136085510253906
178,windows,ABL-ET2X-R-PreviousRawEdge-CatmullRomRGB-Fixed080-EncodedGamma2Blend,5.7996907234191895,25.132889571601773,4.115747928619385,4.080924034118652
179,chairs,O-T2X-R,2.993945360183716,32.03369623597622,2.022247791290283,3.153733730316162
179,chairs,ABL-ET2X-R-PreviousRawEdge-CatmullRomRGB-Fixed080,3.5762858390808105,30.266745418717864,1.5630438327789307,1.862058401107788
179,chairs,ABL-ET2X-R-PreviousRawEdge-CatmullRomRGB-Fixed080-EncodedGamma2Blend,3.565462350845337,30.28817692795394,1.5521457195281982,1.8624012470245361
179,thin-chair,O-T2X-R,4.119377136230469,30.15236891746231,2.5489282608032227,4.085358142852783
179,thin-chair,ABL-ET2X-R-PreviousRawEdge-CatmullRomRGB-Fixed080,5.028202056884766,28.323182411010247,1.8408595323562622,2.181382179260254
179,thin-chair,ABL-ET2X-R-PreviousRawEdge-CatmullRomRGB-Fixed080-EncodedGamma2Blend,5.009529113769531,28.347170772637263,1.8257606029510498,2.1830952167510986
179,windows,O-T2X-R,4.8414387702941895,26.453861828984863,5.636224746704102,7.469185829162598
179,windows,ABL-ET2X-R-PreviousRawEdge-CatmullRomRGB-Fixed080,6.020947456359863,24.869209589138034,3.5166001319885254,4.1131696701049805
179,windows,ABL-ET2X-R-PreviousRawEdge-CatmullRomRGB-Fixed080-EncodedGamma2Blend,6.037760257720947,24.7776352849474,3.4716410636901855,4.069194793701172
180,chairs,O-T2X-R,2.938037157058716,32.0527344131488,2.165947914123535,3.4902331829071045
180,chairs,ABL-ET2X-R-PreviousRawEdge-CatmullRomRGB-Fixed080,3.6593260765075684,30.008586287593573,1.6281955242156982,1.879232406616211
180,chairs,ABL-ET2X-R-PreviousRawEdge-CatmullRomRGB-Fixed080-EncodedGamma2Blend,3.649218797683716,30.036149215223702,1.6159454584121704,1.8753751516342163
180,thin-chair,O-T2X-R,4.069632053375244,30.208439481324486,2.657637119293213,4.381685733795166
180,thin-chair,ABL-ET2X-R-PreviousRawEdge-CatmullRomRGB-Fixed080,5.124171257019043,28.140105673545794,1.8771113157272339,2.2343850135803223
180,thin-chair,ABL-ET2X-R-PreviousRawEdge-CatmullRomRGB-Fixed080-EncodedGamma2Blend,5.106001377105713,28.16673427620188,1.8612449169158936,2.2265214920043945
180,windows,O-T2X-R,4.524446487426758,27.193543767108615,4.158632278442383,7.394537448883057
180,windows,ABL-ET2X-R-PreviousRawEdge-CatmullRomRGB-Fixed080,5.773469924926758,25.32512958908423,3.8841404914855957,4.195690155029297
180,windows,ABL-ET2X-R-PreviousRawEdge-CatmullRomRGB-Fixed080-EncodedGamma2Blend,5.803776264190674,25.214321834159247,3.8473973274230957,4.145497798919678
181,chairs,O-T2X-R,3.098583936691284,31.61831236571278,2.185051202774048,3.703850269317627
181,chairs,ABL-ET2X-R-PreviousRawEdge-CatmullRomRGB-Fixed080,3.692675828933716,29.84662784028824,0.5627862215042114,1.5702053308486938
181,chairs,ABL-ET2X-R-PreviousRawEdge-CatmullRomRGB-Fixed080-EncodedGamma2Blend,3.690201759338379,29.85916468800893,0.5500164031982422,1.5649402141571045
181,thin-chair,O-T2X-R,4.322088241577148,29.778005070178235,2.739450454711914,4.615722179412842
181,thin-chair,ABL-ET2X-R-PreviousRawEdge-CatmullRomRGB-Fixed080,5.199662685394287,27.927613388231777,0.7561812996864319,1.8144335746765137
181,thin-chair,ABL-ET2X-R-PreviousRawEdge-CatmullRomRGB-Fixed080-EncodedGamma2Blend,5.1921162605285645,27.942167552964086,0.7402114868164062,1.8078738451004028
181,windows,O-T2X-R,4.244450092315674,27.97851152724271,3.842881679534912,6.253973484039307
181,windows,ABL-ET2X-R-PreviousRawEdge-CatmullRomRGB-Fixed080,4.962450981140137,26.442900028748216,1.5575988292694092,3.7095284461975098
181,windows,ABL-ET2X-R-PreviousRawEdge-CatmullRomRGB-Fixed080-EncodedGamma2Blend,4.991292476654053,26.395198168941473,1.5432158708572388,3.6587929725646973
182,chairs,O-T2X-R,2.772656202316284,32.37857153842635,1.1791350841522217,3.2783122062683105
182,chairs,ABL-ET2X-R-PreviousRawEdge-CatmullRomRGB-Fixed080,3.680191993713379,29.841016686961353,0.22155117988586426,0.3413962721824646
182,chairs,ABL-ET2X-R-PreviousRawEdge-CatmullRomRGB-Fixed080-EncodedGamma2Blend,3.6779134273529053,29.854950011413276,0.209975928068161,0.3401523530483246
182,thin-chair,O-T2X-R,3.896780252456665,30.58550969043736,1.5073323249816895,4.138525009155273
182,thin-chair,ABL-ET2X-R-PreviousRawEdge-CatmullRomRGB-Fixed080,5.1997809410095215,27.90039790921435,0.29344603419303894,0.4629521369934082
182,thin-chair,ABL-ET2X-R-PreviousRawEdge-CatmullRomRGB-Fixed080-EncodedGamma2Blend,5.193033695220947,27.91692460759034,0.277594655752182,0.46280744671821594
182,windows,O-T2X-R,3.6632161140441895,29.098410892712096,1.6643444299697876,5.379538536071777
182,windows,ABL-ET2X-R-PreviousRawEdge-CatmullRomRGB-Fixed080,4.660888671875,26.89943109021506,0.5404031872749329,1.0188627243041992
182,windows,ABL-ET2X-R-PreviousRawEdge-CatmullRomRGB-Fixed080-EncodedGamma2Blend,4.683187007904053,26.87592245037903,0.5415209531784058,1.0034140348434448
183,chairs,O-T2X-R,2.772656202316284,32.37857153842635,0.0,1.1791350841522217
183,chairs,ABL-ET2X-R-PreviousRawEdge-CatmullRomRGB-Fixed080,3.701936960220337,29.777902428141786,0.17346620559692383,0.04814775660634041
183,chairs,ABL-ET2X-R-PreviousRawEdge-CatmullRomRGB-Fixed080-EncodedGamma2Blend,3.6937663555145264,29.797478255023634,0.16344235837459564,0.04658934101462364
183,thin-chair,O-T2X-R,3.896780252456665,30.58550969043736,0.0,1.5073323249816895
183,thin-chair,ABL-ET2X-R-PreviousRawEdge-CatmullRomRGB-Fixed080,5.240263938903809,27.826050591377587,0.2288595736026764,0.06470059603452682
183,thin-chair,ABL-ET2X-R-PreviousRawEdge-CatmullRomRGB-Fixed080-EncodedGamma2Blend,5.22440242767334,27.847985566062746,0.21625714004039764,0.06143886223435402
183,windows,O-T2X-R,3.6632161140441895,29.098410892712096,0.0,1.6643444299697876
183,windows,ABL-ET2X-R-PreviousRawEdge-CatmullRomRGB-Fixed080,4.52490234375,27.074993399994298,0.421171098947525,0.12077192962169647
183,windows,ABL-ET2X-R-PreviousRawEdge-CatmullRomRGB-Fixed080-EncodedGamma2Blend,4.538916110992432,27.062553048906423,0.42353707551956177,0.11947713047266006
184,chairs,O-T2X-R,2.772656202316284,32.37857153842635,0.0,0.0
184,chairs,ABL-ET2X-R-PreviousRawEdge-CatmullRomRGB-Fixed080,3.7459146976470947,29.687497201254757,0.13915379345417023,0.034326620399951935
184,chairs,ABL-ET2X-R-PreviousRawEdge-CatmullRomRGB-Fixed080-EncodedGamma2Blend,3.7281901836395264,29.715139617822523,0.13050463795661926,0.03296564519405365
184,thin-chair,O-T2X-R,3.896780252456665,30.58550969043736,0.0,0.0
184,thin-chair,ABL-ET2X-R-PreviousRawEdge-CatmullRomRGB-Fixed080,5.3053975105285645,27.730593900410238,0.18471622467041016,0.04416913911700249
184,thin-chair,ABL-ET2X-R-PreviousRawEdge-CatmullRomRGB-Fixed080-EncodedGamma2Blend,5.2777581214904785,27.758925848039382,0.1730479896068573,0.043222155421972275
184,windows,O-T2X-R,3.6632161140441895,29.098410892712096,0.0,0.0
184,windows,ABL-ET2X-R-PreviousRawEdge-CatmullRomRGB-Fixed080,4.510449409484863,27.088437129915054,0.3361195921897888,0.08611072599887848
184,windows,ABL-ET2X-R-PreviousRawEdge-CatmullRomRGB-Fixed080-EncodedGamma2Blend,4.516161918640137,27.077653079552913,0.33597642183303833,0.08866284787654877
185,chairs,O-T2X-R,2.772656202316284,32.37857153842635,0.0,0.0
185,chairs,ABL-ET2X-R-PreviousRawEdge-CatmullRomRGB-Fixed080,3.7945148944854736,29.587028666389553,0.10881856828927994,0.030538219958543777
185,chairs,ABL-ET2X-R-PreviousRawEdge-CatmullRomRGB-Fixed080-EncodedGamma2Blend,3.768782615661621,29.624823947083886,0.10288907587528229,0.0278808381408453
185,thin-chair,O-T2X-R,3.896780252456665,30.58550969043736,0.0,0.0
185,thin-chair,ABL-ET2X-R-PreviousRawEdge-CatmullRomRGB-Fixed080,5.373402118682861,27.627811487392073,0.14542770385742188,0.039644721895456314
185,thin-chair,ABL-ET2X-R-PreviousRawEdge-CatmullRomRGB-Fixed080-EncodedGamma2Blend,5.335848808288574,27.6655017648606,0.13650380074977875,0.03687382489442825
185,windows,O-T2X-R,3.6632161140441895,29.098410892712096,0.0,0.0
185,windows,ABL-ET2X-R-PreviousRawEdge-CatmullRomRGB-Fixed080,4.5426106452941895,27.01235683713223,0.2693100571632385,0.06777825951576233
185,windows,ABL-ET2X-R-PreviousRawEdge-CatmullRomRGB-Fixed080-EncodedGamma2Blend,4.550455570220947,26.999842306988278,0.2680272161960602,0.06873668730258942
186,chairs,O-T2X-R,2.772656202316284,32.37857153842635,0.0,0.0
186,chairs,ABL-ET2X-R-PreviousRawEdge-CatmullRomRGB-Fixed080,3.839648485183716,29.489228715734562,0.08414292335510254,0.024815306067466736
186,chairs,ABL-ET2X-R-PreviousRawEdge-CatmullRomRGB-Fixed080-EncodedGamma2Blend,3.8067545890808105,29.536180666437172,0.08084617555141449,0.022070815786719322
186,thin-chair,O-T2X-R,3.896780252456665,30.58550969043736,0.0,0.0
186,thin-chair,ABL-ET2X-R-PreviousRawEdge-CatmullRomRGB-Fixed080,5.435872554779053,27.529187296586898,0.11142785102128983,0.03424093872308731
186,thin-chair,ABL-ET2X-R-PreviousRawEdge-CatmullRomRGB-Fixed080-EncodedGamma2Blend,5.38790225982666,27.57523684815404,0.1064174473285675,0.0301370732486248
186,windows,O-T2X-R,3.6632161140441895,29.098410892712096,0.0,0.0
186,windows,ABL-ET2X-R-PreviousRawEdge-CatmullRomRGB-Fixed080,4.590283393859863,26.89276903951354,0.21598868072032928,0.05376773327589035
186,windows,ABL-ET2X-R-PreviousRawEdge-CatmullRomRGB-Fixed080-EncodedGamma2Blend,4.5982747077941895,26.879500854872962,0.21508505940437317,0.053570497781038284
187,chairs,O-T2X-R,2.772656202316284,32.37857153842635,0.0,0.0
187,chairs,ABL-ET2X-R-PreviousRawEdge-CatmullRomRGB-Fixed080,3.8773274421691895,29.39862828346655,0.06336291134357452,0.020787155255675316
187,chairs,ABL-ET2X-R-PreviousRawEdge-CatmullRomRGB-Fixed080-EncodedGamma2Blend,3.8412108421325684,29.45296861398342,0.06277896463871002,0.018088068813085556
187,thin-chair,O-T2X-R,3.896780252456665,30.58550969043736,0.0,0.0
187,thin-chair,ABL-ET2X-R-PreviousRawEdge-CatmullRomRGB-Fixed080,5.487630367279053,27.43996221887537,0.08368528634309769,0.027755510061979294
187,thin-chair,ABL-ET2X-R-PreviousRawEdge-CatmullRomRGB-Fixed080-EncodedGamma2Blend,5.4352803230285645,27.49196312367352,0.08357551693916321,0.02287980727851391
187,windows,O-T2X-R,3.6632161140441895,29.098410892712096,0.0,0.0
187,windows,ABL-ET2X-R-PreviousRawEdge-CatmullRomRGB-Fixed080,4.642675876617432,26.760645416224964,0.17295345664024353,0.04375297576189041
187,windows,ABL-ET2X-R-PreviousRawEdge-CatmullRomRGB-Fixed080-EncodedGamma2Blend,4.649332523345947,26.74644183158929,0.17219005525112152,0.043508075177669525
188,chairs,O-T2X-R,2.772656202316284,32.37857153842635,0.0,0.0
188,chairs,ABL-ET2X-R-PreviousRawEdge-CatmullRomRGB-Fixed080,3.9105143547058105,29.31557494884514,0.04665340855717659,0.016709569841623306
188,chairs,ABL-ET2X-R-PreviousRawEdge-CatmullRomRGB-Fixed080-EncodedGamma2Blend,3.870865821838379,29.37732472192314,0.046834640204906464,0.015944402664899826
188,thin-chair,O-T2X-R,3.896780252456665,30.58550969043736,0.0,0.0
188,thin-chair,ABL-ET2X-R-PreviousRawEdge-CatmullRomRGB-Fixed080,5.533114433288574,27.357908752688683,0.06331738829612732,0.02036799117922783
188,thin-chair,ABL-ET2X-R-PreviousRawEdge-CatmullRomRGB-Fixed080-EncodedGamma2Blend,5.476414680480957,27.417041105165424,0.06334852427244186,0.020227111876010895
188,windows,O-T2X-R,3.6632161140441895,29.098410892712096,0.0,0.0
188,windows,ABL-ET2X-R-PreviousRawEdge-CatmullRomRGB-Fixed080,4.696240425109863,26.627878110601422,0.13629867136478424,0.03731657192111015
188,windows,ABL-ET2X-R-PreviousRawEdge-CatmullRomRGB-Fixed080-EncodedGamma2Blend,4.703629493713379,26.612083982275713,0.1376606673002243,0.03509238362312317
189,chairs,O-T2X-R,2.772656202316284,32.37857153842635,0.0,0.0
189,chairs,ABL-ET2X-R-PreviousRawEdge-CatmullRomRGB-Fixed080,3.937711477279663,29.245295044585372,0.03395641967654228,0.012704086489975452
189,chairs,ABL-ET2X-R-PreviousRawEdge-CatmullRomRGB-Fixed080-EncodedGamma2Blend,3.894580125808716,29.311954201836432,0.03512650728225708,0.011708185076713562
189,thin-chair,O-T2X-R,3.896780252456665,30.58550969043736,0.0,0.0
189,thin-chair,ABL-ET2X-R-PreviousRawEdge-CatmullRomRGB-Fixed080,5.571407318115234,27.286893458141677,0.04696924611926079,0.016361050307750702
189,thin-chair,ABL-ET2X-R-PreviousRawEdge-CatmullRomRGB-Fixed080-EncodedGamma2Blend,5.51035737991333,27.351370255893038,0.04787122830748558,0.015477379783987999
189,windows,O-T2X-R,3.6632161140441895,29.098410892712096,0.0,0.0
189,windows,ABL-ET2X-R-PreviousRawEdge-CatmullRomRGB-Fixed080,4.749316215515137,26.50303456262925,0.10771031677722931,0.029116611927747726
189,windows,ABL-ET2X-R-PreviousRawEdge-CatmullRomRGB-Fixed080-EncodedGamma2Blend,4.755957126617432,26.487769820153943,0.10845635831356049,0.029538268223404884
190,chairs,O-T2X-R,2.772656202316284,32.37857153842635,0.0,0.0
190,chairs,ABL-ET2X-R-PreviousRawEdge-CatmullRomRGB-Fixed080,3.959439992904663,29.186831527257546,0.024567728862166405,0.009388732723891735
190,chairs,ABL-ET2X-R-PreviousRawEdge-CatmullRomRGB-Fixed080-EncodedGamma2Blend,3.9151692390441895,29.257244517252392,0.026455100625753403,0.00867144763469696
190,thin-chair,O-T2X-R,3.896780252456665,30.58550969043736,0.0,0.0
190,thin-chair,ABL-ET2X-R-PreviousRawEdge-CatmullRomRGB-Fixed080,5.602598190307617,27.22750506406523,0.03374187648296356,0.013227427378296852
190,thin-chair,ABL-ET2X-R-PreviousRawEdge-CatmullRomRGB-Fixed080-EncodedGamma2Blend,5.539950370788574,27.296333616700352,0.03597482666373253,0.011896461248397827
190,windows,O-T2X-R,3.6632161140441895,29.098410892712096,0.0,0.0
190,windows,ABL-ET2X-R-PreviousRawEdge-CatmullRomRGB-Fixed080,4.797184467315674,26.39100801301991,0.08412939310073853,0.02381069026887417
190,windows,ABL-ET2X-R-PreviousRawEdge-CatmullRomRGB-Fixed080-EncodedGamma2Blend,4.804752826690674,26.375055929688415,0.08503587543964386,0.023726608604192734
191,chairs,O-T2X-R,2.772656202316284,32.37857153842635,0.0,0.0
191,chairs,ABL-ET2X-R-PreviousRawEdge-CatmullRomRGB-Fixed080,3.9751627445220947,29.14155475472615,0.016946006566286087,0.007628788705915213
191,chairs,ABL-ET2X-R-PreviousRawEdge-CatmullRomRGB-Fixed080-EncodedGamma2Blend,3.9315755367279053,29.212647684275126,0.01939072273671627,0.007064399309456348
191,thin-chair,O-T2X-R,3.896780252456665,30.58550969043736,0.0,0.0
191,thin-chair,ABL-ET2X-R-PreviousRawEdge-CatmullRomRGB-Fixed080,5.625147819519043,27.181442611820184,0.02354060858488083,0.010214108042418957
191,thin-chair,ABL-ET2X-R-PreviousRawEdge-CatmullRomRGB-Fixed080-EncodedGamma2Blend,5.562796115875244,27.25129375362126,0.026006711646914482,0.009968146681785583
191,windows,O-T2X-R,3.6632161140441895,29.098410892712096,0.0,0.0
191,windows,ABL-ET2X-R-PreviousRawEdge-CatmullRomRGB-Fixed080,4.840624809265137,26.29015940643512,0.06380224227905273,0.020459771156311035
191,windows,ABL-ET2X-R-PreviousRawEdge-CatmullRomRGB-Fixed080-EncodedGamma2Blend,4.8470377922058105,26.27770478726136,0.06415073573589325,0.02101733349263668
192,chairs,O-T2X-R,2.772656202316284,32.37857153842635,0.0,0.0
192,chairs,ABL-ET2X-R-PreviousRawEdge-CatmullRomRGB-Fixed080,3.9866862297058105,29.106317838680788,0.011652353219687939,0.005293665919452906
192,chairs,ABL-ET2X-R-PreviousRawEdge-CatmullRomRGB-Fixed080-EncodedGamma2Blend,3.944791555404663,29.17706936922944,0.014385293237864971,0.005005444400012493
192,thin-chair,O-T2X-R,3.896780252456665,30.58550969043736,0.0,0.0
192,thin-chair,ABL-ET2X-R-PreviousRawEdge-CatmullRomRGB-Fixed080,5.641749382019043,27.145499127942916,0.016871394589543343,0.006669232621788979
192,thin-chair,ABL-ET2X-R-PreviousRawEdge-CatmullRomRGB-Fixed080-EncodedGamma2Blend,5.581202507019043,27.21512897273966,0.019560493528842926,0.006446239538490772
192,windows,O-T2X-R,3.6632161140441895,29.098410892712096,0.0,0.0
192,windows,ABL-ET2X-R-PreviousRawEdge-CatmullRomRGB-Fixed080,4.876253128051758,26.205385478247997,0.046709123998880386,0.0171696487814188
192,windows,ABL-ET2X-R-PreviousRawEdge-CatmullRomRGB-Fixed080-EncodedGamma2Blend,4.88232421875,26.194599695791744,0.04675290733575821,0.017481427639722824
193,chairs,O-T2X-R,2.772656202316284,32.37857153842635,0.0,0.0
193,chairs,ABL-ET2X-R-PreviousRawEdge-CatmullRomRGB-Fixed080,3.994661569595337,29.079162976677733,0.007846454158425331,0.003805904882028699
193,chairs,ABL-ET2X-R-PreviousRawEdge-CatmullRomRGB-Fixed080-EncodedGamma2Blend,3.9549803733825684,29.148883452815735,0.010525008663535118,0.0038602917920798063
193,thin-chair,O-T2X-R,3.896780252456665,30.58550969043736,0.0,0.0
193,thin-chair,ABL-ET2X-R-PreviousRawEdge-CatmullRomRGB-Fixed080,5.6540303230285645,27.117137032858665,0.012256193906068802,0.004615208599716425
193,thin-chair,ABL-ET2X-R-PreviousRawEdge-CatmullRomRGB-Fixed080-EncodedGamma2Blend,5.595259189605713,27.186831196888164,0.014380362816154957,0.005180143751204014
193,windows,O-T2X-R,3.6632161140441895,29.098410892712096,0.0,0.0
193,windows,ABL-ET2X-R-PreviousRawEdge-CatmullRomRGB-Fixed080,4.904313087463379,26.13496970723873,0.03375580161809921,0.012960466556251049
193,windows,ABL-ET2X-R-PreviousRawEdge-CatmullRomRGB-Fixed080-EncodedGamma2Blend,4.910351753234863,26.12654461395288,0.03359457850456238,0.013158428482711315
194,chairs,O-T2X-R,2.772656202316284,32.37857153842635,0.0,0.0
194,chairs,ABL-ET2X-R-PreviousRawEdge-CatmullRomRGB-Fixed080,4.000292778015137,29.0582266588001,0.005356551613658667,0.002489906270056963
194,chairs,ABL-ET2X-R-PreviousRawEdge-CatmullRomRGB-Fixed080-EncodedGamma2Blend,3.962695360183716,29.126586374145866,0.00738914031535387,0.0031358771957457066
194,thin-chair,O-T2X-R,3.896780252456665,30.58550969043736,0.0,0.0
194,thin-chair,ABL-ET2X-R-PreviousRawEdge-CatmullRomRGB-Fixed080,5.662849426269531,27.095004436487017,0.008590429089963436,0.0036657736636698246
194,thin-chair,ABL-ET2X-R-PreviousRawEdge-CatmullRomRGB-Fixed080-EncodedGamma2Blend,5.60606050491333,27.164431133903534,0.010645152069628239,0.003735220991075039
194,windows,O-T2X-R,3.6632161140441895,29.098410892712096,0.0,0.0
194,windows,ABL-ET2X-R-PreviousRawEdge-CatmullRomRGB-Fixed080,4.927001953125,26.076318734585954,0.02458878420293331,0.009180807508528233
194,windows,ABL-ET2X-R-PreviousRawEdge-CatmullRomRGB-Fixed080-EncodedGamma2Blend,4.932177543640137,26.0703521497115,0.02431352809071541,0.009301895275712013
195,chairs,O-T2X-R,2.772656202316284,32.37857153842635,0.0,0.0
195,chairs,ABL-ET2X-R-PreviousRawEdge-CatmullRomRGB-Fixed080,4.004199028015137,29.04250067141929,0.003778476268053055,0.0015780788380652666
195,chairs,ABL-ET2X-R-PreviousRawEdge-CatmullRomRGB-Fixed080-EncodedGamma2Blend,3.9681804180145264,29.10916006386314,0.005162079818546772,0.0022270637564361095
195,thin-chair,O-T2X-R,3.896780252456665,30.58550969043736,0.0,0.0
195,thin-chair,ABL-ET2X-R-PreviousRawEdge-CatmullRomRGB-Fixed080,5.669270992279053,27.07803892424049,0.006346608512103558,0.002243825001642108
195,thin-chair,ABL-ET2X-R-PreviousRawEdge-CatmullRomRGB-Fixed080-EncodedGamma2Blend,5.614169120788574,27.146726504931916,0.007964204996824265,0.002680953359231353
195,windows,O-T2X-R,3.6632161140441895,29.098410892712096,0.0,0.0
195,windows,ABL-ET2X-R-PreviousRawEdge-CatmullRomRGB-Fixed080,4.944238185882568,26.029463856026766,0.017765892669558525,0.006829991936683655
195,windows,ABL-ET2X-R-PreviousRawEdge-CatmullRomRGB-Fixed080-EncodedGamma2Blend,4.948258399963379,26.025961738649414,0.017203282564878464,0.0071173617616295815
196,chairs,O-T2X-R,2.772656202316284,32.37857153842635,0.0,0.0
196,chairs,ABL-ET2X-R-PreviousRawEdge-CatmullRomRGB-Fixed080,4.006770610809326,29.03130508971804,0.0024537101853638887,0.001324767479673028
196,chairs,ABL-ET2X-R-PreviousRawEdge-CatmullRomRGB-Fixed080-EncodedGamma2Blend,3.97216796875,29.095378744600357,0.0038383291102945805,0.0013237533858045936
196,thin-chair,O-T2X-R,3.896780252456665,30.58550969043736,0.0,0.0
196,thin-chair,ABL-ET2X-R-PreviousRawEdge-CatmullRomRGB-Fixed080,5.67344331741333,27.0661151723819,0.004095808137208223,0.002250801771879196
196,thin-chair,ABL-ET2X-R-PreviousRawEdge-CatmullRomRGB-Fixed080-EncodedGamma2Blend,5.620590686798096,27.132185896684216,0.006195045541971922,0.0017691644607111812
196,windows,O-T2X-R,3.6632161140441895,29.098410892712096,0.0,0.0
196,windows,ABL-ET2X-R-PreviousRawEdge-CatmullRomRGB-Fixed080,4.956754684448242,25.993515295317515,0.012636194005608559,0.005129737313836813
196,windows,ABL-ET2X-R-PreviousRawEdge-CatmullRomRGB-Fixed080-EncodedGamma2Blend,4.960758686065674,25.990556552125366,0.012772741727530956,0.004430578555911779
197,chairs,O-T2X-R,2.772656202316284,32.37857153842635,0.0,0.0
197,chairs,ABL-ET2X-R-PreviousRawEdge-CatmullRomRGB-Fixed080,4.0084309577941895,29.023295358628815,0.0016875782748684287,0.0007661334238946438
197,chairs,ABL-ET2X-R-PreviousRawEdge-CatmullRomRGB-Fixed080-EncodedGamma2Blend,3.975081443786621,29.084744069436248,0.0028308790642768145,0.0010074533056467772
197,thin-chair,O-T2X-R,3.896780252456665,30.58550969043736,0.0,0.0
197,thin-chair,ABL-ET2X-R-PreviousRawEdge-CatmullRomRGB-Fixed080,5.676313877105713,27.057147926556645,0.0029739527963101864,0.0011218584841117263
197,thin-chair,ABL-ET2X-R-PreviousRawEdge-CatmullRomRGB-Fixed080-EncodedGamma2Blend,5.625532627105713,27.120644447049212,0.004875941202044487,0.0013191091129556298
197,windows,O-T2X-R,3.6632161140441895,29.098410892712096,0.0,0.0
197,windows,ABL-ET2X-R-PreviousRawEdge-CatmullRomRGB-Fixed080,4.965836524963379,25.966865481458225,0.009106546640396118,0.003529667854309082
197,windows,ABL-ET2X-R-PreviousRawEdge-CatmullRomRGB-Fixed080-EncodedGamma2Blend,4.969482421875,25.965865856006506,0.008796410635113716,0.003976351115852594
198,chairs,O-T2X-R,2.772656202316284,32.37857153842635,0.0,0.0
198,chairs,ABL-ET2X-R-PreviousRawEdge-CatmullRomRGB-Fixed080,4.009439945220947,29.017985680556304,0.0009796388912945986,0.000707940140273422
198,chairs,ABL-ET2X-R-PreviousRawEdge-CatmullRomRGB-Fixed080-EncodedGamma2Blend,3.977099657058716,29.07691128758977,0.0018719432409852743,0.0009589370456524193
198,thin-chair,O-T2X-R,3.896780252456665,30.58550969043736,0.0,0.0
198,thin-chair,ABL-ET2X-R-PreviousRawEdge-CatmullRomRGB-Fixed080,5.678089618682861,27.051130073241488,0.001743412809446454,0.0012305408017709851
198,thin-chair,ABL-ET2X-R-PreviousRawEdge-CatmullRomRGB-Fixed080-EncodedGamma2Blend,5.629024505615234,27.111977521036298,0.0032902874518185854,0.0015856557292863727
198,windows,O-T2X-R,3.6632161140441895,29.098410892712096,0.0,0.0
198,windows,ABL-ET2X-R-PreviousRawEdge-CatmullRomRGB-Fixed080,4.972623825073242,25.946684507834775,0.006290438584983349,0.002816120395436883
198,windows,ABL-ET2X-R-PreviousRawEdge-CatmullRomRGB-Fixed080-EncodedGamma2Blend,4.976025581359863,25.946508975227193,0.006394237279891968,0.0024021868593990803
199,chairs,O-T2X-R,2.772656202316284,32.37857153842635,0.0,0.0
199,chairs,ABL-ET2X-R-PreviousRawEdge-CatmullRomRGB-Fixed080,4.009749412536621,29.01604822404716,0.00030334951588883996,0.0006762892589904368
199,chairs,ABL-ET2X-R-PreviousRawEdge-CatmullRomRGB-Fixed080-EncodedGamma2Blend,3.9783854484558105,29.071626219569985,0.0012308299774304032,0.0006411141948774457
199,thin-chair,O-T2X-R,3.896780252456665,30.58550969043736,0.0,0.0
199,thin-chair,ABL-ET2X-R-PreviousRawEdge-CatmullRomRGB-Fixed080,5.678651809692383,27.048890248008796,0.0005515445373021066,0.0011918683303520083
199,thin-chair,ABL-ET2X-R-PreviousRawEdge-CatmullRomRGB-Fixed080-EncodedGamma2Blend,5.631303310394287,27.106020128961923,0.002200123853981495,0.0010901651112362742
199,windows,O-T2X-R,3.6632161140441895,29.098410892712096,0.0,0.0
199,windows,ABL-ET2X-R-PreviousRawEdge-CatmullRomRGB-Fixed080,4.977864742279053,25.930630616008315,0.004780906252563,0.0015095429262146354
199,windows,ABL-ET2X-R-PreviousRawEdge-CatmullRomRGB-Fixed080-EncodedGamma2Blend,4.981119632720947,25.93072365128514,0.0049078394658863544,0.0014864068944007158
200,chairs,O-T2X-R,2.772656202316284,32.37857153842635,0.0,0.0
200,chairs,ABL-ET2X-R-PreviousRawEdge-CatmullRomRGB-Fixed080,4.0098958015441895,29.01503189266859,0.0001219433470396325,0.00018140619795303792
200,chairs,ABL-ET2X-R-PreviousRawEdge-CatmullRomRGB-Fixed080-EncodedGamma2Blend,3.9793131351470947,29.067448750833616,0.0009169044205918908,0.0003139262262266129
200,thin-chair,O-T2X-R,3.896780252456665,30.58550969043736,0.0,0.0
200,thin-chair,ABL-ET2X-R-PreviousRawEdge-CatmullRomRGB-Fixed080,5.67891788482666,27.047715253885304,0.00022171517775859684,0.0003298294614069164
200,thin-chair,ABL-ET2X-R-PreviousRawEdge-CatmullRomRGB-Fixed080-EncodedGamma2Blend,5.632989883422852,27.101190087467245,0.0016670989571139216,0.0005330263520590961
200,windows,O-T2X-R,3.6632161140441895,29.098410892712096,0.0,0.0
200,windows,ABL-ET2X-R-PreviousRawEdge-CatmullRomRGB-Fixed080,4.981770992279053,25.91820616816596,0.003337068483233452,0.0014438478974625468
200,windows,ABL-ET2X-R-PreviousRawEdge-CatmullRomRGB-Fixed080-EncodedGamma2Blend,4.984895706176758,25.918689148654302,0.0035086623392999172,0.0013991899322718382
201,chairs,O-T2X-R,2.772656202316284,32.37857153842635,0.0,0.0
201,chairs,ABL-ET2X-R-PreviousRawEdge-CatmullRomRGB-Fixed080,4.009944438934326,29.014677329411022,4.8828147555468604e-05,7.311524677788839e-05
201,chairs,ABL-ET2X-R-PreviousRawEdge-CatmullRomRGB-Fixed080-EncodedGamma2Blend,3.979720115661621,29.0650962981531,0.00040100576006807387,0.0005158986896276474
201,thin-chair,O-T2X-R,3.896780252456665,30.58550969043736,0.0,0.0
201,thin-chair,ABL-ET2X-R-PreviousRawEdge-CatmullRomRGB-Fixed080,5.679007053375244,27.047305759211262,8.877844811649993e-05,0.00013293680967763066
201,thin-chair,ABL-ET2X-R-PreviousRawEdge-CatmullRomRGB-Fixed080-EncodedGamma2Blend,5.633729934692383,27.09847050269279,0.0007291013607755303,0.0009379975963383913
201,windows,O-T2X-R,3.6632161140441895,29.098410892712096,0.0,0.0
201,windows,ABL-ET2X-R-PreviousRawEdge-CatmullRomRGB-Fixed080,4.984521389007568,25.90914263367308,0.002241181442514062,0.0010958949569612741
201,windows,ABL-ET2X-R-PreviousRawEdge-CatmullRomRGB-Fixed080-EncodedGamma2Blend,4.987565040588379,25.910374096852774,0.0023605558089911938,0.0011481137480586767
202,chairs,O-T2X-R,2.772656202316284,32.37857153842635,0.0,0.0
202,chairs,ABL-ET2X-R-PreviousRawEdge-CatmullRomRGB-Fixed080,4.009961128234863,29.014557117512094,3.5253819987701718e-06,4.530276783043519e-05
202,chairs,ABL-ET2X-R-PreviousRawEdge-CatmullRomRGB-Fixed080-EncodedGamma2Blend,3.980029344558716,29.06312375197668,0.00030334971961565316,9.765650611370802e-05
202,thin-chair,O-T2X-R,3.896780252456665,30.58550969043736,0.0,0.0
202,thin-chair,ABL-ET2X-R-PreviousRawEdge-CatmullRomRGB-Fixed080,5.679036617279053,27.047166343605827,6.4097853282873984e-06,8.236866415245458e-05
202,thin-chair,ABL-ET2X-R-PreviousRawEdge-CatmullRomRGB-Fixed080-EncodedGamma2Blend,5.634292125701904,27.09619020765122,0.000551544944755733,0.00017755728913471103
202,windows,O-T2X-R,3.6632161140441895,29.098410892712096,0.0,0.0
202,windows,ABL-ET2X-R-PreviousRawEdge-CatmullRomRGB-Fixed080,4.986409664154053,25.903233768144517,0.0014872265746816993,0.0007539596990682185
202,windows,ABL-ET2X-R-PreviousRawEdge-CatmullRomRGB-Fixed080-EncodedGamma2Blend,4.989241600036621,25.905606353968608,0.0014708107337355614,0.0008897475199773908
203,chairs,O-T2X-R,2.772656202316284,32.37857153842635,0.0,0.0
203,chairs,ABL-ET2X-R-PreviousRawEdge-CatmullRomRGB-Fixed080,4.009961128234863,29.014557117512094,0.0,3.5253819987701718e-06
203,chairs,ABL-ET2X-R-PreviousRawEdge-CatmullRomRGB-Fixed080-EncodedGamma2Blend,3.9800782203674316,29.06277427506801,4.882810026174411e-05,0.00025452161207795143
203,thin-chair,O-T2X-R,3.896780252456665,30.58550969043736,0.0,0.0
203,thin-chair,ABL-ET2X-R-PreviousRawEdge-CatmullRomRGB-Fixed080,5.679036617279053,27.047166343605827,0.0,6.4097853282873984e-06
203,thin-chair,ABL-ET2X-R-PreviousRawEdge-CatmullRomRGB-Fixed080-EncodedGamma2Blend,5.63438081741333,27.095786037913413,8.877836808096617e-05,0.0004627665621228516
203,windows,O-T2X-R,3.6632161140441895,29.098410892712096,0.0,0.0
203,windows,ABL-ET2X-R-PreviousRawEdge-CatmullRomRGB-Fixed080,4.9876790046691895,25.89955996943057,0.0009654877940192819,0.0005217416910454631
203,windows,ABL-ET2X-R-PreviousRawEdge-CatmullRomRGB-Fixed080-EncodedGamma2Blend,4.990332126617432,25.902489476719413,0.000917167984880507,0.00055364437866956
204,chairs,O-T2X-R,2.772656202316284,32.37857153842635,0.0,0.0
204,chairs,ABL-ET2X-R-PreviousRawEdge-CatmullRomRGB-Fixed080,4.009961128234863,29.014557117512094,0.0,0.0
204,chairs,ABL-ET2X-R-PreviousRawEdge-CatmullRomRGB-Fixed080-EncodedGamma2Blend,3.9801268577575684,29.062419488266926,4.8828147555468604e-05,4.6566129424663316e-11
204,thin-chair,O-T2X-R,3.896780252456665,30.58550969043736,0.0,0.0
204,thin-chair,ABL-ET2X-R-PreviousRawEdge-CatmullRomRGB-Fixed080,5.679036617279053,27.047166343605827,0.0,0.0
204,thin-chair,ABL-ET2X-R-PreviousRawEdge-CatmullRomRGB-Fixed080-EncodedGamma2Blend,5.634469509124756,27.095376162576734,8.877844811649993e-05,8.466569112464128e-11
204,windows,O-T2X-R,3.6632161140441895,29.098410892712096,0.0,0.0
204,windows,ABL-ET2X-R-PreviousRawEdge-CatmullRomRGB-Fixed080,4.988379001617432,25.897800914672466,0.0004653515643440187,0.0005001375684514642
204,windows,ABL-ET2X-R-PreviousRawEdge-CatmullRomRGB-Fixed080-EncodedGamma2Blend,4.991129398345947,25.900406852807887,0.0005274413852021098,0.00038972822949290276
205,chairs,O-T2X-R,2.772656202316284,32.37857153842635,0.0,0.0
205,chairs,ABL-ET2X-R-PreviousRawEdge-CatmullRomRGB-Fixed080,4.009961128234863,29.014557117512094,0.0,0.0
205,chairs,ABL-ET2X-R-PreviousRawEdge-CatmullRomRGB-Fixed080-EncodedGamma2Blend,3.9801268577575684,29.062419488266926,0.0,4.8828147555468604e-05
205,thin-chair,O-T2X-R,3.896780252456665,30.58550969043736,0.0,0.0
205,thin-chair,ABL-ET2X-R-PreviousRawEdge-CatmullRomRGB-Fixed080,5.679036617279053,27.047166343605827,0.0,0.0
205,thin-chair,ABL-ET2X-R-PreviousRawEdge-CatmullRomRGB-Fixed080-EncodedGamma2Blend,5.634469509124756,27.095376162576734,0.0,8.877844811649993e-05
205,windows,O-T2X-R,3.6632161140441895,29.098410892712096,0.0,0.0
205,windows,ABL-ET2X-R-PreviousRawEdge-CatmullRomRGB-Fixed080,4.988704204559326,25.89691650378508,0.00026752924895845354,0.00019782297022175044
205,windows,ABL-ET2X-R-PreviousRawEdge-CatmullRomRGB-Fixed080-EncodedGamma2Blend,4.991438865661621,25.899470770822994,0.00022575193725060672,0.0003016898990608752
206,chairs,O-T2X-R,2.772656202316284,32.37857153842635,0.0,0.0
206,chairs,ABL-ET2X-R-PreviousRawEdge-CatmullRomRGB-Fixed080,4.009961128234863,29.014557117512094,0.0,0.0
206,chairs,ABL-ET2X-R-PreviousRawEdge-CatmullRomRGB-Fixed080-EncodedGamma2Blend,3.9801268577575684,29.062419488266926,0.0,0.0
206,thin-chair,O-T2X-R,3.896780252456665,30.58550969043736,0.0,0.0
206,thin-chair,ABL-ET2X-R-PreviousRawEdge-CatmullRomRGB-Fixed080,5.679036617279053,27.047166343605827,0.0,0.0
206,thin-chair,ABL-ET2X-R-PreviousRawEdge-CatmullRomRGB-Fixed080-EncodedGamma2Blend,5.634469509124756,27.095376162576734,0.0,0.0
206,windows,O-T2X-R,3.6632161140441895,29.098410892712096,0.0,0.0
206,windows,ABL-ET2X-R-PreviousRawEdge-CatmullRomRGB-Fixed080,4.9888997077941895,25.89638998444912,0.00014225556515157223,0.00012527387298177928
206,windows,ABL-ET2X-R-PreviousRawEdge-CatmullRomRGB-Fixed080-EncodedGamma2Blend,4.991633892059326,25.89893720318832,0.00014225552149582654,8.349660492967814e-05
207,chairs,O-T2X-R,2.772656202316284,32.37857153842635,0.0,0.0
207,chairs,ABL-ET2X-R-PreviousRawEdge-CatmullRomRGB-Fixed080,4.009961128234863,29.014557117512094,0.0,0.0
207,chairs,ABL-ET2X-R-PreviousRawEdge-CatmullRomRGB-Fixed080-EncodedGamma2Blend,3.9801268577575684,29.062419488266926,0.0,0.0
207,thin-chair,O-T2X-R,3.896780252456665,30.58550969043736,0.0,0.0
207,thin-chair,ABL-ET2X-R-PreviousRawEdge-CatmullRomRGB-Fixed080,5.679036617279053,27.047166343605827,0.0,0.0
207,thin-chair,ABL-ET2X-R-PreviousRawEdge-CatmullRomRGB-Fixed080-EncodedGamma2Blend,5.634469509124756,27.095376162576734,0.0,0.0
207,windows,O-T2X-R,3.6632161140441895,29.098410892712096,0.0,0.0
207,windows,ABL-ET2X-R-PreviousRawEdge-CatmullRomRGB-Fixed080,4.988948345184326,25.896222414936258,3.114254286629148e-05,0.00011111311323475093
207,windows,ABL-ET2X-R-PreviousRawEdge-CatmullRomRGB-Fixed080-EncodedGamma2Blend,4.991666793823242,25.89884524273002,2.0761694031534716e-05,0.000121493918413762
208,chairs,O-T2X-R,2.772656202316284,32.37857153842635,0.0,0.0
208,chairs,ABL-ET2X-R-PreviousRawEdge-CatmullRomRGB-Fixed080,4.009961128234863,29.014557117512094,0.0,0.0
208,chairs,ABL-ET2X-R-PreviousRawEdge-CatmullRomRGB-Fixed080-EncodedGamma2Blend,3.9801268577575684,29.062419488266926,0.0,0.0
208,thin-chair,O-T2X-R,3.896780252456665,30.58550969043736,0.0,0.0
208,thin-chair,ABL-ET2X-R-PreviousRawEdge-CatmullRomRGB-Fixed080,5.679036617279053,27.047166343605827,0.0,0.0
208,thin-chair,ABL-ET2X-R-PreviousRawEdge-CatmullRomRGB-Fixed080-EncodedGamma2Blend,5.634469509124756,27.095376162576734,0.0,0.0
208,windows,O-T2X-R,3.6632161140441895,29.098410892712096,0.0,0.0
208,windows,ABL-ET2X-R-PreviousRawEdge-CatmullRomRGB-Fixed080,4.988965034484863,25.896164579205767,1.038089430949185e-05,2.076174132525921e-05
208,windows,ABL-ET2X-R-PreviousRawEdge-CatmullRomRGB-Fixed080-EncodedGamma2Blend,4.991683006286621,25.898788164804255,1.0380847015767358e-05,1.0380847015767358e-05
209,chairs,O-T2X-R,2.772656202316284,32.37857153842635,0.0,0.0
209,chairs,ABL-ET2X-R-PreviousRawEdge-CatmullRomRGB-Fixed080,4.009961128234863,29.014557117512094,0.0,0.0
209,chairs,ABL-ET2X-R-PreviousRawEdge-CatmullRomRGB-Fixed080-EncodedGamma2Blend,3.9801268577575684,29.062419488266926,0.0,0.0
209,thin-chair,O-T2X-R,3.896780252456665,30.58550969043736,0.0,0.0
209,thin-chair,ABL-ET2X-R-PreviousRawEdge-CatmullRomRGB-Fixed080,5.679036617279053,27.047166343605827,0.0,0.0
209,thin-chair,ABL-ET2X-R-PreviousRawEdge-CatmullRomRGB-Fixed080-EncodedGamma2Blend,5.634469509124756,27.095376162576734,0.0,0.0
209,windows,O-T2X-R,3.6632161140441895,29.098410892712096,0.0,0.0
209,windows,ABL-ET2X-R-PreviousRawEdge-CatmullRomRGB-Fixed080,4.988981246948242,25.89610555586395,1.0380847015767358e-05,4.6566129424663316e-11
209,windows,ABL-ET2X-R-PreviousRawEdge-CatmullRomRGB-Fixed080-EncodedGamma2Blend,4.99169921875,25.898729898528792,1.038089430949185e-05,4.6566129424663316e-11
210,chairs,O-T2X-R,2.772656202316284,32.37857153842635,0.0,0.0
210,chairs,ABL-ET2X-R-PreviousRawEdge-CatmullRomRGB-Fixed080,4.009961128234863,29.014557117512094,0.0,0.0
210,chairs,ABL-ET2X-R-PreviousRawEdge-CatmullRomRGB-Fixed080-EncodedGamma2Blend,3.9801268577575684,29.062419488266926,0.0,0.0
210,thin-chair,O-T2X-R,3.896780252456665,30.58550969043736,0.0,0.0
210,thin-chair,ABL-ET2X-R-PreviousRawEdge-CatmullRomRGB-Fixed080,5.679036617279053,27.047166343605827,0.0,0.0
210,thin-chair,ABL-ET2X-R-PreviousRawEdge-CatmullRomRGB-Fixed080-EncodedGamma2Blend,5.634469509124756,27.095376162576734,0.0,0.0
210,windows,O-T2X-R,3.6632161140441895,29.098410892712096,0.0,0.0
210,windows,ABL-ET2X-R-PreviousRawEdge-CatmullRomRGB-Fixed080,4.988981246948242,25.89610555586395,0.0,1.0380847015767358e-05
210,windows,ABL-ET2X-R-PreviousRawEdge-CatmullRomRGB-Fixed080-EncodedGamma2Blend,4.99169921875,25.898729898528792,0.0,1.038089430949185e-05
211,chairs,O-T2X-R,2.772656202316284,32.37857153842635,0.0,0.0
211,chairs,ABL-ET2X-R-PreviousRawEdge-CatmullRomRGB-Fixed080,4.009961128234863,29.014557117512094,0.0,0.0
211,chairs,ABL-ET2X-R-PreviousRawEdge-CatmullRomRGB-Fixed080-EncodedGamma2Blend,3.9801268577575684,29.062419488266926,0.0,0.0
211,thin-chair,O-T2X-R,3.896780252456665,30.58550969043736,0.0,0.0
211,thin-chair,ABL-ET2X-R-PreviousRawEdge-CatmullRomRGB-Fixed080,5.679036617279053,27.047166343605827,0.0,0.0
211,thin-chair,ABL-ET2X-R-PreviousRawEdge-CatmullRomRGB-Fixed080-EncodedGamma2Blend,5.634469509124756,27.095376162576734,0.0,0.0
211,windows,O-T2X-R,3.6632161140441895,29.098410892712096,0.0,0.0
211,windows,ABL-ET2X-R-PreviousRawEdge-CatmullRomRGB-Fixed080,4.988981246948242,25.89610555586395,0.0,0.0
211,windows,ABL-ET2X-R-PreviousRawEdge-CatmullRomRGB-Fixed080-EncodedGamma2Blend,4.99169921875,25.898729898528792,0.0,0.0
212,chairs,O-T2X-R,2.772656202316284,32.37857153842635,0.0,0.0
212,chairs,ABL-ET2X-R-PreviousRawEdge-CatmullRomRGB-Fixed080,4.009961128234863,29.014557117512094,0.0,0.0
212,chairs,ABL-ET2X-R-PreviousRawEdge-CatmullRomRGB-Fixed080-EncodedGamma2Blend,3.9801268577575684,29.062419488266926,0.0,0.0
212,thin-chair,O-T2X-R,3.896780252456665,30.58550969043736,0.0,0.0
212,thin-chair,ABL-ET2X-R-PreviousRawEdge-CatmullRomRGB-Fixed080,5.679036617279053,27.047166343605827,0.0,0.0
212,thin-chair,ABL-ET2X-R-PreviousRawEdge-CatmullRomRGB-Fixed080-EncodedGamma2Blend,5.634469509124756,27.095376162576734,0.0,0.0
212,windows,O-T2X-R,3.6632161140441895,29.098410892712096,0.0,0.0
212,windows,ABL-ET2X-R-PreviousRawEdge-CatmullRomRGB-Fixed080,4.988981246948242,25.89610555586395,0.0,0.0
212,windows,ABL-ET2X-R-PreviousRawEdge-CatmullRomRGB-Fixed080-EncodedGamma2Blend,4.99169921875,25.898729898528792,0.0,0.0
213,chairs,O-T2X-R,2.772656202316284,32.37857153842635,0.0,0.0
213,chairs,ABL-ET2X-R-PreviousRawEdge-CatmullRomRGB-Fixed080,4.009961128234863,29.014557117512094,0.0,0.0
213,chairs,ABL-ET2X-R-PreviousRawEdge-CatmullRomRGB-Fixed080-EncodedGamma2Blend,3.9801268577575684,29.062419488266926,0.0,0.0
213,thin-chair,O-T2X-R,3.896780252456665,30.58550969043736,0.0,0.0
213,thin-chair,ABL-ET2X-R-PreviousRawEdge-CatmullRomRGB-Fixed080,5.679036617279053,27.047166343605827,0.0,0.0
213,thin-chair,ABL-ET2X-R-PreviousRawEdge-CatmullRomRGB-Fixed080-EncodedGamma2Blend,5.634469509124756,27.095376162576734,0.0,0.0
213,windows,O-T2X-R,3.6632161140441895,29.098410892712096,0.0,0.0
213,windows,ABL-ET2X-R-PreviousRawEdge-CatmullRomRGB-Fixed080,4.988981246948242,25.89610555586395,0.0,0.0
213,windows,ABL-ET2X-R-PreviousRawEdge-CatmullRomRGB-Fixed080-EncodedGamma2Blend,4.99169921875,25.898729898528792,0.0,0.0
214,chairs,O-T2X-R,2.772656202316284,32.37857153842635,0.0,0.0
214,chairs,ABL-ET2X-R-PreviousRawEdge-CatmullRomRGB-Fixed080,4.009961128234863,29.014557117512094,0.0,0.0
214,chairs,ABL-ET2X-R-PreviousRawEdge-CatmullRomRGB-Fixed080-EncodedGamma2Blend,3.9801268577575684,29.062419488266926,0.0,0.0
214,thin-chair,O-T2X-R,3.896780252456665,30.58550969043736,0.0,0.0
214,thin-chair,ABL-ET2X-R-PreviousRawEdge-CatmullRomRGB-Fixed080,5.679036617279053,27.047166343605827,0.0,0.0
214,thin-chair,ABL-ET2X-R-PreviousRawEdge-CatmullRomRGB-Fixed080-EncodedGamma2Blend,5.634469509124756,27.095376162576734,0.0,0.0
214,windows,O-T2X-R,3.6632161140441895,29.098410892712096,0.0,0.0
214,windows,ABL-ET2X-R-PreviousRawEdge-CatmullRomRGB-Fixed080,4.988981246948242,25.89610555586395,0.0,0.0
214,windows,ABL-ET2X-R-PreviousRawEdge-CatmullRomRGB-Fixed080-EncodedGamma2Blend,4.99169921875,25.898729898528792,0.0,0.0
215,chairs,O-T2X-R,2.772656202316284,32.37857153842635,0.0,0.0
215,chairs,ABL-ET2X-R-PreviousRawEdge-CatmullRomRGB-Fixed080,4.009961128234863,29.014557117512094,0.0,0.0
215,chairs,ABL-ET2X-R-PreviousRawEdge-CatmullRomRGB-Fixed080-EncodedGamma2Blend,3.9801268577575684,29.062419488266926,0.0,0.0
215,thin-chair,O-T2X-R,3.896780252456665,30.58550969043736,0.0,0.0
215,thin-chair,ABL-ET2X-R-PreviousRawEdge-CatmullRomRGB-Fixed080,5.679036617279053,27.047166343605827,0.0,0.0
215,thin-chair,ABL-ET2X-R-PreviousRawEdge-CatmullRomRGB-Fixed080-EncodedGamma2Blend,5.634469509124756,27.095376162576734,0.0,0.0
215,windows,O-T2X-R,3.6632161140441895,29.098410892712096,0.0,0.0
215,windows,ABL-ET2X-R-PreviousRawEdge-CatmullRomRGB-Fixed080,4.988981246948242,25.89610555586395,0.0,0.0
215,windows,ABL-ET2X-R-PreviousRawEdge-CatmullRomRGB-Fixed080-EncodedGamma2Blend,4.99169921875,25.898729898528792,0.0,0.0
216,chairs,O-T2X-R,2.772656202316284,32.37857153842635,0.0,0.0
216,chairs,ABL-ET2X-R-PreviousRawEdge-CatmullRomRGB-Fixed080,4.009961128234863,29.014557117512094,0.0,0.0
216,chairs,ABL-ET2X-R-PreviousRawEdge-CatmullRomRGB-Fixed080-EncodedGamma2Blend,3.9801268577575684,29.062419488266926,0.0,0.0
216,thin-chair,O-T2X-R,3.896780252456665,30.58550969043736,0.0,0.0
216,thin-chair,ABL-ET2X-R-PreviousRawEdge-CatmullRomRGB-Fixed080,5.679036617279053,27.047166343605827,0.0,0.0
216,thin-chair,ABL-ET2X-R-PreviousRawEdge-CatmullRomRGB-Fixed080-EncodedGamma2Blend,5.634469509124756,27.095376162576734,0.0,0.0
216,windows,O-T2X-R,3.6632161140441895,29.098410892712096,0.0,0.0
216,windows,ABL-ET2X-R-PreviousRawEdge-CatmullRomRGB-Fixed080,4.988981246948242,25.89610555586395,0.0,0.0
216,windows,ABL-ET2X-R-PreviousRawEdge-CatmullRomRGB-Fixed080-EncodedGamma2Blend,4.99169921875,25.898729898528792,0.0,0.0
217,chairs,O-T2X-R,2.772656202316284,32.37857153842635,0.0,0.0
217,chairs,ABL-ET2X-R-PreviousRawEdge-CatmullRomRGB-Fixed080,4.009961128234863,29.014557117512094,0.0,0.0
217,chairs,ABL-ET2X-R-PreviousRawEdge-CatmullRomRGB-Fixed080-EncodedGamma2Blend,3.9801268577575684,29.062419488266926,0.0,0.0
217,thin-chair,O-T2X-R,3.896780252456665,30.58550969043736,0.0,0.0
217,thin-chair,ABL-ET2X-R-PreviousRawEdge-CatmullRomRGB-Fixed080,5.679036617279053,27.047166343605827,0.0,0.0
217,thin-chair,ABL-ET2X-R-PreviousRawEdge-CatmullRomRGB-Fixed080-EncodedGamma2Blend,5.634469509124756,27.095376162576734,0.0,0.0
217,windows,O-T2X-R,3.6632161140441895,29.098410892712096,0.0,0.0
217,windows,ABL-ET2X-R-PreviousRawEdge-CatmullRomRGB-Fixed080,4.988981246948242,25.89610555586395,0.0,0.0
217,windows,ABL-ET2X-R-PreviousRawEdge-CatmullRomRGB-Fixed080-EncodedGamma2Blend,4.99169921875,25.898729898528792,0.0,0.0
218,chairs,O-T2X-R,2.772656202316284,32.37857153842635,0.0,0.0
218,chairs,ABL-ET2X-R-PreviousRawEdge-CatmullRomRGB-Fixed080,4.009961128234863,29.014557117512094,0.0,0.0
218,chairs,ABL-ET2X-R-PreviousRawEdge-CatmullRomRGB-Fixed080-EncodedGamma2Blend,3.9801268577575684,29.062419488266926,0.0,0.0
218,thin-chair,O-T2X-R,3.896780252456665,30.58550969043736,0.0,0.0
218,thin-chair,ABL-ET2X-R-PreviousRawEdge-CatmullRomRGB-Fixed080,5.679036617279053,27.047166343605827,0.0,0.0
218,thin-chair,ABL-ET2X-R-PreviousRawEdge-CatmullRomRGB-Fixed080-EncodedGamma2Blend,5.634469509124756,27.095376162576734,0.0,0.0
218,windows,O-T2X-R,3.6632161140441895,29.098410892712096,0.0,0.0
218,windows,ABL-ET2X-R-PreviousRawEdge-CatmullRomRGB-Fixed080,4.988981246948242,25.89610555586395,0.0,0.0
218,windows,ABL-ET2X-R-PreviousRawEdge-CatmullRomRGB-Fixed080-EncodedGamma2Blend,4.99169921875,25.898729898528792,0.0,0.0
219,chairs,O-T2X-R,2.772656202316284,32.37857153842635,0.0,0.0
219,chairs,ABL-ET2X-R-PreviousRawEdge-CatmullRomRGB-Fixed080,4.009961128234863,29.014557117512094,0.0,0.0
219,chairs,ABL-ET2X-R-PreviousRawEdge-CatmullRomRGB-Fixed080-EncodedGamma2Blend,3.9801268577575684,29.062419488266926,0.0,0.0
219,thin-chair,O-T2X-R,3.896780252456665,30.58550969043736,0.0,0.0
219,thin-chair,ABL-ET2X-R-PreviousRawEdge-CatmullRomRGB-Fixed080,5.679036617279053,27.047166343605827,0.0,0.0
219,thin-chair,ABL-ET2X-R-PreviousRawEdge-CatmullRomRGB-Fixed080-EncodedGamma2Blend,5.634469509124756,27.095376162576734,0.0,0.0
219,windows,O-T2X-R,3.6632161140441895,29.098410892712096,0.0,0.0
219,windows,ABL-ET2X-R-PreviousRawEdge-CatmullRomRGB-Fixed080,4.988981246948242,25.89610555586395,0.0,0.0
219,windows,ABL-ET2X-R-PreviousRawEdge-CatmullRomRGB-Fixed080-EncodedGamma2Blend,4.99169921875,25.898729898528792,0.0,0.0
220,chairs,O-T2X-R,2.772656202316284,32.37857153842635,0.0,0.0
220,chairs,ABL-ET2X-R-PreviousRawEdge-CatmullRomRGB-Fixed080,4.009961128234863,29.014557117512094,0.0,0.0
220,chairs,ABL-ET2X-R-PreviousRawEdge-CatmullRomRGB-Fixed080-EncodedGamma2Blend,3.9801268577575684,29.062419488266926,0.0,0.0
220,thin-chair,O-T2X-R,3.896780252456665,30.58550969043736,0.0,0.0
220,thin-chair,ABL-ET2X-R-PreviousRawEdge-CatmullRomRGB-Fixed080,5.679036617279053,27.047166343605827,0.0,0.0
220,thin-chair,ABL-ET2X-R-PreviousRawEdge-CatmullRomRGB-Fixed080-EncodedGamma2Blend,5.634469509124756,27.095376162576734,0.0,0.0
220,windows,O-T2X-R,3.6632161140441895,29.098410892712096,0.0,0.0
220,windows,ABL-ET2X-R-PreviousRawEdge-CatmullRomRGB-Fixed080,4.988981246948242,25.89610555586395,0.0,0.0
220,windows,ABL-ET2X-R-PreviousRawEdge-CatmullRomRGB-Fixed080-EncodedGamma2Blend,4.99169921875,25.898729898528792,0.0,0.0
221,chairs,O-T2X-R,2.772656202316284,32.37857153842635,0.0,0.0
221,chairs,ABL-ET2X-R-PreviousRawEdge-CatmullRomRGB-Fixed080,4.009961128234863,29.014557117512094,0.0,0.0
221,chairs,ABL-ET2X-R-PreviousRawEdge-CatmullRomRGB-Fixed080-EncodedGamma2Blend,3.9801268577575684,29.062419488266926,0.0,0.0
221,thin-chair,O-T2X-R,3.896780252456665,30.58550969043736,0.0,0.0
221,thin-chair,ABL-ET2X-R-PreviousRawEdge-CatmullRomRGB-Fixed080,5.679036617279053,27.047166343605827,0.0,0.0
221,thin-chair,ABL-ET2X-R-PreviousRawEdge-CatmullRomRGB-Fixed080-EncodedGamma2Blend,5.634469509124756,27.095376162576734,0.0,0.0
221,windows,O-T2X-R,3.6632161140441895,29.098410892712096,0.0,0.0
221,windows,ABL-ET2X-R-PreviousRawEdge-CatmullRomRGB-Fixed080,4.988981246948242,25.89610555586395,0.0,0.0
221,windows,ABL-ET2X-R-PreviousRawEdge-CatmullRomRGB-Fixed080-EncodedGamma2Blend,4.99169921875,25.898729898528792,0.0,0.0
222,chairs,O-T2X-R,2.772656202316284,32.37857153842635,0.0,0.0
222,chairs,ABL-ET2X-R-PreviousRawEdge-CatmullRomRGB-Fixed080,4.009961128234863,29.014557117512094,0.0,0.0
222,chairs,ABL-ET2X-R-PreviousRawEdge-CatmullRomRGB-Fixed080-EncodedGamma2Blend,3.9801268577575684,29.062419488266926,0.0,0.0
222,thin-chair,O-T2X-R,3.896780252456665,30.58550969043736,0.0,0.0
222,thin-chair,ABL-ET2X-R-PreviousRawEdge-CatmullRomRGB-Fixed080,5.679036617279053,27.047166343605827,0.0,0.0
222,thin-chair,ABL-ET2X-R-PreviousRawEdge-CatmullRomRGB-Fixed080-EncodedGamma2Blend,5.634469509124756,27.095376162576734,0.0,0.0
222,windows,O-T2X-R,3.6632161140441895,29.098410892712096,0.0,0.0
222,windows,ABL-ET2X-R-PreviousRawEdge-CatmullRomRGB-Fixed080,4.988981246948242,25.89610555586395,0.0,0.0
222,windows,ABL-ET2X-R-PreviousRawEdge-CatmullRomRGB-Fixed080-EncodedGamma2Blend,4.99169921875,25.898729898528792,0.0,0.0
223,chairs,O-T2X-R,2.772656202316284,32.37857153842635,0.0,0.0
223,chairs,ABL-ET2X-R-PreviousRawEdge-CatmullRomRGB-Fixed080,4.009961128234863,29.014557117512094,0.0,0.0
223,chairs,ABL-ET2X-R-PreviousRawEdge-CatmullRomRGB-Fixed080-EncodedGamma2Blend,3.9801268577575684,29.062419488266926,0.0,0.0
223,thin-chair,O-T2X-R,3.896780252456665,30.58550969043736,0.0,0.0
223,thin-chair,ABL-ET2X-R-PreviousRawEdge-CatmullRomRGB-Fixed080,5.679036617279053,27.047166343605827,0.0,0.0
223,thin-chair,ABL-ET2X-R-PreviousRawEdge-CatmullRomRGB-Fixed080-EncodedGamma2Blend,5.634469509124756,27.095376162576734,0.0,0.0
223,windows,O-T2X-R,3.6632161140441895,29.098410892712096,0.0,0.0
223,windows,ABL-ET2X-R-PreviousRawEdge-CatmullRomRGB-Fixed080,4.988981246948242,25.89610555586395,0.0,0.0
223,windows,ABL-ET2X-R-PreviousRawEdge-CatmullRomRGB-Fixed080-EncodedGamma2Blend,4.99169921875,25.898729898528792,0.0,0.0
224,chairs,O-T2X-R,2.772656202316284,32.37857153842635,0.0,0.0
224,chairs,ABL-ET2X-R-PreviousRawEdge-CatmullRomRGB-Fixed080,4.009961128234863,29.014557117512094,0.0,0.0
224,chairs,ABL-ET2X-R-PreviousRawEdge-CatmullRomRGB-Fixed080-EncodedGamma2Blend,3.9801268577575684,29.062419488266926,0.0,0.0
224,thin-chair,O-T2X-R,3.896780252456665,30.58550969043736,0.0,0.0
224,thin-chair,ABL-ET2X-R-PreviousRawEdge-CatmullRomRGB-Fixed080,5.679036617279053,27.047166343605827,0.0,0.0
224,thin-chair,ABL-ET2X-R-PreviousRawEdge-CatmullRomRGB-Fixed080-EncodedGamma2Blend,5.634469509124756,27.095376162576734,0.0,0.0
224,windows,O-T2X-R,3.6632161140441895,29.098410892712096,0.0,0.0
224,windows,ABL-ET2X-R-PreviousRawEdge-CatmullRomRGB-Fixed080,4.988981246948242,25.89610555586395,0.0,0.0
224,windows,ABL-ET2X-R-PreviousRawEdge-CatmullRomRGB-Fixed080-EncodedGamma2Blend,4.99169921875,25.898729898528792,0.0,0.0
225,chairs,O-T2X-R,2.772656202316284,32.37857153842635,0.0,0.0
225,chairs,ABL-ET2X-R-PreviousRawEdge-CatmullRomRGB-Fixed080,4.009961128234863,29.014557117512094,0.0,0.0
225,chairs,ABL-ET2X-R-PreviousRawEdge-CatmullRomRGB-Fixed080-EncodedGamma2Blend,3.9801268577575684,29.062419488266926,0.0,0.0
225,thin-chair,O-T2X-R,3.896780252456665,30.58550969043736,0.0,0.0
225,thin-chair,ABL-ET2X-R-PreviousRawEdge-CatmullRomRGB-Fixed080,5.679036617279053,27.047166343605827,0.0,0.0
225,thin-chair,ABL-ET2X-R-PreviousRawEdge-CatmullRomRGB-Fixed080-EncodedGamma2Blend,5.634469509124756,27.095376162576734,0.0,0.0
225,windows,O-T2X-R,3.6632161140441895,29.098410892712096,0.0,0.0
225,windows,ABL-ET2X-R-PreviousRawEdge-CatmullRomRGB-Fixed080,4.988981246948242,25.89610555586395,0.0,0.0
225,windows,ABL-ET2X-R-PreviousRawEdge-CatmullRomRGB-Fixed080-EncodedGamma2Blend,4.99169921875,25.898729898528792,0.0,0.0
226,chairs,O-T2X-R,2.772656202316284,32.37857153842635,0.0,0.0
226,chairs,ABL-ET2X-R-PreviousRawEdge-CatmullRomRGB-Fixed080,4.009961128234863,29.014557117512094,0.0,0.0
226,chairs,ABL-ET2X-R-PreviousRawEdge-CatmullRomRGB-Fixed080-EncodedGamma2Blend,3.9801268577575684,29.062419488266926,0.0,0.0
226,thin-chair,O-T2X-R,3.896780252456665,30.58550969043736,0.0,0.0
226,thin-chair,ABL-ET2X-R-PreviousRawEdge-CatmullRomRGB-Fixed080,5.679036617279053,27.047166343605827,0.0,0.0
226,thin-chair,ABL-ET2X-R-PreviousRawEdge-CatmullRomRGB-Fixed080-EncodedGamma2Blend,5.634469509124756,27.095376162576734,0.0,0.0
226,windows,O-T2X-R,3.6632161140441895,29.098410892712096,0.0,0.0
226,windows,ABL-ET2X-R-PreviousRawEdge-CatmullRomRGB-Fixed080,4.988981246948242,25.89610555586395,0.0,0.0
226,windows,ABL-ET2X-R-PreviousRawEdge-CatmullRomRGB-Fixed080-EncodedGamma2Blend,4.99169921875,25.898729898528792,0.0,0.0
227,chairs,O-T2X-R,2.772656202316284,32.37857153842635,0.0,0.0
227,chairs,ABL-ET2X-R-PreviousRawEdge-CatmullRomRGB-Fixed080,4.009961128234863,29.014557117512094,0.0,0.0
227,chairs,ABL-ET2X-R-PreviousRawEdge-CatmullRomRGB-Fixed080-EncodedGamma2Blend,3.9801268577575684,29.062419488266926,0.0,0.0
227,thin-chair,O-T2X-R,3.896780252456665,30.58550969043736,0.0,0.0
227,thin-chair,ABL-ET2X-R-PreviousRawEdge-CatmullRomRGB-Fixed080,5.679036617279053,27.047166343605827,0.0,0.0
227,thin-chair,ABL-ET2X-R-PreviousRawEdge-CatmullRomRGB-Fixed080-EncodedGamma2Blend,5.634469509124756,27.095376162576734,0.0,0.0
227,windows,O-T2X-R,3.6632161140441895,29.098410892712096,0.0,0.0
227,windows,ABL-ET2X-R-PreviousRawEdge-CatmullRomRGB-Fixed080,4.988981246948242,25.89610555586395,0.0,0.0
227,windows,ABL-ET2X-R-PreviousRawEdge-CatmullRomRGB-Fixed080-EncodedGamma2Blend,4.99169921875,25.898729898528792,0.0,0.0
228,chairs,O-T2X-R,2.772656202316284,32.37857153842635,0.0,0.0
228,chairs,ABL-ET2X-R-PreviousRawEdge-CatmullRomRGB-Fixed080,4.009961128234863,29.014557117512094,0.0,0.0
228,chairs,ABL-ET2X-R-PreviousRawEdge-CatmullRomRGB-Fixed080-EncodedGamma2Blend,3.9801268577575684,29.062419488266926,0.0,0.0
228,thin-chair,O-T2X-R,3.896780252456665,30.58550969043736,0.0,0.0
228,thin-chair,ABL-ET2X-R-PreviousRawEdge-CatmullRomRGB-Fixed080,5.679036617279053,27.047166343605827,0.0,0.0
228,thin-chair,ABL-ET2X-R-PreviousRawEdge-CatmullRomRGB-Fixed080-EncodedGamma2Blend,5.634469509124756,27.095376162576734,0.0,0.0
228,windows,O-T2X-R,3.6632161140441895,29.098410892712096,0.0,0.0
228,windows,ABL-ET2X-R-PreviousRawEdge-CatmullRomRGB-Fixed080,4.988981246948242,25.89610555586395,0.0,0.0
228,windows,ABL-ET2X-R-PreviousRawEdge-CatmullRomRGB-Fixed080-EncodedGamma2Blend,4.99169921875,25.898729898528792,0.0,0.0
229,chairs,O-T2X-R,2.772656202316284,32.37857153842635,0.0,0.0
229,chairs,ABL-ET2X-R-PreviousRawEdge-CatmullRomRGB-Fixed080,4.009961128234863,29.014557117512094,0.0,0.0
229,chairs,ABL-ET2X-R-PreviousRawEdge-CatmullRomRGB-Fixed080-EncodedGamma2Blend,3.9801268577575684,29.062419488266926,0.0,0.0
229,thin-chair,O-T2X-R,3.896780252456665,30.58550969043736,0.0,0.0
229,thin-chair,ABL-ET2X-R-PreviousRawEdge-CatmullRomRGB-Fixed080,5.679036617279053,27.047166343605827,0.0,0.0
229,thin-chair,ABL-ET2X-R-PreviousRawEdge-CatmullRomRGB-Fixed080-EncodedGamma2Blend,5.634469509124756,27.095376162576734,0.0,0.0
229,windows,O-T2X-R,3.6632161140441895,29.098410892712096,0.0,0.0
229,windows,ABL-ET2X-R-PreviousRawEdge-CatmullRomRGB-Fixed080,4.988981246948242,25.89610555586395,0.0,0.0
229,windows,ABL-ET2X-R-PreviousRawEdge-CatmullRomRGB-Fixed080-EncodedGamma2Blend,4.99169921875,25.898729898528792,0.0,0.0
230,chairs,O-T2X-R,2.772656202316284,32.37857153842635,0.0,0.0
230,chairs,ABL-ET2X-R-PreviousRawEdge-CatmullRomRGB-Fixed080,4.009961128234863,29.014557117512094,0.0,0.0
230,chairs,ABL-ET2X-R-PreviousRawEdge-CatmullRomRGB-Fixed080-EncodedGamma2Blend,3.9801268577575684,29.062419488266926,0.0,0.0
230,thin-chair,O-T2X-R,3.896780252456665,30.58550969043736,0.0,0.0
230,thin-chair,ABL-ET2X-R-PreviousRawEdge-CatmullRomRGB-Fixed080,5.679036617279053,27.047166343605827,0.0,0.0
230,thin-chair,ABL-ET2X-R-PreviousRawEdge-CatmullRomRGB-Fixed080-EncodedGamma2Blend,5.634469509124756,27.095376162576734,0.0,0.0
230,windows,O-T2X-R,3.6632161140441895,29.098410892712096,0.0,0.0
230,windows,ABL-ET2X-R-PreviousRawEdge-CatmullRomRGB-Fixed080,4.988981246948242,25.89610555586395,0.0,0.0
230,windows,ABL-ET2X-R-PreviousRawEdge-CatmullRomRGB-Fixed080-EncodedGamma2Blend,4.99169921875,25.898729898528792,0.0,0.0
231,chairs,O-T2X-R,2.772656202316284,32.37857153842635,0.0,0.0
231,chairs,ABL-ET2X-R-PreviousRawEdge-CatmullRomRGB-Fixed080,4.009961128234863,29.014557117512094,0.0,0.0
231,chairs,ABL-ET2X-R-PreviousRawEdge-CatmullRomRGB-Fixed080-EncodedGamma2Blend,3.9801268577575684,29.062419488266926,0.0,0.0
231,thin-chair,O-T2X-R,3.896780252456665,30.58550969043736,0.0,0.0
231,thin-chair,ABL-ET2X-R-PreviousRawEdge-CatmullRomRGB-Fixed080,5.679036617279053,27.047166343605827,0.0,0.0
231,thin-chair,ABL-ET2X-R-PreviousRawEdge-CatmullRomRGB-Fixed080-EncodedGamma2Blend,5.634469509124756,27.095376162576734,0.0,0.0
231,windows,O-T2X-R,3.6632161140441895,29.098410892712096,0.0,0.0
231,windows,ABL-ET2X-R-PreviousRawEdge-CatmullRomRGB-Fixed080,4.988981246948242,25.89610555586395,0.0,0.0
231,windows,ABL-ET2X-R-PreviousRawEdge-CatmullRomRGB-Fixed080-EncodedGamma2Blend,4.99169921875,25.898729898528792,0.0,0.0
232,chairs,O-T2X-R,2.772656202316284,32.37857153842635,0.0,0.0
232,chairs,ABL-ET2X-R-PreviousRawEdge-CatmullRomRGB-Fixed080,4.009961128234863,29.014557117512094,0.0,0.0
232,chairs,ABL-ET2X-R-PreviousRawEdge-CatmullRomRGB-Fixed080-EncodedGamma2Blend,3.9801268577575684,29.062419488266926,0.0,0.0
232,thin-chair,O-T2X-R,3.896780252456665,30.58550969043736,0.0,0.0
232,thin-chair,ABL-ET2X-R-PreviousRawEdge-CatmullRomRGB-Fixed080,5.679036617279053,27.047166343605827,0.0,0.0
232,thin-chair,ABL-ET2X-R-PreviousRawEdge-CatmullRomRGB-Fixed080-EncodedGamma2Blend,5.634469509124756,27.095376162576734,0.0,0.0
232,windows,O-T2X-R,3.6632161140441895,29.098410892712096,0.0,0.0
232,windows,ABL-ET2X-R-PreviousRawEdge-CatmullRomRGB-Fixed080,4.988981246948242,25.89610555586395,0.0,0.0
232,windows,ABL-ET2X-R-PreviousRawEdge-CatmullRomRGB-Fixed080-EncodedGamma2Blend,4.99169921875,25.898729898528792,0.0,0.0
233,chairs,O-T2X-R,2.772656202316284,32.37857153842635,0.0,0.0
233,chairs,ABL-ET2X-R-PreviousRawEdge-CatmullRomRGB-Fixed080,4.009961128234863,29.014557117512094,0.0,0.0
233,chairs,ABL-ET2X-R-PreviousRawEdge-CatmullRomRGB-Fixed080-EncodedGamma2Blend,3.9801268577575684,29.062419488266926,0.0,0.0
233,thin-chair,O-T2X-R,3.896780252456665,30.58550969043736,0.0,0.0
233,thin-chair,ABL-ET2X-R-PreviousRawEdge-CatmullRomRGB-Fixed080,5.679036617279053,27.047166343605827,0.0,0.0
233,thin-chair,ABL-ET2X-R-PreviousRawEdge-CatmullRomRGB-Fixed080-EncodedGamma2Blend,5.634469509124756,27.095376162576734,0.0,0.0
233,windows,O-T2X-R,3.6632161140441895,29.098410892712096,0.0,0.0
233,windows,ABL-ET2X-R-PreviousRawEdge-CatmullRomRGB-Fixed080,4.988981246948242,25.89610555586395,0.0,0.0
233,windows,ABL-ET2X-R-PreviousRawEdge-CatmullRomRGB-Fixed080-EncodedGamma2Blend,4.99169921875,25.898729898528792,0.0,0.0
234,chairs,O-T2X-R,2.772656202316284,32.37857153842635,0.0,0.0
234,chairs,ABL-ET2X-R-PreviousRawEdge-CatmullRomRGB-Fixed080,4.009961128234863,29.014557117512094,0.0,0.0
234,chairs,ABL-ET2X-R-PreviousRawEdge-CatmullRomRGB-Fixed080-EncodedGamma2Blend,3.9801268577575684,29.062419488266926,0.0,0.0
234,thin-chair,O-T2X-R,3.896780252456665,30.58550969043736,0.0,0.0
234,thin-chair,ABL-ET2X-R-PreviousRawEdge-CatmullRomRGB-Fixed080,5.679036617279053,27.047166343605827,0.0,0.0
234,thin-chair,ABL-ET2X-R-PreviousRawEdge-CatmullRomRGB-Fixed080-EncodedGamma2Blend,5.634469509124756,27.095376162576734,0.0,0.0
234,windows,O-T2X-R,3.6632161140441895,29.098410892712096,0.0,0.0
234,windows,ABL-ET2X-R-PreviousRawEdge-CatmullRomRGB-Fixed080,4.988981246948242,25.89610555586395,0.0,0.0
234,windows,ABL-ET2X-R-PreviousRawEdge-CatmullRomRGB-Fixed080-EncodedGamma2Blend,4.99169921875,25.898729898528792,0.0,0.0
235,chairs,O-T2X-R,2.772656202316284,32.37857153842635,0.0,0.0
235,chairs,ABL-ET2X-R-PreviousRawEdge-CatmullRomRGB-Fixed080,4.009961128234863,29.014557117512094,0.0,0.0
235,chairs,ABL-ET2X-R-PreviousRawEdge-CatmullRomRGB-Fixed080-EncodedGamma2Blend,3.9801268577575684,29.062419488266926,0.0,0.0
235,thin-chair,O-T2X-R,3.896780252456665,30.58550969043736,0.0,0.0
235,thin-chair,ABL-ET2X-R-PreviousRawEdge-CatmullRomRGB-Fixed080,5.679036617279053,27.047166343605827,0.0,0.0
235,thin-chair,ABL-ET2X-R-PreviousRawEdge-CatmullRomRGB-Fixed080-EncodedGamma2Blend,5.634469509124756,27.095376162576734,0.0,0.0
235,windows,O-T2X-R,3.6632161140441895,29.098410892712096,0.0,0.0
235,windows,ABL-ET2X-R-PreviousRawEdge-CatmullRomRGB-Fixed080,4.988981246948242,25.89610555586395,0.0,0.0
235,windows,ABL-ET2X-R-PreviousRawEdge-CatmullRomRGB-Fixed080-EncodedGamma2Blend,4.99169921875,25.898729898528792,0.0,0.0
236,chairs,O-T2X-R,2.772656202316284,32.37857153842635,0.0,0.0
236,chairs,ABL-ET2X-R-PreviousRawEdge-CatmullRomRGB-Fixed080,4.009961128234863,29.014557117512094,0.0,0.0
236,chairs,ABL-ET2X-R-PreviousRawEdge-CatmullRomRGB-Fixed080-EncodedGamma2Blend,3.9801268577575684,29.062419488266926,0.0,0.0
236,thin-chair,O-T2X-R,3.896780252456665,30.58550969043736,0.0,0.0
236,thin-chair,ABL-ET2X-R-PreviousRawEdge-CatmullRomRGB-Fixed080,5.679036617279053,27.047166343605827,0.0,0.0
236,thin-chair,ABL-ET2X-R-PreviousRawEdge-CatmullRomRGB-Fixed080-EncodedGamma2Blend,5.634469509124756,27.095376162576734,0.0,0.0
236,windows,O-T2X-R,3.6632161140441895,29.098410892712096,0.0,0.0
236,windows,ABL-ET2X-R-PreviousRawEdge-CatmullRomRGB-Fixed080,4.988981246948242,25.89610555586395,0.0,0.0
236,windows,ABL-ET2X-R-PreviousRawEdge-CatmullRomRGB-Fixed080-EncodedGamma2Blend,4.99169921875,25.898729898528792,0.0,0.0
237,chairs,O-T2X-R,2.772656202316284,32.37857153842635,0.0,0.0
237,chairs,ABL-ET2X-R-PreviousRawEdge-CatmullRomRGB-Fixed080,4.009961128234863,29.014557117512094,0.0,0.0
237,chairs,ABL-ET2X-R-PreviousRawEdge-CatmullRomRGB-Fixed080-EncodedGamma2Blend,3.9801268577575684,29.062419488266926,0.0,0.0
237,thin-chair,O-T2X-R,3.896780252456665,30.58550969043736,0.0,0.0
237,thin-chair,ABL-ET2X-R-PreviousRawEdge-CatmullRomRGB-Fixed080,5.679036617279053,27.047166343605827,0.0,0.0
237,thin-chair,ABL-ET2X-R-PreviousRawEdge-CatmullRomRGB-Fixed080-EncodedGamma2Blend,5.634469509124756,27.095376162576734,0.0,0.0
237,windows,O-T2X-R,3.6632161140441895,29.098410892712096,0.0,0.0
237,windows,ABL-ET2X-R-PreviousRawEdge-CatmullRomRGB-Fixed080,4.988981246948242,25.89610555586395,0.0,0.0
237,windows,ABL-ET2X-R-PreviousRawEdge-CatmullRomRGB-Fixed080-EncodedGamma2Blend,4.99169921875,25.898729898528792,0.0,0.0
238,chairs,O-T2X-R,2.772656202316284,32.37857153842635,0.0,0.0
238,chairs,ABL-ET2X-R-PreviousRawEdge-CatmullRomRGB-Fixed080,4.009961128234863,29.014557117512094,0.0,0.0
238,chairs,ABL-ET2X-R-PreviousRawEdge-CatmullRomRGB-Fixed080-EncodedGamma2Blend,3.9801268577575684,29.062419488266926,0.0,0.0
238,thin-chair,O-T2X-R,3.896780252456665,30.58550969043736,0.0,0.0
238,thin-chair,ABL-ET2X-R-PreviousRawEdge-CatmullRomRGB-Fixed080,5.679036617279053,27.047166343605827,0.0,0.0
238,thin-chair,ABL-ET2X-R-PreviousRawEdge-CatmullRomRGB-Fixed080-EncodedGamma2Blend,5.634469509124756,27.095376162576734,0.0,0.0
238,windows,O-T2X-R,3.6632161140441895,29.098410892712096,0.0,0.0
238,windows,ABL-ET2X-R-PreviousRawEdge-CatmullRomRGB-Fixed080,4.988981246948242,25.89610555586395,0.0,0.0
238,windows,ABL-ET2X-R-PreviousRawEdge-CatmullRomRGB-Fixed080-EncodedGamma2Blend,4.99169921875,25.898729898528792,0.0,0.0
239,chairs,O-T2X-R,2.772656202316284,32.37857153842635,0.0,0.0
239,chairs,ABL-ET2X-R-PreviousRawEdge-CatmullRomRGB-Fixed080,4.009961128234863,29.014557117512094,0.0,0.0
239,chairs,ABL-ET2X-R-PreviousRawEdge-CatmullRomRGB-Fixed080-EncodedGamma2Blend,3.9801268577575684,29.062419488266926,0.0,0.0
239,thin-chair,O-T2X-R,3.896780252456665,30.58550969043736,0.0,0.0
239,thin-chair,ABL-ET2X-R-PreviousRawEdge-CatmullRomRGB-Fixed080,5.679036617279053,27.047166343605827,0.0,0.0
239,thin-chair,ABL-ET2X-R-PreviousRawEdge-CatmullRomRGB-Fixed080-EncodedGamma2Blend,5.634469509124756,27.095376162576734,0.0,0.0
239,windows,O-T2X-R,3.6632161140441895,29.098410892712096,0.0,0.0
239,windows,ABL-ET2X-R-PreviousRawEdge-CatmullRomRGB-Fixed080,4.988981246948242,25.89610555586395,0.0,0.0
239,windows,ABL-ET2X-R-PreviousRawEdge-CatmullRomRGB-Fixed080-EncodedGamma2Blend,4.99169921875,25.898729898528792,0.0,0.0
