frame,roi,mode,reference_rgb_mae,psnr,luma_delta,luma_second_delta
0,seams,O-T2X-R,0.5226399898529053,45.882686964370606,,
0,seams,ABL-ET2X-R-PreviousRawEdge-CatmullRomRGB-Fixed080,0.5082356929779053,43.47709129183293,,
0,seams,ABL-ET2X-R-PreviousRawEdge-CatmullRomRGB-Fixed080-EncodedGamma2Blend,0.5082356929779053,43.47709129183293,,
0,thin-seam,O-T2X-R,0.6482204794883728,46.388466073663025,,
0,thin-seam,ABL-ET2X-R-PreviousRawEdge-CatmullRomRGB-Fixed080,0.8239474892616272,41.062324330100765,,
0,thin-seam,ABL-ET2X-R-PreviousRawEdge-CatmullRomRGB-Fixed080-EncodedGamma2Blend,0.8239474892616272,41.062324330100765,,
0,leaves,O-T2X-R,6.732568264007568,26.679663683757333,,
0,leaves,ABL-ET2X-R-PreviousRawEdge-CatmullRomRGB-Fixed080,4.2450032234191895,29.5449999940801,,
0,leaves,ABL-ET2X-R-PreviousRawEdge-CatmullRomRGB-Fixed080-EncodedGamma2Blend,4.2450032234191895,29.5449999940801,,
0,grass-seam,O-T2X-R,4.07201623916626,31.316321885981612,,
0,grass-seam,ABL-ET2X-R-PreviousRawEdge-CatmullRomRGB-Fixed080,2.2032196521759033,35.906170122963566,,
0,grass-seam,ABL-ET2X-R-PreviousRawEdge-CatmullRomRGB-Fixed080-EncodedGamma2Blend,2.2032196521759033,35.906170122963566,,
1,seams,O-T2X-R,0.43120115995407104,46.44178134717093,0.392333447933197,
1,seams,ABL-ET2X-R-PreviousRawEdge-CatmullRomRGB-Fixed080,0.5082356929779053,43.47709129183293,0.0,
1,seams,ABL-ET2X-R-PreviousRawEdge-CatmullRomRGB-Fixed080-EncodedGamma2Blend,0.5082356929779053,43.47709129183293,0.0,
1,thin-seam,O-T2X-R,0.6215277910232544,44.61442733173292,0.5660820007324219,
1,thin-seam,ABL-ET2X-R-PreviousRawEdge-CatmullRomRGB-Fixed080,0.8239474892616272,41.062324330100765,0.0,
1,thin-seam,ABL-ET2X-R-PreviousRawEdge-CatmullRomRGB-Fixed080-EncodedGamma2Blend,0.8239474892616272,41.062324330100765,0.0,
1,leaves,O-T2X-R,3.4842448234558105,31.63655484963007,5.814536094665527,
1,leaves,ABL-ET2X-R-PreviousRawEdge-CatmullRomRGB-Fixed080,4.2450032234191895,29.5449999940801,0.0,
1,leaves,ABL-ET2X-R-PreviousRawEdge-CatmullRomRGB-Fixed080-EncodedGamma2Blend,4.2450032234191895,29.5449999940801,0.0,
1,grass-seam,O-T2X-R,1.9212055206298828,37.210419980836434,3.005586624145508,
1,grass-seam,ABL-ET2X-R-PreviousRawEdge-CatmullRomRGB-Fixed080,2.2032196521759033,35.906170122963566,0.0,
1,grass-seam,ABL-ET2X-R-PreviousRawEdge-CatmullRomRGB-Fixed080-EncodedGamma2Blend,2.2032196521759033,35.906170122963566,0.0,
2,seams,O-T2X-R,0.43120115995407104,46.44178134717093,0.0,0.392333447933197
2,seams,ABL-ET2X-R-PreviousRawEdge-CatmullRomRGB-Fixed080,0.5082356929779053,43.47709129183293,0.0,0.0
2,seams,ABL-ET2X-R-PreviousRawEdge-CatmullRomRGB-Fixed080-EncodedGamma2Blend,0.5082356929779053,43.47709129183293,0.0,0.0
2,thin-seam,O-T2X-R,0.6215277910232544,44.61442733173292,0.0,0.5660820007324219
2,thin-seam,ABL-ET2X-R-PreviousRawEdge-CatmullRomRGB-Fixed080,0.8239474892616272,41.062324330100765,0.0,0.0
2,thin-seam,ABL-ET2X-R-PreviousRawEdge-CatmullRomRGB-Fixed080-EncodedGamma2Blend,0.8239474892616272,41.062324330100765,0.0,0.0
2,leaves,O-T2X-R,3.4842448234558105,31.63655484963007,0.0,5.814536094665527
2,leaves,ABL-ET2X-R-PreviousRawEdge-CatmullRomRGB-Fixed080,4.2450032234191895,29.5449999940801,0.0,0.0
2,leaves,ABL-ET2X-R-PreviousRawEdge-CatmullRomRGB-Fixed080-EncodedGamma2Blend,4.2450032234191895,29.5449999940801,0.0,0.0
2,grass-seam,O-T2X-R,1.9212055206298828,37.210419980836434,0.0,3.005586624145508
2,grass-seam,ABL-ET2X-R-PreviousRawEdge-CatmullRomRGB-Fixed080,2.2032196521759033,35.906170122963566,0.0,0.0
2,grass-seam,ABL-ET2X-R-PreviousRawEdge-CatmullRomRGB-Fixed080-EncodedGamma2Blend,2.2032196521759033,35.906170122963566,0.0,0.0
3,seams,O-T2X-R,0.43120115995407104,46.44178134717093,0.0,0.0
3,seams,ABL-ET2X-R-PreviousRawEdge-CatmullRomRGB-Fixed080,0.5082356929779053,43.47709129183293,0.0,0.0
3,seams,ABL-ET2X-R-PreviousRawEdge-CatmullRomRGB-Fixed080-EncodedGamma2Blend,0.5082356929779053,43.47709129183293,0.0,0.0
3,thin-seam,O-T2X-R,0.6215277910232544,44.61442733173292,0.0,0.0
3,thin-seam,ABL-ET2X-R-PreviousRawEdge-CatmullRomRGB-Fixed080,0.8239474892616272,41.062324330100765,0.0,0.0
3,thin-seam,ABL-ET2X-R-PreviousRawEdge-CatmullRomRGB-Fixed080-EncodedGamma2Blend,0.8239474892616272,41.062324330100765,0.0,0.0
3,leaves,O-T2X-R,3.4842448234558105,31.63655484963007,0.0,0.0
3,leaves,ABL-ET2X-R-PreviousRawEdge-CatmullRomRGB-Fixed080,4.2450032234191895,29.5449999940801,0.0,0.0
3,leaves,ABL-ET2X-R-PreviousRawEdge-CatmullRomRGB-Fixed080-EncodedGamma2Blend,4.2450032234191895,29.5449999940801,0.0,0.0
3,grass-seam,O-T2X-R,1.9212055206298828,37.210419980836434,0.0,0.0
3,grass-seam,ABL-ET2X-R-PreviousRawEdge-CatmullRomRGB-Fixed080,2.2032196521759033,35.906170122963566,0.0,0.0
3,grass-seam,ABL-ET2X-R-PreviousRawEdge-CatmullRomRGB-Fixed080-EncodedGamma2Blend,2.2032196521759033,35.906170122963566,0.0,0.0
4,seams,O-T2X-R,0.43120115995407104,46.44178134717093,0.0,0.0
4,seams,ABL-ET2X-R-PreviousRawEdge-CatmullRomRGB-Fixed080,0.5082356929779053,43.47709129183293,0.0,0.0
4,seams,ABL-ET2X-R-PreviousRawEdge-CatmullRomRGB-Fixed080-EncodedGamma2Blend,0.5082356929779053,43.47709129183293,0.0,0.0
4,thin-seam,O-T2X-R,0.6215277910232544,44.61442733173292,0.0,0.0
4,thin-seam,ABL-ET2X-R-PreviousRawEdge-CatmullRomRGB-Fixed080,0.8239474892616272,41.062324330100765,0.0,0.0
4,thin-seam,ABL-ET2X-R-PreviousRawEdge-CatmullRomRGB-Fixed080-EncodedGamma2Blend,0.8239474892616272,41.062324330100765,0.0,0.0
4,leaves,O-T2X-R,3.4842448234558105,31.63655484963007,0.0,0.0
4,leaves,ABL-ET2X-R-PreviousRawEdge-CatmullRomRGB-Fixed080,4.2450032234191895,29.5449999940801,0.0,0.0
4,leaves,ABL-ET2X-R-PreviousRawEdge-CatmullRomRGB-Fixed080-EncodedGamma2Blend,4.2450032234191895,29.5449999940801,0.0,0.0
4,grass-seam,O-T2X-R,1.9212055206298828,37.210419980836434,0.0,0.0
4,grass-seam,ABL-ET2X-R-PreviousRawEdge-CatmullRomRGB-Fixed080,2.2032196521759033,35.906170122963566,0.0,0.0
4,grass-seam,ABL-ET2X-R-PreviousRawEdge-CatmullRomRGB-Fixed080-EncodedGamma2Blend,2.2032196521759033,35.906170122963566,0.0,0.0
5,seams,O-T2X-R,0.43120115995407104,46.44178134717093,0.0,0.0
5,seams,ABL-ET2X-R-PreviousRawEdge-CatmullRomRGB-Fixed080,0.5082356929779053,43.47709129183293,0.0,0.0
5,seams,ABL-ET2X-R-PreviousRawEdge-CatmullRomRGB-Fixed080-EncodedGamma2Blend,0.5082356929779053,43.47709129183293,0.0,0.0
5,thin-seam,O-T2X-R,0.6215277910232544,44.61442733173292,0.0,0.0
5,thin-seam,ABL-ET2X-R-PreviousRawEdge-CatmullRomRGB-Fixed080,0.8239474892616272,41.062324330100765,0.0,0.0
5,thin-seam,ABL-ET2X-R-PreviousRawEdge-CatmullRomRGB-Fixed080-EncodedGamma2Blend,0.8239474892616272,41.062324330100765,0.0,0.0
5,leaves,O-T2X-R,3.4842448234558105,31.63655484963007,0.0,0.0
5,leaves,ABL-ET2X-R-PreviousRawEdge-CatmullRomRGB-Fixed080,4.2450032234191895,29.5449999940801,0.0,0.0
5,leaves,ABL-ET2X-R-PreviousRawEdge-CatmullRomRGB-Fixed080-EncodedGamma2Blend,4.2450032234191895,29.5449999940801,0.0,0.0
5,grass-seam,O-T2X-R,1.9212055206298828,37.210419980836434,0.0,0.0
5,grass-seam,ABL-ET2X-R-PreviousRawEdge-CatmullRomRGB-Fixed080,2.2032196521759033,35.906170122963566,0.0,0.0
5,grass-seam,ABL-ET2X-R-PreviousRawEdge-CatmullRomRGB-Fixed080-EncodedGamma2Blend,2.2032196521759033,35.906170122963566,0.0,0.0
6,seams,O-T2X-R,0.43120115995407104,46.44178134717093,0.0,0.0
6,seams,ABL-ET2X-R-PreviousRawEdge-CatmullRomRGB-Fixed080,0.5082356929779053,43.47709129183293,0.0,0.0
6,seams,ABL-ET2X-R-PreviousRawEdge-CatmullRomRGB-Fixed080-EncodedGamma2Blend,0.5082356929779053,43.47709129183293,0.0,0.0
6,thin-seam,O-T2X-R,0.6215277910232544,44.61442733173292,0.0,0.0
6,thin-seam,ABL-ET2X-R-PreviousRawEdge-CatmullRomRGB-Fixed080,0.8239474892616272,41.062324330100765,0.0,0.0
6,thin-seam,ABL-ET2X-R-PreviousRawEdge-CatmullRomRGB-Fixed080-EncodedGamma2Blend,0.8239474892616272,41.062324330100765,0.0,0.0
6,leaves,O-T2X-R,3.4842448234558105,31.63655484963007,0.0,0.0
6,leaves,ABL-ET2X-R-PreviousRawEdge-CatmullRomRGB-Fixed080,4.2450032234191895,29.5449999940801,0.0,0.0
6,leaves,ABL-ET2X-R-PreviousRawEdge-CatmullRomRGB-Fixed080-EncodedGamma2Blend,4.2450032234191895,29.5449999940801,0.0,0.0
6,grass-seam,O-T2X-R,1.9212055206298828,37.210419980836434,0.0,0.0
6,grass-seam,ABL-ET2X-R-PreviousRawEdge-CatmullRomRGB-Fixed080,2.2032196521759033,35.906170122963566,0.0,0.0
6,grass-seam,ABL-ET2X-R-PreviousRawEdge-CatmullRomRGB-Fixed080-EncodedGamma2Blend,2.2032196521759033,35.906170122963566,0.0,0.0
7,seams,O-T2X-R,0.43120115995407104,46.44178134717093,0.0,0.0
7,seams,ABL-ET2X-R-PreviousRawEdge-CatmullRomRGB-Fixed080,0.5082356929779053,43.47709129183293,0.0,0.0
7,seams,ABL-ET2X-R-PreviousRawEdge-CatmullRomRGB-Fixed080-EncodedGamma2Blend,0.5082356929779053,43.47709129183293,0.0,0.0
7,thin-seam,O-T2X-R,0.6215277910232544,44.61442733173292,0.0,0.0
7,thin-seam,ABL-ET2X-R-PreviousRawEdge-CatmullRomRGB-Fixed080,0.8239474892616272,41.062324330100765,0.0,0.0
7,thin-seam,ABL-ET2X-R-PreviousRawEdge-CatmullRomRGB-Fixed080-EncodedGamma2Blend,0.8239474892616272,41.062324330100765,0.0,0.0
7,leaves,O-T2X-R,3.4842448234558105,31.63655484963007,0.0,0.0
7,leaves,ABL-ET2X-R-PreviousRawEdge-CatmullRomRGB-Fixed080,4.2450032234191895,29.5449999940801,0.0,0.0
7,leaves,ABL-ET2X-R-PreviousRawEdge-CatmullRomRGB-Fixed080-EncodedGamma2Blend,4.2450032234191895,29.5449999940801,0.0,0.0
7,grass-seam,O-T2X-R,1.9212055206298828,37.210419980836434,0.0,0.0
7,grass-seam,ABL-ET2X-R-PreviousRawEdge-CatmullRomRGB-Fixed080,2.2032196521759033,35.906170122963566,0.0,0.0
7,grass-seam,ABL-ET2X-R-PreviousRawEdge-CatmullRomRGB-Fixed080-EncodedGamma2Blend,2.2032196521759033,35.906170122963566,0.0,0.0
8,seams,O-T2X-R,0.43120115995407104,46.44178134717093,0.0,0.0
8,seams,ABL-ET2X-R-PreviousRawEdge-CatmullRomRGB-Fixed080,0.5082356929779053,43.47709129183293,0.0,0.0
8,seams,ABL-ET2X-R-PreviousRawEdge-CatmullRomRGB-Fixed080-EncodedGamma2Blend,0.5082356929779053,43.47709129183293,0.0,0.0
8,thin-seam,O-T2X-R,0.6215277910232544,44.61442733173292,0.0,0.0
8,thin-seam,ABL-ET2X-R-PreviousRawEdge-CatmullRomRGB-Fixed080,0.8239474892616272,41.062324330100765,0.0,0.0
8,thin-seam,ABL-ET2X-R-PreviousRawEdge-CatmullRomRGB-Fixed080-EncodedGamma2Blend,0.8239474892616272,41.062324330100765,0.0,0.0
8,leaves,O-T2X-R,3.4842448234558105,31.63655484963007,0.0,0.0
8,leaves,ABL-ET2X-R-PreviousRawEdge-CatmullRomRGB-Fixed080,4.2450032234191895,29.5449999940801,0.0,0.0
8,leaves,ABL-ET2X-R-PreviousRawEdge-CatmullRomRGB-Fixed080-EncodedGamma2Blend,4.2450032234191895,29.5449999940801,0.0,0.0
8,grass-seam,O-T2X-R,1.9212055206298828,37.210419980836434,0.0,0.0
8,grass-seam,ABL-ET2X-R-PreviousRawEdge-CatmullRomRGB-Fixed080,2.2032196521759033,35.906170122963566,0.0,0.0
8,grass-seam,ABL-ET2X-R-PreviousRawEdge-CatmullRomRGB-Fixed080-EncodedGamma2Blend,2.2032196521759033,35.906170122963566,0.0,0.0
9,seams,O-T2X-R,0.43120115995407104,46.44178134717093,0.0,0.0
9,seams,ABL-ET2X-R-PreviousRawEdge-CatmullRomRGB-Fixed080,0.5082356929779053,43.47709129183293,0.0,0.0
9,seams,ABL-ET2X-R-PreviousRawEdge-CatmullRomRGB-Fixed080-EncodedGamma2Blend,0.5082356929779053,43.47709129183293,0.0,0.0
9,thin-seam,O-T2X-R,0.6215277910232544,44.61442733173292,0.0,0.0
9,thin-seam,ABL-ET2X-R-PreviousRawEdge-CatmullRomRGB-Fixed080,0.8239474892616272,41.062324330100765,0.0,0.0
9,thin-seam,ABL-ET2X-R-PreviousRawEdge-CatmullRomRGB-Fixed080-EncodedGamma2Blend,0.8239474892616272,41.062324330100765,0.0,0.0
9,leaves,O-T2X-R,3.4842448234558105,31.63655484963007,0.0,0.0
9,leaves,ABL-ET2X-R-PreviousRawEdge-CatmullRomRGB-Fixed080,4.2450032234191895,29.5449999940801,0.0,0.0
9,leaves,ABL-ET2X-R-PreviousRawEdge-CatmullRomRGB-Fixed080-EncodedGamma2Blend,4.2450032234191895,29.5449999940801,0.0,0.0
9,grass-seam,O-T2X-R,1.9212055206298828,37.210419980836434,0.0,0.0
9,grass-seam,ABL-ET2X-R-PreviousRawEdge-CatmullRomRGB-Fixed080,2.2032196521759033,35.906170122963566,0.0,0.0
9,grass-seam,ABL-ET2X-R-PreviousRawEdge-CatmullRomRGB-Fixed080-EncodedGamma2Blend,2.2032196521759033,35.906170122963566,0.0,0.0
10,seams,O-T2X-R,0.43120115995407104,46.44178134717093,0.0,0.0
10,seams,ABL-ET2X-R-PreviousRawEdge-CatmullRomRGB-Fixed080,0.5082356929779053,43.47709129183293,0.0,0.0
10,seams,ABL-ET2X-R-PreviousRawEdge-CatmullRomRGB-Fixed080-EncodedGamma2Blend,0.5082356929779053,43.47709129183293,0.0,0.0
10,thin-seam,O-T2X-R,0.6215277910232544,44.61442733173292,0.0,0.0
10,thin-seam,ABL-ET2X-R-PreviousRawEdge-CatmullRomRGB-Fixed080,0.8239474892616272,41.062324330100765,0.0,0.0
10,thin-seam,ABL-ET2X-R-PreviousRawEdge-CatmullRomRGB-Fixed080-EncodedGamma2Blend,0.8239474892616272,41.062324330100765,0.0,0.0
10,leaves,O-T2X-R,3.4842448234558105,31.63655484963007,0.0,0.0
10,leaves,ABL-ET2X-R-PreviousRawEdge-CatmullRomRGB-Fixed080,4.2450032234191895,29.5449999940801,0.0,0.0
10,leaves,ABL-ET2X-R-PreviousRawEdge-CatmullRomRGB-Fixed080-EncodedGamma2Blend,4.2450032234191895,29.5449999940801,0.0,0.0
10,grass-seam,O-T2X-R,1.9212055206298828,37.210419980836434,0.0,0.0
10,grass-seam,ABL-ET2X-R-PreviousRawEdge-CatmullRomRGB-Fixed080,2.2032196521759033,35.906170122963566,0.0,0.0
10,grass-seam,ABL-ET2X-R-PreviousRawEdge-CatmullRomRGB-Fixed080-EncodedGamma2Blend,2.2032196521759033,35.906170122963566,0.0,0.0
11,seams,O-T2X-R,0.43120115995407104,46.44178134717093,0.0,0.0
11,seams,ABL-ET2X-R-PreviousRawEdge-CatmullRomRGB-Fixed080,0.5082356929779053,43.47709129183293,0.0,0.0
11,seams,ABL-ET2X-R-PreviousRawEdge-CatmullRomRGB-Fixed080-EncodedGamma2Blend,0.5082356929779053,43.47709129183293,0.0,0.0
11,thin-seam,O-T2X-R,0.6215277910232544,44.61442733173292,0.0,0.0
11,thin-seam,ABL-ET2X-R-PreviousRawEdge-CatmullRomRGB-Fixed080,0.8239474892616272,41.062324330100765,0.0,0.0
11,thin-seam,ABL-ET2X-R-PreviousRawEdge-CatmullRomRGB-Fixed080-EncodedGamma2Blend,0.8239474892616272,41.062324330100765,0.0,0.0
11,leaves,O-T2X-R,3.4842448234558105,31.63655484963007,0.0,0.0
11,leaves,ABL-ET2X-R-PreviousRawEdge-CatmullRomRGB-Fixed080,4.2450032234191895,29.5449999940801,0.0,0.0
11,leaves,ABL-ET2X-R-PreviousRawEdge-CatmullRomRGB-Fixed080-EncodedGamma2Blend,4.2450032234191895,29.5449999940801,0.0,0.0
11,grass-seam,O-T2X-R,1.9212055206298828,37.210419980836434,0.0,0.0
11,grass-seam,ABL-ET2X-R-PreviousRawEdge-CatmullRomRGB-Fixed080,2.2032196521759033,35.906170122963566,0.0,0.0
11,grass-seam,ABL-ET2X-R-PreviousRawEdge-CatmullRomRGB-Fixed080-EncodedGamma2Blend,2.2032196521759033,35.906170122963566,0.0,0.0
12,seams,O-T2X-R,0.43120115995407104,46.44178134717093,0.0,0.0
12,seams,ABL-ET2X-R-PreviousRawEdge-CatmullRomRGB-Fixed080,0.5082356929779053,43.47709129183293,0.0,0.0
12,seams,ABL-ET2X-R-PreviousRawEdge-CatmullRomRGB-Fixed080-EncodedGamma2Blend,0.5082356929779053,43.47709129183293,0.0,0.0
12,thin-seam,O-T2X-R,0.6215277910232544,44.61442733173292,0.0,0.0
12,thin-seam,ABL-ET2X-R-PreviousRawEdge-CatmullRomRGB-Fixed080,0.8239474892616272,41.062324330100765,0.0,0.0
12,thin-seam,ABL-ET2X-R-PreviousRawEdge-CatmullRomRGB-Fixed080-EncodedGamma2Blend,0.8239474892616272,41.062324330100765,0.0,0.0
12,leaves,O-T2X-R,3.4842448234558105,31.63655484963007,0.0,0.0
12,leaves,ABL-ET2X-R-PreviousRawEdge-CatmullRomRGB-Fixed080,4.2450032234191895,29.5449999940801,0.0,0.0
12,leaves,ABL-ET2X-R-PreviousRawEdge-CatmullRomRGB-Fixed080-EncodedGamma2Blend,4.2450032234191895,29.5449999940801,0.0,0.0
12,grass-seam,O-T2X-R,1.9212055206298828,37.210419980836434,0.0,0.0
12,grass-seam,ABL-ET2X-R-PreviousRawEdge-CatmullRomRGB-Fixed080,2.2032196521759033,35.906170122963566,0.0,0.0
12,grass-seam,ABL-ET2X-R-PreviousRawEdge-CatmullRomRGB-Fixed080-EncodedGamma2Blend,2.2032196521759033,35.906170122963566,0.0,0.0
13,seams,O-T2X-R,0.43120115995407104,46.44178134717093,0.0,0.0
13,seams,ABL-ET2X-R-PreviousRawEdge-CatmullRomRGB-Fixed080,0.5082356929779053,43.47709129183293,0.0,0.0
13,seams,ABL-ET2X-R-PreviousRawEdge-CatmullRomRGB-Fixed080-EncodedGamma2Blend,0.5082356929779053,43.47709129183293,0.0,0.0
13,thin-seam,O-T2X-R,0.6215277910232544,44.61442733173292,0.0,0.0
13,thin-seam,ABL-ET2X-R-PreviousRawEdge-CatmullRomRGB-Fixed080,0.8239474892616272,41.062324330100765,0.0,0.0
13,thin-seam,ABL-ET2X-R-PreviousRawEdge-CatmullRomRGB-Fixed080-EncodedGamma2Blend,0.8239474892616272,41.062324330100765,0.0,0.0
13,leaves,O-T2X-R,3.4842448234558105,31.63655484963007,0.0,0.0
13,leaves,ABL-ET2X-R-PreviousRawEdge-CatmullRomRGB-Fixed080,4.2450032234191895,29.5449999940801,0.0,0.0
13,leaves,ABL-ET2X-R-PreviousRawEdge-CatmullRomRGB-Fixed080-EncodedGamma2Blend,4.2450032234191895,29.5449999940801,0.0,0.0
13,grass-seam,O-T2X-R,1.9212055206298828,37.210419980836434,0.0,0.0
13,grass-seam,ABL-ET2X-R-PreviousRawEdge-CatmullRomRGB-Fixed080,2.2032196521759033,35.906170122963566,0.0,0.0
13,grass-seam,ABL-ET2X-R-PreviousRawEdge-CatmullRomRGB-Fixed080-EncodedGamma2Blend,2.2032196521759033,35.906170122963566,0.0,0.0
14,seams,O-T2X-R,0.43120115995407104,46.44178134717093,0.0,0.0
14,seams,ABL-ET2X-R-PreviousRawEdge-CatmullRomRGB-Fixed080,0.5082356929779053,43.47709129183293,0.0,0.0
14,seams,ABL-ET2X-R-PreviousRawEdge-CatmullRomRGB-Fixed080-EncodedGamma2Blend,0.5082356929779053,43.47709129183293,0.0,0.0
14,thin-seam,O-T2X-R,0.6215277910232544,44.61442733173292,0.0,0.0
14,thin-seam,ABL-ET2X-R-PreviousRawEdge-CatmullRomRGB-Fixed080,0.8239474892616272,41.062324330100765,0.0,0.0
14,thin-seam,ABL-ET2X-R-PreviousRawEdge-CatmullRomRGB-Fixed080-EncodedGamma2Blend,0.8239474892616272,41.062324330100765,0.0,0.0
14,leaves,O-T2X-R,3.4842448234558105,31.63655484963007,0.0,0.0
14,leaves,ABL-ET2X-R-PreviousRawEdge-CatmullRomRGB-Fixed080,4.2450032234191895,29.5449999940801,0.0,0.0
14,leaves,ABL-ET2X-R-PreviousRawEdge-CatmullRomRGB-Fixed080-EncodedGamma2Blend,4.2450032234191895,29.5449999940801,0.0,0.0
14,grass-seam,O-T2X-R,1.9212055206298828,37.210419980836434,0.0,0.0
14,grass-seam,ABL-ET2X-R-PreviousRawEdge-CatmullRomRGB-Fixed080,2.2032196521759033,35.906170122963566,0.0,0.0
14,grass-seam,ABL-ET2X-R-PreviousRawEdge-CatmullRomRGB-Fixed080-EncodedGamma2Blend,2.2032196521759033,35.906170122963566,0.0,0.0
15,seams,O-T2X-R,0.43120115995407104,46.44178134717093,0.0,0.0
15,seams,ABL-ET2X-R-PreviousRawEdge-CatmullRomRGB-Fixed080,0.5082356929779053,43.47709129183293,0.0,0.0
15,seams,ABL-ET2X-R-PreviousRawEdge-CatmullRomRGB-Fixed080-EncodedGamma2Blend,0.5082356929779053,43.47709129183293,0.0,0.0
15,thin-seam,O-T2X-R,0.6215277910232544,44.61442733173292,0.0,0.0
15,thin-seam,ABL-ET2X-R-PreviousRawEdge-CatmullRomRGB-Fixed080,0.8239474892616272,41.062324330100765,0.0,0.0
15,thin-seam,ABL-ET2X-R-PreviousRawEdge-CatmullRomRGB-Fixed080-EncodedGamma2Blend,0.8239474892616272,41.062324330100765,0.0,0.0
15,leaves,O-T2X-R,3.4842448234558105,31.63655484963007,0.0,0.0
15,leaves,ABL-ET2X-R-PreviousRawEdge-CatmullRomRGB-Fixed080,4.2450032234191895,29.5449999940801,0.0,0.0
15,leaves,ABL-ET2X-R-PreviousRawEdge-CatmullRomRGB-Fixed080-EncodedGamma2Blend,4.2450032234191895,29.5449999940801,0.0,0.0
15,grass-seam,O-T2X-R,1.9212055206298828,37.210419980836434,0.0,0.0
15,grass-seam,ABL-ET2X-R-PreviousRawEdge-CatmullRomRGB-Fixed080,2.2032196521759033,35.906170122963566,0.0,0.0
15,grass-seam,ABL-ET2X-R-PreviousRawEdge-CatmullRomRGB-Fixed080-EncodedGamma2Blend,2.2032196521759033,35.906170122963566,0.0,0.0
16,seams,O-T2X-R,0.43120115995407104,46.44178134717093,0.0,0.0
16,seams,ABL-ET2X-R-PreviousRawEdge-CatmullRomRGB-Fixed080,0.5082356929779053,43.47709129183293,0.0,0.0
16,seams,ABL-ET2X-R-PreviousRawEdge-CatmullRomRGB-Fixed080-EncodedGamma2Blend,0.5082356929779053,43.47709129183293,0.0,0.0
16,thin-seam,O-T2X-R,0.6215277910232544,44.61442733173292,0.0,0.0
16,thin-seam,ABL-ET2X-R-PreviousRawEdge-CatmullRomRGB-Fixed080,0.8239474892616272,41.062324330100765,0.0,0.0
16,thin-seam,ABL-ET2X-R-PreviousRawEdge-CatmullRomRGB-Fixed080-EncodedGamma2Blend,0.8239474892616272,41.062324330100765,0.0,0.0
16,leaves,O-T2X-R,3.4842448234558105,31.63655484963007,0.0,0.0
16,leaves,ABL-ET2X-R-PreviousRawEdge-CatmullRomRGB-Fixed080,4.2450032234191895,29.5449999940801,0.0,0.0
16,leaves,ABL-ET2X-R-PreviousRawEdge-CatmullRomRGB-Fixed080-EncodedGamma2Blend,4.2450032234191895,29.5449999940801,0.0,0.0
16,grass-seam,O-T2X-R,1.9212055206298828,37.210419980836434,0.0,0.0
16,grass-seam,ABL-ET2X-R-PreviousRawEdge-CatmullRomRGB-Fixed080,2.2032196521759033,35.906170122963566,0.0,0.0
16,grass-seam,ABL-ET2X-R-PreviousRawEdge-CatmullRomRGB-Fixed080-EncodedGamma2Blend,2.2032196521759033,35.906170122963566,0.0,0.0
17,seams,O-T2X-R,0.43120115995407104,46.44178134717093,0.0,0.0
17,seams,ABL-ET2X-R-PreviousRawEdge-CatmullRomRGB-Fixed080,0.5082356929779053,43.47709129183293,0.0,0.0
17,seams,ABL-ET2X-R-PreviousRawEdge-CatmullRomRGB-Fixed080-EncodedGamma2Blend,0.5082356929779053,43.47709129183293,0.0,0.0
17,thin-seam,O-T2X-R,0.6215277910232544,44.61442733173292,0.0,0.0
17,thin-seam,ABL-ET2X-R-PreviousRawEdge-CatmullRomRGB-Fixed080,0.8239474892616272,41.062324330100765,0.0,0.0
17,thin-seam,ABL-ET2X-R-PreviousRawEdge-CatmullRomRGB-Fixed080-EncodedGamma2Blend,0.8239474892616272,41.062324330100765,0.0,0.0
17,leaves,O-T2X-R,3.4842448234558105,31.63655484963007,0.0,0.0
17,leaves,ABL-ET2X-R-PreviousRawEdge-CatmullRomRGB-Fixed080,4.2450032234191895,29.5449999940801,0.0,0.0
17,leaves,ABL-ET2X-R-PreviousRawEdge-CatmullRomRGB-Fixed080-EncodedGamma2Blend,4.2450032234191895,29.5449999940801,0.0,0.0
17,grass-seam,O-T2X-R,1.9212055206298828,37.210419980836434,0.0,0.0
17,grass-seam,ABL-ET2X-R-PreviousRawEdge-CatmullRomRGB-Fixed080,2.2032196521759033,35.906170122963566,0.0,0.0
17,grass-seam,ABL-ET2X-R-PreviousRawEdge-CatmullRomRGB-Fixed080-EncodedGamma2Blend,2.2032196521759033,35.906170122963566,0.0,0.0
18,seams,O-T2X-R,0.43120115995407104,46.44178134717093,0.0,0.0
18,seams,ABL-ET2X-R-PreviousRawEdge-CatmullRomRGB-Fixed080,0.5082356929779053,43.47709129183293,0.0,0.0
18,seams,ABL-ET2X-R-PreviousRawEdge-CatmullRomRGB-Fixed080-EncodedGamma2Blend,0.5082356929779053,43.47709129183293,0.0,0.0
18,thin-seam,O-T2X-R,0.6215277910232544,44.61442733173292,0.0,0.0
18,thin-seam,ABL-ET2X-R-PreviousRawEdge-CatmullRomRGB-Fixed080,0.8239474892616272,41.062324330100765,0.0,0.0
18,thin-seam,ABL-ET2X-R-PreviousRawEdge-CatmullRomRGB-Fixed080-EncodedGamma2Blend,0.8239474892616272,41.062324330100765,0.0,0.0
18,leaves,O-T2X-R,3.4842448234558105,31.63655484963007,0.0,0.0
18,leaves,ABL-ET2X-R-PreviousRawEdge-CatmullRomRGB-Fixed080,4.2450032234191895,29.5449999940801,0.0,0.0
18,leaves,ABL-ET2X-R-PreviousRawEdge-CatmullRomRGB-Fixed080-EncodedGamma2Blend,4.2450032234191895,29.5449999940801,0.0,0.0
18,grass-seam,O-T2X-R,1.9212055206298828,37.210419980836434,0.0,0.0
18,grass-seam,ABL-ET2X-R-PreviousRawEdge-CatmullRomRGB-Fixed080,2.2032196521759033,35.906170122963566,0.0,0.0
18,grass-seam,ABL-ET2X-R-PreviousRawEdge-CatmullRomRGB-Fixed080-EncodedGamma2Blend,2.2032196521759033,35.906170122963566,0.0,0.0
19,seams,O-T2X-R,0.43120115995407104,46.44178134717093,0.0,0.0
19,seams,ABL-ET2X-R-PreviousRawEdge-CatmullRomRGB-Fixed080,0.5082356929779053,43.47709129183293,0.0,0.0
19,seams,ABL-ET2X-R-PreviousRawEdge-CatmullRomRGB-Fixed080-EncodedGamma2Blend,0.5082356929779053,43.47709129183293,0.0,0.0
19,thin-seam,O-T2X-R,0.6215277910232544,44.61442733173292,0.0,0.0
19,thin-seam,ABL-ET2X-R-PreviousRawEdge-CatmullRomRGB-Fixed080,0.8239474892616272,41.062324330100765,0.0,0.0
19,thin-seam,ABL-ET2X-R-PreviousRawEdge-CatmullRomRGB-Fixed080-EncodedGamma2Blend,0.8239474892616272,41.062324330100765,0.0,0.0
19,leaves,O-T2X-R,3.4842448234558105,31.63655484963007,0.0,0.0
19,leaves,ABL-ET2X-R-PreviousRawEdge-CatmullRomRGB-Fixed080,4.2450032234191895,29.5449999940801,0.0,0.0
19,leaves,ABL-ET2X-R-PreviousRawEdge-CatmullRomRGB-Fixed080-EncodedGamma2Blend,4.2450032234191895,29.5449999940801,0.0,0.0
19,grass-seam,O-T2X-R,1.9212055206298828,37.210419980836434,0.0,0.0
19,grass-seam,ABL-ET2X-R-PreviousRawEdge-CatmullRomRGB-Fixed080,2.2032196521759033,35.906170122963566,0.0,0.0
19,grass-seam,ABL-ET2X-R-PreviousRawEdge-CatmullRomRGB-Fixed080-EncodedGamma2Blend,2.2032196521759033,35.906170122963566,0.0,0.0
20,seams,O-T2X-R,0.43120115995407104,46.44178134717093,0.0,0.0
20,seams,ABL-ET2X-R-PreviousRawEdge-CatmullRomRGB-Fixed080,0.5082356929779053,43.47709129183293,0.0,0.0
20,seams,ABL-ET2X-R-PreviousRawEdge-CatmullRomRGB-Fixed080-EncodedGamma2Blend,0.5082356929779053,43.47709129183293,0.0,0.0
20,thin-seam,O-T2X-R,0.6215277910232544,44.61442733173292,0.0,0.0
20,thin-seam,ABL-ET2X-R-PreviousRawEdge-CatmullRomRGB-Fixed080,0.8239474892616272,41.062324330100765,0.0,0.0
20,thin-seam,ABL-ET2X-R-PreviousRawEdge-CatmullRomRGB-Fixed080-EncodedGamma2Blend,0.8239474892616272,41.062324330100765,0.0,0.0
20,leaves,O-T2X-R,3.4842448234558105,31.63655484963007,0.0,0.0
20,leaves,ABL-ET2X-R-PreviousRawEdge-CatmullRomRGB-Fixed080,4.2450032234191895,29.5449999940801,0.0,0.0
20,leaves,ABL-ET2X-R-PreviousRawEdge-CatmullRomRGB-Fixed080-EncodedGamma2Blend,4.2450032234191895,29.5449999940801,0.0,0.0
20,grass-seam,O-T2X-R,1.9212055206298828,37.210419980836434,0.0,0.0
20,grass-seam,ABL-ET2X-R-PreviousRawEdge-CatmullRomRGB-Fixed080,2.2032196521759033,35.906170122963566,0.0,0.0
20,grass-seam,ABL-ET2X-R-PreviousRawEdge-CatmullRomRGB-Fixed080-EncodedGamma2Blend,2.2032196521759033,35.906170122963566,0.0,0.0
21,seams,O-T2X-R,0.43120115995407104,46.44178134717093,0.0,0.0
21,seams,ABL-ET2X-R-PreviousRawEdge-CatmullRomRGB-Fixed080,0.5082356929779053,43.47709129183293,0.0,0.0
21,seams,ABL-ET2X-R-PreviousRawEdge-CatmullRomRGB-Fixed080-EncodedGamma2Blend,0.5082356929779053,43.47709129183293,0.0,0.0
21,thin-seam,O-T2X-R,0.6215277910232544,44.61442733173292,0.0,0.0
21,thin-seam,ABL-ET2X-R-PreviousRawEdge-CatmullRomRGB-Fixed080,0.8239474892616272,41.062324330100765,0.0,0.0
21,thin-seam,ABL-ET2X-R-PreviousRawEdge-CatmullRomRGB-Fixed080-EncodedGamma2Blend,0.8239474892616272,41.062324330100765,0.0,0.0
21,leaves,O-T2X-R,3.4842448234558105,31.63655484963007,0.0,0.0
21,leaves,ABL-ET2X-R-PreviousRawEdge-CatmullRomRGB-Fixed080,4.2450032234191895,29.5449999940801,0.0,0.0
21,leaves,ABL-ET2X-R-PreviousRawEdge-CatmullRomRGB-Fixed080-EncodedGamma2Blend,4.2450032234191895,29.5449999940801,0.0,0.0
21,grass-seam,O-T2X-R,1.9212055206298828,37.210419980836434,0.0,0.0
21,grass-seam,ABL-ET2X-R-PreviousRawEdge-CatmullRomRGB-Fixed080,2.2032196521759033,35.906170122963566,0.0,0.0
21,grass-seam,ABL-ET2X-R-PreviousRawEdge-CatmullRomRGB-Fixed080-EncodedGamma2Blend,2.2032196521759033,35.906170122963566,0.0,0.0
22,seams,O-T2X-R,0.43120115995407104,46.44178134717093,0.0,0.0
22,seams,ABL-ET2X-R-PreviousRawEdge-CatmullRomRGB-Fixed080,0.5082356929779053,43.47709129183293,0.0,0.0
22,seams,ABL-ET2X-R-PreviousRawEdge-CatmullRomRGB-Fixed080-EncodedGamma2Blend,0.5082356929779053,43.47709129183293,0.0,0.0
22,thin-seam,O-T2X-R,0.6215277910232544,44.61442733173292,0.0,0.0
22,thin-seam,ABL-ET2X-R-PreviousRawEdge-CatmullRomRGB-Fixed080,0.8239474892616272,41.062324330100765,0.0,0.0
22,thin-seam,ABL-ET2X-R-PreviousRawEdge-CatmullRomRGB-Fixed080-EncodedGamma2Blend,0.8239474892616272,41.062324330100765,0.0,0.0
22,leaves,O-T2X-R,3.4842448234558105,31.63655484963007,0.0,0.0
22,leaves,ABL-ET2X-R-PreviousRawEdge-CatmullRomRGB-Fixed080,4.2450032234191895,29.5449999940801,0.0,0.0
22,leaves,ABL-ET2X-R-PreviousRawEdge-CatmullRomRGB-Fixed080-EncodedGamma2Blend,4.2450032234191895,29.5449999940801,0.0,0.0
22,grass-seam,O-T2X-R,1.9212055206298828,37.210419980836434,0.0,0.0
22,grass-seam,ABL-ET2X-R-PreviousRawEdge-CatmullRomRGB-Fixed080,2.2032196521759033,35.906170122963566,0.0,0.0
22,grass-seam,ABL-ET2X-R-PreviousRawEdge-CatmullRomRGB-Fixed080-EncodedGamma2Blend,2.2032196521759033,35.906170122963566,0.0,0.0
23,seams,O-T2X-R,0.43120115995407104,46.44178134717093,0.0,0.0
23,seams,ABL-ET2X-R-PreviousRawEdge-CatmullRomRGB-Fixed080,0.5082356929779053,43.47709129183293,0.0,0.0
23,seams,ABL-ET2X-R-PreviousRawEdge-CatmullRomRGB-Fixed080-EncodedGamma2Blend,0.5082356929779053,43.47709129183293,0.0,0.0
23,thin-seam,O-T2X-R,0.6215277910232544,44.61442733173292,0.0,0.0
23,thin-seam,ABL-ET2X-R-PreviousRawEdge-CatmullRomRGB-Fixed080,0.8239474892616272,41.062324330100765,0.0,0.0
23,thin-seam,ABL-ET2X-R-PreviousRawEdge-CatmullRomRGB-Fixed080-EncodedGamma2Blend,0.8239474892616272,41.062324330100765,0.0,0.0
23,leaves,O-T2X-R,3.4842448234558105,31.63655484963007,0.0,0.0
23,leaves,ABL-ET2X-R-PreviousRawEdge-CatmullRomRGB-Fixed080,4.2450032234191895,29.5449999940801,0.0,0.0
23,leaves,ABL-ET2X-R-PreviousRawEdge-CatmullRomRGB-Fixed080-EncodedGamma2Blend,4.2450032234191895,29.5449999940801,0.0,0.0
23,grass-seam,O-T2X-R,1.9212055206298828,37.210419980836434,0.0,0.0
23,grass-seam,ABL-ET2X-R-PreviousRawEdge-CatmullRomRGB-Fixed080,2.2032196521759033,35.906170122963566,0.0,0.0
23,grass-seam,ABL-ET2X-R-PreviousRawEdge-CatmullRomRGB-Fixed080-EncodedGamma2Blend,2.2032196521759033,35.906170122963566,0.0,0.0
24,seams,O-T2X-R,0.43120115995407104,46.44178134717093,0.0,0.0
24,seams,ABL-ET2X-R-PreviousRawEdge-CatmullRomRGB-Fixed080,0.5082356929779053,43.47709129183293,0.0,0.0
24,seams,ABL-ET2X-R-PreviousRawEdge-CatmullRomRGB-Fixed080-EncodedGamma2Blend,0.5082356929779053,43.47709129183293,0.0,0.0
24,thin-seam,O-T2X-R,0.6215277910232544,44.61442733173292,0.0,0.0
24,thin-seam,ABL-ET2X-R-PreviousRawEdge-CatmullRomRGB-Fixed080,0.8239474892616272,41.062324330100765,0.0,0.0
24,thin-seam,ABL-ET2X-R-PreviousRawEdge-CatmullRomRGB-Fixed080-EncodedGamma2Blend,0.8239474892616272,41.062324330100765,0.0,0.0
24,leaves,O-T2X-R,3.4842448234558105,31.63655484963007,0.0,0.0
24,leaves,ABL-ET2X-R-PreviousRawEdge-CatmullRomRGB-Fixed080,4.2450032234191895,29.5449999940801,0.0,0.0
24,leaves,ABL-ET2X-R-PreviousRawEdge-CatmullRomRGB-Fixed080-EncodedGamma2Blend,4.2450032234191895,29.5449999940801,0.0,0.0
24,grass-seam,O-T2X-R,1.9212055206298828,37.210419980836434,0.0,0.0
24,grass-seam,ABL-ET2X-R-PreviousRawEdge-CatmullRomRGB-Fixed080,2.2032196521759033,35.906170122963566,0.0,0.0
24,grass-seam,ABL-ET2X-R-PreviousRawEdge-CatmullRomRGB-Fixed080-EncodedGamma2Blend,2.2032196521759033,35.906170122963566,0.0,0.0
25,seams,O-T2X-R,0.43120115995407104,46.44178134717093,0.0,0.0
25,seams,ABL-ET2X-R-PreviousRawEdge-CatmullRomRGB-Fixed080,0.5082356929779053,43.47709129183293,0.0,0.0
25,seams,ABL-ET2X-R-PreviousRawEdge-CatmullRomRGB-Fixed080-EncodedGamma2Blend,0.5082356929779053,43.47709129183293,0.0,0.0
25,thin-seam,O-T2X-R,0.6215277910232544,44.61442733173292,0.0,0.0
25,thin-seam,ABL-ET2X-R-PreviousRawEdge-CatmullRomRGB-Fixed080,0.8239474892616272,41.062324330100765,0.0,0.0
25,thin-seam,ABL-ET2X-R-PreviousRawEdge-CatmullRomRGB-Fixed080-EncodedGamma2Blend,0.8239474892616272,41.062324330100765,0.0,0.0
25,leaves,O-T2X-R,3.4842448234558105,31.63655484963007,0.0,0.0
25,leaves,ABL-ET2X-R-PreviousRawEdge-CatmullRomRGB-Fixed080,4.2450032234191895,29.5449999940801,0.0,0.0
25,leaves,ABL-ET2X-R-PreviousRawEdge-CatmullRomRGB-Fixed080-EncodedGamma2Blend,4.2450032234191895,29.5449999940801,0.0,0.0
25,grass-seam,O-T2X-R,1.9212055206298828,37.210419980836434,0.0,0.0
25,grass-seam,ABL-ET2X-R-PreviousRawEdge-CatmullRomRGB-Fixed080,2.2032196521759033,35.906170122963566,0.0,0.0
25,grass-seam,ABL-ET2X-R-PreviousRawEdge-CatmullRomRGB-Fixed080-EncodedGamma2Blend,2.2032196521759033,35.906170122963566,0.0,0.0
26,seams,O-T2X-R,0.43120115995407104,46.44178134717093,0.0,0.0
26,seams,ABL-ET2X-R-PreviousRawEdge-CatmullRomRGB-Fixed080,0.5082356929779053,43.47709129183293,0.0,0.0
26,seams,ABL-ET2X-R-PreviousRawEdge-CatmullRomRGB-Fixed080-EncodedGamma2Blend,0.5082356929779053,43.47709129183293,0.0,0.0
26,thin-seam,O-T2X-R,0.6215277910232544,44.61442733173292,0.0,0.0
26,thin-seam,ABL-ET2X-R-PreviousRawEdge-CatmullRomRGB-Fixed080,0.8239474892616272,41.062324330100765,0.0,0.0
26,thin-seam,ABL-ET2X-R-PreviousRawEdge-CatmullRomRGB-Fixed080-EncodedGamma2Blend,0.8239474892616272,41.062324330100765,0.0,0.0
26,leaves,O-T2X-R,3.4842448234558105,31.63655484963007,0.0,0.0
26,leaves,ABL-ET2X-R-PreviousRawEdge-CatmullRomRGB-Fixed080,4.2450032234191895,29.5449999940801,0.0,0.0
26,leaves,ABL-ET2X-R-PreviousRawEdge-CatmullRomRGB-Fixed080-EncodedGamma2Blend,4.2450032234191895,29.5449999940801,0.0,0.0
26,grass-seam,O-T2X-R,1.9212055206298828,37.210419980836434,0.0,0.0
26,grass-seam,ABL-ET2X-R-PreviousRawEdge-CatmullRomRGB-Fixed080,2.2032196521759033,35.906170122963566,0.0,0.0
26,grass-seam,ABL-ET2X-R-PreviousRawEdge-CatmullRomRGB-Fixed080-EncodedGamma2Blend,2.2032196521759033,35.906170122963566,0.0,0.0
27,seams,O-T2X-R,0.43120115995407104,46.44178134717093,0.0,0.0
27,seams,ABL-ET2X-R-PreviousRawEdge-CatmullRomRGB-Fixed080,0.5082356929779053,43.47709129183293,0.0,0.0
27,seams,ABL-ET2X-R-PreviousRawEdge-CatmullRomRGB-Fixed080-EncodedGamma2Blend,0.5082356929779053,43.47709129183293,0.0,0.0
27,thin-seam,O-T2X-R,0.6215277910232544,44.61442733173292,0.0,0.0
27,thin-seam,ABL-ET2X-R-PreviousRawEdge-CatmullRomRGB-Fixed080,0.8239474892616272,41.062324330100765,0.0,0.0
27,thin-seam,ABL-ET2X-R-PreviousRawEdge-CatmullRomRGB-Fixed080-EncodedGamma2Blend,0.8239474892616272,41.062324330100765,0.0,0.0
27,leaves,O-T2X-R,3.4842448234558105,31.63655484963007,0.0,0.0
27,leaves,ABL-ET2X-R-PreviousRawEdge-CatmullRomRGB-Fixed080,4.2450032234191895,29.5449999940801,0.0,0.0
27,leaves,ABL-ET2X-R-PreviousRawEdge-CatmullRomRGB-Fixed080-EncodedGamma2Blend,4.2450032234191895,29.5449999940801,0.0,0.0
27,grass-seam,O-T2X-R,1.9212055206298828,37.210419980836434,0.0,0.0
27,grass-seam,ABL-ET2X-R-PreviousRawEdge-CatmullRomRGB-Fixed080,2.2032196521759033,35.906170122963566,0.0,0.0
27,grass-seam,ABL-ET2X-R-PreviousRawEdge-CatmullRomRGB-Fixed080-EncodedGamma2Blend,2.2032196521759033,35.906170122963566,0.0,0.0
28,seams,O-T2X-R,0.43120115995407104,46.44178134717093,0.0,0.0
28,seams,ABL-ET2X-R-PreviousRawEdge-CatmullRomRGB-Fixed080,0.5082356929779053,43.47709129183293,0.0,0.0
28,seams,ABL-ET2X-R-PreviousRawEdge-CatmullRomRGB-Fixed080-EncodedGamma2Blend,0.5082356929779053,43.47709129183293,0.0,0.0
28,thin-seam,O-T2X-R,0.6215277910232544,44.61442733173292,0.0,0.0
28,thin-seam,ABL-ET2X-R-PreviousRawEdge-CatmullRomRGB-Fixed080,0.8239474892616272,41.062324330100765,0.0,0.0
28,thin-seam,ABL-ET2X-R-PreviousRawEdge-CatmullRomRGB-Fixed080-EncodedGamma2Blend,0.8239474892616272,41.062324330100765,0.0,0.0
28,leaves,O-T2X-R,3.4842448234558105,31.63655484963007,0.0,0.0
28,leaves,ABL-ET2X-R-PreviousRawEdge-CatmullRomRGB-Fixed080,4.2450032234191895,29.5449999940801,0.0,0.0
28,leaves,ABL-ET2X-R-PreviousRawEdge-CatmullRomRGB-Fixed080-EncodedGamma2Blend,4.2450032234191895,29.5449999940801,0.0,0.0
28,grass-seam,O-T2X-R,1.9212055206298828,37.210419980836434,0.0,0.0
28,grass-seam,ABL-ET2X-R-PreviousRawEdge-CatmullRomRGB-Fixed080,2.2032196521759033,35.906170122963566,0.0,0.0
28,grass-seam,ABL-ET2X-R-PreviousRawEdge-CatmullRomRGB-Fixed080-EncodedGamma2Blend,2.2032196521759033,35.906170122963566,0.0,0.0
29,seams,O-T2X-R,0.43120115995407104,46.44178134717093,0.0,0.0
29,seams,ABL-ET2X-R-PreviousRawEdge-CatmullRomRGB-Fixed080,0.5082356929779053,43.47709129183293,0.0,0.0
29,seams,ABL-ET2X-R-PreviousRawEdge-CatmullRomRGB-Fixed080-EncodedGamma2Blend,0.5082356929779053,43.47709129183293,0.0,0.0
29,thin-seam,O-T2X-R,0.6215277910232544,44.61442733173292,0.0,0.0
29,thin-seam,ABL-ET2X-R-PreviousRawEdge-CatmullRomRGB-Fixed080,0.8239474892616272,41.062324330100765,0.0,0.0
29,thin-seam,ABL-ET2X-R-PreviousRawEdge-CatmullRomRGB-Fixed080-EncodedGamma2Blend,0.8239474892616272,41.062324330100765,0.0,0.0
29,leaves,O-T2X-R,3.4842448234558105,31.63655484963007,0.0,0.0
29,leaves,ABL-ET2X-R-PreviousRawEdge-CatmullRomRGB-Fixed080,4.2450032234191895,29.5449999940801,0.0,0.0
29,leaves,ABL-ET2X-R-PreviousRawEdge-CatmullRomRGB-Fixed080-EncodedGamma2Blend,4.2450032234191895,29.5449999940801,0.0,0.0
29,grass-seam,O-T2X-R,1.9212055206298828,37.210419980836434,0.0,0.0
29,grass-seam,ABL-ET2X-R-PreviousRawEdge-CatmullRomRGB-Fixed080,2.2032196521759033,35.906170122963566,0.0,0.0
29,grass-seam,ABL-ET2X-R-PreviousRawEdge-CatmullRomRGB-Fixed080-EncodedGamma2Blend,2.2032196521759033,35.906170122963566,0.0,0.0
30,seams,O-T2X-R,0.43120115995407104,46.44178134717093,0.0,0.0
30,seams,ABL-ET2X-R-PreviousRawEdge-CatmullRomRGB-Fixed080,0.5082356929779053,43.47709129183293,0.0,0.0
30,seams,ABL-ET2X-R-PreviousRawEdge-CatmullRomRGB-Fixed080-EncodedGamma2Blend,0.5082356929779053,43.47709129183293,0.0,0.0
30,thin-seam,O-T2X-R,0.6215277910232544,44.61442733173292,0.0,0.0
30,thin-seam,ABL-ET2X-R-PreviousRawEdge-CatmullRomRGB-Fixed080,0.8239474892616272,41.062324330100765,0.0,0.0
30,thin-seam,ABL-ET2X-R-PreviousRawEdge-CatmullRomRGB-Fixed080-EncodedGamma2Blend,0.8239474892616272,41.062324330100765,0.0,0.0
30,leaves,O-T2X-R,3.4842448234558105,31.63655484963007,0.0,0.0
30,leaves,ABL-ET2X-R-PreviousRawEdge-CatmullRomRGB-Fixed080,4.2450032234191895,29.5449999940801,0.0,0.0
30,leaves,ABL-ET2X-R-PreviousRawEdge-CatmullRomRGB-Fixed080-EncodedGamma2Blend,4.2450032234191895,29.5449999940801,0.0,0.0
30,grass-seam,O-T2X-R,1.9212055206298828,37.210419980836434,0.0,0.0
30,grass-seam,ABL-ET2X-R-PreviousRawEdge-CatmullRomRGB-Fixed080,2.2032196521759033,35.906170122963566,0.0,0.0
30,grass-seam,ABL-ET2X-R-PreviousRawEdge-CatmullRomRGB-Fixed080-EncodedGamma2Blend,2.2032196521759033,35.906170122963566,0.0,0.0
31,seams,O-T2X-R,0.43120115995407104,46.44178134717093,0.0,0.0
31,seams,ABL-ET2X-R-PreviousRawEdge-CatmullRomRGB-Fixed080,0.5082356929779053,43.47709129183293,0.0,0.0
31,seams,ABL-ET2X-R-PreviousRawEdge-CatmullRomRGB-Fixed080-EncodedGamma2Blend,0.5082356929779053,43.47709129183293,0.0,0.0
31,thin-seam,O-T2X-R,0.6215277910232544,44.61442733173292,0.0,0.0
31,thin-seam,ABL-ET2X-R-PreviousRawEdge-CatmullRomRGB-Fixed080,0.8239474892616272,41.062324330100765,0.0,0.0
31,thin-seam,ABL-ET2X-R-PreviousRawEdge-CatmullRomRGB-Fixed080-EncodedGamma2Blend,0.8239474892616272,41.062324330100765,0.0,0.0
31,leaves,O-T2X-R,3.4842448234558105,31.63655484963007,0.0,0.0
31,leaves,ABL-ET2X-R-PreviousRawEdge-CatmullRomRGB-Fixed080,4.2450032234191895,29.5449999940801,0.0,0.0
31,leaves,ABL-ET2X-R-PreviousRawEdge-CatmullRomRGB-Fixed080-EncodedGamma2Blend,4.2450032234191895,29.5449999940801,0.0,0.0
31,grass-seam,O-T2X-R,1.9212055206298828,37.210419980836434,0.0,0.0
31,grass-seam,ABL-ET2X-R-PreviousRawEdge-CatmullRomRGB-Fixed080,2.2032196521759033,35.906170122963566,0.0,0.0
31,grass-seam,ABL-ET2X-R-PreviousRawEdge-CatmullRomRGB-Fixed080-EncodedGamma2Blend,2.2032196521759033,35.906170122963566,0.0,0.0
32,seams,O-T2X-R,0.43120115995407104,46.44178134717093,0.0,0.0
32,seams,ABL-ET2X-R-PreviousRawEdge-CatmullRomRGB-Fixed080,0.5082356929779053,43.47709129183293,0.0,0.0
32,seams,ABL-ET2X-R-PreviousRawEdge-CatmullRomRGB-Fixed080-EncodedGamma2Blend,0.5082356929779053,43.47709129183293,0.0,0.0
32,thin-seam,O-T2X-R,0.6215277910232544,44.61442733173292,0.0,0.0
32,thin-seam,ABL-ET2X-R-PreviousRawEdge-CatmullRomRGB-Fixed080,0.8239474892616272,41.062324330100765,0.0,0.0
32,thin-seam,ABL-ET2X-R-PreviousRawEdge-CatmullRomRGB-Fixed080-EncodedGamma2Blend,0.8239474892616272,41.062324330100765,0.0,0.0
32,leaves,O-T2X-R,3.4842448234558105,31.63655484963007,0.0,0.0
32,leaves,ABL-ET2X-R-PreviousRawEdge-CatmullRomRGB-Fixed080,4.2450032234191895,29.5449999940801,0.0,0.0
32,leaves,ABL-ET2X-R-PreviousRawEdge-CatmullRomRGB-Fixed080-EncodedGamma2Blend,4.2450032234191895,29.5449999940801,0.0,0.0
32,grass-seam,O-T2X-R,1.9212055206298828,37.210419980836434,0.0,0.0
32,grass-seam,ABL-ET2X-R-PreviousRawEdge-CatmullRomRGB-Fixed080,2.2032196521759033,35.906170122963566,0.0,0.0
32,grass-seam,ABL-ET2X-R-PreviousRawEdge-CatmullRomRGB-Fixed080-EncodedGamma2Blend,2.2032196521759033,35.906170122963566,0.0,0.0
33,seams,O-T2X-R,0.43120115995407104,46.44178134717093,0.0,0.0
33,seams,ABL-ET2X-R-PreviousRawEdge-CatmullRomRGB-Fixed080,0.5082356929779053,43.47709129183293,0.0,0.0
33,seams,ABL-ET2X-R-PreviousRawEdge-CatmullRomRGB-Fixed080-EncodedGamma2Blend,0.5082356929779053,43.47709129183293,0.0,0.0
33,thin-seam,O-T2X-R,0.6215277910232544,44.61442733173292,0.0,0.0
33,thin-seam,ABL-ET2X-R-PreviousRawEdge-CatmullRomRGB-Fixed080,0.8239474892616272,41.062324330100765,0.0,0.0
33,thin-seam,ABL-ET2X-R-PreviousRawEdge-CatmullRomRGB-Fixed080-EncodedGamma2Blend,0.8239474892616272,41.062324330100765,0.0,0.0
33,leaves,O-T2X-R,3.4842448234558105,31.63655484963007,0.0,0.0
33,leaves,ABL-ET2X-R-PreviousRawEdge-CatmullRomRGB-Fixed080,4.2450032234191895,29.5449999940801,0.0,0.0
33,leaves,ABL-ET2X-R-PreviousRawEdge-CatmullRomRGB-Fixed080-EncodedGamma2Blend,4.2450032234191895,29.5449999940801,0.0,0.0
33,grass-seam,O-T2X-R,1.9212055206298828,37.210419980836434,0.0,0.0
33,grass-seam,ABL-ET2X-R-PreviousRawEdge-CatmullRomRGB-Fixed080,2.2032196521759033,35.906170122963566,0.0,0.0
33,grass-seam,ABL-ET2X-R-PreviousRawEdge-CatmullRomRGB-Fixed080-EncodedGamma2Blend,2.2032196521759033,35.906170122963566,0.0,0.0
34,seams,O-T2X-R,0.43120115995407104,46.44178134717093,0.0,0.0
34,seams,ABL-ET2X-R-PreviousRawEdge-CatmullRomRGB-Fixed080,0.5082356929779053,43.47709129183293,0.0,0.0
34,seams,ABL-ET2X-R-PreviousRawEdge-CatmullRomRGB-Fixed080-EncodedGamma2Blend,0.5082356929779053,43.47709129183293,0.0,0.0
34,thin-seam,O-T2X-R,0.6215277910232544,44.61442733173292,0.0,0.0
34,thin-seam,ABL-ET2X-R-PreviousRawEdge-CatmullRomRGB-Fixed080,0.8239474892616272,41.062324330100765,0.0,0.0
34,thin-seam,ABL-ET2X-R-PreviousRawEdge-CatmullRomRGB-Fixed080-EncodedGamma2Blend,0.8239474892616272,41.062324330100765,0.0,0.0
34,leaves,O-T2X-R,3.4842448234558105,31.63655484963007,0.0,0.0
34,leaves,ABL-ET2X-R-PreviousRawEdge-CatmullRomRGB-Fixed080,4.2450032234191895,29.5449999940801,0.0,0.0
34,leaves,ABL-ET2X-R-PreviousRawEdge-CatmullRomRGB-Fixed080-EncodedGamma2Blend,4.2450032234191895,29.5449999940801,0.0,0.0
34,grass-seam,O-T2X-R,1.9212055206298828,37.210419980836434,0.0,0.0
34,grass-seam,ABL-ET2X-R-PreviousRawEdge-CatmullRomRGB-Fixed080,2.2032196521759033,35.906170122963566,0.0,0.0
34,grass-seam,ABL-ET2X-R-PreviousRawEdge-CatmullRomRGB-Fixed080-EncodedGamma2Blend,2.2032196521759033,35.906170122963566,0.0,0.0
35,seams,O-T2X-R,0.43120115995407104,46.44178134717093,0.0,0.0
35,seams,ABL-ET2X-R-PreviousRawEdge-CatmullRomRGB-Fixed080,0.5082356929779053,43.47709129183293,0.0,0.0
35,seams,ABL-ET2X-R-PreviousRawEdge-CatmullRomRGB-Fixed080-EncodedGamma2Blend,0.5082356929779053,43.47709129183293,0.0,0.0
35,thin-seam,O-T2X-R,0.6215277910232544,44.61442733173292,0.0,0.0
35,thin-seam,ABL-ET2X-R-PreviousRawEdge-CatmullRomRGB-Fixed080,0.8239474892616272,41.062324330100765,0.0,0.0
35,thin-seam,ABL-ET2X-R-PreviousRawEdge-CatmullRomRGB-Fixed080-EncodedGamma2Blend,0.8239474892616272,41.062324330100765,0.0,0.0
35,leaves,O-T2X-R,3.4842448234558105,31.63655484963007,0.0,0.0
35,leaves,ABL-ET2X-R-PreviousRawEdge-CatmullRomRGB-Fixed080,4.2450032234191895,29.5449999940801,0.0,0.0
35,leaves,ABL-ET2X-R-PreviousRawEdge-CatmullRomRGB-Fixed080-EncodedGamma2Blend,4.2450032234191895,29.5449999940801,0.0,0.0
35,grass-seam,O-T2X-R,1.9212055206298828,37.210419980836434,0.0,0.0
35,grass-seam,ABL-ET2X-R-PreviousRawEdge-CatmullRomRGB-Fixed080,2.2032196521759033,35.906170122963566,0.0,0.0
35,grass-seam,ABL-ET2X-R-PreviousRawEdge-CatmullRomRGB-Fixed080-EncodedGamma2Blend,2.2032196521759033,35.906170122963566,0.0,0.0
36,seams,O-T2X-R,0.43120115995407104,46.44178134717093,0.0,0.0
36,seams,ABL-ET2X-R-PreviousRawEdge-CatmullRomRGB-Fixed080,0.5082356929779053,43.47709129183293,0.0,0.0
36,seams,ABL-ET2X-R-PreviousRawEdge-CatmullRomRGB-Fixed080-EncodedGamma2Blend,0.5082356929779053,43.47709129183293,0.0,0.0
36,thin-seam,O-T2X-R,0.6215277910232544,44.61442733173292,0.0,0.0
36,thin-seam,ABL-ET2X-R-PreviousRawEdge-CatmullRomRGB-Fixed080,0.8239474892616272,41.062324330100765,0.0,0.0
36,thin-seam,ABL-ET2X-R-PreviousRawEdge-CatmullRomRGB-Fixed080-EncodedGamma2Blend,0.8239474892616272,41.062324330100765,0.0,0.0
36,leaves,O-T2X-R,3.4842448234558105,31.63655484963007,0.0,0.0
36,leaves,ABL-ET2X-R-PreviousRawEdge-CatmullRomRGB-Fixed080,4.2450032234191895,29.5449999940801,0.0,0.0
36,leaves,ABL-ET2X-R-PreviousRawEdge-CatmullRomRGB-Fixed080-EncodedGamma2Blend,4.2450032234191895,29.5449999940801,0.0,0.0
36,grass-seam,O-T2X-R,1.9212055206298828,37.210419980836434,0.0,0.0
36,grass-seam,ABL-ET2X-R-PreviousRawEdge-CatmullRomRGB-Fixed080,2.2032196521759033,35.906170122963566,0.0,0.0
36,grass-seam,ABL-ET2X-R-PreviousRawEdge-CatmullRomRGB-Fixed080-EncodedGamma2Blend,2.2032196521759033,35.906170122963566,0.0,0.0
37,seams,O-T2X-R,0.43120115995407104,46.44178134717093,0.0,0.0
37,seams,ABL-ET2X-R-PreviousRawEdge-CatmullRomRGB-Fixed080,0.5082356929779053,43.47709129183293,0.0,0.0
37,seams,ABL-ET2X-R-PreviousRawEdge-CatmullRomRGB-Fixed080-EncodedGamma2Blend,0.5082356929779053,43.47709129183293,0.0,0.0
37,thin-seam,O-T2X-R,0.6215277910232544,44.61442733173292,0.0,0.0
37,thin-seam,ABL-ET2X-R-PreviousRawEdge-CatmullRomRGB-Fixed080,0.8239474892616272,41.062324330100765,0.0,0.0
37,thin-seam,ABL-ET2X-R-PreviousRawEdge-CatmullRomRGB-Fixed080-EncodedGamma2Blend,0.8239474892616272,41.062324330100765,0.0,0.0
37,leaves,O-T2X-R,3.4842448234558105,31.63655484963007,0.0,0.0
37,leaves,ABL-ET2X-R-PreviousRawEdge-CatmullRomRGB-Fixed080,4.2450032234191895,29.5449999940801,0.0,0.0
37,leaves,ABL-ET2X-R-PreviousRawEdge-CatmullRomRGB-Fixed080-EncodedGamma2Blend,4.2450032234191895,29.5449999940801,0.0,0.0
37,grass-seam,O-T2X-R,1.9212055206298828,37.210419980836434,0.0,0.0
37,grass-seam,ABL-ET2X-R-PreviousRawEdge-CatmullRomRGB-Fixed080,2.2032196521759033,35.906170122963566,0.0,0.0
37,grass-seam,ABL-ET2X-R-PreviousRawEdge-CatmullRomRGB-Fixed080-EncodedGamma2Blend,2.2032196521759033,35.906170122963566,0.0,0.0
38,seams,O-T2X-R,0.43120115995407104,46.44178134717093,0.0,0.0
38,seams,ABL-ET2X-R-PreviousRawEdge-CatmullRomRGB-Fixed080,0.5082356929779053,43.47709129183293,0.0,0.0
38,seams,ABL-ET2X-R-PreviousRawEdge-CatmullRomRGB-Fixed080-EncodedGamma2Blend,0.5082356929779053,43.47709129183293,0.0,0.0
38,thin-seam,O-T2X-R,0.6215277910232544,44.61442733173292,0.0,0.0
38,thin-seam,ABL-ET2X-R-PreviousRawEdge-CatmullRomRGB-Fixed080,0.8239474892616272,41.062324330100765,0.0,0.0
38,thin-seam,ABL-ET2X-R-PreviousRawEdge-CatmullRomRGB-Fixed080-EncodedGamma2Blend,0.8239474892616272,41.062324330100765,0.0,0.0
38,leaves,O-T2X-R,3.4842448234558105,31.63655484963007,0.0,0.0
38,leaves,ABL-ET2X-R-PreviousRawEdge-CatmullRomRGB-Fixed080,4.2450032234191895,29.5449999940801,0.0,0.0
38,leaves,ABL-ET2X-R-PreviousRawEdge-CatmullRomRGB-Fixed080-EncodedGamma2Blend,4.2450032234191895,29.5449999940801,0.0,0.0
38,grass-seam,O-T2X-R,1.9212055206298828,37.210419980836434,0.0,0.0
38,grass-seam,ABL-ET2X-R-PreviousRawEdge-CatmullRomRGB-Fixed080,2.2032196521759033,35.906170122963566,0.0,0.0
38,grass-seam,ABL-ET2X-R-PreviousRawEdge-CatmullRomRGB-Fixed080-EncodedGamma2Blend,2.2032196521759033,35.906170122963566,0.0,0.0
39,seams,O-T2X-R,0.43120115995407104,46.44178134717093,0.0,0.0
39,seams,ABL-ET2X-R-PreviousRawEdge-CatmullRomRGB-Fixed080,0.5082356929779053,43.47709129183293,0.0,0.0
39,seams,ABL-ET2X-R-PreviousRawEdge-CatmullRomRGB-Fixed080-EncodedGamma2Blend,0.5082356929779053,43.47709129183293,0.0,0.0
39,thin-seam,O-T2X-R,0.6215277910232544,44.61442733173292,0.0,0.0
39,thin-seam,ABL-ET2X-R-PreviousRawEdge-CatmullRomRGB-Fixed080,0.8239474892616272,41.062324330100765,0.0,0.0
39,thin-seam,ABL-ET2X-R-PreviousRawEdge-CatmullRomRGB-Fixed080-EncodedGamma2Blend,0.8239474892616272,41.062324330100765,0.0,0.0
39,leaves,O-T2X-R,3.4842448234558105,31.63655484963007,0.0,0.0
39,leaves,ABL-ET2X-R-PreviousRawEdge-CatmullRomRGB-Fixed080,4.2450032234191895,29.5449999940801,0.0,0.0
39,leaves,ABL-ET2X-R-PreviousRawEdge-CatmullRomRGB-Fixed080-EncodedGamma2Blend,4.2450032234191895,29.5449999940801,0.0,0.0
39,grass-seam,O-T2X-R,1.9212055206298828,37.210419980836434,0.0,0.0
39,grass-seam,ABL-ET2X-R-PreviousRawEdge-CatmullRomRGB-Fixed080,2.2032196521759033,35.906170122963566,0.0,0.0
39,grass-seam,ABL-ET2X-R-PreviousRawEdge-CatmullRomRGB-Fixed080-EncodedGamma2Blend,2.2032196521759033,35.906170122963566,0.0,0.0
40,seams,O-T2X-R,0.43120115995407104,46.44178134717093,0.0,0.0
40,seams,ABL-ET2X-R-PreviousRawEdge-CatmullRomRGB-Fixed080,0.5082356929779053,43.47709129183293,0.0,0.0
40,seams,ABL-ET2X-R-PreviousRawEdge-CatmullRomRGB-Fixed080-EncodedGamma2Blend,0.5082356929779053,43.47709129183293,0.0,0.0
40,thin-seam,O-T2X-R,0.6215277910232544,44.61442733173292,0.0,0.0
40,thin-seam,ABL-ET2X-R-PreviousRawEdge-CatmullRomRGB-Fixed080,0.8239474892616272,41.062324330100765,0.0,0.0
40,thin-seam,ABL-ET2X-R-PreviousRawEdge-CatmullRomRGB-Fixed080-EncodedGamma2Blend,0.8239474892616272,41.062324330100765,0.0,0.0
40,leaves,O-T2X-R,3.4842448234558105,31.63655484963007,0.0,0.0
40,leaves,ABL-ET2X-R-PreviousRawEdge-CatmullRomRGB-Fixed080,4.2450032234191895,29.5449999940801,0.0,0.0
40,leaves,ABL-ET2X-R-PreviousRawEdge-CatmullRomRGB-Fixed080-EncodedGamma2Blend,4.2450032234191895,29.5449999940801,0.0,0.0
40,grass-seam,O-T2X-R,1.9212055206298828,37.210419980836434,0.0,0.0
40,grass-seam,ABL-ET2X-R-PreviousRawEdge-CatmullRomRGB-Fixed080,2.2032196521759033,35.906170122963566,0.0,0.0
40,grass-seam,ABL-ET2X-R-PreviousRawEdge-CatmullRomRGB-Fixed080-EncodedGamma2Blend,2.2032196521759033,35.906170122963566,0.0,0.0
41,seams,O-T2X-R,0.43120115995407104,46.44178134717093,0.0,0.0
41,seams,ABL-ET2X-R-PreviousRawEdge-CatmullRomRGB-Fixed080,0.5082356929779053,43.47709129183293,0.0,0.0
41,seams,ABL-ET2X-R-PreviousRawEdge-CatmullRomRGB-Fixed080-EncodedGamma2Blend,0.5082356929779053,43.47709129183293,0.0,0.0
41,thin-seam,O-T2X-R,0.6215277910232544,44.61442733173292,0.0,0.0
41,thin-seam,ABL-ET2X-R-PreviousRawEdge-CatmullRomRGB-Fixed080,0.8239474892616272,41.062324330100765,0.0,0.0
41,thin-seam,ABL-ET2X-R-PreviousRawEdge-CatmullRomRGB-Fixed080-EncodedGamma2Blend,0.8239474892616272,41.062324330100765,0.0,0.0
41,leaves,O-T2X-R,3.4842448234558105,31.63655484963007,0.0,0.0
41,leaves,ABL-ET2X-R-PreviousRawEdge-CatmullRomRGB-Fixed080,4.2450032234191895,29.5449999940801,0.0,0.0
41,leaves,ABL-ET2X-R-PreviousRawEdge-CatmullRomRGB-Fixed080-EncodedGamma2Blend,4.2450032234191895,29.5449999940801,0.0,0.0
41,grass-seam,O-T2X-R,1.9212055206298828,37.210419980836434,0.0,0.0
41,grass-seam,ABL-ET2X-R-PreviousRawEdge-CatmullRomRGB-Fixed080,2.2032196521759033,35.906170122963566,0.0,0.0
41,grass-seam,ABL-ET2X-R-PreviousRawEdge-CatmullRomRGB-Fixed080-EncodedGamma2Blend,2.2032196521759033,35.906170122963566,0.0,0.0
42,seams,O-T2X-R,0.43120115995407104,46.44178134717093,0.0,0.0
42,seams,ABL-ET2X-R-PreviousRawEdge-CatmullRomRGB-Fixed080,0.5082356929779053,43.47709129183293,0.0,0.0
42,seams,ABL-ET2X-R-PreviousRawEdge-CatmullRomRGB-Fixed080-EncodedGamma2Blend,0.5082356929779053,43.47709129183293,0.0,0.0
42,thin-seam,O-T2X-R,0.6215277910232544,44.61442733173292,0.0,0.0
42,thin-seam,ABL-ET2X-R-PreviousRawEdge-CatmullRomRGB-Fixed080,0.8239474892616272,41.062324330100765,0.0,0.0
42,thin-seam,ABL-ET2X-R-PreviousRawEdge-CatmullRomRGB-Fixed080-EncodedGamma2Blend,0.8239474892616272,41.062324330100765,0.0,0.0
42,leaves,O-T2X-R,3.4842448234558105,31.63655484963007,0.0,0.0
42,leaves,ABL-ET2X-R-PreviousRawEdge-CatmullRomRGB-Fixed080,4.2450032234191895,29.5449999940801,0.0,0.0
42,leaves,ABL-ET2X-R-PreviousRawEdge-CatmullRomRGB-Fixed080-EncodedGamma2Blend,4.2450032234191895,29.5449999940801,0.0,0.0
42,grass-seam,O-T2X-R,1.9212055206298828,37.210419980836434,0.0,0.0
42,grass-seam,ABL-ET2X-R-PreviousRawEdge-CatmullRomRGB-Fixed080,2.2032196521759033,35.906170122963566,0.0,0.0
42,grass-seam,ABL-ET2X-R-PreviousRawEdge-CatmullRomRGB-Fixed080-EncodedGamma2Blend,2.2032196521759033,35.906170122963566,0.0,0.0
43,seams,O-T2X-R,0.43120115995407104,46.44178134717093,0.0,0.0
43,seams,ABL-ET2X-R-PreviousRawEdge-CatmullRomRGB-Fixed080,0.5082356929779053,43.47709129183293,0.0,0.0
43,seams,ABL-ET2X-R-PreviousRawEdge-CatmullRomRGB-Fixed080-EncodedGamma2Blend,0.5082356929779053,43.47709129183293,0.0,0.0
43,thin-seam,O-T2X-R,0.6215277910232544,44.61442733173292,0.0,0.0
43,thin-seam,ABL-ET2X-R-PreviousRawEdge-CatmullRomRGB-Fixed080,0.8239474892616272,41.062324330100765,0.0,0.0
43,thin-seam,ABL-ET2X-R-PreviousRawEdge-CatmullRomRGB-Fixed080-EncodedGamma2Blend,0.8239474892616272,41.062324330100765,0.0,0.0
43,leaves,O-T2X-R,3.4842448234558105,31.63655484963007,0.0,0.0
43,leaves,ABL-ET2X-R-PreviousRawEdge-CatmullRomRGB-Fixed080,4.2450032234191895,29.5449999940801,0.0,0.0
43,leaves,ABL-ET2X-R-PreviousRawEdge-CatmullRomRGB-Fixed080-EncodedGamma2Blend,4.2450032234191895,29.5449999940801,0.0,0.0
43,grass-seam,O-T2X-R,1.9212055206298828,37.210419980836434,0.0,0.0
43,grass-seam,ABL-ET2X-R-PreviousRawEdge-CatmullRomRGB-Fixed080,2.2032196521759033,35.906170122963566,0.0,0.0
43,grass-seam,ABL-ET2X-R-PreviousRawEdge-CatmullRomRGB-Fixed080-EncodedGamma2Blend,2.2032196521759033,35.906170122963566,0.0,0.0
44,seams,O-T2X-R,0.43120115995407104,46.44178134717093,0.0,0.0
44,seams,ABL-ET2X-R-PreviousRawEdge-CatmullRomRGB-Fixed080,0.5082356929779053,43.47709129183293,0.0,0.0
44,seams,ABL-ET2X-R-PreviousRawEdge-CatmullRomRGB-Fixed080-EncodedGamma2Blend,0.5082356929779053,43.47709129183293,0.0,0.0
44,thin-seam,O-T2X-R,0.6215277910232544,44.61442733173292,0.0,0.0
44,thin-seam,ABL-ET2X-R-PreviousRawEdge-CatmullRomRGB-Fixed080,0.8239474892616272,41.062324330100765,0.0,0.0
44,thin-seam,ABL-ET2X-R-PreviousRawEdge-CatmullRomRGB-Fixed080-EncodedGamma2Blend,0.8239474892616272,41.062324330100765,0.0,0.0
44,leaves,O-T2X-R,3.4842448234558105,31.63655484963007,0.0,0.0
44,leaves,ABL-ET2X-R-PreviousRawEdge-CatmullRomRGB-Fixed080,4.2450032234191895,29.5449999940801,0.0,0.0
44,leaves,ABL-ET2X-R-PreviousRawEdge-CatmullRomRGB-Fixed080-EncodedGamma2Blend,4.2450032234191895,29.5449999940801,0.0,0.0
44,grass-seam,O-T2X-R,1.9212055206298828,37.210419980836434,0.0,0.0
44,grass-seam,ABL-ET2X-R-PreviousRawEdge-CatmullRomRGB-Fixed080,2.2032196521759033,35.906170122963566,0.0,0.0
44,grass-seam,ABL-ET2X-R-PreviousRawEdge-CatmullRomRGB-Fixed080-EncodedGamma2Blend,2.2032196521759033,35.906170122963566,0.0,0.0
45,seams,O-T2X-R,0.43120115995407104,46.44178134717093,0.0,0.0
45,seams,ABL-ET2X-R-PreviousRawEdge-CatmullRomRGB-Fixed080,0.5082356929779053,43.47709129183293,0.0,0.0
45,seams,ABL-ET2X-R-PreviousRawEdge-CatmullRomRGB-Fixed080-EncodedGamma2Blend,0.5082356929779053,43.47709129183293,0.0,0.0
45,thin-seam,O-T2X-R,0.6215277910232544,44.61442733173292,0.0,0.0
45,thin-seam,ABL-ET2X-R-PreviousRawEdge-CatmullRomRGB-Fixed080,0.8239474892616272,41.062324330100765,0.0,0.0
45,thin-seam,ABL-ET2X-R-PreviousRawEdge-CatmullRomRGB-Fixed080-EncodedGamma2Blend,0.8239474892616272,41.062324330100765,0.0,0.0
45,leaves,O-T2X-R,3.4842448234558105,31.63655484963007,0.0,0.0
45,leaves,ABL-ET2X-R-PreviousRawEdge-CatmullRomRGB-Fixed080,4.2450032234191895,29.5449999940801,0.0,0.0
45,leaves,ABL-ET2X-R-PreviousRawEdge-CatmullRomRGB-Fixed080-EncodedGamma2Blend,4.2450032234191895,29.5449999940801,0.0,0.0
45,grass-seam,O-T2X-R,1.9212055206298828,37.210419980836434,0.0,0.0
45,grass-seam,ABL-ET2X-R-PreviousRawEdge-CatmullRomRGB-Fixed080,2.2032196521759033,35.906170122963566,0.0,0.0
45,grass-seam,ABL-ET2X-R-PreviousRawEdge-CatmullRomRGB-Fixed080-EncodedGamma2Blend,2.2032196521759033,35.906170122963566,0.0,0.0
46,seams,O-T2X-R,0.43120115995407104,46.44178134717093,0.0,0.0
46,seams,ABL-ET2X-R-PreviousRawEdge-CatmullRomRGB-Fixed080,0.5082356929779053,43.47709129183293,0.0,0.0
46,seams,ABL-ET2X-R-PreviousRawEdge-CatmullRomRGB-Fixed080-EncodedGamma2Blend,0.5082356929779053,43.47709129183293,0.0,0.0
46,thin-seam,O-T2X-R,0.6215277910232544,44.61442733173292,0.0,0.0
46,thin-seam,ABL-ET2X-R-PreviousRawEdge-CatmullRomRGB-Fixed080,0.8239474892616272,41.062324330100765,0.0,0.0
46,thin-seam,ABL-ET2X-R-PreviousRawEdge-CatmullRomRGB-Fixed080-EncodedGamma2Blend,0.8239474892616272,41.062324330100765,0.0,0.0
46,leaves,O-T2X-R,3.4842448234558105,31.63655484963007,0.0,0.0
46,leaves,ABL-ET2X-R-PreviousRawEdge-CatmullRomRGB-Fixed080,4.2450032234191895,29.5449999940801,0.0,0.0
46,leaves,ABL-ET2X-R-PreviousRawEdge-CatmullRomRGB-Fixed080-EncodedGamma2Blend,4.2450032234191895,29.5449999940801,0.0,0.0
46,grass-seam,O-T2X-R,1.9212055206298828,37.210419980836434,0.0,0.0
46,grass-seam,ABL-ET2X-R-PreviousRawEdge-CatmullRomRGB-Fixed080,2.2032196521759033,35.906170122963566,0.0,0.0
46,grass-seam,ABL-ET2X-R-PreviousRawEdge-CatmullRomRGB-Fixed080-EncodedGamma2Blend,2.2032196521759033,35.906170122963566,0.0,0.0
47,seams,O-T2X-R,0.43120115995407104,46.44178134717093,0.0,0.0
47,seams,ABL-ET2X-R-PreviousRawEdge-CatmullRomRGB-Fixed080,0.5082356929779053,43.47709129183293,0.0,0.0
47,seams,ABL-ET2X-R-PreviousRawEdge-CatmullRomRGB-Fixed080-EncodedGamma2Blend,0.5082356929779053,43.47709129183293,0.0,0.0
47,thin-seam,O-T2X-R,0.6215277910232544,44.61442733173292,0.0,0.0
47,thin-seam,ABL-ET2X-R-PreviousRawEdge-CatmullRomRGB-Fixed080,0.8239474892616272,41.062324330100765,0.0,0.0
47,thin-seam,ABL-ET2X-R-PreviousRawEdge-CatmullRomRGB-Fixed080-EncodedGamma2Blend,0.8239474892616272,41.062324330100765,0.0,0.0
47,leaves,O-T2X-R,3.4842448234558105,31.63655484963007,0.0,0.0
47,leaves,ABL-ET2X-R-PreviousRawEdge-CatmullRomRGB-Fixed080,4.2450032234191895,29.5449999940801,0.0,0.0
47,leaves,ABL-ET2X-R-PreviousRawEdge-CatmullRomRGB-Fixed080-EncodedGamma2Blend,4.2450032234191895,29.5449999940801,0.0,0.0
47,grass-seam,O-T2X-R,1.9212055206298828,37.210419980836434,0.0,0.0
47,grass-seam,ABL-ET2X-R-PreviousRawEdge-CatmullRomRGB-Fixed080,2.2032196521759033,35.906170122963566,0.0,0.0
47,grass-seam,ABL-ET2X-R-PreviousRawEdge-CatmullRomRGB-Fixed080-EncodedGamma2Blend,2.2032196521759033,35.906170122963566,0.0,0.0
48,seams,O-T2X-R,0.43120115995407104,46.44178134717093,0.0,0.0
48,seams,ABL-ET2X-R-PreviousRawEdge-CatmullRomRGB-Fixed080,0.5082356929779053,43.47709129183293,0.0,0.0
48,seams,ABL-ET2X-R-PreviousRawEdge-CatmullRomRGB-Fixed080-EncodedGamma2Blend,0.5082356929779053,43.47709129183293,0.0,0.0
48,thin-seam,O-T2X-R,0.6215277910232544,44.61442733173292,0.0,0.0
48,thin-seam,ABL-ET2X-R-PreviousRawEdge-CatmullRomRGB-Fixed080,0.8239474892616272,41.062324330100765,0.0,0.0
48,thin-seam,ABL-ET2X-R-PreviousRawEdge-CatmullRomRGB-Fixed080-EncodedGamma2Blend,0.8239474892616272,41.062324330100765,0.0,0.0
48,leaves,O-T2X-R,3.4842448234558105,31.63655484963007,0.0,0.0
48,leaves,ABL-ET2X-R-PreviousRawEdge-CatmullRomRGB-Fixed080,4.2450032234191895,29.5449999940801,0.0,0.0
48,leaves,ABL-ET2X-R-PreviousRawEdge-CatmullRomRGB-Fixed080-EncodedGamma2Blend,4.2450032234191895,29.5449999940801,0.0,0.0
48,grass-seam,O-T2X-R,1.9212055206298828,37.210419980836434,0.0,0.0
48,grass-seam,ABL-ET2X-R-PreviousRawEdge-CatmullRomRGB-Fixed080,2.2032196521759033,35.906170122963566,0.0,0.0
48,grass-seam,ABL-ET2X-R-PreviousRawEdge-CatmullRomRGB-Fixed080-EncodedGamma2Blend,2.2032196521759033,35.906170122963566,0.0,0.0
49,seams,O-T2X-R,0.43120115995407104,46.44178134717093,0.0,0.0
49,seams,ABL-ET2X-R-PreviousRawEdge-CatmullRomRGB-Fixed080,0.5082356929779053,43.47709129183293,0.0,0.0
49,seams,ABL-ET2X-R-PreviousRawEdge-CatmullRomRGB-Fixed080-EncodedGamma2Blend,0.5082356929779053,43.47709129183293,0.0,0.0
49,thin-seam,O-T2X-R,0.6215277910232544,44.61442733173292,0.0,0.0
49,thin-seam,ABL-ET2X-R-PreviousRawEdge-CatmullRomRGB-Fixed080,0.8239474892616272,41.062324330100765,0.0,0.0
49,thin-seam,ABL-ET2X-R-PreviousRawEdge-CatmullRomRGB-Fixed080-EncodedGamma2Blend,0.8239474892616272,41.062324330100765,0.0,0.0
49,leaves,O-T2X-R,3.4842448234558105,31.63655484963007,0.0,0.0
49,leaves,ABL-ET2X-R-PreviousRawEdge-CatmullRomRGB-Fixed080,4.2450032234191895,29.5449999940801,0.0,0.0
49,leaves,ABL-ET2X-R-PreviousRawEdge-CatmullRomRGB-Fixed080-EncodedGamma2Blend,4.2450032234191895,29.5449999940801,0.0,0.0
49,grass-seam,O-T2X-R,1.9212055206298828,37.210419980836434,0.0,0.0
49,grass-seam,ABL-ET2X-R-PreviousRawEdge-CatmullRomRGB-Fixed080,2.2032196521759033,35.906170122963566,0.0,0.0
49,grass-seam,ABL-ET2X-R-PreviousRawEdge-CatmullRomRGB-Fixed080-EncodedGamma2Blend,2.2032196521759033,35.906170122963566,0.0,0.0
50,seams,O-T2X-R,0.43120115995407104,46.44178134717093,0.0,0.0
50,seams,ABL-ET2X-R-PreviousRawEdge-CatmullRomRGB-Fixed080,0.5082356929779053,43.47709129183293,0.0,0.0
50,seams,ABL-ET2X-R-PreviousRawEdge-CatmullRomRGB-Fixed080-EncodedGamma2Blend,0.5082356929779053,43.47709129183293,0.0,0.0
50,thin-seam,O-T2X-R,0.6215277910232544,44.61442733173292,0.0,0.0
50,thin-seam,ABL-ET2X-R-PreviousRawEdge-CatmullRomRGB-Fixed080,0.8239474892616272,41.062324330100765,0.0,0.0
50,thin-seam,ABL-ET2X-R-PreviousRawEdge-CatmullRomRGB-Fixed080-EncodedGamma2Blend,0.8239474892616272,41.062324330100765,0.0,0.0
50,leaves,O-T2X-R,3.4842448234558105,31.63655484963007,0.0,0.0
50,leaves,ABL-ET2X-R-PreviousRawEdge-CatmullRomRGB-Fixed080,4.2450032234191895,29.5449999940801,0.0,0.0
50,leaves,ABL-ET2X-R-PreviousRawEdge-CatmullRomRGB-Fixed080-EncodedGamma2Blend,4.2450032234191895,29.5449999940801,0.0,0.0
50,grass-seam,O-T2X-R,1.9212055206298828,37.210419980836434,0.0,0.0
50,grass-seam,ABL-ET2X-R-PreviousRawEdge-CatmullRomRGB-Fixed080,2.2032196521759033,35.906170122963566,0.0,0.0
50,grass-seam,ABL-ET2X-R-PreviousRawEdge-CatmullRomRGB-Fixed080-EncodedGamma2Blend,2.2032196521759033,35.906170122963566,0.0,0.0
51,seams,O-T2X-R,0.43120115995407104,46.44178134717093,0.0,0.0
51,seams,ABL-ET2X-R-PreviousRawEdge-CatmullRomRGB-Fixed080,0.5082356929779053,43.47709129183293,0.0,0.0
51,seams,ABL-ET2X-R-PreviousRawEdge-CatmullRomRGB-Fixed080-EncodedGamma2Blend,0.5082356929779053,43.47709129183293,0.0,0.0
51,thin-seam,O-T2X-R,0.6215277910232544,44.61442733173292,0.0,0.0
51,thin-seam,ABL-ET2X-R-PreviousRawEdge-CatmullRomRGB-Fixed080,0.8239474892616272,41.062324330100765,0.0,0.0
51,thin-seam,ABL-ET2X-R-PreviousRawEdge-CatmullRomRGB-Fixed080-EncodedGamma2Blend,0.8239474892616272,41.062324330100765,0.0,0.0
51,leaves,O-T2X-R,3.4842448234558105,31.63655484963007,0.0,0.0
51,leaves,ABL-ET2X-R-PreviousRawEdge-CatmullRomRGB-Fixed080,4.2450032234191895,29.5449999940801,0.0,0.0
51,leaves,ABL-ET2X-R-PreviousRawEdge-CatmullRomRGB-Fixed080-EncodedGamma2Blend,4.2450032234191895,29.5449999940801,0.0,0.0
51,grass-seam,O-T2X-R,1.9212055206298828,37.210419980836434,0.0,0.0
51,grass-seam,ABL-ET2X-R-PreviousRawEdge-CatmullRomRGB-Fixed080,2.2032196521759033,35.906170122963566,0.0,0.0
51,grass-seam,ABL-ET2X-R-PreviousRawEdge-CatmullRomRGB-Fixed080-EncodedGamma2Blend,2.2032196521759033,35.906170122963566,0.0,0.0
52,seams,O-T2X-R,0.43120115995407104,46.44178134717093,0.0,0.0
52,seams,ABL-ET2X-R-PreviousRawEdge-CatmullRomRGB-Fixed080,0.5082356929779053,43.47709129183293,0.0,0.0
52,seams,ABL-ET2X-R-PreviousRawEdge-CatmullRomRGB-Fixed080-EncodedGamma2Blend,0.5082356929779053,43.47709129183293,0.0,0.0
52,thin-seam,O-T2X-R,0.6215277910232544,44.61442733173292,0.0,0.0
52,thin-seam,ABL-ET2X-R-PreviousRawEdge-CatmullRomRGB-Fixed080,0.8239474892616272,41.062324330100765,0.0,0.0
52,thin-seam,ABL-ET2X-R-PreviousRawEdge-CatmullRomRGB-Fixed080-EncodedGamma2Blend,0.8239474892616272,41.062324330100765,0.0,0.0
52,leaves,O-T2X-R,3.4842448234558105,31.63655484963007,0.0,0.0
52,leaves,ABL-ET2X-R-PreviousRawEdge-CatmullRomRGB-Fixed080,4.2450032234191895,29.5449999940801,0.0,0.0
52,leaves,ABL-ET2X-R-PreviousRawEdge-CatmullRomRGB-Fixed080-EncodedGamma2Blend,4.2450032234191895,29.5449999940801,0.0,0.0
52,grass-seam,O-T2X-R,1.9212055206298828,37.210419980836434,0.0,0.0
52,grass-seam,ABL-ET2X-R-PreviousRawEdge-CatmullRomRGB-Fixed080,2.2032196521759033,35.906170122963566,0.0,0.0
52,grass-seam,ABL-ET2X-R-PreviousRawEdge-CatmullRomRGB-Fixed080-EncodedGamma2Blend,2.2032196521759033,35.906170122963566,0.0,0.0
53,seams,O-T2X-R,0.43120115995407104,46.44178134717093,0.0,0.0
53,seams,ABL-ET2X-R-PreviousRawEdge-CatmullRomRGB-Fixed080,0.5082356929779053,43.47709129183293,0.0,0.0
53,seams,ABL-ET2X-R-PreviousRawEdge-CatmullRomRGB-Fixed080-EncodedGamma2Blend,0.5082356929779053,43.47709129183293,0.0,0.0
53,thin-seam,O-T2X-R,0.6215277910232544,44.61442733173292,0.0,0.0
53,thin-seam,ABL-ET2X-R-PreviousRawEdge-CatmullRomRGB-Fixed080,0.8239474892616272,41.062324330100765,0.0,0.0
53,thin-seam,ABL-ET2X-R-PreviousRawEdge-CatmullRomRGB-Fixed080-EncodedGamma2Blend,0.8239474892616272,41.062324330100765,0.0,0.0
53,leaves,O-T2X-R,3.4842448234558105,31.63655484963007,0.0,0.0
53,leaves,ABL-ET2X-R-PreviousRawEdge-CatmullRomRGB-Fixed080,4.2450032234191895,29.5449999940801,0.0,0.0
53,leaves,ABL-ET2X-R-PreviousRawEdge-CatmullRomRGB-Fixed080-EncodedGamma2Blend,4.2450032234191895,29.5449999940801,0.0,0.0
53,grass-seam,O-T2X-R,1.9212055206298828,37.210419980836434,0.0,0.0
53,grass-seam,ABL-ET2X-R-PreviousRawEdge-CatmullRomRGB-Fixed080,2.2032196521759033,35.906170122963566,0.0,0.0
53,grass-seam,ABL-ET2X-R-PreviousRawEdge-CatmullRomRGB-Fixed080-EncodedGamma2Blend,2.2032196521759033,35.906170122963566,0.0,0.0
54,seams,O-T2X-R,0.43120115995407104,46.44178134717093,0.0,0.0
54,seams,ABL-ET2X-R-PreviousRawEdge-CatmullRomRGB-Fixed080,0.5082356929779053,43.47709129183293,0.0,0.0
54,seams,ABL-ET2X-R-PreviousRawEdge-CatmullRomRGB-Fixed080-EncodedGamma2Blend,0.5082356929779053,43.47709129183293,0.0,0.0
54,thin-seam,O-T2X-R,0.6215277910232544,44.61442733173292,0.0,0.0
54,thin-seam,ABL-ET2X-R-PreviousRawEdge-CatmullRomRGB-Fixed080,0.8239474892616272,41.062324330100765,0.0,0.0
54,thin-seam,ABL-ET2X-R-PreviousRawEdge-CatmullRomRGB-Fixed080-EncodedGamma2Blend,0.8239474892616272,41.062324330100765,0.0,0.0
54,leaves,O-T2X-R,3.4842448234558105,31.63655484963007,0.0,0.0
54,leaves,ABL-ET2X-R-PreviousRawEdge-CatmullRomRGB-Fixed080,4.2450032234191895,29.5449999940801,0.0,0.0
54,leaves,ABL-ET2X-R-PreviousRawEdge-CatmullRomRGB-Fixed080-EncodedGamma2Blend,4.2450032234191895,29.5449999940801,0.0,0.0
54,grass-seam,O-T2X-R,1.9212055206298828,37.210419980836434,0.0,0.0
54,grass-seam,ABL-ET2X-R-PreviousRawEdge-CatmullRomRGB-Fixed080,2.2032196521759033,35.906170122963566,0.0,0.0
54,grass-seam,ABL-ET2X-R-PreviousRawEdge-CatmullRomRGB-Fixed080-EncodedGamma2Blend,2.2032196521759033,35.906170122963566,0.0,0.0
55,seams,O-T2X-R,0.43120115995407104,46.44178134717093,0.0,0.0
55,seams,ABL-ET2X-R-PreviousRawEdge-CatmullRomRGB-Fixed080,0.5082356929779053,43.47709129183293,0.0,0.0
55,seams,ABL-ET2X-R-PreviousRawEdge-CatmullRomRGB-Fixed080-EncodedGamma2Blend,0.5082356929779053,43.47709129183293,0.0,0.0
55,thin-seam,O-T2X-R,0.6215277910232544,44.61442733173292,0.0,0.0
55,thin-seam,ABL-ET2X-R-PreviousRawEdge-CatmullRomRGB-Fixed080,0.8239474892616272,41.062324330100765,0.0,0.0
55,thin-seam,ABL-ET2X-R-PreviousRawEdge-CatmullRomRGB-Fixed080-EncodedGamma2Blend,0.8239474892616272,41.062324330100765,0.0,0.0
55,leaves,O-T2X-R,3.4842448234558105,31.63655484963007,0.0,0.0
55,leaves,ABL-ET2X-R-PreviousRawEdge-CatmullRomRGB-Fixed080,4.2450032234191895,29.5449999940801,0.0,0.0
55,leaves,ABL-ET2X-R-PreviousRawEdge-CatmullRomRGB-Fixed080-EncodedGamma2Blend,4.2450032234191895,29.5449999940801,0.0,0.0
55,grass-seam,O-T2X-R,1.9212055206298828,37.210419980836434,0.0,0.0
55,grass-seam,ABL-ET2X-R-PreviousRawEdge-CatmullRomRGB-Fixed080,2.2032196521759033,35.906170122963566,0.0,0.0
55,grass-seam,ABL-ET2X-R-PreviousRawEdge-CatmullRomRGB-Fixed080-EncodedGamma2Blend,2.2032196521759033,35.906170122963566,0.0,0.0
56,seams,O-T2X-R,0.43120115995407104,46.44178134717093,0.0,0.0
56,seams,ABL-ET2X-R-PreviousRawEdge-CatmullRomRGB-Fixed080,0.5082356929779053,43.47709129183293,0.0,0.0
56,seams,ABL-ET2X-R-PreviousRawEdge-CatmullRomRGB-Fixed080-EncodedGamma2Blend,0.5082356929779053,43.47709129183293,0.0,0.0
56,thin-seam,O-T2X-R,0.6215277910232544,44.61442733173292,0.0,0.0
56,thin-seam,ABL-ET2X-R-PreviousRawEdge-CatmullRomRGB-Fixed080,0.8239474892616272,41.062324330100765,0.0,0.0
56,thin-seam,ABL-ET2X-R-PreviousRawEdge-CatmullRomRGB-Fixed080-EncodedGamma2Blend,0.8239474892616272,41.062324330100765,0.0,0.0
56,leaves,O-T2X-R,3.4842448234558105,31.63655484963007,0.0,0.0
56,leaves,ABL-ET2X-R-PreviousRawEdge-CatmullRomRGB-Fixed080,4.2450032234191895,29.5449999940801,0.0,0.0
56,leaves,ABL-ET2X-R-PreviousRawEdge-CatmullRomRGB-Fixed080-EncodedGamma2Blend,4.2450032234191895,29.5449999940801,0.0,0.0
56,grass-seam,O-T2X-R,1.9212055206298828,37.210419980836434,0.0,0.0
56,grass-seam,ABL-ET2X-R-PreviousRawEdge-CatmullRomRGB-Fixed080,2.2032196521759033,35.906170122963566,0.0,0.0
56,grass-seam,ABL-ET2X-R-PreviousRawEdge-CatmullRomRGB-Fixed080-EncodedGamma2Blend,2.2032196521759033,35.906170122963566,0.0,0.0
57,seams,O-T2X-R,0.43120115995407104,46.44178134717093,0.0,0.0
57,seams,ABL-ET2X-R-PreviousRawEdge-CatmullRomRGB-Fixed080,0.5082356929779053,43.47709129183293,0.0,0.0
57,seams,ABL-ET2X-R-PreviousRawEdge-CatmullRomRGB-Fixed080-EncodedGamma2Blend,0.5082356929779053,43.47709129183293,0.0,0.0
57,thin-seam,O-T2X-R,0.6215277910232544,44.61442733173292,0.0,0.0
57,thin-seam,ABL-ET2X-R-PreviousRawEdge-CatmullRomRGB-Fixed080,0.8239474892616272,41.062324330100765,0.0,0.0
57,thin-seam,ABL-ET2X-R-PreviousRawEdge-CatmullRomRGB-Fixed080-EncodedGamma2Blend,0.8239474892616272,41.062324330100765,0.0,0.0
57,leaves,O-T2X-R,3.4842448234558105,31.63655484963007,0.0,0.0
57,leaves,ABL-ET2X-R-PreviousRawEdge-CatmullRomRGB-Fixed080,4.2450032234191895,29.5449999940801,0.0,0.0
57,leaves,ABL-ET2X-R-PreviousRawEdge-CatmullRomRGB-Fixed080-EncodedGamma2Blend,4.2450032234191895,29.5449999940801,0.0,0.0
57,grass-seam,O-T2X-R,1.9212055206298828,37.210419980836434,0.0,0.0
57,grass-seam,ABL-ET2X-R-PreviousRawEdge-CatmullRomRGB-Fixed080,2.2032196521759033,35.906170122963566,0.0,0.0
57,grass-seam,ABL-ET2X-R-PreviousRawEdge-CatmullRomRGB-Fixed080-EncodedGamma2Blend,2.2032196521759033,35.906170122963566,0.0,0.0
58,seams,O-T2X-R,0.43120115995407104,46.44178134717093,0.0,0.0
58,seams,ABL-ET2X-R-PreviousRawEdge-CatmullRomRGB-Fixed080,0.5082356929779053,43.47709129183293,0.0,0.0
58,seams,ABL-ET2X-R-PreviousRawEdge-CatmullRomRGB-Fixed080-EncodedGamma2Blend,0.5082356929779053,43.47709129183293,0.0,0.0
58,thin-seam,O-T2X-R,0.6215277910232544,44.61442733173292,0.0,0.0
58,thin-seam,ABL-ET2X-R-PreviousRawEdge-CatmullRomRGB-Fixed080,0.8239474892616272,41.062324330100765,0.0,0.0
58,thin-seam,ABL-ET2X-R-PreviousRawEdge-CatmullRomRGB-Fixed080-EncodedGamma2Blend,0.8239474892616272,41.062324330100765,0.0,0.0
58,leaves,O-T2X-R,3.4842448234558105,31.63655484963007,0.0,0.0
58,leaves,ABL-ET2X-R-PreviousRawEdge-CatmullRomRGB-Fixed080,4.2450032234191895,29.5449999940801,0.0,0.0
58,leaves,ABL-ET2X-R-PreviousRawEdge-CatmullRomRGB-Fixed080-EncodedGamma2Blend,4.2450032234191895,29.5449999940801,0.0,0.0
58,grass-seam,O-T2X-R,1.9212055206298828,37.210419980836434,0.0,0.0
58,grass-seam,ABL-ET2X-R-PreviousRawEdge-CatmullRomRGB-Fixed080,2.2032196521759033,35.906170122963566,0.0,0.0
58,grass-seam,ABL-ET2X-R-PreviousRawEdge-CatmullRomRGB-Fixed080-EncodedGamma2Blend,2.2032196521759033,35.906170122963566,0.0,0.0
59,seams,O-T2X-R,0.43120115995407104,46.44178134717093,0.0,0.0
59,seams,ABL-ET2X-R-PreviousRawEdge-CatmullRomRGB-Fixed080,0.5082356929779053,43.47709129183293,0.0,0.0
59,seams,ABL-ET2X-R-PreviousRawEdge-CatmullRomRGB-Fixed080-EncodedGamma2Blend,0.5082356929779053,43.47709129183293,0.0,0.0
59,thin-seam,O-T2X-R,0.6215277910232544,44.61442733173292,0.0,0.0
59,thin-seam,ABL-ET2X-R-PreviousRawEdge-CatmullRomRGB-Fixed080,0.8239474892616272,41.062324330100765,0.0,0.0
59,thin-seam,ABL-ET2X-R-PreviousRawEdge-CatmullRomRGB-Fixed080-EncodedGamma2Blend,0.8239474892616272,41.062324330100765,0.0,0.0
59,leaves,O-T2X-R,3.4842448234558105,31.63655484963007,0.0,0.0
59,leaves,ABL-ET2X-R-PreviousRawEdge-CatmullRomRGB-Fixed080,4.2450032234191895,29.5449999940801,0.0,0.0
59,leaves,ABL-ET2X-R-PreviousRawEdge-CatmullRomRGB-Fixed080-EncodedGamma2Blend,4.2450032234191895,29.5449999940801,0.0,0.0
59,grass-seam,O-T2X-R,1.9212055206298828,37.210419980836434,0.0,0.0
59,grass-seam,ABL-ET2X-R-PreviousRawEdge-CatmullRomRGB-Fixed080,2.2032196521759033,35.906170122963566,0.0,0.0
59,grass-seam,ABL-ET2X-R-PreviousRawEdge-CatmullRomRGB-Fixed080-EncodedGamma2Blend,2.2032196521759033,35.906170122963566,0.0,0.0
60,seams,O-T2X-R,0.43120115995407104,46.44178134717093,0.0,0.0
60,seams,ABL-ET2X-R-PreviousRawEdge-CatmullRomRGB-Fixed080,0.5082356929779053,43.47709129183293,0.0,0.0
60,seams,ABL-ET2X-R-PreviousRawEdge-CatmullRomRGB-Fixed080-EncodedGamma2Blend,0.5082356929779053,43.47709129183293,0.0,0.0
60,thin-seam,O-T2X-R,0.6215277910232544,44.61442733173292,0.0,0.0
60,thin-seam,ABL-ET2X-R-PreviousRawEdge-CatmullRomRGB-Fixed080,0.8239474892616272,41.062324330100765,0.0,0.0
60,thin-seam,ABL-ET2X-R-PreviousRawEdge-CatmullRomRGB-Fixed080-EncodedGamma2Blend,0.8239474892616272,41.062324330100765,0.0,0.0
60,leaves,O-T2X-R,3.4842448234558105,31.63655484963007,0.0,0.0
60,leaves,ABL-ET2X-R-PreviousRawEdge-CatmullRomRGB-Fixed080,4.2450032234191895,29.5449999940801,0.0,0.0
60,leaves,ABL-ET2X-R-PreviousRawEdge-CatmullRomRGB-Fixed080-EncodedGamma2Blend,4.2450032234191895,29.5449999940801,0.0,0.0
60,grass-seam,O-T2X-R,1.9212055206298828,37.210419980836434,0.0,0.0
60,grass-seam,ABL-ET2X-R-PreviousRawEdge-CatmullRomRGB-Fixed080,2.2032196521759033,35.906170122963566,0.0,0.0
60,grass-seam,ABL-ET2X-R-PreviousRawEdge-CatmullRomRGB-Fixed080-EncodedGamma2Blend,2.2032196521759033,35.906170122963566,0.0,0.0
61,seams,O-T2X-R,0.8475586175918579,40.20976063946107,8.213354110717773,8.213354110717773
61,seams,ABL-ET2X-R-PreviousRawEdge-CatmullRomRGB-Fixed080,0.3974609375,46.36828914471411,8.001811027526855,8.001811027526855
61,seams,ABL-ET2X-R-PreviousRawEdge-CatmullRomRGB-Fixed080-EncodedGamma2Blend,0.397705078125,46.363063527444986,8.001413345336914,8.001413345336914
61,thin-seam,O-T2X-R,1.3764106035232544,38.011306916842585,10.154622077941895,10.154622077941895
61,thin-seam,ABL-ET2X-R-PreviousRawEdge-CatmullRomRGB-Fixed080,0.5538737177848816,44.785406499649966,9.591384887695312,9.591384887695312
61,thin-seam,ABL-ET2X-R-PreviousRawEdge-CatmullRomRGB-Fixed080-EncodedGamma2Blend,0.5538737177848816,44.785406499649966,9.591384887695312,9.591384887695312
61,leaves,O-T2X-R,4.941504001617432,29.289331882281676,7.9443535804748535,7.9443535804748535
61,leaves,ABL-ET2X-R-PreviousRawEdge-CatmullRomRGB-Fixed080,4.047623634338379,30.17378853395741,10.073081970214844,10.073081970214844
61,leaves,ABL-ET2X-R-PreviousRawEdge-CatmullRomRGB-Fixed080-EncodedGamma2Blend,4.044856548309326,30.187491361977315,10.07521915435791,10.07521915435791
61,grass-seam,O-T2X-R,2.8881020545959473,34.36963256683791,4.110296726226807,4.110296726226807
61,grass-seam,ABL-ET2X-R-PreviousRawEdge-CatmullRomRGB-Fixed080,2.198378086090088,36.151611537477415,4.82062292098999,4.82062292098999
61,grass-seam,ABL-ET2X-R-PreviousRawEdge-CatmullRomRGB-Fixed080-EncodedGamma2Blend,2.1971678733825684,36.16319081532291,4.820284366607666,4.820284366607666
62,seams,O-T2X-R,1.2654297351837158,33.18517693100125,11.901500701904297,17.402957916259766
62,seams,ABL-ET2X-R-PreviousRawEdge-CatmullRomRGB-Fixed080,1.4784016609191895,29.60200169623431,11.215316772460938,16.172119140625
62,seams,ABL-ET2X-R-PreviousRawEdge-CatmullRomRGB-Fixed080-EncodedGamma2Blend,1.4948893785476685,29.449362610697072,11.211271286010742,16.16826820373535
62,thin-seam,O-T2X-R,1.1436089277267456,40.24442090088571,13.939876556396484,22.15592384338379
62,thin-seam,ABL-ET2X-R-PreviousRawEdge-CatmullRomRGB-Fixed080,0.498046875,47.451652294730806,13.13393783569336,19.896175384521484
62,thin-seam,ABL-ET2X-R-PreviousRawEdge-CatmullRomRGB-Fixed080-EncodedGamma2Blend,0.4981011152267456,47.45064510724684,13.133949279785156,19.89618682861328
62,leaves,O-T2X-R,3.7952311038970947,31.311909051251728,10.760927200317383,13.496551513671875
62,leaves,ABL-ET2X-R-PreviousRawEdge-CatmullRomRGB-Fixed080,4.02685546875,30.44697862051091,9.502416610717773,13.507824897766113
62,leaves,ABL-ET2X-R-PreviousRawEdge-CatmullRomRGB-Fixed080-EncodedGamma2Blend,4.01123046875,30.51807792165345,9.499212265014648,13.510000228881836
62,grass-seam,O-T2X-R,2.360748052597046,35.83254952983736,5.703552722930908,6.6440629959106445
62,grass-seam,ABL-ET2X-R-PreviousRawEdge-CatmullRomRGB-Fixed080,2.3356330394744873,35.580035747700734,5.034588813781738,6.343959808349609
62,grass-seam,ABL-ET2X-R-PreviousRawEdge-CatmullRomRGB-Fixed080-EncodedGamma2Blend,2.3336358070373535,35.59611972700955,5.034639358520508,6.342085361480713
63,seams,O-T2X-R,2.0464518070220947,34.38672142402809,10.700779914855957,20.25972557067871
63,seams,ABL-ET2X-R-PreviousRawEdge-CatmullRomRGB-Fixed080,4.139632225036621,26.083968854169342,9.7594575881958,18.814367294311523
63,seams,ABL-ET2X-R-PreviousRawEdge-CatmullRomRGB-Fixed080-EncodedGamma2Blend,4.2083821296691895,25.84906602536837,9.755526542663574,18.808696746826172
63,thin-seam,O-T2X-R,1.9305013418197632,37.349547840867075,10.909655570983887,22.455642700195312
63,thin-seam,ABL-ET2X-R-PreviousRawEdge-CatmullRomRGB-Fixed080,5.21983528137207,24.853968809680346,9.848381996154785,20.847074508666992
63,thin-seam,ABL-ET2X-R-PreviousRawEdge-CatmullRomRGB-Fixed080-EncodedGamma2Blend,5.302680015563965,24.63844049060182,9.846363067626953,20.8377628326416
63,leaves,O-T2X-R,4.316227436065674,30.33439366600783,8.420292854309082,14.036529541015625
63,leaves,ABL-ET2X-R-PreviousRawEdge-CatmullRomRGB-Fixed080,4.097932815551758,30.555305003676395,9.02408218383789,11.934847831726074
63,leaves,ABL-ET2X-R-PreviousRawEdge-CatmullRomRGB-Fixed080-EncodedGamma2Blend,4.080045700073242,30.634069514678373,9.012539863586426,11.916669845581055
63,grass-seam,O-T2X-R,2.4849915504455566,35.59396497742655,4.3935370445251465,6.814651012420654
63,grass-seam,ABL-ET2X-R-PreviousRawEdge-CatmullRomRGB-Fixed080,2.524993896484375,34.99322118515393,4.96665096282959,5.904134750366211
63,grass-seam,ABL-ET2X-R-PreviousRawEdge-CatmullRomRGB-Fixed080-EncodedGamma2Blend,2.522210121154785,35.013996028880065,4.965043544769287,5.903568744659424
64,seams,O-T2X-R,1.3800780773162842,38.14821311868147,2.736717939376831,11.785409927368164
64,seams,ABL-ET2X-R-PreviousRawEdge-CatmullRomRGB-Fixed080,2.911637306213379,29.604299558194462,2.4176886081695557,10.137189865112305
64,seams,ABL-ET2X-R-PreviousRawEdge-CatmullRomRGB-Fixed080-EncodedGamma2Blend,2.963346242904663,29.331581600644473,2.4203858375549316,10.13447093963623
64,thin-seam,O-T2X-R,1.4113497734069824,37.715934421830035,2.3336145877838135,11.658503532409668
64,thin-seam,ABL-ET2X-R-PreviousRawEdge-CatmullRomRGB-Fixed080,2.85107421875,30.188596280720002,2.069511651992798,9.956745147705078
64,thin-seam,ABL-ET2X-R-PreviousRawEdge-CatmullRomRGB-Fixed080-EncodedGamma2Blend,2.902398109436035,29.88890022201291,2.0696136951446533,9.948908805847168
64,leaves,O-T2X-R,3.735579490661621,31.446650227163087,8.368407249450684,9.891401290893555
64,leaves,ABL-ET2X-R-PreviousRawEdge-CatmullRomRGB-Fixed080,4.103450298309326,30.435162508239802,8.46263599395752,10.877737045288086
64,leaves,ABL-ET2X-R-PreviousRawEdge-CatmullRomRGB-Fixed080-EncodedGamma2Blend,4.0868000984191895,30.499336121012675,8.45465087890625,10.857572555541992
64,grass-seam,O-T2X-R,2.1657588481903076,36.453516432818546,4.579303741455078,4.40225887298584
64,grass-seam,ABL-ET2X-R-PreviousRawEdge-CatmullRomRGB-Fixed080,2.4888041019439697,34.8994965370705,4.517792224884033,5.541720390319824
64,grass-seam,ABL-ET2X-R-PreviousRawEdge-CatmullRomRGB-Fixed080-EncodedGamma2Blend,2.4850521087646484,34.92882006704747,4.5172343254089355,5.540165901184082
65,seams,O-T2X-R,1.1919759511947632,40.51390077639976,1.5770329236984253,2.464601755142212
65,seams,ABL-ET2X-R-PreviousRawEdge-CatmullRomRGB-Fixed080,2.209749460220337,32.358259199511494,1.6663786172866821,2.325911283493042
65,seams,ABL-ET2X-R-PreviousRawEdge-CatmullRomRGB-Fixed080-EncodedGamma2Blend,2.2471680641174316,32.08716839763109,1.6656204462051392,2.3240485191345215
65,thin-seam,O-T2X-R,1.2248806953430176,40.99774146554864,1.6193782091140747,1.887406349182129
65,thin-seam,ABL-ET2X-R-PreviousRawEdge-CatmullRomRGB-Fixed080,2.154405355453491,32.79960757398546,1.8554658889770508,1.9556928873062134
65,thin-seam,ABL-ET2X-R-PreviousRawEdge-CatmullRomRGB-Fixed080-EncodedGamma2Blend,2.1872286796569824,32.555732691031174,1.852838158607483,1.9504798650741577
65,leaves,O-T2X-R,4.231135845184326,30.478449867819787,8.172100067138672,11.723886489868164
65,leaves,ABL-ET2X-R-PreviousRawEdge-CatmullRomRGB-Fixed080,4.096419334411621,30.58862224112302,8.14233112335205,10.036397933959961
65,leaves,ABL-ET2X-R-PreviousRawEdge-CatmullRomRGB-Fixed080-EncodedGamma2Blend,4.079817771911621,30.64839056410975,8.137269973754883,10.024307250976562
65,grass-seam,O-T2X-R,2.4218106269836426,35.12765862587798,4.258720874786377,5.46867036819458
65,grass-seam,ABL-ET2X-R-PreviousRawEdge-CatmullRomRGB-Fixed080,2.4460785388946533,35.05043717806241,4.4634175300598145,5.099529266357422
65,grass-seam,ABL-ET2X-R-PreviousRawEdge-CatmullRomRGB-Fixed080-EncodedGamma2Blend,2.442084312438965,35.08168715666563,4.464706897735596,5.098541259765625
66,seams,O-T2X-R,1.2859700918197632,38.05009974570783,1.467244029045105,2.1594934463500977
66,seams,ABL-ET2X-R-PreviousRawEdge-CatmullRomRGB-Fixed080,1.7306478023529053,35.337523515561365,1.5037628412246704,1.6548954248428345
66,seams,ABL-ET2X-R-PreviousRawEdge-CatmullRomRGB-Fixed080-EncodedGamma2Blend,1.7591146230697632,35.035153375752316,1.5031534433364868,1.651861548423767
66,thin-seam,O-T2X-R,1.3824869394302368,37.1148334136043,1.7324985265731812,2.3111438751220703
66,thin-seam,ABL-ET2X-R-PreviousRawEdge-CatmullRomRGB-Fixed080,1.5928819179534912,36.632821002176016,1.7154501676559448,1.898434042930603
66,thin-seam,ABL-ET2X-R-PreviousRawEdge-CatmullRomRGB-Fixed080-EncodedGamma2Blend,1.6158311367034912,36.34212967209234,1.7146459817886353,1.8937839269638062
66,leaves,O-T2X-R,3.643831491470337,31.625491405215097,8.3551607131958,9.968589782714844
66,leaves,ABL-ET2X-R-PreviousRawEdge-CatmullRomRGB-Fixed080,4.053450584411621,30.648244439714244,8.06212329864502,9.79870891571045
66,leaves,ABL-ET2X-R-PreviousRawEdge-CatmullRomRGB-Fixed080-EncodedGamma2Blend,4.039013862609863,30.694893416122447,8.060140609741211,9.795036315917969
66,grass-seam,O-T2X-R,2.1555919647216797,36.63237982613958,4.351776599884033,4.582089900970459
66,grass-seam,ABL-ET2X-R-PreviousRawEdge-CatmullRomRGB-Fixed080,2.387315511703491,35.375646604504794,4.462954998016357,4.981373310089111
66,grass-seam,ABL-ET2X-R-PreviousRawEdge-CatmullRomRGB-Fixed080-EncodedGamma2Blend,2.3822319507598877,35.411302671924794,4.463538646697998,4.98089599609375
67,seams,O-T2X-R,1.3540689945220947,36.90215197172181,1.4364076852798462,1.2414873838424683
67,seams,ABL-ET2X-R-PreviousRawEdge-CatmullRomRGB-Fixed080,1.5802733898162842,36.29280587361664,1.4849646091461182,1.3810460567474365
67,seams,ABL-ET2X-R-PreviousRawEdge-CatmullRomRGB-Fixed080-EncodedGamma2Blend,1.5997884273529053,36.0986743722091,1.4836218357086182,1.3780332803726196
67,thin-seam,O-T2X-R,1.3379991054534912,39.25008655967813,1.6324882507324219,1.3334598541259766
67,thin-seam,ABL-ET2X-R-PreviousRawEdge-CatmullRomRGB-Fixed080,1.38671875,38.340590572123965,1.6442718505859375,1.5136566162109375
67,thin-seam,ABL-ET2X-R-PreviousRawEdge-CatmullRomRGB-Fixed080-EncodedGamma2Blend,1.4017469882965088,38.12211792799175,1.6417487859725952,1.5110937356948853
67,leaves,O-T2X-R,4.175244331359863,30.40663734376196,8.224808692932129,11.815781593322754
67,leaves,ABL-ET2X-R-PreviousRawEdge-CatmullRomRGB-Fixed080,3.9923014640808105,30.785624512610703,7.975776672363281,9.724873542785645
67,leaves,ABL-ET2X-R-PreviousRawEdge-CatmullRomRGB-Fixed080-EncodedGamma2Blend,3.979508399963379,30.828427733236623,7.977456569671631,9.725101470947266
67,grass-seam,O-T2X-R,2.300593137741089,35.63278310380269,4.101848125457764,5.514061450958252
67,grass-seam,ABL-ET2X-R-PreviousRawEdge-CatmullRomRGB-Fixed080,2.4256234169006348,35.201802932519904,4.408186435699463,5.051820755004883
67,grass-seam,ABL-ET2X-R-PreviousRawEdge-CatmullRomRGB-Fixed080-EncodedGamma2Blend,2.420055627822876,35.23216975792228,4.40915060043335,5.0529704093933105
68,seams,O-T2X-R,1.2143229246139526,39.897615474512826,1.4552946090698242,2.0000815391540527
68,seams,ABL-ET2X-R-PreviousRawEdge-CatmullRomRGB-Fixed080,1.4715982675552368,36.26766199435196,1.500064730644226,1.4318174123764038
68,seams,ABL-ET2X-R-PreviousRawEdge-CatmullRomRGB-Fixed080-EncodedGamma2Blend,1.4856445789337158,36.165166678440464,1.5001060962677002,1.4299055337905884
68,thin-seam,O-T2X-R,1.1393771171569824,42.93543740297974,1.6617234945297241,2.28934383392334
68,thin-seam,ABL-ET2X-R-PreviousRawEdge-CatmullRomRGB-Fixed080,1.4522026777267456,35.71267916668496,1.7809439897537231,1.6629438400268555
68,thin-seam,ABL-ET2X-R-PreviousRawEdge-CatmullRomRGB-Fixed080-EncodedGamma2Blend,1.4627821445465088,35.648893723396164,1.7801508903503418,1.6613330841064453
68,leaves,O-T2X-R,3.7152342796325684,31.519254616102547,8.239938735961914,9.97077751159668
68,leaves,ABL-ET2X-R-PreviousRawEdge-CatmullRomRGB-Fixed080,4.019987106323242,30.770829879351528,7.88970947265625,9.514801025390625
68,leaves,ABL-ET2X-R-PreviousRawEdge-CatmullRomRGB-Fixed080-EncodedGamma2Blend,4.00830078125,30.81096521382723,7.893801689147949,9.52061653137207
68,grass-seam,O-T2X-R,2.1677560806274414,36.437202949552294,4.303215026855469,4.466150283813477
68,grass-seam,ABL-ET2X-R-PreviousRawEdge-CatmullRomRGB-Fixed080,2.426409959793091,35.214797220917184,4.286682605743408,4.879087924957275
68,grass-seam,ABL-ET2X-R-PreviousRawEdge-CatmullRomRGB-Fixed080-EncodedGamma2Blend,2.421205520629883,35.24898916928199,4.286635398864746,4.881555080413818
69,seams,O-T2X-R,1.2573893070220947,39.35036064222399,1.4974043369293213,1.290311574935913
69,seams,ABL-ET2X-R-PreviousRawEdge-CatmullRomRGB-Fixed080,1.2657064199447632,39.14747877995328,1.4897425174713135,1.4709142446517944
69,seams,ABL-ET2X-R-PreviousRawEdge-CatmullRomRGB-Fixed080-EncodedGamma2Blend,1.2754395008087158,39.0339709433687,1.489904761314392,1.4705642461776733
69,thin-seam,O-T2X-R,1.1270073652267456,42.90053200453299,1.607853889465332,1.2808030843734741
69,thin-seam,ABL-ET2X-R-PreviousRawEdge-CatmullRomRGB-Fixed080,1.1346029043197632,41.12450039841807,1.7858880758285522,1.8470712900161743
69,thin-seam,ABL-ET2X-R-PreviousRawEdge-CatmullRomRGB-Fixed080-EncodedGamma2Blend,1.1410590410232544,41.02027779511666,1.7855366468429565,1.8466891050338745
69,leaves,O-T2X-R,4.177148342132568,30.58915736254836,8.156970024108887,11.73129940032959
69,leaves,ABL-ET2X-R-PreviousRawEdge-CatmullRomRGB-Fixed080,3.998291015625,30.9065063091969,7.770853519439697,9.446538925170898
69,leaves,ABL-ET2X-R-PreviousRawEdge-CatmullRomRGB-Fixed080-EncodedGamma2Blend,3.987076759338379,30.945043390088202,7.776170253753662,9.454668998718262
69,grass-seam,O-T2X-R,2.3295812606811523,35.62219387882554,4.208059787750244,5.417385578155518
69,grass-seam,ABL-ET2X-R-PreviousRawEdge-CatmullRomRGB-Fixed080,2.4213266372680664,35.0433182783817,4.221055030822754,4.749270439147949
69,grass-seam,ABL-ET2X-R-PreviousRawEdge-CatmullRomRGB-Fixed080-EncodedGamma2Blend,2.416243076324463,35.07475089961925,4.223536491394043,4.751290798187256
70,seams,O-T2X-R,1.2647135257720947,40.14220277415569,1.494724154472351,2.058457136154175
70,seams,ABL-ET2X-R-PreviousRawEdge-CatmullRomRGB-Fixed080,1.2381510734558105,38.40057799916494,1.5272985696792603,1.3286008834838867
70,seams,ABL-ET2X-R-PreviousRawEdge-CatmullRomRGB-Fixed080-EncodedGamma2Blend,1.2447916269302368,38.3687432710869,1.527730941772461,1.3280054330825806
70,thin-seam,O-T2X-R,1.2501627206802368,41.41541311849862,1.7138704061508179,2.3050315380096436
70,thin-seam,ABL-ET2X-R-PreviousRawEdge-CatmullRomRGB-Fixed080,1.1151258945465088,41.41556400451882,1.6831191778182983,1.4903799295425415
70,thin-seam,ABL-ET2X-R-PreviousRawEdge-CatmullRomRGB-Fixed080-EncodedGamma2Blend,1.1196831464767456,41.355047125897826,1.682882308959961,1.490463376045227
70,leaves,O-T2X-R,3.6146810054779053,31.868549673778293,8.197766304016113,9.970179557800293
70,leaves,ABL-ET2X-R-PreviousRawEdge-CatmullRomRGB-Fixed080,3.951432228088379,31.004643532424794,7.821852684020996,9.396005630493164
70,leaves,ABL-ET2X-R-PreviousRawEdge-CatmullRomRGB-Fixed080-EncodedGamma2Blend,3.940673828125,31.042138517914054,7.825979709625244,9.400080680847168
70,grass-seam,O-T2X-R,2.0751633644104004,37.01204099865292,4.191178798675537,4.455080509185791
70,grass-seam,ABL-ET2X-R-PreviousRawEdge-CatmullRomRGB-Fixed080,2.460723876953125,35.03907293841803,4.4062018394470215,4.749390125274658
70,grass-seam,ABL-ET2X-R-PreviousRawEdge-CatmullRomRGB-Fixed080-EncodedGamma2Blend,2.4567902088165283,35.07072163153438,4.408839702606201,4.751537322998047
71,seams,O-T2X-R,1.3136067390441895,37.37056086200337,1.5337339639663696,1.2610265016555786
71,seams,ABL-ET2X-R-PreviousRawEdge-CatmullRomRGB-Fixed080,1.3827799558639526,36.36251777781018,1.5751988887786865,1.4214997291564941
71,seams,ABL-ET2X-R-PreviousRawEdge-CatmullRomRGB-Fixed080-EncodedGamma2Blend,1.38818359375,36.35433982109669,1.5768489837646484,1.4230246543884277
71,thin-seam,O-T2X-R,1.4554579257965088,35.79129296918148,1.5805726051330566,1.244886875152588
71,thin-seam,ABL-ET2X-R-PreviousRawEdge-CatmullRomRGB-Fixed080,1.2879232168197632,35.87539173209872,1.7114849090576172,1.6059322357177734
71,thin-seam,ABL-ET2X-R-PreviousRawEdge-CatmullRomRGB-Fixed080-EncodedGamma2Blend,1.2894965410232544,35.865548317245796,1.7134367227554321,1.6076041460037231
71,leaves,O-T2X-R,4.0923991203308105,30.83218628252,8.141026496887207,11.672933578491211
71,leaves,ABL-ET2X-R-PreviousRawEdge-CatmullRomRGB-Fixed080,3.9518392086029053,31.05620938048205,7.850663661956787,9.450567245483398
71,leaves,ABL-ET2X-R-PreviousRawEdge-CatmullRomRGB-Fixed080-EncodedGamma2Blend,3.9410157203674316,31.091623487438955,7.85378885269165,9.457039833068848
71,grass-seam,O-T2X-R,2.175320863723755,36.54985537372535,4.057666301727295,5.378368854522705
71,grass-seam,ABL-ET2X-R-PreviousRawEdge-CatmullRomRGB-Fixed080,2.486565113067627,35.06233713084821,4.44182825088501,4.996130466461182
71,grass-seam,ABL-ET2X-R-PreviousRawEdge-CatmullRomRGB-Fixed080-EncodedGamma2Blend,2.48136043548584,35.10128088377729,4.443975925445557,5.003380298614502
72,seams,O-T2X-R,1.2960286140441895,38.40613240616597,1.443677306175232,2.0685389041900635
72,seams,ABL-ET2X-R-PreviousRawEdge-CatmullRomRGB-Fixed080,1.1313313245773315,39.23167098101175,1.5182307958602905,1.6417334079742432
72,seams,ABL-ET2X-R-PreviousRawEdge-CatmullRomRGB-Fixed080-EncodedGamma2Blend,1.1354817152023315,39.22007386393871,1.5192432403564453,1.6428817510604858
72,thin-seam,O-T2X-R,1.3955078125,37.50464913983467,1.6716814041137695,2.2782199382781982
72,thin-seam,ABL-ET2X-R-PreviousRawEdge-CatmullRomRGB-Fixed080,1.0438368320465088,41.67132998422784,1.7109479904174805,1.6977256536483765
72,thin-seam,ABL-ET2X-R-PreviousRawEdge-CatmullRomRGB-Fixed080-EncodedGamma2Blend,1.0467665195465088,41.64119252942696,1.7116990089416504,1.6992006301879883
72,leaves,O-T2X-R,3.624755859375,31.682167367409455,8.241888046264648,10.002166748046875
72,leaves,ABL-ET2X-R-PreviousRawEdge-CatmullRomRGB-Fixed080,3.9346516132354736,31.094611451398187,7.816510200500488,9.430829048156738
72,leaves,ABL-ET2X-R-PreviousRawEdge-CatmullRomRGB-Fixed080-EncodedGamma2Blend,3.9239094257354736,31.129471547776447,7.823133945465088,9.443005561828613
72,grass-seam,O-T2X-R,2.157407522201538,36.30386535049061,4.401937961578369,4.690122604370117
72,grass-seam,ABL-ET2X-R-PreviousRawEdge-CatmullRomRGB-Fixed080,2.4248971939086914,35.295380109167624,4.518242835998535,5.173755168914795
72,grass-seam,ABL-ET2X-R-PreviousRawEdge-CatmullRomRGB-Fixed080-EncodedGamma2Blend,2.4191479682922363,35.32631387084475,4.518436908721924,5.175416946411133
73,seams,O-T2X-R,1.365380883216858,36.46653039824322,1.3202793598175049,1.1615865230560303
73,seams,ABL-ET2X-R-PreviousRawEdge-CatmullRomRGB-Fixed080,1.2130045890808105,38.04740149834657,1.4228007793426514,1.3578193187713623
73,seams,ABL-ET2X-R-PreviousRawEdge-CatmullRomRGB-Fixed080-EncodedGamma2Blend,1.2155272960662842,38.04962776675509,1.423951506614685,1.359586238861084
73,thin-seam,O-T2X-R,1.2627495527267456,40.883983438213534,1.5323361158370972,1.235674262046814
73,thin-seam,ABL-ET2X-R-PreviousRawEdge-CatmullRomRGB-Fixed080,1.0745443105697632,42.11562630680195,1.612152099609375,1.4482334852218628
73,thin-seam,ABL-ET2X-R-PreviousRawEdge-CatmullRomRGB-Fixed080-EncodedGamma2Blend,1.0766059160232544,42.095854501517856,1.6128963232040405,1.450118899345398
73,leaves,O-T2X-R,4.131201267242432,30.543698477350638,8.136167526245117,11.557910919189453
73,leaves,ABL-ET2X-R-PreviousRawEdge-CatmullRomRGB-Fixed080,3.892871141433716,31.058518271098418,7.766172885894775,9.405484199523926
73,leaves,ABL-ET2X-R-PreviousRawEdge-CatmullRomRGB-Fixed080-EncodedGamma2Blend,3.8828938007354736,31.094040767774484,7.7710771560668945,9.415201187133789
73,grass-seam,O-T2X-R,2.406015396118164,35.110645874632766,4.159050464630127,5.38569450378418
73,grass-seam,ABL-ET2X-R-PreviousRawEdge-CatmullRomRGB-Fixed080,2.422839403152466,35.17483986500281,4.354441165924072,5.068907260894775
73,grass-seam,ABL-ET2X-R-PreviousRawEdge-CatmullRomRGB-Fixed080-EncodedGamma2Blend,2.4193899631500244,35.206586002091996,4.356522560119629,5.067837238311768
74,seams,O-T2X-R,1.2601399421691895,39.09251440748945,1.4972107410430908,1.9744224548339844
74,seams,ABL-ET2X-R-PreviousRawEdge-CatmullRomRGB-Fixed080,1.3030110597610474,36.07914137857031,1.526822805404663,1.4268723726272583
74,seams,ABL-ET2X-R-PreviousRawEdge-CatmullRomRGB-Fixed080-EncodedGamma2Blend,1.3046875,36.09064659411193,1.5279748439788818,1.4284732341766357
74,thin-seam,O-T2X-R,1.1572265625,42.82369980434984,1.7121750116348267,2.2824904918670654
74,thin-seam,ABL-ET2X-R-PreviousRawEdge-CatmullRomRGB-Fixed080,1.2589517831802368,35.64874731687463,1.7396539449691772,1.6180588006973267
74,thin-seam,ABL-ET2X-R-PreviousRawEdge-CatmullRomRGB-Fixed080-EncodedGamma2Blend,1.259765625,35.64378738024288,1.7419553995132446,1.6204338073730469
74,leaves,O-T2X-R,3.5399413108825684,31.84126298070836,8.116981506347656,9.945241928100586
74,leaves,ABL-ET2X-R-PreviousRawEdge-CatmullRomRGB-Fixed080,3.900162696838379,31.099732274013697,7.7208356857299805,9.294452667236328
74,leaves,ABL-ET2X-R-PreviousRawEdge-CatmullRomRGB-Fixed080-EncodedGamma2Blend,3.892138719558716,31.13199893531702,7.726265907287598,9.302665710449219
74,grass-seam,O-T2X-R,2.090656042098999,36.62600010612201,4.212313175201416,4.498098850250244
74,grass-seam,ABL-ET2X-R-PreviousRawEdge-CatmullRomRGB-Fixed080,2.46895432472229,35.15473979610477,4.4304280281066895,4.868680477142334
74,grass-seam,ABL-ET2X-R-PreviousRawEdge-CatmullRomRGB-Fixed080-EncodedGamma2Blend,2.4654440879821777,35.1830979504813,4.433554649353027,4.870150566101074
75,seams,O-T2X-R,1.2293131351470947,40.15735938167957,1.5623655319213867,1.262726068496704
75,seams,ABL-ET2X-R-PreviousRawEdge-CatmullRomRGB-Fixed080,1.1882975101470947,38.0706232432908,1.4612157344818115,1.4679689407348633
75,seams,ABL-ET2X-R-PreviousRawEdge-CatmullRomRGB-Fixed080-EncodedGamma2Blend,1.1881510019302368,38.10087962865321,1.4621529579162598,1.4691892862319946
75,thin-seam,O-T2X-R,1.2530924081802368,40.89581397515866,1.7142057418823242,1.3003395795822144
75,thin-seam,ABL-ET2X-R-PreviousRawEdge-CatmullRomRGB-Fixed080,1.0916883945465088,41.17003961668032,1.7063335180282593,1.6270790100097656
75,thin-seam,ABL-ET2X-R-PreviousRawEdge-CatmullRomRGB-Fixed080-EncodedGamma2Blend,1.0914170742034912,41.17340899913641,1.7066715955734253,1.6288894414901733
75,leaves,O-T2X-R,4.047802925109863,30.796739729482088,8.024860382080078,11.616662979125977
75,leaves,ABL-ET2X-R-PreviousRawEdge-CatmullRomRGB-Fixed080,3.865966796875,31.258875578651836,7.721792697906494,9.394885063171387
75,leaves,ABL-ET2X-R-PreviousRawEdge-CatmullRomRGB-Fixed080-EncodedGamma2Blend,3.856396436691284,31.290830243156375,7.727259159088135,9.404561042785645
75,grass-seam,O-T2X-R,2.2883684635162354,35.98712125400016,4.077883720397949,5.303325176239014
75,grass-seam,ABL-ET2X-R-PreviousRawEdge-CatmullRomRGB-Fixed080,2.4245946407318115,35.341552815215266,4.374683856964111,4.944270133972168
75,grass-seam,ABL-ET2X-R-PreviousRawEdge-CatmullRomRGB-Fixed080-EncodedGamma2Blend,2.421205520629883,35.36787687177503,4.3765788078308105,4.949344158172607
76,seams,O-T2X-R,1.264013648033142,40.53669525077061,1.6054680347442627,2.2815561294555664
76,seams,ABL-ET2X-R-PreviousRawEdge-CatmullRomRGB-Fixed080,1.1953450441360474,38.33103653463235,1.4118515253067017,1.359839677810669
76,seams,ABL-ET2X-R-PreviousRawEdge-CatmullRomRGB-Fixed080-EncodedGamma2Blend,1.194482445716858,38.33280603178356,1.4121423959732056,1.3599838018417358
76,thin-seam,O-T2X-R,1.3379991054534912,40.90807876801266,1.826442837715149,2.5465049743652344
76,thin-seam,ABL-ET2X-R-PreviousRawEdge-CatmullRomRGB-Fixed080,1.0725911855697632,41.94446715522456,1.5831352472305298,1.5348173379898071
76,thin-seam,ABL-ET2X-R-PreviousRawEdge-CatmullRomRGB-Fixed080-EncodedGamma2Blend,1.07177734375,41.94985699354617,1.5832971334457397,1.5350946187973022
76,leaves,O-T2X-R,3.4605956077575684,32.082043863229124,8.143930435180664,9.822392463684082
76,leaves,ABL-ET2X-R-PreviousRawEdge-CatmullRomRGB-Fixed080,3.8162922859191895,31.27406091143144,7.594958305358887,9.300451278686523
76,leaves,ABL-ET2X-R-PreviousRawEdge-CatmullRomRGB-Fixed080-EncodedGamma2Blend,3.808870553970337,31.307476596159233,7.600778102874756,9.310876846313477
76,grass-seam,O-T2X-R,2.082728147506714,36.63126329955258,4.404937267303467,4.552314758300781
76,grass-seam,ABL-ET2X-R-PreviousRawEdge-CatmullRomRGB-Fixed080,2.333212375640869,35.67156338684279,4.2765350341796875,4.981520652770996
76,grass-seam,ABL-ET2X-R-PreviousRawEdge-CatmullRomRGB-Fixed080-EncodedGamma2Blend,2.330488920211792,35.702661666332396,4.277347087860107,4.985023498535156
77,seams,O-T2X-R,1.4118489027023315,37.420798196891454,1.6090389490127563,1.4484416246414185
77,seams,ABL-ET2X-R-PreviousRawEdge-CatmullRomRGB-Fixed080,1.2461588382720947,38.47738700951826,1.6835416555404663,1.5013967752456665
77,seams,ABL-ET2X-R-PreviousRawEdge-CatmullRomRGB-Fixed080-EncodedGamma2Blend,1.245019555091858,38.48767307566911,1.6839231252670288,1.501949667930603
77,thin-seam,O-T2X-R,1.5285372734069824,36.09759280515442,1.7294496297836304,1.4341068267822266
77,thin-seam,ABL-ET2X-R-PreviousRawEdge-CatmullRomRGB-Fixed080,1.26513671875,38.32048398896092,1.915444016456604,1.6815122365951538
77,thin-seam,ABL-ET2X-R-PreviousRawEdge-CatmullRomRGB-Fixed080-EncodedGamma2Blend,1.2644314765930176,38.32321669956454,1.9152106046676636,1.6813708543777466
77,leaves,O-T2X-R,3.979475975036621,30.95123545942332,8.192222595214844,11.74742317199707
77,leaves,ABL-ET2X-R-PreviousRawEdge-CatmullRomRGB-Fixed080,3.8113443851470947,31.227159722506116,7.641273498535156,9.204163551330566
77,leaves,ABL-ET2X-R-PreviousRawEdge-CatmullRomRGB-Fixed080-EncodedGamma2Blend,3.8032877445220947,31.25958581255835,7.645240783691406,9.207257270812988
77,grass-seam,O-T2X-R,2.2965383529663086,35.78421956229029,4.350473880767822,5.765655040740967
77,grass-seam,ABL-ET2X-R-PreviousRawEdge-CatmullRomRGB-Fixed080,2.2342653274536133,35.87211681386987,4.310584545135498,4.869131565093994
77,grass-seam,ABL-ET2X-R-PreviousRawEdge-CatmullRomRGB-Fixed080-EncodedGamma2Blend,2.2316629886627197,35.90651655958092,4.3128342628479,4.86672830581665
78,seams,O-T2X-R,1.4818196296691895,37.04210774652857,1.5867395401000977,2.1248278617858887
78,seams,ABL-ET2X-R-PreviousRawEdge-CatmullRomRGB-Fixed080,1.192724585533142,39.257578163545475,1.6733644008636475,1.5053691864013672
78,seams,ABL-ET2X-R-PreviousRawEdge-CatmullRomRGB-Fixed080-EncodedGamma2Blend,1.1915853023529053,39.32708777000082,1.6730091571807861,1.5044543743133545
78,thin-seam,O-T2X-R,1.4405381679534912,37.96474964117288,1.8453928232192993,2.4478960037231445
78,thin-seam,ABL-ET2X-R-PreviousRawEdge-CatmullRomRGB-Fixed080,1.1629232168197632,40.29516230216326,1.8500210046768188,1.816009521484375
78,thin-seam,ABL-ET2X-R-PreviousRawEdge-CatmullRomRGB-Fixed080-EncodedGamma2Blend,1.1621636152267456,40.31670176046526,1.8506382703781128,1.8162041902542114
78,leaves,O-T2X-R,3.511751413345337,31.786178667413296,8.146245956420898,10.05417251586914
78,leaves,ABL-ET2X-R-PreviousRawEdge-CatmullRomRGB-Fixed080,3.8058104515075684,31.319924645217352,7.661322116851807,9.169160842895508
78,leaves,ABL-ET2X-R-PreviousRawEdge-CatmullRomRGB-Fixed080-EncodedGamma2Blend,3.7964680194854736,31.356562546464612,7.665696620941162,9.175898551940918
78,grass-seam,O-T2X-R,2.079097032546997,37.05764038799354,4.37550163269043,4.72808313369751
78,grass-seam,ABL-ET2X-R-PreviousRawEdge-CatmullRomRGB-Fixed080,2.2628297805786133,35.79195859560036,4.327077388763428,4.7574357986450195
78,grass-seam,ABL-ET2X-R-PreviousRawEdge-CatmullRomRGB-Fixed080-EncodedGamma2Blend,2.260167121887207,35.82490788779596,4.328281879425049,4.7547197341918945
79,seams,O-T2X-R,1.3755208253860474,37.45703609642751,1.578157901763916,1.3733936548233032
79,seams,ABL-ET2X-R-PreviousRawEdge-CatmullRomRGB-Fixed080,1.2870279550552368,38.37134980496217,1.6080944538116455,1.5465967655181885
79,seams,ABL-ET2X-R-PreviousRawEdge-CatmullRomRGB-Fixed080-EncodedGamma2Blend,1.286279320716858,38.40085610179839,1.6091156005859375,1.5467602014541626
79,thin-seam,O-T2X-R,1.2799478769302368,41.87796051196492,1.6969093084335327,1.3361693620681763
79,thin-seam,ABL-ET2X-R-PreviousRawEdge-CatmullRomRGB-Fixed080,1.2244466543197632,41.471898665363184,1.8946958780288696,1.775739312171936
79,thin-seam,ABL-ET2X-R-PreviousRawEdge-CatmullRomRGB-Fixed080-EncodedGamma2Blend,1.2241753339767456,41.482335978227944,1.8943458795547485,1.7760339975357056
79,leaves,O-T2X-R,3.9598145484924316,30.98056435166143,8.048538208007812,11.50841236114502
79,leaves,ABL-ET2X-R-PreviousRawEdge-CatmullRomRGB-Fixed080,3.8316080570220947,31.315926899752732,7.687498569488525,9.3373384475708
79,leaves,ABL-ET2X-R-PreviousRawEdge-CatmullRomRGB-Fixed080-EncodedGamma2Blend,3.8238768577575684,31.343923436741594,7.695868015289307,9.350028991699219
79,grass-seam,O-T2X-R,2.3078551292419434,35.976897515184405,4.304499626159668,5.475592136383057
79,grass-seam,ABL-ET2X-R-PreviousRawEdge-CatmullRomRGB-Fixed080,2.3448922634124756,35.734574344761185,4.411011219024658,4.840169429779053
79,grass-seam,ABL-ET2X-R-PreviousRawEdge-CatmullRomRGB-Fixed080-EncodedGamma2Blend,2.341442823410034,35.76625083113744,4.413363933563232,4.841627597808838
80,seams,O-T2X-R,1.3621419668197632,39.279467100672576,1.5751172304153442,2.161540985107422
80,seams,ABL-ET2X-R-PreviousRawEdge-CatmullRomRGB-Fixed080,1.2724772691726685,38.7765003279346,1.5831186771392822,1.5479178428649902
80,seams,ABL-ET2X-R-PreviousRawEdge-CatmullRomRGB-Fixed080-EncodedGamma2Blend,1.2712239027023315,38.809918902625995,1.5845179557800293,1.5493812561035156
80,thin-seam,O-T2X-R,1.2957357168197632,42.33263282722932,1.8087902069091797,2.3848659992218018
80,thin-seam,ABL-ET2X-R-PreviousRawEdge-CatmullRomRGB-Fixed080,1.28857421875,38.606611925946915,1.8158718347549438,1.7939656972885132
80,thin-seam,ABL-ET2X-R-PreviousRawEdge-CatmullRomRGB-Fixed080-EncodedGamma2Blend,1.2877603769302368,38.60963624061971,1.815952181816101,1.7941513061523438
80,leaves,O-T2X-R,3.434554100036621,32.22691066069732,8.09000015258789,9.881248474121094
80,leaves,ABL-ET2X-R-PreviousRawEdge-CatmullRomRGB-Fixed080,3.8079264163970947,31.35291536181361,7.674421787261963,9.442866325378418
80,leaves,ABL-ET2X-R-PreviousRawEdge-CatmullRomRGB-Fixed080-EncodedGamma2Blend,3.799560546875,31.38336262805739,7.680512428283691,9.453765869140625
80,grass-seam,O-T2X-R,2.0963447093963623,36.79627268392551,4.411535739898682,4.74728536605835
80,grass-seam,ABL-ET2X-R-PreviousRawEdge-CatmullRomRGB-Fixed080,2.347010374069214,35.61844891769067,4.294253826141357,5.085555076599121
80,grass-seam,ABL-ET2X-R-PreviousRawEdge-CatmullRomRGB-Fixed080-EncodedGamma2Blend,2.3430161476135254,35.65105297409377,4.295230865478516,5.088785648345947
81,seams,O-T2X-R,1.316162109375,39.187630482628,1.5532687902450562,1.2249141931533813
81,seams,ABL-ET2X-R-PreviousRawEdge-CatmullRomRGB-Fixed080,1.2530924081802368,38.59482372339149,1.6796461343765259,1.5277187824249268
81,seams,ABL-ET2X-R-PreviousRawEdge-CatmullRomRGB-Fixed080-EncodedGamma2Blend,1.2500814199447632,38.664878816682815,1.6801637411117554,1.528063416481018
81,thin-seam,O-T2X-R,1.3158637285232544,39.90410392560778,1.6560992002487183,1.30392324924469
81,thin-seam,ABL-ET2X-R-PreviousRawEdge-CatmullRomRGB-Fixed080,1.2151693105697632,39.84797056552603,1.8960285186767578,1.8462438583374023
81,thin-seam,ABL-ET2X-R-PreviousRawEdge-CatmullRomRGB-Fixed080-EncodedGamma2Blend,1.2147352695465088,39.854413239534814,1.895796775817871,1.845871925354004
81,leaves,O-T2X-R,3.84716796875,31.28998595074442,7.989123344421387,11.5458345413208
81,leaves,ABL-ET2X-R-PreviousRawEdge-CatmullRomRGB-Fixed080,3.7662110328674316,31.456973513727107,7.664456367492676,9.328269958496094
81,leaves,ABL-ET2X-R-PreviousRawEdge-CatmullRomRGB-Fixed080-EncodedGamma2Blend,3.757340431213379,31.489915380009403,7.669612884521484,9.331721305847168
81,grass-seam,O-T2X-R,2.216230869293213,35.927339029141834,4.074007034301758,5.440440654754639
81,grass-seam,ABL-ET2X-R-PreviousRawEdge-CatmullRomRGB-Fixed080,2.324497699737549,35.47465630474115,4.293034553527832,4.856599807739258
81,grass-seam,ABL-ET2X-R-PreviousRawEdge-CatmullRomRGB-Fixed080-EncodedGamma2Blend,2.319777250289917,35.51341077204009,4.293558120727539,4.861105442047119
82,seams,O-T2X-R,1.3085448741912842,39.535044771157445,1.6269603967666626,2.1207149028778076
82,seams,ABL-ET2X-R-PreviousRawEdge-CatmullRomRGB-Fixed080,1.2758952379226685,38.21328803196761,1.6307847499847412,1.5057919025421143
82,seams,ABL-ET2X-R-PreviousRawEdge-CatmullRomRGB-Fixed080-EncodedGamma2Blend,1.2750325202941895,38.24582098972708,1.632721185684204,1.507825255393982
82,thin-seam,O-T2X-R,1.32373046875,41.86987147393396,1.9336366653442383,2.4537832736968994
82,thin-seam,ABL-ET2X-R-PreviousRawEdge-CatmullRomRGB-Fixed080,1.0987955331802368,42.29903494415641,1.8976916074752808,1.7678585052490234
82,thin-seam,ABL-ET2X-R-PreviousRawEdge-CatmullRomRGB-Fixed080-EncodedGamma2Blend,1.0986870527267456,42.297435499803775,1.8977041244506836,1.7678943872451782
82,leaves,O-T2X-R,3.4644367694854736,32.07619752376957,8.050969123840332,9.847532272338867
82,leaves,ABL-ET2X-R-PreviousRawEdge-CatmullRomRGB-Fixed080,3.780257225036621,31.368639691172554,7.63778018951416,9.276330947875977
82,leaves,ABL-ET2X-R-PreviousRawEdge-CatmullRomRGB-Fixed080-EncodedGamma2Blend,3.770035743713379,31.407980137228797,7.6420183181762695,9.282103538513184
82,grass-seam,O-T2X-R,2.028806686401367,37.1270648263655,4.2207465171813965,4.310925483703613
82,grass-seam,ABL-ET2X-R-PreviousRawEdge-CatmullRomRGB-Fixed080,2.3097312450408936,35.578370791298084,4.394581317901611,4.675191879272461
82,grass-seam,ABL-ET2X-R-PreviousRawEdge-CatmullRomRGB-Fixed080-EncodedGamma2Blend,2.3053739070892334,35.62387572402142,4.393954753875732,4.674649238586426
83,seams,O-T2X-R,1.412500023841858,37.277542514414854,1.4534555673599243,1.3909918069839478
83,seams,ABL-ET2X-R-PreviousRawEdge-CatmullRomRGB-Fixed080,1.226220726966858,39.00688607666721,1.4321768283843994,1.5659019947052002
83,seams,ABL-ET2X-R-PreviousRawEdge-CatmullRomRGB-Fixed080-EncodedGamma2Blend,1.2236491441726685,39.04547361641892,1.4345145225524902,1.5693857669830322
83,thin-seam,O-T2X-R,1.4546440839767456,36.75703993266624,1.62118661403656,1.4447311162948608
83,thin-seam,ABL-ET2X-R-PreviousRawEdge-CatmullRomRGB-Fixed080,1.2185872793197632,38.88228677057292,1.6757255792617798,1.7497864961624146
83,thin-seam,ABL-ET2X-R-PreviousRawEdge-CatmullRomRGB-Fixed080-EncodedGamma2Blend,1.2180447578430176,38.88351946433149,1.6760505437850952,1.7499371767044067
83,leaves,O-T2X-R,3.907698631286621,31.019259768189595,7.930405616760254,11.3788423538208
83,leaves,ABL-ET2X-R-PreviousRawEdge-CatmullRomRGB-Fixed080,3.7632813453674316,31.394484657273885,7.578232765197754,9.23829460144043
83,leaves,ABL-ET2X-R-PreviousRawEdge-CatmullRomRGB-Fixed080-EncodedGamma2Blend,3.753434181213379,31.431700912444075,7.584561347961426,9.252933502197266
83,grass-seam,O-T2X-R,2.1679980754852295,36.44561051912568,4.228956699371338,5.358314037322998
83,grass-seam,ABL-ET2X-R-PreviousRawEdge-CatmullRomRGB-Fixed080,2.317296028137207,35.536214102409176,4.378108978271484,4.96100378036499
83,grass-seam,ABL-ET2X-R-PreviousRawEdge-CatmullRomRGB-Fixed080-EncodedGamma2Blend,2.3117284774780273,35.57934888159364,4.379887580871582,4.964953899383545
84,seams,O-T2X-R,1.3833496570587158,38.18972239615191,1.5059573650360107,2.208878755569458
84,seams,ABL-ET2X-R-PreviousRawEdge-CatmullRomRGB-Fixed080,1.2248860597610474,38.43646109636913,1.3707590103149414,1.4893624782562256
84,seams,ABL-ET2X-R-PreviousRawEdge-CatmullRomRGB-Fixed080-EncodedGamma2Blend,1.2210286855697632,38.50169318118281,1.372657060623169,1.491521954536438
84,thin-seam,O-T2X-R,1.3722872734069824,38.359871956681545,1.6953572034835815,2.421175003051758
84,thin-seam,ABL-ET2X-R-PreviousRawEdge-CatmullRomRGB-Fixed080,1.1268446445465088,39.342343070503055,1.5573087930679321,1.6562786102294922
84,thin-seam,ABL-ET2X-R-PreviousRawEdge-CatmullRomRGB-Fixed080-EncodedGamma2Blend,1.1265733242034912,39.34555199382089,1.557634711265564,1.656625747680664
84,leaves,O-T2X-R,3.41259765625,32.25347127263176,7.927031517028809,9.893669128417969
84,leaves,ABL-ET2X-R-PreviousRawEdge-CatmullRomRGB-Fixed080,3.7140135765075684,31.469981472388934,7.575089931488037,9.364238739013672
84,leaves,ABL-ET2X-R-PreviousRawEdge-CatmullRomRGB-Fixed080-EncodedGamma2Blend,3.7044596672058105,31.507271690057035,7.5846848487854,9.382646560668945
84,grass-seam,O-T2X-R,2.1608569622039795,36.5398767605938,4.42091178894043,4.979014873504639
84,grass-seam,ABL-ET2X-R-PreviousRawEdge-CatmullRomRGB-Fixed080,2.2418906688690186,35.6889488281729,4.240894794464111,5.085817337036133
84,grass-seam,ABL-ET2X-R-PreviousRawEdge-CatmullRomRGB-Fixed080-EncodedGamma2Blend,2.23759388923645,35.72445915046373,4.24383020401001,5.093446254730225
85,seams,O-T2X-R,1.4430989027023315,35.60166535957482,1.548464059829712,1.3849037885665894
85,seams,ABL-ET2X-R-PreviousRawEdge-CatmullRomRGB-Fixed080,1.235253930091858,38.31637517670646,1.4827744960784912,1.4504486322402954
85,seams,ABL-ET2X-R-PreviousRawEdge-CatmullRomRGB-Fixed080-EncodedGamma2Blend,1.2334798574447632,38.35384266422625,1.4845257997512817,1.4525705575942993
85,thin-seam,O-T2X-R,1.3547635078430176,41.118121001885626,1.6523517370224,1.3780698776245117
85,thin-seam,ABL-ET2X-R-PreviousRawEdge-CatmullRomRGB-Fixed080,1.1034071445465088,42.033021373339565,1.6138590574264526,1.5178157091140747
85,thin-seam,ABL-ET2X-R-PreviousRawEdge-CatmullRomRGB-Fixed080-EncodedGamma2Blend,1.1034613847732544,42.03180598991486,1.6140689849853516,1.5179582834243774
85,leaves,O-T2X-R,3.8291015625,31.27259620139055,7.902809143066406,11.4877290725708
85,leaves,ABL-ET2X-R-PreviousRawEdge-CatmullRomRGB-Fixed080,3.659163475036621,31.589021071903982,7.607936859130859,9.419876098632812
85,leaves,ABL-ET2X-R-PreviousRawEdge-CatmullRomRGB-Fixed080-EncodedGamma2Blend,3.649674415588379,31.630379464757898,7.615688323974609,9.440102577209473
85,grass-seam,O-T2X-R,2.2331759929656982,36.06890609538307,4.023641586303711,5.577866554260254
85,grass-seam,ABL-ET2X-R-PreviousRawEdge-CatmullRomRGB-Fixed080,2.257685899734497,35.37946656927061,4.293941497802734,4.937982082366943
85,grass-seam,ABL-ET2X-R-PreviousRawEdge-CatmullRomRGB-Fixed080-EncodedGamma2Blend,2.2550835609436035,35.40665426785204,4.2989630699157715,4.951012134552002
86,seams,O-T2X-R,1.4353678226470947,38.20153237995204,1.4474663734436035,2.351222515106201
86,seams,ABL-ET2X-R-PreviousRawEdge-CatmullRomRGB-Fixed080,1.185546875,39.27126065928319,1.394592046737671,1.5466067790985107
86,seams,ABL-ET2X-R-PreviousRawEdge-CatmullRomRGB-Fixed080-EncodedGamma2Blend,1.1827311515808105,39.31578126829763,1.396939754486084,1.5498757362365723
86,thin-seam,O-T2X-R,1.3504232168197632,41.42124015450147,1.6658624410629272,2.4785053730010986
86,thin-seam,ABL-ET2X-R-PreviousRawEdge-CatmullRomRGB-Fixed080,1.1722548007965088,39.41897389590078,1.7173699140548706,1.6609811782836914
86,thin-seam,ABL-ET2X-R-PreviousRawEdge-CatmullRomRGB-Fixed080-EncodedGamma2Blend,1.1710611581802368,39.42500071630252,1.718253493309021,1.6616531610488892
86,leaves,O-T2X-R,3.3980956077575684,32.24434678341655,7.93029260635376,9.824516296386719
86,leaves,ABL-ET2X-R-PreviousRawEdge-CatmullRomRGB-Fixed080,3.6438965797424316,31.61604371738889,7.650167942047119,9.338205337524414
86,leaves,ABL-ET2X-R-PreviousRawEdge-CatmullRomRGB-Fixed080-EncodedGamma2Blend,3.6349284648895264,31.650899702855952,7.656156063079834,9.350522994995117
86,grass-seam,O-T2X-R,1.9831759929656982,37.355580839446006,4.265711307525635,4.554753303527832
86,grass-seam,ABL-ET2X-R-PreviousRawEdge-CatmullRomRGB-Fixed080,2.186516523361206,35.8867504017416,4.3642659187316895,4.855848789215088
86,grass-seam,ABL-ET2X-R-PreviousRawEdge-CatmullRomRGB-Fixed080-EncodedGamma2Blend,2.18355131149292,35.91766541718929,4.366891860961914,4.8619279861450195
87,seams,O-T2X-R,1.3032715320587158,38.579081489024645,1.354750394821167,1.2104437351226807
87,seams,ABL-ET2X-R-PreviousRawEdge-CatmullRomRGB-Fixed080,1.2196451425552368,38.409439758047405,1.4529144763946533,1.572371006011963
87,seams,ABL-ET2X-R-PreviousRawEdge-CatmullRomRGB-Fixed080-EncodedGamma2Blend,1.2159830331802368,38.474264649293396,1.4571120738983154,1.576096773147583
87,thin-seam,O-T2X-R,1.4651693105697632,38.64137447059727,1.6151176691055298,1.2927322387695312
87,thin-seam,ABL-ET2X-R-PreviousRawEdge-CatmullRomRGB-Fixed080,1.2995333671569824,38.51123450691267,1.783441185951233,1.8962470293045044
87,thin-seam,ABL-ET2X-R-PreviousRawEdge-CatmullRomRGB-Fixed080-EncodedGamma2Blend,1.2940537929534912,38.535917800927834,1.7884173393249512,1.9003863334655762
87,leaves,O-T2X-R,3.8077311515808105,31.38364361666285,7.805285453796387,11.171113014221191
87,leaves,ABL-ET2X-R-PreviousRawEdge-CatmullRomRGB-Fixed080,3.6825032234191895,31.621273447415504,7.691878318786621,9.307599067687988
87,leaves,ABL-ET2X-R-PreviousRawEdge-CatmullRomRGB-Fixed080-EncodedGamma2Blend,3.6738932132720947,31.647839048801792,7.696417808532715,9.31762409210205
87,grass-seam,O-T2X-R,2.170902967453003,36.334154016816356,3.9782559871673584,5.183845043182373
87,grass-seam,ABL-ET2X-R-PreviousRawEdge-CatmullRomRGB-Fixed080,2.2977488040924072,35.402178763352076,4.440944194793701,4.901251792907715
87,grass-seam,ABL-ET2X-R-PreviousRawEdge-CatmullRomRGB-Fixed080-EncodedGamma2Blend,2.2949647903442383,35.42216404419433,4.443874359130859,4.906754970550537
88,seams,O-T2X-R,1.4708658456802368,36.052931600881344,1.3476386070251465,2.046118974685669
88,seams,ABL-ET2X-R-PreviousRawEdge-CatmullRomRGB-Fixed080,1.2218912839889526,38.266505285182134,1.478644609451294,1.5595662593841553
88,seams,ABL-ET2X-R-PreviousRawEdge-CatmullRomRGB-Fixed080-EncodedGamma2Blend,1.2202637195587158,38.2877213938055,1.4811159372329712,1.563624382019043
88,thin-seam,O-T2X-R,1.7369248867034912,34.205030352821296,1.7604589462280273,2.5756454467773438
88,thin-seam,ABL-ET2X-R-PreviousRawEdge-CatmullRomRGB-Fixed080,1.0471463203430176,42.337099154728286,1.7815393209457397,1.9116287231445312
88,thin-seam,ABL-ET2X-R-PreviousRawEdge-CatmullRomRGB-Fixed080-EncodedGamma2Blend,1.0454643964767456,42.39137072925848,1.7858085632324219,1.9191967248916626
88,leaves,O-T2X-R,3.3687336444854736,32.27734410789487,7.969042778015137,9.957412719726562
88,leaves,ABL-ET2X-R-PreviousRawEdge-CatmullRomRGB-Fixed080,3.638671875,31.709901976901822,7.632043361663818,9.476879119873047
88,leaves,ABL-ET2X-R-PreviousRawEdge-CatmullRomRGB-Fixed080-EncodedGamma2Blend,3.631575584411621,31.73811174300195,7.635985374450684,9.485326766967773
88,grass-seam,O-T2X-R,1.922113299369812,37.42957517287984,4.4752278327941895,4.752948760986328
88,grass-seam,ABL-ET2X-R-PreviousRawEdge-CatmullRomRGB-Fixed080,2.3199589252471924,35.40412810500185,4.325780391693115,5.102316379547119
88,grass-seam,ABL-ET2X-R-PreviousRawEdge-CatmullRomRGB-Fixed080-EncodedGamma2Blend,2.3156015872955322,35.436626785534386,4.326267719268799,5.106429100036621
89,seams,O-T2X-R,1.3994140625,37.67489989134664,1.4207557439804077,1.2674388885498047
89,seams,ABL-ET2X-R-PreviousRawEdge-CatmullRomRGB-Fixed080,1.2521483898162842,38.802552968577615,1.4076015949249268,1.5276751518249512
89,seams,ABL-ET2X-R-PreviousRawEdge-CatmullRomRGB-Fixed080-EncodedGamma2Blend,1.2494953870773315,38.84849745267785,1.410318374633789,1.531052589416504
89,thin-seam,O-T2X-R,1.5855034589767456,37.47691460916844,1.7967042922973633,1.390992522239685
89,thin-seam,ABL-ET2X-R-PreviousRawEdge-CatmullRomRGB-Fixed080,1.1710069179534912,41.17716144063653,1.68805730342865,1.7167783975601196
89,thin-seam,ABL-ET2X-R-PreviousRawEdge-CatmullRomRGB-Fixed080-EncodedGamma2Blend,1.1685112714767456,41.19640070695905,1.6930612325668335,1.7234922647476196
89,leaves,O-T2X-R,3.8003580570220947,31.23407674388911,7.8583526611328125,11.455418586730957
89,leaves,ABL-ET2X-R-PreviousRawEdge-CatmullRomRGB-Fixed080,3.611360788345337,31.746860223613243,7.60543966293335,9.38163948059082
89,leaves,ABL-ET2X-R-PreviousRawEdge-CatmullRomRGB-Fixed080-EncodedGamma2Blend,3.604687452316284,31.7716420008292,7.6104021072387695,9.386817932128906
89,grass-seam,O-T2X-R,2.229665994644165,35.608335689344024,4.189944744110107,5.759140968322754
89,grass-seam,ABL-ET2X-R-PreviousRawEdge-CatmullRomRGB-Fixed080,2.263434886932373,35.34203658248425,4.350800037384033,5.103890419006348
89,grass-seam,ABL-ET2X-R-PreviousRawEdge-CatmullRomRGB-Fixed080-EncodedGamma2Blend,2.258291006088257,35.37297159807197,4.354194164276123,5.10603666305542
90,seams,O-T2X-R,1.3612141609191895,38.75862450792014,1.5566617250442505,2.2942428588867188
90,seams,ABL-ET2X-R-PreviousRawEdge-CatmullRomRGB-Fixed080,1.2009602785110474,38.1894356598739,1.3776118755340576,1.489041805267334
90,seams,ABL-ET2X-R-PreviousRawEdge-CatmullRomRGB-Fixed080-EncodedGamma2Blend,1.1971029043197632,38.25392864427213,1.3804519176483154,1.4932265281677246
90,thin-seam,O-T2X-R,1.3872612714767456,40.337526177929334,1.9448022842407227,2.869866371154785
90,thin-seam,ABL-ET2X-R-PreviousRawEdge-CatmullRomRGB-Fixed080,1.1387803554534912,41.24226964249118,1.6392526626586914,1.703120231628418
90,thin-seam,ABL-ET2X-R-PreviousRawEdge-CatmullRomRGB-Fixed080-EncodedGamma2Blend,1.1359049081802368,41.27135604177656,1.644797682762146,1.71206533908844
90,leaves,O-T2X-R,3.310986280441284,32.50469027148364,7.914034366607666,9.880755424499512
90,leaves,ABL-ET2X-R-PreviousRawEdge-CatmullRomRGB-Fixed080,3.616406202316284,31.670067242294678,7.7103729248046875,9.373320579528809
90,leaves,ABL-ET2X-R-PreviousRawEdge-CatmullRomRGB-Fixed080-EncodedGamma2Blend,3.6111979484558105,31.697443469293816,7.710502624511719,9.377128601074219
90,grass-seam,O-T2X-R,1.9693173170089722,37.43817111225398,4.279536724090576,4.621875762939453
90,grass-seam,ABL-ET2X-R-PreviousRawEdge-CatmullRomRGB-Fixed080,2.295630693435669,35.21612690409303,4.408031463623047,4.964555263519287
90,grass-seam,ABL-ET2X-R-PreviousRawEdge-CatmullRomRGB-Fixed080-EncodedGamma2Blend,2.292907238006592,35.24344291826485,4.409979820251465,4.966734409332275
91,seams,O-T2X-R,1.4836262464523315,35.803463888221046,1.4563202857971191,1.3292505741119385
91,seams,ABL-ET2X-R-PreviousRawEdge-CatmullRomRGB-Fixed080,1.2042155265808105,38.5266392764703,1.3857501745224,1.4399524927139282
91,seams,ABL-ET2X-R-PreviousRawEdge-CatmullRomRGB-Fixed080-EncodedGamma2Blend,1.2013834714889526,38.55363827414991,1.3873064517974854,1.4431345462799072
91,thin-seam,O-T2X-R,1.5050455331802368,37.82257492318669,1.8799089193344116,1.4427481889724731
91,thin-seam,ABL-ET2X-R-PreviousRawEdge-CatmullRomRGB-Fixed080,1.1195204257965088,41.12647263822466,1.6677770614624023,1.6178083419799805
91,thin-seam,ABL-ET2X-R-PreviousRawEdge-CatmullRomRGB-Fixed080-EncodedGamma2Blend,1.1150174140930176,41.169944554428625,1.6707063913345337,1.6257686614990234
91,leaves,O-T2X-R,3.7313313484191895,31.56898388284057,7.89962911605835,11.41650104522705
91,leaves,ABL-ET2X-R-PreviousRawEdge-CatmullRomRGB-Fixed080,3.6245768070220947,31.703302798607783,7.699357032775879,9.535780906677246
91,leaves,ABL-ET2X-R-PreviousRawEdge-CatmullRomRGB-Fixed080-EncodedGamma2Blend,3.6209797859191895,31.722200873231273,7.701879024505615,9.539237022399902
91,grass-seam,O-T2X-R,2.178830862045288,36.60184979647739,4.107757091522217,5.320694923400879
91,grass-seam,ABL-ET2X-R-PreviousRawEdge-CatmullRomRGB-Fixed080,2.354696273803711,35.20469629660505,4.435534954071045,4.9350385665893555
91,grass-seam,ABL-ET2X-R-PreviousRawEdge-CatmullRomRGB-Fixed080-EncodedGamma2Blend,2.353848934173584,35.2213424624171,4.435973644256592,4.940877914428711
92,seams,O-T2X-R,1.4989583492279053,37.09870366640297,1.590333342552185,2.3660948276519775
92,seams,ABL-ET2X-R-PreviousRawEdge-CatmullRomRGB-Fixed080,1.250585913658142,38.98474146290689,1.5417932271957397,1.4357454776763916
92,seams,ABL-ET2X-R-PreviousRawEdge-CatmullRomRGB-Fixed080-EncodedGamma2Blend,1.2491536140441895,39.02719685707368,1.5422394275665283,1.4369070529937744
92,thin-seam,O-T2X-R,1.4826931953430176,39.93879987971821,1.9884721040725708,2.9378662109375
92,thin-seam,ABL-ET2X-R-PreviousRawEdge-CatmullRomRGB-Fixed080,1.1818033456802368,40.834521397874965,1.7704395055770874,1.6246923208236694
92,thin-seam,ABL-ET2X-R-PreviousRawEdge-CatmullRomRGB-Fixed080-EncodedGamma2Blend,1.1812065839767456,40.85348876077444,1.7729734182357788,1.6289716958999634
92,leaves,O-T2X-R,3.4029459953308105,32.2844497936147,8.1171875,10.175832748413086
92,leaves,ABL-ET2X-R-PreviousRawEdge-CatmullRomRGB-Fixed080,3.579882860183716,31.870780138742212,7.623419284820557,9.530989646911621
92,leaves,ABL-ET2X-R-PreviousRawEdge-CatmullRomRGB-Fixed080-EncodedGamma2Blend,3.57666015625,31.88570652124688,7.625378608703613,9.536967277526855
92,grass-seam,O-T2X-R,2.010651111602783,37.30109082666081,4.39051628112793,4.610564231872559
92,grass-seam,ABL-ET2X-R-PreviousRawEdge-CatmullRomRGB-Fixed080,2.260469675064087,35.66685116471809,4.3997297286987305,5.063287734985352
92,grass-seam,ABL-ET2X-R-PreviousRawEdge-CatmullRomRGB-Fixed080-EncodedGamma2Blend,2.2578673362731934,35.700318040848025,4.401357173919678,5.069539546966553
93,seams,O-T2X-R,1.4756348133087158,36.88648197353644,1.7031166553497314,1.3742191791534424
93,seams,ABL-ET2X-R-PreviousRawEdge-CatmullRomRGB-Fixed080,1.3296387195587158,37.92769133106417,1.556504487991333,1.6305911540985107
93,seams,ABL-ET2X-R-PreviousRawEdge-CatmullRomRGB-Fixed080-EncodedGamma2Blend,1.3279622793197632,37.96346183184271,1.5585299730300903,1.6324374675750732
93,thin-seam,O-T2X-R,1.6285264492034912,36.65535879410836,1.997848629951477,1.398790955543518
93,thin-seam,ABL-ET2X-R-PreviousRawEdge-CatmullRomRGB-Fixed080,1.2875434160232544,39.81333028998084,1.798563838005066,1.7827619314193726
93,thin-seam,ABL-ET2X-R-PreviousRawEdge-CatmullRomRGB-Fixed080-EncodedGamma2Blend,1.2859700918197632,39.83410212647813,1.8018654584884644,1.7872501611709595
93,leaves,O-T2X-R,3.816666603088379,31.30427700469397,7.876251220703125,11.456581115722656
93,leaves,ABL-ET2X-R-PreviousRawEdge-CatmullRomRGB-Fixed080,3.602490186691284,31.746894126896073,7.735296726226807,9.435487747192383
93,leaves,ABL-ET2X-R-PreviousRawEdge-CatmullRomRGB-Fixed080-EncodedGamma2Blend,3.598600149154663,31.764954913197023,7.736114501953125,9.4369478225708
93,grass-seam,O-T2X-R,2.270092010498047,35.75232120681656,4.31215763092041,5.652976989746094
93,grass-seam,ABL-ET2X-R-PreviousRawEdge-CatmullRomRGB-Fixed080,2.205761432647705,35.73904211350304,4.557602405548096,5.087437629699707
93,grass-seam,ABL-ET2X-R-PreviousRawEdge-CatmullRomRGB-Fixed080-EncodedGamma2Blend,2.203037977218628,35.77227802944158,4.556265354156494,5.082536220550537
94,seams,O-T2X-R,1.5017415285110474,36.34293992568129,1.6345398426055908,2.4243593215942383
94,seams,ABL-ET2X-R-PreviousRawEdge-CatmullRomRGB-Fixed080,1.2654297351837158,38.61759911626534,1.5445829629898071,1.6383988857269287
94,seams,ABL-ET2X-R-PreviousRawEdge-CatmullRomRGB-Fixed080-EncodedGamma2Blend,1.2653645277023315,38.65018741198542,1.546321153640747,1.6415907144546509
94,thin-seam,O-T2X-R,1.49658203125,38.87355565022546,2.0715320110321045,3.0508785247802734
94,thin-seam,ABL-ET2X-R-PreviousRawEdge-CatmullRomRGB-Fixed080,1.2462022304534912,41.06459244340961,1.922689437866211,1.9573073387145996
94,thin-seam,ABL-ET2X-R-PreviousRawEdge-CatmullRomRGB-Fixed080-EncodedGamma2Blend,1.24462890625,41.111469583703084,1.9248876571655273,1.961575984954834
94,leaves,O-T2X-R,3.3618977069854736,32.41961867016972,7.9623260498046875,9.93900203704834
94,leaves,ABL-ET2X-R-PreviousRawEdge-CatmullRomRGB-Fixed080,3.647005319595337,31.663643370938715,7.786612510681152,9.608373641967773
94,leaves,ABL-ET2X-R-PreviousRawEdge-CatmullRomRGB-Fixed080-EncodedGamma2Blend,3.643033742904663,31.685754107173803,7.787950038909912,9.609655380249023
94,grass-seam,O-T2X-R,2.0863592624664307,36.86781646546224,4.352087497711182,4.858628273010254
94,grass-seam,ABL-ET2X-R-PreviousRawEdge-CatmullRomRGB-Fixed080,2.198862314224243,35.72509366536046,4.466866970062256,5.206191062927246
94,grass-seam,ABL-ET2X-R-PreviousRawEdge-CatmullRomRGB-Fixed080-EncodedGamma2Blend,2.1962599754333496,35.75451046393151,4.467949390411377,5.204746246337891
95,seams,O-T2X-R,1.4302897453308105,37.66340253836918,1.6951591968536377,1.3544385433197021
95,seams,ABL-ET2X-R-PreviousRawEdge-CatmullRomRGB-Fixed080,1.3487467765808105,38.22954205511295,1.7803131341934204,1.6226485967636108
95,seams,ABL-ET2X-R-PreviousRawEdge-CatmullRomRGB-Fixed080-EncodedGamma2Blend,1.3482259511947632,38.265119703180275,1.7818706035614014,1.6240234375
95,thin-seam,O-T2X-R,1.3804253339767456,39.58836270236601,1.9291929006576538,1.481873631477356
95,thin-seam,ABL-ET2X-R-PreviousRawEdge-CatmullRomRGB-Fixed080,1.2741971015930176,40.93316163328221,2.0238800048828125,1.9547895193099976
95,thin-seam,ABL-ET2X-R-PreviousRawEdge-CatmullRomRGB-Fixed080-EncodedGamma2Blend,1.2718099355697632,40.98867807812859,2.0285558700561523,1.9602432250976562
95,leaves,O-T2X-R,3.7261393070220947,31.64219309834261,7.897528648376465,11.438056945800781
95,leaves,ABL-ET2X-R-PreviousRawEdge-CatmullRomRGB-Fixed080,3.6368815898895264,31.775128589712047,7.765938758850098,9.66647720336914
95,leaves,ABL-ET2X-R-PreviousRawEdge-CatmullRomRGB-Fixed080-EncodedGamma2Blend,3.63525390625,31.785351904538295,7.770252227783203,9.675826072692871
95,grass-seam,O-T2X-R,2.200496196746826,36.411776631972835,4.204957485198975,5.629347324371338
95,grass-seam,ABL-ET2X-R-PreviousRawEdge-CatmullRomRGB-Fixed080,2.1715686321258545,36.07335556467098,4.452078819274902,5.153254985809326
95,grass-seam,ABL-ET2X-R-PreviousRawEdge-CatmullRomRGB-Fixed080-EncodedGamma2Blend,2.170660972595215,36.09223278005385,4.453642845153809,5.156641960144043
96,seams,O-T2X-R,1.4957194328308105,37.69755821308702,1.7475101947784424,2.4008095264434814
96,seams,ABL-ET2X-R-PreviousRawEdge-CatmullRomRGB-Fixed080,1.3553873300552368,37.524249485633206,1.7136074304580688,1.5921522378921509
96,seams,ABL-ET2X-R-PreviousRawEdge-CatmullRomRGB-Fixed080-EncodedGamma2Blend,1.3545572757720947,37.54885251388717,1.715789794921875,1.5943663120269775
96,thin-seam,O-T2X-R,1.6630316972732544,37.94811328359958,2.065422296524048,2.783018112182617
96,thin-seam,ABL-ET2X-R-PreviousRawEdge-CatmullRomRGB-Fixed080,1.2547743320465088,40.281648038228106,2.0074033737182617,1.9568729400634766
96,thin-seam,ABL-ET2X-R-PreviousRawEdge-CatmullRomRGB-Fixed080-EncodedGamma2Blend,1.25390625,40.3134681141627,2.0112040042877197,1.963929533958435
96,leaves,O-T2X-R,3.396777391433716,32.351967919041094,8.184565544128418,10.243148803710938
96,leaves,ABL-ET2X-R-PreviousRawEdge-CatmullRomRGB-Fixed080,3.6674153804779053,31.722354659598714,7.804872989654541,9.723894119262695
96,leaves,ABL-ET2X-R-PreviousRawEdge-CatmullRomRGB-Fixed080-EncodedGamma2Blend,3.667740821838379,31.724954321624853,7.811107635498047,9.736085891723633
96,grass-seam,O-T2X-R,2.108811378479004,36.938321559351905,4.400999069213867,4.597440242767334
96,grass-seam,ABL-ET2X-R-PreviousRawEdge-CatmullRomRGB-Fixed080,2.1396756172180176,36.514224468825695,4.456744194030762,4.952321529388428
96,grass-seam,ABL-ET2X-R-PreviousRawEdge-CatmullRomRGB-Fixed080-EncodedGamma2Blend,2.138465166091919,36.530048508388305,4.457916259765625,4.959216594696045
97,seams,O-T2X-R,1.5468913316726685,35.161878268578334,1.639245629310608,1.4646230936050415
97,seams,ABL-ET2X-R-PreviousRawEdge-CatmullRomRGB-Fixed080,1.3331217765808105,37.883276782696285,1.5736653804779053,1.6596224308013916
97,seams,ABL-ET2X-R-PreviousRawEdge-CatmullRomRGB-Fixed080-EncodedGamma2Blend,1.3316569328308105,37.9131853602093,1.5763614177703857,1.6625492572784424
97,thin-seam,O-T2X-R,1.3220486640930176,41.00417508565233,1.9452317953109741,1.7571873664855957
97,thin-seam,ABL-ET2X-R-PreviousRawEdge-CatmullRomRGB-Fixed080,1.2324761152267456,40.05040771889802,1.801919937133789,1.8574308156967163
97,thin-seam,ABL-ET2X-R-PreviousRawEdge-CatmullRomRGB-Fixed080-EncodedGamma2Blend,1.23046875,40.09058702980732,1.807883858680725,1.8642908334732056
97,leaves,O-T2X-R,3.758268117904663,31.392893449127477,8.008598327636719,11.496798515319824
97,leaves,ABL-ET2X-R-PreviousRawEdge-CatmullRomRGB-Fixed080,3.6547200679779053,31.73076361896145,7.831377983093262,9.741900444030762
97,leaves,ABL-ET2X-R-PreviousRawEdge-CatmullRomRGB-Fixed080-EncodedGamma2Blend,3.6551594734191895,31.73578459984705,7.8402276039123535,9.755348205566406
97,grass-seam,O-T2X-R,2.1748366355895996,36.41956779279147,4.470550060272217,5.4662981033325195
97,grass-seam,ABL-ET2X-R-PreviousRawEdge-CatmullRomRGB-Fixed080,2.0911402702331543,36.66667051988519,4.47670841217041,4.9039812088012695
97,grass-seam,ABL-ET2X-R-PreviousRawEdge-CatmullRomRGB-Fixed080-EncodedGamma2Blend,2.090716600418091,36.688129949519904,4.477424144744873,4.9044647216796875
98,seams,O-T2X-R,1.5859863758087158,35.7137525533115,1.599574327468872,2.436840772628784
98,seams,ABL-ET2X-R-PreviousRawEdge-CatmullRomRGB-Fixed080,1.3978677988052368,36.942056790406575,1.4201757907867432,1.6181732416152954
98,seams,ABL-ET2X-R-PreviousRawEdge-CatmullRomRGB-Fixed080-EncodedGamma2Blend,1.3950520753860474,36.98879340418459,1.4230918884277344,1.6223156452178955
98,thin-seam,O-T2X-R,1.4999457597732544,38.3773184249013,1.8914674520492554,2.752513885498047
98,thin-seam,ABL-ET2X-R-PreviousRawEdge-CatmullRomRGB-Fixed080,1.2414822578430176,39.78223692889813,1.6693745851516724,1.7579408884048462
98,thin-seam,ABL-ET2X-R-PreviousRawEdge-CatmullRomRGB-Fixed080-EncodedGamma2Blend,1.2374131679534912,39.83846420571136,1.6751049757003784,1.7677083015441895
98,leaves,O-T2X-R,3.3514974117279053,32.3483673637425,7.863587856292725,10.086530685424805
98,leaves,ABL-ET2X-R-PreviousRawEdge-CatmullRomRGB-Fixed080,3.635270118713379,31.68132827342219,7.838636875152588,9.797304153442383
98,leaves,ABL-ET2X-R-PreviousRawEdge-CatmullRomRGB-Fixed080-EncodedGamma2Blend,3.6331706047058105,31.695962081849153,7.845484733581543,9.803504943847656
98,grass-seam,O-T2X-R,1.9607843160629272,37.42584182217536,4.336104869842529,5.115483283996582
98,grass-seam,ABL-ET2X-R-PreviousRawEdge-CatmullRomRGB-Fixed080,2.0830912590026855,36.551718409659365,4.506955623626709,5.157676696777344
98,grass-seam,ABL-ET2X-R-PreviousRawEdge-CatmullRomRGB-Fixed080-EncodedGamma2Blend,2.0817599296569824,36.5772998100302,4.508658409118652,5.153176307678223
99,seams,O-T2X-R,1.5121744871139526,36.97631290209523,1.5687577724456787,1.3554140329360962
99,seams,ABL-ET2X-R-PreviousRawEdge-CatmullRomRGB-Fixed080,1.3485026359558105,36.8075520722096,1.4122095108032227,1.4330371618270874
99,seams,ABL-ET2X-R-PreviousRawEdge-CatmullRomRGB-Fixed080-EncodedGamma2Blend,1.3436849117279053,36.851902790838764,1.415114164352417,1.4377224445343018
99,thin-seam,O-T2X-R,1.5239800214767456,38.14080544406504,1.7215614318847656,1.5059841871261597
99,thin-seam,ABL-ET2X-R-PreviousRawEdge-CatmullRomRGB-Fixed080,1.1348198652267456,40.83829951923079,1.6861389875411987,1.805463433265686
99,thin-seam,ABL-ET2X-R-PreviousRawEdge-CatmullRomRGB-Fixed080-EncodedGamma2Blend,1.1291232109069824,40.92912064030078,1.6923021078109741,1.8157774209976196
99,leaves,O-T2X-R,3.7301595211029053,31.565499930212763,7.8254194259643555,11.45084285736084
99,leaves,ABL-ET2X-R-PreviousRawEdge-CatmullRomRGB-Fixed080,3.645052194595337,31.635676994013476,7.8416748046875,9.852849960327148
99,leaves,ABL-ET2X-R-PreviousRawEdge-CatmullRomRGB-Fixed080-EncodedGamma2Blend,3.6438965797424316,31.647490918250693,7.844842433929443,9.85957145690918
99,grass-seam,O-T2X-R,2.068445920944214,37.17946480275075,4.1110615730285645,5.818149089813232
99,grass-seam,ABL-ET2X-R-PreviousRawEdge-CatmullRomRGB-Fixed080,2.0596706867218018,36.386005798100655,4.456038951873779,5.326766014099121
99,grass-seam,ABL-ET2X-R-PreviousRawEdge-CatmullRomRGB-Fixed080-EncodedGamma2Blend,2.0599734783172607,36.40725000126954,4.457134246826172,5.327549934387207
100,seams,O-T2X-R,1.5424968004226685,36.01393938708004,1.6513868570327759,2.556570053100586
100,seams,ABL-ET2X-R-PreviousRawEdge-CatmullRomRGB-Fixed080,1.3319823741912842,37.27884945203173,1.5235767364501953,1.5546678304672241
100,seams,ABL-ET2X-R-PreviousRawEdge-CatmullRomRGB-Fixed080-EncodedGamma2Blend,1.3290364742279053,37.313618467549254,1.5279748439788818,1.5595765113830566
100,thin-seam,O-T2X-R,1.3578559160232544,39.816177575836846,1.882014274597168,2.8257358074188232
100,thin-seam,ABL-ET2X-R-PreviousRawEdge-CatmullRomRGB-Fixed080,1.1244574785232544,40.40947517252437,1.668209195137024,1.55868661403656
100,thin-seam,ABL-ET2X-R-PreviousRawEdge-CatmullRomRGB-Fixed080-EncodedGamma2Blend,1.1185438632965088,40.49118894288401,1.6748377084732056,1.5678521394729614
100,leaves,O-T2X-R,3.3045897483825684,32.422965445450245,8.213491439819336,10.29284954071045
100,leaves,ABL-ET2X-R-PreviousRawEdge-CatmullRomRGB-Fixed080,3.626253366470337,31.625102464846982,7.875373840332031,9.921208381652832
100,leaves,ABL-ET2X-R-PreviousRawEdge-CatmullRomRGB-Fixed080-EncodedGamma2Blend,3.6238605976104736,31.63754060628763,7.880344390869141,9.924203872680664
100,grass-seam,O-T2X-R,2.017792224884033,37.205872002509516,4.5462117195129395,4.891936302185059
100,grass-seam,ABL-ET2X-R-PreviousRawEdge-CatmullRomRGB-Fixed080,2.073650360107422,36.131313655455514,4.404575347900391,5.19049072265625
100,grass-seam,ABL-ET2X-R-PreviousRawEdge-CatmullRomRGB-Fixed080-EncodedGamma2Blend,2.0724401473999023,36.15196131097862,4.40584659576416,5.191777229309082
101,seams,O-T2X-R,1.48291015625,36.580914658643465,1.6507211923599243,1.3655118942260742
101,seams,ABL-ET2X-R-PreviousRawEdge-CatmullRomRGB-Fixed080,1.3159016370773315,37.436595427805756,1.55838942527771,1.6273736953735352
101,seams,ABL-ET2X-R-PreviousRawEdge-CatmullRomRGB-Fixed080-EncodedGamma2Blend,1.3148274421691895,37.460372565319574,1.56159245967865,1.6309261322021484
101,thin-seam,O-T2X-R,1.4788954257965088,36.74902776781552,2.06241774559021,1.4910212755203247
101,thin-seam,ABL-ET2X-R-PreviousRawEdge-CatmullRomRGB-Fixed080,1.18212890625,40.39226805118925,1.6567187309265137,1.5518732070922852
101,thin-seam,ABL-ET2X-R-PreviousRawEdge-CatmullRomRGB-Fixed080-EncodedGamma2Blend,1.1803927421569824,40.43299146563995,1.6618715524673462,1.5602192878723145
101,leaves,O-T2X-R,3.695816993713379,31.573682066286985,7.986264705657959,11.639432907104492
101,leaves,ABL-ET2X-R-PreviousRawEdge-CatmullRomRGB-Fixed080,3.6038248538970947,31.634535007543686,7.931679725646973,10.051473617553711
101,leaves,ABL-ET2X-R-PreviousRawEdge-CatmullRomRGB-Fixed080-EncodedGamma2Blend,3.599576711654663,31.650906037223166,7.936574459075928,10.057149887084961
101,grass-seam,O-T2X-R,2.1915395259857178,36.41029092000526,4.223102569580078,5.569494724273682
101,grass-seam,ABL-ET2X-R-PreviousRawEdge-CatmullRomRGB-Fixed080,2.087146043777466,36.12364148380459,4.481941223144531,5.0594964027404785
101,grass-seam,ABL-ET2X-R-PreviousRawEdge-CatmullRomRGB-Fixed080-EncodedGamma2Blend,2.085391044616699,36.14154216602526,4.48386812210083,5.064950466156006
102,seams,O-T2X-R,1.6562174558639526,36.07866986372336,1.645961046218872,2.5634922981262207
102,seams,ABL-ET2X-R-PreviousRawEdge-CatmullRomRGB-Fixed080,1.311621069908142,37.855263735014745,1.412698745727539,1.4897353649139404
102,seams,ABL-ET2X-R-PreviousRawEdge-CatmullRomRGB-Fixed080-EncodedGamma2Blend,1.31201171875,37.86008257645906,1.4139236211776733,1.491495132446289
102,thin-seam,O-T2X-R,1.6695963144302368,37.049318683466666,2.0337865352630615,3.140388250350952
102,thin-seam,ABL-ET2X-R-PreviousRawEdge-CatmullRomRGB-Fixed080,1.1618380546569824,39.91848249356999,1.640889286994934,1.6830030679702759
102,thin-seam,ABL-ET2X-R-PreviousRawEdge-CatmullRomRGB-Fixed080-EncodedGamma2Blend,1.16357421875,39.89960480841429,1.6442033052444458,1.687169075012207
102,leaves,O-T2X-R,3.3646321296691895,32.23102592263245,7.984259128570557,10.1315336227417
102,leaves,ABL-ET2X-R-PreviousRawEdge-CatmullRomRGB-Fixed080,3.639371633529663,31.59578462469195,7.933503150939941,9.99267292022705
102,leaves,ABL-ET2X-R-PreviousRawEdge-CatmullRomRGB-Fixed080-EncodedGamma2Blend,3.6358072757720947,31.61135747725924,7.936718940734863,9.99665641784668
102,grass-seam,O-T2X-R,1.996550440788269,37.14108382321612,4.3569231033325195,4.660640716552734
102,grass-seam,ABL-ET2X-R-PreviousRawEdge-CatmullRomRGB-Fixed080,2.151597738265991,36.013351280010625,4.486021518707275,5.043525218963623
102,grass-seam,ABL-ET2X-R-PreviousRawEdge-CatmullRomRGB-Fixed080-EncodedGamma2Blend,2.1479666233062744,36.04731438962011,4.4867844581604,5.0491251945495605
103,seams,O-T2X-R,1.3749674558639526,39.14759498117646,1.6024688482284546,1.5659315586090088
103,seams,ABL-ET2X-R-PreviousRawEdge-CatmullRomRGB-Fixed080,1.2490397691726685,38.69801820888131,1.5585600137710571,1.6094824075698853
103,seams,ABL-ET2X-R-PreviousRawEdge-CatmullRomRGB-Fixed080-EncodedGamma2Blend,1.2486491203308105,38.74472879435256,1.562456727027893,1.6123011112213135
103,thin-seam,O-T2X-R,1.4577364921569824,38.450958132494556,1.9408397674560547,1.6511521339416504
103,thin-seam,ABL-ET2X-R-PreviousRawEdge-CatmullRomRGB-Fixed080,1.18115234375,40.58187935351661,1.757044792175293,1.646225094795227
103,thin-seam,ABL-ET2X-R-PreviousRawEdge-CatmullRomRGB-Fixed080-EncodedGamma2Blend,1.1810981035232544,40.62413635653889,1.7631820440292358,1.6533485651016235
103,leaves,O-T2X-R,3.738753318786621,31.41789819952576,7.846926689147949,11.285089492797852
103,leaves,ABL-ET2X-R-PreviousRawEdge-CatmullRomRGB-Fixed080,3.648648977279663,31.564692572633483,7.8593549728393555,9.84680461883545
103,leaves,ABL-ET2X-R-PreviousRawEdge-CatmullRomRGB-Fixed080-EncodedGamma2Blend,3.6470866203308105,31.578507730314115,7.863852500915527,9.851327896118164
103,grass-seam,O-T2X-R,2.187121868133545,36.15047864329923,4.289018630981445,5.544921398162842
103,grass-seam,ABL-ET2X-R-PreviousRawEdge-CatmullRomRGB-Fixed080,2.210179090499878,35.71313251080589,4.505366325378418,5.177518844604492
103,grass-seam,ABL-ET2X-R-PreviousRawEdge-CatmullRomRGB-Fixed080-EncodedGamma2Blend,2.206850528717041,35.75361335316812,4.508077144622803,5.1783270835876465
104,seams,O-T2X-R,1.43115234375,37.75936711483743,1.722214698791504,2.553468704223633
104,seams,ABL-ET2X-R-PreviousRawEdge-CatmullRomRGB-Fixed080,1.2802897691726685,37.74018195141708,1.574674367904663,1.6843678951263428
104,seams,ABL-ET2X-R-PreviousRawEdge-CatmullRomRGB-Fixed080-EncodedGamma2Blend,1.2778645753860474,37.79820266213766,1.5801784992218018,1.6895332336425781
104,thin-seam,O-T2X-R,1.3805880546569824,40.154508494301865,2.0513343811035156,2.9662301540374756
104,thin-seam,ABL-ET2X-R-PreviousRawEdge-CatmullRomRGB-Fixed080,1.2038846015930176,41.20280085464628,1.7998971939086914,1.8300347328186035
104,thin-seam,ABL-ET2X-R-PreviousRawEdge-CatmullRomRGB-Fixed080-EncodedGamma2Blend,1.2010091543197632,41.2731045070614,1.8066402673721313,1.8409639596939087
104,leaves,O-T2X-R,3.305452585220337,32.45553752399416,8.027122497558594,10.10248851776123
104,leaves,ABL-ET2X-R-PreviousRawEdge-CatmullRomRGB-Fixed080,3.6679036617279053,31.459418676347042,7.824009895324707,9.786508560180664
104,leaves,ABL-ET2X-R-PreviousRawEdge-CatmullRomRGB-Fixed080-EncodedGamma2Blend,3.665494680404663,31.47318358319596,7.825243949890137,9.789552688598633
104,grass-seam,O-T2X-R,1.9656257629394531,37.51802414158633,4.380666255950928,4.900179386138916
104,grass-seam,ABL-ET2X-R-PreviousRawEdge-CatmullRomRGB-Fixed080,2.211268424987793,35.55171547159152,4.57249116897583,5.35460090637207
104,grass-seam,ABL-ET2X-R-PreviousRawEdge-CatmullRomRGB-Fixed080-EncodedGamma2Blend,2.2078189849853516,35.58699477812251,4.575077056884766,5.352832794189453
105,seams,O-T2X-R,1.4923990964889526,36.688442520317075,1.5641956329345703,1.5197644233703613
105,seams,ABL-ET2X-R-PreviousRawEdge-CatmullRomRGB-Fixed080,1.3466308116912842,37.84349116991447,1.4817590713500977,1.6874068975448608
105,seams,ABL-ET2X-R-PreviousRawEdge-CatmullRomRGB-Fixed080-EncodedGamma2Blend,1.3430826663970947,37.90754160267988,1.4859657287597656,1.6930630207061768
105,thin-seam,O-T2X-R,1.4337022304534912,37.27568046744815,1.7359346151351929,1.5434318780899048
105,thin-seam,ABL-ET2X-R-PreviousRawEdge-CatmullRomRGB-Fixed080,1.3265516757965088,38.77717557725569,1.8294235467910767,2.0039350986480713
105,thin-seam,ABL-ET2X-R-PreviousRawEdge-CatmullRomRGB-Fixed080-EncodedGamma2Blend,1.32470703125,38.825567977072986,1.8377461433410645,2.012117385864258
105,leaves,O-T2X-R,3.686263084411621,31.627706065681313,7.963377952575684,11.632207870483398
105,leaves,ABL-ET2X-R-PreviousRawEdge-CatmullRomRGB-Fixed080,3.6885416507720947,31.459427946346473,7.867388725280762,9.759273529052734
105,leaves,ABL-ET2X-R-PreviousRawEdge-CatmullRomRGB-Fixed080-EncodedGamma2Blend,3.6844890117645264,31.47627172974389,7.868525505065918,9.760835647583008
105,grass-seam,O-T2X-R,2.1921448707580566,36.379872235411895,4.370243549346924,5.821854591369629
105,grass-seam,ABL-ET2X-R-PreviousRawEdge-CatmullRomRGB-Fixed080,2.243645668029785,35.62234125254739,4.556406497955322,5.279481887817383
105,grass-seam,ABL-ET2X-R-PreviousRawEdge-CatmullRomRGB-Fixed080-EncodedGamma2Blend,2.2400145530700684,35.655123612090016,4.556831359863281,5.278083801269531
106,seams,O-T2X-R,1.6388834714889526,35.048700559806356,1.6231130361557007,2.4883975982666016
106,seams,ABL-ET2X-R-PreviousRawEdge-CatmullRomRGB-Fixed080,1.300683617591858,38.10479850638241,1.5412715673446655,1.498144268989563
106,seams,ABL-ET2X-R-PreviousRawEdge-CatmullRomRGB-Fixed080-EncodedGamma2Blend,1.296240210533142,38.1792023847378,1.5444914102554321,1.5030065774917603
106,thin-seam,O-T2X-R,1.5504014492034912,37.49700658258628,1.815707802772522,2.7319908142089844
106,thin-seam,ABL-ET2X-R-PreviousRawEdge-CatmullRomRGB-Fixed080,1.2287869453430176,39.457498546335344,1.6983118057250977,1.7707306146621704
106,thin-seam,ABL-ET2X-R-PreviousRawEdge-CatmullRomRGB-Fixed080-EncodedGamma2Blend,1.2238497734069824,39.528918831066704,1.7047427892684937,1.783232569694519
106,leaves,O-T2X-R,3.3238282203674316,32.3879809802232,8.135269165039062,10.464512825012207
106,leaves,ABL-ET2X-R-PreviousRawEdge-CatmullRomRGB-Fixed080,3.627962350845337,31.54704024162802,7.896389961242676,9.968382835388184
106,leaves,ABL-ET2X-R-PreviousRawEdge-CatmullRomRGB-Fixed080-EncodedGamma2Blend,3.624462842941284,31.56403474198028,7.898296356201172,9.969612121582031
106,grass-seam,O-T2X-R,2.110748052597046,36.5082510193582,4.551384449005127,5.172867298126221
106,grass-seam,ABL-ET2X-R-PreviousRawEdge-CatmullRomRGB-Fixed080,2.236807107925415,35.68688249022325,4.487179756164551,5.228163719177246
106,grass-seam,ABL-ET2X-R-PreviousRawEdge-CatmullRomRGB-Fixed080-EncodedGamma2Blend,2.23384165763855,35.710286483755226,4.4884490966796875,5.23401403427124
107,seams,O-T2X-R,1.6029784679412842,36.12237084304792,1.5723551511764526,1.3225387334823608
107,seams,ABL-ET2X-R-PreviousRawEdge-CatmullRomRGB-Fixed080,1.3056803941726685,37.78757617496482,1.5043176412582397,1.701083779335022
107,seams,ABL-ET2X-R-PreviousRawEdge-CatmullRomRGB-Fixed080-EncodedGamma2Blend,1.3013020753860474,37.85789146040686,1.5081106424331665,1.705198884010315
107,thin-seam,O-T2X-R,1.5242513418197632,38.406744950279545,1.7736440896987915,1.319520115852356
107,thin-seam,ABL-ET2X-R-PreviousRawEdge-CatmullRomRGB-Fixed080,1.2634005546569824,39.650269618965794,1.6539617776870728,1.7591558694839478
107,thin-seam,ABL-ET2X-R-PreviousRawEdge-CatmullRomRGB-Fixed080-EncodedGamma2Blend,1.2580294609069824,39.73647039557334,1.6579838991165161,1.7678838968276978
107,leaves,O-T2X-R,3.6690754890441895,31.524208329764324,7.866384029388428,11.607136726379395
107,leaves,ABL-ET2X-R-PreviousRawEdge-CatmullRomRGB-Fixed080,3.6160969734191895,31.608726017026353,7.855908393859863,9.946501731872559
107,leaves,ABL-ET2X-R-PreviousRawEdge-CatmullRomRGB-Fixed080-EncodedGamma2Blend,3.6138346195220947,31.62389363831847,7.857749938964844,9.948644638061523
107,grass-seam,O-T2X-R,2.180283308029175,36.5336313926148,4.261016845703125,5.7103142738342285
107,grass-seam,ABL-ET2X-R-PreviousRawEdge-CatmullRomRGB-Fixed080,2.195836305618286,35.82739674595755,4.544233322143555,5.201342582702637
107,grass-seam,ABL-ET2X-R-PreviousRawEdge-CatmullRomRGB-Fixed080-EncodedGamma2Blend,2.194262981414795,35.84754714883656,4.543599605560303,5.2043843269348145
108,seams,O-T2X-R,1.5106607675552368,37.93428002523206,1.8393890857696533,2.692516803741455
108,seams,ABL-ET2X-R-PreviousRawEdge-CatmullRomRGB-Fixed080,1.3925455808639526,38.04272347113505,1.5410888195037842,1.6752758026123047
108,seams,ABL-ET2X-R-PreviousRawEdge-CatmullRomRGB-Fixed080-EncodedGamma2Blend,1.3861979246139526,38.12137024584236,1.5460155010223389,1.6800495386123657
108,thin-seam,O-T2X-R,1.4370659589767456,39.79283009716241,2.080256700515747,3.016192674636841
108,thin-seam,ABL-ET2X-R-PreviousRawEdge-CatmullRomRGB-Fixed080,1.4134114980697632,38.96152552943675,1.8179866075515747,1.7975349426269531
108,thin-seam,ABL-ET2X-R-PreviousRawEdge-CatmullRomRGB-Fixed080-EncodedGamma2Blend,1.4073892831802368,39.0517227777256,1.8266385793685913,1.8030284643173218
108,leaves,O-T2X-R,3.291308641433716,32.54866877128765,7.995233058929443,10.077592849731445
108,leaves,ABL-ET2X-R-PreviousRawEdge-CatmullRomRGB-Fixed080,3.6280760765075684,31.52209174875978,7.790824890136719,9.868659019470215
108,leaves,ABL-ET2X-R-PreviousRawEdge-CatmullRomRGB-Fixed080-EncodedGamma2Blend,3.6258301734924316,31.53786242751527,7.791949272155762,9.87327766418457
108,grass-seam,O-T2X-R,1.9779714345932007,37.637703492092086,4.540276050567627,4.872221946716309
108,grass-seam,ABL-ET2X-R-PreviousRawEdge-CatmullRomRGB-Fixed080,2.150871515274048,35.86880549072097,4.396145343780518,5.169981956481934
108,grass-seam,ABL-ET2X-R-PreviousRawEdge-CatmullRomRGB-Fixed080-EncodedGamma2Blend,2.149479627609253,35.89531802752714,4.397101402282715,5.173774242401123
109,seams,O-T2X-R,1.453369140625,37.71353000288641,1.7056396007537842,1.4929637908935547
109,seams,ABL-ET2X-R-PreviousRawEdge-CatmullRomRGB-Fixed080,1.3760579824447632,37.79747572447495,1.6995820999145508,1.7154827117919922
109,seams,ABL-ET2X-R-PreviousRawEdge-CatmullRomRGB-Fixed080-EncodedGamma2Blend,1.3708659410476685,37.872133613341255,1.7035812139511108,1.7209542989730835
109,thin-seam,O-T2X-R,1.5955404043197632,36.11422212522229,2.1164982318878174,1.6894969940185547
109,thin-seam,ABL-ET2X-R-PreviousRawEdge-CatmullRomRGB-Fixed080,1.3395181894302368,38.947626113858355,1.9176535606384277,2.0167667865753174
109,thin-seam,ABL-ET2X-R-PreviousRawEdge-CatmullRomRGB-Fixed080-EncodedGamma2Blend,1.3347439765930176,39.0205227878213,1.9244328737258911,2.0261518955230713
109,leaves,O-T2X-R,3.637906789779663,31.74379440414647,7.878118991851807,11.294684410095215
109,leaves,ABL-ET2X-R-PreviousRawEdge-CatmullRomRGB-Fixed080,3.601855516433716,31.661191813866864,7.8312811851501465,9.769247055053711
109,leaves,ABL-ET2X-R-PreviousRawEdge-CatmullRomRGB-Fixed080-EncodedGamma2Blend,3.599349021911621,31.67714385552251,7.833853244781494,9.772825241088867
109,grass-seam,O-T2X-R,2.1344106197357178,36.56694653026285,4.182382583618164,5.512534141540527
109,grass-seam,ABL-ET2X-R-PreviousRawEdge-CatmullRomRGB-Fixed080,2.142338514328003,35.987746782546715,4.425566673278809,5.067172050476074
109,grass-seam,ABL-ET2X-R-PreviousRawEdge-CatmullRomRGB-Fixed080-EncodedGamma2Blend,2.1410675048828125,36.011479126885305,4.4269866943359375,5.070403099060059
110,seams,O-T2X-R,1.568994164466858,37.36801600960047,1.8162380456924438,2.6229794025421143
110,seams,ABL-ET2X-R-PreviousRawEdge-CatmullRomRGB-Fixed080,1.3318359851837158,37.64635507692561,1.5671905279159546,1.71636962890625
110,seams,ABL-ET2X-R-PreviousRawEdge-CatmullRomRGB-Fixed080-EncodedGamma2Blend,1.3286947011947632,37.69211090750222,1.5707050561904907,1.7187366485595703
110,thin-seam,O-T2X-R,1.6626518964767456,37.31514122750785,2.1722769737243652,3.251960515975952
110,thin-seam,ABL-ET2X-R-PreviousRawEdge-CatmullRomRGB-Fixed080,1.32666015625,38.085915284452895,1.7825106382369995,1.8630565404891968
110,thin-seam,ABL-ET2X-R-PreviousRawEdge-CatmullRomRGB-Fixed080-EncodedGamma2Blend,1.3246527910232544,38.110868776703214,1.7881866693496704,1.8680719137191772
110,leaves,O-T2X-R,3.29931640625,32.371539468001636,8.037880897521973,10.193635940551758
110,leaves,ABL-ET2X-R-PreviousRawEdge-CatmullRomRGB-Fixed080,3.551220655441284,31.804199713066165,7.827688694000244,9.804048538208008
110,leaves,ABL-ET2X-R-PreviousRawEdge-CatmullRomRGB-Fixed080-EncodedGamma2Blend,3.5474934577941895,31.824330496174433,7.831643581390381,9.80591869354248
110,grass-seam,O-T2X-R,1.8948196172714233,37.9204626727929,4.376059532165527,4.726834297180176
110,grass-seam,ABL-ET2X-R-PreviousRawEdge-CatmullRomRGB-Fixed080,2.0740740299224854,36.26402858771109,4.398038387298584,5.1196818351745605
110,grass-seam,ABL-ET2X-R-PreviousRawEdge-CatmullRomRGB-Fixed080-EncodedGamma2Blend,2.0726821422576904,36.28619516460644,4.400387763977051,5.120812892913818
111,seams,O-T2X-R,1.538818359375,37.363144564637466,1.5465481281280518,1.556908369064331
111,seams,ABL-ET2X-R-PreviousRawEdge-CatmullRomRGB-Fixed080,1.3857910633087158,37.62342100981381,1.5303016901016235,1.73529052734375
111,seams,ABL-ET2X-R-PreviousRawEdge-CatmullRomRGB-Fixed080-EncodedGamma2Blend,1.382568359375,37.687359976980176,1.5335328578948975,1.740984559059143
111,thin-seam,O-T2X-R,1.6103515625,37.87657159127453,2.118983507156372,1.4837440252304077
111,thin-seam,ABL-ET2X-R-PreviousRawEdge-CatmullRomRGB-Fixed080,1.2787543535232544,37.94538040980447,1.624254822731018,1.861478328704834
111,thin-seam,ABL-ET2X-R-PreviousRawEdge-CatmullRomRGB-Fixed080-EncodedGamma2Blend,1.2738715410232544,38.014242079363626,1.6286044120788574,1.8698972463607788
111,leaves,O-T2X-R,3.655810594558716,31.611973769822463,7.916059970855713,11.54045295715332
111,leaves,ABL-ET2X-R-PreviousRawEdge-CatmullRomRGB-Fixed080,3.5346028804779053,31.719252712896274,7.87734317779541,9.850152969360352
111,leaves,ABL-ET2X-R-PreviousRawEdge-CatmullRomRGB-Fixed080-EncodedGamma2Blend,3.531022071838379,31.738569108814115,7.880677700042725,9.854238510131836
111,grass-seam,O-T2X-R,2.090958595275879,36.90745497680616,4.272845268249512,5.582200527191162
111,grass-seam,ABL-ET2X-R-PreviousRawEdge-CatmullRomRGB-Fixed080,2.0515007972717285,36.33869196044381,4.45235013961792,5.0162811279296875
111,grass-seam,ABL-ET2X-R-PreviousRawEdge-CatmullRomRGB-Fixed080-EncodedGamma2Blend,2.0501694679260254,36.366790778855886,4.453832626342773,5.019617080688477
112,seams,O-T2X-R,1.4702799320220947,37.18256332854231,1.689123511314392,2.4947853088378906
112,seams,ABL-ET2X-R-PreviousRawEdge-CatmullRomRGB-Fixed080,1.3728352785110474,37.186639374916346,1.5993009805679321,1.5810701847076416
112,seams,ABL-ET2X-R-PreviousRawEdge-CatmullRomRGB-Fixed080-EncodedGamma2Blend,1.3665690422058105,37.24831191623143,1.6029787063598633,1.5860850811004639
112,thin-seam,O-T2X-R,1.3439669609069824,41.05811508557341,2.014820098876953,3.2940514087677
112,thin-seam,ABL-ET2X-R-PreviousRawEdge-CatmullRomRGB-Fixed080,1.3142361640930176,38.15234561421532,1.703568458557129,1.5896612405776978
112,thin-seam,ABL-ET2X-R-PreviousRawEdge-CatmullRomRGB-Fixed080-EncodedGamma2Blend,1.30908203125,38.21269457601835,1.7098503112792969,1.5959452390670776
112,leaves,O-T2X-R,3.244384765625,32.71024229635192,8.011331558227539,10.199740409851074
112,leaves,ABL-ET2X-R-PreviousRawEdge-CatmullRomRGB-Fixed080,3.518115282058716,31.76511022101525,7.925562381744385,9.929765701293945
112,leaves,ABL-ET2X-R-PreviousRawEdge-CatmullRomRGB-Fixed080-EncodedGamma2Blend,3.514599561691284,31.781075698831497,7.930616855621338,9.935441017150879
112,grass-seam,O-T2X-R,1.9613289833068848,37.62442125390081,4.454785346984863,4.965397834777832
112,grass-seam,ABL-ET2X-R-PreviousRawEdge-CatmullRomRGB-Fixed080,2.043996572494507,36.37436144337696,4.515690326690674,5.1060099601745605
112,grass-seam,ABL-ET2X-R-PreviousRawEdge-CatmullRomRGB-Fixed080-EncodedGamma2Blend,2.0421204566955566,36.40737365812267,4.5172247886657715,5.111916542053223
113,seams,O-T2X-R,1.519677758216858,36.24288702566251,1.660818338394165,1.4105241298675537
113,seams,ABL-ET2X-R-PreviousRawEdge-CatmullRomRGB-Fixed080,1.3960449695587158,37.64555236757858,1.6024487018585205,1.6683928966522217
113,seams,ABL-ET2X-R-PreviousRawEdge-CatmullRomRGB-Fixed080-EncodedGamma2Blend,1.3894531726837158,37.714962182305236,1.608910322189331,1.6748154163360596
113,thin-seam,O-T2X-R,1.5250108242034912,36.47258494922384,1.9490941762924194,1.2769838571548462
113,thin-seam,ABL-ET2X-R-PreviousRawEdge-CatmullRomRGB-Fixed080,1.4482421875,38.11589076026959,1.9971731901168823,1.9491974115371704
113,thin-seam,ABL-ET2X-R-PreviousRawEdge-CatmullRomRGB-Fixed080-EncodedGamma2Blend,1.4396158456802368,38.232958842789216,2.006174325942993,1.9590455293655396
113,leaves,O-T2X-R,3.5799152851104736,31.83902116083827,7.89965295791626,11.396032333374023
113,leaves,ABL-ET2X-R-PreviousRawEdge-CatmullRomRGB-Fixed080,3.531689405441284,31.736436287055806,7.928435325622559,9.999341011047363
113,leaves,ABL-ET2X-R-PreviousRawEdge-CatmullRomRGB-Fixed080-EncodedGamma2Blend,3.528076171875,31.757768250148604,7.931199550628662,10.005271911621094
113,grass-seam,O-T2X-R,2.1641249656677246,36.39889850652173,4.143896579742432,5.568670749664307
113,grass-seam,ABL-ET2X-R-PreviousRawEdge-CatmullRomRGB-Fixed080,2.078552484512329,35.98056393938866,4.584907054901123,5.370214462280273
113,grass-seam,ABL-ET2X-R-PreviousRawEdge-CatmullRomRGB-Fixed080-EncodedGamma2Blend,2.0757081508636475,36.01648351127556,4.587441921234131,5.373839378356934
114,seams,O-T2X-R,1.5845377445220947,36.31744903718787,1.710444688796997,2.6860623359680176
114,seams,ABL-ET2X-R-PreviousRawEdge-CatmullRomRGB-Fixed080,1.2895833253860474,37.99530005119456,1.5985958576202393,1.7313239574432373
114,seams,ABL-ET2X-R-PreviousRawEdge-CatmullRomRGB-Fixed080-EncodedGamma2Blend,1.2836099863052368,38.07944424447462,1.6031690835952759,1.7358028888702393
114,thin-seam,O-T2X-R,1.6162109375,36.318827183143256,1.8146257400512695,2.882171630859375
114,thin-seam,ABL-ET2X-R-PreviousRawEdge-CatmullRomRGB-Fixed080,1.1648763418197632,39.3966527522003,1.8641551733016968,2.0799732208251953
114,thin-seam,ABL-ET2X-R-PreviousRawEdge-CatmullRomRGB-Fixed080-EncodedGamma2Blend,1.1579318046569824,39.51071845204363,1.8696578741073608,2.0851306915283203
114,leaves,O-T2X-R,3.2566895484924316,32.4836711702868,8.113646507263184,10.296722412109375
114,leaves,ABL-ET2X-R-PreviousRawEdge-CatmullRomRGB-Fixed080,3.537548780441284,31.59677036948311,7.971619606018066,10.20164680480957
114,leaves,ABL-ET2X-R-PreviousRawEdge-CatmullRomRGB-Fixed080-EncodedGamma2Blend,3.5315918922424316,31.62423988236547,7.973509311676025,10.20138168334961
114,grass-seam,O-T2X-R,1.9596344232559204,37.37742396070879,4.480838298797607,4.615520477294922
114,grass-seam,ABL-ET2X-R-PreviousRawEdge-CatmullRomRGB-Fixed080,2.0710482597351074,35.978994542899926,4.505640029907227,5.251466751098633
114,grass-seam,ABL-ET2X-R-PreviousRawEdge-CatmullRomRGB-Fixed080-EncodedGamma2Blend,2.067901134490967,36.01843829282619,4.50843620300293,5.254536151885986
115,seams,O-T2X-R,1.5718262195587158,37.04814163670681,1.6460378170013428,1.4050580263137817
115,seams,ABL-ET2X-R-PreviousRawEdge-CatmullRomRGB-Fixed080,1.2605631351470947,37.60433123134376,1.565652847290039,1.5533732175827026
115,seams,ABL-ET2X-R-PreviousRawEdge-CatmullRomRGB-Fixed080-EncodedGamma2Blend,1.2544270753860474,37.67776471886594,1.5713826417922974,1.5593955516815186
115,thin-seam,O-T2X-R,1.6128472089767456,37.96670061643256,1.9503613710403442,1.6018195152282715
115,thin-seam,ABL-ET2X-R-PreviousRawEdge-CatmullRomRGB-Fixed080,1.0467122793197632,40.56938567581318,1.7046228647232056,1.7549428939819336
115,thin-seam,ABL-ET2X-R-PreviousRawEdge-CatmullRomRGB-Fixed080-EncodedGamma2Blend,1.0385199785232544,40.719643374648065,1.7133903503417969,1.7642592191696167
115,leaves,O-T2X-R,3.5517578125,31.863665227864367,7.8782639503479,11.563676834106445
115,leaves,ABL-ET2X-R-PreviousRawEdge-CatmullRomRGB-Fixed080,3.510530710220337,31.639489006590907,7.968389987945557,10.243840217590332
115,leaves,ABL-ET2X-R-PreviousRawEdge-CatmullRomRGB-Fixed080-EncodedGamma2Blend,3.5048828125,31.663215873994197,7.969843864440918,10.245352745056152
115,grass-seam,O-T2X-R,2.226882219314575,36.20976938322049,4.221431255340576,5.336490631103516
115,grass-seam,ABL-ET2X-R-PreviousRawEdge-CatmullRomRGB-Fixed080,2.0599734783172607,36.43618875299953,4.519415855407715,5.126429080963135
115,grass-seam,ABL-ET2X-R-PreviousRawEdge-CatmullRomRGB-Fixed080-EncodedGamma2Blend,2.057734251022339,36.46229581891681,4.519891738891602,5.128717422485352
116,seams,O-T2X-R,1.5927083492279053,36.309838779875285,1.7959705591201782,2.5958428382873535
116,seams,ABL-ET2X-R-PreviousRawEdge-CatmullRomRGB-Fixed080,1.3743164539337158,37.90635323863552,1.674695372581482,1.6638309955596924
116,seams,ABL-ET2X-R-PreviousRawEdge-CatmullRomRGB-Fixed080-EncodedGamma2Blend,1.3687825202941895,37.95586431938494,1.6789432764053345,1.6696335077285767
116,thin-seam,O-T2X-R,1.6153970956802368,37.43349409788813,2.117560863494873,2.979871988296509
116,thin-seam,ABL-ET2X-R-PreviousRawEdge-CatmullRomRGB-Fixed080,1.2425673007965088,39.557393624173784,1.850572109222412,1.635862946510315
116,thin-seam,ABL-ET2X-R-PreviousRawEdge-CatmullRomRGB-Fixed080-EncodedGamma2Blend,1.2350802421569824,39.70145315947301,1.8579336404800415,1.643252968788147
116,leaves,O-T2X-R,3.197998046875,32.64789156196203,8.043115615844727,10.241713523864746
116,leaves,ABL-ET2X-R-PreviousRawEdge-CatmullRomRGB-Fixed080,3.4873859882354736,31.801775941987525,7.981972694396973,10.140008926391602
116,leaves,ABL-ET2X-R-PreviousRawEdge-CatmullRomRGB-Fixed080-EncodedGamma2Blend,3.4815430641174316,31.82753793149918,7.98343563079834,10.13934326171875
116,grass-seam,O-T2X-R,1.995219111442566,37.13489414805568,4.352858066558838,4.824356555938721
116,grass-seam,ABL-ET2X-R-PreviousRawEdge-CatmullRomRGB-Fixed080,2.0599734783172607,36.61669852591078,4.586217403411865,5.265535831451416
116,grass-seam,ABL-ET2X-R-PreviousRawEdge-CatmullRomRGB-Fixed080-EncodedGamma2Blend,2.0570080280303955,36.64387969857802,4.585220813751221,5.26497745513916
117,seams,O-T2X-R,1.5344401597976685,36.593240372717375,1.7466964721679688,1.5690284967422485
117,seams,ABL-ET2X-R-PreviousRawEdge-CatmullRomRGB-Fixed080,1.3932454586029053,37.60205270173809,1.6199992895126343,1.8309961557388306
117,seams,ABL-ET2X-R-PreviousRawEdge-CatmullRomRGB-Fixed080-EncodedGamma2Blend,1.3897298574447632,37.64976426226227,1.6249935626983643,1.8358882665634155
117,thin-seam,O-T2X-R,1.5134005546569824,35.98877452382693,2.2603070735931396,1.8340030908584595
117,thin-seam,ABL-ET2X-R-PreviousRawEdge-CatmullRomRGB-Fixed080,1.2689344882965088,39.14564797427851,1.8961000442504883,2.0496604442596436
117,thin-seam,ABL-ET2X-R-PreviousRawEdge-CatmullRomRGB-Fixed080-EncodedGamma2Blend,1.2619357109069824,39.23079958864827,1.9030629396438599,2.057103395462036
117,leaves,O-T2X-R,3.596158742904663,31.730452799108203,7.9577531814575195,11.433432579040527
117,leaves,ABL-ET2X-R-PreviousRawEdge-CatmullRomRGB-Fixed080,3.463818311691284,31.82387215208294,8.002206802368164,10.237200736999512
117,leaves,ABL-ET2X-R-PreviousRawEdge-CatmullRomRGB-Fixed080-EncodedGamma2Blend,3.458284616470337,31.854013520522063,8.002265930175781,10.238296508789062
117,grass-seam,O-T2X-R,2.0965261459350586,36.76916118505699,4.478022575378418,5.915201187133789
117,grass-seam,ABL-ET2X-R-PreviousRawEdge-CatmullRomRGB-Fixed080,1.994069218635559,37.04855579423969,4.48457145690918,5.359565258026123
117,grass-seam,ABL-ET2X-R-PreviousRawEdge-CatmullRomRGB-Fixed080-EncodedGamma2Blend,1.9908617734909058,37.08354211058098,4.485101222991943,5.358393669128418
118,seams,O-T2X-R,1.5745930671691895,37.13369499826895,1.7634214162826538,2.7317605018615723
118,seams,ABL-ET2X-R-PreviousRawEdge-CatmullRomRGB-Fixed080,1.3401693105697632,37.86881833914447,1.6579406261444092,1.6770851612091064
118,seams,ABL-ET2X-R-PreviousRawEdge-CatmullRomRGB-Fixed080-EncodedGamma2Blend,1.3404622077941895,37.92992467910303,1.6631038188934326,1.6809040307998657
118,thin-seam,O-T2X-R,1.6159939765930176,36.96830452293321,2.090975522994995,3.4475181102752686
118,thin-seam,ABL-ET2X-R-PreviousRawEdge-CatmullRomRGB-Fixed080,1.2094184160232544,40.41800443039505,1.9274660348892212,1.9763127565383911
118,thin-seam,ABL-ET2X-R-PreviousRawEdge-CatmullRomRGB-Fixed080-EncodedGamma2Blend,1.2061089277267456,40.535395605816376,1.9331068992614746,1.979336142539978
118,leaves,O-T2X-R,3.2705891132354736,32.475028848324094,7.9733171463012695,10.248797416687012
118,leaves,ABL-ET2X-R-PreviousRawEdge-CatmullRomRGB-Fixed080,3.471956491470337,31.779758959283313,7.960707187652588,10.184910774230957
118,leaves,ABL-ET2X-R-PreviousRawEdge-CatmullRomRGB-Fixed080-EncodedGamma2Blend,3.4654459953308105,31.81154449646602,7.961615085601807,10.185322761535645
118,grass-seam,O-T2X-R,1.9937061071395874,37.2828046529426,4.4738240242004395,5.222306251525879
118,grass-seam,ABL-ET2X-R-PreviousRawEdge-CatmullRomRGB-Fixed080,2.029109239578247,36.6753655750673,4.53530216217041,5.314462184906006
118,grass-seam,ABL-ET2X-R-PreviousRawEdge-CatmullRomRGB-Fixed080-EncodedGamma2Blend,2.026930570602417,36.70668392592636,4.537474155426025,5.316740989685059
119,seams,O-T2X-R,1.569482445716858,36.567573273388234,1.7937740087509155,1.5259922742843628
119,seams,ABL-ET2X-R-PreviousRawEdge-CatmullRomRGB-Fixed080,1.4975422620773315,37.377241152119964,1.7612301111221313,1.7948929071426392
119,seams,ABL-ET2X-R-PreviousRawEdge-CatmullRomRGB-Fixed080-EncodedGamma2Blend,1.4930013418197632,37.42591541545969,1.7669785022735596,1.801334023475647
119,thin-seam,O-T2X-R,1.5295138359069824,38.14486939628528,1.9918607473373413,1.377214789390564
119,thin-seam,ABL-ET2X-R-PreviousRawEdge-CatmullRomRGB-Fixed080,1.2164713144302368,39.998626282044306,1.906628966331482,1.9280668497085571
119,thin-seam,ABL-ET2X-R-PreviousRawEdge-CatmullRomRGB-Fixed080-EncodedGamma2Blend,1.2076822519302368,40.14119954168371,1.9160436391830444,1.9351714849472046
119,leaves,O-T2X-R,3.5074055194854736,31.961645277725495,7.871710300445557,11.42495346069336
119,leaves,ABL-ET2X-R-PreviousRawEdge-CatmullRomRGB-Fixed080,3.4473795890808105,31.908843919790378,7.985867977142334,10.122278213500977
119,leaves,ABL-ET2X-R-PreviousRawEdge-CatmullRomRGB-Fixed080-EncodedGamma2Blend,3.4427733421325684,31.93671431705926,7.98485803604126,10.123756408691406
119,grass-seam,O-T2X-R,2.1095376014709473,36.883979502657404,4.321556568145752,5.723989009857178
119,grass-seam,ABL-ET2X-R-PreviousRawEdge-CatmullRomRGB-Fixed080,2.0276567935943604,36.71563026794263,4.550700664520264,5.311152458190918
119,grass-seam,ABL-ET2X-R-PreviousRawEdge-CatmullRomRGB-Fixed080-EncodedGamma2Blend,2.0253570079803467,36.739717777424,4.552554607391357,5.31392765045166
120,seams,O-T2X-R,1.6465657949447632,36.12563936657055,1.8909410238265991,2.870053768157959
120,seams,ABL-ET2X-R-PreviousRawEdge-CatmullRomRGB-Fixed080,1.3796550035476685,37.1712253666887,1.6458896398544312,1.9325958490371704
120,seams,ABL-ET2X-R-PreviousRawEdge-CatmullRomRGB-Fixed080-EncodedGamma2Blend,1.3749511241912842,37.24166555678967,1.6516010761260986,1.9396941661834717
120,thin-seam,O-T2X-R,1.61572265625,38.48278008053143,2.354562997817993,3.4203503131866455
120,thin-seam,ABL-ET2X-R-PreviousRawEdge-CatmullRomRGB-Fixed080,1.2803276777267456,38.12503466393761,1.8795357942581177,1.9806393384933472
120,thin-seam,ABL-ET2X-R-PreviousRawEdge-CatmullRomRGB-Fixed080-EncodedGamma2Blend,1.2710503339767456,38.214592147155464,1.8882228136062622,1.992651343345642
120,leaves,O-T2X-R,3.1822428703308105,32.66007255564726,8.079656600952148,10.25849437713623
120,leaves,ABL-ET2X-R-PreviousRawEdge-CatmullRomRGB-Fixed080,3.442822217941284,32.01451588325478,8.063885688781738,10.163025856018066
120,leaves,ABL-ET2X-R-PreviousRawEdge-CatmullRomRGB-Fixed080-EncodedGamma2Blend,3.4386394023895264,32.03563778832718,8.063807487487793,10.163068771362305
120,grass-seam,O-T2X-R,1.947954535484314,37.39489343587643,4.4514079093933105,4.94135856628418
120,grass-seam,ABL-ET2X-R-PreviousRawEdge-CatmullRomRGB-Fixed080,2.0097434520721436,36.846919532986234,4.6223530769348145,5.1943840980529785
120,grass-seam,ABL-ET2X-R-PreviousRawEdge-CatmullRomRGB-Fixed080-EncodedGamma2Blend,2.00962233543396,36.859336029891274,4.623935222625732,5.200369834899902
121,seams,O-T2X-R,1.6325032711029053,36.035971827590714,1.6213356256484985,1.560543179512024
121,seams,ABL-ET2X-R-PreviousRawEdge-CatmullRomRGB-Fixed080,1.3823893070220947,37.187327587233085,1.611901044845581,1.5516016483306885
121,seams,ABL-ET2X-R-PreviousRawEdge-CatmullRomRGB-Fixed080-EncodedGamma2Blend,1.378808617591858,37.25669633980195,1.6181042194366455,1.557739019393921
121,thin-seam,O-T2X-R,1.62255859375,36.80353373678759,1.929085373878479,1.7385082244873047
121,thin-seam,ABL-ET2X-R-PreviousRawEdge-CatmullRomRGB-Fixed080,1.3816732168197632,37.84740288927248,1.928270697593689,1.819903016090393
121,thin-seam,ABL-ET2X-R-PreviousRawEdge-CatmullRomRGB-Fixed080-EncodedGamma2Blend,1.3744574785232544,37.93933402700162,1.9370418787002563,1.8300424814224243
121,leaves,O-T2X-R,3.4832193851470947,32.13400353015757,7.898140907287598,11.44670295715332
121,leaves,ABL-ET2X-R-PreviousRawEdge-CatmullRomRGB-Fixed080,3.4033203125,32.14709189565408,8.086685180664062,10.286312103271484
121,leaves,ABL-ET2X-R-PreviousRawEdge-CatmullRomRGB-Fixed080-EncodedGamma2Blend,3.3998210430145264,32.16783840444964,8.087454795837402,10.287101745605469
121,grass-seam,O-T2X-R,2.0649964809417725,37.11639787926293,4.218774795532227,5.570306777954102
121,grass-seam,ABL-ET2X-R-PreviousRawEdge-CatmullRomRGB-Fixed080,1.967985987663269,37.09636475898997,4.441774845123291,5.1573309898376465
121,grass-seam,ABL-ET2X-R-PreviousRawEdge-CatmullRomRGB-Fixed080-EncodedGamma2Blend,1.9674413204193115,37.10974460386208,4.441709995269775,5.158968448638916
122,seams,O-T2X-R,1.6356770992279053,36.349928151284196,1.9155476093292236,2.647122859954834
122,seams,ABL-ET2X-R-PreviousRawEdge-CatmullRomRGB-Fixed080,1.4784505367279053,36.640547964749445,1.5878897905349731,1.6676241159439087
122,seams,ABL-ET2X-R-PreviousRawEdge-CatmullRomRGB-Fixed080-EncodedGamma2Blend,1.4739583730697632,36.68987790129655,1.592349886894226,1.6739240884780884
122,thin-seam,O-T2X-R,1.7542318105697632,36.44646307586673,2.299891710281372,3.099109649658203
122,thin-seam,ABL-ET2X-R-PreviousRawEdge-CatmullRomRGB-Fixed080,1.3323025703430176,37.933498685120114,1.7168394327163696,1.8629871606826782
122,thin-seam,ABL-ET2X-R-PreviousRawEdge-CatmullRomRGB-Fixed080-EncodedGamma2Blend,1.32763671875,38.01651353604628,1.7226320505142212,1.8706616163253784
122,leaves,O-T2X-R,3.1963703632354736,32.640988424298286,8.105177879333496,10.260296821594238
122,leaves,ABL-ET2X-R-PreviousRawEdge-CatmullRomRGB-Fixed080,3.358593702316284,32.17059508583779,8.110687255859375,10.38239860534668
122,leaves,ABL-ET2X-R-PreviousRawEdge-CatmullRomRGB-Fixed080-EncodedGamma2Blend,3.3548176288604736,32.19517763390383,8.111230850219727,10.383056640625
122,grass-seam,O-T2X-R,1.9935245513916016,37.15537915279484,4.4721879959106445,4.978673934936523
122,grass-seam,ABL-ET2X-R-PreviousRawEdge-CatmullRomRGB-Fixed080,2.028080463409424,36.59462892366203,4.5064473152160645,5.212520599365234
122,grass-seam,ABL-ET2X-R-PreviousRawEdge-CatmullRomRGB-Fixed080-EncodedGamma2Blend,2.0272936820983887,36.61039723223856,4.506865501403809,5.213209629058838
123,seams,O-T2X-R,1.5590331554412842,36.777235482142565,1.7562650442123413,1.591843605041504
123,seams,ABL-ET2X-R-PreviousRawEdge-CatmullRomRGB-Fixed080,1.3648600578308105,36.99001626138011,1.6089426279067993,1.6520382165908813
123,seams,ABL-ET2X-R-PreviousRawEdge-CatmullRomRGB-Fixed080-EncodedGamma2Blend,1.361083984375,37.05272733232665,1.6118009090423584,1.655609369277954
123,thin-seam,O-T2X-R,1.7341580390930176,35.53538010474894,2.0458643436431885,1.965382695198059
123,thin-seam,ABL-ET2X-R-PreviousRawEdge-CatmullRomRGB-Fixed080,1.2569986581802368,38.534133589713534,1.6945934295654297,1.6603401899337769
123,thin-seam,ABL-ET2X-R-PreviousRawEdge-CatmullRomRGB-Fixed080-EncodedGamma2Blend,1.2507596015930176,38.62064732141173,1.6986875534057617,1.664894461631775
123,leaves,O-T2X-R,3.456803321838379,32.02437179305246,7.830669403076172,11.3118896484375
123,leaves,ABL-ET2X-R-PreviousRawEdge-CatmullRomRGB-Fixed080,3.360563039779663,32.18422237650182,8.056234359741211,10.348462104797363
123,leaves,ABL-ET2X-R-PreviousRawEdge-CatmullRomRGB-Fixed080-EncodedGamma2Blend,3.3563313484191895,32.20773645962327,8.056120872497559,10.350260734558105
123,grass-seam,O-T2X-R,2.0740134716033936,36.896087068134726,4.208495140075684,5.566802501678467
123,grass-seam,ABL-ET2X-R-PreviousRawEdge-CatmullRomRGB-Fixed080,2.05434513092041,36.73157842234607,4.53097677230835,5.344518184661865
123,grass-seam,ABL-ET2X-R-PreviousRawEdge-CatmullRomRGB-Fixed080-EncodedGamma2Blend,2.0523481369018555,36.74792964873064,4.5319504737854,5.347024440765381
124,seams,O-T2X-R,1.5419270992279053,37.52902820386363,1.8782002925872803,2.799398899078369
124,seams,ABL-ET2X-R-PreviousRawEdge-CatmullRomRGB-Fixed080,1.3674153089523315,37.32427800936679,1.5413357019424438,1.5814580917358398
124,seams,ABL-ET2X-R-PreviousRawEdge-CatmullRomRGB-Fixed080-EncodedGamma2Blend,1.362158179283142,37.39324425285311,1.5454851388931274,1.5825023651123047
124,thin-seam,O-T2X-R,1.736328125,35.65941750647909,2.190580129623413,3.2675092220306396
124,thin-seam,ABL-ET2X-R-PreviousRawEdge-CatmullRomRGB-Fixed080,1.3738607168197632,37.74366978891667,1.8485374450683594,1.6970340013504028
124,thin-seam,ABL-ET2X-R-PreviousRawEdge-CatmullRomRGB-Fixed080-EncodedGamma2Blend,1.3684896230697632,37.81992027752682,1.8539224863052368,1.7000670433044434
124,leaves,O-T2X-R,3.172119140625,32.73417314939459,8.00212287902832,10.060454368591309
124,leaves,ABL-ET2X-R-PreviousRawEdge-CatmullRomRGB-Fixed080,3.3626301288604736,32.219164480366324,7.949322700500488,10.093841552734375
124,leaves,ABL-ET2X-R-PreviousRawEdge-CatmullRomRGB-Fixed080-EncodedGamma2Blend,3.357177734375,32.24948951243668,7.948365688323975,10.099015235900879
124,grass-seam,O-T2X-R,1.9207818508148193,37.473856637378766,4.527709484100342,4.94029426574707
124,grass-seam,ABL-ET2X-R-PreviousRawEdge-CatmullRomRGB-Fixed080,2.0407891273498535,36.693657629042335,4.4793477058410645,5.242459297180176
124,grass-seam,ABL-ET2X-R-PreviousRawEdge-CatmullRomRGB-Fixed080-EncodedGamma2Blend,2.0401840209960938,36.71526999130834,4.479466438293457,5.247743129730225
125,seams,O-T2X-R,1.655175805091858,35.678891180209604,1.7237021923065186,1.5549952983856201
125,seams,ABL-ET2X-R-PreviousRawEdge-CatmullRomRGB-Fixed080,1.4760253429412842,35.49314475002354,1.6038192510604858,1.6007709503173828
125,seams,ABL-ET2X-R-PreviousRawEdge-CatmullRomRGB-Fixed080-EncodedGamma2Blend,1.4712239503860474,35.52888587388405,1.607222318649292,1.6055572032928467
125,thin-seam,O-T2X-R,1.3861219882965088,39.27881048915792,2.012118339538574,1.818294644355774
125,thin-seam,ABL-ET2X-R-PreviousRawEdge-CatmullRomRGB-Fixed080,1.3289930820465088,37.202382198446465,1.7986173629760742,1.9012870788574219
125,thin-seam,ABL-ET2X-R-PreviousRawEdge-CatmullRomRGB-Fixed080-EncodedGamma2Blend,1.3222113847732544,37.27260488858845,1.803418755531311,1.9058688879013062
125,leaves,O-T2X-R,3.439257860183716,32.043336013297335,7.658705711364746,10.972448348999023
125,leaves,ABL-ET2X-R-PreviousRawEdge-CatmullRomRGB-Fixed080,3.399218797683716,32.12366909942813,7.823219299316406,9.88973617553711
125,leaves,ABL-ET2X-R-PreviousRawEdge-CatmullRomRGB-Fixed080-EncodedGamma2Blend,3.393587350845337,32.157265813391476,7.82367467880249,9.890771865844727
125,grass-seam,O-T2X-R,2.0948922634124756,36.629681824908985,4.268077373504639,5.6650872230529785
125,grass-seam,ABL-ET2X-R-PreviousRawEdge-CatmullRomRGB-Fixed080,2.06396746635437,36.40339890620237,4.419584274291992,5.046708106994629
125,grass-seam,ABL-ET2X-R-PreviousRawEdge-CatmullRomRGB-Fixed080-EncodedGamma2Blend,2.062091588973999,36.42739086290279,4.419249057769775,5.046509742736816
126,seams,O-T2X-R,1.7729980945587158,35.12360444812707,1.833618402481079,2.752124786376953
126,seams,ABL-ET2X-R-PreviousRawEdge-CatmullRomRGB-Fixed080,1.3544921875,37.469243482398674,1.6693397760391235,1.6894986629486084
126,seams,ABL-ET2X-R-PreviousRawEdge-CatmullRomRGB-Fixed080-EncodedGamma2Blend,1.348388671875,37.557039107975385,1.6722166538238525,1.6907936334609985
126,thin-seam,O-T2X-R,1.6671549081802368,36.477766976114914,2.0567827224731445,3.035916328430176
126,thin-seam,ABL-ET2X-R-PreviousRawEdge-CatmullRomRGB-Fixed080,1.3326822519302368,37.86029077442714,1.8693193197250366,1.9267505407333374
126,thin-seam,ABL-ET2X-R-PreviousRawEdge-CatmullRomRGB-Fixed080-EncodedGamma2Blend,1.3235677480697632,37.98739622703738,1.8746646642684937,1.932551383972168
126,leaves,O-T2X-R,3.043994188308716,33.11686975829296,7.858911991119385,9.897677421569824
126,leaves,ABL-ET2X-R-PreviousRawEdge-CatmullRomRGB-Fixed080,3.3682618141174316,32.12028440628559,7.854968070983887,9.817769050598145
126,leaves,ABL-ET2X-R-PreviousRawEdge-CatmullRomRGB-Fixed080-EncodedGamma2Blend,3.3626301288604736,32.150704068906364,7.855776309967041,9.817377090454102
126,grass-seam,O-T2X-R,1.964536428451538,37.633482588041566,4.418237686157227,4.808922290802002
126,grass-seam,ABL-ET2X-R-PreviousRawEdge-CatmullRomRGB-Fixed080,2.0551319122314453,36.41053841046898,4.406983852386475,4.876433849334717
126,grass-seam,ABL-ET2X-R-PreviousRawEdge-CatmullRomRGB-Fixed080-EncodedGamma2Blend,2.053618907928467,36.432116407014156,4.408524513244629,4.876709938049316
127,seams,O-T2X-R,1.4762694835662842,37.898145064949574,1.743826150894165,1.5881097316741943
127,seams,ABL-ET2X-R-PreviousRawEdge-CatmullRomRGB-Fixed080,1.3144205808639526,38.48460487182699,1.6048977375030518,1.6578699350357056
127,seams,ABL-ET2X-R-PreviousRawEdge-CatmullRomRGB-Fixed080-EncodedGamma2Blend,1.3069336414337158,38.59866361624761,1.6087923049926758,1.6592251062393188
127,thin-seam,O-T2X-R,1.4779731035232544,38.01460901338792,2.0116450786590576,1.7060641050338745
127,thin-seam,ABL-ET2X-R-PreviousRawEdge-CatmullRomRGB-Fixed080,1.1673177480697632,39.037966976169,1.8807166814804077,1.8020013570785522
127,thin-seam,ABL-ET2X-R-PreviousRawEdge-CatmullRomRGB-Fixed080-EncodedGamma2Blend,1.1560872793197632,39.22913039740795,1.8875150680541992,1.803423523902893
127,leaves,O-T2X-R,3.4224772453308105,32.191954963350724,7.904928684234619,11.396443367004395
127,leaves,ABL-ET2X-R-PreviousRawEdge-CatmullRomRGB-Fixed080,3.307666063308716,32.356096954520915,7.938541412353516,10.01191520690918
127,leaves,ABL-ET2X-R-PreviousRawEdge-CatmullRomRGB-Fixed080-EncodedGamma2Blend,3.3023438453674316,32.38910394111943,7.941781044006348,10.014886856079102
127,grass-seam,O-T2X-R,2.171386957168579,36.461973442153585,4.242923736572266,5.485631465911865
127,grass-seam,ABL-ET2X-R-PreviousRawEdge-CatmullRomRGB-Fixed080,2.0564029216766357,36.417955451499374,4.442103385925293,5.013152122497559
127,grass-seam,ABL-ET2X-R-PreviousRawEdge-CatmullRomRGB-Fixed080-EncodedGamma2Blend,2.0544662475585938,36.440941567258854,4.445042133331299,5.0176873207092285
128,seams,O-T2X-R,1.504638671875,36.842661115934604,1.798879861831665,2.6751723289489746
128,seams,ABL-ET2X-R-PreviousRawEdge-CatmullRomRGB-Fixed080,1.3683593273162842,36.15110084523398,1.5970784425735474,1.6617553234100342
128,seams,ABL-ET2X-R-PreviousRawEdge-CatmullRomRGB-Fixed080-EncodedGamma2Blend,1.36328125,36.21823898938719,1.6012516021728516,1.6652227640151978
128,thin-seam,O-T2X-R,1.5536566972732544,37.78494474238217,2.124272346496582,3.15571665763855
128,thin-seam,ABL-ET2X-R-PreviousRawEdge-CatmullRomRGB-Fixed080,1.1979708671569824,38.52370075403848,1.7419229745864868,1.7890061140060425
128,thin-seam,ABL-ET2X-R-PreviousRawEdge-CatmullRomRGB-Fixed080-EncodedGamma2Blend,1.1864691972732544,38.70289393926414,1.7485405206680298,1.7934876680374146
128,leaves,O-T2X-R,3.1214680671691895,32.872060667968995,8.05672836303711,10.379654884338379
128,leaves,ABL-ET2X-R-PreviousRawEdge-CatmullRomRGB-Fixed080,3.310839891433716,32.26723141189539,8.041498184204102,10.1878023147583
128,leaves,ABL-ET2X-R-PreviousRawEdge-CatmullRomRGB-Fixed080-EncodedGamma2Blend,3.3050129413604736,32.301880421176435,8.043959617614746,10.191010475158691
128,grass-seam,O-T2X-R,2.0089566707611084,37.285183458036954,4.383337497711182,4.768488883972168
128,grass-seam,ABL-ET2X-R-PreviousRawEdge-CatmullRomRGB-Fixed080,2.050290584564209,36.43216962665505,4.487023830413818,5.067595481872559
128,grass-seam,ABL-ET2X-R-PreviousRawEdge-CatmullRomRGB-Fixed080-EncodedGamma2Blend,2.0476276874542236,36.45587479369616,4.489207744598389,5.073053359985352
129,seams,O-T2X-R,1.5722005367279053,36.57017309908801,1.7854321002960205,1.498904824256897
129,seams,ABL-ET2X-R-PreviousRawEdge-CatmullRomRGB-Fixed080,1.3314615488052368,37.84298840149366,1.6444110870361328,1.5680782794952393
129,seams,ABL-ET2X-R-PreviousRawEdge-CatmullRomRGB-Fixed080-EncodedGamma2Blend,1.327783226966858,37.937537519118855,1.6481479406356812,1.5694044828414917
129,thin-seam,O-T2X-R,1.7363823652267456,35.788242157800866,2.174590826034546,1.6232481002807617
129,thin-seam,ABL-ET2X-R-PreviousRawEdge-CatmullRomRGB-Fixed080,1.1330838203430176,39.290242523845315,1.835736632347107,1.7062759399414062
129,thin-seam,ABL-ET2X-R-PreviousRawEdge-CatmullRomRGB-Fixed080-EncodedGamma2Blend,1.1244574785232544,39.469058837729335,1.842806339263916,1.7110286951065063
129,leaves,O-T2X-R,3.3651692867279053,32.28141741649593,7.696768283843994,11.283381462097168
129,leaves,ABL-ET2X-R-PreviousRawEdge-CatmullRomRGB-Fixed080,3.3438963890075684,32.1677880397096,7.9389190673828125,10.254161834716797
129,leaves,ABL-ET2X-R-PreviousRawEdge-CatmullRomRGB-Fixed080-EncodedGamma2Blend,3.3370769023895264,32.202947962509654,7.940286159515381,10.251360893249512
129,grass-seam,O-T2X-R,1.990801215171814,37.43953825126146,4.126631736755371,5.4793782234191895
129,grass-seam,ABL-ET2X-R-PreviousRawEdge-CatmullRomRGB-Fixed080,2.057431697845459,36.301656854597624,4.423533916473389,5.005558013916016
129,grass-seam,ABL-ET2X-R-PreviousRawEdge-CatmullRomRGB-Fixed080-EncodedGamma2Blend,2.0558581352233887,36.32986347199275,4.4246931076049805,5.0103302001953125
130,seams,O-T2X-R,1.549707055091858,37.296808570046494,1.9568392038345337,2.9627530574798584
130,seams,ABL-ET2X-R-PreviousRawEdge-CatmullRomRGB-Fixed080,1.4216634035110474,37.84872077544189,1.6435390710830688,1.6856285333633423
130,seams,ABL-ET2X-R-PreviousRawEdge-CatmullRomRGB-Fixed080-EncodedGamma2Blend,1.4183268547058105,37.91862780449446,1.6471439599990845,1.6883316040039062
130,thin-seam,O-T2X-R,1.6342231035232544,38.20092158681647,2.432396650314331,3.5377092361450195
130,thin-seam,ABL-ET2X-R-PreviousRawEdge-CatmullRomRGB-Fixed080,1.3649088144302368,38.4567193600732,1.8803688287734985,1.753865361213684
130,thin-seam,ABL-ET2X-R-PreviousRawEdge-CatmullRomRGB-Fixed080-EncodedGamma2Blend,1.3580186367034912,38.57162938285518,1.887319564819336,1.7591418027877808
130,leaves,O-T2X-R,3.0663411617279053,33.032515235990736,7.864477634429932,10.020315170288086
130,leaves,ABL-ET2X-R-PreviousRawEdge-CatmullRomRGB-Fixed080,3.3248698711395264,32.217620976526476,7.893791198730469,10.25397777557373
130,leaves,ABL-ET2X-R-PreviousRawEdge-CatmullRomRGB-Fixed080-EncodedGamma2Blend,3.317919969558716,32.25222748975064,7.895948886871338,10.255563735961914
130,grass-seam,O-T2X-R,1.931312084197998,37.83273795868745,4.467247009277344,4.746082305908203
130,grass-seam,ABL-ET2X-R-PreviousRawEdge-CatmullRomRGB-Fixed080,2.067840814590454,36.23483496928491,4.480113506317139,5.039479732513428
130,grass-seam,ABL-ET2X-R-PreviousRawEdge-CatmullRomRGB-Fixed080-EncodedGamma2Blend,2.0652990341186523,36.27250137015119,4.4796576499938965,5.041728496551514
131,seams,O-T2X-R,1.6752440929412842,35.226156872733505,1.7873270511627197,1.6120678186416626
131,seams,ABL-ET2X-R-PreviousRawEdge-CatmullRomRGB-Fixed080,1.4400715827941895,36.08890595248096,1.6709129810333252,1.75214421749115
131,seams,ABL-ET2X-R-PreviousRawEdge-CatmullRomRGB-Fixed080-EncodedGamma2Blend,1.4367512464523315,36.12534077395122,1.6741691827774048,1.755431890487671
131,thin-seam,O-T2X-R,1.5330946445465088,37.53913668080928,2.238879680633545,2.0432779788970947
131,thin-seam,ABL-ET2X-R-PreviousRawEdge-CatmullRomRGB-Fixed080,1.3952908515930176,37.7631755976483,1.981247067451477,2.054286241531372
131,thin-seam,ABL-ET2X-R-PreviousRawEdge-CatmullRomRGB-Fixed080-EncodedGamma2Blend,1.3890516757965088,37.837173001930765,1.987087368965149,2.0612847805023193
131,leaves,O-T2X-R,3.383268117904663,32.28446617661441,7.676830291748047,11.108173370361328
131,leaves,ABL-ET2X-R-PreviousRawEdge-CatmullRomRGB-Fixed080,3.3390135765075684,32.13749104518405,7.8415093421936035,10.189300537109375
131,leaves,ABL-ET2X-R-PreviousRawEdge-CatmullRomRGB-Fixed080-EncodedGamma2Blend,3.3321776390075684,32.17277992578748,7.842904567718506,10.191178321838379
131,grass-seam,O-T2X-R,2.141188621520996,36.56328121567228,4.266071319580078,5.462690830230713
131,grass-seam,ABL-ET2X-R-PreviousRawEdge-CatmullRomRGB-Fixed080,2.070866584777832,36.320325604722555,4.536465644836426,5.240995407104492
131,grass-seam,ABL-ET2X-R-PreviousRawEdge-CatmullRomRGB-Fixed080-EncodedGamma2Blend,2.0691115856170654,36.35003177123541,4.538262367248535,5.2451348304748535
132,seams,O-T2X-R,1.7177083492279053,35.45732162399268,1.9397108554840088,2.822856903076172
132,seams,ABL-ET2X-R-PreviousRawEdge-CatmullRomRGB-Fixed080,1.3309407234191895,38.490260213535784,1.7278671264648438,1.8522897958755493
132,seams,ABL-ET2X-R-PreviousRawEdge-CatmullRomRGB-Fixed080-EncodedGamma2Blend,1.3279459476470947,38.564434885708955,1.7310245037078857,1.8537700176239014
132,thin-seam,O-T2X-R,1.7531466484069824,35.854458226313255,2.302020311355591,3.441650390625
132,thin-seam,ABL-ET2X-R-PreviousRawEdge-CatmullRomRGB-Fixed080,1.2704535722732544,39.79562933288352,2.0519535541534424,2.1544854640960693
132,thin-seam,ABL-ET2X-R-PreviousRawEdge-CatmullRomRGB-Fixed080-EncodedGamma2Blend,1.2675238847732544,39.873623097535244,2.056708335876465,2.1577765941619873
132,leaves,O-T2X-R,3.0845704078674316,32.88005190265321,7.758145809173584,9.978002548217773
132,leaves,ABL-ET2X-R-PreviousRawEdge-CatmullRomRGB-Fixed080,3.3702635765075684,32.04386012874837,7.858381748199463,10.158080101013184
132,leaves,ABL-ET2X-R-PreviousRawEdge-CatmullRomRGB-Fixed080-EncodedGamma2Blend,3.3643391132354736,32.07205470831738,7.858750343322754,10.159143447875977
132,grass-seam,O-T2X-R,1.9012950658798218,37.73778601800671,4.301008224487305,4.723005294799805
132,grass-seam,ABL-ET2X-R-PreviousRawEdge-CatmullRomRGB-Fixed080,2.01180100440979,36.699797364380366,4.51008415222168,5.205968379974365
132,grass-seam,ABL-ET2X-R-PreviousRawEdge-CatmullRomRGB-Fixed080-EncodedGamma2Blend,2.009864330291748,36.73304524482706,4.512703895568848,5.210313320159912
133,seams,O-T2X-R,1.5562174320220947,36.95676346990138,1.8018443584442139,1.4803540706634521
133,seams,ABL-ET2X-R-PreviousRawEdge-CatmullRomRGB-Fixed080,1.4242349863052368,37.51302685970408,1.7509628534317017,1.6719048023223877
133,seams,ABL-ET2X-R-PreviousRawEdge-CatmullRomRGB-Fixed080-EncodedGamma2Blend,1.4227864742279053,37.56077549910451,1.7537643909454346,1.6738245487213135
133,thin-seam,O-T2X-R,1.6183267831802368,36.915140201531614,1.9061952829360962,1.6952131986618042
133,thin-seam,ABL-ET2X-R-PreviousRawEdge-CatmullRomRGB-Fixed080,1.5475802421569824,36.55962879909549,1.9911078214645386,2.07255482673645
133,thin-seam,ABL-ET2X-R-PreviousRawEdge-CatmullRomRGB-Fixed080-EncodedGamma2Blend,1.5460611581802368,36.59022494369121,1.9980734586715698,2.077601909637451
133,leaves,O-T2X-R,3.3746094703674316,32.21417671643047,7.611361503601074,10.941510200500488
133,leaves,ABL-ET2X-R-PreviousRawEdge-CatmullRomRGB-Fixed080,3.346695899963379,32.09193643866242,7.87149715423584,10.11737060546875
133,leaves,ABL-ET2X-R-PreviousRawEdge-CatmullRomRGB-Fixed080-EncodedGamma2Blend,3.3414549827575684,32.116607425641945,7.87290096282959,10.11723518371582
133,grass-seam,O-T2X-R,2.04472279548645,36.834499714508226,4.24057674407959,5.593770503997803
133,grass-seam,ABL-ET2X-R-PreviousRawEdge-CatmullRomRGB-Fixed080,1.9346405267715454,37.122519856345676,4.371747016906738,5.107113361358643
133,grass-seam,ABL-ET2X-R-PreviousRawEdge-CatmullRomRGB-Fixed080-EncodedGamma2Blend,1.9334906339645386,37.15495931398481,4.371743202209473,5.107678413391113
134,seams,O-T2X-R,1.5741536617279053,37.54568846549684,1.9174554347991943,2.9298627376556396
134,seams,ABL-ET2X-R-PreviousRawEdge-CatmullRomRGB-Fixed080,1.4049967527389526,36.78592918681173,1.6717665195465088,1.9432728290557861
134,seams,ABL-ET2X-R-PreviousRawEdge-CatmullRomRGB-Fixed080-EncodedGamma2Blend,1.4014160633087158,36.84220918339979,1.6744554042816162,1.9463560581207275
134,thin-seam,O-T2X-R,1.6654188632965088,37.35845365599331,2.1320128440856934,3.0894734859466553
134,thin-seam,ABL-ET2X-R-PreviousRawEdge-CatmullRomRGB-Fixed080,1.3905707597732544,37.76215810302234,1.914491057395935,2.177257537841797
134,thin-seam,ABL-ET2X-R-PreviousRawEdge-CatmullRomRGB-Fixed080-EncodedGamma2Blend,1.3875325918197632,37.82758201228171,1.9185906648635864,2.183743476867676
134,leaves,O-T2X-R,3.033675193786621,33.08769483839018,7.839134216308594,9.83632755279541
134,leaves,ABL-ET2X-R-PreviousRawEdge-CatmullRomRGB-Fixed080,3.321272850036621,32.136800902389865,7.9971160888671875,10.107864379882812
134,leaves,ABL-ET2X-R-PreviousRawEdge-CatmullRomRGB-Fixed080-EncodedGamma2Blend,3.3162598609924316,32.15989806559432,7.999458312988281,10.109245300292969
134,grass-seam,O-T2X-R,1.9652626514434814,37.35074650258764,4.386904716491699,4.8231306076049805
134,grass-seam,ABL-ET2X-R-PreviousRawEdge-CatmullRomRGB-Fixed080,1.941055417060852,37.03726277198094,4.494782447814941,5.02071475982666
134,grass-seam,ABL-ET2X-R-PreviousRawEdge-CatmullRomRGB-Fixed080-EncodedGamma2Blend,1.939542531967163,37.06495462775055,4.4965434074401855,5.023565769195557
135,seams,O-T2X-R,1.5777018070220947,36.96732728572115,1.7546989917755127,1.6092647314071655
135,seams,ABL-ET2X-R-PreviousRawEdge-CatmullRomRGB-Fixed080,1.427636742591858,38.09190296363838,1.7976529598236084,1.849517822265625
135,seams,ABL-ET2X-R-PreviousRawEdge-CatmullRomRGB-Fixed080-EncodedGamma2Blend,1.4227864742279053,38.163982889317026,1.803253173828125,1.8543742895126343
135,thin-seam,O-T2X-R,1.7739800214767456,35.76865339804294,2.205026865005493,1.6593437194824219
135,thin-seam,ABL-ET2X-R-PreviousRawEdge-CatmullRomRGB-Fixed080,1.5412869453430176,36.940216638857194,2.0597689151763916,2.079103469848633
135,thin-seam,ABL-ET2X-R-PreviousRawEdge-CatmullRomRGB-Fixed080-EncodedGamma2Blend,1.5361328125,37.00742193316348,2.0708835124969482,2.0889952182769775
135,leaves,O-T2X-R,3.3160970211029053,32.43850326827062,7.736297607421875,10.94578742980957
135,leaves,ABL-ET2X-R-PreviousRawEdge-CatmullRomRGB-Fixed080,3.3172037601470947,32.11834531459634,8.031632423400879,10.153604507446289
135,leaves,ABL-ET2X-R-PreviousRawEdge-CatmullRomRGB-Fixed080-EncodedGamma2Blend,3.3113770484924316,32.1430107141566,8.03366756439209,10.157835006713867
135,grass-seam,O-T2X-R,2.00465989112854,37.55159041731671,4.240262031555176,5.355966091156006
135,grass-seam,ABL-ET2X-R-PreviousRawEdge-CatmullRomRGB-Fixed080,1.9665940999984741,36.77183186760261,4.588361740112305,5.103058815002441
135,grass-seam,ABL-ET2X-R-PreviousRawEdge-CatmullRomRGB-Fixed080-EncodedGamma2Blend,1.9648995399475098,36.802230194498705,4.588808536529541,5.105281352996826
136,seams,O-T2X-R,1.691308617591858,35.40172581036639,1.8974319696426392,2.813737154006958
136,seams,ABL-ET2X-R-PreviousRawEdge-CatmullRomRGB-Fixed080,1.546142578125,36.77158713808838,1.7351573705673218,1.7196966409683228
136,seams,ABL-ET2X-R-PreviousRawEdge-CatmullRomRGB-Fixed080-EncodedGamma2Blend,1.5423014163970947,36.834472058140875,1.7373631000518799,1.7233283519744873
136,thin-seam,O-T2X-R,1.6876084804534912,36.79831216173088,2.3687667846679688,3.614987373352051
136,thin-seam,ABL-ET2X-R-PreviousRawEdge-CatmullRomRGB-Fixed080,1.66015625,35.78364197017037,1.9369767904281616,2.0503101348876953
136,thin-seam,ABL-ET2X-R-PreviousRawEdge-CatmullRomRGB-Fixed080-EncodedGamma2Blend,1.6550564765930176,35.847209790768,1.941744327545166,2.0591671466827393
136,leaves,O-T2X-R,3.0706543922424316,32.99517501123558,7.860363960266113,9.992561340332031
136,leaves,ABL-ET2X-R-PreviousRawEdge-CatmullRomRGB-Fixed080,3.273470163345337,32.27608228235797,8.014017105102539,10.192015647888184
136,leaves,ABL-ET2X-R-PreviousRawEdge-CatmullRomRGB-Fixed080-EncodedGamma2Blend,3.2699055671691895,32.29799460312363,8.019294738769531,10.196966171264648
136,grass-seam,O-T2X-R,1.8389010429382324,38.04868924613285,4.443586349487305,4.715780735015869
136,grass-seam,ABL-ET2X-R-PreviousRawEdge-CatmullRomRGB-Fixed080,1.9107964038848877,37.266791553533544,4.432785987854004,5.074505805969238
136,grass-seam,ABL-ET2X-R-PreviousRawEdge-CatmullRomRGB-Fixed080-EncodedGamma2Blend,1.9094650745391846,37.2970977510205,4.434125900268555,5.075335502624512
137,seams,O-T2X-R,1.5398437976837158,36.80789595847371,1.7278430461883545,1.6236499547958374
137,seams,ABL-ET2X-R-PreviousRawEdge-CatmullRomRGB-Fixed080,1.44921875,36.59439136158818,1.6358451843261719,1.7750279903411865
137,seams,ABL-ET2X-R-PreviousRawEdge-CatmullRomRGB-Fixed080-EncodedGamma2Blend,1.4433268308639526,36.649092771394855,1.638427734375,1.7773044109344482
137,thin-seam,O-T2X-R,1.6559244394302368,36.618592511043154,1.9364696741104126,1.7565540075302124
137,thin-seam,ABL-ET2X-R-PreviousRawEdge-CatmullRomRGB-Fixed080,1.4571939706802368,37.0607033515774,1.8733564615249634,2.033207654953003
137,thin-seam,ABL-ET2X-R-PreviousRawEdge-CatmullRomRGB-Fixed080-EncodedGamma2Blend,1.4484591484069824,37.12155161776755,1.8775571584701538,2.039149045944214
137,leaves,O-T2X-R,3.2784993648529053,32.41888220976137,7.624056339263916,10.756464004516602
137,leaves,ABL-ET2X-R-PreviousRawEdge-CatmullRomRGB-Fixed080,3.249772071838379,32.40538877872454,7.934640407562256,10.043783187866211
137,leaves,ABL-ET2X-R-PreviousRawEdge-CatmullRomRGB-Fixed080-EncodedGamma2Blend,3.2466633319854736,32.42678254579068,7.937140464782715,10.051290512084961
137,grass-seam,O-T2X-R,1.9814209938049316,37.155169393737644,4.265661716461182,5.36332368850708
137,grass-seam,ABL-ET2X-R-PreviousRawEdge-CatmullRomRGB-Fixed080,1.8647421598434448,37.563844422876784,4.425993919372559,4.957550048828125
137,grass-seam,ABL-ET2X-R-PreviousRawEdge-CatmullRomRGB-Fixed080-EncodedGamma2Blend,1.8640764951705933,37.58950042932714,4.427365779876709,4.956744194030762
138,seams,O-T2X-R,1.7756510972976685,34.61838210117976,1.9547134637832642,2.8986377716064453
138,seams,ABL-ET2X-R-PreviousRawEdge-CatmullRomRGB-Fixed080,1.4602864980697632,37.511144754474394,1.7423585653305054,1.7870619297027588
138,seams,ABL-ET2X-R-PreviousRawEdge-CatmullRomRGB-Fixed080-EncodedGamma2Blend,1.454931616783142,37.60756364376694,1.7480192184448242,1.791400671005249
138,thin-seam,O-T2X-R,1.8476020097732544,35.60601044535665,2.364335536956787,3.351416826248169
138,thin-seam,ABL-ET2X-R-PreviousRawEdge-CatmullRomRGB-Fixed080,1.4564344882965088,37.08434046496323,1.9546314477920532,1.8628572225570679
138,thin-seam,ABL-ET2X-R-PreviousRawEdge-CatmullRomRGB-Fixed080-EncodedGamma2Blend,1.4462348222732544,37.21856632818452,1.9659196138381958,1.8699793815612793
138,leaves,O-T2X-R,3.0293946266174316,33.1107844512121,7.683701992034912,9.698923110961914
138,leaves,ABL-ET2X-R-PreviousRawEdge-CatmullRomRGB-Fixed080,3.2244465351104736,32.49830342747999,7.814735412597656,9.903666496276855
138,leaves,ABL-ET2X-R-PreviousRawEdge-CatmullRomRGB-Fixed080-EncodedGamma2Blend,3.220686912536621,32.52226260310039,7.814455986022949,9.906213760375977
138,grass-seam,O-T2X-R,1.8379327058792114,38.23868239728719,4.322651386260986,4.751602649688721
138,grass-seam,ABL-ET2X-R-PreviousRawEdge-CatmullRomRGB-Fixed080,1.885862946510315,37.42642285573181,4.513394355773926,5.112995624542236
138,grass-seam,ABL-ET2X-R-PreviousRawEdge-CatmullRomRGB-Fixed080-EncodedGamma2Blend,1.8841079473495483,37.45825060931349,4.514176845550537,5.115273952484131
139,seams,O-T2X-R,1.5880208015441895,37.27871567706736,1.8644466400146484,1.5697520971298218
139,seams,ABL-ET2X-R-PreviousRawEdge-CatmullRomRGB-Fixed080,1.4827311038970947,37.01997240194873,1.686532974243164,1.6420924663543701
139,seams,ABL-ET2X-R-PreviousRawEdge-CatmullRomRGB-Fixed080-EncodedGamma2Blend,1.4755696058273315,37.10951281094261,1.6889541149139404,1.6457446813583374
139,thin-seam,O-T2X-R,1.6012369394302368,38.43094057420442,2.3325564861297607,1.8472453355789185
139,thin-seam,ABL-ET2X-R-PreviousRawEdge-CatmullRomRGB-Fixed080,1.4672309160232544,37.35240281952422,1.8370343446731567,1.7551913261413574
139,thin-seam,ABL-ET2X-R-PreviousRawEdge-CatmullRomRGB-Fixed080-EncodedGamma2Blend,1.4551866054534912,37.50004150351592,1.8425679206848145,1.7640914916992188
139,leaves,O-T2X-R,3.310091257095337,32.39274197864524,7.6463799476623535,10.768411636352539
139,leaves,ABL-ET2X-R-PreviousRawEdge-CatmullRomRGB-Fixed080,3.2123210430145264,32.517073721458786,7.757630825042725,9.902447700500488
139,leaves,ABL-ET2X-R-PreviousRawEdge-CatmullRomRGB-Fixed080-EncodedGamma2Blend,3.2091472148895264,32.54073905836374,7.7571702003479,9.897492408752441
139,grass-seam,O-T2X-R,2.0262043476104736,37.26677016787282,4.246253490447998,5.5713934898376465
139,grass-seam,ABL-ET2X-R-PreviousRawEdge-CatmullRomRGB-Fixed080,1.8631081581115723,37.591496187047355,4.5089006423950195,5.2726731300354
139,grass-seam,ABL-ET2X-R-PreviousRawEdge-CatmullRomRGB-Fixed080-EncodedGamma2Blend,1.8624424934387207,37.611342305894034,4.509493827819824,5.271425247192383
140,seams,O-T2X-R,1.645751953125,37.34058774302445,1.8201580047607422,2.7602250576019287
140,seams,ABL-ET2X-R-PreviousRawEdge-CatmullRomRGB-Fixed080,1.4569987058639526,37.137027885989234,1.7697017192840576,1.865149736404419
140,seams,ABL-ET2X-R-PreviousRawEdge-CatmullRomRGB-Fixed080-EncodedGamma2Blend,1.4484049081802368,37.230752796447746,1.7742359638214111,1.8682228326797485
140,thin-seam,O-T2X-R,1.8654513359069824,36.624984776347716,2.3242123126983643,3.493154764175415
140,thin-seam,ABL-ET2X-R-PreviousRawEdge-CatmullRomRGB-Fixed080,1.31494140625,38.9599571724814,2.026770830154419,2.0442352294921875
140,thin-seam,ABL-ET2X-R-PreviousRawEdge-CatmullRomRGB-Fixed080-EncodedGamma2Blend,1.3020291328430176,39.14826791020367,2.0344576835632324,2.0504581928253174
140,leaves,O-T2X-R,2.9541015625,33.37806525013957,7.712419033050537,9.918159484863281
140,leaves,ABL-ET2X-R-PreviousRawEdge-CatmullRomRGB-Fixed080,3.2198729515075684,32.35804213726462,7.710080146789551,9.914128303527832
140,leaves,ABL-ET2X-R-PreviousRawEdge-CatmullRomRGB-Fixed080-EncodedGamma2Blend,3.214859962463379,32.386634075154845,7.708615303039551,9.90943717956543
140,grass-seam,O-T2X-R,1.962236762046814,37.30482697106561,4.503305435180664,4.928665637969971
140,grass-seam,ABL-ET2X-R-PreviousRawEdge-CatmullRomRGB-Fixed080,1.8931856155395508,37.25133109620409,4.463813781738281,5.128580093383789
140,grass-seam,ABL-ET2X-R-PreviousRawEdge-CatmullRomRGB-Fixed080-EncodedGamma2Blend,1.8926409482955933,37.26119448104748,4.464202404022217,5.130495548248291
141,seams,O-T2X-R,1.6310709714889526,37.255765780894215,1.9101645946502686,1.5681726932525635
141,seams,ABL-ET2X-R-PreviousRawEdge-CatmullRomRGB-Fixed080,1.3942545652389526,37.94087873031648,1.7287343740463257,1.725285291671753
141,seams,ABL-ET2X-R-PreviousRawEdge-CatmullRomRGB-Fixed080-EncodedGamma2Blend,1.3881347179412842,38.04270277231802,1.730513334274292,1.7271549701690674
141,thin-seam,O-T2X-R,1.6596137285232544,37.61350181037446,2.334506034851074,1.850441813468933
141,thin-seam,ABL-ET2X-R-PreviousRawEdge-CatmullRomRGB-Fixed080,1.5514322519302368,36.64987667120602,2.0589687824249268,1.9486926794052124
141,thin-seam,ABL-ET2X-R-PreviousRawEdge-CatmullRomRGB-Fixed080-EncodedGamma2Blend,1.5408529043197632,36.77916287906922,2.0643985271453857,1.9512971639633179
141,leaves,O-T2X-R,3.230257272720337,32.629677123565386,7.638134956359863,11.001867294311523
141,leaves,ABL-ET2X-R-PreviousRawEdge-CatmullRomRGB-Fixed080,3.2033040523529053,32.43550829531984,7.806258201599121,9.969046592712402
141,leaves,ABL-ET2X-R-PreviousRawEdge-CatmullRomRGB-Fixed080-EncodedGamma2Blend,3.198763132095337,32.46410830546489,7.808393955230713,9.97259521484375
141,grass-seam,O-T2X-R,2.010651111602783,37.19806214041728,4.176497459411621,5.304769515991211
141,grass-seam,ABL-ET2X-R-PreviousRawEdge-CatmullRomRGB-Fixed080,1.900810956954956,37.317035040556675,4.4467692375183105,4.942740440368652
141,grass-seam,ABL-ET2X-R-PreviousRawEdge-CatmullRomRGB-Fixed080-EncodedGamma2Blend,1.9014766216278076,37.32041409355116,4.447162628173828,4.9460368156433105
142,seams,O-T2X-R,1.7918620109558105,35.9728929679159,2.0927062034606934,3.0167646408081055
142,seams,ABL-ET2X-R-PreviousRawEdge-CatmullRomRGB-Fixed080,1.332373023033142,38.377166314907406,1.7229846715927124,1.7739648818969727
142,seams,ABL-ET2X-R-PreviousRawEdge-CatmullRomRGB-Fixed080-EncodedGamma2Blend,1.3276692628860474,38.45236326897285,1.7246341705322266,1.7771621942520142
142,thin-seam,O-T2X-R,1.9478081464767456,34.97711871091202,2.5105106830596924,3.4540233612060547
142,thin-seam,ABL-ET2X-R-PreviousRawEdge-CatmullRomRGB-Fixed080,1.2554253339767456,39.323697033948086,1.9505220651626587,2.0159006118774414
142,thin-seam,ABL-ET2X-R-PreviousRawEdge-CatmullRomRGB-Fixed080-EncodedGamma2Blend,1.24951171875,39.451937644810336,1.952742576599121,2.0228309631347656
142,leaves,O-T2X-R,2.867952585220337,33.71468313932776,7.7911224365234375,9.938249588012695
142,leaves,ABL-ET2X-R-PreviousRawEdge-CatmullRomRGB-Fixed080,3.172818899154663,32.5669816164122,7.819371223449707,10.13550090789795
142,leaves,ABL-ET2X-R-PreviousRawEdge-CatmullRomRGB-Fixed080-EncodedGamma2Blend,3.1682779788970947,32.59291109977171,7.824075222015381,10.142425537109375
142,grass-seam,O-T2X-R,1.8700072765350342,38.08598702046021,4.431150436401367,4.551999568939209
142,grass-seam,ABL-ET2X-R-PreviousRawEdge-CatmullRomRGB-Fixed080,1.9130356311798096,37.313898132135755,4.5143561363220215,4.951392650604248
142,grass-seam,ABL-ET2X-R-PreviousRawEdge-CatmullRomRGB-Fixed080-EncodedGamma2Blend,1.910735845565796,37.34589576220935,4.5147600173950195,4.951268196105957
143,seams,O-T2X-R,1.595312476158142,36.675111114181085,2.0225977897644043,1.8908379077911377
143,seams,ABL-ET2X-R-PreviousRawEdge-CatmullRomRGB-Fixed080,1.4979817867279053,36.972250880947314,1.8955036401748657,1.8980705738067627
143,seams,ABL-ET2X-R-PreviousRawEdge-CatmullRomRGB-Fixed080-EncodedGamma2Blend,1.494726538658142,37.037142996681446,1.89910089969635,1.8993027210235596
143,thin-seam,O-T2X-R,1.7922635078430176,35.7022681329789,2.3011653423309326,2.2278850078582764
143,thin-seam,ABL-ET2X-R-PreviousRawEdge-CatmullRomRGB-Fixed080,1.4855142831802368,37.42295154329442,2.1640098094940186,2.2093002796173096
143,thin-seam,ABL-ET2X-R-PreviousRawEdge-CatmullRomRGB-Fixed080-EncodedGamma2Blend,1.4798177480697632,37.52337431749091,2.1707069873809814,2.2120752334594727
143,leaves,O-T2X-R,3.1937499046325684,32.75716352876039,7.563030242919922,10.908578872680664
143,leaves,ABL-ET2X-R-PreviousRawEdge-CatmullRomRGB-Fixed080,3.1720051765441895,32.54392101426693,7.865939140319824,10.263723373413086
143,leaves,ABL-ET2X-R-PreviousRawEdge-CatmullRomRGB-Fixed080-EncodedGamma2Blend,3.167236328125,32.57078563548451,7.869584560394287,10.271221160888672
143,grass-seam,O-T2X-R,2.018155336380005,37.09721411599397,4.354763031005859,5.589894771575928
143,grass-seam,ABL-ET2X-R-PreviousRawEdge-CatmullRomRGB-Fixed080,1.9153352975845337,37.184872851621066,4.595510005950928,5.135185241699219
143,grass-seam,ABL-ET2X-R-PreviousRawEdge-CatmullRomRGB-Fixed080-EncodedGamma2Blend,1.9133381843566895,37.21718679067584,4.596817493438721,5.133595943450928
144,seams,O-T2X-R,1.790283203125,34.69804188167147,1.887243628501892,3.0530285835266113
144,seams,ABL-ET2X-R-PreviousRawEdge-CatmullRomRGB-Fixed080,1.3577961921691895,38.146730073766875,1.6817296743392944,1.816528558731079
144,seams,ABL-ET2X-R-PreviousRawEdge-CatmullRomRGB-Fixed080-EncodedGamma2Blend,1.3569661378860474,38.19787690081255,1.682241439819336,1.8189404010772705
144,thin-seam,O-T2X-R,1.7815755605697632,36.143153081137996,2.103802442550659,3.3873674869537354
144,thin-seam,ABL-ET2X-R-PreviousRawEdge-CatmullRomRGB-Fixed080,1.4314779043197632,37.558486664307374,1.9596730470657349,2.0454723834991455
144,thin-seam,ABL-ET2X-R-PreviousRawEdge-CatmullRomRGB-Fixed080-EncodedGamma2Blend,1.4264322519302368,37.64162023582447,1.9623228311538696,2.050494432449341
144,leaves,O-T2X-R,2.9522461891174316,33.46152424918597,7.631982326507568,9.766210556030273
144,leaves,ABL-ET2X-R-PreviousRawEdge-CatmullRomRGB-Fixed080,3.2271647453308105,32.23926859022593,7.89844274520874,10.308813095092773
144,leaves,ABL-ET2X-R-PreviousRawEdge-CatmullRomRGB-Fixed080-EncodedGamma2Blend,3.22216796875,32.26549816969681,7.900348663330078,10.312769889831543
144,grass-seam,O-T2X-R,1.8905833959579468,37.61925519043961,4.531234264373779,5.080109119415283
144,grass-seam,ABL-ET2X-R-PreviousRawEdge-CatmullRomRGB-Fixed080,1.9508593082427979,36.88828144750465,4.6489362716674805,5.2773542404174805
144,grass-seam,ABL-ET2X-R-PreviousRawEdge-CatmullRomRGB-Fixed080-EncodedGamma2Blend,1.949164867401123,36.90902182015815,4.64699125289917,5.277896404266357
145,seams,O-T2X-R,1.7957193851470947,34.77980776972007,1.732961654663086,1.671838402748108
145,seams,ABL-ET2X-R-PreviousRawEdge-CatmullRomRGB-Fixed080,1.3575032949447632,37.861803330684126,1.6947885751724243,1.7007496356964111
145,seams,ABL-ET2X-R-PreviousRawEdge-CatmullRomRGB-Fixed080-EncodedGamma2Blend,1.3546874523162842,37.88234849405071,1.6970913410186768,1.7027826309204102
145,thin-seam,O-T2X-R,1.8883463144302368,34.42279274284657,2.096759557723999,1.812270164489746
145,thin-seam,ABL-ET2X-R-PreviousRawEdge-CatmullRomRGB-Fixed080,1.2727322578430176,39.68396545905725,1.9786649942398071,1.9972232580184937
145,thin-seam,ABL-ET2X-R-PreviousRawEdge-CatmullRomRGB-Fixed080-EncodedGamma2Blend,1.2643771171569824,39.73084732444232,1.9815279245376587,1.9994502067565918
145,leaves,O-T2X-R,3.148714303970337,32.87652752435979,7.396415710449219,10.497604370117188
145,leaves,ABL-ET2X-R-PreviousRawEdge-CatmullRomRGB-Fixed080,3.2290689945220947,32.260380621029164,7.838702201843262,10.180079460144043
145,leaves,ABL-ET2X-R-PreviousRawEdge-CatmullRomRGB-Fixed080-EncodedGamma2Blend,3.224902391433716,32.28778975418241,7.842896461486816,10.185319900512695
145,grass-seam,O-T2X-R,1.981299877166748,37.33949509095642,4.211653709411621,5.618916034698486
145,grass-seam,ABL-ET2X-R-PreviousRawEdge-CatmullRomRGB-Fixed080,2.0014524459838867,36.458896413996904,4.513187408447266,5.2402825355529785
145,grass-seam,ABL-ET2X-R-PreviousRawEdge-CatmullRomRGB-Fixed080-EncodedGamma2Blend,1.999879002571106,36.473299451305806,4.512451171875,5.241553783416748
146,seams,O-T2X-R,1.8023600578308105,35.198037776846284,1.863539457321167,2.8514227867126465
146,seams,ABL-ET2X-R-PreviousRawEdge-CatmullRomRGB-Fixed080,1.487646460533142,36.65237537572152,1.877581000328064,1.7345463037490845
146,seams,ABL-ET2X-R-PreviousRawEdge-CatmullRomRGB-Fixed080-EncodedGamma2Blend,1.4876627922058105,36.695908413225425,1.879105806350708,1.7335323095321655
146,thin-seam,O-T2X-R,1.9660372734069824,34.488091340940045,2.2502496242523193,3.459260940551758
146,thin-seam,ABL-ET2X-R-PreviousRawEdge-CatmullRomRGB-Fixed080,1.4154188632965088,37.23425503718449,2.1470515727996826,2.1962034702301025
146,thin-seam,ABL-ET2X-R-PreviousRawEdge-CatmullRomRGB-Fixed080-EncodedGamma2Blend,1.4171549081802368,37.294394352823275,2.152306318283081,2.1985507011413574
146,leaves,O-T2X-R,2.963395118713379,33.27990721682873,7.6098222732543945,9.413351058959961
146,leaves,ABL-ET2X-R-PreviousRawEdge-CatmullRomRGB-Fixed080,3.200667381286621,32.399863834360204,7.727913856506348,9.842634201049805
146,leaves,ABL-ET2X-R-PreviousRawEdge-CatmullRomRGB-Fixed080-EncodedGamma2Blend,3.1950032711029053,32.43320419293815,7.734388828277588,9.851961135864258
146,grass-seam,O-T2X-R,1.9031106233596802,37.79759310036672,4.549734592437744,4.732990741729736
146,grass-seam,ABL-ET2X-R-PreviousRawEdge-CatmullRomRGB-Fixed080,1.9857177734375,36.605899400309404,4.528237819671631,5.058266639709473
146,grass-seam,ABL-ET2X-R-PreviousRawEdge-CatmullRomRGB-Fixed080-EncodedGamma2Blend,1.9825103282928467,36.6372966021492,4.529698848724365,5.059544086456299
147,seams,O-T2X-R,1.5803059339523315,36.59272443101243,1.8164554834365845,1.4442827701568604
147,seams,ABL-ET2X-R-PreviousRawEdge-CatmullRomRGB-Fixed080,1.3478515148162842,38.06537709030633,1.7562919855117798,1.919942855834961
147,seams,ABL-ET2X-R-PreviousRawEdge-CatmullRomRGB-Fixed080-EncodedGamma2Blend,1.3447265625,38.11067665907094,1.7600128650665283,1.9235498905181885
147,thin-seam,O-T2X-R,1.5196939706802368,38.109063371241604,2.138357400894165,1.6597312688827515
147,thin-seam,ABL-ET2X-R-PreviousRawEdge-CatmullRomRGB-Fixed080,1.3975151777267456,37.83334280470249,2.026442766189575,2.0404551029205322
147,thin-seam,ABL-ET2X-R-PreviousRawEdge-CatmullRomRGB-Fixed080-EncodedGamma2Blend,1.3913846015930176,37.87781591346914,2.034095048904419,2.051600933074951
147,leaves,O-T2X-R,3.2108561992645264,32.70347491225595,7.486830234527588,10.398012161254883
147,leaves,ABL-ET2X-R-PreviousRawEdge-CatmullRomRGB-Fixed080,3.1512043476104736,32.59968440332103,7.738544464111328,9.688911437988281
147,leaves,ABL-ET2X-R-PreviousRawEdge-CatmullRomRGB-Fixed080-EncodedGamma2Blend,3.1464192867279053,32.62907779248838,7.741683006286621,9.699374198913574
147,grass-seam,O-T2X-R,2.0878117084503174,36.82604507404243,4.419313430786133,5.521700859069824
147,grass-seam,ABL-ET2X-R-PreviousRawEdge-CatmullRomRGB-Fixed080,1.9527959823608398,36.94019932126435,4.614008903503418,5.046614170074463
147,grass-seam,ABL-ET2X-R-PreviousRawEdge-CatmullRomRGB-Fixed080-EncodedGamma2Blend,1.949043869972229,36.99343285076752,4.61348819732666,5.046950817108154
148,seams,O-T2X-R,1.7082030773162842,36.623498962955196,2.0871753692626953,3.1010172367095947
148,seams,ABL-ET2X-R-PreviousRawEdge-CatmullRomRGB-Fixed080,1.538427710533142,37.00479384779855,1.9731037616729736,2.0471839904785156
148,seams,ABL-ET2X-R-PreviousRawEdge-CatmullRomRGB-Fixed080-EncodedGamma2Blend,1.5353515148162842,37.04514009453048,1.9769179821014404,2.0523428916931152
148,thin-seam,O-T2X-R,1.7112630605697632,37.36949296851354,2.400395154953003,3.5144405364990234
148,thin-seam,ABL-ET2X-R-PreviousRawEdge-CatmullRomRGB-Fixed080,1.4790581464767456,38.609320396662284,2.4279067516326904,2.599229097366333
148,thin-seam,ABL-ET2X-R-PreviousRawEdge-CatmullRomRGB-Fixed080-EncodedGamma2Blend,1.4760199785232544,38.66961055632999,2.434839963912964,2.608459711074829
148,leaves,O-T2X-R,2.929215431213379,33.43428737817949,7.634305000305176,9.544206619262695
148,leaves,ABL-ET2X-R-PreviousRawEdge-CatmullRomRGB-Fixed080,3.1100096702575684,32.7040261910706,7.707856178283691,9.72414779663086
148,leaves,ABL-ET2X-R-PreviousRawEdge-CatmullRomRGB-Fixed080-EncodedGamma2Blend,3.105419874191284,32.72727864736457,7.707302093505859,9.730110168457031
148,grass-seam,O-T2X-R,1.844226598739624,38.007721874698184,4.537685871124268,4.773809909820557
148,grass-seam,ABL-ET2X-R-PreviousRawEdge-CatmullRomRGB-Fixed080,1.9428104162216187,36.93199477500617,4.703283309936523,5.155648708343506
148,grass-seam,ABL-ET2X-R-PreviousRawEdge-CatmullRomRGB-Fixed080-EncodedGamma2Blend,1.9400266408920288,36.97927676589417,4.703367710113525,5.1522908210754395
149,seams,O-T2X-R,1.5748372077941895,37.69629814340433,1.9917091131210327,1.5987749099731445
149,seams,ABL-ET2X-R-PreviousRawEdge-CatmullRomRGB-Fixed080,1.4387043714523315,36.59911829417769,1.8127562999725342,2.0191519260406494
149,seams,ABL-ET2X-R-PreviousRawEdge-CatmullRomRGB-Fixed080-EncodedGamma2Blend,1.436181664466858,36.65903893516324,1.8163963556289673,2.025146007537842
149,thin-seam,O-T2X-R,1.5661892890930176,38.6581025322258,2.2052114009857178,1.6633930206298828
149,thin-seam,ABL-ET2X-R-PreviousRawEdge-CatmullRomRGB-Fixed080,1.3876953125,36.568975899065904,2.2066307067871094,2.478278636932373
149,thin-seam,ABL-ET2X-R-PreviousRawEdge-CatmullRomRGB-Fixed080-EncodedGamma2Blend,1.3850911855697632,36.644083513244375,2.216222047805786,2.489964485168457
149,leaves,O-T2X-R,3.1822428703308105,32.69246447938856,7.564486503601074,10.643364906311035
149,leaves,ABL-ET2X-R-PreviousRawEdge-CatmullRomRGB-Fixed080,3.0999348163604736,32.74952796619759,7.732729434967041,9.781024932861328
149,leaves,ABL-ET2X-R-PreviousRawEdge-CatmullRomRGB-Fixed080-EncodedGamma2Blend,3.09716796875,32.768676805316765,7.734682559967041,9.781407356262207
149,grass-seam,O-T2X-R,2.0058703422546387,36.855493687508066,4.439879417419434,5.590977668762207
149,grass-seam,ABL-ET2X-R-PreviousRawEdge-CatmullRomRGB-Fixed080,1.8948801755905151,37.27634483367217,4.632604598999023,5.221900463104248
149,grass-seam,ABL-ET2X-R-PreviousRawEdge-CatmullRomRGB-Fixed080-EncodedGamma2Blend,1.8927620649337769,37.33063250698012,4.633395671844482,5.2186713218688965
150,seams,O-T2X-R,1.6128093004226685,37.679669308004634,2.1332738399505615,3.2160472869873047
150,seams,ABL-ET2X-R-PreviousRawEdge-CatmullRomRGB-Fixed080,1.3194173574447632,37.806256982998875,1.6549012660980225,1.637891173362732
150,seams,ABL-ET2X-R-PreviousRawEdge-CatmullRomRGB-Fixed080-EncodedGamma2Blend,1.315332055091858,37.85392404380505,1.6560951471328735,1.6399682760238647
150,thin-seam,O-T2X-R,1.7440863847732544,38.48978647933125,2.7093257904052734,3.766648530960083
150,thin-seam,ABL-ET2X-R-PreviousRawEdge-CatmullRomRGB-Fixed080,1.1567925214767456,40.423993109912885,1.803155779838562,2.0077807903289795
150,thin-seam,ABL-ET2X-R-PreviousRawEdge-CatmullRomRGB-Fixed080-EncodedGamma2Blend,1.1481661796569824,40.5164998121246,1.805837631225586,2.0147745609283447
150,leaves,O-T2X-R,2.875504493713379,33.523236817403856,7.6292924880981445,9.656855583190918
150,leaves,ABL-ET2X-R-PreviousRawEdge-CatmullRomRGB-Fixed080,3.071516990661621,32.77193960953794,7.778256416320801,9.843250274658203
150,leaves,ABL-ET2X-R-PreviousRawEdge-CatmullRomRGB-Fixed080-EncodedGamma2Blend,3.0672364234924316,32.79872855291703,7.779580593109131,9.84299373626709
150,grass-seam,O-T2X-R,1.9762768745422363,37.16090469037154,4.553043365478516,4.969166278839111
150,grass-seam,ABL-ET2X-R-PreviousRawEdge-CatmullRomRGB-Fixed080,1.8801742792129517,37.39866675008173,4.626132011413574,5.264428615570068
150,grass-seam,ABL-ET2X-R-PreviousRawEdge-CatmullRomRGB-Fixed080-EncodedGamma2Blend,1.8778746128082275,37.44272237582054,4.62483549118042,5.261789321899414
151,seams,O-T2X-R,1.7074706554412842,36.34441045694966,1.8484351634979248,1.6783359050750732
151,seams,ABL-ET2X-R-PreviousRawEdge-CatmullRomRGB-Fixed080,1.5689290761947632,36.005810628015865,1.8708045482635498,1.7951263189315796
151,seams,ABL-ET2X-R-PreviousRawEdge-CatmullRomRGB-Fixed080-EncodedGamma2Blend,1.5644856691360474,36.08394362229701,1.8761482238769531,1.7978321313858032
151,thin-seam,O-T2X-R,1.6870659589767456,38.37026647674966,2.345458745956421,1.9682976007461548
151,thin-seam,ABL-ET2X-R-PreviousRawEdge-CatmullRomRGB-Fixed080,1.49609375,37.08147123928472,2.123588800430298,1.9917898178100586
151,thin-seam,ABL-ET2X-R-PreviousRawEdge-CatmullRomRGB-Fixed080-EncodedGamma2Blend,1.4927842617034912,37.176752495653396,2.1311004161834717,1.996106505393982
151,leaves,O-T2X-R,3.143815040588379,32.760589916900734,7.546331882476807,10.641980171203613
151,leaves,ABL-ET2X-R-PreviousRawEdge-CatmullRomRGB-Fixed080,3.041064500808716,32.84282253509052,7.7915778160095215,10.019792556762695
151,leaves,ABL-ET2X-R-PreviousRawEdge-CatmullRomRGB-Fixed080-EncodedGamma2Blend,3.0369791984558105,32.86630867615513,7.792869567871094,10.019306182861328
151,grass-seam,O-T2X-R,2.0160977840423584,36.950521507917465,4.341401100158691,5.547779083251953
151,grass-seam,ABL-ET2X-R-PreviousRawEdge-CatmullRomRGB-Fixed080,1.873638391494751,37.35826401717209,4.652174472808838,5.243165493011475
151,grass-seam,ABL-ET2X-R-PreviousRawEdge-CatmullRomRGB-Fixed080-EncodedGamma2Blend,1.871399164199829,37.38884087881102,4.649069786071777,5.2404465675354
152,seams,O-T2X-R,1.7162922620773315,36.3713096628063,2.0057263374328613,3.00825572013855
152,seams,ABL-ET2X-R-PreviousRawEdge-CatmullRomRGB-Fixed080,1.3622558116912842,37.65727509197414,1.6937137842178345,1.7943099737167358
152,seams,ABL-ET2X-R-PreviousRawEdge-CatmullRomRGB-Fixed080-EncodedGamma2Blend,1.3544758558273315,37.777021056490284,1.6963714361190796,1.7984797954559326
152,thin-seam,O-T2X-R,1.8232964277267456,36.601808436976114,2.4817113876342773,3.7360801696777344
152,thin-seam,ABL-ET2X-R-PreviousRawEdge-CatmullRomRGB-Fixed080,1.2362738847732544,38.90008317433467,1.8851531744003296,2.0133116245269775
152,thin-seam,ABL-ET2X-R-PreviousRawEdge-CatmullRomRGB-Fixed080-EncodedGamma2Blend,1.2267794609069824,39.023878635390375,1.8891271352767944,2.0185444355010986
152,leaves,O-T2X-R,2.8944010734558105,33.47178812012642,7.575214385986328,9.721933364868164
152,leaves,ABL-ET2X-R-PreviousRawEdge-CatmullRomRGB-Fixed080,3.0448079109191895,32.810074839774906,7.775382041931152,10.075998306274414
152,leaves,ABL-ET2X-R-PreviousRawEdge-CatmullRomRGB-Fixed080-EncodedGamma2Blend,3.0421385765075684,32.83198367145557,7.776203155517578,10.078079223632812
152,grass-seam,O-T2X-R,1.9092835187911987,37.666539662733186,4.500222206115723,4.746222019195557
152,grass-seam,ABL-ET2X-R-PreviousRawEdge-CatmullRomRGB-Fixed080,1.8887072801589966,37.263798585208804,4.666192054748535,5.230278015136719
152,grass-seam,ABL-ET2X-R-PreviousRawEdge-CatmullRomRGB-Fixed080-EncodedGamma2Blend,1.8874969482421875,37.28615716723067,4.666260242462158,5.231350898742676
153,seams,O-T2X-R,1.7060221433639526,35.5497865449764,1.6614933013916016,1.6421289443969727
153,seams,ABL-ET2X-R-PreviousRawEdge-CatmullRomRGB-Fixed080,1.5131185054779053,37.95665208142003,1.984718680381775,1.902366280555725
153,seams,ABL-ET2X-R-PreviousRawEdge-CatmullRomRGB-Fixed080-EncodedGamma2Blend,1.5055826902389526,38.070609355134856,1.9888836145401,1.9051811695098877
153,thin-seam,O-T2X-R,1.7556966543197632,34.98313013053125,1.7286723852157593,2.0509464740753174
153,thin-seam,ABL-ET2X-R-PreviousRawEdge-CatmullRomRGB-Fixed080,1.4706488847732544,39.36554449955383,2.3693130016326904,2.3642401695251465
153,thin-seam,ABL-ET2X-R-PreviousRawEdge-CatmullRomRGB-Fixed080-EncodedGamma2Blend,1.4620225429534912,39.45401403897583,2.377207040786743,2.3720157146453857
153,leaves,O-T2X-R,3.098583936691284,33.011724304193976,7.2903947830200195,10.459556579589844
153,leaves,ABL-ET2X-R-PreviousRawEdge-CatmullRomRGB-Fixed080,3.0545573234558105,32.8519002785833,7.69365930557251,9.983190536499023
153,leaves,ABL-ET2X-R-PreviousRawEdge-CatmullRomRGB-Fixed080-EncodedGamma2Blend,3.0511882305145264,32.87556610791769,7.695080757141113,9.983734130859375
153,grass-seam,O-T2X-R,2.0196683406829834,37.13677519511665,4.480112075805664,5.512657165527344
153,grass-seam,ABL-ET2X-R-PreviousRawEdge-CatmullRomRGB-Fixed080,1.8615952730178833,37.3620715532594,4.713436603546143,5.224470615386963
153,grass-seam,ABL-ET2X-R-PreviousRawEdge-CatmullRomRGB-Fixed080-EncodedGamma2Blend,1.8605059385299683,37.388131852099924,4.71603536605835,5.227623462677002
154,seams,O-T2X-R,1.8539388179779053,34.56594505347021,1.8930017948150635,2.7548131942749023
154,seams,ABL-ET2X-R-PreviousRawEdge-CatmullRomRGB-Fixed080,1.5077799558639526,35.437339114806,1.8574094772338867,1.9369332790374756
154,seams,ABL-ET2X-R-PreviousRawEdge-CatmullRomRGB-Fixed080-EncodedGamma2Blend,1.5018717050552368,35.50885429337505,1.860903024673462,1.9398536682128906
154,thin-seam,O-T2X-R,2.127007484436035,33.21813697304345,1.9695497751235962,2.7478115558624268
154,thin-seam,ABL-ET2X-R-PreviousRawEdge-CatmullRomRGB-Fixed080,1.4107530117034912,36.75149676276452,2.1153817176818848,2.324442148208618
154,thin-seam,ABL-ET2X-R-PreviousRawEdge-CatmullRomRGB-Fixed080-EncodedGamma2Blend,1.4071723222732544,36.840628097504,2.1218698024749756,2.332594633102417
154,leaves,O-T2X-R,2.8429198265075684,33.72184328528056,7.409748077392578,9.327422142028809
154,leaves,ABL-ET2X-R-PreviousRawEdge-CatmullRomRGB-Fixed080,3.081510305404663,32.77851799006741,7.639158725738525,9.881970405578613
154,leaves,ABL-ET2X-R-PreviousRawEdge-CatmullRomRGB-Fixed080-EncodedGamma2Blend,3.075455665588379,32.80406025932571,7.641243934631348,9.885308265686035
154,grass-seam,O-T2X-R,1.8698862791061401,38.044719544007286,4.602856636047363,4.936915397644043
154,grass-seam,ABL-ET2X-R-PreviousRawEdge-CatmullRomRGB-Fixed080,1.896030068397522,37.389084578925164,4.7556023597717285,5.184741973876953
154,grass-seam,ABL-ET2X-R-PreviousRawEdge-CatmullRomRGB-Fixed080-EncodedGamma2Blend,1.8945170640945435,37.41016182636915,4.755433082580566,5.187163352966309
155,seams,O-T2X-R,1.8174967765808105,34.45713824280451,1.8610652685165405,1.674324631690979
155,seams,ABL-ET2X-R-PreviousRawEdge-CatmullRomRGB-Fixed080,1.32470703125,38.61126253005053,1.6446340084075928,1.7895431518554688
155,seams,ABL-ET2X-R-PreviousRawEdge-CatmullRomRGB-Fixed080-EncodedGamma2Blend,1.316162109375,38.70885755941716,1.645629644393921,1.791711449623108
155,thin-seam,O-T2X-R,1.7596029043197632,35.96123668210644,2.2618446350097656,1.7987536191940308
155,thin-seam,ABL-ET2X-R-PreviousRawEdge-CatmullRomRGB-Fixed080,1.2129448652267456,40.23515393036511,1.6866916418075562,1.9331573247909546
155,thin-seam,ABL-ET2X-R-PreviousRawEdge-CatmullRomRGB-Fixed080-EncodedGamma2Blend,1.2036675214767456,40.33603805798794,1.688881516456604,1.93557608127594
155,leaves,O-T2X-R,3.098193407058716,32.92941778988795,7.268388271331787,10.328134536743164
155,leaves,ABL-ET2X-R-PreviousRawEdge-CatmullRomRGB-Fixed080,3.0702311992645264,32.82404468070404,7.599270820617676,9.838876724243164
155,leaves,ABL-ET2X-R-PreviousRawEdge-CatmullRomRGB-Fixed080-EncodedGamma2Blend,3.066617727279663,32.847050336075526,7.601439476013184,9.842916488647461
155,grass-seam,O-T2X-R,2.006899118423462,37.531144628360224,4.400632381439209,5.5515522956848145
155,grass-seam,ABL-ET2X-R-PreviousRawEdge-CatmullRomRGB-Fixed080,1.9117647409439087,37.3533827149909,4.7891740798950195,5.37921142578125
155,grass-seam,ABL-ET2X-R-PreviousRawEdge-CatmullRomRGB-Fixed080-EncodedGamma2Blend,1.9104938507080078,37.37914761461087,4.790362358093262,5.381253719329834
156,seams,O-T2X-R,1.844580054283142,34.80344451457688,2.087296724319458,3.0896408557891846
156,seams,ABL-ET2X-R-PreviousRawEdge-CatmullRomRGB-Fixed080,1.5506672859191895,36.905109362980504,1.9842586517333984,1.841860055923462
156,seams,ABL-ET2X-R-PreviousRawEdge-CatmullRomRGB-Fixed080-EncodedGamma2Blend,1.5500324964523315,36.967760107500375,1.9874274730682373,1.8434631824493408
156,thin-seam,O-T2X-R,1.8386502265930176,35.34411085512091,2.4039297103881836,3.65179443359375
156,thin-seam,ABL-ET2X-R-PreviousRawEdge-CatmullRomRGB-Fixed080,1.6399197578430176,36.48753649989231,2.3853509426116943,2.226137161254883
156,thin-seam,ABL-ET2X-R-PreviousRawEdge-CatmullRomRGB-Fixed080-EncodedGamma2Blend,1.6386176347732544,36.553823634627165,2.391857385635376,2.2309677600860596
156,leaves,O-T2X-R,2.882861375808716,33.531514273656796,7.520198822021484,9.38061237335205
156,leaves,ABL-ET2X-R-PreviousRawEdge-CatmullRomRGB-Fixed080,3.064990282058716,32.81780501999225,7.647472381591797,9.745499610900879
156,leaves,ABL-ET2X-R-PreviousRawEdge-CatmullRomRGB-Fixed080-EncodedGamma2Blend,3.0614256858825684,32.842439641434275,7.650125026702881,9.749531745910645
156,grass-seam,O-T2X-R,1.9270153045654297,37.71735459129266,4.741973876953125,4.947859764099121
156,grass-seam,ABL-ET2X-R-PreviousRawEdge-CatmullRomRGB-Fixed080,1.9529169797897339,37.02078481536575,4.8364949226379395,5.448061466217041
156,grass-seam,ABL-ET2X-R-PreviousRawEdge-CatmullRomRGB-Fixed080-EncodedGamma2Blend,1.9513435363769531,37.04237368554442,4.836292266845703,5.446620941162109
157,seams,O-T2X-R,1.627294898033142,36.26158116238089,2.091958999633789,1.595220923423767
157,seams,ABL-ET2X-R-PreviousRawEdge-CatmullRomRGB-Fixed080,1.4362304210662842,36.21788383727393,1.7430671453475952,1.8756320476531982
157,seams,ABL-ET2X-R-PreviousRawEdge-CatmullRomRGB-Fixed080-EncodedGamma2Blend,1.4331543445587158,36.26399975475093,1.7461143732070923,1.878604531288147
157,thin-seam,O-T2X-R,1.4730902910232544,39.8231296788344,2.3375325202941895,1.6627470254898071
157,thin-seam,ABL-ET2X-R-PreviousRawEdge-CatmullRomRGB-Fixed080,1.3202040195465088,38.129625853287706,2.10416579246521,2.298527717590332
157,thin-seam,ABL-ET2X-R-PreviousRawEdge-CatmullRomRGB-Fixed080-EncodedGamma2Blend,1.3116319179534912,38.23800352700658,2.111259698867798,2.3017818927764893
157,leaves,O-T2X-R,3.038362741470337,33.147911343527596,7.319122314453125,10.195284843444824
157,leaves,ABL-ET2X-R-PreviousRawEdge-CatmullRomRGB-Fixed080,3.064502000808716,32.84976901512425,7.564039707183838,9.530363082885742
157,leaves,ABL-ET2X-R-PreviousRawEdge-CatmullRomRGB-Fixed080-EncodedGamma2Blend,3.061474561691284,32.874478965794424,7.5658769607543945,9.536211013793945
157,grass-seam,O-T2X-R,2.047567129135132,36.8289848327859,4.4636335372924805,5.519659042358398
157,grass-seam,ABL-ET2X-R-PreviousRawEdge-CatmullRomRGB-Fixed080,1.9386951923370361,37.221128529865084,4.814995288848877,5.383218288421631
157,grass-seam,ABL-ET2X-R-PreviousRawEdge-CatmullRomRGB-Fixed080-EncodedGamma2Blend,1.937484860420227,37.24669718355084,4.8141303062438965,5.379128456115723
158,seams,O-T2X-R,1.7416341304779053,36.50953509829839,2.052879810333252,3.30088472366333
158,seams,ABL-ET2X-R-PreviousRawEdge-CatmullRomRGB-Fixed080,1.5830566883087158,37.68479490713967,2.0378823280334473,2.0365242958068848
158,seams,ABL-ET2X-R-PreviousRawEdge-CatmullRomRGB-Fixed080-EncodedGamma2Blend,1.58056640625,37.71626005592331,2.042030096054077,2.0417399406433105
158,thin-seam,O-T2X-R,1.7800564765930176,37.79943815985823,2.4418632984161377,3.672765016555786
158,thin-seam,ABL-ET2X-R-PreviousRawEdge-CatmullRomRGB-Fixed080,1.6703016757965088,38.16992712408084,2.5131752490997314,2.7317025661468506
158,thin-seam,ABL-ET2X-R-PreviousRawEdge-CatmullRomRGB-Fixed080-EncodedGamma2Blend,1.6628689765930176,38.236361346063696,2.521209478378296,2.741596221923828
158,leaves,O-T2X-R,2.8018879890441895,33.75589905577145,7.494757652282715,9.395060539245605
158,leaves,ABL-ET2X-R-PreviousRawEdge-CatmullRomRGB-Fixed080,3.0484211444854736,32.99170110714779,7.647220611572266,9.500429153442383
158,leaves,ABL-ET2X-R-PreviousRawEdge-CatmullRomRGB-Fixed080-EncodedGamma2Blend,3.0443034172058105,33.018242977586056,7.647456169128418,9.50282096862793
158,grass-seam,O-T2X-R,1.9222948551177979,37.625193154600055,4.614305019378662,4.834979057312012
158,grass-seam,ABL-ET2X-R-PreviousRawEdge-CatmullRomRGB-Fixed080,1.8865891695022583,37.56151546143864,4.794071674346924,5.365729331970215
158,grass-seam,ABL-ET2X-R-PreviousRawEdge-CatmullRomRGB-Fixed080-EncodedGamma2Blend,1.8862260580062866,37.58583570048901,4.792831897735596,5.363694667816162
159,seams,O-T2X-R,1.6977375745773315,36.85968713207167,1.9208046197891235,1.5687930583953857
159,seams,ABL-ET2X-R-PreviousRawEdge-CatmullRomRGB-Fixed080,1.4614583253860474,37.339497852447664,2.1192421913146973,2.27905535697937
159,seams,ABL-ET2X-R-PreviousRawEdge-CatmullRomRGB-Fixed080-EncodedGamma2Blend,1.4620442390441895,37.38261057261508,2.1214759349823,2.282501220703125
159,thin-seam,O-T2X-R,1.6744791269302368,38.55608824029681,2.317023277282715,1.6706180572509766
159,thin-seam,ABL-ET2X-R-PreviousRawEdge-CatmullRomRGB-Fixed080,1.5324435234069824,36.678654764566915,2.4292526245117188,2.801440954208374
159,thin-seam,ABL-ET2X-R-PreviousRawEdge-CatmullRomRGB-Fixed080-EncodedGamma2Blend,1.5311415195465088,36.75944462495571,2.4350996017456055,2.8097410202026367
159,leaves,O-T2X-R,3.06005859375,32.96907918485057,7.349108695983887,10.473028182983398
159,leaves,ABL-ET2X-R-PreviousRawEdge-CatmullRomRGB-Fixed080,3.0110840797424316,33.068967443329946,7.541248321533203,9.688125610351562
159,leaves,ABL-ET2X-R-PreviousRawEdge-CatmullRomRGB-Fixed080-EncodedGamma2Blend,3.0072264671325684,33.09451020692188,7.541345119476318,9.688699722290039
159,grass-seam,O-T2X-R,2.011014223098755,37.27632340091723,4.670366287231445,5.908352851867676
159,grass-seam,ABL-ET2X-R-PreviousRawEdge-CatmullRomRGB-Fixed080,1.8496731519699097,37.69965976706309,4.806396007537842,5.304446697235107
159,grass-seam,ABL-ET2X-R-PreviousRawEdge-CatmullRomRGB-Fixed080-EncodedGamma2Blend,1.8500968217849731,37.71537167826894,4.805164337158203,5.29947566986084
160,seams,O-T2X-R,1.8388346433639526,36.07298008866057,2.104658603668213,3.123093366622925
160,seams,ABL-ET2X-R-PreviousRawEdge-CatmullRomRGB-Fixed080,1.5430989265441895,36.21014622849257,1.742089867591858,1.9904556274414062
160,seams,ABL-ET2X-R-PreviousRawEdge-CatmullRomRGB-Fixed080-EncodedGamma2Blend,1.538964867591858,36.2470489733099,1.7458126544952393,1.9954967498779297
160,thin-seam,O-T2X-R,1.9142794609069824,37.43407615619779,2.5572566986083984,3.615899085998535
160,thin-seam,ABL-ET2X-R-PreviousRawEdge-CatmullRomRGB-Fixed080,1.3713650703430176,38.88946376094823,1.867382526397705,2.1556172370910645
160,thin-seam,ABL-ET2X-R-PreviousRawEdge-CatmullRomRGB-Fixed080-EncodedGamma2Blend,1.3607313632965088,38.99063670478898,1.869914174079895,2.157460927963257
160,leaves,O-T2X-R,2.737565040588379,33.90050067977863,7.517224311828613,9.567319869995117
160,leaves,ABL-ET2X-R-PreviousRawEdge-CatmullRomRGB-Fixed080,3.0011067390441895,33.03268579250571,7.542366027832031,9.752121925354004
160,leaves,ABL-ET2X-R-PreviousRawEdge-CatmullRomRGB-Fixed080-EncodedGamma2Blend,2.997525930404663,33.05728779394688,7.543542385101318,9.75526237487793
160,grass-seam,O-T2X-R,1.8467683792114258,38.27564418675442,4.895959377288818,5.28955602645874
160,grass-seam,ABL-ET2X-R-PreviousRawEdge-CatmullRomRGB-Fixed080,1.8468893766403198,37.859642864019094,4.9217610359191895,5.278244972229004
160,grass-seam,ABL-ET2X-R-PreviousRawEdge-CatmullRomRGB-Fixed080-EncodedGamma2Blend,1.846828818321228,37.876490341817245,4.920323371887207,5.278061866760254
161,seams,O-T2X-R,1.7735025882720947,36.21221786456298,1.9695374965667725,1.8134849071502686
161,seams,ABL-ET2X-R-PreviousRawEdge-CatmullRomRGB-Fixed080,1.5720865726470947,36.415448213195454,1.8873653411865234,1.8935754299163818
161,seams,ABL-ET2X-R-PreviousRawEdge-CatmullRomRGB-Fixed080-EncodedGamma2Blend,1.56982421875,36.45623586884201,1.8899530172348022,1.8990039825439453
161,thin-seam,O-T2X-R,2.075086832046509,34.784359697701106,2.2275736331939697,2.101591110229492
161,thin-seam,ABL-ET2X-R-PreviousRawEdge-CatmullRomRGB-Fixed080,1.6615668535232544,36.93293265922174,2.428791046142578,2.3326218128204346
161,thin-seam,ABL-ET2X-R-PreviousRawEdge-CatmullRomRGB-Fixed080-EncodedGamma2Blend,1.6564127206802368,36.999951353450946,2.4337542057037354,2.3368420600891113
161,leaves,O-T2X-R,3.0130207538604736,33.186834249947466,7.2282395362854,10.519499778747559
161,leaves,ABL-ET2X-R-PreviousRawEdge-CatmullRomRGB-Fixed080,2.9874837398529053,33.00933282044823,7.547983646392822,9.813288688659668
161,leaves,ABL-ET2X-R-PreviousRawEdge-CatmullRomRGB-Fixed080-EncodedGamma2Blend,2.9837565422058105,33.03504200157029,7.549300193786621,9.818563461303711
161,grass-seam,O-T2X-R,1.9897724390029907,37.36290821562718,4.600578308105469,5.834153175354004
161,grass-seam,ABL-ET2X-R-PreviousRawEdge-CatmullRomRGB-Fixed080,1.8398692607879639,37.80848756906242,4.939316272735596,5.457006454467773
161,grass-seam,ABL-ET2X-R-PreviousRawEdge-CatmullRomRGB-Fixed080-EncodedGamma2Blend,1.83944571018219,37.823521006317016,4.9394965171813965,5.460948944091797
162,seams,O-T2X-R,1.8640787601470947,34.81795764970912,1.952731728553772,3.0112030506134033
162,seams,ABL-ET2X-R-PreviousRawEdge-CatmullRomRGB-Fixed080,1.4911946058273315,36.48254740043568,1.8346837759017944,1.7617061138153076
162,seams,ABL-ET2X-R-PreviousRawEdge-CatmullRomRGB-Fixed080-EncodedGamma2Blend,1.4880207777023315,36.53468925390046,1.8385454416275024,1.7629371881484985
162,thin-seam,O-T2X-R,2.307996988296509,33.08488117194847,2.1916720867156982,3.2442548274993896
162,thin-seam,ABL-ET2X-R-PreviousRawEdge-CatmullRomRGB-Fixed080,1.4763997793197632,37.05209307519854,2.1360743045806885,2.109539747238159
162,thin-seam,ABL-ET2X-R-PreviousRawEdge-CatmullRomRGB-Fixed080-EncodedGamma2Blend,1.4698892831802368,37.15080314813141,2.1426804065704346,2.1116716861724854
162,leaves,O-T2X-R,2.837207078933716,33.62087918246144,7.455449104309082,9.428515434265137
162,leaves,ABL-ET2X-R-PreviousRawEdge-CatmullRomRGB-Fixed080,3.033154249191284,32.79379070458851,7.619243621826172,9.938334465026855
162,leaves,ABL-ET2X-R-PreviousRawEdge-CatmullRomRGB-Fixed080-EncodedGamma2Blend,3.0280110836029053,32.82548647741794,7.620476722717285,9.94311237335205
162,grass-seam,O-T2X-R,1.933127522468567,37.73313076609764,4.914223670959473,5.1082763671875
162,grass-seam,ABL-ET2X-R-PreviousRawEdge-CatmullRomRGB-Fixed080,1.8134229183197021,37.863026683475134,4.870697975158691,5.489357948303223
162,grass-seam,ABL-ET2X-R-PreviousRawEdge-CatmullRomRGB-Fixed080-EncodedGamma2Blend,1.8120310306549072,37.880433474394295,4.872134208679199,5.49526309967041
163,seams,O-T2X-R,1.8542805910110474,34.49983081056014,1.9084577560424805,1.7313766479492188
163,seams,ABL-ET2X-R-PreviousRawEdge-CatmullRomRGB-Fixed080,1.587158203125,36.246146651350536,1.9699627161026,1.9624217748641968
163,seams,ABL-ET2X-R-PreviousRawEdge-CatmullRomRGB-Fixed080-EncodedGamma2Blend,1.5800617933273315,36.31738847537217,1.9760005474090576,1.9684816598892212
163,thin-seam,O-T2X-R,2.0812175273895264,33.527403707849025,2.326369047164917,2.1918153762817383
163,thin-seam,ABL-ET2X-R-PreviousRawEdge-CatmullRomRGB-Fixed080,1.4930013418197632,39.12196065751762,2.317457914352417,2.441138982772827
163,thin-seam,ABL-ET2X-R-PreviousRawEdge-CatmullRomRGB-Fixed080-EncodedGamma2Blend,1.4825303554534912,39.23122459069945,2.326589584350586,2.449319362640381
163,leaves,O-T2X-R,3.029313087463379,33.18416539385272,7.066554069519043,10.163443565368652
163,leaves,ABL-ET2X-R-PreviousRawEdge-CatmullRomRGB-Fixed080,3.089892625808716,32.526675365391434,7.658358097076416,9.958536148071289
163,leaves,ABL-ET2X-R-PreviousRawEdge-CatmullRomRGB-Fixed080-EncodedGamma2Blend,3.084244728088379,32.55423962095831,7.660396575927734,9.961999893188477
163,grass-seam,O-T2X-R,2.037339687347412,37.16765810107751,4.646638870239258,5.889443397521973
163,grass-seam,ABL-ET2X-R-PreviousRawEdge-CatmullRomRGB-Fixed080,1.8304890394210815,37.498916946170894,4.9472761154174805,5.450167655944824
163,grass-seam,ABL-ET2X-R-PreviousRawEdge-CatmullRomRGB-Fixed080-EncodedGamma2Blend,1.8286129236221313,37.518982772865236,4.9494404792785645,5.454878330230713
164,seams,O-T2X-R,2.0550944805145264,33.38415778988888,1.9880622625350952,2.9211912155151367
164,seams,ABL-ET2X-R-PreviousRawEdge-CatmullRomRGB-Fixed080,1.550634741783142,35.99263122746697,1.8749139308929443,1.9021517038345337
164,seams,ABL-ET2X-R-PreviousRawEdge-CatmullRomRGB-Fixed080-EncodedGamma2Blend,1.5444661378860474,36.089612583358004,1.8798494338989258,1.9044418334960938
164,thin-seam,O-T2X-R,2.3748371601104736,32.52544973059008,2.4732134342193604,3.5631330013275146
164,thin-seam,ABL-ET2X-R-PreviousRawEdge-CatmullRomRGB-Fixed080,1.6668294668197632,35.62515579495659,2.3569769859313965,2.509263277053833
164,thin-seam,ABL-ET2X-R-PreviousRawEdge-CatmullRomRGB-Fixed080-EncodedGamma2Blend,1.6598306894302368,35.716015557399125,2.3629395961761475,2.5161659717559814
164,leaves,O-T2X-R,2.842041015625,33.607505218104635,7.148821830749512,8.843324661254883
164,leaves,ABL-ET2X-R-PreviousRawEdge-CatmullRomRGB-Fixed080,3.020052194595337,32.868210365687474,7.483218193054199,9.73143196105957
164,leaves,ABL-ET2X-R-PreviousRawEdge-CatmullRomRGB-Fixed080-EncodedGamma2Blend,3.0148274898529053,32.892232265774695,7.4842209815979,9.737104415893555
164,grass-seam,O-T2X-R,1.885741949081421,37.899828736995,4.800419807434082,5.06000280380249
164,grass-seam,ABL-ET2X-R-PreviousRawEdge-CatmullRomRGB-Fixed080,1.8047688007354736,37.70256424710618,4.959228038787842,5.544961929321289
164,grass-seam,ABL-ET2X-R-PreviousRawEdge-CatmullRomRGB-Fixed080-EncodedGamma2Blend,1.8021665811538696,37.74696668441273,4.958268165588379,5.544958591461182
165,seams,O-T2X-R,1.8408203125,35.016645581467365,1.9085547924041748,1.635176658630371
165,seams,ABL-ET2X-R-PreviousRawEdge-CatmullRomRGB-Fixed080,1.3217936754226685,38.00576124164965,1.7437673807144165,1.838311791419983
165,seams,ABL-ET2X-R-PreviousRawEdge-CatmullRomRGB-Fixed080-EncodedGamma2Blend,1.3141764402389526,38.12878952617772,1.7458915710449219,1.842484474182129
165,thin-seam,O-T2X-R,1.9393988847732544,35.23966236376565,2.363335371017456,1.8839272260665894
165,thin-seam,ABL-ET2X-R-PreviousRawEdge-CatmullRomRGB-Fixed080,1.3222113847732544,38.639281467370296,2.0656564235687256,2.2284820079803467
165,thin-seam,ABL-ET2X-R-PreviousRawEdge-CatmullRomRGB-Fixed080-EncodedGamma2Blend,1.3135308027267456,38.72212857806827,2.0686428546905518,2.234055280685425
165,leaves,O-T2X-R,3.0557942390441895,32.967227670511846,6.987410068511963,9.465997695922852
165,leaves,ABL-ET2X-R-PreviousRawEdge-CatmullRomRGB-Fixed080,2.995882272720337,32.946729147997424,7.284523963928223,9.202859878540039
165,leaves,ABL-ET2X-R-PreviousRawEdge-CatmullRomRGB-Fixed080-EncodedGamma2Blend,2.991015672683716,32.97085423064799,7.285902500152588,9.204407691955566
165,grass-seam,O-T2X-R,1.9654442071914673,37.48480561112733,4.689504146575928,5.807710647583008
165,grass-seam,ABL-ET2X-R-PreviousRawEdge-CatmullRomRGB-Fixed080,1.8130598068237305,37.45240143950949,4.968810081481934,5.519101619720459
165,grass-seam,ABL-ET2X-R-PreviousRawEdge-CatmullRomRGB-Fixed080-EncodedGamma2Blend,1.8097918033599854,37.51207097876239,4.967378616333008,5.518102645874023
166,seams,O-T2X-R,1.8515299558639526,35.371215210099024,2.2587528228759766,3.3383383750915527
166,seams,ABL-ET2X-R-PreviousRawEdge-CatmullRomRGB-Fixed080,1.5781086683273315,36.15854109146626,1.8891338109970093,1.7723243236541748
166,seams,ABL-ET2X-R-PreviousRawEdge-CatmullRomRGB-Fixed080-EncodedGamma2Blend,1.571191430091858,36.24807525019019,1.893397569656372,1.775312066078186
166,thin-seam,O-T2X-R,2.082411050796509,34.38994032583915,2.727379083633423,4.113288402557373
166,thin-seam,ABL-ET2X-R-PreviousRawEdge-CatmullRomRGB-Fixed080,1.6421983242034912,37.15388789991617,2.403714179992676,2.3601858615875244
166,thin-seam,ABL-ET2X-R-PreviousRawEdge-CatmullRomRGB-Fixed080-EncodedGamma2Blend,1.6373155117034912,37.22946597209258,2.4112024307250977,2.3642899990081787
166,leaves,O-T2X-R,2.7923502922058105,33.7794530702802,7.136358737945557,8.759051322937012
166,leaves,ABL-ET2X-R-PreviousRawEdge-CatmullRomRGB-Fixed080,2.9822754859924316,32.91150765988185,7.2359185218811035,8.97177791595459
166,leaves,ABL-ET2X-R-PreviousRawEdge-CatmullRomRGB-Fixed080-EncodedGamma2Blend,2.978727102279663,32.931752647204895,7.239138126373291,8.973190307617188
166,grass-seam,O-T2X-R,1.911704182624817,37.81368825928246,4.889806747436523,5.037034034729004
166,grass-seam,ABL-ET2X-R-PreviousRawEdge-CatmullRomRGB-Fixed080,1.8099733591079712,37.652179995633134,5.0095391273498535,5.500231742858887
166,grass-seam,ABL-ET2X-R-PreviousRawEdge-CatmullRomRGB-Fixed080-EncodedGamma2Blend,1.8074315786361694,37.69404689463608,5.008872985839844,5.496790409088135
167,seams,O-T2X-R,1.5276204347610474,37.797816353464874,2.013197422027588,1.6888782978057861
167,seams,ABL-ET2X-R-PreviousRawEdge-CatmullRomRGB-Fixed080,1.4007974863052368,37.00244938200417,1.8373031616210938,1.7222381830215454
167,seams,ABL-ET2X-R-PreviousRawEdge-CatmullRomRGB-Fixed080-EncodedGamma2Blend,1.3925455808639526,37.1074851504377,1.8399572372436523,1.7236168384552002
167,thin-seam,O-T2X-R,1.6569552421569824,37.58554344479495,2.549004316329956,1.773314356803894
167,thin-seam,ABL-ET2X-R-PreviousRawEdge-CatmullRomRGB-Fixed080,1.4143880605697632,37.69606356044782,2.268845796585083,2.1366090774536133
167,thin-seam,ABL-ET2X-R-PreviousRawEdge-CatmullRomRGB-Fixed080-EncodedGamma2Blend,1.4061957597732544,37.78847102632647,2.274136543273926,2.141146659851074
167,leaves,O-T2X-R,2.95068359375,33.38212756629709,7.270354270935059,9.994556427001953
167,leaves,ABL-ET2X-R-PreviousRawEdge-CatmullRomRGB-Fixed080,2.9860026836395264,32.88240291320466,7.3128156661987305,9.0507230758667
167,leaves,ABL-ET2X-R-PreviousRawEdge-CatmullRomRGB-Fixed080-EncodedGamma2Blend,2.982633352279663,32.90560373435399,7.314723968505859,9.055697441101074
167,grass-seam,O-T2X-R,2.012587785720825,37.282458846361415,4.731199741363525,5.819963455200195
167,grass-seam,ABL-ET2X-R-PreviousRawEdge-CatmullRomRGB-Fixed080,1.7715444564819336,37.79428400961481,4.994744777679443,5.487777233123779
167,grass-seam,ABL-ET2X-R-PreviousRawEdge-CatmullRomRGB-Fixed080-EncodedGamma2Blend,1.770031452178955,37.81825958694625,4.993730545043945,5.487268924713135
168,seams,O-T2X-R,1.734277367591858,36.09316611653913,2.1446003913879395,3.250706911087036
168,seams,ABL-ET2X-R-PreviousRawEdge-CatmullRomRGB-Fixed080,1.3677408695220947,38.278855321875355,1.8344058990478516,1.9266622066497803
168,seams,ABL-ET2X-R-PreviousRawEdge-CatmullRomRGB-Fixed080-EncodedGamma2Blend,1.3595702648162842,38.37365918074227,1.8365468978881836,1.9288371801376343
168,thin-seam,O-T2X-R,1.8525933027267456,36.568137101629226,2.5465028285980225,3.9899520874023438
168,thin-seam,ABL-ET2X-R-PreviousRawEdge-CatmullRomRGB-Fixed080,1.5171983242034912,38.474356095404644,2.3016197681427,2.3439478874206543
168,thin-seam,ABL-ET2X-R-PreviousRawEdge-CatmullRomRGB-Fixed080-EncodedGamma2Blend,1.5094943046569824,38.568084006928885,2.306649684906006,2.3484370708465576
168,leaves,O-T2X-R,2.7127604484558105,33.93446730417927,7.242135524749756,9.350483894348145
168,leaves,ABL-ET2X-R-PreviousRawEdge-CatmullRomRGB-Fixed080,2.9359700679779053,33.09870176153553,7.3647780418396,9.35998821258545
168,leaves,ABL-ET2X-R-PreviousRawEdge-CatmullRomRGB-Fixed080-EncodedGamma2Blend,2.9327311515808105,33.11832724936681,7.369235038757324,9.368468284606934
168,grass-seam,O-T2X-R,1.8741225004196167,37.91100784958309,4.8829216957092285,5.143985748291016
168,grass-seam,ABL-ET2X-R-PreviousRawEdge-CatmullRomRGB-Fixed080,1.7653111219406128,38.089370206156936,4.978469371795654,5.476710796356201
168,grass-seam,ABL-ET2X-R-PreviousRawEdge-CatmullRomRGB-Fixed080-EncodedGamma2Blend,1.7636165618896484,38.11380560620223,4.979239463806152,5.476420879364014
169,seams,O-T2X-R,1.767578125,35.6489068207057,2.0695223808288574,1.6901195049285889
169,seams,ABL-ET2X-R-PreviousRawEdge-CatmullRomRGB-Fixed080,1.4715006351470947,36.651088136524116,1.939072847366333,1.8805694580078125
169,seams,ABL-ET2X-R-PreviousRawEdge-CatmullRomRGB-Fixed080-EncodedGamma2Blend,1.4683431386947632,36.72337012427041,1.9425647258758545,1.8841562271118164
169,thin-seam,O-T2X-R,1.8253037929534912,36.03025188472516,2.5758981704711914,1.6868038177490234
169,thin-seam,ABL-ET2X-R-PreviousRawEdge-CatmullRomRGB-Fixed080,1.6126302480697632,36.72289808985808,2.51544451713562,2.5332095623016357
169,thin-seam,ABL-ET2X-R-PreviousRawEdge-CatmullRomRGB-Fixed080-EncodedGamma2Blend,1.6061197519302368,36.81721537518723,2.5217630863189697,2.539700746536255
169,leaves,O-T2X-R,2.9551594257354736,33.32542188469826,7.089398384094238,10.1566801071167
169,leaves,ABL-ET2X-R-PreviousRawEdge-CatmullRomRGB-Fixed080,2.8800456523895264,33.275289907768986,7.438388824462891,9.58772087097168
169,leaves,ABL-ET2X-R-PreviousRawEdge-CatmullRomRGB-Fixed080-EncodedGamma2Blend,2.877685546875,33.293911601202694,7.444277763366699,9.599688529968262
169,grass-seam,O-T2X-R,2.0152504444122314,37.470853117552124,4.6759562492370605,5.795814514160156
169,grass-seam,ABL-ET2X-R-PreviousRawEdge-CatmullRomRGB-Fixed080,1.755628228187561,38.27770999023033,5.036895751953125,5.531414031982422
169,grass-seam,ABL-ET2X-R-PreviousRawEdge-CatmullRomRGB-Fixed080-EncodedGamma2Blend,1.7539942264556885,38.30386081101027,5.0381035804748535,5.532699108123779
170,seams,O-T2X-R,1.9115885496139526,34.9913078770098,1.8956019878387451,3.0372400283813477
170,seams,ABL-ET2X-R-PreviousRawEdge-CatmullRomRGB-Fixed080,1.4467610120773315,37.770249852525055,1.8856483697891235,1.8126811981201172
170,seams,ABL-ET2X-R-PreviousRawEdge-CatmullRomRGB-Fixed080-EncodedGamma2Blend,1.4434244632720947,37.81707420841673,1.8869266510009766,1.8149373531341553
170,thin-seam,O-T2X-R,1.9487847089767456,36.50006254835304,2.3357737064361572,3.7671260833740234
170,thin-seam,ABL-ET2X-R-PreviousRawEdge-CatmullRomRGB-Fixed080,1.4802517890930176,37.848175488403776,2.3420321941375732,2.36981201171875
170,thin-seam,ABL-ET2X-R-PreviousRawEdge-CatmullRomRGB-Fixed080-EncodedGamma2Blend,1.4703233242034912,37.92239029684825,2.345858097076416,2.3744447231292725
170,leaves,O-T2X-R,2.7211263179779053,34.052746814821894,7.303698539733887,9.257634162902832
170,leaves,ABL-ET2X-R-PreviousRawEdge-CatmullRomRGB-Fixed080,2.896240234375,33.15720742465515,7.500120639801025,9.714563369750977
170,leaves,ABL-ET2X-R-PreviousRawEdge-CatmullRomRGB-Fixed080-EncodedGamma2Blend,2.892854928970337,33.17926222195804,7.50314474105835,9.723182678222656
170,grass-seam,O-T2X-R,1.8717622756958008,38.248311782340984,4.852051258087158,5.031811714172363
170,grass-seam,ABL-ET2X-R-PreviousRawEdge-CatmullRomRGB-Fixed080,1.7746307849884033,38.247960730211986,5.053205966949463,5.549806594848633
170,grass-seam,ABL-ET2X-R-PreviousRawEdge-CatmullRomRGB-Fixed080-EncodedGamma2Blend,1.7725732326507568,38.274340019940546,5.055605411529541,5.551392078399658
171,seams,O-T2X-R,1.985986351966858,34.054048757357435,1.8359829187393188,1.4851890802383423
171,seams,ABL-ET2X-R-PreviousRawEdge-CatmullRomRGB-Fixed080,1.5134928226470947,37.556345265083834,1.9845192432403564,2.1073877811431885
171,seams,ABL-ET2X-R-PreviousRawEdge-CatmullRomRGB-Fixed080-EncodedGamma2Blend,1.5116047859191895,37.584066027989905,1.9878513813018799,2.112276554107666
171,thin-seam,O-T2X-R,2.3743488788604736,32.316999831697316,2.247553825378418,1.5642423629760742
171,thin-seam,ABL-ET2X-R-PreviousRawEdge-CatmullRomRGB-Fixed080,1.6686197519302368,37.269763147361,2.5581886768341064,2.7579901218414307
171,thin-seam,ABL-ET2X-R-PreviousRawEdge-CatmullRomRGB-Fixed080-EncodedGamma2Blend,1.6605902910232544,37.35256034964002,2.5643279552459717,2.7658605575561523
171,leaves,O-T2X-R,2.969205617904663,33.26891189711394,7.002895355224609,10.0408296585083
171,leaves,ABL-ET2X-R-PreviousRawEdge-CatmullRomRGB-Fixed080,2.874544382095337,33.248120317160954,7.516655921936035,9.729243278503418
171,leaves,ABL-ET2X-R-PreviousRawEdge-CatmullRomRGB-Fixed080-EncodedGamma2Blend,2.871061086654663,33.27060121610997,7.5177483558654785,9.734918594360352
171,grass-seam,O-T2X-R,1.9672597646713257,37.83455429696349,4.658828258514404,5.819286346435547
171,grass-seam,ABL-ET2X-R-PreviousRawEdge-CatmullRomRGB-Fixed080,1.7609537839889526,38.43443654899305,4.986191749572754,5.5201640129089355
171,grass-seam,ABL-ET2X-R-PreviousRawEdge-CatmullRomRGB-Fixed080-EncodedGamma2Blend,1.7593803405761719,38.46174978217853,4.987241744995117,5.525247097015381
172,seams,O-T2X-R,2.0213541984558105,34.7427770894469,2.1979615688323975,3.0694732666015625
172,seams,ABL-ET2X-R-PreviousRawEdge-CatmullRomRGB-Fixed080,1.47216796875,37.29729875339524,1.9947612285614014,1.9480518102645874
172,seams,ABL-ET2X-R-PreviousRawEdge-CatmullRomRGB-Fixed080-EncodedGamma2Blend,1.4714192152023315,37.34102971514953,1.9977385997772217,1.9494602680206299
172,thin-seam,O-T2X-R,2.384385824203491,33.34631468507706,2.816873550415039,3.8934285640716553
172,thin-seam,ABL-ET2X-R-PreviousRawEdge-CatmullRomRGB-Fixed080,1.4182400703430176,38.39977067688194,2.541064500808716,2.335819721221924
172,thin-seam,ABL-ET2X-R-PreviousRawEdge-CatmullRomRGB-Fixed080-EncodedGamma2Blend,1.4099935293197632,38.512006297713725,2.547178030014038,2.337053060531616
172,leaves,O-T2X-R,2.7298665046691895,33.93883464945017,7.134502410888672,8.804754257202148
172,leaves,ABL-ET2X-R-PreviousRawEdge-CatmullRomRGB-Fixed080,2.8570475578308105,33.28018482905678,7.498922824859619,9.676137924194336
172,leaves,ABL-ET2X-R-PreviousRawEdge-CatmullRomRGB-Fixed080-EncodedGamma2Blend,2.8533692359924316,33.30508472630475,7.502335548400879,9.680243492126465
172,grass-seam,O-T2X-R,1.8380537033081055,38.54404169961789,4.993442058563232,5.1212029457092285
172,grass-seam,ABL-ET2X-R-PreviousRawEdge-CatmullRomRGB-Fixed080,1.7746913433074951,38.2993228943399,5.098690509796143,5.543592929840088
172,grass-seam,ABL-ET2X-R-PreviousRawEdge-CatmullRomRGB-Fixed080-EncodedGamma2Blend,1.7735415697097778,38.321867874234556,5.099873065948486,5.547854423522949
173,seams,O-T2X-R,1.7832682132720947,36.29341706380732,2.0640883445739746,1.7789394855499268
173,seams,ABL-ET2X-R-PreviousRawEdge-CatmullRomRGB-Fixed080,1.5787760019302368,36.34881185120604,2.020348310470581,2.1248576641082764
173,seams,ABL-ET2X-R-PreviousRawEdge-CatmullRomRGB-Fixed080-EncodedGamma2Blend,1.5748697519302368,36.39184969488352,2.025883913040161,2.1315524578094482
173,thin-seam,O-T2X-R,2.0436198711395264,35.47536815792649,2.474191904067993,1.9065061807632446
173,thin-seam,ABL-ET2X-R-PreviousRawEdge-CatmullRomRGB-Fixed080,1.5643988847732544,37.79609928777317,2.4441118240356445,2.8583900928497314
173,thin-seam,ABL-ET2X-R-PreviousRawEdge-CatmullRomRGB-Fixed080-EncodedGamma2Blend,1.5549588203430176,37.8902153023181,2.4523911476135254,2.867852210998535
173,leaves,O-T2X-R,2.9686198234558105,33.21635225368419,6.938654899597168,9.564875602722168
173,leaves,ABL-ET2X-R-PreviousRawEdge-CatmullRomRGB-Fixed080,2.823274850845337,33.36192432452472,7.422879219055176,9.513145446777344
173,leaves,ABL-ET2X-R-PreviousRawEdge-CatmullRomRGB-Fixed080-EncodedGamma2Blend,2.8201823234558105,33.383150749209136,7.424246311187744,9.519133567810059
173,grass-seam,O-T2X-R,1.9888646602630615,37.78196975472093,4.732233047485352,5.767092227935791
173,grass-seam,ABL-ET2X-R-PreviousRawEdge-CatmullRomRGB-Fixed080,1.760288119316101,38.28018442227595,5.090770721435547,5.582386493682861
173,grass-seam,ABL-ET2X-R-PreviousRawEdge-CatmullRomRGB-Fixed080-EncodedGamma2Blend,1.759198784828186,38.29828450144135,5.091009140014648,5.584262847900391
174,seams,O-T2X-R,1.8551106452941895,34.99331892402352,2.037287712097168,3.2034029960632324
174,seams,ABL-ET2X-R-PreviousRawEdge-CatmullRomRGB-Fixed080,1.6508138179779053,35.759422937758714,1.9842621088027954,2.1306066513061523
174,seams,ABL-ET2X-R-PreviousRawEdge-CatmullRomRGB-Fixed080-EncodedGamma2Blend,1.647802710533142,35.79795382864131,1.987945795059204,2.1368439197540283
174,thin-seam,O-T2X-R,2.277452230453491,33.5246210345433,2.5793468952178955,3.941493272781372
174,thin-seam,ABL-ET2X-R-PreviousRawEdge-CatmullRomRGB-Fixed080,1.6771376132965088,37.06457260062257,2.5694162845611572,2.69219970703125
174,thin-seam,ABL-ET2X-R-PreviousRawEdge-CatmullRomRGB-Fixed080-EncodedGamma2Blend,1.6705728769302368,37.14860383182216,2.573765754699707,2.698711395263672
174,leaves,O-T2X-R,2.7412109375,33.9632719336677,6.998437404632568,8.650752067565918
174,leaves,ABL-ET2X-R-PreviousRawEdge-CatmullRomRGB-Fixed080,2.817089796066284,33.41175370095397,7.358456611633301,9.411574363708496
174,leaves,ABL-ET2X-R-PreviousRawEdge-CatmullRomRGB-Fixed080-EncodedGamma2Blend,2.813736915588379,33.436965810759645,7.359371185302734,9.416290283203125
174,grass-seam,O-T2X-R,1.8137860298156738,38.41949557950282,5.030949115753174,5.067337512969971
174,grass-seam,ABL-ET2X-R-PreviousRawEdge-CatmullRomRGB-Fixed080,1.7414064407348633,38.212116393239015,5.046520709991455,5.628502368927002
174,grass-seam,ABL-ET2X-R-PreviousRawEdge-CatmullRomRGB-Fixed080-EncodedGamma2Blend,1.7408617734909058,38.229101006033936,5.048339366912842,5.63018274307251
175,seams,O-T2X-R,1.7708008289337158,36.290158647371854,1.9069715738296509,1.6832679510116577
175,seams,ABL-ET2X-R-PreviousRawEdge-CatmullRomRGB-Fixed080,1.6384114027023315,36.43927161273836,1.9663480520248413,2.045809268951416
175,seams,ABL-ET2X-R-PreviousRawEdge-CatmullRomRGB-Fixed080-EncodedGamma2Blend,1.6334798336029053,36.517323537722014,1.9707807302474976,2.048970937728882
175,thin-seam,O-T2X-R,1.8137478828430176,36.63534190378463,2.627934694290161,2.0966148376464844
175,thin-seam,ABL-ET2X-R-PreviousRawEdge-CatmullRomRGB-Fixed080,1.6145291328430176,37.218910105974544,2.486868143081665,2.665726900100708
175,thin-seam,ABL-ET2X-R-PreviousRawEdge-CatmullRomRGB-Fixed080-EncodedGamma2Blend,1.6095377206802368,37.292684197513054,2.49141001701355,2.6668853759765625
175,leaves,O-T2X-R,2.9683594703674316,33.262441714853175,6.854905128479004,9.457540512084961
175,leaves,ABL-ET2X-R-PreviousRawEdge-CatmullRomRGB-Fixed080,2.850292921066284,33.30633893158193,7.291395664215088,9.292947769165039
175,leaves,ABL-ET2X-R-PreviousRawEdge-CatmullRomRGB-Fixed080-EncodedGamma2Blend,2.8465495109558105,33.334401207369325,7.293013572692871,9.296539306640625
175,grass-seam,O-T2X-R,1.9344589710235596,37.850737962218474,4.834975719451904,6.032004356384277
175,grass-seam,ABL-ET2X-R-PreviousRawEdge-CatmullRomRGB-Fixed080,1.7109053134918213,38.40536155303712,5.0425639152526855,5.566061019897461
175,grass-seam,ABL-ET2X-R-PreviousRawEdge-CatmullRomRGB-Fixed080-EncodedGamma2Blend,1.710965871810913,38.42306430525642,5.045665740966797,5.566765308380127
176,seams,O-T2X-R,1.8014811277389526,36.03932460931802,2.160381317138672,3.103039503097534
176,seams,ABL-ET2X-R-PreviousRawEdge-CatmullRomRGB-Fixed080,1.4723632335662842,36.941589041498666,2.0017950534820557,2.032299757003784
176,seams,ABL-ET2X-R-PreviousRawEdge-CatmullRomRGB-Fixed080-EncodedGamma2Blend,1.4673340320587158,37.03469862802933,2.005429744720459,2.035698175430298
176,thin-seam,O-T2X-R,1.9699435234069824,35.54747735021102,2.6280393600463867,3.9165122509002686
176,thin-seam,ABL-ET2X-R-PreviousRawEdge-CatmullRomRGB-Fixed080,1.4519857168197632,37.89789029365034,2.4742729663848877,2.5483717918395996
176,thin-seam,ABL-ET2X-R-PreviousRawEdge-CatmullRomRGB-Fixed080-EncodedGamma2Blend,1.4488389492034912,37.961145453884335,2.4786980152130127,2.552199602127075
176,leaves,O-T2X-R,2.7562825679779053,33.89095195917435,6.963980674743652,8.62360954284668
176,leaves,ABL-ET2X-R-PreviousRawEdge-CatmullRomRGB-Fixed080,2.8446614742279053,33.25216842325914,7.284541130065918,9.227712631225586
176,leaves,ABL-ET2X-R-PreviousRawEdge-CatmullRomRGB-Fixed080-EncodedGamma2Blend,2.8408854007720947,33.28000671057721,7.284937858581543,9.230969429016113
176,grass-seam,O-T2X-R,1.8884047269821167,38.16759699015999,4.890337944030762,5.121616363525391
176,grass-seam,ABL-ET2X-R-PreviousRawEdge-CatmullRomRGB-Fixed080,1.7084846496582031,38.32151082597487,5.156698226928711,5.523288726806641
176,grass-seam,ABL-ET2X-R-PreviousRawEdge-CatmullRomRGB-Fixed080-EncodedGamma2Blend,1.7080609798431396,38.336944323784245,5.15783166885376,5.52598762512207
177,seams,O-T2X-R,1.8428385257720947,34.886813553458644,1.8995720148086548,1.613532304763794
177,seams,ABL-ET2X-R-PreviousRawEdge-CatmullRomRGB-Fixed080,1.5629719495773315,36.46699287945922,2.019840955734253,1.9364912509918213
177,seams,ABL-ET2X-R-PreviousRawEdge-CatmullRomRGB-Fixed080-EncodedGamma2Blend,1.5569173097610474,36.54976644468466,2.0234944820404053,1.9396930932998657
177,thin-seam,O-T2X-R,1.9854058027267456,34.82197591623588,2.4384348392486572,1.803018569946289
177,thin-seam,ABL-ET2X-R-PreviousRawEdge-CatmullRomRGB-Fixed080,1.5188802480697632,37.74472616023951,2.439610004425049,2.3030402660369873
177,thin-seam,ABL-ET2X-R-PreviousRawEdge-CatmullRomRGB-Fixed080-EncodedGamma2Blend,1.5130208730697632,37.81680681078377,2.4467384815216064,2.3091824054718018
177,leaves,O-T2X-R,2.937793016433716,33.3423451189623,6.812737941741943,9.5067777633667
177,leaves,ABL-ET2X-R-PreviousRawEdge-CatmullRomRGB-Fixed080,2.8788411617279053,33.080646997201036,7.269129276275635,9.259164810180664
177,leaves,ABL-ET2X-R-PreviousRawEdge-CatmullRomRGB-Fixed080-EncodedGamma2Blend,2.875276803970337,33.09887701752464,7.27136754989624,9.261621475219727
177,grass-seam,O-T2X-R,1.8548777103424072,38.309142634704855,4.744375228881836,5.714154243469238
177,grass-seam,ABL-ET2X-R-PreviousRawEdge-CatmullRomRGB-Fixed080,1.7341443300247192,38.24733996929835,5.095216274261475,5.592718601226807
177,grass-seam,ABL-ET2X-R-PreviousRawEdge-CatmullRomRGB-Fixed080-EncodedGamma2Blend,1.733357548713684,38.26408347597149,5.097891807556152,5.59802770614624
178,seams,O-T2X-R,1.9475911855697632,34.79345830086881,2.2514445781707764,3.2383739948272705
178,seams,ABL-ET2X-R-PreviousRawEdge-CatmullRomRGB-Fixed080,1.6070150136947632,36.97016707919844,1.973028540611267,1.929636001586914
178,seams,ABL-ET2X-R-PreviousRawEdge-CatmullRomRGB-Fixed080-EncodedGamma2Blend,1.5989420413970947,37.08493127008681,1.977573037147522,1.9315063953399658
178,thin-seam,O-T2X-R,2.0623371601104736,34.92149918572756,2.6028172969818115,4.03803825378418
178,thin-seam,ABL-ET2X-R-PreviousRawEdge-CatmullRomRGB-Fixed080,1.5464409589767456,38.03115726197249,2.4637999534606934,2.4050204753875732
178,thin-seam,ABL-ET2X-R-PreviousRawEdge-CatmullRomRGB-Fixed080-EncodedGamma2Blend,1.53955078125,38.1105641134186,2.4713542461395264,2.4113364219665527
178,leaves,O-T2X-R,2.7236979007720947,33.9103274616882,7.074575901031494,8.643630981445312
178,leaves,ABL-ET2X-R-PreviousRawEdge-CatmullRomRGB-Fixed080,2.881054639816284,33.02417127320719,7.258791923522949,9.2933988571167
178,leaves,ABL-ET2X-R-PreviousRawEdge-CatmullRomRGB-Fixed080-EncodedGamma2Blend,2.877246141433716,33.0465498812737,7.260067939758301,9.297070503234863
178,grass-seam,O-T2X-R,1.7726942300796509,38.940250637123846,4.982132434844971,5.164661884307861
178,grass-seam,ABL-ET2X-R-PreviousRawEdge-CatmullRomRGB-Fixed080,1.695896863937378,38.706159606258296,5.065252304077148,5.58687686920166
178,grass-seam,ABL-ET2X-R-PreviousRawEdge-CatmullRomRGB-Fixed080-EncodedGamma2Blend,1.6942024230957031,38.72462230546261,5.06488561630249,5.588697910308838
179,seams,O-T2X-R,1.9125651121139526,34.84678839737369,1.7779258489608765,1.8932726383209229
179,seams,ABL-ET2X-R-PreviousRawEdge-CatmullRomRGB-Fixed080,1.5353353023529053,36.74990043572124,2.045325756072998,2.065741539001465
179,seams,ABL-ET2X-R-PreviousRawEdge-CatmullRomRGB-Fixed080-EncodedGamma2Blend,1.5266276597976685,36.86036747333094,2.0492866039276123,2.0707504749298096
179,thin-seam,O-T2X-R,2.0617947578430176,34.34252630294972,2.1976630687713623,2.084782838821411
179,thin-seam,ABL-ET2X-R-PreviousRawEdge-CatmullRomRGB-Fixed080,1.6200087070465088,37.42697719898683,2.5363402366638184,2.6910250186920166
179,thin-seam,ABL-ET2X-R-PreviousRawEdge-CatmullRomRGB-Fixed080-EncodedGamma2Blend,1.6100260019302368,37.52870441119998,2.5414645671844482,2.6983611583709717
179,leaves,O-T2X-R,2.89453125,33.528870213124065,6.864383697509766,9.47681713104248
179,leaves,ABL-ET2X-R-PreviousRawEdge-CatmullRomRGB-Fixed080,2.8388671875,33.231891519697626,7.269062042236328,9.264721870422363
179,leaves,ABL-ET2X-R-PreviousRawEdge-CatmullRomRGB-Fixed080-EncodedGamma2Blend,2.835009813308716,33.26039849761175,7.268866539001465,9.26679515838623
179,grass-seam,O-T2X-R,1.912490963935852,38.077099961333076,4.674810886383057,5.784849643707275
179,grass-seam,ABL-ET2X-R-PreviousRawEdge-CatmullRomRGB-Fixed080,1.6796175241470337,38.926023584846014,5.089818954467773,5.5467376708984375
179,grass-seam,ABL-ET2X-R-PreviousRawEdge-CatmullRomRGB-Fixed080-EncodedGamma2Blend,1.6784071922302246,38.944433048239006,5.089052677154541,5.544465065002441
180,seams,O-T2X-R,2.0679688453674316,33.84413627778458,2.1335742473602295,2.961974620819092
180,seams,ABL-ET2X-R-PreviousRawEdge-CatmullRomRGB-Fixed080,1.6416015625,36.2255626068426,2.059295654296875,1.9230388402938843
180,seams,ABL-ET2X-R-PreviousRawEdge-CatmullRomRGB-Fixed080-EncodedGamma2Blend,1.6363931894302368,36.28891884041105,2.0608906745910645,1.9247066974639893
180,thin-seam,O-T2X-R,2.355523109436035,33.053835925718076,2.514410972595215,3.51788592338562
180,thin-seam,ABL-ET2X-R-PreviousRawEdge-CatmullRomRGB-Fixed080,1.6222330331802368,37.22334338245405,2.406440496444702,2.431335210800171
180,thin-seam,ABL-ET2X-R-PreviousRawEdge-CatmullRomRGB-Fixed080-EncodedGamma2Blend,1.6207681894302368,37.27893251031713,2.41050124168396,2.435889720916748
180,leaves,O-T2X-R,2.662386178970337,34.22051310067286,7.0141706466674805,8.544848442077637
180,leaves,ABL-ET2X-R-PreviousRawEdge-CatmullRomRGB-Fixed080,2.8069498538970947,33.32899542900902,7.31658411026001,9.273881912231445
180,leaves,ABL-ET2X-R-PreviousRawEdge-CatmullRomRGB-Fixed080-EncodedGamma2Blend,2.803434133529663,33.35437999575018,7.318207740783691,9.275705337524414
180,grass-seam,O-T2X-R,1.8118494749069214,38.731920871286285,4.926960468292236,4.986077308654785
180,grass-seam,ABL-ET2X-R-PreviousRawEdge-CatmullRomRGB-Fixed080,1.6752601861953735,38.86671152714117,5.021573066711426,5.537235736846924
180,grass-seam,ABL-ET2X-R-PreviousRawEdge-CatmullRomRGB-Fixed080-EncodedGamma2Blend,1.673323631286621,38.88562072570868,5.021533489227295,5.537898540496826
181,seams,O-T2X-R,1.7432780265808105,36.55701221404265,1.8863261938095093,2.8458430767059326
181,seams,ABL-ET2X-R-PreviousRawEdge-CatmullRomRGB-Fixed080,1.6967284679412842,35.689365707599706,0.2485664337873459,2.034085512161255
181,seams,ABL-ET2X-R-PreviousRawEdge-CatmullRomRGB-Fixed080-EncodedGamma2Blend,1.6941568851470947,35.717060309022045,0.2468549907207489,2.0360517501831055
181,thin-seam,O-T2X-R,1.7615017890930176,36.77859342837749,2.427645683288574,3.5026190280914307
181,thin-seam,ABL-ET2X-R-PreviousRawEdge-CatmullRomRGB-Fixed080,1.68798828125,36.842274138111335,0.40939804911613464,2.386472702026367
181,thin-seam,ABL-ET2X-R-PreviousRawEdge-CatmullRomRGB-Fixed080-EncodedGamma2Blend,1.6898329257965088,36.8437455763952,0.40634211897850037,2.3881285190582275
181,leaves,O-T2X-R,3.738964796066284,31.884250339504593,3.5952630043029785,9.493305206298828
181,leaves,ABL-ET2X-R-PreviousRawEdge-CatmullRomRGB-Fixed080,2.7007813453674316,33.40822563789935,0.4746965765953064,7.420629978179932
181,leaves,ABL-ET2X-R-PreviousRawEdge-CatmullRomRGB-Fixed080-EncodedGamma2Blend,2.696728467941284,33.429548533003214,0.47440987825393677,7.424302101135254
181,grass-seam,O-T2X-R,2.654986619949341,35.90262842656194,2.4295578002929688,6.8999857902526855
181,grass-seam,ABL-ET2X-R-PreviousRawEdge-CatmullRomRGB-Fixed080,1.581336259841919,39.0838355343718,0.2247018963098526,5.093127250671387
181,grass-seam,ABL-ET2X-R-PreviousRawEdge-CatmullRomRGB-Fixed080-EncodedGamma2Blend,1.5787944793701172,39.10286144098378,0.2248622477054596,5.09585428237915
182,seams,O-T2X-R,1.2729328870773315,38.302918288406566,0.9531251192092896,2.6548001766204834
182,seams,ABL-ET2X-R-PreviousRawEdge-CatmullRomRGB-Fixed080,1.7000325918197632,35.65099119946095,0.0756448358297348,0.1732446849346161
182,seams,ABL-ET2X-R-PreviousRawEdge-CatmullRomRGB-Fixed080-EncodedGamma2Blend,1.6980469226837158,35.66260388016592,0.07495108991861343,0.17227044701576233
182,thin-seam,O-T2X-R,1.2390950918197632,39.47512344066054,1.0935508012771606,3.316465377807617
182,thin-seam,ABL-ET2X-R-PreviousRawEdge-CatmullRomRGB-Fixed080,1.7251518964767456,36.486810291369466,0.10207843035459518,0.3073432743549347
182,thin-seam,ABL-ET2X-R-PreviousRawEdge-CatmullRomRGB-Fixed080-EncodedGamma2Blend,1.7265625,36.47340520873186,0.10257948189973831,0.3040425777435303
182,leaves,O-T2X-R,2.4217610359191895,34.537924850979046,2.816697120666504,6.329148292541504
182,leaves,ABL-ET2X-R-PreviousRawEdge-CatmullRomRGB-Fixed080,2.6612305641174316,33.4593394431542,0.2268078774213791,0.2509736120700836
182,leaves,ABL-ET2X-R-PreviousRawEdge-CatmullRomRGB-Fixed080-EncodedGamma2Blend,2.657665967941284,33.475384951447296,0.22732870280742645,0.2501256763935089
182,grass-seam,O-T2X-R,1.468409538269043,39.96791720984325,1.932512879371643,4.285205364227295
182,grass-seam,ABL-ET2X-R-PreviousRawEdge-CatmullRomRGB-Fixed080,1.5437545776367188,39.212493334065094,0.08300567418336868,0.1425749659538269
182,grass-seam,ABL-ET2X-R-PreviousRawEdge-CatmullRomRGB-Fixed080-EncodedGamma2Blend,1.5404865741729736,39.235277672173915,0.08370642364025116,0.14219041168689728
183,seams,O-T2X-R,1.2729328870773315,38.302918288406566,0.0,0.9531251192092896
183,seams,ABL-ET2X-R-PreviousRawEdge-CatmullRomRGB-Fixed080,1.7123534679412842,35.523116064108606,0.05555911734700203,0.020426269620656967
183,seams,ABL-ET2X-R-PreviousRawEdge-CatmullRomRGB-Fixed080-EncodedGamma2Blend,1.7135741710662842,35.519414673877854,0.05522766709327698,0.020048324018716812
183,thin-seam,O-T2X-R,1.2390950918197632,39.47512344066054,0.0,1.0935508012771606
183,thin-seam,ABL-ET2X-R-PreviousRawEdge-CatmullRomRGB-Fixed080,1.7629666328430176,36.072452001518094,0.07627735286951065,0.02580118365585804
183,thin-seam,ABL-ET2X-R-PreviousRawEdge-CatmullRomRGB-Fixed080-EncodedGamma2Blend,1.7648653984069824,36.04413218566111,0.0763775110244751,0.02620207704603672
183,leaves,O-T2X-R,2.4217610359191895,34.537924850979046,0.0,2.816697120666504
183,leaves,ABL-ET2X-R-PreviousRawEdge-CatmullRomRGB-Fixed080,2.6675944328308105,33.383219599254545,0.17043113708496094,0.05867563560605049
183,leaves,ABL-ET2X-R-PreviousRawEdge-CatmullRomRGB-Fixed080-EncodedGamma2Blend,2.6654460430145264,33.39232630247019,0.1699460744857788,0.05972103402018547
183,grass-seam,O-T2X-R,1.468409538269043,39.96791720984325,0.0,1.932512879371643
183,grass-seam,ABL-ET2X-R-PreviousRawEdge-CatmullRomRGB-Fixed080,1.527172565460205,39.25266598018296,0.055578432977199554,0.02817636728286743
183,grass-seam,ABL-ET2X-R-PreviousRawEdge-CatmullRomRGB-Fixed080-EncodedGamma2Blend,1.5248123407363892,39.272277031584366,0.05478840693831444,0.029667146503925323
184,seams,O-T2X-R,1.2729328870773315,38.302918288406566,0.0,0.0
184,seams,ABL-ET2X-R-PreviousRawEdge-CatmullRomRGB-Fixed080,1.7331054210662842,35.3618269471064,0.042775195091962814,0.013114402070641518
184,seams,ABL-ET2X-R-PreviousRawEdge-CatmullRomRGB-Fixed080-EncodedGamma2Blend,1.734765648841858,35.35034923100936,0.042618393898010254,0.012933747842907906
184,thin-seam,O-T2X-R,1.2390950918197632,39.47512344066054,0.0,0.0
184,thin-seam,ABL-ET2X-R-PreviousRawEdge-CatmullRomRGB-Fixed080,1.7964409589767456,35.679684420745794,0.06051086261868477,0.01576668955385685
184,thin-seam,ABL-ET2X-R-PreviousRawEdge-CatmullRomRGB-Fixed080-EncodedGamma2Blend,1.79833984375,35.643003471458165,0.06093975529074669,0.015437974594533443
184,leaves,O-T2X-R,2.4217610359191895,34.537924850979046,0.0,0.0
184,leaves,ABL-ET2X-R-PreviousRawEdge-CatmullRomRGB-Fixed080,2.695996046066284,33.243703881307674,0.12836258113384247,0.04414784163236618
184,leaves,ABL-ET2X-R-PreviousRawEdge-CatmullRomRGB-Fixed080-EncodedGamma2Blend,2.6941568851470947,33.24711688440199,0.12826834619045258,0.043835271149873734
184,grass-seam,O-T2X-R,1.468409538269043,39.96791720984325,0.0,0.0
184,grass-seam,ABL-ET2X-R-PreviousRawEdge-CatmullRomRGB-Fixed080,1.5234204530715942,39.2388718589986,0.037377551198005676,0.01833079382777214
184,grass-seam,ABL-ET2X-R-PreviousRawEdge-CatmullRomRGB-Fixed080-EncodedGamma2Blend,1.5214838981628418,39.25620643192336,0.03741687908768654,0.01750144548714161
185,seams,O-T2X-R,1.2729328870773315,38.302918288406566,0.0,0.0
185,seams,ABL-ET2X-R-PreviousRawEdge-CatmullRomRGB-Fixed080,1.75146484375,35.198516360213496,0.03483773022890091,0.00826155673712492
185,seams,ABL-ET2X-R-PreviousRawEdge-CatmullRomRGB-Fixed080-EncodedGamma2Blend,1.753320336341858,35.18105631590848,0.03442614525556564,0.008508501574397087
185,thin-seam,O-T2X-R,1.2390950918197632,39.47512344066054,0.0,0.0
185,thin-seam,ABL-ET2X-R-PreviousRawEdge-CatmullRomRGB-Fixed080,1.8245443105697632,35.332046616426474,0.05040765926241875,0.010103349573910236
185,thin-seam,ABL-ET2X-R-PreviousRawEdge-CatmullRomRGB-Fixed080-EncodedGamma2Blend,1.8263888359069824,35.29210599903395,0.05044161155819893,0.010498270392417908
185,leaves,O-T2X-R,2.4217610359191895,34.537924850979046,0.0,0.0
185,leaves,ABL-ET2X-R-PreviousRawEdge-CatmullRomRGB-Fixed080,2.7290689945220947,33.08773685496365,0.09693465381860733,0.0329328253865242
185,leaves,ABL-ET2X-R-PreviousRawEdge-CatmullRomRGB-Fixed080-EncodedGamma2Blend,2.727978467941284,33.08592454641004,0.09699968993663788,0.03293072432279587
185,grass-seam,O-T2X-R,1.468409538269043,39.96791720984325,0.0,0.0
185,grass-seam,ABL-ET2X-R-PreviousRawEdge-CatmullRomRGB-Fixed080,1.5262647867202759,39.19865812692715,0.02489187754690647,0.012718907557427883
185,grass-seam,ABL-ET2X-R-PreviousRawEdge-CatmullRomRGB-Fixed080-EncodedGamma2Blend,1.524993896484375,39.211616750175125,0.025476083159446716,0.012614334002137184
186,seams,O-T2X-R,1.2729328870773315,38.302918288406566,0.0,0.0
186,seams,ABL-ET2X-R-PreviousRawEdge-CatmullRomRGB-Fixed080,1.7675944566726685,35.03875548757269,0.026416480541229248,0.008682320825755596
186,seams,ABL-ET2X-R-PreviousRawEdge-CatmullRomRGB-Fixed080-EncodedGamma2Blend,1.7696614265441895,35.01769469144432,0.02597990073263645,0.008701058104634285
186,thin-seam,O-T2X-R,1.2390950918197632,39.47512344066054,0.0,0.0
186,thin-seam,ABL-ET2X-R-PreviousRawEdge-CatmullRomRGB-Fixed080,1.8466796875,35.035851137918414,0.03799257054924965,0.012415164150297642
186,thin-seam,ABL-ET2X-R-PreviousRawEdge-CatmullRomRGB-Fixed080-EncodedGamma2Blend,1.8489041328430176,34.994467822284236,0.03778175637125969,0.012659934349358082
186,leaves,O-T2X-R,2.4217610359191895,34.537924850979046,0.0,0.0
186,leaves,ABL-ET2X-R-PreviousRawEdge-CatmullRomRGB-Fixed080,2.7621419429779053,32.93321113151945,0.0686693862080574,0.030040085315704346
186,leaves,ABL-ET2X-R-PreviousRawEdge-CatmullRomRGB-Fixed080-EncodedGamma2Blend,2.76171875,32.92706019262121,0.06852518767118454,0.02995646558701992
186,grass-seam,O-T2X-R,1.468409538269043,39.96791720984325,0.0,0.0
186,grass-seam,ABL-ET2X-R-PreviousRawEdge-CatmullRomRGB-Fixed080,1.53074312210083,39.155251480801965,0.012113191187381744,0.013113792985677719
186,grass-seam,ABL-ET2X-R-PreviousRawEdge-CatmullRomRGB-Fixed080-EncodedGamma2Blend,1.5299564599990845,39.166079096287746,0.013113163411617279,0.012698032893240452
187,seams,O-T2X-R,1.2729328870773315,38.302918288406566,0.0,0.0
187,seams,ABL-ET2X-R-PreviousRawEdge-CatmullRomRGB-Fixed080,1.781005859375,34.88899431653372,0.019284728914499283,0.007201194763183594
187,seams,ABL-ET2X-R-PreviousRawEdge-CatmullRomRGB-Fixed080-EncodedGamma2Blend,1.7829753160476685,34.868205273330034,0.018751345574855804,0.007318772375583649
187,thin-seam,O-T2X-R,1.2390950918197632,39.47512344066054,0.0,0.0
187,thin-seam,ABL-ET2X-R-PreviousRawEdge-CatmullRomRGB-Fixed080,1.8646376132965088,34.77576518781091,0.02795681171119213,0.010035861283540726
187,thin-seam,ABL-ET2X-R-PreviousRawEdge-CatmullRomRGB-Fixed080-EncodedGamma2Blend,1.8669705390930176,34.73530999421995,0.027119962498545647,0.010661877691745758
187,leaves,O-T2X-R,2.4217610359191895,34.537924850979046,0.0,0.0
187,leaves,ABL-ET2X-R-PreviousRawEdge-CatmullRomRGB-Fixed080,2.7904295921325684,32.79607267030309,0.04909542575478554,0.020700082182884216
187,leaves,ABL-ET2X-R-PreviousRawEdge-CatmullRomRGB-Fixed080-EncodedGamma2Blend,2.790478467941284,32.78806924424476,0.0487620048224926,0.02103554643690586
187,grass-seam,O-T2X-R,1.468409538269043,39.96791720984325,0.0,0.0
187,grass-seam,ABL-ET2X-R-PreviousRawEdge-CatmullRomRGB-Fixed080,1.5343742370605469,39.11926449233221,0.006927322596311569,0.005341803189367056
187,grass-seam,ABL-ET2X-R-PreviousRawEdge-CatmullRomRGB-Fixed080-EncodedGamma2Blend,1.5336480140686035,39.129572839999184,0.0072651575319468975,0.0060811429284513
188,seams,O-T2X-R,1.2729328870773315,38.302918288406566,0.0,0.0
188,seams,ABL-ET2X-R-PreviousRawEdge-CatmullRomRGB-Fixed080,1.7923665046691895,34.758125574997536,0.014164559543132782,0.005258140619844198
188,seams,ABL-ET2X-R-PreviousRawEdge-CatmullRomRGB-Fixed080-EncodedGamma2Blend,1.7939127683639526,34.74112505908668,0.013696757145226002,0.005192143842577934
188,thin-seam,O-T2X-R,1.2390950918197632,39.47512344066054,0.0,0.0
188,thin-seam,ABL-ET2X-R-PreviousRawEdge-CatmullRomRGB-Fixed080,1.8795030117034912,34.56319630373113,0.01929856278002262,0.008658329956233501
188,thin-seam,ABL-ET2X-R-PreviousRawEdge-CatmullRomRGB-Fixed080-EncodedGamma2Blend,1.8815103769302368,34.52939190783485,0.018903180956840515,0.00821684766560793
188,leaves,O-T2X-R,2.4217610359191895,34.537924850979046,0.0,0.0
188,leaves,ABL-ET2X-R-PreviousRawEdge-CatmullRomRGB-Fixed080,2.8133463859558105,32.6792914396441,0.03491444140672684,0.015139838680624962
188,leaves,ABL-ET2X-R-PreviousRawEdge-CatmullRomRGB-Fixed080-EncodedGamma2Blend,2.813427686691284,32.67061135176419,0.03433307260274887,0.015311406925320625
188,grass-seam,O-T2X-R,1.468409538269043,39.96791720984325,0.0,0.0
188,grass-seam,ABL-ET2X-R-PreviousRawEdge-CatmullRomRGB-Fixed080,1.536552906036377,39.09366607800037,0.0041387444362044334,0.0028410532977432013
188,grass-seam,ABL-ET2X-R-PreviousRawEdge-CatmullRomRGB-Fixed080-EncodedGamma2Blend,1.5358266830444336,39.10397958444278,0.003904539393261075,0.0033868749160319567
189,seams,O-T2X-R,1.2729328870773315,38.302918288406566,0.0,0.0
189,seams,ABL-ET2X-R-PreviousRawEdge-CatmullRomRGB-Fixed080,1.8013997077941895,34.65041855322043,0.010385626927018166,0.003946224227547646
189,seams,ABL-ET2X-R-PreviousRawEdge-CatmullRomRGB-Fixed080-EncodedGamma2Blend,1.8027018308639526,34.637807001291065,0.00999794714152813,0.0038590827025473118
189,thin-seam,O-T2X-R,1.2390950918197632,39.47512344066054,0.0,0.0
189,thin-seam,ABL-ET2X-R-PreviousRawEdge-CatmullRomRGB-Fixed080,1.8921983242034912,34.387133495044665,0.014914500527083874,0.0043841153383255005
189,thin-seam,ABL-ET2X-R-PreviousRawEdge-CatmullRomRGB-Fixed080-EncodedGamma2Blend,1.8933919668197632,34.36638654908391,0.014030848629772663,0.004872409161180258
189,leaves,O-T2X-R,2.4217610359191895,34.537924850979046,0.0,0.0
189,leaves,ABL-ET2X-R-PreviousRawEdge-CatmullRomRGB-Fixed080,2.830859422683716,32.58386594386983,0.024183977395296097,0.011265808716416359
189,leaves,ABL-ET2X-R-PreviousRawEdge-CatmullRomRGB-Fixed080-EncodedGamma2Blend,2.8306803703308105,32.57592893421784,0.023711003363132477,0.011185219511389732
189,grass-seam,O-T2X-R,1.468409538269043,39.96791720984325,0.0,0.0
189,grass-seam,ABL-ET2X-R-PreviousRawEdge-CatmullRomRGB-Fixed080,1.538065791130066,39.077784173060714,0.001983474940061569,0.00215528323315084
189,grass-seam,ABL-ET2X-R-PreviousRawEdge-CatmullRomRGB-Fixed080-EncodedGamma2Blend,1.5373395681381226,39.08720816092169,0.002100209705531597,0.0018043351592496037
190,seams,O-T2X-R,1.2729328870773315,38.302918288406566,0.0,0.0
190,seams,ABL-ET2X-R-PreviousRawEdge-CatmullRomRGB-Fixed080,1.8078938722610474,34.573731744276806,0.007317344658076763,0.003158805426210165
190,seams,ABL-ET2X-R-PreviousRawEdge-CatmullRomRGB-Fixed080-EncodedGamma2Blend,1.8088867664337158,34.565689892749546,0.0067903585731983185,0.0032844014931470156
190,thin-seam,O-T2X-R,1.2390950918197632,39.47512344066054,0.0,0.0
190,thin-seam,ABL-ET2X-R-PreviousRawEdge-CatmullRomRGB-Fixed080,1.9003363847732544,34.269281416105144,0.009462046436965466,0.005452471319586039
190,thin-seam,ABL-ET2X-R-PreviousRawEdge-CatmullRomRGB-Fixed080-EncodedGamma2Blend,1.9007704257965088,34.2614831062254,0.008090351708233356,0.005940516944974661
190,leaves,O-T2X-R,2.4217610359191895,34.537924850979046,0.0,0.0
190,leaves,ABL-ET2X-R-PreviousRawEdge-CatmullRomRGB-Fixed080,2.8436036109924316,32.507656194186,0.016326313838362694,0.00836426392197609
190,leaves,ABL-ET2X-R-PreviousRawEdge-CatmullRomRGB-Fixed080-EncodedGamma2Blend,2.84326171875,32.5001430102644,0.015964478254318237,0.00826017651706934
190,grass-seam,O-T2X-R,1.468409538269043,39.96791720984325,0.0,0.0
190,grass-seam,ABL-ET2X-R-PreviousRawEdge-CatmullRomRGB-Fixed080,1.538731575012207,39.07082780147386,0.0010378331644460559,0.0009456418338231742
190,grass-seam,ABL-ET2X-R-PreviousRawEdge-CatmullRomRGB-Fixed080-EncodedGamma2Blend,1.5380053520202637,39.07990943598618,0.0009720801608636975,0.0011281406041234732
191,seams,O-T2X-R,1.2729328870773315,38.302918288406566,0.0,0.0
191,seams,ABL-ET2X-R-PreviousRawEdge-CatmullRomRGB-Fixed080,1.8135579824447632,34.50792021052982,0.005427688825875521,0.0019531496800482273
191,seams,ABL-ET2X-R-PreviousRawEdge-CatmullRomRGB-Fixed080-EncodedGamma2Blend,1.8143880367279053,34.50072845016058,0.005154896527528763,0.0016848563682287931
191,thin-seam,O-T2X-R,1.2390950918197632,39.47512344066054,0.0,0.0
191,thin-seam,ABL-ET2X-R-PreviousRawEdge-CatmullRomRGB-Fixed080,1.9072265625,34.171316605968684,0.0069751800037920475,0.0024868957698345184
191,thin-seam,ABL-ET2X-R-PreviousRawEdge-CatmullRomRGB-Fixed080-EncodedGamma2Blend,1.9074978828430176,34.16438194914828,0.00678957998752594,0.0013008291134610772
191,leaves,O-T2X-R,2.4217610359191895,34.537924850979046,0.0,0.0
191,leaves,ABL-ET2X-R-PreviousRawEdge-CatmullRomRGB-Fixed080,2.8526530265808105,32.44720651992139,0.0107896002009511,0.005959445144981146
191,leaves,ABL-ET2X-R-PreviousRawEdge-CatmullRomRGB-Fixed080-EncodedGamma2Blend,2.852018117904663,32.44185301066361,0.010322663933038712,0.006133484188467264
191,grass-seam,O-T2X-R,1.468409538269043,39.96791720984325,0.0,0.0
191,grass-seam,ABL-ET2X-R-PreviousRawEdge-CatmullRomRGB-Fixed080,1.5389735698699951,39.06723920180296,0.00033689290285110474,0.0007009402615949512
191,grass-seam,ABL-ET2X-R-PreviousRawEdge-CatmullRomRGB-Fixed080-EncodedGamma2Blend,1.5382473468780518,39.07618305587831,0.0003368915058672428,0.0006351886549964547
192,seams,O-T2X-R,1.2729328870773315,38.302918288406566,0.0,0.0
192,seams,ABL-ET2X-R-PreviousRawEdge-CatmullRomRGB-Fixed080,1.818457007408142,34.44867938154032,0.004457928705960512,0.0009909637738019228
192,seams,ABL-ET2X-R-PreviousRawEdge-CatmullRomRGB-Fixed080-EncodedGamma2Blend,1.8190592527389526,34.44384700701995,0.004175086505711079,0.0010292008519172668
192,thin-seam,O-T2X-R,1.2390950918197632,39.47512344066054,0.0,0.0
192,thin-seam,ABL-ET2X-R-PreviousRawEdge-CatmullRomRGB-Fixed080,1.9133028984069824,34.082919189243086,0.00618424266576767,0.0007910045678727329
192,thin-seam,ABL-ET2X-R-PreviousRawEdge-CatmullRomRGB-Fixed080-EncodedGamma2Blend,1.9133028984069824,34.07941377033647,0.005893324967473745,0.0008963073487393558
192,leaves,O-T2X-R,2.4217610359191895,34.537924850979046,0.0,0.0
192,leaves,ABL-ET2X-R-PreviousRawEdge-CatmullRomRGB-Fixed080,2.8592610359191895,32.400143213348315,0.007282859180122614,0.003652116283774376
192,leaves,ABL-ET2X-R-PreviousRawEdge-CatmullRomRGB-Fixed080-EncodedGamma2Blend,2.8585124015808105,32.39536613767673,0.006945041008293629,0.0034607190173119307
192,grass-seam,O-T2X-R,1.468409538269043,39.96791720984325,0.0,0.0
192,grass-seam,ABL-ET2X-R-PreviousRawEdge-CatmullRomRGB-Fixed080,1.539155125617981,39.06459886668032,0.00029829159029759467,3.860130163957365e-05
192,grass-seam,ABL-ET2X-R-PreviousRawEdge-CatmullRomRGB-Fixed080-EncodedGamma2Blend,1.5383684635162354,39.07409203818943,0.0002596944395918399,7.719705899944529e-05
193,seams,O-T2X-R,1.2729328870773315,38.302918288406566,0.0,0.0
193,seams,ABL-ET2X-R-PreviousRawEdge-CatmullRomRGB-Fixed080,1.8218424320220947,34.404691885723274,0.003098041983321309,0.001388114644214511
193,seams,ABL-ET2X-R-PreviousRawEdge-CatmullRomRGB-Fixed080-EncodedGamma2Blend,1.8222492933273315,34.401560661855044,0.0028644793201237917,0.001331786043010652
193,thin-seam,O-T2X-R,1.2390950918197632,39.47512344066054,0.0,0.0
193,thin-seam,ABL-ET2X-R-PreviousRawEdge-CatmullRomRGB-Fixed080,1.9175889492034912,34.01885164232843,0.00475354352965951,0.001430721371434629
193,thin-seam,ABL-ET2X-R-PreviousRawEdge-CatmullRomRGB-Fixed080-EncodedGamma2Blend,1.9174262285232544,34.017617717441084,0.004486126359552145,0.0014072135090827942
193,leaves,O-T2X-R,2.4217610359191895,34.537924850979046,0.0,0.0
193,leaves,ABL-ET2X-R-PreviousRawEdge-CatmullRomRGB-Fixed080,2.863558053970337,32.36691940025982,0.004557020030915737,0.002808909397572279
193,leaves,ABL-ET2X-R-PreviousRawEdge-CatmullRomRGB-Fixed080-EncodedGamma2Blend,2.8626465797424316,32.36313784867847,0.004246950149536133,0.0027603977359831333
193,grass-seam,O-T2X-R,1.468409538269043,39.96791720984325,0.0,0.0
193,grass-seam,ABL-ET2X-R-PreviousRawEdge-CatmullRomRGB-Fixed080,1.5392156839370728,39.0635236726601,0.00012984791828785092,0.00016844367200974375
193,grass-seam,ABL-ET2X-R-PreviousRawEdge-CatmullRomRGB-Fixed080-EncodedGamma2Blend,1.5384289026260376,39.072949147607915,0.00012984791828785092,0.00012984653585590422
194,seams,O-T2X-R,1.2729328870773315,38.302918288406566,0.0,0.0
194,seams,ABL-ET2X-R-PreviousRawEdge-CatmullRomRGB-Fixed080,1.823632836341858,34.379128898186444,0.0016843840712681413,0.0014136735117062926
194,seams,ABL-ET2X-R-PreviousRawEdge-CatmullRomRGB-Fixed080-EncodedGamma2Blend,1.823583960533142,34.38182014867249,0.0013179078232496977,0.0015465833712369204
194,thin-seam,O-T2X-R,1.2390950918197632,39.47512344066054,0.0,0.0
194,thin-seam,ABL-ET2X-R-PreviousRawEdge-CatmullRomRGB-Fixed080,1.9195963144302368,33.987999393789316,0.0024977512657642365,0.0022557948250323534
194,thin-seam,ABL-ET2X-R-PreviousRawEdge-CatmullRomRGB-Fixed080-EncodedGamma2Blend,1.9187283515930176,33.997467668427895,0.0016485005617141724,0.002837625565007329
194,leaves,O-T2X-R,2.4217610359191895,34.537924850979046,0.0,0.0
194,leaves,ABL-ET2X-R-PreviousRawEdge-CatmullRomRGB-Fixed080,2.8665690422058105,32.342927112949546,0.0029439080972224474,0.0016131291631609201
194,leaves,ABL-ET2X-R-PreviousRawEdge-CatmullRomRGB-Fixed080-EncodedGamma2Blend,2.865478515625,32.34085983863849,0.0025711040943861008,0.0016758590936660767
194,grass-seam,O-T2X-R,1.468409538269043,39.96791720984325,0.0,0.0
194,grass-seam,ABL-ET2X-R-PreviousRawEdge-CatmullRomRGB-Fixed080,1.5392762422561646,39.062383559506856,0.00012984791828785092,0.0
194,grass-seam,ABL-ET2X-R-PreviousRawEdge-CatmullRomRGB-Fixed080-EncodedGamma2Blend,1.5384894609451294,39.07174123184891,0.00012984653585590422,1.3851478852799914e-09
195,seams,O-T2X-R,1.2729328870773315,38.302918288406566,0.0,0.0
195,seams,ABL-ET2X-R-PreviousRawEdge-CatmullRomRGB-Fixed080,1.8242024183273315,34.3707371839872,0.0005687009543180466,0.001115688355639577
195,seams,ABL-ET2X-R-PreviousRawEdge-CatmullRomRGB-Fixed080-EncodedGamma2Blend,1.8240560293197632,34.37467357741417,0.000439649069448933,0.0008782647782936692
195,thin-seam,O-T2X-R,1.2390950918197632,39.47512344066054,0.0,0.0
195,thin-seam,ABL-ET2X-R-PreviousRawEdge-CatmullRomRGB-Fixed080,1.9196505546569824,33.98726423748035,3.46029810316395e-05,0.002463148208335042
195,thin-seam,ABL-ET2X-R-PreviousRawEdge-CatmullRomRGB-Fixed080-EncodedGamma2Blend,1.9187283515930176,33.997467668427895,0.0,0.0016485005617141724
195,leaves,O-T2X-R,2.4217610359191895,34.537924850979046,0.0,0.0
195,leaves,ABL-ET2X-R-PreviousRawEdge-CatmullRomRGB-Fixed080,2.8685710430145264,32.32621137663797,0.0017282122280448675,0.0012157043674960732
195,leaves,ABL-ET2X-R-PreviousRawEdge-CatmullRomRGB-Fixed080-EncodedGamma2Blend,2.867382764816284,32.32441571459072,0.0016413849079981446,0.0009297273936681449
195,grass-seam,O-T2X-R,1.468409538269043,39.96791720984325,0.0,0.0
195,grass-seam,ABL-ET2X-R-PreviousRawEdge-CatmullRomRGB-Fixed080,1.5393366813659668,39.0611785784065,0.00012984653585590422,1.3851478852799914e-09
195,grass-seam,ABL-ET2X-R-PreviousRawEdge-CatmullRomRGB-Fixed080-EncodedGamma2Blend,1.5384894609451294,39.07174123184891,0.0,0.00012984653585590422
196,seams,O-T2X-R,1.2729328870773315,38.302918288406566,0.0,0.0
196,seams,ABL-ET2X-R-PreviousRawEdge-CatmullRomRGB-Fixed080,1.8243489265441895,34.36826072385123,7.683597505092621e-05,0.000491867947857827
196,seams,ABL-ET2X-R-PreviousRawEdge-CatmullRomRGB-Fixed080-EncodedGamma2Blend,1.8241373300552368,34.37342044792593,6.273425969993696e-05,0.00037691480247303843
196,thin-seam,O-T2X-R,1.2390950918197632,39.47512344066054,0.0,0.0
196,thin-seam,ABL-ET2X-R-PreviousRawEdge-CatmullRomRGB-Fixed080,1.9196505546569824,33.98726423748035,0.0,3.46029810316395e-05
196,thin-seam,ABL-ET2X-R-PreviousRawEdge-CatmullRomRGB-Fixed080-EncodedGamma2Blend,1.9187283515930176,33.997467668427895,0.0,0.0
196,leaves,O-T2X-R,2.4217610359191895,34.537924850979046,0.0,0.0
196,leaves,ABL-ET2X-R-PreviousRawEdge-CatmullRomRGB-Fixed080,2.8698079586029053,32.31418556460685,0.001067235367372632,0.0006609821575693786
196,leaves,ABL-ET2X-R-PreviousRawEdge-CatmullRomRGB-Fixed080-EncodedGamma2Blend,2.8684732913970947,32.31368899083121,0.0008794247987680137,0.000761963427066803
196,grass-seam,O-T2X-R,1.468409538269043,39.96791720984325,0.0,0.0
196,grass-seam,ABL-ET2X-R-PreviousRawEdge-CatmullRomRGB-Fixed080,1.5393366813659668,39.0611785784065,0.0,0.00012984653585590422
196,grass-seam,ABL-ET2X-R-PreviousRawEdge-CatmullRomRGB-Fixed080-EncodedGamma2Blend,1.5384894609451294,39.07174123184891,0.0,0.0
197,seams,O-T2X-R,1.2729328870773315,38.302918288406566,0.0,0.0
197,seams,ABL-ET2X-R-PreviousRawEdge-CatmullRomRGB-Fixed080,1.824365258216858,34.368186187152844,3.5256148294138256e-06,7.331035885727033e-05
197,seams,ABL-ET2X-R-PreviousRawEdge-CatmullRomRGB-Fixed080-EncodedGamma2Blend,1.8241536617279053,34.37334024321029,3.524869725879398e-06,5.920939292991534e-05
197,thin-seam,O-T2X-R,1.2390950918197632,39.47512344066054,0.0,0.0
197,thin-seam,ABL-ET2X-R-PreviousRawEdge-CatmullRomRGB-Fixed080,1.9196505546569824,33.98726423748035,0.0,0.0
197,thin-seam,ABL-ET2X-R-PreviousRawEdge-CatmullRomRGB-Fixed080-EncodedGamma2Blend,1.9187283515930176,33.997467668427895,0.0,0.0
197,leaves,O-T2X-R,2.4217610359191895,34.537924850979046,0.0,0.0
197,leaves,ABL-ET2X-R-PreviousRawEdge-CatmullRomRGB-Fixed080,2.870556592941284,32.306406213599466,0.0005946578457951546,0.00047258008271455765
197,leaves,ABL-ET2X-R-PreviousRawEdge-CatmullRomRGB-Fixed080-EncodedGamma2Blend,2.869107961654663,32.307036300658986,0.00044836924644187093,0.0004310574440751225
197,grass-seam,O-T2X-R,1.468409538269043,39.96791720984325,0.0,0.0
197,grass-seam,ABL-ET2X-R-PreviousRawEdge-CatmullRomRGB-Fixed080,1.5393366813659668,39.0611785784065,0.0,0.0
197,grass-seam,ABL-ET2X-R-PreviousRawEdge-CatmullRomRGB-Fixed080-EncodedGamma2Blend,1.5384894609451294,39.07174123184891,0.0,0.0
198,seams,O-T2X-R,1.2729328870773315,38.302918288406566,0.0,0.0
198,seams,ABL-ET2X-R-PreviousRawEdge-CatmullRomRGB-Fixed080,1.8243814706802368,34.36810607904346,3.524869725879398e-06,7.450580707946131e-10
198,seams,ABL-ET2X-R-PreviousRawEdge-CatmullRomRGB-Fixed080-EncodedGamma2Blend,1.8241536617279053,34.37334024321029,0.0,3.524869725879398e-06
198,thin-seam,O-T2X-R,1.2390950918197632,39.47512344066054,0.0,0.0
198,thin-seam,ABL-ET2X-R-PreviousRawEdge-CatmullRomRGB-Fixed080,1.9196505546569824,33.98726423748035,0.0,0.0
198,thin-seam,ABL-ET2X-R-PreviousRawEdge-CatmullRomRGB-Fixed080-EncodedGamma2Blend,1.9187283515930176,33.997467668427895,0.0,0.0
198,leaves,O-T2X-R,2.4217610359191895,34.537924850979046,0.0,0.0
198,leaves,ABL-ET2X-R-PreviousRawEdge-CatmullRomRGB-Fixed080,2.871044874191284,32.30120304090613,0.00035474711330607533,0.000239914093981497
198,leaves,ABL-ET2X-R-PreviousRawEdge-CatmullRomRGB-Fixed080-EncodedGamma2Blend,2.8694825172424316,32.30270250885503,0.00027810558094643056,0.00017026513523887843
198,grass-seam,O-T2X-R,1.468409538269043,39.96791720984325,0.0,0.0
198,grass-seam,ABL-ET2X-R-PreviousRawEdge-CatmullRomRGB-Fixed080,1.5393366813659668,39.0611785784065,0.0,0.0
198,grass-seam,ABL-ET2X-R-PreviousRawEdge-CatmullRomRGB-Fixed080-EncodedGamma2Blend,1.5384894609451294,39.07174123184891,0.0,0.0
199,seams,O-T2X-R,1.2729328870773315,38.302918288406566,0.0,0.0
199,seams,ABL-ET2X-R-PreviousRawEdge-CatmullRomRGB-Fixed080,1.8243814706802368,34.36810607904346,0.0,3.524869725879398e-06
199,seams,ABL-ET2X-R-PreviousRawEdge-CatmullRomRGB-Fixed080-EncodedGamma2Blend,1.8241536617279053,34.37334024321029,0.0,0.0
199,thin-seam,O-T2X-R,1.2390950918197632,39.47512344066054,0.0,0.0
199,thin-seam,ABL-ET2X-R-PreviousRawEdge-CatmullRomRGB-Fixed080,1.9196505546569824,33.98726423748035,0.0,0.0
199,thin-seam,ABL-ET2X-R-PreviousRawEdge-CatmullRomRGB-Fixed080-EncodedGamma2Blend,1.9187283515930176,33.997467668427895,0.0,0.0
199,leaves,O-T2X-R,2.4217610359191895,34.537924850979046,0.0,0.0
199,leaves,ABL-ET2X-R-PreviousRawEdge-CatmullRomRGB-Fixed080,2.871305227279663,32.298090614183465,0.00017006862617563456,0.00018467847257852554
199,leaves,ABL-ET2X-R-PreviousRawEdge-CatmullRomRGB-Fixed080-EncodedGamma2Blend,2.869677782058716,32.3002574822057,0.00011085961159551516,0.00016724671877454966
199,grass-seam,O-T2X-R,1.468409538269043,39.96791720984325,0.0,0.0
199,grass-seam,ABL-ET2X-R-PreviousRawEdge-CatmullRomRGB-Fixed080,1.5393366813659668,39.0611785784065,0.0,0.0
199,grass-seam,ABL-ET2X-R-PreviousRawEdge-CatmullRomRGB-Fixed080-EncodedGamma2Blend,1.5384894609451294,39.07174123184891,0.0,0.0
200,seams,O-T2X-R,1.2729328870773315,38.302918288406566,0.0,0.0
200,seams,ABL-ET2X-R-PreviousRawEdge-CatmullRomRGB-Fixed080,1.8243814706802368,34.36810607904346,0.0,0.0
200,seams,ABL-ET2X-R-PreviousRawEdge-CatmullRomRGB-Fixed080-EncodedGamma2Blend,1.8241536617279053,34.37334024321029,0.0,0.0
200,thin-seam,O-T2X-R,1.2390950918197632,39.47512344066054,0.0,0.0
200,thin-seam,ABL-ET2X-R-PreviousRawEdge-CatmullRomRGB-Fixed080,1.9196505546569824,33.98726423748035,0.0,0.0
200,thin-seam,ABL-ET2X-R-PreviousRawEdge-CatmullRomRGB-Fixed080-EncodedGamma2Blend,1.9187283515930176,33.997467668427895,0.0,0.0
200,leaves,O-T2X-R,2.4217610359191895,34.537924850979046,0.0,0.0
200,leaves,ABL-ET2X-R-PreviousRawEdge-CatmullRomRGB-Fixed080,2.8714680671691895,32.29609817105298,8.324235386680812e-05,8.682627230882645e-05
200,leaves,ABL-ET2X-R-PreviousRawEdge-CatmullRomRGB-Fixed080-EncodedGamma2Blend,2.8698079586029053,32.29858151470808,6.933603435754776e-05,4.1523948311805725e-05
200,grass-seam,O-T2X-R,1.468409538269043,39.96791720984325,0.0,0.0
200,grass-seam,ABL-ET2X-R-PreviousRawEdge-CatmullRomRGB-Fixed080,1.5393366813659668,39.0611785784065,0.0,0.0
200,grass-seam,ABL-ET2X-R-PreviousRawEdge-CatmullRomRGB-Fixed080-EncodedGamma2Blend,1.5384894609451294,39.07174123184891,0.0,0.0
201,seams,O-T2X-R,1.2729328870773315,38.302918288406566,0.0,0.0
201,seams,ABL-ET2X-R-PreviousRawEdge-CatmullRomRGB-Fixed080,1.8243814706802368,34.36810607904346,0.0,0.0
201,seams,ABL-ET2X-R-PreviousRawEdge-CatmullRomRGB-Fixed080-EncodedGamma2Blend,1.8241536617279053,34.37334024321029,0.0,0.0
201,thin-seam,O-T2X-R,1.2390950918197632,39.47512344066054,0.0,0.0
201,thin-seam,ABL-ET2X-R-PreviousRawEdge-CatmullRomRGB-Fixed080,1.9196505546569824,33.98726423748035,0.0,0.0
201,thin-seam,ABL-ET2X-R-PreviousRawEdge-CatmullRomRGB-Fixed080-EncodedGamma2Blend,1.9187283515930176,33.997467668427895,0.0,0.0
201,leaves,O-T2X-R,2.4217610359191895,34.537924850979046,0.0,0.0
201,leaves,ABL-ET2X-R-PreviousRawEdge-CatmullRomRGB-Fixed080,2.871598243713379,32.294357261296945,6.933622353244573e-05,3.4668297303142026e-05
201,leaves,ABL-ET2X-R-PreviousRawEdge-CatmullRomRGB-Fixed080-EncodedGamma2Blend,2.869905710220337,32.29730442392424,4.8573874664725736e-05,2.0762159692822024e-05
201,grass-seam,O-T2X-R,1.468409538269043,39.96791720984325,0.0,0.0
201,grass-seam,ABL-ET2X-R-PreviousRawEdge-CatmullRomRGB-Fixed080,1.5393366813659668,39.0611785784065,0.0,0.0
201,grass-seam,ABL-ET2X-R-PreviousRawEdge-CatmullRomRGB-Fixed080-EncodedGamma2Blend,1.5384894609451294,39.07174123184891,0.0,0.0
202,seams,O-T2X-R,1.2729328870773315,38.302918288406566,0.0,0.0
202,seams,ABL-ET2X-R-PreviousRawEdge-CatmullRomRGB-Fixed080,1.8243814706802368,34.36810607904346,0.0,0.0
202,seams,ABL-ET2X-R-PreviousRawEdge-CatmullRomRGB-Fixed080-EncodedGamma2Blend,1.8241536617279053,34.37334024321029,0.0,0.0
202,thin-seam,O-T2X-R,1.2390950918197632,39.47512344066054,0.0,0.0
202,thin-seam,ABL-ET2X-R-PreviousRawEdge-CatmullRomRGB-Fixed080,1.9196505546569824,33.98726423748035,0.0,0.0
202,thin-seam,ABL-ET2X-R-PreviousRawEdge-CatmullRomRGB-Fixed080-EncodedGamma2Blend,1.9187283515930176,33.997467668427895,0.0,0.0
202,leaves,O-T2X-R,2.4217610359191895,34.537924850979046,0.0,0.0
202,leaves,ABL-ET2X-R-PreviousRawEdge-CatmullRomRGB-Fixed080,2.8716471195220947,32.29359982903658,2.4286657207994722e-05,4.5049564505461603e-05
202,leaves,ABL-ET2X-R-PreviousRawEdge-CatmullRomRGB-Fixed080-EncodedGamma2Blend,2.8699381351470947,32.29702423209465,7.050856765999924e-06,4.152301698923111e-05
202,grass-seam,O-T2X-R,1.468409538269043,39.96791720984325,0.0,0.0
202,grass-seam,ABL-ET2X-R-PreviousRawEdge-CatmullRomRGB-Fixed080,1.5393366813659668,39.0611785784065,0.0,0.0
202,grass-seam,ABL-ET2X-R-PreviousRawEdge-CatmullRomRGB-Fixed080-EncodedGamma2Blend,1.5384894609451294,39.07174123184891,0.0,0.0
203,seams,O-T2X-R,1.2729328870773315,38.302918288406566,0.0,0.0
203,seams,ABL-ET2X-R-PreviousRawEdge-CatmullRomRGB-Fixed080,1.8243814706802368,34.36810607904346,0.0,0.0
203,seams,ABL-ET2X-R-PreviousRawEdge-CatmullRomRGB-Fixed080-EncodedGamma2Blend,1.8241536617279053,34.37334024321029,0.0,0.0
203,thin-seam,O-T2X-R,1.2390950918197632,39.47512344066054,0.0,0.0
203,thin-seam,ABL-ET2X-R-PreviousRawEdge-CatmullRomRGB-Fixed080,1.9196505546569824,33.98726423748035,0.0,0.0
203,thin-seam,ABL-ET2X-R-PreviousRawEdge-CatmullRomRGB-Fixed080-EncodedGamma2Blend,1.9187283515930176,33.997467668427895,0.0,0.0
203,leaves,O-T2X-R,2.4217610359191895,34.537924850979046,0.0,0.0
203,leaves,ABL-ET2X-R-PreviousRawEdge-CatmullRomRGB-Fixed080,2.8716633319854736,32.29344300132872,3.525242163959774e-06,2.0761415726155974e-05
203,leaves,ABL-ET2X-R-PreviousRawEdge-CatmullRomRGB-Fixed080-EncodedGamma2Blend,2.8699543476104736,32.29686728068193,3.525242163959774e-06,3.5256148294138256e-06
203,grass-seam,O-T2X-R,1.468409538269043,39.96791720984325,0.0,0.0
203,grass-seam,ABL-ET2X-R-PreviousRawEdge-CatmullRomRGB-Fixed080,1.5393366813659668,39.0611785784065,0.0,0.0
203,grass-seam,ABL-ET2X-R-PreviousRawEdge-CatmullRomRGB-Fixed080-EncodedGamma2Blend,1.5384894609451294,39.07174123184891,0.0,0.0
204,seams,O-T2X-R,1.2729328870773315,38.302918288406566,0.0,0.0
204,seams,ABL-ET2X-R-PreviousRawEdge-CatmullRomRGB-Fixed080,1.8243814706802368,34.36810607904346,0.0,0.0
204,seams,ABL-ET2X-R-PreviousRawEdge-CatmullRomRGB-Fixed080-EncodedGamma2Blend,1.8241536617279053,34.37334024321029,0.0,0.0
204,thin-seam,O-T2X-R,1.2390950918197632,39.47512344066054,0.0,0.0
204,thin-seam,ABL-ET2X-R-PreviousRawEdge-CatmullRomRGB-Fixed080,1.9196505546569824,33.98726423748035,0.0,0.0
204,thin-seam,ABL-ET2X-R-PreviousRawEdge-CatmullRomRGB-Fixed080-EncodedGamma2Blend,1.9187283515930176,33.997467668427895,0.0,0.0
204,leaves,O-T2X-R,2.4217610359191895,34.537924850979046,0.0,0.0
204,leaves,ABL-ET2X-R-PreviousRawEdge-CatmullRomRGB-Fixed080,2.8716797828674316,32.293282723214396,3.525428382999962e-06,1.8626451769865326e-10
204,leaves,ABL-ET2X-R-PreviousRawEdge-CatmullRomRGB-Fixed080-EncodedGamma2Blend,2.8699543476104736,32.29686728068193,0.0,3.525242163959774e-06
204,grass-seam,O-T2X-R,1.468409538269043,39.96791720984325,0.0,0.0
204,grass-seam,ABL-ET2X-R-PreviousRawEdge-CatmullRomRGB-Fixed080,1.5393366813659668,39.0611785784065,0.0,0.0
204,grass-seam,ABL-ET2X-R-PreviousRawEdge-CatmullRomRGB-Fixed080-EncodedGamma2Blend,1.5384894609451294,39.07174123184891,0.0,0.0
205,seams,O-T2X-R,1.2729328870773315,38.302918288406566,0.0,0.0
205,seams,ABL-ET2X-R-PreviousRawEdge-CatmullRomRGB-Fixed080,1.8243814706802368,34.36810607904346,0.0,0.0
205,seams,ABL-ET2X-R-PreviousRawEdge-CatmullRomRGB-Fixed080-EncodedGamma2Blend,1.8241536617279053,34.37334024321029,0.0,0.0
205,thin-seam,O-T2X-R,1.2390950918197632,39.47512344066054,0.0,0.0
205,thin-seam,ABL-ET2X-R-PreviousRawEdge-CatmullRomRGB-Fixed080,1.9196505546569824,33.98726423748035,0.0,0.0
205,thin-seam,ABL-ET2X-R-PreviousRawEdge-CatmullRomRGB-Fixed080-EncodedGamma2Blend,1.9187283515930176,33.997467668427895,0.0,0.0
205,leaves,O-T2X-R,2.4217610359191895,34.537924850979046,0.0,0.0
205,leaves,ABL-ET2X-R-PreviousRawEdge-CatmullRomRGB-Fixed080,2.8716797828674316,32.293282723214396,0.0,3.525428382999962e-06
205,leaves,ABL-ET2X-R-PreviousRawEdge-CatmullRomRGB-Fixed080-EncodedGamma2Blend,2.8699543476104736,32.29686728068193,0.0,0.0
205,grass-seam,O-T2X-R,1.468409538269043,39.96791720984325,0.0,0.0
205,grass-seam,ABL-ET2X-R-PreviousRawEdge-CatmullRomRGB-Fixed080,1.5393366813659668,39.0611785784065,0.0,0.0
205,grass-seam,ABL-ET2X-R-PreviousRawEdge-CatmullRomRGB-Fixed080-EncodedGamma2Blend,1.5384894609451294,39.07174123184891,0.0,0.0
206,seams,O-T2X-R,1.2729328870773315,38.302918288406566,0.0,0.0
206,seams,ABL-ET2X-R-PreviousRawEdge-CatmullRomRGB-Fixed080,1.8243814706802368,34.36810607904346,0.0,0.0
206,seams,ABL-ET2X-R-PreviousRawEdge-CatmullRomRGB-Fixed080-EncodedGamma2Blend,1.8241536617279053,34.37334024321029,0.0,0.0
206,thin-seam,O-T2X-R,1.2390950918197632,39.47512344066054,0.0,0.0
206,thin-seam,ABL-ET2X-R-PreviousRawEdge-CatmullRomRGB-Fixed080,1.9196505546569824,33.98726423748035,0.0,0.0
206,thin-seam,ABL-ET2X-R-PreviousRawEdge-CatmullRomRGB-Fixed080-EncodedGamma2Blend,1.9187283515930176,33.997467668427895,0.0,0.0
206,leaves,O-T2X-R,2.4217610359191895,34.537924850979046,0.0,0.0
206,leaves,ABL-ET2X-R-PreviousRawEdge-CatmullRomRGB-Fixed080,2.8716797828674316,32.293282723214396,0.0,0.0
206,leaves,ABL-ET2X-R-PreviousRawEdge-CatmullRomRGB-Fixed080-EncodedGamma2Blend,2.8699543476104736,32.29686728068193,0.0,0.0
206,grass-seam,O-T2X-R,1.468409538269043,39.96791720984325,0.0,0.0
206,grass-seam,ABL-ET2X-R-PreviousRawEdge-CatmullRomRGB-Fixed080,1.5393366813659668,39.0611785784065,0.0,0.0
206,grass-seam,ABL-ET2X-R-PreviousRawEdge-CatmullRomRGB-Fixed080-EncodedGamma2Blend,1.5384894609451294,39.07174123184891,0.0,0.0
207,seams,O-T2X-R,1.2729328870773315,38.302918288406566,0.0,0.0
207,seams,ABL-ET2X-R-PreviousRawEdge-CatmullRomRGB-Fixed080,1.8243814706802368,34.36810607904346,0.0,0.0
207,seams,ABL-ET2X-R-PreviousRawEdge-CatmullRomRGB-Fixed080-EncodedGamma2Blend,1.8241536617279053,34.37334024321029,0.0,0.0
207,thin-seam,O-T2X-R,1.2390950918197632,39.47512344066054,0.0,0.0
207,thin-seam,ABL-ET2X-R-PreviousRawEdge-CatmullRomRGB-Fixed080,1.9196505546569824,33.98726423748035,0.0,0.0
207,thin-seam,ABL-ET2X-R-PreviousRawEdge-CatmullRomRGB-Fixed080-EncodedGamma2Blend,1.9187283515930176,33.997467668427895,0.0,0.0
207,leaves,O-T2X-R,2.4217610359191895,34.537924850979046,0.0,0.0
207,leaves,ABL-ET2X-R-PreviousRawEdge-CatmullRomRGB-Fixed080,2.8716797828674316,32.293282723214396,0.0,0.0
207,leaves,ABL-ET2X-R-PreviousRawEdge-CatmullRomRGB-Fixed080-EncodedGamma2Blend,2.8699543476104736,32.29686728068193,0.0,0.0
207,grass-seam,O-T2X-R,1.468409538269043,39.96791720984325,0.0,0.0
207,grass-seam,ABL-ET2X-R-PreviousRawEdge-CatmullRomRGB-Fixed080,1.5393366813659668,39.0611785784065,0.0,0.0
207,grass-seam,ABL-ET2X-R-PreviousRawEdge-CatmullRomRGB-Fixed080-EncodedGamma2Blend,1.5384894609451294,39.07174123184891,0.0,0.0
208,seams,O-T2X-R,1.2729328870773315,38.302918288406566,0.0,0.0
208,seams,ABL-ET2X-R-PreviousRawEdge-CatmullRomRGB-Fixed080,1.8243814706802368,34.36810607904346,0.0,0.0
208,seams,ABL-ET2X-R-PreviousRawEdge-CatmullRomRGB-Fixed080-EncodedGamma2Blend,1.8241536617279053,34.37334024321029,0.0,0.0
208,thin-seam,O-T2X-R,1.2390950918197632,39.47512344066054,0.0,0.0
208,thin-seam,ABL-ET2X-R-PreviousRawEdge-CatmullRomRGB-Fixed080,1.9196505546569824,33.98726423748035,0.0,0.0
208,thin-seam,ABL-ET2X-R-PreviousRawEdge-CatmullRomRGB-Fixed080-EncodedGamma2Blend,1.9187283515930176,33.997467668427895,0.0,0.0
208,leaves,O-T2X-R,2.4217610359191895,34.537924850979046,0.0,0.0
208,leaves,ABL-ET2X-R-PreviousRawEdge-CatmullRomRGB-Fixed080,2.8716797828674316,32.293282723214396,0.0,0.0
208,leaves,ABL-ET2X-R-PreviousRawEdge-CatmullRomRGB-Fixed080-EncodedGamma2Blend,2.8699543476104736,32.29686728068193,0.0,0.0
208,grass-seam,O-T2X-R,1.468409538269043,39.96791720984325,0.0,0.0
208,grass-seam,ABL-ET2X-R-PreviousRawEdge-CatmullRomRGB-Fixed080,1.5393366813659668,39.0611785784065,0.0,0.0
208,grass-seam,ABL-ET2X-R-PreviousRawEdge-CatmullRomRGB-Fixed080-EncodedGamma2Blend,1.5384894609451294,39.07174123184891,0.0,0.0
209,seams,O-T2X-R,1.2729328870773315,38.302918288406566,0.0,0.0
209,seams,ABL-ET2X-R-PreviousRawEdge-CatmullRomRGB-Fixed080,1.8243814706802368,34.36810607904346,0.0,0.0
209,seams,ABL-ET2X-R-PreviousRawEdge-CatmullRomRGB-Fixed080-EncodedGamma2Blend,1.8241536617279053,34.37334024321029,0.0,0.0
209,thin-seam,O-T2X-R,1.2390950918197632,39.47512344066054,0.0,0.0
209,thin-seam,ABL-ET2X-R-PreviousRawEdge-CatmullRomRGB-Fixed080,1.9196505546569824,33.98726423748035,0.0,0.0
209,thin-seam,ABL-ET2X-R-PreviousRawEdge-CatmullRomRGB-Fixed080-EncodedGamma2Blend,1.9187283515930176,33.997467668427895,0.0,0.0
209,leaves,O-T2X-R,2.4217610359191895,34.537924850979046,0.0,0.0
209,leaves,ABL-ET2X-R-PreviousRawEdge-CatmullRomRGB-Fixed080,2.8716797828674316,32.293282723214396,0.0,0.0
209,leaves,ABL-ET2X-R-PreviousRawEdge-CatmullRomRGB-Fixed080-EncodedGamma2Blend,2.8699543476104736,32.29686728068193,0.0,0.0
209,grass-seam,O-T2X-R,1.468409538269043,39.96791720984325,0.0,0.0
209,grass-seam,ABL-ET2X-R-PreviousRawEdge-CatmullRomRGB-Fixed080,1.5393366813659668,39.0611785784065,0.0,0.0
209,grass-seam,ABL-ET2X-R-PreviousRawEdge-CatmullRomRGB-Fixed080-EncodedGamma2Blend,1.5384894609451294,39.07174123184891,0.0,0.0
210,seams,O-T2X-R,1.2729328870773315,38.302918288406566,0.0,0.0
210,seams,ABL-ET2X-R-PreviousRawEdge-CatmullRomRGB-Fixed080,1.8243814706802368,34.36810607904346,0.0,0.0
210,seams,ABL-ET2X-R-PreviousRawEdge-CatmullRomRGB-Fixed080-EncodedGamma2Blend,1.8241536617279053,34.37334024321029,0.0,0.0
210,thin-seam,O-T2X-R,1.2390950918197632,39.47512344066054,0.0,0.0
210,thin-seam,ABL-ET2X-R-PreviousRawEdge-CatmullRomRGB-Fixed080,1.9196505546569824,33.98726423748035,0.0,0.0
210,thin-seam,ABL-ET2X-R-PreviousRawEdge-CatmullRomRGB-Fixed080-EncodedGamma2Blend,1.9187283515930176,33.997467668427895,0.0,0.0
210,leaves,O-T2X-R,2.4217610359191895,34.537924850979046,0.0,0.0
210,leaves,ABL-ET2X-R-PreviousRawEdge-CatmullRomRGB-Fixed080,2.8716797828674316,32.293282723214396,0.0,0.0
210,leaves,ABL-ET2X-R-PreviousRawEdge-CatmullRomRGB-Fixed080-EncodedGamma2Blend,2.8699543476104736,32.29686728068193,0.0,0.0
210,grass-seam,O-T2X-R,1.468409538269043,39.96791720984325,0.0,0.0
210,grass-seam,ABL-ET2X-R-PreviousRawEdge-CatmullRomRGB-Fixed080,1.5393366813659668,39.0611785784065,0.0,0.0
210,grass-seam,ABL-ET2X-R-PreviousRawEdge-CatmullRomRGB-Fixed080-EncodedGamma2Blend,1.5384894609451294,39.07174123184891,0.0,0.0
211,seams,O-T2X-R,1.2729328870773315,38.302918288406566,0.0,0.0
211,seams,ABL-ET2X-R-PreviousRawEdge-CatmullRomRGB-Fixed080,1.8243814706802368,34.36810607904346,0.0,0.0
211,seams,ABL-ET2X-R-PreviousRawEdge-CatmullRomRGB-Fixed080-EncodedGamma2Blend,1.8241536617279053,34.37334024321029,0.0,0.0
211,thin-seam,O-T2X-R,1.2390950918197632,39.47512344066054,0.0,0.0
211,thin-seam,ABL-ET2X-R-PreviousRawEdge-CatmullRomRGB-Fixed080,1.9196505546569824,33.98726423748035,0.0,0.0
211,thin-seam,ABL-ET2X-R-PreviousRawEdge-CatmullRomRGB-Fixed080-EncodedGamma2Blend,1.9187283515930176,33.997467668427895,0.0,0.0
211,leaves,O-T2X-R,2.4217610359191895,34.537924850979046,0.0,0.0
211,leaves,ABL-ET2X-R-PreviousRawEdge-CatmullRomRGB-Fixed080,2.8716797828674316,32.293282723214396,0.0,0.0
211,leaves,ABL-ET2X-R-PreviousRawEdge-CatmullRomRGB-Fixed080-EncodedGamma2Blend,2.8699543476104736,32.29686728068193,0.0,0.0
211,grass-seam,O-T2X-R,1.468409538269043,39.96791720984325,0.0,0.0
211,grass-seam,ABL-ET2X-R-PreviousRawEdge-CatmullRomRGB-Fixed080,1.5393366813659668,39.0611785784065,0.0,0.0
211,grass-seam,ABL-ET2X-R-PreviousRawEdge-CatmullRomRGB-Fixed080-EncodedGamma2Blend,1.5384894609451294,39.07174123184891,0.0,0.0
212,seams,O-T2X-R,1.2729328870773315,38.302918288406566,0.0,0.0
212,seams,ABL-ET2X-R-PreviousRawEdge-CatmullRomRGB-Fixed080,1.8243814706802368,34.36810607904346,0.0,0.0
212,seams,ABL-ET2X-R-PreviousRawEdge-CatmullRomRGB-Fixed080-EncodedGamma2Blend,1.8241536617279053,34.37334024321029,0.0,0.0
212,thin-seam,O-T2X-R,1.2390950918197632,39.47512344066054,0.0,0.0
212,thin-seam,ABL-ET2X-R-PreviousRawEdge-CatmullRomRGB-Fixed080,1.9196505546569824,33.98726423748035,0.0,0.0
212,thin-seam,ABL-ET2X-R-PreviousRawEdge-CatmullRomRGB-Fixed080-EncodedGamma2Blend,1.9187283515930176,33.997467668427895,0.0,0.0
212,leaves,O-T2X-R,2.4217610359191895,34.537924850979046,0.0,0.0
212,leaves,ABL-ET2X-R-PreviousRawEdge-CatmullRomRGB-Fixed080,2.8716797828674316,32.293282723214396,0.0,0.0
212,leaves,ABL-ET2X-R-PreviousRawEdge-CatmullRomRGB-Fixed080-EncodedGamma2Blend,2.8699543476104736,32.29686728068193,0.0,0.0
212,grass-seam,O-T2X-R,1.468409538269043,39.96791720984325,0.0,0.0
212,grass-seam,ABL-ET2X-R-PreviousRawEdge-CatmullRomRGB-Fixed080,1.5393366813659668,39.0611785784065,0.0,0.0
212,grass-seam,ABL-ET2X-R-PreviousRawEdge-CatmullRomRGB-Fixed080-EncodedGamma2Blend,1.5384894609451294,39.07174123184891,0.0,0.0
213,seams,O-T2X-R,1.2729328870773315,38.302918288406566,0.0,0.0
213,seams,ABL-ET2X-R-PreviousRawEdge-CatmullRomRGB-Fixed080,1.8243814706802368,34.36810607904346,0.0,0.0
213,seams,ABL-ET2X-R-PreviousRawEdge-CatmullRomRGB-Fixed080-EncodedGamma2Blend,1.8241536617279053,34.37334024321029,0.0,0.0
213,thin-seam,O-T2X-R,1.2390950918197632,39.47512344066054,0.0,0.0
213,thin-seam,ABL-ET2X-R-PreviousRawEdge-CatmullRomRGB-Fixed080,1.9196505546569824,33.98726423748035,0.0,0.0
213,thin-seam,ABL-ET2X-R-PreviousRawEdge-CatmullRomRGB-Fixed080-EncodedGamma2Blend,1.9187283515930176,33.997467668427895,0.0,0.0
213,leaves,O-T2X-R,2.4217610359191895,34.537924850979046,0.0,0.0
213,leaves,ABL-ET2X-R-PreviousRawEdge-CatmullRomRGB-Fixed080,2.8716797828674316,32.293282723214396,0.0,0.0
213,leaves,ABL-ET2X-R-PreviousRawEdge-CatmullRomRGB-Fixed080-EncodedGamma2Blend,2.8699543476104736,32.29686728068193,0.0,0.0
213,grass-seam,O-T2X-R,1.468409538269043,39.96791720984325,0.0,0.0
213,grass-seam,ABL-ET2X-R-PreviousRawEdge-CatmullRomRGB-Fixed080,1.5393366813659668,39.0611785784065,0.0,0.0
213,grass-seam,ABL-ET2X-R-PreviousRawEdge-CatmullRomRGB-Fixed080-EncodedGamma2Blend,1.5384894609451294,39.07174123184891,0.0,0.0
214,seams,O-T2X-R,1.2729328870773315,38.302918288406566,0.0,0.0
214,seams,ABL-ET2X-R-PreviousRawEdge-CatmullRomRGB-Fixed080,1.8243814706802368,34.36810607904346,0.0,0.0
214,seams,ABL-ET2X-R-PreviousRawEdge-CatmullRomRGB-Fixed080-EncodedGamma2Blend,1.8241536617279053,34.37334024321029,0.0,0.0
214,thin-seam,O-T2X-R,1.2390950918197632,39.47512344066054,0.0,0.0
214,thin-seam,ABL-ET2X-R-PreviousRawEdge-CatmullRomRGB-Fixed080,1.9196505546569824,33.98726423748035,0.0,0.0
214,thin-seam,ABL-ET2X-R-PreviousRawEdge-CatmullRomRGB-Fixed080-EncodedGamma2Blend,1.9187283515930176,33.997467668427895,0.0,0.0
214,leaves,O-T2X-R,2.4217610359191895,34.537924850979046,0.0,0.0
214,leaves,ABL-ET2X-R-PreviousRawEdge-CatmullRomRGB-Fixed080,2.8716797828674316,32.293282723214396,0.0,0.0
214,leaves,ABL-ET2X-R-PreviousRawEdge-CatmullRomRGB-Fixed080-EncodedGamma2Blend,2.8699543476104736,32.29686728068193,0.0,0.0
214,grass-seam,O-T2X-R,1.468409538269043,39.96791720984325,0.0,0.0
214,grass-seam,ABL-ET2X-R-PreviousRawEdge-CatmullRomRGB-Fixed080,1.5393366813659668,39.0611785784065,0.0,0.0
214,grass-seam,ABL-ET2X-R-PreviousRawEdge-CatmullRomRGB-Fixed080-EncodedGamma2Blend,1.5384894609451294,39.07174123184891,0.0,0.0
215,seams,O-T2X-R,1.2729328870773315,38.302918288406566,0.0,0.0
215,seams,ABL-ET2X-R-PreviousRawEdge-CatmullRomRGB-Fixed080,1.8243814706802368,34.36810607904346,0.0,0.0
215,seams,ABL-ET2X-R-PreviousRawEdge-CatmullRomRGB-Fixed080-EncodedGamma2Blend,1.8241536617279053,34.37334024321029,0.0,0.0
215,thin-seam,O-T2X-R,1.2390950918197632,39.47512344066054,0.0,0.0
215,thin-seam,ABL-ET2X-R-PreviousRawEdge-CatmullRomRGB-Fixed080,1.9196505546569824,33.98726423748035,0.0,0.0
215,thin-seam,ABL-ET2X-R-PreviousRawEdge-CatmullRomRGB-Fixed080-EncodedGamma2Blend,1.9187283515930176,33.997467668427895,0.0,0.0
215,leaves,O-T2X-R,2.4217610359191895,34.537924850979046,0.0,0.0
215,leaves,ABL-ET2X-R-PreviousRawEdge-CatmullRomRGB-Fixed080,2.8716797828674316,32.293282723214396,0.0,0.0
215,leaves,ABL-ET2X-R-PreviousRawEdge-CatmullRomRGB-Fixed080-EncodedGamma2Blend,2.8699543476104736,32.29686728068193,0.0,0.0
215,grass-seam,O-T2X-R,1.468409538269043,39.96791720984325,0.0,0.0
215,grass-seam,ABL-ET2X-R-PreviousRawEdge-CatmullRomRGB-Fixed080,1.5393366813659668,39.0611785784065,0.0,0.0
215,grass-seam,ABL-ET2X-R-PreviousRawEdge-CatmullRomRGB-Fixed080-EncodedGamma2Blend,1.5384894609451294,39.07174123184891,0.0,0.0
216,seams,O-T2X-R,1.2729328870773315,38.302918288406566,0.0,0.0
216,seams,ABL-ET2X-R-PreviousRawEdge-CatmullRomRGB-Fixed080,1.8243814706802368,34.36810607904346,0.0,0.0
216,seams,ABL-ET2X-R-PreviousRawEdge-CatmullRomRGB-Fixed080-EncodedGamma2Blend,1.8241536617279053,34.37334024321029,0.0,0.0
216,thin-seam,O-T2X-R,1.2390950918197632,39.47512344066054,0.0,0.0
216,thin-seam,ABL-ET2X-R-PreviousRawEdge-CatmullRomRGB-Fixed080,1.9196505546569824,33.98726423748035,0.0,0.0
216,thin-seam,ABL-ET2X-R-PreviousRawEdge-CatmullRomRGB-Fixed080-EncodedGamma2Blend,1.9187283515930176,33.997467668427895,0.0,0.0
216,leaves,O-T2X-R,2.4217610359191895,34.537924850979046,0.0,0.0
216,leaves,ABL-ET2X-R-PreviousRawEdge-CatmullRomRGB-Fixed080,2.8716797828674316,32.293282723214396,0.0,0.0
216,leaves,ABL-ET2X-R-PreviousRawEdge-CatmullRomRGB-Fixed080-EncodedGamma2Blend,2.8699543476104736,32.29686728068193,0.0,0.0
216,grass-seam,O-T2X-R,1.468409538269043,39.96791720984325,0.0,0.0
216,grass-seam,ABL-ET2X-R-PreviousRawEdge-CatmullRomRGB-Fixed080,1.5393366813659668,39.0611785784065,0.0,0.0
216,grass-seam,ABL-ET2X-R-PreviousRawEdge-CatmullRomRGB-Fixed080-EncodedGamma2Blend,1.5384894609451294,39.07174123184891,0.0,0.0
217,seams,O-T2X-R,1.2729328870773315,38.302918288406566,0.0,0.0
217,seams,ABL-ET2X-R-PreviousRawEdge-CatmullRomRGB-Fixed080,1.8243814706802368,34.36810607904346,0.0,0.0
217,seams,ABL-ET2X-R-PreviousRawEdge-CatmullRomRGB-Fixed080-EncodedGamma2Blend,1.8241536617279053,34.37334024321029,0.0,0.0
217,thin-seam,O-T2X-R,1.2390950918197632,39.47512344066054,0.0,0.0
217,thin-seam,ABL-ET2X-R-PreviousRawEdge-CatmullRomRGB-Fixed080,1.9196505546569824,33.98726423748035,0.0,0.0
217,thin-seam,ABL-ET2X-R-PreviousRawEdge-CatmullRomRGB-Fixed080-EncodedGamma2Blend,1.9187283515930176,33.997467668427895,0.0,0.0
217,leaves,O-T2X-R,2.4217610359191895,34.537924850979046,0.0,0.0
217,leaves,ABL-ET2X-R-PreviousRawEdge-CatmullRomRGB-Fixed080,2.8716797828674316,32.293282723214396,0.0,0.0
217,leaves,ABL-ET2X-R-PreviousRawEdge-CatmullRomRGB-Fixed080-EncodedGamma2Blend,2.8699543476104736,32.29686728068193,0.0,0.0
217,grass-seam,O-T2X-R,1.468409538269043,39.96791720984325,0.0,0.0
217,grass-seam,ABL-ET2X-R-PreviousRawEdge-CatmullRomRGB-Fixed080,1.5393366813659668,39.0611785784065,0.0,0.0
217,grass-seam,ABL-ET2X-R-PreviousRawEdge-CatmullRomRGB-Fixed080-EncodedGamma2Blend,1.5384894609451294,39.07174123184891,0.0,0.0
218,seams,O-T2X-R,1.2729328870773315,38.302918288406566,0.0,0.0
218,seams,ABL-ET2X-R-PreviousRawEdge-CatmullRomRGB-Fixed080,1.8243814706802368,34.36810607904346,0.0,0.0
218,seams,ABL-ET2X-R-PreviousRawEdge-CatmullRomRGB-Fixed080-EncodedGamma2Blend,1.8241536617279053,34.37334024321029,0.0,0.0
218,thin-seam,O-T2X-R,1.2390950918197632,39.47512344066054,0.0,0.0
218,thin-seam,ABL-ET2X-R-PreviousRawEdge-CatmullRomRGB-Fixed080,1.9196505546569824,33.98726423748035,0.0,0.0
218,thin-seam,ABL-ET2X-R-PreviousRawEdge-CatmullRomRGB-Fixed080-EncodedGamma2Blend,1.9187283515930176,33.997467668427895,0.0,0.0
218,leaves,O-T2X-R,2.4217610359191895,34.537924850979046,0.0,0.0
218,leaves,ABL-ET2X-R-PreviousRawEdge-CatmullRomRGB-Fixed080,2.8716797828674316,32.293282723214396,0.0,0.0
218,leaves,ABL-ET2X-R-PreviousRawEdge-CatmullRomRGB-Fixed080-EncodedGamma2Blend,2.8699543476104736,32.29686728068193,0.0,0.0
218,grass-seam,O-T2X-R,1.468409538269043,39.96791720984325,0.0,0.0
218,grass-seam,ABL-ET2X-R-PreviousRawEdge-CatmullRomRGB-Fixed080,1.5393366813659668,39.0611785784065,0.0,0.0
218,grass-seam,ABL-ET2X-R-PreviousRawEdge-CatmullRomRGB-Fixed080-EncodedGamma2Blend,1.5384894609451294,39.07174123184891,0.0,0.0
219,seams,O-T2X-R,1.2729328870773315,38.302918288406566,0.0,0.0
219,seams,ABL-ET2X-R-PreviousRawEdge-CatmullRomRGB-Fixed080,1.8243814706802368,34.36810607904346,0.0,0.0
219,seams,ABL-ET2X-R-PreviousRawEdge-CatmullRomRGB-Fixed080-EncodedGamma2Blend,1.8241536617279053,34.37334024321029,0.0,0.0
219,thin-seam,O-T2X-R,1.2390950918197632,39.47512344066054,0.0,0.0
219,thin-seam,ABL-ET2X-R-PreviousRawEdge-CatmullRomRGB-Fixed080,1.9196505546569824,33.98726423748035,0.0,0.0
219,thin-seam,ABL-ET2X-R-PreviousRawEdge-CatmullRomRGB-Fixed080-EncodedGamma2Blend,1.9187283515930176,33.997467668427895,0.0,0.0
219,leaves,O-T2X-R,2.4217610359191895,34.537924850979046,0.0,0.0
219,leaves,ABL-ET2X-R-PreviousRawEdge-CatmullRomRGB-Fixed080,2.8716797828674316,32.293282723214396,0.0,0.0
219,leaves,ABL-ET2X-R-PreviousRawEdge-CatmullRomRGB-Fixed080-EncodedGamma2Blend,2.8699543476104736,32.29686728068193,0.0,0.0
219,grass-seam,O-T2X-R,1.468409538269043,39.96791720984325,0.0,0.0
219,grass-seam,ABL-ET2X-R-PreviousRawEdge-CatmullRomRGB-Fixed080,1.5393366813659668,39.0611785784065,0.0,0.0
219,grass-seam,ABL-ET2X-R-PreviousRawEdge-CatmullRomRGB-Fixed080-EncodedGamma2Blend,1.5384894609451294,39.07174123184891,0.0,0.0
220,seams,O-T2X-R,1.2729328870773315,38.302918288406566,0.0,0.0
220,seams,ABL-ET2X-R-PreviousRawEdge-CatmullRomRGB-Fixed080,1.8243814706802368,34.36810607904346,0.0,0.0
220,seams,ABL-ET2X-R-PreviousRawEdge-CatmullRomRGB-Fixed080-EncodedGamma2Blend,1.8241536617279053,34.37334024321029,0.0,0.0
220,thin-seam,O-T2X-R,1.2390950918197632,39.47512344066054,0.0,0.0
220,thin-seam,ABL-ET2X-R-PreviousRawEdge-CatmullRomRGB-Fixed080,1.9196505546569824,33.98726423748035,0.0,0.0
220,thin-seam,ABL-ET2X-R-PreviousRawEdge-CatmullRomRGB-Fixed080-EncodedGamma2Blend,1.9187283515930176,33.997467668427895,0.0,0.0
220,leaves,O-T2X-R,2.4217610359191895,34.537924850979046,0.0,0.0
220,leaves,ABL-ET2X-R-PreviousRawEdge-CatmullRomRGB-Fixed080,2.8716797828674316,32.293282723214396,0.0,0.0
220,leaves,ABL-ET2X-R-PreviousRawEdge-CatmullRomRGB-Fixed080-EncodedGamma2Blend,2.8699543476104736,32.29686728068193,0.0,0.0
220,grass-seam,O-T2X-R,1.468409538269043,39.96791720984325,0.0,0.0
220,grass-seam,ABL-ET2X-R-PreviousRawEdge-CatmullRomRGB-Fixed080,1.5393366813659668,39.0611785784065,0.0,0.0
220,grass-seam,ABL-ET2X-R-PreviousRawEdge-CatmullRomRGB-Fixed080-EncodedGamma2Blend,1.5384894609451294,39.07174123184891,0.0,0.0
221,seams,O-T2X-R,1.2729328870773315,38.302918288406566,0.0,0.0
221,seams,ABL-ET2X-R-PreviousRawEdge-CatmullRomRGB-Fixed080,1.8243814706802368,34.36810607904346,0.0,0.0
221,seams,ABL-ET2X-R-PreviousRawEdge-CatmullRomRGB-Fixed080-EncodedGamma2Blend,1.8241536617279053,34.37334024321029,0.0,0.0
221,thin-seam,O-T2X-R,1.2390950918197632,39.47512344066054,0.0,0.0
221,thin-seam,ABL-ET2X-R-PreviousRawEdge-CatmullRomRGB-Fixed080,1.9196505546569824,33.98726423748035,0.0,0.0
221,thin-seam,ABL-ET2X-R-PreviousRawEdge-CatmullRomRGB-Fixed080-EncodedGamma2Blend,1.9187283515930176,33.997467668427895,0.0,0.0
221,leaves,O-T2X-R,2.4217610359191895,34.537924850979046,0.0,0.0
221,leaves,ABL-ET2X-R-PreviousRawEdge-CatmullRomRGB-Fixed080,2.8716797828674316,32.293282723214396,0.0,0.0
221,leaves,ABL-ET2X-R-PreviousRawEdge-CatmullRomRGB-Fixed080-EncodedGamma2Blend,2.8699543476104736,32.29686728068193,0.0,0.0
221,grass-seam,O-T2X-R,1.468409538269043,39.96791720984325,0.0,0.0
221,grass-seam,ABL-ET2X-R-PreviousRawEdge-CatmullRomRGB-Fixed080,1.5393366813659668,39.0611785784065,0.0,0.0
221,grass-seam,ABL-ET2X-R-PreviousRawEdge-CatmullRomRGB-Fixed080-EncodedGamma2Blend,1.5384894609451294,39.07174123184891,0.0,0.0
222,seams,O-T2X-R,1.2729328870773315,38.302918288406566,0.0,0.0
222,seams,ABL-ET2X-R-PreviousRawEdge-CatmullRomRGB-Fixed080,1.8243814706802368,34.36810607904346,0.0,0.0
222,seams,ABL-ET2X-R-PreviousRawEdge-CatmullRomRGB-Fixed080-EncodedGamma2Blend,1.8241536617279053,34.37334024321029,0.0,0.0
222,thin-seam,O-T2X-R,1.2390950918197632,39.47512344066054,0.0,0.0
222,thin-seam,ABL-ET2X-R-PreviousRawEdge-CatmullRomRGB-Fixed080,1.9196505546569824,33.98726423748035,0.0,0.0
222,thin-seam,ABL-ET2X-R-PreviousRawEdge-CatmullRomRGB-Fixed080-EncodedGamma2Blend,1.9187283515930176,33.997467668427895,0.0,0.0
222,leaves,O-T2X-R,2.4217610359191895,34.537924850979046,0.0,0.0
222,leaves,ABL-ET2X-R-PreviousRawEdge-CatmullRomRGB-Fixed080,2.8716797828674316,32.293282723214396,0.0,0.0
222,leaves,ABL-ET2X-R-PreviousRawEdge-CatmullRomRGB-Fixed080-EncodedGamma2Blend,2.8699543476104736,32.29686728068193,0.0,0.0
222,grass-seam,O-T2X-R,1.468409538269043,39.96791720984325,0.0,0.0
222,grass-seam,ABL-ET2X-R-PreviousRawEdge-CatmullRomRGB-Fixed080,1.5393366813659668,39.0611785784065,0.0,0.0
222,grass-seam,ABL-ET2X-R-PreviousRawEdge-CatmullRomRGB-Fixed080-EncodedGamma2Blend,1.5384894609451294,39.07174123184891,0.0,0.0
223,seams,O-T2X-R,1.2729328870773315,38.302918288406566,0.0,0.0
223,seams,ABL-ET2X-R-PreviousRawEdge-CatmullRomRGB-Fixed080,1.8243814706802368,34.36810607904346,0.0,0.0
223,seams,ABL-ET2X-R-PreviousRawEdge-CatmullRomRGB-Fixed080-EncodedGamma2Blend,1.8241536617279053,34.37334024321029,0.0,0.0
223,thin-seam,O-T2X-R,1.2390950918197632,39.47512344066054,0.0,0.0
223,thin-seam,ABL-ET2X-R-PreviousRawEdge-CatmullRomRGB-Fixed080,1.9196505546569824,33.98726423748035,0.0,0.0
223,thin-seam,ABL-ET2X-R-PreviousRawEdge-CatmullRomRGB-Fixed080-EncodedGamma2Blend,1.9187283515930176,33.997467668427895,0.0,0.0
223,leaves,O-T2X-R,2.4217610359191895,34.537924850979046,0.0,0.0
223,leaves,ABL-ET2X-R-PreviousRawEdge-CatmullRomRGB-Fixed080,2.8716797828674316,32.293282723214396,0.0,0.0
223,leaves,ABL-ET2X-R-PreviousRawEdge-CatmullRomRGB-Fixed080-EncodedGamma2Blend,2.8699543476104736,32.29686728068193,0.0,0.0
223,grass-seam,O-T2X-R,1.468409538269043,39.96791720984325,0.0,0.0
223,grass-seam,ABL-ET2X-R-PreviousRawEdge-CatmullRomRGB-Fixed080,1.5393366813659668,39.0611785784065,0.0,0.0
223,grass-seam,ABL-ET2X-R-PreviousRawEdge-CatmullRomRGB-Fixed080-EncodedGamma2Blend,1.5384894609451294,39.07174123184891,0.0,0.0
224,seams,O-T2X-R,1.2729328870773315,38.302918288406566,0.0,0.0
224,seams,ABL-ET2X-R-PreviousRawEdge-CatmullRomRGB-Fixed080,1.8243814706802368,34.36810607904346,0.0,0.0
224,seams,ABL-ET2X-R-PreviousRawEdge-CatmullRomRGB-Fixed080-EncodedGamma2Blend,1.8241536617279053,34.37334024321029,0.0,0.0
224,thin-seam,O-T2X-R,1.2390950918197632,39.47512344066054,0.0,0.0
224,thin-seam,ABL-ET2X-R-PreviousRawEdge-CatmullRomRGB-Fixed080,1.9196505546569824,33.98726423748035,0.0,0.0
224,thin-seam,ABL-ET2X-R-PreviousRawEdge-CatmullRomRGB-Fixed080-EncodedGamma2Blend,1.9187283515930176,33.997467668427895,0.0,0.0
224,leaves,O-T2X-R,2.4217610359191895,34.537924850979046,0.0,0.0
224,leaves,ABL-ET2X-R-PreviousRawEdge-CatmullRomRGB-Fixed080,2.8716797828674316,32.293282723214396,0.0,0.0
224,leaves,ABL-ET2X-R-PreviousRawEdge-CatmullRomRGB-Fixed080-EncodedGamma2Blend,2.8699543476104736,32.29686728068193,0.0,0.0
224,grass-seam,O-T2X-R,1.468409538269043,39.96791720984325,0.0,0.0
224,grass-seam,ABL-ET2X-R-PreviousRawEdge-CatmullRomRGB-Fixed080,1.5393366813659668,39.0611785784065,0.0,0.0
224,grass-seam,ABL-ET2X-R-PreviousRawEdge-CatmullRomRGB-Fixed080-EncodedGamma2Blend,1.5384894609451294,39.07174123184891,0.0,0.0
225,seams,O-T2X-R,1.2729328870773315,38.302918288406566,0.0,0.0
225,seams,ABL-ET2X-R-PreviousRawEdge-CatmullRomRGB-Fixed080,1.8243814706802368,34.36810607904346,0.0,0.0
225,seams,ABL-ET2X-R-PreviousRawEdge-CatmullRomRGB-Fixed080-EncodedGamma2Blend,1.8241536617279053,34.37334024321029,0.0,0.0
225,thin-seam,O-T2X-R,1.2390950918197632,39.47512344066054,0.0,0.0
225,thin-seam,ABL-ET2X-R-PreviousRawEdge-CatmullRomRGB-Fixed080,1.9196505546569824,33.98726423748035,0.0,0.0
225,thin-seam,ABL-ET2X-R-PreviousRawEdge-CatmullRomRGB-Fixed080-EncodedGamma2Blend,1.9187283515930176,33.997467668427895,0.0,0.0
225,leaves,O-T2X-R,2.4217610359191895,34.537924850979046,0.0,0.0
225,leaves,ABL-ET2X-R-PreviousRawEdge-CatmullRomRGB-Fixed080,2.8716797828674316,32.293282723214396,0.0,0.0
225,leaves,ABL-ET2X-R-PreviousRawEdge-CatmullRomRGB-Fixed080-EncodedGamma2Blend,2.8699543476104736,32.29686728068193,0.0,0.0
225,grass-seam,O-T2X-R,1.468409538269043,39.96791720984325,0.0,0.0
225,grass-seam,ABL-ET2X-R-PreviousRawEdge-CatmullRomRGB-Fixed080,1.5393366813659668,39.0611785784065,0.0,0.0
225,grass-seam,ABL-ET2X-R-PreviousRawEdge-CatmullRomRGB-Fixed080-EncodedGamma2Blend,1.5384894609451294,39.07174123184891,0.0,0.0
226,seams,O-T2X-R,1.2729328870773315,38.302918288406566,0.0,0.0
226,seams,ABL-ET2X-R-PreviousRawEdge-CatmullRomRGB-Fixed080,1.8243814706802368,34.36810607904346,0.0,0.0
226,seams,ABL-ET2X-R-PreviousRawEdge-CatmullRomRGB-Fixed080-EncodedGamma2Blend,1.8241536617279053,34.37334024321029,0.0,0.0
226,thin-seam,O-T2X-R,1.2390950918197632,39.47512344066054,0.0,0.0
226,thin-seam,ABL-ET2X-R-PreviousRawEdge-CatmullRomRGB-Fixed080,1.9196505546569824,33.98726423748035,0.0,0.0
226,thin-seam,ABL-ET2X-R-PreviousRawEdge-CatmullRomRGB-Fixed080-EncodedGamma2Blend,1.9187283515930176,33.997467668427895,0.0,0.0
226,leaves,O-T2X-R,2.4217610359191895,34.537924850979046,0.0,0.0
226,leaves,ABL-ET2X-R-PreviousRawEdge-CatmullRomRGB-Fixed080,2.8716797828674316,32.293282723214396,0.0,0.0
226,leaves,ABL-ET2X-R-PreviousRawEdge-CatmullRomRGB-Fixed080-EncodedGamma2Blend,2.8699543476104736,32.29686728068193,0.0,0.0
226,grass-seam,O-T2X-R,1.468409538269043,39.96791720984325,0.0,0.0
226,grass-seam,ABL-ET2X-R-PreviousRawEdge-CatmullRomRGB-Fixed080,1.5393366813659668,39.0611785784065,0.0,0.0
226,grass-seam,ABL-ET2X-R-PreviousRawEdge-CatmullRomRGB-Fixed080-EncodedGamma2Blend,1.5384894609451294,39.07174123184891,0.0,0.0
227,seams,O-T2X-R,1.2729328870773315,38.302918288406566,0.0,0.0
227,seams,ABL-ET2X-R-PreviousRawEdge-CatmullRomRGB-Fixed080,1.8243814706802368,34.36810607904346,0.0,0.0
227,seams,ABL-ET2X-R-PreviousRawEdge-CatmullRomRGB-Fixed080-EncodedGamma2Blend,1.8241536617279053,34.37334024321029,0.0,0.0
227,thin-seam,O-T2X-R,1.2390950918197632,39.47512344066054,0.0,0.0
227,thin-seam,ABL-ET2X-R-PreviousRawEdge-CatmullRomRGB-Fixed080,1.9196505546569824,33.98726423748035,0.0,0.0
227,thin-seam,ABL-ET2X-R-PreviousRawEdge-CatmullRomRGB-Fixed080-EncodedGamma2Blend,1.9187283515930176,33.997467668427895,0.0,0.0
227,leaves,O-T2X-R,2.4217610359191895,34.537924850979046,0.0,0.0
227,leaves,ABL-ET2X-R-PreviousRawEdge-CatmullRomRGB-Fixed080,2.8716797828674316,32.293282723214396,0.0,0.0
227,leaves,ABL-ET2X-R-PreviousRawEdge-CatmullRomRGB-Fixed080-EncodedGamma2Blend,2.8699543476104736,32.29686728068193,0.0,0.0
227,grass-seam,O-T2X-R,1.468409538269043,39.96791720984325,0.0,0.0
227,grass-seam,ABL-ET2X-R-PreviousRawEdge-CatmullRomRGB-Fixed080,1.5393366813659668,39.0611785784065,0.0,0.0
227,grass-seam,ABL-ET2X-R-PreviousRawEdge-CatmullRomRGB-Fixed080-EncodedGamma2Blend,1.5384894609451294,39.07174123184891,0.0,0.0
228,seams,O-T2X-R,1.2729328870773315,38.302918288406566,0.0,0.0
228,seams,ABL-ET2X-R-PreviousRawEdge-CatmullRomRGB-Fixed080,1.8243814706802368,34.36810607904346,0.0,0.0
228,seams,ABL-ET2X-R-PreviousRawEdge-CatmullRomRGB-Fixed080-EncodedGamma2Blend,1.8241536617279053,34.37334024321029,0.0,0.0
228,thin-seam,O-T2X-R,1.2390950918197632,39.47512344066054,0.0,0.0
228,thin-seam,ABL-ET2X-R-PreviousRawEdge-CatmullRomRGB-Fixed080,1.9196505546569824,33.98726423748035,0.0,0.0
228,thin-seam,ABL-ET2X-R-PreviousRawEdge-CatmullRomRGB-Fixed080-EncodedGamma2Blend,1.9187283515930176,33.997467668427895,0.0,0.0
228,leaves,O-T2X-R,2.4217610359191895,34.537924850979046,0.0,0.0
228,leaves,ABL-ET2X-R-PreviousRawEdge-CatmullRomRGB-Fixed080,2.8716797828674316,32.293282723214396,0.0,0.0
228,leaves,ABL-ET2X-R-PreviousRawEdge-CatmullRomRGB-Fixed080-EncodedGamma2Blend,2.8699543476104736,32.29686728068193,0.0,0.0
228,grass-seam,O-T2X-R,1.468409538269043,39.96791720984325,0.0,0.0
228,grass-seam,ABL-ET2X-R-PreviousRawEdge-CatmullRomRGB-Fixed080,1.5393366813659668,39.0611785784065,0.0,0.0
228,grass-seam,ABL-ET2X-R-PreviousRawEdge-CatmullRomRGB-Fixed080-EncodedGamma2Blend,1.5384894609451294,39.07174123184891,0.0,0.0
229,seams,O-T2X-R,1.2729328870773315,38.302918288406566,0.0,0.0
229,seams,ABL-ET2X-R-PreviousRawEdge-CatmullRomRGB-Fixed080,1.8243814706802368,34.36810607904346,0.0,0.0
229,seams,ABL-ET2X-R-PreviousRawEdge-CatmullRomRGB-Fixed080-EncodedGamma2Blend,1.8241536617279053,34.37334024321029,0.0,0.0
229,thin-seam,O-T2X-R,1.2390950918197632,39.47512344066054,0.0,0.0
229,thin-seam,ABL-ET2X-R-PreviousRawEdge-CatmullRomRGB-Fixed080,1.9196505546569824,33.98726423748035,0.0,0.0
229,thin-seam,ABL-ET2X-R-PreviousRawEdge-CatmullRomRGB-Fixed080-EncodedGamma2Blend,1.9187283515930176,33.997467668427895,0.0,0.0
229,leaves,O-T2X-R,2.4217610359191895,34.537924850979046,0.0,0.0
229,leaves,ABL-ET2X-R-PreviousRawEdge-CatmullRomRGB-Fixed080,2.8716797828674316,32.293282723214396,0.0,0.0
229,leaves,ABL-ET2X-R-PreviousRawEdge-CatmullRomRGB-Fixed080-EncodedGamma2Blend,2.8699543476104736,32.29686728068193,0.0,0.0
229,grass-seam,O-T2X-R,1.468409538269043,39.96791720984325,0.0,0.0
229,grass-seam,ABL-ET2X-R-PreviousRawEdge-CatmullRomRGB-Fixed080,1.5393366813659668,39.0611785784065,0.0,0.0
229,grass-seam,ABL-ET2X-R-PreviousRawEdge-CatmullRomRGB-Fixed080-EncodedGamma2Blend,1.5384894609451294,39.07174123184891,0.0,0.0
230,seams,O-T2X-R,1.2729328870773315,38.302918288406566,0.0,0.0
230,seams,ABL-ET2X-R-PreviousRawEdge-CatmullRomRGB-Fixed080,1.8243814706802368,34.36810607904346,0.0,0.0
230,seams,ABL-ET2X-R-PreviousRawEdge-CatmullRomRGB-Fixed080-EncodedGamma2Blend,1.8241536617279053,34.37334024321029,0.0,0.0
230,thin-seam,O-T2X-R,1.2390950918197632,39.47512344066054,0.0,0.0
230,thin-seam,ABL-ET2X-R-PreviousRawEdge-CatmullRomRGB-Fixed080,1.9196505546569824,33.98726423748035,0.0,0.0
230,thin-seam,ABL-ET2X-R-PreviousRawEdge-CatmullRomRGB-Fixed080-EncodedGamma2Blend,1.9187283515930176,33.997467668427895,0.0,0.0
230,leaves,O-T2X-R,2.4217610359191895,34.537924850979046,0.0,0.0
230,leaves,ABL-ET2X-R-PreviousRawEdge-CatmullRomRGB-Fixed080,2.8716797828674316,32.293282723214396,0.0,0.0
230,leaves,ABL-ET2X-R-PreviousRawEdge-CatmullRomRGB-Fixed080-EncodedGamma2Blend,2.8699543476104736,32.29686728068193,0.0,0.0
230,grass-seam,O-T2X-R,1.468409538269043,39.96791720984325,0.0,0.0
230,grass-seam,ABL-ET2X-R-PreviousRawEdge-CatmullRomRGB-Fixed080,1.5393366813659668,39.0611785784065,0.0,0.0
230,grass-seam,ABL-ET2X-R-PreviousRawEdge-CatmullRomRGB-Fixed080-EncodedGamma2Blend,1.5384894609451294,39.07174123184891,0.0,0.0
231,seams,O-T2X-R,1.2729328870773315,38.302918288406566,0.0,0.0
231,seams,ABL-ET2X-R-PreviousRawEdge-CatmullRomRGB-Fixed080,1.8243814706802368,34.36810607904346,0.0,0.0
231,seams,ABL-ET2X-R-PreviousRawEdge-CatmullRomRGB-Fixed080-EncodedGamma2Blend,1.8241536617279053,34.37334024321029,0.0,0.0
231,thin-seam,O-T2X-R,1.2390950918197632,39.47512344066054,0.0,0.0
231,thin-seam,ABL-ET2X-R-PreviousRawEdge-CatmullRomRGB-Fixed080,1.9196505546569824,33.98726423748035,0.0,0.0
231,thin-seam,ABL-ET2X-R-PreviousRawEdge-CatmullRomRGB-Fixed080-EncodedGamma2Blend,1.9187283515930176,33.997467668427895,0.0,0.0
231,leaves,O-T2X-R,2.4217610359191895,34.537924850979046,0.0,0.0
231,leaves,ABL-ET2X-R-PreviousRawEdge-CatmullRomRGB-Fixed080,2.8716797828674316,32.293282723214396,0.0,0.0
231,leaves,ABL-ET2X-R-PreviousRawEdge-CatmullRomRGB-Fixed080-EncodedGamma2Blend,2.8699543476104736,32.29686728068193,0.0,0.0
231,grass-seam,O-T2X-R,1.468409538269043,39.96791720984325,0.0,0.0
231,grass-seam,ABL-ET2X-R-PreviousRawEdge-CatmullRomRGB-Fixed080,1.5393366813659668,39.0611785784065,0.0,0.0
231,grass-seam,ABL-ET2X-R-PreviousRawEdge-CatmullRomRGB-Fixed080-EncodedGamma2Blend,1.5384894609451294,39.07174123184891,0.0,0.0
232,seams,O-T2X-R,1.2729328870773315,38.302918288406566,0.0,0.0
232,seams,ABL-ET2X-R-PreviousRawEdge-CatmullRomRGB-Fixed080,1.8243814706802368,34.36810607904346,0.0,0.0
232,seams,ABL-ET2X-R-PreviousRawEdge-CatmullRomRGB-Fixed080-EncodedGamma2Blend,1.8241536617279053,34.37334024321029,0.0,0.0
232,thin-seam,O-T2X-R,1.2390950918197632,39.47512344066054,0.0,0.0
232,thin-seam,ABL-ET2X-R-PreviousRawEdge-CatmullRomRGB-Fixed080,1.9196505546569824,33.98726423748035,0.0,0.0
232,thin-seam,ABL-ET2X-R-PreviousRawEdge-CatmullRomRGB-Fixed080-EncodedGamma2Blend,1.9187283515930176,33.997467668427895,0.0,0.0
232,leaves,O-T2X-R,2.4217610359191895,34.537924850979046,0.0,0.0
232,leaves,ABL-ET2X-R-PreviousRawEdge-CatmullRomRGB-Fixed080,2.8716797828674316,32.293282723214396,0.0,0.0
232,leaves,ABL-ET2X-R-PreviousRawEdge-CatmullRomRGB-Fixed080-EncodedGamma2Blend,2.8699543476104736,32.29686728068193,0.0,0.0
232,grass-seam,O-T2X-R,1.468409538269043,39.96791720984325,0.0,0.0
232,grass-seam,ABL-ET2X-R-PreviousRawEdge-CatmullRomRGB-Fixed080,1.5393366813659668,39.0611785784065,0.0,0.0
232,grass-seam,ABL-ET2X-R-PreviousRawEdge-CatmullRomRGB-Fixed080-EncodedGamma2Blend,1.5384894609451294,39.07174123184891,0.0,0.0
233,seams,O-T2X-R,1.2729328870773315,38.302918288406566,0.0,0.0
233,seams,ABL-ET2X-R-PreviousRawEdge-CatmullRomRGB-Fixed080,1.8243814706802368,34.36810607904346,0.0,0.0
233,seams,ABL-ET2X-R-PreviousRawEdge-CatmullRomRGB-Fixed080-EncodedGamma2Blend,1.8241536617279053,34.37334024321029,0.0,0.0
233,thin-seam,O-T2X-R,1.2390950918197632,39.47512344066054,0.0,0.0
233,thin-seam,ABL-ET2X-R-PreviousRawEdge-CatmullRomRGB-Fixed080,1.9196505546569824,33.98726423748035,0.0,0.0
233,thin-seam,ABL-ET2X-R-PreviousRawEdge-CatmullRomRGB-Fixed080-EncodedGamma2Blend,1.9187283515930176,33.997467668427895,0.0,0.0
233,leaves,O-T2X-R,2.4217610359191895,34.537924850979046,0.0,0.0
233,leaves,ABL-ET2X-R-PreviousRawEdge-CatmullRomRGB-Fixed080,2.8716797828674316,32.293282723214396,0.0,0.0
233,leaves,ABL-ET2X-R-PreviousRawEdge-CatmullRomRGB-Fixed080-EncodedGamma2Blend,2.8699543476104736,32.29686728068193,0.0,0.0
233,grass-seam,O-T2X-R,1.468409538269043,39.96791720984325,0.0,0.0
233,grass-seam,ABL-ET2X-R-PreviousRawEdge-CatmullRomRGB-Fixed080,1.5393366813659668,39.0611785784065,0.0,0.0
233,grass-seam,ABL-ET2X-R-PreviousRawEdge-CatmullRomRGB-Fixed080-EncodedGamma2Blend,1.5384894609451294,39.07174123184891,0.0,0.0
234,seams,O-T2X-R,1.2729328870773315,38.302918288406566,0.0,0.0
234,seams,ABL-ET2X-R-PreviousRawEdge-CatmullRomRGB-Fixed080,1.8243814706802368,34.36810607904346,0.0,0.0
234,seams,ABL-ET2X-R-PreviousRawEdge-CatmullRomRGB-Fixed080-EncodedGamma2Blend,1.8241536617279053,34.37334024321029,0.0,0.0
234,thin-seam,O-T2X-R,1.2390950918197632,39.47512344066054,0.0,0.0
234,thin-seam,ABL-ET2X-R-PreviousRawEdge-CatmullRomRGB-Fixed080,1.9196505546569824,33.98726423748035,0.0,0.0
234,thin-seam,ABL-ET2X-R-PreviousRawEdge-CatmullRomRGB-Fixed080-EncodedGamma2Blend,1.9187283515930176,33.997467668427895,0.0,0.0
234,leaves,O-T2X-R,2.4217610359191895,34.537924850979046,0.0,0.0
234,leaves,ABL-ET2X-R-PreviousRawEdge-CatmullRomRGB-Fixed080,2.8716797828674316,32.293282723214396,0.0,0.0
234,leaves,ABL-ET2X-R-PreviousRawEdge-CatmullRomRGB-Fixed080-EncodedGamma2Blend,2.8699543476104736,32.29686728068193,0.0,0.0
234,grass-seam,O-T2X-R,1.468409538269043,39.96791720984325,0.0,0.0
234,grass-seam,ABL-ET2X-R-PreviousRawEdge-CatmullRomRGB-Fixed080,1.5393366813659668,39.0611785784065,0.0,0.0
234,grass-seam,ABL-ET2X-R-PreviousRawEdge-CatmullRomRGB-Fixed080-EncodedGamma2Blend,1.5384894609451294,39.07174123184891,0.0,0.0
235,seams,O-T2X-R,1.2729328870773315,38.302918288406566,0.0,0.0
235,seams,ABL-ET2X-R-PreviousRawEdge-CatmullRomRGB-Fixed080,1.8243814706802368,34.36810607904346,0.0,0.0
235,seams,ABL-ET2X-R-PreviousRawEdge-CatmullRomRGB-Fixed080-EncodedGamma2Blend,1.8241536617279053,34.37334024321029,0.0,0.0
235,thin-seam,O-T2X-R,1.2390950918197632,39.47512344066054,0.0,0.0
235,thin-seam,ABL-ET2X-R-PreviousRawEdge-CatmullRomRGB-Fixed080,1.9196505546569824,33.98726423748035,0.0,0.0
235,thin-seam,ABL-ET2X-R-PreviousRawEdge-CatmullRomRGB-Fixed080-EncodedGamma2Blend,1.9187283515930176,33.997467668427895,0.0,0.0
235,leaves,O-T2X-R,2.4217610359191895,34.537924850979046,0.0,0.0
235,leaves,ABL-ET2X-R-PreviousRawEdge-CatmullRomRGB-Fixed080,2.8716797828674316,32.293282723214396,0.0,0.0
235,leaves,ABL-ET2X-R-PreviousRawEdge-CatmullRomRGB-Fixed080-EncodedGamma2Blend,2.8699543476104736,32.29686728068193,0.0,0.0
235,grass-seam,O-T2X-R,1.468409538269043,39.96791720984325,0.0,0.0
235,grass-seam,ABL-ET2X-R-PreviousRawEdge-CatmullRomRGB-Fixed080,1.5393366813659668,39.0611785784065,0.0,0.0
235,grass-seam,ABL-ET2X-R-PreviousRawEdge-CatmullRomRGB-Fixed080-EncodedGamma2Blend,1.5384894609451294,39.07174123184891,0.0,0.0
236,seams,O-T2X-R,1.2729328870773315,38.302918288406566,0.0,0.0
236,seams,ABL-ET2X-R-PreviousRawEdge-CatmullRomRGB-Fixed080,1.8243814706802368,34.36810607904346,0.0,0.0
236,seams,ABL-ET2X-R-PreviousRawEdge-CatmullRomRGB-Fixed080-EncodedGamma2Blend,1.8241536617279053,34.37334024321029,0.0,0.0
236,thin-seam,O-T2X-R,1.2390950918197632,39.47512344066054,0.0,0.0
236,thin-seam,ABL-ET2X-R-PreviousRawEdge-CatmullRomRGB-Fixed080,1.9196505546569824,33.98726423748035,0.0,0.0
236,thin-seam,ABL-ET2X-R-PreviousRawEdge-CatmullRomRGB-Fixed080-EncodedGamma2Blend,1.9187283515930176,33.997467668427895,0.0,0.0
236,leaves,O-T2X-R,2.4217610359191895,34.537924850979046,0.0,0.0
236,leaves,ABL-ET2X-R-PreviousRawEdge-CatmullRomRGB-Fixed080,2.8716797828674316,32.293282723214396,0.0,0.0
236,leaves,ABL-ET2X-R-PreviousRawEdge-CatmullRomRGB-Fixed080-EncodedGamma2Blend,2.8699543476104736,32.29686728068193,0.0,0.0
236,grass-seam,O-T2X-R,1.468409538269043,39.96791720984325,0.0,0.0
236,grass-seam,ABL-ET2X-R-PreviousRawEdge-CatmullRomRGB-Fixed080,1.5393366813659668,39.0611785784065,0.0,0.0
236,grass-seam,ABL-ET2X-R-PreviousRawEdge-CatmullRomRGB-Fixed080-EncodedGamma2Blend,1.5384894609451294,39.07174123184891,0.0,0.0
237,seams,O-T2X-R,1.2729328870773315,38.302918288406566,0.0,0.0
237,seams,ABL-ET2X-R-PreviousRawEdge-CatmullRomRGB-Fixed080,1.8243814706802368,34.36810607904346,0.0,0.0
237,seams,ABL-ET2X-R-PreviousRawEdge-CatmullRomRGB-Fixed080-EncodedGamma2Blend,1.8241536617279053,34.37334024321029,0.0,0.0
237,thin-seam,O-T2X-R,1.2390950918197632,39.47512344066054,0.0,0.0
237,thin-seam,ABL-ET2X-R-PreviousRawEdge-CatmullRomRGB-Fixed080,1.9196505546569824,33.98726423748035,0.0,0.0
237,thin-seam,ABL-ET2X-R-PreviousRawEdge-CatmullRomRGB-Fixed080-EncodedGamma2Blend,1.9187283515930176,33.997467668427895,0.0,0.0
237,leaves,O-T2X-R,2.4217610359191895,34.537924850979046,0.0,0.0
237,leaves,ABL-ET2X-R-PreviousRawEdge-CatmullRomRGB-Fixed080,2.8716797828674316,32.293282723214396,0.0,0.0
237,leaves,ABL-ET2X-R-PreviousRawEdge-CatmullRomRGB-Fixed080-EncodedGamma2Blend,2.8699543476104736,32.29686728068193,0.0,0.0
237,grass-seam,O-T2X-R,1.468409538269043,39.96791720984325,0.0,0.0
237,grass-seam,ABL-ET2X-R-PreviousRawEdge-CatmullRomRGB-Fixed080,1.5393366813659668,39.0611785784065,0.0,0.0
237,grass-seam,ABL-ET2X-R-PreviousRawEdge-CatmullRomRGB-Fixed080-EncodedGamma2Blend,1.5384894609451294,39.07174123184891,0.0,0.0
238,seams,O-T2X-R,1.2729328870773315,38.302918288406566,0.0,0.0
238,seams,ABL-ET2X-R-PreviousRawEdge-CatmullRomRGB-Fixed080,1.8243814706802368,34.36810607904346,0.0,0.0
238,seams,ABL-ET2X-R-PreviousRawEdge-CatmullRomRGB-Fixed080-EncodedGamma2Blend,1.8241536617279053,34.37334024321029,0.0,0.0
238,thin-seam,O-T2X-R,1.2390950918197632,39.47512344066054,0.0,0.0
238,thin-seam,ABL-ET2X-R-PreviousRawEdge-CatmullRomRGB-Fixed080,1.9196505546569824,33.98726423748035,0.0,0.0
238,thin-seam,ABL-ET2X-R-PreviousRawEdge-CatmullRomRGB-Fixed080-EncodedGamma2Blend,1.9187283515930176,33.997467668427895,0.0,0.0
238,leaves,O-T2X-R,2.4217610359191895,34.537924850979046,0.0,0.0
238,leaves,ABL-ET2X-R-PreviousRawEdge-CatmullRomRGB-Fixed080,2.8716797828674316,32.293282723214396,0.0,0.0
238,leaves,ABL-ET2X-R-PreviousRawEdge-CatmullRomRGB-Fixed080-EncodedGamma2Blend,2.8699543476104736,32.29686728068193,0.0,0.0
238,grass-seam,O-T2X-R,1.468409538269043,39.96791720984325,0.0,0.0
238,grass-seam,ABL-ET2X-R-PreviousRawEdge-CatmullRomRGB-Fixed080,1.5393366813659668,39.0611785784065,0.0,0.0
238,grass-seam,ABL-ET2X-R-PreviousRawEdge-CatmullRomRGB-Fixed080-EncodedGamma2Blend,1.5384894609451294,39.07174123184891,0.0,0.0
239,seams,O-T2X-R,1.2729328870773315,38.302918288406566,0.0,0.0
239,seams,ABL-ET2X-R-PreviousRawEdge-CatmullRomRGB-Fixed080,1.8243814706802368,34.36810607904346,0.0,0.0
239,seams,ABL-ET2X-R-PreviousRawEdge-CatmullRomRGB-Fixed080-EncodedGamma2Blend,1.8241536617279053,34.37334024321029,0.0,0.0
239,thin-seam,O-T2X-R,1.2390950918197632,39.47512344066054,0.0,0.0
239,thin-seam,ABL-ET2X-R-PreviousRawEdge-CatmullRomRGB-Fixed080,1.9196505546569824,33.98726423748035,0.0,0.0
239,thin-seam,ABL-ET2X-R-PreviousRawEdge-CatmullRomRGB-Fixed080-EncodedGamma2Blend,1.9187283515930176,33.997467668427895,0.0,0.0
239,leaves,O-T2X-R,2.4217610359191895,34.537924850979046,0.0,0.0
239,leaves,ABL-ET2X-R-PreviousRawEdge-CatmullRomRGB-Fixed080,2.8716797828674316,32.293282723214396,0.0,0.0
239,leaves,ABL-ET2X-R-PreviousRawEdge-CatmullRomRGB-Fixed080-EncodedGamma2Blend,2.8699543476104736,32.29686728068193,0.0,0.0
239,grass-seam,O-T2X-R,1.468409538269043,39.96791720984325,0.0,0.0
239,grass-seam,ABL-ET2X-R-PreviousRawEdge-CatmullRomRGB-Fixed080,1.5393366813659668,39.0611785784065,0.0,0.0
239,grass-seam,ABL-ET2X-R-PreviousRawEdge-CatmullRomRGB-Fixed080-EncodedGamma2Blend,1.5384894609451294,39.07174123184891,0.0,0.0
