frame,roi,mode,reference_rgb_mae,psnr,luma_delta,luma_second_delta
0,chairs,O-T2X-R,4.546842575073242,28.44487050795346,,
0,chairs,ABL-ET2X-R-PreviousRawEdge-CatmullRomRGB-Fixed080,3.689225196838379,29.913685532648646,,
0,chairs,ABL-ET2X-R-PreviousRawEdge-CatmullRomRGB-Fixed080-YCoCgVarianceClamp,3.689225196838379,29.913685532648646,,
0,thin-chair,O-T2X-R,6.6784443855285645,26.338290801734075,,
0,thin-chair,ABL-ET2X-R-PreviousRawEdge-CatmullRomRGB-Fixed080,5.546253681182861,27.741128275872825,,
0,thin-chair,ABL-ET2X-R-PreviousRawEdge-CatmullRomRGB-Fixed080-YCoCgVarianceClamp,5.546253681182861,27.741128275872825,,
0,windows,O-T2X-R,7.944287300109863,21.91560318726814,,
0,windows,ABL-ET2X-R-PreviousRawEdge-CatmullRomRGB-Fixed080,5.217268943786621,25.77318343274605,,
0,windows,ABL-ET2X-R-PreviousRawEdge-CatmullRomRGB-Fixed080-YCoCgVarianceClamp,5.217268943786621,25.77318343274605,,
1,chairs,O-T2X-R,2.539811134338379,33.091345831527036,3.436199903488159,
1,chairs,ABL-ET2X-R-PreviousRawEdge-CatmullRomRGB-Fixed080,3.689225196838379,29.913685532648646,0.0,
1,chairs,ABL-ET2X-R-PreviousRawEdge-CatmullRomRGB-Fixed080-YCoCgVarianceClamp,3.5982422828674316,30.147267221835413,0.2537612020969391,
1,thin-chair,O-T2X-R,3.863340377807617,30.773035422457546,4.929037094116211,
1,thin-chair,ABL-ET2X-R-PreviousRawEdge-CatmullRomRGB-Fixed080,5.546253681182861,27.741128275872825,0.0,
1,thin-chair,ABL-ET2X-R-PreviousRawEdge-CatmullRomRGB-Fixed080-YCoCgVarianceClamp,5.400361061096191,27.959070209607475,0.3914380371570587,
1,windows,O-T2X-R,4.3203125,28.06699692047068,5.360753536224365,
1,windows,ABL-ET2X-R-PreviousRawEdge-CatmullRomRGB-Fixed080,5.217268943786621,25.77318343274605,0.0,
1,windows,ABL-ET2X-R-PreviousRawEdge-CatmullRomRGB-Fixed080-YCoCgVarianceClamp,5.160595893859863,25.885201201112512,0.19570785760879517,
2,chairs,O-T2X-R,2.539811134338379,33.091345831527036,0.0,3.436199903488159
2,chairs,ABL-ET2X-R-PreviousRawEdge-CatmullRomRGB-Fixed080,3.689225196838379,29.913685532648646,0.0,0.0
2,chairs,ABL-ET2X-R-PreviousRawEdge-CatmullRomRGB-Fixed080-YCoCgVarianceClamp,3.598160743713379,30.147353672615584,0.0002362694649491459,0.2537820041179657
2,thin-chair,O-T2X-R,3.863340377807617,30.773035422457546,0.0,4.929037094116211
2,thin-chair,ABL-ET2X-R-PreviousRawEdge-CatmullRomRGB-Fixed080,5.546253681182861,27.741128275872825,0.0,0.0
2,thin-chair,ABL-ET2X-R-PreviousRawEdge-CatmullRomRGB-Fixed080-YCoCgVarianceClamp,5.400361061096191,27.95910237760505,0.0003473187971394509,0.3914819061756134
2,windows,O-T2X-R,4.3203125,28.06699692047068,0.0,5.360753536224365
2,windows,ABL-ET2X-R-PreviousRawEdge-CatmullRomRGB-Fixed080,5.217268943786621,25.77318343274605,0.0,0.0
2,windows,ABL-ET2X-R-PreviousRawEdge-CatmullRomRGB-Fixed080-YCoCgVarianceClamp,5.1605305671691895,25.885304727392203,0.0001961723028216511,0.19572843611240387
3,chairs,O-T2X-R,2.539811134338379,33.091345831527036,0.0,0.0
3,chairs,ABL-ET2X-R-PreviousRawEdge-CatmullRomRGB-Fixed080,3.689225196838379,29.913685532648646,0.0,0.0
3,chairs,ABL-ET2X-R-PreviousRawEdge-CatmullRomRGB-Fixed080-YCoCgVarianceClamp,3.598160743713379,30.147353672615584,0.0,0.0002362694649491459
3,thin-chair,O-T2X-R,3.863340377807617,30.773035422457546,0.0,0.0
3,thin-chair,ABL-ET2X-R-PreviousRawEdge-CatmullRomRGB-Fixed080,5.546253681182861,27.741128275872825,0.0,0.0
3,thin-chair,ABL-ET2X-R-PreviousRawEdge-CatmullRomRGB-Fixed080-YCoCgVarianceClamp,5.400361061096191,27.95910237760505,0.0,0.0003473187971394509
3,windows,O-T2X-R,4.3203125,28.06699692047068,0.0,0.0
3,windows,ABL-ET2X-R-PreviousRawEdge-CatmullRomRGB-Fixed080,5.217268943786621,25.77318343274605,0.0,0.0
3,windows,ABL-ET2X-R-PreviousRawEdge-CatmullRomRGB-Fixed080-YCoCgVarianceClamp,5.160562992095947,25.885277857738963,1.3905763807997573e-05,0.0001959763467311859
4,chairs,O-T2X-R,2.539811134338379,33.091345831527036,0.0,0.0
4,chairs,ABL-ET2X-R-PreviousRawEdge-CatmullRomRGB-Fixed080,3.689225196838379,29.913685532648646,0.0,0.0
4,chairs,ABL-ET2X-R-PreviousRawEdge-CatmullRomRGB-Fixed080-YCoCgVarianceClamp,3.598160743713379,30.147353672615584,0.0,0.0
4,thin-chair,O-T2X-R,3.863340377807617,30.773035422457546,0.0,0.0
4,thin-chair,ABL-ET2X-R-PreviousRawEdge-CatmullRomRGB-Fixed080,5.546253681182861,27.741128275872825,0.0,0.0
4,thin-chair,ABL-ET2X-R-PreviousRawEdge-CatmullRomRGB-Fixed080-YCoCgVarianceClamp,5.400361061096191,27.95910237760505,0.0,0.0
4,windows,O-T2X-R,4.3203125,28.06699692047068,0.0,0.0
4,windows,ABL-ET2X-R-PreviousRawEdge-CatmullRomRGB-Fixed080,5.217268943786621,25.77318343274605,0.0,0.0
4,windows,ABL-ET2X-R-PreviousRawEdge-CatmullRomRGB-Fixed080-YCoCgVarianceClamp,5.160562992095947,25.885277857738963,0.0,1.3905763807997573e-05
5,chairs,O-T2X-R,2.539811134338379,33.091345831527036,0.0,0.0
5,chairs,ABL-ET2X-R-PreviousRawEdge-CatmullRomRGB-Fixed080,3.689225196838379,29.913685532648646,0.0,0.0
5,chairs,ABL-ET2X-R-PreviousRawEdge-CatmullRomRGB-Fixed080-YCoCgVarianceClamp,3.598160743713379,30.147353672615584,0.0,0.0
5,thin-chair,O-T2X-R,3.863340377807617,30.773035422457546,0.0,0.0
5,thin-chair,ABL-ET2X-R-PreviousRawEdge-CatmullRomRGB-Fixed080,5.546253681182861,27.741128275872825,0.0,0.0
5,thin-chair,ABL-ET2X-R-PreviousRawEdge-CatmullRomRGB-Fixed080-YCoCgVarianceClamp,5.400361061096191,27.95910237760505,0.0,0.0
5,windows,O-T2X-R,4.3203125,28.06699692047068,0.0,0.0
5,windows,ABL-ET2X-R-PreviousRawEdge-CatmullRomRGB-Fixed080,5.217268943786621,25.77318343274605,0.0,0.0
5,windows,ABL-ET2X-R-PreviousRawEdge-CatmullRomRGB-Fixed080-YCoCgVarianceClamp,5.160562992095947,25.885277857738963,0.0,0.0
6,chairs,O-T2X-R,2.539811134338379,33.091345831527036,0.0,0.0
6,chairs,ABL-ET2X-R-PreviousRawEdge-CatmullRomRGB-Fixed080,3.689225196838379,29.913685532648646,0.0,0.0
6,chairs,ABL-ET2X-R-PreviousRawEdge-CatmullRomRGB-Fixed080-YCoCgVarianceClamp,3.598160743713379,30.147353672615584,0.0,0.0
6,thin-chair,O-T2X-R,3.863340377807617,30.773035422457546,0.0,0.0
6,thin-chair,ABL-ET2X-R-PreviousRawEdge-CatmullRomRGB-Fixed080,5.546253681182861,27.741128275872825,0.0,0.0
6,thin-chair,ABL-ET2X-R-PreviousRawEdge-CatmullRomRGB-Fixed080-YCoCgVarianceClamp,5.400361061096191,27.95910237760505,0.0,0.0
6,windows,O-T2X-R,4.3203125,28.06699692047068,0.0,0.0
6,windows,ABL-ET2X-R-PreviousRawEdge-CatmullRomRGB-Fixed080,5.217268943786621,25.77318343274605,0.0,0.0
6,windows,ABL-ET2X-R-PreviousRawEdge-CatmullRomRGB-Fixed080-YCoCgVarianceClamp,5.160562992095947,25.885277857738963,0.0,0.0
7,chairs,O-T2X-R,2.539811134338379,33.091345831527036,0.0,0.0
7,chairs,ABL-ET2X-R-PreviousRawEdge-CatmullRomRGB-Fixed080,3.689225196838379,29.913685532648646,0.0,0.0
7,chairs,ABL-ET2X-R-PreviousRawEdge-CatmullRomRGB-Fixed080-YCoCgVarianceClamp,3.598160743713379,30.147353672615584,0.0,0.0
7,thin-chair,O-T2X-R,3.863340377807617,30.773035422457546,0.0,0.0
7,thin-chair,ABL-ET2X-R-PreviousRawEdge-CatmullRomRGB-Fixed080,5.546253681182861,27.741128275872825,0.0,0.0
7,thin-chair,ABL-ET2X-R-PreviousRawEdge-CatmullRomRGB-Fixed080-YCoCgVarianceClamp,5.400361061096191,27.95910237760505,0.0,0.0
7,windows,O-T2X-R,4.3203125,28.06699692047068,0.0,0.0
7,windows,ABL-ET2X-R-PreviousRawEdge-CatmullRomRGB-Fixed080,5.217268943786621,25.77318343274605,0.0,0.0
7,windows,ABL-ET2X-R-PreviousRawEdge-CatmullRomRGB-Fixed080-YCoCgVarianceClamp,5.160562992095947,25.885277857738963,0.0,0.0
8,chairs,O-T2X-R,2.539811134338379,33.091345831527036,0.0,0.0
8,chairs,ABL-ET2X-R-PreviousRawEdge-CatmullRomRGB-Fixed080,3.689225196838379,29.913685532648646,0.0,0.0
8,chairs,ABL-ET2X-R-PreviousRawEdge-CatmullRomRGB-Fixed080-YCoCgVarianceClamp,3.598160743713379,30.147353672615584,0.0,0.0
8,thin-chair,O-T2X-R,3.863340377807617,30.773035422457546,0.0,0.0
8,thin-chair,ABL-ET2X-R-PreviousRawEdge-CatmullRomRGB-Fixed080,5.546253681182861,27.741128275872825,0.0,0.0
8,thin-chair,ABL-ET2X-R-PreviousRawEdge-CatmullRomRGB-Fixed080-YCoCgVarianceClamp,5.400361061096191,27.95910237760505,0.0,0.0
8,windows,O-T2X-R,4.3203125,28.06699692047068,0.0,0.0
8,windows,ABL-ET2X-R-PreviousRawEdge-CatmullRomRGB-Fixed080,5.217268943786621,25.77318343274605,0.0,0.0
8,windows,ABL-ET2X-R-PreviousRawEdge-CatmullRomRGB-Fixed080-YCoCgVarianceClamp,5.160562992095947,25.885277857738963,0.0,0.0
9,chairs,O-T2X-R,2.539811134338379,33.091345831527036,0.0,0.0
9,chairs,ABL-ET2X-R-PreviousRawEdge-CatmullRomRGB-Fixed080,3.689225196838379,29.913685532648646,0.0,0.0
9,chairs,ABL-ET2X-R-PreviousRawEdge-CatmullRomRGB-Fixed080-YCoCgVarianceClamp,3.598160743713379,30.147353672615584,0.0,0.0
9,thin-chair,O-T2X-R,3.863340377807617,30.773035422457546,0.0,0.0
9,thin-chair,ABL-ET2X-R-PreviousRawEdge-CatmullRomRGB-Fixed080,5.546253681182861,27.741128275872825,0.0,0.0
9,thin-chair,ABL-ET2X-R-PreviousRawEdge-CatmullRomRGB-Fixed080-YCoCgVarianceClamp,5.400361061096191,27.95910237760505,0.0,0.0
9,windows,O-T2X-R,4.3203125,28.06699692047068,0.0,0.0
9,windows,ABL-ET2X-R-PreviousRawEdge-CatmullRomRGB-Fixed080,5.217268943786621,25.77318343274605,0.0,0.0
9,windows,ABL-ET2X-R-PreviousRawEdge-CatmullRomRGB-Fixed080-YCoCgVarianceClamp,5.160562992095947,25.885277857738963,0.0,0.0
10,chairs,O-T2X-R,2.539811134338379,33.091345831527036,0.0,0.0
10,chairs,ABL-ET2X-R-PreviousRawEdge-CatmullRomRGB-Fixed080,3.689225196838379,29.913685532648646,0.0,0.0
10,chairs,ABL-ET2X-R-PreviousRawEdge-CatmullRomRGB-Fixed080-YCoCgVarianceClamp,3.598160743713379,30.147353672615584,0.0,0.0
10,thin-chair,O-T2X-R,3.863340377807617,30.773035422457546,0.0,0.0
10,thin-chair,ABL-ET2X-R-PreviousRawEdge-CatmullRomRGB-Fixed080,5.546253681182861,27.741128275872825,0.0,0.0
10,thin-chair,ABL-ET2X-R-PreviousRawEdge-CatmullRomRGB-Fixed080-YCoCgVarianceClamp,5.400361061096191,27.95910237760505,0.0,0.0
10,windows,O-T2X-R,4.3203125,28.06699692047068,0.0,0.0
10,windows,ABL-ET2X-R-PreviousRawEdge-CatmullRomRGB-Fixed080,5.217268943786621,25.77318343274605,0.0,0.0
10,windows,ABL-ET2X-R-PreviousRawEdge-CatmullRomRGB-Fixed080-YCoCgVarianceClamp,5.160562992095947,25.885277857738963,0.0,0.0
11,chairs,O-T2X-R,2.539811134338379,33.091345831527036,0.0,0.0
11,chairs,ABL-ET2X-R-PreviousRawEdge-CatmullRomRGB-Fixed080,3.689225196838379,29.913685532648646,0.0,0.0
11,chairs,ABL-ET2X-R-PreviousRawEdge-CatmullRomRGB-Fixed080-YCoCgVarianceClamp,3.598160743713379,30.147353672615584,0.0,0.0
11,thin-chair,O-T2X-R,3.863340377807617,30.773035422457546,0.0,0.0
11,thin-chair,ABL-ET2X-R-PreviousRawEdge-CatmullRomRGB-Fixed080,5.546253681182861,27.741128275872825,0.0,0.0
11,thin-chair,ABL-ET2X-R-PreviousRawEdge-CatmullRomRGB-Fixed080-YCoCgVarianceClamp,5.400361061096191,27.95910237760505,0.0,0.0
11,windows,O-T2X-R,4.3203125,28.06699692047068,0.0,0.0
11,windows,ABL-ET2X-R-PreviousRawEdge-CatmullRomRGB-Fixed080,5.217268943786621,25.77318343274605,0.0,0.0
11,windows,ABL-ET2X-R-PreviousRawEdge-CatmullRomRGB-Fixed080-YCoCgVarianceClamp,5.160562992095947,25.885277857738963,0.0,0.0
12,chairs,O-T2X-R,2.539811134338379,33.091345831527036,0.0,0.0
12,chairs,ABL-ET2X-R-PreviousRawEdge-CatmullRomRGB-Fixed080,3.689225196838379,29.913685532648646,0.0,0.0
12,chairs,ABL-ET2X-R-PreviousRawEdge-CatmullRomRGB-Fixed080-YCoCgVarianceClamp,3.598160743713379,30.147353672615584,0.0,0.0
12,thin-chair,O-T2X-R,3.863340377807617,30.773035422457546,0.0,0.0
12,thin-chair,ABL-ET2X-R-PreviousRawEdge-CatmullRomRGB-Fixed080,5.546253681182861,27.741128275872825,0.0,0.0
12,thin-chair,ABL-ET2X-R-PreviousRawEdge-CatmullRomRGB-Fixed080-YCoCgVarianceClamp,5.400361061096191,27.95910237760505,0.0,0.0
12,windows,O-T2X-R,4.3203125,28.06699692047068,0.0,0.0
12,windows,ABL-ET2X-R-PreviousRawEdge-CatmullRomRGB-Fixed080,5.217268943786621,25.77318343274605,0.0,0.0
12,windows,ABL-ET2X-R-PreviousRawEdge-CatmullRomRGB-Fixed080-YCoCgVarianceClamp,5.160562992095947,25.885277857738963,0.0,0.0
13,chairs,O-T2X-R,2.539811134338379,33.091345831527036,0.0,0.0
13,chairs,ABL-ET2X-R-PreviousRawEdge-CatmullRomRGB-Fixed080,3.689225196838379,29.913685532648646,0.0,0.0
13,chairs,ABL-ET2X-R-PreviousRawEdge-CatmullRomRGB-Fixed080-YCoCgVarianceClamp,3.598160743713379,30.147353672615584,0.0,0.0
13,thin-chair,O-T2X-R,3.863340377807617,30.773035422457546,0.0,0.0
13,thin-chair,ABL-ET2X-R-PreviousRawEdge-CatmullRomRGB-Fixed080,5.546253681182861,27.741128275872825,0.0,0.0
13,thin-chair,ABL-ET2X-R-PreviousRawEdge-CatmullRomRGB-Fixed080-YCoCgVarianceClamp,5.400361061096191,27.95910237760505,0.0,0.0
13,windows,O-T2X-R,4.3203125,28.06699692047068,0.0,0.0
13,windows,ABL-ET2X-R-PreviousRawEdge-CatmullRomRGB-Fixed080,5.217268943786621,25.77318343274605,0.0,0.0
13,windows,ABL-ET2X-R-PreviousRawEdge-CatmullRomRGB-Fixed080-YCoCgVarianceClamp,5.160562992095947,25.885277857738963,0.0,0.0
14,chairs,O-T2X-R,2.539811134338379,33.091345831527036,0.0,0.0
14,chairs,ABL-ET2X-R-PreviousRawEdge-CatmullRomRGB-Fixed080,3.689225196838379,29.913685532648646,0.0,0.0
14,chairs,ABL-ET2X-R-PreviousRawEdge-CatmullRomRGB-Fixed080-YCoCgVarianceClamp,3.598160743713379,30.147353672615584,0.0,0.0
14,thin-chair,O-T2X-R,3.863340377807617,30.773035422457546,0.0,0.0
14,thin-chair,ABL-ET2X-R-PreviousRawEdge-CatmullRomRGB-Fixed080,5.546253681182861,27.741128275872825,0.0,0.0
14,thin-chair,ABL-ET2X-R-PreviousRawEdge-CatmullRomRGB-Fixed080-YCoCgVarianceClamp,5.400361061096191,27.95910237760505,0.0,0.0
14,windows,O-T2X-R,4.3203125,28.06699692047068,0.0,0.0
14,windows,ABL-ET2X-R-PreviousRawEdge-CatmullRomRGB-Fixed080,5.217268943786621,25.77318343274605,0.0,0.0
14,windows,ABL-ET2X-R-PreviousRawEdge-CatmullRomRGB-Fixed080-YCoCgVarianceClamp,5.160562992095947,25.885277857738963,0.0,0.0
15,chairs,O-T2X-R,2.539811134338379,33.091345831527036,0.0,0.0
15,chairs,ABL-ET2X-R-PreviousRawEdge-CatmullRomRGB-Fixed080,3.689225196838379,29.913685532648646,0.0,0.0
15,chairs,ABL-ET2X-R-PreviousRawEdge-CatmullRomRGB-Fixed080-YCoCgVarianceClamp,3.598160743713379,30.147353672615584,0.0,0.0
15,thin-chair,O-T2X-R,3.863340377807617,30.773035422457546,0.0,0.0
15,thin-chair,ABL-ET2X-R-PreviousRawEdge-CatmullRomRGB-Fixed080,5.546253681182861,27.741128275872825,0.0,0.0
15,thin-chair,ABL-ET2X-R-PreviousRawEdge-CatmullRomRGB-Fixed080-YCoCgVarianceClamp,5.400361061096191,27.95910237760505,0.0,0.0
15,windows,O-T2X-R,4.3203125,28.06699692047068,0.0,0.0
15,windows,ABL-ET2X-R-PreviousRawEdge-CatmullRomRGB-Fixed080,5.217268943786621,25.77318343274605,0.0,0.0
15,windows,ABL-ET2X-R-PreviousRawEdge-CatmullRomRGB-Fixed080-YCoCgVarianceClamp,5.160562992095947,25.885277857738963,0.0,0.0
16,chairs,O-T2X-R,2.539811134338379,33.091345831527036,0.0,0.0
16,chairs,ABL-ET2X-R-PreviousRawEdge-CatmullRomRGB-Fixed080,3.689225196838379,29.913685532648646,0.0,0.0
16,chairs,ABL-ET2X-R-PreviousRawEdge-CatmullRomRGB-Fixed080-YCoCgVarianceClamp,3.598160743713379,30.147353672615584,0.0,0.0
16,thin-chair,O-T2X-R,3.863340377807617,30.773035422457546,0.0,0.0
16,thin-chair,ABL-ET2X-R-PreviousRawEdge-CatmullRomRGB-Fixed080,5.546253681182861,27.741128275872825,0.0,0.0
16,thin-chair,ABL-ET2X-R-PreviousRawEdge-CatmullRomRGB-Fixed080-YCoCgVarianceClamp,5.400361061096191,27.95910237760505,0.0,0.0
16,windows,O-T2X-R,4.3203125,28.06699692047068,0.0,0.0
16,windows,ABL-ET2X-R-PreviousRawEdge-CatmullRomRGB-Fixed080,5.217268943786621,25.77318343274605,0.0,0.0
16,windows,ABL-ET2X-R-PreviousRawEdge-CatmullRomRGB-Fixed080-YCoCgVarianceClamp,5.160562992095947,25.885277857738963,0.0,0.0
17,chairs,O-T2X-R,2.539811134338379,33.091345831527036,0.0,0.0
17,chairs,ABL-ET2X-R-PreviousRawEdge-CatmullRomRGB-Fixed080,3.689225196838379,29.913685532648646,0.0,0.0
17,chairs,ABL-ET2X-R-PreviousRawEdge-CatmullRomRGB-Fixed080-YCoCgVarianceClamp,3.598160743713379,30.147353672615584,0.0,0.0
17,thin-chair,O-T2X-R,3.863340377807617,30.773035422457546,0.0,0.0
17,thin-chair,ABL-ET2X-R-PreviousRawEdge-CatmullRomRGB-Fixed080,5.546253681182861,27.741128275872825,0.0,0.0
17,thin-chair,ABL-ET2X-R-PreviousRawEdge-CatmullRomRGB-Fixed080-YCoCgVarianceClamp,5.400361061096191,27.95910237760505,0.0,0.0
17,windows,O-T2X-R,4.3203125,28.06699692047068,0.0,0.0
17,windows,ABL-ET2X-R-PreviousRawEdge-CatmullRomRGB-Fixed080,5.217268943786621,25.77318343274605,0.0,0.0
17,windows,ABL-ET2X-R-PreviousRawEdge-CatmullRomRGB-Fixed080-YCoCgVarianceClamp,5.160562992095947,25.885277857738963,0.0,0.0
18,chairs,O-T2X-R,2.539811134338379,33.091345831527036,0.0,0.0
18,chairs,ABL-ET2X-R-PreviousRawEdge-CatmullRomRGB-Fixed080,3.689225196838379,29.913685532648646,0.0,0.0
18,chairs,ABL-ET2X-R-PreviousRawEdge-CatmullRomRGB-Fixed080-YCoCgVarianceClamp,3.598160743713379,30.147353672615584,0.0,0.0
18,thin-chair,O-T2X-R,3.863340377807617,30.773035422457546,0.0,0.0
18,thin-chair,ABL-ET2X-R-PreviousRawEdge-CatmullRomRGB-Fixed080,5.546253681182861,27.741128275872825,0.0,0.0
18,thin-chair,ABL-ET2X-R-PreviousRawEdge-CatmullRomRGB-Fixed080-YCoCgVarianceClamp,5.400361061096191,27.95910237760505,0.0,0.0
18,windows,O-T2X-R,4.3203125,28.06699692047068,0.0,0.0
18,windows,ABL-ET2X-R-PreviousRawEdge-CatmullRomRGB-Fixed080,5.217268943786621,25.77318343274605,0.0,0.0
18,windows,ABL-ET2X-R-PreviousRawEdge-CatmullRomRGB-Fixed080-YCoCgVarianceClamp,5.160562992095947,25.885277857738963,0.0,0.0
19,chairs,O-T2X-R,2.539811134338379,33.091345831527036,0.0,0.0
19,chairs,ABL-ET2X-R-PreviousRawEdge-CatmullRomRGB-Fixed080,3.689225196838379,29.913685532648646,0.0,0.0
19,chairs,ABL-ET2X-R-PreviousRawEdge-CatmullRomRGB-Fixed080-YCoCgVarianceClamp,3.598160743713379,30.147353672615584,0.0,0.0
19,thin-chair,O-T2X-R,3.863340377807617,30.773035422457546,0.0,0.0
19,thin-chair,ABL-ET2X-R-PreviousRawEdge-CatmullRomRGB-Fixed080,5.546253681182861,27.741128275872825,0.0,0.0
19,thin-chair,ABL-ET2X-R-PreviousRawEdge-CatmullRomRGB-Fixed080-YCoCgVarianceClamp,5.400361061096191,27.95910237760505,0.0,0.0
19,windows,O-T2X-R,4.3203125,28.06699692047068,0.0,0.0
19,windows,ABL-ET2X-R-PreviousRawEdge-CatmullRomRGB-Fixed080,5.217268943786621,25.77318343274605,0.0,0.0
19,windows,ABL-ET2X-R-PreviousRawEdge-CatmullRomRGB-Fixed080-YCoCgVarianceClamp,5.160562992095947,25.885277857738963,0.0,0.0
20,chairs,O-T2X-R,2.539811134338379,33.091345831527036,0.0,0.0
20,chairs,ABL-ET2X-R-PreviousRawEdge-CatmullRomRGB-Fixed080,3.689225196838379,29.913685532648646,0.0,0.0
20,chairs,ABL-ET2X-R-PreviousRawEdge-CatmullRomRGB-Fixed080-YCoCgVarianceClamp,3.598160743713379,30.147353672615584,0.0,0.0
20,thin-chair,O-T2X-R,3.863340377807617,30.773035422457546,0.0,0.0
20,thin-chair,ABL-ET2X-R-PreviousRawEdge-CatmullRomRGB-Fixed080,5.546253681182861,27.741128275872825,0.0,0.0
20,thin-chair,ABL-ET2X-R-PreviousRawEdge-CatmullRomRGB-Fixed080-YCoCgVarianceClamp,5.400361061096191,27.95910237760505,0.0,0.0
20,windows,O-T2X-R,4.3203125,28.06699692047068,0.0,0.0
20,windows,ABL-ET2X-R-PreviousRawEdge-CatmullRomRGB-Fixed080,5.217268943786621,25.77318343274605,0.0,0.0
20,windows,ABL-ET2X-R-PreviousRawEdge-CatmullRomRGB-Fixed080-YCoCgVarianceClamp,5.160562992095947,25.885277857738963,0.0,0.0
21,chairs,O-T2X-R,2.539811134338379,33.091345831527036,0.0,0.0
21,chairs,ABL-ET2X-R-PreviousRawEdge-CatmullRomRGB-Fixed080,3.689225196838379,29.913685532648646,0.0,0.0
21,chairs,ABL-ET2X-R-PreviousRawEdge-CatmullRomRGB-Fixed080-YCoCgVarianceClamp,3.598160743713379,30.147353672615584,0.0,0.0
21,thin-chair,O-T2X-R,3.863340377807617,30.773035422457546,0.0,0.0
21,thin-chair,ABL-ET2X-R-PreviousRawEdge-CatmullRomRGB-Fixed080,5.546253681182861,27.741128275872825,0.0,0.0
21,thin-chair,ABL-ET2X-R-PreviousRawEdge-CatmullRomRGB-Fixed080-YCoCgVarianceClamp,5.400361061096191,27.95910237760505,0.0,0.0
21,windows,O-T2X-R,4.3203125,28.06699692047068,0.0,0.0
21,windows,ABL-ET2X-R-PreviousRawEdge-CatmullRomRGB-Fixed080,5.217268943786621,25.77318343274605,0.0,0.0
21,windows,ABL-ET2X-R-PreviousRawEdge-CatmullRomRGB-Fixed080-YCoCgVarianceClamp,5.160562992095947,25.885277857738963,0.0,0.0
22,chairs,O-T2X-R,2.539811134338379,33.091345831527036,0.0,0.0
22,chairs,ABL-ET2X-R-PreviousRawEdge-CatmullRomRGB-Fixed080,3.689225196838379,29.913685532648646,0.0,0.0
22,chairs,ABL-ET2X-R-PreviousRawEdge-CatmullRomRGB-Fixed080-YCoCgVarianceClamp,3.598160743713379,30.147353672615584,0.0,0.0
22,thin-chair,O-T2X-R,3.863340377807617,30.773035422457546,0.0,0.0
22,thin-chair,ABL-ET2X-R-PreviousRawEdge-CatmullRomRGB-Fixed080,5.546253681182861,27.741128275872825,0.0,0.0
22,thin-chair,ABL-ET2X-R-PreviousRawEdge-CatmullRomRGB-Fixed080-YCoCgVarianceClamp,5.400361061096191,27.95910237760505,0.0,0.0
22,windows,O-T2X-R,4.3203125,28.06699692047068,0.0,0.0
22,windows,ABL-ET2X-R-PreviousRawEdge-CatmullRomRGB-Fixed080,5.217268943786621,25.77318343274605,0.0,0.0
22,windows,ABL-ET2X-R-PreviousRawEdge-CatmullRomRGB-Fixed080-YCoCgVarianceClamp,5.160562992095947,25.885277857738963,0.0,0.0
23,chairs,O-T2X-R,2.539811134338379,33.091345831527036,0.0,0.0
23,chairs,ABL-ET2X-R-PreviousRawEdge-CatmullRomRGB-Fixed080,3.689225196838379,29.913685532648646,0.0,0.0
23,chairs,ABL-ET2X-R-PreviousRawEdge-CatmullRomRGB-Fixed080-YCoCgVarianceClamp,3.598160743713379,30.147353672615584,0.0,0.0
23,thin-chair,O-T2X-R,3.863340377807617,30.773035422457546,0.0,0.0
23,thin-chair,ABL-ET2X-R-PreviousRawEdge-CatmullRomRGB-Fixed080,5.546253681182861,27.741128275872825,0.0,0.0
23,thin-chair,ABL-ET2X-R-PreviousRawEdge-CatmullRomRGB-Fixed080-YCoCgVarianceClamp,5.400361061096191,27.95910237760505,0.0,0.0
23,windows,O-T2X-R,4.3203125,28.06699692047068,0.0,0.0
23,windows,ABL-ET2X-R-PreviousRawEdge-CatmullRomRGB-Fixed080,5.217268943786621,25.77318343274605,0.0,0.0
23,windows,ABL-ET2X-R-PreviousRawEdge-CatmullRomRGB-Fixed080-YCoCgVarianceClamp,5.160562992095947,25.885277857738963,0.0,0.0
24,chairs,O-T2X-R,2.539811134338379,33.091345831527036,0.0,0.0
24,chairs,ABL-ET2X-R-PreviousRawEdge-CatmullRomRGB-Fixed080,3.689225196838379,29.913685532648646,0.0,0.0
24,chairs,ABL-ET2X-R-PreviousRawEdge-CatmullRomRGB-Fixed080-YCoCgVarianceClamp,3.598160743713379,30.147353672615584,0.0,0.0
24,thin-chair,O-T2X-R,3.863340377807617,30.773035422457546,0.0,0.0
24,thin-chair,ABL-ET2X-R-PreviousRawEdge-CatmullRomRGB-Fixed080,5.546253681182861,27.741128275872825,0.0,0.0
24,thin-chair,ABL-ET2X-R-PreviousRawEdge-CatmullRomRGB-Fixed080-YCoCgVarianceClamp,5.400361061096191,27.95910237760505,0.0,0.0
24,windows,O-T2X-R,4.3203125,28.06699692047068,0.0,0.0
24,windows,ABL-ET2X-R-PreviousRawEdge-CatmullRomRGB-Fixed080,5.217268943786621,25.77318343274605,0.0,0.0
24,windows,ABL-ET2X-R-PreviousRawEdge-CatmullRomRGB-Fixed080-YCoCgVarianceClamp,5.160562992095947,25.885277857738963,0.0,0.0
25,chairs,O-T2X-R,2.539811134338379,33.091345831527036,0.0,0.0
25,chairs,ABL-ET2X-R-PreviousRawEdge-CatmullRomRGB-Fixed080,3.689225196838379,29.913685532648646,0.0,0.0
25,chairs,ABL-ET2X-R-PreviousRawEdge-CatmullRomRGB-Fixed080-YCoCgVarianceClamp,3.598160743713379,30.147353672615584,0.0,0.0
25,thin-chair,O-T2X-R,3.863340377807617,30.773035422457546,0.0,0.0
25,thin-chair,ABL-ET2X-R-PreviousRawEdge-CatmullRomRGB-Fixed080,5.546253681182861,27.741128275872825,0.0,0.0
25,thin-chair,ABL-ET2X-R-PreviousRawEdge-CatmullRomRGB-Fixed080-YCoCgVarianceClamp,5.400361061096191,27.95910237760505,0.0,0.0
25,windows,O-T2X-R,4.3203125,28.06699692047068,0.0,0.0
25,windows,ABL-ET2X-R-PreviousRawEdge-CatmullRomRGB-Fixed080,5.217268943786621,25.77318343274605,0.0,0.0
25,windows,ABL-ET2X-R-PreviousRawEdge-CatmullRomRGB-Fixed080-YCoCgVarianceClamp,5.160562992095947,25.885277857738963,0.0,0.0
26,chairs,O-T2X-R,2.539811134338379,33.091345831527036,0.0,0.0
26,chairs,ABL-ET2X-R-PreviousRawEdge-CatmullRomRGB-Fixed080,3.689225196838379,29.913685532648646,0.0,0.0
26,chairs,ABL-ET2X-R-PreviousRawEdge-CatmullRomRGB-Fixed080-YCoCgVarianceClamp,3.598160743713379,30.147353672615584,0.0,0.0
26,thin-chair,O-T2X-R,3.863340377807617,30.773035422457546,0.0,0.0
26,thin-chair,ABL-ET2X-R-PreviousRawEdge-CatmullRomRGB-Fixed080,5.546253681182861,27.741128275872825,0.0,0.0
26,thin-chair,ABL-ET2X-R-PreviousRawEdge-CatmullRomRGB-Fixed080-YCoCgVarianceClamp,5.400361061096191,27.95910237760505,0.0,0.0
26,windows,O-T2X-R,4.3203125,28.06699692047068,0.0,0.0
26,windows,ABL-ET2X-R-PreviousRawEdge-CatmullRomRGB-Fixed080,5.217268943786621,25.77318343274605,0.0,0.0
26,windows,ABL-ET2X-R-PreviousRawEdge-CatmullRomRGB-Fixed080-YCoCgVarianceClamp,5.160562992095947,25.885277857738963,0.0,0.0
27,chairs,O-T2X-R,2.539811134338379,33.091345831527036,0.0,0.0
27,chairs,ABL-ET2X-R-PreviousRawEdge-CatmullRomRGB-Fixed080,3.689225196838379,29.913685532648646,0.0,0.0
27,chairs,ABL-ET2X-R-PreviousRawEdge-CatmullRomRGB-Fixed080-YCoCgVarianceClamp,3.598160743713379,30.147353672615584,0.0,0.0
27,thin-chair,O-T2X-R,3.863340377807617,30.773035422457546,0.0,0.0
27,thin-chair,ABL-ET2X-R-PreviousRawEdge-CatmullRomRGB-Fixed080,5.546253681182861,27.741128275872825,0.0,0.0
27,thin-chair,ABL-ET2X-R-PreviousRawEdge-CatmullRomRGB-Fixed080-YCoCgVarianceClamp,5.400361061096191,27.95910237760505,0.0,0.0
27,windows,O-T2X-R,4.3203125,28.06699692047068,0.0,0.0
27,windows,ABL-ET2X-R-PreviousRawEdge-CatmullRomRGB-Fixed080,5.217268943786621,25.77318343274605,0.0,0.0
27,windows,ABL-ET2X-R-PreviousRawEdge-CatmullRomRGB-Fixed080-YCoCgVarianceClamp,5.160562992095947,25.885277857738963,0.0,0.0
28,chairs,O-T2X-R,2.539811134338379,33.091345831527036,0.0,0.0
28,chairs,ABL-ET2X-R-PreviousRawEdge-CatmullRomRGB-Fixed080,3.689225196838379,29.913685532648646,0.0,0.0
28,chairs,ABL-ET2X-R-PreviousRawEdge-CatmullRomRGB-Fixed080-YCoCgVarianceClamp,3.598160743713379,30.147353672615584,0.0,0.0
28,thin-chair,O-T2X-R,3.863340377807617,30.773035422457546,0.0,0.0
28,thin-chair,ABL-ET2X-R-PreviousRawEdge-CatmullRomRGB-Fixed080,5.546253681182861,27.741128275872825,0.0,0.0
28,thin-chair,ABL-ET2X-R-PreviousRawEdge-CatmullRomRGB-Fixed080-YCoCgVarianceClamp,5.400361061096191,27.95910237760505,0.0,0.0
28,windows,O-T2X-R,4.3203125,28.06699692047068,0.0,0.0
28,windows,ABL-ET2X-R-PreviousRawEdge-CatmullRomRGB-Fixed080,5.217268943786621,25.77318343274605,0.0,0.0
28,windows,ABL-ET2X-R-PreviousRawEdge-CatmullRomRGB-Fixed080-YCoCgVarianceClamp,5.160562992095947,25.885277857738963,0.0,0.0
29,chairs,O-T2X-R,2.539811134338379,33.091345831527036,0.0,0.0
29,chairs,ABL-ET2X-R-PreviousRawEdge-CatmullRomRGB-Fixed080,3.689225196838379,29.913685532648646,0.0,0.0
29,chairs,ABL-ET2X-R-PreviousRawEdge-CatmullRomRGB-Fixed080-YCoCgVarianceClamp,3.598160743713379,30.147353672615584,0.0,0.0
29,thin-chair,O-T2X-R,3.863340377807617,30.773035422457546,0.0,0.0
29,thin-chair,ABL-ET2X-R-PreviousRawEdge-CatmullRomRGB-Fixed080,5.546253681182861,27.741128275872825,0.0,0.0
29,thin-chair,ABL-ET2X-R-PreviousRawEdge-CatmullRomRGB-Fixed080-YCoCgVarianceClamp,5.400361061096191,27.95910237760505,0.0,0.0
29,windows,O-T2X-R,4.3203125,28.06699692047068,0.0,0.0
29,windows,ABL-ET2X-R-PreviousRawEdge-CatmullRomRGB-Fixed080,5.217268943786621,25.77318343274605,0.0,0.0
29,windows,ABL-ET2X-R-PreviousRawEdge-CatmullRomRGB-Fixed080-YCoCgVarianceClamp,5.160562992095947,25.885277857738963,0.0,0.0
30,chairs,O-T2X-R,2.539811134338379,33.091345831527036,0.0,0.0
30,chairs,ABL-ET2X-R-PreviousRawEdge-CatmullRomRGB-Fixed080,3.689225196838379,29.913685532648646,0.0,0.0
30,chairs,ABL-ET2X-R-PreviousRawEdge-CatmullRomRGB-Fixed080-YCoCgVarianceClamp,3.598160743713379,30.147353672615584,0.0,0.0
30,thin-chair,O-T2X-R,3.863340377807617,30.773035422457546,0.0,0.0
30,thin-chair,ABL-ET2X-R-PreviousRawEdge-CatmullRomRGB-Fixed080,5.546253681182861,27.741128275872825,0.0,0.0
30,thin-chair,ABL-ET2X-R-PreviousRawEdge-CatmullRomRGB-Fixed080-YCoCgVarianceClamp,5.400361061096191,27.95910237760505,0.0,0.0
30,windows,O-T2X-R,4.3203125,28.06699692047068,0.0,0.0
30,windows,ABL-ET2X-R-PreviousRawEdge-CatmullRomRGB-Fixed080,5.217268943786621,25.77318343274605,0.0,0.0
30,windows,ABL-ET2X-R-PreviousRawEdge-CatmullRomRGB-Fixed080-YCoCgVarianceClamp,5.160562992095947,25.885277857738963,0.0,0.0
31,chairs,O-T2X-R,2.539811134338379,33.091345831527036,0.0,0.0
31,chairs,ABL-ET2X-R-PreviousRawEdge-CatmullRomRGB-Fixed080,3.689225196838379,29.913685532648646,0.0,0.0
31,chairs,ABL-ET2X-R-PreviousRawEdge-CatmullRomRGB-Fixed080-YCoCgVarianceClamp,3.598160743713379,30.147353672615584,0.0,0.0
31,thin-chair,O-T2X-R,3.863340377807617,30.773035422457546,0.0,0.0
31,thin-chair,ABL-ET2X-R-PreviousRawEdge-CatmullRomRGB-Fixed080,5.546253681182861,27.741128275872825,0.0,0.0
31,thin-chair,ABL-ET2X-R-PreviousRawEdge-CatmullRomRGB-Fixed080-YCoCgVarianceClamp,5.400361061096191,27.95910237760505,0.0,0.0
31,windows,O-T2X-R,4.3203125,28.06699692047068,0.0,0.0
31,windows,ABL-ET2X-R-PreviousRawEdge-CatmullRomRGB-Fixed080,5.217268943786621,25.77318343274605,0.0,0.0
31,windows,ABL-ET2X-R-PreviousRawEdge-CatmullRomRGB-Fixed080-YCoCgVarianceClamp,5.160562992095947,25.885277857738963,0.0,0.0
32,chairs,O-T2X-R,2.539811134338379,33.091345831527036,0.0,0.0
32,chairs,ABL-ET2X-R-PreviousRawEdge-CatmullRomRGB-Fixed080,3.689225196838379,29.913685532648646,0.0,0.0
32,chairs,ABL-ET2X-R-PreviousRawEdge-CatmullRomRGB-Fixed080-YCoCgVarianceClamp,3.598160743713379,30.147353672615584,0.0,0.0
32,thin-chair,O-T2X-R,3.863340377807617,30.773035422457546,0.0,0.0
32,thin-chair,ABL-ET2X-R-PreviousRawEdge-CatmullRomRGB-Fixed080,5.546253681182861,27.741128275872825,0.0,0.0
32,thin-chair,ABL-ET2X-R-PreviousRawEdge-CatmullRomRGB-Fixed080-YCoCgVarianceClamp,5.400361061096191,27.95910237760505,0.0,0.0
32,windows,O-T2X-R,4.3203125,28.06699692047068,0.0,0.0
32,windows,ABL-ET2X-R-PreviousRawEdge-CatmullRomRGB-Fixed080,5.217268943786621,25.77318343274605,0.0,0.0
32,windows,ABL-ET2X-R-PreviousRawEdge-CatmullRomRGB-Fixed080-YCoCgVarianceClamp,5.160562992095947,25.885277857738963,0.0,0.0
33,chairs,O-T2X-R,2.539811134338379,33.091345831527036,0.0,0.0
33,chairs,ABL-ET2X-R-PreviousRawEdge-CatmullRomRGB-Fixed080,3.689225196838379,29.913685532648646,0.0,0.0
33,chairs,ABL-ET2X-R-PreviousRawEdge-CatmullRomRGB-Fixed080-YCoCgVarianceClamp,3.598160743713379,30.147353672615584,0.0,0.0
33,thin-chair,O-T2X-R,3.863340377807617,30.773035422457546,0.0,0.0
33,thin-chair,ABL-ET2X-R-PreviousRawEdge-CatmullRomRGB-Fixed080,5.546253681182861,27.741128275872825,0.0,0.0
33,thin-chair,ABL-ET2X-R-PreviousRawEdge-CatmullRomRGB-Fixed080-YCoCgVarianceClamp,5.400361061096191,27.95910237760505,0.0,0.0
33,windows,O-T2X-R,4.3203125,28.06699692047068,0.0,0.0
33,windows,ABL-ET2X-R-PreviousRawEdge-CatmullRomRGB-Fixed080,5.217268943786621,25.77318343274605,0.0,0.0
33,windows,ABL-ET2X-R-PreviousRawEdge-CatmullRomRGB-Fixed080-YCoCgVarianceClamp,5.160562992095947,25.885277857738963,0.0,0.0
34,chairs,O-T2X-R,2.539811134338379,33.091345831527036,0.0,0.0
34,chairs,ABL-ET2X-R-PreviousRawEdge-CatmullRomRGB-Fixed080,3.689225196838379,29.913685532648646,0.0,0.0
34,chairs,ABL-ET2X-R-PreviousRawEdge-CatmullRomRGB-Fixed080-YCoCgVarianceClamp,3.598160743713379,30.147353672615584,0.0,0.0
34,thin-chair,O-T2X-R,3.863340377807617,30.773035422457546,0.0,0.0
34,thin-chair,ABL-ET2X-R-PreviousRawEdge-CatmullRomRGB-Fixed080,5.546253681182861,27.741128275872825,0.0,0.0
34,thin-chair,ABL-ET2X-R-PreviousRawEdge-CatmullRomRGB-Fixed080-YCoCgVarianceClamp,5.400361061096191,27.95910237760505,0.0,0.0
34,windows,O-T2X-R,4.3203125,28.06699692047068,0.0,0.0
34,windows,ABL-ET2X-R-PreviousRawEdge-CatmullRomRGB-Fixed080,5.217268943786621,25.77318343274605,0.0,0.0
34,windows,ABL-ET2X-R-PreviousRawEdge-CatmullRomRGB-Fixed080-YCoCgVarianceClamp,5.160562992095947,25.885277857738963,0.0,0.0
35,chairs,O-T2X-R,2.539811134338379,33.091345831527036,0.0,0.0
35,chairs,ABL-ET2X-R-PreviousRawEdge-CatmullRomRGB-Fixed080,3.689225196838379,29.913685532648646,0.0,0.0
35,chairs,ABL-ET2X-R-PreviousRawEdge-CatmullRomRGB-Fixed080-YCoCgVarianceClamp,3.598160743713379,30.147353672615584,0.0,0.0
35,thin-chair,O-T2X-R,3.863340377807617,30.773035422457546,0.0,0.0
35,thin-chair,ABL-ET2X-R-PreviousRawEdge-CatmullRomRGB-Fixed080,5.546253681182861,27.741128275872825,0.0,0.0
35,thin-chair,ABL-ET2X-R-PreviousRawEdge-CatmullRomRGB-Fixed080-YCoCgVarianceClamp,5.400361061096191,27.95910237760505,0.0,0.0
35,windows,O-T2X-R,4.3203125,28.06699692047068,0.0,0.0
35,windows,ABL-ET2X-R-PreviousRawEdge-CatmullRomRGB-Fixed080,5.217268943786621,25.77318343274605,0.0,0.0
35,windows,ABL-ET2X-R-PreviousRawEdge-CatmullRomRGB-Fixed080-YCoCgVarianceClamp,5.160562992095947,25.885277857738963,0.0,0.0
36,chairs,O-T2X-R,2.539811134338379,33.091345831527036,0.0,0.0
36,chairs,ABL-ET2X-R-PreviousRawEdge-CatmullRomRGB-Fixed080,3.689225196838379,29.913685532648646,0.0,0.0
36,chairs,ABL-ET2X-R-PreviousRawEdge-CatmullRomRGB-Fixed080-YCoCgVarianceClamp,3.598160743713379,30.147353672615584,0.0,0.0
36,thin-chair,O-T2X-R,3.863340377807617,30.773035422457546,0.0,0.0
36,thin-chair,ABL-ET2X-R-PreviousRawEdge-CatmullRomRGB-Fixed080,5.546253681182861,27.741128275872825,0.0,0.0
36,thin-chair,ABL-ET2X-R-PreviousRawEdge-CatmullRomRGB-Fixed080-YCoCgVarianceClamp,5.400361061096191,27.95910237760505,0.0,0.0
36,windows,O-T2X-R,4.3203125,28.06699692047068,0.0,0.0
36,windows,ABL-ET2X-R-PreviousRawEdge-CatmullRomRGB-Fixed080,5.217268943786621,25.77318343274605,0.0,0.0
36,windows,ABL-ET2X-R-PreviousRawEdge-CatmullRomRGB-Fixed080-YCoCgVarianceClamp,5.160562992095947,25.885277857738963,0.0,0.0
37,chairs,O-T2X-R,2.539811134338379,33.091345831527036,0.0,0.0
37,chairs,ABL-ET2X-R-PreviousRawEdge-CatmullRomRGB-Fixed080,3.689225196838379,29.913685532648646,0.0,0.0
37,chairs,ABL-ET2X-R-PreviousRawEdge-CatmullRomRGB-Fixed080-YCoCgVarianceClamp,3.598160743713379,30.147353672615584,0.0,0.0
37,thin-chair,O-T2X-R,3.863340377807617,30.773035422457546,0.0,0.0
37,thin-chair,ABL-ET2X-R-PreviousRawEdge-CatmullRomRGB-Fixed080,5.546253681182861,27.741128275872825,0.0,0.0
37,thin-chair,ABL-ET2X-R-PreviousRawEdge-CatmullRomRGB-Fixed080-YCoCgVarianceClamp,5.400361061096191,27.95910237760505,0.0,0.0
37,windows,O-T2X-R,4.3203125,28.06699692047068,0.0,0.0
37,windows,ABL-ET2X-R-PreviousRawEdge-CatmullRomRGB-Fixed080,5.217268943786621,25.77318343274605,0.0,0.0
37,windows,ABL-ET2X-R-PreviousRawEdge-CatmullRomRGB-Fixed080-YCoCgVarianceClamp,5.160562992095947,25.885277857738963,0.0,0.0
38,chairs,O-T2X-R,2.539811134338379,33.091345831527036,0.0,0.0
38,chairs,ABL-ET2X-R-PreviousRawEdge-CatmullRomRGB-Fixed080,3.689225196838379,29.913685532648646,0.0,0.0
38,chairs,ABL-ET2X-R-PreviousRawEdge-CatmullRomRGB-Fixed080-YCoCgVarianceClamp,3.598160743713379,30.147353672615584,0.0,0.0
38,thin-chair,O-T2X-R,3.863340377807617,30.773035422457546,0.0,0.0
38,thin-chair,ABL-ET2X-R-PreviousRawEdge-CatmullRomRGB-Fixed080,5.546253681182861,27.741128275872825,0.0,0.0
38,thin-chair,ABL-ET2X-R-PreviousRawEdge-CatmullRomRGB-Fixed080-YCoCgVarianceClamp,5.400361061096191,27.95910237760505,0.0,0.0
38,windows,O-T2X-R,4.3203125,28.06699692047068,0.0,0.0
38,windows,ABL-ET2X-R-PreviousRawEdge-CatmullRomRGB-Fixed080,5.217268943786621,25.77318343274605,0.0,0.0
38,windows,ABL-ET2X-R-PreviousRawEdge-CatmullRomRGB-Fixed080-YCoCgVarianceClamp,5.160562992095947,25.885277857738963,0.0,0.0
39,chairs,O-T2X-R,2.539811134338379,33.091345831527036,0.0,0.0
39,chairs,ABL-ET2X-R-PreviousRawEdge-CatmullRomRGB-Fixed080,3.689225196838379,29.913685532648646,0.0,0.0
39,chairs,ABL-ET2X-R-PreviousRawEdge-CatmullRomRGB-Fixed080-YCoCgVarianceClamp,3.598160743713379,30.147353672615584,0.0,0.0
39,thin-chair,O-T2X-R,3.863340377807617,30.773035422457546,0.0,0.0
39,thin-chair,ABL-ET2X-R-PreviousRawEdge-CatmullRomRGB-Fixed080,5.546253681182861,27.741128275872825,0.0,0.0
39,thin-chair,ABL-ET2X-R-PreviousRawEdge-CatmullRomRGB-Fixed080-YCoCgVarianceClamp,5.400361061096191,27.95910237760505,0.0,0.0
39,windows,O-T2X-R,4.3203125,28.06699692047068,0.0,0.0
39,windows,ABL-ET2X-R-PreviousRawEdge-CatmullRomRGB-Fixed080,5.217268943786621,25.77318343274605,0.0,0.0
39,windows,ABL-ET2X-R-PreviousRawEdge-CatmullRomRGB-Fixed080-YCoCgVarianceClamp,5.160562992095947,25.885277857738963,0.0,0.0
40,chairs,O-T2X-R,2.539811134338379,33.091345831527036,0.0,0.0
40,chairs,ABL-ET2X-R-PreviousRawEdge-CatmullRomRGB-Fixed080,3.689225196838379,29.913685532648646,0.0,0.0
40,chairs,ABL-ET2X-R-PreviousRawEdge-CatmullRomRGB-Fixed080-YCoCgVarianceClamp,3.598160743713379,30.147353672615584,0.0,0.0
40,thin-chair,O-T2X-R,3.863340377807617,30.773035422457546,0.0,0.0
40,thin-chair,ABL-ET2X-R-PreviousRawEdge-CatmullRomRGB-Fixed080,5.546253681182861,27.741128275872825,0.0,0.0
40,thin-chair,ABL-ET2X-R-PreviousRawEdge-CatmullRomRGB-Fixed080-YCoCgVarianceClamp,5.400361061096191,27.95910237760505,0.0,0.0
40,windows,O-T2X-R,4.3203125,28.06699692047068,0.0,0.0
40,windows,ABL-ET2X-R-PreviousRawEdge-CatmullRomRGB-Fixed080,5.217268943786621,25.77318343274605,0.0,0.0
40,windows,ABL-ET2X-R-PreviousRawEdge-CatmullRomRGB-Fixed080-YCoCgVarianceClamp,5.160562992095947,25.885277857738963,0.0,0.0
41,chairs,O-T2X-R,2.539811134338379,33.091345831527036,0.0,0.0
41,chairs,ABL-ET2X-R-PreviousRawEdge-CatmullRomRGB-Fixed080,3.689225196838379,29.913685532648646,0.0,0.0
41,chairs,ABL-ET2X-R-PreviousRawEdge-CatmullRomRGB-Fixed080-YCoCgVarianceClamp,3.598160743713379,30.147353672615584,0.0,0.0
41,thin-chair,O-T2X-R,3.863340377807617,30.773035422457546,0.0,0.0
41,thin-chair,ABL-ET2X-R-PreviousRawEdge-CatmullRomRGB-Fixed080,5.546253681182861,27.741128275872825,0.0,0.0
41,thin-chair,ABL-ET2X-R-PreviousRawEdge-CatmullRomRGB-Fixed080-YCoCgVarianceClamp,5.400361061096191,27.95910237760505,0.0,0.0
41,windows,O-T2X-R,4.3203125,28.06699692047068,0.0,0.0
41,windows,ABL-ET2X-R-PreviousRawEdge-CatmullRomRGB-Fixed080,5.217268943786621,25.77318343274605,0.0,0.0
41,windows,ABL-ET2X-R-PreviousRawEdge-CatmullRomRGB-Fixed080-YCoCgVarianceClamp,5.160562992095947,25.885277857738963,0.0,0.0
42,chairs,O-T2X-R,2.539811134338379,33.091345831527036,0.0,0.0
42,chairs,ABL-ET2X-R-PreviousRawEdge-CatmullRomRGB-Fixed080,3.689225196838379,29.913685532648646,0.0,0.0
42,chairs,ABL-ET2X-R-PreviousRawEdge-CatmullRomRGB-Fixed080-YCoCgVarianceClamp,3.598160743713379,30.147353672615584,0.0,0.0
42,thin-chair,O-T2X-R,3.863340377807617,30.773035422457546,0.0,0.0
42,thin-chair,ABL-ET2X-R-PreviousRawEdge-CatmullRomRGB-Fixed080,5.546253681182861,27.741128275872825,0.0,0.0
42,thin-chair,ABL-ET2X-R-PreviousRawEdge-CatmullRomRGB-Fixed080-YCoCgVarianceClamp,5.400361061096191,27.95910237760505,0.0,0.0
42,windows,O-T2X-R,4.3203125,28.06699692047068,0.0,0.0
42,windows,ABL-ET2X-R-PreviousRawEdge-CatmullRomRGB-Fixed080,5.217268943786621,25.77318343274605,0.0,0.0
42,windows,ABL-ET2X-R-PreviousRawEdge-CatmullRomRGB-Fixed080-YCoCgVarianceClamp,5.160562992095947,25.885277857738963,0.0,0.0
43,chairs,O-T2X-R,2.539811134338379,33.091345831527036,0.0,0.0
43,chairs,ABL-ET2X-R-PreviousRawEdge-CatmullRomRGB-Fixed080,3.689225196838379,29.913685532648646,0.0,0.0
43,chairs,ABL-ET2X-R-PreviousRawEdge-CatmullRomRGB-Fixed080-YCoCgVarianceClamp,3.598160743713379,30.147353672615584,0.0,0.0
43,thin-chair,O-T2X-R,3.863340377807617,30.773035422457546,0.0,0.0
43,thin-chair,ABL-ET2X-R-PreviousRawEdge-CatmullRomRGB-Fixed080,5.546253681182861,27.741128275872825,0.0,0.0
43,thin-chair,ABL-ET2X-R-PreviousRawEdge-CatmullRomRGB-Fixed080-YCoCgVarianceClamp,5.400361061096191,27.95910237760505,0.0,0.0
43,windows,O-T2X-R,4.3203125,28.06699692047068,0.0,0.0
43,windows,ABL-ET2X-R-PreviousRawEdge-CatmullRomRGB-Fixed080,5.217268943786621,25.77318343274605,0.0,0.0
43,windows,ABL-ET2X-R-PreviousRawEdge-CatmullRomRGB-Fixed080-YCoCgVarianceClamp,5.160562992095947,25.885277857738963,0.0,0.0
44,chairs,O-T2X-R,2.539811134338379,33.091345831527036,0.0,0.0
44,chairs,ABL-ET2X-R-PreviousRawEdge-CatmullRomRGB-Fixed080,3.689225196838379,29.913685532648646,0.0,0.0
44,chairs,ABL-ET2X-R-PreviousRawEdge-CatmullRomRGB-Fixed080-YCoCgVarianceClamp,3.598160743713379,30.147353672615584,0.0,0.0
44,thin-chair,O-T2X-R,3.863340377807617,30.773035422457546,0.0,0.0
44,thin-chair,ABL-ET2X-R-PreviousRawEdge-CatmullRomRGB-Fixed080,5.546253681182861,27.741128275872825,0.0,0.0
44,thin-chair,ABL-ET2X-R-PreviousRawEdge-CatmullRomRGB-Fixed080-YCoCgVarianceClamp,5.400361061096191,27.95910237760505,0.0,0.0
44,windows,O-T2X-R,4.3203125,28.06699692047068,0.0,0.0
44,windows,ABL-ET2X-R-PreviousRawEdge-CatmullRomRGB-Fixed080,5.217268943786621,25.77318343274605,0.0,0.0
44,windows,ABL-ET2X-R-PreviousRawEdge-CatmullRomRGB-Fixed080-YCoCgVarianceClamp,5.160562992095947,25.885277857738963,0.0,0.0
45,chairs,O-T2X-R,2.539811134338379,33.091345831527036,0.0,0.0
45,chairs,ABL-ET2X-R-PreviousRawEdge-CatmullRomRGB-Fixed080,3.689225196838379,29.913685532648646,0.0,0.0
45,chairs,ABL-ET2X-R-PreviousRawEdge-CatmullRomRGB-Fixed080-YCoCgVarianceClamp,3.598160743713379,30.147353672615584,0.0,0.0
45,thin-chair,O-T2X-R,3.863340377807617,30.773035422457546,0.0,0.0
45,thin-chair,ABL-ET2X-R-PreviousRawEdge-CatmullRomRGB-Fixed080,5.546253681182861,27.741128275872825,0.0,0.0
45,thin-chair,ABL-ET2X-R-PreviousRawEdge-CatmullRomRGB-Fixed080-YCoCgVarianceClamp,5.400361061096191,27.95910237760505,0.0,0.0
45,windows,O-T2X-R,4.3203125,28.06699692047068,0.0,0.0
45,windows,ABL-ET2X-R-PreviousRawEdge-CatmullRomRGB-Fixed080,5.217268943786621,25.77318343274605,0.0,0.0
45,windows,ABL-ET2X-R-PreviousRawEdge-CatmullRomRGB-Fixed080-YCoCgVarianceClamp,5.160562992095947,25.885277857738963,0.0,0.0
46,chairs,O-T2X-R,2.539811134338379,33.091345831527036,0.0,0.0
46,chairs,ABL-ET2X-R-PreviousRawEdge-CatmullRomRGB-Fixed080,3.689225196838379,29.913685532648646,0.0,0.0
46,chairs,ABL-ET2X-R-PreviousRawEdge-CatmullRomRGB-Fixed080-YCoCgVarianceClamp,3.598160743713379,30.147353672615584,0.0,0.0
46,thin-chair,O-T2X-R,3.863340377807617,30.773035422457546,0.0,0.0
46,thin-chair,ABL-ET2X-R-PreviousRawEdge-CatmullRomRGB-Fixed080,5.546253681182861,27.741128275872825,0.0,0.0
46,thin-chair,ABL-ET2X-R-PreviousRawEdge-CatmullRomRGB-Fixed080-YCoCgVarianceClamp,5.400361061096191,27.95910237760505,0.0,0.0
46,windows,O-T2X-R,4.3203125,28.06699692047068,0.0,0.0
46,windows,ABL-ET2X-R-PreviousRawEdge-CatmullRomRGB-Fixed080,5.217268943786621,25.77318343274605,0.0,0.0
46,windows,ABL-ET2X-R-PreviousRawEdge-CatmullRomRGB-Fixed080-YCoCgVarianceClamp,5.160562992095947,25.885277857738963,0.0,0.0
47,chairs,O-T2X-R,2.539811134338379,33.091345831527036,0.0,0.0
47,chairs,ABL-ET2X-R-PreviousRawEdge-CatmullRomRGB-Fixed080,3.689225196838379,29.913685532648646,0.0,0.0
47,chairs,ABL-ET2X-R-PreviousRawEdge-CatmullRomRGB-Fixed080-YCoCgVarianceClamp,3.598160743713379,30.147353672615584,0.0,0.0
47,thin-chair,O-T2X-R,3.863340377807617,30.773035422457546,0.0,0.0
47,thin-chair,ABL-ET2X-R-PreviousRawEdge-CatmullRomRGB-Fixed080,5.546253681182861,27.741128275872825,0.0,0.0
47,thin-chair,ABL-ET2X-R-PreviousRawEdge-CatmullRomRGB-Fixed080-YCoCgVarianceClamp,5.400361061096191,27.95910237760505,0.0,0.0
47,windows,O-T2X-R,4.3203125,28.06699692047068,0.0,0.0
47,windows,ABL-ET2X-R-PreviousRawEdge-CatmullRomRGB-Fixed080,5.217268943786621,25.77318343274605,0.0,0.0
47,windows,ABL-ET2X-R-PreviousRawEdge-CatmullRomRGB-Fixed080-YCoCgVarianceClamp,5.160562992095947,25.885277857738963,0.0,0.0
48,chairs,O-T2X-R,2.539811134338379,33.091345831527036,0.0,0.0
48,chairs,ABL-ET2X-R-PreviousRawEdge-CatmullRomRGB-Fixed080,3.689225196838379,29.913685532648646,0.0,0.0
48,chairs,ABL-ET2X-R-PreviousRawEdge-CatmullRomRGB-Fixed080-YCoCgVarianceClamp,3.598160743713379,30.147353672615584,0.0,0.0
48,thin-chair,O-T2X-R,3.863340377807617,30.773035422457546,0.0,0.0
48,thin-chair,ABL-ET2X-R-PreviousRawEdge-CatmullRomRGB-Fixed080,5.546253681182861,27.741128275872825,0.0,0.0
48,thin-chair,ABL-ET2X-R-PreviousRawEdge-CatmullRomRGB-Fixed080-YCoCgVarianceClamp,5.400361061096191,27.95910237760505,0.0,0.0
48,windows,O-T2X-R,4.3203125,28.06699692047068,0.0,0.0
48,windows,ABL-ET2X-R-PreviousRawEdge-CatmullRomRGB-Fixed080,5.217268943786621,25.77318343274605,0.0,0.0
48,windows,ABL-ET2X-R-PreviousRawEdge-CatmullRomRGB-Fixed080-YCoCgVarianceClamp,5.160562992095947,25.885277857738963,0.0,0.0
49,chairs,O-T2X-R,2.539811134338379,33.091345831527036,0.0,0.0
49,chairs,ABL-ET2X-R-PreviousRawEdge-CatmullRomRGB-Fixed080,3.689225196838379,29.913685532648646,0.0,0.0
49,chairs,ABL-ET2X-R-PreviousRawEdge-CatmullRomRGB-Fixed080-YCoCgVarianceClamp,3.598160743713379,30.147353672615584,0.0,0.0
49,thin-chair,O-T2X-R,3.863340377807617,30.773035422457546,0.0,0.0
49,thin-chair,ABL-ET2X-R-PreviousRawEdge-CatmullRomRGB-Fixed080,5.546253681182861,27.741128275872825,0.0,0.0
49,thin-chair,ABL-ET2X-R-PreviousRawEdge-CatmullRomRGB-Fixed080-YCoCgVarianceClamp,5.400361061096191,27.95910237760505,0.0,0.0
49,windows,O-T2X-R,4.3203125,28.06699692047068,0.0,0.0
49,windows,ABL-ET2X-R-PreviousRawEdge-CatmullRomRGB-Fixed080,5.217268943786621,25.77318343274605,0.0,0.0
49,windows,ABL-ET2X-R-PreviousRawEdge-CatmullRomRGB-Fixed080-YCoCgVarianceClamp,5.160562992095947,25.885277857738963,0.0,0.0
50,chairs,O-T2X-R,2.539811134338379,33.091345831527036,0.0,0.0
50,chairs,ABL-ET2X-R-PreviousRawEdge-CatmullRomRGB-Fixed080,3.689225196838379,29.913685532648646,0.0,0.0
50,chairs,ABL-ET2X-R-PreviousRawEdge-CatmullRomRGB-Fixed080-YCoCgVarianceClamp,3.598160743713379,30.147353672615584,0.0,0.0
50,thin-chair,O-T2X-R,3.863340377807617,30.773035422457546,0.0,0.0
50,thin-chair,ABL-ET2X-R-PreviousRawEdge-CatmullRomRGB-Fixed080,5.546253681182861,27.741128275872825,0.0,0.0
50,thin-chair,ABL-ET2X-R-PreviousRawEdge-CatmullRomRGB-Fixed080-YCoCgVarianceClamp,5.400361061096191,27.95910237760505,0.0,0.0
50,windows,O-T2X-R,4.3203125,28.06699692047068,0.0,0.0
50,windows,ABL-ET2X-R-PreviousRawEdge-CatmullRomRGB-Fixed080,5.217268943786621,25.77318343274605,0.0,0.0
50,windows,ABL-ET2X-R-PreviousRawEdge-CatmullRomRGB-Fixed080-YCoCgVarianceClamp,5.160562992095947,25.885277857738963,0.0,0.0
51,chairs,O-T2X-R,2.539811134338379,33.091345831527036,0.0,0.0
51,chairs,ABL-ET2X-R-PreviousRawEdge-CatmullRomRGB-Fixed080,3.689225196838379,29.913685532648646,0.0,0.0
51,chairs,ABL-ET2X-R-PreviousRawEdge-CatmullRomRGB-Fixed080-YCoCgVarianceClamp,3.598160743713379,30.147353672615584,0.0,0.0
51,thin-chair,O-T2X-R,3.863340377807617,30.773035422457546,0.0,0.0
51,thin-chair,ABL-ET2X-R-PreviousRawEdge-CatmullRomRGB-Fixed080,5.546253681182861,27.741128275872825,0.0,0.0
51,thin-chair,ABL-ET2X-R-PreviousRawEdge-CatmullRomRGB-Fixed080-YCoCgVarianceClamp,5.400361061096191,27.95910237760505,0.0,0.0
51,windows,O-T2X-R,4.3203125,28.06699692047068,0.0,0.0
51,windows,ABL-ET2X-R-PreviousRawEdge-CatmullRomRGB-Fixed080,5.217268943786621,25.77318343274605,0.0,0.0
51,windows,ABL-ET2X-R-PreviousRawEdge-CatmullRomRGB-Fixed080-YCoCgVarianceClamp,5.160562992095947,25.885277857738963,0.0,0.0
52,chairs,O-T2X-R,2.539811134338379,33.091345831527036,0.0,0.0
52,chairs,ABL-ET2X-R-PreviousRawEdge-CatmullRomRGB-Fixed080,3.689225196838379,29.913685532648646,0.0,0.0
52,chairs,ABL-ET2X-R-PreviousRawEdge-CatmullRomRGB-Fixed080-YCoCgVarianceClamp,3.598160743713379,30.147353672615584,0.0,0.0
52,thin-chair,O-T2X-R,3.863340377807617,30.773035422457546,0.0,0.0
52,thin-chair,ABL-ET2X-R-PreviousRawEdge-CatmullRomRGB-Fixed080,5.546253681182861,27.741128275872825,0.0,0.0
52,thin-chair,ABL-ET2X-R-PreviousRawEdge-CatmullRomRGB-Fixed080-YCoCgVarianceClamp,5.400361061096191,27.95910237760505,0.0,0.0
52,windows,O-T2X-R,4.3203125,28.06699692047068,0.0,0.0
52,windows,ABL-ET2X-R-PreviousRawEdge-CatmullRomRGB-Fixed080,5.217268943786621,25.77318343274605,0.0,0.0
52,windows,ABL-ET2X-R-PreviousRawEdge-CatmullRomRGB-Fixed080-YCoCgVarianceClamp,5.160562992095947,25.885277857738963,0.0,0.0
53,chairs,O-T2X-R,2.539811134338379,33.091345831527036,0.0,0.0
53,chairs,ABL-ET2X-R-PreviousRawEdge-CatmullRomRGB-Fixed080,3.689225196838379,29.913685532648646,0.0,0.0
53,chairs,ABL-ET2X-R-PreviousRawEdge-CatmullRomRGB-Fixed080-YCoCgVarianceClamp,3.598160743713379,30.147353672615584,0.0,0.0
53,thin-chair,O-T2X-R,3.863340377807617,30.773035422457546,0.0,0.0
53,thin-chair,ABL-ET2X-R-PreviousRawEdge-CatmullRomRGB-Fixed080,5.546253681182861,27.741128275872825,0.0,0.0
53,thin-chair,ABL-ET2X-R-PreviousRawEdge-CatmullRomRGB-Fixed080-YCoCgVarianceClamp,5.400361061096191,27.95910237760505,0.0,0.0
53,windows,O-T2X-R,4.3203125,28.06699692047068,0.0,0.0
53,windows,ABL-ET2X-R-PreviousRawEdge-CatmullRomRGB-Fixed080,5.217268943786621,25.77318343274605,0.0,0.0
53,windows,ABL-ET2X-R-PreviousRawEdge-CatmullRomRGB-Fixed080-YCoCgVarianceClamp,5.160562992095947,25.885277857738963,0.0,0.0
54,chairs,O-T2X-R,2.539811134338379,33.091345831527036,0.0,0.0
54,chairs,ABL-ET2X-R-PreviousRawEdge-CatmullRomRGB-Fixed080,3.689225196838379,29.913685532648646,0.0,0.0
54,chairs,ABL-ET2X-R-PreviousRawEdge-CatmullRomRGB-Fixed080-YCoCgVarianceClamp,3.598160743713379,30.147353672615584,0.0,0.0
54,thin-chair,O-T2X-R,3.863340377807617,30.773035422457546,0.0,0.0
54,thin-chair,ABL-ET2X-R-PreviousRawEdge-CatmullRomRGB-Fixed080,5.546253681182861,27.741128275872825,0.0,0.0
54,thin-chair,ABL-ET2X-R-PreviousRawEdge-CatmullRomRGB-Fixed080-YCoCgVarianceClamp,5.400361061096191,27.95910237760505,0.0,0.0
54,windows,O-T2X-R,4.3203125,28.06699692047068,0.0,0.0
54,windows,ABL-ET2X-R-PreviousRawEdge-CatmullRomRGB-Fixed080,5.217268943786621,25.77318343274605,0.0,0.0
54,windows,ABL-ET2X-R-PreviousRawEdge-CatmullRomRGB-Fixed080-YCoCgVarianceClamp,5.160562992095947,25.885277857738963,0.0,0.0
55,chairs,O-T2X-R,2.539811134338379,33.091345831527036,0.0,0.0
55,chairs,ABL-ET2X-R-PreviousRawEdge-CatmullRomRGB-Fixed080,3.689225196838379,29.913685532648646,0.0,0.0
55,chairs,ABL-ET2X-R-PreviousRawEdge-CatmullRomRGB-Fixed080-YCoCgVarianceClamp,3.598160743713379,30.147353672615584,0.0,0.0
55,thin-chair,O-T2X-R,3.863340377807617,30.773035422457546,0.0,0.0
55,thin-chair,ABL-ET2X-R-PreviousRawEdge-CatmullRomRGB-Fixed080,5.546253681182861,27.741128275872825,0.0,0.0
55,thin-chair,ABL-ET2X-R-PreviousRawEdge-CatmullRomRGB-Fixed080-YCoCgVarianceClamp,5.400361061096191,27.95910237760505,0.0,0.0
55,windows,O-T2X-R,4.3203125,28.06699692047068,0.0,0.0
55,windows,ABL-ET2X-R-PreviousRawEdge-CatmullRomRGB-Fixed080,5.217268943786621,25.77318343274605,0.0,0.0
55,windows,ABL-ET2X-R-PreviousRawEdge-CatmullRomRGB-Fixed080-YCoCgVarianceClamp,5.160562992095947,25.885277857738963,0.0,0.0
56,chairs,O-T2X-R,2.539811134338379,33.091345831527036,0.0,0.0
56,chairs,ABL-ET2X-R-PreviousRawEdge-CatmullRomRGB-Fixed080,3.689225196838379,29.913685532648646,0.0,0.0
56,chairs,ABL-ET2X-R-PreviousRawEdge-CatmullRomRGB-Fixed080-YCoCgVarianceClamp,3.598160743713379,30.147353672615584,0.0,0.0
56,thin-chair,O-T2X-R,3.863340377807617,30.773035422457546,0.0,0.0
56,thin-chair,ABL-ET2X-R-PreviousRawEdge-CatmullRomRGB-Fixed080,5.546253681182861,27.741128275872825,0.0,0.0
56,thin-chair,ABL-ET2X-R-PreviousRawEdge-CatmullRomRGB-Fixed080-YCoCgVarianceClamp,5.400361061096191,27.95910237760505,0.0,0.0
56,windows,O-T2X-R,4.3203125,28.06699692047068,0.0,0.0
56,windows,ABL-ET2X-R-PreviousRawEdge-CatmullRomRGB-Fixed080,5.217268943786621,25.77318343274605,0.0,0.0
56,windows,ABL-ET2X-R-PreviousRawEdge-CatmullRomRGB-Fixed080-YCoCgVarianceClamp,5.160562992095947,25.885277857738963,0.0,0.0
57,chairs,O-T2X-R,2.539811134338379,33.091345831527036,0.0,0.0
57,chairs,ABL-ET2X-R-PreviousRawEdge-CatmullRomRGB-Fixed080,3.689225196838379,29.913685532648646,0.0,0.0
57,chairs,ABL-ET2X-R-PreviousRawEdge-CatmullRomRGB-Fixed080-YCoCgVarianceClamp,3.598160743713379,30.147353672615584,0.0,0.0
57,thin-chair,O-T2X-R,3.863340377807617,30.773035422457546,0.0,0.0
57,thin-chair,ABL-ET2X-R-PreviousRawEdge-CatmullRomRGB-Fixed080,5.546253681182861,27.741128275872825,0.0,0.0
57,thin-chair,ABL-ET2X-R-PreviousRawEdge-CatmullRomRGB-Fixed080-YCoCgVarianceClamp,5.400361061096191,27.95910237760505,0.0,0.0
57,windows,O-T2X-R,4.3203125,28.06699692047068,0.0,0.0
57,windows,ABL-ET2X-R-PreviousRawEdge-CatmullRomRGB-Fixed080,5.217268943786621,25.77318343274605,0.0,0.0
57,windows,ABL-ET2X-R-PreviousRawEdge-CatmullRomRGB-Fixed080-YCoCgVarianceClamp,5.160562992095947,25.885277857738963,0.0,0.0
58,chairs,O-T2X-R,2.539811134338379,33.091345831527036,0.0,0.0
58,chairs,ABL-ET2X-R-PreviousRawEdge-CatmullRomRGB-Fixed080,3.689225196838379,29.913685532648646,0.0,0.0
58,chairs,ABL-ET2X-R-PreviousRawEdge-CatmullRomRGB-Fixed080-YCoCgVarianceClamp,3.598160743713379,30.147353672615584,0.0,0.0
58,thin-chair,O-T2X-R,3.863340377807617,30.773035422457546,0.0,0.0
58,thin-chair,ABL-ET2X-R-PreviousRawEdge-CatmullRomRGB-Fixed080,5.546253681182861,27.741128275872825,0.0,0.0
58,thin-chair,ABL-ET2X-R-PreviousRawEdge-CatmullRomRGB-Fixed080-YCoCgVarianceClamp,5.400361061096191,27.95910237760505,0.0,0.0
58,windows,O-T2X-R,4.3203125,28.06699692047068,0.0,0.0
58,windows,ABL-ET2X-R-PreviousRawEdge-CatmullRomRGB-Fixed080,5.217268943786621,25.77318343274605,0.0,0.0
58,windows,ABL-ET2X-R-PreviousRawEdge-CatmullRomRGB-Fixed080-YCoCgVarianceClamp,5.160562992095947,25.885277857738963,0.0,0.0
59,chairs,O-T2X-R,2.539811134338379,33.091345831527036,0.0,0.0
59,chairs,ABL-ET2X-R-PreviousRawEdge-CatmullRomRGB-Fixed080,3.689225196838379,29.913685532648646,0.0,0.0
59,chairs,ABL-ET2X-R-PreviousRawEdge-CatmullRomRGB-Fixed080-YCoCgVarianceClamp,3.598160743713379,30.147353672615584,0.0,0.0
59,thin-chair,O-T2X-R,3.863340377807617,30.773035422457546,0.0,0.0
59,thin-chair,ABL-ET2X-R-PreviousRawEdge-CatmullRomRGB-Fixed080,5.546253681182861,27.741128275872825,0.0,0.0
59,thin-chair,ABL-ET2X-R-PreviousRawEdge-CatmullRomRGB-Fixed080-YCoCgVarianceClamp,5.400361061096191,27.95910237760505,0.0,0.0
59,windows,O-T2X-R,4.3203125,28.06699692047068,0.0,0.0
59,windows,ABL-ET2X-R-PreviousRawEdge-CatmullRomRGB-Fixed080,5.217268943786621,25.77318343274605,0.0,0.0
59,windows,ABL-ET2X-R-PreviousRawEdge-CatmullRomRGB-Fixed080-YCoCgVarianceClamp,5.160562992095947,25.885277857738963,0.0,0.0
60,chairs,O-T2X-R,2.539811134338379,33.091345831527036,0.0,0.0
60,chairs,ABL-ET2X-R-PreviousRawEdge-CatmullRomRGB-Fixed080,3.689225196838379,29.913685532648646,0.0,0.0
60,chairs,ABL-ET2X-R-PreviousRawEdge-CatmullRomRGB-Fixed080-YCoCgVarianceClamp,3.598160743713379,30.147353672615584,0.0,0.0
60,thin-chair,O-T2X-R,3.863340377807617,30.773035422457546,0.0,0.0
60,thin-chair,ABL-ET2X-R-PreviousRawEdge-CatmullRomRGB-Fixed080,5.546253681182861,27.741128275872825,0.0,0.0
60,thin-chair,ABL-ET2X-R-PreviousRawEdge-CatmullRomRGB-Fixed080-YCoCgVarianceClamp,5.400361061096191,27.95910237760505,0.0,0.0
60,windows,O-T2X-R,4.3203125,28.06699692047068,0.0,0.0
60,windows,ABL-ET2X-R-PreviousRawEdge-CatmullRomRGB-Fixed080,5.217268943786621,25.77318343274605,0.0,0.0
60,windows,ABL-ET2X-R-PreviousRawEdge-CatmullRomRGB-Fixed080-YCoCgVarianceClamp,5.160562992095947,25.885277857738963,0.0,0.0
61,chairs,O-T2X-R,3.097200632095337,31.57244684647209,2.011505365371704,2.011505365371704
61,chairs,ABL-ET2X-R-PreviousRawEdge-CatmullRomRGB-Fixed080,3.497818946838379,30.47090138610774,1.5211918354034424,1.5211918354034424
61,chairs,ABL-ET2X-R-PreviousRawEdge-CatmullRomRGB-Fixed080-YCoCgVarianceClamp,3.4156737327575684,30.692447189582168,1.6121137142181396,1.6121137142181396
61,thin-chair,O-T2X-R,4.631362438201904,29.32256130946839,2.8752729892730713,2.8752729892730713
61,thin-chair,ABL-ET2X-R-PreviousRawEdge-CatmullRomRGB-Fixed080,5.26248836517334,28.230877423150837,2.121931791305542,2.121931791305542
61,thin-chair,ABL-ET2X-R-PreviousRawEdge-CatmullRomRGB-Fixed080-YCoCgVarianceClamp,5.13671875,28.434998902638917,2.261094570159912,2.261094570159912
61,windows,O-T2X-R,5.228987693786621,26.572130209716185,3.036965847015381,3.036965847015381
61,windows,ABL-ET2X-R-PreviousRawEdge-CatmullRomRGB-Fixed080,5.2459797859191895,25.89091345358114,2.3179996013641357,2.3179996013641357
61,windows,ABL-ET2X-R-PreviousRawEdge-CatmullRomRGB-Fixed080-YCoCgVarianceClamp,5.137125492095947,26.13827102815739,2.310116767883301,2.310116767883301
62,chairs,O-T2X-R,2.7752766609191895,32.33090161629035,2.460681676864624,3.9362800121307373
62,chairs,ABL-ET2X-R-PreviousRawEdge-CatmullRomRGB-Fixed080,3.399674415588379,30.703166208363392,1.5509321689605713,1.6448438167572021
62,chairs,ABL-ET2X-R-PreviousRawEdge-CatmullRomRGB-Fixed080-YCoCgVarianceClamp,3.3405110836029053,30.89718357400492,1.563109278678894,1.8795322179794312
62,thin-chair,O-T2X-R,4.1363043785095215,30.091234329606188,3.506619453430176,5.622966289520264
62,thin-chair,ABL-ET2X-R-PreviousRawEdge-CatmullRomRGB-Fixed080,5.132930755615234,28.41968662842131,2.1296892166137695,2.18740177154541
62,thin-chair,ABL-ET2X-R-PreviousRawEdge-CatmullRomRGB-Fixed080-YCoCgVarianceClamp,5.0191168785095215,28.653017182494978,2.123485803604126,2.5263001918792725
62,windows,O-T2X-R,5.121240139007568,25.930705283647697,3.2541465759277344,4.782320976257324
62,windows,ABL-ET2X-R-PreviousRawEdge-CatmullRomRGB-Fixed080,5.929459571838379,24.861992872266434,2.4230339527130127,2.6366240978240967
62,windows,ABL-ET2X-R-PreviousRawEdge-CatmullRomRGB-Fixed080-YCoCgVarianceClamp,5.7579264640808105,25.019963884387522,2.5415401458740234,2.8965795040130615
63,chairs,O-T2X-R,2.7364909648895264,32.36977201609236,1.8257668018341064,2.957172393798828
63,chairs,ABL-ET2X-R-PreviousRawEdge-CatmullRomRGB-Fixed080,3.3804361820220947,30.722115878694886,1.5197772979736328,1.789113998413086
63,chairs,ABL-ET2X-R-PreviousRawEdge-CatmullRomRGB-Fixed080-YCoCgVarianceClamp,3.325000047683716,30.875260255752472,1.5246467590332031,1.918988823890686
63,thin-chair,O-T2X-R,4.079752445220947,30.160648809750693,2.607422113418579,4.285555839538574
63,thin-chair,ABL-ET2X-R-PreviousRawEdge-CatmullRomRGB-Fixed080,5.082119941711426,28.460407468568512,2.0163772106170654,2.3788788318634033
63,thin-chair,ABL-ET2X-R-PreviousRawEdge-CatmullRomRGB-Fixed080-YCoCgVarianceClamp,5.0029296875,28.600231257164612,2.06640625,2.569438934326172
63,windows,O-T2X-R,4.875162601470947,27.134860296013446,4.715462684631348,6.718163967132568
63,windows,ABL-ET2X-R-PreviousRawEdge-CatmullRomRGB-Fixed080,6.3319172859191895,24.46768719776868,2.814627170562744,2.9414126873016357
63,windows,ABL-ET2X-R-PreviousRawEdge-CatmullRomRGB-Fixed080-YCoCgVarianceClamp,5.875081539154053,25.095789841874556,2.949705123901367,3.289294719696045
64,chairs,O-T2X-R,2.7791991233825684,32.35599395470792,2.0137887001037598,3.275585174560547
64,chairs,ABL-ET2X-R-PreviousRawEdge-CatmullRomRGB-Fixed080,3.287613868713379,30.96410483415002,1.4366508722305298,1.756738305091858
64,chairs,ABL-ET2X-R-PreviousRawEdge-CatmullRomRGB-Fixed080-YCoCgVarianceClamp,3.2778971195220947,30.985374953599877,1.4598827362060547,1.8530784845352173
64,thin-chair,O-T2X-R,4.141424179077148,30.187141560670735,2.852139472961426,4.6828765869140625
64,thin-chair,ABL-ET2X-R-PreviousRawEdge-CatmullRomRGB-Fixed080,4.975615501403809,28.68079826401477,1.9603447914123535,2.3182249069213867
64,thin-chair,ABL-ET2X-R-PreviousRawEdge-CatmullRomRGB-Fixed080-YCoCgVarianceClamp,4.96718168258667,28.690660347726293,1.994328260421753,2.5162618160247803
64,windows,O-T2X-R,4.693749904632568,27.288047386244294,3.3399174213409424,6.254263877868652
64,windows,ABL-ET2X-R-PreviousRawEdge-CatmullRomRGB-Fixed080,6.274202346801758,24.765828222677662,3.0860962867736816,3.3851356506347656
64,windows,ABL-ET2X-R-PreviousRawEdge-CatmullRomRGB-Fixed080-YCoCgVarianceClamp,5.6175618171691895,25.770621147028546,3.273602247238159,3.8520026206970215
65,chairs,O-T2X-R,2.7379069328308105,32.37477058771858,1.8705158233642578,2.87715744972229
65,chairs,ABL-ET2X-R-PreviousRawEdge-CatmullRomRGB-Fixed080,3.270800828933716,31.031904142218924,1.4448693990707397,1.7302325963974
65,chairs,ABL-ET2X-R-PreviousRawEdge-CatmullRomRGB-Fixed080-YCoCgVarianceClamp,3.2462565898895264,31.080004798298347,1.4650484323501587,1.838009238243103
65,thin-chair,O-T2X-R,4.132930755615234,30.070779491481904,2.6269402503967285,4.110471725463867
65,thin-chair,ABL-ET2X-R-PreviousRawEdge-CatmullRomRGB-Fixed080,4.974254131317139,28.698344062788887,1.9589424133300781,2.326962471008301
65,thin-chair,ABL-ET2X-R-PreviousRawEdge-CatmullRomRGB-Fixed080-YCoCgVarianceClamp,4.937056064605713,28.73890516943534,1.9974303245544434,2.5020360946655273
65,windows,O-T2X-R,4.941422462463379,27.00210654047453,3.9422607421875,6.238498687744141
65,windows,ABL-ET2X-R-PreviousRawEdge-CatmullRomRGB-Fixed080,6.3629231452941895,24.19126055497224,2.965364456176758,3.237971544265747
65,windows,ABL-ET2X-R-PreviousRawEdge-CatmullRomRGB-Fixed080-YCoCgVarianceClamp,6.080110549926758,24.66154634927217,2.617431640625,3.310377836227417
66,chairs,O-T2X-R,2.7483561038970947,32.314011496881506,2.0431175231933594,3.3434112071990967
66,chairs,ABL-ET2X-R-PreviousRawEdge-CatmullRomRGB-Fixed080,3.2882161140441895,31.006668805587655,1.439462423324585,1.73832106590271
66,chairs,ABL-ET2X-R-PreviousRawEdge-CatmullRomRGB-Fixed080-YCoCgVarianceClamp,3.2918457984924316,30.965763765760812,1.4503600597381592,1.8429152965545654
66,thin-chair,O-T2X-R,4.114908695220947,30.07967811191876,2.9241034984588623,4.7972731590271
66,thin-chair,ABL-ET2X-R-PreviousRawEdge-CatmullRomRGB-Fixed080,4.970673561096191,28.70912385085115,1.924646258354187,2.305846929550171
66,thin-chair,ABL-ET2X-R-PreviousRawEdge-CatmullRomRGB-Fixed080-YCoCgVarianceClamp,4.960257053375244,28.671610711855287,1.9372470378875732,2.4841487407684326
66,windows,O-T2X-R,4.702848434448242,27.03386089377181,3.431525468826294,5.569321632385254
66,windows,ABL-ET2X-R-PreviousRawEdge-CatmullRomRGB-Fixed080,6.396712303161621,24.38082812139754,2.961848735809326,3.216978073120117
66,windows,ABL-ET2X-R-PreviousRawEdge-CatmullRomRGB-Fixed080-YCoCgVarianceClamp,5.871175289154053,25.20135411457414,3.1112799644470215,3.1746184825897217
67,chairs,O-T2X-R,2.758561134338379,32.24235535570105,1.8705263137817383,2.836273193359375
67,chairs,ABL-ET2X-R-PreviousRawEdge-CatmullRomRGB-Fixed080,3.30517578125,30.93192841609814,1.4483330249786377,1.7122833728790283
67,chairs,ABL-ET2X-R-PreviousRawEdge-CatmullRomRGB-Fixed080-YCoCgVarianceClamp,3.3292317390441895,30.86494295943289,1.4785115718841553,1.801436185836792
67,thin-chair,O-T2X-R,4.147135257720947,30.00444705266522,2.571707010269165,4.13962984085083
67,thin-chair,ABL-ET2X-R-PreviousRawEdge-CatmullRomRGB-Fixed080,5.021425247192383,28.611114492167303,1.9482020139694214,2.287947654724121
67,thin-chair,ABL-ET2X-R-PreviousRawEdge-CatmullRomRGB-Fixed080-YCoCgVarianceClamp,5.038411617279053,28.560167245088852,2.009443998336792,2.44461727142334
67,windows,O-T2X-R,4.984765529632568,26.93155085929025,3.8428733348846436,6.268666744232178
67,windows,ABL-ET2X-R-PreviousRawEdge-CatmullRomRGB-Fixed080,6.186735153198242,24.872576303652323,3.157137393951416,3.159043788909912
67,windows,ABL-ET2X-R-PreviousRawEdge-CatmullRomRGB-Fixed080-YCoCgVarianceClamp,5.682405471801758,25.696740557045676,3.173104763031006,3.504563093185425
68,chairs,O-T2X-R,2.7691893577575684,32.296651535793515,1.9479519128799438,3.2855873107910156
68,chairs,ABL-ET2X-R-PreviousRawEdge-CatmullRomRGB-Fixed080,3.267333984375,31.01965026019738,1.4414424896240234,1.7356770038604736
68,chairs,ABL-ET2X-R-PreviousRawEdge-CatmullRomRGB-Fixed080-YCoCgVarianceClamp,3.3143067359924316,30.899812170978244,1.459520697593689,1.8140684366226196
68,thin-chair,O-T2X-R,4.160629749298096,30.060176928774688,2.7862391471862793,4.627574443817139
68,thin-chair,ABL-ET2X-R-PreviousRawEdge-CatmullRomRGB-Fixed080,4.959990501403809,28.682937150054112,1.9738751649856567,2.2976186275482178
68,thin-chair,ABL-ET2X-R-PreviousRawEdge-CatmullRomRGB-Fixed080-YCoCgVarianceClamp,5.009262561798096,28.586266916775397,2.003936529159546,2.4343411922454834
68,windows,O-T2X-R,5.120768070220947,26.02937317449536,3.3859145641326904,5.257497787475586
68,windows,ABL-ET2X-R-PreviousRawEdge-CatmullRomRGB-Fixed080,6.528059959411621,24.115711224845867,2.966146469116211,3.113429307937622
68,windows,ABL-ET2X-R-PreviousRawEdge-CatmullRomRGB-Fixed080-YCoCgVarianceClamp,6.244824409484863,24.501840344254443,2.721703052520752,3.1385159492492676
69,chairs,O-T2X-R,2.831738233566284,32.09163165837686,1.8838354349136353,2.8391060829162598
69,chairs,ABL-ET2X-R-PreviousRawEdge-CatmullRomRGB-Fixed080,3.285351514816284,30.942093243758112,1.4139989614486694,1.7236862182617188
69,chairs,ABL-ET2X-R-PreviousRawEdge-CatmullRomRGB-Fixed080-YCoCgVarianceClamp,3.3233885765075684,30.852777586415723,1.4509310722351074,1.8232982158660889
69,thin-chair,O-T2X-R,4.236475944519043,29.90408118478587,2.7134475708007812,4.122865200042725
69,thin-chair,ABL-ET2X-R-PreviousRawEdge-CatmullRomRGB-Fixed080,4.956350803375244,28.62444330368172,1.9259364604949951,2.3311336040496826
69,thin-chair,ABL-ET2X-R-PreviousRawEdge-CatmullRomRGB-Fixed080-YCoCgVarianceClamp,4.995916366577148,28.555173302803325,1.9736442565917969,2.4852559566497803
69,windows,O-T2X-R,5.111409664154053,26.67622670546439,4.427164554595947,6.799826145172119
69,windows,ABL-ET2X-R-PreviousRawEdge-CatmullRomRGB-Fixed080,6.889632225036621,23.84622407673843,2.901327610015869,3.1163816452026367
69,windows,ABL-ET2X-R-PreviousRawEdge-CatmullRomRGB-Fixed080-YCoCgVarianceClamp,6.394205570220947,24.540590022140805,3.0939109325408936,3.2445456981658936
70,chairs,O-T2X-R,2.878222703933716,31.973939452268123,2.0953309535980225,3.410677433013916
70,chairs,ABL-ET2X-R-PreviousRawEdge-CatmullRomRGB-Fixed080,3.292936086654663,30.88763419503777,1.4105068445205688,1.6585967540740967
70,chairs,ABL-ET2X-R-PreviousRawEdge-CatmullRomRGB-Fixed080-YCoCgVarianceClamp,3.3301432132720947,30.771982879253606,1.4468142986297607,1.7537033557891846
70,thin-chair,O-T2X-R,4.248402118682861,29.854274406655374,2.981858253479004,4.890251159667969
70,thin-chair,ABL-ET2X-R-PreviousRawEdge-CatmullRomRGB-Fixed080,4.9564690589904785,28.58748030655077,1.8874201774597168,2.24540114402771
70,thin-chair,ABL-ET2X-R-PreviousRawEdge-CatmullRomRGB-Fixed080-YCoCgVarianceClamp,5.013908386230469,28.47779757201666,1.9404369592666626,2.4034388065338135
70,windows,O-T2X-R,5.101416110992432,26.25670115223427,3.3098082542419434,5.8775506019592285
70,windows,ABL-ET2X-R-PreviousRawEdge-CatmullRomRGB-Fixed080,6.867366313934326,23.784275091388537,3.090202808380127,3.1306440830230713
70,windows,ABL-ET2X-R-PreviousRawEdge-CatmullRomRGB-Fixed080-YCoCgVarianceClamp,6.520963668823242,24.189786523410504,3.0135891437530518,3.4860451221466064
71,chairs,O-T2X-R,2.7909178733825684,32.27580689851168,1.918130874633789,2.9271881580352783
71,chairs,ABL-ET2X-R-PreviousRawEdge-CatmullRomRGB-Fixed080,3.3516438007354736,30.673395080528213,1.4362937211990356,1.7353897094726562
71,chairs,ABL-ET2X-R-PreviousRawEdge-CatmullRomRGB-Fixed080-YCoCgVarianceClamp,3.401578664779663,30.513963152251105,1.4641646146774292,1.8241081237792969
71,thin-chair,O-T2X-R,4.222301006317139,29.961332473601768,2.600775718688965,4.167294502258301
71,thin-chair,ABL-ET2X-R-PreviousRawEdge-CatmullRomRGB-Fixed080,5.070401191711426,28.35504384093969,1.94261634349823,2.2916083335876465
71,thin-chair,ABL-ET2X-R-PreviousRawEdge-CatmullRomRGB-Fixed080-YCoCgVarianceClamp,5.161221504211426,28.188155946962524,1.9869284629821777,2.4346389770507812
71,windows,O-T2X-R,4.987874507904053,27.02338414784162,4.828644752502441,7.0143280029296875
71,windows,ABL-ET2X-R-PreviousRawEdge-CatmullRomRGB-Fixed080,6.8299479484558105,23.8655425769283,3.2408688068389893,3.3329505920410156
71,windows,ABL-ET2X-R-PreviousRawEdge-CatmullRomRGB-Fixed080-YCoCgVarianceClamp,6.314534664154053,24.49233580060529,3.37689208984375,3.5883514881134033
72,chairs,O-T2X-R,2.8397624492645264,32.08104650503196,2.019150733947754,3.379009962081909
72,chairs,ABL-ET2X-R-PreviousRawEdge-CatmullRomRGB-Fixed080,3.3737142086029053,30.521019554483214,1.4218213558197021,1.7372016906738281
72,chairs,ABL-ET2X-R-PreviousRawEdge-CatmullRomRGB-Fixed080-YCoCgVarianceClamp,3.410872459411621,30.40342629487585,1.4512379169464111,1.8499634265899658
72,thin-chair,O-T2X-R,4.277787685394287,29.792917303058097,2.8825631141662598,4.699697494506836
72,thin-chair,ABL-ET2X-R-PreviousRawEdge-CatmullRomRGB-Fixed080,5.106948375701904,28.20231420264041,1.9177520275115967,2.3234026432037354
72,thin-chair,ABL-ET2X-R-PreviousRawEdge-CatmullRomRGB-Fixed080-YCoCgVarianceClamp,5.148082256317139,28.11352383849831,1.9454357624053955,2.4891722202301025
72,windows,O-T2X-R,5.044335842132568,26.726842591363425,3.7354483604431152,6.095612525939941
72,windows,ABL-ET2X-R-PreviousRawEdge-CatmullRomRGB-Fixed080,6.807845115661621,24.025533454715543,3.2967915534973145,3.438927412033081
72,windows,ABL-ET2X-R-PreviousRawEdge-CatmullRomRGB-Fixed080-YCoCgVarianceClamp,6.2908854484558105,24.793187727105924,3.2589659690856934,3.811180830001831
73,chairs,O-T2X-R,2.8904621601104736,31.935359486970324,1.972829818725586,2.9484004974365234
73,chairs,ABL-ET2X-R-PreviousRawEdge-CatmullRomRGB-Fixed080,3.454085350036621,30.36954616370576,1.4410181045532227,1.7124007940292358
73,chairs,ABL-ET2X-R-PreviousRawEdge-CatmullRomRGB-Fixed080-YCoCgVarianceClamp,3.4879393577575684,30.263734120778302,1.4568450450897217,1.8010127544403076
73,thin-chair,O-T2X-R,4.296134948730469,29.746719843127444,2.7469160556793213,4.2756876945495605
73,thin-chair,ABL-ET2X-R-PreviousRawEdge-CatmullRomRGB-Fixed080,5.203006744384766,28.08971556234883,1.9086785316467285,2.277535915374756
73,thin-chair,ABL-ET2X-R-PreviousRawEdge-CatmullRomRGB-Fixed080-YCoCgVarianceClamp,5.2434306144714355,28.000335737207696,1.94712495803833,2.4254910945892334
73,windows,O-T2X-R,4.971158981323242,27.00479838587694,3.998595714569092,6.721539497375488
73,windows,ABL-ET2X-R-PreviousRawEdge-CatmullRomRGB-Fixed080,6.837434768676758,23.77238054834502,3.146599769592285,3.449047803878784
73,windows,ABL-ET2X-R-PreviousRawEdge-CatmullRomRGB-Fixed080-YCoCgVarianceClamp,6.476513862609863,24.269945766471498,2.953263521194458,3.4862446784973145
74,chairs,O-T2X-R,2.805403709411621,32.213710109640004,2.084197998046875,3.484414577484131
74,chairs,ABL-ET2X-R-PreviousRawEdge-CatmullRomRGB-Fixed080,3.443880319595337,30.396643941663832,1.4279518127441406,1.7561876773834229
74,chairs,ABL-ET2X-R-PreviousRawEdge-CatmullRomRGB-Fixed080-YCoCgVarianceClamp,3.4756836891174316,30.309743724832888,1.4641841650009155,1.8561826944351196
74,thin-chair,O-T2X-R,4.197383880615234,29.96934426558695,3.008917808532715,4.98115873336792
74,thin-chair,ABL-ET2X-R-PreviousRawEdge-CatmullRomRGB-Fixed080,5.227568626403809,28.07877532572566,1.9007216691970825,2.2996954917907715
74,thin-chair,ABL-ET2X-R-PreviousRawEdge-CatmullRomRGB-Fixed080-YCoCgVarianceClamp,5.264737129211426,28.00336725780928,1.9545992612838745,2.4747748374938965
74,windows,O-T2X-R,5.381168842315674,25.726802032657794,3.4007861614227295,5.357630729675293
74,windows,ABL-ET2X-R-PreviousRawEdge-CatmullRomRGB-Fixed080,6.916764259338379,23.867381532325062,3.153886318206787,3.411398410797119
74,windows,ABL-ET2X-R-PreviousRawEdge-CatmullRomRGB-Fixed080-YCoCgVarianceClamp,6.350423336029053,24.659766094520137,3.270627975463867,3.5418524742126465
75,chairs,O-T2X-R,2.834749460220337,32.09611932676152,1.8950512409210205,3.010237216949463
75,chairs,ABL-ET2X-R-PreviousRawEdge-CatmullRomRGB-Fixed080,3.4210124015808105,30.477377047335704,1.4463002681732178,1.7449262142181396
75,chairs,ABL-ET2X-R-PreviousRawEdge-CatmullRomRGB-Fixed080-YCoCgVarianceClamp,3.4454753398895264,30.423227634204338,1.4784291982650757,1.8692786693572998
75,thin-chair,O-T2X-R,4.200846195220947,29.965901463561188,2.7587335109710693,4.381387233734131
75,thin-chair,ABL-ET2X-R-PreviousRawEdge-CatmullRomRGB-Fixed080,5.230587005615234,28.119777686300896,1.941582441329956,2.30076003074646
75,thin-chair,ABL-ET2X-R-PreviousRawEdge-CatmullRomRGB-Fixed080-YCoCgVarianceClamp,5.252604007720947,28.080624844386058,1.9956474304199219,2.4967634677886963
75,windows,O-T2X-R,5.220296382904053,26.383985670550217,4.5417609214782715,6.714945316314697
75,windows,ABL-ET2X-R-PreviousRawEdge-CatmullRomRGB-Fixed080,6.956868648529053,23.686810562701915,3.2570242881774902,3.3619778156280518
75,windows,ABL-ET2X-R-PreviousRawEdge-CatmullRomRGB-Fixed080-YCoCgVarianceClamp,6.503808498382568,24.288261495860908,3.1324291229248047,3.5960662364959717
76,chairs,O-T2X-R,2.884798288345337,31.99087220995468,2.081036329269409,3.4067046642303467
76,chairs,ABL-ET2X-R-PreviousRawEdge-CatmullRomRGB-Fixed080,3.3983724117279053,30.526873424285984,1.4497296810150146,1.711780309677124
76,chairs,ABL-ET2X-R-PreviousRawEdge-CatmullRomRGB-Fixed080-YCoCgVarianceClamp,3.407975196838379,30.502743613785835,1.4699914455413818,1.8280856609344482
76,thin-chair,O-T2X-R,4.28341007232666,29.818234764367794,2.922499656677246,4.895175457000732
76,thin-chair,ABL-ET2X-R-PreviousRawEdge-CatmullRomRGB-Fixed080,5.176698684692383,28.179786506171155,1.894924283027649,2.250308036804199
76,thin-chair,ABL-ET2X-R-PreviousRawEdge-CatmullRomRGB-Fixed080-YCoCgVarianceClamp,5.184244632720947,28.161872269752042,1.929389238357544,2.441121816635132
76,windows,O-T2X-R,5.3748698234558105,25.870924407280388,3.4654057025909424,5.713687419891357
76,windows,ABL-ET2X-R-PreviousRawEdge-CatmullRomRGB-Fixed080,7.445116996765137,23.03977641934214,3.0156686305999756,3.2379374504089355
76,windows,ABL-ET2X-R-PreviousRawEdge-CatmullRomRGB-Fixed080-YCoCgVarianceClamp,7.221631050109863,23.331547904463285,2.8603172302246094,3.118945360183716
77,chairs,O-T2X-R,2.7828450202941895,32.44854548126786,1.9497926235198975,2.946135997772217
77,chairs,ABL-ET2X-R-PreviousRawEdge-CatmullRomRGB-Fixed080,3.365201711654663,30.617107821824394,1.4437034130096436,1.7205464839935303
77,chairs,ABL-ET2X-R-PreviousRawEdge-CatmullRomRGB-Fixed080-YCoCgVarianceClamp,3.371386766433716,30.58629986636798,1.4717154502868652,1.817238450050354
77,thin-chair,O-T2X-R,4.207001686096191,30.147739032085752,2.6865456104278564,4.236080646514893
77,thin-chair,ABL-ET2X-R-PreviousRawEdge-CatmullRomRGB-Fixed080,5.1438212394714355,28.263576472512515,1.9234206676483154,2.268984794616699
77,thin-chair,ABL-ET2X-R-PreviousRawEdge-CatmullRomRGB-Fixed080-YCoCgVarianceClamp,5.1467509269714355,28.236247787313822,1.9737708568572998,2.423063039779663
77,windows,O-T2X-R,5.127897262573242,26.866907088054468,5.392763614654541,7.5739312171936035
77,windows,ABL-ET2X-R-PreviousRawEdge-CatmullRomRGB-Fixed080,7.534944534301758,23.063705031217477,3.339188814163208,3.241595506668091
77,windows,ABL-ET2X-R-PreviousRawEdge-CatmullRomRGB-Fixed080-YCoCgVarianceClamp,6.911849021911621,23.787183502207498,3.7294559478759766,3.6145737171173096
78,chairs,O-T2X-R,2.823209524154663,32.35277151374911,2.032698392868042,3.434607744216919
78,chairs,ABL-ET2X-R-PreviousRawEdge-CatmullRomRGB-Fixed080,3.3582844734191895,30.701613578238298,1.4183390140533447,1.7036139965057373
78,chairs,ABL-ET2X-R-PreviousRawEdge-CatmullRomRGB-Fixed080-YCoCgVarianceClamp,3.383023977279663,30.666599290860862,1.455255150794983,1.8105990886688232
78,thin-chair,O-T2X-R,4.268732070922852,30.055772499998916,2.860440492630005,4.79887580871582
78,thin-chair,ABL-ET2X-R-PreviousRawEdge-CatmullRomRGB-Fixed080,5.139737129211426,28.32956162261794,1.9159280061721802,2.224109411239624
78,thin-chair,ABL-ET2X-R-PreviousRawEdge-CatmullRomRGB-Fixed080-YCoCgVarianceClamp,5.170454502105713,28.301982691194986,1.979539394378662,2.4141485691070557
78,windows,O-T2X-R,5.0028157234191895,26.948835131310712,3.846165180206299,7.110280513763428
78,windows,ABL-ET2X-R-PreviousRawEdge-CatmullRomRGB-Fixed080,6.839632034301758,24.065360484439857,3.9412262439727783,3.8931427001953125
78,windows,ABL-ET2X-R-PreviousRawEdge-CatmullRomRGB-Fixed080-YCoCgVarianceClamp,6.086946487426758,25.2268516300626,4.012448310852051,4.601122856140137
79,chairs,O-T2X-R,2.8367512226104736,32.289395091155335,1.9209890365600586,2.915072441101074
79,chairs,ABL-ET2X-R-PreviousRawEdge-CatmullRomRGB-Fixed080,3.4087891578674316,30.56211836885212,1.4643313884735107,1.7109050750732422
79,chairs,ABL-ET2X-R-PreviousRawEdge-CatmullRomRGB-Fixed080-YCoCgVarianceClamp,3.4308104515075684,30.53465015194658,1.494770884513855,1.8202883005142212
79,thin-chair,O-T2X-R,4.26210355758667,30.0290756005684,2.7747042179107666,4.244616985321045
79,thin-chair,ABL-ET2X-R-PreviousRawEdge-CatmullRomRGB-Fixed080,5.209280490875244,28.19729715448795,1.914549708366394,2.2127625942230225
79,thin-chair,ABL-ET2X-R-PreviousRawEdge-CatmullRomRGB-Fixed080-YCoCgVarianceClamp,5.239760875701904,28.174732139690228,1.9705824851989746,2.396709680557251
79,windows,O-T2X-R,5.441340923309326,26.305568804511744,3.843900203704834,6.681419372558594
79,windows,ABL-ET2X-R-PreviousRawEdge-CatmullRomRGB-Fixed080,6.743700981140137,24.044088838208175,3.290207624435425,3.7099545001983643
79,windows,ABL-ET2X-R-PreviousRawEdge-CatmullRomRGB-Fixed080-YCoCgVarianceClamp,6.433984279632568,24.522992013712624,2.850355625152588,3.674342393875122
80,chairs,O-T2X-R,2.9285645484924316,31.856509994045886,1.954285979270935,3.2723565101623535
80,chairs,ABL-ET2X-R-PreviousRawEdge-CatmullRomRGB-Fixed080,3.432421922683716,30.568433035826477,1.4396421909332275,1.7246659994125366
80,chairs,ABL-ET2X-R-PreviousRawEdge-CatmullRomRGB-Fixed080-YCoCgVarianceClamp,3.465055227279663,30.549058820610234,1.4683008193969727,1.8426463603973389
80,thin-chair,O-T2X-R,4.369998931884766,29.66378238624065,2.8654367923736572,4.827005386352539
80,thin-chair,ABL-ET2X-R-PreviousRawEdge-CatmullRomRGB-Fixed080,5.232362747192383,28.22033719394522,1.944390058517456,2.2658233642578125
80,thin-chair,ABL-ET2X-R-PreviousRawEdge-CatmullRomRGB-Fixed080-YCoCgVarianceClamp,5.271987438201904,28.214671951961485,1.981286644935608,2.4606027603149414
80,windows,O-T2X-R,5.694189548492432,24.856625220524137,3.8522751331329346,5.145064353942871
80,windows,ABL-ET2X-R-PreviousRawEdge-CatmullRomRGB-Fixed080,7.378385543823242,23.306238996403042,3.176403522491455,3.449446201324463
80,windows,ABL-ET2X-R-PreviousRawEdge-CatmullRomRGB-Fixed080-YCoCgVarianceClamp,6.890202045440674,23.89201026194369,3.2958984375,3.3280463218688965
81,chairs,O-T2X-R,2.955582618713379,31.73511363519825,1.9241950511932373,2.958613157272339
81,chairs,ABL-ET2X-R-PreviousRawEdge-CatmullRomRGB-Fixed080,3.406526803970337,30.631369420879643,1.4168245792388916,1.7021820545196533
81,chairs,ABL-ET2X-R-PreviousRawEdge-CatmullRomRGB-Fixed080-YCoCgVarianceClamp,3.446500539779663,30.574795287509566,1.4647058248519897,1.8264820575714111
81,thin-chair,O-T2X-R,4.370857238769531,29.644688845692258,2.7232189178466797,4.2855329513549805
81,thin-chair,ABL-ET2X-R-PreviousRawEdge-CatmullRomRGB-Fixed080,5.2043681144714355,28.259208582344897,1.9335854053497314,2.250352382659912
81,thin-chair,ABL-ET2X-R-PreviousRawEdge-CatmullRomRGB-Fixed080-YCoCgVarianceClamp,5.256539821624756,28.210711350108568,2.012519598007202,2.4463183879852295
81,windows,O-T2X-R,5.440901756286621,26.175562351150504,5.572602272033691,8.085355758666992
81,windows,ABL-ET2X-R-PreviousRawEdge-CatmullRomRGB-Fixed080,7.681705951690674,22.763813525469597,3.269249677658081,3.1772987842559814
81,windows,ABL-ET2X-R-PreviousRawEdge-CatmullRomRGB-Fixed080-YCoCgVarianceClamp,7.254540920257568,23.211372227007434,3.279233455657959,3.4470107555389404
82,chairs,O-T2X-R,2.923844337463379,31.851142710133292,2.0926387310028076,3.4265060424804688
82,chairs,ABL-ET2X-R-PreviousRawEdge-CatmullRomRGB-Fixed080,3.4427409172058105,30.611237597612657,1.4625749588012695,1.6836858987808228
82,chairs,ABL-ET2X-R-PreviousRawEdge-CatmullRomRGB-Fixed080-YCoCgVarianceClamp,3.4749836921691895,30.543868559084714,1.4880541563034058,1.7824337482452393
82,thin-chair,O-T2X-R,4.354669570922852,29.665978231517638,2.9384119510650635,4.8497538566589355
82,thin-chair,ABL-ET2X-R-PreviousRawEdge-CatmullRomRGB-Fixed080,5.213186740875244,28.27809730390637,1.9426791667938232,2.2229998111724854
82,thin-chair,ABL-ET2X-R-PreviousRawEdge-CatmullRomRGB-Fixed080-YCoCgVarianceClamp,5.260830879211426,28.213294954691882,1.9840331077575684,2.3842415809631348
82,windows,O-T2X-R,5.345914840698242,26.235601140478604,3.6050612926483154,7.186959743499756
82,windows,ABL-ET2X-R-PreviousRawEdge-CatmullRomRGB-Fixed080,7.406217575073242,23.499031100548905,3.677976131439209,3.704864501953125
82,windows,ABL-ET2X-R-PreviousRawEdge-CatmullRomRGB-Fixed080-YCoCgVarianceClamp,6.614908695220947,24.521996226316034,4.035279273986816,4.246067047119141
83,chairs,O-T2X-R,2.7997069358825684,32.279105337500866,2.0379638671875,3.0284855365753174
83,chairs,ABL-ET2X-R-PreviousRawEdge-CatmullRomRGB-Fixed080,3.4678385257720947,30.536943621981045,1.4606684446334839,1.7227928638458252
83,chairs,ABL-ET2X-R-PreviousRawEdge-CatmullRomRGB-Fixed080-YCoCgVarianceClamp,3.486377000808716,30.500977914558156,1.477732539176941,1.7914928197860718
83,thin-chair,O-T2X-R,4.22091007232666,29.965779622093734,2.8248517513275146,4.404844284057617
83,thin-chair,ABL-ET2X-R-PreviousRawEdge-CatmullRomRGB-Fixed080,5.262547492980957,28.203137184115956,1.9551901817321777,2.2758657932281494
83,thin-chair,ABL-ET2X-R-PreviousRawEdge-CatmullRomRGB-Fixed080-YCoCgVarianceClamp,5.299124240875244,28.16266459150812,1.9756340980529785,2.380378484725952
83,windows,O-T2X-R,5.1471028327941895,26.828557275207977,4.840584754943848,7.362205505371094
83,windows,ABL-ET2X-R-PreviousRawEdge-CatmullRomRGB-Fixed080,6.830842971801758,24.1185783369071,3.8735878467559814,4.0782976150512695
83,windows,ABL-ET2X-R-PreviousRawEdge-CatmullRomRGB-Fixed080-YCoCgVarianceClamp,6.3304524421691895,24.829521605562572,3.6309616565704346,4.545540809631348
84,chairs,O-T2X-R,2.8604655265808105,31.95258353033087,2.0118486881256104,3.453659772872925
84,chairs,ABL-ET2X-R-PreviousRawEdge-CatmullRomRGB-Fixed080,3.448193311691284,30.560380255306256,1.4459826946258545,1.7581459283828735
84,chairs,ABL-ET2X-R-PreviousRawEdge-CatmullRomRGB-Fixed080-YCoCgVarianceClamp,3.453629493713379,30.535213247058692,1.4791556596755981,1.839077353477478
84,thin-chair,O-T2X-R,4.338571071624756,29.63359536615696,2.813218116760254,4.821053981781006
84,thin-chair,ABL-ET2X-R-PreviousRawEdge-CatmullRomRGB-Fixed080,5.223573684692383,28.234631127850104,1.9318755865097046,2.280949354171753
84,thin-chair,ABL-ET2X-R-PreviousRawEdge-CatmullRomRGB-Fixed080-YCoCgVarianceClamp,5.2346415519714355,28.20674963628383,1.977115273475647,2.40421199798584
84,windows,O-T2X-R,5.183854103088379,26.620235939720178,3.9057533740997314,6.127273082733154
84,windows,ABL-ET2X-R-PreviousRawEdge-CatmullRomRGB-Fixed080,7.0513997077941895,23.782443714212185,3.4365792274475098,3.9620585441589355
84,windows,ABL-ET2X-R-PreviousRawEdge-CatmullRomRGB-Fixed080-YCoCgVarianceClamp,6.6334147453308105,24.366699691016798,3.386237382888794,3.8810477256774902
85,chairs,O-T2X-R,2.9005696773529053,31.775408113254695,1.944989800453186,2.9623947143554688
85,chairs,ABL-ET2X-R-PreviousRawEdge-CatmullRomRGB-Fixed080,3.4491047859191895,30.510841731052448,1.4772758483886719,1.739927887916565
85,chairs,ABL-ET2X-R-PreviousRawEdge-CatmullRomRGB-Fixed080-YCoCgVarianceClamp,3.4578938484191895,30.47458474756577,1.511683702468872,1.8420965671539307
85,thin-chair,O-T2X-R,4.379705429077148,29.456818170645644,2.7346715927124023,4.277353286743164
85,thin-chair,ABL-ET2X-R-PreviousRawEdge-CatmullRomRGB-Fixed080,5.214873313903809,28.198893578453152,1.9781887531280518,2.300489664077759
85,thin-chair,ABL-ET2X-R-PreviousRawEdge-CatmullRomRGB-Fixed080-YCoCgVarianceClamp,5.225053310394287,28.165554085799975,2.0286505222320557,2.4582536220550537
85,windows,O-T2X-R,5.424788475036621,26.354421150299512,5.112422943115234,7.667599678039551
85,windows,ABL-ET2X-R-PreviousRawEdge-CatmullRomRGB-Fixed080,7.5887532234191895,22.980638777969116,3.2414214611053467,3.4082775115966797
85,windows,ABL-ET2X-R-PreviousRawEdge-CatmullRomRGB-Fixed080-YCoCgVarianceClamp,7.1600422859191895,23.42411972073448,3.1589577198028564,3.477099657058716
86,chairs,O-T2X-R,2.886702537536621,32.001746122345,2.059119701385498,3.3843045234680176
86,chairs,ABL-ET2X-R-PreviousRawEdge-CatmullRomRGB-Fixed080,3.4512369632720947,30.511620729519993,1.495936632156372,1.7515754699707031
86,chairs,ABL-ET2X-R-PreviousRawEdge-CatmullRomRGB-Fixed080-YCoCgVarianceClamp,3.4588379859924316,30.497816950045262,1.5195306539535522,1.8558849096298218
86,thin-chair,O-T2X-R,4.318063259124756,29.74104994977578,2.964216709136963,4.876608371734619
86,thin-chair,ABL-ET2X-R-PreviousRawEdge-CatmullRomRGB-Fixed080,5.211854934692383,28.227857412593117,2.0026345252990723,2.3517394065856934
86,thin-chair,ABL-ET2X-R-PreviousRawEdge-CatmullRomRGB-Fixed080-YCoCgVarianceClamp,5.210404872894287,28.2229515778937,2.064103364944458,2.535922050476074
86,windows,O-T2X-R,5.476480960845947,25.74173014354099,3.731574535369873,6.2586774826049805
86,windows,ABL-ET2X-R-PreviousRawEdge-CatmullRomRGB-Fixed080,7.603206157684326,23.10911805024107,3.5576331615448,3.5392768383026123
86,windows,ABL-ET2X-R-PreviousRawEdge-CatmullRomRGB-Fixed080-YCoCgVarianceClamp,6.7939453125,24.071040849185785,3.8955230712890625,4.034423351287842
87,chairs,O-T2X-R,2.8995604515075684,32.058692481201135,1.9679553508758545,3.0136055946350098
87,chairs,ABL-ET2X-R-PreviousRawEdge-CatmullRomRGB-Fixed080,3.416275978088379,30.627626080313732,1.4647117853164673,1.757244348526001
87,chairs,ABL-ET2X-R-PreviousRawEdge-CatmullRomRGB-Fixed080-YCoCgVarianceClamp,3.4335124492645264,30.604774039878542,1.4873822927474976,1.8520091772079468
87,thin-chair,O-T2X-R,4.269383430480957,29.980055277467386,2.838613748550415,4.397381782531738
87,thin-chair,ABL-ET2X-R-PreviousRawEdge-CatmullRomRGB-Fixed080,5.159268379211426,28.350943783816753,1.9577813148498535,2.287281036376953
87,thin-chair,ABL-ET2X-R-PreviousRawEdge-CatmullRomRGB-Fixed080-YCoCgVarianceClamp,5.170424938201904,28.340144967784543,2.001762628555298,2.4669620990753174
87,windows,O-T2X-R,5.597477436065674,26.013351076527155,4.831753730773926,7.404350280761719
87,windows,ABL-ET2X-R-PreviousRawEdge-CatmullRomRGB-Fixed080,7.3209309577941895,23.544835884688005,3.8700592517852783,3.9195618629455566
87,windows,ABL-ET2X-R-PreviousRawEdge-CatmullRomRGB-Fixed080-YCoCgVarianceClamp,6.626497268676758,24.391470096600788,3.8126189708709717,4.513599395751953
88,chairs,O-T2X-R,2.8906900882720947,32.06867347663559,2.1287670135498047,3.4820594787597656
88,chairs,ABL-ET2X-R-PreviousRawEdge-CatmullRomRGB-Fixed080,3.42724609375,30.703393878267722,1.5192701816558838,1.791770339012146
88,chairs,ABL-ET2X-R-PreviousRawEdge-CatmullRomRGB-Fixed080-YCoCgVarianceClamp,3.456266164779663,30.602443306935967,1.5789968967437744,1.9030364751815796
88,thin-chair,O-T2X-R,4.324248313903809,29.86634911856028,2.961026191711426,4.935452461242676
88,thin-chair,ABL-ET2X-R-PreviousRawEdge-CatmullRomRGB-Fixed080,5.188979625701904,28.39935834821581,2.026423454284668,2.379080057144165
88,thin-chair,ABL-ET2X-R-PreviousRawEdge-CatmullRomRGB-Fixed080-YCoCgVarianceClamp,5.225556373596191,28.296374197173527,2.114081382751465,2.550264596939087
88,windows,O-T2X-R,5.7154622077941895,25.079731036975375,3.803593397140503,6.213284492492676
88,windows,ABL-ET2X-R-PreviousRawEdge-CatmullRomRGB-Fixed080,7.030419826507568,23.934924929911077,3.941545009613037,4.31085729598999
88,windows,ABL-ET2X-R-PreviousRawEdge-CatmullRomRGB-Fixed080-YCoCgVarianceClamp,6.330712795257568,24.8265447982822,3.8732540607452393,4.4700140953063965
89,chairs,O-T2X-R,2.8714356422424316,32.1487622150381,2.0066261291503906,3.1130900382995605
89,chairs,ABL-ET2X-R-PreviousRawEdge-CatmullRomRGB-Fixed080,3.3409180641174316,30.886434146896615,1.4543155431747437,1.777844786643982
89,chairs,ABL-ET2X-R-PreviousRawEdge-CatmullRomRGB-Fixed080-YCoCgVarianceClamp,3.3544108867645264,30.804647823565826,1.4786489009857178,1.9223766326904297
89,thin-chair,O-T2X-R,4.306551933288574,29.896853024023255,2.8457694053649902,4.519471645355225
89,thin-chair,ABL-ET2X-R-PreviousRawEdge-CatmullRomRGB-Fixed080,5.087446689605713,28.563061101704697,1.9239064455032349,2.329878091812134
89,thin-chair,ABL-ET2X-R-PreviousRawEdge-CatmullRomRGB-Fixed080-YCoCgVarianceClamp,5.11112117767334,28.473766481111184,1.9550971984863281,2.5493569374084473
89,windows,O-T2X-R,5.528629779815674,26.05856934894411,5.075231075286865,7.722413539886475
89,windows,ABL-ET2X-R-PreviousRawEdge-CatmullRomRGB-Fixed080,7.268489360809326,23.367591239450274,3.5002193450927734,3.8157668113708496
89,windows,ABL-ET2X-R-PreviousRawEdge-CatmullRomRGB-Fixed080-YCoCgVarianceClamp,6.878694534301758,23.819019414368693,3.175841808319092,3.843827724456787
90,chairs,O-T2X-R,2.9175455570220947,31.990459608669973,2.1021926403045654,3.5255203247070312
90,chairs,ABL-ET2X-R-PreviousRawEdge-CatmullRomRGB-Fixed080,3.351806640625,30.916735398670898,1.5143266916275024,1.7568931579589844
90,chairs,ABL-ET2X-R-PreviousRawEdge-CatmullRomRGB-Fixed080-YCoCgVarianceClamp,3.359879493713379,30.887894249180693,1.5164995193481445,1.8366281986236572
90,thin-chair,O-T2X-R,4.376302242279053,29.73960903710823,2.914872884750366,4.940425395965576
90,thin-chair,ABL-ET2X-R-PreviousRawEdge-CatmullRomRGB-Fixed080,5.080936431884766,28.60044906828653,1.9813694953918457,2.24713134765625
90,thin-chair,ABL-ET2X-R-PreviousRawEdge-CatmullRomRGB-Fixed080-YCoCgVarianceClamp,5.087032318115234,28.572392816945154,1.9851711988449097,2.380474090576172
90,windows,O-T2X-R,5.878011226654053,24.9894802044652,3.778479814529419,6.352975845336914
90,windows,ABL-ET2X-R-PreviousRawEdge-CatmullRomRGB-Fixed080,7.683772563934326,23.039144413958756,3.551165819168091,3.7396247386932373
90,windows,ABL-ET2X-R-PreviousRawEdge-CatmullRomRGB-Fixed080-YCoCgVarianceClamp,6.982259273529053,23.819328317312728,3.8330135345458984,3.872929334640503
91,chairs,O-T2X-R,2.8571126461029053,32.11229122733815,2.014824151992798,3.0533432960510254
91,chairs,ABL-ET2X-R-PreviousRawEdge-CatmullRomRGB-Fixed080,3.341097116470337,30.962652914122913,1.499738097190857,1.7724651098251343
91,chairs,ABL-ET2X-R-PreviousRawEdge-CatmullRomRGB-Fixed080-YCoCgVarianceClamp,3.3641438484191895,30.916952832186247,1.532774806022644,1.8493572473526
91,thin-chair,O-T2X-R,4.321792125701904,29.774194417252442,2.831885814666748,4.403886795043945
91,thin-chair,ABL-ET2X-R-PreviousRawEdge-CatmullRomRGB-Fixed080,5.0690693855285645,28.652695458978034,2.0116899013519287,2.3240950107574463
91,thin-chair,ABL-ET2X-R-PreviousRawEdge-CatmullRomRGB-Fixed080-YCoCgVarianceClamp,5.103545188903809,28.608790958684107,2.0685858726501465,2.4526216983795166
91,windows,O-T2X-R,5.383740425109863,26.42962488933162,5.352092742919922,7.853838920593262
91,windows,ABL-ET2X-R-PreviousRawEdge-CatmullRomRGB-Fixed080,7.200407028198242,23.58504655899218,3.7317752838134766,3.7537124156951904
91,windows,ABL-ET2X-R-PreviousRawEdge-CatmullRomRGB-Fixed080-YCoCgVarianceClamp,6.674170017242432,24.21086068589318,3.663454532623291,4.181351184844971
92,chairs,O-T2X-R,2.8848633766174316,32.071327679360834,2.106915235519409,3.5123894214630127
92,chairs,ABL-ET2X-R-PreviousRawEdge-CatmullRomRGB-Fixed080,3.3378255367279053,30.916572723984686,1.4635734558105469,1.7336742877960205
92,chairs,ABL-ET2X-R-PreviousRawEdge-CatmullRomRGB-Fixed080-YCoCgVarianceClamp,3.3583006858825684,30.878883954596983,1.4732751846313477,1.8096977472305298
92,thin-chair,O-T2X-R,4.350911617279053,29.791118155548602,2.9745702743530273,5.02010440826416
92,thin-chair,ABL-ET2X-R-PreviousRawEdge-CatmullRomRGB-Fixed080,5.0842509269714355,28.566694232230816,1.9611912965774536,2.2561659812927246
92,thin-chair,ABL-ET2X-R-PreviousRawEdge-CatmullRomRGB-Fixed080-YCoCgVarianceClamp,5.106267929077148,28.540142461595202,1.956318736076355,2.370779514312744
92,windows,O-T2X-R,5.405029296875,26.182566805397247,3.788774013519287,6.4847002029418945
92,windows,ABL-ET2X-R-PreviousRawEdge-CatmullRomRGB-Fixed080,7.322835445404053,23.689725910033594,3.6172993183135986,3.6930289268493652
92,windows,ABL-ET2X-R-PreviousRawEdge-CatmullRomRGB-Fixed080-YCoCgVarianceClamp,6.776562690734863,24.38616165775319,3.5489602088928223,3.809211015701294
93,chairs,O-T2X-R,2.895068407058716,32.04088513465039,1.973862886428833,3.0932586193084717
93,chairs,ABL-ET2X-R-PreviousRawEdge-CatmullRomRGB-Fixed080,3.348111867904663,30.86980889231669,1.4840023517608643,1.7207227945327759
93,chairs,ABL-ET2X-R-PreviousRawEdge-CatmullRomRGB-Fixed080-YCoCgVarianceClamp,3.3566081523895264,30.852765494202693,1.5094660520553589,1.8044542074203491
93,thin-chair,O-T2X-R,4.321792125701904,29.83895788760984,2.82816481590271,4.508631706237793
93,thin-chair,ABL-ET2X-R-PreviousRawEdge-CatmullRomRGB-Fixed080,5.107333183288574,28.520115357504764,1.957150936126709,2.2432687282562256
93,thin-chair,ABL-ET2X-R-PreviousRawEdge-CatmullRomRGB-Fixed080-YCoCgVarianceClamp,5.115589618682861,28.509199752762314,2.007897138595581,2.3671302795410156
93,windows,O-T2X-R,5.443749904632568,26.31784745677948,5.477257251739502,8.102320671081543
93,windows,ABL-ET2X-R-PreviousRawEdge-CatmullRomRGB-Fixed080,7.236230373382568,23.649625038093856,3.677506685256958,3.7572994232177734
93,windows,ABL-ET2X-R-PreviousRawEdge-CatmullRomRGB-Fixed080-YCoCgVarianceClamp,6.683414936065674,24.295444238828054,3.7220358848571777,3.933229923248291
94,chairs,O-T2X-R,2.8969075679779053,32.00856142914571,2.074963331222534,3.451810359954834
94,chairs,ABL-ET2X-R-PreviousRawEdge-CatmullRomRGB-Fixed080,3.3605306148529053,30.863553960100333,1.466462254524231,1.7180856466293335
94,chairs,ABL-ET2X-R-PreviousRawEdge-CatmullRomRGB-Fixed080-YCoCgVarianceClamp,3.3611817359924316,30.893961178564602,1.49673330783844,1.803821325302124
94,thin-chair,O-T2X-R,4.297940254211426,29.84698348216012,2.9534943103790283,4.9737348556518555
94,thin-chair,ABL-ET2X-R-PreviousRawEdge-CatmullRomRGB-Fixed080,5.079012870788574,28.542935562693877,1.9558972120285034,2.2627716064453125
94,thin-chair,ABL-ET2X-R-PreviousRawEdge-CatmullRomRGB-Fixed080-YCoCgVarianceClamp,5.085878372192383,28.569811288693817,2.007977247238159,2.413870334625244
94,windows,O-T2X-R,5.084505081176758,26.957149848483255,4.13031005859375,6.567282199859619
94,windows,ABL-ET2X-R-PreviousRawEdge-CatmullRomRGB-Fixed080,6.980045795440674,24.067439180988398,3.7058517932891846,3.867250442504883
94,windows,ABL-ET2X-R-PreviousRawEdge-CatmullRomRGB-Fixed080-YCoCgVarianceClamp,6.321484565734863,24.954038787631756,3.756387233734131,4.196835041046143
95,chairs,O-T2X-R,2.847412109375,32.16477351484799,2.058955669403076,3.114497423171997
95,chairs,ABL-ET2X-R-PreviousRawEdge-CatmullRomRGB-Fixed080,3.350862741470337,30.929799138152436,1.485703468322754,1.738477349281311
95,chairs,ABL-ET2X-R-PreviousRawEdge-CatmullRomRGB-Fixed080-YCoCgVarianceClamp,3.3591959476470947,30.91683734877558,1.5254180431365967,1.8483822345733643
95,thin-chair,O-T2X-R,4.270863056182861,29.929773221345755,2.9269912242889404,4.536620616912842
95,thin-chair,ABL-ET2X-R-PreviousRawEdge-CatmullRomRGB-Fixed080,5.077059745788574,28.6056258500572,2.0171051025390625,2.292123317718506
95,thin-chair,ABL-ET2X-R-PreviousRawEdge-CatmullRomRGB-Fixed080-YCoCgVarianceClamp,5.104373931884766,28.580307938965028,2.0788800716400146,2.473830461502075
95,windows,O-T2X-R,5.809732913970947,25.816783037934755,5.0890350341796875,7.938195705413818
95,windows,ABL-ET2X-R-PreviousRawEdge-CatmullRomRGB-Fixed080,7.337255954742432,23.517933847317106,3.476004123687744,3.6140923500061035
95,windows,ABL-ET2X-R-PreviousRawEdge-CatmullRomRGB-Fixed080-YCoCgVarianceClamp,7.032080173492432,23.861259500317352,3.2407660484313965,3.6709563732147217
96,chairs,O-T2X-R,2.9240071773529053,31.91105126778193,2.0517325401306152,3.501850128173828
96,chairs,ABL-ET2X-R-PreviousRawEdge-CatmullRomRGB-Fixed080,3.4149413108825684,30.800935080653492,1.510118007659912,1.7624614238739014
96,chairs,ABL-ET2X-R-PreviousRawEdge-CatmullRomRGB-Fixed080-YCoCgVarianceClamp,3.4312825202941895,30.73856564593951,1.5328662395477295,1.8696081638336182
96,thin-chair,O-T2X-R,4.415335178375244,29.61994903575151,2.8439712524414062,4.943845748901367
96,thin-chair,ABL-ET2X-R-PreviousRawEdge-CatmullRomRGB-Fixed080,5.164358615875244,28.491936468764912,2.0040037631988525,2.3337953090667725
96,thin-chair,ABL-ET2X-R-PreviousRawEdge-CatmullRomRGB-Fixed080-YCoCgVarianceClamp,5.195638179779053,28.423150692456538,2.027897596359253,2.496737480163574
96,windows,O-T2X-R,5.50830078125,25.68128735949884,3.857020616531372,6.565695285797119
96,windows,ABL-ET2X-R-PreviousRawEdge-CatmullRomRGB-Fixed080,7.102783203125,24.005112345238135,3.8232529163360596,3.916332721710205
96,windows,ABL-ET2X-R-PreviousRawEdge-CatmullRomRGB-Fixed080-YCoCgVarianceClamp,6.306005954742432,25.033246595646553,4.289892673492432,4.3299241065979
97,chairs,O-T2X-R,2.8919270038604736,32.045292489745975,2.0466628074645996,3.110907793045044
97,chairs,ABL-ET2X-R-PreviousRawEdge-CatmullRomRGB-Fixed080,3.374544382095337,30.886332908002746,1.499434471130371,1.7890844345092773
97,chairs,ABL-ET2X-R-PreviousRawEdge-CatmullRomRGB-Fixed080-YCoCgVarianceClamp,3.404492139816284,30.81578146235802,1.527665138244629,1.889286756515503
97,thin-chair,O-T2X-R,4.376331806182861,29.725338549508038,2.870231866836548,4.500727653503418
97,thin-chair,ABL-ET2X-R-PreviousRawEdge-CatmullRomRGB-Fixed080,5.085760116577148,28.582387963745898,1.976280689239502,2.336895227432251
97,thin-chair,ABL-ET2X-R-PreviousRawEdge-CatmullRomRGB-Fixed080-YCoCgVarianceClamp,5.141305446624756,28.50267732341795,2.0194742679595947,2.486624240875244
97,windows,O-T2X-R,5.764176368713379,25.820068249651747,5.260288715362549,7.829362392425537
97,windows,ABL-ET2X-R-PreviousRawEdge-CatmullRomRGB-Fixed080,7.214859962463379,23.667379082146503,3.8345019817352295,3.7822349071502686
97,windows,ABL-ET2X-R-PreviousRawEdge-CatmullRomRGB-Fixed080-YCoCgVarianceClamp,6.800976753234863,24.163476040000905,3.378324031829834,4.118128299713135
98,chairs,O-T2X-R,2.9591634273529053,31.89902945726702,2.1798393726348877,3.5642027854919434
98,chairs,ABL-ET2X-R-PreviousRawEdge-CatmullRomRGB-Fixed080,3.340559959411621,30.999933432186864,1.5278571844100952,1.7873207330703735
98,chairs,ABL-ET2X-R-PreviousRawEdge-CatmullRomRGB-Fixed080-YCoCgVarianceClamp,3.3778645992279053,30.923489413756222,1.5474754571914673,1.8893625736236572
98,thin-chair,O-T2X-R,4.455433368682861,29.628974922592455,3.124241828918457,5.106662273406982
98,thin-chair,ABL-ET2X-R-PreviousRawEdge-CatmullRomRGB-Fixed080,5.062263488769531,28.68162119291412,2.0241363048553467,2.354018211364746
98,thin-chair,ABL-ET2X-R-PreviousRawEdge-CatmullRomRGB-Fixed080-YCoCgVarianceClamp,5.113429069519043,28.61127400319718,2.059368133544922,2.5283238887786865
98,windows,O-T2X-R,5.553499221801758,25.94993274036168,4.006038188934326,6.5875678062438965
98,windows,ABL-ET2X-R-PreviousRawEdge-CatmullRomRGB-Fixed080,7.427815914154053,23.637586792368875,3.6113860607147217,3.959723949432373
98,windows,ABL-ET2X-R-PreviousRawEdge-CatmullRomRGB-Fixed080-YCoCgVarianceClamp,6.898779392242432,24.251504326014025,3.776411533355713,3.80159068107605
99,chairs,O-T2X-R,2.94921875,31.979179845958676,1.9810593128204346,3.165560245513916
99,chairs,ABL-ET2X-R-PreviousRawEdge-CatmullRomRGB-Fixed080,3.356250047683716,31.00135969034316,1.503838300704956,1.787476897239685
99,chairs,ABL-ET2X-R-PreviousRawEdge-CatmullRomRGB-Fixed080-YCoCgVarianceClamp,3.393343210220337,30.91091782541961,1.518432378768921,1.8792644739151
99,thin-chair,O-T2X-R,4.413411617279053,29.770889301161716,2.809429168701172,4.613223075866699
99,thin-chair,ABL-ET2X-R-PreviousRawEdge-CatmullRomRGB-Fixed080,5.0962653160095215,28.691113440547234,1.9443602561950684,2.306415319442749
99,thin-chair,ABL-ET2X-R-PreviousRawEdge-CatmullRomRGB-Fixed080-YCoCgVarianceClamp,5.127397060394287,28.61865010447316,1.9760643243789673,2.4611942768096924
99,windows,O-T2X-R,5.6693196296691895,26.00480138995422,5.391448020935059,8.047536849975586
99,windows,ABL-ET2X-R-PreviousRawEdge-CatmullRomRGB-Fixed080,7.425943851470947,23.6347603527738,3.9198474884033203,3.80700421333313
99,windows,ABL-ET2X-R-PreviousRawEdge-CatmullRomRGB-Fixed080-YCoCgVarianceClamp,6.854996681213379,24.286940682867947,3.9241461753845215,4.205935955047607
100,chairs,O-T2X-R,2.98095703125,31.873285879521607,2.1006879806518555,3.4826436042785645
100,chairs,ABL-ET2X-R-PreviousRawEdge-CatmullRomRGB-Fixed080,3.3889811038970947,30.939003090466702,1.4863231182098389,1.7414554357528687
100,chairs,ABL-ET2X-R-PreviousRawEdge-CatmullRomRGB-Fixed080-YCoCgVarianceClamp,3.4457030296325684,30.802686996825454,1.4944640398025513,1.8263044357299805
100,thin-chair,O-T2X-R,4.459872245788574,29.691582290717676,2.9133875370025635,4.893126964569092
100,thin-chair,ABL-ET2X-R-PreviousRawEdge-CatmullRomRGB-Fixed080,5.129705429077148,28.646449182550093,1.9288798570632935,2.222482442855835
100,thin-chair,ABL-ET2X-R-PreviousRawEdge-CatmullRomRGB-Fixed080-YCoCgVarianceClamp,5.199307441711426,28.52192055681745,1.9549063444137573,2.365936279296875
100,windows,O-T2X-R,5.677083492279053,25.637085837426966,4.174475193023682,6.425185203552246
100,windows,ABL-ET2X-R-PreviousRawEdge-CatmullRomRGB-Fixed080,7.610595703125,23.52739481101164,3.8907370567321777,4.154690742492676
100,windows,ABL-ET2X-R-PreviousRawEdge-CatmullRomRGB-Fixed080-YCoCgVarianceClamp,6.938297748565674,24.322016776711493,3.986949920654297,4.494698524475098
101,chairs,O-T2X-R,2.896988868713379,32.071662237140266,2.0590806007385254,3.1653733253479004
101,chairs,ABL-ET2X-R-PreviousRawEdge-CatmullRomRGB-Fixed080,3.4197754859924316,30.84775322683032,1.4850919246673584,1.7484800815582275
101,chairs,ABL-ET2X-R-PreviousRawEdge-CatmullRomRGB-Fixed080-YCoCgVarianceClamp,3.4700357913970947,30.72777166110366,1.5304172039031982,1.8584140539169312
101,thin-chair,O-T2X-R,4.386541366577148,29.761360383988325,2.87104868888855,4.482313632965088
101,thin-chair,ABL-ET2X-R-PreviousRawEdge-CatmullRomRGB-Fixed080,5.21132230758667,28.510317307698195,1.9297760725021362,2.2440011501312256
101,thin-chair,ABL-ET2X-R-PreviousRawEdge-CatmullRomRGB-Fixed080-YCoCgVarianceClamp,5.291489124298096,28.386525689519008,1.9894332885742188,2.4100332260131836
101,windows,O-T2X-R,5.6695637702941895,26.22924458319172,5.704518795013428,8.419160842895508
101,windows,ABL-ET2X-R-PreviousRawEdge-CatmullRomRGB-Fixed080,7.293733596801758,23.784566429483057,4.138969421386719,4.236372947692871
101,windows,ABL-ET2X-R-PreviousRawEdge-CatmullRomRGB-Fixed080-YCoCgVarianceClamp,6.666699409484863,24.40460316355816,4.135682106018066,4.504022598266602
102,chairs,O-T2X-R,2.930371046066284,31.97467605083864,2.118213176727295,3.606362819671631
102,chairs,ABL-ET2X-R-PreviousRawEdge-CatmullRomRGB-Fixed080,3.4105143547058105,30.813811916048422,1.4823180437088013,1.748199462890625
102,chairs,ABL-ET2X-R-PreviousRawEdge-CatmullRomRGB-Fixed080-YCoCgVarianceClamp,3.477815866470337,30.659669388733302,1.5235309600830078,1.8822590112686157
102,thin-chair,O-T2X-R,4.407403945922852,29.711656440020306,2.990384817123413,5.079742908477783
102,thin-chair,ABL-ET2X-R-PreviousRawEdge-CatmullRomRGB-Fixed080,5.207652568817139,28.469993482619294,1.9186370372772217,2.2428290843963623
102,thin-chair,ABL-ET2X-R-PreviousRawEdge-CatmullRomRGB-Fixed080-YCoCgVarianceClamp,5.2972893714904785,28.327406789264103,1.9627209901809692,2.412980556488037
102,windows,O-T2X-R,5.653515815734863,25.81754001549909,4.290677070617676,6.654088497161865
102,windows,ABL-ET2X-R-PreviousRawEdge-CatmullRomRGB-Fixed080,7.3828125,23.589175510263395,3.899540662765503,3.9487037658691406
102,windows,ABL-ET2X-R-PreviousRawEdge-CatmullRomRGB-Fixed080-YCoCgVarianceClamp,6.924462795257568,24.12672107652163,3.6927170753479004,4.136328220367432
103,chairs,O-T2X-R,2.957568407058716,31.801924084687002,1.9413009881973267,3.0899429321289062
103,chairs,ABL-ET2X-R-PreviousRawEdge-CatmullRomRGB-Fixed080,3.4071125984191895,30.802620486490273,1.5170433521270752,1.7270551919937134
103,chairs,ABL-ET2X-R-PreviousRawEdge-CatmullRomRGB-Fixed080-YCoCgVarianceClamp,3.4698405265808105,30.664001804933477,1.5384958982467651,1.840732216835022
103,thin-chair,O-T2X-R,4.4261956214904785,29.553717719031418,2.676841974258423,4.465908527374268
103,thin-chair,ABL-ET2X-R-PreviousRawEdge-CatmullRomRGB-Fixed080,5.188387870788574,28.461532202312057,1.9511668682098389,2.2248947620391846
103,thin-chair,ABL-ET2X-R-PreviousRawEdge-CatmullRomRGB-Fixed080-YCoCgVarianceClamp,5.27500581741333,28.337054987035714,2.01098370552063,2.406933546066284
103,windows,O-T2X-R,6.064143657684326,25.58178047084251,5.7969536781311035,8.636439323425293
103,windows,ABL-ET2X-R-PreviousRawEdge-CatmullRomRGB-Fixed080,7.7642741203308105,23.133623262877954,3.9203643798828125,4.012325286865234
103,windows,ABL-ET2X-R-PreviousRawEdge-CatmullRomRGB-Fixed080-YCoCgVarianceClamp,7.3338541984558105,23.601550936887875,3.8622031211853027,3.9888787269592285
104,chairs,O-T2X-R,2.943863868713379,31.938241146051247,2.08449125289917,3.420876979827881
104,chairs,ABL-ET2X-R-PreviousRawEdge-CatmullRomRGB-Fixed080,3.3826334476470947,30.87524030914549,1.507261872291565,1.772208571434021
104,chairs,ABL-ET2X-R-PreviousRawEdge-CatmullRomRGB-Fixed080-YCoCgVarianceClamp,3.4464519023895264,30.770746816753597,1.536754846572876,1.8684346675872803
104,thin-chair,O-T2X-R,4.4055399894714355,29.68369498969864,2.965545415878296,4.844025135040283
104,thin-chair,ABL-ET2X-R-PreviousRawEdge-CatmullRomRGB-Fixed080,5.153823375701904,28.53221436963966,1.9716606140136719,2.2623302936553955
104,thin-chair,ABL-ET2X-R-PreviousRawEdge-CatmullRomRGB-Fixed080-YCoCgVarianceClamp,5.242424011230469,28.440441769841467,2.016800880432129,2.4205212593078613
104,windows,O-T2X-R,6.156900882720947,25.081729191061196,4.420777320861816,7.093523979187012
104,windows,ABL-ET2X-R-PreviousRawEdge-CatmullRomRGB-Fixed080,7.979508399963379,22.981276093477476,3.8786208629608154,4.0981597900390625
104,windows,ABL-ET2X-R-PreviousRawEdge-CatmullRomRGB-Fixed080-YCoCgVarianceClamp,7.442822456359863,23.532458967139,3.940131664276123,4.342729091644287
105,chairs,O-T2X-R,2.910937547683716,32.17561879256863,1.9584591388702393,3.07132887840271
105,chairs,ABL-ET2X-R-PreviousRawEdge-CatmullRomRGB-Fixed080,3.3965821266174316,30.841854687210663,1.4671694040298462,1.7440528869628906
105,chairs,ABL-ET2X-R-PreviousRawEdge-CatmullRomRGB-Fixed080-YCoCgVarianceClamp,3.465576171875,30.710010803560216,1.5205157995224,1.877118468284607
105,thin-chair,O-T2X-R,4.3482184410095215,29.95754782522665,2.796412467956543,4.49500846862793
105,thin-chair,ABL-ET2X-R-PreviousRawEdge-CatmullRomRGB-Fixed080,5.175544738769531,28.499381184623154,1.906365156173706,2.2538321018218994
105,thin-chair,ABL-ET2X-R-PreviousRawEdge-CatmullRomRGB-Fixed080-YCoCgVarianceClamp,5.266424179077148,28.38295972423857,1.9829081296920776,2.441711187362671
105,windows,O-T2X-R,6.048990726470947,25.758273254646326,6.0541672706604,9.007794380187988
105,windows,ABL-ET2X-R-PreviousRawEdge-CatmullRomRGB-Fixed080,8.260514259338379,22.721899750134675,3.90685772895813,3.8016650676727295
105,windows,ABL-ET2X-R-PreviousRawEdge-CatmullRomRGB-Fixed080-YCoCgVarianceClamp,7.705615043640137,23.316055399574097,3.9350178241729736,4.1039299964904785
106,chairs,O-T2X-R,2.9413249492645264,32.00745500363774,2.1139326095581055,3.4563450813293457
106,chairs,ABL-ET2X-R-PreviousRawEdge-CatmullRomRGB-Fixed080,3.4224283695220947,30.724943752405323,1.4824966192245483,1.6890547275543213
106,chairs,ABL-ET2X-R-PreviousRawEdge-CatmullRomRGB-Fixed080-YCoCgVarianceClamp,3.478076219558716,30.58960441747225,1.502953052520752,1.7934503555297852
106,thin-chair,O-T2X-R,4.3620381355285645,29.839773039721468,2.9231293201446533,4.909679889678955
106,thin-chair,ABL-ET2X-R-PreviousRawEdge-CatmullRomRGB-Fixed080,5.20975399017334,28.375764698911038,1.9120049476623535,2.1750786304473877
106,thin-chair,ABL-ET2X-R-PreviousRawEdge-CatmullRomRGB-Fixed080-YCoCgVarianceClamp,5.292169570922852,28.249142505971093,1.9667919874191284,2.3577044010162354
106,windows,O-T2X-R,5.9625163078308105,25.592898901120034,4.284306526184082,7.200392246246338
106,windows,ABL-ET2X-R-PreviousRawEdge-CatmullRomRGB-Fixed080,8.200732231140137,23.069820869706383,4.269124984741211,4.174455642700195
106,windows,ABL-ET2X-R-PreviousRawEdge-CatmullRomRGB-Fixed080-YCoCgVarianceClamp,7.3660969734191895,24.04918448764154,4.407105445861816,4.553227424621582
107,chairs,O-T2X-R,2.8532063961029053,32.35280304747245,2.0297021865844727,3.165437698364258
107,chairs,ABL-ET2X-R-PreviousRawEdge-CatmullRomRGB-Fixed080,3.395719289779663,30.771332244158806,1.448828101158142,1.6828635931015015
107,chairs,ABL-ET2X-R-PreviousRawEdge-CatmullRomRGB-Fixed080-YCoCgVarianceClamp,3.4386067390441895,30.65958486637593,1.4693560600280762,1.7788368463516235
107,thin-chair,O-T2X-R,4.333836555480957,30.029632734059163,2.7569239139556885,4.463490009307861
107,thin-chair,ABL-ET2X-R-PreviousRawEdge-CatmullRomRGB-Fixed080,5.1822028160095215,28.413434362706802,1.9099704027175903,2.1683740615844727
107,thin-chair,ABL-ET2X-R-PreviousRawEdge-CatmullRomRGB-Fixed080-YCoCgVarianceClamp,5.259676933288574,28.299172200036182,1.9450210332870483,2.331362724304199
107,windows,O-T2X-R,6.185709476470947,25.257420373020686,5.80545711517334,8.577940940856934
107,windows,ABL-ET2X-R-PreviousRawEdge-CatmullRomRGB-Fixed080,7.986360549926758,23.01362885275089,4.43203067779541,4.50924825668335
107,windows,ABL-ET2X-R-PreviousRawEdge-CatmullRomRGB-Fixed080-YCoCgVarianceClamp,7.436116695404053,23.65648681256259,4.1904144287109375,4.6906843185424805
108,chairs,O-T2X-R,2.9110515117645264,32.186714629878196,2.0846590995788574,3.530036211013794
108,chairs,ABL-ET2X-R-PreviousRawEdge-CatmullRomRGB-Fixed080,3.4219400882720947,30.697505261217522,1.5214983224868774,1.7131048440933228
108,chairs,ABL-ET2X-R-PreviousRawEdge-CatmullRomRGB-Fixed080-YCoCgVarianceClamp,3.4590494632720947,30.594691301895935,1.5412935018539429,1.8120075464248657
108,thin-chair,O-T2X-R,4.402698993682861,29.892051860026633,2.9083850383758545,4.883550643920898
108,thin-chair,ABL-ET2X-R-PreviousRawEdge-CatmullRomRGB-Fixed080,5.23848819732666,28.317610828064485,2.000714063644409,2.231318950653076
108,thin-chair,ABL-ET2X-R-PreviousRawEdge-CatmullRomRGB-Fixed080-YCoCgVarianceClamp,5.29764461517334,28.21443482197589,2.028820037841797,2.3924620151519775
108,windows,O-T2X-R,6.380045413970947,24.674500108280554,4.306578636169434,6.993507385253906
108,windows,ABL-ET2X-R-PreviousRawEdge-CatmullRomRGB-Fixed080,8.402523040771484,22.73793136569351,4.127942085266113,4.633479595184326
108,windows,ABL-ET2X-R-PreviousRawEdge-CatmullRomRGB-Fixed080-YCoCgVarianceClamp,7.709163188934326,23.46636112596078,4.3264360427856445,4.782373905181885
109,chairs,O-T2X-R,2.9186360836029053,32.07980054057782,1.9899957180023193,3.120398998260498
109,chairs,ABL-ET2X-R-PreviousRawEdge-CatmullRomRGB-Fixed080,3.471940040588379,30.587850311876842,1.4811464548110962,1.7418851852416992
109,chairs,ABL-ET2X-R-PreviousRawEdge-CatmullRomRGB-Fixed080-YCoCgVarianceClamp,3.5415852069854736,30.42612986681007,1.5342204570770264,1.8651587963104248
109,thin-chair,O-T2X-R,4.39432430267334,29.814668922692583,2.8150410652160645,4.503213405609131
109,thin-chair,ABL-ET2X-R-PreviousRawEdge-CatmullRomRGB-Fixed080,5.26893949508667,28.241532687486234,1.9237580299377441,2.2741951942443848
109,thin-chair,ABL-ET2X-R-PreviousRawEdge-CatmullRomRGB-Fixed080-YCoCgVarianceClamp,5.380533695220947,28.07957424211076,2.01461124420166,2.4790918827056885
109,windows,O-T2X-R,5.912923336029053,25.892792028510982,6.209176540374756,9.090843200683594
109,windows,ABL-ET2X-R-PreviousRawEdge-CatmullRomRGB-Fixed080,8.001432418823242,23.44883760138545,4.5846686363220215,4.583504676818848
109,windows,ABL-ET2X-R-PreviousRawEdge-CatmullRomRGB-Fixed080-YCoCgVarianceClamp,7.057307720184326,24.648231956257717,4.8043365478515625,5.308991432189941
110,chairs,O-T2X-R,3.01416015625,31.837902629733197,2.1229958534240723,3.479177951812744
110,chairs,ABL-ET2X-R-PreviousRawEdge-CatmullRomRGB-Fixed080,3.5184245109558105,30.464937253184978,1.5342004299163818,1.7782102823257446
110,chairs,ABL-ET2X-R-PreviousRawEdge-CatmullRomRGB-Fixed080-YCoCgVarianceClamp,3.608154296875,30.191148805010776,1.5744242668151855,1.8909183740615845
110,thin-chair,O-T2X-R,4.46407413482666,29.668447583758887,3.0253326892852783,5.011941909790039
110,thin-chair,ABL-ET2X-R-PreviousRawEdge-CatmullRomRGB-Fixed080,5.364613056182861,28.11334595884302,1.9848518371582031,2.29449462890625
110,thin-chair,ABL-ET2X-R-PreviousRawEdge-CatmullRomRGB-Fixed080-YCoCgVarianceClamp,5.511067867279053,27.835685560243718,2.0589687824249268,2.4917309284210205
110,windows,O-T2X-R,5.685856342315674,25.88567143574646,4.715391635894775,7.120497226715088
110,windows,ABL-ET2X-R-PreviousRawEdge-CatmullRomRGB-Fixed080,7.9390788078308105,23.08743673067965,4.223449230194092,4.433011531829834
110,windows,ABL-ET2X-R-PreviousRawEdge-CatmullRomRGB-Fixed080-YCoCgVarianceClamp,7.540673732757568,23.526825451325465,3.7106361389160156,4.534644603729248
111,chairs,O-T2X-R,2.956998586654663,32.155711921213815,2.076403856277466,3.228497266769409
111,chairs,ABL-ET2X-R-PreviousRawEdge-CatmullRomRGB-Fixed080,3.511702537536621,30.373124533481214,1.5264520645141602,1.841705083847046
111,chairs,ABL-ET2X-R-PreviousRawEdge-CatmullRomRGB-Fixed080-YCoCgVarianceClamp,3.5912108421325684,30.124256965014382,1.5402148962020874,1.921979308128357
111,thin-chair,O-T2X-R,4.414210319519043,29.98411394866414,2.927788734436035,4.656911849975586
111,thin-chair,ABL-ET2X-R-PreviousRawEdge-CatmullRomRGB-Fixed080,5.379557132720947,28.004827645819816,2.0028297901153564,2.3520619869232178
111,thin-chair,ABL-ET2X-R-PreviousRawEdge-CatmullRomRGB-Fixed080-YCoCgVarianceClamp,5.5004143714904785,27.757114105350066,2.023818016052246,2.489008903503418
111,windows,O-T2X-R,6.108479976654053,25.73413411738977,6.455052375793457,9.39731502532959
111,windows,ABL-ET2X-R-PreviousRawEdge-CatmullRomRGB-Fixed080,8.686327934265137,22.330661428244074,4.0027031898498535,4.356758117675781
111,windows,ABL-ET2X-R-PreviousRawEdge-CatmullRomRGB-Fixed080-YCoCgVarianceClamp,8.089567184448242,22.87016775171317,4.155949592590332,4.234501838684082
112,chairs,O-T2X-R,2.947558641433716,32.00105177017144,2.136467456817627,3.614983320236206
112,chairs,ABL-ET2X-R-PreviousRawEdge-CatmullRomRGB-Fixed080,3.5765299797058105,30.164177338888862,1.5459015369415283,1.7881577014923096
112,chairs,ABL-ET2X-R-PreviousRawEdge-CatmullRomRGB-Fixed080-YCoCgVarianceClamp,3.6449544429779053,29.969972731126933,1.5429885387420654,1.8327996730804443
112,thin-chair,O-T2X-R,4.393406867980957,29.78093914034399,2.9785192012786865,5.112337112426758
112,thin-chair,ABL-ET2X-R-PreviousRawEdge-CatmullRomRGB-Fixed080,5.45291805267334,27.82477847375827,2.032815456390381,2.3463339805603027
112,thin-chair,ABL-ET2X-R-PreviousRawEdge-CatmullRomRGB-Fixed080-YCoCgVarianceClamp,5.561671257019043,27.628365433024445,2.039520502090454,2.4225475788116455
112,windows,O-T2X-R,5.871891498565674,25.937082322101507,4.497792720794678,7.9815216064453125
112,windows,ABL-ET2X-R-PreviousRawEdge-CatmullRomRGB-Fixed080,8.180631637573242,23.12466975059892,4.663006782531738,4.564522743225098
112,windows,ABL-ET2X-R-PreviousRawEdge-CatmullRomRGB-Fixed080-YCoCgVarianceClamp,7.156184673309326,24.305428346988272,4.998234272003174,5.383408546447754
113,chairs,O-T2X-R,2.932421922683716,32.199273913621745,2.1107969284057617,3.2613120079040527
113,chairs,ABL-ET2X-R-PreviousRawEdge-CatmullRomRGB-Fixed080,3.6009602546691895,30.083593086216563,1.5664876699447632,1.8170318603515625
113,chairs,ABL-ET2X-R-PreviousRawEdge-CatmullRomRGB-Fixed080-YCoCgVarianceClamp,3.6514649391174316,29.907421934747674,1.5899722576141357,1.874237298965454
113,thin-chair,O-T2X-R,4.425840377807617,29.883800240712514,2.8722763061523438,4.62495231628418
113,thin-chair,ABL-ET2X-R-PreviousRawEdge-CatmullRomRGB-Fixed080,5.496389865875244,27.729084514219338,2.021146297454834,2.391021490097046
113,thin-chair,ABL-ET2X-R-PreviousRawEdge-CatmullRomRGB-Fixed080-YCoCgVarianceClamp,5.584605693817139,27.544633595112327,2.060225009918213,2.4955997467041016
113,windows,O-T2X-R,5.939030170440674,26.014276210903965,5.674381732940674,8.92527961730957
113,windows,ABL-ET2X-R-PreviousRawEdge-CatmullRomRGB-Fixed080,7.610758304595947,23.58621096435158,4.495833873748779,4.688343048095703
113,windows,ABL-ET2X-R-PreviousRawEdge-CatmullRomRGB-Fixed080-YCoCgVarianceClamp,6.928694725036621,24.45125425655265,4.214601516723633,5.126798152923584
114,chairs,O-T2X-R,2.956770896911621,31.837424569882916,2.1295089721679688,3.6544337272644043
114,chairs,ABL-ET2X-R-PreviousRawEdge-CatmullRomRGB-Fixed080,3.606250047683716,30.067905924861847,1.5085487365722656,1.8492006063461304
114,chairs,ABL-ET2X-R-PreviousRawEdge-CatmullRomRGB-Fixed080-YCoCgVarianceClamp,3.662874460220337,29.88814979062878,1.5415260791778564,1.926965355873108
114,thin-chair,O-T2X-R,4.496448993682861,29.51333953022301,2.9186644554138184,5.014052867889404
114,thin-chair,ABL-ET2X-R-PreviousRawEdge-CatmullRomRGB-Fixed080,5.524561882019043,27.685999527391726,1.9572705030441284,2.3262224197387695
114,thin-chair,ABL-ET2X-R-PreviousRawEdge-CatmullRomRGB-Fixed080-YCoCgVarianceClamp,5.621952056884766,27.501421095568634,2.0099141597747803,2.446322441101074
114,windows,O-T2X-R,6.116145610809326,25.29522074303342,4.580772399902344,6.636567115783691
114,windows,ABL-ET2X-R-PreviousRawEdge-CatmullRomRGB-Fixed080,8.265933990478516,22.841094731513586,3.9380927085876465,4.416613578796387
114,windows,ABL-ET2X-R-PreviousRawEdge-CatmullRomRGB-Fixed080-YCoCgVarianceClamp,7.740950584411621,23.39197388526983,3.8181114196777344,4.334536552429199
115,chairs,O-T2X-R,2.989225149154663,31.975457343119515,2.018156051635742,3.182908296585083
115,chairs,ABL-ET2X-R-PreviousRawEdge-CatmullRomRGB-Fixed080,3.6514322757720947,30.02597983573436,1.5727167129516602,1.8072788715362549
115,chairs,ABL-ET2X-R-PreviousRawEdge-CatmullRomRGB-Fixed080-YCoCgVarianceClamp,3.691943407058716,29.901799483978277,1.5763227939605713,1.8804512023925781
115,thin-chair,O-T2X-R,4.513494491577148,29.66563946587884,2.897289991378784,4.594381332397461
115,thin-chair,ABL-ET2X-R-PreviousRawEdge-CatmullRomRGB-Fixed080,5.567027568817139,27.663213832538833,2.017735481262207,2.3209967613220215
115,thin-chair,ABL-ET2X-R-PreviousRawEdge-CatmullRomRGB-Fixed080-YCoCgVarianceClamp,5.6337890625,27.538262482699807,2.024384021759033,2.440701484680176
115,windows,O-T2X-R,5.601708889007568,26.569082971569774,6.152708530426025,9.237810134887695
115,windows,ABL-ET2X-R-PreviousRawEdge-CatmullRomRGB-Fixed080,8.080729484558105,23.217009674042085,4.543502330780029,4.522625923156738
115,windows,ABL-ET2X-R-PreviousRawEdge-CatmullRomRGB-Fixed080-YCoCgVarianceClamp,7.176220893859863,24.239692960179504,4.867710113525391,4.901723384857178
116,chairs,O-T2X-R,3.0656087398529053,31.632606267019252,2.081333637237549,3.4757392406463623
116,chairs,ABL-ET2X-R-PreviousRawEdge-CatmullRomRGB-Fixed080,3.6460611820220947,30.094474619996575,1.5792946815490723,1.8489131927490234
116,chairs,ABL-ET2X-R-PreviousRawEdge-CatmullRomRGB-Fixed080-YCoCgVarianceClamp,3.700472116470337,29.949362324375027,1.6191463470458984,1.9111011028289795
116,thin-chair,O-T2X-R,4.59451961517334,29.370270496064435,2.9532811641693115,5.042448043823242
116,thin-chair,ABL-ET2X-R-PreviousRawEdge-CatmullRomRGB-Fixed080,5.546075820922852,27.7506013611116,2.0249509811401367,2.392437219619751
116,thin-chair,ABL-ET2X-R-PreviousRawEdge-CatmullRomRGB-Fixed080-YCoCgVarianceClamp,5.638050556182861,27.6040598871734,2.0881824493408203,2.4943153858184814
116,windows,O-T2X-R,5.670491695404053,25.970584594217577,4.204843044281006,6.8630690574646
116,windows,ABL-ET2X-R-PreviousRawEdge-CatmullRomRGB-Fixed080,7.755533695220947,23.502523361502703,4.4719648361206055,4.427891731262207
116,windows,ABL-ET2X-R-PreviousRawEdge-CatmullRomRGB-Fixed080-YCoCgVarianceClamp,6.997151851654053,24.486208336820088,4.366407871246338,4.970814228057861
117,chairs,O-T2X-R,3.067887306213379,31.764650051685873,2.094226121902466,3.201007127761841
117,chairs,ABL-ET2X-R-PreviousRawEdge-CatmullRomRGB-Fixed080,3.6272785663604736,30.081834545790333,1.5108293294906616,1.8436429500579834
117,chairs,ABL-ET2X-R-PreviousRawEdge-CatmullRomRGB-Fixed080-YCoCgVarianceClamp,3.674088478088379,29.957186040796103,1.5478626489639282,1.9501291513442993
117,thin-chair,O-T2X-R,4.568211555480957,29.585448511715708,2.950904607772827,4.655788898468018
117,thin-chair,ABL-ET2X-R-PreviousRawEdge-CatmullRomRGB-Fixed080,5.5498046875,27.707401127516857,1.967421054840088,2.322273015975952
117,thin-chair,ABL-ET2X-R-PreviousRawEdge-CatmullRomRGB-Fixed080-YCoCgVarianceClamp,5.63026762008667,27.583932957316478,2.041701555252075,2.489499807357788
117,windows,O-T2X-R,5.803401470184326,25.997983146820975,5.654821872711182,8.42633056640625
117,windows,ABL-ET2X-R-PreviousRawEdge-CatmullRomRGB-Fixed080,7.963395118713379,23.196452011510893,4.191599369049072,4.610259056091309
117,windows,ABL-ET2X-R-PreviousRawEdge-CatmullRomRGB-Fixed080-YCoCgVarianceClamp,7.288558006286621,23.983910899917365,4.133649826049805,4.743887424468994
118,chairs,O-T2X-R,3.054882764816284,31.70778809158685,2.1686975955963135,3.616115093231201
118,chairs,ABL-ET2X-R-PreviousRawEdge-CatmullRomRGB-Fixed080,3.6978352069854736,29.938896975054323,1.552516222000122,1.7883384227752686
118,chairs,ABL-ET2X-R-PreviousRawEdge-CatmullRomRGB-Fixed080-YCoCgVarianceClamp,3.737581491470337,29.84730274842569,1.554537057876587,1.85250723361969
118,thin-chair,O-T2X-R,4.559866428375244,29.51271229483148,2.9634511470794678,5.100930213928223
118,thin-chair,ABL-ET2X-R-PreviousRawEdge-CatmullRomRGB-Fixed080,5.627041816711426,27.574346827650903,2.039306163787842,2.331472873687744
118,thin-chair,ABL-ET2X-R-PreviousRawEdge-CatmullRomRGB-Fixed080-YCoCgVarianceClamp,5.701053619384766,27.47962106788432,2.0358402729034424,2.435187339782715
118,windows,O-T2X-R,6.295914649963379,24.53253010189378,4.194039344787598,6.571576118469238
118,windows,ABL-ET2X-R-PreviousRawEdge-CatmullRomRGB-Fixed080,8.218213081359863,22.76535981226855,3.9847495555877686,4.124659538269043
118,windows,ABL-ET2X-R-PreviousRawEdge-CatmullRomRGB-Fixed080-YCoCgVarianceClamp,7.721761226654053,23.269439826609922,3.9488556385040283,4.347041130065918
119,chairs,O-T2X-R,2.970003366470337,32.02936973836286,2.1464178562164307,3.387423038482666
119,chairs,ABL-ET2X-R-PreviousRawEdge-CatmullRomRGB-Fixed080,3.637158155441284,30.099122065945963,1.5145671367645264,1.8440392017364502
119,chairs,ABL-ET2X-R-PreviousRawEdge-CatmullRomRGB-Fixed080-YCoCgVarianceClamp,3.680891990661621,29.996479257435187,1.559654951095581,1.9216382503509521
119,thin-chair,O-T2X-R,4.459220886230469,29.75246453373265,2.981912136077881,4.782223701477051
119,thin-chair,ABL-ET2X-R-PreviousRawEdge-CatmullRomRGB-Fixed080,5.556640625,27.722830203211856,1.9897528886795044,2.422368049621582
119,thin-chair,ABL-ET2X-R-PreviousRawEdge-CatmullRomRGB-Fixed080-YCoCgVarianceClamp,5.638553619384766,27.613405997506753,2.0729446411132812,2.549633264541626
119,windows,O-T2X-R,5.849560737609863,25.88788182540948,5.9649248123168945,8.817388534545898
119,windows,ABL-ET2X-R-PreviousRawEdge-CatmullRomRGB-Fixed080,7.894937992095947,23.370721118864303,4.25566291809082,4.150719165802002
119,windows,ABL-ET2X-R-PreviousRawEdge-CatmullRomRGB-Fixed080-YCoCgVarianceClamp,6.817301273345947,24.781636856051946,4.667210578918457,4.856515407562256
120,chairs,O-T2X-R,3.033968210220337,31.782976653854913,2.160094738006592,3.675363063812256
120,chairs,ABL-ET2X-R-PreviousRawEdge-CatmullRomRGB-Fixed080,3.6590819358825684,30.12403097685167,1.6404962539672852,1.8743903636932373
120,chairs,ABL-ET2X-R-PreviousRawEdge-CatmullRomRGB-Fixed080-YCoCgVarianceClamp,3.7053873538970947,30.00387069993479,1.655601143836975,1.9752197265625
120,thin-chair,O-T2X-R,4.539535999298096,29.54137227039674,2.9931604862213135,5.169844150543213
120,thin-chair,ABL-ET2X-R-PreviousRawEdge-CatmullRomRGB-Fixed080,5.55430269241333,27.762349483397454,2.1320643424987793,2.4536707401275635
120,thin-chair,ABL-ET2X-R-PreviousRawEdge-CatmullRomRGB-Fixed080-YCoCgVarianceClamp,5.633877754211426,27.639029588796404,2.161572217941284,2.6294305324554443
120,windows,O-T2X-R,5.770751953125,25.5994006579235,4.383472919464111,6.87560510635376
120,windows,ABL-ET2X-R-PreviousRawEdge-CatmullRomRGB-Fixed080,7.600830078125,23.454262877652194,4.281898021697998,4.221714496612549
120,windows,ABL-ET2X-R-PreviousRawEdge-CatmullRomRGB-Fixed080-YCoCgVarianceClamp,7.177067279815674,23.95269932973222,3.7795448303222656,4.533406734466553
121,chairs,O-T2X-R,2.992871046066284,32.02454153374766,2.1980957984924316,3.3762574195861816
121,chairs,ABL-ET2X-R-PreviousRawEdge-CatmullRomRGB-Fixed080,3.624283790588379,30.317500218107373,1.6075325012207031,1.9449679851531982
121,chairs,ABL-ET2X-R-PreviousRawEdge-CatmullRomRGB-Fixed080-YCoCgVarianceClamp,3.667464256286621,30.235066520910184,1.627111792564392,2.0129642486572266
121,thin-chair,O-T2X-R,4.4951171875,29.737641873766467,2.9840261936187744,4.784792900085449
121,thin-chair,ABL-ET2X-R-PreviousRawEdge-CatmullRomRGB-Fixed080,5.456705570220947,27.991836898274343,2.0779786109924316,2.5246965885162354
121,thin-chair,ABL-ET2X-R-PreviousRawEdge-CatmullRomRGB-Fixed080-YCoCgVarianceClamp,5.5288825035095215,27.91270447319554,2.113410711288452,2.6401710510253906
121,windows,O-T2X-R,5.654085159301758,26.03963341639165,6.005336761474609,9.012628555297852
121,windows,ABL-ET2X-R-PreviousRawEdge-CatmullRomRGB-Fixed080,7.815706253051758,23.077480593547026,4.189394950866699,4.737113952636719
121,windows,ABL-ET2X-R-PreviousRawEdge-CatmullRomRGB-Fixed080-YCoCgVarianceClamp,7.04248046875,23.871510101870147,4.3819379806518555,4.670656681060791
122,chairs,O-T2X-R,3.088916063308716,31.61960953270084,2.086202621459961,3.594189405441284
122,chairs,ABL-ET2X-R-PreviousRawEdge-CatmullRomRGB-Fixed080,3.5321614742279053,30.637159837727282,1.5959564447402954,1.9005578756332397
122,chairs,ABL-ET2X-R-PreviousRawEdge-CatmullRomRGB-Fixed080-YCoCgVarianceClamp,3.5689454078674316,30.56557665923052,1.615674614906311,1.981415033340454
122,thin-chair,O-T2X-R,4.620590686798096,29.379617131112134,2.9008262157440186,5.011907577514648
122,thin-chair,ABL-ET2X-R-PreviousRawEdge-CatmullRomRGB-Fixed080,5.337387561798096,28.31030733731965,2.0923614501953125,2.4642179012298584
122,thin-chair,ABL-ET2X-R-PreviousRawEdge-CatmullRomRGB-Fixed080-YCoCgVarianceClamp,5.39432430267334,28.24062151930024,2.125250816345215,2.5831990242004395
122,windows,O-T2X-R,5.4246907234191895,26.25967466204716,4.270771503448486,7.0216827392578125
122,windows,ABL-ET2X-R-PreviousRawEdge-CatmullRomRGB-Fixed080,7.670491695404053,23.38764883907444,4.201858043670654,4.28795862197876
122,windows,ABL-ET2X-R-PreviousRawEdge-CatmullRomRGB-Fixed080-YCoCgVarianceClamp,6.862581253051758,24.410308954429404,4.14533805847168,4.680840969085693
123,chairs,O-T2X-R,3.0650227069854736,31.79411221028467,2.0655946731567383,3.2480685710906982
123,chairs,ABL-ET2X-R-PreviousRawEdge-CatmullRomRGB-Fixed080,3.5205729007720947,30.66593128540076,1.5793235301971436,1.8864036798477173
123,chairs,ABL-ET2X-R-PreviousRawEdge-CatmullRomRGB-Fixed080-YCoCgVarianceClamp,3.564436912536621,30.556421866949073,1.6172081232070923,1.983298897743225
123,thin-chair,O-T2X-R,4.573390007019043,29.564928684746672,2.8422272205352783,4.539841175079346
123,thin-chair,ABL-ET2X-R-PreviousRawEdge-CatmullRomRGB-Fixed080,5.325698375701904,28.32860370984524,2.0194268226623535,2.4141061305999756
123,thin-chair,ABL-ET2X-R-PreviousRawEdge-CatmullRomRGB-Fixed080-YCoCgVarianceClamp,5.384706497192383,28.22382316338828,2.071305274963379,2.5610909461975098
123,windows,O-T2X-R,5.658626079559326,26.21125268184983,5.3964643478393555,8.229966163635254
123,windows,ABL-ET2X-R-PreviousRawEdge-CatmullRomRGB-Fixed080,7.311539649963379,23.878659667603586,4.236176490783691,4.518352508544922
123,windows,ABL-ET2X-R-PreviousRawEdge-CatmullRomRGB-Fixed080-YCoCgVarianceClamp,6.666455268859863,24.655392325205963,4.252652168273926,4.742768287658691
124,chairs,O-T2X-R,3.086409568786621,31.698627737649524,2.079796552658081,3.4821102619171143
124,chairs,ABL-ET2X-R-PreviousRawEdge-CatmullRomRGB-Fixed080,3.4974608421325684,30.768540610696277,1.5275174379348755,1.8059219121932983
124,chairs,ABL-ET2X-R-PreviousRawEdge-CatmullRomRGB-Fixed080-YCoCgVarianceClamp,3.547640085220337,30.634966478728526,1.563321590423584,1.9068530797958374
124,thin-chair,O-T2X-R,4.630977630615234,29.472534908539917,2.8850793838500977,4.920273780822754
124,thin-chair,ABL-ET2X-R-PreviousRawEdge-CatmullRomRGB-Fixed080,5.250325679779053,28.481977181687498,1.9440127611160278,2.281216621398926
124,thin-chair,ABL-ET2X-R-PreviousRawEdge-CatmullRomRGB-Fixed080-YCoCgVarianceClamp,5.313358306884766,28.357523817661313,2.005882501602173,2.4305975437164307
124,windows,O-T2X-R,5.574658393859863,25.815598823341933,4.275504112243652,6.222769737243652
124,windows,ABL-ET2X-R-PreviousRawEdge-CatmullRomRGB-Fixed080,7.337174415588379,23.868306268998577,4.033237457275391,4.235576152801514
124,windows,ABL-ET2X-R-PreviousRawEdge-CatmullRomRGB-Fixed080-YCoCgVarianceClamp,6.696614742279053,24.696210696835156,3.9768872261047363,4.540140151977539
125,chairs,O-T2X-R,3.110628366470337,31.76080994121633,2.117206573486328,3.2308144569396973
125,chairs,ABL-ET2X-R-PreviousRawEdge-CatmullRomRGB-Fixed080,3.489974021911621,30.76728485443608,1.596088171005249,1.8426990509033203
125,chairs,ABL-ET2X-R-PreviousRawEdge-CatmullRomRGB-Fixed080-YCoCgVarianceClamp,3.543424367904663,30.62797259402576,1.621620535850525,1.937981367111206
125,thin-chair,O-T2X-R,4.591974258422852,29.603582770107405,2.8936874866485596,4.543704509735107
125,thin-chair,ABL-ET2X-R-PreviousRawEdge-CatmullRomRGB-Fixed080,5.231415748596191,28.47288915556671,2.047995090484619,2.351260185241699
125,thin-chair,ABL-ET2X-R-PreviousRawEdge-CatmullRomRGB-Fixed080-YCoCgVarianceClamp,5.32637882232666,28.32409859721904,2.1060335636138916,2.518950939178467
125,windows,O-T2X-R,5.3973469734191895,26.62714680337767,6.208716869354248,8.862469673156738
125,windows,ABL-ET2X-R-PreviousRawEdge-CatmullRomRGB-Fixed080,7.206526756286621,23.809161782303555,4.275031089782715,4.417037010192871
125,windows,ABL-ET2X-R-PreviousRawEdge-CatmullRomRGB-Fixed080-YCoCgVarianceClamp,6.6659016609191895,24.42210135230979,4.28857421875,4.607198238372803
126,chairs,O-T2X-R,3.0746419429779053,31.6729203972853,2.1874732971191406,3.683354139328003
126,chairs,ABL-ET2X-R-PreviousRawEdge-CatmullRomRGB-Fixed080,3.5215656757354736,30.76019922467892,1.5349024534225464,1.8940181732177734
126,chairs,ABL-ET2X-R-PreviousRawEdge-CatmullRomRGB-Fixed080-YCoCgVarianceClamp,3.5833497047424316,30.60833418079319,1.5658639669418335,1.997938871383667
126,thin-chair,O-T2X-R,4.63790225982666,29.376432992126613,2.9598569869995117,5.06557035446167
126,thin-chair,ABL-ET2X-R-PreviousRawEdge-CatmullRomRGB-Fixed080,5.266838073730469,28.45591180125938,1.919185996055603,2.3584811687469482
126,thin-chair,ABL-ET2X-R-PreviousRawEdge-CatmullRomRGB-Fixed080-YCoCgVarianceClamp,5.37381649017334,28.29824403841911,1.9691474437713623,2.5270864963531494
126,windows,O-T2X-R,5.143620014190674,27.00149540809212,4.185698509216309,6.873289585113525
126,windows,ABL-ET2X-R-PreviousRawEdge-CatmullRomRGB-Fixed080,7.236734867095947,23.89505371845413,3.951706647872925,4.224533557891846
126,windows,ABL-ET2X-R-PreviousRawEdge-CatmullRomRGB-Fixed080-YCoCgVarianceClamp,6.719205856323242,24.616735771488468,3.817656993865967,4.416323661804199
127,chairs,O-T2X-R,3.0491535663604736,31.864256159233527,2.070974111557007,3.293102264404297
127,chairs,ABL-ET2X-R-PreviousRawEdge-CatmullRomRGB-Fixed080,3.5204427242279053,30.74941347105966,1.5912904739379883,1.8308804035186768
127,chairs,ABL-ET2X-R-PreviousRawEdge-CatmullRomRGB-Fixed080-YCoCgVarianceClamp,3.5851399898529053,30.608176502526113,1.6128953695297241,1.931450605392456
127,thin-chair,O-T2X-R,4.568211555480957,29.60367114121956,2.886390447616577,4.65604829788208
127,thin-chair,ABL-ET2X-R-PreviousRawEdge-CatmullRomRGB-Fixed080,5.290127754211426,28.44533571631507,2.0060107707977295,2.3040244579315186
127,thin-chair,ABL-ET2X-R-PreviousRawEdge-CatmullRomRGB-Fixed080-YCoCgVarianceClamp,5.386215686798096,28.309013606980564,2.032557725906372,2.4534716606140137
127,windows,O-T2X-R,5.687906742095947,26.069710178211256,5.314227104187012,7.7669782638549805
127,windows,ABL-ET2X-R-PreviousRawEdge-CatmullRomRGB-Fixed080,7.011914253234863,24.294280120926995,4.5104498863220215,4.576259136199951
127,windows,ABL-ET2X-R-PreviousRawEdge-CatmullRomRGB-Fixed080-YCoCgVarianceClamp,6.489095211029053,24.944786448720215,4.645296573638916,4.808746337890625
128,chairs,O-T2X-R,3.102083444595337,31.725652907378365,2.2196197509765625,3.6013665199279785
128,chairs,ABL-ET2X-R-PreviousRawEdge-CatmullRomRGB-Fixed080,3.5414061546325684,30.802945998389767,1.5482012033462524,1.8620593547821045
128,chairs,ABL-ET2X-R-PreviousRawEdge-CatmullRomRGB-Fixed080-YCoCgVarianceClamp,3.586702585220337,30.699110292764438,1.5722438097000122,1.9473365545272827
128,thin-chair,O-T2X-R,4.598100185394287,29.49638688349951,3.0722696781158447,5.0861358642578125
128,thin-chair,ABL-ET2X-R-PreviousRawEdge-CatmullRomRGB-Fixed080,5.317738056182861,28.496297672572112,2.0026090145111084,2.3701884746551514
128,thin-chair,ABL-ET2X-R-PreviousRawEdge-CatmullRomRGB-Fixed080-YCoCgVarianceClamp,5.400893688201904,28.385483103230463,2.048351526260376,2.4933724403381348
128,windows,O-T2X-R,5.502245903015137,25.460736534190058,4.220487117767334,6.380400657653809
128,windows,ABL-ET2X-R-PreviousRawEdge-CatmullRomRGB-Fixed080,6.945621967315674,24.140471925376303,3.9766502380371094,4.3034820556640625
128,windows,ABL-ET2X-R-PreviousRawEdge-CatmullRomRGB-Fixed080-YCoCgVarianceClamp,6.439160346984863,24.81513630272147,3.956312656402588,4.692637920379639
129,chairs,O-T2X-R,3.066910743713379,31.88802137246039,2.0556461811065674,3.375319719314575
129,chairs,ABL-ET2X-R-PreviousRawEdge-CatmullRomRGB-Fixed080,3.5570149421691895,30.783613663312508,1.5400285720825195,1.8727222681045532
129,chairs,ABL-ET2X-R-PreviousRawEdge-CatmullRomRGB-Fixed080-YCoCgVarianceClamp,3.5935871601104736,30.695971400674445,1.5860838890075684,1.9847158193588257
129,thin-chair,O-T2X-R,4.543590068817139,29.68652808432825,2.8869407176971436,4.754887104034424
129,thin-chair,ABL-ET2X-R-PreviousRawEdge-CatmullRomRGB-Fixed080,5.33614444732666,28.470193752294612,1.9588782787322998,2.3807523250579834
129,thin-chair,ABL-ET2X-R-PreviousRawEdge-CatmullRomRGB-Fixed080-YCoCgVarianceClamp,5.405125617980957,28.377342535043656,2.037597417831421,2.561506986618042
129,windows,O-T2X-R,5.743700981140137,26.129030302599233,5.954955101013184,8.547406196594238
129,windows,ABL-ET2X-R-PreviousRawEdge-CatmullRomRGB-Fixed080,7.160400390625,23.82581494934641,4.104118824005127,4.1746134757995605
129,windows,ABL-ET2X-R-PreviousRawEdge-CatmullRomRGB-Fixed080-YCoCgVarianceClamp,6.728613376617432,24.337908916333713,3.985766649246216,4.295680046081543
130,chairs,O-T2X-R,3.09228515625,31.87090399995213,2.217529296875,3.6110920906066895
130,chairs,ABL-ET2X-R-PreviousRawEdge-CatmullRomRGB-Fixed080,3.585172414779663,30.766046177099362,1.5556306838989258,1.826458215713501
130,chairs,ABL-ET2X-R-PreviousRawEdge-CatmullRomRGB-Fixed080-YCoCgVarianceClamp,3.6036295890808105,30.7216679097422,1.5739456415176392,1.9352401494979858
130,thin-chair,O-T2X-R,4.521336555480957,29.79093167748958,3.054457902908325,5.090503215789795
130,thin-chair,ABL-ET2X-R-PreviousRawEdge-CatmullRomRGB-Fixed080,5.35469913482666,28.482536204184548,1.979038953781128,2.3275294303894043
130,thin-chair,ABL-ET2X-R-PreviousRawEdge-CatmullRomRGB-Fixed080-YCoCgVarianceClamp,5.400035381317139,28.423919126845934,2.0185155868530273,2.4940481185913086
130,windows,O-T2X-R,5.48291015625,25.953984607887435,4.478119850158691,6.977036952972412
130,windows,ABL-ET2X-R-PreviousRawEdge-CatmullRomRGB-Fixed080,7.319140434265137,23.586538189593973,3.9819769859313965,4.162435531616211
130,windows,ABL-ET2X-R-PreviousRawEdge-CatmullRomRGB-Fixed080-YCoCgVarianceClamp,6.773893356323242,24.2140040391902,4.036853790283203,4.327488899230957
131,chairs,O-T2X-R,2.9830892086029053,32.117584358075646,2.076965808868408,3.3986504077911377
131,chairs,ABL-ET2X-R-PreviousRawEdge-CatmullRomRGB-Fixed080,3.560742139816284,30.74492548610937,1.548972487449646,1.8325798511505127
131,chairs,ABL-ET2X-R-PreviousRawEdge-CatmullRomRGB-Fixed080-YCoCgVarianceClamp,3.5764811038970947,30.72066443444299,1.5877835750579834,1.946934461593628
131,thin-chair,O-T2X-R,4.48106050491333,29.821574166693814,2.7542128562927246,4.626570701599121
131,thin-chair,ABL-ET2X-R-PreviousRawEdge-CatmullRomRGB-Fixed080,5.363192558288574,28.439330666051465,1.9547181129455566,2.2694437503814697
131,thin-chair,ABL-ET2X-R-PreviousRawEdge-CatmullRomRGB-Fixed080-YCoCgVarianceClamp,5.386807441711426,28.41737265148204,2.019421339035034,2.4642748832702637
131,windows,O-T2X-R,5.514371871948242,26.432240998018276,5.855569362640381,8.585420608520508
131,windows,ABL-ET2X-R-PreviousRawEdge-CatmullRomRGB-Fixed080,7.224104881286621,23.561332258730204,4.295623779296875,4.372856616973877
131,windows,ABL-ET2X-R-PreviousRawEdge-CatmullRomRGB-Fixed080-YCoCgVarianceClamp,6.628352642059326,24.235028790282644,4.330451011657715,4.56998872756958
132,chairs,O-T2X-R,3.0333821773529053,31.960296653290502,2.170034885406494,3.592250108718872
132,chairs,ABL-ET2X-R-PreviousRawEdge-CatmullRomRGB-Fixed080,3.502913475036621,30.775618856605924,1.5846503973007202,1.8718478679656982
132,chairs,ABL-ET2X-R-PreviousRawEdge-CatmullRomRGB-Fixed080-YCoCgVarianceClamp,3.531445264816284,30.7361644283881,1.6107892990112305,1.9924895763397217
132,thin-chair,O-T2X-R,4.495294570922852,29.738456938951646,2.988311767578125,4.95109224319458
132,thin-chair,ABL-ET2X-R-PreviousRawEdge-CatmullRomRGB-Fixed080,5.311582565307617,28.423524613794427,1.9683829545974731,2.328321695327759
132,thin-chair,ABL-ET2X-R-PreviousRawEdge-CatmullRomRGB-Fixed080-YCoCgVarianceClamp,5.354018688201904,28.38657067359581,2.019904375076294,2.523388385772705
132,windows,O-T2X-R,5.277295112609863,26.571365191735275,4.202170372009277,6.627828121185303
132,windows,ABL-ET2X-R-PreviousRawEdge-CatmullRomRGB-Fixed080,7.143229007720947,23.823022121299417,4.305476188659668,4.4068803787231445
132,windows,ABL-ET2X-R-PreviousRawEdge-CatmullRomRGB-Fixed080-YCoCgVarianceClamp,6.579411029815674,24.682945551832557,4.416789531707764,4.852673530578613
133,chairs,O-T2X-R,3.003434181213379,31.96658714168297,2.077503204345703,3.272601366043091
133,chairs,ABL-ET2X-R-PreviousRawEdge-CatmullRomRGB-Fixed080,3.5188639163970947,30.725399586777876,1.548006296157837,1.89066481590271
133,chairs,ABL-ET2X-R-PreviousRawEdge-CatmullRomRGB-Fixed080-YCoCgVarianceClamp,3.540982961654663,30.6807778485005,1.5865271091461182,1.9887831211090088
133,thin-chair,O-T2X-R,4.422407627105713,29.771399290284126,2.771679162979126,4.506370544433594
133,thin-chair,ABL-ET2X-R-PreviousRawEdge-CatmullRomRGB-Fixed080,5.3130621910095215,28.40040991216672,1.987939476966858,2.356215238571167
133,thin-chair,ABL-ET2X-R-PreviousRawEdge-CatmullRomRGB-Fixed080-YCoCgVarianceClamp,5.33984375,28.364734818683445,2.053621768951416,2.5288562774658203
133,windows,O-T2X-R,5.633805274963379,26.170548173568626,5.907639503479004,8.308095932006836
133,windows,ABL-ET2X-R-PreviousRawEdge-CatmullRomRGB-Fixed080,7.002604007720947,24.11083054963467,4.338530540466309,4.479008674621582
133,windows,ABL-ET2X-R-PreviousRawEdge-CatmullRomRGB-Fixed080-YCoCgVarianceClamp,6.477506637573242,24.74083176791705,4.319266319274902,4.683370113372803
134,chairs,O-T2X-R,2.9991862773895264,32.07435523685593,2.093979597091675,3.5409679412841797
134,chairs,ABL-ET2X-R-PreviousRawEdge-CatmullRomRGB-Fixed080,3.532193899154663,30.664438817443553,1.5670292377471924,1.8386943340301514
134,chairs,ABL-ET2X-R-PreviousRawEdge-CatmullRomRGB-Fixed080-YCoCgVarianceClamp,3.574723243713379,30.555888157533424,1.5725198984146118,1.9231340885162354
134,thin-chair,O-T2X-R,4.444247245788574,29.855042662711092,2.858783483505249,4.849820613861084
134,thin-chair,ABL-ET2X-R-PreviousRawEdge-CatmullRomRGB-Fixed080,5.311049938201904,28.355381936205774,1.9610495567321777,2.3161461353302
134,thin-chair,ABL-ET2X-R-PreviousRawEdge-CatmullRomRGB-Fixed080-YCoCgVarianceClamp,5.372247695922852,28.25115835221197,1.964816689491272,2.4473822116851807
134,windows,O-T2X-R,5.254866600036621,26.34492726465165,4.183867454528809,6.712105751037598
134,windows,ABL-ET2X-R-PreviousRawEdge-CatmullRomRGB-Fixed080,6.785790920257568,24.412178962141272,4.3733673095703125,4.4159135818481445
134,windows,ABL-ET2X-R-PreviousRawEdge-CatmullRomRGB-Fixed080-YCoCgVarianceClamp,6.196679592132568,25.295440131695244,4.430289268493652,4.717291831970215
135,chairs,O-T2X-R,3.022167921066284,32.02391458198188,2.0218276977539062,3.2097580432891846
135,chairs,ABL-ET2X-R-PreviousRawEdge-CatmullRomRGB-Fixed080,3.535416603088379,30.638743898064792,1.5360521078109741,1.8046029806137085
135,chairs,ABL-ET2X-R-PreviousRawEdge-CatmullRomRGB-Fixed080-YCoCgVarianceClamp,3.584000587463379,30.525679301437563,1.5586092472076416,1.8880199193954468
135,thin-chair,O-T2X-R,4.48280668258667,29.81060645566823,2.699303388595581,4.382188320159912
135,thin-chair,ABL-ET2X-R-PreviousRawEdge-CatmullRomRGB-Fixed080,5.308564186096191,28.33617636028817,1.9206386804580688,2.2331883907318115
135,thin-chair,ABL-ET2X-R-PreviousRawEdge-CatmullRomRGB-Fixed080-YCoCgVarianceClamp,5.380119323730469,28.228706599502548,1.9657516479492188,2.3719491958618164
135,windows,O-T2X-R,5.688036918640137,25.712814737726042,6.266131401062012,8.662586212158203
135,windows,ABL-ET2X-R-PreviousRawEdge-CatmullRomRGB-Fixed080,6.743212699890137,24.422692998629664,4.407744407653809,4.442091464996338
135,windows,ABL-ET2X-R-PreviousRawEdge-CatmullRomRGB-Fixed080-YCoCgVarianceClamp,6.277522563934326,25.106346047182306,4.29089879989624,4.680485248565674
136,chairs,O-T2X-R,2.9989421367645264,32.10559222956724,2.175239086151123,3.5770668983459473
136,chairs,ABL-ET2X-R-PreviousRawEdge-CatmullRomRGB-Fixed080,3.5457520484924316,30.56936621430802,1.5993025302886963,1.8357452154159546
136,chairs,ABL-ET2X-R-PreviousRawEdge-CatmullRomRGB-Fixed080-YCoCgVarianceClamp,3.6268718242645264,30.413179215318987,1.6182105541229248,1.9292747974395752
136,thin-chair,O-T2X-R,4.460582256317139,29.896159924200923,2.9657089710235596,4.939604759216309
136,thin-chair,ABL-ET2X-R-PreviousRawEdge-CatmullRomRGB-Fixed080,5.314009189605713,28.246607253737913,1.9586368799209595,2.2379074096679688
136,thin-chair,ABL-ET2X-R-PreviousRawEdge-CatmullRomRGB-Fixed080-YCoCgVarianceClamp,5.439808368682861,28.09484145026953,1.9792053699493408,2.372737169265747
136,windows,O-T2X-R,5.225488185882568,26.50313660501327,4.231289386749268,7.688704013824463
136,windows,ABL-ET2X-R-PreviousRawEdge-CatmullRomRGB-Fixed080,6.9151692390441895,24.198205742907092,4.082439422607422,4.269461631774902
136,windows,ABL-ET2X-R-PreviousRawEdge-CatmullRomRGB-Fixed080-YCoCgVarianceClamp,6.449381351470947,24.83205861281254,4.022964000701904,4.288870334625244
137,chairs,O-T2X-R,2.9232585430145264,32.30606564063696,2.0843231678009033,3.261737823486328
137,chairs,ABL-ET2X-R-PreviousRawEdge-CatmullRomRGB-Fixed080,3.5579915046691895,30.508069366629364,1.5391836166381836,1.8292129039764404
137,chairs,ABL-ET2X-R-PreviousRawEdge-CatmullRomRGB-Fixed080-YCoCgVarianceClamp,3.6165201663970947,30.402315664134285,1.5605378150939941,1.9194743633270264
137,thin-chair,O-T2X-R,4.372899055480957,30.018785084159937,2.847135066986084,4.575549602508545
137,thin-chair,ABL-ET2X-R-PreviousRawEdge-CatmullRomRGB-Fixed080,5.3588128089904785,28.17254001513582,1.8849968910217285,2.2337329387664795
137,thin-chair,ABL-ET2X-R-PreviousRawEdge-CatmullRomRGB-Fixed080-YCoCgVarianceClamp,5.45528507232666,28.069077927415282,1.9312233924865723,2.378952980041504
137,windows,O-T2X-R,5.659505367279053,25.835279187329398,5.983473777770996,8.139862060546875
137,windows,ABL-ET2X-R-PreviousRawEdge-CatmullRomRGB-Fixed080,7.092252731323242,24.077558595453127,4.244409084320068,4.199378490447998
137,windows,ABL-ET2X-R-PreviousRawEdge-CatmullRomRGB-Fixed080-YCoCgVarianceClamp,6.604248046875,24.699263351247037,4.462596893310547,4.5789875984191895
138,chairs,O-T2X-R,2.9878742694854736,32.07172176239063,2.18871808052063,3.666132688522339
138,chairs,ABL-ET2X-R-PreviousRawEdge-CatmullRomRGB-Fixed080,3.5838215351104736,30.48900818137167,1.5410672426223755,1.8415225744247437
138,chairs,ABL-ET2X-R-PreviousRawEdge-CatmullRomRGB-Fixed080-YCoCgVarianceClamp,3.657031297683716,30.35440006418646,1.5792381763458252,1.9408550262451172
138,thin-chair,O-T2X-R,4.441110134124756,29.830072838182854,3.020106554031372,5.06849479675293
138,thin-chair,ABL-ET2X-R-PreviousRawEdge-CatmullRomRGB-Fixed080,5.368045806884766,28.161314327017294,1.9057891368865967,2.208007574081421
138,thin-chair,ABL-ET2X-R-PreviousRawEdge-CatmullRomRGB-Fixed080-YCoCgVarianceClamp,5.499763488769531,28.020346165747704,1.9728153944015503,2.3860232830047607
138,windows,O-T2X-R,5.199495315551758,26.283946906470096,4.310557842254639,7.278660774230957
138,windows,ABL-ET2X-R-PreviousRawEdge-CatmullRomRGB-Fixed080,7.011914253234863,24.022105421960926,4.2660017013549805,4.205296516418457
138,windows,ABL-ET2X-R-PreviousRawEdge-CatmullRomRGB-Fixed080-YCoCgVarianceClamp,6.518147945404053,24.63807369896164,4.227290630340576,4.57473087310791
139,chairs,O-T2X-R,3.019026756286621,32.061225099946725,2.066343307495117,3.310607433319092
139,chairs,ABL-ET2X-R-PreviousRawEdge-CatmullRomRGB-Fixed080,3.583219289779663,30.482000141909747,1.531945824623108,1.814218282699585
139,chairs,ABL-ET2X-R-PreviousRawEdge-CatmullRomRGB-Fixed080-YCoCgVarianceClamp,3.6429200172424316,30.354622882158676,1.5609095096588135,1.9241974353790283
139,thin-chair,O-T2X-R,4.447236061096191,29.86812830062858,2.797633647918701,4.626708984375
139,thin-chair,ABL-ET2X-R-PreviousRawEdge-CatmullRomRGB-Fixed080,5.3363518714904785,28.178735093897757,1.865444540977478,2.2016491889953613
139,thin-chair,ABL-ET2X-R-PreviousRawEdge-CatmullRomRGB-Fixed080-YCoCgVarianceClamp,5.463719367980957,28.03655674820447,1.9148650169372559,2.378122091293335
139,windows,O-T2X-R,6.069921970367432,25.2093070338644,6.125789165496826,8.341519355773926
139,windows,ABL-ET2X-R-PreviousRawEdge-CatmullRomRGB-Fixed080,7.508398532867432,23.299666654590332,4.133584022521973,4.057038307189941
139,windows,ABL-ET2X-R-PreviousRawEdge-CatmullRomRGB-Fixed080-YCoCgVarianceClamp,7.175765037536621,23.642361969371713,3.962245225906372,4.135344505310059
140,chairs,O-T2X-R,3.0319011211395264,31.904909784096823,2.1328012943267822,3.5427260398864746
140,chairs,ABL-ET2X-R-PreviousRawEdge-CatmullRomRGB-Fixed080,3.612744092941284,30.41272754203461,1.510966181755066,1.7542749643325806
140,chairs,ABL-ET2X-R-PreviousRawEdge-CatmullRomRGB-Fixed080-YCoCgVarianceClamp,3.665982961654663,30.27911636054992,1.513396978378296,1.8271293640136719
140,thin-chair,O-T2X-R,4.470525741577148,29.694841826563163,2.8923091888427734,4.874464511871338
140,thin-chair,ABL-ET2X-R-PreviousRawEdge-CatmullRomRGB-Fixed080,5.374112129211426,28.114563540657418,1.9032073020935059,2.1591150760650635
140,thin-chair,ABL-ET2X-R-PreviousRawEdge-CatmullRomRGB-Fixed080-YCoCgVarianceClamp,5.485440254211426,27.963971409524877,1.9133758544921875,2.266723155975342
140,windows,O-T2X-R,5.706689357757568,25.34489391300648,4.532507419586182,7.7748613357543945
140,windows,ABL-ET2X-R-PreviousRawEdge-CatmullRomRGB-Fixed080,7.333268165588379,23.705681049134554,4.469491958618164,4.494407653808594
140,windows,ABL-ET2X-R-PreviousRawEdge-CatmullRomRGB-Fixed080-YCoCgVarianceClamp,6.5733561515808105,24.70428543315942,4.776319980621338,4.795790672302246
141,chairs,O-T2X-R,3.007779836654663,32.092962290756255,2.010385274887085,3.242846727371216
141,chairs,ABL-ET2X-R-PreviousRawEdge-CatmullRomRGB-Fixed080,3.6075031757354736,30.355922973735197,1.4851469993591309,1.8140712976455688
141,chairs,ABL-ET2X-R-PreviousRawEdge-CatmullRomRGB-Fixed080-YCoCgVarianceClamp,3.665022850036621,30.207533142782612,1.4895483255386353,1.8646183013916016
141,thin-chair,O-T2X-R,4.44356632232666,29.902519393329104,2.7907283306121826,4.521791458129883
141,thin-chair,ABL-ET2X-R-PreviousRawEdge-CatmullRomRGB-Fixed080,5.432498931884766,28.001951105455262,1.8196676969528198,2.2140424251556396
141,thin-chair,ABL-ET2X-R-PreviousRawEdge-CatmullRomRGB-Fixed080-YCoCgVarianceClamp,5.546224117279053,27.84140031472036,1.8333979845046997,2.3012266159057617
141,windows,O-T2X-R,5.801904201507568,25.746954650857674,5.5521240234375,7.868528842926025
141,windows,ABL-ET2X-R-PreviousRawEdge-CatmullRomRGB-Fixed080,7.156689643859863,23.72053500863187,4.420009613037109,4.3285231590271
141,windows,ABL-ET2X-R-PreviousRawEdge-CatmullRomRGB-Fixed080-YCoCgVarianceClamp,6.5596842765808105,24.504116736253234,4.229010581970215,4.61838436126709
142,chairs,O-T2X-R,3.0782878398895264,31.79642805805787,2.1793627738952637,3.5365471839904785
142,chairs,ABL-ET2X-R-PreviousRawEdge-CatmullRomRGB-Fixed080,3.5748860836029053,30.40237296383069,1.5025516748428345,1.7550395727157593
142,chairs,ABL-ET2X-R-PreviousRawEdge-CatmullRomRGB-Fixed080-YCoCgVarianceClamp,3.633756399154663,30.27788305737143,1.5500202178955078,1.8451156616210938
142,thin-chair,O-T2X-R,4.544270992279053,29.600048005145695,2.9353981018066406,4.90952730178833
142,thin-chair,ABL-ET2X-R-PreviousRawEdge-CatmullRomRGB-Fixed080,5.39473819732666,28.03017157099884,1.8483563661575317,2.155454397201538
142,thin-chair,ABL-ET2X-R-PreviousRawEdge-CatmullRomRGB-Fixed080-YCoCgVarianceClamp,5.499940872192383,27.90221322323589,1.9135688543319702,2.277599334716797
142,windows,O-T2X-R,6.199560642242432,24.474813340142056,4.1407952308654785,6.965332984924316
142,windows,ABL-ET2X-R-PreviousRawEdge-CatmullRomRGB-Fixed080,7.311441898345947,23.627214776061653,4.478182792663574,4.785678386688232
142,windows,ABL-ET2X-R-PreviousRawEdge-CatmullRomRGB-Fixed080-YCoCgVarianceClamp,6.689534664154053,24.4226574467893,4.692470550537109,4.962554931640625
143,chairs,O-T2X-R,3.039339303970337,31.995212135329176,1.9994862079620361,3.2279434204101562
143,chairs,ABL-ET2X-R-PreviousRawEdge-CatmullRomRGB-Fixed080,3.5877928733825684,30.409829489051837,1.456958532333374,1.7457563877105713
143,chairs,ABL-ET2X-R-PreviousRawEdge-CatmullRomRGB-Fixed080-YCoCgVarianceClamp,3.6663899421691895,30.248167964592607,1.4925323724746704,1.8532040119171143
143,thin-chair,O-T2X-R,4.554924011230469,29.707924022169312,2.6775057315826416,4.462198257446289
143,thin-chair,ABL-ET2X-R-PreviousRawEdge-CatmullRomRGB-Fixed080,5.42598819732666,28.05009844474789,1.8238873481750488,2.1454904079437256
143,thin-chair,ABL-ET2X-R-PreviousRawEdge-CatmullRomRGB-Fixed080-YCoCgVarianceClamp,5.549686431884766,27.894069732154886,1.885374903678894,2.315282106399536
143,windows,O-T2X-R,5.7950358390808105,25.899856914885035,6.200322151184082,8.440244674682617
143,windows,ABL-ET2X-R-PreviousRawEdge-CatmullRomRGB-Fixed080,6.9664387702941895,24.07294992718755,4.493853569030762,4.523689270019531
143,windows,ABL-ET2X-R-PreviousRawEdge-CatmullRomRGB-Fixed080-YCoCgVarianceClamp,6.240560054779053,25.227961435171565,4.551779747009277,5.093132019042969
144,chairs,O-T2X-R,3.1444499492645264,31.549591260170118,2.1035804748535156,3.4404029846191406
144,chairs,ABL-ET2X-R-PreviousRawEdge-CatmullRomRGB-Fixed080,3.606201171875,30.37967558412096,1.5276294946670532,1.730181097984314
144,chairs,ABL-ET2X-R-PreviousRawEdge-CatmullRomRGB-Fixed080-YCoCgVarianceClamp,3.686246633529663,30.203553212621813,1.5539212226867676,1.8275394439697266
144,thin-chair,O-T2X-R,4.683357238769531,29.328512363354005,2.8872830867767334,4.735637664794922
144,thin-chair,ABL-ET2X-R-PreviousRawEdge-CatmullRomRGB-Fixed080,5.414239883422852,28.05612639504901,1.8592356443405151,2.1401968002319336
144,thin-chair,ABL-ET2X-R-PreviousRawEdge-CatmullRomRGB-Fixed080-YCoCgVarianceClamp,5.542110443115234,27.883958279896632,1.9190688133239746,2.2982518672943115
144,windows,O-T2X-R,5.799120903015137,25.31159561711093,4.67878532409668,7.510275363922119
144,windows,ABL-ET2X-R-PreviousRawEdge-CatmullRomRGB-Fixed080,7.098421096801758,23.920399274654727,4.378885269165039,4.6362457275390625
144,windows,ABL-ET2X-R-PreviousRawEdge-CatmullRomRGB-Fixed080-YCoCgVarianceClamp,6.557080268859863,24.647393936183338,4.182084560394287,4.796415328979492
145,chairs,O-T2X-R,3.1353840827941895,31.718664910482634,2.1209661960601807,3.3044114112854004
145,chairs,ABL-ET2X-R-PreviousRawEdge-CatmullRomRGB-Fixed080,3.61474609375,30.379958931981783,1.5148794651031494,1.8533592224121094
145,chairs,ABL-ET2X-R-PreviousRawEdge-CatmullRomRGB-Fixed080-YCoCgVarianceClamp,3.66943359375,30.2719650887652,1.545495867729187,1.940250039100647
145,thin-chair,O-T2X-R,4.646720886230469,29.47701483324383,2.7337801456451416,4.465641021728516
145,thin-chair,ABL-ET2X-R-PreviousRawEdge-CatmullRomRGB-Fixed080,5.414861679077148,28.075288336145448,1.8964080810546875,2.252573251724243
145,thin-chair,ABL-ET2X-R-PreviousRawEdge-CatmullRomRGB-Fixed080-YCoCgVarianceClamp,5.506155490875244,27.967574353716564,1.9459118843078613,2.400949001312256
145,windows,O-T2X-R,5.5030598640441895,26.06351798681154,6.221987724304199,8.88270092010498
145,windows,ABL-ET2X-R-PreviousRawEdge-CatmullRomRGB-Fixed080,6.768847465515137,24.496051270319768,4.423219203948975,4.586575508117676
145,windows,ABL-ET2X-R-PreviousRawEdge-CatmullRomRGB-Fixed080-YCoCgVarianceClamp,6.087320804595947,25.529417633178916,4.66756534576416,4.8659539222717285
146,chairs,O-T2X-R,3.079638719558716,31.69336541315705,2.062312126159668,3.554068088531494
146,chairs,ABL-ET2X-R-PreviousRawEdge-CatmullRomRGB-Fixed080,3.5960123538970947,30.46584136318167,1.5075809955596924,1.7821953296661377
146,chairs,ABL-ET2X-R-PreviousRawEdge-CatmullRomRGB-Fixed080-YCoCgVarianceClamp,3.657275438308716,30.355177212192984,1.5549933910369873,1.888121247291565
146,thin-chair,O-T2X-R,4.577651500701904,29.44056405432487,2.7704508304595947,4.744156837463379
146,thin-chair,ABL-ET2X-R-PreviousRawEdge-CatmullRomRGB-Fixed080,5.3588128089904785,28.191990504800167,1.8661433458328247,2.223863363265991
146,thin-chair,ABL-ET2X-R-PreviousRawEdge-CatmullRomRGB-Fixed080-YCoCgVarianceClamp,5.442323684692383,28.09163443448242,1.9366832971572876,2.386857032775879
146,windows,O-T2X-R,5.227246284484863,26.078922915710336,4.199420928955078,7.194955348968506
146,windows,ABL-ET2X-R-PreviousRawEdge-CatmullRomRGB-Fixed080,6.771500587463379,24.076200804029444,4.130592346191406,4.229681968688965
146,windows,ABL-ET2X-R-PreviousRawEdge-CatmullRomRGB-Fixed080-YCoCgVarianceClamp,6.4869465827941895,24.39335302777461,3.835554599761963,4.503655433654785
147,chairs,O-T2X-R,3.026595115661621,31.994941897257824,2.100259304046631,3.2218239307403564
147,chairs,ABL-ET2X-R-PreviousRawEdge-CatmullRomRGB-Fixed080,3.5614583492279053,30.491191510473328,1.5229650735855103,1.7910140752792358
147,chairs,ABL-ET2X-R-PreviousRawEdge-CatmullRomRGB-Fixed080-YCoCgVarianceClamp,3.620865821838379,30.39422694747669,1.5658565759658813,1.8924697637557983
147,thin-chair,O-T2X-R,4.486564636230469,29.782341490866333,2.839402914047241,4.472846508026123
147,thin-chair,ABL-ET2X-R-PreviousRawEdge-CatmullRomRGB-Fixed080,5.328805446624756,28.182363508987564,1.8247942924499512,2.1447560787200928
147,thin-chair,ABL-ET2X-R-PreviousRawEdge-CatmullRomRGB-Fixed080-YCoCgVarianceClamp,5.411635875701904,28.093365593805245,1.8864024877548218,2.2854063510894775
147,windows,O-T2X-R,5.279850482940674,26.556503498135832,6.187276840209961,8.503241539001465
147,windows,ABL-ET2X-R-PreviousRawEdge-CatmullRomRGB-Fixed080,7.070784568786621,23.57244146637425,3.9944064617156982,4.3265814781188965
147,windows,ABL-ET2X-R-PreviousRawEdge-CatmullRomRGB-Fixed080-YCoCgVarianceClamp,6.541585445404053,24.250110580825996,4.197793006896973,4.377385139465332
148,chairs,O-T2X-R,3.013150930404663,31.9254714923104,2.043933153152466,3.5098273754119873
148,chairs,ABL-ET2X-R-PreviousRawEdge-CatmullRomRGB-Fixed080,3.5972330570220947,30.402975355168994,1.543685793876648,1.8395732641220093
148,chairs,ABL-ET2X-R-PreviousRawEdge-CatmullRomRGB-Fixed080-YCoCgVarianceClamp,3.6654460430145264,30.27266088599638,1.6082689762115479,1.9703919887542725
148,thin-chair,O-T2X-R,4.476059436798096,29.699842952713652,2.7679507732391357,4.836947441101074
148,thin-chair,ABL-ET2X-R-PreviousRawEdge-CatmullRomRGB-Fixed080,5.353870868682861,28.098256043848252,1.8972245454788208,2.194868564605713
148,thin-chair,ABL-ET2X-R-PreviousRawEdge-CatmullRomRGB-Fixed080-YCoCgVarianceClamp,5.458984375,27.974268545094056,2.0130293369293213,2.3863494396209717
148,windows,O-T2X-R,5.176823139190674,26.18575588794286,4.002640247344971,7.691420078277588
148,windows,ABL-ET2X-R-PreviousRawEdge-CatmullRomRGB-Fixed080,6.872493267059326,23.858387299255632,4.1309099197387695,4.205801963806152
148,windows,ABL-ET2X-R-PreviousRawEdge-CatmullRomRGB-Fixed080-YCoCgVarianceClamp,6.142236232757568,24.944835770282992,4.237033843994141,4.800333499908447
149,chairs,O-T2X-R,2.9551920890808105,32.27504882256305,2.0957188606262207,3.1880428791046143
149,chairs,ABL-ET2X-R-PreviousRawEdge-CatmullRomRGB-Fixed080,3.6121582984924316,30.337799697808492,1.5332796573638916,1.8284637928009033
149,chairs,ABL-ET2X-R-PreviousRawEdge-CatmullRomRGB-Fixed080-YCoCgVarianceClamp,3.696061134338379,30.070718376044432,1.5534131526947021,1.9015610218048096
149,thin-chair,O-T2X-R,4.310783386230469,30.16185719531213,2.876919746398926,4.450883865356445
149,thin-chair,ABL-ET2X-R-PreviousRawEdge-CatmullRomRGB-Fixed080,5.369495868682861,28.039450144360217,1.8741660118103027,2.223217010498047
149,thin-chair,ABL-ET2X-R-PreviousRawEdge-CatmullRomRGB-Fixed080-YCoCgVarianceClamp,5.533114433288574,27.751941511371342,1.920634388923645,2.3465139865875244
149,windows,O-T2X-R,5.041796684265137,26.876962992270332,5.483523368835449,7.521855354309082
149,windows,ABL-ET2X-R-PreviousRawEdge-CatmullRomRGB-Fixed080,6.928857326507568,23.89399186342601,4.011472702026367,4.236927032470703
149,windows,ABL-ET2X-R-PreviousRawEdge-CatmullRomRGB-Fixed080-YCoCgVarianceClamp,6.216618061065674,24.891894719905316,4.004207134246826,4.566606044769287
150,chairs,O-T2X-R,2.9608724117279053,32.14133551329858,2.0972371101379395,3.6129441261291504
150,chairs,ABL-ET2X-R-PreviousRawEdge-CatmullRomRGB-Fixed080,3.6190593242645264,30.259418382557893,1.5343399047851562,1.828818917274475
150,chairs,ABL-ET2X-R-PreviousRawEdge-CatmullRomRGB-Fixed080-YCoCgVarianceClamp,3.690722703933716,30.045193079507563,1.53264582157135,1.9020774364471436
150,thin-chair,O-T2X-R,4.358931064605713,29.923853393908306,2.711174726486206,4.844813823699951
150,thin-chair,ABL-ET2X-R-PreviousRawEdge-CatmullRomRGB-Fixed080,5.359315872192383,27.963075842436353,1.891219973564148,2.1957204341888428
150,thin-chair,ABL-ET2X-R-PreviousRawEdge-CatmullRomRGB-Fixed080-YCoCgVarianceClamp,5.485055446624756,27.77878467509641,1.8828926086425781,2.30649471282959
150,windows,O-T2X-R,5.4442057609558105,25.588907734551366,3.692831516265869,6.795004844665527
150,windows,ABL-ET2X-R-PreviousRawEdge-CatmullRomRGB-Fixed080,6.7313151359558105,24.25338994322887,4.165604591369629,4.495279312133789
150,windows,ABL-ET2X-R-PreviousRawEdge-CatmullRomRGB-Fixed080-YCoCgVarianceClamp,6.055875778198242,25.203814659064875,4.155786991119385,4.7692461013793945
151,chairs,O-T2X-R,3.006542921066284,32.17611033950767,1.9789165258407593,3.1562559604644775
151,chairs,ABL-ET2X-R-PreviousRawEdge-CatmullRomRGB-Fixed080,3.6099772453308105,30.252419336312766,1.505039930343628,1.7892307043075562
151,chairs,ABL-ET2X-R-PreviousRawEdge-CatmullRomRGB-Fixed080-YCoCgVarianceClamp,3.680159568786621,30.05986538903543,1.528371810913086,1.839107871055603
151,thin-chair,O-T2X-R,4.383848190307617,30.06773667672096,2.6697356700897217,4.251133441925049
151,thin-chair,ABL-ET2X-R-PreviousRawEdge-CatmullRomRGB-Fixed080,5.339311122894287,28.091951647100636,1.8381987810134888,2.188791513442993
151,thin-chair,ABL-ET2X-R-PreviousRawEdge-CatmullRomRGB-Fixed080-YCoCgVarianceClamp,5.469223499298096,27.880774651320365,1.8840845823287964,2.2617249488830566
151,windows,O-T2X-R,5.044970512390137,27.04599646159132,5.625617504119873,7.5550031661987305
151,windows,ABL-ET2X-R-PreviousRawEdge-CatmullRomRGB-Fixed080,6.655354976654053,24.313673229299162,3.647022247314453,4.0401482582092285
151,windows,ABL-ET2X-R-PreviousRawEdge-CatmullRomRGB-Fixed080-YCoCgVarianceClamp,5.9276041984558105,25.382774763236707,3.634410858154297,4.262515068054199
152,chairs,O-T2X-R,3.016080617904663,32.02943722417282,2.0829451084136963,3.4203224182128906
152,chairs,ABL-ET2X-R-PreviousRawEdge-CatmullRomRGB-Fixed080,3.5696778297424316,30.45089753324862,1.5197584629058838,1.7716760635375977
152,chairs,ABL-ET2X-R-PreviousRawEdge-CatmullRomRGB-Fixed080-YCoCgVarianceClamp,3.6621906757354736,30.20754222928435,1.543306589126587,1.8477321863174438
152,thin-chair,O-T2X-R,4.408380508422852,29.896708225185627,2.7517194747924805,4.63066291809082
152,thin-chair,ABL-ET2X-R-PreviousRawEdge-CatmullRomRGB-Fixed080,5.292939186096191,28.23590526186606,1.8673739433288574,2.135740041732788
152,thin-chair,ABL-ET2X-R-PreviousRawEdge-CatmullRomRGB-Fixed080-YCoCgVarianceClamp,5.447383880615234,27.981904353665307,1.9162729978561401,2.270084857940674
152,windows,O-T2X-R,5.621077537536621,25.281133073644263,3.8509316444396973,6.881869316101074
152,windows,ABL-ET2X-R-PreviousRawEdge-CatmullRomRGB-Fixed080,6.685514450073242,24.162829637729427,4.045151710510254,4.135439395904541
152,windows,ABL-ET2X-R-PreviousRawEdge-CatmullRomRGB-Fixed080-YCoCgVarianceClamp,6.195849418640137,24.759131429123574,3.9350967407226562,4.1928911209106445
153,chairs,O-T2X-R,3.014371633529663,32.09691204130311,2.0560901165008545,3.205148220062256
153,chairs,ABL-ET2X-R-PreviousRawEdge-CatmullRomRGB-Fixed080,3.6089844703674316,30.39607703703833,1.5180912017822266,1.8123948574066162
153,chairs,ABL-ET2X-R-PreviousRawEdge-CatmullRomRGB-Fixed080-YCoCgVarianceClamp,3.6979167461395264,30.171456095398582,1.5354138612747192,1.8799936771392822
153,thin-chair,O-T2X-R,4.415719509124756,29.90964720281065,2.7418529987335205,4.350583076477051
153,thin-chair,ABL-ET2X-R-PreviousRawEdge-CatmullRomRGB-Fixed080,5.342418193817139,28.156678367001962,1.8930808305740356,2.191319465637207
153,thin-chair,ABL-ET2X-R-PreviousRawEdge-CatmullRomRGB-Fixed080-YCoCgVarianceClamp,5.49745512008667,27.920857126711166,1.9373116493225098,2.318547487258911
153,windows,O-T2X-R,5.352262496948242,26.395025757159054,5.85382080078125,7.945286750793457
153,windows,ABL-ET2X-R-PreviousRawEdge-CatmullRomRGB-Fixed080,6.6917805671691895,24.21716904561501,3.907407760620117,4.265276908874512
153,windows,ABL-ET2X-R-PreviousRawEdge-CatmullRomRGB-Fixed080-YCoCgVarianceClamp,6.007584571838379,25.21242892959989,4.146727561950684,4.589363098144531
154,chairs,O-T2X-R,3.0927734375,31.782830692464287,2.047084331512451,3.4785361289978027
154,chairs,ABL-ET2X-R-PreviousRawEdge-CatmullRomRGB-Fixed080,3.6649739742279053,30.2063143875991,1.5606296062469482,1.8486604690551758
154,chairs,ABL-ET2X-R-PreviousRawEdge-CatmullRomRGB-Fixed080-YCoCgVarianceClamp,3.7564289569854736,29.95486266004141,1.5881963968276978,1.9103323221206665
154,thin-chair,O-T2X-R,4.524325370788574,29.640141955142248,2.757718086242676,4.721290588378906
154,thin-chair,ABL-ET2X-R-PreviousRawEdge-CatmullRomRGB-Fixed080,5.371389865875244,28.05662147461932,1.8775593042373657,2.262965440750122
154,thin-chair,ABL-ET2X-R-PreviousRawEdge-CatmullRomRGB-Fixed080-YCoCgVarianceClamp,5.524117946624756,27.821236791296112,1.9097212553024292,2.3474409580230713
154,windows,O-T2X-R,5.368082523345947,25.824715289758853,3.8638641834259033,6.986015319824219
154,windows,ABL-ET2X-R-PreviousRawEdge-CatmullRomRGB-Fixed080,6.386246681213379,24.710217045621828,4.0870819091796875,4.160735607147217
154,windows,ABL-ET2X-R-PreviousRawEdge-CatmullRomRGB-Fixed080-YCoCgVarianceClamp,5.936572074890137,25.31383986484283,3.9215102195739746,4.402985572814941
155,chairs,O-T2X-R,3.0833983421325684,31.88693185387146,2.1397273540496826,3.176135778427124
155,chairs,ABL-ET2X-R-PreviousRawEdge-CatmullRomRGB-Fixed080,3.722444772720337,30.142210737767527,1.546332597732544,1.8737983703613281
155,chairs,ABL-ET2X-R-PreviousRawEdge-CatmullRomRGB-Fixed080-YCoCgVarianceClamp,3.798877000808716,29.962964570095544,1.5775245428085327,1.955362319946289
155,thin-chair,O-T2X-R,4.428178310394287,29.896142511056976,2.6942341327667236,4.252409934997559
155,thin-chair,ABL-ET2X-R-PreviousRawEdge-CatmullRomRGB-Fixed080,5.394176006317139,28.015975651648493,1.899505615234375,2.240898847579956
155,thin-chair,ABL-ET2X-R-PreviousRawEdge-CatmullRomRGB-Fixed080-YCoCgVarianceClamp,5.52793550491333,27.832322427244097,1.9574867486953735,2.3555400371551514
155,windows,O-T2X-R,5.65966796875,25.180468536714585,6.089799404144287,8.174690246582031
155,windows,ABL-ET2X-R-PreviousRawEdge-CatmullRomRGB-Fixed080,6.3082194328308105,24.710545661582486,3.888652801513672,4.240350723266602
155,windows,ABL-ET2X-R-PreviousRawEdge-CatmullRomRGB-Fixed080-YCoCgVarianceClamp,5.8975911140441895,25.262616374030465,3.8905246257781982,4.325221538543701
156,chairs,O-T2X-R,3.126513719558716,31.643556191288063,2.1522469520568848,3.646273136138916
156,chairs,ABL-ET2X-R-PreviousRawEdge-CatmullRomRGB-Fixed080,3.7093424797058105,30.197502557744833,1.5135747194290161,1.8689229488372803
156,chairs,ABL-ET2X-R-PreviousRawEdge-CatmullRomRGB-Fixed080-YCoCgVarianceClamp,3.7769367694854736,30.040014843178913,1.5235151052474976,1.9438550472259521
156,thin-chair,O-T2X-R,4.542436122894287,29.626703248467997,2.8203916549682617,4.7258076667785645
156,thin-chair,ABL-ET2X-R-PreviousRawEdge-CatmullRomRGB-Fixed080,5.391305446624756,28.0510472732854,1.8729267120361328,2.2416539192199707
156,thin-chair,ABL-ET2X-R-PreviousRawEdge-CatmullRomRGB-Fixed080-YCoCgVarianceClamp,5.502485752105713,27.891097536252257,1.8865257501602173,2.366469383239746
156,windows,O-T2X-R,5.111067771911621,26.171055407930233,3.9975502490997314,7.6376447677612305
156,windows,ABL-ET2X-R-PreviousRawEdge-CatmullRomRGB-Fixed080,6.195947170257568,24.982166283719177,3.8566737174987793,4.118217468261719
156,windows,ABL-ET2X-R-PreviousRawEdge-CatmullRomRGB-Fixed080-YCoCgVarianceClamp,5.853011131286621,25.38685667815624,3.7851204872131348,4.289090156555176
157,chairs,O-T2X-R,3.0672526359558105,32.09105102657732,2.132859706878662,3.3765804767608643
157,chairs,ABL-ET2X-R-PreviousRawEdge-CatmullRomRGB-Fixed080,3.7027180194854736,30.211340982875768,1.5451456308364868,1.8368526697158813
157,chairs,ABL-ET2X-R-PreviousRawEdge-CatmullRomRGB-Fixed080-YCoCgVarianceClamp,3.7620606422424316,30.100579145273443,1.582459807395935,1.9301121234893799
157,thin-chair,O-T2X-R,4.419803619384766,30.123771970079044,2.745910406112671,4.4620208740234375
157,thin-chair,ABL-ET2X-R-PreviousRawEdge-CatmullRomRGB-Fixed080,5.392874240875244,28.031913701002857,1.8136558532714844,2.2035837173461914
157,thin-chair,ABL-ET2X-R-PreviousRawEdge-CatmullRomRGB-Fixed080-YCoCgVarianceClamp,5.486328125,27.92068822849067,1.855403184890747,2.331331491470337
157,windows,O-T2X-R,5.388574123382568,25.727601406025464,5.414520263671875,7.643990993499756
157,windows,ABL-ET2X-R-PreviousRawEdge-CatmullRomRGB-Fixed080,6.0929036140441895,24.985059028164716,3.911937713623047,3.9325759410858154
157,windows,ABL-ET2X-R-PreviousRawEdge-CatmullRomRGB-Fixed080-YCoCgVarianceClamp,5.780957221984863,25.43580563580766,3.922805070877075,3.989351749420166
158,chairs,O-T2X-R,3.113997459411621,31.80176784057938,2.174578905105591,3.6873879432678223
158,chairs,ABL-ET2X-R-PreviousRawEdge-CatmullRomRGB-Fixed080,3.719254493713379,30.232879974405343,1.600537896156311,1.888474702835083
158,chairs,ABL-ET2X-R-PreviousRawEdge-CatmullRomRGB-Fixed080-YCoCgVarianceClamp,3.7727863788604736,30.13840803085575,1.6526625156402588,2.0158419609069824
158,thin-chair,O-T2X-R,4.539121627807617,29.70796070636367,2.8991918563842773,4.886725425720215
158,thin-chair,ABL-ET2X-R-PreviousRawEdge-CatmullRomRGB-Fixed080,5.4065165519714355,28.065313771853102,1.9117833375930786,2.1944262981414795
158,thin-chair,ABL-ET2X-R-PreviousRawEdge-CatmullRomRGB-Fixed080-YCoCgVarianceClamp,5.4719462394714355,28.01689962433901,1.9860546588897705,2.3483150005340576
158,windows,O-T2X-R,5.194303512573242,26.16347332736618,3.8760390281677246,6.795884609222412
158,windows,ABL-ET2X-R-PreviousRawEdge-CatmullRomRGB-Fixed080,6.120051860809326,24.931250575908997,3.7617125511169434,3.993645191192627
158,windows,ABL-ET2X-R-PreviousRawEdge-CatmullRomRGB-Fixed080-YCoCgVarianceClamp,5.903336524963379,25.157394275003337,3.742413282394409,4.07541036605835
159,chairs,O-T2X-R,3.0845704078674316,32.006707971867485,2.040459632873535,3.3221118450164795
159,chairs,ABL-ET2X-R-PreviousRawEdge-CatmullRomRGB-Fixed080,3.757861375808716,30.07526527774511,1.6112124919891357,1.869696855545044
159,chairs,ABL-ET2X-R-PreviousRawEdge-CatmullRomRGB-Fixed080-YCoCgVarianceClamp,3.7894694805145264,30.020634493136686,1.6300010681152344,1.96795654296875
159,thin-chair,O-T2X-R,4.46718168258667,29.939925087829472,2.583221197128296,4.4445271492004395
159,thin-chair,ABL-ET2X-R-PreviousRawEdge-CatmullRomRGB-Fixed080,5.3899149894714355,28.06808106206227,1.8827232122421265,2.1979024410247803
159,thin-chair,ABL-ET2X-R-PreviousRawEdge-CatmullRomRGB-Fixed080-YCoCgVarianceClamp,5.441554069519043,28.015030904861696,1.9436687231063843,2.3760552406311035
159,windows,O-T2X-R,5.305761814117432,26.1269427131362,5.550457000732422,7.605870246887207
159,windows,ABL-ET2X-R-PreviousRawEdge-CatmullRomRGB-Fixed080,6.105566501617432,25.107972892265465,4.025698661804199,4.183823585510254
159,windows,ABL-ET2X-R-PreviousRawEdge-CatmullRomRGB-Fixed080-YCoCgVarianceClamp,5.636995315551758,25.86032266449083,4.159811973571777,4.432131767272949
160,chairs,O-T2X-R,3.1634278297424316,31.554066621511126,2.1673383712768555,3.5657143592834473
160,chairs,ABL-ET2X-R-PreviousRawEdge-CatmullRomRGB-Fixed080,3.765836477279663,30.09978263142445,1.5430281162261963,1.8921626806259155
160,chairs,ABL-ET2X-R-PreviousRawEdge-CatmullRomRGB-Fixed080-YCoCgVarianceClamp,3.8082518577575684,29.977100690129856,1.5864044427871704,1.981689453125
160,thin-chair,O-T2X-R,4.5717034339904785,29.57152624150849,2.790013313293457,4.619524955749512
160,thin-chair,ABL-ET2X-R-PreviousRawEdge-CatmullRomRGB-Fixed080,5.45448637008667,27.957952440064176,1.8855708837509155,2.2107317447662354
160,thin-chair,ABL-ET2X-R-PreviousRawEdge-CatmullRomRGB-Fixed080-YCoCgVarianceClamp,5.522313117980957,27.847187470765007,1.9297350645065308,2.345259666442871
160,windows,O-T2X-R,4.78662109375,26.94638962571033,4.11953067779541,6.703621864318848
160,windows,ABL-ET2X-R-PreviousRawEdge-CatmullRomRGB-Fixed080,6.160823345184326,24.863759932489767,3.9159653186798096,4.138243675231934
160,windows,ABL-ET2X-R-PreviousRawEdge-CatmullRomRGB-Fixed080-YCoCgVarianceClamp,5.958073139190674,25.129376728400594,3.726163387298584,4.272998332977295
161,chairs,O-T2X-R,3.0931639671325684,31.99880507585187,2.1486287117004395,3.3770923614501953
161,chairs,ABL-ET2X-R-PreviousRawEdge-CatmullRomRGB-Fixed080,3.771044969558716,30.10958430080432,1.5878238677978516,1.858114242553711
161,chairs,ABL-ET2X-R-PreviousRawEdge-CatmullRomRGB-Fixed080-YCoCgVarianceClamp,3.802213430404663,30.065753290288953,1.5969209671020508,1.9521089792251587
161,thin-chair,O-T2X-R,4.478071689605713,29.892238754474466,2.7528226375579834,4.462152004241943
161,thin-chair,ABL-ET2X-R-PreviousRawEdge-CatmullRomRGB-Fixed080,5.465849876403809,27.93932839937205,1.9260104894638062,2.252579689025879
161,thin-chair,ABL-ET2X-R-PreviousRawEdge-CatmullRomRGB-Fixed080-YCoCgVarianceClamp,5.510564804077148,27.911244176195392,1.9475181102752686,2.3726890087127686
161,windows,O-T2X-R,5.117252826690674,26.367285697091468,5.582139015197754,7.7204766273498535
161,windows,ABL-ET2X-R-PreviousRawEdge-CatmullRomRGB-Fixed080,6.043603420257568,25.140793553459964,4.016305446624756,4.135913372039795
161,windows,ABL-ET2X-R-PreviousRawEdge-CatmullRomRGB-Fixed080-YCoCgVarianceClamp,5.621598243713379,25.84290018125217,4.212674140930176,4.252184867858887
162,chairs,O-T2X-R,3.147721290588379,31.62548992347141,2.2195589542388916,3.620871067047119
162,chairs,ABL-ET2X-R-PreviousRawEdge-CatmullRomRGB-Fixed080,3.7345378398895264,30.242158319512097,1.5689641237258911,1.8270330429077148
162,chairs,ABL-ET2X-R-PreviousRawEdge-CatmullRomRGB-Fixed080-YCoCgVarianceClamp,3.7481932640075684,30.238836676760286,1.5919530391693115,1.9009716510772705
162,thin-chair,O-T2X-R,4.502574443817139,29.69523418037084,2.84294056892395,4.684616565704346
162,thin-chair,ABL-ET2X-R-PreviousRawEdge-CatmullRomRGB-Fixed080,5.4455790519714355,28.03535824493531,1.896577000617981,2.1977202892303467
162,thin-chair,ABL-ET2X-R-PreviousRawEdge-CatmullRomRGB-Fixed080-YCoCgVarianceClamp,5.46170711517334,28.044063584489912,1.9445960521697998,2.3191893100738525
162,windows,O-T2X-R,5.082796096801758,26.34075766183452,4.121527194976807,6.794255256652832
162,windows,ABL-ET2X-R-PreviousRawEdge-CatmullRomRGB-Fixed080,6.456803321838379,24.50041648141147,3.9761803150177,4.156371593475342
162,windows,ABL-ET2X-R-PreviousRawEdge-CatmullRomRGB-Fixed080-YCoCgVarianceClamp,6.242138862609863,24.754961679429254,3.7708263397216797,4.410138130187988
163,chairs,O-T2X-R,3.076188087463379,31.89794900649835,2.1160616874694824,3.4137814044952393
163,chairs,ABL-ET2X-R-PreviousRawEdge-CatmullRomRGB-Fixed080,3.7032389640808105,30.262606944601206,1.5586888790130615,1.7932612895965576
163,chairs,ABL-ET2X-R-PreviousRawEdge-CatmullRomRGB-Fixed080-YCoCgVarianceClamp,3.7430989742279053,30.22613314549996,1.6020004749298096,1.893620491027832
163,thin-chair,O-T2X-R,4.429243564605713,29.874118131923435,2.678619146347046,4.443047523498535
163,thin-chair,ABL-ET2X-R-PreviousRawEdge-CatmullRomRGB-Fixed080,5.44102144241333,28.006467225175168,1.872494101524353,2.140881299972534
163,thin-chair,ABL-ET2X-R-PreviousRawEdge-CatmullRomRGB-Fixed080-YCoCgVarianceClamp,5.505622863769531,27.975692003379894,1.958317518234253,2.3163509368896484
163,windows,O-T2X-R,5.110791206359863,26.531169056532583,5.880698204040527,8.0709228515625
163,windows,ABL-ET2X-R-PreviousRawEdge-CatmullRomRGB-Fixed080,6.382470607757568,24.542634752141957,4.070734977722168,4.268415451049805
163,windows,ABL-ET2X-R-PreviousRawEdge-CatmullRomRGB-Fixed080-YCoCgVarianceClamp,5.921452045440674,25.205178401707137,4.2074737548828125,4.3594536781311035
164,chairs,O-T2X-R,3.076709032058716,31.833176467196495,2.0813658237457275,3.507655382156372
164,chairs,ABL-ET2X-R-PreviousRawEdge-CatmullRomRGB-Fixed080,3.642822265625,30.374546264790165,1.5836546421051025,1.855987787246704
164,chairs,ABL-ET2X-R-PreviousRawEdge-CatmullRomRGB-Fixed080-YCoCgVarianceClamp,3.6917967796325684,30.309148381458794,1.6389029026031494,1.9938970804214478
164,thin-chair,O-T2X-R,4.415867805480957,29.797476309655742,2.6979217529296875,4.587249755859375
164,thin-chair,ABL-ET2X-R-PreviousRawEdge-CatmullRomRGB-Fixed080,5.2936787605285645,28.181418072823217,1.9561375379562378,2.224318504333496
164,thin-chair,ABL-ET2X-R-PreviousRawEdge-CatmullRomRGB-Fixed080-YCoCgVarianceClamp,5.344549179077148,28.156662700972625,2.0254743099212646,2.4275848865509033
164,windows,O-T2X-R,4.968684673309326,26.632160134842565,4.10410737991333,6.864401817321777
164,windows,ABL-ET2X-R-PreviousRawEdge-CatmullRomRGB-Fixed080,6.331152439117432,24.75659826236404,4.166051387786865,4.389983177185059
164,windows,ABL-ET2X-R-PreviousRawEdge-CatmullRomRGB-Fixed080-YCoCgVarianceClamp,5.975830078125,25.175868834315366,4.073488235473633,4.5713982582092285
165,chairs,O-T2X-R,3.1107420921325684,31.87481253759489,2.281947612762451,3.426799774169922
165,chairs,ABL-ET2X-R-PreviousRawEdge-CatmullRomRGB-Fixed080,3.664339303970337,30.302030557732756,1.6140798330307007,1.8312526941299438
165,chairs,ABL-ET2X-R-PreviousRawEdge-CatmullRomRGB-Fixed080-YCoCgVarianceClamp,3.7154622077941895,30.22491935638106,1.6060478687286377,1.888108491897583
165,thin-chair,O-T2X-R,4.427556991577148,29.865090293393436,2.8589067459106445,4.464822769165039
165,thin-chair,ABL-ET2X-R-PreviousRawEdge-CatmullRomRGB-Fixed080,5.24532413482666,28.253966906931485,1.9249638319015503,2.2079527378082275
165,thin-chair,ABL-ET2X-R-PreviousRawEdge-CatmullRomRGB-Fixed080-YCoCgVarianceClamp,5.3232421875,28.19443118872002,1.91435706615448,2.2999565601348877
165,windows,O-T2X-R,5.3206706047058105,26.14430949334755,5.823260307312012,8.096015930175781
165,windows,ABL-ET2X-R-PreviousRawEdge-CatmullRomRGB-Fixed080,6.318180561065674,24.60989184500439,4.15027379989624,4.5089640617370605
165,windows,ABL-ET2X-R-PreviousRawEdge-CatmullRomRGB-Fixed080-YCoCgVarianceClamp,5.9073567390441895,25.2299341786793,4.2451982498168945,4.66079568862915
166,chairs,O-T2X-R,2.9649250507354736,32.106245153963464,2.0887346267700195,3.7592720985412598
166,chairs,ABL-ET2X-R-PreviousRawEdge-CatmullRomRGB-Fixed080,3.613297462463379,30.41278245761777,1.5493396520614624,1.902391791343689
166,chairs,ABL-ET2X-R-PreviousRawEdge-CatmullRomRGB-Fixed080-YCoCgVarianceClamp,3.6522297859191895,30.31319975063179,1.6108312606811523,1.9900200366973877
166,thin-chair,O-T2X-R,4.287849426269531,29.97304147510656,2.7176454067230225,4.842452526092529
166,thin-chair,ABL-ET2X-R-PreviousRawEdge-CatmullRomRGB-Fixed080,5.211263179779053,28.305188533217283,1.8869481086730957,2.1972923278808594
166,thin-chair,ABL-ET2X-R-PreviousRawEdge-CatmullRomRGB-Fixed080-YCoCgVarianceClamp,5.26600980758667,28.231012711820597,1.9509581327438354,2.309460401535034
166,windows,O-T2X-R,5.314681053161621,25.587461569884535,4.383404731750488,7.213392734527588
166,windows,ABL-ET2X-R-PreviousRawEdge-CatmullRomRGB-Fixed080,6.653662204742432,24.06874143999403,4.037152290344238,4.193702697753906
166,windows,ABL-ET2X-R-PreviousRawEdge-CatmullRomRGB-Fixed080-YCoCgVarianceClamp,6.2122721672058105,24.611688017195213,4.0332231521606445,4.390052318572998
167,chairs,O-T2X-R,3.021240234375,31.915580613811127,2.0417730808258057,3.2149906158447266
167,chairs,ABL-ET2X-R-PreviousRawEdge-CatmullRomRGB-Fixed080,3.6052896976470947,30.420442416188376,1.542628288269043,1.7720531225204468
167,chairs,ABL-ET2X-R-PreviousRawEdge-CatmullRomRGB-Fixed080-YCoCgVarianceClamp,3.6519694328308105,30.35649876601864,1.5567315816879272,1.9194555282592773
167,thin-chair,O-T2X-R,4.342655181884766,29.833691568949263,2.594196081161499,4.2388739585876465
167,thin-chair,ABL-ET2X-R-PreviousRawEdge-CatmullRomRGB-Fixed080,5.164535999298096,28.31812729287688,1.8618031740188599,2.1257681846618652
167,thin-chair,ABL-ET2X-R-PreviousRawEdge-CatmullRomRGB-Fixed080-YCoCgVarianceClamp,5.242838382720947,28.26806810949695,1.8793050050735474,2.309558391571045
167,windows,O-T2X-R,5.093896389007568,26.66422740253183,5.846599578857422,8.288952827453613
167,windows,ABL-ET2X-R-PreviousRawEdge-CatmullRomRGB-Fixed080,6.413720607757568,24.269155585047958,4.435927391052246,4.681534290313721
167,windows,ABL-ET2X-R-PreviousRawEdge-CatmullRomRGB-Fixed080-YCoCgVarianceClamp,5.879459857940674,25.10886304269796,4.541367053985596,4.963313102722168
168,chairs,O-T2X-R,3.010481834411621,31.847962249869806,2.189131259918213,3.5510802268981934
168,chairs,ABL-ET2X-R-PreviousRawEdge-CatmullRomRGB-Fixed080,3.5316569805145264,30.702827721227315,1.56661057472229,1.8114192485809326
168,chairs,ABL-ET2X-R-PreviousRawEdge-CatmullRomRGB-Fixed080-YCoCgVarianceClamp,3.5634765625,30.6728405547781,1.5905429124832153,1.8998425006866455
168,thin-chair,O-T2X-R,4.3132100105285645,29.859908647060166,2.819169044494629,4.614652633666992
168,thin-chair,ABL-ET2X-R-PreviousRawEdge-CatmullRomRGB-Fixed080,5.10585355758667,28.526065566421973,1.835610270500183,2.1352200508117676
168,thin-chair,ABL-ET2X-R-PreviousRawEdge-CatmullRomRGB-Fixed080-YCoCgVarianceClamp,5.160392761230469,28.50619415808811,1.873861312866211,2.252086877822876
168,windows,O-T2X-R,5.239518165588379,26.068021384670722,3.9862685203552246,7.3929853439331055
168,windows,ABL-ET2X-R-PreviousRawEdge-CatmullRomRGB-Fixed080,6.366129398345947,24.64032208200155,4.168729305267334,4.544358253479004
168,windows,ABL-ET2X-R-PreviousRawEdge-CatmullRomRGB-Fixed080-YCoCgVarianceClamp,5.998307228088379,25.136623088030085,4.0791425704956055,4.752923011779785
169,chairs,O-T2X-R,3.0228190422058105,32.0565605931221,2.1160836219787598,3.331197738647461
169,chairs,ABL-ET2X-R-PreviousRawEdge-CatmullRomRGB-Fixed080,3.537858009338379,30.702190059166277,1.608698844909668,1.8840091228485107
169,chairs,ABL-ET2X-R-PreviousRawEdge-CatmullRomRGB-Fixed080-YCoCgVarianceClamp,3.6070148944854736,30.551891910366397,1.6337072849273682,1.9858595132827759
169,thin-chair,O-T2X-R,4.248846054077148,30.14157606395583,2.741633415222168,4.396974563598633
169,thin-chair,ABL-ET2X-R-PreviousRawEdge-CatmullRomRGB-Fixed080,5.128107070922852,28.495514523640693,1.903598427772522,2.2015602588653564
169,thin-chair,ABL-ET2X-R-PreviousRawEdge-CatmullRomRGB-Fixed080-YCoCgVarianceClamp,5.20584774017334,28.403456407596423,1.9228283166885376,2.3297133445739746
169,windows,O-T2X-R,4.797428607940674,26.85311312895939,5.68881893157959,7.6366868019104
169,windows,ABL-ET2X-R-PreviousRawEdge-CatmullRomRGB-Fixed080,6.319872856140137,24.528070643880028,4.132044792175293,4.458408355712891
169,windows,ABL-ET2X-R-PreviousRawEdge-CatmullRomRGB-Fixed080-YCoCgVarianceClamp,5.814729690551758,25.319123272328508,4.312088966369629,4.700453758239746
170,chairs,O-T2X-R,3.0105793476104736,32.02613246457612,2.140897512435913,3.5394599437713623
170,chairs,ABL-ET2X-R-PreviousRawEdge-CatmullRomRGB-Fixed080,3.597900390625,30.582102792269996,1.6182315349578857,1.904283881187439
170,chairs,ABL-ET2X-R-PreviousRawEdge-CatmullRomRGB-Fixed080-YCoCgVarianceClamp,3.6414875984191895,30.47678273013041,1.6128590106964111,1.956552267074585
170,thin-chair,O-T2X-R,4.285600185394287,30.038836284548477,2.733020782470703,4.601146221160889
170,thin-chair,ABL-ET2X-R-PreviousRawEdge-CatmullRomRGB-Fixed080,5.12831449508667,28.51519402118617,1.9037582874298096,2.2503678798675537
170,thin-chair,ABL-ET2X-R-PreviousRawEdge-CatmullRomRGB-Fixed080-YCoCgVarianceClamp,5.1792731285095215,28.43608508206456,1.9304986000061035,2.349283456802368
170,windows,O-T2X-R,5.065706253051758,26.220954089603556,4.358506679534912,7.4259033203125
170,windows,ABL-ET2X-R-PreviousRawEdge-CatmullRomRGB-Fixed080,6.092805862426758,24.80464400423637,4.223119258880615,4.405972957611084
170,windows,ABL-ET2X-R-PreviousRawEdge-CatmullRomRGB-Fixed080-YCoCgVarianceClamp,5.805159568786621,25.197957498070586,3.9820549488067627,4.5264716148376465
171,chairs,O-T2X-R,3.0025391578674316,32.082782977695004,2.0722622871398926,3.2886416912078857
171,chairs,ABL-ET2X-R-PreviousRawEdge-CatmullRomRGB-Fixed080,3.5341145992279053,30.796369997985245,1.579993486404419,1.920294165611267
171,chairs,ABL-ET2X-R-PreviousRawEdge-CatmullRomRGB-Fixed080-YCoCgVarianceClamp,3.5593912601470947,30.685379590185853,1.644049882888794,2.000201463699341
171,thin-chair,O-T2X-R,4.269560813903809,30.071271553882973,2.671846628189087,4.319138050079346
171,thin-chair,ABL-ET2X-R-PreviousRawEdge-CatmullRomRGB-Fixed080,5.092270374298096,28.62214750672805,1.9165648221969604,2.2893404960632324
171,thin-chair,ABL-ET2X-R-PreviousRawEdge-CatmullRomRGB-Fixed080-YCoCgVarianceClamp,5.124822616577148,28.535110746632768,2.007439613342285,2.4097390174865723
171,windows,O-T2X-R,5.0413737297058105,26.571161117149018,5.9155683517456055,8.154472351074219
171,windows,ABL-ET2X-R-PreviousRawEdge-CatmullRomRGB-Fixed080,6.284440040588379,24.505035391347878,3.825014591217041,4.342870235443115
171,windows,ABL-ET2X-R-PreviousRawEdge-CatmullRomRGB-Fixed080-YCoCgVarianceClamp,5.722395896911621,25.3288670325413,4.039300441741943,4.477586269378662
172,chairs,O-T2X-R,2.9820313453674316,31.917323075234634,2.1753106117248535,3.5027732849121094
172,chairs,ABL-ET2X-R-PreviousRawEdge-CatmullRomRGB-Fixed080,3.4851725101470947,30.843191593921677,1.527348279953003,1.8048439025878906
172,chairs,ABL-ET2X-R-PreviousRawEdge-CatmullRomRGB-Fixed080-YCoCgVarianceClamp,3.534472703933716,30.690253513060153,1.5504891872406006,1.9308464527130127
172,thin-chair,O-T2X-R,4.271395683288574,29.912871373189127,2.7600021362304688,4.530609607696533
172,thin-chair,ABL-ET2X-R-PreviousRawEdge-CatmullRomRGB-Fixed080,5.019383430480957,28.669541537204566,1.8498965501785278,2.169246196746826
172,thin-chair,ABL-ET2X-R-PreviousRawEdge-CatmullRomRGB-Fixed080-YCoCgVarianceClamp,5.086766242980957,28.533348041895216,1.8876744508743286,2.34757137298584
172,windows,O-T2X-R,4.800455570220947,26.814536406660356,4.175717830657959,7.2898850440979
172,windows,ABL-ET2X-R-PreviousRawEdge-CatmullRomRGB-Fixed080,6.138655662536621,24.7661161831868,4.146629810333252,4.315975189208984
172,windows,ABL-ET2X-R-PreviousRawEdge-CatmullRomRGB-Fixed080-YCoCgVarianceClamp,5.760921001434326,25.264490526025583,4.124222755432129,4.6609320640563965
173,chairs,O-T2X-R,2.9827637672424316,32.12234148694665,2.025031089782715,3.258017063140869
173,chairs,ABL-ET2X-R-PreviousRawEdge-CatmullRomRGB-Fixed080,3.467317819595337,30.90347367561258,1.560304880142212,1.8315227031707764
173,chairs,ABL-ET2X-R-PreviousRawEdge-CatmullRomRGB-Fixed080-YCoCgVarianceClamp,3.5128254890441895,30.758183424824512,1.571277379989624,1.9031364917755127
173,thin-chair,O-T2X-R,4.246064186096191,30.034180198928063,2.5615477561950684,4.221240520477295
173,thin-chair,ABL-ET2X-R-PreviousRawEdge-CatmullRomRGB-Fixed080,4.975704193115234,28.72592694386337,1.8804081678390503,2.223491907119751
173,thin-chair,ABL-ET2X-R-PreviousRawEdge-CatmullRomRGB-Fixed080-YCoCgVarianceClamp,5.046845436096191,28.58180748552993,1.9135714769363403,2.3342058658599854
173,windows,O-T2X-R,4.910449028015137,26.835492756240352,5.670773983001709,7.9287567138671875
173,windows,ABL-ET2X-R-PreviousRawEdge-CatmullRomRGB-Fixed080,6.030191898345947,25.042701899608378,4.04117488861084,4.338379859924316
173,windows,ABL-ET2X-R-PreviousRawEdge-CatmullRomRGB-Fixed080-YCoCgVarianceClamp,5.5738606452941895,25.767814607934042,4.069387912750244,4.493073463439941
174,chairs,O-T2X-R,2.939957618713379,32.04654450964736,2.1803698539733887,3.5011649131774902
174,chairs,ABL-ET2X-R-PreviousRawEdge-CatmullRomRGB-Fixed080,3.4148926734924316,31.009494717748023,1.507746934890747,1.7946274280548096
174,chairs,ABL-ET2X-R-PreviousRawEdge-CatmullRomRGB-Fixed080-YCoCgVarianceClamp,3.4861979484558105,30.813843259510048,1.5296355485916138,1.8778154850006104
174,thin-chair,O-T2X-R,4.184747695922852,30.061634177505493,2.7239294052124023,4.442968368530273
174,thin-chair,ABL-ET2X-R-PreviousRawEdge-CatmullRomRGB-Fixed080,4.910629749298096,28.84474447411849,1.799627423286438,2.1170098781585693
174,thin-chair,ABL-ET2X-R-PreviousRawEdge-CatmullRomRGB-Fixed080-YCoCgVarianceClamp,5.02793550491333,28.641917120811016,1.8457787036895752,2.252950429916382
174,windows,O-T2X-R,4.911376953125,26.669498638108596,3.9707999229431152,7.082861423492432
174,windows,ABL-ET2X-R-PreviousRawEdge-CatmullRomRGB-Fixed080,6.137662887573242,24.678233855247804,3.8086998462677,4.005766868591309
174,windows,ABL-ET2X-R-PreviousRawEdge-CatmullRomRGB-Fixed080-YCoCgVarianceClamp,5.7938151359558105,25.129563658584814,3.7009689807891846,4.096747875213623
175,chairs,O-T2X-R,2.9406087398529053,32.171923250158024,2.0361459255218506,3.2868523597717285
175,chairs,ABL-ET2X-R-PreviousRawEdge-CatmullRomRGB-Fixed080,3.4381673336029053,30.9789868986101,1.5636236667633057,1.8175828456878662
175,chairs,ABL-ET2X-R-PreviousRawEdge-CatmullRomRGB-Fixed080-YCoCgVarianceClamp,3.4946939945220947,30.793083281388718,1.6115362644195557,1.9088242053985596
175,thin-chair,O-T2X-R,4.171963691711426,30.139999915437166,2.559875249862671,4.159947395324707
175,thin-chair,ABL-ET2X-R-PreviousRawEdge-CatmullRomRGB-Fixed080,4.9038825035095215,28.873134222307097,1.8710845708847046,2.162797689437866
175,thin-chair,ABL-ET2X-R-PreviousRawEdge-CatmullRomRGB-Fixed080-YCoCgVarianceClamp,4.991832256317139,28.69820057833378,1.932796835899353,2.297335624694824
175,windows,O-T2X-R,4.544629096984863,27.504228490726184,5.5704803466796875,7.678560733795166
175,windows,ABL-ET2X-R-PreviousRawEdge-CatmullRomRGB-Fixed080,6.100553512573242,24.913515690255142,3.9843521118164062,4.303112983703613
175,windows,ABL-ET2X-R-PreviousRawEdge-CatmullRomRGB-Fixed080-YCoCgVarianceClamp,5.526432514190674,25.77216927053394,4.387480735778809,4.662107944488525
176,chairs,O-T2X-R,2.976106882095337,31.956721424348228,1.989534616470337,3.349641799926758
176,chairs,ABL-ET2X-R-PreviousRawEdge-CatmullRomRGB-Fixed080,3.50244140625,30.819941713550556,1.5949199199676514,1.8195457458496094
176,chairs,ABL-ET2X-R-PreviousRawEdge-CatmullRomRGB-Fixed080-YCoCgVarianceClamp,3.5723958015441895,30.608520588508057,1.6279919147491455,1.936889410018921
176,thin-chair,O-T2X-R,4.1672587394714355,30.0617685583942,2.604480266571045,4.366278171539307
176,thin-chair,ABL-ET2X-R-PreviousRawEdge-CatmullRomRGB-Fixed080,4.8864521980285645,28.880524965814654,1.8349379301071167,2.1251113414764404
176,thin-chair,ABL-ET2X-R-PreviousRawEdge-CatmullRomRGB-Fixed080-YCoCgVarianceClamp,5.002189636230469,28.666476918578194,1.859218955039978,2.268533945083618
176,windows,O-T2X-R,4.7112956047058105,27.04769304826597,4.102487087249756,7.068789482116699
176,windows,ABL-ET2X-R-PreviousRawEdge-CatmullRomRGB-Fixed080,5.9080729484558105,25.159054733614433,4.2452497482299805,4.437108039855957
176,windows,ABL-ET2X-R-PreviousRawEdge-CatmullRomRGB-Fixed080-YCoCgVarianceClamp,5.532145023345947,25.788556127186816,3.8884358406066895,4.79818868637085
177,chairs,O-T2X-R,2.934358835220337,32.27158495522575,2.108339548110962,3.213479518890381
177,chairs,ABL-ET2X-R-PreviousRawEdge-CatmullRomRGB-Fixed080,3.50927734375,30.821911579455655,1.4849989414215088,1.8276796340942383
177,chairs,ABL-ET2X-R-PreviousRawEdge-CatmullRomRGB-Fixed080-YCoCgVarianceClamp,3.594498634338379,30.53360887770035,1.5491750240325928,1.9523160457611084
177,thin-chair,O-T2X-R,4.12227725982666,30.253670277979626,2.490123748779297,4.092799186706543
177,thin-chair,ABL-ET2X-R-PreviousRawEdge-CatmullRomRGB-Fixed080,4.917820930480957,28.822058624356846,1.7908496856689453,2.1270644664764404
177,thin-chair,ABL-ET2X-R-PreviousRawEdge-CatmullRomRGB-Fixed080-YCoCgVarianceClamp,5.06211519241333,28.508673795211212,1.8859378099441528,2.266406774520874
177,windows,O-T2X-R,4.341243267059326,27.663187948421143,5.486977577209473,7.58914852142334
177,windows,ABL-ET2X-R-PreviousRawEdge-CatmullRomRGB-Fixed080,6.018278121948242,24.933414498115226,3.715085506439209,4.370439052581787
177,windows,ABL-ET2X-R-PreviousRawEdge-CatmullRomRGB-Fixed080-YCoCgVarianceClamp,5.391536235809326,25.80053481475309,4.1265411376953125,4.560906887054443
178,chairs,O-T2X-R,2.9019694328308105,32.11006039304312,2.059373617172241,3.454714298248291
178,chairs,ABL-ET2X-R-PreviousRawEdge-CatmullRomRGB-Fixed080,3.5281739234924316,30.556891631837328,1.5904791355133057,1.839775800704956
178,chairs,ABL-ET2X-R-PreviousRawEdge-CatmullRomRGB-Fixed080-YCoCgVarianceClamp,3.6136393547058105,30.29661615650271,1.5990662574768066,1.9442203044891357
178,thin-chair,O-T2X-R,4.097478866577148,30.136892192089526,2.570892572402954,4.201956272125244
178,thin-chair,ABL-ET2X-R-PreviousRawEdge-CatmullRomRGB-Fixed080,4.960434436798096,28.567299805336397,1.8611091375350952,2.1927404403686523
178,thin-chair,ABL-ET2X-R-PreviousRawEdge-CatmullRomRGB-Fixed080-YCoCgVarianceClamp,5.117424011230469,28.270188561710917,1.890367031097412,2.3520569801330566
178,windows,O-T2X-R,4.918196678161621,26.485623655672086,4.143240928649902,7.566885471343994
178,windows,ABL-ET2X-R-PreviousRawEdge-CatmullRomRGB-Fixed080,5.789322853088379,25.211822508091032,4.1508355140686035,4.136085510253906
178,windows,ABL-ET2X-R-PreviousRawEdge-CatmullRomRGB-Fixed080-YCoCgVarianceClamp,5.405468940734863,25.691279806346763,3.8594367504119873,4.4726881980896
179,chairs,O-T2X-R,2.993945360183716,32.03369623597622,2.022247791290283,3.153733730316162
179,chairs,ABL-ET2X-R-PreviousRawEdge-CatmullRomRGB-Fixed080,3.5762858390808105,30.266745418717864,1.5630438327789307,1.862058401107788
179,chairs,ABL-ET2X-R-PreviousRawEdge-CatmullRomRGB-Fixed080-YCoCgVarianceClamp,3.6817545890808105,29.96889700734475,1.5692622661590576,1.907687783241272
179,thin-chair,O-T2X-R,4.119377136230469,30.15236891746231,2.5489282608032227,4.085358142852783
179,thin-chair,ABL-ET2X-R-PreviousRawEdge-CatmullRomRGB-Fixed080,5.028202056884766,28.323182411010247,1.8408595323562622,2.181382179260254
179,thin-chair,ABL-ET2X-R-PreviousRawEdge-CatmullRomRGB-Fixed080-YCoCgVarianceClamp,5.189571380615234,28.030094842678558,1.8502780199050903,2.2438111305236816
179,windows,O-T2X-R,4.8414387702941895,26.453861828984863,5.636224746704102,7.469185829162598
179,windows,ABL-ET2X-R-PreviousRawEdge-CatmullRomRGB-Fixed080,6.020947456359863,24.869209589138034,3.5166001319885254,4.1131696701049805
179,windows,ABL-ET2X-R-PreviousRawEdge-CatmullRomRGB-Fixed080-YCoCgVarianceClamp,5.447509765625,25.658875497455615,3.5831589698791504,4.0578203201293945
180,chairs,O-T2X-R,2.938037157058716,32.0527344131488,2.165947914123535,3.4902331829071045
180,chairs,ABL-ET2X-R-PreviousRawEdge-CatmullRomRGB-Fixed080,3.6593260765075684,30.008586287593573,1.6281955242156982,1.879232406616211
180,chairs,ABL-ET2X-R-PreviousRawEdge-CatmullRomRGB-Fixed080-YCoCgVarianceClamp,3.7506511211395264,29.76792916334347,1.6305710077285767,1.9202144145965576
180,thin-chair,O-T2X-R,4.069632053375244,30.208439481324486,2.657637119293213,4.381685733795166
180,thin-chair,ABL-ET2X-R-PreviousRawEdge-CatmullRomRGB-Fixed080,5.124171257019043,28.140105673545794,1.8771113157272339,2.2343850135803223
180,thin-chair,ABL-ET2X-R-PreviousRawEdge-CatmullRomRGB-Fixed080-YCoCgVarianceClamp,5.25662899017334,27.88439905245197,1.8863307237625122,2.2761151790618896
180,windows,O-T2X-R,4.524446487426758,27.193543767108615,4.158632278442383,7.394537448883057
180,windows,ABL-ET2X-R-PreviousRawEdge-CatmullRomRGB-Fixed080,5.773469924926758,25.32512958908423,3.8841404914855957,4.195690155029297
180,windows,ABL-ET2X-R-PreviousRawEdge-CatmullRomRGB-Fixed080-YCoCgVarianceClamp,5.187906742095947,26.256925407717688,4.027942657470703,4.430535793304443
181,chairs,O-T2X-R,3.098583936691284,31.61831236571278,2.185051202774048,3.703850269317627
181,chairs,ABL-ET2X-R-PreviousRawEdge-CatmullRomRGB-Fixed080,3.692675828933716,29.84662784028824,0.5627862215042114,1.5702053308486938
181,chairs,ABL-ET2X-R-PreviousRawEdge-CatmullRomRGB-Fixed080-YCoCgVarianceClamp,3.7735352516174316,29.645549108981953,0.4812069833278656,1.516662359237671
181,thin-chair,O-T2X-R,4.322088241577148,29.778005070178235,2.739450454711914,4.615722179412842
181,thin-chair,ABL-ET2X-R-PreviousRawEdge-CatmullRomRGB-Fixed080,5.199662685394287,27.927613388231777,0.7561812996864319,1.8144335746765137
181,thin-chair,ABL-ET2X-R-PreviousRawEdge-CatmullRomRGB-Fixed080-YCoCgVarianceClamp,5.3238043785095215,27.712574776776876,0.6438133716583252,1.7462100982666016
181,windows,O-T2X-R,4.244450092315674,27.97851152724271,3.842881679534912,6.253973484039307
181,windows,ABL-ET2X-R-PreviousRawEdge-CatmullRomRGB-Fixed080,4.962450981140137,26.442900028748216,1.5575988292694092,3.7095284461975098
181,windows,ABL-ET2X-R-PreviousRawEdge-CatmullRomRGB-Fixed080-YCoCgVarianceClamp,4.785123825073242,26.703629629526773,1.1080029010772705,3.6600475311279297
182,chairs,O-T2X-R,2.772656202316284,32.37857153842635,1.1791350841522217,3.2783122062683105
182,chairs,ABL-ET2X-R-PreviousRawEdge-CatmullRomRGB-Fixed080,3.680191993713379,29.841016686961353,0.22155117988586426,0.3413962721824646
182,chairs,ABL-ET2X-R-PreviousRawEdge-CatmullRomRGB-Fixed080-YCoCgVarianceClamp,3.7606608867645264,29.643244343591256,0.20083710551261902,0.28290313482284546
182,thin-chair,O-T2X-R,3.896780252456665,30.58550969043736,1.5073323249816895,4.138525009155273
182,thin-chair,ABL-ET2X-R-PreviousRawEdge-CatmullRomRGB-Fixed080,5.1997809410095215,27.90039790921435,0.29344603419303894,0.4629521369934082
182,thin-chair,ABL-ET2X-R-PreviousRawEdge-CatmullRomRGB-Fixed080-YCoCgVarianceClamp,5.319158554077148,27.690778236682377,0.26138579845428467,0.38578903675079346
182,windows,O-T2X-R,3.6632161140441895,29.098410892712096,1.6643444299697876,5.379538536071777
182,windows,ABL-ET2X-R-PreviousRawEdge-CatmullRomRGB-Fixed080,4.660888671875,26.89943109021506,0.5404031872749329,1.0188627243041992
182,windows,ABL-ET2X-R-PreviousRawEdge-CatmullRomRGB-Fixed080-YCoCgVarianceClamp,4.573160648345947,26.988943822523165,0.47202759981155396,0.6393541097640991
183,chairs,O-T2X-R,2.772656202316284,32.37857153842635,0.0,1.1791350841522217
183,chairs,ABL-ET2X-R-PreviousRawEdge-CatmullRomRGB-Fixed080,3.701936960220337,29.777902428141786,0.17346620559692383,0.04814775660634041
183,chairs,ABL-ET2X-R-PreviousRawEdge-CatmullRomRGB-Fixed080-YCoCgVarianceClamp,3.77734375,29.59142656960852,0.15148185193538666,0.05167195945978165
183,thin-chair,O-T2X-R,3.896780252456665,30.58550969043736,0.0,1.5073323249816895
183,thin-chair,ABL-ET2X-R-PreviousRawEdge-CatmullRomRGB-Fixed080,5.240263938903809,27.826050591377587,0.2288595736026764,0.06470059603452682
183,thin-chair,ABL-ET2X-R-PreviousRawEdge-CatmullRomRGB-Fixed080-YCoCgVarianceClamp,5.349727630615234,27.63036931708802,0.19561880826950073,0.06948418915271759
183,windows,O-T2X-R,3.6632161140441895,29.098410892712096,0.0,1.6643444299697876
183,windows,ABL-ET2X-R-PreviousRawEdge-CatmullRomRGB-Fixed080,4.52490234375,27.074993399994298,0.421171098947525,0.12077192962169647
183,windows,ABL-ET2X-R-PreviousRawEdge-CatmullRomRGB-Fixed080-YCoCgVarianceClamp,4.526090621948242,27.05773950810755,0.3676835596561432,0.10743127763271332
184,chairs,O-T2X-R,2.772656202316284,32.37857153842635,0.0,0.0
184,chairs,ABL-ET2X-R-PreviousRawEdge-CatmullRomRGB-Fixed080,3.7459146976470947,29.687497201254757,0.13915379345417023,0.034326620399951935
184,chairs,ABL-ET2X-R-PreviousRawEdge-CatmullRomRGB-Fixed080-YCoCgVarianceClamp,3.810514211654663,29.519911130851717,0.11490032821893692,0.038889192044734955
184,thin-chair,O-T2X-R,3.896780252456665,30.58550969043736,0.0,0.0
184,thin-chair,ABL-ET2X-R-PreviousRawEdge-CatmullRomRGB-Fixed080,5.3053975105285645,27.730593900410238,0.18471622467041016,0.04416913911700249
184,thin-chair,ABL-ET2X-R-PreviousRawEdge-CatmullRomRGB-Fixed080-YCoCgVarianceClamp,5.39962100982666,27.556434819745355,0.14700086414813995,0.051761444658041
184,windows,O-T2X-R,3.6632161140441895,29.098410892712096,0.0,0.0
184,windows,ABL-ET2X-R-PreviousRawEdge-CatmullRomRGB-Fixed080,4.510449409484863,27.088437129915054,0.3361195921897888,0.08611072599887848
184,windows,ABL-ET2X-R-PreviousRawEdge-CatmullRomRGB-Fixed080-YCoCgVarianceClamp,4.541406154632568,27.012161172071,0.28903287649154663,0.08186356723308563
185,chairs,O-T2X-R,2.772656202316284,32.37857153842635,0.0,0.0
185,chairs,ABL-ET2X-R-PreviousRawEdge-CatmullRomRGB-Fixed080,3.7945148944854736,29.587028666389553,0.10881856828927994,0.030538219958543777
185,chairs,ABL-ET2X-R-PreviousRawEdge-CatmullRomRGB-Fixed080-YCoCgVarianceClamp,3.8465006351470947,29.44680564515442,0.08480264991521835,0.03269613906741142
185,thin-chair,O-T2X-R,3.896780252456665,30.58550969043736,0.0,0.0
185,thin-chair,ABL-ET2X-R-PreviousRawEdge-CatmullRomRGB-Fixed080,5.373402118682861,27.627811487392073,0.14542770385742188,0.039644721895456314
185,thin-chair,ABL-ET2X-R-PreviousRawEdge-CatmullRomRGB-Fixed080-YCoCgVarianceClamp,5.448123931884766,27.482676395651037,0.10731127858161926,0.04351137578487396
185,windows,O-T2X-R,3.6632161140441895,29.098410892712096,0.0,0.0
185,windows,ABL-ET2X-R-PreviousRawEdge-CatmullRomRGB-Fixed080,4.5426106452941895,27.01235683713223,0.2693100571632385,0.06777825951576233
185,windows,ABL-ET2X-R-PreviousRawEdge-CatmullRomRGB-Fixed080-YCoCgVarianceClamp,4.582698345184326,26.912055595081288,0.22668805718421936,0.0657958835363388
186,chairs,O-T2X-R,2.772656202316284,32.37857153842635,0.0,0.0
186,chairs,ABL-ET2X-R-PreviousRawEdge-CatmullRomRGB-Fixed080,3.839648485183716,29.489228715734562,0.08414292335510254,0.024815306067466736
186,chairs,ABL-ET2X-R-PreviousRawEdge-CatmullRomRGB-Fixed080-YCoCgVarianceClamp,3.8775391578674316,29.380179488310283,0.06046677380800247,0.025725502520799637
186,thin-chair,O-T2X-R,3.896780252456665,30.58550969043736,0.0,0.0
186,thin-chair,ABL-ET2X-R-PreviousRawEdge-CatmullRomRGB-Fixed080,5.435872554779053,27.529187296586898,0.11142785102128983,0.03424093872308731
186,thin-chair,ABL-ET2X-R-PreviousRawEdge-CatmullRomRGB-Fixed080-YCoCgVarianceClamp,5.4888434410095215,27.41725926297468,0.07493042945861816,0.03408022224903107
186,windows,O-T2X-R,3.6632161140441895,29.098410892712096,0.0,0.0
186,windows,ABL-ET2X-R-PreviousRawEdge-CatmullRomRGB-Fixed080,4.590283393859863,26.89276903951354,0.21598868072032928,0.05376773327589035
186,windows,ABL-ET2X-R-PreviousRawEdge-CatmullRomRGB-Fixed080-YCoCgVarianceClamp,4.631331443786621,26.793348037356104,0.1765841245651245,0.05372720956802368
187,chairs,O-T2X-R,2.772656202316284,32.37857153842635,0.0,0.0
187,chairs,ABL-ET2X-R-PreviousRawEdge-CatmullRomRGB-Fixed080,3.8773274421691895,29.39862828346655,0.06336291134357452,0.020787155255675316
187,chairs,ABL-ET2X-R-PreviousRawEdge-CatmullRomRGB-Fixed080-YCoCgVarianceClamp,3.903304100036621,29.318422065123553,0.04303055629134178,0.019473101943731308
187,thin-chair,O-T2X-R,3.896780252456665,30.58550969043736,0.0,0.0
187,thin-chair,ABL-ET2X-R-PreviousRawEdge-CatmullRomRGB-Fixed080,5.487630367279053,27.43996221887537,0.08368528634309769,0.027755510061979294
187,thin-chair,ABL-ET2X-R-PreviousRawEdge-CatmullRomRGB-Fixed080-YCoCgVarianceClamp,5.52323055267334,27.35735358879371,0.055259253829717636,0.02244885452091694
187,windows,O-T2X-R,3.6632161140441895,29.098410892712096,0.0,0.0
187,windows,ABL-ET2X-R-PreviousRawEdge-CatmullRomRGB-Fixed080,4.642675876617432,26.760645416224964,0.17295345664024353,0.04375297576189041
187,windows,ABL-ET2X-R-PreviousRawEdge-CatmullRomRGB-Fixed080-YCoCgVarianceClamp,4.677490234375,26.67624424626014,0.1375868022441864,0.04300932213664055
188,chairs,O-T2X-R,2.772656202316284,32.37857153842635,0.0,0.0
188,chairs,ABL-ET2X-R-PreviousRawEdge-CatmullRomRGB-Fixed080,3.9105143547058105,29.31557494884514,0.04665340855717659,0.016709569841623306
188,chairs,ABL-ET2X-R-PreviousRawEdge-CatmullRomRGB-Fixed080-YCoCgVarianceClamp,3.9244954586029053,29.2664497737035,0.029744083061814308,0.015186747536063194
188,thin-chair,O-T2X-R,3.896780252456665,30.58550969043736,0.0,0.0
188,thin-chair,ABL-ET2X-R-PreviousRawEdge-CatmullRomRGB-Fixed080,5.533114433288574,27.357908752688683,0.06331738829612732,0.02036799117922783
188,thin-chair,ABL-ET2X-R-PreviousRawEdge-CatmullRomRGB-Fixed080-YCoCgVarianceClamp,5.55252742767334,27.30662331262996,0.04029717668890953,0.017323138192296028
188,windows,O-T2X-R,3.6632161140441895,29.098410892712096,0.0,0.0
188,windows,ABL-ET2X-R-PreviousRawEdge-CatmullRomRGB-Fixed080,4.696240425109863,26.627878110601422,0.13629867136478424,0.03731657192111015
188,windows,ABL-ET2X-R-PreviousRawEdge-CatmullRomRGB-Fixed080-YCoCgVarianceClamp,4.721647262573242,26.56906215813338,0.10706765949726105,0.03473185747861862
189,chairs,O-T2X-R,2.772656202316284,32.37857153842635,0.0,0.0
189,chairs,ABL-ET2X-R-PreviousRawEdge-CatmullRomRGB-Fixed080,3.937711477279663,29.245295044585372,0.03395641967654228,0.012704086489975452
189,chairs,ABL-ET2X-R-PreviousRawEdge-CatmullRomRGB-Fixed080-YCoCgVarianceClamp,3.9412598609924316,29.224422297954156,0.020638683810830116,0.010670773684978485
189,thin-chair,O-T2X-R,3.896780252456665,30.58550969043736,0.0,0.0
189,thin-chair,ABL-ET2X-R-PreviousRawEdge-CatmullRomRGB-Fixed080,5.571407318115234,27.286893458141677,0.04696924611926079,0.016361050307750702
189,thin-chair,ABL-ET2X-R-PreviousRawEdge-CatmullRomRGB-Fixed080-YCoCgVarianceClamp,5.576408386230469,27.264132528096066,0.02965698391199112,0.012572262436151505
189,windows,O-T2X-R,3.6632161140441895,29.098410892712096,0.0,0.0
189,windows,ABL-ET2X-R-PreviousRawEdge-CatmullRomRGB-Fixed080,4.749316215515137,26.50303456262925,0.10771031677722931,0.029116611927747726
189,windows,ABL-ET2X-R-PreviousRawEdge-CatmullRomRGB-Fixed080-YCoCgVarianceClamp,4.763493061065674,26.47390631903345,0.08158315718173981,0.028101861476898193
190,chairs,O-T2X-R,2.772656202316284,32.37857153842635,0.0,0.0
190,chairs,ABL-ET2X-R-PreviousRawEdge-CatmullRomRGB-Fixed080,3.959439992904663,29.186831527257546,0.024567728862166405,0.009388732723891735
190,chairs,ABL-ET2X-R-PreviousRawEdge-CatmullRomRGB-Fixed080-YCoCgVarianceClamp,3.953808546066284,29.190714798861613,0.013647148385643959,0.00783696211874485
190,thin-chair,O-T2X-R,3.896780252456665,30.58550969043736,0.0,0.0
190,thin-chair,ABL-ET2X-R-PreviousRawEdge-CatmullRomRGB-Fixed080,5.602598190307617,27.22750506406523,0.03374187648296356,0.013227427378296852
190,thin-chair,ABL-ET2X-R-PreviousRawEdge-CatmullRomRGB-Fixed080-YCoCgVarianceClamp,5.59493350982666,27.229228844868768,0.02036605030298233,0.010154449380934238
190,windows,O-T2X-R,3.6632161140441895,29.098410892712096,0.0,0.0
190,windows,ABL-ET2X-R-PreviousRawEdge-CatmullRomRGB-Fixed080,4.797184467315674,26.39100801301991,0.08412939310073853,0.02381069026887417
190,windows,ABL-ET2X-R-PreviousRawEdge-CatmullRomRGB-Fixed080-YCoCgVarianceClamp,4.799739360809326,26.390634675060074,0.06323859840631485,0.02135285548865795
191,chairs,O-T2X-R,2.772656202316284,32.37857153842635,0.0,0.0
191,chairs,ABL-ET2X-R-PreviousRawEdge-CatmullRomRGB-Fixed080,3.9751627445220947,29.14155475472615,0.016946006566286087,0.007628788705915213
191,chairs,ABL-ET2X-R-PreviousRawEdge-CatmullRomRGB-Fixed080-YCoCgVarianceClamp,3.9632325172424316,29.164530542757326,0.00959159154444933,0.004698222037404776
191,thin-chair,O-T2X-R,3.896780252456665,30.58550969043736,0.0,0.0
191,thin-chair,ABL-ET2X-R-PreviousRawEdge-CatmullRomRGB-Fixed080,5.625147819519043,27.181442611820184,0.02354060858488083,0.010214108042418957
191,thin-chair,ABL-ET2X-R-PreviousRawEdge-CatmullRomRGB-Fixed080-YCoCgVarianceClamp,5.609256744384766,27.20144842377367,0.01476029958575964,0.006456652656197548
191,windows,O-T2X-R,3.6632161140441895,29.098410892712096,0.0,0.0
191,windows,ABL-ET2X-R-PreviousRawEdge-CatmullRomRGB-Fixed080,4.840624809265137,26.29015940643512,0.06380224227905273,0.020459771156311035
191,windows,ABL-ET2X-R-PreviousRawEdge-CatmullRomRGB-Fixed080-YCoCgVarianceClamp,4.830826759338379,26.319514864436716,0.044538889080286026,0.020458491519093513
192,chairs,O-T2X-R,2.772656202316284,32.37857153842635,0.0,0.0
192,chairs,ABL-ET2X-R-PreviousRawEdge-CatmullRomRGB-Fixed080,3.9866862297058105,29.106317838680788,0.011652353219687939,0.005293665919452906
192,chairs,ABL-ET2X-R-PreviousRawEdge-CatmullRomRGB-Fixed080-YCoCgVarianceClamp,3.969482421875,29.1462311213036,0.006138583179563284,0.003934596199542284
192,thin-chair,O-T2X-R,3.896780252456665,30.58550969043736,0.0,0.0
192,thin-chair,ABL-ET2X-R-PreviousRawEdge-CatmullRomRGB-Fixed080,5.641749382019043,27.145499127942916,0.016871394589543343,0.006669232621788979
192,thin-chair,ABL-ET2X-R-PreviousRawEdge-CatmullRomRGB-Fixed080-YCoCgVarianceClamp,5.619022369384766,27.181660700483903,0.01001647673547268,0.0055180867202579975
192,windows,O-T2X-R,3.6632161140441895,29.098410892712096,0.0,0.0
192,windows,ABL-ET2X-R-PreviousRawEdge-CatmullRomRGB-Fixed080,4.876253128051758,26.205385478247997,0.046709123998880386,0.0171696487814188
192,windows,ABL-ET2X-R-PreviousRawEdge-CatmullRomRGB-Fixed080-YCoCgVarianceClamp,4.856005668640137,26.260648621204822,0.03226794674992561,0.013890199363231659
193,chairs,O-T2X-R,2.772656202316284,32.37857153842635,0.0,0.0
193,chairs,ABL-ET2X-R-PreviousRawEdge-CatmullRomRGB-Fixed080,3.994661569595337,29.079162976677733,0.007846454158425331,0.003805904882028699
193,chairs,ABL-ET2X-R-PreviousRawEdge-CatmullRomRGB-Fixed080-YCoCgVarianceClamp,3.97412109375,29.1316175270445,0.004851084202528,0.002246701391413808
193,thin-chair,O-T2X-R,3.896780252456665,30.58550969043736,0.0,0.0
193,thin-chair,ABL-ET2X-R-PreviousRawEdge-CatmullRomRGB-Fixed080,5.6540303230285645,27.117137032858665,0.012256193906068802,0.004615208599716425
193,thin-chair,ABL-ET2X-R-PreviousRawEdge-CatmullRomRGB-Fixed080-YCoCgVarianceClamp,5.626627445220947,27.165539177922472,0.007843483239412308,0.0029239559080451727
193,windows,O-T2X-R,3.6632161140441895,29.098410892712096,0.0,0.0
193,windows,ABL-ET2X-R-PreviousRawEdge-CatmullRomRGB-Fixed080,4.904313087463379,26.13496970723873,0.03375580161809921,0.012960466556251049
193,windows,ABL-ET2X-R-PreviousRawEdge-CatmullRomRGB-Fixed080-YCoCgVarianceClamp,4.8760905265808105,26.211975563621948,0.023345384746789932,0.009984100237488747
194,chairs,O-T2X-R,2.772656202316284,32.37857153842635,0.0,0.0
194,chairs,ABL-ET2X-R-PreviousRawEdge-CatmullRomRGB-Fixed080,4.000292778015137,29.0582266588001,0.005356551613658667,0.002489906270056963
194,chairs,ABL-ET2X-R-PreviousRawEdge-CatmullRomRGB-Fixed080-YCoCgVarianceClamp,3.9769856929779053,29.121792065626014,0.002835107035934925,0.002148224739357829
194,thin-chair,O-T2X-R,3.896780252456665,30.58550969043736,0.0,0.0
194,thin-chair,ABL-ET2X-R-PreviousRawEdge-CatmullRomRGB-Fixed080,5.662849426269531,27.095004436487017,0.008590429089963436,0.0036657736636698246
194,thin-chair,ABL-ET2X-R-PreviousRawEdge-CatmullRomRGB-Fixed080-YCoCgVarianceClamp,5.631539821624756,27.154546065488937,0.0049266149289906025,0.00304315029643476
194,windows,O-T2X-R,3.6632161140441895,29.098410892712096,0.0,0.0
194,windows,ABL-ET2X-R-PreviousRawEdge-CatmullRomRGB-Fixed080,4.927001953125,26.076318734585954,0.02458878420293331,0.009180807508528233
194,windows,ABL-ET2X-R-PreviousRawEdge-CatmullRomRGB-Fixed080-YCoCgVarianceClamp,4.892756938934326,26.17119172143954,0.017425162717700005,0.006932792253792286
195,chairs,O-T2X-R,2.772656202316284,32.37857153842635,0.0,0.0
195,chairs,ABL-ET2X-R-PreviousRawEdge-CatmullRomRGB-Fixed080,4.004199028015137,29.04250067141929,0.003778476268053055,0.0015780788380652666
195,chairs,ABL-ET2X-R-PreviousRawEdge-CatmullRomRGB-Fixed080-YCoCgVarianceClamp,3.9791340827941895,29.113909692029665,0.0020611032377928495,0.0008995910175144672
195,thin-chair,O-T2X-R,3.896780252456665,30.58550969043736,0.0,0.0
195,thin-chair,ABL-ET2X-R-PreviousRawEdge-CatmullRomRGB-Fixed080,5.669270992279053,27.07803892424049,0.006346608512103558,0.002243825001642108
195,thin-chair,ABL-ET2X-R-PreviousRawEdge-CatmullRomRGB-Fixed080-YCoCgVarianceClamp,5.635386943817139,27.145520518890592,0.0036650924012064934,0.001375694526359439
195,windows,O-T2X-R,3.6632161140441895,29.098410892712096,0.0,0.0
195,windows,ABL-ET2X-R-PreviousRawEdge-CatmullRomRGB-Fixed080,4.944238185882568,26.029463856026766,0.017765892669558525,0.006829991936683655
195,windows,ABL-ET2X-R-PreviousRawEdge-CatmullRomRGB-Fixed080-YCoCgVarianceClamp,4.905777931213379,26.13846830762793,0.012345390394330025,0.005589466542005539
196,chairs,O-T2X-R,2.772656202316284,32.37857153842635,0.0,0.0
196,chairs,ABL-ET2X-R-PreviousRawEdge-CatmullRomRGB-Fixed080,4.006770610809326,29.03130508971804,0.0024537101853638887,0.001324767479673028
196,chairs,ABL-ET2X-R-PreviousRawEdge-CatmullRomRGB-Fixed080-YCoCgVarianceClamp,3.980436086654663,29.108859986438524,0.0013776265550404787,0.0008653129334561527
196,thin-chair,O-T2X-R,3.896780252456665,30.58550969043736,0.0,0.0
196,thin-chair,ABL-ET2X-R-PreviousRawEdge-CatmullRomRGB-Fixed080,5.67344331741333,27.0661151723819,0.004095808137208223,0.002250801771879196
196,thin-chair,ABL-ET2X-R-PreviousRawEdge-CatmullRomRGB-Fixed080-YCoCgVarianceClamp,5.637724876403809,27.139703159749715,0.0024983659386634827,0.0014973374782130122
196,windows,O-T2X-R,3.6632161140441895,29.098410892712096,0.0,0.0
196,windows,ABL-ET2X-R-PreviousRawEdge-CatmullRomRGB-Fixed080,4.956754684448242,25.993515295317515,0.012636194005608559,0.005129737313836813
196,windows,ABL-ET2X-R-PreviousRawEdge-CatmullRomRGB-Fixed080-YCoCgVarianceClamp,4.9149088859558105,26.114137466335468,0.008699199184775352,0.0044426582753658295
197,chairs,O-T2X-R,2.772656202316284,32.37857153842635,0.0,0.0
197,chairs,ABL-ET2X-R-PreviousRawEdge-CatmullRomRGB-Fixed080,4.0084309577941895,29.023295358628815,0.0016875782748684287,0.0007661334238946438
197,chairs,ABL-ET2X-R-PreviousRawEdge-CatmullRomRGB-Fixed080-YCoCgVarianceClamp,3.981168508529663,29.10574007792915,0.0007324220496229827,0.0006452052039094269
197,thin-chair,O-T2X-R,3.896780252456665,30.58550969043736,0.0,0.0
197,thin-chair,ABL-ET2X-R-PreviousRawEdge-CatmullRomRGB-Fixed080,5.676313877105713,27.057147926556645,0.0029739527963101864,0.0011218584841117263
197,thin-chair,ABL-ET2X-R-PreviousRawEdge-CatmullRomRGB-Fixed080-YCoCgVarianceClamp,5.63905668258667,27.136098899315915,0.001331676496192813,0.001166690606623888
197,windows,O-T2X-R,3.6632161140441895,29.098410892712096,0.0,0.0
197,windows,ABL-ET2X-R-PreviousRawEdge-CatmullRomRGB-Fixed080,4.965836524963379,25.966865481458225,0.009106546640396118,0.003529667854309082
197,windows,ABL-ET2X-R-PreviousRawEdge-CatmullRomRGB-Fixed080-YCoCgVarianceClamp,4.921777248382568,26.09491219895073,0.006151904352009296,0.0028475644066929817
198,chairs,O-T2X-R,2.772656202316284,32.37857153842635,0.0,0.0
198,chairs,ABL-ET2X-R-PreviousRawEdge-CatmullRomRGB-Fixed080,4.009439945220947,29.017985680556304,0.0009796388912945986,0.000707940140273422
198,chairs,ABL-ET2X-R-PreviousRawEdge-CatmullRomRGB-Fixed080-YCoCgVarianceClamp,3.981477975845337,29.104265539636835,0.00038382812635973096,0.0004534182953648269
198,thin-chair,O-T2X-R,3.896780252456665,30.58550969043736,0.0,0.0
198,thin-chair,ABL-ET2X-R-PreviousRawEdge-CatmullRomRGB-Fixed080,5.678089618682861,27.051130073241488,0.001743412809446454,0.0012305408017709851
198,thin-chair,ABL-ET2X-R-PreviousRawEdge-CatmullRomRGB-Fixed080-YCoCgVarianceClamp,5.639618873596191,27.13439535108375,0.0006978693418204784,0.0008243969059549272
198,windows,O-T2X-R,3.6632161140441895,29.098410892712096,0.0,0.0
198,windows,ABL-ET2X-R-PreviousRawEdge-CatmullRomRGB-Fixed080,4.972623825073242,25.946684507834775,0.006290438584983349,0.002816120395436883
198,windows,ABL-ET2X-R-PreviousRawEdge-CatmullRomRGB-Fixed080-YCoCgVarianceClamp,4.926578998565674,26.080781698737937,0.00418092729523778,0.0022782916203141212
199,chairs,O-T2X-R,2.772656202316284,32.37857153842635,0.0,0.0
199,chairs,ABL-ET2X-R-PreviousRawEdge-CatmullRomRGB-Fixed080,4.009749412536621,29.01604822404716,0.00030334951588883996,0.0006762892589904368
199,chairs,ABL-ET2X-R-PreviousRawEdge-CatmullRomRGB-Fixed080-YCoCgVarianceClamp,3.981722116470337,29.102819684575508,0.000244140625,0.00021658212062902749
199,thin-chair,O-T2X-R,3.896780252456665,30.58550969043736,0.0,0.0
199,thin-chair,ABL-ET2X-R-PreviousRawEdge-CatmullRomRGB-Fixed080,5.678651809692383,27.048890248008796,0.0005515445373021066,0.0011918683303520083
199,thin-chair,ABL-ET2X-R-PreviousRawEdge-CatmullRomRGB-Fixed080-YCoCgVarianceClamp,5.6400628089904785,27.13272512107327,0.0004438920586835593,0.0003937856527045369
199,windows,O-T2X-R,3.6632161140441895,29.098410892712096,0.0,0.0
199,windows,ABL-ET2X-R-PreviousRawEdge-CatmullRomRGB-Fixed080,4.977864742279053,25.930630616008315,0.004780906252563,0.0015095429262146354
199,windows,ABL-ET2X-R-PreviousRawEdge-CatmullRomRGB-Fixed080-YCoCgVarianceClamp,4.930094242095947,26.06943395763356,0.002768308389931917,0.0014196763513609767
200,chairs,O-T2X-R,2.772656202316284,32.37857153842635,0.0,0.0
200,chairs,ABL-ET2X-R-PreviousRawEdge-CatmullRomRGB-Fixed080,4.0098958015441895,29.01503189266859,0.0001219433470396325,0.00018140619795303792
200,chairs,ABL-ET2X-R-PreviousRawEdge-CatmullRomRGB-Fixed080-YCoCgVarianceClamp,3.9817545413970947,29.10258262354482,1.3906252206652425e-05,0.00023023437825031579
200,thin-chair,O-T2X-R,3.896780252456665,30.58550969043736,0.0,0.0
200,thin-chair,ABL-ET2X-R-PreviousRawEdge-CatmullRomRGB-Fixed080,5.67891788482666,27.047715253885304,0.00022171517775859684,0.0003298294614069164
200,thin-chair,ABL-ET2X-R-PreviousRawEdge-CatmullRomRGB-Fixed080-YCoCgVarianceClamp,5.640121936798096,27.132451287821425,2.5284096409450285e-05,0.0004186079604551196
200,windows,O-T2X-R,3.6632161140441895,29.098410892712096,0.0,0.0
200,windows,ABL-ET2X-R-PreviousRawEdge-CatmullRomRGB-Fixed080,4.981770992279053,25.91820616816596,0.003337068483233452,0.0014438478974625468
200,windows,ABL-ET2X-R-PreviousRawEdge-CatmullRomRGB-Fixed080-YCoCgVarianceClamp,4.932665824890137,26.060999142688317,0.0018748429138213396,0.0009633167646825314
201,chairs,O-T2X-R,2.772656202316284,32.37857153842635,0.0,0.0
201,chairs,ABL-ET2X-R-PreviousRawEdge-CatmullRomRGB-Fixed080,4.009944438934326,29.014677329411022,4.8828147555468604e-05,7.311524677788839e-05
201,chairs,ABL-ET2X-R-PreviousRawEdge-CatmullRomRGB-Fixed080-YCoCgVarianceClamp,3.9817707538604736,29.102463269042417,3.492187170195393e-05,2.1015619495301507e-05
201,thin-chair,O-T2X-R,3.896780252456665,30.58550969043736,0.0,0.0
201,thin-chair,ABL-ET2X-R-PreviousRawEdge-CatmullRomRGB-Fixed080,5.679007053375244,27.047305759211262,8.877844811649993e-05,0.00013293680967763066
201,thin-chair,ABL-ET2X-R-PreviousRawEdge-CatmullRomRGB-Fixed080-YCoCgVarianceClamp,5.640151500701904,27.132313587816185,6.349431350827217e-05,3.821021891781129e-05
201,windows,O-T2X-R,3.6632161140441895,29.098410892712096,0.0,0.0
201,windows,ABL-ET2X-R-PreviousRawEdge-CatmullRomRGB-Fixed080,4.984521389007568,25.90914263367308,0.002241181442514062,0.0010958949569612741
201,windows,ABL-ET2X-R-PreviousRawEdge-CatmullRomRGB-Fixed080-YCoCgVarianceClamp,4.934326171875,26.05556473500831,0.0011691307881847024,0.0007057182374410331
202,chairs,O-T2X-R,2.772656202316284,32.37857153842635,0.0,0.0
202,chairs,ABL-ET2X-R-PreviousRawEdge-CatmullRomRGB-Fixed080,4.009961128234863,29.014557117512094,3.5253819987701718e-06,4.530276783043519e-05
202,chairs,ABL-ET2X-R-PreviousRawEdge-CatmullRomRGB-Fixed080-YCoCgVarianceClamp,3.9817707538604736,29.102463269042417,0.0,3.492187170195393e-05
202,thin-chair,O-T2X-R,3.896780252456665,30.58550969043736,0.0,0.0
202,thin-chair,ABL-ET2X-R-PreviousRawEdge-CatmullRomRGB-Fixed080,5.679036617279053,27.047166343605827,6.4097853282873984e-06,8.236866415245458e-05
202,thin-chair,ABL-ET2X-R-PreviousRawEdge-CatmullRomRGB-Fixed080-YCoCgVarianceClamp,5.640151500701904,27.132313587816185,0.0,6.349431350827217e-05
202,windows,O-T2X-R,3.6632161140441895,29.098410892712096,0.0,0.0
202,windows,ABL-ET2X-R-PreviousRawEdge-CatmullRomRGB-Fixed080,4.986409664154053,25.903233768144517,0.0014872265746816993,0.0007539596990682185
202,windows,ABL-ET2X-R-PreviousRawEdge-CatmullRomRGB-Fixed080-YCoCgVarianceClamp,4.935270309448242,26.052869792041868,0.0006723239785060287,0.0005737041356042027
203,chairs,O-T2X-R,2.772656202316284,32.37857153842635,0.0,0.0
203,chairs,ABL-ET2X-R-PreviousRawEdge-CatmullRomRGB-Fixed080,4.009961128234863,29.014557117512094,0.0,3.5253819987701718e-06
203,chairs,ABL-ET2X-R-PreviousRawEdge-CatmullRomRGB-Fixed080-YCoCgVarianceClamp,3.9817707538604736,29.102463269042417,0.0,0.0
203,thin-chair,O-T2X-R,3.896780252456665,30.58550969043736,0.0,0.0
203,thin-chair,ABL-ET2X-R-PreviousRawEdge-CatmullRomRGB-Fixed080,5.679036617279053,27.047166343605827,0.0,6.4097853282873984e-06
203,thin-chair,ABL-ET2X-R-PreviousRawEdge-CatmullRomRGB-Fixed080-YCoCgVarianceClamp,5.640151500701904,27.132313587816185,0.0,0.0
203,windows,O-T2X-R,3.6632161140441895,29.098410892712096,0.0,0.0
203,windows,ABL-ET2X-R-PreviousRawEdge-CatmullRomRGB-Fixed080,4.9876790046691895,25.89955996943057,0.0009654877940192819,0.0005217416910454631
203,windows,ABL-ET2X-R-PreviousRawEdge-CatmullRomRGB-Fixed080-YCoCgVarianceClamp,4.935888767242432,26.05130699838099,0.0003807617467828095,0.0003123257774859667
204,chairs,O-T2X-R,2.772656202316284,32.37857153842635,0.0,0.0
204,chairs,ABL-ET2X-R-PreviousRawEdge-CatmullRomRGB-Fixed080,4.009961128234863,29.014557117512094,0.0,0.0
204,chairs,ABL-ET2X-R-PreviousRawEdge-CatmullRomRGB-Fixed080-YCoCgVarianceClamp,3.9817707538604736,29.102463269042417,0.0,0.0
204,thin-chair,O-T2X-R,3.896780252456665,30.58550969043736,0.0,0.0
204,thin-chair,ABL-ET2X-R-PreviousRawEdge-CatmullRomRGB-Fixed080,5.679036617279053,27.047166343605827,0.0,0.0
204,thin-chair,ABL-ET2X-R-PreviousRawEdge-CatmullRomRGB-Fixed080-YCoCgVarianceClamp,5.640151500701904,27.132313587816185,0.0,0.0
204,windows,O-T2X-R,3.6632161140441895,29.098410892712096,0.0,0.0
204,windows,ABL-ET2X-R-PreviousRawEdge-CatmullRomRGB-Fixed080,4.988379001617432,25.897800914672466,0.0004653515643440187,0.0005001375684514642
204,windows,ABL-ET2X-R-PreviousRawEdge-CatmullRomRGB-Fixed080-YCoCgVarianceClamp,4.936230659484863,26.050536074035406,0.00023190383217297494,0.00015590903058182448
205,chairs,O-T2X-R,2.772656202316284,32.37857153842635,0.0,0.0
205,chairs,ABL-ET2X-R-PreviousRawEdge-CatmullRomRGB-Fixed080,4.009961128234863,29.014557117512094,0.0,0.0
205,chairs,ABL-ET2X-R-PreviousRawEdge-CatmullRomRGB-Fixed080-YCoCgVarianceClamp,3.9817707538604736,29.102463269042417,0.0,0.0
205,thin-chair,O-T2X-R,3.896780252456665,30.58550969043736,0.0,0.0
205,thin-chair,ABL-ET2X-R-PreviousRawEdge-CatmullRomRGB-Fixed080,5.679036617279053,27.047166343605827,0.0,0.0
205,thin-chair,ABL-ET2X-R-PreviousRawEdge-CatmullRomRGB-Fixed080-YCoCgVarianceClamp,5.640151500701904,27.132313587816185,0.0,0.0
205,windows,O-T2X-R,3.6632161140441895,29.098410892712096,0.0,0.0
205,windows,ABL-ET2X-R-PreviousRawEdge-CatmullRomRGB-Fixed080,4.988704204559326,25.89691650378508,0.00026752924895845354,0.00019782297022175044
205,windows,ABL-ET2X-R-PreviousRawEdge-CatmullRomRGB-Fixed080-YCoCgVarianceClamp,4.936327934265137,26.050262712007097,6.228499114513397e-05,0.00016961913206614554
206,chairs,O-T2X-R,2.772656202316284,32.37857153842635,0.0,0.0
206,chairs,ABL-ET2X-R-PreviousRawEdge-CatmullRomRGB-Fixed080,4.009961128234863,29.014557117512094,0.0,0.0
206,chairs,ABL-ET2X-R-PreviousRawEdge-CatmullRomRGB-Fixed080-YCoCgVarianceClamp,3.9817707538604736,29.102463269042417,0.0,0.0
206,thin-chair,O-T2X-R,3.896780252456665,30.58550969043736,0.0,0.0
206,thin-chair,ABL-ET2X-R-PreviousRawEdge-CatmullRomRGB-Fixed080,5.679036617279053,27.047166343605827,0.0,0.0
206,thin-chair,ABL-ET2X-R-PreviousRawEdge-CatmullRomRGB-Fixed080-YCoCgVarianceClamp,5.640151500701904,27.132313587816185,0.0,0.0
206,windows,O-T2X-R,3.6632161140441895,29.098410892712096,0.0,0.0
206,windows,ABL-ET2X-R-PreviousRawEdge-CatmullRomRGB-Fixed080,4.9888997077941895,25.89638998444912,0.00014225556515157223,0.00012527387298177928
206,windows,ABL-ET2X-R-PreviousRawEdge-CatmullRomRGB-Fixed080-YCoCgVarianceClamp,4.936360836029053,26.050139581579064,2.0761694031534716e-05,4.152338806306943e-05
207,chairs,O-T2X-R,2.772656202316284,32.37857153842635,0.0,0.0
207,chairs,ABL-ET2X-R-PreviousRawEdge-CatmullRomRGB-Fixed080,4.009961128234863,29.014557117512094,0.0,0.0
207,chairs,ABL-ET2X-R-PreviousRawEdge-CatmullRomRGB-Fixed080-YCoCgVarianceClamp,3.9817707538604736,29.102463269042417,0.0,0.0
207,thin-chair,O-T2X-R,3.896780252456665,30.58550969043736,0.0,0.0
207,thin-chair,ABL-ET2X-R-PreviousRawEdge-CatmullRomRGB-Fixed080,5.679036617279053,27.047166343605827,0.0,0.0
207,thin-chair,ABL-ET2X-R-PreviousRawEdge-CatmullRomRGB-Fixed080-YCoCgVarianceClamp,5.640151500701904,27.132313587816185,0.0,0.0
207,windows,O-T2X-R,3.6632161140441895,29.098410892712096,0.0,0.0
207,windows,ABL-ET2X-R-PreviousRawEdge-CatmullRomRGB-Fixed080,4.988948345184326,25.896222414936258,3.114254286629148e-05,0.00011111311323475093
207,windows,ABL-ET2X-R-PreviousRawEdge-CatmullRomRGB-Fixed080-YCoCgVarianceClamp,4.936360836029053,26.050139581579064,0.0,2.0761694031534716e-05
208,chairs,O-T2X-R,2.772656202316284,32.37857153842635,0.0,0.0
208,chairs,ABL-ET2X-R-PreviousRawEdge-CatmullRomRGB-Fixed080,4.009961128234863,29.014557117512094,0.0,0.0
208,chairs,ABL-ET2X-R-PreviousRawEdge-CatmullRomRGB-Fixed080-YCoCgVarianceClamp,3.9817707538604736,29.102463269042417,0.0,0.0
208,thin-chair,O-T2X-R,3.896780252456665,30.58550969043736,0.0,0.0
208,thin-chair,ABL-ET2X-R-PreviousRawEdge-CatmullRomRGB-Fixed080,5.679036617279053,27.047166343605827,0.0,0.0
208,thin-chair,ABL-ET2X-R-PreviousRawEdge-CatmullRomRGB-Fixed080-YCoCgVarianceClamp,5.640151500701904,27.132313587816185,0.0,0.0
208,windows,O-T2X-R,3.6632161140441895,29.098410892712096,0.0,0.0
208,windows,ABL-ET2X-R-PreviousRawEdge-CatmullRomRGB-Fixed080,4.988965034484863,25.896164579205767,1.038089430949185e-05,2.076174132525921e-05
208,windows,ABL-ET2X-R-PreviousRawEdge-CatmullRomRGB-Fixed080-YCoCgVarianceClamp,4.936360836029053,26.050139581579064,0.0,0.0
209,chairs,O-T2X-R,2.772656202316284,32.37857153842635,0.0,0.0
209,chairs,ABL-ET2X-R-PreviousRawEdge-CatmullRomRGB-Fixed080,4.009961128234863,29.014557117512094,0.0,0.0
209,chairs,ABL-ET2X-R-PreviousRawEdge-CatmullRomRGB-Fixed080-YCoCgVarianceClamp,3.9817707538604736,29.102463269042417,0.0,0.0
209,thin-chair,O-T2X-R,3.896780252456665,30.58550969043736,0.0,0.0
209,thin-chair,ABL-ET2X-R-PreviousRawEdge-CatmullRomRGB-Fixed080,5.679036617279053,27.047166343605827,0.0,0.0
209,thin-chair,ABL-ET2X-R-PreviousRawEdge-CatmullRomRGB-Fixed080-YCoCgVarianceClamp,5.640151500701904,27.132313587816185,0.0,0.0
209,windows,O-T2X-R,3.6632161140441895,29.098410892712096,0.0,0.0
209,windows,ABL-ET2X-R-PreviousRawEdge-CatmullRomRGB-Fixed080,4.988981246948242,25.89610555586395,1.0380847015767358e-05,4.6566129424663316e-11
209,windows,ABL-ET2X-R-PreviousRawEdge-CatmullRomRGB-Fixed080-YCoCgVarianceClamp,4.936360836029053,26.050139581579064,0.0,0.0
210,chairs,O-T2X-R,2.772656202316284,32.37857153842635,0.0,0.0
210,chairs,ABL-ET2X-R-PreviousRawEdge-CatmullRomRGB-Fixed080,4.009961128234863,29.014557117512094,0.0,0.0
210,chairs,ABL-ET2X-R-PreviousRawEdge-CatmullRomRGB-Fixed080-YCoCgVarianceClamp,3.9817707538604736,29.102463269042417,0.0,0.0
210,thin-chair,O-T2X-R,3.896780252456665,30.58550969043736,0.0,0.0
210,thin-chair,ABL-ET2X-R-PreviousRawEdge-CatmullRomRGB-Fixed080,5.679036617279053,27.047166343605827,0.0,0.0
210,thin-chair,ABL-ET2X-R-PreviousRawEdge-CatmullRomRGB-Fixed080-YCoCgVarianceClamp,5.640151500701904,27.132313587816185,0.0,0.0
210,windows,O-T2X-R,3.6632161140441895,29.098410892712096,0.0,0.0
210,windows,ABL-ET2X-R-PreviousRawEdge-CatmullRomRGB-Fixed080,4.988981246948242,25.89610555586395,0.0,1.0380847015767358e-05
210,windows,ABL-ET2X-R-PreviousRawEdge-CatmullRomRGB-Fixed080-YCoCgVarianceClamp,4.936360836029053,26.050139581579064,0.0,0.0
211,chairs,O-T2X-R,2.772656202316284,32.37857153842635,0.0,0.0
211,chairs,ABL-ET2X-R-PreviousRawEdge-CatmullRomRGB-Fixed080,4.009961128234863,29.014557117512094,0.0,0.0
211,chairs,ABL-ET2X-R-PreviousRawEdge-CatmullRomRGB-Fixed080-YCoCgVarianceClamp,3.9817707538604736,29.102463269042417,0.0,0.0
211,thin-chair,O-T2X-R,3.896780252456665,30.58550969043736,0.0,0.0
211,thin-chair,ABL-ET2X-R-PreviousRawEdge-CatmullRomRGB-Fixed080,5.679036617279053,27.047166343605827,0.0,0.0
211,thin-chair,ABL-ET2X-R-PreviousRawEdge-CatmullRomRGB-Fixed080-YCoCgVarianceClamp,5.640151500701904,27.132313587816185,0.0,0.0
211,windows,O-T2X-R,3.6632161140441895,29.098410892712096,0.0,0.0
211,windows,ABL-ET2X-R-PreviousRawEdge-CatmullRomRGB-Fixed080,4.988981246948242,25.89610555586395,0.0,0.0
211,windows,ABL-ET2X-R-PreviousRawEdge-CatmullRomRGB-Fixed080-YCoCgVarianceClamp,4.936360836029053,26.050139581579064,0.0,0.0
212,chairs,O-T2X-R,2.772656202316284,32.37857153842635,0.0,0.0
212,chairs,ABL-ET2X-R-PreviousRawEdge-CatmullRomRGB-Fixed080,4.009961128234863,29.014557117512094,0.0,0.0
212,chairs,ABL-ET2X-R-PreviousRawEdge-CatmullRomRGB-Fixed080-YCoCgVarianceClamp,3.9817707538604736,29.102463269042417,0.0,0.0
212,thin-chair,O-T2X-R,3.896780252456665,30.58550969043736,0.0,0.0
212,thin-chair,ABL-ET2X-R-PreviousRawEdge-CatmullRomRGB-Fixed080,5.679036617279053,27.047166343605827,0.0,0.0
212,thin-chair,ABL-ET2X-R-PreviousRawEdge-CatmullRomRGB-Fixed080-YCoCgVarianceClamp,5.640151500701904,27.132313587816185,0.0,0.0
212,windows,O-T2X-R,3.6632161140441895,29.098410892712096,0.0,0.0
212,windows,ABL-ET2X-R-PreviousRawEdge-CatmullRomRGB-Fixed080,4.988981246948242,25.89610555586395,0.0,0.0
212,windows,ABL-ET2X-R-PreviousRawEdge-CatmullRomRGB-Fixed080-YCoCgVarianceClamp,4.936360836029053,26.050139581579064,0.0,0.0
213,chairs,O-T2X-R,2.772656202316284,32.37857153842635,0.0,0.0
213,chairs,ABL-ET2X-R-PreviousRawEdge-CatmullRomRGB-Fixed080,4.009961128234863,29.014557117512094,0.0,0.0
213,chairs,ABL-ET2X-R-PreviousRawEdge-CatmullRomRGB-Fixed080-YCoCgVarianceClamp,3.9817707538604736,29.102463269042417,0.0,0.0
213,thin-chair,O-T2X-R,3.896780252456665,30.58550969043736,0.0,0.0
213,thin-chair,ABL-ET2X-R-PreviousRawEdge-CatmullRomRGB-Fixed080,5.679036617279053,27.047166343605827,0.0,0.0
213,thin-chair,ABL-ET2X-R-PreviousRawEdge-CatmullRomRGB-Fixed080-YCoCgVarianceClamp,5.640151500701904,27.132313587816185,0.0,0.0
213,windows,O-T2X-R,3.6632161140441895,29.098410892712096,0.0,0.0
213,windows,ABL-ET2X-R-PreviousRawEdge-CatmullRomRGB-Fixed080,4.988981246948242,25.89610555586395,0.0,0.0
213,windows,ABL-ET2X-R-PreviousRawEdge-CatmullRomRGB-Fixed080-YCoCgVarianceClamp,4.936360836029053,26.050139581579064,0.0,0.0
214,chairs,O-T2X-R,2.772656202316284,32.37857153842635,0.0,0.0
214,chairs,ABL-ET2X-R-PreviousRawEdge-CatmullRomRGB-Fixed080,4.009961128234863,29.014557117512094,0.0,0.0
214,chairs,ABL-ET2X-R-PreviousRawEdge-CatmullRomRGB-Fixed080-YCoCgVarianceClamp,3.9817707538604736,29.102463269042417,0.0,0.0
214,thin-chair,O-T2X-R,3.896780252456665,30.58550969043736,0.0,0.0
214,thin-chair,ABL-ET2X-R-PreviousRawEdge-CatmullRomRGB-Fixed080,5.679036617279053,27.047166343605827,0.0,0.0
214,thin-chair,ABL-ET2X-R-PreviousRawEdge-CatmullRomRGB-Fixed080-YCoCgVarianceClamp,5.640151500701904,27.132313587816185,0.0,0.0
214,windows,O-T2X-R,3.6632161140441895,29.098410892712096,0.0,0.0
214,windows,ABL-ET2X-R-PreviousRawEdge-CatmullRomRGB-Fixed080,4.988981246948242,25.89610555586395,0.0,0.0
214,windows,ABL-ET2X-R-PreviousRawEdge-CatmullRomRGB-Fixed080-YCoCgVarianceClamp,4.936360836029053,26.050139581579064,0.0,0.0
215,chairs,O-T2X-R,2.772656202316284,32.37857153842635,0.0,0.0
215,chairs,ABL-ET2X-R-PreviousRawEdge-CatmullRomRGB-Fixed080,4.009961128234863,29.014557117512094,0.0,0.0
215,chairs,ABL-ET2X-R-PreviousRawEdge-CatmullRomRGB-Fixed080-YCoCgVarianceClamp,3.9817707538604736,29.102463269042417,0.0,0.0
215,thin-chair,O-T2X-R,3.896780252456665,30.58550969043736,0.0,0.0
215,thin-chair,ABL-ET2X-R-PreviousRawEdge-CatmullRomRGB-Fixed080,5.679036617279053,27.047166343605827,0.0,0.0
215,thin-chair,ABL-ET2X-R-PreviousRawEdge-CatmullRomRGB-Fixed080-YCoCgVarianceClamp,5.640151500701904,27.132313587816185,0.0,0.0
215,windows,O-T2X-R,3.6632161140441895,29.098410892712096,0.0,0.0
215,windows,ABL-ET2X-R-PreviousRawEdge-CatmullRomRGB-Fixed080,4.988981246948242,25.89610555586395,0.0,0.0
215,windows,ABL-ET2X-R-PreviousRawEdge-CatmullRomRGB-Fixed080-YCoCgVarianceClamp,4.936360836029053,26.050139581579064,0.0,0.0
216,chairs,O-T2X-R,2.772656202316284,32.37857153842635,0.0,0.0
216,chairs,ABL-ET2X-R-PreviousRawEdge-CatmullRomRGB-Fixed080,4.009961128234863,29.014557117512094,0.0,0.0
216,chairs,ABL-ET2X-R-PreviousRawEdge-CatmullRomRGB-Fixed080-YCoCgVarianceClamp,3.9817707538604736,29.102463269042417,0.0,0.0
216,thin-chair,O-T2X-R,3.896780252456665,30.58550969043736,0.0,0.0
216,thin-chair,ABL-ET2X-R-PreviousRawEdge-CatmullRomRGB-Fixed080,5.679036617279053,27.047166343605827,0.0,0.0
216,thin-chair,ABL-ET2X-R-PreviousRawEdge-CatmullRomRGB-Fixed080-YCoCgVarianceClamp,5.640151500701904,27.132313587816185,0.0,0.0
216,windows,O-T2X-R,3.6632161140441895,29.098410892712096,0.0,0.0
216,windows,ABL-ET2X-R-PreviousRawEdge-CatmullRomRGB-Fixed080,4.988981246948242,25.89610555586395,0.0,0.0
216,windows,ABL-ET2X-R-PreviousRawEdge-CatmullRomRGB-Fixed080-YCoCgVarianceClamp,4.936360836029053,26.050139581579064,0.0,0.0
217,chairs,O-T2X-R,2.772656202316284,32.37857153842635,0.0,0.0
217,chairs,ABL-ET2X-R-PreviousRawEdge-CatmullRomRGB-Fixed080,4.009961128234863,29.014557117512094,0.0,0.0
217,chairs,ABL-ET2X-R-PreviousRawEdge-CatmullRomRGB-Fixed080-YCoCgVarianceClamp,3.9817707538604736,29.102463269042417,0.0,0.0
217,thin-chair,O-T2X-R,3.896780252456665,30.58550969043736,0.0,0.0
217,thin-chair,ABL-ET2X-R-PreviousRawEdge-CatmullRomRGB-Fixed080,5.679036617279053,27.047166343605827,0.0,0.0
217,thin-chair,ABL-ET2X-R-PreviousRawEdge-CatmullRomRGB-Fixed080-YCoCgVarianceClamp,5.640151500701904,27.132313587816185,0.0,0.0
217,windows,O-T2X-R,3.6632161140441895,29.098410892712096,0.0,0.0
217,windows,ABL-ET2X-R-PreviousRawEdge-CatmullRomRGB-Fixed080,4.988981246948242,25.89610555586395,0.0,0.0
217,windows,ABL-ET2X-R-PreviousRawEdge-CatmullRomRGB-Fixed080-YCoCgVarianceClamp,4.936360836029053,26.050139581579064,0.0,0.0
218,chairs,O-T2X-R,2.772656202316284,32.37857153842635,0.0,0.0
218,chairs,ABL-ET2X-R-PreviousRawEdge-CatmullRomRGB-Fixed080,4.009961128234863,29.014557117512094,0.0,0.0
218,chairs,ABL-ET2X-R-PreviousRawEdge-CatmullRomRGB-Fixed080-YCoCgVarianceClamp,3.9817707538604736,29.102463269042417,0.0,0.0
218,thin-chair,O-T2X-R,3.896780252456665,30.58550969043736,0.0,0.0
218,thin-chair,ABL-ET2X-R-PreviousRawEdge-CatmullRomRGB-Fixed080,5.679036617279053,27.047166343605827,0.0,0.0
218,thin-chair,ABL-ET2X-R-PreviousRawEdge-CatmullRomRGB-Fixed080-YCoCgVarianceClamp,5.640151500701904,27.132313587816185,0.0,0.0
218,windows,O-T2X-R,3.6632161140441895,29.098410892712096,0.0,0.0
218,windows,ABL-ET2X-R-PreviousRawEdge-CatmullRomRGB-Fixed080,4.988981246948242,25.89610555586395,0.0,0.0
218,windows,ABL-ET2X-R-PreviousRawEdge-CatmullRomRGB-Fixed080-YCoCgVarianceClamp,4.936360836029053,26.050139581579064,0.0,0.0
219,chairs,O-T2X-R,2.772656202316284,32.37857153842635,0.0,0.0
219,chairs,ABL-ET2X-R-PreviousRawEdge-CatmullRomRGB-Fixed080,4.009961128234863,29.014557117512094,0.0,0.0
219,chairs,ABL-ET2X-R-PreviousRawEdge-CatmullRomRGB-Fixed080-YCoCgVarianceClamp,3.9817707538604736,29.102463269042417,0.0,0.0
219,thin-chair,O-T2X-R,3.896780252456665,30.58550969043736,0.0,0.0
219,thin-chair,ABL-ET2X-R-PreviousRawEdge-CatmullRomRGB-Fixed080,5.679036617279053,27.047166343605827,0.0,0.0
219,thin-chair,ABL-ET2X-R-PreviousRawEdge-CatmullRomRGB-Fixed080-YCoCgVarianceClamp,5.640151500701904,27.132313587816185,0.0,0.0
219,windows,O-T2X-R,3.6632161140441895,29.098410892712096,0.0,0.0
219,windows,ABL-ET2X-R-PreviousRawEdge-CatmullRomRGB-Fixed080,4.988981246948242,25.89610555586395,0.0,0.0
219,windows,ABL-ET2X-R-PreviousRawEdge-CatmullRomRGB-Fixed080-YCoCgVarianceClamp,4.936360836029053,26.050139581579064,0.0,0.0
220,chairs,O-T2X-R,2.772656202316284,32.37857153842635,0.0,0.0
220,chairs,ABL-ET2X-R-PreviousRawEdge-CatmullRomRGB-Fixed080,4.009961128234863,29.014557117512094,0.0,0.0
220,chairs,ABL-ET2X-R-PreviousRawEdge-CatmullRomRGB-Fixed080-YCoCgVarianceClamp,3.9817707538604736,29.102463269042417,0.0,0.0
220,thin-chair,O-T2X-R,3.896780252456665,30.58550969043736,0.0,0.0
220,thin-chair,ABL-ET2X-R-PreviousRawEdge-CatmullRomRGB-Fixed080,5.679036617279053,27.047166343605827,0.0,0.0
220,thin-chair,ABL-ET2X-R-PreviousRawEdge-CatmullRomRGB-Fixed080-YCoCgVarianceClamp,5.640151500701904,27.132313587816185,0.0,0.0
220,windows,O-T2X-R,3.6632161140441895,29.098410892712096,0.0,0.0
220,windows,ABL-ET2X-R-PreviousRawEdge-CatmullRomRGB-Fixed080,4.988981246948242,25.89610555586395,0.0,0.0
220,windows,ABL-ET2X-R-PreviousRawEdge-CatmullRomRGB-Fixed080-YCoCgVarianceClamp,4.936360836029053,26.050139581579064,0.0,0.0
221,chairs,O-T2X-R,2.772656202316284,32.37857153842635,0.0,0.0
221,chairs,ABL-ET2X-R-PreviousRawEdge-CatmullRomRGB-Fixed080,4.009961128234863,29.014557117512094,0.0,0.0
221,chairs,ABL-ET2X-R-PreviousRawEdge-CatmullRomRGB-Fixed080-YCoCgVarianceClamp,3.9817707538604736,29.102463269042417,0.0,0.0
221,thin-chair,O-T2X-R,3.896780252456665,30.58550969043736,0.0,0.0
221,thin-chair,ABL-ET2X-R-PreviousRawEdge-CatmullRomRGB-Fixed080,5.679036617279053,27.047166343605827,0.0,0.0
221,thin-chair,ABL-ET2X-R-PreviousRawEdge-CatmullRomRGB-Fixed080-YCoCgVarianceClamp,5.640151500701904,27.132313587816185,0.0,0.0
221,windows,O-T2X-R,3.6632161140441895,29.098410892712096,0.0,0.0
221,windows,ABL-ET2X-R-PreviousRawEdge-CatmullRomRGB-Fixed080,4.988981246948242,25.89610555586395,0.0,0.0
221,windows,ABL-ET2X-R-PreviousRawEdge-CatmullRomRGB-Fixed080-YCoCgVarianceClamp,4.936360836029053,26.050139581579064,0.0,0.0
222,chairs,O-T2X-R,2.772656202316284,32.37857153842635,0.0,0.0
222,chairs,ABL-ET2X-R-PreviousRawEdge-CatmullRomRGB-Fixed080,4.009961128234863,29.014557117512094,0.0,0.0
222,chairs,ABL-ET2X-R-PreviousRawEdge-CatmullRomRGB-Fixed080-YCoCgVarianceClamp,3.9817707538604736,29.102463269042417,0.0,0.0
222,thin-chair,O-T2X-R,3.896780252456665,30.58550969043736,0.0,0.0
222,thin-chair,ABL-ET2X-R-PreviousRawEdge-CatmullRomRGB-Fixed080,5.679036617279053,27.047166343605827,0.0,0.0
222,thin-chair,ABL-ET2X-R-PreviousRawEdge-CatmullRomRGB-Fixed080-YCoCgVarianceClamp,5.640151500701904,27.132313587816185,0.0,0.0
222,windows,O-T2X-R,3.6632161140441895,29.098410892712096,0.0,0.0
222,windows,ABL-ET2X-R-PreviousRawEdge-CatmullRomRGB-Fixed080,4.988981246948242,25.89610555586395,0.0,0.0
222,windows,ABL-ET2X-R-PreviousRawEdge-CatmullRomRGB-Fixed080-YCoCgVarianceClamp,4.936360836029053,26.050139581579064,0.0,0.0
223,chairs,O-T2X-R,2.772656202316284,32.37857153842635,0.0,0.0
223,chairs,ABL-ET2X-R-PreviousRawEdge-CatmullRomRGB-Fixed080,4.009961128234863,29.014557117512094,0.0,0.0
223,chairs,ABL-ET2X-R-PreviousRawEdge-CatmullRomRGB-Fixed080-YCoCgVarianceClamp,3.9817707538604736,29.102463269042417,0.0,0.0
223,thin-chair,O-T2X-R,3.896780252456665,30.58550969043736,0.0,0.0
223,thin-chair,ABL-ET2X-R-PreviousRawEdge-CatmullRomRGB-Fixed080,5.679036617279053,27.047166343605827,0.0,0.0
223,thin-chair,ABL-ET2X-R-PreviousRawEdge-CatmullRomRGB-Fixed080-YCoCgVarianceClamp,5.640151500701904,27.132313587816185,0.0,0.0
223,windows,O-T2X-R,3.6632161140441895,29.098410892712096,0.0,0.0
223,windows,ABL-ET2X-R-PreviousRawEdge-CatmullRomRGB-Fixed080,4.988981246948242,25.89610555586395,0.0,0.0
223,windows,ABL-ET2X-R-PreviousRawEdge-CatmullRomRGB-Fixed080-YCoCgVarianceClamp,4.936360836029053,26.050139581579064,0.0,0.0
224,chairs,O-T2X-R,2.772656202316284,32.37857153842635,0.0,0.0
224,chairs,ABL-ET2X-R-PreviousRawEdge-CatmullRomRGB-Fixed080,4.009961128234863,29.014557117512094,0.0,0.0
224,chairs,ABL-ET2X-R-PreviousRawEdge-CatmullRomRGB-Fixed080-YCoCgVarianceClamp,3.9817707538604736,29.102463269042417,0.0,0.0
224,thin-chair,O-T2X-R,3.896780252456665,30.58550969043736,0.0,0.0
224,thin-chair,ABL-ET2X-R-PreviousRawEdge-CatmullRomRGB-Fixed080,5.679036617279053,27.047166343605827,0.0,0.0
224,thin-chair,ABL-ET2X-R-PreviousRawEdge-CatmullRomRGB-Fixed080-YCoCgVarianceClamp,5.640151500701904,27.132313587816185,0.0,0.0
224,windows,O-T2X-R,3.6632161140441895,29.098410892712096,0.0,0.0
224,windows,ABL-ET2X-R-PreviousRawEdge-CatmullRomRGB-Fixed080,4.988981246948242,25.89610555586395,0.0,0.0
224,windows,ABL-ET2X-R-PreviousRawEdge-CatmullRomRGB-Fixed080-YCoCgVarianceClamp,4.936360836029053,26.050139581579064,0.0,0.0
225,chairs,O-T2X-R,2.772656202316284,32.37857153842635,0.0,0.0
225,chairs,ABL-ET2X-R-PreviousRawEdge-CatmullRomRGB-Fixed080,4.009961128234863,29.014557117512094,0.0,0.0
225,chairs,ABL-ET2X-R-PreviousRawEdge-CatmullRomRGB-Fixed080-YCoCgVarianceClamp,3.9817707538604736,29.102463269042417,0.0,0.0
225,thin-chair,O-T2X-R,3.896780252456665,30.58550969043736,0.0,0.0
225,thin-chair,ABL-ET2X-R-PreviousRawEdge-CatmullRomRGB-Fixed080,5.679036617279053,27.047166343605827,0.0,0.0
225,thin-chair,ABL-ET2X-R-PreviousRawEdge-CatmullRomRGB-Fixed080-YCoCgVarianceClamp,5.640151500701904,27.132313587816185,0.0,0.0
225,windows,O-T2X-R,3.6632161140441895,29.098410892712096,0.0,0.0
225,windows,ABL-ET2X-R-PreviousRawEdge-CatmullRomRGB-Fixed080,4.988981246948242,25.89610555586395,0.0,0.0
225,windows,ABL-ET2X-R-PreviousRawEdge-CatmullRomRGB-Fixed080-YCoCgVarianceClamp,4.936360836029053,26.050139581579064,0.0,0.0
226,chairs,O-T2X-R,2.772656202316284,32.37857153842635,0.0,0.0
226,chairs,ABL-ET2X-R-PreviousRawEdge-CatmullRomRGB-Fixed080,4.009961128234863,29.014557117512094,0.0,0.0
226,chairs,ABL-ET2X-R-PreviousRawEdge-CatmullRomRGB-Fixed080-YCoCgVarianceClamp,3.9817707538604736,29.102463269042417,0.0,0.0
226,thin-chair,O-T2X-R,3.896780252456665,30.58550969043736,0.0,0.0
226,thin-chair,ABL-ET2X-R-PreviousRawEdge-CatmullRomRGB-Fixed080,5.679036617279053,27.047166343605827,0.0,0.0
226,thin-chair,ABL-ET2X-R-PreviousRawEdge-CatmullRomRGB-Fixed080-YCoCgVarianceClamp,5.640151500701904,27.132313587816185,0.0,0.0
226,windows,O-T2X-R,3.6632161140441895,29.098410892712096,0.0,0.0
226,windows,ABL-ET2X-R-PreviousRawEdge-CatmullRomRGB-Fixed080,4.988981246948242,25.89610555586395,0.0,0.0
226,windows,ABL-ET2X-R-PreviousRawEdge-CatmullRomRGB-Fixed080-YCoCgVarianceClamp,4.936360836029053,26.050139581579064,0.0,0.0
227,chairs,O-T2X-R,2.772656202316284,32.37857153842635,0.0,0.0
227,chairs,ABL-ET2X-R-PreviousRawEdge-CatmullRomRGB-Fixed080,4.009961128234863,29.014557117512094,0.0,0.0
227,chairs,ABL-ET2X-R-PreviousRawEdge-CatmullRomRGB-Fixed080-YCoCgVarianceClamp,3.9817707538604736,29.102463269042417,0.0,0.0
227,thin-chair,O-T2X-R,3.896780252456665,30.58550969043736,0.0,0.0
227,thin-chair,ABL-ET2X-R-PreviousRawEdge-CatmullRomRGB-Fixed080,5.679036617279053,27.047166343605827,0.0,0.0
227,thin-chair,ABL-ET2X-R-PreviousRawEdge-CatmullRomRGB-Fixed080-YCoCgVarianceClamp,5.640151500701904,27.132313587816185,0.0,0.0
227,windows,O-T2X-R,3.6632161140441895,29.098410892712096,0.0,0.0
227,windows,ABL-ET2X-R-PreviousRawEdge-CatmullRomRGB-Fixed080,4.988981246948242,25.89610555586395,0.0,0.0
227,windows,ABL-ET2X-R-PreviousRawEdge-CatmullRomRGB-Fixed080-YCoCgVarianceClamp,4.936360836029053,26.050139581579064,0.0,0.0
228,chairs,O-T2X-R,2.772656202316284,32.37857153842635,0.0,0.0
228,chairs,ABL-ET2X-R-PreviousRawEdge-CatmullRomRGB-Fixed080,4.009961128234863,29.014557117512094,0.0,0.0
228,chairs,ABL-ET2X-R-PreviousRawEdge-CatmullRomRGB-Fixed080-YCoCgVarianceClamp,3.9817707538604736,29.102463269042417,0.0,0.0
228,thin-chair,O-T2X-R,3.896780252456665,30.58550969043736,0.0,0.0
228,thin-chair,ABL-ET2X-R-PreviousRawEdge-CatmullRomRGB-Fixed080,5.679036617279053,27.047166343605827,0.0,0.0
228,thin-chair,ABL-ET2X-R-PreviousRawEdge-CatmullRomRGB-Fixed080-YCoCgVarianceClamp,5.640151500701904,27.132313587816185,0.0,0.0
228,windows,O-T2X-R,3.6632161140441895,29.098410892712096,0.0,0.0
228,windows,ABL-ET2X-R-PreviousRawEdge-CatmullRomRGB-Fixed080,4.988981246948242,25.89610555586395,0.0,0.0
228,windows,ABL-ET2X-R-PreviousRawEdge-CatmullRomRGB-Fixed080-YCoCgVarianceClamp,4.936360836029053,26.050139581579064,0.0,0.0
229,chairs,O-T2X-R,2.772656202316284,32.37857153842635,0.0,0.0
229,chairs,ABL-ET2X-R-PreviousRawEdge-CatmullRomRGB-Fixed080,4.009961128234863,29.014557117512094,0.0,0.0
229,chairs,ABL-ET2X-R-PreviousRawEdge-CatmullRomRGB-Fixed080-YCoCgVarianceClamp,3.9817707538604736,29.102463269042417,0.0,0.0
229,thin-chair,O-T2X-R,3.896780252456665,30.58550969043736,0.0,0.0
229,thin-chair,ABL-ET2X-R-PreviousRawEdge-CatmullRomRGB-Fixed080,5.679036617279053,27.047166343605827,0.0,0.0
229,thin-chair,ABL-ET2X-R-PreviousRawEdge-CatmullRomRGB-Fixed080-YCoCgVarianceClamp,5.640151500701904,27.132313587816185,0.0,0.0
229,windows,O-T2X-R,3.6632161140441895,29.098410892712096,0.0,0.0
229,windows,ABL-ET2X-R-PreviousRawEdge-CatmullRomRGB-Fixed080,4.988981246948242,25.89610555586395,0.0,0.0
229,windows,ABL-ET2X-R-PreviousRawEdge-CatmullRomRGB-Fixed080-YCoCgVarianceClamp,4.936360836029053,26.050139581579064,0.0,0.0
230,chairs,O-T2X-R,2.772656202316284,32.37857153842635,0.0,0.0
230,chairs,ABL-ET2X-R-PreviousRawEdge-CatmullRomRGB-Fixed080,4.009961128234863,29.014557117512094,0.0,0.0
230,chairs,ABL-ET2X-R-PreviousRawEdge-CatmullRomRGB-Fixed080-YCoCgVarianceClamp,3.9817707538604736,29.102463269042417,0.0,0.0
230,thin-chair,O-T2X-R,3.896780252456665,30.58550969043736,0.0,0.0
230,thin-chair,ABL-ET2X-R-PreviousRawEdge-CatmullRomRGB-Fixed080,5.679036617279053,27.047166343605827,0.0,0.0
230,thin-chair,ABL-ET2X-R-PreviousRawEdge-CatmullRomRGB-Fixed080-YCoCgVarianceClamp,5.640151500701904,27.132313587816185,0.0,0.0
230,windows,O-T2X-R,3.6632161140441895,29.098410892712096,0.0,0.0
230,windows,ABL-ET2X-R-PreviousRawEdge-CatmullRomRGB-Fixed080,4.988981246948242,25.89610555586395,0.0,0.0
230,windows,ABL-ET2X-R-PreviousRawEdge-CatmullRomRGB-Fixed080-YCoCgVarianceClamp,4.936360836029053,26.050139581579064,0.0,0.0
231,chairs,O-T2X-R,2.772656202316284,32.37857153842635,0.0,0.0
231,chairs,ABL-ET2X-R-PreviousRawEdge-CatmullRomRGB-Fixed080,4.009961128234863,29.014557117512094,0.0,0.0
231,chairs,ABL-ET2X-R-PreviousRawEdge-CatmullRomRGB-Fixed080-YCoCgVarianceClamp,3.9817707538604736,29.102463269042417,0.0,0.0
231,thin-chair,O-T2X-R,3.896780252456665,30.58550969043736,0.0,0.0
231,thin-chair,ABL-ET2X-R-PreviousRawEdge-CatmullRomRGB-Fixed080,5.679036617279053,27.047166343605827,0.0,0.0
231,thin-chair,ABL-ET2X-R-PreviousRawEdge-CatmullRomRGB-Fixed080-YCoCgVarianceClamp,5.640151500701904,27.132313587816185,0.0,0.0
231,windows,O-T2X-R,3.6632161140441895,29.098410892712096,0.0,0.0
231,windows,ABL-ET2X-R-PreviousRawEdge-CatmullRomRGB-Fixed080,4.988981246948242,25.89610555586395,0.0,0.0
231,windows,ABL-ET2X-R-PreviousRawEdge-CatmullRomRGB-Fixed080-YCoCgVarianceClamp,4.936360836029053,26.050139581579064,0.0,0.0
232,chairs,O-T2X-R,2.772656202316284,32.37857153842635,0.0,0.0
232,chairs,ABL-ET2X-R-PreviousRawEdge-CatmullRomRGB-Fixed080,4.009961128234863,29.014557117512094,0.0,0.0
232,chairs,ABL-ET2X-R-PreviousRawEdge-CatmullRomRGB-Fixed080-YCoCgVarianceClamp,3.9817707538604736,29.102463269042417,0.0,0.0
232,thin-chair,O-T2X-R,3.896780252456665,30.58550969043736,0.0,0.0
232,thin-chair,ABL-ET2X-R-PreviousRawEdge-CatmullRomRGB-Fixed080,5.679036617279053,27.047166343605827,0.0,0.0
232,thin-chair,ABL-ET2X-R-PreviousRawEdge-CatmullRomRGB-Fixed080-YCoCgVarianceClamp,5.640151500701904,27.132313587816185,0.0,0.0
232,windows,O-T2X-R,3.6632161140441895,29.098410892712096,0.0,0.0
232,windows,ABL-ET2X-R-PreviousRawEdge-CatmullRomRGB-Fixed080,4.988981246948242,25.89610555586395,0.0,0.0
232,windows,ABL-ET2X-R-PreviousRawEdge-CatmullRomRGB-Fixed080-YCoCgVarianceClamp,4.936360836029053,26.050139581579064,0.0,0.0
233,chairs,O-T2X-R,2.772656202316284,32.37857153842635,0.0,0.0
233,chairs,ABL-ET2X-R-PreviousRawEdge-CatmullRomRGB-Fixed080,4.009961128234863,29.014557117512094,0.0,0.0
233,chairs,ABL-ET2X-R-PreviousRawEdge-CatmullRomRGB-Fixed080-YCoCgVarianceClamp,3.9817707538604736,29.102463269042417,0.0,0.0
233,thin-chair,O-T2X-R,3.896780252456665,30.58550969043736,0.0,0.0
233,thin-chair,ABL-ET2X-R-PreviousRawEdge-CatmullRomRGB-Fixed080,5.679036617279053,27.047166343605827,0.0,0.0
233,thin-chair,ABL-ET2X-R-PreviousRawEdge-CatmullRomRGB-Fixed080-YCoCgVarianceClamp,5.640151500701904,27.132313587816185,0.0,0.0
233,windows,O-T2X-R,3.6632161140441895,29.098410892712096,0.0,0.0
233,windows,ABL-ET2X-R-PreviousRawEdge-CatmullRomRGB-Fixed080,4.988981246948242,25.89610555586395,0.0,0.0
233,windows,ABL-ET2X-R-PreviousRawEdge-CatmullRomRGB-Fixed080-YCoCgVarianceClamp,4.936360836029053,26.050139581579064,0.0,0.0
234,chairs,O-T2X-R,2.772656202316284,32.37857153842635,0.0,0.0
234,chairs,ABL-ET2X-R-PreviousRawEdge-CatmullRomRGB-Fixed080,4.009961128234863,29.014557117512094,0.0,0.0
234,chairs,ABL-ET2X-R-PreviousRawEdge-CatmullRomRGB-Fixed080-YCoCgVarianceClamp,3.9817707538604736,29.102463269042417,0.0,0.0
234,thin-chair,O-T2X-R,3.896780252456665,30.58550969043736,0.0,0.0
234,thin-chair,ABL-ET2X-R-PreviousRawEdge-CatmullRomRGB-Fixed080,5.679036617279053,27.047166343605827,0.0,0.0
234,thin-chair,ABL-ET2X-R-PreviousRawEdge-CatmullRomRGB-Fixed080-YCoCgVarianceClamp,5.640151500701904,27.132313587816185,0.0,0.0
234,windows,O-T2X-R,3.6632161140441895,29.098410892712096,0.0,0.0
234,windows,ABL-ET2X-R-PreviousRawEdge-CatmullRomRGB-Fixed080,4.988981246948242,25.89610555586395,0.0,0.0
234,windows,ABL-ET2X-R-PreviousRawEdge-CatmullRomRGB-Fixed080-YCoCgVarianceClamp,4.936360836029053,26.050139581579064,0.0,0.0
235,chairs,O-T2X-R,2.772656202316284,32.37857153842635,0.0,0.0
235,chairs,ABL-ET2X-R-PreviousRawEdge-CatmullRomRGB-Fixed080,4.009961128234863,29.014557117512094,0.0,0.0
235,chairs,ABL-ET2X-R-PreviousRawEdge-CatmullRomRGB-Fixed080-YCoCgVarianceClamp,3.9817707538604736,29.102463269042417,0.0,0.0
235,thin-chair,O-T2X-R,3.896780252456665,30.58550969043736,0.0,0.0
235,thin-chair,ABL-ET2X-R-PreviousRawEdge-CatmullRomRGB-Fixed080,5.679036617279053,27.047166343605827,0.0,0.0
235,thin-chair,ABL-ET2X-R-PreviousRawEdge-CatmullRomRGB-Fixed080-YCoCgVarianceClamp,5.640151500701904,27.132313587816185,0.0,0.0
235,windows,O-T2X-R,3.6632161140441895,29.098410892712096,0.0,0.0
235,windows,ABL-ET2X-R-PreviousRawEdge-CatmullRomRGB-Fixed080,4.988981246948242,25.89610555586395,0.0,0.0
235,windows,ABL-ET2X-R-PreviousRawEdge-CatmullRomRGB-Fixed080-YCoCgVarianceClamp,4.936360836029053,26.050139581579064,0.0,0.0
236,chairs,O-T2X-R,2.772656202316284,32.37857153842635,0.0,0.0
236,chairs,ABL-ET2X-R-PreviousRawEdge-CatmullRomRGB-Fixed080,4.009961128234863,29.014557117512094,0.0,0.0
236,chairs,ABL-ET2X-R-PreviousRawEdge-CatmullRomRGB-Fixed080-YCoCgVarianceClamp,3.9817707538604736,29.102463269042417,0.0,0.0
236,thin-chair,O-T2X-R,3.896780252456665,30.58550969043736,0.0,0.0
236,thin-chair,ABL-ET2X-R-PreviousRawEdge-CatmullRomRGB-Fixed080,5.679036617279053,27.047166343605827,0.0,0.0
236,thin-chair,ABL-ET2X-R-PreviousRawEdge-CatmullRomRGB-Fixed080-YCoCgVarianceClamp,5.640151500701904,27.132313587816185,0.0,0.0
236,windows,O-T2X-R,3.6632161140441895,29.098410892712096,0.0,0.0
236,windows,ABL-ET2X-R-PreviousRawEdge-CatmullRomRGB-Fixed080,4.988981246948242,25.89610555586395,0.0,0.0
236,windows,ABL-ET2X-R-PreviousRawEdge-CatmullRomRGB-Fixed080-YCoCgVarianceClamp,4.936360836029053,26.050139581579064,0.0,0.0
237,chairs,O-T2X-R,2.772656202316284,32.37857153842635,0.0,0.0
237,chairs,ABL-ET2X-R-PreviousRawEdge-CatmullRomRGB-Fixed080,4.009961128234863,29.014557117512094,0.0,0.0
237,chairs,ABL-ET2X-R-PreviousRawEdge-CatmullRomRGB-Fixed080-YCoCgVarianceClamp,3.9817707538604736,29.102463269042417,0.0,0.0
237,thin-chair,O-T2X-R,3.896780252456665,30.58550969043736,0.0,0.0
237,thin-chair,ABL-ET2X-R-PreviousRawEdge-CatmullRomRGB-Fixed080,5.679036617279053,27.047166343605827,0.0,0.0
237,thin-chair,ABL-ET2X-R-PreviousRawEdge-CatmullRomRGB-Fixed080-YCoCgVarianceClamp,5.640151500701904,27.132313587816185,0.0,0.0
237,windows,O-T2X-R,3.6632161140441895,29.098410892712096,0.0,0.0
237,windows,ABL-ET2X-R-PreviousRawEdge-CatmullRomRGB-Fixed080,4.988981246948242,25.89610555586395,0.0,0.0
237,windows,ABL-ET2X-R-PreviousRawEdge-CatmullRomRGB-Fixed080-YCoCgVarianceClamp,4.936360836029053,26.050139581579064,0.0,0.0
238,chairs,O-T2X-R,2.772656202316284,32.37857153842635,0.0,0.0
238,chairs,ABL-ET2X-R-PreviousRawEdge-CatmullRomRGB-Fixed080,4.009961128234863,29.014557117512094,0.0,0.0
238,chairs,ABL-ET2X-R-PreviousRawEdge-CatmullRomRGB-Fixed080-YCoCgVarianceClamp,3.9817707538604736,29.102463269042417,0.0,0.0
238,thin-chair,O-T2X-R,3.896780252456665,30.58550969043736,0.0,0.0
238,thin-chair,ABL-ET2X-R-PreviousRawEdge-CatmullRomRGB-Fixed080,5.679036617279053,27.047166343605827,0.0,0.0
238,thin-chair,ABL-ET2X-R-PreviousRawEdge-CatmullRomRGB-Fixed080-YCoCgVarianceClamp,5.640151500701904,27.132313587816185,0.0,0.0
238,windows,O-T2X-R,3.6632161140441895,29.098410892712096,0.0,0.0
238,windows,ABL-ET2X-R-PreviousRawEdge-CatmullRomRGB-Fixed080,4.988981246948242,25.89610555586395,0.0,0.0
238,windows,ABL-ET2X-R-PreviousRawEdge-CatmullRomRGB-Fixed080-YCoCgVarianceClamp,4.936360836029053,26.050139581579064,0.0,0.0
239,chairs,O-T2X-R,2.772656202316284,32.37857153842635,0.0,0.0
239,chairs,ABL-ET2X-R-PreviousRawEdge-CatmullRomRGB-Fixed080,4.009961128234863,29.014557117512094,0.0,0.0
239,chairs,ABL-ET2X-R-PreviousRawEdge-CatmullRomRGB-Fixed080-YCoCgVarianceClamp,3.9817707538604736,29.102463269042417,0.0,0.0
239,thin-chair,O-T2X-R,3.896780252456665,30.58550969043736,0.0,0.0
239,thin-chair,ABL-ET2X-R-PreviousRawEdge-CatmullRomRGB-Fixed080,5.679036617279053,27.047166343605827,0.0,0.0
239,thin-chair,ABL-ET2X-R-PreviousRawEdge-CatmullRomRGB-Fixed080-YCoCgVarianceClamp,5.640151500701904,27.132313587816185,0.0,0.0
239,windows,O-T2X-R,3.6632161140441895,29.098410892712096,0.0,0.0
239,windows,ABL-ET2X-R-PreviousRawEdge-CatmullRomRGB-Fixed080,4.988981246948242,25.89610555586395,0.0,0.0
239,windows,ABL-ET2X-R-PreviousRawEdge-CatmullRomRGB-Fixed080-YCoCgVarianceClamp,4.936360836029053,26.050139581579064,0.0,0.0
