scene,case,mode,frame,roi,rgb_mae,mse,psnr
bistro,4,O-T2X-R,0,full,0.977876603603363,11.971440315246582,37.34933956214778
bistro,4,O-T2X-R,0,chair,6.6784443855285645,151.0954132080078,26.338290801734075
bistro,4,O-T2X-R,0,chairs-wide,3.0630667209625244,51.8836555480957,30.98049793447444
bistro,6,O-ET2X-R-CurrentEdge-Point,0,full,0.6764687299728394,6.522882461547852,39.98640808002496
bistro,6,O-ET2X-R-CurrentEdge-Point,0,chair,5.546253681182861,109.38745880126953,27.741128275872825
bistro,6,O-ET2X-R-CurrentEdge-Point,0,chairs-wide,2.4543728828430176,35.7796516418457,32.59444252997669
bistro,9,O-ET2X-R-PreviousRawEdge-Point,0,full,0.6764687299728394,6.522882461547852,39.98640808002496
bistro,9,O-ET2X-R-PreviousRawEdge-Point,0,chair,5.546253681182861,109.38745880126953,27.741128275872825
bistro,9,O-ET2X-R-PreviousRawEdge-Point,0,chairs-wide,2.4543728828430176,35.7796516418457,32.59444252997669
bistro,10,ABL-ET2X-R-PreviousRawEdge-BilinearRGB,0,full,0.6764687299728394,6.522882461547852,39.98640808002496
bistro,10,ABL-ET2X-R-PreviousRawEdge-BilinearRGB,0,chair,5.546253681182861,109.38745880126953,27.741128275872825
bistro,10,ABL-ET2X-R-PreviousRawEdge-BilinearRGB,0,chairs-wide,2.4543728828430176,35.7796516418457,32.59444252997669
bistro,4,O-T2X-R,1,full,0.5562146306037903,3.7036659717559814,42.44448549479141
bistro,4,O-T2X-R,1,chair,3.863340377807617,54.42229080200195,30.773035422457546
bistro,4,O-T2X-R,1,chairs-wide,1.6805254220962524,17.23799705505371,35.76593558687355
bistro,6,O-ET2X-R-CurrentEdge-Point,1,full,0.6764687299728394,6.522882461547852,39.98640808002496
bistro,6,O-ET2X-R-CurrentEdge-Point,1,chair,5.546253681182861,109.38745880126953,27.741128275872825
bistro,6,O-ET2X-R-CurrentEdge-Point,1,chairs-wide,2.454366683959961,35.77964782714844,32.59444299300581
bistro,9,O-ET2X-R-PreviousRawEdge-Point,1,full,0.6764687299728394,6.522882461547852,39.98640808002496
bistro,9,O-ET2X-R-PreviousRawEdge-Point,1,chair,5.546253681182861,109.38745880126953,27.741128275872825
bistro,9,O-ET2X-R-PreviousRawEdge-Point,1,chairs-wide,2.454366683959961,35.77964782714844,32.59444299300581
bistro,10,ABL-ET2X-R-PreviousRawEdge-BilinearRGB,1,full,0.6764687299728394,6.522882461547852,39.98640808002496
bistro,10,ABL-ET2X-R-PreviousRawEdge-BilinearRGB,1,chair,5.546253681182861,109.38745880126953,27.741128275872825
bistro,10,ABL-ET2X-R-PreviousRawEdge-BilinearRGB,1,chairs-wide,2.454366683959961,35.77964782714844,32.59444299300581
bistro,4,O-T2X-R,2,full,0.5562146306037903,3.7036659717559814,42.44448549479141
bistro,4,O-T2X-R,2,chair,3.863340377807617,54.42229080200195,30.773035422457546
bistro,4,O-T2X-R,2,chairs-wide,1.6805254220962524,17.23799705505371,35.76593558687355
bistro,6,O-ET2X-R-CurrentEdge-Point,2,full,0.6764687299728394,6.522882461547852,39.98640808002496
bistro,6,O-ET2X-R-CurrentEdge-Point,2,chair,5.546253681182861,109.38745880126953,27.741128275872825
bistro,6,O-ET2X-R-CurrentEdge-Point,2,chairs-wide,2.454366683959961,35.77964782714844,32.59444299300581
bistro,9,O-ET2X-R-PreviousRawEdge-Point,2,full,0.6764687299728394,6.522882461547852,39.98640808002496
bistro,9,O-ET2X-R-PreviousRawEdge-Point,2,chair,5.546253681182861,109.38745880126953,27.741128275872825
bistro,9,O-ET2X-R-PreviousRawEdge-Point,2,chairs-wide,2.454366683959961,35.77964782714844,32.59444299300581
bistro,10,ABL-ET2X-R-PreviousRawEdge-BilinearRGB,2,full,0.6764687299728394,6.522882461547852,39.98640808002496
bistro,10,ABL-ET2X-R-PreviousRawEdge-BilinearRGB,2,chair,5.546253681182861,109.38745880126953,27.741128275872825
bistro,10,ABL-ET2X-R-PreviousRawEdge-BilinearRGB,2,chairs-wide,2.454366683959961,35.77964782714844,32.59444299300581
bistro,4,O-T2X-R,3,full,0.5562146306037903,3.7036659717559814,42.44448549479141
bistro,4,O-T2X-R,3,chair,3.863340377807617,54.42229080200195,30.773035422457546
bistro,4,O-T2X-R,3,chairs-wide,1.6805254220962524,17.23799705505371,35.76593558687355
bistro,6,O-ET2X-R-CurrentEdge-Point,3,full,0.6764687299728394,6.522882461547852,39.98640808002496
bistro,6,O-ET2X-R-CurrentEdge-Point,3,chair,5.546253681182861,109.38745880126953,27.741128275872825
bistro,6,O-ET2X-R-CurrentEdge-Point,3,chairs-wide,2.454366683959961,35.77964782714844,32.59444299300581
bistro,9,O-ET2X-R-PreviousRawEdge-Point,3,full,0.6764687299728394,6.522882461547852,39.98640808002496
bistro,9,O-ET2X-R-PreviousRawEdge-Point,3,chair,5.546253681182861,109.38745880126953,27.741128275872825
bistro,9,O-ET2X-R-PreviousRawEdge-Point,3,chairs-wide,2.454366683959961,35.77964782714844,32.59444299300581
bistro,10,ABL-ET2X-R-PreviousRawEdge-BilinearRGB,3,full,0.6764687299728394,6.522882461547852,39.98640808002496
bistro,10,ABL-ET2X-R-PreviousRawEdge-BilinearRGB,3,chair,5.546253681182861,109.38745880126953,27.741128275872825
bistro,10,ABL-ET2X-R-PreviousRawEdge-BilinearRGB,3,chairs-wide,2.454366683959961,35.77964782714844,32.59444299300581
bistro,4,O-T2X-R,4,full,0.5562145113945007,3.7036659717559814,42.44448549479141
bistro,4,O-T2X-R,4,chair,3.863340377807617,54.42229080200195,30.773035422457546
bistro,4,O-T2X-R,4,chairs-wide,1.6805254220962524,17.23799705505371,35.76593558687355
bistro,6,O-ET2X-R-CurrentEdge-Point,4,full,0.676468551158905,6.522882461547852,39.98640808002496
bistro,6,O-ET2X-R-CurrentEdge-Point,4,chair,5.546253681182861,109.38745880126953,27.741128275872825
bistro,6,O-ET2X-R-CurrentEdge-Point,4,chairs-wide,2.454366683959961,35.77964782714844,32.59444299300581
bistro,9,O-ET2X-R-PreviousRawEdge-Point,4,full,0.676468551158905,6.522882461547852,39.98640808002496
bistro,9,O-ET2X-R-PreviousRawEdge-Point,4,chair,5.546253681182861,109.38745880126953,27.741128275872825
bistro,9,O-ET2X-R-PreviousRawEdge-Point,4,chairs-wide,2.454366683959961,35.77964782714844,32.59444299300581
bistro,10,ABL-ET2X-R-PreviousRawEdge-BilinearRGB,4,full,0.676468551158905,6.522882461547852,39.98640808002496
bistro,10,ABL-ET2X-R-PreviousRawEdge-BilinearRGB,4,chair,5.546253681182861,109.38745880126953,27.741128275872825
bistro,10,ABL-ET2X-R-PreviousRawEdge-BilinearRGB,4,chairs-wide,2.454366683959961,35.77964782714844,32.59444299300581
bistro,4,O-T2X-R,5,full,0.5562146306037903,3.7036659717559814,42.44448549479141
bistro,4,O-T2X-R,5,chair,3.863340377807617,54.42229080200195,30.773035422457546
bistro,4,O-T2X-R,5,chairs-wide,1.6805254220962524,17.23799705505371,35.76593558687355
bistro,6,O-ET2X-R-CurrentEdge-Point,5,full,0.6764684319496155,6.522882461547852,39.98640808002496
bistro,6,O-ET2X-R-CurrentEdge-Point,5,chair,5.546253681182861,109.38745880126953,27.741128275872825
bistro,6,O-ET2X-R-CurrentEdge-Point,5,chairs-wide,2.454366683959961,35.77964782714844,32.59444299300581
bistro,9,O-ET2X-R-PreviousRawEdge-Point,5,full,0.6764684319496155,6.522882461547852,39.98640808002496
bistro,9,O-ET2X-R-PreviousRawEdge-Point,5,chair,5.546253681182861,109.38745880126953,27.741128275872825
bistro,9,O-ET2X-R-PreviousRawEdge-Point,5,chairs-wide,2.454366683959961,35.77964782714844,32.59444299300581
bistro,10,ABL-ET2X-R-PreviousRawEdge-BilinearRGB,5,full,0.6764684319496155,6.522882461547852,39.98640808002496
bistro,10,ABL-ET2X-R-PreviousRawEdge-BilinearRGB,5,chair,5.546253681182861,109.38745880126953,27.741128275872825
bistro,10,ABL-ET2X-R-PreviousRawEdge-BilinearRGB,5,chairs-wide,2.454366683959961,35.77964782714844,32.59444299300581
bistro,4,O-T2X-R,6,full,0.5562146306037903,3.7036659717559814,42.44448549479141
bistro,4,O-T2X-R,6,chair,3.863340377807617,54.42229080200195,30.773035422457546
bistro,4,O-T2X-R,6,chairs-wide,1.6805254220962524,17.23799705505371,35.76593558687355
bistro,6,O-ET2X-R-CurrentEdge-Point,6,full,0.6764687299728394,6.522882461547852,39.98640808002496
bistro,6,O-ET2X-R-CurrentEdge-Point,6,chair,5.546253681182861,109.38745880126953,27.741128275872825
bistro,6,O-ET2X-R-CurrentEdge-Point,6,chairs-wide,2.454366683959961,35.77964782714844,32.59444299300581
bistro,9,O-ET2X-R-PreviousRawEdge-Point,6,full,0.6764687299728394,6.522882461547852,39.98640808002496
bistro,9,O-ET2X-R-PreviousRawEdge-Point,6,chair,5.546253681182861,109.38745880126953,27.741128275872825
bistro,9,O-ET2X-R-PreviousRawEdge-Point,6,chairs-wide,2.454366683959961,35.77964782714844,32.59444299300581
bistro,10,ABL-ET2X-R-PreviousRawEdge-BilinearRGB,6,full,0.6764687299728394,6.522882461547852,39.98640808002496
bistro,10,ABL-ET2X-R-PreviousRawEdge-BilinearRGB,6,chair,5.546253681182861,109.38745880126953,27.741128275872825
bistro,10,ABL-ET2X-R-PreviousRawEdge-BilinearRGB,6,chairs-wide,2.454366683959961,35.77964782714844,32.59444299300581
bistro,4,O-T2X-R,7,full,0.5562146306037903,3.7036659717559814,42.44448549479141
bistro,4,O-T2X-R,7,chair,3.863340377807617,54.42229080200195,30.773035422457546
bistro,4,O-T2X-R,7,chairs-wide,1.6805254220962524,17.23799705505371,35.76593558687355
bistro,6,O-ET2X-R-CurrentEdge-Point,7,full,0.6764687299728394,6.522882461547852,39.98640808002496
bistro,6,O-ET2X-R-CurrentEdge-Point,7,chair,5.546253681182861,109.38745880126953,27.741128275872825
bistro,6,O-ET2X-R-CurrentEdge-Point,7,chairs-wide,2.454366683959961,35.77964782714844,32.59444299300581
bistro,9,O-ET2X-R-PreviousRawEdge-Point,7,full,0.6764687299728394,6.522882461547852,39.98640808002496
bistro,9,O-ET2X-R-PreviousRawEdge-Point,7,chair,5.546253681182861,109.38745880126953,27.741128275872825
bistro,9,O-ET2X-R-PreviousRawEdge-Point,7,chairs-wide,2.454366683959961,35.77964782714844,32.59444299300581
bistro,10,ABL-ET2X-R-PreviousRawEdge-BilinearRGB,7,full,0.6764687299728394,6.522882461547852,39.98640808002496
bistro,10,ABL-ET2X-R-PreviousRawEdge-BilinearRGB,7,chair,5.546253681182861,109.38745880126953,27.741128275872825
bistro,10,ABL-ET2X-R-PreviousRawEdge-BilinearRGB,7,chairs-wide,2.454366683959961,35.77964782714844,32.59444299300581
bistro,4,O-T2X-R,8,full,0.5562146306037903,3.7036659717559814,42.44448549479141
bistro,4,O-T2X-R,8,chair,3.863340377807617,54.42229080200195,30.773035422457546
bistro,4,O-T2X-R,8,chairs-wide,1.6805254220962524,17.23799705505371,35.76593558687355
bistro,6,O-ET2X-R-CurrentEdge-Point,8,full,0.6764687299728394,6.522882461547852,39.98640808002496
bistro,6,O-ET2X-R-CurrentEdge-Point,8,chair,5.546253681182861,109.38745880126953,27.741128275872825
bistro,6,O-ET2X-R-CurrentEdge-Point,8,chairs-wide,2.454366683959961,35.77964782714844,32.59444299300581
bistro,9,O-ET2X-R-PreviousRawEdge-Point,8,full,0.6764687299728394,6.522882461547852,39.98640808002496
bistro,9,O-ET2X-R-PreviousRawEdge-Point,8,chair,5.546253681182861,109.38745880126953,27.741128275872825
bistro,9,O-ET2X-R-PreviousRawEdge-Point,8,chairs-wide,2.454366683959961,35.77964782714844,32.59444299300581
bistro,10,ABL-ET2X-R-PreviousRawEdge-BilinearRGB,8,full,0.6764687299728394,6.522882461547852,39.98640808002496
bistro,10,ABL-ET2X-R-PreviousRawEdge-BilinearRGB,8,chair,5.546253681182861,109.38745880126953,27.741128275872825
bistro,10,ABL-ET2X-R-PreviousRawEdge-BilinearRGB,8,chairs-wide,2.454366683959961,35.77964782714844,32.59444299300581
bistro,4,O-T2X-R,9,full,0.5562148094177246,3.7036659717559814,42.44448549479141
bistro,4,O-T2X-R,9,chair,3.863340377807617,54.42229080200195,30.773035422457546
bistro,4,O-T2X-R,9,chairs-wide,1.6805254220962524,17.23799705505371,35.76593558687355
bistro,6,O-ET2X-R-CurrentEdge-Point,9,full,0.6764689087867737,6.522883892059326,39.98640712758841
bistro,6,O-ET2X-R-CurrentEdge-Point,9,chair,5.546253681182861,109.38745880126953,27.741128275872825
bistro,6,O-ET2X-R-CurrentEdge-Point,9,chairs-wide,2.454366683959961,35.77964782714844,32.59444299300581
bistro,9,O-ET2X-R-PreviousRawEdge-Point,9,full,0.6764689087867737,6.522883892059326,39.98640712758841
bistro,9,O-ET2X-R-PreviousRawEdge-Point,9,chair,5.546253681182861,109.38745880126953,27.741128275872825
bistro,9,O-ET2X-R-PreviousRawEdge-Point,9,chairs-wide,2.454366683959961,35.77964782714844,32.59444299300581
bistro,10,ABL-ET2X-R-PreviousRawEdge-BilinearRGB,9,full,0.6764689087867737,6.522883892059326,39.98640712758841
bistro,10,ABL-ET2X-R-PreviousRawEdge-BilinearRGB,9,chair,5.546253681182861,109.38745880126953,27.741128275872825
bistro,10,ABL-ET2X-R-PreviousRawEdge-BilinearRGB,9,chairs-wide,2.454366683959961,35.77964782714844,32.59444299300581
bistro,4,O-T2X-R,10,full,0.5562146306037903,3.7036659717559814,42.44448549479141
bistro,4,O-T2X-R,10,chair,3.863340377807617,54.42229080200195,30.773035422457546
bistro,4,O-T2X-R,10,chairs-wide,1.6805254220962524,17.23799705505371,35.76593558687355
bistro,6,O-ET2X-R-CurrentEdge-Point,10,full,0.6764687299728394,6.522882461547852,39.98640808002496
bistro,6,O-ET2X-R-CurrentEdge-Point,10,chair,5.546253681182861,109.38745880126953,27.741128275872825
bistro,6,O-ET2X-R-CurrentEdge-Point,10,chairs-wide,2.454366683959961,35.77964782714844,32.59444299300581
bistro,9,O-ET2X-R-PreviousRawEdge-Point,10,full,0.6764687299728394,6.522882461547852,39.98640808002496
bistro,9,O-ET2X-R-PreviousRawEdge-Point,10,chair,5.546253681182861,109.38745880126953,27.741128275872825
bistro,9,O-ET2X-R-PreviousRawEdge-Point,10,chairs-wide,2.454366683959961,35.77964782714844,32.59444299300581
bistro,10,ABL-ET2X-R-PreviousRawEdge-BilinearRGB,10,full,0.6764687299728394,6.522882461547852,39.98640808002496
bistro,10,ABL-ET2X-R-PreviousRawEdge-BilinearRGB,10,chair,5.546253681182861,109.38745880126953,27.741128275872825
bistro,10,ABL-ET2X-R-PreviousRawEdge-BilinearRGB,10,chairs-wide,2.454366683959961,35.77964782714844,32.59444299300581
bistro,4,O-T2X-R,11,full,0.5562149882316589,3.7036666870117188,42.44448465607757
bistro,4,O-T2X-R,11,chair,3.863340377807617,54.42229080200195,30.773035422457546
bistro,4,O-T2X-R,11,chairs-wide,1.6805254220962524,17.23799705505371,35.76593558687355
bistro,6,O-ET2X-R-CurrentEdge-Point,11,full,0.6764687299728394,6.522882461547852,39.98640808002496
bistro,6,O-ET2X-R-CurrentEdge-Point,11,chair,5.546253681182861,109.38745880126953,27.741128275872825
bistro,6,O-ET2X-R-CurrentEdge-Point,11,chairs-wide,2.454366683959961,35.77964782714844,32.59444299300581
bistro,9,O-ET2X-R-PreviousRawEdge-Point,11,full,0.6764687299728394,6.522882461547852,39.98640808002496
bistro,9,O-ET2X-R-PreviousRawEdge-Point,11,chair,5.546253681182861,109.38745880126953,27.741128275872825
bistro,9,O-ET2X-R-PreviousRawEdge-Point,11,chairs-wide,2.454366683959961,35.77964782714844,32.59444299300581
bistro,10,ABL-ET2X-R-PreviousRawEdge-BilinearRGB,11,full,0.6764687299728394,6.522882461547852,39.98640808002496
bistro,10,ABL-ET2X-R-PreviousRawEdge-BilinearRGB,11,chair,5.546253681182861,109.38745880126953,27.741128275872825
bistro,10,ABL-ET2X-R-PreviousRawEdge-BilinearRGB,11,chairs-wide,2.454366683959961,35.77964782714844,32.59444299300581
bistro,4,O-T2X-R,12,full,0.5562146306037903,3.7036659717559814,42.44448549479141
bistro,4,O-T2X-R,12,chair,3.863340377807617,54.42229080200195,30.773035422457546
bistro,4,O-T2X-R,12,chairs-wide,1.6805254220962524,17.23799705505371,35.76593558687355
bistro,6,O-ET2X-R-CurrentEdge-Point,12,full,0.6764687299728394,6.522882461547852,39.98640808002496
bistro,6,O-ET2X-R-CurrentEdge-Point,12,chair,5.546253681182861,109.38745880126953,27.741128275872825
bistro,6,O-ET2X-R-CurrentEdge-Point,12,chairs-wide,2.454366683959961,35.77964782714844,32.59444299300581
bistro,9,O-ET2X-R-PreviousRawEdge-Point,12,full,0.6764687299728394,6.522882461547852,39.98640808002496
bistro,9,O-ET2X-R-PreviousRawEdge-Point,12,chair,5.546253681182861,109.38745880126953,27.741128275872825
bistro,9,O-ET2X-R-PreviousRawEdge-Point,12,chairs-wide,2.454366683959961,35.77964782714844,32.59444299300581
bistro,10,ABL-ET2X-R-PreviousRawEdge-BilinearRGB,12,full,0.6764687299728394,6.522882461547852,39.98640808002496
bistro,10,ABL-ET2X-R-PreviousRawEdge-BilinearRGB,12,chair,5.546253681182861,109.38745880126953,27.741128275872825
bistro,10,ABL-ET2X-R-PreviousRawEdge-BilinearRGB,12,chairs-wide,2.454366683959961,35.77964782714844,32.59444299300581
bistro,4,O-T2X-R,13,full,0.5562146306037903,3.7036659717559814,42.44448549479141
bistro,4,O-T2X-R,13,chair,3.863340377807617,54.42229080200195,30.773035422457546
bistro,4,O-T2X-R,13,chairs-wide,1.6805254220962524,17.23799705505371,35.76593558687355
bistro,6,O-ET2X-R-CurrentEdge-Point,13,full,0.6764687299728394,6.522882461547852,39.98640808002496
bistro,6,O-ET2X-R-CurrentEdge-Point,13,chair,5.546253681182861,109.38745880126953,27.741128275872825
bistro,6,O-ET2X-R-CurrentEdge-Point,13,chairs-wide,2.454366683959961,35.77964782714844,32.59444299300581
bistro,9,O-ET2X-R-PreviousRawEdge-Point,13,full,0.6764687299728394,6.522882461547852,39.98640808002496
bistro,9,O-ET2X-R-PreviousRawEdge-Point,13,chair,5.546253681182861,109.38745880126953,27.741128275872825
bistro,9,O-ET2X-R-PreviousRawEdge-Point,13,chairs-wide,2.454366683959961,35.77964782714844,32.59444299300581
bistro,10,ABL-ET2X-R-PreviousRawEdge-BilinearRGB,13,full,0.6764687299728394,6.522882461547852,39.98640808002496
bistro,10,ABL-ET2X-R-PreviousRawEdge-BilinearRGB,13,chair,5.546253681182861,109.38745880126953,27.741128275872825
bistro,10,ABL-ET2X-R-PreviousRawEdge-BilinearRGB,13,chairs-wide,2.454366683959961,35.77964782714844,32.59444299300581
bistro,4,O-T2X-R,14,full,0.5562149882316589,3.7036666870117188,42.44448465607757
bistro,4,O-T2X-R,14,chair,3.863340377807617,54.42229080200195,30.773035422457546
bistro,4,O-T2X-R,14,chairs-wide,1.6805254220962524,17.23799705505371,35.76593558687355
bistro,6,O-ET2X-R-CurrentEdge-Point,14,full,0.676469087600708,6.522883892059326,39.98640712758841
bistro,6,O-ET2X-R-CurrentEdge-Point,14,chair,5.546253681182861,109.38745880126953,27.741128275872825
bistro,6,O-ET2X-R-CurrentEdge-Point,14,chairs-wide,2.454366683959961,35.77964782714844,32.59444299300581
bistro,9,O-ET2X-R-PreviousRawEdge-Point,14,full,0.676469087600708,6.522883892059326,39.98640712758841
bistro,9,O-ET2X-R-PreviousRawEdge-Point,14,chair,5.546253681182861,109.38745880126953,27.741128275872825
bistro,9,O-ET2X-R-PreviousRawEdge-Point,14,chairs-wide,2.454366683959961,35.77964782714844,32.59444299300581
bistro,10,ABL-ET2X-R-PreviousRawEdge-BilinearRGB,14,full,0.676469087600708,6.522883892059326,39.98640712758841
bistro,10,ABL-ET2X-R-PreviousRawEdge-BilinearRGB,14,chair,5.546253681182861,109.38745880126953,27.741128275872825
bistro,10,ABL-ET2X-R-PreviousRawEdge-BilinearRGB,14,chairs-wide,2.454366683959961,35.77964782714844,32.59444299300581
bistro,4,O-T2X-R,15,full,0.5562146306037903,3.7036659717559814,42.44448549479141
bistro,4,O-T2X-R,15,chair,3.863340377807617,54.42229080200195,30.773035422457546
bistro,4,O-T2X-R,15,chairs-wide,1.6805254220962524,17.23799705505371,35.76593558687355
bistro,6,O-ET2X-R-CurrentEdge-Point,15,full,0.6764687299728394,6.522882461547852,39.98640808002496
bistro,6,O-ET2X-R-CurrentEdge-Point,15,chair,5.546253681182861,109.38745880126953,27.741128275872825
bistro,6,O-ET2X-R-CurrentEdge-Point,15,chairs-wide,2.454366683959961,35.77964782714844,32.59444299300581
bistro,9,O-ET2X-R-PreviousRawEdge-Point,15,full,0.6764687299728394,6.522882461547852,39.98640808002496
bistro,9,O-ET2X-R-PreviousRawEdge-Point,15,chair,5.546253681182861,109.38745880126953,27.741128275872825
bistro,9,O-ET2X-R-PreviousRawEdge-Point,15,chairs-wide,2.454366683959961,35.77964782714844,32.59444299300581
bistro,10,ABL-ET2X-R-PreviousRawEdge-BilinearRGB,15,full,0.6764687299728394,6.522882461547852,39.98640808002496
bistro,10,ABL-ET2X-R-PreviousRawEdge-BilinearRGB,15,chair,5.546253681182861,109.38745880126953,27.741128275872825
bistro,10,ABL-ET2X-R-PreviousRawEdge-BilinearRGB,15,chairs-wide,2.454366683959961,35.77964782714844,32.59444299300581
bistro,4,O-T2X-R,16,full,0.5562146306037903,3.7036659717559814,42.44448549479141
bistro,4,O-T2X-R,16,chair,3.863340377807617,54.42229080200195,30.773035422457546
bistro,4,O-T2X-R,16,chairs-wide,1.6805254220962524,17.23799705505371,35.76593558687355
bistro,6,O-ET2X-R-CurrentEdge-Point,16,full,0.6764687299728394,6.522882461547852,39.98640808002496
bistro,6,O-ET2X-R-CurrentEdge-Point,16,chair,5.546253681182861,109.38745880126953,27.741128275872825
bistro,6,O-ET2X-R-CurrentEdge-Point,16,chairs-wide,2.454366683959961,35.77964782714844,32.59444299300581
bistro,9,O-ET2X-R-PreviousRawEdge-Point,16,full,0.6764687299728394,6.522882461547852,39.98640808002496
bistro,9,O-ET2X-R-PreviousRawEdge-Point,16,chair,5.546253681182861,109.38745880126953,27.741128275872825
bistro,9,O-ET2X-R-PreviousRawEdge-Point,16,chairs-wide,2.454366683959961,35.77964782714844,32.59444299300581
bistro,10,ABL-ET2X-R-PreviousRawEdge-BilinearRGB,16,full,0.6764687299728394,6.522882461547852,39.98640808002496
bistro,10,ABL-ET2X-R-PreviousRawEdge-BilinearRGB,16,chair,5.546253681182861,109.38745880126953,27.741128275872825
bistro,10,ABL-ET2X-R-PreviousRawEdge-BilinearRGB,16,chairs-wide,2.454366683959961,35.77964782714844,32.59444299300581
bistro,4,O-T2X-R,17,full,0.5562148094177246,3.7036659717559814,42.44448549479141
bistro,4,O-T2X-R,17,chair,3.863340377807617,54.42229080200195,30.773035422457546
bistro,4,O-T2X-R,17,chairs-wide,1.6805254220962524,17.23799705505371,35.76593558687355
bistro,6,O-ET2X-R-CurrentEdge-Point,17,full,0.676468551158905,6.522882461547852,39.98640808002496
bistro,6,O-ET2X-R-CurrentEdge-Point,17,chair,5.546253681182861,109.38745880126953,27.741128275872825
bistro,6,O-ET2X-R-CurrentEdge-Point,17,chairs-wide,2.454366683959961,35.77964782714844,32.59444299300581
bistro,9,O-ET2X-R-PreviousRawEdge-Point,17,full,0.676468551158905,6.522882461547852,39.98640808002496
bistro,9,O-ET2X-R-PreviousRawEdge-Point,17,chair,5.546253681182861,109.38745880126953,27.741128275872825
bistro,9,O-ET2X-R-PreviousRawEdge-Point,17,chairs-wide,2.454366683959961,35.77964782714844,32.59444299300581
bistro,10,ABL-ET2X-R-PreviousRawEdge-BilinearRGB,17,full,0.676468551158905,6.522882461547852,39.98640808002496
bistro,10,ABL-ET2X-R-PreviousRawEdge-BilinearRGB,17,chair,5.546253681182861,109.38745880126953,27.741128275872825
bistro,10,ABL-ET2X-R-PreviousRawEdge-BilinearRGB,17,chairs-wide,2.454366683959961,35.77964782714844,32.59444299300581
bistro,4,O-T2X-R,18,full,0.5562145113945007,3.7036659717559814,42.44448549479141
bistro,4,O-T2X-R,18,chair,3.863340377807617,54.42229080200195,30.773035422457546
bistro,4,O-T2X-R,18,chairs-wide,1.6805254220962524,17.23799705505371,35.76593558687355
bistro,6,O-ET2X-R-CurrentEdge-Point,18,full,0.676468551158905,6.522882461547852,39.98640808002496
bistro,6,O-ET2X-R-CurrentEdge-Point,18,chair,5.546253681182861,109.38745880126953,27.741128275872825
bistro,6,O-ET2X-R-CurrentEdge-Point,18,chairs-wide,2.454366683959961,35.77964782714844,32.59444299300581
bistro,9,O-ET2X-R-PreviousRawEdge-Point,18,full,0.676468551158905,6.522882461547852,39.98640808002496
bistro,9,O-ET2X-R-PreviousRawEdge-Point,18,chair,5.546253681182861,109.38745880126953,27.741128275872825
bistro,9,O-ET2X-R-PreviousRawEdge-Point,18,chairs-wide,2.454366683959961,35.77964782714844,32.59444299300581
bistro,10,ABL-ET2X-R-PreviousRawEdge-BilinearRGB,18,full,0.676468551158905,6.522882461547852,39.98640808002496
bistro,10,ABL-ET2X-R-PreviousRawEdge-BilinearRGB,18,chair,5.546253681182861,109.38745880126953,27.741128275872825
bistro,10,ABL-ET2X-R-PreviousRawEdge-BilinearRGB,18,chairs-wide,2.454366683959961,35.77964782714844,32.59444299300581
bistro,4,O-T2X-R,19,full,0.5562148094177246,3.7036659717559814,42.44448549479141
bistro,4,O-T2X-R,19,chair,3.863340377807617,54.42229080200195,30.773035422457546
bistro,4,O-T2X-R,19,chairs-wide,1.6805254220962524,17.23799705505371,35.76593558687355
bistro,6,O-ET2X-R-CurrentEdge-Point,19,full,0.6764682531356812,6.522882461547852,39.98640808002496
bistro,6,O-ET2X-R-CurrentEdge-Point,19,chair,5.546253681182861,109.38745880126953,27.741128275872825
bistro,6,O-ET2X-R-CurrentEdge-Point,19,chairs-wide,2.454366683959961,35.77964782714844,32.59444299300581
bistro,9,O-ET2X-R-PreviousRawEdge-Point,19,full,0.6764682531356812,6.522882461547852,39.98640808002496
bistro,9,O-ET2X-R-PreviousRawEdge-Point,19,chair,5.546253681182861,109.38745880126953,27.741128275872825
bistro,9,O-ET2X-R-PreviousRawEdge-Point,19,chairs-wide,2.454366683959961,35.77964782714844,32.59444299300581
bistro,10,ABL-ET2X-R-PreviousRawEdge-BilinearRGB,19,full,0.6764682531356812,6.522882461547852,39.98640808002496
bistro,10,ABL-ET2X-R-PreviousRawEdge-BilinearRGB,19,chair,5.546253681182861,109.38745880126953,27.741128275872825
bistro,10,ABL-ET2X-R-PreviousRawEdge-BilinearRGB,19,chairs-wide,2.454366683959961,35.77964782714844,32.59444299300581
bistro,4,O-T2X-R,20,full,0.5562146306037903,3.7036659717559814,42.44448549479141
bistro,4,O-T2X-R,20,chair,3.863340377807617,54.42229080200195,30.773035422457546
bistro,4,O-T2X-R,20,chairs-wide,1.6805254220962524,17.23799705505371,35.76593558687355
bistro,6,O-ET2X-R-CurrentEdge-Point,20,full,0.6764687299728394,6.522882461547852,39.98640808002496
bistro,6,O-ET2X-R-CurrentEdge-Point,20,chair,5.546253681182861,109.38745880126953,27.741128275872825
bistro,6,O-ET2X-R-CurrentEdge-Point,20,chairs-wide,2.454366683959961,35.77964782714844,32.59444299300581
bistro,9,O-ET2X-R-PreviousRawEdge-Point,20,full,0.6764687299728394,6.522882461547852,39.98640808002496
bistro,9,O-ET2X-R-PreviousRawEdge-Point,20,chair,5.546253681182861,109.38745880126953,27.741128275872825
bistro,9,O-ET2X-R-PreviousRawEdge-Point,20,chairs-wide,2.454366683959961,35.77964782714844,32.59444299300581
bistro,10,ABL-ET2X-R-PreviousRawEdge-BilinearRGB,20,full,0.6764687299728394,6.522882461547852,39.98640808002496
bistro,10,ABL-ET2X-R-PreviousRawEdge-BilinearRGB,20,chair,5.546253681182861,109.38745880126953,27.741128275872825
bistro,10,ABL-ET2X-R-PreviousRawEdge-BilinearRGB,20,chairs-wide,2.454366683959961,35.77964782714844,32.59444299300581
bistro,4,O-T2X-R,21,full,0.5562148094177246,3.7036659717559814,42.44448549479141
bistro,4,O-T2X-R,21,chair,3.863340377807617,54.42229080200195,30.773035422457546
bistro,4,O-T2X-R,21,chairs-wide,1.6805254220962524,17.23799705505371,35.76593558687355
bistro,6,O-ET2X-R-CurrentEdge-Point,21,full,0.6764689087867737,6.522883892059326,39.98640712758841
bistro,6,O-ET2X-R-CurrentEdge-Point,21,chair,5.546253681182861,109.38745880126953,27.741128275872825
bistro,6,O-ET2X-R-CurrentEdge-Point,21,chairs-wide,2.454366683959961,35.77964782714844,32.59444299300581
bistro,9,O-ET2X-R-PreviousRawEdge-Point,21,full,0.6764689087867737,6.522883892059326,39.98640712758841
bistro,9,O-ET2X-R-PreviousRawEdge-Point,21,chair,5.546253681182861,109.38745880126953,27.741128275872825
bistro,9,O-ET2X-R-PreviousRawEdge-Point,21,chairs-wide,2.454366683959961,35.77964782714844,32.59444299300581
bistro,10,ABL-ET2X-R-PreviousRawEdge-BilinearRGB,21,full,0.6764689087867737,6.522883892059326,39.98640712758841
bistro,10,ABL-ET2X-R-PreviousRawEdge-BilinearRGB,21,chair,5.546253681182861,109.38745880126953,27.741128275872825
bistro,10,ABL-ET2X-R-PreviousRawEdge-BilinearRGB,21,chairs-wide,2.454366683959961,35.77964782714844,32.59444299300581
bistro,4,O-T2X-R,22,full,0.5562146306037903,3.7036659717559814,42.44448549479141
bistro,4,O-T2X-R,22,chair,3.863340377807617,54.42229080200195,30.773035422457546
bistro,4,O-T2X-R,22,chairs-wide,1.6805254220962524,17.23799705505371,35.76593558687355
bistro,6,O-ET2X-R-CurrentEdge-Point,22,full,0.6764687299728394,6.522882461547852,39.98640808002496
bistro,6,O-ET2X-R-CurrentEdge-Point,22,chair,5.546253681182861,109.38745880126953,27.741128275872825
bistro,6,O-ET2X-R-CurrentEdge-Point,22,chairs-wide,2.454366683959961,35.77964782714844,32.59444299300581
bistro,9,O-ET2X-R-PreviousRawEdge-Point,22,full,0.6764687299728394,6.522882461547852,39.98640808002496
bistro,9,O-ET2X-R-PreviousRawEdge-Point,22,chair,5.546253681182861,109.38745880126953,27.741128275872825
bistro,9,O-ET2X-R-PreviousRawEdge-Point,22,chairs-wide,2.454366683959961,35.77964782714844,32.59444299300581
bistro,10,ABL-ET2X-R-PreviousRawEdge-BilinearRGB,22,full,0.6764687299728394,6.522882461547852,39.98640808002496
bistro,10,ABL-ET2X-R-PreviousRawEdge-BilinearRGB,22,chair,5.546253681182861,109.38745880126953,27.741128275872825
bistro,10,ABL-ET2X-R-PreviousRawEdge-BilinearRGB,22,chairs-wide,2.454366683959961,35.77964782714844,32.59444299300581
bistro,4,O-T2X-R,23,full,0.5562148094177246,3.7036659717559814,42.44448549479141
bistro,4,O-T2X-R,23,chair,3.863340377807617,54.42229080200195,30.773035422457546
bistro,4,O-T2X-R,23,chairs-wide,1.6805254220962524,17.23799705505371,35.76593558687355
bistro,6,O-ET2X-R-CurrentEdge-Point,23,full,0.676468551158905,6.522882461547852,39.98640808002496
bistro,6,O-ET2X-R-CurrentEdge-Point,23,chair,5.546253681182861,109.38745880126953,27.741128275872825
bistro,6,O-ET2X-R-CurrentEdge-Point,23,chairs-wide,2.454366683959961,35.77964782714844,32.59444299300581
bistro,9,O-ET2X-R-PreviousRawEdge-Point,23,full,0.676468551158905,6.522882461547852,39.98640808002496
bistro,9,O-ET2X-R-PreviousRawEdge-Point,23,chair,5.546253681182861,109.38745880126953,27.741128275872825
bistro,9,O-ET2X-R-PreviousRawEdge-Point,23,chairs-wide,2.454366683959961,35.77964782714844,32.59444299300581
bistro,10,ABL-ET2X-R-PreviousRawEdge-BilinearRGB,23,full,0.676468551158905,6.522882461547852,39.98640808002496
bistro,10,ABL-ET2X-R-PreviousRawEdge-BilinearRGB,23,chair,5.546253681182861,109.38745880126953,27.741128275872825
bistro,10,ABL-ET2X-R-PreviousRawEdge-BilinearRGB,23,chairs-wide,2.454366683959961,35.77964782714844,32.59444299300581
bistro,4,O-T2X-R,24,full,0.5562139749526978,3.7036640644073486,42.44448773136243
bistro,4,O-T2X-R,24,chair,3.863340377807617,54.42229080200195,30.773035422457546
bistro,4,O-T2X-R,24,chairs-wide,1.6805133819580078,17.237926483154297,35.76595336681001
bistro,6,O-ET2X-R-CurrentEdge-Point,24,full,0.6764684319496155,6.522883892059326,39.98640712758841
bistro,6,O-ET2X-R-CurrentEdge-Point,24,chair,5.546253681182861,109.38745880126953,27.741128275872825
bistro,6,O-ET2X-R-CurrentEdge-Point,24,chairs-wide,2.454366683959961,35.77967071533203,32.594440214831835
bistro,9,O-ET2X-R-PreviousRawEdge-Point,24,full,0.6764684319496155,6.522883892059326,39.98640712758841
bistro,9,O-ET2X-R-PreviousRawEdge-Point,24,chair,5.546253681182861,109.38745880126953,27.741128275872825
bistro,9,O-ET2X-R-PreviousRawEdge-Point,24,chairs-wide,2.454366683959961,35.77967071533203,32.594440214831835
bistro,10,ABL-ET2X-R-PreviousRawEdge-BilinearRGB,24,full,0.6764684319496155,6.522883892059326,39.98640712758841
bistro,10,ABL-ET2X-R-PreviousRawEdge-BilinearRGB,24,chair,5.546253681182861,109.38745880126953,27.741128275872825
bistro,10,ABL-ET2X-R-PreviousRawEdge-BilinearRGB,24,chairs-wide,2.454366683959961,35.77967071533203,32.594440214831835
bistro,4,O-T2X-R,25,full,0.5562148094177246,3.7036659717559814,42.44448549479141
bistro,4,O-T2X-R,25,chair,3.863340377807617,54.42229080200195,30.773035422457546
bistro,4,O-T2X-R,25,chairs-wide,1.6805254220962524,17.23799705505371,35.76593558687355
bistro,6,O-ET2X-R-CurrentEdge-Point,25,full,0.6764689087867737,6.522883892059326,39.98640712758841
bistro,6,O-ET2X-R-CurrentEdge-Point,25,chair,5.546253681182861,109.38745880126953,27.741128275872825
bistro,6,O-ET2X-R-CurrentEdge-Point,25,chairs-wide,2.454366683959961,35.77964782714844,32.59444299300581
bistro,9,O-ET2X-R-PreviousRawEdge-Point,25,full,0.6764689087867737,6.522883892059326,39.98640712758841
bistro,9,O-ET2X-R-PreviousRawEdge-Point,25,chair,5.546253681182861,109.38745880126953,27.741128275872825
bistro,9,O-ET2X-R-PreviousRawEdge-Point,25,chairs-wide,2.454366683959961,35.77964782714844,32.59444299300581
bistro,10,ABL-ET2X-R-PreviousRawEdge-BilinearRGB,25,full,0.6764689087867737,6.522883892059326,39.98640712758841
bistro,10,ABL-ET2X-R-PreviousRawEdge-BilinearRGB,25,chair,5.546253681182861,109.38745880126953,27.741128275872825
bistro,10,ABL-ET2X-R-PreviousRawEdge-BilinearRGB,25,chairs-wide,2.454366683959961,35.77964782714844,32.59444299300581
bistro,4,O-T2X-R,26,full,0.5562146306037903,3.7036659717559814,42.44448549479141
bistro,4,O-T2X-R,26,chair,3.863340377807617,54.42229080200195,30.773035422457546
bistro,4,O-T2X-R,26,chairs-wide,1.6805254220962524,17.23799705505371,35.76593558687355
bistro,6,O-ET2X-R-CurrentEdge-Point,26,full,0.6764687299728394,6.522882461547852,39.98640808002496
bistro,6,O-ET2X-R-CurrentEdge-Point,26,chair,5.546253681182861,109.38745880126953,27.741128275872825
bistro,6,O-ET2X-R-CurrentEdge-Point,26,chairs-wide,2.454366683959961,35.77964782714844,32.59444299300581
bistro,9,O-ET2X-R-PreviousRawEdge-Point,26,full,0.6764687299728394,6.522882461547852,39.98640808002496
bistro,9,O-ET2X-R-PreviousRawEdge-Point,26,chair,5.546253681182861,109.38745880126953,27.741128275872825
bistro,9,O-ET2X-R-PreviousRawEdge-Point,26,chairs-wide,2.454366683959961,35.77964782714844,32.59444299300581
bistro,10,ABL-ET2X-R-PreviousRawEdge-BilinearRGB,26,full,0.6764687299728394,6.522882461547852,39.98640808002496
bistro,10,ABL-ET2X-R-PreviousRawEdge-BilinearRGB,26,chair,5.546253681182861,109.38745880126953,27.741128275872825
bistro,10,ABL-ET2X-R-PreviousRawEdge-BilinearRGB,26,chairs-wide,2.454366683959961,35.77964782714844,32.59444299300581
bistro,4,O-T2X-R,27,full,0.5562146306037903,3.7036659717559814,42.44448549479141
bistro,4,O-T2X-R,27,chair,3.863340377807617,54.42229080200195,30.773035422457546
bistro,4,O-T2X-R,27,chairs-wide,1.6805254220962524,17.23799705505371,35.76593558687355
bistro,6,O-ET2X-R-CurrentEdge-Point,27,full,0.6764687299728394,6.522882461547852,39.98640808002496
bistro,6,O-ET2X-R-CurrentEdge-Point,27,chair,5.546253681182861,109.38745880126953,27.741128275872825
bistro,6,O-ET2X-R-CurrentEdge-Point,27,chairs-wide,2.454366683959961,35.77964782714844,32.59444299300581
bistro,9,O-ET2X-R-PreviousRawEdge-Point,27,full,0.6764687299728394,6.522882461547852,39.98640808002496
bistro,9,O-ET2X-R-PreviousRawEdge-Point,27,chair,5.546253681182861,109.38745880126953,27.741128275872825
bistro,9,O-ET2X-R-PreviousRawEdge-Point,27,chairs-wide,2.454366683959961,35.77964782714844,32.59444299300581
bistro,10,ABL-ET2X-R-PreviousRawEdge-BilinearRGB,27,full,0.6764687299728394,6.522882461547852,39.98640808002496
bistro,10,ABL-ET2X-R-PreviousRawEdge-BilinearRGB,27,chair,5.546253681182861,109.38745880126953,27.741128275872825
bistro,10,ABL-ET2X-R-PreviousRawEdge-BilinearRGB,27,chairs-wide,2.454366683959961,35.77964782714844,32.59444299300581
bistro,4,O-T2X-R,28,full,0.5562146306037903,3.7036659717559814,42.44448549479141
bistro,4,O-T2X-R,28,chair,3.863340377807617,54.42229080200195,30.773035422457546
bistro,4,O-T2X-R,28,chairs-wide,1.6805254220962524,17.23799705505371,35.76593558687355
bistro,6,O-ET2X-R-CurrentEdge-Point,28,full,0.6764687299728394,6.522882461547852,39.98640808002496
bistro,6,O-ET2X-R-CurrentEdge-Point,28,chair,5.546253681182861,109.38745880126953,27.741128275872825
bistro,6,O-ET2X-R-CurrentEdge-Point,28,chairs-wide,2.454366683959961,35.77964782714844,32.59444299300581
bistro,9,O-ET2X-R-PreviousRawEdge-Point,28,full,0.6764687299728394,6.522882461547852,39.98640808002496
bistro,9,O-ET2X-R-PreviousRawEdge-Point,28,chair,5.546253681182861,109.38745880126953,27.741128275872825
bistro,9,O-ET2X-R-PreviousRawEdge-Point,28,chairs-wide,2.454366683959961,35.77964782714844,32.59444299300581
bistro,10,ABL-ET2X-R-PreviousRawEdge-BilinearRGB,28,full,0.6764687299728394,6.522882461547852,39.98640808002496
bistro,10,ABL-ET2X-R-PreviousRawEdge-BilinearRGB,28,chair,5.546253681182861,109.38745880126953,27.741128275872825
bistro,10,ABL-ET2X-R-PreviousRawEdge-BilinearRGB,28,chairs-wide,2.454366683959961,35.77964782714844,32.59444299300581
bistro,4,O-T2X-R,29,full,0.5562146306037903,3.7036659717559814,42.44448549479141
bistro,4,O-T2X-R,29,chair,3.863340377807617,54.42229080200195,30.773035422457546
bistro,4,O-T2X-R,29,chairs-wide,1.6805254220962524,17.23799705505371,35.76593558687355
bistro,6,O-ET2X-R-CurrentEdge-Point,29,full,0.6764687299728394,6.522882461547852,39.98640808002496
bistro,6,O-ET2X-R-CurrentEdge-Point,29,chair,5.546253681182861,109.38745880126953,27.741128275872825
bistro,6,O-ET2X-R-CurrentEdge-Point,29,chairs-wide,2.454366683959961,35.77964782714844,32.59444299300581
bistro,9,O-ET2X-R-PreviousRawEdge-Point,29,full,0.6764687299728394,6.522882461547852,39.98640808002496
bistro,9,O-ET2X-R-PreviousRawEdge-Point,29,chair,5.546253681182861,109.38745880126953,27.741128275872825
bistro,9,O-ET2X-R-PreviousRawEdge-Point,29,chairs-wide,2.454366683959961,35.77964782714844,32.59444299300581
bistro,10,ABL-ET2X-R-PreviousRawEdge-BilinearRGB,29,full,0.6764687299728394,6.522882461547852,39.98640808002496
bistro,10,ABL-ET2X-R-PreviousRawEdge-BilinearRGB,29,chair,5.546253681182861,109.38745880126953,27.741128275872825
bistro,10,ABL-ET2X-R-PreviousRawEdge-BilinearRGB,29,chairs-wide,2.454366683959961,35.77964782714844,32.59444299300581
bistro,4,O-T2X-R,30,full,0.5562146306037903,3.7036659717559814,42.44448549479141
bistro,4,O-T2X-R,30,chair,3.863340377807617,54.42229080200195,30.773035422457546
bistro,4,O-T2X-R,30,chairs-wide,1.6805254220962524,17.23799705505371,35.76593558687355
bistro,6,O-ET2X-R-CurrentEdge-Point,30,full,0.6764687299728394,6.522882461547852,39.98640808002496
bistro,6,O-ET2X-R-CurrentEdge-Point,30,chair,5.546253681182861,109.38745880126953,27.741128275872825
bistro,6,O-ET2X-R-CurrentEdge-Point,30,chairs-wide,2.454366683959961,35.77964782714844,32.59444299300581
bistro,9,O-ET2X-R-PreviousRawEdge-Point,30,full,0.6764687299728394,6.522882461547852,39.98640808002496
bistro,9,O-ET2X-R-PreviousRawEdge-Point,30,chair,5.546253681182861,109.38745880126953,27.741128275872825
bistro,9,O-ET2X-R-PreviousRawEdge-Point,30,chairs-wide,2.454366683959961,35.77964782714844,32.59444299300581
bistro,10,ABL-ET2X-R-PreviousRawEdge-BilinearRGB,30,full,0.6764687299728394,6.522882461547852,39.98640808002496
bistro,10,ABL-ET2X-R-PreviousRawEdge-BilinearRGB,30,chair,5.546253681182861,109.38745880126953,27.741128275872825
bistro,10,ABL-ET2X-R-PreviousRawEdge-BilinearRGB,30,chairs-wide,2.454366683959961,35.77964782714844,32.59444299300581
bistro,4,O-T2X-R,31,full,0.5562145113945007,3.7036659717559814,42.44448549479141
bistro,4,O-T2X-R,31,chair,3.863340377807617,54.42229080200195,30.773035422457546
bistro,4,O-T2X-R,31,chairs-wide,1.6805254220962524,17.23799705505371,35.76593558687355
bistro,6,O-ET2X-R-CurrentEdge-Point,31,full,0.676468551158905,6.522882461547852,39.98640808002496
bistro,6,O-ET2X-R-CurrentEdge-Point,31,chair,5.546253681182861,109.38745880126953,27.741128275872825
bistro,6,O-ET2X-R-CurrentEdge-Point,31,chairs-wide,2.454366683959961,35.77964782714844,32.59444299300581
bistro,9,O-ET2X-R-PreviousRawEdge-Point,31,full,0.676468551158905,6.522882461547852,39.98640808002496
bistro,9,O-ET2X-R-PreviousRawEdge-Point,31,chair,5.546253681182861,109.38745880126953,27.741128275872825
bistro,9,O-ET2X-R-PreviousRawEdge-Point,31,chairs-wide,2.454366683959961,35.77964782714844,32.59444299300581
bistro,10,ABL-ET2X-R-PreviousRawEdge-BilinearRGB,31,full,0.676468551158905,6.522882461547852,39.98640808002496
bistro,10,ABL-ET2X-R-PreviousRawEdge-BilinearRGB,31,chair,5.546253681182861,109.38745880126953,27.741128275872825
bistro,10,ABL-ET2X-R-PreviousRawEdge-BilinearRGB,31,chairs-wide,2.454366683959961,35.77964782714844,32.59444299300581
bistro,4,O-T2X-R,32,full,0.5562146306037903,3.7036659717559814,42.44448549479141
bistro,4,O-T2X-R,32,chair,3.863340377807617,54.42229080200195,30.773035422457546
bistro,4,O-T2X-R,32,chairs-wide,1.6805254220962524,17.23799705505371,35.76593558687355
bistro,6,O-ET2X-R-CurrentEdge-Point,32,full,0.6764687299728394,6.522882461547852,39.98640808002496
bistro,6,O-ET2X-R-CurrentEdge-Point,32,chair,5.546253681182861,109.38745880126953,27.741128275872825
bistro,6,O-ET2X-R-CurrentEdge-Point,32,chairs-wide,2.454366683959961,35.77964782714844,32.59444299300581
bistro,9,O-ET2X-R-PreviousRawEdge-Point,32,full,0.6764687299728394,6.522882461547852,39.98640808002496
bistro,9,O-ET2X-R-PreviousRawEdge-Point,32,chair,5.546253681182861,109.38745880126953,27.741128275872825
bistro,9,O-ET2X-R-PreviousRawEdge-Point,32,chairs-wide,2.454366683959961,35.77964782714844,32.59444299300581
bistro,10,ABL-ET2X-R-PreviousRawEdge-BilinearRGB,32,full,0.6764687299728394,6.522882461547852,39.98640808002496
bistro,10,ABL-ET2X-R-PreviousRawEdge-BilinearRGB,32,chair,5.546253681182861,109.38745880126953,27.741128275872825
bistro,10,ABL-ET2X-R-PreviousRawEdge-BilinearRGB,32,chairs-wide,2.454366683959961,35.77964782714844,32.59444299300581
bistro,4,O-T2X-R,33,full,0.5562145113945007,3.7036659717559814,42.44448549479141
bistro,4,O-T2X-R,33,chair,3.863340377807617,54.42229080200195,30.773035422457546
bistro,4,O-T2X-R,33,chairs-wide,1.6805254220962524,17.23799705505371,35.76593558687355
bistro,6,O-ET2X-R-CurrentEdge-Point,33,full,0.676468551158905,6.522882461547852,39.98640808002496
bistro,6,O-ET2X-R-CurrentEdge-Point,33,chair,5.546253681182861,109.38745880126953,27.741128275872825
bistro,6,O-ET2X-R-CurrentEdge-Point,33,chairs-wide,2.454366683959961,35.77964782714844,32.59444299300581
bistro,9,O-ET2X-R-PreviousRawEdge-Point,33,full,0.676468551158905,6.522882461547852,39.98640808002496
bistro,9,O-ET2X-R-PreviousRawEdge-Point,33,chair,5.546253681182861,109.38745880126953,27.741128275872825
bistro,9,O-ET2X-R-PreviousRawEdge-Point,33,chairs-wide,2.454366683959961,35.77964782714844,32.59444299300581
bistro,10,ABL-ET2X-R-PreviousRawEdge-BilinearRGB,33,full,0.676468551158905,6.522882461547852,39.98640808002496
bistro,10,ABL-ET2X-R-PreviousRawEdge-BilinearRGB,33,chair,5.546253681182861,109.38745880126953,27.741128275872825
bistro,10,ABL-ET2X-R-PreviousRawEdge-BilinearRGB,33,chairs-wide,2.454366683959961,35.77964782714844,32.59444299300581
bistro,4,O-T2X-R,34,full,0.5562145113945007,3.7036659717559814,42.44448549479141
bistro,4,O-T2X-R,34,chair,3.863340377807617,54.42229080200195,30.773035422457546
bistro,4,O-T2X-R,34,chairs-wide,1.6805254220962524,17.23799705505371,35.76593558687355
bistro,6,O-ET2X-R-CurrentEdge-Point,34,full,0.676468551158905,6.522882461547852,39.98640808002496
bistro,6,O-ET2X-R-CurrentEdge-Point,34,chair,5.546253681182861,109.38745880126953,27.741128275872825
bistro,6,O-ET2X-R-CurrentEdge-Point,34,chairs-wide,2.454366683959961,35.77964782714844,32.59444299300581
bistro,9,O-ET2X-R-PreviousRawEdge-Point,34,full,0.676468551158905,6.522882461547852,39.98640808002496
bistro,9,O-ET2X-R-PreviousRawEdge-Point,34,chair,5.546253681182861,109.38745880126953,27.741128275872825
bistro,9,O-ET2X-R-PreviousRawEdge-Point,34,chairs-wide,2.454366683959961,35.77964782714844,32.59444299300581
bistro,10,ABL-ET2X-R-PreviousRawEdge-BilinearRGB,34,full,0.676468551158905,6.522882461547852,39.98640808002496
bistro,10,ABL-ET2X-R-PreviousRawEdge-BilinearRGB,34,chair,5.546253681182861,109.38745880126953,27.741128275872825
bistro,10,ABL-ET2X-R-PreviousRawEdge-BilinearRGB,34,chairs-wide,2.454366683959961,35.77964782714844,32.59444299300581
bistro,4,O-T2X-R,35,full,0.5562149882316589,3.7036666870117188,42.44448465607757
bistro,4,O-T2X-R,35,chair,3.863340377807617,54.42229080200195,30.773035422457546
bistro,4,O-T2X-R,35,chairs-wide,1.6805254220962524,17.23799705505371,35.76593558687355
bistro,6,O-ET2X-R-CurrentEdge-Point,35,full,0.6764687299728394,6.522882461547852,39.98640808002496
bistro,6,O-ET2X-R-CurrentEdge-Point,35,chair,5.546253681182861,109.38745880126953,27.741128275872825
bistro,6,O-ET2X-R-CurrentEdge-Point,35,chairs-wide,2.454366683959961,35.77964782714844,32.59444299300581
bistro,9,O-ET2X-R-PreviousRawEdge-Point,35,full,0.6764687299728394,6.522882461547852,39.98640808002496
bistro,9,O-ET2X-R-PreviousRawEdge-Point,35,chair,5.546253681182861,109.38745880126953,27.741128275872825
bistro,9,O-ET2X-R-PreviousRawEdge-Point,35,chairs-wide,2.454366683959961,35.77964782714844,32.59444299300581
bistro,10,ABL-ET2X-R-PreviousRawEdge-BilinearRGB,35,full,0.6764687299728394,6.522882461547852,39.98640808002496
bistro,10,ABL-ET2X-R-PreviousRawEdge-BilinearRGB,35,chair,5.546253681182861,109.38745880126953,27.741128275872825
bistro,10,ABL-ET2X-R-PreviousRawEdge-BilinearRGB,35,chairs-wide,2.454366683959961,35.77964782714844,32.59444299300581
bistro,4,O-T2X-R,36,full,0.5562145113945007,3.7036659717559814,42.44448549479141
bistro,4,O-T2X-R,36,chair,3.863340377807617,54.42229080200195,30.773035422457546
bistro,4,O-T2X-R,36,chairs-wide,1.6805254220962524,17.23799705505371,35.76593558687355
bistro,6,O-ET2X-R-CurrentEdge-Point,36,full,0.676468551158905,6.522882461547852,39.98640808002496
bistro,6,O-ET2X-R-CurrentEdge-Point,36,chair,5.546253681182861,109.38745880126953,27.741128275872825
bistro,6,O-ET2X-R-CurrentEdge-Point,36,chairs-wide,2.454366683959961,35.77964782714844,32.59444299300581
bistro,9,O-ET2X-R-PreviousRawEdge-Point,36,full,0.676468551158905,6.522882461547852,39.98640808002496
bistro,9,O-ET2X-R-PreviousRawEdge-Point,36,chair,5.546253681182861,109.38745880126953,27.741128275872825
bistro,9,O-ET2X-R-PreviousRawEdge-Point,36,chairs-wide,2.454366683959961,35.77964782714844,32.59444299300581
bistro,10,ABL-ET2X-R-PreviousRawEdge-BilinearRGB,36,full,0.676468551158905,6.522882461547852,39.98640808002496
bistro,10,ABL-ET2X-R-PreviousRawEdge-BilinearRGB,36,chair,5.546253681182861,109.38745880126953,27.741128275872825
bistro,10,ABL-ET2X-R-PreviousRawEdge-BilinearRGB,36,chairs-wide,2.454366683959961,35.77964782714844,32.59444299300581
bistro,4,O-T2X-R,37,full,0.5562145113945007,3.7036659717559814,42.44448549479141
bistro,4,O-T2X-R,37,chair,3.863340377807617,54.42229080200195,30.773035422457546
bistro,4,O-T2X-R,37,chairs-wide,1.6805254220962524,17.23799705505371,35.76593558687355
bistro,6,O-ET2X-R-CurrentEdge-Point,37,full,0.676468551158905,6.522882461547852,39.98640808002496
bistro,6,O-ET2X-R-CurrentEdge-Point,37,chair,5.546253681182861,109.38745880126953,27.741128275872825
bistro,6,O-ET2X-R-CurrentEdge-Point,37,chairs-wide,2.454366683959961,35.77964782714844,32.59444299300581
bistro,9,O-ET2X-R-PreviousRawEdge-Point,37,full,0.676468551158905,6.522882461547852,39.98640808002496
bistro,9,O-ET2X-R-PreviousRawEdge-Point,37,chair,5.546253681182861,109.38745880126953,27.741128275872825
bistro,9,O-ET2X-R-PreviousRawEdge-Point,37,chairs-wide,2.454366683959961,35.77964782714844,32.59444299300581
bistro,10,ABL-ET2X-R-PreviousRawEdge-BilinearRGB,37,full,0.676468551158905,6.522882461547852,39.98640808002496
bistro,10,ABL-ET2X-R-PreviousRawEdge-BilinearRGB,37,chair,5.546253681182861,109.38745880126953,27.741128275872825
bistro,10,ABL-ET2X-R-PreviousRawEdge-BilinearRGB,37,chairs-wide,2.454366683959961,35.77964782714844,32.59444299300581
bistro,4,O-T2X-R,38,full,0.5562146306037903,3.7036659717559814,42.44448549479141
bistro,4,O-T2X-R,38,chair,3.863340377807617,54.42229080200195,30.773035422457546
bistro,4,O-T2X-R,38,chairs-wide,1.6805254220962524,17.23799705505371,35.76593558687355
bistro,6,O-ET2X-R-CurrentEdge-Point,38,full,0.6764687299728394,6.522882461547852,39.98640808002496
bistro,6,O-ET2X-R-CurrentEdge-Point,38,chair,5.546253681182861,109.38745880126953,27.741128275872825
bistro,6,O-ET2X-R-CurrentEdge-Point,38,chairs-wide,2.454366683959961,35.77964782714844,32.59444299300581
bistro,9,O-ET2X-R-PreviousRawEdge-Point,38,full,0.6764687299728394,6.522882461547852,39.98640808002496
bistro,9,O-ET2X-R-PreviousRawEdge-Point,38,chair,5.546253681182861,109.38745880126953,27.741128275872825
bistro,9,O-ET2X-R-PreviousRawEdge-Point,38,chairs-wide,2.454366683959961,35.77964782714844,32.59444299300581
bistro,10,ABL-ET2X-R-PreviousRawEdge-BilinearRGB,38,full,0.6764687299728394,6.522882461547852,39.98640808002496
bistro,10,ABL-ET2X-R-PreviousRawEdge-BilinearRGB,38,chair,5.546253681182861,109.38745880126953,27.741128275872825
bistro,10,ABL-ET2X-R-PreviousRawEdge-BilinearRGB,38,chairs-wide,2.454366683959961,35.77964782714844,32.59444299300581
bistro,4,O-T2X-R,39,full,0.5562148094177246,3.7036659717559814,42.44448549479141
bistro,4,O-T2X-R,39,chair,3.863340377807617,54.42229080200195,30.773035422457546
bistro,4,O-T2X-R,39,chairs-wide,1.6805254220962524,17.23799705505371,35.76593558687355
bistro,6,O-ET2X-R-CurrentEdge-Point,39,full,0.6764689087867737,6.522883892059326,39.98640712758841
bistro,6,O-ET2X-R-CurrentEdge-Point,39,chair,5.546253681182861,109.38745880126953,27.741128275872825
bistro,6,O-ET2X-R-CurrentEdge-Point,39,chairs-wide,2.454366683959961,35.77964782714844,32.59444299300581
bistro,9,O-ET2X-R-PreviousRawEdge-Point,39,full,0.6764689087867737,6.522883892059326,39.98640712758841
bistro,9,O-ET2X-R-PreviousRawEdge-Point,39,chair,5.546253681182861,109.38745880126953,27.741128275872825
bistro,9,O-ET2X-R-PreviousRawEdge-Point,39,chairs-wide,2.454366683959961,35.77964782714844,32.59444299300581
bistro,10,ABL-ET2X-R-PreviousRawEdge-BilinearRGB,39,full,0.6764689087867737,6.522883892059326,39.98640712758841
bistro,10,ABL-ET2X-R-PreviousRawEdge-BilinearRGB,39,chair,5.546253681182861,109.38745880126953,27.741128275872825
bistro,10,ABL-ET2X-R-PreviousRawEdge-BilinearRGB,39,chairs-wide,2.454366683959961,35.77964782714844,32.59444299300581
bistro,4,O-T2X-R,40,full,0.5562146306037903,3.7036659717559814,42.44448549479141
bistro,4,O-T2X-R,40,chair,3.863340377807617,54.42229080200195,30.773035422457546
bistro,4,O-T2X-R,40,chairs-wide,1.6805254220962524,17.23799705505371,35.76593558687355
bistro,6,O-ET2X-R-CurrentEdge-Point,40,full,0.6764687299728394,6.522882461547852,39.98640808002496
bistro,6,O-ET2X-R-CurrentEdge-Point,40,chair,5.546253681182861,109.38745880126953,27.741128275872825
bistro,6,O-ET2X-R-CurrentEdge-Point,40,chairs-wide,2.454366683959961,35.77964782714844,32.59444299300581
bistro,9,O-ET2X-R-PreviousRawEdge-Point,40,full,0.6764687299728394,6.522882461547852,39.98640808002496
bistro,9,O-ET2X-R-PreviousRawEdge-Point,40,chair,5.546253681182861,109.38745880126953,27.741128275872825
bistro,9,O-ET2X-R-PreviousRawEdge-Point,40,chairs-wide,2.454366683959961,35.77964782714844,32.59444299300581
bistro,10,ABL-ET2X-R-PreviousRawEdge-BilinearRGB,40,full,0.6764687299728394,6.522882461547852,39.98640808002496
bistro,10,ABL-ET2X-R-PreviousRawEdge-BilinearRGB,40,chair,5.546253681182861,109.38745880126953,27.741128275872825
bistro,10,ABL-ET2X-R-PreviousRawEdge-BilinearRGB,40,chairs-wide,2.454366683959961,35.77964782714844,32.59444299300581
bistro,4,O-T2X-R,41,full,0.5562148094177246,3.7036659717559814,42.44448549479141
bistro,4,O-T2X-R,41,chair,3.863340377807617,54.42229080200195,30.773035422457546
bistro,4,O-T2X-R,41,chairs-wide,1.6805254220962524,17.23799705505371,35.76593558687355
bistro,6,O-ET2X-R-CurrentEdge-Point,41,full,0.676468551158905,6.522882461547852,39.98640808002496
bistro,6,O-ET2X-R-CurrentEdge-Point,41,chair,5.546253681182861,109.38745880126953,27.741128275872825
bistro,6,O-ET2X-R-CurrentEdge-Point,41,chairs-wide,2.454366683959961,35.77964782714844,32.59444299300581
bistro,9,O-ET2X-R-PreviousRawEdge-Point,41,full,0.676468551158905,6.522882461547852,39.98640808002496
bistro,9,O-ET2X-R-PreviousRawEdge-Point,41,chair,5.546253681182861,109.38745880126953,27.741128275872825
bistro,9,O-ET2X-R-PreviousRawEdge-Point,41,chairs-wide,2.454366683959961,35.77964782714844,32.59444299300581
bistro,10,ABL-ET2X-R-PreviousRawEdge-BilinearRGB,41,full,0.676468551158905,6.522882461547852,39.98640808002496
bistro,10,ABL-ET2X-R-PreviousRawEdge-BilinearRGB,41,chair,5.546253681182861,109.38745880126953,27.741128275872825
bistro,10,ABL-ET2X-R-PreviousRawEdge-BilinearRGB,41,chairs-wide,2.454366683959961,35.77964782714844,32.59444299300581
bistro,4,O-T2X-R,42,full,0.5562146306037903,3.7036659717559814,42.44448549479141
bistro,4,O-T2X-R,42,chair,3.863340377807617,54.42229080200195,30.773035422457546
bistro,4,O-T2X-R,42,chairs-wide,1.6805254220962524,17.23799705505371,35.76593558687355
bistro,6,O-ET2X-R-CurrentEdge-Point,42,full,0.6764687299728394,6.522882461547852,39.98640808002496
bistro,6,O-ET2X-R-CurrentEdge-Point,42,chair,5.546253681182861,109.38745880126953,27.741128275872825
bistro,6,O-ET2X-R-CurrentEdge-Point,42,chairs-wide,2.454366683959961,35.77964782714844,32.59444299300581
bistro,9,O-ET2X-R-PreviousRawEdge-Point,42,full,0.6764687299728394,6.522882461547852,39.98640808002496
bistro,9,O-ET2X-R-PreviousRawEdge-Point,42,chair,5.546253681182861,109.38745880126953,27.741128275872825
bistro,9,O-ET2X-R-PreviousRawEdge-Point,42,chairs-wide,2.454366683959961,35.77964782714844,32.59444299300581
bistro,10,ABL-ET2X-R-PreviousRawEdge-BilinearRGB,42,full,0.6764687299728394,6.522882461547852,39.98640808002496
bistro,10,ABL-ET2X-R-PreviousRawEdge-BilinearRGB,42,chair,5.546253681182861,109.38745880126953,27.741128275872825
bistro,10,ABL-ET2X-R-PreviousRawEdge-BilinearRGB,42,chairs-wide,2.454366683959961,35.77964782714844,32.59444299300581
bistro,4,O-T2X-R,43,full,0.5562148094177246,3.7036659717559814,42.44448549479141
bistro,4,O-T2X-R,43,chair,3.863340377807617,54.42229080200195,30.773035422457546
bistro,4,O-T2X-R,43,chairs-wide,1.6805254220962524,17.23799705505371,35.76593558687355
bistro,6,O-ET2X-R-CurrentEdge-Point,43,full,0.6764689087867737,6.522883892059326,39.98640712758841
bistro,6,O-ET2X-R-CurrentEdge-Point,43,chair,5.546253681182861,109.38745880126953,27.741128275872825
bistro,6,O-ET2X-R-CurrentEdge-Point,43,chairs-wide,2.454366683959961,35.77964782714844,32.59444299300581
bistro,9,O-ET2X-R-PreviousRawEdge-Point,43,full,0.6764689087867737,6.522883892059326,39.98640712758841
bistro,9,O-ET2X-R-PreviousRawEdge-Point,43,chair,5.546253681182861,109.38745880126953,27.741128275872825
bistro,9,O-ET2X-R-PreviousRawEdge-Point,43,chairs-wide,2.454366683959961,35.77964782714844,32.59444299300581
bistro,10,ABL-ET2X-R-PreviousRawEdge-BilinearRGB,43,full,0.6764689087867737,6.522883892059326,39.98640712758841
bistro,10,ABL-ET2X-R-PreviousRawEdge-BilinearRGB,43,chair,5.546253681182861,109.38745880126953,27.741128275872825
bistro,10,ABL-ET2X-R-PreviousRawEdge-BilinearRGB,43,chairs-wide,2.454366683959961,35.77964782714844,32.59444299300581
bistro,4,O-T2X-R,44,full,0.5562145113945007,3.7036659717559814,42.44448549479141
bistro,4,O-T2X-R,44,chair,3.863340377807617,54.42229080200195,30.773035422457546
bistro,4,O-T2X-R,44,chairs-wide,1.6805254220962524,17.23799705505371,35.76593558687355
bistro,6,O-ET2X-R-CurrentEdge-Point,44,full,0.676468551158905,6.522882461547852,39.98640808002496
bistro,6,O-ET2X-R-CurrentEdge-Point,44,chair,5.546253681182861,109.38745880126953,27.741128275872825
bistro,6,O-ET2X-R-CurrentEdge-Point,44,chairs-wide,2.454366683959961,35.77964782714844,32.59444299300581
bistro,9,O-ET2X-R-PreviousRawEdge-Point,44,full,0.676468551158905,6.522882461547852,39.98640808002496
bistro,9,O-ET2X-R-PreviousRawEdge-Point,44,chair,5.546253681182861,109.38745880126953,27.741128275872825
bistro,9,O-ET2X-R-PreviousRawEdge-Point,44,chairs-wide,2.454366683959961,35.77964782714844,32.59444299300581
bistro,10,ABL-ET2X-R-PreviousRawEdge-BilinearRGB,44,full,0.676468551158905,6.522882461547852,39.98640808002496
bistro,10,ABL-ET2X-R-PreviousRawEdge-BilinearRGB,44,chair,5.546253681182861,109.38745880126953,27.741128275872825
bistro,10,ABL-ET2X-R-PreviousRawEdge-BilinearRGB,44,chairs-wide,2.454366683959961,35.77964782714844,32.59444299300581
bistro,4,O-T2X-R,45,full,0.5562146306037903,3.7036659717559814,42.44448549479141
bistro,4,O-T2X-R,45,chair,3.863340377807617,54.42229080200195,30.773035422457546
bistro,4,O-T2X-R,45,chairs-wide,1.6805254220962524,17.23799705505371,35.76593558687355
bistro,6,O-ET2X-R-CurrentEdge-Point,45,full,0.6764687299728394,6.522882461547852,39.98640808002496
bistro,6,O-ET2X-R-CurrentEdge-Point,45,chair,5.546253681182861,109.38745880126953,27.741128275872825
bistro,6,O-ET2X-R-CurrentEdge-Point,45,chairs-wide,2.454366683959961,35.77964782714844,32.59444299300581
bistro,9,O-ET2X-R-PreviousRawEdge-Point,45,full,0.6764687299728394,6.522882461547852,39.98640808002496
bistro,9,O-ET2X-R-PreviousRawEdge-Point,45,chair,5.546253681182861,109.38745880126953,27.741128275872825
bistro,9,O-ET2X-R-PreviousRawEdge-Point,45,chairs-wide,2.454366683959961,35.77964782714844,32.59444299300581
bistro,10,ABL-ET2X-R-PreviousRawEdge-BilinearRGB,45,full,0.6764687299728394,6.522882461547852,39.98640808002496
bistro,10,ABL-ET2X-R-PreviousRawEdge-BilinearRGB,45,chair,5.546253681182861,109.38745880126953,27.741128275872825
bistro,10,ABL-ET2X-R-PreviousRawEdge-BilinearRGB,45,chairs-wide,2.454366683959961,35.77964782714844,32.59444299300581
bistro,4,O-T2X-R,46,full,0.5562146306037903,3.7036659717559814,42.44448549479141
bistro,4,O-T2X-R,46,chair,3.863340377807617,54.42229080200195,30.773035422457546
bistro,4,O-T2X-R,46,chairs-wide,1.6805254220962524,17.23799705505371,35.76593558687355
bistro,6,O-ET2X-R-CurrentEdge-Point,46,full,0.6764687299728394,6.522882461547852,39.98640808002496
bistro,6,O-ET2X-R-CurrentEdge-Point,46,chair,5.546253681182861,109.38745880126953,27.741128275872825
bistro,6,O-ET2X-R-CurrentEdge-Point,46,chairs-wide,2.454366683959961,35.77964782714844,32.59444299300581
bistro,9,O-ET2X-R-PreviousRawEdge-Point,46,full,0.6764687299728394,6.522882461547852,39.98640808002496
bistro,9,O-ET2X-R-PreviousRawEdge-Point,46,chair,5.546253681182861,109.38745880126953,27.741128275872825
bistro,9,O-ET2X-R-PreviousRawEdge-Point,46,chairs-wide,2.454366683959961,35.77964782714844,32.59444299300581
bistro,10,ABL-ET2X-R-PreviousRawEdge-BilinearRGB,46,full,0.6764687299728394,6.522882461547852,39.98640808002496
bistro,10,ABL-ET2X-R-PreviousRawEdge-BilinearRGB,46,chair,5.546253681182861,109.38745880126953,27.741128275872825
bistro,10,ABL-ET2X-R-PreviousRawEdge-BilinearRGB,46,chairs-wide,2.454366683959961,35.77964782714844,32.59444299300581
bistro,4,O-T2X-R,47,full,0.5562146306037903,3.7036659717559814,42.44448549479141
bistro,4,O-T2X-R,47,chair,3.863340377807617,54.42229080200195,30.773035422457546
bistro,4,O-T2X-R,47,chairs-wide,1.6805254220962524,17.23799705505371,35.76593558687355
bistro,6,O-ET2X-R-CurrentEdge-Point,47,full,0.6764687299728394,6.522882461547852,39.98640808002496
bistro,6,O-ET2X-R-CurrentEdge-Point,47,chair,5.546253681182861,109.38745880126953,27.741128275872825
bistro,6,O-ET2X-R-CurrentEdge-Point,47,chairs-wide,2.454366683959961,35.77964782714844,32.59444299300581
bistro,9,O-ET2X-R-PreviousRawEdge-Point,47,full,0.6764687299728394,6.522882461547852,39.98640808002496
bistro,9,O-ET2X-R-PreviousRawEdge-Point,47,chair,5.546253681182861,109.38745880126953,27.741128275872825
bistro,9,O-ET2X-R-PreviousRawEdge-Point,47,chairs-wide,2.454366683959961,35.77964782714844,32.59444299300581
bistro,10,ABL-ET2X-R-PreviousRawEdge-BilinearRGB,47,full,0.6764687299728394,6.522882461547852,39.98640808002496
bistro,10,ABL-ET2X-R-PreviousRawEdge-BilinearRGB,47,chair,5.546253681182861,109.38745880126953,27.741128275872825
bistro,10,ABL-ET2X-R-PreviousRawEdge-BilinearRGB,47,chairs-wide,2.454366683959961,35.77964782714844,32.59444299300581
bistro,4,O-T2X-R,48,full,0.5562146306037903,3.7036659717559814,42.44448549479141
bistro,4,O-T2X-R,48,chair,3.863340377807617,54.42229080200195,30.773035422457546
bistro,4,O-T2X-R,48,chairs-wide,1.6805254220962524,17.23799705505371,35.76593558687355
bistro,6,O-ET2X-R-CurrentEdge-Point,48,full,0.6764687299728394,6.522882461547852,39.98640808002496
bistro,6,O-ET2X-R-CurrentEdge-Point,48,chair,5.546253681182861,109.38745880126953,27.741128275872825
bistro,6,O-ET2X-R-CurrentEdge-Point,48,chairs-wide,2.454366683959961,35.77964782714844,32.59444299300581
bistro,9,O-ET2X-R-PreviousRawEdge-Point,48,full,0.6764687299728394,6.522882461547852,39.98640808002496
bistro,9,O-ET2X-R-PreviousRawEdge-Point,48,chair,5.546253681182861,109.38745880126953,27.741128275872825
bistro,9,O-ET2X-R-PreviousRawEdge-Point,48,chairs-wide,2.454366683959961,35.77964782714844,32.59444299300581
bistro,10,ABL-ET2X-R-PreviousRawEdge-BilinearRGB,48,full,0.6764687299728394,6.522882461547852,39.98640808002496
bistro,10,ABL-ET2X-R-PreviousRawEdge-BilinearRGB,48,chair,5.546253681182861,109.38745880126953,27.741128275872825
bistro,10,ABL-ET2X-R-PreviousRawEdge-BilinearRGB,48,chairs-wide,2.454366683959961,35.77964782714844,32.59444299300581
bistro,4,O-T2X-R,49,full,0.5562146306037903,3.7036659717559814,42.44448549479141
bistro,4,O-T2X-R,49,chair,3.863340377807617,54.42229080200195,30.773035422457546
bistro,4,O-T2X-R,49,chairs-wide,1.6805254220962524,17.23799705505371,35.76593558687355
bistro,6,O-ET2X-R-CurrentEdge-Point,49,full,0.6764687299728394,6.522882461547852,39.98640808002496
bistro,6,O-ET2X-R-CurrentEdge-Point,49,chair,5.546253681182861,109.38745880126953,27.741128275872825
bistro,6,O-ET2X-R-CurrentEdge-Point,49,chairs-wide,2.454366683959961,35.77964782714844,32.59444299300581
bistro,9,O-ET2X-R-PreviousRawEdge-Point,49,full,0.6764687299728394,6.522882461547852,39.98640808002496
bistro,9,O-ET2X-R-PreviousRawEdge-Point,49,chair,5.546253681182861,109.38745880126953,27.741128275872825
bistro,9,O-ET2X-R-PreviousRawEdge-Point,49,chairs-wide,2.454366683959961,35.77964782714844,32.59444299300581
bistro,10,ABL-ET2X-R-PreviousRawEdge-BilinearRGB,49,full,0.6764687299728394,6.522882461547852,39.98640808002496
bistro,10,ABL-ET2X-R-PreviousRawEdge-BilinearRGB,49,chair,5.546253681182861,109.38745880126953,27.741128275872825
bistro,10,ABL-ET2X-R-PreviousRawEdge-BilinearRGB,49,chairs-wide,2.454366683959961,35.77964782714844,32.59444299300581
bistro,4,O-T2X-R,50,full,0.5562146306037903,3.7036659717559814,42.44448549479141
bistro,4,O-T2X-R,50,chair,3.863340377807617,54.42229080200195,30.773035422457546
bistro,4,O-T2X-R,50,chairs-wide,1.6805254220962524,17.23799705505371,35.76593558687355
bistro,6,O-ET2X-R-CurrentEdge-Point,50,full,0.6764687299728394,6.522882461547852,39.98640808002496
bistro,6,O-ET2X-R-CurrentEdge-Point,50,chair,5.546253681182861,109.38745880126953,27.741128275872825
bistro,6,O-ET2X-R-CurrentEdge-Point,50,chairs-wide,2.454366683959961,35.77964782714844,32.59444299300581
bistro,9,O-ET2X-R-PreviousRawEdge-Point,50,full,0.6764687299728394,6.522882461547852,39.98640808002496
bistro,9,O-ET2X-R-PreviousRawEdge-Point,50,chair,5.546253681182861,109.38745880126953,27.741128275872825
bistro,9,O-ET2X-R-PreviousRawEdge-Point,50,chairs-wide,2.454366683959961,35.77964782714844,32.59444299300581
bistro,10,ABL-ET2X-R-PreviousRawEdge-BilinearRGB,50,full,0.6764687299728394,6.522882461547852,39.98640808002496
bistro,10,ABL-ET2X-R-PreviousRawEdge-BilinearRGB,50,chair,5.546253681182861,109.38745880126953,27.741128275872825
bistro,10,ABL-ET2X-R-PreviousRawEdge-BilinearRGB,50,chairs-wide,2.454366683959961,35.77964782714844,32.59444299300581
bistro,4,O-T2X-R,51,full,0.5562146306037903,3.7036659717559814,42.44448549479141
bistro,4,O-T2X-R,51,chair,3.863340377807617,54.42229080200195,30.773035422457546
bistro,4,O-T2X-R,51,chairs-wide,1.6805254220962524,17.23799705505371,35.76593558687355
bistro,6,O-ET2X-R-CurrentEdge-Point,51,full,0.6764687299728394,6.522882461547852,39.98640808002496
bistro,6,O-ET2X-R-CurrentEdge-Point,51,chair,5.546253681182861,109.38745880126953,27.741128275872825
bistro,6,O-ET2X-R-CurrentEdge-Point,51,chairs-wide,2.454366683959961,35.77964782714844,32.59444299300581
bistro,9,O-ET2X-R-PreviousRawEdge-Point,51,full,0.6764687299728394,6.522882461547852,39.98640808002496
bistro,9,O-ET2X-R-PreviousRawEdge-Point,51,chair,5.546253681182861,109.38745880126953,27.741128275872825
bistro,9,O-ET2X-R-PreviousRawEdge-Point,51,chairs-wide,2.454366683959961,35.77964782714844,32.59444299300581
bistro,10,ABL-ET2X-R-PreviousRawEdge-BilinearRGB,51,full,0.6764687299728394,6.522882461547852,39.98640808002496
bistro,10,ABL-ET2X-R-PreviousRawEdge-BilinearRGB,51,chair,5.546253681182861,109.38745880126953,27.741128275872825
bistro,10,ABL-ET2X-R-PreviousRawEdge-BilinearRGB,51,chairs-wide,2.454366683959961,35.77964782714844,32.59444299300581
bistro,4,O-T2X-R,52,full,0.5562148094177246,3.7036659717559814,42.44448549479141
bistro,4,O-T2X-R,52,chair,3.863340377807617,54.42229080200195,30.773035422457546
bistro,4,O-T2X-R,52,chairs-wide,1.6805254220962524,17.23799705505371,35.76593558687355
bistro,6,O-ET2X-R-CurrentEdge-Point,52,full,0.6764689087867737,6.522883892059326,39.98640712758841
bistro,6,O-ET2X-R-CurrentEdge-Point,52,chair,5.546253681182861,109.38745880126953,27.741128275872825
bistro,6,O-ET2X-R-CurrentEdge-Point,52,chairs-wide,2.454366683959961,35.77964782714844,32.59444299300581
bistro,9,O-ET2X-R-PreviousRawEdge-Point,52,full,0.6764689087867737,6.522883892059326,39.98640712758841
bistro,9,O-ET2X-R-PreviousRawEdge-Point,52,chair,5.546253681182861,109.38745880126953,27.741128275872825
bistro,9,O-ET2X-R-PreviousRawEdge-Point,52,chairs-wide,2.454366683959961,35.77964782714844,32.59444299300581
bistro,10,ABL-ET2X-R-PreviousRawEdge-BilinearRGB,52,full,0.6764689087867737,6.522883892059326,39.98640712758841
bistro,10,ABL-ET2X-R-PreviousRawEdge-BilinearRGB,52,chair,5.546253681182861,109.38745880126953,27.741128275872825
bistro,10,ABL-ET2X-R-PreviousRawEdge-BilinearRGB,52,chairs-wide,2.454366683959961,35.77964782714844,32.59444299300581
bistro,4,O-T2X-R,53,full,0.5562146306037903,3.7036659717559814,42.44448549479141
bistro,4,O-T2X-R,53,chair,3.863340377807617,54.42229080200195,30.773035422457546
bistro,4,O-T2X-R,53,chairs-wide,1.6805254220962524,17.23799705505371,35.76593558687355
bistro,6,O-ET2X-R-CurrentEdge-Point,53,full,0.6764687299728394,6.522882461547852,39.98640808002496
bistro,6,O-ET2X-R-CurrentEdge-Point,53,chair,5.546253681182861,109.38745880126953,27.741128275872825
bistro,6,O-ET2X-R-CurrentEdge-Point,53,chairs-wide,2.454366683959961,35.77964782714844,32.59444299300581
bistro,9,O-ET2X-R-PreviousRawEdge-Point,53,full,0.6764687299728394,6.522882461547852,39.98640808002496
bistro,9,O-ET2X-R-PreviousRawEdge-Point,53,chair,5.546253681182861,109.38745880126953,27.741128275872825
bistro,9,O-ET2X-R-PreviousRawEdge-Point,53,chairs-wide,2.454366683959961,35.77964782714844,32.59444299300581
bistro,10,ABL-ET2X-R-PreviousRawEdge-BilinearRGB,53,full,0.6764687299728394,6.522882461547852,39.98640808002496
bistro,10,ABL-ET2X-R-PreviousRawEdge-BilinearRGB,53,chair,5.546253681182861,109.38745880126953,27.741128275872825
bistro,10,ABL-ET2X-R-PreviousRawEdge-BilinearRGB,53,chairs-wide,2.454366683959961,35.77964782714844,32.59444299300581
bistro,4,O-T2X-R,54,full,0.5562148094177246,3.7036659717559814,42.44448549479141
bistro,4,O-T2X-R,54,chair,3.863340377807617,54.42229080200195,30.773035422457546
bistro,4,O-T2X-R,54,chairs-wide,1.6805254220962524,17.23799705505371,35.76593558687355
bistro,6,O-ET2X-R-CurrentEdge-Point,54,full,0.6764689087867737,6.522883892059326,39.98640712758841
bistro,6,O-ET2X-R-CurrentEdge-Point,54,chair,5.546253681182861,109.38745880126953,27.741128275872825
bistro,6,O-ET2X-R-CurrentEdge-Point,54,chairs-wide,2.454366683959961,35.77964782714844,32.59444299300581
bistro,9,O-ET2X-R-PreviousRawEdge-Point,54,full,0.6764689087867737,6.522883892059326,39.98640712758841
bistro,9,O-ET2X-R-PreviousRawEdge-Point,54,chair,5.546253681182861,109.38745880126953,27.741128275872825
bistro,9,O-ET2X-R-PreviousRawEdge-Point,54,chairs-wide,2.454366683959961,35.77964782714844,32.59444299300581
bistro,10,ABL-ET2X-R-PreviousRawEdge-BilinearRGB,54,full,0.6764689087867737,6.522883892059326,39.98640712758841
bistro,10,ABL-ET2X-R-PreviousRawEdge-BilinearRGB,54,chair,5.546253681182861,109.38745880126953,27.741128275872825
bistro,10,ABL-ET2X-R-PreviousRawEdge-BilinearRGB,54,chairs-wide,2.454366683959961,35.77964782714844,32.59444299300581
bistro,4,O-T2X-R,55,full,0.5562146306037903,3.7036659717559814,42.44448549479141
bistro,4,O-T2X-R,55,chair,3.863340377807617,54.42229080200195,30.773035422457546
bistro,4,O-T2X-R,55,chairs-wide,1.6805254220962524,17.23799705505371,35.76593558687355
bistro,6,O-ET2X-R-CurrentEdge-Point,55,full,0.6764687299728394,6.522882461547852,39.98640808002496
bistro,6,O-ET2X-R-CurrentEdge-Point,55,chair,5.546253681182861,109.38745880126953,27.741128275872825
bistro,6,O-ET2X-R-CurrentEdge-Point,55,chairs-wide,2.454366683959961,35.77964782714844,32.59444299300581
bistro,9,O-ET2X-R-PreviousRawEdge-Point,55,full,0.6764687299728394,6.522882461547852,39.98640808002496
bistro,9,O-ET2X-R-PreviousRawEdge-Point,55,chair,5.546253681182861,109.38745880126953,27.741128275872825
bistro,9,O-ET2X-R-PreviousRawEdge-Point,55,chairs-wide,2.454366683959961,35.77964782714844,32.59444299300581
bistro,10,ABL-ET2X-R-PreviousRawEdge-BilinearRGB,55,full,0.6764687299728394,6.522882461547852,39.98640808002496
bistro,10,ABL-ET2X-R-PreviousRawEdge-BilinearRGB,55,chair,5.546253681182861,109.38745880126953,27.741128275872825
bistro,10,ABL-ET2X-R-PreviousRawEdge-BilinearRGB,55,chairs-wide,2.454366683959961,35.77964782714844,32.59444299300581
bistro,4,O-T2X-R,56,full,0.5562146306037903,3.7036659717559814,42.44448549479141
bistro,4,O-T2X-R,56,chair,3.863340377807617,54.42229080200195,30.773035422457546
bistro,4,O-T2X-R,56,chairs-wide,1.6805254220962524,17.23799705505371,35.76593558687355
bistro,6,O-ET2X-R-CurrentEdge-Point,56,full,0.6764687299728394,6.522882461547852,39.98640808002496
bistro,6,O-ET2X-R-CurrentEdge-Point,56,chair,5.546253681182861,109.38745880126953,27.741128275872825
bistro,6,O-ET2X-R-CurrentEdge-Point,56,chairs-wide,2.454366683959961,35.77964782714844,32.59444299300581
bistro,9,O-ET2X-R-PreviousRawEdge-Point,56,full,0.6764687299728394,6.522882461547852,39.98640808002496
bistro,9,O-ET2X-R-PreviousRawEdge-Point,56,chair,5.546253681182861,109.38745880126953,27.741128275872825
bistro,9,O-ET2X-R-PreviousRawEdge-Point,56,chairs-wide,2.454366683959961,35.77964782714844,32.59444299300581
bistro,10,ABL-ET2X-R-PreviousRawEdge-BilinearRGB,56,full,0.6764687299728394,6.522882461547852,39.98640808002496
bistro,10,ABL-ET2X-R-PreviousRawEdge-BilinearRGB,56,chair,5.546253681182861,109.38745880126953,27.741128275872825
bistro,10,ABL-ET2X-R-PreviousRawEdge-BilinearRGB,56,chairs-wide,2.454366683959961,35.77964782714844,32.59444299300581
bistro,4,O-T2X-R,57,full,0.5562146306037903,3.7036659717559814,42.44448549479141
bistro,4,O-T2X-R,57,chair,3.863340377807617,54.42229080200195,30.773035422457546
bistro,4,O-T2X-R,57,chairs-wide,1.6805254220962524,17.23799705505371,35.76593558687355
bistro,6,O-ET2X-R-CurrentEdge-Point,57,full,0.6764687299728394,6.522882461547852,39.98640808002496
bistro,6,O-ET2X-R-CurrentEdge-Point,57,chair,5.546253681182861,109.38745880126953,27.741128275872825
bistro,6,O-ET2X-R-CurrentEdge-Point,57,chairs-wide,2.454366683959961,35.77964782714844,32.59444299300581
bistro,9,O-ET2X-R-PreviousRawEdge-Point,57,full,0.6764687299728394,6.522882461547852,39.98640808002496
bistro,9,O-ET2X-R-PreviousRawEdge-Point,57,chair,5.546253681182861,109.38745880126953,27.741128275872825
bistro,9,O-ET2X-R-PreviousRawEdge-Point,57,chairs-wide,2.454366683959961,35.77964782714844,32.59444299300581
bistro,10,ABL-ET2X-R-PreviousRawEdge-BilinearRGB,57,full,0.6764687299728394,6.522882461547852,39.98640808002496
bistro,10,ABL-ET2X-R-PreviousRawEdge-BilinearRGB,57,chair,5.546253681182861,109.38745880126953,27.741128275872825
bistro,10,ABL-ET2X-R-PreviousRawEdge-BilinearRGB,57,chairs-wide,2.454366683959961,35.77964782714844,32.59444299300581
bistro,4,O-T2X-R,58,full,0.5562146306037903,3.7036659717559814,42.44448549479141
bistro,4,O-T2X-R,58,chair,3.863340377807617,54.42229080200195,30.773035422457546
bistro,4,O-T2X-R,58,chairs-wide,1.6805254220962524,17.23799705505371,35.76593558687355
bistro,6,O-ET2X-R-CurrentEdge-Point,58,full,0.6764687299728394,6.522882461547852,39.98640808002496
bistro,6,O-ET2X-R-CurrentEdge-Point,58,chair,5.546253681182861,109.38745880126953,27.741128275872825
bistro,6,O-ET2X-R-CurrentEdge-Point,58,chairs-wide,2.454366683959961,35.77964782714844,32.59444299300581
bistro,9,O-ET2X-R-PreviousRawEdge-Point,58,full,0.6764687299728394,6.522882461547852,39.98640808002496
bistro,9,O-ET2X-R-PreviousRawEdge-Point,58,chair,5.546253681182861,109.38745880126953,27.741128275872825
bistro,9,O-ET2X-R-PreviousRawEdge-Point,58,chairs-wide,2.454366683959961,35.77964782714844,32.59444299300581
bistro,10,ABL-ET2X-R-PreviousRawEdge-BilinearRGB,58,full,0.6764687299728394,6.522882461547852,39.98640808002496
bistro,10,ABL-ET2X-R-PreviousRawEdge-BilinearRGB,58,chair,5.546253681182861,109.38745880126953,27.741128275872825
bistro,10,ABL-ET2X-R-PreviousRawEdge-BilinearRGB,58,chairs-wide,2.454366683959961,35.77964782714844,32.59444299300581
bistro,4,O-T2X-R,59,full,0.5562145113945007,3.7036659717559814,42.44448549479141
bistro,4,O-T2X-R,59,chair,3.863340377807617,54.42229080200195,30.773035422457546
bistro,4,O-T2X-R,59,chairs-wide,1.6805254220962524,17.23799705505371,35.76593558687355
bistro,6,O-ET2X-R-CurrentEdge-Point,59,full,0.676468551158905,6.522882461547852,39.98640808002496
bistro,6,O-ET2X-R-CurrentEdge-Point,59,chair,5.546253681182861,109.38745880126953,27.741128275872825
bistro,6,O-ET2X-R-CurrentEdge-Point,59,chairs-wide,2.454366683959961,35.77964782714844,32.59444299300581
bistro,9,O-ET2X-R-PreviousRawEdge-Point,59,full,0.676468551158905,6.522882461547852,39.98640808002496
bistro,9,O-ET2X-R-PreviousRawEdge-Point,59,chair,5.546253681182861,109.38745880126953,27.741128275872825
bistro,9,O-ET2X-R-PreviousRawEdge-Point,59,chairs-wide,2.454366683959961,35.77964782714844,32.59444299300581
bistro,10,ABL-ET2X-R-PreviousRawEdge-BilinearRGB,59,full,0.676468551158905,6.522882461547852,39.98640808002496
bistro,10,ABL-ET2X-R-PreviousRawEdge-BilinearRGB,59,chair,5.546253681182861,109.38745880126953,27.741128275872825
bistro,10,ABL-ET2X-R-PreviousRawEdge-BilinearRGB,59,chairs-wide,2.454366683959961,35.77964782714844,32.59444299300581
bistro,4,O-T2X-R,60,full,0.5562146306037903,3.7036659717559814,42.44448549479141
bistro,4,O-T2X-R,60,chair,3.863340377807617,54.42229080200195,30.773035422457546
bistro,4,O-T2X-R,60,chairs-wide,1.6805254220962524,17.23799705505371,35.76593558687355
bistro,6,O-ET2X-R-CurrentEdge-Point,60,full,0.6764687299728394,6.522882461547852,39.98640808002496
bistro,6,O-ET2X-R-CurrentEdge-Point,60,chair,5.546253681182861,109.38745880126953,27.741128275872825
bistro,6,O-ET2X-R-CurrentEdge-Point,60,chairs-wide,2.454366683959961,35.77964782714844,32.59444299300581
bistro,9,O-ET2X-R-PreviousRawEdge-Point,60,full,0.6764687299728394,6.522882461547852,39.98640808002496
bistro,9,O-ET2X-R-PreviousRawEdge-Point,60,chair,5.546253681182861,109.38745880126953,27.741128275872825
bistro,9,O-ET2X-R-PreviousRawEdge-Point,60,chairs-wide,2.454366683959961,35.77964782714844,32.59444299300581
bistro,10,ABL-ET2X-R-PreviousRawEdge-BilinearRGB,60,full,0.6764687299728394,6.522882461547852,39.98640808002496
bistro,10,ABL-ET2X-R-PreviousRawEdge-BilinearRGB,60,chair,5.546253681182861,109.38745880126953,27.741128275872825
bistro,10,ABL-ET2X-R-PreviousRawEdge-BilinearRGB,60,chairs-wide,2.454366683959961,35.77964782714844,32.59444299300581
bistro,4,O-T2X-R,61,full,0.8303567171096802,5.979694843292236,40.36401339296862
bistro,4,O-T2X-R,61,chair,4.631362438201904,76.00186157226562,29.32256130946839
bistro,4,O-T2X-R,61,chairs-wide,2.1497817039489746,26.30712890625,33.930069080012096
bistro,6,O-ET2X-R-CurrentEdge-Point,61,full,0.6656394004821777,5.648062705993652,40.611808511676735
bistro,6,O-ET2X-R-CurrentEdge-Point,61,chair,5.503403186798096,108.50576782226562,27.776275363533692
bistro,6,O-ET2X-R-CurrentEdge-Point,61,chairs-wide,2.386176109313965,33.812416076660156,32.84004156346689
bistro,9,O-ET2X-R-PreviousRawEdge-Point,61,full,0.6611319184303284,5.470946788787842,40.750178700802415
bistro,9,O-ET2X-R-PreviousRawEdge-Point,61,chair,5.306167125701904,100.88908386230469,28.092361824886048
bistro,9,O-ET2X-R-PreviousRawEdge-Point,61,chairs-wide,2.312933921813965,31.44802474975586,33.154869882637705
bistro,10,ABL-ET2X-R-PreviousRawEdge-BilinearRGB,61,full,0.6572162508964539,5.344390869140625,40.85182147533797
bistro,10,ABL-ET2X-R-PreviousRawEdge-BilinearRGB,61,chair,5.157078742980957,94.2530746459961,28.38784834562917
bistro,10,ABL-ET2X-R-PreviousRawEdge-BilinearRGB,61,chairs-wide,2.248884677886963,29.106548309326172,33.49089654539169
bistro,4,O-T2X-R,62,full,0.7103700041770935,5.651595592498779,40.60909283103608
bistro,4,O-T2X-R,62,chair,4.1363043785095215,63.67323684692383,30.091234329606188
bistro,4,O-T2X-R,62,chairs-wide,1.9420512914657593,22.492507934570312,34.61042478512749
bistro,6,O-ET2X-R-CurrentEdge-Point,62,full,0.6663317084312439,5.709561347961426,40.56477617154047
bistro,6,O-ET2X-R-CurrentEdge-Point,62,chair,5.31173038482666,100.73461151123047,28.099016449748454
bistro,6,O-ET2X-R-CurrentEdge-Point,62,chairs-wide,2.328390121459961,32.00914001464844,33.078063546997186
bistro,9,O-ET2X-R-PreviousRawEdge-Point,62,full,0.6648659110069275,5.583893775939941,40.66143212886388
bistro,9,O-ET2X-R-PreviousRawEdge-Point,62,chair,5.199721813201904,96.24138641357422,28.29718490224526
bistro,9,O-ET2X-R-PreviousRawEdge-Point,62,chairs-wide,2.260145425796509,29.705663681030273,33.40241101082007
bistro,10,ABL-ET2X-R-PreviousRawEdge-BilinearRGB,62,full,0.6471210718154907,5.261863708496094,40.919407659617534
bistro,10,ABL-ET2X-R-PreviousRawEdge-BilinearRGB,62,chair,5.028497695922852,90.08738708496094,28.584163701424025
bistro,10,ABL-ET2X-R-PreviousRawEdge-BilinearRGB,62,chairs-wide,2.160114049911499,27.084835052490234,33.80354165803888
bistro,4,O-T2X-R,63,full,0.7180058360099792,5.396997928619385,40.80928109485917
bistro,4,O-T2X-R,63,chair,4.079752445220947,62.66361999511719,30.160648809750693
bistro,4,O-T2X-R,63,chairs-wide,1.9257510900497437,22.18304443359375,34.67059211751923
bistro,6,O-ET2X-R-CurrentEdge-Point,63,full,0.6694701313972473,5.767983436584473,40.52056356280375
bistro,6,O-ET2X-R-CurrentEdge-Point,63,chair,5.33377742767334,101.64373016357422,28.059997662789232
bistro,6,O-ET2X-R-CurrentEdge-Point,63,chairs-wide,2.357464075088501,32.868133544921875,32.96305318001859
bistro,9,O-ET2X-R-PreviousRawEdge-Point,63,full,0.6683194637298584,5.632635593414307,40.62368705653966
bistro,9,O-ET2X-R-PreviousRawEdge-Point,63,chair,5.2106709480285645,97.22197723388672,28.253159116562898
bistro,9,O-ET2X-R-PreviousRawEdge-Point,63,chairs-wide,2.2931253910064697,30.512815475463867,33.28598078199491
bistro,10,ABL-ET2X-R-PreviousRawEdge-BilinearRGB,63,full,0.6508201360702515,5.253842830657959,40.926032841953486
bistro,10,ABL-ET2X-R-PreviousRawEdge-BilinearRGB,63,chair,5.058297634124756,91.84126281738281,28.500425142237408
bistro,10,ABL-ET2X-R-PreviousRawEdge-BilinearRGB,63,chairs-wide,2.205885887145996,28.006595611572266,33.65820040225919
bistro,4,O-T2X-R,64,full,0.7038199305534363,5.201437950134277,40.96956938871727
bistro,4,O-T2X-R,64,chair,4.141424179077148,62.28252410888672,30.187141560670735
bistro,4,O-T2X-R,64,chairs-wide,1.9469280242919922,22.364137649536133,34.63528204224129
bistro,6,O-ET2X-R-CurrentEdge-Point,64,full,0.6646432280540466,5.264995098114014,40.9168238968886
bistro,6,O-ET2X-R-CurrentEdge-Point,64,chair,5.457179069519043,105.9442138671875,27.88003118123799
bistro,6,O-ET2X-R-CurrentEdge-Point,64,chairs-wide,2.3675191402435303,32.95714569091797,32.95130769018855
bistro,9,O-ET2X-R-PreviousRawEdge-Point,64,full,0.6631664633750916,5.138976573944092,41.022037229122574
bistro,9,O-ET2X-R-PreviousRawEdge-Point,64,chair,5.301284313201904,100.10751342773438,28.126136868076653
bistro,9,O-ET2X-R-PreviousRawEdge-Point,64,chairs-wide,2.309190511703491,31.03890037536621,33.211740338929026
bistro,10,ABL-ET2X-R-PreviousRawEdge-BilinearRGB,64,full,0.645078182220459,4.772933006286621,41.34295022291365
bistro,10,ABL-ET2X-R-PreviousRawEdge-BilinearRGB,64,chair,5.057439804077148,91.28915405273438,28.52661178238889
bistro,10,ABL-ET2X-R-PreviousRawEdge-BilinearRGB,64,chairs-wide,2.1865897178649902,27.57106590270996,33.726268045293885
bistro,4,O-T2X-R,65,full,0.7143580317497253,5.359279632568359,40.839739429336355
bistro,4,O-T2X-R,65,chair,4.132930755615234,63.973838806152344,30.070779491481904
bistro,4,O-T2X-R,65,chairs-wide,1.9594063758850098,22.507678985595703,34.60749648440451
bistro,6,O-ET2X-R-CurrentEdge-Point,65,full,0.6654224395751953,5.5061211585998535,40.72234597339035
bistro,6,O-ET2X-R-CurrentEdge-Point,65,chair,5.420365810394287,104.7229232788086,27.930386040809797
bistro,6,O-ET2X-R-CurrentEdge-Point,65,chairs-wide,2.376729965209961,32.95600128173828,32.95145849791497
bistro,9,O-ET2X-R-PreviousRawEdge-Point,65,full,0.6656145453453064,5.423026084899902,40.788386674594065
bistro,9,O-ET2X-R-PreviousRawEdge-Point,65,chair,5.315193176269531,100.7092514038086,28.100109931040226
bistro,9,O-ET2X-R-PreviousRawEdge-Point,65,chairs-wide,2.3269495964050293,31.31456756591797,33.17333942117262
bistro,10,ABL-ET2X-R-PreviousRawEdge-BilinearRGB,65,full,0.6451729536056519,5.035235404968262,41.110605815713484
bistro,10,ABL-ET2X-R-PreviousRawEdge-BilinearRGB,65,chair,5.116447448730469,92.7619857788086,28.457103237528894
bistro,10,ABL-ET2X-R-PreviousRawEdge-BilinearRGB,65,chairs-wide,2.200978994369507,27.898666381835938,33.67496917338131
bistro,4,O-T2X-R,66,full,0.7001886367797852,5.218331336975098,40.95548709781084
bistro,4,O-T2X-R,66,chair,4.114908695220947,63.842891693115234,30.07967811191876
bistro,4,O-T2X-R,66,chairs-wide,1.9540834426879883,22.786537170410156,34.55402029634372
bistro,6,O-ET2X-R-CurrentEdge-Point,66,full,0.6653286814689636,5.790346622467041,40.50375798570709
bistro,6,O-ET2X-R-CurrentEdge-Point,66,chair,5.436493873596191,106.29013061523438,27.865874201294872
bistro,6,O-ET2X-R-CurrentEdge-Point,66,chairs-wide,2.376326084136963,33.86388397216797,32.83343593422672
bistro,9,O-ET2X-R-PreviousRawEdge-Point,66,full,0.6621026992797852,5.571540355682373,40.67105080327899
bistro,9,O-ET2X-R-PreviousRawEdge-Point,66,chair,5.26583194732666,98.9684829711914,28.17583447592799
bistro,9,O-ET2X-R-PreviousRawEdge-Point,66,chairs-wide,2.294934034347534,30.784698486328125,33.24745456517319
bistro,10,ABL-ET2X-R-PreviousRawEdge-BilinearRGB,66,full,0.6442042589187622,5.157321453094482,41.00656159274212
bistro,10,ABL-ET2X-R-PreviousRawEdge-BilinearRGB,66,chair,5.069661617279053,91.60700988769531,28.511516531491555
bistro,10,ABL-ET2X-R-PreviousRawEdge-BilinearRGB,66,chairs-wide,2.196180582046509,27.810728073120117,33.68868002208731
bistro,4,O-T2X-R,67,full,0.7147054076194763,5.2464094161987305,40.93218182074894
bistro,4,O-T2X-R,67,chair,4.147135257720947,64.95845031738281,30.00444705266522
bistro,4,O-T2X-R,67,chairs-wide,1.9290424585342407,22.263797760009766,34.65481112570252
bistro,6,O-ET2X-R-CurrentEdge-Point,67,full,0.6588337421417236,5.342014312744141,40.85375313585126
bistro,6,O-ET2X-R-CurrentEdge-Point,67,chair,5.451467990875244,106.32357025146484,27.86450809463737
bistro,6,O-ET2X-R-CurrentEdge-Point,67,chairs-wide,2.373800277709961,33.40918731689453,32.89214449374673
bistro,9,O-ET2X-R-PreviousRawEdge-Point,67,full,0.6580967307090759,5.219289779663086,40.9546895092279
bistro,9,O-ET2X-R-PreviousRawEdge-Point,67,chair,5.305367946624756,101.27909088134766,28.075605665653466
bistro,9,O-ET2X-R-PreviousRawEdge-Point,67,chairs-wide,2.3246829509735107,31.77583122253418,33.109834408035276
bistro,10,ABL-ET2X-R-PreviousRawEdge-BilinearRGB,67,full,0.6401485204696655,4.786530494689941,41.330595307466034
bistro,10,ABL-ET2X-R-PreviousRawEdge-BilinearRGB,67,chair,5.161635875701904,95.314453125,28.339216004551243
bistro,10,ABL-ET2X-R-PreviousRawEdge-BilinearRGB,67,chairs-wide,2.2274365425109863,28.718708038330078,33.54915462360487
bistro,4,O-T2X-R,68,full,0.708533763885498,5.382332801818848,40.82109813199192
bistro,4,O-T2X-R,68,chair,4.160629749298096,64.13021087646484,30.060176928774688
bistro,4,O-T2X-R,68,chairs-wide,1.941810131072998,22.303499221801758,34.647073555103304
bistro,6,O-ET2X-R-CurrentEdge-Point,68,full,0.6758950352668762,6.537795066833496,39.97649057767988
bistro,6,O-ET2X-R-CurrentEdge-Point,68,chair,5.4906487464904785,108.7727279663086,27.765603403074323
bistro,6,O-ET2X-R-CurrentEdge-Point,68,chairs-wide,2.384988784790039,33.5044059753418,32.879784384592256
bistro,9,O-ET2X-R-PreviousRawEdge-Point,68,full,0.6728377938270569,6.334410190582275,40.11374177781123
bistro,9,O-ET2X-R-PreviousRawEdge-Point,68,chair,5.3473896980285645,102.77696228027344,28.011845835219766
bistro,9,O-ET2X-R-PreviousRawEdge-Point,68,chairs-wide,2.324598550796509,31.35411262512207,33.16785846857365
bistro,10,ABL-ET2X-R-PreviousRawEdge-BilinearRGB,68,full,0.6500486135482788,5.438523769378662,40.775993298861835
bistro,10,ABL-ET2X-R-PreviousRawEdge-BilinearRGB,68,chair,5.151722431182861,96.15190124511719,28.30122484752074
bistro,10,ABL-ET2X-R-PreviousRawEdge-BilinearRGB,68,chairs-wide,2.1989595890045166,28.26958465576172,33.61760933101273
bistro,4,O-T2X-R,69,full,0.7150914072990417,5.242325305938721,40.935563938203586
bistro,4,O-T2X-R,69,chair,4.236475944519043,66.47712707519531,29.90408118478587
bistro,4,O-T2X-R,69,chairs-wide,1.9524980783462524,22.81407928466797,34.54877414371401
bistro,6,O-ET2X-R-CurrentEdge-Point,69,full,0.666878879070282,5.514108657836914,40.716050410578866
bistro,6,O-ET2X-R-CurrentEdge-Point,69,chair,5.484256744384766,110.71739196777344,27.688645137709862
bistro,6,O-ET2X-R-CurrentEdge-Point,69,chairs-wide,2.427469253540039,35.451534271240234,32.63445325548696
bistro,9,O-ET2X-R-PreviousRawEdge-Point,69,full,0.6647757887840271,5.310140609741211,40.87974339743842
bistro,9,O-ET2X-R-PreviousRawEdge-Point,69,chair,5.371567249298096,105.89263916015625,27.882145885152056
bistro,9,O-ET2X-R-PreviousRawEdge-Point,69,chairs-wide,2.3473126888275146,32.508941650390625,33.01077529879229
bistro,10,ABL-ET2X-R-PreviousRawEdge-BilinearRGB,69,full,0.6444557309150696,4.8409647941589355,41.28148436615391
bistro,10,ABL-ET2X-R-PreviousRawEdge-BilinearRGB,69,chair,5.163174629211426,98.29042053222656,28.205691676819665
bistro,10,ABL-ET2X-R-PreviousRawEdge-BilinearRGB,69,chairs-wide,2.2345738410949707,29.262279510498047,33.46772206533491
bistro,4,O-T2X-R,70,full,0.7092254161834717,5.379892826080322,40.82306736782475
bistro,4,O-T2X-R,70,chair,4.248402118682861,67.24390411376953,29.854274406655374
bistro,4,O-T2X-R,70,chairs-wide,1.9889503717422485,23.599411010742188,34.40179196795116
bistro,6,O-ET2X-R-CurrentEdge-Point,70,full,0.67405766248703,6.541455268859863,39.97405984878733
bistro,6,O-ET2X-R-CurrentEdge-Point,70,chair,5.51503324508667,111.83653259277344,27.64496667229976
bistro,6,O-ET2X-R-CurrentEdge-Point,70,chairs-wide,2.435516834259033,34.90402603149414,32.70204836991311
bistro,9,O-ET2X-R-PreviousRawEdge-Point,70,full,0.670183539390564,6.076199531555176,40.29448333986813
bistro,9,O-ET2X-R-PreviousRawEdge-Point,70,chair,5.390092372894287,106.88819885253906,27.84150601927964
bistro,9,O-ET2X-R-PreviousRawEdge-Point,70,chairs-wide,2.380063772201538,32.909950256347656,32.957531350126146
bistro,10,ABL-ET2X-R-PreviousRawEdge-BilinearRGB,70,full,0.6460438966751099,5.179640769958496,40.98780720241339
bistro,10,ABL-ET2X-R-PreviousRawEdge-BilinearRGB,70,chair,5.168205261230469,98.60540771484375,28.191796277084855
bistro,10,ABL-ET2X-R-PreviousRawEdge-BilinearRGB,70,chairs-wide,2.263436794281006,29.53868293762207,33.42689233658899
bistro,4,O-T2X-R,71,full,0.7141968607902527,5.1596527099609375,41.00459890097953
bistro,4,O-T2X-R,71,chair,4.222301006317139,65.60653686523438,29.961332473601768
bistro,4,O-T2X-R,71,chairs-wide,1.9510754346847534,22.262296676635742,34.65510394825286
bistro,6,O-ET2X-R-CurrentEdge-Point,71,full,0.664095401763916,5.722575664520264,40.554888171943084
bistro,6,O-ET2X-R-CurrentEdge-Point,71,chair,5.625503063201904,117.4314956665039,27.43295768558543
bistro,6,O-ET2X-R-CurrentEdge-Point,71,chairs-wide,2.400137424468994,34.93410110473633,32.69830788038542
bistro,9,O-ET2X-R-PreviousRawEdge-Point,71,full,0.6632870435714722,5.576559066772461,40.667140542709284
bistro,9,O-ET2X-R-PreviousRawEdge-Point,71,chair,5.4782490730285645,111.19332885742188,27.670016287236628
bistro,9,O-ET2X-R-PreviousRawEdge-Point,71,chairs-wide,2.3638417720794678,33.23023223876953,32.915469843901725
bistro,10,ABL-ET2X-R-PreviousRawEdge-BilinearRGB,71,full,0.643266499042511,5.109337329864502,41.047157841471886
bistro,10,ABL-ET2X-R-PreviousRawEdge-BilinearRGB,71,chair,5.320075988769531,105.09866333007812,27.914831682655738
bistro,10,ABL-ET2X-R-PreviousRawEdge-BilinearRGB,71,chairs-wide,2.265848159790039,30.470951080322266,33.291943509350446
bistro,4,O-T2X-R,72,full,0.7100465297698975,5.298685073852539,40.889122527807245
bistro,4,O-T2X-R,72,chair,4.277787685394287,68.20066833496094,29.792917303058097
bistro,4,O-T2X-R,72,chairs-wide,1.976478099822998,22.913677215576172,34.529855699638546
bistro,6,O-ET2X-R-CurrentEdge-Point,72,full,0.6671786904335022,6.001812934875488,40.34797905703333
bistro,6,O-ET2X-R-CurrentEdge-Point,72,chair,5.77891206741333,124.27482604980469,27.186971969479444
bistro,6,O-ET2X-R-CurrentEdge-Point,72,chairs-wide,2.4748806953430176,37.7095947265625,32.36628495897012
bistro,9,O-ET2X-R-PreviousRawEdge-Point,72,full,0.6646016836166382,5.720830917358398,40.556212487504474
bistro,9,O-ET2X-R-PreviousRawEdge-Point,72,chair,5.581498622894287,116.0089340209961,27.485889246874244
bistro,9,O-ET2X-R-PreviousRawEdge-Point,72,chairs-wide,2.377290725708008,34.10175704956055,32.80303604829373
bistro,10,ABL-ET2X-R-PreviousRawEdge-BilinearRGB,72,full,0.6404474377632141,4.872751235961914,41.253061205530514
bistro,10,ABL-ET2X-R-PreviousRawEdge-BilinearRGB,72,chair,5.372247695922852,109.5100326538086,27.736264524078017
bistro,10,ABL-ET2X-R-PreviousRawEdge-BilinearRGB,72,chairs-wide,2.2617549896240234,31.104890823364258,33.202516795388014
bistro,4,O-T2X-R,73,full,0.7217722535133362,5.688130855560303,40.581107820783245
bistro,4,O-T2X-R,73,chair,4.296134948730469,68.93001556396484,29.746719843127444
bistro,4,O-T2X-R,73,chairs-wide,2.0306410789489746,24.360454559326172,34.263949730168754
bistro,6,O-ET2X-R-CurrentEdge-Point,73,full,0.6671338081359863,5.745340347290039,40.53764599980798
bistro,6,O-ET2X-R-CurrentEdge-Point,73,chair,5.807913303375244,123.17918395996094,27.225430382273288
bistro,6,O-ET2X-R-CurrentEdge-Point,73,chairs-wide,2.4932665824890137,37.11014175415039,32.43587747588173
bistro,9,O-ET2X-R-PreviousRawEdge-Point,73,full,0.6664398908615112,5.625826835632324,40.628940005265946
bistro,9,O-ET2X-R-PreviousRawEdge-Point,73,chair,5.682853698730469,119.00239562988281,27.375246566319635
bistro,9,O-ET2X-R-PreviousRawEdge-Point,73,chairs-wide,2.423352003097534,34.88597869873047,32.70429449591277
bistro,10,ABL-ET2X-R-PreviousRawEdge-BilinearRGB,73,full,0.6438791155815125,5.076849460601807,41.07486075028647
bistro,10,ABL-ET2X-R-PreviousRawEdge-BilinearRGB,73,chair,5.442057132720947,110.59049224853516,27.693625697173943
bistro,10,ABL-ET2X-R-PreviousRawEdge-BilinearRGB,73,chairs-wide,2.3015708923339844,31.59564971923828,33.134530704327
bistro,4,O-T2X-R,74,full,0.7157478928565979,5.677646636962891,40.58912001278394
bistro,4,O-T2X-R,74,chair,4.197383880615234,65.4856185913086,29.96934426558695
bistro,4,O-T2X-R,74,chairs-wide,2.0170114040374756,23.712419509887695,34.38104491150251
bistro,6,O-ET2X-R-CurrentEdge-Point,74,full,0.669718861579895,5.846127986907959,40.46212041909538
bistro,6,O-ET2X-R-CurrentEdge-Point,74,chair,5.698686122894287,120.51248931884766,27.32048303490732
bistro,6,O-ET2X-R-CurrentEdge-Point,74,chairs-wide,2.434962034225464,35.60980224609375,32.61510798978794
bistro,9,O-ET2X-R-PreviousRawEdge-Point,74,full,0.667780339717865,5.605639457702637,40.64455199403261
bistro,9,O-ET2X-R-PreviousRawEdge-Point,74,chair,5.5853753089904785,115.90213775634766,27.489889144882373
bistro,9,O-ET2X-R-PreviousRawEdge-Point,74,chairs-wide,2.3851513862609863,33.98134994506836,32.81839733184538
bistro,10,ABL-ET2X-R-PreviousRawEdge-BilinearRGB,74,full,0.6444164514541626,4.851032257080078,41.272461983784574
bistro,10,ABL-ET2X-R-PreviousRawEdge-BilinearRGB,74,chair,5.3980231285095215,109.3757095336914,27.74159477506639
bistro,10,ABL-ET2X-R-PreviousRawEdge-BilinearRGB,74,chairs-wide,2.283396005630493,31.072290420532227,33.20707093440555
bistro,4,O-T2X-R,75,full,0.7212507724761963,5.794147491455078,40.50090814786188
bistro,4,O-T2X-R,75,chair,4.200846195220947,65.53755187988281,29.965901463561188
bistro,4,O-T2X-R,75,chairs-wide,1.9895713329315186,23.22385025024414,34.47146138410393
bistro,6,O-ET2X-R-CurrentEdge-Point,75,full,0.6661632061004639,5.575559616088867,40.667918970432886
bistro,6,O-ET2X-R-CurrentEdge-Point,75,chair,5.734049320220947,119.27790832519531,27.36520346207601
bistro,6,O-ET2X-R-CurrentEdge-Point,75,chairs-wide,2.4636380672454834,36.283287048339844,32.53373736220476
bistro,9,O-ET2X-R-PreviousRawEdge-Point,75,full,0.6646672487258911,5.3981451988220215,40.808357988765536
bistro,9,O-ET2X-R-PreviousRawEdge-Point,75,chair,5.584635257720947,113.7042465209961,27.573036762488037
bistro,9,O-ET2X-R-PreviousRawEdge-Point,75,chairs-wide,2.390962600708008,33.57711410522461,32.87036994320063
bistro,10,ABL-ET2X-R-PreviousRawEdge-BilinearRGB,75,full,0.6414487361907959,4.824159145355225,41.29658734453572
bistro,10,ABL-ET2X-R-PreviousRawEdge-BilinearRGB,75,chair,5.397372245788574,106.6321029663086,27.85192386550908
bistro,10,ABL-ET2X-R-PreviousRawEdge-BilinearRGB,75,chairs-wide,2.271092653274536,30.429187774658203,33.29790000678385
bistro,4,O-T2X-R,76,full,0.7145442366600037,5.585944652557373,40.65983732619287
bistro,4,O-T2X-R,76,chair,4.28341007232666,67.80424499511719,29.818234764367794
bistro,4,O-T2X-R,76,chairs-wide,2.030303478240967,23.80779266357422,34.36361229153407
bistro,6,O-ET2X-R-CurrentEdge-Point,76,full,0.6706908345222473,6.149457931518555,40.24243526023534
bistro,6,O-ET2X-R-CurrentEdge-Point,76,chair,5.706705570220947,119.78986358642578,27.34660290516864
bistro,6,O-ET2X-R-CurrentEdge-Point,76,chairs-wide,2.4634029865264893,36.26670455932617,32.53572266459851
bistro,9,O-ET2X-R-PreviousRawEdge-Point,76,full,0.6677682399749756,5.877421855926514,40.43893497254773
bistro,9,O-ET2X-R-PreviousRawEdge-Point,76,chair,5.571141242980957,114.20685577392578,27.553881857197556
bistro,9,O-ET2X-R-PreviousRawEdge-Point,76,chairs-wide,2.397557497024536,33.907684326171875,32.82782229559464
bistro,10,ABL-ET2X-R-PreviousRawEdge-BilinearRGB,76,full,0.6460967659950256,5.293997287750244,40.89296646402658
bistro,10,ABL-ET2X-R-PreviousRawEdge-BilinearRGB,76,chair,5.356090068817139,106.13243103027344,27.872322487352484
bistro,10,ABL-ET2X-R-PreviousRawEdge-BilinearRGB,76,chairs-wide,2.289996862411499,30.642318725585938,33.26758735298157
bistro,4,O-T2X-R,77,full,0.7218822240829468,5.896126747131348,40.42513550028433
bistro,4,O-T2X-R,77,chair,4.207001686096191,62.85017013549805,30.147739032085752
bistro,4,O-T2X-R,77,chairs-wide,1.9714505672454834,22.061185836791992,34.69451507861939
bistro,6,O-ET2X-R-CurrentEdge-Point,77,full,0.6630728840827942,5.8817138671875,40.435764676815836
bistro,6,O-ET2X-R-CurrentEdge-Point,77,chair,5.669862747192383,117.18170166015625,27.442205605207846
bistro,6,O-ET2X-R-CurrentEdge-Point,77,chairs-wide,2.420156955718994,34.83841323852539,32.71021994596744
bistro,9,O-ET2X-R-PreviousRawEdge-Point,77,full,0.6607841849327087,5.65677547454834,40.60511419550134
bistro,9,O-ET2X-R-PreviousRawEdge-Point,77,chair,5.5280537605285645,111.73070526123047,27.649078207603193
bistro,9,O-ET2X-R-PreviousRawEdge-Point,77,chairs-wide,2.3638417720794678,32.89912033081055,32.95896075093691
bistro,10,ABL-ET2X-R-PreviousRawEdge-BilinearRGB,77,full,0.6405525207519531,5.227729797363281,40.947672285062104
bistro,10,ABL-ET2X-R-PreviousRawEdge-BilinearRGB,77,chair,5.329219818115234,104.3526611328125,27.945768322334736
bistro,10,ABL-ET2X-R-PreviousRawEdge-BilinearRGB,77,chairs-wide,2.2612967491149902,30.031286239624023,33.35506427443209
bistro,4,O-T2X-R,78,full,0.7086371779441833,5.078647136688232,41.07332321678378
bistro,4,O-T2X-R,78,chair,4.268732070922852,64.19528198242188,30.055772499998916
bistro,4,O-T2X-R,78,chairs-wide,1.9967628717422485,22.297134399414062,34.64831309231863
bistro,6,O-ET2X-R-CurrentEdge-Point,78,full,0.6584535837173462,5.346052169799805,40.85047168335603
bistro,6,O-ET2X-R-CurrentEdge-Point,78,chair,5.722685813903809,118.66864776611328,27.387443672772598
bistro,6,O-ET2X-R-CurrentEdge-Point,78,chairs-wide,2.4716856479644775,36.382179260253906,32.52191651507217
bistro,9,O-ET2X-R-PreviousRawEdge-Point,78,full,0.6569920778274536,5.122601509094238,41.035897877619405
bistro,9,O-ET2X-R-PreviousRawEdge-Point,78,chair,5.612393379211426,113.66938781738281,27.574368398215128
bistro,9,O-ET2X-R-PreviousRawEdge-Point,78,chairs-wide,2.4106807708740234,33.969879150390625,32.81986359020309
bistro,10,ABL-ET2X-R-PreviousRawEdge-BilinearRGB,78,full,0.6370061635971069,4.666445732116699,41.44094141250896
bistro,10,ABL-ET2X-R-PreviousRawEdge-BilinearRGB,78,chair,5.383759498596191,105.57859802246094,27.895044701583743
bistro,10,ABL-ET2X-R-PreviousRawEdge-BilinearRGB,78,chairs-wide,2.267873525619507,30.02474594116211,33.356010196245464
bistro,4,O-T2X-R,79,full,0.7270766496658325,6.198950290679932,40.20762207105459
bistro,4,O-T2X-R,79,chair,4.26210355758667,64.59111785888672,30.0290756005684
bistro,4,O-T2X-R,79,chairs-wide,2.0101332664489746,22.597517013549805,34.59019638824736
bistro,6,O-ET2X-R-CurrentEdge-Point,79,full,0.6643944978713989,5.627700328826904,40.627493973720604
bistro,6,O-ET2X-R-CurrentEdge-Point,79,chair,5.833037376403809,121.72555541992188,27.276985960089277
bistro,6,O-ET2X-R-CurrentEdge-Point,79,chairs-wide,2.4909636974334717,36.46289825439453,32.512291752690395
bistro,9,O-ET2X-R-PreviousRawEdge-Point,79,full,0.6609366536140442,5.379377841949463,40.82348311118389
bistro,9,O-ET2X-R-PreviousRawEdge-Point,79,chair,5.722123622894287,117.90275573730469,27.415564049032835
bistro,9,O-ET2X-R-PreviousRawEdge-Point,79,chairs-wide,2.4149727821350098,34.29231262207031,32.778835865976184
bistro,10,ABL-ET2X-R-PreviousRawEdge-BilinearRGB,79,full,0.641191840171814,4.967413902282715,41.169500124313146
bistro,10,ABL-ET2X-R-PreviousRawEdge-BilinearRGB,79,chair,5.526130676269531,110.19522094726562,27.709176008461288
bistro,10,ABL-ET2X-R-PreviousRawEdge-BilinearRGB,79,chairs-wide,2.3009982109069824,31.002145767211914,33.21688606949477
bistro,4,O-T2X-R,80,full,0.7150108814239502,5.8400774002075195,40.46661757889026
bistro,4,O-T2X-R,80,chair,4.369998931884766,70.25902557373047,29.66378238624065
bistro,4,O-T2X-R,80,chairs-wide,2.088740587234497,25.353593826293945,34.09040832373926
bistro,6,O-ET2X-R-CurrentEdge-Point,80,full,0.6605022549629211,5.478328227996826,40.744323118953034
bistro,6,O-ET2X-R-CurrentEdge-Point,80,chair,5.841885566711426,120.32933807373047,27.327088331944157
bistro,6,O-ET2X-R-CurrentEdge-Point,80,chairs-wide,2.4537036418914795,35.2558479309082,32.658491966049255
bistro,9,O-ET2X-R-PreviousRawEdge-Point,80,full,0.6603422164916992,5.3222856521606445,40.86982181026851
bistro,9,O-ET2X-R-PreviousRawEdge-Point,80,chair,5.736180305480957,116.12799072265625,27.481434490427784
bistro,9,O-ET2X-R-PreviousRawEdge-Point,80,chairs-wide,2.4127604961395264,33.76402282714844,32.84626175652767
bistro,10,ABL-ET2X-R-PreviousRawEdge-BilinearRGB,80,full,0.6443588733673096,5.04386043548584,41.103172998060685
bistro,10,ABL-ET2X-R-PreviousRawEdge-BilinearRGB,80,chair,5.522105693817139,108.41255187988281,27.78000793641641
bistro,10,ABL-ET2X-R-PreviousRawEdge-BilinearRGB,80,chairs-wide,2.3219339847564697,30.855775833129883,33.237438901430714
bistro,4,O-T2X-R,81,full,0.726786196231842,6.106802463531494,40.27266488749192
bistro,4,O-T2X-R,81,chair,4.370857238769531,70.56859588623047,29.644688845692258
bistro,4,O-T2X-R,81,chairs-wide,2.08935546875,25.452552795410156,34.07349013905909
bistro,6,O-ET2X-R-CurrentEdge-Point,81,full,0.6796758770942688,6.86555814743042,39.76404511138447
bistro,6,O-ET2X-R-CurrentEdge-Point,81,chair,5.9221415519714355,125.25837707519531,27.1527358045339
bistro,6,O-ET2X-R-CurrentEdge-Point,81,chairs-wide,2.5624215602874756,38.68122482299805,32.255801435063894
bistro,9,O-ET2X-R-PreviousRawEdge-Point,81,full,0.6734740138053894,6.418737411499023,40.0563075166901
bistro,9,O-ET2X-R-PreviousRawEdge-Point,81,chair,5.75411319732666,119.34259796142578,27.362848731279676
bistro,9,O-ET2X-R-PreviousRawEdge-Point,81,chairs-wide,2.4521002769470215,35.18511199951172,32.667214230775386
bistro,10,ABL-ET2X-R-PreviousRawEdge-BilinearRGB,81,full,0.6512143015861511,5.649260520935059,40.61088757773355
bistro,10,ABL-ET2X-R-PreviousRawEdge-BilinearRGB,81,chair,5.510505676269531,109.76795959472656,27.7260476940453
bistro,10,ABL-ET2X-R-PreviousRawEdge-BilinearRGB,81,chairs-wide,2.3133559226989746,31.124879837036133,33.19972677429591
bistro,4,O-T2X-R,82,full,0.7100792527198792,5.268040180206299,40.91431282130303
bistro,4,O-T2X-R,82,chair,4.354669570922852,70.2235107421875,29.665978231517638
bistro,4,O-T2X-R,82,chairs-wide,2.053542137145996,24.353286743164062,34.26522778557806
bistro,6,O-ET2X-R-CurrentEdge-Point,82,full,0.6619541049003601,5.629602432250977,40.62602635213047
bistro,6,O-ET2X-R-CurrentEdge-Point,82,chair,5.8503193855285645,124.38736724853516,27.18304085117921
bistro,6,O-ET2X-R-CurrentEdge-Point,82,chairs-wide,2.5212974548339844,37.141029357910156,32.43226424892653
bistro,9,O-ET2X-R-PreviousRawEdge-Point,82,full,0.6613418459892273,5.476151943206787,40.74604871153803
bistro,9,O-ET2X-R-PreviousRawEdge-Point,82,chair,5.7417731285095215,120.34493255615234,27.326525529974866
bistro,9,O-ET2X-R-PreviousRawEdge-Point,82,chairs-wide,2.4685871601104736,35.28054428100586,32.655450843963905
bistro,10,ABL-ET2X-R-PreviousRawEdge-BilinearRGB,82,full,0.6421136856079102,5.051370620727539,41.096711268572605
bistro,10,ABL-ET2X-R-PreviousRawEdge-BilinearRGB,82,chair,5.5210700035095215,111.7579345703125,27.648019940055654
bistro,10,ABL-ET2X-R-PreviousRawEdge-BilinearRGB,82,chairs-wide,2.348590612411499,31.87712860107422,33.09601166364402
bistro,4,O-T2X-R,83,full,0.7205348610877991,5.655999183654785,40.60571022761926
bistro,4,O-T2X-R,83,chair,4.22091007232666,65.53939056396484,29.965779622093734
bistro,4,O-T2X-R,83,chairs-wide,2.0010669231414795,23.278942108154297,34.46117120587235
bistro,6,O-ET2X-R-CurrentEdge-Point,83,full,0.6677823066711426,6.155123710632324,40.238435747126715
bistro,6,O-ET2X-R-CurrentEdge-Point,83,chair,5.807972431182861,122.8475112915039,27.237139981251918
bistro,6,O-ET2X-R-CurrentEdge-Point,83,chairs-wide,2.4600634574890137,35.95087814331055,32.57370857855926
bistro,9,O-ET2X-R-PreviousRawEdge-Point,83,full,0.6647320985794067,5.702927112579346,40.56982539836351
bistro,9,O-ET2X-R-PreviousRawEdge-Point,83,chair,5.697502136230469,118.85321807861328,27.380694156546728
bistro,9,O-ET2X-R-PreviousRawEdge-Point,83,chairs-wide,2.4174745082855225,34.48800277709961,32.754123160511035
bistro,10,ABL-ET2X-R-PreviousRawEdge-BilinearRGB,83,full,0.6403301358222961,4.885812759399414,41.241435415210745
bistro,10,ABL-ET2X-R-PreviousRawEdge-BilinearRGB,83,chair,5.516897678375244,112.40811157226562,27.62282709030195
bistro,10,ABL-ET2X-R-PreviousRawEdge-BilinearRGB,83,chairs-wide,2.3180699348449707,31.719425201416016,33.11755052150309
bistro,4,O-T2X-R,84,full,0.7077320218086243,5.142189025878906,41.01932323686065
bistro,4,O-T2X-R,84,chair,4.338571071624756,70.74908447265625,29.63359536615696
bistro,4,O-T2X-R,84,chairs-wide,2.012948513031006,23.590904235839844,34.4033577322058
bistro,6,O-ET2X-R-CurrentEdge-Point,84,full,0.6652411222457886,5.7263503074646,40.552024485575835
bistro,6,O-ET2X-R-CurrentEdge-Point,84,chair,5.913115501403809,127.65595245361328,27.070392905918283
bistro,6,O-ET2X-R-CurrentEdge-Point,84,chairs-wide,2.565236806869507,39.078678131103516,32.21140495945966
bistro,9,O-ET2X-R-PreviousRawEdge-Point,84,full,0.6620755195617676,5.436402797698975,40.77768733569557
bistro,9,O-ET2X-R-PreviousRawEdge-Point,84,chair,5.759469509124756,121.13275146484375,27.29818778770327
bistro,9,O-ET2X-R-PreviousRawEdge-Point,84,chairs-wide,2.473675012588501,35.816558837890625,32.58996503238368
bistro,10,ABL-ET2X-R-PreviousRawEdge-BilinearRGB,84,full,0.6416062712669373,4.987884044647217,41.15164012163092
bistro,10,ABL-ET2X-R-PreviousRawEdge-BilinearRGB,84,chair,5.52793550491333,111.66749572753906,27.651535841755745
bistro,10,ABL-ET2X-R-PreviousRawEdge-BilinearRGB,84,chairs-wide,2.344599962234497,31.87331771850586,33.09653088989831
bistro,4,O-T2X-R,85,full,0.7210061550140381,5.65931510925293,40.603164848509806
bistro,4,O-T2X-R,85,chair,4.379705429077148,73.68830108642578,29.456818170645644
bistro,4,O-T2X-R,85,chairs-wide,2.037820816040039,24.746902465820312,34.1955951421203
bistro,6,O-ET2X-R-CurrentEdge-Point,85,full,0.6712709069252014,6.379891872406006,40.082670425880245
bistro,6,O-ET2X-R-CurrentEdge-Point,85,chair,5.8908915519714355,128.12994384765625,27.05429725048891
bistro,6,O-ET2X-R-CurrentEdge-Point,85,chairs-wide,2.54052734375,38.43476867675781,32.28356089296628
bistro,9,O-ET2X-R-PreviousRawEdge-Point,85,full,0.6686292290687561,6.138862609863281,40.24992447058543
bistro,9,O-ET2X-R-PreviousRawEdge-Point,85,chair,5.768377304077148,122.7634048461914,27.24011435772458
bistro,9,O-ET2X-R-PreviousRawEdge-Point,85,chairs-wide,2.4710347652435303,35.94820022583008,32.57403208890507
bistro,10,ABL-ET2X-R-PreviousRawEdge-BilinearRGB,85,full,0.6473488807678223,5.511283874511719,40.71827579681151
bistro,10,ABL-ET2X-R-PreviousRawEdge-BilinearRGB,85,chair,5.49570894241333,111.83045959472656,27.645202511259743
bistro,10,ABL-ET2X-R-PreviousRawEdge-BilinearRGB,85,chairs-wide,2.3450822830200195,32.168792724609375,33.056455984700975
bistro,4,O-T2X-R,86,full,0.7137375473976135,5.540933132171631,40.69497451730224
bistro,4,O-T2X-R,86,chair,4.318063259124756,69.02006530761719,29.74104994977578
bistro,4,O-T2X-R,86,chairs-wide,2.0309183597564697,23.572898864746094,34.406673679256905
bistro,6,O-ET2X-R-CurrentEdge-Point,86,full,0.6694185733795166,5.963810443878174,40.37556529656035
bistro,6,O-ET2X-R-CurrentEdge-Point,86,chair,5.693892002105713,117.49828338623047,27.430488391225683
bistro,6,O-ET2X-R-CurrentEdge-Point,86,chairs-wide,2.492856740951538,36.15904235839844,32.5486344083368
bistro,9,O-ET2X-R-PreviousRawEdge-Point,86,full,0.6661612391471863,5.630429744720459,40.62538817057769
bistro,9,O-ET2X-R-PreviousRawEdge-Point,86,chair,5.618282318115234,113.88065338134766,27.566304106552
bistro,9,O-ET2X-R-PreviousRawEdge-Point,86,chairs-wide,2.4600090980529785,34.752159118652344,32.720985687997086
bistro,10,ABL-ET2X-R-PreviousRawEdge-BilinearRGB,86,full,0.6445725560188293,5.107562065124512,41.048667081523
bistro,10,ABL-ET2X-R-PreviousRawEdge-BilinearRGB,86,chair,5.383966445922852,106.09123229980469,27.87400866892602
bistro,10,ABL-ET2X-R-PreviousRawEdge-BilinearRGB,86,chairs-wide,2.339343309402466,31.379201889038086,33.16438467493176
bistro,4,O-T2X-R,87,full,0.7242888808250427,5.633510112762451,40.62301282608341
bistro,4,O-T2X-R,87,chair,4.269383430480957,65.32431030273438,29.980055277467386
bistro,4,O-T2X-R,87,chairs-wide,2.0620720386505127,24.22684669494629,34.287834697227126
bistro,6,O-ET2X-R-CurrentEdge-Point,87,full,0.6657537817955017,5.711723804473877,40.56313162291148
bistro,6,O-ET2X-R-CurrentEdge-Point,87,chair,5.7268290519714355,116.25251770019531,27.476779936159264
bistro,6,O-ET2X-R-CurrentEdge-Point,87,chairs-wide,2.5066490173339844,36.92875289916992,32.457157192920455
bistro,9,O-ET2X-R-PreviousRawEdge-Point,87,full,0.6648464202880859,5.4884934425354,40.736272112055325
bistro,9,O-ET2X-R-PreviousRawEdge-Point,87,chair,5.630001068115234,112.86461639404297,27.60522551036521
bistro,9,O-ET2X-R-PreviousRawEdge-Point,87,chairs-wide,2.451744556427002,34.73703384399414,32.722876290879356
bistro,10,ABL-ET2X-R-PreviousRawEdge-BilinearRGB,87,full,0.6444560885429382,5.014838218688965,41.12823433853242
bistro,10,ABL-ET2X-R-PreviousRawEdge-BilinearRGB,87,chair,5.425840377807617,104.77906036376953,27.928058613986593
bistro,10,ABL-ET2X-R-PreviousRawEdge-BilinearRGB,87,chairs-wide,2.3212168216705322,30.966110229492188,33.221937054614955
bistro,4,O-T2X-R,88,full,0.7180689573287964,5.84389066696167,40.46378278721909
bistro,4,O-T2X-R,88,chair,4.324248313903809,67.05720520019531,29.86634911856028
bistro,4,O-T2X-R,88,chairs-wide,2.069920778274536,24.297388076782227,34.27520770595045
bistro,6,O-ET2X-R-CurrentEdge-Point,88,full,0.6680631041526794,6.059639930725098,40.30633542105107
bistro,6,O-ET2X-R-CurrentEdge-Point,88,chair,5.763553619384766,118.50408172607422,27.39347051529538
bistro,6,O-ET2X-R-CurrentEdge-Point,88,chairs-wide,2.4966604709625244,36.260719299316406,32.53643945978097
bistro,9,O-ET2X-R-PreviousRawEdge-Point,88,full,0.6659265756607056,5.7941107749938965,40.50093566840228
bistro,9,O-ET2X-R-PreviousRawEdge-Point,88,chair,5.666844367980957,114.55492401123047,27.54066599294081
bistro,9,O-ET2X-R-PreviousRawEdge-Point,88,chairs-wide,2.4584176540374756,34.67449188232422,32.73070255198135
bistro,10,ABL-ET2X-R-PreviousRawEdge-BilinearRGB,88,full,0.6411929726600647,4.822594165802002,41.29799644450603
bistro,10,ABL-ET2X-R-PreviousRawEdge-BilinearRGB,88,chair,5.4606709480285645,105.60845947265625,27.893816533221376
bistro,10,ABL-ET2X-R-PreviousRawEdge-BilinearRGB,88,chairs-wide,2.3392410278320312,31.144868850708008,33.196938544435504
bistro,4,O-T2X-R,89,full,0.7234855890274048,5.6551079750061035,40.606394593868686
bistro,4,O-T2X-R,89,chair,4.306551933288574,66.58786010742188,29.896853024023255
bistro,4,O-T2X-R,89,chairs-wide,2.031846761703491,23.265474319458008,34.46368449830413
bistro,6,O-ET2X-R-CurrentEdge-Point,89,full,0.6645730137825012,5.763530731201172,40.52391747703475
bistro,6,O-ET2X-R-CurrentEdge-Point,89,chair,5.727982997894287,114.48029327392578,27.54349627545571
bistro,6,O-ET2X-R-CurrentEdge-Point,89,chairs-wide,2.534475088119507,36.62996292114258,32.49243881819836
bistro,9,O-ET2X-R-PreviousRawEdge-Point,89,full,0.6638080477714539,5.581682205200195,40.66315254701838
bistro,9,O-ET2X-R-PreviousRawEdge-Point,89,chair,5.61893367767334,110.57856750488281,27.694094013165078
bistro,9,O-ET2X-R-PreviousRawEdge-Point,89,chairs-wide,2.462233543395996,34.44560623168945,32.7594652826804
bistro,10,ABL-ET2X-R-PreviousRawEdge-BilinearRGB,89,full,0.6432613730430603,5.118422031402588,41.0394426877496
bistro,10,ABL-ET2X-R-PreviousRawEdge-BilinearRGB,89,chair,5.386955261230469,101.92767333984375,28.047882500003574
bistro,10,ABL-ET2X-R-PreviousRawEdge-BilinearRGB,89,chairs-wide,2.3327183723449707,30.534757614135742,33.28285883965571
bistro,4,O-T2X-R,90,full,0.7212283611297607,6.022893905639648,40.33275147805429
bistro,4,O-T2X-R,90,chair,4.376302242279053,69.04296875,29.73960903710823
bistro,4,O-T2X-R,90,chairs-wide,2.054982900619507,23.75710678100586,34.372868111560564
bistro,6,O-ET2X-R-CurrentEdge-Point,90,full,0.6704133152961731,6.475566387176514,40.01802600768248
bistro,6,O-ET2X-R-CurrentEdge-Point,90,chair,5.646454811096191,112.01441192626953,27.638064576853342
bistro,6,O-ET2X-R-CurrentEdge-Point,90,chairs-wide,2.5285794734954834,36.549015045166016,32.50204683163993
bistro,9,O-ET2X-R-PreviousRawEdge-Point,90,full,0.6658130288124084,6.028351783752441,40.32881773282921
bistro,9,O-ET2X-R-PreviousRawEdge-Point,90,chair,5.567412376403809,108.87866973876953,27.761375547769774
bistro,9,O-ET2X-R-PreviousRawEdge-Point,90,chairs-wide,2.4499902725219727,33.758174896240234,32.84701401999537
bistro,10,ABL-ET2X-R-PreviousRawEdge-BilinearRGB,90,full,0.6426901817321777,5.223962783813477,40.950802865599314
bistro,10,ABL-ET2X-R-PreviousRawEdge-BilinearRGB,90,chair,5.327651500701904,99.94294738769531,28.13328207923266
bistro,10,ABL-ET2X-R-PreviousRawEdge-BilinearRGB,90,chairs-wide,2.3319408893585205,30.400468826293945,33.30200079657103
bistro,4,O-T2X-R,91,full,0.7271329164505005,5.739492893218994,40.542068384012424
bistro,4,O-T2X-R,91,chair,4.321792125701904,68.49532318115234,29.774194417252442
bistro,4,O-T2X-R,91,chairs-wide,2.0336732864379883,23.432146072387695,34.43268294861055
bistro,6,O-ET2X-R-CurrentEdge-Point,91,full,0.6635835766792297,5.695488929748535,40.5754934880443
bistro,6,O-ET2X-R-CurrentEdge-Point,91,chair,5.633315563201904,113.0283203125,27.598930871680658
bistro,6,O-ET2X-R-CurrentEdge-Point,91,chairs-wide,2.4773762226104736,34.9498405456543,32.69635162196809
bistro,9,O-ET2X-R-PreviousRawEdge-Point,91,full,0.6614614129066467,5.3759660720825195,40.8262384166177
bistro,9,O-ET2X-R-PreviousRawEdge-Point,91,chair,5.54042387008667,108.37287139892578,27.781597804761866
bistro,9,O-ET2X-R-PreviousRawEdge-Point,91,chairs-wide,2.4412314891815186,33.299713134765625,32.90639868638616
bistro,10,ABL-ET2X-R-PreviousRawEdge-BilinearRGB,91,full,0.640333890914917,4.888683795928955,41.238884132183685
bistro,10,ABL-ET2X-R-PreviousRawEdge-BilinearRGB,91,chair,5.3091559410095215,98.78435516357422,28.183921916257653
bistro,10,ABL-ET2X-R-PreviousRawEdge-BilinearRGB,91,chairs-wide,2.3292222023010254,29.808956146240234,33.387335927475654
bistro,4,O-T2X-R,92,full,0.7161176800727844,5.551128387451172,40.686990889824926
bistro,4,O-T2X-R,92,chair,4.350911617279053,68.22892761230469,29.791118155548602
bistro,4,O-T2X-R,92,chairs-wide,2.043023109436035,23.58805274963379,34.40388270554355
bistro,6,O-ET2X-R-CurrentEdge-Point,92,full,0.6651637554168701,5.690652370452881,40.5791830455238
bistro,6,O-ET2X-R-CurrentEdge-Point,92,chair,5.669241428375244,112.96807098388672,27.601246479591467
bistro,6,O-ET2X-R-CurrentEdge-Point,92,chairs-wide,2.5096027851104736,35.99264144897461,32.56866640788536
bistro,9,O-ET2X-R-PreviousRawEdge-Point,92,full,0.662514865398407,5.452406883239746,40.76492103479248
bistro,9,O-ET2X-R-PreviousRawEdge-Point,92,chair,5.551461696624756,107.9110107421875,27.800146005167544
bistro,9,O-ET2X-R-PreviousRawEdge-Point,92,chairs-wide,2.442660093307495,33.746734619140625,32.84848604604475
bistro,10,ABL-ET2X-R-PreviousRawEdge-BilinearRGB,92,full,0.6425338983535767,4.874546527862549,41.25146140752791
bistro,10,ABL-ET2X-R-PreviousRawEdge-BilinearRGB,92,chair,5.33670711517334,100.28770446777344,28.118326702116633
bistro,10,ABL-ET2X-R-PreviousRawEdge-BilinearRGB,92,chairs-wide,2.330331325531006,30.338577270507812,33.31085150206761
bistro,4,O-T2X-R,93,full,0.727264940738678,6.349461555480957,40.10343462882754
bistro,4,O-T2X-R,93,chair,4.321792125701904,67.48147583007812,29.83895788760984
bistro,4,O-T2X-R,93,chairs-wide,2.0786855220794678,24.347204208374023,34.2663126252819
bistro,6,O-ET2X-R-CurrentEdge-Point,93,full,0.6736389398574829,6.219034194946289,40.193574161084705
bistro,6,O-ET2X-R-CurrentEdge-Point,93,chair,5.66737699508667,114.33587646484375,27.548978355824246
bistro,6,O-ET2X-R-CurrentEdge-Point,93,chairs-wide,2.5240886211395264,37.014408111572266,32.44709551791951
bistro,9,O-ET2X-R-PreviousRawEdge-Point,93,full,0.669721782207489,5.924517631530762,40.404273645811166
bistro,9,O-ET2X-R-PreviousRawEdge-Point,93,chair,5.546075820922852,109.53157806396484,27.73541016104254
bistro,9,O-ET2X-R-PreviousRawEdge-Point,93,chairs-wide,2.436300277709961,33.712135314941406,32.85294099414089
bistro,10,ABL-ET2X-R-PreviousRawEdge-BilinearRGB,93,full,0.6465387344360352,5.213974475860596,40.959114600463465
bistro,10,ABL-ET2X-R-PreviousRawEdge-BilinearRGB,93,chair,5.318241119384766,100.8194808959961,28.09535903875527
bistro,10,ABL-ET2X-R-PreviousRawEdge-BilinearRGB,93,chairs-wide,2.317425012588501,30.177234649658203,33.33400921035337
bistro,4,O-T2X-R,94,full,0.7103816270828247,5.048925876617432,41.09881366011665
bistro,4,O-T2X-R,94,chair,4.297940254211426,67.35688781738281,29.84698348216012
bistro,4,O-T2X-R,94,chairs-wide,2.081392288208008,24.445951461791992,34.248734157473145
bistro,6,O-ET2X-R-CurrentEdge-Point,94,full,0.655979335308075,5.278258800506592,40.90589680388119
bistro,6,O-ET2X-R-CurrentEdge-Point,94,chair,5.657759189605713,115.25595092773438,27.514170026122514
bistro,6,O-ET2X-R-CurrentEdge-Point,94,chairs-wide,2.5076799392700195,35.9620475769043,32.572359496077596
bistro,9,O-ET2X-R-PreviousRawEdge-Point,94,full,0.6549429297447205,5.120445728302002,41.03772593463093
bistro,9,O-ET2X-R-PreviousRawEdge-Point,94,chair,5.5375237464904785,110.84611511230469,27.683598841197437
bistro,9,O-ET2X-R-PreviousRawEdge-Point,94,chairs-wide,2.4536192417144775,34.0926399230957,32.804197292593514
bistro,10,ABL-ET2X-R-PreviousRawEdge-BilinearRGB,94,full,0.6354446411132812,4.677371501922607,41.43078495593244
bistro,10,ABL-ET2X-R-PreviousRawEdge-BilinearRGB,94,chair,5.30702543258667,101.35153198242188,28.072500431967143
bistro,10,ABL-ET2X-R-PreviousRawEdge-BilinearRGB,94,chairs-wide,2.3359434604644775,30.43901252746582,33.296498014956825
bistro,4,O-T2X-R,95,full,0.7332492470741272,6.166046619415283,40.23073556909749
bistro,4,O-T2X-R,95,chair,4.270863056182861,66.08502197265625,29.929773221345755
bistro,4,O-T2X-R,95,chairs-wide,2.0480926036834717,23.725284576416016,34.378689305282876
bistro,6,O-ET2X-R-CurrentEdge-Point,95,full,0.6741944551467896,6.562219142913818,39.960296314699576
bistro,6,O-ET2X-R-CurrentEdge-Point,95,chair,5.668205261230469,112.66045379638672,27.613088646265783
bistro,6,O-ET2X-R-CurrentEdge-Point,95,chairs-wide,2.4926276206970215,35.2857780456543,32.65480662869645
bistro,9,O-ET2X-R-PreviousRawEdge-Point,95,full,0.6705831289291382,6.095760822296143,40.2805244249614
bistro,9,O-ET2X-R-PreviousRawEdge-Point,95,chair,5.550337314605713,107.97457885742188,27.797588420613586
bistro,9,O-ET2X-R-PreviousRawEdge-Point,95,chairs-wide,2.4287290573120117,33.05035400390625,32.93904245272584
bistro,10,ABL-ET2X-R-PreviousRawEdge-BilinearRGB,95,full,0.6448814868927002,5.288128852844238,40.89778332053441
bistro,10,ABL-ET2X-R-PreviousRawEdge-BilinearRGB,95,chair,5.3176493644714355,100.06646728515625,28.12791793007197
bistro,10,ABL-ET2X-R-PreviousRawEdge-BilinearRGB,95,chairs-wide,2.311493396759033,29.993989944458008,33.360461193297006
bistro,4,O-T2X-R,96,full,0.7187182307243347,5.688930988311768,40.58049695438542
bistro,4,O-T2X-R,96,chair,4.415335178375244,70.97174072265625,29.61994903575151
bistro,4,O-T2X-R,96,chairs-wide,2.0896871089935303,24.702051162719727,34.203473439780836
bistro,6,O-ET2X-R-CurrentEdge-Point,96,full,0.6646124720573425,5.658632278442383,40.603688882848004
bistro,6,O-ET2X-R-CurrentEdge-Point,96,chair,5.661783695220947,111.79684448242188,27.646508153068794
bistro,6,O-ET2X-R-CurrentEdge-Point,96,chairs-wide,2.554910659790039,37.42648696899414,32.39901296820084
bistro,9,O-ET2X-R-PreviousRawEdge-Point,96,full,0.66117262840271,5.272233486175537,40.91085725687066
bistro,9,O-ET2X-R-PreviousRawEdge-Point,96,chair,5.55196475982666,107.67755889892578,27.809551595372596
bistro,9,O-ET2X-R-PreviousRawEdge-Point,96,chairs-wide,2.4714324474334717,34.37500762939453,32.76837557639669
bistro,10,ABL-ET2X-R-PreviousRawEdge-BilinearRGB,96,full,0.6409478187561035,4.8394389152526855,41.28285348424943
bistro,10,ABL-ET2X-R-PreviousRawEdge-BilinearRGB,96,chair,5.37929105758667,101.30364990234375,28.074552678877744
bistro,10,ABL-ET2X-R-PreviousRawEdge-BilinearRGB,96,chairs-wide,2.3582658767700195,30.853973388671875,33.23769260256939
bistro,4,O-T2X-R,97,full,0.7289336323738098,6.001145362854004,40.34846214268324
bistro,4,O-T2X-R,97,chair,4.376331806182861,69.27021026611328,29.725338549508038
bistro,4,O-T2X-R,97,chairs-wide,2.0774619579315186,24.528501510620117,34.23409343666306
bistro,6,O-ET2X-R-CurrentEdge-Point,97,full,0.6646744608879089,5.640614032745361,40.61753977360154
bistro,6,O-ET2X-R-CurrentEdge-Point,97,chair,5.646040439605713,111.72268676757812,27.649389895648405
bistro,6,O-ET2X-R-CurrentEdge-Point,97,chairs-wide,2.5200798511505127,35.617252349853516,32.61419947574573
bistro,9,O-ET2X-R-PreviousRawEdge-Point,97,full,0.6607113480567932,5.347860813140869,40.84900265357899
bistro,9,O-ET2X-R-PreviousRawEdge-Point,97,chair,5.54649019241333,108.2060546875,27.78828798398635
bistro,9,O-ET2X-R-PreviousRawEdge-Point,97,chairs-wide,2.4760982990264893,34.14312744140625,32.797770617711606
bistro,10,ABL-ET2X-R-PreviousRawEdge-BilinearRGB,97,full,0.6404945850372314,4.864556312561035,41.2603712567642
bistro,10,ABL-ET2X-R-PreviousRawEdge-BilinearRGB,97,chair,5.347419738769531,100.40595245361328,28.113209006373097
bistro,10,ABL-ET2X-R-PreviousRawEdge-BilinearRGB,97,chairs-wide,2.3736135959625244,31.216917037963867,33.18690350658909
bistro,4,O-T2X-R,98,full,0.7213067412376404,5.578193187713623,40.66586809900745
bistro,4,O-T2X-R,98,chair,4.455433368682861,70.82439422607422,29.628974922592455
bistro,4,O-T2X-R,98,chairs-wide,2.105107069015503,24.871213912963867,34.1738337805733
bistro,6,O-ET2X-R-CurrentEdge-Point,98,full,0.6716132164001465,6.159641265869141,40.2352494103955
bistro,6,O-ET2X-R-CurrentEdge-Point,98,chair,5.694276809692383,110.89290618896484,27.681765956161847
bistro,6,O-ET2X-R-CurrentEdge-Point,98,chairs-wide,2.536729574203491,35.72875213623047,32.600625125863516
bistro,9,O-ET2X-R-PreviousRawEdge-Point,98,full,0.6687624454498291,5.880521297454834,40.43664533673925
bistro,9,O-ET2X-R-PreviousRawEdge-Point,98,chair,5.556758880615234,105.78675079345703,27.886490827491603
bistro,9,O-ET2X-R-PreviousRawEdge-Point,98,chairs-wide,2.4783830642700195,33.81829833984375,32.8392860977084
bistro,10,ABL-ET2X-R-PreviousRawEdge-BilinearRGB,98,full,0.6465879678726196,5.107065677642822,41.04908917883243
bistro,10,ABL-ET2X-R-PreviousRawEdge-BilinearRGB,98,chair,5.3274149894714355,97.6492691040039,28.23411363887006
bistro,10,ABL-ET2X-R-PreviousRawEdge-BilinearRGB,98,chairs-wide,2.361177444458008,30.62723731994629,33.269725371209105
bistro,4,O-T2X-R,99,full,0.7267163395881653,5.741143226623535,40.54081979344942
bistro,4,O-T2X-R,99,chair,4.413411617279053,68.54747009277344,29.770889301161716
bistro,4,O-T2X-R,99,chairs-wide,2.120255947113037,25.063796997070312,34.140334965257495
bistro,6,O-ET2X-R-CurrentEdge-Point,99,full,0.6716001033782959,5.813634395599365,40.48632644229215
bistro,6,O-ET2X-R-CurrentEdge-Point,99,chair,5.65663480758667,108.37224578857422,27.781622875603325
bistro,6,O-ET2X-R-CurrentEdge-Point,99,chairs-wide,2.623685836791992,38.16919708251953,32.31367336530516
bistro,9,O-ET2X-R-PreviousRawEdge-Point,99,full,0.667637288570404,5.585306644439697,40.660333391311895
bistro,9,O-ET2X-R-PreviousRawEdge-Point,99,chair,5.557913303375244,104.56732177734375,27.93684376041302
bistro,9,O-ET2X-R-PreviousRawEdge-Point,99,chairs-wide,2.532075881958008,34.949031829833984,32.696452115954976
bistro,10,ABL-ET2X-R-PreviousRawEdge-BilinearRGB,99,full,0.645612895488739,5.002179145812988,41.13921119566022
bistro,10,ABL-ET2X-R-PreviousRawEdge-BilinearRGB,99,chair,5.3646721839904785,97.57412719726562,28.237456856710335
bistro,10,ABL-ET2X-R-PreviousRawEdge-BilinearRGB,99,chairs-wide,2.417227268218994,31.443063735961914,33.15555504836523
bistro,4,O-T2X-R,100,full,0.7266042232513428,5.782431602478027,40.50969856449386
bistro,4,O-T2X-R,100,chair,4.459872245788574,69.81072235107422,29.691582290717676
bistro,4,O-T2X-R,100,chairs-wide,2.114800453186035,25.31282615661621,34.09739724374111
bistro,6,O-ET2X-R-CurrentEdge-Point,100,full,0.6712086796760559,6.091771602630615,40.28336748800207
bistro,6,O-ET2X-R-CurrentEdge-Point,100,chair,5.692619323730469,111.55779266357422,27.65580448349493
bistro,6,O-ET2X-R-CurrentEdge-Point,100,chairs-wide,2.590096950531006,37.3632926940918,32.406352187953345
bistro,9,O-ET2X-R-PreviousRawEdge-Point,100,full,0.667500376701355,5.596902847290039,40.6513259250898
bistro,9,O-ET2X-R-PreviousRawEdge-Point,100,chair,5.5768818855285645,106.16015625,27.871188118021976
bistro,9,O-ET2X-R-PreviousRawEdge-Point,100,chairs-wide,2.539496421813965,35.33133316040039,32.64920335850789
bistro,10,ABL-ET2X-R-PreviousRawEdge-BilinearRGB,100,full,0.6443406939506531,4.960390567779541,41.175644878548255
bistro,10,ABL-ET2X-R-PreviousRawEdge-BilinearRGB,100,chair,5.362807750701904,97.953125,28.220620650128385
bistro,10,ABL-ET2X-R-PreviousRawEdge-BilinearRGB,100,chairs-wide,2.418903112411499,31.772550582885742,33.110282810860724
bistro,4,O-T2X-R,101,full,0.7303122282028198,6.0864410400390625,40.28716941548474
bistro,4,O-T2X-R,101,chair,4.386541366577148,68.69803619384766,29.761360383988325
bistro,4,O-T2X-R,101,chairs-wide,2.0910191535949707,24.618085861206055,34.218260788133584
bistro,6,O-ET2X-R-CurrentEdge-Point,101,full,0.6678493618965149,5.862384796142578,40.45006039539853
bistro,6,O-ET2X-R-CurrentEdge-Point,101,chair,5.7643818855285645,113.86742401123047,27.566808650213858
bistro,6,O-ET2X-R-CurrentEdge-Point,101,chairs-wide,2.5709636211395264,36.733760833740234,32.480149668071775
bistro,9,O-ET2X-R-PreviousRawEdge-Point,101,full,0.6645393371582031,5.534803867340088,40.699781251456926
bistro,9,O-ET2X-R-PreviousRawEdge-Point,101,chair,5.6169209480285645,107.62236785888672,27.811778179006453
bistro,9,O-ET2X-R-PreviousRawEdge-Point,101,chairs-wide,2.525239944458008,34.86994171142578,32.70629139457729
bistro,10,ABL-ET2X-R-PreviousRawEdge-BilinearRGB,101,full,0.6457610130310059,5.144679546356201,41.01722032417368
bistro,10,ABL-ET2X-R-PreviousRawEdge-BilinearRGB,101,chair,5.446141242980957,101.05835723876953,28.085081266128007
bistro,10,ABL-ET2X-R-PreviousRawEdge-BilinearRGB,101,chairs-wide,2.4134294986724854,31.681537628173828,33.122741094395394
bistro,4,O-T2X-R,102,full,0.7245230078697205,5.550295829772949,40.68764229310278
bistro,4,O-T2X-R,102,chair,4.407403945922852,69.48878479003906,29.711656440020306
bistro,4,O-T2X-R,102,chairs-wide,2.105999231338501,24.53633689880371,34.232706347256084
bistro,6,O-ET2X-R-CurrentEdge-Point,102,full,0.6700539588928223,5.862584590911865,40.44991238688276
bistro,6,O-ET2X-R-CurrentEdge-Point,102,chair,5.807942867279053,115.39287567138672,27.509013644582083
bistro,6,O-ET2X-R-CurrentEdge-Point,102,chairs-wide,2.6944925785064697,40.45870590209961,32.06068373401126
bistro,9,O-ET2X-R-PreviousRawEdge-Point,102,full,0.6661697030067444,5.630011558532715,40.62571074399899
bistro,9,O-ET2X-R-PreviousRawEdge-Point,102,chair,5.6682353019714355,110.1904296875,27.709364842686377
bistro,9,O-ET2X-R-PreviousRawEdge-Point,102,chairs-wide,2.563337802886963,36.023311614990234,32.56496725954441
bistro,10,ABL-ET2X-R-PreviousRawEdge-BilinearRGB,102,full,0.6479278206825256,5.271564483642578,40.9114083753759
bistro,10,ABL-ET2X-R-PreviousRawEdge-BilinearRGB,102,chair,5.4850850105285645,103.25343322753906,27.991758597938418
bistro,10,ABL-ET2X-R-PreviousRawEdge-BilinearRGB,102,chairs-wide,2.4437150955200195,32.34992980957031,33.03207018161471
bistro,4,O-T2X-R,103,full,0.7398986220359802,6.261184215545654,40.16423879153067
bistro,4,O-T2X-R,103,chair,4.4261956214904785,72.0623779296875,29.553717719031418
bistro,4,O-T2X-R,103,chairs-wide,2.179994821548462,27.509891510009766,33.73591483189859
bistro,6,O-ET2X-R-CurrentEdge-Point,103,full,0.6754356026649475,6.203673362731934,40.20431437699518
bistro,6,O-ET2X-R-CurrentEdge-Point,103,chair,5.820342063903809,119.42924499511719,27.35969674067716
bistro,6,O-ET2X-R-CurrentEdge-Point,103,chairs-wide,2.6448628902435303,39.52528762817383,32.162053218620386
bistro,9,O-ET2X-R-PreviousRawEdge-Point,103,full,0.6723876595497131,5.965275287628174,40.37449870424139
bistro,9,O-ET2X-R-PreviousRawEdge-Point,103,chair,5.637251377105713,111.3034439086914,27.66571758551159
bistro,9,O-ET2X-R-PreviousRawEdge-Point,103,chairs-wide,2.5900185108184814,37.20957946777344,32.42425599093017
bistro,10,ABL-ET2X-R-PreviousRawEdge-BilinearRGB,103,full,0.6504735350608826,5.3344502449035645,40.85990692104073
bistro,10,ABL-ET2X-R-PreviousRawEdge-BilinearRGB,103,chair,5.44981050491333,103.33735656738281,27.988230130339442
bistro,10,ABL-ET2X-R-PreviousRawEdge-BilinearRGB,103,chairs-wide,2.463656187057495,33.16884231567383,32.92350047162377
bistro,4,O-T2X-R,104,full,0.7299200296401978,5.9844651222229,40.36055020636383
bistro,4,O-T2X-R,104,chair,4.4055399894714355,69.9376220703125,29.68369498969864
bistro,4,O-T2X-R,104,chairs-wide,2.1280441284179688,25.372159957885742,34.08722920139641
bistro,6,O-ET2X-R-CurrentEdge-Point,104,full,0.6726337671279907,6.102330684661865,40.27584622551263
bistro,6,O-ET2X-R-CurrentEdge-Point,104,chair,5.77127742767334,115.10224151611328,27.519965796481948
bistro,6,O-ET2X-R-CurrentEdge-Point,104,chairs-wide,2.587317943572998,37.74011993408203,32.36277084895191
bistro,9,O-ET2X-R-PreviousRawEdge-Point,104,full,0.6702308654785156,5.9079766273498535,40.416415923446316
bistro,9,O-ET2X-R-PreviousRawEdge-Point,104,chair,5.620028495788574,109.27420806884766,27.745626931102535
bistro,9,O-ET2X-R-PreviousRawEdge-Point,104,chairs-wide,2.529574155807495,35.587432861328125,32.6178370004503
bistro,10,ABL-ET2X-R-PreviousRawEdge-BilinearRGB,104,full,0.650322675704956,5.365985870361328,40.83430836108618
bistro,10,ABL-ET2X-R-PreviousRawEdge-BilinearRGB,104,chair,5.432498931884766,101.79903411865234,28.05336703485338
bistro,10,ABL-ET2X-R-PreviousRawEdge-BilinearRGB,104,chairs-wide,2.428349256515503,32.254085540771484,33.04495627464588
bistro,4,O-T2X-R,105,full,0.7317284345626831,5.9159770011901855,40.410538838925504
bistro,4,O-T2X-R,105,chair,4.3482184410095215,65.66373443603516,29.95754782522665
bistro,4,O-T2X-R,105,chairs-wide,2.1398050785064697,25.78478240966797,34.01716889995421
bistro,6,O-ET2X-R-CurrentEdge-Point,105,full,0.6794772148132324,6.296419143676758,40.13986730187962
bistro,6,O-ET2X-R-CurrentEdge-Point,105,chair,5.701497554779053,112.89728546142578,27.603968611333464
bistro,6,O-ET2X-R-CurrentEdge-Point,105,chairs-wide,2.662959337234497,40.346527099609375,32.07274202885091
bistro,9,O-ET2X-R-PreviousRawEdge-Point,105,full,0.6751135587692261,5.997331619262695,40.351222972837505
bistro,9,O-ET2X-R-PreviousRawEdge-Point,105,chair,5.592625617980957,107.73946380615234,27.807055510335886
bistro,9,O-ET2X-R-PreviousRawEdge-Point,105,chairs-wide,2.552680015563965,36.19845199584961,32.543903622694216
bistro,10,ABL-ET2X-R-PreviousRawEdge-BilinearRGB,105,full,0.657897412776947,5.4955315589904785,40.730706546504756
bistro,10,ABL-ET2X-R-PreviousRawEdge-BilinearRGB,105,chair,5.427734375,101.7745590209961,28.0544113156703
bistro,10,ABL-ET2X-R-PreviousRawEdge-BilinearRGB,105,chairs-wide,2.4428892135620117,32.70249938964844,32.98499414640311
bistro,4,O-T2X-R,106,full,0.7309068441390991,5.819729804992676,40.48177538919855
bistro,4,O-T2X-R,106,chair,4.3620381355285645,67.46881103515625,29.839773039721468
bistro,4,O-T2X-R,106,chairs-wide,2.1202800273895264,24.863515853881836,34.17517820312191
bistro,6,O-ET2X-R-CurrentEdge-Point,106,full,0.678922712802887,6.152468681335449,40.24030949229814
bistro,6,O-ET2X-R-CurrentEdge-Point,106,chair,5.810576438903809,119.15740203857422,27.369593350443665
bistro,6,O-ET2X-R-CurrentEdge-Point,106,chairs-wide,2.6579136848449707,40.588409423828125,32.04678328323461
bistro,9,O-ET2X-R-PreviousRawEdge-Point,106,full,0.674964189529419,5.886505126953125,40.432228342569196
bistro,9,O-ET2X-R-PreviousRawEdge-Point,106,chair,5.6780009269714355,113.45079040527344,27.582728349311957
bistro,9,O-ET2X-R-PreviousRawEdge-Point,106,chairs-wide,2.587613344192505,38.039398193359375,32.328467233536024
bistro,10,ABL-ET2X-R-PreviousRawEdge-BilinearRGB,106,full,0.6503228545188904,5.114536285400391,41.042740967827946
bistro,10,ABL-ET2X-R-PreviousRawEdge-BilinearRGB,106,chair,5.48653507232666,106.22724151611328,27.86844456900114
bistro,10,ABL-ET2X-R-PreviousRawEdge-BilinearRGB,106,chairs-wide,2.4776535034179688,34.27187728881836,32.78142466713945
bistro,4,O-T2X-R,107,full,0.7424548864364624,6.325800895690918,40.119648424730876
bistro,4,O-T2X-R,107,chair,4.333836555480957,64.58283233642578,30.029632734059163
bistro,4,O-T2X-R,107,chairs-wide,2.0738630294799805,23.635290145874023,34.395194228146096
bistro,6,O-ET2X-R-CurrentEdge-Point,107,full,0.6716213822364807,5.861971855163574,40.45036631920133
bistro,6,O-ET2X-R-CurrentEdge-Point,107,chair,5.82010555267334,119.38621520996094,27.361261764854152
bistro,6,O-ET2X-R-CurrentEdge-Point,107,chairs-wide,2.6127567291259766,39.758033752441406,32.1365546279807
bistro,9,O-ET2X-R-PreviousRawEdge-Point,107,full,0.6688568592071533,5.613304615020752,40.638617503188215
bistro,9,O-ET2X-R-PreviousRawEdge-Point,107,chair,5.6595940589904785,113.00659942626953,27.599765544577384
bistro,9,O-ET2X-R-PreviousRawEdge-Point,107,chairs-wide,2.5556278228759766,37.48179626464844,32.39259965174802
bistro,10,ABL-ET2X-R-PreviousRawEdge-BilinearRGB,107,full,0.6489959955215454,5.041134357452393,41.10552088360809
bistro,10,ABL-ET2X-R-PreviousRawEdge-BilinearRGB,107,chair,5.460641384124756,105.70549011230469,27.88982816667773
bistro,10,ABL-ET2X-R-PreviousRawEdge-BilinearRGB,107,chairs-wide,2.4644880294799805,34.142799377441406,32.797812347062376
bistro,4,O-T2X-R,108,full,0.7367420792579651,6.149791717529297,40.2421995362249
bistro,4,O-T2X-R,108,chair,4.402698993682861,66.66151428222656,29.892051860026633
bistro,4,O-T2X-R,108,chairs-wide,2.1154332160949707,24.44112205505371,34.24959221035021
bistro,6,O-ET2X-R-CurrentEdge-Point,108,full,0.6854449510574341,6.363900661468506,40.09356969043709
bistro,6,O-ET2X-R-CurrentEdge-Point,108,chair,5.8364996910095215,121.18824005126953,27.296198823630146
bistro,6,O-ET2X-R-CurrentEdge-Point,108,chairs-wide,2.7003278732299805,42.705318450927734,31.825983961460132
bistro,9,O-ET2X-R-PreviousRawEdge-Point,108,full,0.6822330951690674,6.1113152503967285,40.26945673617338
bistro,9,O-ET2X-R-PreviousRawEdge-Point,108,chair,5.708510875701904,115.9705810546875,27.48732527727363
bistro,9,O-ET2X-R-PreviousRawEdge-Point,108,chairs-wide,2.5985002517700195,38.945892333984375,32.22618701959652
bistro,10,ABL-ET2X-R-PreviousRawEdge-BilinearRGB,108,full,0.6613737344741821,5.5890631675720215,40.6574134282958
bistro,10,ABL-ET2X-R-PreviousRawEdge-BilinearRGB,108,chair,5.5224609375,108.56957244873047,27.773722333055243
bistro,10,ABL-ET2X-R-PreviousRawEdge-BilinearRGB,108,chairs-wide,2.480860471725464,34.99238586425781,32.69106806142742
bistro,4,O-T2X-R,109,full,0.7408736944198608,6.129073143005371,40.25685556710435
bistro,4,O-T2X-R,109,chair,4.39432430267334,67.85993957519531,29.814668922692583
bistro,4,O-T2X-R,109,chairs-wide,2.130358934402466,25.52458953857422,34.06121593950904
bistro,6,O-ET2X-R-CurrentEdge-Point,109,full,0.6774685382843018,5.978634357452393,40.36478367306689
bistro,6,O-ET2X-R-CurrentEdge-Point,109,chair,5.891275882720947,123.55042266845703,27.212361253971974
bistro,6,O-ET2X-R-CurrentEdge-Point,109,chairs-wide,2.615734815597534,39.54613494873047,32.15976316838607
bistro,9,O-ET2X-R-PreviousRawEdge-Point,109,full,0.6764237284660339,5.81732177734375,40.48357273988954
bistro,9,O-ET2X-R-PreviousRawEdge-Point,109,chair,5.765536308288574,118.93605041503906,27.377668483578738
bistro,9,O-ET2X-R-PreviousRawEdge-Point,109,chairs-wide,2.5581958293914795,37.435340881347656,32.39798568756751
bistro,10,ABL-ET2X-R-PreviousRawEdge-BilinearRGB,109,full,0.6518848538398743,5.014706134796143,41.12834872719014
bistro,10,ABL-ET2X-R-PreviousRawEdge-BilinearRGB,109,chair,5.573419570922852,111.07223510742188,27.674748496012764
bistro,10,ABL-ET2X-R-PreviousRawEdge-BilinearRGB,109,chairs-wide,2.4548189640045166,34.23313903808594,32.78633636885911
bistro,4,O-T2X-R,110,full,0.7324255108833313,5.786990165710449,40.50627616534658
bistro,4,O-T2X-R,110,chair,4.46407413482666,70.18359375,29.668447583758887
bistro,4,O-T2X-R,110,chairs-wide,2.168023109436035,25.805273056030273,34.01371901992078
bistro,6,O-ET2X-R-CurrentEdge-Point,110,full,0.676234245300293,6.0524373054504395,40.31150061397335
bistro,6,O-ET2X-R-CurrentEdge-Point,110,chair,5.99843168258667,129.41207885742188,27.01105547160366
bistro,6,O-ET2X-R-CurrentEdge-Point,110,chairs-wide,2.667619228363037,41.13160705566406,31.98904682679613
bistro,9,O-ET2X-R-PreviousRawEdge-Point,110,full,0.6723516583442688,5.793050289154053,40.50173062265745
bistro,9,O-ET2X-R-PreviousRawEdge-Point,110,chair,5.861416816711426,123.5626449584961,27.21193164713851
bistro,9,O-ET2X-R-PreviousRawEdge-Point,110,chairs-wide,2.612401247024536,39.138118743896484,32.20480414323147
bistro,10,ABL-ET2X-R-PreviousRawEdge-BilinearRGB,110,full,0.6513497829437256,5.251301288604736,40.92813424617649
bistro,10,ABL-ET2X-R-PreviousRawEdge-BilinearRGB,110,chair,5.68143367767334,116.52772521972656,27.466510923523295
bistro,10,ABL-ET2X-R-PreviousRawEdge-BilinearRGB,110,chairs-wide,2.502134084701538,35.67288589477539,32.60742116192339
bistro,4,O-T2X-R,111,full,0.7435521483421326,6.028872966766357,40.328442278424355
bistro,4,O-T2X-R,111,chair,4.414210319519043,65.26329040527344,29.98411394866414
bistro,4,O-T2X-R,111,chairs-wide,2.1383042335510254,24.732234954833984,34.19816997248447
bistro,6,O-ET2X-R-CurrentEdge-Point,111,full,0.6843807101249695,6.502283096313477,40.000144869888985
bistro,6,O-ET2X-R-CurrentEdge-Point,111,chair,5.980942249298096,130.0835723876953,26.98857905750146
bistro,6,O-ET2X-R-CurrentEdge-Point,111,chairs-wide,2.7545270919799805,44.67158126831055,31.630490351266044
bistro,9,O-ET2X-R-PreviousRawEdge-Point,111,full,0.6789190769195557,6.187625885009766,40.215563132723126
bistro,9,O-ET2X-R-PreviousRawEdge-Point,111,chair,5.8552021980285645,125.1846923828125,27.1552913439062
bistro,9,O-ET2X-R-PreviousRawEdge-Point,111,chairs-wide,2.6351754665374756,40.21324157714844,32.08711278008084
bistro,10,ABL-ET2X-R-PreviousRawEdge-BilinearRGB,111,full,0.6620932221412659,5.804717540740967,40.492992691761096
bistro,10,ABL-ET2X-R-PreviousRawEdge-BilinearRGB,111,chair,5.6618428230285645,118.63982391357422,27.38849867431366
bistro,10,ABL-ET2X-R-PreviousRawEdge-BilinearRGB,111,chairs-wide,2.5071191787719727,36.69038772583008,32.48528059678908
bistro,4,O-T2X-R,112,full,0.7350268959999084,5.766480922698975,40.52169501281793
bistro,4,O-T2X-R,112,chair,4.393406867980957,68.38903045654297,29.78093914034399
bistro,4,O-T2X-R,112,chairs-wide,2.1456403732299805,25.3134765625,34.09728565444023
bistro,6,O-ET2X-R-CurrentEdge-Point,112,full,0.6809726357460022,6.157112121582031,40.23703298661679
bistro,6,O-ET2X-R-CurrentEdge-Point,112,chair,6.119939804077148,136.4547576904297,26.78091678299308
bistro,6,O-ET2X-R-CurrentEdge-Point,112,chairs-wide,2.7403972148895264,43.98892593383789,31.69737002816987
bistro,9,O-ET2X-R-PreviousRawEdge-Point,112,full,0.6785849928855896,5.913189888000488,40.4125853531263
bistro,9,O-ET2X-R-PreviousRawEdge-Point,112,chair,5.9533915519714355,129.1410675048828,27.020159888216
bistro,9,O-ET2X-R-PreviousRawEdge-Point,112,chairs-wide,2.6749916076660156,41.501861572265625,31.950127833743643
bistro,10,ABL-ET2X-R-PreviousRawEdge-BilinearRGB,112,full,0.6560903191566467,5.183065414428711,40.98493670850267
bistro,10,ABL-ET2X-R-PreviousRawEdge-BilinearRGB,112,chair,5.746034622192383,121.93299865722656,27.2695910647713
bistro,10,ABL-ET2X-R-PreviousRawEdge-BilinearRGB,112,chairs-wide,2.563645362854004,38.10248947143555,32.321270091191415
bistro,4,O-T2X-R,113,full,0.745105504989624,6.10802698135376,40.271794140442395
bistro,4,O-T2X-R,113,chair,4.425840377807617,66.78829193115234,29.883800240712514
bistro,4,O-T2X-R,113,chairs-wide,2.112805128097534,24.37798309326172,34.260825893517875
bistro,6,O-ET2X-R-CurrentEdge-Point,113,full,0.6741095185279846,5.692172050476074,40.578023423574365
bistro,6,O-ET2X-R-CurrentEdge-Point,113,chair,6.05196475982666,134.59481811523438,26.84052020944888
bistro,6,O-ET2X-R-CurrentEdge-Point,113,chairs-wide,2.6421682834625244,41.11964797973633,31.990309728065768
bistro,9,O-ET2X-R-PreviousRawEdge-Point,113,full,0.67006915807724,5.4477338790893555,40.7686447665956
bistro,9,O-ET2X-R-PreviousRawEdge-Point,113,chair,5.923709869384766,129.25816345214844,27.01622379854241
bistro,9,O-ET2X-R-PreviousRawEdge-Point,113,chairs-wide,2.5936715602874756,39.28029251098633,32.18905647653348
bistro,10,ABL-ET2X-R-PreviousRawEdge-BilinearRGB,113,full,0.6497408151626587,4.922077655792236,41.20931899567764
bistro,10,ABL-ET2X-R-PreviousRawEdge-BilinearRGB,113,chair,5.72774600982666,122.32907104492188,27.25550683111387
bistro,10,ABL-ET2X-R-PreviousRawEdge-BilinearRGB,113,chairs-wide,2.5033998489379883,36.63987731933594,32.491263500103244
bistro,4,O-T2X-R,114,full,0.7386832237243652,5.952115535736084,40.38409008214891
bistro,4,O-T2X-R,114,chair,4.496448993682861,72.7354965209961,29.51333953022301
bistro,4,O-T2X-R,114,chairs-wide,2.1280744075775146,25.44005584716797,34.07562300507483
bistro,6,O-ET2X-R-CurrentEdge-Point,114,full,0.6835563778877258,6.115015983581543,40.26682764324356
bistro,6,O-ET2X-R-CurrentEdge-Point,114,chair,6.108250617980957,135.550537109375,26.809791180869603
bistro,6,O-ET2X-R-CurrentEdge-Point,114,chairs-wide,2.702039957046509,43.1190071105957,31.784116089525405
bistro,9,O-ET2X-R-PreviousRawEdge-Point,114,full,0.6801957488059998,5.85939359664917,40.452276887502244
bistro,9,O-ET2X-R-PreviousRawEdge-Point,114,chair,5.992808818817139,131.3734893798828,26.945726256108923
bistro,9,O-ET2X-R-PreviousRawEdge-Point,114,chairs-wide,2.619809865951538,40.113529205322266,32.09789487792507
bistro,10,ABL-ET2X-R-PreviousRawEdge-BilinearRGB,114,full,0.6632415652275085,5.396310329437256,40.809834438697465
bistro,10,ABL-ET2X-R-PreviousRawEdge-BilinearRGB,114,chair,5.7731709480285645,123.70528411865234,27.206921097872232
bistro,10,ABL-ET2X-R-PreviousRawEdge-BilinearRGB,114,chairs-wide,2.4984326362609863,36.67439651489258,32.48717384703195
bistro,4,O-T2X-R,115,full,0.7392701506614685,5.814459800720215,40.485709885728596
bistro,4,O-T2X-R,115,chair,4.513494491577148,70.22898864746094,29.66563946587884
bistro,4,O-T2X-R,115,chairs-wide,2.147822618484497,25.50060272216797,34.06529915499907
bistro,6,O-ET2X-R-CurrentEdge-Point,115,full,0.6790521144866943,6.165151596069336,40.23136600856364
bistro,6,O-ET2X-R-CurrentEdge-Point,115,chair,6.135801315307617,136.43771362304688,26.78145927831276
bistro,6,O-ET2X-R-CurrentEdge-Point,115,chairs-wide,2.7327232360839844,43.66151809692383,31.72981528952989
bistro,9,O-ET2X-R-PreviousRawEdge-Point,115,full,0.6762571930885315,5.915998458862305,40.410523086782284
bistro,9,O-ET2X-R-PreviousRawEdge-Point,115,chair,6.029267311096191,132.237548828125,26.91725570367175
bistro,9,O-ET2X-R-PreviousRawEdge-Point,115,chairs-wide,2.6446216106414795,40.70093536376953,32.03475970840336
bistro,10,ABL-ET2X-R-PreviousRawEdge-BilinearRGB,115,full,0.6527360677719116,5.227112293243408,40.94818530788885
bistro,10,ABL-ET2X-R-PreviousRawEdge-BilinearRGB,115,chair,5.850674629211426,125.04835510253906,27.160023775130163
bistro,10,ABL-ET2X-R-PreviousRawEdge-BilinearRGB,115,chairs-wide,2.536090612411499,37.578948974609375,32.38135731482078
bistro,4,O-T2X-R,116,full,0.7346816658973694,5.719236373901367,40.55742314721721
bistro,4,O-T2X-R,116,chair,4.59451961517334,75.17151641845703,29.370270496064435
bistro,4,O-T2X-R,116,chairs-wide,2.1689212322235107,25.824954986572266,34.01040787659807
bistro,6,O-ET2X-R-CurrentEdge-Point,116,full,0.6779072284698486,5.845221519470215,40.462793863691
bistro,6,O-ET2X-R-CurrentEdge-Point,116,chair,6.191554069519043,138.35626220703125,26.720815401418626
bistro,6,O-ET2X-R-CurrentEdge-Point,116,chairs-wide,2.7216796875,43.40291213989258,31.75561491174381
bistro,9,O-ET2X-R-PreviousRawEdge-Point,116,full,0.673072099685669,5.519284248352051,40.711975996506446
bistro,9,O-ET2X-R-PreviousRawEdge-Point,116,chair,6.028497695922852,131.815673828125,26.93113306813675
bistro,9,O-ET2X-R-PreviousRawEdge-Point,116,chairs-wide,2.642620325088501,40.57001876831055,32.04875152252275
bistro,10,ABL-ET2X-R-PreviousRawEdge-BilinearRGB,116,full,0.6524631381034851,4.985318660736084,41.153874373022475
bistro,10,ABL-ET2X-R-PreviousRawEdge-BilinearRGB,116,chair,5.849254131317139,124.73804473876953,27.17081428638915
bistro,10,ABL-ET2X-R-PreviousRawEdge-BilinearRGB,116,chairs-wide,2.5541088581085205,37.58401870727539,32.38077145266211
bistro,4,O-T2X-R,117,full,0.740505039691925,5.93073034286499,40.39972182791089
bistro,4,O-T2X-R,117,chair,4.568211555480957,71.53778839111328,29.585448511715708
bistro,4,O-T2X-R,117,chairs-wide,2.1775474548339844,26.279603958129883,33.93461544884841
bistro,6,O-ET2X-R-CurrentEdge-Point,117,full,0.6838971972465515,5.979582786560059,40.36409477852041
bistro,6,O-ET2X-R-CurrentEdge-Point,117,chair,6.21993350982666,140.59066772460938,26.651238672838097
bistro,6,O-ET2X-R-CurrentEdge-Point,117,chairs-wide,2.787778615951538,45.868133544921875,31.515692925831726
bistro,9,O-ET2X-R-PreviousRawEdge-Point,117,full,0.6801183223724365,5.743348598480225,40.53915183834219
bistro,9,O-ET2X-R-PreviousRawEdge-Point,117,chair,6.0454840660095215,133.0904083251953,26.889336033762685
bistro,9,O-ET2X-R-PreviousRawEdge-Point,117,chairs-wide,2.687512159347534,42.20628356933594,31.877032483815512
bistro,10,ABL-ET2X-R-PreviousRawEdge-BilinearRGB,117,full,0.662319540977478,5.3196282386779785,40.87199078108989
bistro,10,ABL-ET2X-R-PreviousRawEdge-BilinearRGB,117,chair,5.81992769241333,124.54299926757812,27.177610405964323
bistro,10,ABL-ET2X-R-PreviousRawEdge-BilinearRGB,117,chairs-wide,2.5604865550994873,38.316986083984375,32.29689019609931
bistro,4,O-T2X-R,118,full,0.7415981292724609,6.414958477020264,40.05886511265199
bistro,4,O-T2X-R,118,chair,4.559866428375244,72.74600219726562,29.51271229483148
bistro,4,O-T2X-R,118,chairs-wide,2.176854372024536,26.211118698120117,33.94594803711759
bistro,6,O-ET2X-R-CurrentEdge-Point,118,full,0.6929082870483398,6.718444347381592,39.85811636855847
bistro,6,O-ET2X-R-CurrentEdge-Point,118,chair,6.193270683288574,140.18450927734375,26.66380335162099
bistro,6,O-ET2X-R-CurrentEdge-Point,118,chairs-wide,2.760687828063965,44.74519729614258,31.623339335001805
bistro,9,O-ET2X-R-PreviousRawEdge-Point,118,full,0.6881591081619263,6.422014236450195,40.054090968836256
bistro,9,O-ET2X-R-PreviousRawEdge-Point,118,chair,6.093453884124756,135.83599853515625,26.80065481252023
bistro,9,O-ET2X-R-PreviousRawEdge-Point,118,chairs-wide,2.7141807079315186,42.975563049316406,31.79858785512095
bistro,10,ABL-ET2X-R-PreviousRawEdge-BilinearRGB,118,full,0.665245532989502,5.719024181365967,40.55758428019157
bistro,10,ABL-ET2X-R-PreviousRawEdge-BilinearRGB,118,chair,5.878018379211426,127.86268615722656,27.06336536954899
bistro,10,ABL-ET2X-R-PreviousRawEdge-BilinearRGB,118,chairs-wide,2.597041368484497,39.450016021728516,32.1703317694359
bistro,4,O-T2X-R,119,full,0.7501793503761292,6.4008469581604,40.06842917365451
bistro,4,O-T2X-R,119,chair,4.459220886230469,68.83889770507812,29.75246453373265
bistro,4,O-T2X-R,119,chairs-wide,2.1460986137390137,25.448881149291992,34.0741166737273
bistro,6,O-ET2X-R-CurrentEdge-Point,119,full,0.6885362863540649,6.373222351074219,40.0872129031523
bistro,6,O-ET2X-R-CurrentEdge-Point,119,chair,6.191642761230469,137.7756805419922,26.73907795970605
bistro,6,O-ET2X-R-CurrentEdge-Point,119,chairs-wide,2.750868082046509,43.80535125732422,31.71553193752618
bistro,9,O-ET2X-R-PreviousRawEdge-Point,119,full,0.6841619610786438,6.027184963226318,40.32965841496238
bistro,9,O-ET2X-R-PreviousRawEdge-Point,119,chair,6.051432132720947,131.90577697753906,26.928165444381023
bistro,9,O-ET2X-R-PreviousRawEdge-Point,119,chairs-wide,2.6876206398010254,41.6173095703125,31.938063598729936
bistro,10,ABL-ET2X-R-PreviousRawEdge-BilinearRGB,119,full,0.6606141924858093,5.151670932769775,41.011322465484675
bistro,10,ABL-ET2X-R-PreviousRawEdge-BilinearRGB,119,chair,5.798887252807617,122.75751495361328,27.240322726758738
bistro,10,ABL-ET2X-R-PreviousRawEdge-BilinearRGB,119,chairs-wide,2.566641330718994,37.9615592956543,32.33736317818924
bistro,4,O-T2X-R,120,full,0.7400175929069519,5.917604446411133,40.40934428850703
bistro,4,O-T2X-R,120,chair,4.539535999298096,72.26751708984375,29.54137227039674
bistro,4,O-T2X-R,120,chairs-wide,2.1664135456085205,25.83198356628418,34.00922605146911
bistro,6,O-ET2X-R-CurrentEdge-Point,120,full,0.6878181099891663,6.362678050994873,40.09440412205591
bistro,6,O-ET2X-R-CurrentEdge-Point,120,chair,6.107717990875244,134.0279998779297,26.858848242777785
bistro,6,O-ET2X-R-CurrentEdge-Point,120,chairs-wide,2.7464191913604736,43.56571960449219,31.739354689025213
bistro,9,O-ET2X-R-PreviousRawEdge-Point,120,full,0.6836330890655518,6.05129861831665,40.312317759263685
bistro,9,O-ET2X-R-PreviousRawEdge-Point,120,chair,5.992808818817139,129.00369262695312,27.024782190604668
bistro,9,O-ET2X-R-PreviousRawEdge-Point,120,chairs-wide,2.6718990802764893,40.8271484375,32.02131313080746
bistro,10,ABL-ET2X-R-PreviousRawEdge-BilinearRGB,120,full,0.6637105345726013,5.51500940322876,40.71534103608133
bistro,10,ABL-ET2X-R-PreviousRawEdge-BilinearRGB,120,chair,5.7873759269714355,121.3532485961914,27.29028954089403
bistro,10,ABL-ET2X-R-PreviousRawEdge-BilinearRGB,120,chairs-wide,2.5575509071350098,37.22945022583008,32.42193737909019
bistro,4,O-T2X-R,121,full,0.7440208196640015,6.051324844360352,40.312298937185815
bistro,4,O-T2X-R,121,chair,4.4951171875,69.07424926757812,29.737641873766467
bistro,4,O-T2X-R,121,chairs-wide,2.181779384613037,26.125320434570312,33.96018734969383
bistro,6,O-ET2X-R-CurrentEdge-Point,121,full,0.6842084527015686,6.129756927490234,40.2563710774309
bistro,6,O-ET2X-R-CurrentEdge-Point,121,chair,5.979166507720947,125.19915771484375,27.154789537269338
bistro,6,O-ET2X-R-CurrentEdge-Point,121,chairs-wide,2.7399089336395264,42.1534538269043,31.882471966992192
bistro,9,O-ET2X-R-PreviousRawEdge-Point,121,full,0.6808797121047974,5.841208457946777,40.46577655480717
bistro,9,O-ET2X-R-PreviousRawEdge-Point,121,chair,5.875740051269531,121.73623657226562,27.276604892859936
bistro,9,O-ET2X-R-PreviousRawEdge-Point,121,chairs-wide,2.6650390625,39.52494430541992,32.16209094227379
bistro,10,ABL-ET2X-R-PreviousRawEdge-BilinearRGB,121,full,0.659238874912262,5.334720134735107,40.85968720074306
bistro,10,ABL-ET2X-R-PreviousRawEdge-BilinearRGB,121,chair,5.666873931884766,113.8995361328125,27.565584054926738
bistro,10,ABL-ET2X-R-PreviousRawEdge-BilinearRGB,121,chairs-wide,2.5568034648895264,36.00434494018555,32.56725447053865
bistro,4,O-T2X-R,122,full,0.7325930595397949,5.746974945068359,40.53641057112023
bistro,4,O-T2X-R,122,chair,4.620590686798096,75.0099105834961,29.379617131112134
bistro,4,O-T2X-R,122,chairs-wide,2.2206850051879883,27.678258895874023,33.70941593569344
bistro,6,O-ET2X-R-CurrentEdge-Point,122,full,0.6867668032646179,6.293646812438965,40.1417799339218
bistro,6,O-ET2X-R-CurrentEdge-Point,122,chair,5.866092681884766,117.50582885742188,27.430209506190725
bistro,6,O-ET2X-R-CurrentEdge-Point,122,chairs-wide,2.6723873615264893,40.143367767333984,32.09466556707068
bistro,9,O-ET2X-R-PreviousRawEdge-Point,122,full,0.6819218397140503,5.872913837432861,40.44226731590073
bistro,9,O-ET2X-R-PreviousRawEdge-Point,122,chair,5.729462623596191,112.02994537353516,27.637462366601362
bistro,9,O-ET2X-R-PreviousRawEdge-Point,122,chairs-wide,2.6153006553649902,38.065338134765625,32.32550668879376
bistro,10,ABL-ET2X-R-PreviousRawEdge-BilinearRGB,122,full,0.6595678925514221,5.155548572540283,41.00805477989067
bistro,10,ABL-ET2X-R-PreviousRawEdge-BilinearRGB,122,chair,5.515950679779053,104.3224105834961,27.947027470984033
bistro,10,ABL-ET2X-R-PreviousRawEdge-BilinearRGB,122,chairs-wide,2.5043222904205322,34.49495315551758,32.75324801361033
bistro,4,O-T2X-R,123,full,0.7446429133415222,6.14513635635376,40.245488368423466
bistro,4,O-T2X-R,123,chair,4.573390007019043,71.87659454345703,29.564928684746672
bistro,4,O-T2X-R,123,chairs-wide,2.172013759613037,26.384469985961914,33.917319864208665
bistro,6,O-ET2X-R-CurrentEdge-Point,123,full,0.6876227259635925,6.199429035186768,40.207286678674336
bistro,6,O-ET2X-R-CurrentEdge-Point,123,chair,5.8568596839904785,118.85082244873047,27.380781694717008
bistro,6,O-ET2X-R-CurrentEdge-Point,123,chairs-wide,2.6890792846679688,41.03361129760742,31.99940620708047
bistro,9,O-ET2X-R-PreviousRawEdge-Point,123,full,0.6848354339599609,5.986281394958496,40.35923233160703
bistro,9,O-ET2X-R-PreviousRawEdge-Point,123,chair,5.757694244384766,115.11759948730469,27.519386360572128
bistro,9,O-ET2X-R-PreviousRawEdge-Point,123,chairs-wide,2.606903553009033,38.20400619506836,32.30971454050853
bistro,10,ABL-ET2X-R-PreviousRawEdge-BilinearRGB,123,full,0.6622360944747925,5.311498641967773,40.87863286093557
bistro,10,ABL-ET2X-R-PreviousRawEdge-BilinearRGB,123,chair,5.526278495788574,106.18022155761719,27.870367336549158
bistro,10,ABL-ET2X-R-PreviousRawEdge-BilinearRGB,123,chairs-wide,2.5036168098449707,34.60062026977539,32.739964766032784
bistro,4,O-T2X-R,124,full,0.7301055788993835,5.65383243560791,40.60737427844445
bistro,4,O-T2X-R,124,chair,4.630977630615234,73.42211151123047,29.472534908539917
bistro,4,O-T2X-R,124,chairs-wide,2.184805393218994,26.28215980529785,33.93419309227472
bistro,6,O-ET2X-R-CurrentEdge-Point,124,full,0.6884399056434631,6.160391807556152,40.234720262281094
bistro,6,O-ET2X-R-CurrentEdge-Point,124,chair,5.7681403160095215,115.43202209472656,27.507540573351875
bistro,6,O-ET2X-R-CurrentEdge-Point,124,chairs-wide,2.699580430984497,41.29734420776367,31.971582373713012
bistro,9,O-ET2X-R-PreviousRawEdge-Point,124,full,0.6817418932914734,5.774585723876953,40.515595280245655
bistro,9,O-ET2X-R-PreviousRawEdge-Point,124,chair,5.651337623596191,109.78255462646484,27.72547028325863
bistro,9,O-ET2X-R-PreviousRawEdge-Point,124,chairs-wide,2.607572555541992,38.02070617675781,32.33060181904477
bistro,10,ABL-ET2X-R-PreviousRawEdge-BilinearRGB,124,full,0.6634935736656189,5.300355911254883,40.88775328039887
bistro,10,ABL-ET2X-R-PreviousRawEdge-BilinearRGB,124,chair,5.445963382720947,102.44063568115234,28.026080961090024
bistro,10,ABL-ET2X-R-PreviousRawEdge-BilinearRGB,124,chairs-wide,2.511284828186035,34.732757568359375,32.723410958646696
bistro,4,O-T2X-R,125,full,0.7403265237808228,5.728744983673096,40.55020870901177
bistro,4,O-T2X-R,125,chair,4.591974258422852,71.23970031738281,29.603582770107405
bistro,4,O-T2X-R,125,chairs-wide,2.201406955718994,26.25786590576172,33.938209347357045
bistro,6,O-ET2X-R-CurrentEdge-Point,125,full,0.6864241361618042,6.054039478302002,40.31035112210222
bistro,6,O-ET2X-R-CurrentEdge-Point,125,chair,5.839103698730469,116.34827423095703,27.473204149944603
bistro,6,O-ET2X-R-CurrentEdge-Point,125,chairs-wide,2.676564931869507,39.64818572998047,32.14857041735986
bistro,9,O-ET2X-R-PreviousRawEdge-Point,125,full,0.6855871677398682,5.938222408294678,40.39423901375778
bistro,9,O-ET2X-R-PreviousRawEdge-Point,125,chair,5.715879440307617,111.73760223388672,27.64881013225945
bistro,9,O-ET2X-R-PreviousRawEdge-Point,125,chairs-wide,2.6368935108184814,38.23741912841797,32.3059178940068
bistro,10,ABL-ET2X-R-PreviousRawEdge-BilinearRGB,125,full,0.6646900177001953,5.44347620010376,40.77204032424238
bistro,10,ABL-ET2X-R-PreviousRawEdge-BilinearRGB,125,chair,5.482125759124756,103.21774291992188,27.993260028220277
bistro,10,ABL-ET2X-R-PreviousRawEdge-BilinearRGB,125,chairs-wide,2.5158541202545166,34.520530700683594,32.750028971559445
bistro,4,O-T2X-R,126,full,0.7346945405006409,5.661755084991455,40.601292820516974
bistro,4,O-T2X-R,126,chair,4.63790225982666,75.06492614746094,29.376432992126613
bistro,4,O-T2X-R,126,chairs-wide,2.188422203063965,26.651384353637695,33.873605883484316
bistro,6,O-ET2X-R-CurrentEdge-Point,126,full,0.6916607618331909,6.529941558837891,39.98171066390355
bistro,6,O-ET2X-R-CurrentEdge-Point,126,chair,5.895951747894287,119.48301696777344,27.357741807832095
bistro,6,O-ET2X-R-CurrentEdge-Point,126,chairs-wide,2.7089784145355225,40.991615295410156,32.00385328619686
bistro,9,O-ET2X-R-PreviousRawEdge-Point,126,full,0.6840568780899048,6.065023899078369,40.3024784433516
bistro,9,O-ET2X-R-PreviousRawEdge-Point,126,chair,5.7790303230285645,115.31436157226562,27.51196961958518
bistro,9,O-ET2X-R-PreviousRawEdge-Point,126,chairs-wide,2.647611618041992,38.697959899902344,32.253922906182225
bistro,10,ABL-ET2X-R-PreviousRawEdge-BilinearRGB,126,full,0.6601204872131348,5.1651997566223145,40.9999323897718
bistro,10,ABL-ET2X-R-PreviousRawEdge-BilinearRGB,126,chair,5.565370559692383,106.80506896972656,27.84488496065443
bistro,10,ABL-ET2X-R-PreviousRawEdge-BilinearRGB,126,chairs-wide,2.5400149822235107,35.06147384643555,32.68250192694828
bistro,4,O-T2X-R,127,full,0.7446818947792053,6.228542327880859,40.1869394069826
bistro,4,O-T2X-R,127,chair,4.568211555480957,71.23825073242188,29.60367114121956
bistro,4,O-T2X-R,127,chairs-wide,2.153428792953491,25.243669509887695,34.109278751111574
bistro,6,O-ET2X-R-CurrentEdge-Point,127,full,0.6917087435722351,6.482096195220947,40.01364889132588
bistro,6,O-ET2X-R-CurrentEdge-Point,127,chair,5.939364433288574,121.4580078125,27.286542074399506
bistro,6,O-ET2X-R-CurrentEdge-Point,127,chairs-wide,2.6922802925109863,41.071380615234375,31.995410589516787
bistro,9,O-ET2X-R-PreviousRawEdge-Point,127,full,0.6868619918823242,5.997295379638672,40.351249215702325
bistro,9,O-ET2X-R-PreviousRawEdge-Point,127,chair,5.796431064605713,114.81075286865234,27.53097796039163
bistro,9,O-ET2X-R-PreviousRawEdge-Point,127,chairs-wide,2.619839906692505,37.98494338989258,32.33468877369297
bistro,10,ABL-ET2X-R-PreviousRawEdge-BilinearRGB,127,full,0.6613361239433289,5.114617824554443,41.04267173042223
bistro,10,ABL-ET2X-R-PreviousRawEdge-BilinearRGB,127,chair,5.613429069519043,107.32217407226562,27.823908990854452
bistro,10,ABL-ET2X-R-PreviousRawEdge-BilinearRGB,127,chairs-wide,2.507378578186035,34.69799041748047,32.727760381194564
bistro,4,O-T2X-R,128,full,0.7351285219192505,5.954892635345459,40.38206425157823
bistro,4,O-T2X-R,128,chair,4.598100185394287,73.01997375488281,29.49638688349951
bistro,4,O-T2X-R,128,chairs-wide,2.2025041580200195,25.931766510009766,33.9924825831306
bistro,6,O-ET2X-R-CurrentEdge-Point,128,full,0.684607207775116,5.986703395843506,40.35892618796951
bistro,6,O-ET2X-R-CurrentEdge-Point,128,chair,5.996241569519043,121.4489517211914,27.286865902954464
bistro,6,O-ET2X-R-CurrentEdge-Point,128,chairs-wide,2.7201485633850098,40.78146743774414,32.02617511945438
bistro,9,O-ET2X-R-PreviousRawEdge-Point,128,full,0.6807078719139099,5.676546573638916,40.58996155462488
bistro,9,O-ET2X-R-PreviousRawEdge-Point,128,chair,5.891571998596191,116.47478485107422,27.46848443963385
bistro,9,O-ET2X-R-PreviousRawEdge-Point,128,chairs-wide,2.6835033893585205,39.24897003173828,32.19252096357383
bistro,10,ABL-ET2X-R-PreviousRawEdge-BilinearRGB,128,full,0.6612266302108765,5.185919284820557,40.98254607869563
bistro,10,ABL-ET2X-R-PreviousRawEdge-BilinearRGB,128,chair,5.688240051269531,108.73724365234375,27.76702040862778
bistro,10,ABL-ET2X-R-PreviousRawEdge-BilinearRGB,128,chairs-wide,2.577678918838501,35.950557708740234,32.573747287929685
bistro,4,O-T2X-R,129,full,0.7452285289764404,5.991281032562256,40.35560669381624
bistro,4,O-T2X-R,129,chair,4.543590068817139,69.89201354980469,29.68652808432825
bistro,4,O-T2X-R,129,chairs-wide,2.1712841987609863,25.58562469482422,34.050843357605565
bistro,6,O-ET2X-R-CurrentEdge-Point,129,full,0.6944611072540283,6.709537029266357,39.863878068049836
bistro,6,O-ET2X-R-CurrentEdge-Point,129,chair,5.991329193115234,120.23138427734375,27.33062513505878
bistro,6,O-ET2X-R-CurrentEdge-Point,129,chairs-wide,2.779296875,43.01458740234375,31.79464599381378
bistro,9,O-ET2X-R-PreviousRawEdge-Point,129,full,0.6868335604667664,6.180319309234619,40.220694471615836
bistro,9,O-ET2X-R-PreviousRawEdge-Point,129,chair,5.8505859375,114.90006256103516,27.527600957139597
bistro,9,O-ET2X-R-PreviousRawEdge-Point,129,chairs-wide,2.664592981338501,38.81435775756836,32.24087956370064
bistro,10,ABL-ET2X-R-PreviousRawEdge-BilinearRGB,129,full,0.6637561917304993,5.510342121124268,40.71901797097101
bistro,10,ABL-ET2X-R-PreviousRawEdge-BilinearRGB,129,chair,5.625355243682861,106.73135375976562,27.847883428998227
bistro,10,ABL-ET2X-R-PreviousRawEdge-BilinearRGB,129,chairs-wide,2.539930582046509,35.11344909667969,32.67606869765285
bistro,4,O-T2X-R,130,full,0.7393380403518677,6.051208972930908,40.31238209716402
bistro,4,O-T2X-R,130,chair,4.521336555480957,68.23185729980469,29.79093167748958
bistro,4,O-T2X-R,130,chairs-wide,2.182141065597534,25.5761775970459,34.05244721919682
bistro,6,O-ET2X-R-CurrentEdge-Point,130,full,0.6948240399360657,6.942625045776367,39.71556650162347
bistro,6,O-ET2X-R-CurrentEdge-Point,130,chair,5.921016693115234,116.66995239257812,27.461213402155376
bistro,6,O-ET2X-R-CurrentEdge-Point,130,chairs-wide,2.7206127643585205,40.59464645385742,32.046115974594585
bistro,9,O-ET2X-R-PreviousRawEdge-Point,130,full,0.6899582147598267,6.609334945678711,39.92922599408431
bistro,9,O-ET2X-R-PreviousRawEdge-Point,130,chair,5.80039644241333,111.48168182373047,27.658768489675104
bistro,9,O-ET2X-R-PreviousRawEdge-Point,130,chairs-wide,2.669126272201538,38.557979583740234,32.26966091825433
bistro,10,ABL-ET2X-R-PreviousRawEdge-BilinearRGB,130,full,0.6649914383888245,5.648587703704834,40.611404845809645
bistro,10,ABL-ET2X-R-PreviousRawEdge-BilinearRGB,130,chair,5.60469913482666,103.53521728515625,27.979922615958365
bistro,10,ABL-ET2X-R-PreviousRawEdge-BilinearRGB,130,chairs-wide,2.5596065521240234,35.18714904785156,32.66696280248803
bistro,4,O-T2X-R,131,full,0.7464843988418579,6.105836868286133,40.27335163943192
bistro,4,O-T2X-R,131,chair,4.48106050491333,67.75212860107422,29.821574166693814
bistro,4,O-T2X-R,131,chairs-wide,2.160939931869507,24.834274291992188,34.18028887319362
bistro,6,O-ET2X-R-CurrentEdge-Point,131,full,0.6906132102012634,6.483978748321533,40.01238778118609
bistro,6,O-ET2X-R-CurrentEdge-Point,131,chair,5.927201747894287,116.63162994384766,27.462640158716532
bistro,6,O-ET2X-R-CurrentEdge-Point,131,chairs-wide,2.676938772201538,38.68314743041992,32.25558557916794
bistro,9,O-ET2X-R-PreviousRawEdge-Point,131,full,0.6876345276832581,6.279189109802246,40.15176798002771
bistro,9,O-ET2X-R-PreviousRawEdge-Point,131,chair,5.811996936798096,111.2673110961914,27.667127679234092
bistro,9,O-ET2X-R-PreviousRawEdge-Point,131,chairs-wide,2.6180918216705322,36.228599548339844,32.540288145834005
bistro,10,ABL-ET2X-R-PreviousRawEdge-BilinearRGB,131,full,0.6668415665626526,5.603763580322266,40.646005565110144
bistro,10,ABL-ET2X-R-PreviousRawEdge-BilinearRGB,131,chair,5.590938568115234,102.94392395019531,28.004796424808838
bistro,10,ABL-ET2X-R-PreviousRawEdge-BilinearRGB,131,chairs-wide,2.5203027725219727,33.26490020751953,32.910941359383486
bistro,4,O-T2X-R,132,full,0.7382888793945312,5.6597371101379395,40.60284101811792
bistro,4,O-T2X-R,132,chair,4.495294570922852,69.06128692626953,29.738456938951646
bistro,4,O-T2X-R,132,chairs-wide,2.1995623111724854,25.910945892333984,33.995970934504804
bistro,6,O-ET2X-R-CurrentEdge-Point,132,full,0.681363046169281,5.689104080200195,40.58036481759456
bistro,6,O-ET2X-R-CurrentEdge-Point,132,chair,5.91953706741333,118.63011932373047,27.38885393632141
bistro,6,O-ET2X-R-CurrentEdge-Point,132,chairs-wide,2.6771316528320312,39.28620529174805,32.18840279127725
bistro,9,O-ET2X-R-PreviousRawEdge-Point,132,full,0.6781657338142395,5.4842658042907715,40.739618654179644
bistro,9,O-ET2X-R-PreviousRawEdge-Point,132,chair,5.784475803375244,112.33318328857422,27.625722948081133
bistro,9,O-ET2X-R-PreviousRawEdge-Point,132,chairs-wide,2.6120636463165283,36.587215423583984,32.49751003367922
bistro,10,ABL-ET2X-R-PreviousRawEdge-BilinearRGB,132,full,0.6574738025665283,4.97523307800293,41.16266929631508
bistro,10,ABL-ET2X-R-PreviousRawEdge-BilinearRGB,132,chair,5.572798252105713,104.05835723876953,27.958033954271407
bistro,10,ABL-ET2X-R-PreviousRawEdge-BilinearRGB,132,chairs-wide,2.502845287322998,33.351829528808594,32.89960698553188
bistro,4,O-T2X-R,133,full,0.7480164766311646,6.197536468505859,40.208612698775454
bistro,4,O-T2X-R,133,chair,4.422407627105713,68.53942108154297,29.771399290284126
bistro,4,O-T2X-R,133,chairs-wide,2.1331138610839844,24.470703125,34.24433912606416
bistro,6,O-ET2X-R-CurrentEdge-Point,133,full,0.6940076947212219,6.594510078430176,39.93897824539392
bistro,6,O-ET2X-R-CurrentEdge-Point,133,chair,5.893318176269531,118.3396987915039,27.39949901329606
bistro,6,O-ET2X-R-CurrentEdge-Point,133,chairs-wide,2.674593687057495,38.664573669433594,32.25767135026628
bistro,9,O-ET2X-R-PreviousRawEdge-Point,133,full,0.6867121458053589,6.065231800079346,40.302329575496294
bistro,9,O-ET2X-R-PreviousRawEdge-Point,133,chair,5.767933368682861,113.0749282836914,27.597140398955165
bistro,9,O-ET2X-R-PreviousRawEdge-Point,133,chairs-wide,2.622667074203491,36.81477355957031,32.47058227306895
bistro,10,ABL-ET2X-R-PreviousRawEdge-BilinearRGB,133,full,0.6643595099449158,5.403411865234375,40.80412288760631
bistro,10,ABL-ET2X-R-PreviousRawEdge-BilinearRGB,133,chair,5.5576171875,104.79347229003906,27.92746130097205
bistro,10,ABL-ET2X-R-PreviousRawEdge-BilinearRGB,133,chairs-wide,2.511037588119507,33.413936614990234,32.89152716434398
bistro,4,O-T2X-R,134,full,0.73979651927948,5.851002216339111,40.45850098247935
bistro,4,O-T2X-R,134,chair,4.444247245788574,67.23200988769531,29.855042662711092
bistro,4,O-T2X-R,134,chairs-wide,2.1611809730529785,24.55978775024414,34.22855751627448
bistro,6,O-ET2X-R-CurrentEdge-Point,134,full,0.6864004135131836,6.240447998046875,40.17864592323995
bistro,6,O-ET2X-R-CurrentEdge-Point,134,chair,5.884588241577148,119.78356170654297,27.346831383903798
bistro,6,O-ET2X-R-CurrentEdge-Point,134,chairs-wide,2.6993091106414795,40.43065643310547,32.06369568261391
bistro,9,O-ET2X-R-PreviousRawEdge-Point,134,full,0.6823386549949646,5.990856170654297,40.35591467757431
bistro,9,O-ET2X-R-PreviousRawEdge-Point,134,chair,5.75369930267334,114.35946655273438,27.54808240010432
bistro,9,O-ET2X-R-PreviousRawEdge-Point,134,chairs-wide,2.6136670112609863,37.04823684692383,32.443128164573466
bistro,10,ABL-ET2X-R-PreviousRawEdge-BilinearRGB,134,full,0.6590659022331238,5.194267749786377,40.975560283475005
bistro,10,ABL-ET2X-R-PreviousRawEdge-BilinearRGB,134,chair,5.55625581741333,106.7326889038086,27.847829101751053
bistro,10,ABL-ET2X-R-PreviousRawEdge-BilinearRGB,134,chairs-wide,2.515082359313965,34.11165237426758,32.80177603652086
bistro,4,O-T2X-R,135,full,0.7474992275238037,6.3080291748046875,40.13186667582734
bistro,4,O-T2X-R,135,chair,4.48280668258667,67.92344665527344,29.81060645566823
bistro,4,O-T2X-R,135,chairs-wide,2.1583778858184814,25.268945693969727,34.10493238807243
bistro,6,O-ET2X-R-CurrentEdge-Point,135,full,0.6940039396286011,6.703171253204346,39.86800045939112
bistro,6,O-ET2X-R-CurrentEdge-Point,135,chair,5.908084869384766,120.36967468261719,27.325632740862037
bistro,6,O-ET2X-R-CurrentEdge-Point,135,chairs-wide,2.711021900177002,40.4998664855957,32.05626769373356
bistro,9,O-ET2X-R-PreviousRawEdge-Point,135,full,0.6873096823692322,6.335083961486816,40.11327985725991
bistro,9,O-ET2X-R-PreviousRawEdge-Point,135,chair,5.783232688903809,114.66776275634766,27.536390216489643
bistro,9,O-ET2X-R-PreviousRawEdge-Point,135,chairs-wide,2.646888256072998,38.08324432373047,32.323464218940316
bistro,10,ABL-ET2X-R-PreviousRawEdge-BilinearRGB,135,full,0.6637693047523499,5.2174224853515625,40.95624355345877
bistro,10,ABL-ET2X-R-PreviousRawEdge-BilinearRGB,135,chair,5.572354316711426,107.07803344726562,27.83379974360146
bistro,10,ABL-ET2X-R-PreviousRawEdge-BilinearRGB,135,chairs-wide,2.527398109436035,34.39725112915039,32.76556623736568
bistro,4,O-T2X-R,136,full,0.7368674278259277,5.634677886962891,40.62211266734771
bistro,4,O-T2X-R,136,chair,4.460582256317139,66.5984878540039,29.896159924200923
bistro,4,O-T2X-R,136,chairs-wide,2.1529645919799805,24.397586822509766,34.25733488688883
bistro,6,O-ET2X-R-CurrentEdge-Point,136,full,0.691805899143219,6.230111122131348,40.185845679329674
bistro,6,O-ET2X-R-CurrentEdge-Point,136,chair,5.894205570220947,120.94143676757812,27.305052372088312
bistro,6,O-ET2X-R-CurrentEdge-Point,136,chairs-wide,2.7193167209625244,40.36328125,32.070938967905306
bistro,9,O-ET2X-R-PreviousRawEdge-Point,136,full,0.6854773759841919,5.802212715148926,40.49486714422295
bistro,9,O-ET2X-R-PreviousRawEdge-Point,136,chair,5.776840686798096,116.81768035888672,27.45571782636016
bistro,9,O-ET2X-R-PreviousRawEdge-Point,136,chairs-wide,2.6443564891815186,37.772804260253906,32.35901132737623
bistro,10,ABL-ET2X-R-PreviousRawEdge-BilinearRGB,136,full,0.664863646030426,5.275378227233887,40.90826758298764
bistro,10,ABL-ET2X-R-PreviousRawEdge-BilinearRGB,136,chair,5.590702056884766,108.96434020996094,27.757959673666008
bistro,10,ABL-ET2X-R-PreviousRawEdge-BilinearRGB,136,chairs-wide,2.5238776206970215,34.23750305175781,32.78578276895078
bistro,4,O-T2X-R,137,full,0.743085503578186,6.1601409912109375,40.23489708605404
bistro,4,O-T2X-R,137,chair,4.372899055480957,64.74434661865234,30.018785084159937
bistro,4,O-T2X-R,137,chairs-wide,2.1083321571350098,23.851110458374023,34.35571757168197
bistro,6,O-ET2X-R-CurrentEdge-Point,137,full,0.696356475353241,6.7051262855529785,39.86673399022975
bistro,6,O-ET2X-R-CurrentEdge-Point,137,chair,5.919921875,122.64103698730469,27.244445468431813
bistro,6,O-ET2X-R-CurrentEdge-Point,137,chairs-wide,2.707043409347534,40.79747772216797,32.02447046925215
bistro,9,O-ET2X-R-PreviousRawEdge-Point,137,full,0.6923208832740784,6.347456455230713,40.10480630655414
bistro,9,O-ET2X-R-PreviousRawEdge-Point,137,chair,5.789180755615234,117.46643829345703,27.43166560183441
bistro,9,O-ET2X-R-PreviousRawEdge-Point,137,chairs-wide,2.6516082286834717,38.55348205566406,32.27016752300189
bistro,10,ABL-ET2X-R-PreviousRawEdge-BilinearRGB,137,full,0.6683095097541809,5.484915733337402,40.73910401122667
bistro,10,ABL-ET2X-R-PreviousRawEdge-BilinearRGB,137,chair,5.61171293258667,110.34756469726562,27.703176078759903
bistro,10,ABL-ET2X-R-PreviousRawEdge-BilinearRGB,137,chairs-wide,2.5609447956085205,35.74666213989258,32.59844865273555
bistro,4,O-T2X-R,138,full,0.7373285293579102,5.711031436920166,40.5636581008094
bistro,4,O-T2X-R,138,chair,4.441110134124756,67.61967468261719,29.830072838182854
bistro,4,O-T2X-R,138,chairs-wide,2.187469959259033,25.330554962158203,34.09435656100546
bistro,6,O-ET2X-R-CurrentEdge-Point,138,full,0.6987223625183105,6.560173988342285,39.96165003020461
bistro,6,O-ET2X-R-CurrentEdge-Point,138,chair,5.921993255615234,122.7394027709961,27.240963551177476
bistro,6,O-ET2X-R-CurrentEdge-Point,138,chairs-wide,2.817189931869507,43.83837127685547,31.712259503964795
bistro,9,O-ET2X-R-PreviousRawEdge-Point,138,full,0.6874268651008606,5.977076053619385,40.36591578941358
bistro,9,O-ET2X-R-PreviousRawEdge-Point,138,chair,5.783883571624756,116.9469985961914,27.450912805956648
bistro,9,O-ET2X-R-PreviousRawEdge-Point,138,chairs-wide,2.694082736968994,39.10292434692383,32.20871123158976
bistro,10,ABL-ET2X-R-PreviousRawEdge-BilinearRGB,138,full,0.6655421853065491,5.266263484954834,40.91577776663891
bistro,10,ABL-ET2X-R-PreviousRawEdge-BilinearRGB,138,chair,5.615056991577148,109.94915771484375,27.71888454148788
bistro,10,ABL-ET2X-R-PreviousRawEdge-BilinearRGB,138,chairs-wide,2.5840868949890137,35.80720138549805,32.591099820601784
bistro,4,O-T2X-R,139,full,0.7541187405586243,6.580428600311279,39.94826179611379
bistro,4,O-T2X-R,139,chair,4.447236061096191,67.02973937988281,29.86812830062858
bistro,4,O-T2X-R,139,chairs-wide,2.2087371349334717,26.18756675720215,33.94985213455008
bistro,6,O-ET2X-R-CurrentEdge-Point,139,full,0.7013908624649048,7.198768138885498,39.55822175027749
bistro,6,O-ET2X-R-CurrentEdge-Point,139,chair,5.958363056182861,124.1817855834961,27.190224606850183
bistro,6,O-ET2X-R-CurrentEdge-Point,139,chairs-wide,2.7913169860839844,42.8514404296875,31.8111493577204
bistro,9,O-ET2X-R-PreviousRawEdge-Point,139,full,0.6964953541755676,6.666810512542725,39.89162249304153
bistro,9,O-ET2X-R-PreviousRawEdge-Point,139,chair,5.808445930480957,117.6755142211914,27.42394256095027
bistro,9,O-ET2X-R-PreviousRawEdge-Point,139,chairs-wide,2.7248566150665283,40.17865753173828,32.09084939065393
bistro,10,ABL-ET2X-R-PreviousRawEdge-BilinearRGB,139,full,0.6742761135101318,5.93349552154541,40.39769741961345
bistro,10,ABL-ET2X-R-PreviousRawEdge-BilinearRGB,139,chair,5.634795188903809,110.85526275634766,27.68324045178455
bistro,10,ABL-ET2X-R-PreviousRawEdge-BilinearRGB,139,chairs-wide,2.616180896759033,36.87674331665039,32.4632780049443
bistro,4,O-T2X-R,140,full,0.7410239577293396,6.241631507873535,40.177822355679275
bistro,4,O-T2X-R,140,chair,4.470525741577148,69.75834655761719,29.694841826563163
bistro,4,O-T2X-R,140,chairs-wide,2.187795400619507,25.568052291870117,34.05382715012509
bistro,6,O-ET2X-R-CurrentEdge-Point,140,full,0.6935691833496094,6.769833087921143,39.82502399699519
bistro,6,O-ET2X-R-CurrentEdge-Point,140,chair,5.926254749298096,123.9757308959961,27.197436835243455
bistro,6,O-ET2X-R-CurrentEdge-Point,140,chairs-wide,2.7689707279205322,42.3424072265625,31.86304816218653
bistro,9,O-ET2X-R-PreviousRawEdge-Point,140,full,0.6839733123779297,6.195507526397705,40.21003471966057
bistro,9,O-ET2X-R-PreviousRawEdge-Point,140,chair,5.808505058288574,119.48209381103516,27.357775362678325
bistro,9,O-ET2X-R-PreviousRawEdge-Point,140,chairs-wide,2.7140841484069824,40.26168441772461,32.08188420468769
bistro,10,ABL-ET2X-R-PreviousRawEdge-BilinearRGB,140,full,0.6642959713935852,5.4643402099609375,40.75542630167141
bistro,10,ABL-ET2X-R-PreviousRawEdge-BilinearRGB,140,chair,5.641897678375244,112.1506576538086,27.632785362295067
bistro,10,ABL-ET2X-R-PreviousRawEdge-BilinearRGB,140,chairs-wide,2.6240053176879883,37.278629302978516,32.41620425455728
bistro,4,O-T2X-R,141,full,0.7505083680152893,6.192086219787598,40.2124336595191
bistro,4,O-T2X-R,141,chair,4.44356632232666,66.50103759765625,29.902519393329104
bistro,4,O-T2X-R,141,chairs-wide,2.2070915699005127,25.76187515258789,34.021028896497455
bistro,6,O-ET2X-R-CurrentEdge-Point,141,full,0.6919145584106445,6.126353740692139,40.25878291153602
bistro,6,O-ET2X-R-CurrentEdge-Point,141,chair,5.968572616577148,127.61044311523438,27.071941441494097
bistro,6,O-ET2X-R-CurrentEdge-Point,141,chairs-wide,2.839735269546509,45.64793014526367,31.53659271152476
bistro,9,O-ET2X-R-PreviousRawEdge-Point,141,full,0.689433753490448,5.945423603057861,40.38897557940678
bistro,9,O-ET2X-R-PreviousRawEdge-Point,141,chair,5.860528945922852,122.84436798095703,27.237251106001303
bistro,9,O-ET2X-R-PreviousRawEdge-Point,141,chairs-wide,2.7511513233184814,41.8666877746582,31.91211757227432
bistro,10,ABL-ET2X-R-PreviousRawEdge-BilinearRGB,141,full,0.666951060295105,5.265952110290527,40.9160345564802
bistro,10,ABL-ET2X-R-PreviousRawEdge-BilinearRGB,141,chair,5.6806640625,115.50511932373047,27.504791277672194
bistro,10,ABL-ET2X-R-PreviousRawEdge-BilinearRGB,141,chairs-wide,2.629967212677002,38.07054138183594,32.324913081283476
bistro,4,O-T2X-R,142,full,0.7573294639587402,6.927436351776123,39.72507816626474
bistro,4,O-T2X-R,142,chair,4.544270992279053,71.2977066040039,29.600048005145695
bistro,4,O-T2X-R,142,chairs-wide,2.2639009952545166,27.701425552368164,33.7057824185412
bistro,6,O-ET2X-R-CurrentEdge-Point,142,full,0.6965025663375854,6.718937873840332,39.85779735431259
bistro,6,O-ET2X-R-CurrentEdge-Point,142,chair,5.969608306884766,126.69682312011719,27.103146356348272
bistro,6,O-ET2X-R-CurrentEdge-Point,142,chairs-wide,2.8100223541259766,44.468284606933594,31.650299842885957
bistro,9,O-ET2X-R-PreviousRawEdge-Point,142,full,0.6914004683494568,6.379742622375488,40.08277202513015
bistro,9,O-ET2X-R-PreviousRawEdge-Point,142,chair,5.858931064605713,122.19664764404297,27.260210692794118
bistro,9,O-ET2X-R-PreviousRawEdge-Point,142,chairs-wide,2.765124559402466,42.737274169921875,31.822735419334762
bistro,10,ABL-ET2X-R-PreviousRawEdge-BilinearRGB,142,full,0.6717483401298523,5.759809494018555,40.52672241518437
bistro,10,ABL-ET2X-R-PreviousRawEdge-BilinearRGB,142,chair,5.684037685394287,115.37947082519531,27.509518180834075
bistro,10,ABL-ET2X-R-PreviousRawEdge-BilinearRGB,142,chairs-wide,2.6606626510620117,39.43306350708008,32.1721984267022
bistro,4,O-T2X-R,143,full,0.7541306614875793,6.4345574378967285,40.04561678918715
bistro,4,O-T2X-R,143,chair,4.554924011230469,69.54853057861328,29.707924022169312
bistro,4,O-T2X-R,143,chairs-wide,2.1909842491149902,26.018844604492188,33.97792353539898
bistro,6,O-ET2X-R-CurrentEdge-Point,143,full,0.6984818577766418,6.730697154998779,39.85020310776443
bistro,6,O-ET2X-R-CurrentEdge-Point,143,chair,5.964518070220947,125.41344451904297,27.147362648241504
bistro,6,O-ET2X-R-CurrentEdge-Point,143,chairs-wide,2.794560194015503,45.46166229248047,31.55435049337011
bistro,9,O-ET2X-R-PreviousRawEdge-Point,143,full,0.6920642852783203,6.276148796081543,40.15387129498087
bistro,9,O-ET2X-R-PreviousRawEdge-Point,143,chair,5.8441643714904785,120.8918685913086,27.30683270467744
bistro,9,O-ET2X-R-PreviousRawEdge-Point,143,chairs-wide,2.695674180984497,41.02531814575195,32.00028403235192
bistro,10,ABL-ET2X-R-PreviousRawEdge-BilinearRGB,143,full,0.6667177081108093,5.340119361877441,40.85529396418871
bistro,10,ABL-ET2X-R-PreviousRawEdge-BilinearRGB,143,chair,5.687618255615234,114.44815063476562,27.544715815559545
bistro,10,ABL-ET2X-R-PreviousRawEdge-BilinearRGB,143,chairs-wide,2.6046488285064697,37.965179443359375,32.33694903945516
bistro,4,O-T2X-R,144,full,0.7498226165771484,6.355217933654785,40.099499128605196
bistro,4,O-T2X-R,144,chair,4.683357238769531,75.89778900146484,29.328512363354005
bistro,4,O-T2X-R,144,chairs-wide,2.245900869369507,27.283203125,33.771850044930865
bistro,6,O-ET2X-R-CurrentEdge-Point,144,full,0.6988198757171631,6.71342134475708,39.86136455830977
bistro,6,O-ET2X-R-CurrentEdge-Point,144,chair,5.922555446624756,124.09567260742188,27.193237235713184
bistro,6,O-ET2X-R-CurrentEdge-Point,144,chairs-wide,2.8044161796569824,45.62443923950195,31.5388282119377
bistro,9,O-ET2X-R-PreviousRawEdge-Point,144,full,0.6947851181030273,6.413541793823242,40.0598243170556
bistro,9,O-ET2X-R-PreviousRawEdge-Point,144,chair,5.8112568855285645,119.47076416015625,27.35818719327153
bistro,9,O-ET2X-R-PreviousRawEdge-Point,144,chairs-wide,2.7331693172454834,42.928157806396484,31.803381090454224
bistro,10,ABL-ET2X-R-PreviousRawEdge-BilinearRGB,144,full,0.6707526445388794,5.672253608703613,40.5932472078065
bistro,10,ABL-ET2X-R-PreviousRawEdge-BilinearRGB,144,chair,5.626479625701904,112.40068817138672,27.623113906658205
bistro,10,ABL-ET2X-R-PreviousRawEdge-BilinearRGB,144,chairs-wide,2.619128465652466,39.32304763793945,32.18433191457343
bistro,4,O-T2X-R,145,full,0.7523888349533081,6.360564708709717,40.095846856299985
bistro,4,O-T2X-R,145,chair,4.646720886230469,73.3464126586914,29.47701483324383
bistro,4,O-T2X-R,145,chairs-wide,2.2836310863494873,28.28815269470215,33.61475773279856
bistro,6,O-ET2X-R-CurrentEdge-Point,145,full,0.6909456849098206,6.269723415374756,40.158319782231544
bistro,6,O-ET2X-R-CurrentEdge-Point,145,chair,5.9468512535095215,123.75740051269531,27.205091823069214
bistro,6,O-ET2X-R-CurrentEdge-Point,145,chairs-wide,2.8024208545684814,45.295753479003906,31.570228724772168
bistro,9,O-ET2X-R-PreviousRawEdge-Point,145,full,0.685494065284729,5.820258617401123,40.48138078346051
bistro,9,O-ET2X-R-PreviousRawEdge-Point,145,chair,5.831380367279053,118.94359588623047,27.377392969758716
bistro,9,O-ET2X-R-PreviousRawEdge-Point,145,chairs-wide,2.7221739292144775,41.900150299072266,31.90864780051003
bistro,10,ABL-ET2X-R-PreviousRawEdge-BilinearRGB,145,full,0.666893482208252,5.280107021331787,40.90437635625234
bistro,10,ABL-ET2X-R-PreviousRawEdge-BilinearRGB,145,chair,5.649473190307617,112.28654479980469,27.62752642623333
bistro,10,ABL-ET2X-R-PreviousRawEdge-BilinearRGB,145,chairs-wide,2.620798349380493,38.897239685058594,32.231615778476524
bistro,4,O-T2X-R,146,full,0.7478331923484802,6.168605327606201,40.228933762497945
bistro,4,O-T2X-R,146,chair,4.577651500701904,73.96460723876953,29.44056405432487
bistro,4,O-T2X-R,146,chairs-wide,2.2730517387390137,28.167293548583984,33.63335241016771
bistro,6,O-ET2X-R-CurrentEdge-Point,146,full,0.693166196346283,6.515809059143066,39.99112011716329
bistro,6,O-ET2X-R-CurrentEdge-Point,146,chair,5.928474426269531,123.74612426757812,27.205487551658432
bistro,6,O-ET2X-R-CurrentEdge-Point,146,chairs-wide,2.821680784225464,45.10503005981445,31.58855384280225
bistro,9,O-ET2X-R-PreviousRawEdge-Point,146,full,0.6890727877616882,6.292896270751953,40.14229787774695
bistro,9,O-ET2X-R-PreviousRawEdge-Point,146,chair,5.784002304077148,117.27405548095703,27.438784170194268
bistro,9,O-ET2X-R-PreviousRawEdge-Point,146,chairs-wide,2.750433921813965,42.349403381347656,31.86233064501389
bistro,10,ABL-ET2X-R-PreviousRawEdge-BilinearRGB,146,full,0.668289065361023,5.551890850067139,40.68639441547825
bistro,10,ABL-ET2X-R-PreviousRawEdge-BilinearRGB,146,chair,5.617098808288574,110.57815551757812,27.69411019389073
bistro,10,ABL-ET2X-R-PreviousRawEdge-BilinearRGB,146,chairs-wide,2.6475753784179688,39.01614761352539,32.218359751734134
bistro,4,O-T2X-R,147,full,0.7497092485427856,6.231043815612793,40.18519555719399
bistro,4,O-T2X-R,147,chair,4.486564636230469,68.36695098876953,29.782341490866333
bistro,4,O-T2X-R,147,chairs-wide,2.2098946571350098,26.570655822753906,33.886780869736995
bistro,6,O-ET2X-R-CurrentEdge-Point,147,full,0.6990244388580322,6.961452960968018,39.70380467941938
bistro,6,O-ET2X-R-CurrentEdge-Point,147,chair,5.963689804077148,124.90769958496094,27.164911508028453
bistro,6,O-ET2X-R-CurrentEdge-Point,147,chairs-wide,2.8028550148010254,45.07299041748047,31.591639880925435
bistro,9,O-ET2X-R-PreviousRawEdge-Point,147,full,0.6924304962158203,6.493797779083252,40.00581600568641
bistro,9,O-ET2X-R-PreviousRawEdge-Point,147,chair,5.822886943817139,118.73369598388672,27.385063739845453
bistro,9,O-ET2X-R-PreviousRawEdge-Point,147,chairs-wide,2.730456590652466,42.141517639160156,31.883701891011796
bistro,10,ABL-ET2X-R-PreviousRawEdge-BilinearRGB,147,full,0.6676785349845886,5.659811019897461,40.602784304545345
bistro,10,ABL-ET2X-R-PreviousRawEdge-BilinearRGB,147,chair,5.616033554077148,111.13829040527344,27.67216648941013
bistro,10,ABL-ET2X-R-PreviousRawEdge-BilinearRGB,147,chairs-wide,2.611466884613037,38.43115234375,32.28396954050483
bistro,4,O-T2X-R,148,full,0.7427117824554443,6.117819786071777,40.26483681136433
bistro,4,O-T2X-R,148,chair,4.476059436798096,69.67806243896484,29.699842952713652
bistro,4,O-T2X-R,148,chairs-wide,2.2303965091705322,27.214927673339844,33.782731763985815
bistro,6,O-ET2X-R-CurrentEdge-Point,148,full,0.6927775740623474,6.78294038772583,39.81662360608946
bistro,6,O-ET2X-R-CurrentEdge-Point,148,chair,5.978071689605713,127.67598724365234,27.069711361824098
bistro,6,O-ET2X-R-CurrentEdge-Point,148,chairs-wide,2.795072555541992,44.778350830078125,31.62012266233782
bistro,9,O-ET2X-R-PreviousRawEdge-Point,148,full,0.6856334805488586,6.344147205352783,40.10707109362475
bistro,9,O-ET2X-R-PreviousRawEdge-Point,148,chair,5.81776762008667,120.5770034790039,27.31815874079528
bistro,9,O-ET2X-R-PreviousRawEdge-Point,148,chairs-wide,2.7195277214050293,41.864601135253906,31.91233403042061
bistro,10,ABL-ET2X-R-PreviousRawEdge-BilinearRGB,148,full,0.6641222238540649,5.516605377197266,40.7140844245944
bistro,10,ABL-ET2X-R-PreviousRawEdge-BilinearRGB,148,chair,5.630681991577148,113.27107238769531,27.589613486785577
bistro,10,ABL-ET2X-R-PreviousRawEdge-BilinearRGB,148,chairs-wide,2.621527671813965,38.69645690917969,32.2540915851656
bistro,4,O-T2X-R,149,full,0.7425119876861572,5.876612186431885,40.439533294779864
bistro,4,O-T2X-R,149,chair,4.310783386230469,62.64618682861328,30.16185719531213
bistro,4,O-T2X-R,149,chairs-wide,2.2001349925994873,25.97385025024414,33.98544028547298
bistro,6,O-ET2X-R-CurrentEdge-Point,149,full,0.6937867999076843,6.519067287445068,39.98894897174666
bistro,6,O-ET2X-R-CurrentEdge-Point,149,chair,6.0139384269714355,131.20599365234375,26.95126686265128
bistro,6,O-ET2X-R-CurrentEdge-Point,149,chairs-wide,2.8265035152435303,46.445091247558594,31.461405404230934
bistro,9,O-ET2X-R-PreviousRawEdge-Point,149,full,0.688964307308197,6.2690110206604,40.1588132755666
bistro,9,O-ET2X-R-PreviousRawEdge-Point,149,chair,5.878403186798096,124.4768295288086,27.17991842723571
bistro,9,O-ET2X-R-PreviousRawEdge-Point,149,chairs-wide,2.767493724822998,43.93296813964844,31.702898153962288
bistro,10,ABL-ET2X-R-PreviousRawEdge-BilinearRGB,149,full,0.6689478158950806,5.660730361938477,40.60207892277462
bistro,10,ABL-ET2X-R-PreviousRawEdge-BilinearRGB,149,chair,5.703480243682861,118.36150360107422,27.398698873000498
bistro,10,ABL-ET2X-R-PreviousRawEdge-BilinearRGB,149,chairs-wide,2.650282144546509,40.55674743652344,32.05017242624755
bistro,4,O-T2X-R,150,full,0.7480143308639526,6.452193260192871,40.03372993691852
bistro,4,O-T2X-R,150,chair,4.358931064605713,66.17516326904297,29.923853393908306
bistro,4,O-T2X-R,150,chairs-wide,2.1900439262390137,26.237279891967773,33.94161552616369
bistro,6,O-ET2X-R-CurrentEdge-Point,150,full,0.6995810866355896,7.133341312408447,39.59787356453379
bistro,6,O-ET2X-R-CurrentEdge-Point,150,chair,6.007989883422852,132.2584686279297,26.91656871006602
bistro,6,O-ET2X-R-CurrentEdge-Point,150,chairs-wide,2.8673744201660156,49.795074462890625,31.158939747222682
bistro,9,O-ET2X-R-PreviousRawEdge-Point,150,full,0.6894080638885498,6.422917366027832,40.053480262287096
bistro,9,O-ET2X-R-PreviousRawEdge-Point,150,chair,5.903261184692383,127.42255401611328,27.078340551776996
bistro,9,O-ET2X-R-PreviousRawEdge-Point,150,chairs-wide,2.7766504287719727,44.705387115478516,31.62720500967374
bistro,10,ABL-ET2X-R-PreviousRawEdge-BilinearRGB,150,full,0.666635274887085,5.623892784118652,40.630433283208454
bistro,10,ABL-ET2X-R-PreviousRawEdge-BilinearRGB,150,chair,5.7336649894714355,121.32771301269531,27.291203494998378
bistro,10,ABL-ET2X-R-PreviousRawEdge-BilinearRGB,150,chairs-wide,2.658944606781006,40.96917724609375,32.00623118444406
bistro,4,O-T2X-R,151,full,0.7414089441299438,5.774290084838867,40.515817629857914
bistro,4,O-T2X-R,151,chair,4.383848190307617,64.0186767578125,30.06773667672096
bistro,4,O-T2X-R,151,chairs-wide,2.224735975265503,26.403820037841797,33.91413596826183
bistro,6,O-ET2X-R-CurrentEdge-Point,151,full,0.6919199824333191,6.380775451660156,40.08206899401894
bistro,6,O-ET2X-R-CurrentEdge-Point,151,chair,6.004941940307617,130.49742126464844,26.974784311215707
bistro,6,O-ET2X-R-CurrentEdge-Point,151,chairs-wide,2.8157310485839844,47.81808090209961,31.33488218413808
bistro,9,O-ET2X-R-PreviousRawEdge-Point,151,full,0.688541829586029,6.205005645751953,40.20338179881219
bistro,9,O-ET2X-R-PreviousRawEdge-Point,151,chair,5.851710319519043,124.02891540527344,27.195574149233295
bistro,9,O-ET2X-R-PreviousRawEdge-Point,151,chairs-wide,2.7524173259735107,45.45969009399414,31.554538901240754
bistro,10,ABL-ET2X-R-PreviousRawEdge-BilinearRGB,151,full,0.6698526740074158,5.6524176597595215,40.608461162852834
bistro,10,ABL-ET2X-R-PreviousRawEdge-BilinearRGB,151,chair,5.646632194519043,116.75198364257812,27.45816092805715
bistro,10,ABL-ET2X-R-PreviousRawEdge-BilinearRGB,151,chairs-wide,2.649064540863037,42.323543548583984,31.86498338911424
bistro,4,O-T2X-R,152,full,0.7517240047454834,6.575717926025391,39.951371855631194
bistro,4,O-T2X-R,152,chair,4.408380508422852,66.59008026123047,29.896708225185627
bistro,4,O-T2X-R,152,chairs-wide,2.2376060485839844,26.89339828491211,33.834346771594554
bistro,6,O-ET2X-R-CurrentEdge-Point,152,full,0.6943264603614807,6.967386722564697,39.70010444288452
bistro,6,O-ET2X-R-CurrentEdge-Point,152,chair,5.942471504211426,125.26751708984375,27.152418914502128
bistro,6,O-ET2X-R-CurrentEdge-Point,152,chairs-wide,2.816683530807495,45.96631622314453,31.50640660425531
bistro,9,O-ET2X-R-PreviousRawEdge-Point,152,full,0.6907870173454285,6.723058700561523,39.85513457672288
bistro,9,O-ET2X-R-PreviousRawEdge-Point,152,chair,5.833066940307617,120.63526916503906,27.316060633087563
bistro,9,O-ET2X-R-PreviousRawEdge-Point,152,chairs-wide,2.734182119369507,42.90361022949219,31.805865223713564
bistro,10,ABL-ET2X-R-PreviousRawEdge-BilinearRGB,152,full,0.6654965281486511,5.637999534606934,40.61955325181501
bistro,10,ABL-ET2X-R-PreviousRawEdge-BilinearRGB,152,chair,5.651071071624756,113.9852294921875,27.562317829142454
bistro,10,ABL-ET2X-R-PreviousRawEdge-BilinearRGB,152,chairs-wide,2.635488986968994,40.082454681396484,32.101260506548876
bistro,4,O-T2X-R,153,full,0.749784529209137,6.237538814544678,40.1806709972903
bistro,4,O-T2X-R,153,chair,4.415719509124756,66.39198303222656,29.90964720281065
bistro,4,O-T2X-R,153,chairs-wide,2.247474193572998,26.793493270874023,33.85051021303687
bistro,6,O-ET2X-R-CurrentEdge-Point,153,full,0.696320116519928,6.619439125061035,39.922591682877865
bistro,6,O-ET2X-R-CurrentEdge-Point,153,chair,5.9518818855285645,125.15198516845703,27.156426180633506
bistro,6,O-ET2X-R-CurrentEdge-Point,153,chairs-wide,2.8652162551879883,46.988468170166016,31.410890736676414
bistro,9,O-ET2X-R-PreviousRawEdge-Point,153,full,0.6848143339157104,5.947176456451416,40.38769536388098
bistro,9,O-ET2X-R-PreviousRawEdge-Point,153,chair,5.835611820220947,120.10733032226562,27.335108470423464
bistro,9,O-ET2X-R-PreviousRawEdge-Point,153,chairs-wide,2.7818286418914795,43.381629943847656,31.757744954783377
bistro,10,ABL-ET2X-R-PreviousRawEdge-BilinearRGB,153,full,0.6644414663314819,5.339471340179443,40.85582101106867
bistro,10,ABL-ET2X-R-PreviousRawEdge-BilinearRGB,153,chair,5.672881126403809,113.81439208984375,27.56883177807131
bistro,10,ABL-ET2X-R-PreviousRawEdge-BilinearRGB,153,chairs-wide,2.679994821548462,40.44154357910156,32.062526374135196
bistro,4,O-T2X-R,154,full,0.7520977258682251,6.671952724456787,39.88827400513451
bistro,4,O-T2X-R,154,chair,4.524325370788574,70.64251708984375,29.640141955142248
bistro,4,O-T2X-R,154,chairs-wide,2.2722439765930176,28.49083709716797,33.58375151314637
bistro,6,O-ET2X-R-CurrentEdge-Point,154,full,0.6956073641777039,6.601017951965332,39.93469447018176
bistro,6,O-ET2X-R-CurrentEdge-Point,154,chair,6.026337623596191,129.59494018554688,27.004923152931642
bistro,6,O-ET2X-R-CurrentEdge-Point,154,chairs-wide,2.8508994579315186,46.07052993774414,31.496571530060628
bistro,9,O-ET2X-R-PreviousRawEdge-Point,154,full,0.6923148036003113,6.392971038818359,40.07377623853077
bistro,9,O-ET2X-R-PreviousRawEdge-Point,154,chair,5.90468168258667,123.82283020019531,27.2027963447256
bistro,9,O-ET2X-R-PreviousRawEdge-Point,154,chairs-wide,2.8005521297454834,43.88058090209961,31.708079926282615
bistro,10,ABL-ET2X-R-PreviousRawEdge-BilinearRGB,154,full,0.668997585773468,5.58820104598999,40.65808338588003
bistro,10,ABL-ET2X-R-PreviousRawEdge-BilinearRGB,154,chair,5.706705570220947,116.3857421875,27.471805804557384
bistro,10,ABL-ET2X-R-PreviousRawEdge-BilinearRGB,154,chairs-wide,2.6746721267700195,40.12098693847656,32.097087531530676
bistro,4,O-T2X-R,155,full,0.7561978101730347,6.8097734451293945,39.799476972909304
bistro,4,O-T2X-R,155,chair,4.428178310394287,66.5987548828125,29.896142511056976
bistro,4,O-T2X-R,155,chairs-wide,2.273690700531006,28.028512954711914,33.65480303874461
bistro,6,O-ET2X-R-CurrentEdge-Point,155,full,0.6977880597114563,6.530655860900879,39.981235620634536
bistro,6,O-ET2X-R-CurrentEdge-Point,155,chair,6.049064636230469,129.88595581054688,26.995181662515485
bistro,6,O-ET2X-R-CurrentEdge-Point,155,chairs-wide,2.87255859375,46.99295425415039,31.410476126752236
bistro,9,O-ET2X-R-PreviousRawEdge-Point,155,full,0.6905431747436523,6.0479736328125,40.3147047175257
bistro,9,O-ET2X-R-PreviousRawEdge-Point,155,chair,5.917850494384766,124.3483657836914,27.18440278827607
bistro,9,O-ET2X-R-PreviousRawEdge-Point,155,chairs-wide,2.8067972660064697,44.105613708496094,31.68586491412242
bistro,10,ABL-ET2X-R-PreviousRawEdge-BilinearRGB,155,full,0.6701915860176086,5.437732696533203,40.77662505772712
bistro,10,ABL-ET2X-R-PreviousRawEdge-BilinearRGB,155,chair,5.743016242980957,117.4041748046875,27.433968204946257
bistro,10,ABL-ET2X-R-PreviousRawEdge-BilinearRGB,155,chairs-wide,2.6988449096679688,40.679893493652344,32.0370055366685
bistro,4,O-T2X-R,156,full,0.7492640018463135,6.29395866394043,40.1415647454389
bistro,4,O-T2X-R,156,chair,4.542436122894287,70.8614501953125,29.626703248467997
bistro,4,O-T2X-R,156,chairs-wide,2.2874228954315186,28.538616180419922,33.57647450245486
bistro,6,O-ET2X-R-CurrentEdge-Point,156,full,0.6950603723526001,6.544121265411377,39.97229022464569
bistro,6,O-ET2X-R-CurrentEdge-Point,156,chair,5.994673252105713,126.4219970703125,27.11257714333798
bistro,6,O-ET2X-R-CurrentEdge-Point,156,chairs-wide,2.908842086791992,47.429866790771484,31.370284559527903
bistro,9,O-ET2X-R-PreviousRawEdge-Point,156,full,0.689512312412262,6.131998062133789,40.254783519335724
bistro,9,O-ET2X-R-PreviousRawEdge-Point,156,chair,5.900627136230469,122.62139129638672,27.24514121422841
bistro,9,O-ET2X-R-PreviousRawEdge-Point,156,chairs-wide,2.8089916706085205,43.74285125732422,31.721732729535713
bistro,10,ABL-ET2X-R-PreviousRawEdge-BilinearRGB,156,full,0.6699950695037842,5.550097942352295,40.687797137005795
bistro,10,ABL-ET2X-R-PreviousRawEdge-BilinearRGB,156,chair,5.718838691711426,115.91658020019531,27.48934800879711
bistro,10,ABL-ET2X-R-PreviousRawEdge-BilinearRGB,156,chairs-wide,2.698646068572998,40.337642669677734,32.07369846402793
bistro,4,O-T2X-R,157,full,0.7568539381027222,6.47294282913208,40.01978589645147
bistro,4,O-T2X-R,157,chair,4.419803619384766,63.197975158691406,30.123771970079044
bistro,4,O-T2X-R,157,chairs-wide,2.294168472290039,27.801559448242188,33.69011203771001
bistro,6,O-ET2X-R-CurrentEdge-Point,157,full,0.6978656053543091,6.690868377685547,39.87597874316399
bistro,6,O-ET2X-R-CurrentEdge-Point,157,chair,5.983250617980957,127.53876495361328,27.07438153771227
bistro,6,O-ET2X-R-CurrentEdge-Point,157,chairs-wide,2.8952786922454834,46.91596603393555,31.417596976741567
bistro,9,O-ET2X-R-PreviousRawEdge-Point,157,full,0.6902540326118469,6.152451992034912,40.24032127306669
bistro,9,O-ET2X-R-PreviousRawEdge-Point,157,chair,5.846857070922852,121.5029296875,27.284936110671154
bistro,9,O-ET2X-R-PreviousRawEdge-Point,157,chairs-wide,2.817702293395996,43.803401947021484,31.71572520011175
bistro,10,ABL-ET2X-R-PreviousRawEdge-BilinearRGB,157,full,0.665864884853363,5.390857219696045,40.814225314542796
bistro,10,ABL-ET2X-R-PreviousRawEdge-BilinearRGB,157,chair,5.66524600982666,114.62884521484375,27.537864435740964
bistro,10,ABL-ET2X-R-PreviousRawEdge-BilinearRGB,157,chairs-wide,2.6947519779205322,40.19331741333008,32.089265080760924
bistro,4,O-T2X-R,158,full,0.753882110118866,6.547631740570068,39.969961155305434
bistro,4,O-T2X-R,158,chair,4.539121627807617,69.54794311523438,29.70796070636367
bistro,4,O-T2X-R,158,chairs-wide,2.2920403480529785,28.366609573364258,33.60272929603965
bistro,6,O-ET2X-R-CurrentEdge-Point,158,full,0.6967387199401855,6.827452659606934,39.78821663369616
bistro,6,O-ET2X-R-CurrentEdge-Point,158,chair,5.957919120788574,125.50621795654297,27.14415118259454
bistro,6,O-ET2X-R-CurrentEdge-Point,158,chairs-wide,2.9115307331085205,49.6707763671875,31.169794126836308
bistro,9,O-ET2X-R-PreviousRawEdge-Point,158,full,0.6907958388328552,6.3588080406188965,40.097046461466476
bistro,9,O-ET2X-R-PreviousRawEdge-Point,158,chair,5.825136184692383,119.93403625488281,27.34137911213486
bistro,9,O-ET2X-R-PreviousRawEdge-Point,158,chairs-wide,2.8011791706085205,43.554107666015625,31.740512405010755
bistro,10,ABL-ET2X-R-PreviousRawEdge-BilinearRGB,158,full,0.6708202362060547,5.706248760223389,40.56729660347162
bistro,10,ABL-ET2X-R-PreviousRawEdge-BilinearRGB,158,chair,5.652787685394287,112.60408020019531,27.615262334402807
bistro,10,ABL-ET2X-R-PreviousRawEdge-BilinearRGB,158,chairs-wide,2.696023941040039,40.03535079956055,32.10636722613308
bistro,4,O-T2X-R,159,full,0.7528609037399292,6.419619083404541,40.05571101472481
bistro,4,O-T2X-R,159,chair,4.46718168258667,65.93072509765625,29.939925087829472
bistro,4,O-T2X-R,159,chairs-wide,2.277428150177002,27.401945114135742,33.75298968764568
bistro,6,O-ET2X-R-CurrentEdge-Point,159,full,0.6990607380867004,6.878084182739258,39.756128739013405
bistro,6,O-ET2X-R-CurrentEdge-Point,159,chair,5.967122554779053,124.86189270019531,27.166504470352486
bistro,6,O-ET2X-R-CurrentEdge-Point,159,chairs-wide,2.912808656692505,48.940223693847656,31.23414410793259
bistro,9,O-ET2X-R-PreviousRawEdge-Point,159,full,0.691662073135376,6.312296390533447,40.12892978120426
bistro,9,O-ET2X-R-PreviousRawEdge-Point,159,chair,5.836973190307617,119.57111358642578,27.354540869450616
bistro,9,O-ET2X-R-PreviousRawEdge-Point,159,chairs-wide,2.841320753097534,46.1518669128418,31.488910872817904
bistro,10,ABL-ET2X-R-PreviousRawEdge-BilinearRGB,159,full,0.6703689694404602,5.650752544403076,40.609740716116576
bistro,10,ABL-ET2X-R-PreviousRawEdge-BilinearRGB,159,chair,5.674922943115234,113.0908203125,27.596530066004927
bistro,10,ABL-ET2X-R-PreviousRawEdge-BilinearRGB,159,chairs-wide,2.756878137588501,43.1937255859375,31.776596960277786
bistro,4,O-T2X-R,160,full,0.7524815797805786,6.379383087158203,40.08301678196461
bistro,4,O-T2X-R,160,chair,4.5717034339904785,71.76748657226562,29.57152624150849
bistro,4,O-T2X-R,160,chairs-wide,2.3082079887390137,29.448604583740234,33.4401564021472
bistro,6,O-ET2X-R-CurrentEdge-Point,160,full,0.7120411992073059,7.386236667633057,39.44657141793353
bistro,6,O-ET2X-R-CurrentEdge-Point,160,chair,6.032729625701904,128.392822265625,27.045396154650145
bistro,6,O-ET2X-R-CurrentEdge-Point,160,chairs-wide,2.9957199096679688,50.29756164550781,31.1153342928254
bistro,9,O-ET2X-R-PreviousRawEdge-Point,160,full,0.7021718621253967,6.858066082000732,39.76878695354368
bistro,9,O-ET2X-R-PreviousRawEdge-Point,160,chair,5.916814804077148,123.1720199584961,27.225682971767956
bistro,9,O-ET2X-R-PreviousRawEdge-Point,160,chairs-wide,2.893850088119507,46.6207389831543,31.445012076472615
bistro,10,ABL-ET2X-R-PreviousRawEdge-BilinearRGB,160,full,0.6804889440536499,6.067567348480225,40.30065755277042
bistro,10,ABL-ET2X-R-PreviousRawEdge-BilinearRGB,160,chair,5.759529113769531,117.23330688476562,27.440293452501724
bistro,10,ABL-ET2X-R-PreviousRawEdge-BilinearRGB,160,chairs-wide,2.7897136211395264,43.22595977783203,31.773357158545423
bistro,4,O-T2X-R,161,full,0.7521631717681885,6.3625688552856445,40.09447865592439
bistro,4,O-T2X-R,161,chair,4.478071689605713,66.65864562988281,29.892238754474466
bistro,4,O-T2X-R,161,chairs-wide,2.2888214588165283,27.755558013916016,33.697303978028614
bistro,6,O-ET2X-R-CurrentEdge-Point,161,full,0.6964477896690369,6.6015167236328125,39.93436633048989
bistro,6,O-ET2X-R-CurrentEdge-Point,161,chair,6.002249240875244,126.18619537353516,27.120685146842362
bistro,6,O-ET2X-R-CurrentEdge-Point,161,chairs-wide,2.9067323207855225,47.24785232543945,31.3869828864504
bistro,9,O-ET2X-R-PreviousRawEdge-Point,161,full,0.6924937963485718,6.380616188049316,40.08217739490391
bistro,9,O-ET2X-R-PreviousRawEdge-Point,161,chair,5.879527568817139,121.51885223388672,27.284367019786476
bistro,9,O-ET2X-R-PreviousRawEdge-Point,161,chairs-wide,2.8432376384735107,44.63026428222656,31.634509023049336
bistro,10,ABL-ET2X-R-PreviousRawEdge-BilinearRGB,161,full,0.670884370803833,5.6044721603393555,40.64545644676728
bistro,10,ABL-ET2X-R-PreviousRawEdge-BilinearRGB,161,chair,5.707386493682861,115.11150360107422,27.519616341032226
bistro,10,ABL-ET2X-R-PreviousRawEdge-BilinearRGB,161,chairs-wide,2.7361834049224854,41.56890106201172,31.94311817454137
bistro,4,O-T2X-R,162,full,0.7504369020462036,6.4491777420043945,40.03576014430185
bistro,4,O-T2X-R,162,chair,4.502574443817139,69.75204467773438,29.69523418037084
bistro,4,O-T2X-R,162,chairs-wide,2.2904067039489746,28.55328369140625,33.57424300578403
bistro,6,O-ET2X-R-CurrentEdge-Point,162,full,0.7025995850563049,7.315593242645264,39.48830810781083
bistro,6,O-ET2X-R-CurrentEdge-Point,162,chair,5.878077507019043,121.5671157836914,27.282642478151793
bistro,6,O-ET2X-R-CurrentEdge-Point,162,chairs-wide,2.8630220890045166,45.45354080200195,31.55512640727427
bistro,9,O-ET2X-R-PreviousRawEdge-Point,162,full,0.6933825016021729,6.453842639923096,40.032619888062555
bistro,9,O-ET2X-R-PreviousRawEdge-Point,162,chair,5.7777581214904785,116.73680114746094,27.45872572382378
bistro,9,O-ET2X-R-PreviousRawEdge-Point,162,chairs-wide,2.805694103240967,43.389015197753906,31.757005678263894
bistro,10,ABL-ET2X-R-PreviousRawEdge-BilinearRGB,162,full,0.6735289692878723,5.79815673828125,40.497904096539365
bistro,10,ABL-ET2X-R-PreviousRawEdge-BilinearRGB,162,chair,5.593246936798096,109.62686157226562,27.731633796824266
bistro,10,ABL-ET2X-R-PreviousRawEdge-BilinearRGB,162,chairs-wide,2.700780153274536,40.20499801635742,32.08800315843117
bistro,4,O-T2X-R,163,full,0.7504064440727234,6.287269115447998,40.14618310911757
bistro,4,O-T2X-R,163,chair,4.429243564605713,66.9373550415039,29.874118131923435
bistro,4,O-T2X-R,163,chairs-wide,2.258107900619507,27.533824920654297,33.732138143293575
bistro,6,O-ET2X-R-CurrentEdge-Point,163,full,0.6958174705505371,6.733095645904541,39.8486557705591
bistro,6,O-ET2X-R-CurrentEdge-Point,163,chair,5.951024055480957,124.2039794921875,27.189448500208222
bistro,6,O-ET2X-R-CurrentEdge-Point,163,chairs-wide,2.8824689388275146,46.221553802490234,31.482358200600636
bistro,9,O-ET2X-R-PreviousRawEdge-Point,163,full,0.6897111535072327,6.450832366943359,40.03464604519885
bistro,9,O-ET2X-R-PreviousRawEdge-Point,163,chair,5.829012870788574,119.10540771484375,27.371488807671614
bistro,9,O-ET2X-R-PreviousRawEdge-Point,163,chairs-wide,2.823230028152466,44.14847183227539,31.68164685486518
bistro,10,ABL-ET2X-R-PreviousRawEdge-BilinearRGB,163,full,0.6666936874389648,5.53911018371582,40.69640356670164
bistro,10,ABL-ET2X-R-PreviousRawEdge-BilinearRGB,163,chair,5.6696553230285645,112.27529907226562,27.627961402838
bistro,10,ABL-ET2X-R-PreviousRawEdge-BilinearRGB,163,chairs-wide,2.7116308212280273,40.292686462402344,32.07854136495128
bistro,4,O-T2X-R,164,full,0.7440456748008728,6.10901403427124,40.27109238027674
bistro,4,O-T2X-R,164,chair,4.415867805480957,68.12911224365234,29.797476309655742
bistro,4,O-T2X-R,164,chairs-wide,2.2490053176879883,27.211305618286133,33.783309808223
bistro,6,O-ET2X-R-CurrentEdge-Point,164,full,0.6929289102554321,6.463761329650879,40.025950488577635
bistro,6,O-ET2X-R-CurrentEdge-Point,164,chair,5.800041198730469,119.96558380126953,27.340236890618282
bistro,6,O-ET2X-R-CurrentEdge-Point,164,chairs-wide,2.938687562942505,50.891029357910156,31.064391255587907
bistro,9,O-ET2X-R-PreviousRawEdge-Point,164,full,0.6856174468994141,5.943635940551758,40.39028160696078
bistro,9,O-ET2X-R-PreviousRawEdge-Point,164,chair,5.674952507019043,115.51852416992188,27.50428729023176
bistro,9,O-ET2X-R-PreviousRawEdge-Point,164,chairs-wide,2.8013598918914795,44.217533111572266,31.674858511624485
bistro,10,ABL-ET2X-R-PreviousRawEdge-BilinearRGB,164,full,0.6668070554733276,5.41337776184082,40.79612026339474
bistro,10,ABL-ET2X-R-PreviousRawEdge-BilinearRGB,164,chair,5.472212314605713,107.67267608642578,27.809748537672235
bistro,10,ABL-ET2X-R-PreviousRawEdge-BilinearRGB,164,chairs-wide,2.681405544281006,40.60687255859375,32.04480818382248
bistro,4,O-T2X-R,165,full,0.7470126152038574,6.063211917877197,40.303776131580484
bistro,4,O-T2X-R,165,chair,4.427556991577148,67.07664489746094,29.865090293393436
bistro,4,O-T2X-R,165,chairs-wide,2.3525390625,29.73268699645996,33.39846201915099
bistro,6,O-ET2X-R-CurrentEdge-Point,165,full,0.6994356513023376,6.610575199127197,39.92841110922576
bistro,6,O-ET2X-R-CurrentEdge-Point,165,chair,5.679983615875244,116.1951904296875,27.478922088297413
bistro,6,O-ET2X-R-CurrentEdge-Point,165,chairs-wide,2.9380486011505127,48.1119384765625,31.308275054678553
bistro,9,O-ET2X-R-PreviousRawEdge-Point,165,full,0.6938676238059998,6.3492841720581055,40.10355595835627
bistro,9,O-ET2X-R-PreviousRawEdge-Point,165,chair,5.567708492279053,111.4188003540039,27.661218827671135
bistro,9,O-ET2X-R-PreviousRawEdge-Point,165,chairs-wide,2.8831379413604736,46.102962493896484,31.493515275950976
bistro,10,ABL-ET2X-R-PreviousRawEdge-BilinearRGB,165,full,0.6714811325073242,5.5396599769592285,40.69597252215693
bistro,10,ABL-ET2X-R-PreviousRawEdge-BilinearRGB,165,chair,5.421904563903809,105.72019958496094,27.889223865201807
bistro,10,ABL-ET2X-R-PreviousRawEdge-BilinearRGB,165,chairs-wide,2.7720389366149902,42.94704818725586,31.801470413628316
bistro,4,O-T2X-R,166,full,0.7511577010154724,6.646127223968506,39.90511710332284
bistro,4,O-T2X-R,166,chair,4.287849426269531,65.42989349365234,29.97304147510656
bistro,4,O-T2X-R,166,chairs-wide,2.280665159225464,28.531618118286133,33.57753958298985
bistro,6,O-ET2X-R-CurrentEdge-Point,166,full,0.7021772861480713,7.130242824554443,39.59976040613753
bistro,6,O-ET2X-R-CurrentEdge-Point,166,chair,5.740530490875244,118.84315490722656,27.381061884480594
bistro,6,O-ET2X-R-CurrentEdge-Point,166,chairs-wide,2.8772966861724854,47.040321350097656,31.406100809610216
bistro,9,O-ET2X-R-PreviousRawEdge-Point,166,full,0.6960203647613525,6.737762928009033,39.84564634850414
bistro,9,O-ET2X-R-PreviousRawEdge-Point,166,chair,5.646395683288574,114.98375701904297,27.524438660380213
bistro,9,O-ET2X-R-PreviousRawEdge-Point,166,chairs-wide,2.8229527473449707,44.978214263916016,31.60078151891962
bistro,10,ABL-ET2X-R-PreviousRawEdge-BilinearRGB,166,full,0.6761540770530701,6.091884613037109,40.28328692138878
bistro,10,ABL-ET2X-R-PreviousRawEdge-BilinearRGB,166,chair,5.5029296875,108.91338348388672,27.759991109003053
bistro,10,ABL-ET2X-R-PreviousRawEdge-BilinearRGB,166,chairs-wide,2.7040352821350098,41.314796447753906,31.969747434785823
bistro,4,O-T2X-R,167,full,0.7453625798225403,5.951977729797363,40.38419063303913
bistro,4,O-T2X-R,167,chair,4.342655181884766,67.5633544921875,29.833691568949263
bistro,4,O-T2X-R,167,chairs-wide,2.266878843307495,27.798948287963867,33.6905199521508
bistro,6,O-ET2X-R-CurrentEdge-Point,167,full,0.695125162601471,6.698441505432129,39.87106591648281
bistro,6,O-ET2X-R-CurrentEdge-Point,167,chair,5.73848819732666,117.64645385742188,27.42501519822204
bistro,6,O-ET2X-R-CurrentEdge-Point,167,chairs-wide,2.8536903858184814,47.10274887084961,31.400341079936705
bistro,9,O-ET2X-R-PreviousRawEdge-Point,167,full,0.6895415782928467,6.337793827056885,40.111422536923754
bistro,9,O-ET2X-R-PreviousRawEdge-Point,167,chair,5.646810054779053,114.61579895019531,27.538358747900187
bistro,9,O-ET2X-R-PreviousRawEdge-Point,167,chairs-wide,2.795578956604004,44.24607467651367,31.672056128837042
bistro,10,ABL-ET2X-R-PreviousRawEdge-BilinearRGB,167,full,0.6701418161392212,5.7297682762146,40.54943302320463
bistro,10,ABL-ET2X-R-PreviousRawEdge-BilinearRGB,167,chair,5.482421875,108.20703125,27.788248788971583
bistro,10,ABL-ET2X-R-PreviousRawEdge-BilinearRGB,167,chairs-wide,2.6869332790374756,40.62883377075195,32.04246004556665
bistro,4,O-T2X-R,168,full,0.7536551356315613,6.711646556854248,39.86251282899695
bistro,4,O-T2X-R,168,chair,4.3132100105285645,67.15672302246094,29.859908647060166
bistro,4,O-T2X-R,168,chairs-wide,2.3097450733184814,29.092899322509766,33.49293356808102
bistro,6,O-ET2X-R-CurrentEdge-Point,168,full,0.7041413187980652,6.996625900268555,39.68191707449192
bistro,6,O-ET2X-R-CurrentEdge-Point,168,chair,5.672821998596191,112.1473159790039,27.63291476791604
bistro,6,O-ET2X-R-CurrentEdge-Point,168,chairs-wide,2.9129714965820312,47.75566101074219,31.34055500131346
bistro,9,O-ET2X-R-PreviousRawEdge-Point,168,full,0.6969311237335205,6.638396263122559,39.91017187855432
bistro,9,O-ET2X-R-PreviousRawEdge-Point,168,chair,5.577178001403809,108.70703125,27.768227253895446
bistro,9,O-ET2X-R-PreviousRawEdge-Point,168,chairs-wide,2.8289449214935303,44.74858856201172,31.623010193030613
bistro,10,ABL-ET2X-R-PreviousRawEdge-BilinearRGB,168,full,0.6749054193496704,5.900330543518066,40.42204018852065
bistro,10,ABL-ET2X-R-PreviousRawEdge-BilinearRGB,168,chair,5.416666507720947,102.60919952392578,28.018940612678396
bistro,10,ABL-ET2X-R-PreviousRawEdge-BilinearRGB,168,chairs-wide,2.7153983116149902,41.364898681640625,31.96448395955472
bistro,4,O-T2X-R,169,full,0.7554202079772949,6.574065208435059,39.95246353315328
bistro,4,O-T2X-R,169,chair,4.248846054077148,62.939422607421875,30.14157606395583
bistro,4,O-T2X-R,169,chairs-wide,2.3152005672454834,28.137117385864258,33.638007584421906
bistro,6,O-ET2X-R-CurrentEdge-Point,169,full,0.704473614692688,7.2360076904296875,39.535813411116706
bistro,6,O-ET2X-R-CurrentEdge-Point,169,chair,5.725260257720947,114.85819244384766,27.529183834851835
bistro,6,O-ET2X-R-CurrentEdge-Point,169,chairs-wide,2.913869619369507,47.24959182739258,31.38682299723724
bistro,9,O-ET2X-R-PreviousRawEdge-Point,169,full,0.6932980418205261,6.525262355804443,39.98482383188995
bistro,9,O-ET2X-R-PreviousRawEdge-Point,169,chair,5.606681823730469,110.45545959472656,27.698931738133446
bistro,9,O-ET2X-R-PreviousRawEdge-Point,169,chairs-wide,2.7983639240264893,42.70496368408203,31.82602003985248
bistro,10,ABL-ET2X-R-PreviousRawEdge-BilinearRGB,169,full,0.6731337904930115,5.731155872344971,40.548381405834746
bistro,10,ABL-ET2X-R-PreviousRawEdge-BilinearRGB,169,chair,5.420868873596191,103.7121810913086,27.9725059319576
bistro,10,ABL-ET2X-R-PreviousRawEdge-BilinearRGB,169,chairs-wide,2.693052053451538,39.2747688293457,32.18966723398675
bistro,4,O-T2X-R,170,full,0.754665732383728,6.5553364753723145,39.96485372599682
bistro,4,O-T2X-R,170,chair,4.285600185394287,64.44611358642578,30.038836284548477
bistro,4,O-T2X-R,170,chairs-wide,2.302481174468994,28.303470611572266,33.61240668275095
bistro,6,O-ET2X-R-CurrentEdge-Point,170,full,0.7048897743225098,7.498030662536621,39.381331487696784
bistro,6,O-ET2X-R-CurrentEdge-Point,170,chair,5.653971195220947,112.9288330078125,27.60275520648062
bistro,6,O-ET2X-R-CurrentEdge-Point,170,chairs-wide,2.8518638610839844,44.38158416748047,31.658775608782683
bistro,9,O-ET2X-R-PreviousRawEdge-Point,170,full,0.6986382603645325,7.053910255432129,39.64650430886389
bistro,9,O-ET2X-R-PreviousRawEdge-Point,170,chair,5.554835319519043,109.49114990234375,27.737013440105677
bistro,9,O-ET2X-R-PreviousRawEdge-Point,170,chairs-wide,2.8066587448120117,42.8421516418457,31.81209086786638
bistro,10,ABL-ET2X-R-PreviousRawEdge-BilinearRGB,170,full,0.6763589382171631,6.071634292602539,40.29774755669516
bistro,10,ABL-ET2X-R-PreviousRawEdge-BilinearRGB,170,chair,5.401396751403809,103.6912841796875,27.973381077744076
bistro,10,ABL-ET2X-R-PreviousRawEdge-BilinearRGB,170,chairs-wide,2.7114439010620117,39.57765579223633,32.15630293752617
bistro,4,O-T2X-R,171,full,0.7479942440986633,6.101452827453613,40.276471029356
bistro,4,O-T2X-R,171,chair,4.269560813903809,63.966590881347656,30.071271553882973
bistro,4,O-T2X-R,171,chairs-wide,2.2461841106414795,26.58002471923828,33.88524980370159
bistro,6,O-ET2X-R-CurrentEdge-Point,171,full,0.6919350028038025,6.579593181610107,39.948813189931364
bistro,6,O-ET2X-R-CurrentEdge-Point,171,chair,5.546904563903809,109.56998443603516,27.733887609086217
bistro,6,O-ET2X-R-CurrentEdge-Point,171,chairs-wide,2.803487777709961,42.01620864868164,31.8966349978616
bistro,9,O-ET2X-R-PreviousRawEdge-Point,171,full,0.6889016628265381,6.3546247482299805,40.099904510738355
bistro,9,O-ET2X-R-PreviousRawEdge-Point,171,chair,5.461233615875244,106.13583374023438,27.872183250508836
bistro,9,O-ET2X-R-PreviousRawEdge-Point,171,chairs-wide,2.7595908641815186,40.4222297668457,32.06460094520693
bistro,10,ABL-ET2X-R-PreviousRawEdge-BilinearRGB,171,full,0.6671467423439026,5.6078619956970215,40.642830433637876
bistro,10,ABL-ET2X-R-PreviousRawEdge-BilinearRGB,171,chair,5.305841445922852,100.2781982421875,28.118738387379484
bistro,10,ABL-ET2X-R-PreviousRawEdge-BilinearRGB,171,chairs-wide,2.659010887145996,37.236942291259766,32.421063491534966
bistro,4,O-T2X-R,172,full,0.7469486594200134,6.299474239349365,40.1377605656951
bistro,4,O-T2X-R,172,chair,4.271395683288574,66.34271240234375,29.912871373189127
bistro,4,O-T2X-R,172,chairs-wide,2.236159324645996,27.150005340576172,33.793104415145905
bistro,6,O-ET2X-R-CurrentEdge-Point,172,full,0.6952244639396667,6.634754180908203,39.9125552407481
bistro,6,O-ET2X-R-CurrentEdge-Point,172,chair,5.50449800491333,108.2781753540039,27.785394322064967
bistro,6,O-ET2X-R-CurrentEdge-Point,172,chairs-wide,2.8188838958740234,42.839595794677734,31.812349963964483
bistro,9,O-ET2X-R-PreviousRawEdge-Point,172,full,0.6866363883018494,6.157608985900879,40.23668253542887
bistro,9,O-ET2X-R-PreviousRawEdge-Point,172,chair,5.4019293785095215,104.72502136230469,27.930299032452037
bistro,9,O-ET2X-R-PreviousRawEdge-Point,172,chairs-wide,2.7397701740264893,40.028194427490234,32.1071436026725
bistro,10,ABL-ET2X-R-PreviousRawEdge-BilinearRGB,172,full,0.6642760634422302,5.351350784301758,40.84616940692876
bistro,10,ABL-ET2X-R-PreviousRawEdge-BilinearRGB,172,chair,5.225260257720947,98.36156463623047,28.202549324291635
bistro,10,ABL-ET2X-R-PreviousRawEdge-BilinearRGB,172,chairs-wide,2.608844518661499,36.144290924072266,32.550406516571954
bistro,4,O-T2X-R,173,full,0.7469890713691711,6.086236953735352,40.2873150425285
bistro,4,O-T2X-R,173,chair,4.246064186096191,64.51524353027344,30.034180198928063
bistro,4,O-T2X-R,173,chairs-wide,2.284987449645996,27.262876510620117,33.77508684468936
bistro,6,O-ET2X-R-CurrentEdge-Point,173,full,0.6934967041015625,6.488980293273926,40.00903905638943
bistro,6,O-ET2X-R-CurrentEdge-Point,173,chair,5.489494323730469,108.14905548095703,27.790576299841515
bistro,6,O-ET2X-R-CurrentEdge-Point,173,chairs-wide,2.846468687057495,42.95009231567383,31.801162592397727
bistro,9,O-ET2X-R-PreviousRawEdge-Point,173,full,0.6862675547599792,5.990284442901611,40.35632915932749
bistro,9,O-ET2X-R-PreviousRawEdge-Point,173,chair,5.386482238769531,104.3274154663086,27.946819122572762
bistro,9,O-ET2X-R-PreviousRawEdge-Point,173,chairs-wide,2.7711167335510254,40.5482063293457,32.051087131344616
bistro,10,ABL-ET2X-R-PreviousRawEdge-BilinearRGB,173,full,0.6663487553596497,5.350371360778809,40.84696434110269
bistro,10,ABL-ET2X-R-PreviousRawEdge-BilinearRGB,173,chair,5.227686882019043,98.81546020507812,28.182554632794265
bistro,10,ABL-ET2X-R-PreviousRawEdge-BilinearRGB,173,chairs-wide,2.664170980453491,37.1942024230957,32.42605110552701
bistro,4,O-T2X-R,174,full,0.7496997117996216,6.39992094039917,40.069057517840946
bistro,4,O-T2X-R,174,chair,4.184747695922852,64.10869598388672,30.061634177505493
bistro,4,O-T2X-R,174,chairs-wide,2.2392215728759766,27.084659576416016,33.80356979501571
bistro,6,O-ET2X-R-CurrentEdge-Point,174,full,0.6933164000511169,6.577047348022461,39.95049392520762
bistro,6,O-ET2X-R-CurrentEdge-Point,174,chair,5.379823684692383,105.39977264404297,27.90240686799201
bistro,6,O-ET2X-R-CurrentEdge-Point,174,chairs-wide,2.7918052673339844,41.527591705322266,31.94743614911325
bistro,9,O-ET2X-R-PreviousRawEdge-Point,174,full,0.6881821751594543,6.20747709274292,40.2016523530159
bistro,9,O-ET2X-R-PreviousRawEdge-Point,174,chair,5.269590377807617,100.48082733154297,28.109971585985495
bistro,9,O-ET2X-R-PreviousRawEdge-Point,174,chairs-wide,2.7313127517700195,39.139312744140625,32.20467165351953
bistro,10,ABL-ET2X-R-PreviousRawEdge-BilinearRGB,174,full,0.6689699292182922,5.593449592590332,40.65400632236299
bistro,10,ABL-ET2X-R-PreviousRawEdge-BilinearRGB,174,chair,5.103515625,94.70140838623047,28.367239230492196
bistro,10,ABL-ET2X-R-PreviousRawEdge-BilinearRGB,174,chairs-wide,2.627471446990967,35.99616622924805,32.568241121601766
bistro,4,O-T2X-R,175,full,0.7445748448371887,6.009449481964111,40.34245672208942
bistro,4,O-T2X-R,175,chair,4.171963691711426,62.9622688293457,30.139999915437166
bistro,4,O-T2X-R,175,chairs-wide,2.2641963958740234,26.794578552246094,33.85033430384841
bistro,6,O-ET2X-R-CurrentEdge-Point,175,full,0.690864086151123,6.732746124267578,39.848881222960614
bistro,6,O-ET2X-R-CurrentEdge-Point,175,chair,5.441169738769531,107.97549438476562,27.79755159650258
bistro,6,O-ET2X-R-CurrentEdge-Point,175,chairs-wide,2.8728721141815186,45.033714294433594,31.595425926513187
bistro,9,O-ET2X-R-PreviousRawEdge-Point,175,full,0.6806917190551758,6.145814418792725,40.24500918860848
bistro,9,O-ET2X-R-PreviousRawEdge-Point,175,chair,5.315962314605713,102.64805603027344,28.017296318404963
bistro,9,O-ET2X-R-PreviousRawEdge-Point,175,chairs-wide,2.7379255294799805,38.9585075378418,32.22478049737691
bistro,10,ABL-ET2X-R-PreviousRawEdge-BilinearRGB,175,full,0.6617212891578674,5.529751300811768,40.7037476141021
bistro,10,ABL-ET2X-R-PreviousRawEdge-BilinearRGB,175,chair,5.176284313201904,96.83626556396484,28.27042328097342
bistro,10,ABL-ET2X-R-PreviousRawEdge-BilinearRGB,175,chairs-wide,2.6457066535949707,36.05294418334961,32.56139624673148
bistro,4,O-T2X-R,176,full,0.7540338039398193,6.573750972747803,39.95267112781864
bistro,4,O-T2X-R,176,chair,4.1672587394714355,64.1067123413086,30.0617685583942
bistro,4,O-T2X-R,176,chairs-wide,2.3281853199005127,29.48350715637207,33.43501217906646
bistro,6,O-ET2X-R-CurrentEdge-Point,176,full,0.7022377848625183,7.378866672515869,39.450906976450305
bistro,6,O-ET2X-R-CurrentEdge-Point,176,chair,5.469371318817139,110.70989990234375,27.6889390276498
bistro,6,O-ET2X-R-CurrentEdge-Point,176,chairs-wide,2.8430988788604736,44.01486587524414,31.694809780819547
bistro,9,O-ET2X-R-PreviousRawEdge-Point,176,full,0.6921982765197754,6.608353614807129,39.929870867174316
bistro,9,O-ET2X-R-PreviousRawEdge-Point,176,chair,5.376331806182861,106.50251770019531,27.857204863290445
bistro,9,O-ET2X-R-PreviousRawEdge-Point,176,chairs-wide,2.792287588119507,42.02877426147461,31.895336365593636
bistro,10,ABL-ET2X-R-PreviousRawEdge-BilinearRGB,176,full,0.6736598610877991,5.92820405960083,40.40157216430826
bistro,10,ABL-ET2X-R-PreviousRawEdge-BilinearRGB,176,chair,5.206498622894287,99.83486938476562,28.13798106790166
bistro,10,ABL-ET2X-R-PreviousRawEdge-BilinearRGB,176,chairs-wide,2.700406312942505,38.975650787353516,32.22286985409933
bistro,4,O-T2X-R,177,full,0.7451143264770508,5.984697341918945,40.36038168708289
bistro,4,O-T2X-R,177,chair,4.12227725982666,61.33570098876953,30.253670277979626
bistro,4,O-T2X-R,177,chairs-wide,2.278669834136963,26.752424240112305,33.85717218009747
bistro,6,O-ET2X-R-CurrentEdge-Point,177,full,0.6870364546775818,6.1645121574401855,40.231816474487054
bistro,6,O-ET2X-R-CurrentEdge-Point,177,chair,5.612926006317139,118.17625427246094,27.405501404517246
bistro,6,O-ET2X-R-CurrentEdge-Point,177,chairs-wide,2.8935606479644775,46.184539794921875,31.485837404076072
bistro,9,O-ET2X-R-PreviousRawEdge-Point,177,full,0.6782436370849609,5.787962913513184,40.505546211624754
bistro,9,O-ET2X-R-PreviousRawEdge-Point,177,chair,5.48360538482666,111.86150360107422,27.643997082101993
bistro,9,O-ET2X-R-PreviousRawEdge-Point,177,chairs-wide,2.806303024291992,42.320735931396484,31.865271496629543
bistro,10,ABL-ET2X-R-PreviousRawEdge-BilinearRGB,177,full,0.6618489027023315,5.3115620613098145,40.87858100644454
bistro,10,ABL-ET2X-R-PreviousRawEdge-BilinearRGB,177,chair,5.330965995788574,105.44288635253906,27.900630752471145
bistro,10,ABL-ET2X-R-PreviousRawEdge-BilinearRGB,177,chairs-wide,2.694028615951538,38.84928894042969,32.23697286561704
bistro,4,O-T2X-R,178,full,0.748583972454071,6.4860758781433105,40.01098335854703
bistro,4,O-T2X-R,178,chair,4.097478866577148,63.00733947753906,30.136892192089526
bistro,4,O-T2X-R,178,chairs-wide,2.259584665298462,27.816852569580078,33.68772372127501
bistro,6,O-ET2X-R-CurrentEdge-Point,178,full,0.6947260499000549,7.151939868927002,39.58656506464693
bistro,6,O-ET2X-R-CurrentEdge-Point,178,chair,5.6337890625,121.95238494873047,27.26890062901677
bistro,6,O-ET2X-R-CurrentEdge-Point,178,chairs-wide,2.9057676792144775,46.73834228515625,31.43407056088904
bistro,9,O-ET2X-R-PreviousRawEdge-Point,178,full,0.6858422756195068,6.398209095001221,40.070219320405194
bistro,9,O-ET2X-R-PreviousRawEdge-Point,178,chair,5.5015387535095215,116.17092895507812,27.479828986825638
bistro,9,O-ET2X-R-PreviousRawEdge-Point,178,chairs-wide,2.8163821697235107,43.46638870239258,31.749268014632143
bistro,10,ABL-ET2X-R-PreviousRawEdge-BilinearRGB,178,full,0.6662675738334656,5.612811088562012,40.6389993553328
bistro,10,ABL-ET2X-R-PreviousRawEdge-BilinearRGB,178,chair,5.31211519241333,108.85372161865234,27.762370790680638
bistro,10,ABL-ET2X-R-PreviousRawEdge-BilinearRGB,178,chairs-wide,2.6975550651550293,39.899776458740234,32.12109898339246
bistro,4,O-T2X-R,179,full,0.7510995864868164,6.613253116607666,39.92665215595915
bistro,4,O-T2X-R,179,chair,4.119377136230469,62.783203125,30.15236891746231
bistro,4,O-T2X-R,179,chairs-wide,2.3045246601104736,27.73861312866211,33.69995617383205
bistro,6,O-ET2X-R-CurrentEdge-Point,179,full,0.6978884935379028,7.012123107910156,39.67230828714732
bistro,6,O-ET2X-R-CurrentEdge-Point,179,chair,5.713926315307617,127.84537506103516,27.06395339274445
bistro,6,O-ET2X-R-CurrentEdge-Point,179,chairs-wide,2.938307762145996,49.04325866699219,31.225010418111605
bistro,9,O-ET2X-R-PreviousRawEdge-Point,179,full,0.6899024248123169,6.437539100646973,40.043604809711056
bistro,9,O-ET2X-R-PreviousRawEdge-Point,179,chair,5.592240810394287,122.3211669921875,27.255787451032
bistro,9,O-ET2X-R-PreviousRawEdge-Point,179,chairs-wide,2.848620653152466,44.86258316040039,31.611960844874496
bistro,10,ABL-ET2X-R-PreviousRawEdge-BilinearRGB,179,full,0.6697324514389038,5.788446426391602,40.505183427329584
bistro,10,ABL-ET2X-R-PreviousRawEdge-BilinearRGB,179,chair,5.421904563903809,115.2589111328125,27.514058484444085
bistro,10,ABL-ET2X-R-PreviousRawEdge-BilinearRGB,179,chairs-wide,2.7440683841705322,41.376182556152344,31.96329941509579
bistro,4,O-T2X-R,180,full,0.7455371618270874,6.412137985229492,40.06077501337556
bistro,4,O-T2X-R,180,chair,4.069632053375244,61.97783660888672,30.208439481324486
bistro,4,O-T2X-R,180,chairs-wide,2.2873504161834717,27.959863662719727,33.66545311486429
bistro,6,O-ET2X-R-CurrentEdge-Point,180,full,0.6986986398696899,7.04381799697876,39.65272235027666
bistro,6,O-ET2X-R-CurrentEdge-Point,180,chair,5.723721504211426,127.958984375,27.060095764868166
bistro,6,O-ET2X-R-CurrentEdge-Point,180,chairs-wide,2.977315902709961,49.7103271484375,31.166337395858083
bistro,9,O-ET2X-R-PreviousRawEdge-Point,180,full,0.6954551935195923,6.723828315734863,39.854637451071525
bistro,9,O-ET2X-R-PreviousRawEdge-Point,180,chair,5.631332874298096,123.60357666015625,27.210493229525294
bistro,9,O-ET2X-R-PreviousRawEdge-Point,180,chairs-wide,2.922278881072998,47.70093536376953,31.345534656990573
bistro,10,ABL-ET2X-R-PreviousRawEdge-BilinearRGB,180,full,0.6743904948234558,5.998344898223877,40.35048927272168
bistro,10,ABL-ET2X-R-PreviousRawEdge-BilinearRGB,180,chair,5.443063259124756,116.79853057861328,27.45642981838226
bistro,10,ABL-ET2X-R-PreviousRawEdge-BilinearRGB,180,chairs-wide,2.8203909397125244,44.18111801147461,31.678436592901527
bistro,4,O-T2X-R,181,full,0.8801037669181824,6.7488322257995605,39.838517290393284
bistro,4,O-T2X-R,181,chair,4.322088241577148,68.43524932861328,29.778005070178235
bistro,4,O-T2X-R,181,chairs-wide,2.3762779235839844,29.47515106201172,33.436243213084175
bistro,6,O-ET2X-R-CurrentEdge-Point,181,full,0.709230363368988,7.760622024536133,39.23183828914201
bistro,6,O-ET2X-R-CurrentEdge-Point,181,chair,5.882753372192383,134.71194458007812,26.836742556035006
bistro,6,O-ET2X-R-CurrentEdge-Point,181,chairs-wide,3.0797345638275146,53.340972900390625,30.8601942822763
bistro,9,O-ET2X-R-PreviousRawEdge-Point,181,full,0.709230363368988,7.760622024536133,39.23183828914201
bistro,9,O-ET2X-R-PreviousRawEdge-Point,181,chair,5.882753372192383,134.71194458007812,26.836742556035006
bistro,9,O-ET2X-R-PreviousRawEdge-Point,181,chairs-wide,3.0797345638275146,53.340972900390625,30.8601942822763
bistro,10,ABL-ET2X-R-PreviousRawEdge-BilinearRGB,181,full,0.709230363368988,7.760622024536133,39.23183828914201
bistro,10,ABL-ET2X-R-PreviousRawEdge-BilinearRGB,181,chair,5.882753372192383,134.71194458007812,26.836742556035006
bistro,10,ABL-ET2X-R-PreviousRawEdge-BilinearRGB,181,chairs-wide,3.0797345638275146,53.340972900390625,30.8601942822763
bistro,4,O-T2X-R,182,full,0.5828254222869873,4.2331342697143555,41.86418316898691
bistro,4,O-T2X-R,182,chair,3.896780252456665,56.82368469238281,30.58550969043736
bistro,4,O-T2X-R,182,chairs-wide,2.071668863296509,24.123632431030273,34.306376583128774
bistro,6,O-ET2X-R-CurrentEdge-Point,182,full,0.7092301845550537,7.760621070861816,39.23183882283057
bistro,6,O-ET2X-R-CurrentEdge-Point,182,chair,5.882753372192383,134.71194458007812,26.836742556035006
bistro,6,O-ET2X-R-CurrentEdge-Point,182,chairs-wide,3.0797345638275146,53.340972900390625,30.8601942822763
bistro,9,O-ET2X-R-PreviousRawEdge-Point,182,full,0.7092301845550537,7.760621070861816,39.23183882283057
bistro,9,O-ET2X-R-PreviousRawEdge-Point,182,chair,5.882753372192383,134.71194458007812,26.836742556035006
bistro,9,O-ET2X-R-PreviousRawEdge-Point,182,chairs-wide,3.0797345638275146,53.340972900390625,30.8601942822763
bistro,10,ABL-ET2X-R-PreviousRawEdge-BilinearRGB,182,full,0.7092301845550537,7.760621070861816,39.23183882283057
bistro,10,ABL-ET2X-R-PreviousRawEdge-BilinearRGB,182,chair,5.882753372192383,134.71194458007812,26.836742556035006
bistro,10,ABL-ET2X-R-PreviousRawEdge-BilinearRGB,182,chairs-wide,3.0797345638275146,53.340972900390625,30.8601942822763
bistro,4,O-T2X-R,183,full,0.582825779914856,4.233135223388672,41.8641821905737
bistro,4,O-T2X-R,183,chair,3.896780252456665,56.82368469238281,30.58550969043736
bistro,4,O-T2X-R,183,chairs-wide,2.071668863296509,24.123632431030273,34.306376583128774
bistro,6,O-ET2X-R-CurrentEdge-Point,183,full,0.7092298865318298,7.760619640350342,39.231839623363534
bistro,6,O-ET2X-R-CurrentEdge-Point,183,chair,5.882753372192383,134.71194458007812,26.836742556035006
bistro,6,O-ET2X-R-CurrentEdge-Point,183,chairs-wide,3.0797345638275146,53.340972900390625,30.8601942822763
bistro,9,O-ET2X-R-PreviousRawEdge-Point,183,full,0.7092298865318298,7.760619640350342,39.231839623363534
bistro,9,O-ET2X-R-PreviousRawEdge-Point,183,chair,5.882753372192383,134.71194458007812,26.836742556035006
bistro,9,O-ET2X-R-PreviousRawEdge-Point,183,chairs-wide,3.0797345638275146,53.340972900390625,30.8601942822763
bistro,10,ABL-ET2X-R-PreviousRawEdge-BilinearRGB,183,full,0.7092298865318298,7.760619640350342,39.231839623363534
bistro,10,ABL-ET2X-R-PreviousRawEdge-BilinearRGB,183,chair,5.882753372192383,134.71194458007812,26.836742556035006
bistro,10,ABL-ET2X-R-PreviousRawEdge-BilinearRGB,183,chairs-wide,3.0797345638275146,53.340972900390625,30.8601942822763
bistro,4,O-T2X-R,184,full,0.5828254222869873,4.2331342697143555,41.86418316898691
bistro,4,O-T2X-R,184,chair,3.896780252456665,56.82368469238281,30.58550969043736
bistro,4,O-T2X-R,184,chairs-wide,2.071668863296509,24.123632431030273,34.306376583128774
bistro,6,O-ET2X-R-CurrentEdge-Point,184,full,0.7092301845550537,7.760621070861816,39.23183882283057
bistro,6,O-ET2X-R-CurrentEdge-Point,184,chair,5.882753372192383,134.71194458007812,26.836742556035006
bistro,6,O-ET2X-R-CurrentEdge-Point,184,chairs-wide,3.0797345638275146,53.340972900390625,30.8601942822763
bistro,9,O-ET2X-R-PreviousRawEdge-Point,184,full,0.7092301845550537,7.760621070861816,39.23183882283057
bistro,9,O-ET2X-R-PreviousRawEdge-Point,184,chair,5.882753372192383,134.71194458007812,26.836742556035006
bistro,9,O-ET2X-R-PreviousRawEdge-Point,184,chairs-wide,3.0797345638275146,53.340972900390625,30.8601942822763
bistro,10,ABL-ET2X-R-PreviousRawEdge-BilinearRGB,184,full,0.7092301845550537,7.760621070861816,39.23183882283057
bistro,10,ABL-ET2X-R-PreviousRawEdge-BilinearRGB,184,chair,5.882753372192383,134.71194458007812,26.836742556035006
bistro,10,ABL-ET2X-R-PreviousRawEdge-BilinearRGB,184,chairs-wide,3.0797345638275146,53.340972900390625,30.8601942822763
bistro,4,O-T2X-R,185,full,0.5828254222869873,4.2331342697143555,41.86418316898691
bistro,4,O-T2X-R,185,chair,3.896780252456665,56.82368469238281,30.58550969043736
bistro,4,O-T2X-R,185,chairs-wide,2.071668863296509,24.123632431030273,34.306376583128774
bistro,6,O-ET2X-R-CurrentEdge-Point,185,full,0.7092301845550537,7.760621070861816,39.23183882283057
bistro,6,O-ET2X-R-CurrentEdge-Point,185,chair,5.882753372192383,134.71194458007812,26.836742556035006
bistro,6,O-ET2X-R-CurrentEdge-Point,185,chairs-wide,3.0797345638275146,53.340972900390625,30.8601942822763
bistro,9,O-ET2X-R-PreviousRawEdge-Point,185,full,0.7092301845550537,7.760621070861816,39.23183882283057
bistro,9,O-ET2X-R-PreviousRawEdge-Point,185,chair,5.882753372192383,134.71194458007812,26.836742556035006
bistro,9,O-ET2X-R-PreviousRawEdge-Point,185,chairs-wide,3.0797345638275146,53.340972900390625,30.8601942822763
bistro,10,ABL-ET2X-R-PreviousRawEdge-BilinearRGB,185,full,0.7092301845550537,7.760621070861816,39.23183882283057
bistro,10,ABL-ET2X-R-PreviousRawEdge-BilinearRGB,185,chair,5.882753372192383,134.71194458007812,26.836742556035006
bistro,10,ABL-ET2X-R-PreviousRawEdge-BilinearRGB,185,chairs-wide,3.0797345638275146,53.340972900390625,30.8601942822763
bistro,4,O-T2X-R,186,full,0.5828260779380798,4.233134746551514,41.86418267978028
bistro,4,O-T2X-R,186,chair,3.896780252456665,56.82368469238281,30.58550969043736
bistro,4,O-T2X-R,186,chairs-wide,2.071668863296509,24.123632431030273,34.306376583128774
bistro,6,O-ET2X-R-CurrentEdge-Point,186,full,0.7092308402061462,7.760622024536133,39.23183828914201
bistro,6,O-ET2X-R-CurrentEdge-Point,186,chair,5.882753372192383,134.71194458007812,26.836742556035006
bistro,6,O-ET2X-R-CurrentEdge-Point,186,chairs-wide,3.0797345638275146,53.340972900390625,30.8601942822763
bistro,9,O-ET2X-R-PreviousRawEdge-Point,186,full,0.7092308402061462,7.760622024536133,39.23183828914201
bistro,9,O-ET2X-R-PreviousRawEdge-Point,186,chair,5.882753372192383,134.71194458007812,26.836742556035006
bistro,9,O-ET2X-R-PreviousRawEdge-Point,186,chairs-wide,3.0797345638275146,53.340972900390625,30.8601942822763
bistro,10,ABL-ET2X-R-PreviousRawEdge-BilinearRGB,186,full,0.7092308402061462,7.760622024536133,39.23183828914201
bistro,10,ABL-ET2X-R-PreviousRawEdge-BilinearRGB,186,chair,5.882753372192383,134.71194458007812,26.836742556035006
bistro,10,ABL-ET2X-R-PreviousRawEdge-BilinearRGB,186,chairs-wide,3.0797345638275146,53.340972900390625,30.8601942822763
bistro,4,O-T2X-R,187,full,0.5828254222869873,4.2331342697143555,41.86418316898691
bistro,4,O-T2X-R,187,chair,3.896780252456665,56.82368469238281,30.58550969043736
bistro,4,O-T2X-R,187,chairs-wide,2.071668863296509,24.123632431030273,34.306376583128774
bistro,6,O-ET2X-R-CurrentEdge-Point,187,full,0.7092301845550537,7.760621070861816,39.23183882283057
bistro,6,O-ET2X-R-CurrentEdge-Point,187,chair,5.882753372192383,134.71194458007812,26.836742556035006
bistro,6,O-ET2X-R-CurrentEdge-Point,187,chairs-wide,3.0797345638275146,53.340972900390625,30.8601942822763
bistro,9,O-ET2X-R-PreviousRawEdge-Point,187,full,0.7092301845550537,7.760621070861816,39.23183882283057
bistro,9,O-ET2X-R-PreviousRawEdge-Point,187,chair,5.882753372192383,134.71194458007812,26.836742556035006
bistro,9,O-ET2X-R-PreviousRawEdge-Point,187,chairs-wide,3.0797345638275146,53.340972900390625,30.8601942822763
bistro,10,ABL-ET2X-R-PreviousRawEdge-BilinearRGB,187,full,0.7092301845550537,7.760621070861816,39.23183882283057
bistro,10,ABL-ET2X-R-PreviousRawEdge-BilinearRGB,187,chair,5.882753372192383,134.71194458007812,26.836742556035006
bistro,10,ABL-ET2X-R-PreviousRawEdge-BilinearRGB,187,chairs-wide,3.0797345638275146,53.340972900390625,30.8601942822763
bistro,4,O-T2X-R,188,full,0.582825779914856,4.2331342697143555,41.86418316898691
bistro,4,O-T2X-R,188,chair,3.896780252456665,56.82368469238281,30.58550969043736
bistro,4,O-T2X-R,188,chairs-wide,2.071668863296509,24.123632431030273,34.306376583128774
bistro,6,O-ET2X-R-CurrentEdge-Point,188,full,0.7092305421829224,7.760621070861816,39.23183882283057
bistro,6,O-ET2X-R-CurrentEdge-Point,188,chair,5.882753372192383,134.71194458007812,26.836742556035006
bistro,6,O-ET2X-R-CurrentEdge-Point,188,chairs-wide,3.0797345638275146,53.340972900390625,30.8601942822763
bistro,9,O-ET2X-R-PreviousRawEdge-Point,188,full,0.7092305421829224,7.760621070861816,39.23183882283057
bistro,9,O-ET2X-R-PreviousRawEdge-Point,188,chair,5.882753372192383,134.71194458007812,26.836742556035006
bistro,9,O-ET2X-R-PreviousRawEdge-Point,188,chairs-wide,3.0797345638275146,53.340972900390625,30.8601942822763
bistro,10,ABL-ET2X-R-PreviousRawEdge-BilinearRGB,188,full,0.7092305421829224,7.760621070861816,39.23183882283057
bistro,10,ABL-ET2X-R-PreviousRawEdge-BilinearRGB,188,chair,5.882753372192383,134.71194458007812,26.836742556035006
bistro,10,ABL-ET2X-R-PreviousRawEdge-BilinearRGB,188,chairs-wide,3.0797345638275146,53.340972900390625,30.8601942822763
bistro,4,O-T2X-R,189,full,0.582825779914856,4.233134746551514,41.86418267978028
bistro,4,O-T2X-R,189,chair,3.896780252456665,56.82368469238281,30.58550969043736
bistro,4,O-T2X-R,189,chairs-wide,2.071668863296509,24.123632431030273,34.306376583128774
bistro,6,O-ET2X-R-CurrentEdge-Point,189,full,0.7092301845550537,7.760621070861816,39.23183882283057
bistro,6,O-ET2X-R-CurrentEdge-Point,189,chair,5.882753372192383,134.71194458007812,26.836742556035006
bistro,6,O-ET2X-R-CurrentEdge-Point,189,chairs-wide,3.0797345638275146,53.340972900390625,30.8601942822763
bistro,9,O-ET2X-R-PreviousRawEdge-Point,189,full,0.7092301845550537,7.760621070861816,39.23183882283057
bistro,9,O-ET2X-R-PreviousRawEdge-Point,189,chair,5.882753372192383,134.71194458007812,26.836742556035006
bistro,9,O-ET2X-R-PreviousRawEdge-Point,189,chairs-wide,3.0797345638275146,53.340972900390625,30.8601942822763
bistro,10,ABL-ET2X-R-PreviousRawEdge-BilinearRGB,189,full,0.7092301845550537,7.760621070861816,39.23183882283057
bistro,10,ABL-ET2X-R-PreviousRawEdge-BilinearRGB,189,chair,5.882753372192383,134.71194458007812,26.836742556035006
bistro,10,ABL-ET2X-R-PreviousRawEdge-BilinearRGB,189,chairs-wide,3.0797345638275146,53.340972900390625,30.8601942822763
bistro,4,O-T2X-R,190,full,0.5828254222869873,4.2331342697143555,41.86418316898691
bistro,4,O-T2X-R,190,chair,3.896780252456665,56.82368469238281,30.58550969043736
bistro,4,O-T2X-R,190,chairs-wide,2.071668863296509,24.123632431030273,34.306376583128774
bistro,6,O-ET2X-R-CurrentEdge-Point,190,full,0.7092305421829224,7.760621070861816,39.23183882283057
bistro,6,O-ET2X-R-CurrentEdge-Point,190,chair,5.882753372192383,134.71194458007812,26.836742556035006
bistro,6,O-ET2X-R-CurrentEdge-Point,190,chairs-wide,3.0797345638275146,53.340972900390625,30.8601942822763
bistro,9,O-ET2X-R-PreviousRawEdge-Point,190,full,0.7092305421829224,7.760621070861816,39.23183882283057
bistro,9,O-ET2X-R-PreviousRawEdge-Point,190,chair,5.882753372192383,134.71194458007812,26.836742556035006
bistro,9,O-ET2X-R-PreviousRawEdge-Point,190,chairs-wide,3.0797345638275146,53.340972900390625,30.8601942822763
bistro,10,ABL-ET2X-R-PreviousRawEdge-BilinearRGB,190,full,0.7092305421829224,7.760621070861816,39.23183882283057
bistro,10,ABL-ET2X-R-PreviousRawEdge-BilinearRGB,190,chair,5.882753372192383,134.71194458007812,26.836742556035006
bistro,10,ABL-ET2X-R-PreviousRawEdge-BilinearRGB,190,chairs-wide,3.0797345638275146,53.340972900390625,30.8601942822763
bistro,4,O-T2X-R,191,full,0.5828254222869873,4.2331342697143555,41.86418316898691
bistro,4,O-T2X-R,191,chair,3.896780252456665,56.82368469238281,30.58550969043736
bistro,4,O-T2X-R,191,chairs-wide,2.071668863296509,24.123632431030273,34.306376583128774
bistro,6,O-ET2X-R-CurrentEdge-Point,191,full,0.7092301845550537,7.760621070861816,39.23183882283057
bistro,6,O-ET2X-R-CurrentEdge-Point,191,chair,5.882753372192383,134.71194458007812,26.836742556035006
bistro,6,O-ET2X-R-CurrentEdge-Point,191,chairs-wide,3.0797345638275146,53.340972900390625,30.8601942822763
bistro,9,O-ET2X-R-PreviousRawEdge-Point,191,full,0.7092301845550537,7.760621070861816,39.23183882283057
bistro,9,O-ET2X-R-PreviousRawEdge-Point,191,chair,5.882753372192383,134.71194458007812,26.836742556035006
bistro,9,O-ET2X-R-PreviousRawEdge-Point,191,chairs-wide,3.0797345638275146,53.340972900390625,30.8601942822763
bistro,10,ABL-ET2X-R-PreviousRawEdge-BilinearRGB,191,full,0.7092301845550537,7.760621070861816,39.23183882283057
bistro,10,ABL-ET2X-R-PreviousRawEdge-BilinearRGB,191,chair,5.882753372192383,134.71194458007812,26.836742556035006
bistro,10,ABL-ET2X-R-PreviousRawEdge-BilinearRGB,191,chairs-wide,3.0797345638275146,53.340972900390625,30.8601942822763
bistro,4,O-T2X-R,192,full,0.582825779914856,4.2331342697143555,41.86418316898691
bistro,4,O-T2X-R,192,chair,3.896780252456665,56.82368469238281,30.58550969043736
bistro,4,O-T2X-R,192,chairs-wide,2.071668863296509,24.123632431030273,34.306376583128774
bistro,6,O-ET2X-R-CurrentEdge-Point,192,full,0.7092305421829224,7.760621070861816,39.23183882283057
bistro,6,O-ET2X-R-CurrentEdge-Point,192,chair,5.882753372192383,134.71194458007812,26.836742556035006
bistro,6,O-ET2X-R-CurrentEdge-Point,192,chairs-wide,3.0797345638275146,53.340972900390625,30.8601942822763
bistro,9,O-ET2X-R-PreviousRawEdge-Point,192,full,0.7092305421829224,7.760621070861816,39.23183882283057
bistro,9,O-ET2X-R-PreviousRawEdge-Point,192,chair,5.882753372192383,134.71194458007812,26.836742556035006
bistro,9,O-ET2X-R-PreviousRawEdge-Point,192,chairs-wide,3.0797345638275146,53.340972900390625,30.8601942822763
bistro,10,ABL-ET2X-R-PreviousRawEdge-BilinearRGB,192,full,0.7092305421829224,7.760621070861816,39.23183882283057
bistro,10,ABL-ET2X-R-PreviousRawEdge-BilinearRGB,192,chair,5.882753372192383,134.71194458007812,26.836742556035006
bistro,10,ABL-ET2X-R-PreviousRawEdge-BilinearRGB,192,chairs-wide,3.0797345638275146,53.340972900390625,30.8601942822763
bistro,4,O-T2X-R,193,full,0.5828254222869873,4.2331342697143555,41.86418316898691
bistro,4,O-T2X-R,193,chair,3.896780252456665,56.82368469238281,30.58550969043736
bistro,4,O-T2X-R,193,chairs-wide,2.071668863296509,24.123632431030273,34.306376583128774
bistro,6,O-ET2X-R-CurrentEdge-Point,193,full,0.7092301845550537,7.760621070861816,39.23183882283057
bistro,6,O-ET2X-R-CurrentEdge-Point,193,chair,5.882753372192383,134.71194458007812,26.836742556035006
bistro,6,O-ET2X-R-CurrentEdge-Point,193,chairs-wide,3.0797345638275146,53.340972900390625,30.8601942822763
bistro,9,O-ET2X-R-PreviousRawEdge-Point,193,full,0.7092301845550537,7.760621070861816,39.23183882283057
bistro,9,O-ET2X-R-PreviousRawEdge-Point,193,chair,5.882753372192383,134.71194458007812,26.836742556035006
bistro,9,O-ET2X-R-PreviousRawEdge-Point,193,chairs-wide,3.0797345638275146,53.340972900390625,30.8601942822763
bistro,10,ABL-ET2X-R-PreviousRawEdge-BilinearRGB,193,full,0.7092301845550537,7.760621070861816,39.23183882283057
bistro,10,ABL-ET2X-R-PreviousRawEdge-BilinearRGB,193,chair,5.882753372192383,134.71194458007812,26.836742556035006
bistro,10,ABL-ET2X-R-PreviousRawEdge-BilinearRGB,193,chairs-wide,3.0797345638275146,53.340972900390625,30.8601942822763
bistro,4,O-T2X-R,194,full,0.5828256011009216,4.2331342697143555,41.86418316898691
bistro,4,O-T2X-R,194,chair,3.896780252456665,56.82368469238281,30.58550969043736
bistro,4,O-T2X-R,194,chairs-wide,2.071668863296509,24.123632431030273,34.306376583128774
bistro,6,O-ET2X-R-CurrentEdge-Point,194,full,0.709230363368988,7.760621070861816,39.23183882283057
bistro,6,O-ET2X-R-CurrentEdge-Point,194,chair,5.882753372192383,134.71194458007812,26.836742556035006
bistro,6,O-ET2X-R-CurrentEdge-Point,194,chairs-wide,3.0797345638275146,53.340972900390625,30.8601942822763
bistro,9,O-ET2X-R-PreviousRawEdge-Point,194,full,0.709230363368988,7.760621070861816,39.23183882283057
bistro,9,O-ET2X-R-PreviousRawEdge-Point,194,chair,5.882753372192383,134.71194458007812,26.836742556035006
bistro,9,O-ET2X-R-PreviousRawEdge-Point,194,chairs-wide,3.0797345638275146,53.340972900390625,30.8601942822763
bistro,10,ABL-ET2X-R-PreviousRawEdge-BilinearRGB,194,full,0.709230363368988,7.760621070861816,39.23183882283057
bistro,10,ABL-ET2X-R-PreviousRawEdge-BilinearRGB,194,chair,5.882753372192383,134.71194458007812,26.836742556035006
bistro,10,ABL-ET2X-R-PreviousRawEdge-BilinearRGB,194,chairs-wide,3.0797345638275146,53.340972900390625,30.8601942822763
bistro,4,O-T2X-R,195,full,0.5828254222869873,4.2331342697143555,41.86418316898691
bistro,4,O-T2X-R,195,chair,3.896780252456665,56.82368469238281,30.58550969043736
bistro,4,O-T2X-R,195,chairs-wide,2.071668863296509,24.123632431030273,34.306376583128774
bistro,6,O-ET2X-R-CurrentEdge-Point,195,full,0.7092305421829224,7.760621070861816,39.23183882283057
bistro,6,O-ET2X-R-CurrentEdge-Point,195,chair,5.882753372192383,134.71194458007812,26.836742556035006
bistro,6,O-ET2X-R-CurrentEdge-Point,195,chairs-wide,3.0797345638275146,53.340972900390625,30.8601942822763
bistro,9,O-ET2X-R-PreviousRawEdge-Point,195,full,0.7092305421829224,7.760621070861816,39.23183882283057
bistro,9,O-ET2X-R-PreviousRawEdge-Point,195,chair,5.882753372192383,134.71194458007812,26.836742556035006
bistro,9,O-ET2X-R-PreviousRawEdge-Point,195,chairs-wide,3.0797345638275146,53.340972900390625,30.8601942822763
bistro,10,ABL-ET2X-R-PreviousRawEdge-BilinearRGB,195,full,0.7092305421829224,7.760621070861816,39.23183882283057
bistro,10,ABL-ET2X-R-PreviousRawEdge-BilinearRGB,195,chair,5.882753372192383,134.71194458007812,26.836742556035006
bistro,10,ABL-ET2X-R-PreviousRawEdge-BilinearRGB,195,chairs-wide,3.0797345638275146,53.340972900390625,30.8601942822763
bistro,4,O-T2X-R,196,full,0.5828254222869873,4.2331342697143555,41.86418316898691
bistro,4,O-T2X-R,196,chair,3.896780252456665,56.82368469238281,30.58550969043736
bistro,4,O-T2X-R,196,chairs-wide,2.071668863296509,24.123632431030273,34.306376583128774
bistro,6,O-ET2X-R-CurrentEdge-Point,196,full,0.7092301845550537,7.760621070861816,39.23183882283057
bistro,6,O-ET2X-R-CurrentEdge-Point,196,chair,5.882753372192383,134.71194458007812,26.836742556035006
bistro,6,O-ET2X-R-CurrentEdge-Point,196,chairs-wide,3.0797345638275146,53.340972900390625,30.8601942822763
bistro,9,O-ET2X-R-PreviousRawEdge-Point,196,full,0.7092301845550537,7.760621070861816,39.23183882283057
bistro,9,O-ET2X-R-PreviousRawEdge-Point,196,chair,5.882753372192383,134.71194458007812,26.836742556035006
bistro,9,O-ET2X-R-PreviousRawEdge-Point,196,chairs-wide,3.0797345638275146,53.340972900390625,30.8601942822763
bistro,10,ABL-ET2X-R-PreviousRawEdge-BilinearRGB,196,full,0.7092301845550537,7.760621070861816,39.23183882283057
bistro,10,ABL-ET2X-R-PreviousRawEdge-BilinearRGB,196,chair,5.882753372192383,134.71194458007812,26.836742556035006
bistro,10,ABL-ET2X-R-PreviousRawEdge-BilinearRGB,196,chairs-wide,3.0797345638275146,53.340972900390625,30.8601942822763
bistro,4,O-T2X-R,197,full,0.5828254222869873,4.2331342697143555,41.86418316898691
bistro,4,O-T2X-R,197,chair,3.896780252456665,56.82368469238281,30.58550969043736
bistro,4,O-T2X-R,197,chairs-wide,2.071668863296509,24.123632431030273,34.306376583128774
bistro,6,O-ET2X-R-CurrentEdge-Point,197,full,0.7092301845550537,7.760621070861816,39.23183882283057
bistro,6,O-ET2X-R-CurrentEdge-Point,197,chair,5.882753372192383,134.71194458007812,26.836742556035006
bistro,6,O-ET2X-R-CurrentEdge-Point,197,chairs-wide,3.0797345638275146,53.340972900390625,30.8601942822763
bistro,9,O-ET2X-R-PreviousRawEdge-Point,197,full,0.7092301845550537,7.760621070861816,39.23183882283057
bistro,9,O-ET2X-R-PreviousRawEdge-Point,197,chair,5.882753372192383,134.71194458007812,26.836742556035006
bistro,9,O-ET2X-R-PreviousRawEdge-Point,197,chairs-wide,3.0797345638275146,53.340972900390625,30.8601942822763
bistro,10,ABL-ET2X-R-PreviousRawEdge-BilinearRGB,197,full,0.7092301845550537,7.760621070861816,39.23183882283057
bistro,10,ABL-ET2X-R-PreviousRawEdge-BilinearRGB,197,chair,5.882753372192383,134.71194458007812,26.836742556035006
bistro,10,ABL-ET2X-R-PreviousRawEdge-BilinearRGB,197,chairs-wide,3.0797345638275146,53.340972900390625,30.8601942822763
bistro,4,O-T2X-R,198,full,0.582825779914856,4.233135223388672,41.8641821905737
bistro,4,O-T2X-R,198,chair,3.896780252456665,56.82368469238281,30.58550969043736
bistro,4,O-T2X-R,198,chairs-wide,2.071668863296509,24.123632431030273,34.306376583128774
bistro,6,O-ET2X-R-CurrentEdge-Point,198,full,0.7092298865318298,7.760619640350342,39.231839623363534
bistro,6,O-ET2X-R-CurrentEdge-Point,198,chair,5.882753372192383,134.71194458007812,26.836742556035006
bistro,6,O-ET2X-R-CurrentEdge-Point,198,chairs-wide,3.0797345638275146,53.340972900390625,30.8601942822763
bistro,9,O-ET2X-R-PreviousRawEdge-Point,198,full,0.7092298865318298,7.760619640350342,39.231839623363534
bistro,9,O-ET2X-R-PreviousRawEdge-Point,198,chair,5.882753372192383,134.71194458007812,26.836742556035006
bistro,9,O-ET2X-R-PreviousRawEdge-Point,198,chairs-wide,3.0797345638275146,53.340972900390625,30.8601942822763
bistro,10,ABL-ET2X-R-PreviousRawEdge-BilinearRGB,198,full,0.7092298865318298,7.760619640350342,39.231839623363534
bistro,10,ABL-ET2X-R-PreviousRawEdge-BilinearRGB,198,chair,5.882753372192383,134.71194458007812,26.836742556035006
bistro,10,ABL-ET2X-R-PreviousRawEdge-BilinearRGB,198,chairs-wide,3.0797345638275146,53.340972900390625,30.8601942822763
bistro,4,O-T2X-R,199,full,0.5828256011009216,4.2331342697143555,41.86418316898691
bistro,4,O-T2X-R,199,chair,3.896780252456665,56.82368469238281,30.58550969043736
bistro,4,O-T2X-R,199,chairs-wide,2.071668863296509,24.123632431030273,34.306376583128774
bistro,6,O-ET2X-R-CurrentEdge-Point,199,full,0.709230363368988,7.760621070861816,39.23183882283057
bistro,6,O-ET2X-R-CurrentEdge-Point,199,chair,5.882753372192383,134.71194458007812,26.836742556035006
bistro,6,O-ET2X-R-CurrentEdge-Point,199,chairs-wide,3.0797345638275146,53.340972900390625,30.8601942822763
bistro,9,O-ET2X-R-PreviousRawEdge-Point,199,full,0.709230363368988,7.760621070861816,39.23183882283057
bistro,9,O-ET2X-R-PreviousRawEdge-Point,199,chair,5.882753372192383,134.71194458007812,26.836742556035006
bistro,9,O-ET2X-R-PreviousRawEdge-Point,199,chairs-wide,3.0797345638275146,53.340972900390625,30.8601942822763
bistro,10,ABL-ET2X-R-PreviousRawEdge-BilinearRGB,199,full,0.709230363368988,7.760621070861816,39.23183882283057
bistro,10,ABL-ET2X-R-PreviousRawEdge-BilinearRGB,199,chair,5.882753372192383,134.71194458007812,26.836742556035006
bistro,10,ABL-ET2X-R-PreviousRawEdge-BilinearRGB,199,chairs-wide,3.0797345638275146,53.340972900390625,30.8601942822763
bistro,4,O-T2X-R,200,full,0.5828256011009216,4.233134746551514,41.86418267978028
bistro,4,O-T2X-R,200,chair,3.896780252456665,56.82368469238281,30.58550969043736
bistro,4,O-T2X-R,200,chairs-wide,2.071668863296509,24.123632431030273,34.306376583128774
bistro,6,O-ET2X-R-CurrentEdge-Point,200,full,0.7092300057411194,7.760621070861816,39.23183882283057
bistro,6,O-ET2X-R-CurrentEdge-Point,200,chair,5.882753372192383,134.71194458007812,26.836742556035006
bistro,6,O-ET2X-R-CurrentEdge-Point,200,chairs-wide,3.0797345638275146,53.340972900390625,30.8601942822763
bistro,9,O-ET2X-R-PreviousRawEdge-Point,200,full,0.7092300057411194,7.760621070861816,39.23183882283057
bistro,9,O-ET2X-R-PreviousRawEdge-Point,200,chair,5.882753372192383,134.71194458007812,26.836742556035006
bistro,9,O-ET2X-R-PreviousRawEdge-Point,200,chairs-wide,3.0797345638275146,53.340972900390625,30.8601942822763
bistro,10,ABL-ET2X-R-PreviousRawEdge-BilinearRGB,200,full,0.7092300057411194,7.760621070861816,39.23183882283057
bistro,10,ABL-ET2X-R-PreviousRawEdge-BilinearRGB,200,chair,5.882753372192383,134.71194458007812,26.836742556035006
bistro,10,ABL-ET2X-R-PreviousRawEdge-BilinearRGB,200,chairs-wide,3.0797345638275146,53.340972900390625,30.8601942822763
bistro,4,O-T2X-R,201,full,0.5828254222869873,4.2331342697143555,41.86418316898691
bistro,4,O-T2X-R,201,chair,3.896780252456665,56.82368469238281,30.58550969043736
bistro,4,O-T2X-R,201,chairs-wide,2.071668863296509,24.123632431030273,34.306376583128774
bistro,6,O-ET2X-R-CurrentEdge-Point,201,full,0.7092305421829224,7.760621070861816,39.23183882283057
bistro,6,O-ET2X-R-CurrentEdge-Point,201,chair,5.882753372192383,134.71194458007812,26.836742556035006
bistro,6,O-ET2X-R-CurrentEdge-Point,201,chairs-wide,3.0797345638275146,53.340972900390625,30.8601942822763
bistro,9,O-ET2X-R-PreviousRawEdge-Point,201,full,0.7092305421829224,7.760621070861816,39.23183882283057
bistro,9,O-ET2X-R-PreviousRawEdge-Point,201,chair,5.882753372192383,134.71194458007812,26.836742556035006
bistro,9,O-ET2X-R-PreviousRawEdge-Point,201,chairs-wide,3.0797345638275146,53.340972900390625,30.8601942822763
bistro,10,ABL-ET2X-R-PreviousRawEdge-BilinearRGB,201,full,0.7092305421829224,7.760621070861816,39.23183882283057
bistro,10,ABL-ET2X-R-PreviousRawEdge-BilinearRGB,201,chair,5.882753372192383,134.71194458007812,26.836742556035006
bistro,10,ABL-ET2X-R-PreviousRawEdge-BilinearRGB,201,chairs-wide,3.0797345638275146,53.340972900390625,30.8601942822763
bistro,4,O-T2X-R,202,full,0.5828254222869873,4.2331342697143555,41.86418316898691
bistro,4,O-T2X-R,202,chair,3.896780252456665,56.82368469238281,30.58550969043736
bistro,4,O-T2X-R,202,chairs-wide,2.071668863296509,24.123632431030273,34.306376583128774
bistro,6,O-ET2X-R-CurrentEdge-Point,202,full,0.7092301845550537,7.760621070861816,39.23183882283057
bistro,6,O-ET2X-R-CurrentEdge-Point,202,chair,5.882753372192383,134.71194458007812,26.836742556035006
bistro,6,O-ET2X-R-CurrentEdge-Point,202,chairs-wide,3.0797345638275146,53.340972900390625,30.8601942822763
bistro,9,O-ET2X-R-PreviousRawEdge-Point,202,full,0.7092301845550537,7.760621070861816,39.23183882283057
bistro,9,O-ET2X-R-PreviousRawEdge-Point,202,chair,5.882753372192383,134.71194458007812,26.836742556035006
bistro,9,O-ET2X-R-PreviousRawEdge-Point,202,chairs-wide,3.0797345638275146,53.340972900390625,30.8601942822763
bistro,10,ABL-ET2X-R-PreviousRawEdge-BilinearRGB,202,full,0.7092301845550537,7.760621070861816,39.23183882283057
bistro,10,ABL-ET2X-R-PreviousRawEdge-BilinearRGB,202,chair,5.882753372192383,134.71194458007812,26.836742556035006
bistro,10,ABL-ET2X-R-PreviousRawEdge-BilinearRGB,202,chairs-wide,3.0797345638275146,53.340972900390625,30.8601942822763
bistro,4,O-T2X-R,203,full,0.582825779914856,4.2331342697143555,41.86418316898691
bistro,4,O-T2X-R,203,chair,3.896780252456665,56.82368469238281,30.58550969043736
bistro,4,O-T2X-R,203,chairs-wide,2.071668863296509,24.123632431030273,34.306376583128774
bistro,6,O-ET2X-R-CurrentEdge-Point,203,full,0.7092305421829224,7.760621070861816,39.23183882283057
bistro,6,O-ET2X-R-CurrentEdge-Point,203,chair,5.882753372192383,134.71194458007812,26.836742556035006
bistro,6,O-ET2X-R-CurrentEdge-Point,203,chairs-wide,3.0797345638275146,53.340972900390625,30.8601942822763
bistro,9,O-ET2X-R-PreviousRawEdge-Point,203,full,0.7092305421829224,7.760621070861816,39.23183882283057
bistro,9,O-ET2X-R-PreviousRawEdge-Point,203,chair,5.882753372192383,134.71194458007812,26.836742556035006
bistro,9,O-ET2X-R-PreviousRawEdge-Point,203,chairs-wide,3.0797345638275146,53.340972900390625,30.8601942822763
bistro,10,ABL-ET2X-R-PreviousRawEdge-BilinearRGB,203,full,0.7092305421829224,7.760621070861816,39.23183882283057
bistro,10,ABL-ET2X-R-PreviousRawEdge-BilinearRGB,203,chair,5.882753372192383,134.71194458007812,26.836742556035006
bistro,10,ABL-ET2X-R-PreviousRawEdge-BilinearRGB,203,chairs-wide,3.0797345638275146,53.340972900390625,30.8601942822763
bistro,4,O-T2X-R,204,full,0.5828256011009216,4.2331342697143555,41.86418316898691
bistro,4,O-T2X-R,204,chair,3.896780252456665,56.82368469238281,30.58550969043736
bistro,4,O-T2X-R,204,chairs-wide,2.071668863296509,24.123632431030273,34.306376583128774
bistro,6,O-ET2X-R-CurrentEdge-Point,204,full,0.709230363368988,7.760621070861816,39.23183882283057
bistro,6,O-ET2X-R-CurrentEdge-Point,204,chair,5.882753372192383,134.71194458007812,26.836742556035006
bistro,6,O-ET2X-R-CurrentEdge-Point,204,chairs-wide,3.0797345638275146,53.340972900390625,30.8601942822763
bistro,9,O-ET2X-R-PreviousRawEdge-Point,204,full,0.709230363368988,7.760621070861816,39.23183882283057
bistro,9,O-ET2X-R-PreviousRawEdge-Point,204,chair,5.882753372192383,134.71194458007812,26.836742556035006
bistro,9,O-ET2X-R-PreviousRawEdge-Point,204,chairs-wide,3.0797345638275146,53.340972900390625,30.8601942822763
bistro,10,ABL-ET2X-R-PreviousRawEdge-BilinearRGB,204,full,0.709230363368988,7.760621070861816,39.23183882283057
bistro,10,ABL-ET2X-R-PreviousRawEdge-BilinearRGB,204,chair,5.882753372192383,134.71194458007812,26.836742556035006
bistro,10,ABL-ET2X-R-PreviousRawEdge-BilinearRGB,204,chairs-wide,3.0797345638275146,53.340972900390625,30.8601942822763
bistro,4,O-T2X-R,205,full,0.5828254222869873,4.2331342697143555,41.86418316898691
bistro,4,O-T2X-R,205,chair,3.896780252456665,56.82368469238281,30.58550969043736
bistro,4,O-T2X-R,205,chairs-wide,2.071668863296509,24.123632431030273,34.306376583128774
bistro,6,O-ET2X-R-CurrentEdge-Point,205,full,0.7092301845550537,7.760621070861816,39.23183882283057
bistro,6,O-ET2X-R-CurrentEdge-Point,205,chair,5.882753372192383,134.71194458007812,26.836742556035006
bistro,6,O-ET2X-R-CurrentEdge-Point,205,chairs-wide,3.0797345638275146,53.340972900390625,30.8601942822763
bistro,9,O-ET2X-R-PreviousRawEdge-Point,205,full,0.7092301845550537,7.760621070861816,39.23183882283057
bistro,9,O-ET2X-R-PreviousRawEdge-Point,205,chair,5.882753372192383,134.71194458007812,26.836742556035006
bistro,9,O-ET2X-R-PreviousRawEdge-Point,205,chairs-wide,3.0797345638275146,53.340972900390625,30.8601942822763
bistro,10,ABL-ET2X-R-PreviousRawEdge-BilinearRGB,205,full,0.7092301845550537,7.760621070861816,39.23183882283057
bistro,10,ABL-ET2X-R-PreviousRawEdge-BilinearRGB,205,chair,5.882753372192383,134.71194458007812,26.836742556035006
bistro,10,ABL-ET2X-R-PreviousRawEdge-BilinearRGB,205,chairs-wide,3.0797345638275146,53.340972900390625,30.8601942822763
bistro,4,O-T2X-R,206,full,0.5828254222869873,4.2331342697143555,41.86418316898691
bistro,4,O-T2X-R,206,chair,3.896780252456665,56.82368469238281,30.58550969043736
bistro,4,O-T2X-R,206,chairs-wide,2.071668863296509,24.123632431030273,34.306376583128774
bistro,6,O-ET2X-R-CurrentEdge-Point,206,full,0.7092301845550537,7.760621070861816,39.23183882283057
bistro,6,O-ET2X-R-CurrentEdge-Point,206,chair,5.882753372192383,134.71194458007812,26.836742556035006
bistro,6,O-ET2X-R-CurrentEdge-Point,206,chairs-wide,3.0797345638275146,53.340972900390625,30.8601942822763
bistro,9,O-ET2X-R-PreviousRawEdge-Point,206,full,0.7092301845550537,7.760621070861816,39.23183882283057
bistro,9,O-ET2X-R-PreviousRawEdge-Point,206,chair,5.882753372192383,134.71194458007812,26.836742556035006
bistro,9,O-ET2X-R-PreviousRawEdge-Point,206,chairs-wide,3.0797345638275146,53.340972900390625,30.8601942822763
bistro,10,ABL-ET2X-R-PreviousRawEdge-BilinearRGB,206,full,0.7092301845550537,7.760621070861816,39.23183882283057
bistro,10,ABL-ET2X-R-PreviousRawEdge-BilinearRGB,206,chair,5.882753372192383,134.71194458007812,26.836742556035006
bistro,10,ABL-ET2X-R-PreviousRawEdge-BilinearRGB,206,chairs-wide,3.0797345638275146,53.340972900390625,30.8601942822763
bistro,4,O-T2X-R,207,full,0.582825243473053,4.233133316040039,41.86418414740033
bistro,4,O-T2X-R,207,chair,3.896780252456665,56.82368469238281,30.58550969043736
bistro,4,O-T2X-R,207,chairs-wide,2.071668863296509,24.123632431030273,34.306376583128774
bistro,6,O-ET2X-R-CurrentEdge-Point,207,full,0.709230363368988,7.760621070861816,39.23183882283057
bistro,6,O-ET2X-R-CurrentEdge-Point,207,chair,5.882753372192383,134.71194458007812,26.836742556035006
bistro,6,O-ET2X-R-CurrentEdge-Point,207,chairs-wide,3.0797345638275146,53.340972900390625,30.8601942822763
bistro,9,O-ET2X-R-PreviousRawEdge-Point,207,full,0.709230363368988,7.760621070861816,39.23183882283057
bistro,9,O-ET2X-R-PreviousRawEdge-Point,207,chair,5.882753372192383,134.71194458007812,26.836742556035006
bistro,9,O-ET2X-R-PreviousRawEdge-Point,207,chairs-wide,3.0797345638275146,53.340972900390625,30.8601942822763
bistro,10,ABL-ET2X-R-PreviousRawEdge-BilinearRGB,207,full,0.709230363368988,7.760621070861816,39.23183882283057
bistro,10,ABL-ET2X-R-PreviousRawEdge-BilinearRGB,207,chair,5.882753372192383,134.71194458007812,26.836742556035006
bistro,10,ABL-ET2X-R-PreviousRawEdge-BilinearRGB,207,chairs-wide,3.0797345638275146,53.340972900390625,30.8601942822763
bistro,4,O-T2X-R,208,full,0.5828254222869873,4.2331342697143555,41.86418316898691
bistro,4,O-T2X-R,208,chair,3.896780252456665,56.82368469238281,30.58550969043736
bistro,4,O-T2X-R,208,chairs-wide,2.071668863296509,24.123632431030273,34.306376583128774
bistro,6,O-ET2X-R-CurrentEdge-Point,208,full,0.7092301845550537,7.760621070861816,39.23183882283057
bistro,6,O-ET2X-R-CurrentEdge-Point,208,chair,5.882753372192383,134.71194458007812,26.836742556035006
bistro,6,O-ET2X-R-CurrentEdge-Point,208,chairs-wide,3.0797345638275146,53.340972900390625,30.8601942822763
bistro,9,O-ET2X-R-PreviousRawEdge-Point,208,full,0.7092301845550537,7.760621070861816,39.23183882283057
bistro,9,O-ET2X-R-PreviousRawEdge-Point,208,chair,5.882753372192383,134.71194458007812,26.836742556035006
bistro,9,O-ET2X-R-PreviousRawEdge-Point,208,chairs-wide,3.0797345638275146,53.340972900390625,30.8601942822763
bistro,10,ABL-ET2X-R-PreviousRawEdge-BilinearRGB,208,full,0.7092301845550537,7.760621070861816,39.23183882283057
bistro,10,ABL-ET2X-R-PreviousRawEdge-BilinearRGB,208,chair,5.882753372192383,134.71194458007812,26.836742556035006
bistro,10,ABL-ET2X-R-PreviousRawEdge-BilinearRGB,208,chairs-wide,3.0797345638275146,53.340972900390625,30.8601942822763
bistro,4,O-T2X-R,209,full,0.5828254222869873,4.2331342697143555,41.86418316898691
bistro,4,O-T2X-R,209,chair,3.896780252456665,56.82368469238281,30.58550969043736
bistro,4,O-T2X-R,209,chairs-wide,2.071668863296509,24.123632431030273,34.306376583128774
bistro,6,O-ET2X-R-CurrentEdge-Point,209,full,0.7092301845550537,7.760621070861816,39.23183882283057
bistro,6,O-ET2X-R-CurrentEdge-Point,209,chair,5.882753372192383,134.71194458007812,26.836742556035006
bistro,6,O-ET2X-R-CurrentEdge-Point,209,chairs-wide,3.0797345638275146,53.340972900390625,30.8601942822763
bistro,9,O-ET2X-R-PreviousRawEdge-Point,209,full,0.7092301845550537,7.760621070861816,39.23183882283057
bistro,9,O-ET2X-R-PreviousRawEdge-Point,209,chair,5.882753372192383,134.71194458007812,26.836742556035006
bistro,9,O-ET2X-R-PreviousRawEdge-Point,209,chairs-wide,3.0797345638275146,53.340972900390625,30.8601942822763
bistro,10,ABL-ET2X-R-PreviousRawEdge-BilinearRGB,209,full,0.7092301845550537,7.760621070861816,39.23183882283057
bistro,10,ABL-ET2X-R-PreviousRawEdge-BilinearRGB,209,chair,5.882753372192383,134.71194458007812,26.836742556035006
bistro,10,ABL-ET2X-R-PreviousRawEdge-BilinearRGB,209,chairs-wide,3.0797345638275146,53.340972900390625,30.8601942822763
bistro,4,O-T2X-R,210,full,0.5828254222869873,4.2331342697143555,41.86418316898691
bistro,4,O-T2X-R,210,chair,3.896780252456665,56.82368469238281,30.58550969043736
bistro,4,O-T2X-R,210,chairs-wide,2.071668863296509,24.123632431030273,34.306376583128774
bistro,6,O-ET2X-R-CurrentEdge-Point,210,full,0.7092301845550537,7.760621070861816,39.23183882283057
bistro,6,O-ET2X-R-CurrentEdge-Point,210,chair,5.882753372192383,134.71194458007812,26.836742556035006
bistro,6,O-ET2X-R-CurrentEdge-Point,210,chairs-wide,3.0797345638275146,53.340972900390625,30.8601942822763
bistro,9,O-ET2X-R-PreviousRawEdge-Point,210,full,0.7092301845550537,7.760621070861816,39.23183882283057
bistro,9,O-ET2X-R-PreviousRawEdge-Point,210,chair,5.882753372192383,134.71194458007812,26.836742556035006
bistro,9,O-ET2X-R-PreviousRawEdge-Point,210,chairs-wide,3.0797345638275146,53.340972900390625,30.8601942822763
bistro,10,ABL-ET2X-R-PreviousRawEdge-BilinearRGB,210,full,0.7092301845550537,7.760621070861816,39.23183882283057
bistro,10,ABL-ET2X-R-PreviousRawEdge-BilinearRGB,210,chair,5.882753372192383,134.71194458007812,26.836742556035006
bistro,10,ABL-ET2X-R-PreviousRawEdge-BilinearRGB,210,chairs-wide,3.0797345638275146,53.340972900390625,30.8601942822763
bistro,4,O-T2X-R,211,full,0.5828256011009216,4.233134746551514,41.86418267978028
bistro,4,O-T2X-R,211,chair,3.896780252456665,56.82368469238281,30.58550969043736
bistro,4,O-T2X-R,211,chairs-wide,2.071668863296509,24.123632431030273,34.306376583128774
bistro,6,O-ET2X-R-CurrentEdge-Point,211,full,0.7092300057411194,7.760621070861816,39.23183882283057
bistro,6,O-ET2X-R-CurrentEdge-Point,211,chair,5.882753372192383,134.71194458007812,26.836742556035006
bistro,6,O-ET2X-R-CurrentEdge-Point,211,chairs-wide,3.0797345638275146,53.340972900390625,30.8601942822763
bistro,9,O-ET2X-R-PreviousRawEdge-Point,211,full,0.7092300057411194,7.760621070861816,39.23183882283057
bistro,9,O-ET2X-R-PreviousRawEdge-Point,211,chair,5.882753372192383,134.71194458007812,26.836742556035006
bistro,9,O-ET2X-R-PreviousRawEdge-Point,211,chairs-wide,3.0797345638275146,53.340972900390625,30.8601942822763
bistro,10,ABL-ET2X-R-PreviousRawEdge-BilinearRGB,211,full,0.7092300057411194,7.760621070861816,39.23183882283057
bistro,10,ABL-ET2X-R-PreviousRawEdge-BilinearRGB,211,chair,5.882753372192383,134.71194458007812,26.836742556035006
bistro,10,ABL-ET2X-R-PreviousRawEdge-BilinearRGB,211,chairs-wide,3.0797345638275146,53.340972900390625,30.8601942822763
bistro,4,O-T2X-R,212,full,0.5828256011009216,4.233134746551514,41.86418267978028
bistro,4,O-T2X-R,212,chair,3.896780252456665,56.82368469238281,30.58550969043736
bistro,4,O-T2X-R,212,chairs-wide,2.071668863296509,24.123632431030273,34.306376583128774
bistro,6,O-ET2X-R-CurrentEdge-Point,212,full,0.7092300057411194,7.760621070861816,39.23183882283057
bistro,6,O-ET2X-R-CurrentEdge-Point,212,chair,5.882753372192383,134.71194458007812,26.836742556035006
bistro,6,O-ET2X-R-CurrentEdge-Point,212,chairs-wide,3.0797345638275146,53.340972900390625,30.8601942822763
bistro,9,O-ET2X-R-PreviousRawEdge-Point,212,full,0.7092300057411194,7.760621070861816,39.23183882283057
bistro,9,O-ET2X-R-PreviousRawEdge-Point,212,chair,5.882753372192383,134.71194458007812,26.836742556035006
bistro,9,O-ET2X-R-PreviousRawEdge-Point,212,chairs-wide,3.0797345638275146,53.340972900390625,30.8601942822763
bistro,10,ABL-ET2X-R-PreviousRawEdge-BilinearRGB,212,full,0.7092300057411194,7.760621070861816,39.23183882283057
bistro,10,ABL-ET2X-R-PreviousRawEdge-BilinearRGB,212,chair,5.882753372192383,134.71194458007812,26.836742556035006
bistro,10,ABL-ET2X-R-PreviousRawEdge-BilinearRGB,212,chairs-wide,3.0797345638275146,53.340972900390625,30.8601942822763
bistro,4,O-T2X-R,213,full,0.5828254222869873,4.2331342697143555,41.86418316898691
bistro,4,O-T2X-R,213,chair,3.896780252456665,56.82368469238281,30.58550969043736
bistro,4,O-T2X-R,213,chairs-wide,2.071668863296509,24.123632431030273,34.306376583128774
bistro,6,O-ET2X-R-CurrentEdge-Point,213,full,0.7092301845550537,7.760621070861816,39.23183882283057
bistro,6,O-ET2X-R-CurrentEdge-Point,213,chair,5.882753372192383,134.71194458007812,26.836742556035006
bistro,6,O-ET2X-R-CurrentEdge-Point,213,chairs-wide,3.0797345638275146,53.340972900390625,30.8601942822763
bistro,9,O-ET2X-R-PreviousRawEdge-Point,213,full,0.7092301845550537,7.760621070861816,39.23183882283057
bistro,9,O-ET2X-R-PreviousRawEdge-Point,213,chair,5.882753372192383,134.71194458007812,26.836742556035006
bistro,9,O-ET2X-R-PreviousRawEdge-Point,213,chairs-wide,3.0797345638275146,53.340972900390625,30.8601942822763
bistro,10,ABL-ET2X-R-PreviousRawEdge-BilinearRGB,213,full,0.7092301845550537,7.760621070861816,39.23183882283057
bistro,10,ABL-ET2X-R-PreviousRawEdge-BilinearRGB,213,chair,5.882753372192383,134.71194458007812,26.836742556035006
bistro,10,ABL-ET2X-R-PreviousRawEdge-BilinearRGB,213,chairs-wide,3.0797345638275146,53.340972900390625,30.8601942822763
bistro,4,O-T2X-R,214,full,0.5828254222869873,4.2331342697143555,41.86418316898691
bistro,4,O-T2X-R,214,chair,3.896780252456665,56.82368469238281,30.58550969043736
bistro,4,O-T2X-R,214,chairs-wide,2.071668863296509,24.123632431030273,34.306376583128774
bistro,6,O-ET2X-R-CurrentEdge-Point,214,full,0.7092301845550537,7.760621070861816,39.23183882283057
bistro,6,O-ET2X-R-CurrentEdge-Point,214,chair,5.882753372192383,134.71194458007812,26.836742556035006
bistro,6,O-ET2X-R-CurrentEdge-Point,214,chairs-wide,3.0797345638275146,53.340972900390625,30.8601942822763
bistro,9,O-ET2X-R-PreviousRawEdge-Point,214,full,0.7092301845550537,7.760621070861816,39.23183882283057
bistro,9,O-ET2X-R-PreviousRawEdge-Point,214,chair,5.882753372192383,134.71194458007812,26.836742556035006
bistro,9,O-ET2X-R-PreviousRawEdge-Point,214,chairs-wide,3.0797345638275146,53.340972900390625,30.8601942822763
bistro,10,ABL-ET2X-R-PreviousRawEdge-BilinearRGB,214,full,0.7092301845550537,7.760621070861816,39.23183882283057
bistro,10,ABL-ET2X-R-PreviousRawEdge-BilinearRGB,214,chair,5.882753372192383,134.71194458007812,26.836742556035006
bistro,10,ABL-ET2X-R-PreviousRawEdge-BilinearRGB,214,chairs-wide,3.0797345638275146,53.340972900390625,30.8601942822763
bistro,4,O-T2X-R,215,full,0.582825779914856,4.233134746551514,41.86418267978028
bistro,4,O-T2X-R,215,chair,3.896780252456665,56.82368469238281,30.58550969043736
bistro,4,O-T2X-R,215,chairs-wide,2.071668863296509,24.123632431030273,34.306376583128774
bistro,6,O-ET2X-R-CurrentEdge-Point,215,full,0.7092305421829224,7.760621070861816,39.23183882283057
bistro,6,O-ET2X-R-CurrentEdge-Point,215,chair,5.882753372192383,134.71194458007812,26.836742556035006
bistro,6,O-ET2X-R-CurrentEdge-Point,215,chairs-wide,3.0797345638275146,53.340972900390625,30.8601942822763
bistro,9,O-ET2X-R-PreviousRawEdge-Point,215,full,0.7092305421829224,7.760621070861816,39.23183882283057
bistro,9,O-ET2X-R-PreviousRawEdge-Point,215,chair,5.882753372192383,134.71194458007812,26.836742556035006
bistro,9,O-ET2X-R-PreviousRawEdge-Point,215,chairs-wide,3.0797345638275146,53.340972900390625,30.8601942822763
bistro,10,ABL-ET2X-R-PreviousRawEdge-BilinearRGB,215,full,0.7092305421829224,7.760621070861816,39.23183882283057
bistro,10,ABL-ET2X-R-PreviousRawEdge-BilinearRGB,215,chair,5.882753372192383,134.71194458007812,26.836742556035006
bistro,10,ABL-ET2X-R-PreviousRawEdge-BilinearRGB,215,chairs-wide,3.0797345638275146,53.340972900390625,30.8601942822763
bistro,4,O-T2X-R,216,full,0.5828254222869873,4.2331342697143555,41.86418316898691
bistro,4,O-T2X-R,216,chair,3.896780252456665,56.82368469238281,30.58550969043736
bistro,4,O-T2X-R,216,chairs-wide,2.071668863296509,24.123632431030273,34.306376583128774
bistro,6,O-ET2X-R-CurrentEdge-Point,216,full,0.7092301845550537,7.760621070861816,39.23183882283057
bistro,6,O-ET2X-R-CurrentEdge-Point,216,chair,5.882753372192383,134.71194458007812,26.836742556035006
bistro,6,O-ET2X-R-CurrentEdge-Point,216,chairs-wide,3.0797345638275146,53.340972900390625,30.8601942822763
bistro,9,O-ET2X-R-PreviousRawEdge-Point,216,full,0.7092301845550537,7.760621070861816,39.23183882283057
bistro,9,O-ET2X-R-PreviousRawEdge-Point,216,chair,5.882753372192383,134.71194458007812,26.836742556035006
bistro,9,O-ET2X-R-PreviousRawEdge-Point,216,chairs-wide,3.0797345638275146,53.340972900390625,30.8601942822763
bistro,10,ABL-ET2X-R-PreviousRawEdge-BilinearRGB,216,full,0.7092301845550537,7.760621070861816,39.23183882283057
bistro,10,ABL-ET2X-R-PreviousRawEdge-BilinearRGB,216,chair,5.882753372192383,134.71194458007812,26.836742556035006
bistro,10,ABL-ET2X-R-PreviousRawEdge-BilinearRGB,216,chairs-wide,3.0797345638275146,53.340972900390625,30.8601942822763
bistro,4,O-T2X-R,217,full,0.5828256011009216,4.2331342697143555,41.86418316898691
bistro,4,O-T2X-R,217,chair,3.896780252456665,56.82368469238281,30.58550969043736
bistro,4,O-T2X-R,217,chairs-wide,2.071668863296509,24.123632431030273,34.306376583128774
bistro,6,O-ET2X-R-CurrentEdge-Point,217,full,0.709230363368988,7.760621070861816,39.23183882283057
bistro,6,O-ET2X-R-CurrentEdge-Point,217,chair,5.882753372192383,134.71194458007812,26.836742556035006
bistro,6,O-ET2X-R-CurrentEdge-Point,217,chairs-wide,3.0797345638275146,53.340972900390625,30.8601942822763
bistro,9,O-ET2X-R-PreviousRawEdge-Point,217,full,0.709230363368988,7.760621070861816,39.23183882283057
bistro,9,O-ET2X-R-PreviousRawEdge-Point,217,chair,5.882753372192383,134.71194458007812,26.836742556035006
bistro,9,O-ET2X-R-PreviousRawEdge-Point,217,chairs-wide,3.0797345638275146,53.340972900390625,30.8601942822763
bistro,10,ABL-ET2X-R-PreviousRawEdge-BilinearRGB,217,full,0.709230363368988,7.760621070861816,39.23183882283057
bistro,10,ABL-ET2X-R-PreviousRawEdge-BilinearRGB,217,chair,5.882753372192383,134.71194458007812,26.836742556035006
bistro,10,ABL-ET2X-R-PreviousRawEdge-BilinearRGB,217,chairs-wide,3.0797345638275146,53.340972900390625,30.8601942822763
bistro,4,O-T2X-R,218,full,0.5828256011009216,4.2331342697143555,41.86418316898691
bistro,4,O-T2X-R,218,chair,3.896780252456665,56.82368469238281,30.58550969043736
bistro,4,O-T2X-R,218,chairs-wide,2.071668863296509,24.123632431030273,34.306376583128774
bistro,6,O-ET2X-R-CurrentEdge-Point,218,full,0.709230363368988,7.760621070861816,39.23183882283057
bistro,6,O-ET2X-R-CurrentEdge-Point,218,chair,5.882753372192383,134.71194458007812,26.836742556035006
bistro,6,O-ET2X-R-CurrentEdge-Point,218,chairs-wide,3.0797345638275146,53.340972900390625,30.8601942822763
bistro,9,O-ET2X-R-PreviousRawEdge-Point,218,full,0.709230363368988,7.760621070861816,39.23183882283057
bistro,9,O-ET2X-R-PreviousRawEdge-Point,218,chair,5.882753372192383,134.71194458007812,26.836742556035006
bistro,9,O-ET2X-R-PreviousRawEdge-Point,218,chairs-wide,3.0797345638275146,53.340972900390625,30.8601942822763
bistro,10,ABL-ET2X-R-PreviousRawEdge-BilinearRGB,218,full,0.709230363368988,7.760621070861816,39.23183882283057
bistro,10,ABL-ET2X-R-PreviousRawEdge-BilinearRGB,218,chair,5.882753372192383,134.71194458007812,26.836742556035006
bistro,10,ABL-ET2X-R-PreviousRawEdge-BilinearRGB,218,chairs-wide,3.0797345638275146,53.340972900390625,30.8601942822763
bistro,4,O-T2X-R,219,full,0.582825779914856,4.233134746551514,41.86418267978028
bistro,4,O-T2X-R,219,chair,3.896780252456665,56.82368469238281,30.58550969043736
bistro,4,O-T2X-R,219,chairs-wide,2.071668863296509,24.123632431030273,34.306376583128774
bistro,6,O-ET2X-R-CurrentEdge-Point,219,full,0.7092301845550537,7.760621070861816,39.23183882283057
bistro,6,O-ET2X-R-CurrentEdge-Point,219,chair,5.882753372192383,134.71194458007812,26.836742556035006
bistro,6,O-ET2X-R-CurrentEdge-Point,219,chairs-wide,3.0797345638275146,53.340972900390625,30.8601942822763
bistro,9,O-ET2X-R-PreviousRawEdge-Point,219,full,0.7092301845550537,7.760621070861816,39.23183882283057
bistro,9,O-ET2X-R-PreviousRawEdge-Point,219,chair,5.882753372192383,134.71194458007812,26.836742556035006
bistro,9,O-ET2X-R-PreviousRawEdge-Point,219,chairs-wide,3.0797345638275146,53.340972900390625,30.8601942822763
bistro,10,ABL-ET2X-R-PreviousRawEdge-BilinearRGB,219,full,0.7092301845550537,7.760621070861816,39.23183882283057
bistro,10,ABL-ET2X-R-PreviousRawEdge-BilinearRGB,219,chair,5.882753372192383,134.71194458007812,26.836742556035006
bistro,10,ABL-ET2X-R-PreviousRawEdge-BilinearRGB,219,chairs-wide,3.0797345638275146,53.340972900390625,30.8601942822763
bistro,4,O-T2X-R,220,full,0.5828254222869873,4.2331342697143555,41.86418316898691
bistro,4,O-T2X-R,220,chair,3.896780252456665,56.82368469238281,30.58550969043736
bistro,4,O-T2X-R,220,chairs-wide,2.071668863296509,24.123632431030273,34.306376583128774
bistro,6,O-ET2X-R-CurrentEdge-Point,220,full,0.7092301845550537,7.760621070861816,39.23183882283057
bistro,6,O-ET2X-R-CurrentEdge-Point,220,chair,5.882753372192383,134.71194458007812,26.836742556035006
bistro,6,O-ET2X-R-CurrentEdge-Point,220,chairs-wide,3.0797345638275146,53.340972900390625,30.8601942822763
bistro,9,O-ET2X-R-PreviousRawEdge-Point,220,full,0.7092301845550537,7.760621070861816,39.23183882283057
bistro,9,O-ET2X-R-PreviousRawEdge-Point,220,chair,5.882753372192383,134.71194458007812,26.836742556035006
bistro,9,O-ET2X-R-PreviousRawEdge-Point,220,chairs-wide,3.0797345638275146,53.340972900390625,30.8601942822763
bistro,10,ABL-ET2X-R-PreviousRawEdge-BilinearRGB,220,full,0.7092301845550537,7.760621070861816,39.23183882283057
bistro,10,ABL-ET2X-R-PreviousRawEdge-BilinearRGB,220,chair,5.882753372192383,134.71194458007812,26.836742556035006
bistro,10,ABL-ET2X-R-PreviousRawEdge-BilinearRGB,220,chairs-wide,3.0797345638275146,53.340972900390625,30.8601942822763
bistro,4,O-T2X-R,221,full,0.5828256011009216,4.233134746551514,41.86418267978028
bistro,4,O-T2X-R,221,chair,3.896780252456665,56.82368469238281,30.58550969043736
bistro,4,O-T2X-R,221,chairs-wide,2.071668863296509,24.123632431030273,34.306376583128774
bistro,6,O-ET2X-R-CurrentEdge-Point,221,full,0.7092300057411194,7.760621070861816,39.23183882283057
bistro,6,O-ET2X-R-CurrentEdge-Point,221,chair,5.882753372192383,134.71194458007812,26.836742556035006
bistro,6,O-ET2X-R-CurrentEdge-Point,221,chairs-wide,3.0797345638275146,53.340972900390625,30.8601942822763
bistro,9,O-ET2X-R-PreviousRawEdge-Point,221,full,0.7092300057411194,7.760621070861816,39.23183882283057
bistro,9,O-ET2X-R-PreviousRawEdge-Point,221,chair,5.882753372192383,134.71194458007812,26.836742556035006
bistro,9,O-ET2X-R-PreviousRawEdge-Point,221,chairs-wide,3.0797345638275146,53.340972900390625,30.8601942822763
bistro,10,ABL-ET2X-R-PreviousRawEdge-BilinearRGB,221,full,0.7092300057411194,7.760621070861816,39.23183882283057
bistro,10,ABL-ET2X-R-PreviousRawEdge-BilinearRGB,221,chair,5.882753372192383,134.71194458007812,26.836742556035006
bistro,10,ABL-ET2X-R-PreviousRawEdge-BilinearRGB,221,chairs-wide,3.0797345638275146,53.340972900390625,30.8601942822763
bistro,4,O-T2X-R,222,full,0.5828256011009216,4.2331342697143555,41.86418316898691
bistro,4,O-T2X-R,222,chair,3.896780252456665,56.82368469238281,30.58550969043736
bistro,4,O-T2X-R,222,chairs-wide,2.071668863296509,24.123632431030273,34.306376583128774
bistro,6,O-ET2X-R-CurrentEdge-Point,222,full,0.709230363368988,7.760621070861816,39.23183882283057
bistro,6,O-ET2X-R-CurrentEdge-Point,222,chair,5.882753372192383,134.71194458007812,26.836742556035006
bistro,6,O-ET2X-R-CurrentEdge-Point,222,chairs-wide,3.0797345638275146,53.340972900390625,30.8601942822763
bistro,9,O-ET2X-R-PreviousRawEdge-Point,222,full,0.709230363368988,7.760621070861816,39.23183882283057
bistro,9,O-ET2X-R-PreviousRawEdge-Point,222,chair,5.882753372192383,134.71194458007812,26.836742556035006
bistro,9,O-ET2X-R-PreviousRawEdge-Point,222,chairs-wide,3.0797345638275146,53.340972900390625,30.8601942822763
bistro,10,ABL-ET2X-R-PreviousRawEdge-BilinearRGB,222,full,0.709230363368988,7.760621070861816,39.23183882283057
bistro,10,ABL-ET2X-R-PreviousRawEdge-BilinearRGB,222,chair,5.882753372192383,134.71194458007812,26.836742556035006
bistro,10,ABL-ET2X-R-PreviousRawEdge-BilinearRGB,222,chairs-wide,3.0797345638275146,53.340972900390625,30.8601942822763
bistro,4,O-T2X-R,223,full,0.582825779914856,4.2331342697143555,41.86418316898691
bistro,4,O-T2X-R,223,chair,3.896780252456665,56.82368469238281,30.58550969043736
bistro,4,O-T2X-R,223,chairs-wide,2.071668863296509,24.123632431030273,34.306376583128774
bistro,6,O-ET2X-R-CurrentEdge-Point,223,full,0.7092305421829224,7.760621070861816,39.23183882283057
bistro,6,O-ET2X-R-CurrentEdge-Point,223,chair,5.882753372192383,134.71194458007812,26.836742556035006
bistro,6,O-ET2X-R-CurrentEdge-Point,223,chairs-wide,3.0797345638275146,53.340972900390625,30.8601942822763
bistro,9,O-ET2X-R-PreviousRawEdge-Point,223,full,0.7092305421829224,7.760621070861816,39.23183882283057
bistro,9,O-ET2X-R-PreviousRawEdge-Point,223,chair,5.882753372192383,134.71194458007812,26.836742556035006
bistro,9,O-ET2X-R-PreviousRawEdge-Point,223,chairs-wide,3.0797345638275146,53.340972900390625,30.8601942822763
bistro,10,ABL-ET2X-R-PreviousRawEdge-BilinearRGB,223,full,0.7092305421829224,7.760621070861816,39.23183882283057
bistro,10,ABL-ET2X-R-PreviousRawEdge-BilinearRGB,223,chair,5.882753372192383,134.71194458007812,26.836742556035006
bistro,10,ABL-ET2X-R-PreviousRawEdge-BilinearRGB,223,chairs-wide,3.0797345638275146,53.340972900390625,30.8601942822763
bistro,4,O-T2X-R,224,full,0.582825779914856,4.2331342697143555,41.86418316898691
bistro,4,O-T2X-R,224,chair,3.896780252456665,56.82368469238281,30.58550969043736
bistro,4,O-T2X-R,224,chairs-wide,2.071668863296509,24.123632431030273,34.306376583128774
bistro,6,O-ET2X-R-CurrentEdge-Point,224,full,0.7092305421829224,7.760621070861816,39.23183882283057
bistro,6,O-ET2X-R-CurrentEdge-Point,224,chair,5.882753372192383,134.71194458007812,26.836742556035006
bistro,6,O-ET2X-R-CurrentEdge-Point,224,chairs-wide,3.0797345638275146,53.340972900390625,30.8601942822763
bistro,9,O-ET2X-R-PreviousRawEdge-Point,224,full,0.7092305421829224,7.760621070861816,39.23183882283057
bistro,9,O-ET2X-R-PreviousRawEdge-Point,224,chair,5.882753372192383,134.71194458007812,26.836742556035006
bistro,9,O-ET2X-R-PreviousRawEdge-Point,224,chairs-wide,3.0797345638275146,53.340972900390625,30.8601942822763
bistro,10,ABL-ET2X-R-PreviousRawEdge-BilinearRGB,224,full,0.7092305421829224,7.760621070861816,39.23183882283057
bistro,10,ABL-ET2X-R-PreviousRawEdge-BilinearRGB,224,chair,5.882753372192383,134.71194458007812,26.836742556035006
bistro,10,ABL-ET2X-R-PreviousRawEdge-BilinearRGB,224,chairs-wide,3.0797345638275146,53.340972900390625,30.8601942822763
bistro,4,O-T2X-R,225,full,0.5828254222869873,4.2331342697143555,41.86418316898691
bistro,4,O-T2X-R,225,chair,3.896780252456665,56.82368469238281,30.58550969043736
bistro,4,O-T2X-R,225,chairs-wide,2.071668863296509,24.123632431030273,34.306376583128774
bistro,6,O-ET2X-R-CurrentEdge-Point,225,full,0.7092301845550537,7.760621070861816,39.23183882283057
bistro,6,O-ET2X-R-CurrentEdge-Point,225,chair,5.882753372192383,134.71194458007812,26.836742556035006
bistro,6,O-ET2X-R-CurrentEdge-Point,225,chairs-wide,3.0797345638275146,53.340972900390625,30.8601942822763
bistro,9,O-ET2X-R-PreviousRawEdge-Point,225,full,0.7092301845550537,7.760621070861816,39.23183882283057
bistro,9,O-ET2X-R-PreviousRawEdge-Point,225,chair,5.882753372192383,134.71194458007812,26.836742556035006
bistro,9,O-ET2X-R-PreviousRawEdge-Point,225,chairs-wide,3.0797345638275146,53.340972900390625,30.8601942822763
bistro,10,ABL-ET2X-R-PreviousRawEdge-BilinearRGB,225,full,0.7092301845550537,7.760621070861816,39.23183882283057
bistro,10,ABL-ET2X-R-PreviousRawEdge-BilinearRGB,225,chair,5.882753372192383,134.71194458007812,26.836742556035006
bistro,10,ABL-ET2X-R-PreviousRawEdge-BilinearRGB,225,chairs-wide,3.0797345638275146,53.340972900390625,30.8601942822763
bistro,4,O-T2X-R,226,full,0.5828254222869873,4.2331342697143555,41.86418316898691
bistro,4,O-T2X-R,226,chair,3.896780252456665,56.82368469238281,30.58550969043736
bistro,4,O-T2X-R,226,chairs-wide,2.071668863296509,24.123632431030273,34.306376583128774
bistro,6,O-ET2X-R-CurrentEdge-Point,226,full,0.7092301845550537,7.760621070861816,39.23183882283057
bistro,6,O-ET2X-R-CurrentEdge-Point,226,chair,5.882753372192383,134.71194458007812,26.836742556035006
bistro,6,O-ET2X-R-CurrentEdge-Point,226,chairs-wide,3.0797345638275146,53.340972900390625,30.8601942822763
bistro,9,O-ET2X-R-PreviousRawEdge-Point,226,full,0.7092301845550537,7.760621070861816,39.23183882283057
bistro,9,O-ET2X-R-PreviousRawEdge-Point,226,chair,5.882753372192383,134.71194458007812,26.836742556035006
bistro,9,O-ET2X-R-PreviousRawEdge-Point,226,chairs-wide,3.0797345638275146,53.340972900390625,30.8601942822763
bistro,10,ABL-ET2X-R-PreviousRawEdge-BilinearRGB,226,full,0.7092301845550537,7.760621070861816,39.23183882283057
bistro,10,ABL-ET2X-R-PreviousRawEdge-BilinearRGB,226,chair,5.882753372192383,134.71194458007812,26.836742556035006
bistro,10,ABL-ET2X-R-PreviousRawEdge-BilinearRGB,226,chairs-wide,3.0797345638275146,53.340972900390625,30.8601942822763
bistro,4,O-T2X-R,227,full,0.5828254222869873,4.2331342697143555,41.86418316898691
bistro,4,O-T2X-R,227,chair,3.896780252456665,56.82368469238281,30.58550969043736
bistro,4,O-T2X-R,227,chairs-wide,2.071668863296509,24.123632431030273,34.306376583128774
bistro,6,O-ET2X-R-CurrentEdge-Point,227,full,0.7092301845550537,7.760621070861816,39.23183882283057
bistro,6,O-ET2X-R-CurrentEdge-Point,227,chair,5.882753372192383,134.71194458007812,26.836742556035006
bistro,6,O-ET2X-R-CurrentEdge-Point,227,chairs-wide,3.0797345638275146,53.340972900390625,30.8601942822763
bistro,9,O-ET2X-R-PreviousRawEdge-Point,227,full,0.7092301845550537,7.760621070861816,39.23183882283057
bistro,9,O-ET2X-R-PreviousRawEdge-Point,227,chair,5.882753372192383,134.71194458007812,26.836742556035006
bistro,9,O-ET2X-R-PreviousRawEdge-Point,227,chairs-wide,3.0797345638275146,53.340972900390625,30.8601942822763
bistro,10,ABL-ET2X-R-PreviousRawEdge-BilinearRGB,227,full,0.7092301845550537,7.760621070861816,39.23183882283057
bistro,10,ABL-ET2X-R-PreviousRawEdge-BilinearRGB,227,chair,5.882753372192383,134.71194458007812,26.836742556035006
bistro,10,ABL-ET2X-R-PreviousRawEdge-BilinearRGB,227,chairs-wide,3.0797345638275146,53.340972900390625,30.8601942822763
bistro,4,O-T2X-R,228,full,0.5828254222869873,4.2331342697143555,41.86418316898691
bistro,4,O-T2X-R,228,chair,3.896780252456665,56.82368469238281,30.58550969043736
bistro,4,O-T2X-R,228,chairs-wide,2.071668863296509,24.123632431030273,34.306376583128774
bistro,6,O-ET2X-R-CurrentEdge-Point,228,full,0.7092301845550537,7.760621070861816,39.23183882283057
bistro,6,O-ET2X-R-CurrentEdge-Point,228,chair,5.882753372192383,134.71194458007812,26.836742556035006
bistro,6,O-ET2X-R-CurrentEdge-Point,228,chairs-wide,3.0797345638275146,53.340972900390625,30.8601942822763
bistro,9,O-ET2X-R-PreviousRawEdge-Point,228,full,0.7092301845550537,7.760621070861816,39.23183882283057
bistro,9,O-ET2X-R-PreviousRawEdge-Point,228,chair,5.882753372192383,134.71194458007812,26.836742556035006
bistro,9,O-ET2X-R-PreviousRawEdge-Point,228,chairs-wide,3.0797345638275146,53.340972900390625,30.8601942822763
bistro,10,ABL-ET2X-R-PreviousRawEdge-BilinearRGB,228,full,0.7092301845550537,7.760621070861816,39.23183882283057
bistro,10,ABL-ET2X-R-PreviousRawEdge-BilinearRGB,228,chair,5.882753372192383,134.71194458007812,26.836742556035006
bistro,10,ABL-ET2X-R-PreviousRawEdge-BilinearRGB,228,chairs-wide,3.0797345638275146,53.340972900390625,30.8601942822763
bistro,4,O-T2X-R,229,full,0.5828254222869873,4.2331342697143555,41.86418316898691
bistro,4,O-T2X-R,229,chair,3.896780252456665,56.82368469238281,30.58550969043736
bistro,4,O-T2X-R,229,chairs-wide,2.071668863296509,24.123632431030273,34.306376583128774
bistro,6,O-ET2X-R-CurrentEdge-Point,229,full,0.7092301845550537,7.760621070861816,39.23183882283057
bistro,6,O-ET2X-R-CurrentEdge-Point,229,chair,5.882753372192383,134.71194458007812,26.836742556035006
bistro,6,O-ET2X-R-CurrentEdge-Point,229,chairs-wide,3.0797345638275146,53.340972900390625,30.8601942822763
bistro,9,O-ET2X-R-PreviousRawEdge-Point,229,full,0.7092301845550537,7.760621070861816,39.23183882283057
bistro,9,O-ET2X-R-PreviousRawEdge-Point,229,chair,5.882753372192383,134.71194458007812,26.836742556035006
bistro,9,O-ET2X-R-PreviousRawEdge-Point,229,chairs-wide,3.0797345638275146,53.340972900390625,30.8601942822763
bistro,10,ABL-ET2X-R-PreviousRawEdge-BilinearRGB,229,full,0.7092301845550537,7.760621070861816,39.23183882283057
bistro,10,ABL-ET2X-R-PreviousRawEdge-BilinearRGB,229,chair,5.882753372192383,134.71194458007812,26.836742556035006
bistro,10,ABL-ET2X-R-PreviousRawEdge-BilinearRGB,229,chairs-wide,3.0797345638275146,53.340972900390625,30.8601942822763
bistro,4,O-T2X-R,230,full,0.5828254222869873,4.2331342697143555,41.86418316898691
bistro,4,O-T2X-R,230,chair,3.896780252456665,56.82368469238281,30.58550969043736
bistro,4,O-T2X-R,230,chairs-wide,2.071668863296509,24.123632431030273,34.306376583128774
bistro,6,O-ET2X-R-CurrentEdge-Point,230,full,0.7092301845550537,7.760621070861816,39.23183882283057
bistro,6,O-ET2X-R-CurrentEdge-Point,230,chair,5.882753372192383,134.71194458007812,26.836742556035006
bistro,6,O-ET2X-R-CurrentEdge-Point,230,chairs-wide,3.0797345638275146,53.340972900390625,30.8601942822763
bistro,9,O-ET2X-R-PreviousRawEdge-Point,230,full,0.7092301845550537,7.760621070861816,39.23183882283057
bistro,9,O-ET2X-R-PreviousRawEdge-Point,230,chair,5.882753372192383,134.71194458007812,26.836742556035006
bistro,9,O-ET2X-R-PreviousRawEdge-Point,230,chairs-wide,3.0797345638275146,53.340972900390625,30.8601942822763
bistro,10,ABL-ET2X-R-PreviousRawEdge-BilinearRGB,230,full,0.7092301845550537,7.760621070861816,39.23183882283057
bistro,10,ABL-ET2X-R-PreviousRawEdge-BilinearRGB,230,chair,5.882753372192383,134.71194458007812,26.836742556035006
bistro,10,ABL-ET2X-R-PreviousRawEdge-BilinearRGB,230,chairs-wide,3.0797345638275146,53.340972900390625,30.8601942822763
bistro,4,O-T2X-R,231,full,0.5828254222869873,4.2331342697143555,41.86418316898691
bistro,4,O-T2X-R,231,chair,3.896780252456665,56.82368469238281,30.58550969043736
bistro,4,O-T2X-R,231,chairs-wide,2.071668863296509,24.123632431030273,34.306376583128774
bistro,6,O-ET2X-R-CurrentEdge-Point,231,full,0.7092301845550537,7.760621070861816,39.23183882283057
bistro,6,O-ET2X-R-CurrentEdge-Point,231,chair,5.882753372192383,134.71194458007812,26.836742556035006
bistro,6,O-ET2X-R-CurrentEdge-Point,231,chairs-wide,3.0797345638275146,53.340972900390625,30.8601942822763
bistro,9,O-ET2X-R-PreviousRawEdge-Point,231,full,0.7092301845550537,7.760621070861816,39.23183882283057
bistro,9,O-ET2X-R-PreviousRawEdge-Point,231,chair,5.882753372192383,134.71194458007812,26.836742556035006
bistro,9,O-ET2X-R-PreviousRawEdge-Point,231,chairs-wide,3.0797345638275146,53.340972900390625,30.8601942822763
bistro,10,ABL-ET2X-R-PreviousRawEdge-BilinearRGB,231,full,0.7092301845550537,7.760621070861816,39.23183882283057
bistro,10,ABL-ET2X-R-PreviousRawEdge-BilinearRGB,231,chair,5.882753372192383,134.71194458007812,26.836742556035006
bistro,10,ABL-ET2X-R-PreviousRawEdge-BilinearRGB,231,chairs-wide,3.0797345638275146,53.340972900390625,30.8601942822763
bistro,4,O-T2X-R,232,full,0.5828254222869873,4.2331342697143555,41.86418316898691
bistro,4,O-T2X-R,232,chair,3.896780252456665,56.82368469238281,30.58550969043736
bistro,4,O-T2X-R,232,chairs-wide,2.071668863296509,24.123632431030273,34.306376583128774
bistro,6,O-ET2X-R-CurrentEdge-Point,232,full,0.7092301845550537,7.760621070861816,39.23183882283057
bistro,6,O-ET2X-R-CurrentEdge-Point,232,chair,5.882753372192383,134.71194458007812,26.836742556035006
bistro,6,O-ET2X-R-CurrentEdge-Point,232,chairs-wide,3.0797345638275146,53.340972900390625,30.8601942822763
bistro,9,O-ET2X-R-PreviousRawEdge-Point,232,full,0.7092301845550537,7.760621070861816,39.23183882283057
bistro,9,O-ET2X-R-PreviousRawEdge-Point,232,chair,5.882753372192383,134.71194458007812,26.836742556035006
bistro,9,O-ET2X-R-PreviousRawEdge-Point,232,chairs-wide,3.0797345638275146,53.340972900390625,30.8601942822763
bistro,10,ABL-ET2X-R-PreviousRawEdge-BilinearRGB,232,full,0.7092301845550537,7.760621070861816,39.23183882283057
bistro,10,ABL-ET2X-R-PreviousRawEdge-BilinearRGB,232,chair,5.882753372192383,134.71194458007812,26.836742556035006
bistro,10,ABL-ET2X-R-PreviousRawEdge-BilinearRGB,232,chairs-wide,3.0797345638275146,53.340972900390625,30.8601942822763
bistro,4,O-T2X-R,233,full,0.5828254222869873,4.2331342697143555,41.86418316898691
bistro,4,O-T2X-R,233,chair,3.896780252456665,56.82368469238281,30.58550969043736
bistro,4,O-T2X-R,233,chairs-wide,2.071668863296509,24.123632431030273,34.306376583128774
bistro,6,O-ET2X-R-CurrentEdge-Point,233,full,0.7092301845550537,7.760621070861816,39.23183882283057
bistro,6,O-ET2X-R-CurrentEdge-Point,233,chair,5.882753372192383,134.71194458007812,26.836742556035006
bistro,6,O-ET2X-R-CurrentEdge-Point,233,chairs-wide,3.0797345638275146,53.340972900390625,30.8601942822763
bistro,9,O-ET2X-R-PreviousRawEdge-Point,233,full,0.7092301845550537,7.760621070861816,39.23183882283057
bistro,9,O-ET2X-R-PreviousRawEdge-Point,233,chair,5.882753372192383,134.71194458007812,26.836742556035006
bistro,9,O-ET2X-R-PreviousRawEdge-Point,233,chairs-wide,3.0797345638275146,53.340972900390625,30.8601942822763
bistro,10,ABL-ET2X-R-PreviousRawEdge-BilinearRGB,233,full,0.7092301845550537,7.760621070861816,39.23183882283057
bistro,10,ABL-ET2X-R-PreviousRawEdge-BilinearRGB,233,chair,5.882753372192383,134.71194458007812,26.836742556035006
bistro,10,ABL-ET2X-R-PreviousRawEdge-BilinearRGB,233,chairs-wide,3.0797345638275146,53.340972900390625,30.8601942822763
bistro,4,O-T2X-R,234,full,0.5828254222869873,4.2331342697143555,41.86418316898691
bistro,4,O-T2X-R,234,chair,3.896780252456665,56.82368469238281,30.58550969043736
bistro,4,O-T2X-R,234,chairs-wide,2.071668863296509,24.123632431030273,34.306376583128774
bistro,6,O-ET2X-R-CurrentEdge-Point,234,full,0.7092301845550537,7.760621070861816,39.23183882283057
bistro,6,O-ET2X-R-CurrentEdge-Point,234,chair,5.882753372192383,134.71194458007812,26.836742556035006
bistro,6,O-ET2X-R-CurrentEdge-Point,234,chairs-wide,3.0797345638275146,53.340972900390625,30.8601942822763
bistro,9,O-ET2X-R-PreviousRawEdge-Point,234,full,0.7092301845550537,7.760621070861816,39.23183882283057
bistro,9,O-ET2X-R-PreviousRawEdge-Point,234,chair,5.882753372192383,134.71194458007812,26.836742556035006
bistro,9,O-ET2X-R-PreviousRawEdge-Point,234,chairs-wide,3.0797345638275146,53.340972900390625,30.8601942822763
bistro,10,ABL-ET2X-R-PreviousRawEdge-BilinearRGB,234,full,0.7092301845550537,7.760621070861816,39.23183882283057
bistro,10,ABL-ET2X-R-PreviousRawEdge-BilinearRGB,234,chair,5.882753372192383,134.71194458007812,26.836742556035006
bistro,10,ABL-ET2X-R-PreviousRawEdge-BilinearRGB,234,chairs-wide,3.0797345638275146,53.340972900390625,30.8601942822763
bistro,4,O-T2X-R,235,full,0.5828256011009216,4.2331342697143555,41.86418316898691
bistro,4,O-T2X-R,235,chair,3.896780252456665,56.82368469238281,30.58550969043736
bistro,4,O-T2X-R,235,chairs-wide,2.071668863296509,24.123632431030273,34.306376583128774
bistro,6,O-ET2X-R-CurrentEdge-Point,235,full,0.709230363368988,7.760621070861816,39.23183882283057
bistro,6,O-ET2X-R-CurrentEdge-Point,235,chair,5.882753372192383,134.71194458007812,26.836742556035006
bistro,6,O-ET2X-R-CurrentEdge-Point,235,chairs-wide,3.0797345638275146,53.340972900390625,30.8601942822763
bistro,9,O-ET2X-R-PreviousRawEdge-Point,235,full,0.709230363368988,7.760621070861816,39.23183882283057
bistro,9,O-ET2X-R-PreviousRawEdge-Point,235,chair,5.882753372192383,134.71194458007812,26.836742556035006
bistro,9,O-ET2X-R-PreviousRawEdge-Point,235,chairs-wide,3.0797345638275146,53.340972900390625,30.8601942822763
bistro,10,ABL-ET2X-R-PreviousRawEdge-BilinearRGB,235,full,0.709230363368988,7.760621070861816,39.23183882283057
bistro,10,ABL-ET2X-R-PreviousRawEdge-BilinearRGB,235,chair,5.882753372192383,134.71194458007812,26.836742556035006
bistro,10,ABL-ET2X-R-PreviousRawEdge-BilinearRGB,235,chairs-wide,3.0797345638275146,53.340972900390625,30.8601942822763
bistro,4,O-T2X-R,236,full,0.5828254222869873,4.2331342697143555,41.86418316898691
bistro,4,O-T2X-R,236,chair,3.896780252456665,56.82368469238281,30.58550969043736
bistro,4,O-T2X-R,236,chairs-wide,2.071668863296509,24.123632431030273,34.306376583128774
bistro,6,O-ET2X-R-CurrentEdge-Point,236,full,0.7092301845550537,7.760621070861816,39.23183882283057
bistro,6,O-ET2X-R-CurrentEdge-Point,236,chair,5.882753372192383,134.71194458007812,26.836742556035006
bistro,6,O-ET2X-R-CurrentEdge-Point,236,chairs-wide,3.0797345638275146,53.340972900390625,30.8601942822763
bistro,9,O-ET2X-R-PreviousRawEdge-Point,236,full,0.7092301845550537,7.760621070861816,39.23183882283057
bistro,9,O-ET2X-R-PreviousRawEdge-Point,236,chair,5.882753372192383,134.71194458007812,26.836742556035006
bistro,9,O-ET2X-R-PreviousRawEdge-Point,236,chairs-wide,3.0797345638275146,53.340972900390625,30.8601942822763
bistro,10,ABL-ET2X-R-PreviousRawEdge-BilinearRGB,236,full,0.7092301845550537,7.760621070861816,39.23183882283057
bistro,10,ABL-ET2X-R-PreviousRawEdge-BilinearRGB,236,chair,5.882753372192383,134.71194458007812,26.836742556035006
bistro,10,ABL-ET2X-R-PreviousRawEdge-BilinearRGB,236,chairs-wide,3.0797345638275146,53.340972900390625,30.8601942822763
bistro,4,O-T2X-R,237,full,0.5828256011009216,4.2331342697143555,41.86418316898691
bistro,4,O-T2X-R,237,chair,3.896780252456665,56.82368469238281,30.58550969043736
bistro,4,O-T2X-R,237,chairs-wide,2.071668863296509,24.123632431030273,34.306376583128774
bistro,6,O-ET2X-R-CurrentEdge-Point,237,full,0.709230363368988,7.760621070861816,39.23183882283057
bistro,6,O-ET2X-R-CurrentEdge-Point,237,chair,5.882753372192383,134.71194458007812,26.836742556035006
bistro,6,O-ET2X-R-CurrentEdge-Point,237,chairs-wide,3.0797345638275146,53.340972900390625,30.8601942822763
bistro,9,O-ET2X-R-PreviousRawEdge-Point,237,full,0.709230363368988,7.760621070861816,39.23183882283057
bistro,9,O-ET2X-R-PreviousRawEdge-Point,237,chair,5.882753372192383,134.71194458007812,26.836742556035006
bistro,9,O-ET2X-R-PreviousRawEdge-Point,237,chairs-wide,3.0797345638275146,53.340972900390625,30.8601942822763
bistro,10,ABL-ET2X-R-PreviousRawEdge-BilinearRGB,237,full,0.709230363368988,7.760621070861816,39.23183882283057
bistro,10,ABL-ET2X-R-PreviousRawEdge-BilinearRGB,237,chair,5.882753372192383,134.71194458007812,26.836742556035006
bistro,10,ABL-ET2X-R-PreviousRawEdge-BilinearRGB,237,chairs-wide,3.0797345638275146,53.340972900390625,30.8601942822763
bistro,4,O-T2X-R,238,full,0.5828254222869873,4.2331342697143555,41.86418316898691
bistro,4,O-T2X-R,238,chair,3.896780252456665,56.82368469238281,30.58550969043736
bistro,4,O-T2X-R,238,chairs-wide,2.071668863296509,24.123632431030273,34.306376583128774
bistro,6,O-ET2X-R-CurrentEdge-Point,238,full,0.7092301845550537,7.760621070861816,39.23183882283057
bistro,6,O-ET2X-R-CurrentEdge-Point,238,chair,5.882753372192383,134.71194458007812,26.836742556035006
bistro,6,O-ET2X-R-CurrentEdge-Point,238,chairs-wide,3.0797345638275146,53.340972900390625,30.8601942822763
bistro,9,O-ET2X-R-PreviousRawEdge-Point,238,full,0.7092301845550537,7.760621070861816,39.23183882283057
bistro,9,O-ET2X-R-PreviousRawEdge-Point,238,chair,5.882753372192383,134.71194458007812,26.836742556035006
bistro,9,O-ET2X-R-PreviousRawEdge-Point,238,chairs-wide,3.0797345638275146,53.340972900390625,30.8601942822763
bistro,10,ABL-ET2X-R-PreviousRawEdge-BilinearRGB,238,full,0.7092301845550537,7.760621070861816,39.23183882283057
bistro,10,ABL-ET2X-R-PreviousRawEdge-BilinearRGB,238,chair,5.882753372192383,134.71194458007812,26.836742556035006
bistro,10,ABL-ET2X-R-PreviousRawEdge-BilinearRGB,238,chairs-wide,3.0797345638275146,53.340972900390625,30.8601942822763
bistro,4,O-T2X-R,239,full,0.5828256011009216,4.2331342697143555,41.86418316898691
bistro,4,O-T2X-R,239,chair,3.896780252456665,56.82368469238281,30.58550969043736
bistro,4,O-T2X-R,239,chairs-wide,2.071668863296509,24.123632431030273,34.306376583128774
bistro,6,O-ET2X-R-CurrentEdge-Point,239,full,0.709230363368988,7.760621070861816,39.23183882283057
bistro,6,O-ET2X-R-CurrentEdge-Point,239,chair,5.882753372192383,134.71194458007812,26.836742556035006
bistro,6,O-ET2X-R-CurrentEdge-Point,239,chairs-wide,3.0797345638275146,53.340972900390625,30.8601942822763
bistro,9,O-ET2X-R-PreviousRawEdge-Point,239,full,0.709230363368988,7.760621070861816,39.23183882283057
bistro,9,O-ET2X-R-PreviousRawEdge-Point,239,chair,5.882753372192383,134.71194458007812,26.836742556035006
bistro,9,O-ET2X-R-PreviousRawEdge-Point,239,chairs-wide,3.0797345638275146,53.340972900390625,30.8601942822763
bistro,10,ABL-ET2X-R-PreviousRawEdge-BilinearRGB,239,full,0.709230363368988,7.760621070861816,39.23183882283057
bistro,10,ABL-ET2X-R-PreviousRawEdge-BilinearRGB,239,chair,5.882753372192383,134.71194458007812,26.836742556035006
bistro,10,ABL-ET2X-R-PreviousRawEdge-BilinearRGB,239,chairs-wide,3.0797345638275146,53.340972900390625,30.8601942822763
