frame,phase,roi,mode,reference_rgb_mae,reference_psnr,luma_adjacent_mae,luma_second_difference_mae
0,still-before,chair,O-T2X-R,6.6784443855285645,26.338290801734075,,
0,still-before,chair,O-ET2X-R-CurrentEdge-Point,5.546253681182861,27.741128275872825,,
0,still-before,chair,O-ET2X-R-PreviousRawEdge-Point,5.546253681182861,27.741128275872825,,
0,still-before,chair,ABL-ET2X-R-PreviousRawEdge-BilinearRGB,5.546253681182861,27.741128275872825,,
0,still-before,chairs-wide,O-T2X-R,3.0630667209625244,30.98049793447444,,
0,still-before,chairs-wide,O-ET2X-R-CurrentEdge-Point,2.4543728828430176,32.59444252997669,,
0,still-before,chairs-wide,O-ET2X-R-PreviousRawEdge-Point,2.4543728828430176,32.59444252997669,,
0,still-before,chairs-wide,ABL-ET2X-R-PreviousRawEdge-BilinearRGB,2.4543728828430176,32.59444252997669,,
1,still-before,chair,O-T2X-R,3.863340377807617,30.773035422457546,4.929037094116211,
1,still-before,chair,O-ET2X-R-CurrentEdge-Point,5.546253681182861,27.741128275872825,0.0,
1,still-before,chair,O-ET2X-R-PreviousRawEdge-Point,5.546253681182861,27.741128275872825,0.0,
1,still-before,chair,ABL-ET2X-R-PreviousRawEdge-BilinearRGB,5.546253681182861,27.741128275872825,0.0,
1,still-before,chairs-wide,O-T2X-R,1.6805254220962524,35.76593558687355,2.3520946502685547,
1,still-before,chairs-wide,O-ET2X-R-CurrentEdge-Point,2.454366683959961,32.59444299300581,0.0,
1,still-before,chairs-wide,O-ET2X-R-PreviousRawEdge-Point,2.454366683959961,32.59444299300581,0.0,
1,still-before,chairs-wide,ABL-ET2X-R-PreviousRawEdge-BilinearRGB,2.454366683959961,32.59444299300581,0.0,
2,still-before,chair,O-T2X-R,3.863340377807617,30.773035422457546,0.0,4.929037094116211
2,still-before,chair,O-ET2X-R-CurrentEdge-Point,5.546253681182861,27.741128275872825,0.0,0.0
2,still-before,chair,O-ET2X-R-PreviousRawEdge-Point,5.546253681182861,27.741128275872825,0.0,0.0
2,still-before,chair,ABL-ET2X-R-PreviousRawEdge-BilinearRGB,5.546253681182861,27.741128275872825,0.0,0.0
2,still-before,chairs-wide,O-T2X-R,1.6805254220962524,35.76593558687355,0.0,2.3520946502685547
2,still-before,chairs-wide,O-ET2X-R-CurrentEdge-Point,2.454366683959961,32.59444299300581,0.0,0.0
2,still-before,chairs-wide,O-ET2X-R-PreviousRawEdge-Point,2.454366683959961,32.59444299300581,0.0,0.0
2,still-before,chairs-wide,ABL-ET2X-R-PreviousRawEdge-BilinearRGB,2.454366683959961,32.59444299300581,0.0,0.0
3,still-before,chair,O-T2X-R,3.863340377807617,30.773035422457546,0.0,0.0
3,still-before,chair,O-ET2X-R-CurrentEdge-Point,5.546253681182861,27.741128275872825,0.0,0.0
3,still-before,chair,O-ET2X-R-PreviousRawEdge-Point,5.546253681182861,27.741128275872825,0.0,0.0
3,still-before,chair,ABL-ET2X-R-PreviousRawEdge-BilinearRGB,5.546253681182861,27.741128275872825,0.0,0.0
3,still-before,chairs-wide,O-T2X-R,1.6805254220962524,35.76593558687355,0.0,0.0
3,still-before,chairs-wide,O-ET2X-R-CurrentEdge-Point,2.454366683959961,32.59444299300581,0.0,0.0
3,still-before,chairs-wide,O-ET2X-R-PreviousRawEdge-Point,2.454366683959961,32.59444299300581,0.0,0.0
3,still-before,chairs-wide,ABL-ET2X-R-PreviousRawEdge-BilinearRGB,2.454366683959961,32.59444299300581,0.0,0.0
4,still-before,chair,O-T2X-R,3.863340377807617,30.773035422457546,0.0,0.0
4,still-before,chair,O-ET2X-R-CurrentEdge-Point,5.546253681182861,27.741128275872825,0.0,0.0
4,still-before,chair,O-ET2X-R-PreviousRawEdge-Point,5.546253681182861,27.741128275872825,0.0,0.0
4,still-before,chair,ABL-ET2X-R-PreviousRawEdge-BilinearRGB,5.546253681182861,27.741128275872825,0.0,0.0
4,still-before,chairs-wide,O-T2X-R,1.6805254220962524,35.76593558687355,0.0,0.0
4,still-before,chairs-wide,O-ET2X-R-CurrentEdge-Point,2.454366683959961,32.59444299300581,0.0,0.0
4,still-before,chairs-wide,O-ET2X-R-PreviousRawEdge-Point,2.454366683959961,32.59444299300581,0.0,0.0
4,still-before,chairs-wide,ABL-ET2X-R-PreviousRawEdge-BilinearRGB,2.454366683959961,32.59444299300581,0.0,0.0
5,still-before,chair,O-T2X-R,3.863340377807617,30.773035422457546,0.0,0.0
5,still-before,chair,O-ET2X-R-CurrentEdge-Point,5.546253681182861,27.741128275872825,0.0,0.0
5,still-before,chair,O-ET2X-R-PreviousRawEdge-Point,5.546253681182861,27.741128275872825,0.0,0.0
5,still-before,chair,ABL-ET2X-R-PreviousRawEdge-BilinearRGB,5.546253681182861,27.741128275872825,0.0,0.0
5,still-before,chairs-wide,O-T2X-R,1.6805254220962524,35.76593558687355,0.0,0.0
5,still-before,chairs-wide,O-ET2X-R-CurrentEdge-Point,2.454366683959961,32.59444299300581,0.0,0.0
5,still-before,chairs-wide,O-ET2X-R-PreviousRawEdge-Point,2.454366683959961,32.59444299300581,0.0,0.0
5,still-before,chairs-wide,ABL-ET2X-R-PreviousRawEdge-BilinearRGB,2.454366683959961,32.59444299300581,0.0,0.0
6,still-before,chair,O-T2X-R,3.863340377807617,30.773035422457546,0.0,0.0
6,still-before,chair,O-ET2X-R-CurrentEdge-Point,5.546253681182861,27.741128275872825,0.0,0.0
6,still-before,chair,O-ET2X-R-PreviousRawEdge-Point,5.546253681182861,27.741128275872825,0.0,0.0
6,still-before,chair,ABL-ET2X-R-PreviousRawEdge-BilinearRGB,5.546253681182861,27.741128275872825,0.0,0.0
6,still-before,chairs-wide,O-T2X-R,1.6805254220962524,35.76593558687355,0.0,0.0
6,still-before,chairs-wide,O-ET2X-R-CurrentEdge-Point,2.454366683959961,32.59444299300581,0.0,0.0
6,still-before,chairs-wide,O-ET2X-R-PreviousRawEdge-Point,2.454366683959961,32.59444299300581,0.0,0.0
6,still-before,chairs-wide,ABL-ET2X-R-PreviousRawEdge-BilinearRGB,2.454366683959961,32.59444299300581,0.0,0.0
7,still-before,chair,O-T2X-R,3.863340377807617,30.773035422457546,0.0,0.0
7,still-before,chair,O-ET2X-R-CurrentEdge-Point,5.546253681182861,27.741128275872825,0.0,0.0
7,still-before,chair,O-ET2X-R-PreviousRawEdge-Point,5.546253681182861,27.741128275872825,0.0,0.0
7,still-before,chair,ABL-ET2X-R-PreviousRawEdge-BilinearRGB,5.546253681182861,27.741128275872825,0.0,0.0
7,still-before,chairs-wide,O-T2X-R,1.6805254220962524,35.76593558687355,0.0,0.0
7,still-before,chairs-wide,O-ET2X-R-CurrentEdge-Point,2.454366683959961,32.59444299300581,0.0,0.0
7,still-before,chairs-wide,O-ET2X-R-PreviousRawEdge-Point,2.454366683959961,32.59444299300581,0.0,0.0
7,still-before,chairs-wide,ABL-ET2X-R-PreviousRawEdge-BilinearRGB,2.454366683959961,32.59444299300581,0.0,0.0
8,still-before,chair,O-T2X-R,3.863340377807617,30.773035422457546,0.0,0.0
8,still-before,chair,O-ET2X-R-CurrentEdge-Point,5.546253681182861,27.741128275872825,0.0,0.0
8,still-before,chair,O-ET2X-R-PreviousRawEdge-Point,5.546253681182861,27.741128275872825,0.0,0.0
8,still-before,chair,ABL-ET2X-R-PreviousRawEdge-BilinearRGB,5.546253681182861,27.741128275872825,0.0,0.0
8,still-before,chairs-wide,O-T2X-R,1.6805254220962524,35.76593558687355,0.0,0.0
8,still-before,chairs-wide,O-ET2X-R-CurrentEdge-Point,2.454366683959961,32.59444299300581,0.0,0.0
8,still-before,chairs-wide,O-ET2X-R-PreviousRawEdge-Point,2.454366683959961,32.59444299300581,0.0,0.0
8,still-before,chairs-wide,ABL-ET2X-R-PreviousRawEdge-BilinearRGB,2.454366683959961,32.59444299300581,0.0,0.0
9,still-before,chair,O-T2X-R,3.863340377807617,30.773035422457546,0.0,0.0
9,still-before,chair,O-ET2X-R-CurrentEdge-Point,5.546253681182861,27.741128275872825,0.0,0.0
9,still-before,chair,O-ET2X-R-PreviousRawEdge-Point,5.546253681182861,27.741128275872825,0.0,0.0
9,still-before,chair,ABL-ET2X-R-PreviousRawEdge-BilinearRGB,5.546253681182861,27.741128275872825,0.0,0.0
9,still-before,chairs-wide,O-T2X-R,1.6805254220962524,35.76593558687355,0.0,0.0
9,still-before,chairs-wide,O-ET2X-R-CurrentEdge-Point,2.454366683959961,32.59444299300581,0.0,0.0
9,still-before,chairs-wide,O-ET2X-R-PreviousRawEdge-Point,2.454366683959961,32.59444299300581,0.0,0.0
9,still-before,chairs-wide,ABL-ET2X-R-PreviousRawEdge-BilinearRGB,2.454366683959961,32.59444299300581,0.0,0.0
10,still-before,chair,O-T2X-R,3.863340377807617,30.773035422457546,0.0,0.0
10,still-before,chair,O-ET2X-R-CurrentEdge-Point,5.546253681182861,27.741128275872825,0.0,0.0
10,still-before,chair,O-ET2X-R-PreviousRawEdge-Point,5.546253681182861,27.741128275872825,0.0,0.0
10,still-before,chair,ABL-ET2X-R-PreviousRawEdge-BilinearRGB,5.546253681182861,27.741128275872825,0.0,0.0
10,still-before,chairs-wide,O-T2X-R,1.6805254220962524,35.76593558687355,0.0,0.0
10,still-before,chairs-wide,O-ET2X-R-CurrentEdge-Point,2.454366683959961,32.59444299300581,0.0,0.0
10,still-before,chairs-wide,O-ET2X-R-PreviousRawEdge-Point,2.454366683959961,32.59444299300581,0.0,0.0
10,still-before,chairs-wide,ABL-ET2X-R-PreviousRawEdge-BilinearRGB,2.454366683959961,32.59444299300581,0.0,0.0
11,still-before,chair,O-T2X-R,3.863340377807617,30.773035422457546,0.0,0.0
11,still-before,chair,O-ET2X-R-CurrentEdge-Point,5.546253681182861,27.741128275872825,0.0,0.0
11,still-before,chair,O-ET2X-R-PreviousRawEdge-Point,5.546253681182861,27.741128275872825,0.0,0.0
11,still-before,chair,ABL-ET2X-R-PreviousRawEdge-BilinearRGB,5.546253681182861,27.741128275872825,0.0,0.0
11,still-before,chairs-wide,O-T2X-R,1.6805254220962524,35.76593558687355,0.0,0.0
11,still-before,chairs-wide,O-ET2X-R-CurrentEdge-Point,2.454366683959961,32.59444299300581,0.0,0.0
11,still-before,chairs-wide,O-ET2X-R-PreviousRawEdge-Point,2.454366683959961,32.59444299300581,0.0,0.0
11,still-before,chairs-wide,ABL-ET2X-R-PreviousRawEdge-BilinearRGB,2.454366683959961,32.59444299300581,0.0,0.0
12,still-before,chair,O-T2X-R,3.863340377807617,30.773035422457546,0.0,0.0
12,still-before,chair,O-ET2X-R-CurrentEdge-Point,5.546253681182861,27.741128275872825,0.0,0.0
12,still-before,chair,O-ET2X-R-PreviousRawEdge-Point,5.546253681182861,27.741128275872825,0.0,0.0
12,still-before,chair,ABL-ET2X-R-PreviousRawEdge-BilinearRGB,5.546253681182861,27.741128275872825,0.0,0.0
12,still-before,chairs-wide,O-T2X-R,1.6805254220962524,35.76593558687355,0.0,0.0
12,still-before,chairs-wide,O-ET2X-R-CurrentEdge-Point,2.454366683959961,32.59444299300581,0.0,0.0
12,still-before,chairs-wide,O-ET2X-R-PreviousRawEdge-Point,2.454366683959961,32.59444299300581,0.0,0.0
12,still-before,chairs-wide,ABL-ET2X-R-PreviousRawEdge-BilinearRGB,2.454366683959961,32.59444299300581,0.0,0.0
13,still-before,chair,O-T2X-R,3.863340377807617,30.773035422457546,0.0,0.0
13,still-before,chair,O-ET2X-R-CurrentEdge-Point,5.546253681182861,27.741128275872825,0.0,0.0
13,still-before,chair,O-ET2X-R-PreviousRawEdge-Point,5.546253681182861,27.741128275872825,0.0,0.0
13,still-before,chair,ABL-ET2X-R-PreviousRawEdge-BilinearRGB,5.546253681182861,27.741128275872825,0.0,0.0
13,still-before,chairs-wide,O-T2X-R,1.6805254220962524,35.76593558687355,0.0,0.0
13,still-before,chairs-wide,O-ET2X-R-CurrentEdge-Point,2.454366683959961,32.59444299300581,0.0,0.0
13,still-before,chairs-wide,O-ET2X-R-PreviousRawEdge-Point,2.454366683959961,32.59444299300581,0.0,0.0
13,still-before,chairs-wide,ABL-ET2X-R-PreviousRawEdge-BilinearRGB,2.454366683959961,32.59444299300581,0.0,0.0
14,still-before,chair,O-T2X-R,3.863340377807617,30.773035422457546,0.0,0.0
14,still-before,chair,O-ET2X-R-CurrentEdge-Point,5.546253681182861,27.741128275872825,0.0,0.0
14,still-before,chair,O-ET2X-R-PreviousRawEdge-Point,5.546253681182861,27.741128275872825,0.0,0.0
14,still-before,chair,ABL-ET2X-R-PreviousRawEdge-BilinearRGB,5.546253681182861,27.741128275872825,0.0,0.0
14,still-before,chairs-wide,O-T2X-R,1.6805254220962524,35.76593558687355,0.0,0.0
14,still-before,chairs-wide,O-ET2X-R-CurrentEdge-Point,2.454366683959961,32.59444299300581,0.0,0.0
14,still-before,chairs-wide,O-ET2X-R-PreviousRawEdge-Point,2.454366683959961,32.59444299300581,0.0,0.0
14,still-before,chairs-wide,ABL-ET2X-R-PreviousRawEdge-BilinearRGB,2.454366683959961,32.59444299300581,0.0,0.0
15,still-before,chair,O-T2X-R,3.863340377807617,30.773035422457546,0.0,0.0
15,still-before,chair,O-ET2X-R-CurrentEdge-Point,5.546253681182861,27.741128275872825,0.0,0.0
15,still-before,chair,O-ET2X-R-PreviousRawEdge-Point,5.546253681182861,27.741128275872825,0.0,0.0
15,still-before,chair,ABL-ET2X-R-PreviousRawEdge-BilinearRGB,5.546253681182861,27.741128275872825,0.0,0.0
15,still-before,chairs-wide,O-T2X-R,1.6805254220962524,35.76593558687355,0.0,0.0
15,still-before,chairs-wide,O-ET2X-R-CurrentEdge-Point,2.454366683959961,32.59444299300581,0.0,0.0
15,still-before,chairs-wide,O-ET2X-R-PreviousRawEdge-Point,2.454366683959961,32.59444299300581,0.0,0.0
15,still-before,chairs-wide,ABL-ET2X-R-PreviousRawEdge-BilinearRGB,2.454366683959961,32.59444299300581,0.0,0.0
16,still-before,chair,O-T2X-R,3.863340377807617,30.773035422457546,0.0,0.0
16,still-before,chair,O-ET2X-R-CurrentEdge-Point,5.546253681182861,27.741128275872825,0.0,0.0
16,still-before,chair,O-ET2X-R-PreviousRawEdge-Point,5.546253681182861,27.741128275872825,0.0,0.0
16,still-before,chair,ABL-ET2X-R-PreviousRawEdge-BilinearRGB,5.546253681182861,27.741128275872825,0.0,0.0
16,still-before,chairs-wide,O-T2X-R,1.6805254220962524,35.76593558687355,0.0,0.0
16,still-before,chairs-wide,O-ET2X-R-CurrentEdge-Point,2.454366683959961,32.59444299300581,0.0,0.0
16,still-before,chairs-wide,O-ET2X-R-PreviousRawEdge-Point,2.454366683959961,32.59444299300581,0.0,0.0
16,still-before,chairs-wide,ABL-ET2X-R-PreviousRawEdge-BilinearRGB,2.454366683959961,32.59444299300581,0.0,0.0
17,still-before,chair,O-T2X-R,3.863340377807617,30.773035422457546,0.0,0.0
17,still-before,chair,O-ET2X-R-CurrentEdge-Point,5.546253681182861,27.741128275872825,0.0,0.0
17,still-before,chair,O-ET2X-R-PreviousRawEdge-Point,5.546253681182861,27.741128275872825,0.0,0.0
17,still-before,chair,ABL-ET2X-R-PreviousRawEdge-BilinearRGB,5.546253681182861,27.741128275872825,0.0,0.0
17,still-before,chairs-wide,O-T2X-R,1.6805254220962524,35.76593558687355,0.0,0.0
17,still-before,chairs-wide,O-ET2X-R-CurrentEdge-Point,2.454366683959961,32.59444299300581,0.0,0.0
17,still-before,chairs-wide,O-ET2X-R-PreviousRawEdge-Point,2.454366683959961,32.59444299300581,0.0,0.0
17,still-before,chairs-wide,ABL-ET2X-R-PreviousRawEdge-BilinearRGB,2.454366683959961,32.59444299300581,0.0,0.0
18,still-before,chair,O-T2X-R,3.863340377807617,30.773035422457546,0.0,0.0
18,still-before,chair,O-ET2X-R-CurrentEdge-Point,5.546253681182861,27.741128275872825,0.0,0.0
18,still-before,chair,O-ET2X-R-PreviousRawEdge-Point,5.546253681182861,27.741128275872825,0.0,0.0
18,still-before,chair,ABL-ET2X-R-PreviousRawEdge-BilinearRGB,5.546253681182861,27.741128275872825,0.0,0.0
18,still-before,chairs-wide,O-T2X-R,1.6805254220962524,35.76593558687355,0.0,0.0
18,still-before,chairs-wide,O-ET2X-R-CurrentEdge-Point,2.454366683959961,32.59444299300581,0.0,0.0
18,still-before,chairs-wide,O-ET2X-R-PreviousRawEdge-Point,2.454366683959961,32.59444299300581,0.0,0.0
18,still-before,chairs-wide,ABL-ET2X-R-PreviousRawEdge-BilinearRGB,2.454366683959961,32.59444299300581,0.0,0.0
19,still-before,chair,O-T2X-R,3.863340377807617,30.773035422457546,0.0,0.0
19,still-before,chair,O-ET2X-R-CurrentEdge-Point,5.546253681182861,27.741128275872825,0.0,0.0
19,still-before,chair,O-ET2X-R-PreviousRawEdge-Point,5.546253681182861,27.741128275872825,0.0,0.0
19,still-before,chair,ABL-ET2X-R-PreviousRawEdge-BilinearRGB,5.546253681182861,27.741128275872825,0.0,0.0
19,still-before,chairs-wide,O-T2X-R,1.6805254220962524,35.76593558687355,0.0,0.0
19,still-before,chairs-wide,O-ET2X-R-CurrentEdge-Point,2.454366683959961,32.59444299300581,0.0,0.0
19,still-before,chairs-wide,O-ET2X-R-PreviousRawEdge-Point,2.454366683959961,32.59444299300581,0.0,0.0
19,still-before,chairs-wide,ABL-ET2X-R-PreviousRawEdge-BilinearRGB,2.454366683959961,32.59444299300581,0.0,0.0
20,still-before,chair,O-T2X-R,3.863340377807617,30.773035422457546,0.0,0.0
20,still-before,chair,O-ET2X-R-CurrentEdge-Point,5.546253681182861,27.741128275872825,0.0,0.0
20,still-before,chair,O-ET2X-R-PreviousRawEdge-Point,5.546253681182861,27.741128275872825,0.0,0.0
20,still-before,chair,ABL-ET2X-R-PreviousRawEdge-BilinearRGB,5.546253681182861,27.741128275872825,0.0,0.0
20,still-before,chairs-wide,O-T2X-R,1.6805254220962524,35.76593558687355,0.0,0.0
20,still-before,chairs-wide,O-ET2X-R-CurrentEdge-Point,2.454366683959961,32.59444299300581,0.0,0.0
20,still-before,chairs-wide,O-ET2X-R-PreviousRawEdge-Point,2.454366683959961,32.59444299300581,0.0,0.0
20,still-before,chairs-wide,ABL-ET2X-R-PreviousRawEdge-BilinearRGB,2.454366683959961,32.59444299300581,0.0,0.0
21,still-before,chair,O-T2X-R,3.863340377807617,30.773035422457546,0.0,0.0
21,still-before,chair,O-ET2X-R-CurrentEdge-Point,5.546253681182861,27.741128275872825,0.0,0.0
21,still-before,chair,O-ET2X-R-PreviousRawEdge-Point,5.546253681182861,27.741128275872825,0.0,0.0
21,still-before,chair,ABL-ET2X-R-PreviousRawEdge-BilinearRGB,5.546253681182861,27.741128275872825,0.0,0.0
21,still-before,chairs-wide,O-T2X-R,1.6805254220962524,35.76593558687355,0.0,0.0
21,still-before,chairs-wide,O-ET2X-R-CurrentEdge-Point,2.454366683959961,32.59444299300581,0.0,0.0
21,still-before,chairs-wide,O-ET2X-R-PreviousRawEdge-Point,2.454366683959961,32.59444299300581,0.0,0.0
21,still-before,chairs-wide,ABL-ET2X-R-PreviousRawEdge-BilinearRGB,2.454366683959961,32.59444299300581,0.0,0.0
22,still-before,chair,O-T2X-R,3.863340377807617,30.773035422457546,0.0,0.0
22,still-before,chair,O-ET2X-R-CurrentEdge-Point,5.546253681182861,27.741128275872825,0.0,0.0
22,still-before,chair,O-ET2X-R-PreviousRawEdge-Point,5.546253681182861,27.741128275872825,0.0,0.0
22,still-before,chair,ABL-ET2X-R-PreviousRawEdge-BilinearRGB,5.546253681182861,27.741128275872825,0.0,0.0
22,still-before,chairs-wide,O-T2X-R,1.6805254220962524,35.76593558687355,0.0,0.0
22,still-before,chairs-wide,O-ET2X-R-CurrentEdge-Point,2.454366683959961,32.59444299300581,0.0,0.0
22,still-before,chairs-wide,O-ET2X-R-PreviousRawEdge-Point,2.454366683959961,32.59444299300581,0.0,0.0
22,still-before,chairs-wide,ABL-ET2X-R-PreviousRawEdge-BilinearRGB,2.454366683959961,32.59444299300581,0.0,0.0
23,still-before,chair,O-T2X-R,3.863340377807617,30.773035422457546,0.0,0.0
23,still-before,chair,O-ET2X-R-CurrentEdge-Point,5.546253681182861,27.741128275872825,0.0,0.0
23,still-before,chair,O-ET2X-R-PreviousRawEdge-Point,5.546253681182861,27.741128275872825,0.0,0.0
23,still-before,chair,ABL-ET2X-R-PreviousRawEdge-BilinearRGB,5.546253681182861,27.741128275872825,0.0,0.0
23,still-before,chairs-wide,O-T2X-R,1.6805254220962524,35.76593558687355,0.0,0.0
23,still-before,chairs-wide,O-ET2X-R-CurrentEdge-Point,2.454366683959961,32.59444299300581,0.0,0.0
23,still-before,chairs-wide,O-ET2X-R-PreviousRawEdge-Point,2.454366683959961,32.59444299300581,0.0,0.0
23,still-before,chairs-wide,ABL-ET2X-R-PreviousRawEdge-BilinearRGB,2.454366683959961,32.59444299300581,0.0,0.0
24,still-before,chair,O-T2X-R,3.863340377807617,30.773035422457546,0.0,0.0
24,still-before,chair,O-ET2X-R-CurrentEdge-Point,5.546253681182861,27.741128275872825,0.0,0.0
24,still-before,chair,O-ET2X-R-PreviousRawEdge-Point,5.546253681182861,27.741128275872825,0.0,0.0
24,still-before,chair,ABL-ET2X-R-PreviousRawEdge-BilinearRGB,5.546253681182861,27.741128275872825,0.0,0.0
24,still-before,chairs-wide,O-T2X-R,1.6805133819580078,35.76595336681001,0.0,0.0
24,still-before,chairs-wide,O-ET2X-R-CurrentEdge-Point,2.454366683959961,32.594440214831835,0.0,0.0
24,still-before,chairs-wide,O-ET2X-R-PreviousRawEdge-Point,2.454366683959961,32.594440214831835,0.0,0.0
24,still-before,chairs-wide,ABL-ET2X-R-PreviousRawEdge-BilinearRGB,2.454366683959961,32.594440214831835,0.0,0.0
25,still-before,chair,O-T2X-R,3.863340377807617,30.773035422457546,0.0,0.0
25,still-before,chair,O-ET2X-R-CurrentEdge-Point,5.546253681182861,27.741128275872825,0.0,0.0
25,still-before,chair,O-ET2X-R-PreviousRawEdge-Point,5.546253681182861,27.741128275872825,0.0,0.0
25,still-before,chair,ABL-ET2X-R-PreviousRawEdge-BilinearRGB,5.546253681182861,27.741128275872825,0.0,0.0
25,still-before,chairs-wide,O-T2X-R,1.6805254220962524,35.76593558687355,0.0,0.0
25,still-before,chairs-wide,O-ET2X-R-CurrentEdge-Point,2.454366683959961,32.59444299300581,0.0,0.0
25,still-before,chairs-wide,O-ET2X-R-PreviousRawEdge-Point,2.454366683959961,32.59444299300581,0.0,0.0
25,still-before,chairs-wide,ABL-ET2X-R-PreviousRawEdge-BilinearRGB,2.454366683959961,32.59444299300581,0.0,0.0
26,still-before,chair,O-T2X-R,3.863340377807617,30.773035422457546,0.0,0.0
26,still-before,chair,O-ET2X-R-CurrentEdge-Point,5.546253681182861,27.741128275872825,0.0,0.0
26,still-before,chair,O-ET2X-R-PreviousRawEdge-Point,5.546253681182861,27.741128275872825,0.0,0.0
26,still-before,chair,ABL-ET2X-R-PreviousRawEdge-BilinearRGB,5.546253681182861,27.741128275872825,0.0,0.0
26,still-before,chairs-wide,O-T2X-R,1.6805254220962524,35.76593558687355,0.0,0.0
26,still-before,chairs-wide,O-ET2X-R-CurrentEdge-Point,2.454366683959961,32.59444299300581,0.0,0.0
26,still-before,chairs-wide,O-ET2X-R-PreviousRawEdge-Point,2.454366683959961,32.59444299300581,0.0,0.0
26,still-before,chairs-wide,ABL-ET2X-R-PreviousRawEdge-BilinearRGB,2.454366683959961,32.59444299300581,0.0,0.0
27,still-before,chair,O-T2X-R,3.863340377807617,30.773035422457546,0.0,0.0
27,still-before,chair,O-ET2X-R-CurrentEdge-Point,5.546253681182861,27.741128275872825,0.0,0.0
27,still-before,chair,O-ET2X-R-PreviousRawEdge-Point,5.546253681182861,27.741128275872825,0.0,0.0
27,still-before,chair,ABL-ET2X-R-PreviousRawEdge-BilinearRGB,5.546253681182861,27.741128275872825,0.0,0.0
27,still-before,chairs-wide,O-T2X-R,1.6805254220962524,35.76593558687355,0.0,0.0
27,still-before,chairs-wide,O-ET2X-R-CurrentEdge-Point,2.454366683959961,32.59444299300581,0.0,0.0
27,still-before,chairs-wide,O-ET2X-R-PreviousRawEdge-Point,2.454366683959961,32.59444299300581,0.0,0.0
27,still-before,chairs-wide,ABL-ET2X-R-PreviousRawEdge-BilinearRGB,2.454366683959961,32.59444299300581,0.0,0.0
28,still-before,chair,O-T2X-R,3.863340377807617,30.773035422457546,0.0,0.0
28,still-before,chair,O-ET2X-R-CurrentEdge-Point,5.546253681182861,27.741128275872825,0.0,0.0
28,still-before,chair,O-ET2X-R-PreviousRawEdge-Point,5.546253681182861,27.741128275872825,0.0,0.0
28,still-before,chair,ABL-ET2X-R-PreviousRawEdge-BilinearRGB,5.546253681182861,27.741128275872825,0.0,0.0
28,still-before,chairs-wide,O-T2X-R,1.6805254220962524,35.76593558687355,0.0,0.0
28,still-before,chairs-wide,O-ET2X-R-CurrentEdge-Point,2.454366683959961,32.59444299300581,0.0,0.0
28,still-before,chairs-wide,O-ET2X-R-PreviousRawEdge-Point,2.454366683959961,32.59444299300581,0.0,0.0
28,still-before,chairs-wide,ABL-ET2X-R-PreviousRawEdge-BilinearRGB,2.454366683959961,32.59444299300581,0.0,0.0
29,still-before,chair,O-T2X-R,3.863340377807617,30.773035422457546,0.0,0.0
29,still-before,chair,O-ET2X-R-CurrentEdge-Point,5.546253681182861,27.741128275872825,0.0,0.0
29,still-before,chair,O-ET2X-R-PreviousRawEdge-Point,5.546253681182861,27.741128275872825,0.0,0.0
29,still-before,chair,ABL-ET2X-R-PreviousRawEdge-BilinearRGB,5.546253681182861,27.741128275872825,0.0,0.0
29,still-before,chairs-wide,O-T2X-R,1.6805254220962524,35.76593558687355,0.0,0.0
29,still-before,chairs-wide,O-ET2X-R-CurrentEdge-Point,2.454366683959961,32.59444299300581,0.0,0.0
29,still-before,chairs-wide,O-ET2X-R-PreviousRawEdge-Point,2.454366683959961,32.59444299300581,0.0,0.0
29,still-before,chairs-wide,ABL-ET2X-R-PreviousRawEdge-BilinearRGB,2.454366683959961,32.59444299300581,0.0,0.0
30,still-before,chair,O-T2X-R,3.863340377807617,30.773035422457546,0.0,0.0
30,still-before,chair,O-ET2X-R-CurrentEdge-Point,5.546253681182861,27.741128275872825,0.0,0.0
30,still-before,chair,O-ET2X-R-PreviousRawEdge-Point,5.546253681182861,27.741128275872825,0.0,0.0
30,still-before,chair,ABL-ET2X-R-PreviousRawEdge-BilinearRGB,5.546253681182861,27.741128275872825,0.0,0.0
30,still-before,chairs-wide,O-T2X-R,1.6805254220962524,35.76593558687355,0.0,0.0
30,still-before,chairs-wide,O-ET2X-R-CurrentEdge-Point,2.454366683959961,32.59444299300581,0.0,0.0
30,still-before,chairs-wide,O-ET2X-R-PreviousRawEdge-Point,2.454366683959961,32.59444299300581,0.0,0.0
30,still-before,chairs-wide,ABL-ET2X-R-PreviousRawEdge-BilinearRGB,2.454366683959961,32.59444299300581,0.0,0.0
31,still-before,chair,O-T2X-R,3.863340377807617,30.773035422457546,0.0,0.0
31,still-before,chair,O-ET2X-R-CurrentEdge-Point,5.546253681182861,27.741128275872825,0.0,0.0
31,still-before,chair,O-ET2X-R-PreviousRawEdge-Point,5.546253681182861,27.741128275872825,0.0,0.0
31,still-before,chair,ABL-ET2X-R-PreviousRawEdge-BilinearRGB,5.546253681182861,27.741128275872825,0.0,0.0
31,still-before,chairs-wide,O-T2X-R,1.6805254220962524,35.76593558687355,0.0,0.0
31,still-before,chairs-wide,O-ET2X-R-CurrentEdge-Point,2.454366683959961,32.59444299300581,0.0,0.0
31,still-before,chairs-wide,O-ET2X-R-PreviousRawEdge-Point,2.454366683959961,32.59444299300581,0.0,0.0
31,still-before,chairs-wide,ABL-ET2X-R-PreviousRawEdge-BilinearRGB,2.454366683959961,32.59444299300581,0.0,0.0
32,still-before,chair,O-T2X-R,3.863340377807617,30.773035422457546,0.0,0.0
32,still-before,chair,O-ET2X-R-CurrentEdge-Point,5.546253681182861,27.741128275872825,0.0,0.0
32,still-before,chair,O-ET2X-R-PreviousRawEdge-Point,5.546253681182861,27.741128275872825,0.0,0.0
32,still-before,chair,ABL-ET2X-R-PreviousRawEdge-BilinearRGB,5.546253681182861,27.741128275872825,0.0,0.0
32,still-before,chairs-wide,O-T2X-R,1.6805254220962524,35.76593558687355,0.0,0.0
32,still-before,chairs-wide,O-ET2X-R-CurrentEdge-Point,2.454366683959961,32.59444299300581,0.0,0.0
32,still-before,chairs-wide,O-ET2X-R-PreviousRawEdge-Point,2.454366683959961,32.59444299300581,0.0,0.0
32,still-before,chairs-wide,ABL-ET2X-R-PreviousRawEdge-BilinearRGB,2.454366683959961,32.59444299300581,0.0,0.0
33,still-before,chair,O-T2X-R,3.863340377807617,30.773035422457546,0.0,0.0
33,still-before,chair,O-ET2X-R-CurrentEdge-Point,5.546253681182861,27.741128275872825,0.0,0.0
33,still-before,chair,O-ET2X-R-PreviousRawEdge-Point,5.546253681182861,27.741128275872825,0.0,0.0
33,still-before,chair,ABL-ET2X-R-PreviousRawEdge-BilinearRGB,5.546253681182861,27.741128275872825,0.0,0.0
33,still-before,chairs-wide,O-T2X-R,1.6805254220962524,35.76593558687355,0.0,0.0
33,still-before,chairs-wide,O-ET2X-R-CurrentEdge-Point,2.454366683959961,32.59444299300581,0.0,0.0
33,still-before,chairs-wide,O-ET2X-R-PreviousRawEdge-Point,2.454366683959961,32.59444299300581,0.0,0.0
33,still-before,chairs-wide,ABL-ET2X-R-PreviousRawEdge-BilinearRGB,2.454366683959961,32.59444299300581,0.0,0.0
34,still-before,chair,O-T2X-R,3.863340377807617,30.773035422457546,0.0,0.0
34,still-before,chair,O-ET2X-R-CurrentEdge-Point,5.546253681182861,27.741128275872825,0.0,0.0
34,still-before,chair,O-ET2X-R-PreviousRawEdge-Point,5.546253681182861,27.741128275872825,0.0,0.0
34,still-before,chair,ABL-ET2X-R-PreviousRawEdge-BilinearRGB,5.546253681182861,27.741128275872825,0.0,0.0
34,still-before,chairs-wide,O-T2X-R,1.6805254220962524,35.76593558687355,0.0,0.0
34,still-before,chairs-wide,O-ET2X-R-CurrentEdge-Point,2.454366683959961,32.59444299300581,0.0,0.0
34,still-before,chairs-wide,O-ET2X-R-PreviousRawEdge-Point,2.454366683959961,32.59444299300581,0.0,0.0
34,still-before,chairs-wide,ABL-ET2X-R-PreviousRawEdge-BilinearRGB,2.454366683959961,32.59444299300581,0.0,0.0
35,still-before,chair,O-T2X-R,3.863340377807617,30.773035422457546,0.0,0.0
35,still-before,chair,O-ET2X-R-CurrentEdge-Point,5.546253681182861,27.741128275872825,0.0,0.0
35,still-before,chair,O-ET2X-R-PreviousRawEdge-Point,5.546253681182861,27.741128275872825,0.0,0.0
35,still-before,chair,ABL-ET2X-R-PreviousRawEdge-BilinearRGB,5.546253681182861,27.741128275872825,0.0,0.0
35,still-before,chairs-wide,O-T2X-R,1.6805254220962524,35.76593558687355,0.0,0.0
35,still-before,chairs-wide,O-ET2X-R-CurrentEdge-Point,2.454366683959961,32.59444299300581,0.0,0.0
35,still-before,chairs-wide,O-ET2X-R-PreviousRawEdge-Point,2.454366683959961,32.59444299300581,0.0,0.0
35,still-before,chairs-wide,ABL-ET2X-R-PreviousRawEdge-BilinearRGB,2.454366683959961,32.59444299300581,0.0,0.0
36,still-before,chair,O-T2X-R,3.863340377807617,30.773035422457546,0.0,0.0
36,still-before,chair,O-ET2X-R-CurrentEdge-Point,5.546253681182861,27.741128275872825,0.0,0.0
36,still-before,chair,O-ET2X-R-PreviousRawEdge-Point,5.546253681182861,27.741128275872825,0.0,0.0
36,still-before,chair,ABL-ET2X-R-PreviousRawEdge-BilinearRGB,5.546253681182861,27.741128275872825,0.0,0.0
36,still-before,chairs-wide,O-T2X-R,1.6805254220962524,35.76593558687355,0.0,0.0
36,still-before,chairs-wide,O-ET2X-R-CurrentEdge-Point,2.454366683959961,32.59444299300581,0.0,0.0
36,still-before,chairs-wide,O-ET2X-R-PreviousRawEdge-Point,2.454366683959961,32.59444299300581,0.0,0.0
36,still-before,chairs-wide,ABL-ET2X-R-PreviousRawEdge-BilinearRGB,2.454366683959961,32.59444299300581,0.0,0.0
37,still-before,chair,O-T2X-R,3.863340377807617,30.773035422457546,0.0,0.0
37,still-before,chair,O-ET2X-R-CurrentEdge-Point,5.546253681182861,27.741128275872825,0.0,0.0
37,still-before,chair,O-ET2X-R-PreviousRawEdge-Point,5.546253681182861,27.741128275872825,0.0,0.0
37,still-before,chair,ABL-ET2X-R-PreviousRawEdge-BilinearRGB,5.546253681182861,27.741128275872825,0.0,0.0
37,still-before,chairs-wide,O-T2X-R,1.6805254220962524,35.76593558687355,0.0,0.0
37,still-before,chairs-wide,O-ET2X-R-CurrentEdge-Point,2.454366683959961,32.59444299300581,0.0,0.0
37,still-before,chairs-wide,O-ET2X-R-PreviousRawEdge-Point,2.454366683959961,32.59444299300581,0.0,0.0
37,still-before,chairs-wide,ABL-ET2X-R-PreviousRawEdge-BilinearRGB,2.454366683959961,32.59444299300581,0.0,0.0
38,still-before,chair,O-T2X-R,3.863340377807617,30.773035422457546,0.0,0.0
38,still-before,chair,O-ET2X-R-CurrentEdge-Point,5.546253681182861,27.741128275872825,0.0,0.0
38,still-before,chair,O-ET2X-R-PreviousRawEdge-Point,5.546253681182861,27.741128275872825,0.0,0.0
38,still-before,chair,ABL-ET2X-R-PreviousRawEdge-BilinearRGB,5.546253681182861,27.741128275872825,0.0,0.0
38,still-before,chairs-wide,O-T2X-R,1.6805254220962524,35.76593558687355,0.0,0.0
38,still-before,chairs-wide,O-ET2X-R-CurrentEdge-Point,2.454366683959961,32.59444299300581,0.0,0.0
38,still-before,chairs-wide,O-ET2X-R-PreviousRawEdge-Point,2.454366683959961,32.59444299300581,0.0,0.0
38,still-before,chairs-wide,ABL-ET2X-R-PreviousRawEdge-BilinearRGB,2.454366683959961,32.59444299300581,0.0,0.0
39,still-before,chair,O-T2X-R,3.863340377807617,30.773035422457546,0.0,0.0
39,still-before,chair,O-ET2X-R-CurrentEdge-Point,5.546253681182861,27.741128275872825,0.0,0.0
39,still-before,chair,O-ET2X-R-PreviousRawEdge-Point,5.546253681182861,27.741128275872825,0.0,0.0
39,still-before,chair,ABL-ET2X-R-PreviousRawEdge-BilinearRGB,5.546253681182861,27.741128275872825,0.0,0.0
39,still-before,chairs-wide,O-T2X-R,1.6805254220962524,35.76593558687355,0.0,0.0
39,still-before,chairs-wide,O-ET2X-R-CurrentEdge-Point,2.454366683959961,32.59444299300581,0.0,0.0
39,still-before,chairs-wide,O-ET2X-R-PreviousRawEdge-Point,2.454366683959961,32.59444299300581,0.0,0.0
39,still-before,chairs-wide,ABL-ET2X-R-PreviousRawEdge-BilinearRGB,2.454366683959961,32.59444299300581,0.0,0.0
40,still-before,chair,O-T2X-R,3.863340377807617,30.773035422457546,0.0,0.0
40,still-before,chair,O-ET2X-R-CurrentEdge-Point,5.546253681182861,27.741128275872825,0.0,0.0
40,still-before,chair,O-ET2X-R-PreviousRawEdge-Point,5.546253681182861,27.741128275872825,0.0,0.0
40,still-before,chair,ABL-ET2X-R-PreviousRawEdge-BilinearRGB,5.546253681182861,27.741128275872825,0.0,0.0
40,still-before,chairs-wide,O-T2X-R,1.6805254220962524,35.76593558687355,0.0,0.0
40,still-before,chairs-wide,O-ET2X-R-CurrentEdge-Point,2.454366683959961,32.59444299300581,0.0,0.0
40,still-before,chairs-wide,O-ET2X-R-PreviousRawEdge-Point,2.454366683959961,32.59444299300581,0.0,0.0
40,still-before,chairs-wide,ABL-ET2X-R-PreviousRawEdge-BilinearRGB,2.454366683959961,32.59444299300581,0.0,0.0
41,still-before,chair,O-T2X-R,3.863340377807617,30.773035422457546,0.0,0.0
41,still-before,chair,O-ET2X-R-CurrentEdge-Point,5.546253681182861,27.741128275872825,0.0,0.0
41,still-before,chair,O-ET2X-R-PreviousRawEdge-Point,5.546253681182861,27.741128275872825,0.0,0.0
41,still-before,chair,ABL-ET2X-R-PreviousRawEdge-BilinearRGB,5.546253681182861,27.741128275872825,0.0,0.0
41,still-before,chairs-wide,O-T2X-R,1.6805254220962524,35.76593558687355,0.0,0.0
41,still-before,chairs-wide,O-ET2X-R-CurrentEdge-Point,2.454366683959961,32.59444299300581,0.0,0.0
41,still-before,chairs-wide,O-ET2X-R-PreviousRawEdge-Point,2.454366683959961,32.59444299300581,0.0,0.0
41,still-before,chairs-wide,ABL-ET2X-R-PreviousRawEdge-BilinearRGB,2.454366683959961,32.59444299300581,0.0,0.0
42,still-before,chair,O-T2X-R,3.863340377807617,30.773035422457546,0.0,0.0
42,still-before,chair,O-ET2X-R-CurrentEdge-Point,5.546253681182861,27.741128275872825,0.0,0.0
42,still-before,chair,O-ET2X-R-PreviousRawEdge-Point,5.546253681182861,27.741128275872825,0.0,0.0
42,still-before,chair,ABL-ET2X-R-PreviousRawEdge-BilinearRGB,5.546253681182861,27.741128275872825,0.0,0.0
42,still-before,chairs-wide,O-T2X-R,1.6805254220962524,35.76593558687355,0.0,0.0
42,still-before,chairs-wide,O-ET2X-R-CurrentEdge-Point,2.454366683959961,32.59444299300581,0.0,0.0
42,still-before,chairs-wide,O-ET2X-R-PreviousRawEdge-Point,2.454366683959961,32.59444299300581,0.0,0.0
42,still-before,chairs-wide,ABL-ET2X-R-PreviousRawEdge-BilinearRGB,2.454366683959961,32.59444299300581,0.0,0.0
43,still-before,chair,O-T2X-R,3.863340377807617,30.773035422457546,0.0,0.0
43,still-before,chair,O-ET2X-R-CurrentEdge-Point,5.546253681182861,27.741128275872825,0.0,0.0
43,still-before,chair,O-ET2X-R-PreviousRawEdge-Point,5.546253681182861,27.741128275872825,0.0,0.0
43,still-before,chair,ABL-ET2X-R-PreviousRawEdge-BilinearRGB,5.546253681182861,27.741128275872825,0.0,0.0
43,still-before,chairs-wide,O-T2X-R,1.6805254220962524,35.76593558687355,0.0,0.0
43,still-before,chairs-wide,O-ET2X-R-CurrentEdge-Point,2.454366683959961,32.59444299300581,0.0,0.0
43,still-before,chairs-wide,O-ET2X-R-PreviousRawEdge-Point,2.454366683959961,32.59444299300581,0.0,0.0
43,still-before,chairs-wide,ABL-ET2X-R-PreviousRawEdge-BilinearRGB,2.454366683959961,32.59444299300581,0.0,0.0
44,still-before,chair,O-T2X-R,3.863340377807617,30.773035422457546,0.0,0.0
44,still-before,chair,O-ET2X-R-CurrentEdge-Point,5.546253681182861,27.741128275872825,0.0,0.0
44,still-before,chair,O-ET2X-R-PreviousRawEdge-Point,5.546253681182861,27.741128275872825,0.0,0.0
44,still-before,chair,ABL-ET2X-R-PreviousRawEdge-BilinearRGB,5.546253681182861,27.741128275872825,0.0,0.0
44,still-before,chairs-wide,O-T2X-R,1.6805254220962524,35.76593558687355,0.0,0.0
44,still-before,chairs-wide,O-ET2X-R-CurrentEdge-Point,2.454366683959961,32.59444299300581,0.0,0.0
44,still-before,chairs-wide,O-ET2X-R-PreviousRawEdge-Point,2.454366683959961,32.59444299300581,0.0,0.0
44,still-before,chairs-wide,ABL-ET2X-R-PreviousRawEdge-BilinearRGB,2.454366683959961,32.59444299300581,0.0,0.0
45,still-before,chair,O-T2X-R,3.863340377807617,30.773035422457546,0.0,0.0
45,still-before,chair,O-ET2X-R-CurrentEdge-Point,5.546253681182861,27.741128275872825,0.0,0.0
45,still-before,chair,O-ET2X-R-PreviousRawEdge-Point,5.546253681182861,27.741128275872825,0.0,0.0
45,still-before,chair,ABL-ET2X-R-PreviousRawEdge-BilinearRGB,5.546253681182861,27.741128275872825,0.0,0.0
45,still-before,chairs-wide,O-T2X-R,1.6805254220962524,35.76593558687355,0.0,0.0
45,still-before,chairs-wide,O-ET2X-R-CurrentEdge-Point,2.454366683959961,32.59444299300581,0.0,0.0
45,still-before,chairs-wide,O-ET2X-R-PreviousRawEdge-Point,2.454366683959961,32.59444299300581,0.0,0.0
45,still-before,chairs-wide,ABL-ET2X-R-PreviousRawEdge-BilinearRGB,2.454366683959961,32.59444299300581,0.0,0.0
46,still-before,chair,O-T2X-R,3.863340377807617,30.773035422457546,0.0,0.0
46,still-before,chair,O-ET2X-R-CurrentEdge-Point,5.546253681182861,27.741128275872825,0.0,0.0
46,still-before,chair,O-ET2X-R-PreviousRawEdge-Point,5.546253681182861,27.741128275872825,0.0,0.0
46,still-before,chair,ABL-ET2X-R-PreviousRawEdge-BilinearRGB,5.546253681182861,27.741128275872825,0.0,0.0
46,still-before,chairs-wide,O-T2X-R,1.6805254220962524,35.76593558687355,0.0,0.0
46,still-before,chairs-wide,O-ET2X-R-CurrentEdge-Point,2.454366683959961,32.59444299300581,0.0,0.0
46,still-before,chairs-wide,O-ET2X-R-PreviousRawEdge-Point,2.454366683959961,32.59444299300581,0.0,0.0
46,still-before,chairs-wide,ABL-ET2X-R-PreviousRawEdge-BilinearRGB,2.454366683959961,32.59444299300581,0.0,0.0
47,still-before,chair,O-T2X-R,3.863340377807617,30.773035422457546,0.0,0.0
47,still-before,chair,O-ET2X-R-CurrentEdge-Point,5.546253681182861,27.741128275872825,0.0,0.0
47,still-before,chair,O-ET2X-R-PreviousRawEdge-Point,5.546253681182861,27.741128275872825,0.0,0.0
47,still-before,chair,ABL-ET2X-R-PreviousRawEdge-BilinearRGB,5.546253681182861,27.741128275872825,0.0,0.0
47,still-before,chairs-wide,O-T2X-R,1.6805254220962524,35.76593558687355,0.0,0.0
47,still-before,chairs-wide,O-ET2X-R-CurrentEdge-Point,2.454366683959961,32.59444299300581,0.0,0.0
47,still-before,chairs-wide,O-ET2X-R-PreviousRawEdge-Point,2.454366683959961,32.59444299300581,0.0,0.0
47,still-before,chairs-wide,ABL-ET2X-R-PreviousRawEdge-BilinearRGB,2.454366683959961,32.59444299300581,0.0,0.0
48,still-before,chair,O-T2X-R,3.863340377807617,30.773035422457546,0.0,0.0
48,still-before,chair,O-ET2X-R-CurrentEdge-Point,5.546253681182861,27.741128275872825,0.0,0.0
48,still-before,chair,O-ET2X-R-PreviousRawEdge-Point,5.546253681182861,27.741128275872825,0.0,0.0
48,still-before,chair,ABL-ET2X-R-PreviousRawEdge-BilinearRGB,5.546253681182861,27.741128275872825,0.0,0.0
48,still-before,chairs-wide,O-T2X-R,1.6805254220962524,35.76593558687355,0.0,0.0
48,still-before,chairs-wide,O-ET2X-R-CurrentEdge-Point,2.454366683959961,32.59444299300581,0.0,0.0
48,still-before,chairs-wide,O-ET2X-R-PreviousRawEdge-Point,2.454366683959961,32.59444299300581,0.0,0.0
48,still-before,chairs-wide,ABL-ET2X-R-PreviousRawEdge-BilinearRGB,2.454366683959961,32.59444299300581,0.0,0.0
49,still-before,chair,O-T2X-R,3.863340377807617,30.773035422457546,0.0,0.0
49,still-before,chair,O-ET2X-R-CurrentEdge-Point,5.546253681182861,27.741128275872825,0.0,0.0
49,still-before,chair,O-ET2X-R-PreviousRawEdge-Point,5.546253681182861,27.741128275872825,0.0,0.0
49,still-before,chair,ABL-ET2X-R-PreviousRawEdge-BilinearRGB,5.546253681182861,27.741128275872825,0.0,0.0
49,still-before,chairs-wide,O-T2X-R,1.6805254220962524,35.76593558687355,0.0,0.0
49,still-before,chairs-wide,O-ET2X-R-CurrentEdge-Point,2.454366683959961,32.59444299300581,0.0,0.0
49,still-before,chairs-wide,O-ET2X-R-PreviousRawEdge-Point,2.454366683959961,32.59444299300581,0.0,0.0
49,still-before,chairs-wide,ABL-ET2X-R-PreviousRawEdge-BilinearRGB,2.454366683959961,32.59444299300581,0.0,0.0
50,still-before,chair,O-T2X-R,3.863340377807617,30.773035422457546,0.0,0.0
50,still-before,chair,O-ET2X-R-CurrentEdge-Point,5.546253681182861,27.741128275872825,0.0,0.0
50,still-before,chair,O-ET2X-R-PreviousRawEdge-Point,5.546253681182861,27.741128275872825,0.0,0.0
50,still-before,chair,ABL-ET2X-R-PreviousRawEdge-BilinearRGB,5.546253681182861,27.741128275872825,0.0,0.0
50,still-before,chairs-wide,O-T2X-R,1.6805254220962524,35.76593558687355,0.0,0.0
50,still-before,chairs-wide,O-ET2X-R-CurrentEdge-Point,2.454366683959961,32.59444299300581,0.0,0.0
50,still-before,chairs-wide,O-ET2X-R-PreviousRawEdge-Point,2.454366683959961,32.59444299300581,0.0,0.0
50,still-before,chairs-wide,ABL-ET2X-R-PreviousRawEdge-BilinearRGB,2.454366683959961,32.59444299300581,0.0,0.0
51,still-before,chair,O-T2X-R,3.863340377807617,30.773035422457546,0.0,0.0
51,still-before,chair,O-ET2X-R-CurrentEdge-Point,5.546253681182861,27.741128275872825,0.0,0.0
51,still-before,chair,O-ET2X-R-PreviousRawEdge-Point,5.546253681182861,27.741128275872825,0.0,0.0
51,still-before,chair,ABL-ET2X-R-PreviousRawEdge-BilinearRGB,5.546253681182861,27.741128275872825,0.0,0.0
51,still-before,chairs-wide,O-T2X-R,1.6805254220962524,35.76593558687355,0.0,0.0
51,still-before,chairs-wide,O-ET2X-R-CurrentEdge-Point,2.454366683959961,32.59444299300581,0.0,0.0
51,still-before,chairs-wide,O-ET2X-R-PreviousRawEdge-Point,2.454366683959961,32.59444299300581,0.0,0.0
51,still-before,chairs-wide,ABL-ET2X-R-PreviousRawEdge-BilinearRGB,2.454366683959961,32.59444299300581,0.0,0.0
52,still-before,chair,O-T2X-R,3.863340377807617,30.773035422457546,0.0,0.0
52,still-before,chair,O-ET2X-R-CurrentEdge-Point,5.546253681182861,27.741128275872825,0.0,0.0
52,still-before,chair,O-ET2X-R-PreviousRawEdge-Point,5.546253681182861,27.741128275872825,0.0,0.0
52,still-before,chair,ABL-ET2X-R-PreviousRawEdge-BilinearRGB,5.546253681182861,27.741128275872825,0.0,0.0
52,still-before,chairs-wide,O-T2X-R,1.6805254220962524,35.76593558687355,0.0,0.0
52,still-before,chairs-wide,O-ET2X-R-CurrentEdge-Point,2.454366683959961,32.59444299300581,0.0,0.0
52,still-before,chairs-wide,O-ET2X-R-PreviousRawEdge-Point,2.454366683959961,32.59444299300581,0.0,0.0
52,still-before,chairs-wide,ABL-ET2X-R-PreviousRawEdge-BilinearRGB,2.454366683959961,32.59444299300581,0.0,0.0
53,still-before,chair,O-T2X-R,3.863340377807617,30.773035422457546,0.0,0.0
53,still-before,chair,O-ET2X-R-CurrentEdge-Point,5.546253681182861,27.741128275872825,0.0,0.0
53,still-before,chair,O-ET2X-R-PreviousRawEdge-Point,5.546253681182861,27.741128275872825,0.0,0.0
53,still-before,chair,ABL-ET2X-R-PreviousRawEdge-BilinearRGB,5.546253681182861,27.741128275872825,0.0,0.0
53,still-before,chairs-wide,O-T2X-R,1.6805254220962524,35.76593558687355,0.0,0.0
53,still-before,chairs-wide,O-ET2X-R-CurrentEdge-Point,2.454366683959961,32.59444299300581,0.0,0.0
53,still-before,chairs-wide,O-ET2X-R-PreviousRawEdge-Point,2.454366683959961,32.59444299300581,0.0,0.0
53,still-before,chairs-wide,ABL-ET2X-R-PreviousRawEdge-BilinearRGB,2.454366683959961,32.59444299300581,0.0,0.0
54,still-before,chair,O-T2X-R,3.863340377807617,30.773035422457546,0.0,0.0
54,still-before,chair,O-ET2X-R-CurrentEdge-Point,5.546253681182861,27.741128275872825,0.0,0.0
54,still-before,chair,O-ET2X-R-PreviousRawEdge-Point,5.546253681182861,27.741128275872825,0.0,0.0
54,still-before,chair,ABL-ET2X-R-PreviousRawEdge-BilinearRGB,5.546253681182861,27.741128275872825,0.0,0.0
54,still-before,chairs-wide,O-T2X-R,1.6805254220962524,35.76593558687355,0.0,0.0
54,still-before,chairs-wide,O-ET2X-R-CurrentEdge-Point,2.454366683959961,32.59444299300581,0.0,0.0
54,still-before,chairs-wide,O-ET2X-R-PreviousRawEdge-Point,2.454366683959961,32.59444299300581,0.0,0.0
54,still-before,chairs-wide,ABL-ET2X-R-PreviousRawEdge-BilinearRGB,2.454366683959961,32.59444299300581,0.0,0.0
55,still-before,chair,O-T2X-R,3.863340377807617,30.773035422457546,0.0,0.0
55,still-before,chair,O-ET2X-R-CurrentEdge-Point,5.546253681182861,27.741128275872825,0.0,0.0
55,still-before,chair,O-ET2X-R-PreviousRawEdge-Point,5.546253681182861,27.741128275872825,0.0,0.0
55,still-before,chair,ABL-ET2X-R-PreviousRawEdge-BilinearRGB,5.546253681182861,27.741128275872825,0.0,0.0
55,still-before,chairs-wide,O-T2X-R,1.6805254220962524,35.76593558687355,0.0,0.0
55,still-before,chairs-wide,O-ET2X-R-CurrentEdge-Point,2.454366683959961,32.59444299300581,0.0,0.0
55,still-before,chairs-wide,O-ET2X-R-PreviousRawEdge-Point,2.454366683959961,32.59444299300581,0.0,0.0
55,still-before,chairs-wide,ABL-ET2X-R-PreviousRawEdge-BilinearRGB,2.454366683959961,32.59444299300581,0.0,0.0
56,still-before,chair,O-T2X-R,3.863340377807617,30.773035422457546,0.0,0.0
56,still-before,chair,O-ET2X-R-CurrentEdge-Point,5.546253681182861,27.741128275872825,0.0,0.0
56,still-before,chair,O-ET2X-R-PreviousRawEdge-Point,5.546253681182861,27.741128275872825,0.0,0.0
56,still-before,chair,ABL-ET2X-R-PreviousRawEdge-BilinearRGB,5.546253681182861,27.741128275872825,0.0,0.0
56,still-before,chairs-wide,O-T2X-R,1.6805254220962524,35.76593558687355,0.0,0.0
56,still-before,chairs-wide,O-ET2X-R-CurrentEdge-Point,2.454366683959961,32.59444299300581,0.0,0.0
56,still-before,chairs-wide,O-ET2X-R-PreviousRawEdge-Point,2.454366683959961,32.59444299300581,0.0,0.0
56,still-before,chairs-wide,ABL-ET2X-R-PreviousRawEdge-BilinearRGB,2.454366683959961,32.59444299300581,0.0,0.0
57,still-before,chair,O-T2X-R,3.863340377807617,30.773035422457546,0.0,0.0
57,still-before,chair,O-ET2X-R-CurrentEdge-Point,5.546253681182861,27.741128275872825,0.0,0.0
57,still-before,chair,O-ET2X-R-PreviousRawEdge-Point,5.546253681182861,27.741128275872825,0.0,0.0
57,still-before,chair,ABL-ET2X-R-PreviousRawEdge-BilinearRGB,5.546253681182861,27.741128275872825,0.0,0.0
57,still-before,chairs-wide,O-T2X-R,1.6805254220962524,35.76593558687355,0.0,0.0
57,still-before,chairs-wide,O-ET2X-R-CurrentEdge-Point,2.454366683959961,32.59444299300581,0.0,0.0
57,still-before,chairs-wide,O-ET2X-R-PreviousRawEdge-Point,2.454366683959961,32.59444299300581,0.0,0.0
57,still-before,chairs-wide,ABL-ET2X-R-PreviousRawEdge-BilinearRGB,2.454366683959961,32.59444299300581,0.0,0.0
58,still-before,chair,O-T2X-R,3.863340377807617,30.773035422457546,0.0,0.0
58,still-before,chair,O-ET2X-R-CurrentEdge-Point,5.546253681182861,27.741128275872825,0.0,0.0
58,still-before,chair,O-ET2X-R-PreviousRawEdge-Point,5.546253681182861,27.741128275872825,0.0,0.0
58,still-before,chair,ABL-ET2X-R-PreviousRawEdge-BilinearRGB,5.546253681182861,27.741128275872825,0.0,0.0
58,still-before,chairs-wide,O-T2X-R,1.6805254220962524,35.76593558687355,0.0,0.0
58,still-before,chairs-wide,O-ET2X-R-CurrentEdge-Point,2.454366683959961,32.59444299300581,0.0,0.0
58,still-before,chairs-wide,O-ET2X-R-PreviousRawEdge-Point,2.454366683959961,32.59444299300581,0.0,0.0
58,still-before,chairs-wide,ABL-ET2X-R-PreviousRawEdge-BilinearRGB,2.454366683959961,32.59444299300581,0.0,0.0
59,still-before,chair,O-T2X-R,3.863340377807617,30.773035422457546,0.0,0.0
59,still-before,chair,O-ET2X-R-CurrentEdge-Point,5.546253681182861,27.741128275872825,0.0,0.0
59,still-before,chair,O-ET2X-R-PreviousRawEdge-Point,5.546253681182861,27.741128275872825,0.0,0.0
59,still-before,chair,ABL-ET2X-R-PreviousRawEdge-BilinearRGB,5.546253681182861,27.741128275872825,0.0,0.0
59,still-before,chairs-wide,O-T2X-R,1.6805254220962524,35.76593558687355,0.0,0.0
59,still-before,chairs-wide,O-ET2X-R-CurrentEdge-Point,2.454366683959961,32.59444299300581,0.0,0.0
59,still-before,chairs-wide,O-ET2X-R-PreviousRawEdge-Point,2.454366683959961,32.59444299300581,0.0,0.0
59,still-before,chairs-wide,ABL-ET2X-R-PreviousRawEdge-BilinearRGB,2.454366683959961,32.59444299300581,0.0,0.0
60,move,chair,O-T2X-R,3.863340377807617,30.773035422457546,0.0,0.0
60,move,chair,O-ET2X-R-CurrentEdge-Point,5.546253681182861,27.741128275872825,0.0,0.0
60,move,chair,O-ET2X-R-PreviousRawEdge-Point,5.546253681182861,27.741128275872825,0.0,0.0
60,move,chair,ABL-ET2X-R-PreviousRawEdge-BilinearRGB,5.546253681182861,27.741128275872825,0.0,0.0
60,move,chairs-wide,O-T2X-R,1.6805254220962524,35.76593558687355,0.0,0.0
60,move,chairs-wide,O-ET2X-R-CurrentEdge-Point,2.454366683959961,32.59444299300581,0.0,0.0
60,move,chairs-wide,O-ET2X-R-PreviousRawEdge-Point,2.454366683959961,32.59444299300581,0.0,0.0
60,move,chairs-wide,ABL-ET2X-R-PreviousRawEdge-BilinearRGB,2.454366683959961,32.59444299300581,0.0,0.0
61,move,chair,O-T2X-R,4.631362438201904,29.32256130946839,2.8752732276916504,2.8752732276916504
61,move,chair,O-ET2X-R-CurrentEdge-Point,5.503403186798096,27.776275363533692,2.6128721237182617,2.6128721237182617
61,move,chair,O-ET2X-R-PreviousRawEdge-Point,5.306167125701904,28.092361824886048,2.3285698890686035,2.3285698890686035
61,move,chair,ABL-ET2X-R-PreviousRawEdge-BilinearRGB,5.157078742980957,28.38784834562917,2.668278694152832,2.668278694152832
61,move,chairs-wide,O-T2X-R,2.1497817039489746,33.930069080012096,1.5661358833312988,1.5661358833312988
61,move,chairs-wide,O-ET2X-R-CurrentEdge-Point,2.386176109313965,32.84004156346689,1.6410623788833618,1.6410623788833618
61,move,chairs-wide,O-ET2X-R-PreviousRawEdge-Point,2.312933921813965,33.154869882637705,1.5196967124938965,1.5196967124938965
61,move,chairs-wide,ABL-ET2X-R-PreviousRawEdge-BilinearRGB,2.248884677886963,33.49089654539169,1.6676042079925537,1.6676042079925537
62,move,chair,O-T2X-R,4.1363043785095215,30.091234329606188,3.506619453430176,5.622966289520264
62,move,chair,O-ET2X-R-CurrentEdge-Point,5.31173038482666,28.099016449748454,2.674165964126587,3.860806465148926
62,move,chair,O-ET2X-R-PreviousRawEdge-Point,5.199721813201904,28.29718490224526,2.5350193977355957,3.0637967586517334
62,move,chair,ABL-ET2X-R-PreviousRawEdge-BilinearRGB,5.028497695922852,28.584163701424025,2.5267183780670166,3.296226739883423
62,move,chairs-wide,O-T2X-R,1.9420512914657593,34.61042478512749,1.9282149076461792,2.986689567565918
62,move,chairs-wide,O-ET2X-R-CurrentEdge-Point,2.328390121459961,33.078063546997186,1.736419439315796,2.523383140563965
62,move,chairs-wide,O-ET2X-R-PreviousRawEdge-Point,2.260145425796509,33.40241101082007,1.6030511856079102,2.098193883895874
62,move,chairs-wide,ABL-ET2X-R-PreviousRawEdge-BilinearRGB,2.160114049911499,33.80354165803888,1.6302286386489868,2.224672794342041
63,move,chair,O-T2X-R,4.079752445220947,30.160648809750693,2.607422113418579,4.285555839538574
63,move,chair,O-ET2X-R-CurrentEdge-Point,5.33377742767334,28.059997662789232,2.6132421493530273,3.7528769969940186
63,move,chair,O-ET2X-R-PreviousRawEdge-Point,5.2106709480285645,28.253159116562898,2.586160898208618,3.2178380489349365
63,move,chair,ABL-ET2X-R-PreviousRawEdge-BilinearRGB,5.058297634124756,28.500425142237408,2.515519857406616,3.237297773361206
63,move,chairs-wide,O-T2X-R,1.9257510900497437,34.67059211751923,1.535118818283081,2.2562243938446045
63,move,chairs-wide,O-ET2X-R-CurrentEdge-Point,2.357464075088501,32.96305318001859,1.6280382871627808,2.515458345413208
63,move,chairs-wide,O-ET2X-R-PreviousRawEdge-Point,2.2931253910064697,33.28598078199491,1.6220542192459106,2.128023386001587
63,move,chairs-wide,ABL-ET2X-R-PreviousRawEdge-BilinearRGB,2.205885887145996,33.65820040225919,1.578069806098938,2.122074842453003
64,move,chair,O-T2X-R,4.141424179077148,30.187141560670735,2.852139472961426,4.6828765869140625
64,move,chair,O-ET2X-R-CurrentEdge-Point,5.457179069519043,27.88003118123799,2.7314112186431885,3.810408592224121
64,move,chair,O-ET2X-R-PreviousRawEdge-Point,5.301284313201904,28.126136868076653,2.6088709831237793,3.3996529579162598
64,move,chair,ABL-ET2X-R-PreviousRawEdge-BilinearRGB,5.057439804077148,28.52661178238889,2.5272138118743896,3.2995383739471436
64,move,chairs-wide,O-T2X-R,1.9469280242919922,34.63528204224129,1.678998589515686,2.6393041610717773
64,move,chairs-wide,O-ET2X-R-CurrentEdge-Point,2.3675191402435303,32.95130769018855,1.681349277496338,2.427163600921631
64,move,chairs-wide,O-ET2X-R-PreviousRawEdge-Point,2.309190511703491,33.211740338929026,1.6453224420547485,2.223867893218994
64,move,chairs-wide,ABL-ET2X-R-PreviousRawEdge-BilinearRGB,2.1865897178649902,33.726268045293885,1.5697240829467773,2.1204020977020264
65,move,chair,O-T2X-R,4.132930755615234,30.070779491481904,2.6269402503967285,4.110471725463867
65,move,chair,O-ET2X-R-CurrentEdge-Point,5.420365810394287,27.930386040809797,2.7277486324310303,3.9773142337799072
65,move,chair,O-ET2X-R-PreviousRawEdge-Point,5.315193176269531,28.100109931040226,2.699068784713745,3.5160791873931885
65,move,chair,ABL-ET2X-R-PreviousRawEdge-BilinearRGB,5.116447448730469,28.457103237528894,2.5643880367279053,3.405794382095337
65,move,chairs-wide,O-T2X-R,1.9594063758850098,34.60749648440451,1.560854196548462,2.2453970909118652
65,move,chairs-wide,O-ET2X-R-CurrentEdge-Point,2.376729965209961,32.95145849791497,1.7163523435592651,2.5295186042785645
65,move,chairs-wide,O-ET2X-R-PreviousRawEdge-Point,2.3269495964050293,33.17333942117262,1.642967939376831,2.2537925243377686
65,move,chairs-wide,ABL-ET2X-R-PreviousRawEdge-BilinearRGB,2.200978994369507,33.67496917338131,1.5949177742004395,2.18412184715271
66,move,chair,O-T2X-R,4.114908695220947,30.07967811191876,2.9241037368774414,4.797272682189941
66,move,chair,O-ET2X-R-CurrentEdge-Point,5.436493873596191,27.865874201294872,2.6997244358062744,3.934680700302124
66,move,chair,O-ET2X-R-PreviousRawEdge-Point,5.26583194732666,28.17583447592799,2.552868127822876,3.4822492599487305
66,move,chair,ABL-ET2X-R-PreviousRawEdge-BilinearRGB,5.069661617279053,28.511516531491555,2.484426259994507,3.386241912841797
66,move,chairs-wide,O-T2X-R,1.9540834426879883,34.55402029634372,1.6993070840835571,2.678032398223877
66,move,chairs-wide,O-ET2X-R-CurrentEdge-Point,2.376326084136963,32.83343593422672,1.7131218910217285,2.5902390480041504
66,move,chairs-wide,O-ET2X-R-PreviousRawEdge-Point,2.294934034347534,33.24745456517319,1.6451438665390015,2.2507665157318115
66,move,chairs-wide,ABL-ET2X-R-PreviousRawEdge-BilinearRGB,2.196180582046509,33.68868002208731,1.593963861465454,2.1675100326538086
67,move,chair,O-T2X-R,4.147135257720947,30.00444705266522,2.571707010269165,4.13962984085083
67,move,chair,O-ET2X-R-CurrentEdge-Point,5.451467990875244,27.86450809463737,2.703056812286377,3.882939100265503
67,move,chair,O-ET2X-R-PreviousRawEdge-Point,5.305367946624756,28.075605665653466,2.631742238998413,3.382338523864746
67,move,chair,ABL-ET2X-R-PreviousRawEdge-BilinearRGB,5.161635875701904,28.339216004551243,2.525346040725708,3.312643527984619
67,move,chairs-wide,O-T2X-R,1.9290424585342407,34.65481112570252,1.5966922044754028,2.2482664585113525
67,move,chairs-wide,O-ET2X-R-CurrentEdge-Point,2.373800277709961,32.89214449374673,1.5951826572418213,2.432600975036621
67,move,chairs-wide,O-ET2X-R-PreviousRawEdge-Point,2.3246829509735107,33.109834408035276,1.623308539390564,2.1796646118164062
67,move,chairs-wide,ABL-ET2X-R-PreviousRawEdge-BilinearRGB,2.2274365425109863,33.54915462360487,1.556262731552124,2.100297451019287
68,move,chair,O-T2X-R,4.160629749298096,30.060176928774688,2.7862393856048584,4.627574443817139
68,move,chair,O-ET2X-R-CurrentEdge-Point,5.4906487464904785,27.765603403074323,2.725069999694824,3.873635768890381
68,move,chair,O-ET2X-R-PreviousRawEdge-Point,5.3473896980285645,28.011845835219766,2.6531460285186768,3.449979543685913
68,move,chair,ABL-ET2X-R-PreviousRawEdge-BilinearRGB,5.151722431182861,28.30122484752074,2.538405656814575,3.3356597423553467
68,move,chairs-wide,O-T2X-R,1.941810131072998,34.647073555103304,1.6639655828475952,2.6840384006500244
68,move,chairs-wide,O-ET2X-R-CurrentEdge-Point,2.384988784790039,32.879784384592256,1.7472280263900757,2.4520232677459717
68,move,chairs-wide,O-ET2X-R-PreviousRawEdge-Point,2.324598550796509,33.16785846857365,1.653998613357544,2.2641515731811523
68,move,chairs-wide,ABL-ET2X-R-PreviousRawEdge-BilinearRGB,2.1989595890045166,33.61760933101273,1.5869969129562378,2.158966064453125
69,move,chair,O-T2X-R,4.236475944519043,29.90408118478587,2.713447332382202,4.122865200042725
69,move,chair,O-ET2X-R-CurrentEdge-Point,5.484256744384766,27.688645137709862,2.6596243381500244,3.9708855152130127
69,move,chair,O-ET2X-R-PreviousRawEdge-Point,5.371567249298096,27.882145885152056,2.513160228729248,3.466522216796875
69,move,chair,ABL-ET2X-R-PreviousRawEdge-BilinearRGB,5.163174629211426,28.205691676819665,2.466273069381714,3.3677046298980713
69,move,chairs-wide,O-T2X-R,1.9524980783462524,34.54877414371401,1.5988130569458008,2.242306709289551
69,move,chairs-wide,O-ET2X-R-CurrentEdge-Point,2.427469253540039,32.63445325548696,1.7486326694488525,2.647083044052124
69,move,chairs-wide,O-ET2X-R-PreviousRawEdge-Point,2.3473126888275146,33.01077529879229,1.6615214347839355,2.2483327388763428
69,move,chairs-wide,ABL-ET2X-R-PreviousRawEdge-BilinearRGB,2.2345738410949707,33.46772206533491,1.6311334371566772,2.1791646480560303
70,move,chair,O-T2X-R,4.248402118682861,29.854274406655374,2.981858253479004,4.8902506828308105
70,move,chair,O-ET2X-R-CurrentEdge-Point,5.51503324508667,27.64496667229976,2.7226479053497314,3.8319590091705322
70,move,chair,O-ET2X-R-PreviousRawEdge-Point,5.390092372894287,27.84150601927964,2.6610093116760254,3.3612096309661865
70,move,chair,ABL-ET2X-R-PreviousRawEdge-BilinearRGB,5.168205261230469,28.191796277084855,2.5107779502868652,3.2563881874084473
70,move,chairs-wide,O-T2X-R,1.9889503717422485,34.40179196795116,1.7240521907806396,2.7266035079956055
70,move,chairs-wide,O-ET2X-R-CurrentEdge-Point,2.435516834259033,32.70204836991311,1.6815918684005737,2.5461175441741943
70,move,chairs-wide,O-ET2X-R-PreviousRawEdge-Point,2.380063772201538,32.957531350126146,1.692760944366455,2.2447805404663086
70,move,chairs-wide,ABL-ET2X-R-PreviousRawEdge-BilinearRGB,2.263436794281006,33.42689233658899,1.606759786605835,2.1428027153015137
71,move,chair,O-T2X-R,4.222301006317139,29.961332473601768,2.600775718688965,4.167294025421143
71,move,chair,O-ET2X-R-CurrentEdge-Point,5.625503063201904,27.43295768558543,2.7426376342773438,3.9655206203460693
71,move,chair,O-ET2X-R-PreviousRawEdge-Point,5.4782490730285645,27.670016287236628,2.64180850982666,3.545116662979126
71,move,chair,ABL-ET2X-R-PreviousRawEdge-BilinearRGB,5.320075988769531,27.914831682655738,2.5634706020355225,3.4322214126586914
71,move,chairs-wide,O-T2X-R,1.9510754346847534,34.65510394825286,1.6392115354537964,2.3175692558288574
71,move,chairs-wide,O-ET2X-R-CurrentEdge-Point,2.400137424468994,32.69830788038542,1.7190653085708618,2.479572057723999
71,move,chairs-wide,O-ET2X-R-PreviousRawEdge-Point,2.3638417720794678,32.915469843901725,1.6873785257339478,2.2975499629974365
71,move,chairs-wide,ABL-ET2X-R-PreviousRawEdge-BilinearRGB,2.265848159790039,33.291943509350446,1.629097819328308,2.196401596069336
72,move,chair,O-T2X-R,4.277787685394287,29.792917303058097,2.882563352584839,4.699697494506836
72,move,chair,O-ET2X-R-CurrentEdge-Point,5.77891206741333,27.186971969479444,2.73341965675354,4.075837135314941
72,move,chair,O-ET2X-R-PreviousRawEdge-Point,5.581498622894287,27.485889246874244,2.581350088119507,3.5170395374298096
72,move,chair,ABL-ET2X-R-PreviousRawEdge-BilinearRGB,5.372247695922852,27.736264524078017,2.4888057708740234,3.4354004859924316
72,move,chairs-wide,O-T2X-R,1.976478099822998,34.529855699638546,1.6824644804000854,2.733539342880249
72,move,chairs-wide,O-ET2X-R-CurrentEdge-Point,2.4748806953430176,32.36628495897012,1.6955984830856323,2.561840534210205
72,move,chairs-wide,O-ET2X-R-PreviousRawEdge-Point,2.377290725708008,32.80303604829373,1.6096762418746948,2.26638126373291
72,move,chairs-wide,ABL-ET2X-R-PreviousRawEdge-BilinearRGB,2.2617549896240234,33.202516795388014,1.5664244890213013,2.2085251808166504
73,move,chair,O-T2X-R,4.296134948730469,29.746719843127444,2.7469160556793213,4.275687217712402
73,move,chair,O-ET2X-R-CurrentEdge-Point,5.807913303375244,27.225430382273288,2.6651251316070557,3.902512550354004
73,move,chair,O-ET2X-R-PreviousRawEdge-Point,5.682853698730469,27.375246566319635,2.6276166439056396,3.410079002380371
73,move,chair,ABL-ET2X-R-PreviousRawEdge-BilinearRGB,5.442057132720947,27.693625697173943,2.496504545211792,3.292670965194702
73,move,chairs-wide,O-T2X-R,2.0306410789489746,34.263949730168754,1.6148730516433716,2.2703418731689453
73,move,chairs-wide,O-ET2X-R-CurrentEdge-Point,2.4932665824890137,32.43587747588173,1.7198115587234497,2.520932197570801
73,move,chairs-wide,O-ET2X-R-PreviousRawEdge-Point,2.423352003097534,32.70429449591277,1.688262939453125,2.2183384895324707
73,move,chairs-wide,ABL-ET2X-R-PreviousRawEdge-BilinearRGB,2.3015708923339844,33.134530704327,1.6121162176132202,2.101339340209961
74,move,chair,O-T2X-R,4.197383880615234,29.96934426558695,3.008917808532715,4.98115873336792
74,move,chair,O-ET2X-R-CurrentEdge-Point,5.698686122894287,27.32048303490732,2.7075326442718506,3.918630361557007
74,move,chair,O-ET2X-R-PreviousRawEdge-Point,5.5853753089904785,27.489889144882373,2.6282172203063965,3.5382485389709473
74,move,chair,ABL-ET2X-R-PreviousRawEdge-BilinearRGB,5.3980231285095215,27.74159477506639,2.5053951740264893,3.4147841930389404
74,move,chairs-wide,O-T2X-R,2.0170114040374756,34.38104491150251,1.725706696510315,2.722425937652588
74,move,chairs-wide,O-ET2X-R-CurrentEdge-Point,2.434962034225464,32.61510798978794,1.6968086957931519,2.4971697330474854
74,move,chairs-wide,O-ET2X-R-PreviousRawEdge-Point,2.3851513862609863,32.81839733184538,1.6797865629196167,2.2655763626098633
74,move,chairs-wide,ABL-ET2X-R-PreviousRawEdge-BilinearRGB,2.283396005630493,33.20707093440555,1.619586706161499,2.173062801361084
75,move,chair,O-T2X-R,4.200846195220947,29.965901463561188,2.7587335109710693,4.381387233734131
75,move,chair,O-ET2X-R-CurrentEdge-Point,5.734049320220947,27.36520346207601,2.7881243228912354,4.057184219360352
75,move,chair,O-ET2X-R-PreviousRawEdge-Point,5.584635257720947,27.573036762488037,2.6443254947662354,3.579857110977173
75,move,chair,ABL-ET2X-R-PreviousRawEdge-BilinearRGB,5.397372245788574,27.85192386550908,2.555776357650757,3.471414804458618
75,move,chairs-wide,O-T2X-R,1.9895713329315186,34.47146138410393,1.619163990020752,2.3595056533813477
75,move,chairs-wide,O-ET2X-R-CurrentEdge-Point,2.4636380672454834,32.53373736220476,1.7326998710632324,2.5551559925079346
75,move,chairs-wide,O-ET2X-R-PreviousRawEdge-Point,2.390962600708008,32.87036994320063,1.6495112180709839,2.292846918106079
75,move,chairs-wide,ABL-ET2X-R-PreviousRawEdge-BilinearRGB,2.271092653274536,33.29790000678385,1.6103880405426025,2.224569797515869
76,move,chair,O-T2X-R,4.28341007232666,29.818234764367794,2.922499179840088,4.895175457000732
76,move,chair,O-ET2X-R-CurrentEdge-Point,5.706705570220947,27.34660290516864,2.651684045791626,3.973724126815796
76,move,chair,O-ET2X-R-PreviousRawEdge-Point,5.571141242980957,27.553881857197556,2.6155660152435303,3.4892499446868896
76,move,chair,ABL-ET2X-R-PreviousRawEdge-BilinearRGB,5.356090068817139,27.872322487352484,2.5092923641204834,3.412830114364624
76,move,chairs-wide,O-T2X-R,2.030303478240967,34.36361229153407,1.7333639860153198,2.7291152477264404
76,move,chairs-wide,O-ET2X-R-CurrentEdge-Point,2.4634029865264893,32.53572266459851,1.7680203914642334,2.625638723373413
76,move,chairs-wide,O-ET2X-R-PreviousRawEdge-Point,2.397557497024536,32.82782229559464,1.7136105298995972,2.2928500175476074
76,move,chairs-wide,ABL-ET2X-R-PreviousRawEdge-BilinearRGB,2.289996862411499,33.26758735298157,1.6391083002090454,2.211594820022583
77,move,chair,O-T2X-R,4.207001686096191,30.147739032085752,2.6865456104278564,4.236080646514893
77,move,chair,O-ET2X-R-CurrentEdge-Point,5.669862747192383,27.442205605207846,2.824418067932129,3.8682146072387695
77,move,chair,O-ET2X-R-PreviousRawEdge-Point,5.5280537605285645,27.649078207603193,2.705195426940918,3.4891700744628906
77,move,chair,ABL-ET2X-R-PreviousRawEdge-BilinearRGB,5.329219818115234,27.945768322334736,2.5889477729797363,3.3595848083496094
77,move,chairs-wide,O-T2X-R,1.9714505672454834,34.69451507861939,1.6614991426467896,2.3382327556610107
77,move,chairs-wide,O-ET2X-R-CurrentEdge-Point,2.420156955718994,32.71021994596744,1.6864639520645142,2.5209569931030273
77,move,chairs-wide,O-ET2X-R-PreviousRawEdge-Point,2.3638417720794678,32.95896075093691,1.678492546081543,2.2654812335968018
77,move,chairs-wide,ABL-ET2X-R-PreviousRawEdge-BilinearRGB,2.2612967491149902,33.35506427443209,1.6220952272415161,2.1708648204803467
78,move,chair,O-T2X-R,4.268732070922852,30.055772499998916,2.860440254211426,4.7988762855529785
78,move,chair,O-ET2X-R-CurrentEdge-Point,5.722685813903809,27.387443672772598,2.699215888977051,3.891141653060913
78,move,chair,O-ET2X-R-PreviousRawEdge-Point,5.612393379211426,27.574368398215128,2.6402087211608887,3.4234488010406494
78,move,chair,ABL-ET2X-R-PreviousRawEdge-BilinearRGB,5.383759498596191,27.895044701583743,2.5213348865509033,3.325985908508301
78,move,chairs-wide,O-T2X-R,1.9967628717422485,34.64831309231863,1.7484452724456787,2.7898099422454834
78,move,chairs-wide,O-ET2X-R-CurrentEdge-Point,2.4716856479644775,32.52191651507217,1.6886320114135742,2.4915008544921875
78,move,chairs-wide,O-ET2X-R-PreviousRawEdge-Point,2.4106807708740234,32.81986359020309,1.644722819328308,2.2821829319000244
78,move,chairs-wide,ABL-ET2X-R-PreviousRawEdge-BilinearRGB,2.267873525619507,33.356010196245464,1.5854196548461914,2.195145606994629
79,move,chair,O-T2X-R,4.26210355758667,30.0290756005684,2.7747042179107666,4.244616985321045
79,move,chair,O-ET2X-R-CurrentEdge-Point,5.833037376403809,27.276985960089277,2.7306268215179443,3.799980401992798
79,move,chair,O-ET2X-R-PreviousRawEdge-Point,5.722123622894287,27.415564049032835,2.6625471115112305,3.4324285984039307
79,move,chair,ABL-ET2X-R-PreviousRawEdge-BilinearRGB,5.526130676269531,27.709176008461288,2.5226926803588867,3.258711338043213
79,move,chairs-wide,O-T2X-R,2.0101332664489746,34.59019638824736,1.612959384918213,2.3671560287475586
79,move,chairs-wide,O-ET2X-R-CurrentEdge-Point,2.4909636974334717,32.512291752690395,1.859490990638733,2.595301628112793
79,move,chairs-wide,O-ET2X-R-PreviousRawEdge-Point,2.4149727821350098,32.778835865976184,1.7613130807876587,2.301741600036621
79,move,chairs-wide,ABL-ET2X-R-PreviousRawEdge-BilinearRGB,2.3009982109069824,33.21688606949477,1.690625786781311,2.195734739303589
80,move,chair,O-T2X-R,4.369998931884766,29.66378238624065,2.865436553955078,4.827005386352539
80,move,chair,O-ET2X-R-CurrentEdge-Point,5.841885566711426,27.327088331944157,2.6999127864837646,3.878063440322876
80,move,chair,O-ET2X-R-PreviousRawEdge-Point,5.736180305480957,27.481434490427784,2.644883871078491,3.5366921424865723
80,move,chair,ABL-ET2X-R-PreviousRawEdge-BilinearRGB,5.522105693817139,27.78000793641641,2.569108247756958,3.4390363693237305
80,move,chairs-wide,O-T2X-R,2.088740587234497,34.09040832373926,1.6830047369003296,2.6602566242218018
80,move,chairs-wide,O-ET2X-R-CurrentEdge-Point,2.4537036418914795,32.658491966049255,1.6746245622634888,2.618756055831909
80,move,chairs-wide,O-ET2X-R-PreviousRawEdge-Point,2.4127604961395264,32.84626175652767,1.7201660871505737,2.3461384773254395
80,move,chairs-wide,ABL-ET2X-R-PreviousRawEdge-BilinearRGB,2.3219339847564697,33.237438901430714,1.6702057123184204,2.2766244411468506
81,move,chair,O-T2X-R,4.370857238769531,29.644688845692258,2.7232189178466797,4.2855329513549805
81,move,chair,O-ET2X-R-CurrentEdge-Point,5.9221415519714355,27.1527358045339,2.8506414890289307,3.9079558849334717
81,move,chair,O-ET2X-R-PreviousRawEdge-Point,5.75411319732666,27.362848731279676,2.711245536804199,3.471350908279419
81,move,chair,ABL-ET2X-R-PreviousRawEdge-BilinearRGB,5.510505676269531,27.7260476940453,2.6068460941314697,3.388746738433838
81,move,chairs-wide,O-T2X-R,2.08935546875,34.07349013905909,1.641932487487793,2.4048173427581787
81,move,chairs-wide,O-ET2X-R-CurrentEdge-Point,2.5624215602874756,32.255801435063894,1.7750113010406494,2.558729410171509
81,move,chairs-wide,O-ET2X-R-PreviousRawEdge-Point,2.4521002769470215,32.667214230775386,1.6582353115081787,2.3581717014312744
81,move,chairs-wide,ABL-ET2X-R-PreviousRawEdge-BilinearRGB,2.3133559226989746,33.19972677429591,1.5990469455718994,2.262603521347046
82,move,chair,O-T2X-R,4.354669570922852,29.665978231517638,2.9384119510650635,4.8497538566589355
82,move,chair,O-ET2X-R-CurrentEdge-Point,5.8503193855285645,27.18304085117921,2.838783025741577,4.055578231811523
82,move,chair,O-ET2X-R-PreviousRawEdge-Point,5.7417731285095215,27.326525529974866,2.8223400115966797,3.560476064682007
82,move,chair,ABL-ET2X-R-PreviousRawEdge-BilinearRGB,5.5210700035095215,27.648019940055654,2.6698920726776123,3.3900938034057617
82,move,chairs-wide,O-T2X-R,2.053542137145996,34.26522778557806,1.7804464101791382,2.8068149089813232
82,move,chairs-wide,O-ET2X-R-CurrentEdge-Point,2.5212974548339844,32.43226424892653,1.8246452808380127,2.6788883209228516
82,move,chairs-wide,O-ET2X-R-PreviousRawEdge-Point,2.4685871601104736,32.655450843963905,1.795338749885559,2.3148698806762695
82,move,chairs-wide,ABL-ET2X-R-PreviousRawEdge-BilinearRGB,2.348590612411499,33.09601166364402,1.7201018333435059,2.218951463699341
83,move,chair,O-T2X-R,4.22091007232666,29.965779622093734,2.8248517513275146,4.404844284057617
83,move,chair,O-ET2X-R-CurrentEdge-Point,5.807972431182861,27.237139981251918,2.8220207691192627,3.9520833492279053
83,move,chair,O-ET2X-R-PreviousRawEdge-Point,5.697502136230469,27.380694156546728,2.714904546737671,3.60978627204895
83,move,chair,ABL-ET2X-R-PreviousRawEdge-BilinearRGB,5.516897678375244,27.62282709030195,2.609527826309204,3.463712215423584
83,move,chairs-wide,O-T2X-R,2.0010669231414795,34.46117120587235,1.711686611175537,2.405229091644287
83,move,chairs-wide,O-ET2X-R-CurrentEdge-Point,2.4600634574890137,32.57370857855926,1.6780022382736206,2.5528745651245117
83,move,chairs-wide,O-ET2X-R-PreviousRawEdge-Point,2.4174745082855225,32.754123160511035,1.6771879196166992,2.32767391204834
83,move,chairs-wide,ABL-ET2X-R-PreviousRawEdge-BilinearRGB,2.3180699348449707,33.11755052150309,1.6049336194992065,2.2373251914978027
84,move,chair,O-T2X-R,4.338571071624756,29.63359536615696,2.813218116760254,4.8210530281066895
84,move,chair,O-ET2X-R-CurrentEdge-Point,5.913115501403809,27.070392905918283,2.7563371658325195,4.025582313537598
84,move,chair,O-ET2X-R-PreviousRawEdge-Point,5.759469509124756,27.29818778770327,2.6262004375457764,3.5333609580993652
84,move,chair,ABL-ET2X-R-PreviousRawEdge-BilinearRGB,5.52793550491333,27.651535841755745,2.5363681316375732,3.461319923400879
84,move,chairs-wide,O-T2X-R,2.012948513031006,34.4033577322058,1.7409242391586304,2.8161160945892334
84,move,chairs-wide,O-ET2X-R-CurrentEdge-Point,2.565236806869507,32.21140495945966,1.785490870475769,2.568713426589966
84,move,chairs-wide,O-ET2X-R-PreviousRawEdge-Point,2.473675012588501,32.58996503238368,1.6881510019302368,2.3279242515563965
84,move,chairs-wide,ABL-ET2X-R-PreviousRawEdge-BilinearRGB,2.344599962234497,33.09653088989831,1.6488391160964966,2.2423133850097656
85,move,chair,O-T2X-R,4.379705429077148,29.456818170645644,2.7346715927124023,4.277353286743164
85,move,chair,O-ET2X-R-CurrentEdge-Point,5.8908915519714355,27.05429725048891,2.848936080932617,4.02208948135376
85,move,chair,O-ET2X-R-PreviousRawEdge-Point,5.768377304077148,27.24011435772458,2.7589707374572754,3.4845941066741943
85,move,chair,ABL-ET2X-R-PreviousRawEdge-BilinearRGB,5.49570894241333,27.645202511259743,2.6321308612823486,3.37117075920105
85,move,chairs-wide,O-T2X-R,2.037820816040039,34.1955951421203,1.6559028625488281,2.376075506210327
85,move,chairs-wide,O-ET2X-R-CurrentEdge-Point,2.54052734375,32.28356089296628,1.8240022659301758,2.678342819213867
85,move,chairs-wide,O-ET2X-R-PreviousRawEdge-Point,2.4710347652435303,32.57403208890507,1.7532988786697388,2.3175241947174072
85,move,chairs-wide,ABL-ET2X-R-PreviousRawEdge-BilinearRGB,2.3450822830200195,33.056455984700975,1.6803292036056519,2.2421438694000244
86,move,chair,O-T2X-R,4.318063259124756,29.74104994977578,2.964216709136963,4.876607894897461
86,move,chair,O-ET2X-R-CurrentEdge-Point,5.693892002105713,27.430488391225683,2.9228577613830566,4.132229328155518
86,move,chair,O-ET2X-R-PreviousRawEdge-Point,5.618282318115234,27.566304106552,2.8875041007995605,3.713815212249756
86,move,chair,ABL-ET2X-R-PreviousRawEdge-BilinearRGB,5.383966445922852,27.87400866892602,2.732849359512329,3.54990553855896
86,move,chairs-wide,O-T2X-R,2.0309183597564697,34.406673679256905,1.7254434823989868,2.7291290760040283
86,move,chairs-wide,O-ET2X-R-CurrentEdge-Point,2.492856740951538,32.5486344083368,1.7227563858032227,2.5905027389526367
86,move,chairs-wide,O-ET2X-R-PreviousRawEdge-Point,2.4600090980529785,32.720985687997086,1.7572216987609863,2.356400728225708
86,move,chairs-wide,ABL-ET2X-R-PreviousRawEdge-BilinearRGB,2.339343309402466,33.16438467493176,1.6839553117752075,2.2521510124206543
87,move,chair,O-T2X-R,4.269383430480957,29.980055277467386,2.838613986968994,4.397381782531738
87,move,chair,O-ET2X-R-CurrentEdge-Point,5.7268290519714355,27.476779936159264,2.7679195404052734,3.923370599746704
87,move,chair,O-ET2X-R-PreviousRawEdge-Point,5.630001068115234,27.60522551036521,2.726109027862549,3.575061559677124
87,move,chair,ABL-ET2X-R-PreviousRawEdge-BilinearRGB,5.425840377807617,27.928058613986593,2.6294519901275635,3.4582741260528564
87,move,chairs-wide,O-T2X-R,2.0620720386505127,34.287834697227126,1.6285039186477661,2.3784921169281006
87,move,chairs-wide,O-ET2X-R-CurrentEdge-Point,2.5066490173339844,32.457157192920455,1.7665021419525146,2.571101188659668
87,move,chairs-wide,O-ET2X-R-PreviousRawEdge-Point,2.451744556427002,32.722876290879356,1.6857482194900513,2.3724660873413086
87,move,chairs-wide,ABL-ET2X-R-PreviousRawEdge-BilinearRGB,2.3212168216705322,33.221937054614955,1.6299629211425781,2.2631728649139404
88,move,chair,O-T2X-R,4.324248313903809,29.86634911856028,2.9610259532928467,4.935452461242676
88,move,chair,O-ET2X-R-CurrentEdge-Point,5.763553619384766,27.39347051529538,2.8790671825408936,4.002299785614014
88,move,chair,O-ET2X-R-PreviousRawEdge-Point,5.666844367980957,27.54066599294081,2.76930570602417,3.6609160900115967
88,move,chair,ABL-ET2X-R-PreviousRawEdge-BilinearRGB,5.4606709480285645,27.893816533221376,2.6754915714263916,3.5463027954101562
88,move,chairs-wide,O-T2X-R,2.069920778274536,34.27520770595045,1.7852860689163208,2.7781710624694824
88,move,chairs-wide,O-ET2X-R-CurrentEdge-Point,2.4966604709625244,32.53643945978097,1.7840336561203003,2.602774143218994
88,move,chairs-wide,O-ET2X-R-PreviousRawEdge-Point,2.4584176540374756,32.73070255198135,1.7437591552734375,2.3167362213134766
88,move,chairs-wide,ABL-ET2X-R-PreviousRawEdge-BilinearRGB,2.3392410278320312,33.196938544435504,1.6816281080245972,2.2319681644439697
89,move,chair,O-T2X-R,4.306551933288574,29.896853024023255,2.8457694053649902,4.519471168518066
89,move,chair,O-ET2X-R-CurrentEdge-Point,5.727982997894287,27.54349627545571,2.737313985824585,4.044383525848389
89,move,chair,O-ET2X-R-PreviousRawEdge-Point,5.61893367767334,27.694094013165078,2.649857521057129,3.5791373252868652
89,move,chair,ABL-ET2X-R-PreviousRawEdge-BilinearRGB,5.386955261230469,28.047882500003574,2.5463643074035645,3.4925107955932617
89,move,chairs-wide,O-T2X-R,2.031846761703491,34.46368449830413,1.683866262435913,2.458230972290039
89,move,chairs-wide,O-ET2X-R-CurrentEdge-Point,2.534475088119507,32.49243881819836,1.8010848760604858,2.6701860427856445
89,move,chairs-wide,O-ET2X-R-PreviousRawEdge-Point,2.462233543395996,32.7594652826804,1.733998417854309,2.383035182952881
89,move,chairs-wide,ABL-ET2X-R-PreviousRawEdge-BilinearRGB,2.3327183723449707,33.28285883965571,1.6732604503631592,2.29911470413208
90,move,chair,O-T2X-R,4.376302242279053,29.73960903710823,2.9148733615875244,4.940425395965576
90,move,chair,O-ET2X-R-CurrentEdge-Point,5.646454811096191,27.638064576853342,2.7409558296203613,3.8466238975524902
90,move,chair,O-ET2X-R-PreviousRawEdge-Point,5.567412376403809,27.761375547769774,2.7158594131469727,3.459799289703369
90,move,chair,ABL-ET2X-R-PreviousRawEdge-BilinearRGB,5.327651500701904,28.13328207923266,2.60591983795166,3.354733943939209
90,move,chairs-wide,O-T2X-R,2.054982900619507,34.372868111560564,1.7923988103866577,2.8328657150268555
90,move,chairs-wide,O-ET2X-R-CurrentEdge-Point,2.5285794734954834,32.50204683163993,1.818122148513794,2.6959457397460938
90,move,chairs-wide,O-ET2X-R-PreviousRawEdge-Point,2.4499902725219727,32.84701401999537,1.7605429887771606,2.37249755859375
90,move,chairs-wide,ABL-ET2X-R-PreviousRawEdge-BilinearRGB,2.3319408893585205,33.30200079657103,1.710023283958435,2.2808165550231934
91,move,chair,O-T2X-R,4.321792125701904,29.774194417252442,2.831886053085327,4.403886795043945
91,move,chair,O-ET2X-R-CurrentEdge-Point,5.633315563201904,27.598930871680658,2.8621084690093994,3.846909523010254
91,move,chair,O-ET2X-R-PreviousRawEdge-Point,5.54042387008667,27.781597804761866,2.7662158012390137,3.508869171142578
91,move,chair,ABL-ET2X-R-PreviousRawEdge-BilinearRGB,5.3091559410095215,28.183921916257653,2.5912163257598877,3.417912244796753
91,move,chairs-wide,O-T2X-R,2.0336732864379883,34.43268294861055,1.7166523933410645,2.4727368354797363
91,move,chairs-wide,O-ET2X-R-CurrentEdge-Point,2.4773762226104736,32.69635162196809,1.76837158203125,2.6458139419555664
91,move,chairs-wide,O-ET2X-R-PreviousRawEdge-Point,2.4412314891815186,32.90639868638616,1.7763066291809082,2.3723819255828857
91,move,chairs-wide,ABL-ET2X-R-PreviousRawEdge-BilinearRGB,2.3292222023010254,33.387335927475654,1.6858124732971191,2.28537654876709
92,move,chair,O-T2X-R,4.350911617279053,29.791118155548602,2.9745705127716064,5.02010440826416
92,move,chair,O-ET2X-R-CurrentEdge-Point,5.669241428375244,27.601246479591467,2.7450804710388184,3.9262306690216064
92,move,chair,O-ET2X-R-PreviousRawEdge-Point,5.551461696624756,27.800146005167544,2.634117841720581,3.44767689704895
92,move,chair,ABL-ET2X-R-PreviousRawEdge-BilinearRGB,5.33670711517334,28.118326702116633,2.5246145725250244,3.2579643726348877
92,move,chairs-wide,O-T2X-R,2.043023109436035,34.40388270554355,1.7609628438949585,2.8414857387542725
92,move,chairs-wide,O-ET2X-R-CurrentEdge-Point,2.5096027851104736,32.56866640788536,1.746446132659912,2.5974977016448975
92,move,chairs-wide,O-ET2X-R-PreviousRawEdge-Point,2.442660093307495,32.84848604604475,1.6767258644104004,2.3719842433929443
92,move,chairs-wide,ABL-ET2X-R-PreviousRawEdge-BilinearRGB,2.330331325531006,33.31085150206761,1.6280388832092285,2.25233793258667
93,move,chair,O-T2X-R,4.321792125701904,29.83895788760984,2.82816481590271,4.508632183074951
93,move,chair,O-ET2X-R-CurrentEdge-Point,5.66737699508667,27.548978355824246,2.6258561611175537,3.8712539672851562
93,move,chair,O-ET2X-R-PreviousRawEdge-Point,5.546075820922852,27.73541016104254,2.5734565258026123,3.4021859169006348
93,move,chair,ABL-ET2X-R-PreviousRawEdge-BilinearRGB,5.318241119384766,28.09535903875527,2.488734483718872,3.2983384132385254
93,move,chairs-wide,O-T2X-R,2.0786855220794678,34.2663126252819,1.639164686203003,2.4606244564056396
93,move,chairs-wide,O-ET2X-R-CurrentEdge-Point,2.5240886211395264,32.44709551791951,1.807752013206482,2.648810863494873
93,move,chairs-wide,O-ET2X-R-PreviousRawEdge-Point,2.436300277709961,32.85294099414089,1.7168197631835938,2.319190740585327
93,move,chairs-wide,ABL-ET2X-R-PreviousRawEdge-BilinearRGB,2.317425012588501,33.33400921035337,1.6692428588867188,2.264615297317505
94,move,chair,O-T2X-R,4.297940254211426,29.84698348216012,2.9534943103790283,4.973735332489014
94,move,chair,O-ET2X-R-CurrentEdge-Point,5.657759189605713,27.514170026122514,2.710008144378662,3.7080724239349365
94,move,chair,O-ET2X-R-PreviousRawEdge-Point,5.5375237464904785,27.683598841197437,2.639758348464966,3.323272705078125
94,move,chair,ABL-ET2X-R-PreviousRawEdge-BilinearRGB,5.30702543258667,28.072500431967143,2.5230278968811035,3.24324107170105
94,move,chairs-wide,O-T2X-R,2.081392288208008,34.248734157473145,1.8253029584884644,2.818434476852417
94,move,chairs-wide,O-ET2X-R-CurrentEdge-Point,2.5076799392700195,32.572359496077596,1.732977032661438,2.642340660095215
94,move,chairs-wide,O-ET2X-R-PreviousRawEdge-Point,2.4536192417144775,32.804197292593514,1.7188133001327515,2.30796480178833
94,move,chairs-wide,ABL-ET2X-R-PreviousRawEdge-BilinearRGB,2.3359434604644775,33.296498014956825,1.6405075788497925,2.2165515422821045
95,move,chair,O-T2X-R,4.270863056182861,29.929773221345755,2.9269912242889404,4.536620616912842
95,move,chair,O-ET2X-R-CurrentEdge-Point,5.668205261230469,27.613088646265783,2.8679206371307373,3.8904449939727783
95,move,chair,O-ET2X-R-PreviousRawEdge-Point,5.550337314605713,27.797588420613586,2.783125162124634,3.4656448364257812
95,move,chair,ABL-ET2X-R-PreviousRawEdge-BilinearRGB,5.3176493644714355,28.12791793007197,2.6516294479370117,3.3760437965393066
95,move,chairs-wide,O-T2X-R,2.0480926036834717,34.378689305282876,1.7373991012573242,2.517849922180176
95,move,chairs-wide,O-ET2X-R-CurrentEdge-Point,2.4926276206970215,32.65480662869645,1.8174277544021606,2.6083037853240967
95,move,chairs-wide,O-ET2X-R-PreviousRawEdge-Point,2.4287290573120117,32.93904245272584,1.7575937509536743,2.3632309436798096
95,move,chairs-wide,ABL-ET2X-R-PreviousRawEdge-BilinearRGB,2.311493396759033,33.360461193297006,1.6987175941467285,2.278385877609253
96,move,chair,O-T2X-R,4.415335178375244,29.61994903575151,2.843971014022827,4.943845748901367
96,move,chair,O-ET2X-R-CurrentEdge-Point,5.661783695220947,27.646508153068794,2.801720142364502,3.970780849456787
96,move,chair,O-ET2X-R-PreviousRawEdge-Point,5.55196475982666,27.809551595372596,2.74739408493042,3.533212900161743
96,move,chair,ABL-ET2X-R-PreviousRawEdge-BilinearRGB,5.37929105758667,28.074552678877744,2.6688077449798584,3.4766042232513428
96,move,chairs-wide,O-T2X-R,2.0896871089935303,34.203473439780836,1.7795414924621582,2.8509745597839355
96,move,chairs-wide,O-ET2X-R-CurrentEdge-Point,2.554910659790039,32.39901296820084,1.8150328397750854,2.6748571395874023
96,move,chairs-wide,O-ET2X-R-PreviousRawEdge-Point,2.4714324474334717,32.76837557639669,1.754483938217163,2.370331287384033
96,move,chairs-wide,ABL-ET2X-R-PreviousRawEdge-BilinearRGB,2.3582658767700195,33.23769260256939,1.699473261833191,2.3041720390319824
97,move,chair,O-T2X-R,4.376331806182861,29.725338549508038,2.870231866836548,4.500728130340576
97,move,chair,O-ET2X-R-CurrentEdge-Point,5.646040439605713,27.649389895648405,2.728142261505127,3.893031120300293
97,move,chair,O-ET2X-R-PreviousRawEdge-Point,5.54649019241333,27.78828798398635,2.6700568199157715,3.5208160877227783
97,move,chair,ABL-ET2X-R-PreviousRawEdge-BilinearRGB,5.347419738769531,28.113209006373097,2.586707830429077,3.4711852073669434
97,move,chairs-wide,O-T2X-R,2.0774619579315186,34.23409343666306,1.71058189868927,2.479390859603882
97,move,chairs-wide,O-ET2X-R-CurrentEdge-Point,2.5200798511505127,32.61419947574573,1.7603880167007446,2.6113109588623047
97,move,chairs-wide,O-ET2X-R-PreviousRawEdge-Point,2.4760982990264893,32.797770617711606,1.7631373405456543,2.365957736968994
97,move,chairs-wide,ABL-ET2X-R-PreviousRawEdge-BilinearRGB,2.3736135959625244,33.18690350658909,1.688514232635498,2.2614524364471436
98,move,chair,O-T2X-R,4.455433368682861,29.628974922592455,3.124241828918457,5.106662273406982
98,move,chair,O-ET2X-R-CurrentEdge-Point,5.694276809692383,27.681765956161847,2.819092273712158,3.9466590881347656
98,move,chair,O-ET2X-R-PreviousRawEdge-Point,5.556758880615234,27.886490827491603,2.732022523880005,3.566009759902954
98,move,chair,ABL-ET2X-R-PreviousRawEdge-BilinearRGB,5.3274149894714355,28.23411363887006,2.6075570583343506,3.424328088760376
98,move,chairs-wide,O-T2X-R,2.105107069015503,34.1738337805733,1.819311261177063,2.864337682723999
98,move,chairs-wide,O-ET2X-R-CurrentEdge-Point,2.536729574203491,32.600625125863516,1.7889002561569214,2.614844799041748
98,move,chairs-wide,O-ET2X-R-PreviousRawEdge-Point,2.4783830642700195,32.8392860977084,1.7008881568908691,2.3966403007507324
98,move,chairs-wide,ABL-ET2X-R-PreviousRawEdge-BilinearRGB,2.361177444458008,33.269725371209105,1.65775465965271,2.2943272590637207
99,move,chair,O-T2X-R,4.413411617279053,29.770889301161716,2.809429168701172,4.613223075866699
99,move,chair,O-ET2X-R-CurrentEdge-Point,5.65663480758667,27.781622875603325,2.7574942111968994,3.9705939292907715
99,move,chair,O-ET2X-R-PreviousRawEdge-Point,5.557913303375244,27.93684376041302,2.686469316482544,3.514604091644287
99,move,chair,ABL-ET2X-R-PreviousRawEdge-BilinearRGB,5.3646721839904785,28.237456856710335,2.561389446258545,3.407874345779419
99,move,chairs-wide,O-T2X-R,2.120255947113037,34.140334965257495,1.6911224126815796,2.5107100009918213
99,move,chairs-wide,O-ET2X-R-CurrentEdge-Point,2.623685836791992,32.31367336530516,1.7797322273254395,2.635032892227173
99,move,chairs-wide,O-ET2X-R-PreviousRawEdge-Point,2.532075881958008,32.696452115954976,1.7122637033462524,2.2837131023406982
99,move,chairs-wide,ABL-ET2X-R-PreviousRawEdge-BilinearRGB,2.417227268218994,33.15555504836523,1.6529606580734253,2.239891290664673
100,move,chair,O-T2X-R,4.459872245788574,29.691582290717676,2.9133875370025635,4.893126964569092
100,move,chair,O-ET2X-R-CurrentEdge-Point,5.692619323730469,27.65580448349493,2.7174248695373535,3.7831871509552
100,move,chair,O-ET2X-R-PreviousRawEdge-Point,5.5768818855285645,27.871188118021976,2.639761447906494,3.391066074371338
100,move,chair,ABL-ET2X-R-PreviousRawEdge-BilinearRGB,5.362807750701904,28.220620650128385,2.514636993408203,3.291031837463379
100,move,chairs-wide,O-T2X-R,2.114800453186035,34.09739724374111,1.8675016164779663,2.902621030807495
100,move,chairs-wide,O-ET2X-R-CurrentEdge-Point,2.590096950531006,32.406352187953345,1.830825686454773,2.694783926010132
100,move,chairs-wide,O-ET2X-R-PreviousRawEdge-Point,2.539496421813965,32.64920335850789,1.7848650217056274,2.391981840133667
100,move,chairs-wide,ABL-ET2X-R-PreviousRawEdge-BilinearRGB,2.418903112411499,33.110282810860724,1.7089029550552368,2.2632694244384766
101,move,chair,O-T2X-R,4.386541366577148,29.761360383988325,2.87104868888855,4.482313632965088
101,move,chair,O-ET2X-R-CurrentEdge-Point,5.7643818855285645,27.566808650213858,2.7261452674865723,3.9073708057403564
101,move,chair,O-ET2X-R-PreviousRawEdge-Point,5.6169209480285645,27.811778179006453,2.6126036643981934,3.4616310596466064
101,move,chair,ABL-ET2X-R-PreviousRawEdge-BilinearRGB,5.446141242980957,28.085081266128007,2.5074923038482666,3.352250576019287
101,move,chairs-wide,O-T2X-R,2.0910191535949707,34.218260788133584,1.7253645658493042,2.579564094543457
101,move,chairs-wide,O-ET2X-R-CurrentEdge-Point,2.5709636211395264,32.480149668071775,1.7469557523727417,2.6559064388275146
101,move,chairs-wide,O-ET2X-R-PreviousRawEdge-Point,2.525239944458008,32.70629139457729,1.754382610321045,2.4158101081848145
101,move,chairs-wide,ABL-ET2X-R-PreviousRawEdge-BilinearRGB,2.4134294986724854,33.122741094395394,1.6795036792755127,2.3091917037963867
102,move,chair,O-T2X-R,4.407403945922852,29.711656440020306,2.990384578704834,5.079742908477783
102,move,chair,O-ET2X-R-CurrentEdge-Point,5.807942867279053,27.509013644582083,2.6043317317962646,3.83392333984375
102,move,chair,O-ET2X-R-PreviousRawEdge-Point,5.6682353019714355,27.709364842686377,2.537276268005371,3.3906090259552
102,move,chair,ABL-ET2X-R-PreviousRawEdge-BilinearRGB,5.4850850105285645,27.991758597938418,2.4593770503997803,3.2607178688049316
102,move,chairs-wide,O-T2X-R,2.105999231338501,34.232706347256084,1.8390204906463623,2.9226388931274414
102,move,chairs-wide,O-ET2X-R-CurrentEdge-Point,2.6944925785064697,32.06068373401126,1.8285211324691772,2.6670522689819336
102,move,chairs-wide,O-ET2X-R-PreviousRawEdge-Point,2.563337802886963,32.56496725954441,1.6825051307678223,2.378689765930176
102,move,chairs-wide,ABL-ET2X-R-PreviousRawEdge-BilinearRGB,2.4437150955200195,33.03207018161471,1.6541587114334106,2.302020788192749
103,move,chair,O-T2X-R,4.4261956214904785,29.553717719031418,2.676841974258423,4.465908527374268
103,move,chair,O-ET2X-R-CurrentEdge-Point,5.820342063903809,27.35969674067716,2.7640581130981445,3.7947280406951904
103,move,chair,O-ET2X-R-PreviousRawEdge-Point,5.637251377105713,27.66571758551159,2.6503336429595947,3.3432958126068115
103,move,chair,ABL-ET2X-R-PreviousRawEdge-BilinearRGB,5.44981050491333,27.988230130339442,2.554219961166382,3.2463033199310303
103,move,chairs-wide,O-T2X-R,2.179994821548462,33.73591483189859,1.684754729270935,2.52431321144104
103,move,chairs-wide,O-ET2X-R-CurrentEdge-Point,2.6448628902435303,32.162053218620386,1.722825050354004,2.637456178665161
103,move,chairs-wide,O-ET2X-R-PreviousRawEdge-Point,2.5900185108184814,32.42425599093017,1.764666199684143,2.287024974822998
103,move,chairs-wide,ABL-ET2X-R-PreviousRawEdge-BilinearRGB,2.463656187057495,32.92350047162377,1.6817792654037476,2.1827375888824463
104,move,chair,O-T2X-R,4.4055399894714355,29.68369498969864,2.965545654296875,4.844025135040283
104,move,chair,O-ET2X-R-CurrentEdge-Point,5.77127742767334,27.519965796481948,2.717495918273926,3.8846704959869385
104,move,chair,O-ET2X-R-PreviousRawEdge-Point,5.620028495788574,27.745626931102535,2.661371946334839,3.395681142807007
104,move,chair,ABL-ET2X-R-PreviousRawEdge-BilinearRGB,5.432498931884766,28.05336703485338,2.563211679458618,3.3174867630004883
104,move,chairs-wide,O-T2X-R,2.1280441284179688,34.08722920139641,1.8469985723495483,2.8918261528015137
104,move,chairs-wide,O-ET2X-R-CurrentEdge-Point,2.587317943572998,32.36277084895191,1.8060343265533447,2.578916549682617
104,move,chairs-wide,O-ET2X-R-PreviousRawEdge-Point,2.529574155807495,32.6178370004503,1.7354182004928589,2.399761438369751
104,move,chairs-wide,ABL-ET2X-R-PreviousRawEdge-BilinearRGB,2.428349256515503,33.04495627464588,1.6775864362716675,2.299933910369873
105,move,chair,O-T2X-R,4.3482184410095215,29.95754782522665,2.796412467956543,4.49500846862793
105,move,chair,O-ET2X-R-CurrentEdge-Point,5.701497554779053,27.603968611333464,2.626980781555176,3.834336757659912
105,move,chair,O-ET2X-R-PreviousRawEdge-Point,5.592625617980957,27.807055510335886,2.5690290927886963,3.447457790374756
105,move,chair,ABL-ET2X-R-PreviousRawEdge-BilinearRGB,5.427734375,28.0544113156703,2.477776288986206,3.336383819580078
105,move,chairs-wide,O-T2X-R,2.1398050785064697,34.01716889995421,1.6763170957565308,2.5658717155456543
105,move,chairs-wide,O-ET2X-R-CurrentEdge-Point,2.662959337234497,32.07274202885091,1.7912867069244385,2.6935665607452393
105,move,chairs-wide,O-ET2X-R-PreviousRawEdge-Point,2.552680015563965,32.543903622694216,1.6850532293319702,2.3333237171173096
105,move,chairs-wide,ABL-ET2X-R-PreviousRawEdge-BilinearRGB,2.4428892135620117,32.98499414640311,1.6561611890792847,2.2825944423675537
106,move,chair,O-T2X-R,4.3620381355285645,29.839773039721468,2.9231293201446533,4.909679889678955
106,move,chair,O-ET2X-R-CurrentEdge-Point,5.810576438903809,27.369593350443665,2.6996407508850098,3.71695876121521
106,move,chair,O-ET2X-R-PreviousRawEdge-Point,5.6780009269714355,27.582728349311957,2.5638139247894287,3.2940492630004883
106,move,chair,ABL-ET2X-R-PreviousRawEdge-BilinearRGB,5.48653507232666,27.86844456900114,2.477712869644165,3.2037301063537598
106,move,chairs-wide,O-T2X-R,2.1202800273895264,34.17517820312191,1.8801100254058838,2.889460802078247
106,move,chairs-wide,O-ET2X-R-CurrentEdge-Point,2.6579136848449707,32.04678328323461,1.7807562351226807,2.6345279216766357
106,move,chairs-wide,O-ET2X-R-PreviousRawEdge-Point,2.587613344192505,32.328467233536024,1.7485026121139526,2.280423879623413
106,move,chairs-wide,ABL-ET2X-R-PreviousRawEdge-BilinearRGB,2.4776535034179688,32.78142466713945,1.6551098823547363,2.149794340133667
107,move,chair,O-T2X-R,4.333836555480957,30.029632734059163,2.7569239139556885,4.463490009307861
107,move,chair,O-ET2X-R-CurrentEdge-Point,5.82010555267334,27.361261764854152,2.5999562740325928,3.777841329574585
107,move,chair,O-ET2X-R-PreviousRawEdge-Point,5.6595940589904785,27.599765544577384,2.5276951789855957,3.2696709632873535
107,move,chair,ABL-ET2X-R-PreviousRawEdge-BilinearRGB,5.460641384124756,27.88982816667773,2.4428021907806396,3.176732063293457
107,move,chairs-wide,O-T2X-R,2.0738630294799805,34.395194228146096,1.7145346403121948,2.6289074420928955
107,move,chairs-wide,O-ET2X-R-CurrentEdge-Point,2.6127567291259766,32.1365546279807,1.702637791633606,2.5714480876922607
107,move,chairs-wide,O-ET2X-R-PreviousRawEdge-Point,2.5556278228759766,32.39259965174802,1.695023536682129,2.3349132537841797
107,move,chairs-wide,ABL-ET2X-R-PreviousRawEdge-BilinearRGB,2.4644880294799805,32.797812347062376,1.6339750289916992,2.2252979278564453
108,move,chair,O-T2X-R,4.402698993682861,29.892051860026633,2.9083847999572754,4.88355016708374
108,move,chair,O-ET2X-R-CurrentEdge-Point,5.8364996910095215,27.296198823630146,2.6520824432373047,3.6970901489257812
108,move,chair,O-ET2X-R-PreviousRawEdge-Point,5.708510875701904,27.48732527727363,2.6029679775238037,3.2845635414123535
108,move,chair,ABL-ET2X-R-PreviousRawEdge-BilinearRGB,5.5224609375,27.773722333055243,2.4949610233306885,3.2001867294311523
108,move,chairs-wide,O-T2X-R,2.1154332160949707,34.24959221035021,1.8289021253585815,2.902637004852295
108,move,chairs-wide,O-ET2X-R-CurrentEdge-Point,2.7003278732299805,31.825983961460132,1.8135606050491333,2.5588104724884033
108,move,chairs-wide,O-ET2X-R-PreviousRawEdge-Point,2.5985002517700195,32.22618701959652,1.7190775871276855,2.3075826168060303
108,move,chairs-wide,ABL-ET2X-R-PreviousRawEdge-BilinearRGB,2.480860471725464,32.69106806142742,1.6675559282302856,2.2219481468200684
109,move,chair,O-T2X-R,4.39432430267334,29.814668922692583,2.8150408267974854,4.503213882446289
109,move,chair,O-ET2X-R-CurrentEdge-Point,5.891275882720947,27.212361253971974,2.6465959548950195,3.7107667922973633
109,move,chair,O-ET2X-R-PreviousRawEdge-Point,5.765536308288574,27.377668483578738,2.5928914546966553,3.359121084213257
109,move,chair,ABL-ET2X-R-PreviousRawEdge-BilinearRGB,5.573419570922852,27.674748496012764,2.4957144260406494,3.266082525253296
109,move,chairs-wide,O-T2X-R,2.130358934402466,34.06121593950904,1.6937730312347412,2.5810420513153076
109,move,chairs-wide,O-ET2X-R-CurrentEdge-Point,2.615734815597534,32.15976316838607,1.8056488037109375,2.674314260482788
109,move,chairs-wide,O-ET2X-R-PreviousRawEdge-Point,2.5581958293914795,32.39798568756751,1.7792807817459106,2.357544183731079
109,move,chairs-wide,ABL-ET2X-R-PreviousRawEdge-BilinearRGB,2.4548189640045166,32.78633636885911,1.7022688388824463,2.245208978652954
110,move,chair,O-T2X-R,4.46407413482666,29.668447583758887,3.0253326892852783,5.011941909790039
110,move,chair,O-ET2X-R-CurrentEdge-Point,5.99843168258667,27.01105547160366,2.845419406890869,3.838538885116577
110,move,chair,O-ET2X-R-PreviousRawEdge-Point,5.861416816711426,27.21193164713851,2.7220778465270996,3.440530300140381
110,move,chair,ABL-ET2X-R-PreviousRawEdge-BilinearRGB,5.68143367767334,27.466510923523295,2.661442756652832,3.3691980838775635
110,move,chairs-wide,O-T2X-R,2.168023109436035,34.01371901992078,1.8295072317123413,2.867799997329712
110,move,chairs-wide,O-ET2X-R-CurrentEdge-Point,2.667619228363037,31.98904682679613,1.7379014492034912,2.580998659133911
110,move,chairs-wide,O-ET2X-R-PreviousRawEdge-Point,2.612401247024536,32.20480414323147,1.722779393196106,2.348271608352661
110,move,chairs-wide,ABL-ET2X-R-PreviousRawEdge-BilinearRGB,2.502134084701538,32.60742116192339,1.6790704727172852,2.2770330905914307
111,move,chair,O-T2X-R,4.414210319519043,29.98411394866414,2.9277892112731934,4.656911849975586
111,move,chair,O-ET2X-R-CurrentEdge-Point,5.980942249298096,26.98857905750146,2.8046927452087402,3.9966375827789307
111,move,chair,O-ET2X-R-PreviousRawEdge-Point,5.8552021980285645,27.1552913439062,2.734158515930176,3.5080792903900146
111,move,chair,ABL-ET2X-R-PreviousRawEdge-BilinearRGB,5.6618428230285645,27.38849867431366,2.629434108734131,3.4415032863616943
111,move,chairs-wide,O-T2X-R,2.1383042335510254,34.19816997248447,1.7180510759353638,2.636566162109375
111,move,chairs-wide,O-ET2X-R-CurrentEdge-Point,2.7545270919799805,31.630490351266044,1.8867067098617554,2.679290533065796
111,move,chairs-wide,O-ET2X-R-PreviousRawEdge-Point,2.6351754665374756,32.08711278008084,1.7561134099960327,2.3952252864837646
111,move,chairs-wide,ABL-ET2X-R-PreviousRawEdge-BilinearRGB,2.5071191787719727,32.48528059678908,1.6883383989334106,2.292393684387207
112,move,chair,O-T2X-R,4.393406867980957,29.78093914034399,2.9785192012786865,5.112337112426758
112,move,chair,O-ET2X-R-CurrentEdge-Point,6.119939804077148,26.78091678299308,2.8265326023101807,3.904951572418213
112,move,chair,O-ET2X-R-PreviousRawEdge-Point,5.9533915519714355,27.020159888216,2.7150042057037354,3.4471628665924072
112,move,chair,ABL-ET2X-R-PreviousRawEdge-BilinearRGB,5.746034622192383,27.2695910647713,2.5952579975128174,3.326411485671997
112,move,chairs-wide,O-T2X-R,2.1456403732299805,34.09728565444023,1.9001967906951904,2.959124803543091
112,move,chairs-wide,O-ET2X-R-CurrentEdge-Point,2.7403972148895264,31.69737002816987,1.8053396940231323,2.72967267036438
112,move,chairs-wide,O-ET2X-R-PreviousRawEdge-Point,2.6749916076660156,31.950127833743643,1.7743983268737793,2.318284749984741
112,move,chairs-wide,ABL-ET2X-R-PreviousRawEdge-BilinearRGB,2.563645362854004,32.321270091191415,1.7051328420639038,2.201814651489258
113,move,chair,O-T2X-R,4.425840377807617,29.883800240712514,2.8722760677337646,4.62495231628418
113,move,chair,O-ET2X-R-CurrentEdge-Point,6.05196475982666,26.84052020944888,2.7518575191497803,3.9685633182525635
113,move,chair,O-ET2X-R-PreviousRawEdge-Point,5.923709869384766,27.01622379854241,2.7021067142486572,3.4816484451293945
113,move,chair,ABL-ET2X-R-PreviousRawEdge-BilinearRGB,5.72774600982666,27.25550683111387,2.5925471782684326,3.3789968490600586
113,move,chairs-wide,O-T2X-R,2.112805128097534,34.260825893517875,1.7777880430221558,2.6993043422698975
113,move,chairs-wide,O-ET2X-R-CurrentEdge-Point,2.6421682834625244,31.990309728065768,1.7242730855941772,2.6089510917663574
113,move,chairs-wide,O-ET2X-R-PreviousRawEdge-Point,2.5936715602874756,32.18905647653348,1.752611756324768,2.387380838394165
113,move,chairs-wide,ABL-ET2X-R-PreviousRawEdge-BilinearRGB,2.5033998489379883,32.491263500103244,1.6884862184524536,2.2900428771972656
114,move,chair,O-T2X-R,4.496448993682861,29.51333953022301,2.9186646938323975,5.014052867889404
114,move,chair,O-ET2X-R-CurrentEdge-Point,6.108250617980957,26.809791180869603,2.7346038818359375,3.7372138500213623
114,move,chair,O-ET2X-R-PreviousRawEdge-Point,5.992808818817139,26.945726256108923,2.660966396331787,3.318263292312622
114,move,chair,ABL-ET2X-R-PreviousRawEdge-BilinearRGB,5.7731709480285645,27.206921097872232,2.555717945098877,3.250216007232666
114,move,chairs-wide,O-T2X-R,2.1280744075775146,34.07562300507483,1.8191348314285278,2.92836332321167
114,move,chairs-wide,O-ET2X-R-CurrentEdge-Point,2.702039957046509,31.784116089525405,1.7698887586593628,2.5322322845458984
114,move,chairs-wide,O-ET2X-R-PreviousRawEdge-Point,2.619809865951538,32.09789487792507,1.6714409589767456,2.3202548027038574
114,move,chairs-wide,ABL-ET2X-R-PreviousRawEdge-BilinearRGB,2.4984326362609863,32.48717384703195,1.6372777223587036,2.238496780395508
115,move,chair,O-T2X-R,4.513494491577148,29.66563946587884,2.8972902297973633,4.594381809234619
115,move,chair,O-ET2X-R-CurrentEdge-Point,6.135801315307617,26.78145927831276,2.757511854171753,3.854694128036499
115,move,chair,O-ET2X-R-PreviousRawEdge-Point,6.029267311096191,26.91725570367175,2.699857473373413,3.4534523487091064
115,move,chair,ABL-ET2X-R-PreviousRawEdge-BilinearRGB,5.850674629211426,27.160023775130163,2.6246116161346436,3.3528554439544678
115,move,chairs-wide,O-T2X-R,2.147822618484497,34.06529915499907,1.701878547668457,2.5933690071105957
115,move,chairs-wide,O-ET2X-R-CurrentEdge-Point,2.7327232360839844,31.72981528952989,1.8634527921676636,2.6483988761901855
115,move,chairs-wide,O-ET2X-R-PreviousRawEdge-Point,2.6446216106414795,32.03475970840336,1.7722283601760864,2.2811954021453857
115,move,chairs-wide,ABL-ET2X-R-PreviousRawEdge-BilinearRGB,2.536090612411499,32.38135731482078,1.712390422821045,2.2035932540893555
116,move,chair,O-T2X-R,4.59451961517334,29.370270496064435,2.9532811641693115,5.0424485206604
116,move,chair,O-ET2X-R-CurrentEdge-Point,6.191554069519043,26.720815401418626,2.851550817489624,3.9498627185821533
116,move,chair,O-ET2X-R-PreviousRawEdge-Point,6.028497695922852,26.93113306813675,2.763814687728882,3.526648759841919
116,move,chair,ABL-ET2X-R-PreviousRawEdge-BilinearRGB,5.849254131317139,27.17081428638915,2.681999921798706,3.4658844470977783
116,move,chairs-wide,O-T2X-R,2.1689212322235107,34.01040787659807,1.7748850584030151,2.8287906646728516
116,move,chairs-wide,O-ET2X-R-CurrentEdge-Point,2.7216796875,31.75561491174381,1.72528076171875,2.6613047122955322
116,move,chairs-wide,O-ET2X-R-PreviousRawEdge-Point,2.642620325088501,32.04875152252275,1.750457763671875,2.339033365249634
116,move,chairs-wide,ABL-ET2X-R-PreviousRawEdge-BilinearRGB,2.5541088581085205,32.38077145266211,1.7038202285766602,2.253207206726074
117,move,chair,O-T2X-R,4.568211555480957,29.585448511715708,2.950904607772827,4.655789375305176
117,move,chair,O-ET2X-R-CurrentEdge-Point,6.21993350982666,26.651238672838097,2.8727707862854004,4.087125301361084
117,move,chair,O-ET2X-R-PreviousRawEdge-Point,6.0454840660095215,26.889336033762685,2.747976541519165,3.549224615097046
117,move,chair,ABL-ET2X-R-PreviousRawEdge-BilinearRGB,5.81992769241333,27.177610405964323,2.623260498046875,3.4769210815429688
117,move,chairs-wide,O-T2X-R,2.1775474548339844,33.93461544884841,1.6953872442245483,2.60288143157959
117,move,chairs-wide,O-ET2X-R-CurrentEdge-Point,2.787778615951538,31.515692925831726,1.7884711027145386,2.5990006923675537
117,move,chairs-wide,O-ET2X-R-PreviousRawEdge-Point,2.687512159347534,31.877032483815512,1.7007313966751099,2.378251552581787
117,move,chairs-wide,ABL-ET2X-R-PreviousRawEdge-BilinearRGB,2.5604865550994873,32.29689019609931,1.640941858291626,2.3041276931762695
118,move,chair,O-T2X-R,4.559866428375244,29.51271229483148,2.9634511470794678,5.1009297370910645
118,move,chair,O-ET2X-R-CurrentEdge-Point,6.193270683288574,26.66380335162099,2.6561949253082275,3.8752965927124023
118,move,chair,O-ET2X-R-PreviousRawEdge-Point,6.093453884124756,26.80065481252023,2.6555862426757812,3.4278502464294434
118,move,chair,ABL-ET2X-R-PreviousRawEdge-BilinearRGB,5.878018379211426,27.06336536954899,2.575885534286499,3.3000426292419434
118,move,chairs-wide,O-T2X-R,2.176854372024536,33.94594803711759,1.792585015296936,2.8485491275787354
118,move,chairs-wide,O-ET2X-R-CurrentEdge-Point,2.760687828063965,31.623339335001805,1.7422164678573608,2.5705199241638184
118,move,chairs-wide,O-ET2X-R-PreviousRawEdge-Point,2.7141807079315186,31.79858785512095,1.7327171564102173,2.281829595565796
118,move,chairs-wide,ABL-ET2X-R-PreviousRawEdge-BilinearRGB,2.597041368484497,32.1703317694359,1.6753836870193481,2.1992273330688477
119,move,chair,O-T2X-R,4.459220886230469,29.75246453373265,2.981912136077881,4.782223224639893
119,move,chair,O-ET2X-R-CurrentEdge-Point,6.191642761230469,26.73907795970605,2.8103532791137695,3.8587281703948975
119,move,chair,O-ET2X-R-PreviousRawEdge-Point,6.051432132720947,26.928165444381023,2.660388708114624,3.477381944656372
119,move,chair,ABL-ET2X-R-PreviousRawEdge-BilinearRGB,5.798887252807617,27.240322726758738,2.589132308959961,3.4102301597595215
119,move,chairs-wide,O-T2X-R,2.1460986137390137,34.0741166737273,1.7649195194244385,2.6442346572875977
119,move,chairs-wide,O-ET2X-R-CurrentEdge-Point,2.750868082046509,31.71553193752618,1.7424829006195068,2.5453836917877197
119,move,chairs-wide,O-ET2X-R-PreviousRawEdge-Point,2.6876206398010254,31.938063598729936,1.6935920715332031,2.3087046146392822
119,move,chairs-wide,ABL-ET2X-R-PreviousRawEdge-BilinearRGB,2.566641330718994,32.33736317818924,1.6420992612838745,2.236921548843384
120,move,chair,O-T2X-R,4.539535999298096,29.54137227039674,2.9931604862213135,5.169844627380371
120,move,chair,O-ET2X-R-CurrentEdge-Point,6.107717990875244,26.858848242777785,2.8916361331939697,4.005056381225586
120,move,chair,O-ET2X-R-PreviousRawEdge-Point,5.992808818817139,27.024782190604668,2.8763997554779053,3.534736394882202
120,move,chair,ABL-ET2X-R-PreviousRawEdge-BilinearRGB,5.7873759269714355,27.29028954089403,2.7625110149383545,3.446575164794922
120,move,chairs-wide,O-T2X-R,2.1664135456085205,34.00922605146911,1.7863538265228271,2.897825241088867
120,move,chairs-wide,O-ET2X-R-CurrentEdge-Point,2.7464191913604736,31.739354689025213,1.8341842889785767,2.6440534591674805
120,move,chairs-wide,O-ET2X-R-PreviousRawEdge-Point,2.6718990802764893,32.02131313080746,1.7623964548110962,2.355581045150757
120,move,chairs-wide,ABL-ET2X-R-PreviousRawEdge-BilinearRGB,2.5575509071350098,32.42193737909019,1.705600619316101,2.2620935440063477
121,move,chair,O-T2X-R,4.4951171875,29.737641873766467,2.9840261936187744,4.784792900085449
121,move,chair,O-ET2X-R-CurrentEdge-Point,5.979166507720947,27.154789537269338,2.8845930099487305,3.983947992324829
121,move,chair,O-ET2X-R-PreviousRawEdge-Point,5.875740051269531,27.276604892859936,2.797856092453003,3.6517763137817383
121,move,chair,ABL-ET2X-R-PreviousRawEdge-BilinearRGB,5.666873931884766,27.565584054926738,2.703197479248047,3.546828269958496
121,move,chairs-wide,O-T2X-R,2.181779384613037,33.96018734969383,1.7714874744415283,2.6428160667419434
121,move,chairs-wide,O-ET2X-R-CurrentEdge-Point,2.7399089336395264,31.882471966992192,1.812190055847168,2.646728754043579
121,move,chairs-wide,O-ET2X-R-PreviousRawEdge-Point,2.6650390625,32.16209094227379,1.7585524320602417,2.3382420539855957
121,move,chairs-wide,ABL-ET2X-R-PreviousRawEdge-BilinearRGB,2.5568034648895264,32.56725447053865,1.706947922706604,2.2663424015045166
122,move,chair,O-T2X-R,4.620590686798096,29.379617131112134,2.9008262157440186,5.01190710067749
122,move,chair,O-ET2X-R-CurrentEdge-Point,5.866092681884766,27.430209506190725,2.8957042694091797,4.045736312866211
122,move,chair,O-ET2X-R-PreviousRawEdge-Point,5.729462623596191,27.637462366601362,2.814420223236084,3.628978729248047
122,move,chair,ABL-ET2X-R-PreviousRawEdge-BilinearRGB,5.515950679779053,27.947027470984033,2.7566936016082764,3.5607340335845947
122,move,chairs-wide,O-T2X-R,2.2206850051879883,33.70941593569344,1.8483827114105225,2.9564340114593506
122,move,chairs-wide,O-ET2X-R-CurrentEdge-Point,2.6723873615264893,32.09466556707068,1.747892141342163,2.5848073959350586
122,move,chairs-wide,O-ET2X-R-PreviousRawEdge-Point,2.6153006553649902,32.32550668879376,1.7484331130981445,2.3381776809692383
122,move,chairs-wide,ABL-ET2X-R-PreviousRawEdge-BilinearRGB,2.5043222904205322,32.75324801361033,1.699578046798706,2.2658071517944336
123,move,chair,O-T2X-R,4.573390007019043,29.564928684746672,2.8422274589538574,4.539841175079346
123,move,chair,O-ET2X-R-CurrentEdge-Point,5.8568596839904785,27.380781694717008,2.7632393836975098,3.9066519737243652
123,move,chair,O-ET2X-R-PreviousRawEdge-Point,5.757694244384766,27.519386360572128,2.7129135131835938,3.5280418395996094
123,move,chair,ABL-ET2X-R-PreviousRawEdge-BilinearRGB,5.526278495788574,27.870367336549158,2.597487211227417,3.4490883350372314
123,move,chairs-wide,O-T2X-R,2.172013759613037,33.917319864208665,1.6809138059616089,2.630298137664795
123,move,chairs-wide,O-ET2X-R-CurrentEdge-Point,2.6890792846679688,31.99940620708047,1.7646440267562866,2.533547878265381
123,move,chairs-wide,O-ET2X-R-PreviousRawEdge-Point,2.606903553009033,32.30971454050853,1.692779302597046,2.30863618850708
123,move,chairs-wide,ABL-ET2X-R-PreviousRawEdge-BilinearRGB,2.5036168098449707,32.739964766032784,1.6368370056152344,2.2305455207824707
124,move,chair,O-T2X-R,4.630977630615234,29.472534908539917,2.8850791454315186,4.920274257659912
124,move,chair,O-ET2X-R-CurrentEdge-Point,5.7681403160095215,27.507540573351875,2.7093513011932373,3.857077121734619
124,move,chair,O-ET2X-R-PreviousRawEdge-Point,5.651337623596191,27.72547028325863,2.658597707748413,3.503570556640625
124,move,chair,ABL-ET2X-R-PreviousRawEdge-BilinearRGB,5.445963382720947,28.026080961090024,2.567129373550415,3.3796885013580322
124,move,chairs-wide,O-T2X-R,2.184805393218994,33.93419309227472,1.7905513048171997,2.7880795001983643
124,move,chairs-wide,O-ET2X-R-CurrentEdge-Point,2.699580430984497,31.971582373713012,1.7185660600662231,2.5573790073394775
124,move,chairs-wide,O-ET2X-R-PreviousRawEdge-Point,2.607572555541992,32.33060181904477,1.6704713106155396,2.2546260356903076
124,move,chairs-wide,ABL-ET2X-R-PreviousRawEdge-BilinearRGB,2.511284828186035,32.723410958646696,1.6426119804382324,2.2024872303009033
125,move,chair,O-T2X-R,4.591974258422852,29.603582770107405,2.8936877250671387,4.543704509735107
125,move,chair,O-ET2X-R-CurrentEdge-Point,5.839103698730469,27.473204149944603,2.707409143447876,3.8265631198883057
125,move,chair,O-ET2X-R-PreviousRawEdge-Point,5.715879440307617,27.64881013225945,2.647653341293335,3.4753305912017822
125,move,chair,ABL-ET2X-R-PreviousRawEdge-BilinearRGB,5.482125759124756,27.993260028220277,2.573378324508667,3.3921422958374023
125,move,chairs-wide,O-T2X-R,2.201406955718994,33.938209347357045,1.772912621498108,2.650966167449951
125,move,chairs-wide,O-ET2X-R-CurrentEdge-Point,2.676564931869507,32.14857041735986,1.6214599609375,2.4629244804382324
125,move,chairs-wide,O-ET2X-R-PreviousRawEdge-Point,2.6368935108184814,32.3059178940068,1.6551148891448975,2.243354320526123
125,move,chairs-wide,ABL-ET2X-R-PreviousRawEdge-BilinearRGB,2.5158541202545166,32.750028971559445,1.5937340259552002,2.1594300270080566
126,move,chair,O-T2X-R,4.63790225982666,29.376432992126613,2.9598569869995117,5.06557035446167
126,move,chair,O-ET2X-R-CurrentEdge-Point,5.895951747894287,27.357741807832095,2.6828126907348633,3.7308053970336914
126,move,chair,O-ET2X-R-PreviousRawEdge-Point,5.7790303230285645,27.51196961958518,2.5742685794830322,3.355304002761841
126,move,chair,ABL-ET2X-R-PreviousRawEdge-BilinearRGB,5.565370559692383,27.84488496065443,2.481546640396118,3.2708969116210938
126,move,chairs-wide,O-T2X-R,2.188422203063965,33.873605883484316,1.804620623588562,2.936555862426758
126,move,chairs-wide,O-ET2X-R-CurrentEdge-Point,2.7089784145355225,32.00385328619686,1.7261781692504883,2.395563840866089
126,move,chairs-wide,O-ET2X-R-PreviousRawEdge-Point,2.647611618041992,32.253922906182225,1.6163536310195923,2.212916374206543
126,move,chairs-wide,ABL-ET2X-R-PreviousRawEdge-BilinearRGB,2.5400149822235107,32.68250192694828,1.5798606872558594,2.158513069152832
127,move,chair,O-T2X-R,4.568211555480957,29.60367114121956,2.886390447616577,4.65604829788208
127,move,chair,O-ET2X-R-CurrentEdge-Point,5.939364433288574,27.286542074399506,2.79146671295166,3.8069772720336914
127,move,chair,O-ET2X-R-PreviousRawEdge-Point,5.796431064605713,27.53097796039163,2.7148258686065674,3.3938703536987305
127,move,chair,ABL-ET2X-R-PreviousRawEdge-BilinearRGB,5.613429069519043,27.823908990854452,2.5936007499694824,3.297938346862793
127,move,chairs-wide,O-T2X-R,2.153428792953491,34.109278751111574,1.6896882057189941,2.6000852584838867
127,move,chairs-wide,O-ET2X-R-CurrentEdge-Point,2.6922802925109863,31.995410589516787,1.84707510471344,2.607414484024048
127,move,chairs-wide,O-ET2X-R-PreviousRawEdge-Point,2.619839906692505,32.33468877369297,1.803288221359253,2.2911183834075928
127,move,chairs-wide,ABL-ET2X-R-PreviousRawEdge-BilinearRGB,2.507378578186035,32.727760381194564,1.7393773794174194,2.210383892059326
128,move,chair,O-T2X-R,4.598100185394287,29.49638688349951,3.0722696781158447,5.0861358642578125
128,move,chair,O-ET2X-R-CurrentEdge-Point,5.996241569519043,27.286865902954464,2.796973466873169,3.849661111831665
128,move,chair,O-ET2X-R-PreviousRawEdge-Point,5.891571998596191,27.46848443963385,2.73065185546875,3.443202018737793
128,move,chair,ABL-ET2X-R-PreviousRawEdge-BilinearRGB,5.688240051269531,27.76702040862778,2.617065668106079,3.3587393760681152
128,move,chairs-wide,O-T2X-R,2.2025041580200195,33.9924825831306,1.826140284538269,2.844906806945801
128,move,chairs-wide,O-ET2X-R-CurrentEdge-Point,2.7201485633850098,32.02617511945438,1.699259638786316,2.5292038917541504
128,move,chairs-wide,O-ET2X-R-PreviousRawEdge-Point,2.6835033893585205,32.19252096357383,1.6950147151947021,2.2868380546569824
128,move,chairs-wide,ABL-ET2X-R-PreviousRawEdge-BilinearRGB,2.577678918838501,32.573747287929685,1.6468194723129272,2.2049829959869385
129,move,chair,O-T2X-R,4.543590068817139,29.68652808432825,2.8869407176971436,4.754887104034424
129,move,chair,O-ET2X-R-CurrentEdge-Point,5.991329193115234,27.33062513505878,2.7375574111938477,3.9221954345703125
129,move,chair,O-ET2X-R-PreviousRawEdge-Point,5.8505859375,27.527600957139597,2.628025770187378,3.508822441101074
129,move,chair,ABL-ET2X-R-PreviousRawEdge-BilinearRGB,5.625355243682861,27.847883428998227,2.5401718616485596,3.4103918075561523
129,move,chairs-wide,O-T2X-R,2.1712841987609863,34.050843357605565,1.6937772035598755,2.666330575942993
129,move,chairs-wide,O-ET2X-R-CurrentEdge-Point,2.779296875,31.79464599381378,1.7577062845230103,2.562631845474243
129,move,chairs-wide,O-ET2X-R-PreviousRawEdge-Point,2.664592981338501,32.24087956370064,1.6269731521606445,2.2947492599487305
129,move,chairs-wide,ABL-ET2X-R-PreviousRawEdge-BilinearRGB,2.539930582046509,32.67606869765285,1.5898369550704956,2.244321584701538
130,move,chair,O-T2X-R,4.521336555480957,29.79093167748958,3.054457902908325,5.090503215789795
130,move,chair,O-ET2X-R-CurrentEdge-Point,5.921016693115234,27.461213402155376,2.7807817459106445,3.8408308029174805
130,move,chair,O-ET2X-R-PreviousRawEdge-Point,5.80039644241333,27.658768489675104,2.743926763534546,3.428877115249634
130,move,chair,ABL-ET2X-R-PreviousRawEdge-BilinearRGB,5.60469913482666,27.979922615958365,2.6489789485931396,3.371645212173462
130,move,chairs-wide,O-T2X-R,2.182141065597534,34.05244721919682,1.873831868171692,2.8947126865386963
130,move,chairs-wide,O-ET2X-R-CurrentEdge-Point,2.7206127643585205,32.046115974594585,1.7075529098510742,2.516510248184204
130,move,chairs-wide,O-ET2X-R-PreviousRawEdge-Point,2.669126272201538,32.26966091825433,1.7335206270217896,2.1972761154174805
130,move,chairs-wide,ABL-ET2X-R-PreviousRawEdge-BilinearRGB,2.5596065521240234,32.66696280248803,1.6723119020462036,2.1098153591156006
131,move,chair,O-T2X-R,4.48106050491333,29.821574166693814,2.7542130947113037,4.626570701599121
131,move,chair,O-ET2X-R-CurrentEdge-Point,5.927201747894287,27.462640158716532,2.669816732406616,3.7918081283569336
131,move,chair,O-ET2X-R-PreviousRawEdge-Point,5.811996936798096,27.667127679234092,2.6162357330322266,3.4414901733398438
131,move,chair,ABL-ET2X-R-PreviousRawEdge-BilinearRGB,5.590938568115234,28.004796424808838,2.525398015975952,3.349602699279785
131,move,chairs-wide,O-T2X-R,2.160939931869507,34.18028887319362,1.7336726188659668,2.7582528591156006
131,move,chairs-wide,O-ET2X-R-CurrentEdge-Point,2.676938772201538,32.25558557916794,1.7873692512512207,2.5541279315948486
131,move,chairs-wide,O-ET2X-R-PreviousRawEdge-Point,2.6180918216705322,32.540288145834005,1.7198628187179565,2.3532516956329346
131,move,chairs-wide,ABL-ET2X-R-PreviousRawEdge-BilinearRGB,2.5203027725219727,32.910941359383486,1.6705169677734375,2.2806901931762695
132,move,chair,O-T2X-R,4.495294570922852,29.738456938951646,2.988311529159546,4.95109224319458
132,move,chair,O-ET2X-R-CurrentEdge-Point,5.91953706741333,27.38885393632141,2.7854301929473877,3.7858970165252686
132,move,chair,O-ET2X-R-PreviousRawEdge-Point,5.784475803375244,27.625722948081133,2.725131034851074,3.419513702392578
132,move,chair,ABL-ET2X-R-PreviousRawEdge-BilinearRGB,5.572798252105713,27.958033954271407,2.63582706451416,3.36637282371521
132,move,chairs-wide,O-T2X-R,2.1995623111724854,33.995970934504804,1.796212911605835,2.8871426582336426
132,move,chairs-wide,O-ET2X-R-CurrentEdge-Point,2.6771316528320312,32.18840279127725,1.710645318031311,2.493792772293091
132,move,chairs-wide,O-ET2X-R-PreviousRawEdge-Point,2.6120636463165283,32.49751003367922,1.7129961252212524,2.2255547046661377
132,move,chairs-wide,ABL-ET2X-R-PreviousRawEdge-BilinearRGB,2.502845287322998,32.89960698553188,1.666448712348938,2.177037477493286
133,move,chair,O-T2X-R,4.422407627105713,29.771399290284126,2.771679162979126,4.506370544433594
133,move,chair,O-ET2X-R-CurrentEdge-Point,5.893318176269531,27.39949901329606,2.7983858585357666,3.916017770767212
133,move,chair,O-ET2X-R-PreviousRawEdge-Point,5.767933368682861,27.597140398955165,2.7082526683807373,3.482002019882202
133,move,chair,ABL-ET2X-R-PreviousRawEdge-BilinearRGB,5.5576171875,27.92746130097205,2.5949466228485107,3.439405679702759
133,move,chairs-wide,O-T2X-R,2.1331138610839844,34.24433912606416,1.7422938346862793,2.6576764583587646
133,move,chairs-wide,O-ET2X-R-CurrentEdge-Point,2.674593687057495,32.25767135026628,1.7687766551971436,2.530560255050659
133,move,chairs-wide,O-ET2X-R-PreviousRawEdge-Point,2.622667074203491,32.47058227306895,1.7174501419067383,2.334120035171509
133,move,chairs-wide,ABL-ET2X-R-PreviousRawEdge-BilinearRGB,2.511037588119507,32.89152716434398,1.6649755239486694,2.254051446914673
134,move,chair,O-T2X-R,4.444247245788574,29.855042662711092,2.858783006668091,4.849820137023926
134,move,chair,O-ET2X-R-CurrentEdge-Point,5.884588241577148,27.346831383903798,2.646852970123291,3.7865653038024902
134,move,chair,O-ET2X-R-PreviousRawEdge-Point,5.75369930267334,27.54808240010432,2.5614683628082275,3.3615784645080566
134,move,chair,ABL-ET2X-R-PreviousRawEdge-BilinearRGB,5.55625581741333,27.847829101751053,2.4928998947143555,3.269785165786743
134,move,chairs-wide,O-T2X-R,2.1611809730529785,34.22855751627448,1.8225035667419434,2.8939208984375
134,move,chairs-wide,O-ET2X-R-CurrentEdge-Point,2.6993091106414795,32.06369568261391,1.7727407217025757,2.52761173248291
134,move,chairs-wide,O-ET2X-R-PreviousRawEdge-Point,2.6136670112609863,32.443128164573466,1.688740849494934,2.252992630004883
134,move,chairs-wide,ABL-ET2X-R-PreviousRawEdge-BilinearRGB,2.515082359313965,32.80177603652086,1.648394227027893,2.1913907527923584
135,move,chair,O-T2X-R,4.48280668258667,29.81060645566823,2.699303388595581,4.382188320159912
135,move,chair,O-ET2X-R-CurrentEdge-Point,5.908084869384766,27.325632740862037,2.6432580947875977,3.716770887374878
135,move,chair,O-ET2X-R-PreviousRawEdge-Point,5.783232688903809,27.536390216489643,2.566300392150879,3.265850067138672
135,move,chair,ABL-ET2X-R-PreviousRawEdge-BilinearRGB,5.572354316711426,27.83379974360146,2.477726936340332,3.207688808441162
135,move,chairs-wide,O-T2X-R,2.1583778858184814,34.10493238807243,1.7272589206695557,2.622400999069214
135,move,chairs-wide,O-ET2X-R-CurrentEdge-Point,2.711021900177002,32.05626769373356,1.6721041202545166,2.5150952339172363
135,move,chairs-wide,O-ET2X-R-PreviousRawEdge-Point,2.646888256072998,32.323464218940316,1.680094599723816,2.2208948135375977
135,move,chairs-wide,ABL-ET2X-R-PreviousRawEdge-BilinearRGB,2.527398109436035,32.76556623736568,1.6265443563461304,2.1367199420928955
136,move,chair,O-T2X-R,4.460582256317139,29.896159924200923,2.9657094478607178,4.939603805541992
136,move,chair,O-ET2X-R-CurrentEdge-Point,5.894205570220947,27.305052372088312,2.6097168922424316,3.6313300132751465
136,move,chair,O-ET2X-R-PreviousRawEdge-Point,5.776840686798096,27.45571782636016,2.60498309135437,3.2595956325531006
136,move,chair,ABL-ET2X-R-PreviousRawEdge-BilinearRGB,5.590702056884766,27.757959673666008,2.4984185695648193,3.1516618728637695
136,move,chairs-wide,O-T2X-R,2.1529645919799805,34.25733488688883,1.8204964399337769,2.8988466262817383
136,move,chairs-wide,O-ET2X-R-CurrentEdge-Point,2.7193167209625244,32.070938967905306,1.7411911487579346,2.488675117492676
136,move,chairs-wide,O-ET2X-R-PreviousRawEdge-Point,2.6443564891815186,32.35901132737623,1.6731996536254883,2.2707905769348145
136,move,chairs-wide,ABL-ET2X-R-PreviousRawEdge-BilinearRGB,2.5238776206970215,32.78578276895078,1.6258500814437866,2.1719648838043213
137,move,chair,O-T2X-R,4.372899055480957,30.018785084159937,2.847134828567505,4.575549602508545
137,move,chair,O-ET2X-R-CurrentEdge-Point,5.919921875,27.244445468431813,2.658299207687378,3.5700156688690186
137,move,chair,O-ET2X-R-PreviousRawEdge-Point,5.789180755615234,27.43166560183441,2.5600314140319824,3.2461965084075928
137,move,chair,ABL-ET2X-R-PreviousRawEdge-BilinearRGB,5.61171293258667,27.703176078759903,2.430104970932007,3.171893358230591
137,move,chairs-wide,O-T2X-R,2.1083321571350098,34.35571757168197,1.7637598514556885,2.6908318996429443
137,move,chairs-wide,O-ET2X-R-CurrentEdge-Point,2.707043409347534,32.02447046925215,1.731765866279602,2.492713451385498
137,move,chairs-wide,O-ET2X-R-PreviousRawEdge-Point,2.6516082286834717,32.27016752300189,1.7314294576644897,2.2368414402008057
137,move,chairs-wide,ABL-ET2X-R-PreviousRawEdge-BilinearRGB,2.5609447956085205,32.59844865273555,1.663543939590454,2.1575610637664795
138,move,chair,O-T2X-R,4.441110134124756,29.830072838182854,3.0201070308685303,5.068495273590088
138,move,chair,O-ET2X-R-CurrentEdge-Point,5.921993255615234,27.240963551177476,2.592010736465454,3.745335578918457
138,move,chair,O-ET2X-R-PreviousRawEdge-Point,5.783883571624756,27.450912805956648,2.524951219558716,3.307863473892212
138,move,chair,ABL-ET2X-R-PreviousRawEdge-BilinearRGB,5.615056991577148,27.71888454148788,2.4529333114624023,3.1816673278808594
138,move,chairs-wide,O-T2X-R,2.187469959259033,34.09435656100546,1.8248848915100098,2.9381539821624756
138,move,chairs-wide,O-ET2X-R-CurrentEdge-Point,2.817189931869507,31.712259503964795,1.83363938331604,2.6074748039245605
138,move,chairs-wide,O-ET2X-R-PreviousRawEdge-Point,2.694082736968994,32.20871123158976,1.714186191558838,2.3297603130340576
138,move,chairs-wide,ABL-ET2X-R-PreviousRawEdge-BilinearRGB,2.5840868949890137,32.591099820601784,1.685068964958191,2.2477409839630127
139,move,chair,O-T2X-R,4.447236061096191,29.86812830062858,2.797633647918701,4.626708507537842
139,move,chair,O-ET2X-R-CurrentEdge-Point,5.958363056182861,27.190224606850183,2.600858211517334,3.659360647201538
139,move,chair,O-ET2X-R-PreviousRawEdge-Point,5.808445930480957,27.42394256095027,2.513984441757202,3.2368645668029785
139,move,chair,ABL-ET2X-R-PreviousRawEdge-BilinearRGB,5.634795188903809,27.68324045178455,2.4274747371673584,3.178832769393921
139,move,chairs-wide,O-T2X-R,2.2087371349334717,33.94985213455008,1.7773680686950684,2.702409505844116
139,move,chairs-wide,O-ET2X-R-CurrentEdge-Point,2.7913169860839844,31.8111493577204,1.759271502494812,2.6594085693359375
139,move,chairs-wide,O-ET2X-R-PreviousRawEdge-Point,2.7248566150665283,32.09084939065393,1.7752593755722046,2.3416025638580322
139,move,chairs-wide,ABL-ET2X-R-PreviousRawEdge-BilinearRGB,2.616180896759033,32.4632780049443,1.7056167125701904,2.239856004714966
140,move,chair,O-T2X-R,4.470525741577148,29.694841826563163,2.8923091888427734,4.874464988708496
140,move,chair,O-ET2X-R-CurrentEdge-Point,5.926254749298096,27.197436835243455,2.5310816764831543,3.555356740951538
140,move,chair,O-ET2X-R-PreviousRawEdge-Point,5.808505058288574,27.357775362678325,2.519339084625244,3.1331727504730225
140,move,chair,ABL-ET2X-R-PreviousRawEdge-BilinearRGB,5.641897678375244,27.632785362295067,2.436720609664917,3.092288017272949
140,move,chairs-wide,O-T2X-R,2.187795400619507,34.05382715012509,1.851905345916748,2.9797511100769043
140,move,chairs-wide,O-ET2X-R-CurrentEdge-Point,2.7689707279205322,31.86304816218653,1.63763427734375,2.4698150157928467
140,move,chairs-wide,O-ET2X-R-PreviousRawEdge-Point,2.7140841484069824,32.08188420468769,1.6338858604431152,2.294970750808716
140,move,chairs-wide,ABL-ET2X-R-PreviousRawEdge-BilinearRGB,2.6240053176879883,32.41620425455728,1.6033501625061035,2.2401366233825684
141,move,chair,O-T2X-R,4.44356632232666,29.902519393329104,2.7907285690307617,4.521791458129883
141,move,chair,O-ET2X-R-CurrentEdge-Point,5.968572616577148,27.071941441494097,2.41687273979187,3.4946107864379883
141,move,chair,O-ET2X-R-PreviousRawEdge-Point,5.860528945922852,27.237251106001303,2.3670623302459717,3.204385995864868
141,move,chair,ABL-ET2X-R-PreviousRawEdge-BilinearRGB,5.6806640625,27.504791277672194,2.299718141555786,3.1392385959625244
141,move,chairs-wide,O-T2X-R,2.2070915699005127,34.021028896497455,1.712715744972229,2.702585220336914
141,move,chairs-wide,O-ET2X-R-CurrentEdge-Point,2.839735269546509,31.53659271152476,1.7665297985076904,2.5002901554107666
141,move,chairs-wide,O-ET2X-R-PreviousRawEdge-Point,2.7511513233184814,31.91211757227432,1.6786284446716309,2.279601812362671
141,move,chairs-wide,ABL-ET2X-R-PreviousRawEdge-BilinearRGB,2.629967212677002,32.324913081283476,1.6369868516921997,2.217569589614868
142,move,chair,O-T2X-R,4.544270992279053,29.600048005145695,2.9353981018066406,4.90952730178833
142,move,chair,O-ET2X-R-CurrentEdge-Point,5.969608306884766,27.103146356348272,2.526578664779663,3.405557870864868
142,move,chair,O-ET2X-R-PreviousRawEdge-Point,5.858931064605713,27.260210692794118,2.4580557346343994,3.068881034851074
142,move,chair,ABL-ET2X-R-PreviousRawEdge-BilinearRGB,5.684037685394287,27.509518180834075,2.363499402999878,3.014476776123047
142,move,chairs-wide,O-T2X-R,2.2639009952545166,33.7057824185412,1.8825243711471558,2.931734323501587
142,move,chairs-wide,O-ET2X-R-CurrentEdge-Point,2.8100223541259766,31.650299842885957,1.750959873199463,2.512829065322876
142,move,chairs-wide,O-ET2X-R-PreviousRawEdge-Point,2.765124559402466,31.822735419334762,1.7522673606872559,2.2403457164764404
142,move,chairs-wide,ABL-ET2X-R-PreviousRawEdge-BilinearRGB,2.6606626510620117,32.1721984267022,1.693122386932373,2.1548964977264404
143,move,chair,O-T2X-R,4.554924011230469,29.707924022169312,2.6775057315826416,4.462198257446289
143,move,chair,O-ET2X-R-CurrentEdge-Point,5.964518070220947,27.147362648241504,2.568002462387085,3.547158718109131
143,move,chair,O-ET2X-R-PreviousRawEdge-Point,5.8441643714904785,27.30683270467744,2.502620220184326,3.176990270614624
143,move,chair,ABL-ET2X-R-PreviousRawEdge-BilinearRGB,5.687618255615234,27.544715815559545,2.4285478591918945,3.110375165939331
143,move,chairs-wide,O-T2X-R,2.1909842491149902,33.97792353539898,1.787974238395691,2.7487103939056396
143,move,chairs-wide,O-ET2X-R-CurrentEdge-Point,2.794560194015503,31.55435049337011,1.7718337774276733,2.559522867202759
143,move,chairs-wide,O-ET2X-R-PreviousRawEdge-Point,2.695674180984497,32.00028403235192,1.6767030954360962,2.3186986446380615
143,move,chairs-wide,ABL-ET2X-R-PreviousRawEdge-BilinearRGB,2.6046488285064697,32.33694903945516,1.6363400220870972,2.2497406005859375
144,move,chair,O-T2X-R,4.683357238769531,29.328512363354005,2.8872828483581543,4.73563814163208
144,move,chair,O-ET2X-R-CurrentEdge-Point,5.922555446624756,27.193237235713184,2.5311973094940186,3.5079238414764404
144,move,chair,O-ET2X-R-PreviousRawEdge-Point,5.8112568855285645,27.35818719327153,2.4908132553100586,3.1231234073638916
144,move,chair,ABL-ET2X-R-PreviousRawEdge-BilinearRGB,5.626479625701904,27.623113906658205,2.4024410247802734,3.0826761722564697
144,move,chairs-wide,O-T2X-R,2.245900869369507,33.771850044930865,1.8437718152999878,2.9616544246673584
144,move,chairs-wide,O-ET2X-R-CurrentEdge-Point,2.8044161796569824,31.5388282119377,1.70127272605896,2.4948010444641113
144,move,chairs-wide,O-ET2X-R-PreviousRawEdge-Point,2.7331693172454834,31.803381090454224,1.7065638303756714,2.190286874771118
144,move,chairs-wide,ABL-ET2X-R-PreviousRawEdge-BilinearRGB,2.619128465652466,32.18433191457343,1.6669939756393433,2.1352827548980713
145,move,chair,O-T2X-R,4.646720886230469,29.47701483324383,2.7337801456451416,4.465641021728516
145,move,chair,O-ET2X-R-CurrentEdge-Point,5.9468512535095215,27.205091823069214,2.619011640548706,3.634582757949829
145,move,chair,O-ET2X-R-PreviousRawEdge-Point,5.831380367279053,27.377392969758716,2.5787556171417236,3.2877731323242188
145,move,chair,ABL-ET2X-R-PreviousRawEdge-BilinearRGB,5.649473190307617,27.62752642623333,2.504380226135254,3.191054582595825
145,move,chairs-wide,O-T2X-R,2.2836310863494873,33.61475773279856,1.791035771369934,2.7530269622802734
145,move,chairs-wide,O-ET2X-R-CurrentEdge-Point,2.8024208545684814,31.570228724772168,1.798656702041626,2.55318021774292
145,move,chairs-wide,O-ET2X-R-PreviousRawEdge-Point,2.7221739292144775,31.90864780051003,1.735639214515686,2.333266496658325
145,move,chairs-wide,ABL-ET2X-R-PreviousRawEdge-BilinearRGB,2.620798349380493,32.231615778476524,1.6831504106521606,2.251134157180786
146,move,chair,O-T2X-R,4.577651500701904,29.44056405432487,2.7704508304595947,4.744157314300537
146,move,chair,O-ET2X-R-CurrentEdge-Point,5.928474426269531,27.205487551658432,2.6294476985931396,3.6455671787261963
146,move,chair,O-ET2X-R-PreviousRawEdge-Point,5.784002304077148,27.438784170194268,2.5409772396087646,3.227083444595337
146,move,chair,ABL-ET2X-R-PreviousRawEdge-BilinearRGB,5.617098808288574,27.69411019389073,2.441088914871216,3.205454111099243
146,move,chairs-wide,O-T2X-R,2.2730517387390137,33.63335241016771,1.8524044752120972,2.9657766819000244
146,move,chairs-wide,O-ET2X-R-CurrentEdge-Point,2.821680784225464,31.58855384280225,1.720216155052185,2.529871702194214
146,move,chairs-wide,O-ET2X-R-PreviousRawEdge-Point,2.750433921813965,31.86233064501389,1.7107443809509277,2.2533676624298096
146,move,chairs-wide,ABL-ET2X-R-PreviousRawEdge-BilinearRGB,2.6475753784179688,32.218359751734134,1.664450764656067,2.186053514480591
147,move,chair,O-T2X-R,4.486564636230469,29.782341490866333,2.839402914047241,4.472846031188965
147,move,chair,O-ET2X-R-CurrentEdge-Point,5.963689804077148,27.164911508028453,2.5323033332824707,3.6116020679473877
147,move,chair,O-ET2X-R-PreviousRawEdge-Point,5.822886943817139,27.385063739845453,2.4802191257476807,3.202873945236206
147,move,chair,ABL-ET2X-R-PreviousRawEdge-BilinearRGB,5.616033554077148,27.67216648941013,2.389371156692505,3.098351240158081
147,move,chairs-wide,O-T2X-R,2.2098946571350098,33.886780869736995,1.786224365234375,2.748455762863159
147,move,chairs-wide,O-ET2X-R-CurrentEdge-Point,2.8028550148010254,31.591639880925435,1.7647817134857178,2.5678231716156006
147,move,chairs-wide,O-ET2X-R-PreviousRawEdge-Point,2.730456590652466,31.883701891011796,1.7288756370544434,2.3520402908325195
147,move,chairs-wide,ABL-ET2X-R-PreviousRawEdge-BilinearRGB,2.611466884613037,32.28396954050483,1.6661795377731323,2.258650064468384
148,move,chair,O-T2X-R,4.476059436798096,29.699842952713652,2.7679507732391357,4.836947441101074
148,move,chair,O-ET2X-R-CurrentEdge-Point,5.978071689605713,27.069711361824098,2.71866774559021,3.668144941329956
148,move,chair,O-ET2X-R-PreviousRawEdge-Point,5.81776762008667,27.31815874079528,2.6131744384765625,3.2691352367401123
148,move,chair,ABL-ET2X-R-PreviousRawEdge-BilinearRGB,5.630681991577148,27.589613486785577,2.54361891746521,3.165142059326172
148,move,chairs-wide,O-T2X-R,2.2303965091705322,33.782731763985815,1.8133492469787598,2.92632794380188
148,move,chairs-wide,O-ET2X-R-CurrentEdge-Point,2.795072555541992,31.62012266233782,1.8247456550598145,2.587048292160034
148,move,chairs-wide,O-ET2X-R-PreviousRawEdge-Point,2.7195277214050293,31.91233403042061,1.7593899965286255,2.336426019668579
148,move,chairs-wide,ABL-ET2X-R-PreviousRawEdge-BilinearRGB,2.621527671813965,32.2540915851656,1.7130416631698608,2.249037265777588
149,move,chair,O-T2X-R,4.310783386230469,30.16185719531213,2.876919746398926,4.450883865356445
149,move,chair,O-ET2X-R-CurrentEdge-Point,6.0139384269714355,26.95126686265128,2.643927574157715,3.726223945617676
149,move,chair,O-ET2X-R-PreviousRawEdge-Point,5.878403186798096,27.17991842723571,2.6297292709350586,3.320908308029175
149,move,chair,ABL-ET2X-R-PreviousRawEdge-BilinearRGB,5.703480243682861,27.398698873000498,2.5212502479553223,3.240703582763672
149,move,chairs-wide,O-T2X-R,2.2001349925994873,33.98544028547298,1.78280508518219,2.677225351333618
149,move,chairs-wide,O-ET2X-R-CurrentEdge-Point,2.8265035152435303,31.461405404230934,1.7549768686294556,2.6046345233917236
149,move,chairs-wide,O-ET2X-R-PreviousRawEdge-Point,2.767493724822998,31.702898153962288,1.7446757555007935,2.3429319858551025
149,move,chairs-wide,ABL-ET2X-R-PreviousRawEdge-BilinearRGB,2.650282144546509,32.05017242624755,1.6886245012283325,2.2709755897521973
150,move,chair,O-T2X-R,4.358931064605713,29.923853393908306,2.711174726486206,4.844813823699951
150,move,chair,O-ET2X-R-CurrentEdge-Point,6.007989883422852,26.91656871006602,2.5300445556640625,3.5716910362243652
150,move,chair,O-ET2X-R-PreviousRawEdge-Point,5.903261184692383,27.078340551776996,2.480510711669922,3.2553458213806152
150,move,chair,ABL-ET2X-R-PreviousRawEdge-BilinearRGB,5.7336649894714355,27.291203494998378,2.414167881011963,3.1676177978515625
150,move,chairs-wide,O-T2X-R,2.1900439262390137,33.94161552616369,1.8604249954223633,2.9921977519989014
150,move,chairs-wide,O-ET2X-R-CurrentEdge-Point,2.8673744201660156,31.158939747222682,1.7896851301193237,2.567000150680542
150,move,chairs-wide,O-ET2X-R-PreviousRawEdge-Point,2.7766504287719727,31.62720500967374,1.7065964937210083,2.3177850246429443
150,move,chairs-wide,ABL-ET2X-R-PreviousRawEdge-BilinearRGB,2.658944606781006,32.00623118444406,1.64692223072052,2.2207679748535156
151,move,chair,O-T2X-R,4.383848190307617,30.06773667672096,2.6697356700897217,4.251133441925049
151,move,chair,O-ET2X-R-CurrentEdge-Point,6.004941940307617,26.974784311215707,2.6673743724823,3.6449079513549805
151,move,chair,O-ET2X-R-PreviousRawEdge-Point,5.851710319519043,27.195574149233295,2.536578893661499,3.2075541019439697
151,move,chair,ABL-ET2X-R-PreviousRawEdge-BilinearRGB,5.646632194519043,27.45816092805715,2.42159366607666,3.1671690940856934
151,move,chairs-wide,O-T2X-R,2.224735975265503,33.91413596826183,1.711733102798462,2.7189693450927734
151,move,chairs-wide,O-ET2X-R-CurrentEdge-Point,2.8157310485839844,31.33488218413808,1.7925124168395996,2.6488847732543945
151,move,chairs-wide,O-ET2X-R-PreviousRawEdge-Point,2.7524173259735107,31.554538901240754,1.7888246774673462,2.349531888961792
151,move,chairs-wide,ABL-ET2X-R-PreviousRawEdge-BilinearRGB,2.649064540863037,31.86498338911424,1.7119923830032349,2.261875867843628
152,move,chair,O-T2X-R,4.408380508422852,29.896708225185627,2.7517194747924805,4.63066291809082
152,move,chair,O-ET2X-R-CurrentEdge-Point,5.942471504211426,27.152418914502128,2.6077115535736084,3.626854181289673
152,move,chair,O-ET2X-R-PreviousRawEdge-Point,5.833066940307617,27.316060633087563,2.555828094482422,3.1018149852752686
152,move,chair,ABL-ET2X-R-PreviousRawEdge-BilinearRGB,5.651071071624756,27.562317829142454,2.4718618392944336,3.0383825302124023
152,move,chairs-wide,O-T2X-R,2.2376060485839844,33.834346771594554,1.840880036354065,2.883227825164795
152,move,chairs-wide,O-ET2X-R-CurrentEdge-Point,2.816683530807495,31.50640660425531,1.767606496810913,2.5770413875579834
152,move,chairs-wide,O-ET2X-R-PreviousRawEdge-Point,2.734182119369507,31.805865223713564,1.7025034427642822,2.3244290351867676
152,move,chairs-wide,ABL-ET2X-R-PreviousRawEdge-BilinearRGB,2.635488986968994,32.101260506548876,1.6709928512573242,2.2601771354675293
153,move,chair,O-T2X-R,4.415719509124756,29.90964720281065,2.7418529987335205,4.350583076477051
153,move,chair,O-ET2X-R-CurrentEdge-Point,5.9518818855285645,27.156426180633506,2.647104501724243,3.63319993019104
153,move,chair,O-ET2X-R-PreviousRawEdge-Point,5.835611820220947,27.335108470423464,2.6230578422546387,3.3084640502929688
153,move,chair,ABL-ET2X-R-PreviousRawEdge-BilinearRGB,5.672881126403809,27.56883177807131,2.5133790969848633,3.2181053161621094
153,move,chairs-wide,O-T2X-R,2.247474193572998,33.85051021303687,1.7939071655273438,2.730001449584961
153,move,chairs-wide,O-ET2X-R-CurrentEdge-Point,2.8652162551879883,31.410890736676414,1.7928738594055176,2.5692996978759766
153,move,chairs-wide,O-ET2X-R-PreviousRawEdge-Point,2.7818286418914795,31.757744954783377,1.7540827989578247,2.2831151485443115
153,move,chairs-wide,ABL-ET2X-R-PreviousRawEdge-BilinearRGB,2.679994821548462,32.062526374135196,1.667546033859253,2.202315330505371
154,move,chair,O-T2X-R,4.524325370788574,29.640141955142248,2.757718086242676,4.721290588378906
154,move,chair,O-ET2X-R-CurrentEdge-Point,6.026337623596191,27.004923152931642,2.6484181880950928,3.580233097076416
154,move,chair,O-ET2X-R-PreviousRawEdge-Point,5.90468168258667,27.2027963447256,2.5454609394073486,3.233822822570801
154,move,chair,ABL-ET2X-R-PreviousRawEdge-BilinearRGB,5.706705570220947,27.471805804557384,2.4507598876953125,3.152547597885132
154,move,chairs-wide,O-T2X-R,2.2722439765930176,33.58375151314637,1.7994484901428223,2.9397411346435547
154,move,chairs-wide,O-ET2X-R-CurrentEdge-Point,2.8508994579315186,31.496571530060628,1.8064028024673462,2.6073782444000244
154,move,chairs-wide,O-ET2X-R-PreviousRawEdge-Point,2.8005521297454834,31.708079926282615,1.7774653434753418,2.374302387237549
154,move,chairs-wide,ABL-ET2X-R-PreviousRawEdge-BilinearRGB,2.6746721267700195,32.097087531530676,1.7292402982711792,2.283797264099121
155,move,chair,O-T2X-R,4.428178310394287,29.896142511056976,2.6942343711853027,4.252409934997559
155,move,chair,O-ET2X-R-CurrentEdge-Point,6.049064636230469,26.995181662515485,2.7018158435821533,3.6719205379486084
155,move,chair,O-ET2X-R-PreviousRawEdge-Point,5.917850494384766,27.18440278827607,2.6457223892211914,3.241342306137085
155,move,chair,ABL-ET2X-R-PreviousRawEdge-BilinearRGB,5.743016242980957,27.433968204946257,2.524761199951172,3.116016387939453
155,move,chairs-wide,O-T2X-R,2.273690700531006,33.65480303874461,1.768664836883545,2.697922706604004
155,move,chairs-wide,O-ET2X-R-CurrentEdge-Point,2.87255859375,31.410476126752236,1.7662478685379028,2.5995700359344482
155,move,chairs-wide,O-ET2X-R-PreviousRawEdge-Point,2.8067972660064697,31.68586491412242,1.7498137950897217,2.3959243297576904
155,move,chairs-wide,ABL-ET2X-R-PreviousRawEdge-BilinearRGB,2.6988449096679688,32.0370055366685,1.6943947076797485,2.3060033321380615
156,move,chair,O-T2X-R,4.542436122894287,29.626703248467997,2.8203916549682617,4.7258076667785645
156,move,chair,O-ET2X-R-CurrentEdge-Point,5.994673252105713,27.11257714333798,2.4579219818115234,3.5669968128204346
156,move,chair,O-ET2X-R-PreviousRawEdge-Point,5.900627136230469,27.24514121422841,2.413774251937866,3.2035064697265625
156,move,chair,ABL-ET2X-R-PreviousRawEdge-BilinearRGB,5.718838691711426,27.48934800879711,2.3555524349212646,3.13253116607666
156,move,chairs-wide,O-T2X-R,2.2874228954315186,33.57647450245486,1.9126869440078735,2.9886958599090576
156,move,chairs-wide,O-ET2X-R-CurrentEdge-Point,2.908842086791992,31.370284559527903,1.799806833267212,2.5827927589416504
156,move,chairs-wide,O-ET2X-R-PreviousRawEdge-Point,2.8089916706085205,31.721732729535713,1.7129898071289062,2.3350510597229004
156,move,chairs-wide,ABL-ET2X-R-PreviousRawEdge-BilinearRGB,2.698646068572998,32.07369846402793,1.64778733253479,2.229926109313965
157,move,chair,O-T2X-R,4.419803619384766,30.123771970079044,2.745910406112671,4.4620208740234375
157,move,chair,O-ET2X-R-CurrentEdge-Point,5.983250617980957,27.07438153771227,2.5479063987731934,3.4253578186035156
157,move,chair,O-ET2X-R-PreviousRawEdge-Point,5.846857070922852,27.284936110671154,2.4338154792785645,3.0716230869293213
157,move,chair,ABL-ET2X-R-PreviousRawEdge-BilinearRGB,5.66524600982666,27.537864435740964,2.346884250640869,3.043225049972534
157,move,chairs-wide,O-T2X-R,2.294168472290039,33.69011203771001,1.8573449850082397,2.87325382232666
157,move,chairs-wide,O-ET2X-R-CurrentEdge-Point,2.8952786922454834,31.417596976741567,1.788817048072815,2.6036972999572754
157,move,chairs-wide,O-ET2X-R-PreviousRawEdge-Point,2.817702293395996,31.71572520011175,1.7602037191390991,2.2994837760925293
157,move,chairs-wide,ABL-ET2X-R-PreviousRawEdge-BilinearRGB,2.6947519779205322,32.089265080760924,1.7049939632415771,2.198350667953491
158,move,chair,O-T2X-R,4.539121627807617,29.70796070636367,2.8991918563842773,4.886725425720215
158,move,chair,O-ET2X-R-CurrentEdge-Point,5.957919120788574,27.14415118259454,2.5877764225006104,3.504537343978882
158,move,chair,O-ET2X-R-PreviousRawEdge-Point,5.825136184692383,27.34137911213486,2.5489187240600586,3.1122870445251465
158,move,chair,ABL-ET2X-R-PreviousRawEdge-BilinearRGB,5.652787685394287,27.615262334402807,2.44167160987854,3.0084128379821777
158,move,chairs-wide,O-T2X-R,2.2920403480529785,33.60272929603965,1.8832861185073853,3.0765841007232666
158,move,chairs-wide,O-ET2X-R-CurrentEdge-Point,2.9115307331085205,31.169794126836308,1.834477186203003,2.628154993057251
158,move,chairs-wide,O-ET2X-R-PreviousRawEdge-Point,2.8011791706085205,31.740512405010755,1.7586631774902344,2.3776376247406006
158,move,chairs-wide,ABL-ET2X-R-PreviousRawEdge-BilinearRGB,2.696023941040039,32.10636722613308,1.7009445428848267,2.2838635444641113
159,move,chair,O-T2X-R,4.46718168258667,29.939925087829472,2.583221197128296,4.444526672363281
159,move,chair,O-ET2X-R-CurrentEdge-Point,5.967122554779053,27.166504470352486,2.6002228260040283,3.482196807861328
159,move,chair,O-ET2X-R-PreviousRawEdge-Point,5.836973190307617,27.354540869450616,2.53678822517395,3.1360390186309814
159,move,chair,ABL-ET2X-R-PreviousRawEdge-BilinearRGB,5.674922943115234,27.596530066004927,2.450169086456299,3.041381597518921
159,move,chairs-wide,O-T2X-R,2.277428150177002,33.75298968764568,1.7745137214660645,2.8201918601989746
159,move,chairs-wide,O-ET2X-R-CurrentEdge-Point,2.912808656692505,31.23414410793259,1.7733327150344849,2.529836654663086
159,move,chairs-wide,O-ET2X-R-PreviousRawEdge-Point,2.841320753097534,31.488910872817904,1.7797411680221558,2.279572010040283
159,move,chairs-wide,ABL-ET2X-R-PreviousRawEdge-BilinearRGB,2.756878137588501,31.776596960277786,1.729527473449707,2.2131083011627197
160,move,chair,O-T2X-R,4.5717034339904785,29.57152624150849,2.790013313293457,4.619524955749512
160,move,chair,O-ET2X-R-CurrentEdge-Point,6.032729625701904,27.045396154650145,2.5982720851898193,3.5289838314056396
160,move,chair,O-ET2X-R-PreviousRawEdge-Point,5.916814804077148,27.225682971767956,2.534010887145996,3.1558890342712402
160,move,chair,ABL-ET2X-R-PreviousRawEdge-BilinearRGB,5.759529113769531,27.440293452501724,2.418916940689087,3.0541956424713135
160,move,chairs-wide,O-T2X-R,2.3082079887390137,33.4401564021472,1.899971604347229,2.996212959289551
160,move,chairs-wide,O-ET2X-R-CurrentEdge-Point,2.9957199096679688,31.1153342928254,1.7924377918243408,2.5975139141082764
160,move,chairs-wide,O-ET2X-R-PreviousRawEdge-Point,2.893850088119507,31.445012076472615,1.7082489728927612,2.3863637447357178
160,move,chairs-wide,ABL-ET2X-R-PreviousRawEdge-BilinearRGB,2.7897136211395264,31.773357158545423,1.6582951545715332,2.2940433025360107
161,move,chair,O-T2X-R,4.478071689605713,29.892238754474466,2.7528226375579834,4.462152481079102
161,move,chair,O-ET2X-R-CurrentEdge-Point,6.002249240875244,27.120685146842362,2.5763473510742188,3.581603765487671
161,move,chair,O-ET2X-R-PreviousRawEdge-Point,5.879527568817139,27.284367019786476,2.527700185775757,3.193148136138916
161,move,chair,ABL-ET2X-R-PreviousRawEdge-BilinearRGB,5.707386493682861,27.519616341032226,2.4698431491851807,3.1188735961914062
161,move,chairs-wide,O-T2X-R,2.2888214588165283,33.697303978028614,1.8609596490859985,2.8594510555267334
161,move,chairs-wide,O-ET2X-R-CurrentEdge-Point,2.9067323207855225,31.3869828864504,1.7976213693618774,2.6084256172180176
161,move,chairs-wide,O-ET2X-R-PreviousRawEdge-Point,2.8432376384735107,31.634509023049336,1.7783777713775635,2.3121228218078613
161,move,chairs-wide,ABL-ET2X-R-PreviousRawEdge-BilinearRGB,2.7361834049224854,31.94311817454137,1.7127898931503296,2.2069270610809326
162,move,chair,O-T2X-R,4.502574443817139,29.69523418037084,2.8429408073425293,4.684617042541504
162,move,chair,O-ET2X-R-CurrentEdge-Point,5.878077507019043,27.282642478151793,2.5801007747650146,3.4964582920074463
162,move,chair,O-ET2X-R-PreviousRawEdge-Point,5.7777581214904785,27.45872572382378,2.519268035888672,3.136155843734741
162,move,chair,ABL-ET2X-R-PreviousRawEdge-BilinearRGB,5.593246936798096,27.731633796824266,2.4333419799804688,3.0852091312408447
162,move,chairs-wide,O-T2X-R,2.2904067039489746,33.57424300578403,1.8637734651565552,3.0178301334381104
162,move,chairs-wide,O-ET2X-R-CurrentEdge-Point,2.8630220890045166,31.55512640727427,1.7263191938400269,2.538214683532715
162,move,chairs-wide,O-ET2X-R-PreviousRawEdge-Point,2.805694103240967,31.757005678263894,1.7128976583480835,2.3473684787750244
162,move,chairs-wide,ABL-ET2X-R-PreviousRawEdge-BilinearRGB,2.700780153274536,32.08800315843117,1.6669799089431763,2.2682383060455322
163,move,chair,O-T2X-R,4.429243564605713,29.874118131923435,2.678618907928467,4.443048000335693
163,move,chair,O-ET2X-R-CurrentEdge-Point,5.951024055480957,27.189448500208222,2.5067834854125977,3.5188803672790527
163,move,chair,O-ET2X-R-PreviousRawEdge-Point,5.829012870788574,27.371488807671614,2.4483377933502197,3.154675245285034
163,move,chair,ABL-ET2X-R-PreviousRawEdge-BilinearRGB,5.6696553230285645,27.627961402838,2.3806018829345703,3.067160129547119
163,move,chairs-wide,O-T2X-R,2.258107900619507,33.732138143293575,1.7963696718215942,2.8430981636047363
163,move,chairs-wide,O-ET2X-R-CurrentEdge-Point,2.8824689388275146,31.482358200600636,1.788447380065918,2.5600674152374268
163,move,chairs-wide,O-ET2X-R-PreviousRawEdge-Point,2.823230028152466,31.68164685486518,1.7221113443374634,2.3415684700012207
163,move,chairs-wide,ABL-ET2X-R-PreviousRawEdge-BilinearRGB,2.7116308212280273,32.07854136495128,1.668383240699768,2.2597551345825195
164,move,chair,O-T2X-R,4.415867805480957,29.797476309655742,2.6979219913482666,4.587249755859375
164,move,chair,O-ET2X-R-CurrentEdge-Point,5.800041198730469,27.340236890618282,2.671339273452759,3.5480246543884277
164,move,chair,O-ET2X-R-PreviousRawEdge-Point,5.674952507019043,27.50428729023176,2.578958034515381,3.1665594577789307
164,move,chair,ABL-ET2X-R-PreviousRawEdge-BilinearRGB,5.472212314605713,27.809748537672235,2.509093999862671,3.1501517295837402
164,move,chairs-wide,O-T2X-R,2.2490053176879883,33.783309808223,1.8345211744308472,2.9496688842773438
164,move,chairs-wide,O-ET2X-R-CurrentEdge-Point,2.938687562942505,31.064391255587907,1.915362000465393,2.702901601791382
164,move,chairs-wide,O-ET2X-R-PreviousRawEdge-Point,2.8013598918914795,31.674858511624485,1.7818511724472046,2.349290609359741
164,move,chairs-wide,ABL-ET2X-R-PreviousRawEdge-BilinearRGB,2.681405544281006,32.04480818382248,1.7196898460388184,2.2919747829437256
165,move,chair,O-T2X-R,4.427556991577148,29.865090293393436,2.8589067459106445,4.464822769165039
165,move,chair,O-ET2X-R-CurrentEdge-Point,5.679983615875244,27.478922088297413,2.5535154342651367,3.5089311599731445
165,move,chair,O-ET2X-R-PreviousRawEdge-Point,5.567708492279053,27.661218827671135,2.54238224029541,3.1539671421051025
165,move,chair,ABL-ET2X-R-PreviousRawEdge-BilinearRGB,5.421904563903809,27.889223865201807,2.4376418590545654,3.0598294734954834
165,move,chairs-wide,O-T2X-R,2.3525390625,33.39846201915099,1.8712453842163086,2.8149640560150146
165,move,chairs-wide,O-ET2X-R-CurrentEdge-Point,2.9380486011505127,31.308275054678553,1.713539719581604,2.6639254093170166
165,move,chairs-wide,O-ET2X-R-PreviousRawEdge-Point,2.8831379413604736,31.493515275950976,1.7801475524902344,2.346668004989624
165,move,chairs-wide,ABL-ET2X-R-PreviousRawEdge-BilinearRGB,2.7720389366149902,31.801470413628316,1.7208738327026367,2.241438627243042
166,move,chair,O-T2X-R,4.287849426269531,29.97304147510656,2.7176454067230225,4.842452526092529
166,move,chair,O-ET2X-R-CurrentEdge-Point,5.740530490875244,27.381061884480594,2.4647610187530518,3.410451650619507
166,move,chair,O-ET2X-R-PreviousRawEdge-Point,5.646395683288574,27.524438660380213,2.4212827682495117,3.1239168643951416
166,move,chair,ABL-ET2X-R-PreviousRawEdge-BilinearRGB,5.5029296875,27.759991109003053,2.3761391639709473,3.09452223777771
166,move,chairs-wide,O-T2X-R,2.280665159225464,33.57753958298985,1.830698847770691,3.0787353515625
166,move,chairs-wide,O-ET2X-R-CurrentEdge-Point,2.8772966861724854,31.406100809610216,1.7780840396881104,2.520498037338257
166,move,chairs-wide,O-ET2X-R-PreviousRawEdge-Point,2.8229527473449707,31.60078151891962,1.7264955043792725,2.416382312774658
166,move,chairs-wide,ABL-ET2X-R-PreviousRawEdge-BilinearRGB,2.7040352821350098,31.969747434785823,1.6525009870529175,2.3164730072021484
167,move,chair,O-T2X-R,4.342655181884766,29.833691568949263,2.594196081161499,4.2388739585876465
167,move,chair,O-ET2X-R-CurrentEdge-Point,5.73848819732666,27.42501519822204,2.428192377090454,3.3067712783813477
167,move,chair,O-ET2X-R-PreviousRawEdge-Point,5.646810054779053,27.538358747900187,2.368086576461792,2.990003824234009
167,move,chair,ABL-ET2X-R-PreviousRawEdge-BilinearRGB,5.482421875,27.788248788971583,2.2912344932556152,2.9558656215667725
167,move,chairs-wide,O-T2X-R,2.266878843307495,33.6905199521508,1.7546645402908325,2.7683277130126953
167,move,chairs-wide,O-ET2X-R-CurrentEdge-Point,2.8536903858184814,31.400341079936705,1.7724970579147339,2.5292861461639404
167,move,chairs-wide,O-ET2X-R-PreviousRawEdge-Point,2.795578956604004,31.672056128837042,1.6991803646087646,2.2559351921081543
167,move,chairs-wide,ABL-ET2X-R-PreviousRawEdge-BilinearRGB,2.6869332790374756,32.04246004556665,1.6476731300354004,2.1777591705322266
168,move,chair,O-T2X-R,4.3132100105285645,29.859908647060166,2.819169282913208,4.614652633666992
168,move,chair,O-ET2X-R-CurrentEdge-Point,5.672821998596191,27.63291476791604,2.467918634414673,3.435572862625122
168,move,chair,O-ET2X-R-PreviousRawEdge-Point,5.577178001403809,27.768227253895446,2.3937926292419434,3.0771408081054688
168,move,chair,ABL-ET2X-R-PreviousRawEdge-BilinearRGB,5.416666507720947,28.018940612678396,2.307213544845581,3.0066213607788086
168,move,chairs-wide,O-T2X-R,2.3097450733184814,33.49293356808102,1.9403635263442993,3.0295209884643555
168,move,chairs-wide,O-ET2X-R-CurrentEdge-Point,2.9129714965820312,31.34055500131346,1.7721831798553467,2.608665704727173
168,move,chairs-wide,O-ET2X-R-PreviousRawEdge-Point,2.8289449214935303,31.623010193030613,1.7381813526153564,2.3359670639038086
168,move,chairs-wide,ABL-ET2X-R-PreviousRawEdge-BilinearRGB,2.7153983116149902,31.96448395955472,1.669031023979187,2.230513572692871
169,move,chair,O-T2X-R,4.248846054077148,30.14157606395583,2.741633415222168,4.396975040435791
169,move,chair,O-ET2X-R-CurrentEdge-Point,5.725260257720947,27.529183834851835,2.5389821529388428,3.442540168762207
169,move,chair,O-ET2X-R-PreviousRawEdge-Point,5.606681823730469,27.698931738133446,2.4705069065093994,3.093156337738037
169,move,chair,ABL-ET2X-R-PreviousRawEdge-BilinearRGB,5.420868873596191,27.9725059319576,2.404665946960449,3.071683645248413
169,move,chairs-wide,O-T2X-R,2.3152005672454834,33.638007584421906,1.843788743019104,2.929853677749634
169,move,chairs-wide,O-ET2X-R-CurrentEdge-Point,2.913869619369507,31.38682299723724,1.9321210384368896,2.71584153175354
169,move,chairs-wide,O-ET2X-R-PreviousRawEdge-Point,2.7983639240264893,31.82602003985248,1.8238685131072998,2.4063737392425537
169,move,chairs-wide,ABL-ET2X-R-PreviousRawEdge-BilinearRGB,2.693052053451538,32.18966723398675,1.7776949405670166,2.3280045986175537
170,move,chair,O-T2X-R,4.285600185394287,30.038836284548477,2.733020782470703,4.601146221160889
170,move,chair,O-ET2X-R-CurrentEdge-Point,5.653971195220947,27.60275520648062,2.5163156986236572,3.4739937782287598
170,move,chair,O-ET2X-R-PreviousRawEdge-Point,5.554835319519043,27.737013440105677,2.5136187076568604,3.1600677967071533
170,move,chair,ABL-ET2X-R-PreviousRawEdge-BilinearRGB,5.401396751403809,27.973381077744076,2.411677360534668,3.0894696712493896
170,move,chairs-wide,O-T2X-R,2.302481174468994,33.61240668275095,1.9051353931427002,3.025563955307007
170,move,chairs-wide,O-ET2X-R-CurrentEdge-Point,2.8518638610839844,31.658775608782683,1.7659436464309692,2.674985885620117
170,move,chairs-wide,O-ET2X-R-PreviousRawEdge-Point,2.8066587448120117,31.81209086786638,1.7996184825897217,2.3862979412078857
170,move,chairs-wide,ABL-ET2X-R-PreviousRawEdge-BilinearRGB,2.7114439010620117,32.15630293752617,1.7196359634399414,2.2992520332336426
171,move,chair,O-T2X-R,4.269560813903809,30.071271553882973,2.671846628189087,4.319138050079346
171,move,chair,O-ET2X-R-CurrentEdge-Point,5.546904563903809,27.733887609086217,2.653454303741455,3.6092233657836914
171,move,chair,O-ET2X-R-PreviousRawEdge-Point,5.461233615875244,27.872183250508836,2.541705846786499,3.2743890285491943
171,move,chair,ABL-ET2X-R-PreviousRawEdge-BilinearRGB,5.305841445922852,28.118738387379484,2.4861223697662354,3.253948926925659
171,move,chairs-wide,O-T2X-R,2.2461841106414795,33.88524980370159,1.824475646018982,2.8874075412750244
171,move,chairs-wide,O-ET2X-R-CurrentEdge-Point,2.803487777709961,31.8966349978616,1.7806012630462646,2.5705065727233887
171,move,chairs-wide,O-ET2X-R-PreviousRawEdge-Point,2.7595908641815186,32.06460094520693,1.7429990768432617,2.4272470474243164
171,move,chairs-wide,ABL-ET2X-R-PreviousRawEdge-BilinearRGB,2.659010887145996,32.421063491534966,1.6841331720352173,2.3342349529266357
172,move,chair,O-T2X-R,4.271395683288574,29.912871373189127,2.7600021362304688,4.530609607696533
172,move,chair,O-ET2X-R-CurrentEdge-Point,5.50449800491333,27.785394322064967,2.4907925128936768,3.4876837730407715
172,move,chair,O-ET2X-R-PreviousRawEdge-Point,5.4019293785095215,27.930299032452037,2.4523141384124756,3.137892961502075
172,move,chair,ABL-ET2X-R-PreviousRawEdge-BilinearRGB,5.225260257720947,28.202549324291635,2.3543684482574463,3.1008009910583496
172,move,chairs-wide,O-T2X-R,2.236159324645996,33.793104415145905,1.8721636533737183,2.981149911880493
172,move,chairs-wide,O-ET2X-R-CurrentEdge-Point,2.8188838958740234,31.812349963964483,1.7305930852890015,2.510777473449707
172,move,chairs-wide,O-ET2X-R-PreviousRawEdge-Point,2.7397701740264893,32.1071436026725,1.6516228914260864,2.274249792098999
172,move,chairs-wide,ABL-ET2X-R-PreviousRawEdge-BilinearRGB,2.608844518661499,32.550406516571954,1.5975881814956665,2.2145707607269287
173,move,chair,O-T2X-R,4.246064186096191,30.034180198928063,2.5615477561950684,4.221240520477295
173,move,chair,O-ET2X-R-CurrentEdge-Point,5.489494323730469,27.790576299841515,2.5280821323394775,3.5539324283599854
173,move,chair,O-ET2X-R-PreviousRawEdge-Point,5.386482238769531,27.946819122572762,2.4671103954315186,3.2250771522521973
173,move,chair,ABL-ET2X-R-PreviousRawEdge-BilinearRGB,5.227686882019043,28.182554632794265,2.3896896839141846,3.1180191040039062
173,move,chairs-wide,O-T2X-R,2.284987449645996,33.77508684468936,1.7539703845977783,2.7990474700927734
173,move,chairs-wide,O-ET2X-R-CurrentEdge-Point,2.846468687057495,31.801162592397727,1.722617268562317,2.5668203830718994
173,move,chairs-wide,O-ET2X-R-PreviousRawEdge-Point,2.7711167335510254,32.051087131344616,1.7013875246047974,2.2904489040374756
173,move,chairs-wide,ABL-ET2X-R-PreviousRawEdge-BilinearRGB,2.664170980453491,32.42605110552701,1.6287894248962402,2.1817116737365723
174,move,chair,O-T2X-R,4.184747695922852,30.061634177505493,2.7239294052124023,4.442968368530273
174,move,chair,O-ET2X-R-CurrentEdge-Point,5.379823684692383,27.90240686799201,2.477231740951538,3.3845748901367188
174,move,chair,O-ET2X-R-PreviousRawEdge-Point,5.269590377807617,28.109971585985495,2.393181800842285,2.9857475757598877
174,move,chair,ABL-ET2X-R-PreviousRawEdge-BilinearRGB,5.103515625,28.367239230492196,2.2689454555511475,2.94045352935791
174,move,chairs-wide,O-T2X-R,2.2392215728759766,33.80356979501571,1.914331316947937,2.9995484352111816
174,move,chairs-wide,O-ET2X-R-CurrentEdge-Point,2.7918052673339844,31.94743614911325,1.7220648527145386,2.5083162784576416
174,move,chairs-wide,O-ET2X-R-PreviousRawEdge-Point,2.7313127517700195,32.20467165351953,1.6884722709655762,2.2775747776031494
174,move,chairs-wide,ABL-ET2X-R-PreviousRawEdge-BilinearRGB,2.627471446990967,32.568241121601766,1.6210404634475708,2.203707218170166
175,move,chair,O-T2X-R,4.171963691711426,30.139999915437166,2.559875011444092,4.159947395324707
175,move,chair,O-ET2X-R-CurrentEdge-Point,5.441169738769531,27.79755159650258,2.5128984451293945,3.51247239112854
175,move,chair,O-ET2X-R-PreviousRawEdge-Point,5.315962314605713,28.017296318404963,2.4425621032714844,3.100106716156006
175,move,chair,ABL-ET2X-R-PreviousRawEdge-BilinearRGB,5.176284313201904,28.27042328097342,2.385363817214966,3.0000193119049072
175,move,chairs-wide,O-T2X-R,2.2641963958740234,33.85033430384841,1.7347427606582642,2.841615915298462
175,move,chairs-wide,O-ET2X-R-CurrentEdge-Point,2.8728721141815186,31.595425926513187,1.864514708518982,2.6173782348632812
175,move,chairs-wide,O-ET2X-R-PreviousRawEdge-Point,2.7379255294799805,32.22478049737691,1.722923755645752,2.2943129539489746
175,move,chairs-wide,ABL-ET2X-R-PreviousRawEdge-BilinearRGB,2.6457066535949707,32.56139624673148,1.6745489835739136,2.22628116607666
176,move,chair,O-T2X-R,4.1672587394714355,30.0617685583942,2.604480028152466,4.366277694702148
176,move,chair,O-ET2X-R-CurrentEdge-Point,5.469371318817139,27.6889390276498,2.48289155960083,3.352449893951416
176,move,chair,O-ET2X-R-PreviousRawEdge-Point,5.376331806182861,27.857204863290445,2.4663171768188477,2.994877815246582
176,move,chair,ABL-ET2X-R-PreviousRawEdge-BilinearRGB,5.206498622894287,28.13798106790166,2.3403451442718506,2.9514615535736084
176,move,chairs-wide,O-T2X-R,2.3281853199005127,33.43501217906646,1.8048632144927979,2.873077154159546
176,move,chairs-wide,O-ET2X-R-CurrentEdge-Point,2.8430988788604736,31.694809780819547,1.6913107633590698,2.5555050373077393
176,move,chairs-wide,O-ET2X-R-PreviousRawEdge-Point,2.792287588119507,31.895336365593636,1.758094310760498,2.2416093349456787
176,move,chairs-wide,ABL-ET2X-R-PreviousRawEdge-BilinearRGB,2.700406312942505,32.22286985409933,1.6786303520202637,2.170229911804199
177,move,chair,O-T2X-R,4.12227725982666,30.253670277979626,2.490123748779297,4.092799186706543
177,move,chair,O-ET2X-R-CurrentEdge-Point,5.612926006317139,27.405501404517246,2.410494327545166,3.3419878482818604
177,move,chair,O-ET2X-R-PreviousRawEdge-Point,5.48360538482666,27.643997082101993,2.3286147117614746,3.0438544750213623
177,move,chair,ABL-ET2X-R-PreviousRawEdge-BilinearRGB,5.330965995788574,27.900630752471145,2.245500087738037,2.947099447250366
177,move,chairs-wide,O-T2X-R,2.278669834136963,33.85717218009747,1.8251681327819824,2.8486955165863037
177,move,chairs-wide,O-ET2X-R-CurrentEdge-Point,2.8935606479644775,31.485837404076072,1.6459813117980957,2.3962950706481934
177,move,chairs-wide,O-ET2X-R-PreviousRawEdge-Point,2.806303024291992,31.865271496629543,1.5881670713424683,2.2703659534454346
177,move,chairs-wide,ABL-ET2X-R-PreviousRawEdge-BilinearRGB,2.694028615951538,32.23697286561704,1.5441457033157349,2.178312301635742
178,move,chair,O-T2X-R,4.097478866577148,30.136892192089526,2.570892572402954,4.201956272125244
178,move,chair,O-ET2X-R-CurrentEdge-Point,5.6337890625,27.26890062901677,2.487685441970825,3.367917776107788
178,move,chair,O-ET2X-R-PreviousRawEdge-Point,5.5015387535095215,27.479828986825638,2.408863067626953,3.009711980819702
178,move,chair,ABL-ET2X-R-PreviousRawEdge-BilinearRGB,5.31211519241333,27.762370790680638,2.355685234069824,2.957519292831421
178,move,chairs-wide,O-T2X-R,2.259584665298462,33.68772372127501,1.884185552597046,3.0252020359039307
178,move,chairs-wide,O-ET2X-R-CurrentEdge-Point,2.9057676792144775,31.43407056088904,1.8023114204406738,2.545114278793335
178,move,chairs-wide,O-ET2X-R-PreviousRawEdge-Point,2.8163821697235107,31.749268014632143,1.7460280656814575,2.285506248474121
178,move,chairs-wide,ABL-ET2X-R-PreviousRawEdge-BilinearRGB,2.6975550651550293,32.12109898339246,1.6832407712936401,2.2119312286376953
179,move,chair,O-T2X-R,4.119377136230469,30.15236891746231,2.5489282608032227,4.085358142852783
179,move,chair,O-ET2X-R-CurrentEdge-Point,5.713926315307617,27.06395339274445,2.4284861087799072,3.3538877964019775
179,move,chair,O-ET2X-R-PreviousRawEdge-Point,5.592240810394287,27.255787451032,2.380274772644043,2.9682540893554688
179,move,chair,ABL-ET2X-R-PreviousRawEdge-BilinearRGB,5.421904563903809,27.514058484444085,2.2723753452301025,2.935898780822754
179,move,chairs-wide,O-T2X-R,2.3045246601104736,33.69995617383205,1.7687784433364868,2.8245790004730225
179,move,chairs-wide,O-ET2X-R-CurrentEdge-Point,2.938307762145996,31.225010418111605,1.7287979125976562,2.5193660259246826
179,move,chairs-wide,O-ET2X-R-PreviousRawEdge-Point,2.848620653152466,31.611960844874496,1.681944727897644,2.230023145675659
179,move,chairs-wide,ABL-ET2X-R-PreviousRawEdge-BilinearRGB,2.7440683841705322,31.96329941509579,1.6264219284057617,2.1836416721343994
180,still-after,chair,O-T2X-R,4.069632053375244,30.208439481324486,2.657637119293213,4.381685733795166
180,still-after,chair,O-ET2X-R-CurrentEdge-Point,5.723721504211426,27.060095764868166,2.3905081748962402,3.4258368015289307
180,still-after,chair,O-ET2X-R-PreviousRawEdge-Point,5.631332874298096,27.210493229525294,2.359426736831665,3.089519739151001
180,still-after,chair,ABL-ET2X-R-PreviousRawEdge-BilinearRGB,5.443063259124756,27.45642981838226,2.324592351913452,3.0315024852752686
180,still-after,chairs-wide,O-T2X-R,2.2873504161834717,33.66545311486429,1.862572431564331,2.982307195663452
180,still-after,chairs-wide,O-ET2X-R-CurrentEdge-Point,2.977315902709961,31.166337395858083,1.685300350189209,2.4801831245422363
180,still-after,chairs-wide,O-ET2X-R-PreviousRawEdge-Point,2.922278881072998,31.345534656990573,1.6965903043746948,2.271286725997925
180,still-after,chairs-wide,ABL-ET2X-R-PreviousRawEdge-BilinearRGB,2.8203909397125244,31.678436592901527,1.6445752382278442,2.1948747634887695
181,still-after,chair,O-T2X-R,4.322088241577148,29.778005070178235,2.739450216293335,4.615722179412842
181,still-after,chair,O-ET2X-R-CurrentEdge-Point,5.882753372192383,26.836742556035006,0.8019336462020874,1.9432982206344604
181,still-after,chair,O-ET2X-R-PreviousRawEdge-Point,5.882753372192383,26.836742556035006,1.0275413990020752,1.8431506156921387
181,still-after,chair,ABL-ET2X-R-PreviousRawEdge-BilinearRGB,5.882753372192383,26.836742556035006,1.0541541576385498,2.0188162326812744
181,still-after,chairs-wide,O-T2X-R,2.3762779235839844,33.436243213084175,1.8948129415512085,3.2417373657226562
181,still-after,chairs-wide,O-ET2X-R-CurrentEdge-Point,3.0797345638275146,30.8601942822763,0.43365219235420227,1.5155024528503418
181,still-after,chairs-wide,O-ET2X-R-PreviousRawEdge-Point,3.0797345638275146,30.8601942822763,0.577251672744751,1.4894648790359497
181,still-after,chairs-wide,ABL-ET2X-R-PreviousRawEdge-BilinearRGB,3.0797345638275146,30.8601942822763,0.6197966933250427,1.5606956481933594
182,still-after,chair,O-T2X-R,3.896780252456665,30.58550969043736,1.5073323249816895,4.138524532318115
182,still-after,chair,O-ET2X-R-CurrentEdge-Point,5.882753372192383,26.836742556035006,0.0,0.8019336462020874
182,still-after,chair,O-ET2X-R-PreviousRawEdge-Point,5.882753372192383,26.836742556035006,0.0,1.0275413990020752
182,still-after,chair,ABL-ET2X-R-PreviousRawEdge-BilinearRGB,5.882753372192383,26.836742556035006,0.0,1.0541541576385498
182,still-after,chairs-wide,O-T2X-R,2.071668863296509,34.306376583128774,1.0109505653381348,2.841874361038208
182,still-after,chairs-wide,O-ET2X-R-CurrentEdge-Point,3.0797345638275146,30.8601942822763,0.0,0.43365219235420227
182,still-after,chairs-wide,O-ET2X-R-PreviousRawEdge-Point,3.0797345638275146,30.8601942822763,0.0,0.577251672744751
182,still-after,chairs-wide,ABL-ET2X-R-PreviousRawEdge-BilinearRGB,3.0797345638275146,30.8601942822763,0.0,0.6197966933250427
183,still-after,chair,O-T2X-R,3.896780252456665,30.58550969043736,0.0,1.5073323249816895
183,still-after,chair,O-ET2X-R-CurrentEdge-Point,5.882753372192383,26.836742556035006,0.0,0.0
183,still-after,chair,O-ET2X-R-PreviousRawEdge-Point,5.882753372192383,26.836742556035006,0.0,0.0
183,still-after,chair,ABL-ET2X-R-PreviousRawEdge-BilinearRGB,5.882753372192383,26.836742556035006,0.0,0.0
183,still-after,chairs-wide,O-T2X-R,2.071668863296509,34.306376583128774,0.0,1.0109505653381348
183,still-after,chairs-wide,O-ET2X-R-CurrentEdge-Point,3.0797345638275146,30.8601942822763,0.0,0.0
183,still-after,chairs-wide,O-ET2X-R-PreviousRawEdge-Point,3.0797345638275146,30.8601942822763,0.0,0.0
183,still-after,chairs-wide,ABL-ET2X-R-PreviousRawEdge-BilinearRGB,3.0797345638275146,30.8601942822763,0.0,0.0
184,still-after,chair,O-T2X-R,3.896780252456665,30.58550969043736,0.0,0.0
184,still-after,chair,O-ET2X-R-CurrentEdge-Point,5.882753372192383,26.836742556035006,0.0,0.0
184,still-after,chair,O-ET2X-R-PreviousRawEdge-Point,5.882753372192383,26.836742556035006,0.0,0.0
184,still-after,chair,ABL-ET2X-R-PreviousRawEdge-BilinearRGB,5.882753372192383,26.836742556035006,0.0,0.0
184,still-after,chairs-wide,O-T2X-R,2.071668863296509,34.306376583128774,0.0,0.0
184,still-after,chairs-wide,O-ET2X-R-CurrentEdge-Point,3.0797345638275146,30.8601942822763,0.0,0.0
184,still-after,chairs-wide,O-ET2X-R-PreviousRawEdge-Point,3.0797345638275146,30.8601942822763,0.0,0.0
184,still-after,chairs-wide,ABL-ET2X-R-PreviousRawEdge-BilinearRGB,3.0797345638275146,30.8601942822763,0.0,0.0
185,still-after,chair,O-T2X-R,3.896780252456665,30.58550969043736,0.0,0.0
185,still-after,chair,O-ET2X-R-CurrentEdge-Point,5.882753372192383,26.836742556035006,0.0,0.0
185,still-after,chair,O-ET2X-R-PreviousRawEdge-Point,5.882753372192383,26.836742556035006,0.0,0.0
185,still-after,chair,ABL-ET2X-R-PreviousRawEdge-BilinearRGB,5.882753372192383,26.836742556035006,0.0,0.0
185,still-after,chairs-wide,O-T2X-R,2.071668863296509,34.306376583128774,0.0,0.0
185,still-after,chairs-wide,O-ET2X-R-CurrentEdge-Point,3.0797345638275146,30.8601942822763,0.0,0.0
185,still-after,chairs-wide,O-ET2X-R-PreviousRawEdge-Point,3.0797345638275146,30.8601942822763,0.0,0.0
185,still-after,chairs-wide,ABL-ET2X-R-PreviousRawEdge-BilinearRGB,3.0797345638275146,30.8601942822763,0.0,0.0
186,still-after,chair,O-T2X-R,3.896780252456665,30.58550969043736,0.0,0.0
186,still-after,chair,O-ET2X-R-CurrentEdge-Point,5.882753372192383,26.836742556035006,0.0,0.0
186,still-after,chair,O-ET2X-R-PreviousRawEdge-Point,5.882753372192383,26.836742556035006,0.0,0.0
186,still-after,chair,ABL-ET2X-R-PreviousRawEdge-BilinearRGB,5.882753372192383,26.836742556035006,0.0,0.0
186,still-after,chairs-wide,O-T2X-R,2.071668863296509,34.306376583128774,0.0,0.0
186,still-after,chairs-wide,O-ET2X-R-CurrentEdge-Point,3.0797345638275146,30.8601942822763,0.0,0.0
186,still-after,chairs-wide,O-ET2X-R-PreviousRawEdge-Point,3.0797345638275146,30.8601942822763,0.0,0.0
186,still-after,chairs-wide,ABL-ET2X-R-PreviousRawEdge-BilinearRGB,3.0797345638275146,30.8601942822763,0.0,0.0
187,still-after,chair,O-T2X-R,3.896780252456665,30.58550969043736,0.0,0.0
187,still-after,chair,O-ET2X-R-CurrentEdge-Point,5.882753372192383,26.836742556035006,0.0,0.0
187,still-after,chair,O-ET2X-R-PreviousRawEdge-Point,5.882753372192383,26.836742556035006,0.0,0.0
187,still-after,chair,ABL-ET2X-R-PreviousRawEdge-BilinearRGB,5.882753372192383,26.836742556035006,0.0,0.0
187,still-after,chairs-wide,O-T2X-R,2.071668863296509,34.306376583128774,0.0,0.0
187,still-after,chairs-wide,O-ET2X-R-CurrentEdge-Point,3.0797345638275146,30.8601942822763,0.0,0.0
187,still-after,chairs-wide,O-ET2X-R-PreviousRawEdge-Point,3.0797345638275146,30.8601942822763,0.0,0.0
187,still-after,chairs-wide,ABL-ET2X-R-PreviousRawEdge-BilinearRGB,3.0797345638275146,30.8601942822763,0.0,0.0
188,still-after,chair,O-T2X-R,3.896780252456665,30.58550969043736,0.0,0.0
188,still-after,chair,O-ET2X-R-CurrentEdge-Point,5.882753372192383,26.836742556035006,0.0,0.0
188,still-after,chair,O-ET2X-R-PreviousRawEdge-Point,5.882753372192383,26.836742556035006,0.0,0.0
188,still-after,chair,ABL-ET2X-R-PreviousRawEdge-BilinearRGB,5.882753372192383,26.836742556035006,0.0,0.0
188,still-after,chairs-wide,O-T2X-R,2.071668863296509,34.306376583128774,0.0,0.0
188,still-after,chairs-wide,O-ET2X-R-CurrentEdge-Point,3.0797345638275146,30.8601942822763,0.0,0.0
188,still-after,chairs-wide,O-ET2X-R-PreviousRawEdge-Point,3.0797345638275146,30.8601942822763,0.0,0.0
188,still-after,chairs-wide,ABL-ET2X-R-PreviousRawEdge-BilinearRGB,3.0797345638275146,30.8601942822763,0.0,0.0
189,still-after,chair,O-T2X-R,3.896780252456665,30.58550969043736,0.0,0.0
189,still-after,chair,O-ET2X-R-CurrentEdge-Point,5.882753372192383,26.836742556035006,0.0,0.0
189,still-after,chair,O-ET2X-R-PreviousRawEdge-Point,5.882753372192383,26.836742556035006,0.0,0.0
189,still-after,chair,ABL-ET2X-R-PreviousRawEdge-BilinearRGB,5.882753372192383,26.836742556035006,0.0,0.0
189,still-after,chairs-wide,O-T2X-R,2.071668863296509,34.306376583128774,0.0,0.0
189,still-after,chairs-wide,O-ET2X-R-CurrentEdge-Point,3.0797345638275146,30.8601942822763,0.0,0.0
189,still-after,chairs-wide,O-ET2X-R-PreviousRawEdge-Point,3.0797345638275146,30.8601942822763,0.0,0.0
189,still-after,chairs-wide,ABL-ET2X-R-PreviousRawEdge-BilinearRGB,3.0797345638275146,30.8601942822763,0.0,0.0
190,still-after,chair,O-T2X-R,3.896780252456665,30.58550969043736,0.0,0.0
190,still-after,chair,O-ET2X-R-CurrentEdge-Point,5.882753372192383,26.836742556035006,0.0,0.0
190,still-after,chair,O-ET2X-R-PreviousRawEdge-Point,5.882753372192383,26.836742556035006,0.0,0.0
190,still-after,chair,ABL-ET2X-R-PreviousRawEdge-BilinearRGB,5.882753372192383,26.836742556035006,0.0,0.0
190,still-after,chairs-wide,O-T2X-R,2.071668863296509,34.306376583128774,0.0,0.0
190,still-after,chairs-wide,O-ET2X-R-CurrentEdge-Point,3.0797345638275146,30.8601942822763,0.0,0.0
190,still-after,chairs-wide,O-ET2X-R-PreviousRawEdge-Point,3.0797345638275146,30.8601942822763,0.0,0.0
190,still-after,chairs-wide,ABL-ET2X-R-PreviousRawEdge-BilinearRGB,3.0797345638275146,30.8601942822763,0.0,0.0
191,still-after,chair,O-T2X-R,3.896780252456665,30.58550969043736,0.0,0.0
191,still-after,chair,O-ET2X-R-CurrentEdge-Point,5.882753372192383,26.836742556035006,0.0,0.0
191,still-after,chair,O-ET2X-R-PreviousRawEdge-Point,5.882753372192383,26.836742556035006,0.0,0.0
191,still-after,chair,ABL-ET2X-R-PreviousRawEdge-BilinearRGB,5.882753372192383,26.836742556035006,0.0,0.0
191,still-after,chairs-wide,O-T2X-R,2.071668863296509,34.306376583128774,0.0,0.0
191,still-after,chairs-wide,O-ET2X-R-CurrentEdge-Point,3.0797345638275146,30.8601942822763,0.0,0.0
191,still-after,chairs-wide,O-ET2X-R-PreviousRawEdge-Point,3.0797345638275146,30.8601942822763,0.0,0.0
191,still-after,chairs-wide,ABL-ET2X-R-PreviousRawEdge-BilinearRGB,3.0797345638275146,30.8601942822763,0.0,0.0
192,still-after,chair,O-T2X-R,3.896780252456665,30.58550969043736,0.0,0.0
192,still-after,chair,O-ET2X-R-CurrentEdge-Point,5.882753372192383,26.836742556035006,0.0,0.0
192,still-after,chair,O-ET2X-R-PreviousRawEdge-Point,5.882753372192383,26.836742556035006,0.0,0.0
192,still-after,chair,ABL-ET2X-R-PreviousRawEdge-BilinearRGB,5.882753372192383,26.836742556035006,0.0,0.0
192,still-after,chairs-wide,O-T2X-R,2.071668863296509,34.306376583128774,0.0,0.0
192,still-after,chairs-wide,O-ET2X-R-CurrentEdge-Point,3.0797345638275146,30.8601942822763,0.0,0.0
192,still-after,chairs-wide,O-ET2X-R-PreviousRawEdge-Point,3.0797345638275146,30.8601942822763,0.0,0.0
192,still-after,chairs-wide,ABL-ET2X-R-PreviousRawEdge-BilinearRGB,3.0797345638275146,30.8601942822763,0.0,0.0
193,still-after,chair,O-T2X-R,3.896780252456665,30.58550969043736,0.0,0.0
193,still-after,chair,O-ET2X-R-CurrentEdge-Point,5.882753372192383,26.836742556035006,0.0,0.0
193,still-after,chair,O-ET2X-R-PreviousRawEdge-Point,5.882753372192383,26.836742556035006,0.0,0.0
193,still-after,chair,ABL-ET2X-R-PreviousRawEdge-BilinearRGB,5.882753372192383,26.836742556035006,0.0,0.0
193,still-after,chairs-wide,O-T2X-R,2.071668863296509,34.306376583128774,0.0,0.0
193,still-after,chairs-wide,O-ET2X-R-CurrentEdge-Point,3.0797345638275146,30.8601942822763,0.0,0.0
193,still-after,chairs-wide,O-ET2X-R-PreviousRawEdge-Point,3.0797345638275146,30.8601942822763,0.0,0.0
193,still-after,chairs-wide,ABL-ET2X-R-PreviousRawEdge-BilinearRGB,3.0797345638275146,30.8601942822763,0.0,0.0
194,still-after,chair,O-T2X-R,3.896780252456665,30.58550969043736,0.0,0.0
194,still-after,chair,O-ET2X-R-CurrentEdge-Point,5.882753372192383,26.836742556035006,0.0,0.0
194,still-after,chair,O-ET2X-R-PreviousRawEdge-Point,5.882753372192383,26.836742556035006,0.0,0.0
194,still-after,chair,ABL-ET2X-R-PreviousRawEdge-BilinearRGB,5.882753372192383,26.836742556035006,0.0,0.0
194,still-after,chairs-wide,O-T2X-R,2.071668863296509,34.306376583128774,0.0,0.0
194,still-after,chairs-wide,O-ET2X-R-CurrentEdge-Point,3.0797345638275146,30.8601942822763,0.0,0.0
194,still-after,chairs-wide,O-ET2X-R-PreviousRawEdge-Point,3.0797345638275146,30.8601942822763,0.0,0.0
194,still-after,chairs-wide,ABL-ET2X-R-PreviousRawEdge-BilinearRGB,3.0797345638275146,30.8601942822763,0.0,0.0
195,still-after,chair,O-T2X-R,3.896780252456665,30.58550969043736,0.0,0.0
195,still-after,chair,O-ET2X-R-CurrentEdge-Point,5.882753372192383,26.836742556035006,0.0,0.0
195,still-after,chair,O-ET2X-R-PreviousRawEdge-Point,5.882753372192383,26.836742556035006,0.0,0.0
195,still-after,chair,ABL-ET2X-R-PreviousRawEdge-BilinearRGB,5.882753372192383,26.836742556035006,0.0,0.0
195,still-after,chairs-wide,O-T2X-R,2.071668863296509,34.306376583128774,0.0,0.0
195,still-after,chairs-wide,O-ET2X-R-CurrentEdge-Point,3.0797345638275146,30.8601942822763,0.0,0.0
195,still-after,chairs-wide,O-ET2X-R-PreviousRawEdge-Point,3.0797345638275146,30.8601942822763,0.0,0.0
195,still-after,chairs-wide,ABL-ET2X-R-PreviousRawEdge-BilinearRGB,3.0797345638275146,30.8601942822763,0.0,0.0
196,still-after,chair,O-T2X-R,3.896780252456665,30.58550969043736,0.0,0.0
196,still-after,chair,O-ET2X-R-CurrentEdge-Point,5.882753372192383,26.836742556035006,0.0,0.0
196,still-after,chair,O-ET2X-R-PreviousRawEdge-Point,5.882753372192383,26.836742556035006,0.0,0.0
196,still-after,chair,ABL-ET2X-R-PreviousRawEdge-BilinearRGB,5.882753372192383,26.836742556035006,0.0,0.0
196,still-after,chairs-wide,O-T2X-R,2.071668863296509,34.306376583128774,0.0,0.0
196,still-after,chairs-wide,O-ET2X-R-CurrentEdge-Point,3.0797345638275146,30.8601942822763,0.0,0.0
196,still-after,chairs-wide,O-ET2X-R-PreviousRawEdge-Point,3.0797345638275146,30.8601942822763,0.0,0.0
196,still-after,chairs-wide,ABL-ET2X-R-PreviousRawEdge-BilinearRGB,3.0797345638275146,30.8601942822763,0.0,0.0
197,still-after,chair,O-T2X-R,3.896780252456665,30.58550969043736,0.0,0.0
197,still-after,chair,O-ET2X-R-CurrentEdge-Point,5.882753372192383,26.836742556035006,0.0,0.0
197,still-after,chair,O-ET2X-R-PreviousRawEdge-Point,5.882753372192383,26.836742556035006,0.0,0.0
197,still-after,chair,ABL-ET2X-R-PreviousRawEdge-BilinearRGB,5.882753372192383,26.836742556035006,0.0,0.0
197,still-after,chairs-wide,O-T2X-R,2.071668863296509,34.306376583128774,0.0,0.0
197,still-after,chairs-wide,O-ET2X-R-CurrentEdge-Point,3.0797345638275146,30.8601942822763,0.0,0.0
197,still-after,chairs-wide,O-ET2X-R-PreviousRawEdge-Point,3.0797345638275146,30.8601942822763,0.0,0.0
197,still-after,chairs-wide,ABL-ET2X-R-PreviousRawEdge-BilinearRGB,3.0797345638275146,30.8601942822763,0.0,0.0
198,still-after,chair,O-T2X-R,3.896780252456665,30.58550969043736,0.0,0.0
198,still-after,chair,O-ET2X-R-CurrentEdge-Point,5.882753372192383,26.836742556035006,0.0,0.0
198,still-after,chair,O-ET2X-R-PreviousRawEdge-Point,5.882753372192383,26.836742556035006,0.0,0.0
198,still-after,chair,ABL-ET2X-R-PreviousRawEdge-BilinearRGB,5.882753372192383,26.836742556035006,0.0,0.0
198,still-after,chairs-wide,O-T2X-R,2.071668863296509,34.306376583128774,0.0,0.0
198,still-after,chairs-wide,O-ET2X-R-CurrentEdge-Point,3.0797345638275146,30.8601942822763,0.0,0.0
198,still-after,chairs-wide,O-ET2X-R-PreviousRawEdge-Point,3.0797345638275146,30.8601942822763,0.0,0.0
198,still-after,chairs-wide,ABL-ET2X-R-PreviousRawEdge-BilinearRGB,3.0797345638275146,30.8601942822763,0.0,0.0
199,still-after,chair,O-T2X-R,3.896780252456665,30.58550969043736,0.0,0.0
199,still-after,chair,O-ET2X-R-CurrentEdge-Point,5.882753372192383,26.836742556035006,0.0,0.0
199,still-after,chair,O-ET2X-R-PreviousRawEdge-Point,5.882753372192383,26.836742556035006,0.0,0.0
199,still-after,chair,ABL-ET2X-R-PreviousRawEdge-BilinearRGB,5.882753372192383,26.836742556035006,0.0,0.0
199,still-after,chairs-wide,O-T2X-R,2.071668863296509,34.306376583128774,0.0,0.0
199,still-after,chairs-wide,O-ET2X-R-CurrentEdge-Point,3.0797345638275146,30.8601942822763,0.0,0.0
199,still-after,chairs-wide,O-ET2X-R-PreviousRawEdge-Point,3.0797345638275146,30.8601942822763,0.0,0.0
199,still-after,chairs-wide,ABL-ET2X-R-PreviousRawEdge-BilinearRGB,3.0797345638275146,30.8601942822763,0.0,0.0
200,still-after,chair,O-T2X-R,3.896780252456665,30.58550969043736,0.0,0.0
200,still-after,chair,O-ET2X-R-CurrentEdge-Point,5.882753372192383,26.836742556035006,0.0,0.0
200,still-after,chair,O-ET2X-R-PreviousRawEdge-Point,5.882753372192383,26.836742556035006,0.0,0.0
200,still-after,chair,ABL-ET2X-R-PreviousRawEdge-BilinearRGB,5.882753372192383,26.836742556035006,0.0,0.0
200,still-after,chairs-wide,O-T2X-R,2.071668863296509,34.306376583128774,0.0,0.0
200,still-after,chairs-wide,O-ET2X-R-CurrentEdge-Point,3.0797345638275146,30.8601942822763,0.0,0.0
200,still-after,chairs-wide,O-ET2X-R-PreviousRawEdge-Point,3.0797345638275146,30.8601942822763,0.0,0.0
200,still-after,chairs-wide,ABL-ET2X-R-PreviousRawEdge-BilinearRGB,3.0797345638275146,30.8601942822763,0.0,0.0
201,still-after,chair,O-T2X-R,3.896780252456665,30.58550969043736,0.0,0.0
201,still-after,chair,O-ET2X-R-CurrentEdge-Point,5.882753372192383,26.836742556035006,0.0,0.0
201,still-after,chair,O-ET2X-R-PreviousRawEdge-Point,5.882753372192383,26.836742556035006,0.0,0.0
201,still-after,chair,ABL-ET2X-R-PreviousRawEdge-BilinearRGB,5.882753372192383,26.836742556035006,0.0,0.0
201,still-after,chairs-wide,O-T2X-R,2.071668863296509,34.306376583128774,0.0,0.0
201,still-after,chairs-wide,O-ET2X-R-CurrentEdge-Point,3.0797345638275146,30.8601942822763,0.0,0.0
201,still-after,chairs-wide,O-ET2X-R-PreviousRawEdge-Point,3.0797345638275146,30.8601942822763,0.0,0.0
201,still-after,chairs-wide,ABL-ET2X-R-PreviousRawEdge-BilinearRGB,3.0797345638275146,30.8601942822763,0.0,0.0
202,still-after,chair,O-T2X-R,3.896780252456665,30.58550969043736,0.0,0.0
202,still-after,chair,O-ET2X-R-CurrentEdge-Point,5.882753372192383,26.836742556035006,0.0,0.0
202,still-after,chair,O-ET2X-R-PreviousRawEdge-Point,5.882753372192383,26.836742556035006,0.0,0.0
202,still-after,chair,ABL-ET2X-R-PreviousRawEdge-BilinearRGB,5.882753372192383,26.836742556035006,0.0,0.0
202,still-after,chairs-wide,O-T2X-R,2.071668863296509,34.306376583128774,0.0,0.0
202,still-after,chairs-wide,O-ET2X-R-CurrentEdge-Point,3.0797345638275146,30.8601942822763,0.0,0.0
202,still-after,chairs-wide,O-ET2X-R-PreviousRawEdge-Point,3.0797345638275146,30.8601942822763,0.0,0.0
202,still-after,chairs-wide,ABL-ET2X-R-PreviousRawEdge-BilinearRGB,3.0797345638275146,30.8601942822763,0.0,0.0
203,still-after,chair,O-T2X-R,3.896780252456665,30.58550969043736,0.0,0.0
203,still-after,chair,O-ET2X-R-CurrentEdge-Point,5.882753372192383,26.836742556035006,0.0,0.0
203,still-after,chair,O-ET2X-R-PreviousRawEdge-Point,5.882753372192383,26.836742556035006,0.0,0.0
203,still-after,chair,ABL-ET2X-R-PreviousRawEdge-BilinearRGB,5.882753372192383,26.836742556035006,0.0,0.0
203,still-after,chairs-wide,O-T2X-R,2.071668863296509,34.306376583128774,0.0,0.0
203,still-after,chairs-wide,O-ET2X-R-CurrentEdge-Point,3.0797345638275146,30.8601942822763,0.0,0.0
203,still-after,chairs-wide,O-ET2X-R-PreviousRawEdge-Point,3.0797345638275146,30.8601942822763,0.0,0.0
203,still-after,chairs-wide,ABL-ET2X-R-PreviousRawEdge-BilinearRGB,3.0797345638275146,30.8601942822763,0.0,0.0
204,still-after,chair,O-T2X-R,3.896780252456665,30.58550969043736,0.0,0.0
204,still-after,chair,O-ET2X-R-CurrentEdge-Point,5.882753372192383,26.836742556035006,0.0,0.0
204,still-after,chair,O-ET2X-R-PreviousRawEdge-Point,5.882753372192383,26.836742556035006,0.0,0.0
204,still-after,chair,ABL-ET2X-R-PreviousRawEdge-BilinearRGB,5.882753372192383,26.836742556035006,0.0,0.0
204,still-after,chairs-wide,O-T2X-R,2.071668863296509,34.306376583128774,0.0,0.0
204,still-after,chairs-wide,O-ET2X-R-CurrentEdge-Point,3.0797345638275146,30.8601942822763,0.0,0.0
204,still-after,chairs-wide,O-ET2X-R-PreviousRawEdge-Point,3.0797345638275146,30.8601942822763,0.0,0.0
204,still-after,chairs-wide,ABL-ET2X-R-PreviousRawEdge-BilinearRGB,3.0797345638275146,30.8601942822763,0.0,0.0
205,still-after,chair,O-T2X-R,3.896780252456665,30.58550969043736,0.0,0.0
205,still-after,chair,O-ET2X-R-CurrentEdge-Point,5.882753372192383,26.836742556035006,0.0,0.0
205,still-after,chair,O-ET2X-R-PreviousRawEdge-Point,5.882753372192383,26.836742556035006,0.0,0.0
205,still-after,chair,ABL-ET2X-R-PreviousRawEdge-BilinearRGB,5.882753372192383,26.836742556035006,0.0,0.0
205,still-after,chairs-wide,O-T2X-R,2.071668863296509,34.306376583128774,0.0,0.0
205,still-after,chairs-wide,O-ET2X-R-CurrentEdge-Point,3.0797345638275146,30.8601942822763,0.0,0.0
205,still-after,chairs-wide,O-ET2X-R-PreviousRawEdge-Point,3.0797345638275146,30.8601942822763,0.0,0.0
205,still-after,chairs-wide,ABL-ET2X-R-PreviousRawEdge-BilinearRGB,3.0797345638275146,30.8601942822763,0.0,0.0
206,still-after,chair,O-T2X-R,3.896780252456665,30.58550969043736,0.0,0.0
206,still-after,chair,O-ET2X-R-CurrentEdge-Point,5.882753372192383,26.836742556035006,0.0,0.0
206,still-after,chair,O-ET2X-R-PreviousRawEdge-Point,5.882753372192383,26.836742556035006,0.0,0.0
206,still-after,chair,ABL-ET2X-R-PreviousRawEdge-BilinearRGB,5.882753372192383,26.836742556035006,0.0,0.0
206,still-after,chairs-wide,O-T2X-R,2.071668863296509,34.306376583128774,0.0,0.0
206,still-after,chairs-wide,O-ET2X-R-CurrentEdge-Point,3.0797345638275146,30.8601942822763,0.0,0.0
206,still-after,chairs-wide,O-ET2X-R-PreviousRawEdge-Point,3.0797345638275146,30.8601942822763,0.0,0.0
206,still-after,chairs-wide,ABL-ET2X-R-PreviousRawEdge-BilinearRGB,3.0797345638275146,30.8601942822763,0.0,0.0
207,still-after,chair,O-T2X-R,3.896780252456665,30.58550969043736,0.0,0.0
207,still-after,chair,O-ET2X-R-CurrentEdge-Point,5.882753372192383,26.836742556035006,0.0,0.0
207,still-after,chair,O-ET2X-R-PreviousRawEdge-Point,5.882753372192383,26.836742556035006,0.0,0.0
207,still-after,chair,ABL-ET2X-R-PreviousRawEdge-BilinearRGB,5.882753372192383,26.836742556035006,0.0,0.0
207,still-after,chairs-wide,O-T2X-R,2.071668863296509,34.306376583128774,0.0,0.0
207,still-after,chairs-wide,O-ET2X-R-CurrentEdge-Point,3.0797345638275146,30.8601942822763,0.0,0.0
207,still-after,chairs-wide,O-ET2X-R-PreviousRawEdge-Point,3.0797345638275146,30.8601942822763,0.0,0.0
207,still-after,chairs-wide,ABL-ET2X-R-PreviousRawEdge-BilinearRGB,3.0797345638275146,30.8601942822763,0.0,0.0
208,still-after,chair,O-T2X-R,3.896780252456665,30.58550969043736,0.0,0.0
208,still-after,chair,O-ET2X-R-CurrentEdge-Point,5.882753372192383,26.836742556035006,0.0,0.0
208,still-after,chair,O-ET2X-R-PreviousRawEdge-Point,5.882753372192383,26.836742556035006,0.0,0.0
208,still-after,chair,ABL-ET2X-R-PreviousRawEdge-BilinearRGB,5.882753372192383,26.836742556035006,0.0,0.0
208,still-after,chairs-wide,O-T2X-R,2.071668863296509,34.306376583128774,0.0,0.0
208,still-after,chairs-wide,O-ET2X-R-CurrentEdge-Point,3.0797345638275146,30.8601942822763,0.0,0.0
208,still-after,chairs-wide,O-ET2X-R-PreviousRawEdge-Point,3.0797345638275146,30.8601942822763,0.0,0.0
208,still-after,chairs-wide,ABL-ET2X-R-PreviousRawEdge-BilinearRGB,3.0797345638275146,30.8601942822763,0.0,0.0
209,still-after,chair,O-T2X-R,3.896780252456665,30.58550969043736,0.0,0.0
209,still-after,chair,O-ET2X-R-CurrentEdge-Point,5.882753372192383,26.836742556035006,0.0,0.0
209,still-after,chair,O-ET2X-R-PreviousRawEdge-Point,5.882753372192383,26.836742556035006,0.0,0.0
209,still-after,chair,ABL-ET2X-R-PreviousRawEdge-BilinearRGB,5.882753372192383,26.836742556035006,0.0,0.0
209,still-after,chairs-wide,O-T2X-R,2.071668863296509,34.306376583128774,0.0,0.0
209,still-after,chairs-wide,O-ET2X-R-CurrentEdge-Point,3.0797345638275146,30.8601942822763,0.0,0.0
209,still-after,chairs-wide,O-ET2X-R-PreviousRawEdge-Point,3.0797345638275146,30.8601942822763,0.0,0.0
209,still-after,chairs-wide,ABL-ET2X-R-PreviousRawEdge-BilinearRGB,3.0797345638275146,30.8601942822763,0.0,0.0
210,still-after,chair,O-T2X-R,3.896780252456665,30.58550969043736,0.0,0.0
210,still-after,chair,O-ET2X-R-CurrentEdge-Point,5.882753372192383,26.836742556035006,0.0,0.0
210,still-after,chair,O-ET2X-R-PreviousRawEdge-Point,5.882753372192383,26.836742556035006,0.0,0.0
210,still-after,chair,ABL-ET2X-R-PreviousRawEdge-BilinearRGB,5.882753372192383,26.836742556035006,0.0,0.0
210,still-after,chairs-wide,O-T2X-R,2.071668863296509,34.306376583128774,0.0,0.0
210,still-after,chairs-wide,O-ET2X-R-CurrentEdge-Point,3.0797345638275146,30.8601942822763,0.0,0.0
210,still-after,chairs-wide,O-ET2X-R-PreviousRawEdge-Point,3.0797345638275146,30.8601942822763,0.0,0.0
210,still-after,chairs-wide,ABL-ET2X-R-PreviousRawEdge-BilinearRGB,3.0797345638275146,30.8601942822763,0.0,0.0
211,still-after,chair,O-T2X-R,3.896780252456665,30.58550969043736,0.0,0.0
211,still-after,chair,O-ET2X-R-CurrentEdge-Point,5.882753372192383,26.836742556035006,0.0,0.0
211,still-after,chair,O-ET2X-R-PreviousRawEdge-Point,5.882753372192383,26.836742556035006,0.0,0.0
211,still-after,chair,ABL-ET2X-R-PreviousRawEdge-BilinearRGB,5.882753372192383,26.836742556035006,0.0,0.0
211,still-after,chairs-wide,O-T2X-R,2.071668863296509,34.306376583128774,0.0,0.0
211,still-after,chairs-wide,O-ET2X-R-CurrentEdge-Point,3.0797345638275146,30.8601942822763,0.0,0.0
211,still-after,chairs-wide,O-ET2X-R-PreviousRawEdge-Point,3.0797345638275146,30.8601942822763,0.0,0.0
211,still-after,chairs-wide,ABL-ET2X-R-PreviousRawEdge-BilinearRGB,3.0797345638275146,30.8601942822763,0.0,0.0
212,still-after,chair,O-T2X-R,3.896780252456665,30.58550969043736,0.0,0.0
212,still-after,chair,O-ET2X-R-CurrentEdge-Point,5.882753372192383,26.836742556035006,0.0,0.0
212,still-after,chair,O-ET2X-R-PreviousRawEdge-Point,5.882753372192383,26.836742556035006,0.0,0.0
212,still-after,chair,ABL-ET2X-R-PreviousRawEdge-BilinearRGB,5.882753372192383,26.836742556035006,0.0,0.0
212,still-after,chairs-wide,O-T2X-R,2.071668863296509,34.306376583128774,0.0,0.0
212,still-after,chairs-wide,O-ET2X-R-CurrentEdge-Point,3.0797345638275146,30.8601942822763,0.0,0.0
212,still-after,chairs-wide,O-ET2X-R-PreviousRawEdge-Point,3.0797345638275146,30.8601942822763,0.0,0.0
212,still-after,chairs-wide,ABL-ET2X-R-PreviousRawEdge-BilinearRGB,3.0797345638275146,30.8601942822763,0.0,0.0
213,still-after,chair,O-T2X-R,3.896780252456665,30.58550969043736,0.0,0.0
213,still-after,chair,O-ET2X-R-CurrentEdge-Point,5.882753372192383,26.836742556035006,0.0,0.0
213,still-after,chair,O-ET2X-R-PreviousRawEdge-Point,5.882753372192383,26.836742556035006,0.0,0.0
213,still-after,chair,ABL-ET2X-R-PreviousRawEdge-BilinearRGB,5.882753372192383,26.836742556035006,0.0,0.0
213,still-after,chairs-wide,O-T2X-R,2.071668863296509,34.306376583128774,0.0,0.0
213,still-after,chairs-wide,O-ET2X-R-CurrentEdge-Point,3.0797345638275146,30.8601942822763,0.0,0.0
213,still-after,chairs-wide,O-ET2X-R-PreviousRawEdge-Point,3.0797345638275146,30.8601942822763,0.0,0.0
213,still-after,chairs-wide,ABL-ET2X-R-PreviousRawEdge-BilinearRGB,3.0797345638275146,30.8601942822763,0.0,0.0
214,still-after,chair,O-T2X-R,3.896780252456665,30.58550969043736,0.0,0.0
214,still-after,chair,O-ET2X-R-CurrentEdge-Point,5.882753372192383,26.836742556035006,0.0,0.0
214,still-after,chair,O-ET2X-R-PreviousRawEdge-Point,5.882753372192383,26.836742556035006,0.0,0.0
214,still-after,chair,ABL-ET2X-R-PreviousRawEdge-BilinearRGB,5.882753372192383,26.836742556035006,0.0,0.0
214,still-after,chairs-wide,O-T2X-R,2.071668863296509,34.306376583128774,0.0,0.0
214,still-after,chairs-wide,O-ET2X-R-CurrentEdge-Point,3.0797345638275146,30.8601942822763,0.0,0.0
214,still-after,chairs-wide,O-ET2X-R-PreviousRawEdge-Point,3.0797345638275146,30.8601942822763,0.0,0.0
214,still-after,chairs-wide,ABL-ET2X-R-PreviousRawEdge-BilinearRGB,3.0797345638275146,30.8601942822763,0.0,0.0
215,still-after,chair,O-T2X-R,3.896780252456665,30.58550969043736,0.0,0.0
215,still-after,chair,O-ET2X-R-CurrentEdge-Point,5.882753372192383,26.836742556035006,0.0,0.0
215,still-after,chair,O-ET2X-R-PreviousRawEdge-Point,5.882753372192383,26.836742556035006,0.0,0.0
215,still-after,chair,ABL-ET2X-R-PreviousRawEdge-BilinearRGB,5.882753372192383,26.836742556035006,0.0,0.0
215,still-after,chairs-wide,O-T2X-R,2.071668863296509,34.306376583128774,0.0,0.0
215,still-after,chairs-wide,O-ET2X-R-CurrentEdge-Point,3.0797345638275146,30.8601942822763,0.0,0.0
215,still-after,chairs-wide,O-ET2X-R-PreviousRawEdge-Point,3.0797345638275146,30.8601942822763,0.0,0.0
215,still-after,chairs-wide,ABL-ET2X-R-PreviousRawEdge-BilinearRGB,3.0797345638275146,30.8601942822763,0.0,0.0
216,still-after,chair,O-T2X-R,3.896780252456665,30.58550969043736,0.0,0.0
216,still-after,chair,O-ET2X-R-CurrentEdge-Point,5.882753372192383,26.836742556035006,0.0,0.0
216,still-after,chair,O-ET2X-R-PreviousRawEdge-Point,5.882753372192383,26.836742556035006,0.0,0.0
216,still-after,chair,ABL-ET2X-R-PreviousRawEdge-BilinearRGB,5.882753372192383,26.836742556035006,0.0,0.0
216,still-after,chairs-wide,O-T2X-R,2.071668863296509,34.306376583128774,0.0,0.0
216,still-after,chairs-wide,O-ET2X-R-CurrentEdge-Point,3.0797345638275146,30.8601942822763,0.0,0.0
216,still-after,chairs-wide,O-ET2X-R-PreviousRawEdge-Point,3.0797345638275146,30.8601942822763,0.0,0.0
216,still-after,chairs-wide,ABL-ET2X-R-PreviousRawEdge-BilinearRGB,3.0797345638275146,30.8601942822763,0.0,0.0
217,still-after,chair,O-T2X-R,3.896780252456665,30.58550969043736,0.0,0.0
217,still-after,chair,O-ET2X-R-CurrentEdge-Point,5.882753372192383,26.836742556035006,0.0,0.0
217,still-after,chair,O-ET2X-R-PreviousRawEdge-Point,5.882753372192383,26.836742556035006,0.0,0.0
217,still-after,chair,ABL-ET2X-R-PreviousRawEdge-BilinearRGB,5.882753372192383,26.836742556035006,0.0,0.0
217,still-after,chairs-wide,O-T2X-R,2.071668863296509,34.306376583128774,0.0,0.0
217,still-after,chairs-wide,O-ET2X-R-CurrentEdge-Point,3.0797345638275146,30.8601942822763,0.0,0.0
217,still-after,chairs-wide,O-ET2X-R-PreviousRawEdge-Point,3.0797345638275146,30.8601942822763,0.0,0.0
217,still-after,chairs-wide,ABL-ET2X-R-PreviousRawEdge-BilinearRGB,3.0797345638275146,30.8601942822763,0.0,0.0
218,still-after,chair,O-T2X-R,3.896780252456665,30.58550969043736,0.0,0.0
218,still-after,chair,O-ET2X-R-CurrentEdge-Point,5.882753372192383,26.836742556035006,0.0,0.0
218,still-after,chair,O-ET2X-R-PreviousRawEdge-Point,5.882753372192383,26.836742556035006,0.0,0.0
218,still-after,chair,ABL-ET2X-R-PreviousRawEdge-BilinearRGB,5.882753372192383,26.836742556035006,0.0,0.0
218,still-after,chairs-wide,O-T2X-R,2.071668863296509,34.306376583128774,0.0,0.0
218,still-after,chairs-wide,O-ET2X-R-CurrentEdge-Point,3.0797345638275146,30.8601942822763,0.0,0.0
218,still-after,chairs-wide,O-ET2X-R-PreviousRawEdge-Point,3.0797345638275146,30.8601942822763,0.0,0.0
218,still-after,chairs-wide,ABL-ET2X-R-PreviousRawEdge-BilinearRGB,3.0797345638275146,30.8601942822763,0.0,0.0
219,still-after,chair,O-T2X-R,3.896780252456665,30.58550969043736,0.0,0.0
219,still-after,chair,O-ET2X-R-CurrentEdge-Point,5.882753372192383,26.836742556035006,0.0,0.0
219,still-after,chair,O-ET2X-R-PreviousRawEdge-Point,5.882753372192383,26.836742556035006,0.0,0.0
219,still-after,chair,ABL-ET2X-R-PreviousRawEdge-BilinearRGB,5.882753372192383,26.836742556035006,0.0,0.0
219,still-after,chairs-wide,O-T2X-R,2.071668863296509,34.306376583128774,0.0,0.0
219,still-after,chairs-wide,O-ET2X-R-CurrentEdge-Point,3.0797345638275146,30.8601942822763,0.0,0.0
219,still-after,chairs-wide,O-ET2X-R-PreviousRawEdge-Point,3.0797345638275146,30.8601942822763,0.0,0.0
219,still-after,chairs-wide,ABL-ET2X-R-PreviousRawEdge-BilinearRGB,3.0797345638275146,30.8601942822763,0.0,0.0
220,still-after,chair,O-T2X-R,3.896780252456665,30.58550969043736,0.0,0.0
220,still-after,chair,O-ET2X-R-CurrentEdge-Point,5.882753372192383,26.836742556035006,0.0,0.0
220,still-after,chair,O-ET2X-R-PreviousRawEdge-Point,5.882753372192383,26.836742556035006,0.0,0.0
220,still-after,chair,ABL-ET2X-R-PreviousRawEdge-BilinearRGB,5.882753372192383,26.836742556035006,0.0,0.0
220,still-after,chairs-wide,O-T2X-R,2.071668863296509,34.306376583128774,0.0,0.0
220,still-after,chairs-wide,O-ET2X-R-CurrentEdge-Point,3.0797345638275146,30.8601942822763,0.0,0.0
220,still-after,chairs-wide,O-ET2X-R-PreviousRawEdge-Point,3.0797345638275146,30.8601942822763,0.0,0.0
220,still-after,chairs-wide,ABL-ET2X-R-PreviousRawEdge-BilinearRGB,3.0797345638275146,30.8601942822763,0.0,0.0
221,still-after,chair,O-T2X-R,3.896780252456665,30.58550969043736,0.0,0.0
221,still-after,chair,O-ET2X-R-CurrentEdge-Point,5.882753372192383,26.836742556035006,0.0,0.0
221,still-after,chair,O-ET2X-R-PreviousRawEdge-Point,5.882753372192383,26.836742556035006,0.0,0.0
221,still-after,chair,ABL-ET2X-R-PreviousRawEdge-BilinearRGB,5.882753372192383,26.836742556035006,0.0,0.0
221,still-after,chairs-wide,O-T2X-R,2.071668863296509,34.306376583128774,0.0,0.0
221,still-after,chairs-wide,O-ET2X-R-CurrentEdge-Point,3.0797345638275146,30.8601942822763,0.0,0.0
221,still-after,chairs-wide,O-ET2X-R-PreviousRawEdge-Point,3.0797345638275146,30.8601942822763,0.0,0.0
221,still-after,chairs-wide,ABL-ET2X-R-PreviousRawEdge-BilinearRGB,3.0797345638275146,30.8601942822763,0.0,0.0
222,still-after,chair,O-T2X-R,3.896780252456665,30.58550969043736,0.0,0.0
222,still-after,chair,O-ET2X-R-CurrentEdge-Point,5.882753372192383,26.836742556035006,0.0,0.0
222,still-after,chair,O-ET2X-R-PreviousRawEdge-Point,5.882753372192383,26.836742556035006,0.0,0.0
222,still-after,chair,ABL-ET2X-R-PreviousRawEdge-BilinearRGB,5.882753372192383,26.836742556035006,0.0,0.0
222,still-after,chairs-wide,O-T2X-R,2.071668863296509,34.306376583128774,0.0,0.0
222,still-after,chairs-wide,O-ET2X-R-CurrentEdge-Point,3.0797345638275146,30.8601942822763,0.0,0.0
222,still-after,chairs-wide,O-ET2X-R-PreviousRawEdge-Point,3.0797345638275146,30.8601942822763,0.0,0.0
222,still-after,chairs-wide,ABL-ET2X-R-PreviousRawEdge-BilinearRGB,3.0797345638275146,30.8601942822763,0.0,0.0
223,still-after,chair,O-T2X-R,3.896780252456665,30.58550969043736,0.0,0.0
223,still-after,chair,O-ET2X-R-CurrentEdge-Point,5.882753372192383,26.836742556035006,0.0,0.0
223,still-after,chair,O-ET2X-R-PreviousRawEdge-Point,5.882753372192383,26.836742556035006,0.0,0.0
223,still-after,chair,ABL-ET2X-R-PreviousRawEdge-BilinearRGB,5.882753372192383,26.836742556035006,0.0,0.0
223,still-after,chairs-wide,O-T2X-R,2.071668863296509,34.306376583128774,0.0,0.0
223,still-after,chairs-wide,O-ET2X-R-CurrentEdge-Point,3.0797345638275146,30.8601942822763,0.0,0.0
223,still-after,chairs-wide,O-ET2X-R-PreviousRawEdge-Point,3.0797345638275146,30.8601942822763,0.0,0.0
223,still-after,chairs-wide,ABL-ET2X-R-PreviousRawEdge-BilinearRGB,3.0797345638275146,30.8601942822763,0.0,0.0
224,still-after,chair,O-T2X-R,3.896780252456665,30.58550969043736,0.0,0.0
224,still-after,chair,O-ET2X-R-CurrentEdge-Point,5.882753372192383,26.836742556035006,0.0,0.0
224,still-after,chair,O-ET2X-R-PreviousRawEdge-Point,5.882753372192383,26.836742556035006,0.0,0.0
224,still-after,chair,ABL-ET2X-R-PreviousRawEdge-BilinearRGB,5.882753372192383,26.836742556035006,0.0,0.0
224,still-after,chairs-wide,O-T2X-R,2.071668863296509,34.306376583128774,0.0,0.0
224,still-after,chairs-wide,O-ET2X-R-CurrentEdge-Point,3.0797345638275146,30.8601942822763,0.0,0.0
224,still-after,chairs-wide,O-ET2X-R-PreviousRawEdge-Point,3.0797345638275146,30.8601942822763,0.0,0.0
224,still-after,chairs-wide,ABL-ET2X-R-PreviousRawEdge-BilinearRGB,3.0797345638275146,30.8601942822763,0.0,0.0
225,still-after,chair,O-T2X-R,3.896780252456665,30.58550969043736,0.0,0.0
225,still-after,chair,O-ET2X-R-CurrentEdge-Point,5.882753372192383,26.836742556035006,0.0,0.0
225,still-after,chair,O-ET2X-R-PreviousRawEdge-Point,5.882753372192383,26.836742556035006,0.0,0.0
225,still-after,chair,ABL-ET2X-R-PreviousRawEdge-BilinearRGB,5.882753372192383,26.836742556035006,0.0,0.0
225,still-after,chairs-wide,O-T2X-R,2.071668863296509,34.306376583128774,0.0,0.0
225,still-after,chairs-wide,O-ET2X-R-CurrentEdge-Point,3.0797345638275146,30.8601942822763,0.0,0.0
225,still-after,chairs-wide,O-ET2X-R-PreviousRawEdge-Point,3.0797345638275146,30.8601942822763,0.0,0.0
225,still-after,chairs-wide,ABL-ET2X-R-PreviousRawEdge-BilinearRGB,3.0797345638275146,30.8601942822763,0.0,0.0
226,still-after,chair,O-T2X-R,3.896780252456665,30.58550969043736,0.0,0.0
226,still-after,chair,O-ET2X-R-CurrentEdge-Point,5.882753372192383,26.836742556035006,0.0,0.0
226,still-after,chair,O-ET2X-R-PreviousRawEdge-Point,5.882753372192383,26.836742556035006,0.0,0.0
226,still-after,chair,ABL-ET2X-R-PreviousRawEdge-BilinearRGB,5.882753372192383,26.836742556035006,0.0,0.0
226,still-after,chairs-wide,O-T2X-R,2.071668863296509,34.306376583128774,0.0,0.0
226,still-after,chairs-wide,O-ET2X-R-CurrentEdge-Point,3.0797345638275146,30.8601942822763,0.0,0.0
226,still-after,chairs-wide,O-ET2X-R-PreviousRawEdge-Point,3.0797345638275146,30.8601942822763,0.0,0.0
226,still-after,chairs-wide,ABL-ET2X-R-PreviousRawEdge-BilinearRGB,3.0797345638275146,30.8601942822763,0.0,0.0
227,still-after,chair,O-T2X-R,3.896780252456665,30.58550969043736,0.0,0.0
227,still-after,chair,O-ET2X-R-CurrentEdge-Point,5.882753372192383,26.836742556035006,0.0,0.0
227,still-after,chair,O-ET2X-R-PreviousRawEdge-Point,5.882753372192383,26.836742556035006,0.0,0.0
227,still-after,chair,ABL-ET2X-R-PreviousRawEdge-BilinearRGB,5.882753372192383,26.836742556035006,0.0,0.0
227,still-after,chairs-wide,O-T2X-R,2.071668863296509,34.306376583128774,0.0,0.0
227,still-after,chairs-wide,O-ET2X-R-CurrentEdge-Point,3.0797345638275146,30.8601942822763,0.0,0.0
227,still-after,chairs-wide,O-ET2X-R-PreviousRawEdge-Point,3.0797345638275146,30.8601942822763,0.0,0.0
227,still-after,chairs-wide,ABL-ET2X-R-PreviousRawEdge-BilinearRGB,3.0797345638275146,30.8601942822763,0.0,0.0
228,still-after,chair,O-T2X-R,3.896780252456665,30.58550969043736,0.0,0.0
228,still-after,chair,O-ET2X-R-CurrentEdge-Point,5.882753372192383,26.836742556035006,0.0,0.0
228,still-after,chair,O-ET2X-R-PreviousRawEdge-Point,5.882753372192383,26.836742556035006,0.0,0.0
228,still-after,chair,ABL-ET2X-R-PreviousRawEdge-BilinearRGB,5.882753372192383,26.836742556035006,0.0,0.0
228,still-after,chairs-wide,O-T2X-R,2.071668863296509,34.306376583128774,0.0,0.0
228,still-after,chairs-wide,O-ET2X-R-CurrentEdge-Point,3.0797345638275146,30.8601942822763,0.0,0.0
228,still-after,chairs-wide,O-ET2X-R-PreviousRawEdge-Point,3.0797345638275146,30.8601942822763,0.0,0.0
228,still-after,chairs-wide,ABL-ET2X-R-PreviousRawEdge-BilinearRGB,3.0797345638275146,30.8601942822763,0.0,0.0
229,still-after,chair,O-T2X-R,3.896780252456665,30.58550969043736,0.0,0.0
229,still-after,chair,O-ET2X-R-CurrentEdge-Point,5.882753372192383,26.836742556035006,0.0,0.0
229,still-after,chair,O-ET2X-R-PreviousRawEdge-Point,5.882753372192383,26.836742556035006,0.0,0.0
229,still-after,chair,ABL-ET2X-R-PreviousRawEdge-BilinearRGB,5.882753372192383,26.836742556035006,0.0,0.0
229,still-after,chairs-wide,O-T2X-R,2.071668863296509,34.306376583128774,0.0,0.0
229,still-after,chairs-wide,O-ET2X-R-CurrentEdge-Point,3.0797345638275146,30.8601942822763,0.0,0.0
229,still-after,chairs-wide,O-ET2X-R-PreviousRawEdge-Point,3.0797345638275146,30.8601942822763,0.0,0.0
229,still-after,chairs-wide,ABL-ET2X-R-PreviousRawEdge-BilinearRGB,3.0797345638275146,30.8601942822763,0.0,0.0
230,still-after,chair,O-T2X-R,3.896780252456665,30.58550969043736,0.0,0.0
230,still-after,chair,O-ET2X-R-CurrentEdge-Point,5.882753372192383,26.836742556035006,0.0,0.0
230,still-after,chair,O-ET2X-R-PreviousRawEdge-Point,5.882753372192383,26.836742556035006,0.0,0.0
230,still-after,chair,ABL-ET2X-R-PreviousRawEdge-BilinearRGB,5.882753372192383,26.836742556035006,0.0,0.0
230,still-after,chairs-wide,O-T2X-R,2.071668863296509,34.306376583128774,0.0,0.0
230,still-after,chairs-wide,O-ET2X-R-CurrentEdge-Point,3.0797345638275146,30.8601942822763,0.0,0.0
230,still-after,chairs-wide,O-ET2X-R-PreviousRawEdge-Point,3.0797345638275146,30.8601942822763,0.0,0.0
230,still-after,chairs-wide,ABL-ET2X-R-PreviousRawEdge-BilinearRGB,3.0797345638275146,30.8601942822763,0.0,0.0
231,still-after,chair,O-T2X-R,3.896780252456665,30.58550969043736,0.0,0.0
231,still-after,chair,O-ET2X-R-CurrentEdge-Point,5.882753372192383,26.836742556035006,0.0,0.0
231,still-after,chair,O-ET2X-R-PreviousRawEdge-Point,5.882753372192383,26.836742556035006,0.0,0.0
231,still-after,chair,ABL-ET2X-R-PreviousRawEdge-BilinearRGB,5.882753372192383,26.836742556035006,0.0,0.0
231,still-after,chairs-wide,O-T2X-R,2.071668863296509,34.306376583128774,0.0,0.0
231,still-after,chairs-wide,O-ET2X-R-CurrentEdge-Point,3.0797345638275146,30.8601942822763,0.0,0.0
231,still-after,chairs-wide,O-ET2X-R-PreviousRawEdge-Point,3.0797345638275146,30.8601942822763,0.0,0.0
231,still-after,chairs-wide,ABL-ET2X-R-PreviousRawEdge-BilinearRGB,3.0797345638275146,30.8601942822763,0.0,0.0
232,still-after,chair,O-T2X-R,3.896780252456665,30.58550969043736,0.0,0.0
232,still-after,chair,O-ET2X-R-CurrentEdge-Point,5.882753372192383,26.836742556035006,0.0,0.0
232,still-after,chair,O-ET2X-R-PreviousRawEdge-Point,5.882753372192383,26.836742556035006,0.0,0.0
232,still-after,chair,ABL-ET2X-R-PreviousRawEdge-BilinearRGB,5.882753372192383,26.836742556035006,0.0,0.0
232,still-after,chairs-wide,O-T2X-R,2.071668863296509,34.306376583128774,0.0,0.0
232,still-after,chairs-wide,O-ET2X-R-CurrentEdge-Point,3.0797345638275146,30.8601942822763,0.0,0.0
232,still-after,chairs-wide,O-ET2X-R-PreviousRawEdge-Point,3.0797345638275146,30.8601942822763,0.0,0.0
232,still-after,chairs-wide,ABL-ET2X-R-PreviousRawEdge-BilinearRGB,3.0797345638275146,30.8601942822763,0.0,0.0
233,still-after,chair,O-T2X-R,3.896780252456665,30.58550969043736,0.0,0.0
233,still-after,chair,O-ET2X-R-CurrentEdge-Point,5.882753372192383,26.836742556035006,0.0,0.0
233,still-after,chair,O-ET2X-R-PreviousRawEdge-Point,5.882753372192383,26.836742556035006,0.0,0.0
233,still-after,chair,ABL-ET2X-R-PreviousRawEdge-BilinearRGB,5.882753372192383,26.836742556035006,0.0,0.0
233,still-after,chairs-wide,O-T2X-R,2.071668863296509,34.306376583128774,0.0,0.0
233,still-after,chairs-wide,O-ET2X-R-CurrentEdge-Point,3.0797345638275146,30.8601942822763,0.0,0.0
233,still-after,chairs-wide,O-ET2X-R-PreviousRawEdge-Point,3.0797345638275146,30.8601942822763,0.0,0.0
233,still-after,chairs-wide,ABL-ET2X-R-PreviousRawEdge-BilinearRGB,3.0797345638275146,30.8601942822763,0.0,0.0
234,still-after,chair,O-T2X-R,3.896780252456665,30.58550969043736,0.0,0.0
234,still-after,chair,O-ET2X-R-CurrentEdge-Point,5.882753372192383,26.836742556035006,0.0,0.0
234,still-after,chair,O-ET2X-R-PreviousRawEdge-Point,5.882753372192383,26.836742556035006,0.0,0.0
234,still-after,chair,ABL-ET2X-R-PreviousRawEdge-BilinearRGB,5.882753372192383,26.836742556035006,0.0,0.0
234,still-after,chairs-wide,O-T2X-R,2.071668863296509,34.306376583128774,0.0,0.0
234,still-after,chairs-wide,O-ET2X-R-CurrentEdge-Point,3.0797345638275146,30.8601942822763,0.0,0.0
234,still-after,chairs-wide,O-ET2X-R-PreviousRawEdge-Point,3.0797345638275146,30.8601942822763,0.0,0.0
234,still-after,chairs-wide,ABL-ET2X-R-PreviousRawEdge-BilinearRGB,3.0797345638275146,30.8601942822763,0.0,0.0
235,still-after,chair,O-T2X-R,3.896780252456665,30.58550969043736,0.0,0.0
235,still-after,chair,O-ET2X-R-CurrentEdge-Point,5.882753372192383,26.836742556035006,0.0,0.0
235,still-after,chair,O-ET2X-R-PreviousRawEdge-Point,5.882753372192383,26.836742556035006,0.0,0.0
235,still-after,chair,ABL-ET2X-R-PreviousRawEdge-BilinearRGB,5.882753372192383,26.836742556035006,0.0,0.0
235,still-after,chairs-wide,O-T2X-R,2.071668863296509,34.306376583128774,0.0,0.0
235,still-after,chairs-wide,O-ET2X-R-CurrentEdge-Point,3.0797345638275146,30.8601942822763,0.0,0.0
235,still-after,chairs-wide,O-ET2X-R-PreviousRawEdge-Point,3.0797345638275146,30.8601942822763,0.0,0.0
235,still-after,chairs-wide,ABL-ET2X-R-PreviousRawEdge-BilinearRGB,3.0797345638275146,30.8601942822763,0.0,0.0
236,still-after,chair,O-T2X-R,3.896780252456665,30.58550969043736,0.0,0.0
236,still-after,chair,O-ET2X-R-CurrentEdge-Point,5.882753372192383,26.836742556035006,0.0,0.0
236,still-after,chair,O-ET2X-R-PreviousRawEdge-Point,5.882753372192383,26.836742556035006,0.0,0.0
236,still-after,chair,ABL-ET2X-R-PreviousRawEdge-BilinearRGB,5.882753372192383,26.836742556035006,0.0,0.0
236,still-after,chairs-wide,O-T2X-R,2.071668863296509,34.306376583128774,0.0,0.0
236,still-after,chairs-wide,O-ET2X-R-CurrentEdge-Point,3.0797345638275146,30.8601942822763,0.0,0.0
236,still-after,chairs-wide,O-ET2X-R-PreviousRawEdge-Point,3.0797345638275146,30.8601942822763,0.0,0.0
236,still-after,chairs-wide,ABL-ET2X-R-PreviousRawEdge-BilinearRGB,3.0797345638275146,30.8601942822763,0.0,0.0
237,still-after,chair,O-T2X-R,3.896780252456665,30.58550969043736,0.0,0.0
237,still-after,chair,O-ET2X-R-CurrentEdge-Point,5.882753372192383,26.836742556035006,0.0,0.0
237,still-after,chair,O-ET2X-R-PreviousRawEdge-Point,5.882753372192383,26.836742556035006,0.0,0.0
237,still-after,chair,ABL-ET2X-R-PreviousRawEdge-BilinearRGB,5.882753372192383,26.836742556035006,0.0,0.0
237,still-after,chairs-wide,O-T2X-R,2.071668863296509,34.306376583128774,0.0,0.0
237,still-after,chairs-wide,O-ET2X-R-CurrentEdge-Point,3.0797345638275146,30.8601942822763,0.0,0.0
237,still-after,chairs-wide,O-ET2X-R-PreviousRawEdge-Point,3.0797345638275146,30.8601942822763,0.0,0.0
237,still-after,chairs-wide,ABL-ET2X-R-PreviousRawEdge-BilinearRGB,3.0797345638275146,30.8601942822763,0.0,0.0
238,still-after,chair,O-T2X-R,3.896780252456665,30.58550969043736,0.0,0.0
238,still-after,chair,O-ET2X-R-CurrentEdge-Point,5.882753372192383,26.836742556035006,0.0,0.0
238,still-after,chair,O-ET2X-R-PreviousRawEdge-Point,5.882753372192383,26.836742556035006,0.0,0.0
238,still-after,chair,ABL-ET2X-R-PreviousRawEdge-BilinearRGB,5.882753372192383,26.836742556035006,0.0,0.0
238,still-after,chairs-wide,O-T2X-R,2.071668863296509,34.306376583128774,0.0,0.0
238,still-after,chairs-wide,O-ET2X-R-CurrentEdge-Point,3.0797345638275146,30.8601942822763,0.0,0.0
238,still-after,chairs-wide,O-ET2X-R-PreviousRawEdge-Point,3.0797345638275146,30.8601942822763,0.0,0.0
238,still-after,chairs-wide,ABL-ET2X-R-PreviousRawEdge-BilinearRGB,3.0797345638275146,30.8601942822763,0.0,0.0
239,still-after,chair,O-T2X-R,3.896780252456665,30.58550969043736,0.0,0.0
239,still-after,chair,O-ET2X-R-CurrentEdge-Point,5.882753372192383,26.836742556035006,0.0,0.0
239,still-after,chair,O-ET2X-R-PreviousRawEdge-Point,5.882753372192383,26.836742556035006,0.0,0.0
239,still-after,chair,ABL-ET2X-R-PreviousRawEdge-BilinearRGB,5.882753372192383,26.836742556035006,0.0,0.0
239,still-after,chairs-wide,O-T2X-R,2.071668863296509,34.306376583128774,0.0,0.0
239,still-after,chairs-wide,O-ET2X-R-CurrentEdge-Point,3.0797345638275146,30.8601942822763,0.0,0.0
239,still-after,chairs-wide,O-ET2X-R-PreviousRawEdge-Point,3.0797345638275146,30.8601942822763,0.0,0.0
239,still-after,chairs-wide,ABL-ET2X-R-PreviousRawEdge-BilinearRGB,3.0797345638275146,30.8601942822763,0.0,0.0
