scene,case,mode,frame,roi,rgb_mae,mse,psnr
minecraft,4,O-T2X-R,0,full,1.244715690612793,25.886844635009766,34.00001243655022
minecraft,4,O-T2X-R,0,wall-seam,0.6482204794883728,1.4935981035232544,46.388466073663025
minecraft,4,O-T2X-R,0,seam-wide,0.5473155379295349,2.5413663387298584,44.08013087623422
minecraft,6,O-ET2X-R-CurrentEdge-Point,0,full,0.7691991925239563,14.186267852783203,36.61212205306934
minecraft,6,O-ET2X-R-CurrentEdge-Point,0,wall-seam,0.8239474892616272,5.091525554656982,41.062324330100765
minecraft,6,O-ET2X-R-CurrentEdge-Point,0,seam-wide,0.43066179752349854,2.1526808738708496,44.80100708652163
minecraft,9,O-ET2X-R-PreviousRawEdge-Point,0,full,0.7691991925239563,14.186267852783203,36.61212205306934
minecraft,9,O-ET2X-R-PreviousRawEdge-Point,0,wall-seam,0.8239474892616272,5.091525554656982,41.062324330100765
minecraft,9,O-ET2X-R-PreviousRawEdge-Point,0,seam-wide,0.43066179752349854,2.1526808738708496,44.80100708652163
minecraft,10,ABL-ET2X-R-PreviousRawEdge-BilinearRGB,0,full,0.7691991925239563,14.186267852783203,36.61212205306934
minecraft,10,ABL-ET2X-R-PreviousRawEdge-BilinearRGB,0,wall-seam,0.8239474892616272,5.091525554656982,41.062324330100765
minecraft,10,ABL-ET2X-R-PreviousRawEdge-BilinearRGB,0,seam-wide,0.43066179752349854,2.1526808738708496,44.80100708652163
minecraft,4,O-T2X-R,1,full,0.7136159539222717,8.692045211791992,38.73958384224864
minecraft,4,O-T2X-R,1,wall-seam,0.6215277910232544,2.247178792953491,44.61442733173292
minecraft,4,O-T2X-R,1,seam-wide,0.39010825753211975,1.2424712181091309,47.187940237934555
minecraft,6,O-ET2X-R-CurrentEdge-Point,1,full,0.7691991925239563,14.186267852783203,36.61212205306934
minecraft,6,O-ET2X-R-CurrentEdge-Point,1,wall-seam,0.8239474892616272,5.091525554656982,41.062324330100765
minecraft,6,O-ET2X-R-CurrentEdge-Point,1,seam-wide,0.43066179752349854,2.1526808738708496,44.80100708652163
minecraft,9,O-ET2X-R-PreviousRawEdge-Point,1,full,0.7691991925239563,14.186267852783203,36.61212205306934
minecraft,9,O-ET2X-R-PreviousRawEdge-Point,1,wall-seam,0.8239474892616272,5.091525554656982,41.062324330100765
minecraft,9,O-ET2X-R-PreviousRawEdge-Point,1,seam-wide,0.43066179752349854,2.1526808738708496,44.80100708652163
minecraft,10,ABL-ET2X-R-PreviousRawEdge-BilinearRGB,1,full,0.7691991925239563,14.186267852783203,36.61212205306934
minecraft,10,ABL-ET2X-R-PreviousRawEdge-BilinearRGB,1,wall-seam,0.8239474892616272,5.091525554656982,41.062324330100765
minecraft,10,ABL-ET2X-R-PreviousRawEdge-BilinearRGB,1,seam-wide,0.43066179752349854,2.1526808738708496,44.80100708652163
minecraft,4,O-T2X-R,2,full,0.7136159539222717,8.692045211791992,38.73958384224864
minecraft,4,O-T2X-R,2,wall-seam,0.6215277910232544,2.247178792953491,44.61442733173292
minecraft,4,O-T2X-R,2,seam-wide,0.39010825753211975,1.2424712181091309,47.187940237934555
minecraft,6,O-ET2X-R-CurrentEdge-Point,2,full,0.7691991925239563,14.186267852783203,36.61212205306934
minecraft,6,O-ET2X-R-CurrentEdge-Point,2,wall-seam,0.8239474892616272,5.091525554656982,41.062324330100765
minecraft,6,O-ET2X-R-CurrentEdge-Point,2,seam-wide,0.43066179752349854,2.1526808738708496,44.80100708652163
minecraft,9,O-ET2X-R-PreviousRawEdge-Point,2,full,0.7691991925239563,14.186267852783203,36.61212205306934
minecraft,9,O-ET2X-R-PreviousRawEdge-Point,2,wall-seam,0.8239474892616272,5.091525554656982,41.062324330100765
minecraft,9,O-ET2X-R-PreviousRawEdge-Point,2,seam-wide,0.43066179752349854,2.1526808738708496,44.80100708652163
minecraft,10,ABL-ET2X-R-PreviousRawEdge-BilinearRGB,2,full,0.7691991925239563,14.186267852783203,36.61212205306934
minecraft,10,ABL-ET2X-R-PreviousRawEdge-BilinearRGB,2,wall-seam,0.8239474892616272,5.091525554656982,41.062324330100765
minecraft,10,ABL-ET2X-R-PreviousRawEdge-BilinearRGB,2,seam-wide,0.43066179752349854,2.1526808738708496,44.80100708652163
minecraft,4,O-T2X-R,3,full,0.7136159539222717,8.692045211791992,38.73958384224864
minecraft,4,O-T2X-R,3,wall-seam,0.6215277910232544,2.247178792953491,44.61442733173292
minecraft,4,O-T2X-R,3,seam-wide,0.39010825753211975,1.2424712181091309,47.187940237934555
minecraft,6,O-ET2X-R-CurrentEdge-Point,3,full,0.7691991925239563,14.186267852783203,36.61212205306934
minecraft,6,O-ET2X-R-CurrentEdge-Point,3,wall-seam,0.8239474892616272,5.091525554656982,41.062324330100765
minecraft,6,O-ET2X-R-CurrentEdge-Point,3,seam-wide,0.43066179752349854,2.1526808738708496,44.80100708652163
minecraft,9,O-ET2X-R-PreviousRawEdge-Point,3,full,0.7691991925239563,14.186267852783203,36.61212205306934
minecraft,9,O-ET2X-R-PreviousRawEdge-Point,3,wall-seam,0.8239474892616272,5.091525554656982,41.062324330100765
minecraft,9,O-ET2X-R-PreviousRawEdge-Point,3,seam-wide,0.43066179752349854,2.1526808738708496,44.80100708652163
minecraft,10,ABL-ET2X-R-PreviousRawEdge-BilinearRGB,3,full,0.7691991925239563,14.186267852783203,36.61212205306934
minecraft,10,ABL-ET2X-R-PreviousRawEdge-BilinearRGB,3,wall-seam,0.8239474892616272,5.091525554656982,41.062324330100765
minecraft,10,ABL-ET2X-R-PreviousRawEdge-BilinearRGB,3,seam-wide,0.43066179752349854,2.1526808738708496,44.80100708652163
minecraft,4,O-T2X-R,4,full,0.7136159539222717,8.692045211791992,38.73958384224864
minecraft,4,O-T2X-R,4,wall-seam,0.6215277910232544,2.247178792953491,44.61442733173292
minecraft,4,O-T2X-R,4,seam-wide,0.39010825753211975,1.2424712181091309,47.187940237934555
minecraft,6,O-ET2X-R-CurrentEdge-Point,4,full,0.7691991925239563,14.186267852783203,36.61212205306934
minecraft,6,O-ET2X-R-CurrentEdge-Point,4,wall-seam,0.8239474892616272,5.091525554656982,41.062324330100765
minecraft,6,O-ET2X-R-CurrentEdge-Point,4,seam-wide,0.43066179752349854,2.1526808738708496,44.80100708652163
minecraft,9,O-ET2X-R-PreviousRawEdge-Point,4,full,0.7691991925239563,14.186267852783203,36.61212205306934
minecraft,9,O-ET2X-R-PreviousRawEdge-Point,4,wall-seam,0.8239474892616272,5.091525554656982,41.062324330100765
minecraft,9,O-ET2X-R-PreviousRawEdge-Point,4,seam-wide,0.43066179752349854,2.1526808738708496,44.80100708652163
minecraft,10,ABL-ET2X-R-PreviousRawEdge-BilinearRGB,4,full,0.7691991925239563,14.186267852783203,36.61212205306934
minecraft,10,ABL-ET2X-R-PreviousRawEdge-BilinearRGB,4,wall-seam,0.8239474892616272,5.091525554656982,41.062324330100765
minecraft,10,ABL-ET2X-R-PreviousRawEdge-BilinearRGB,4,seam-wide,0.43066179752349854,2.1526808738708496,44.80100708652163
minecraft,4,O-T2X-R,5,full,0.7136159539222717,8.692045211791992,38.73958384224864
minecraft,4,O-T2X-R,5,wall-seam,0.6215277910232544,2.247178792953491,44.61442733173292
minecraft,4,O-T2X-R,5,seam-wide,0.39010825753211975,1.2424712181091309,47.187940237934555
minecraft,6,O-ET2X-R-CurrentEdge-Point,5,full,0.7691991925239563,14.186267852783203,36.61212205306934
minecraft,6,O-ET2X-R-CurrentEdge-Point,5,wall-seam,0.8239474892616272,5.091525554656982,41.062324330100765
minecraft,6,O-ET2X-R-CurrentEdge-Point,5,seam-wide,0.43066179752349854,2.1526808738708496,44.80100708652163
minecraft,9,O-ET2X-R-PreviousRawEdge-Point,5,full,0.7691991925239563,14.186267852783203,36.61212205306934
minecraft,9,O-ET2X-R-PreviousRawEdge-Point,5,wall-seam,0.8239474892616272,5.091525554656982,41.062324330100765
minecraft,9,O-ET2X-R-PreviousRawEdge-Point,5,seam-wide,0.43066179752349854,2.1526808738708496,44.80100708652163
minecraft,10,ABL-ET2X-R-PreviousRawEdge-BilinearRGB,5,full,0.7691991925239563,14.186267852783203,36.61212205306934
minecraft,10,ABL-ET2X-R-PreviousRawEdge-BilinearRGB,5,wall-seam,0.8239474892616272,5.091525554656982,41.062324330100765
minecraft,10,ABL-ET2X-R-PreviousRawEdge-BilinearRGB,5,seam-wide,0.43066179752349854,2.1526808738708496,44.80100708652163
minecraft,4,O-T2X-R,6,full,0.7136159539222717,8.692045211791992,38.73958384224864
minecraft,4,O-T2X-R,6,wall-seam,0.6215277910232544,2.247178792953491,44.61442733173292
minecraft,4,O-T2X-R,6,seam-wide,0.39010825753211975,1.2424712181091309,47.187940237934555
minecraft,6,O-ET2X-R-CurrentEdge-Point,6,full,0.7691991925239563,14.186267852783203,36.61212205306934
minecraft,6,O-ET2X-R-CurrentEdge-Point,6,wall-seam,0.8239474892616272,5.091525554656982,41.062324330100765
minecraft,6,O-ET2X-R-CurrentEdge-Point,6,seam-wide,0.43066179752349854,2.1526808738708496,44.80100708652163
minecraft,9,O-ET2X-R-PreviousRawEdge-Point,6,full,0.7691991925239563,14.186267852783203,36.61212205306934
minecraft,9,O-ET2X-R-PreviousRawEdge-Point,6,wall-seam,0.8239474892616272,5.091525554656982,41.062324330100765
minecraft,9,O-ET2X-R-PreviousRawEdge-Point,6,seam-wide,0.43066179752349854,2.1526808738708496,44.80100708652163
minecraft,10,ABL-ET2X-R-PreviousRawEdge-BilinearRGB,6,full,0.7691991925239563,14.186267852783203,36.61212205306934
minecraft,10,ABL-ET2X-R-PreviousRawEdge-BilinearRGB,6,wall-seam,0.8239474892616272,5.091525554656982,41.062324330100765
minecraft,10,ABL-ET2X-R-PreviousRawEdge-BilinearRGB,6,seam-wide,0.43066179752349854,2.1526808738708496,44.80100708652163
minecraft,4,O-T2X-R,7,full,0.7136159539222717,8.692045211791992,38.73958384224864
minecraft,4,O-T2X-R,7,wall-seam,0.6215277910232544,2.247178792953491,44.61442733173292
minecraft,4,O-T2X-R,7,seam-wide,0.39010825753211975,1.2424712181091309,47.187940237934555
minecraft,6,O-ET2X-R-CurrentEdge-Point,7,full,0.7691991925239563,14.186267852783203,36.61212205306934
minecraft,6,O-ET2X-R-CurrentEdge-Point,7,wall-seam,0.8239474892616272,5.091525554656982,41.062324330100765
minecraft,6,O-ET2X-R-CurrentEdge-Point,7,seam-wide,0.43066179752349854,2.1526808738708496,44.80100708652163
minecraft,9,O-ET2X-R-PreviousRawEdge-Point,7,full,0.7691991925239563,14.186267852783203,36.61212205306934
minecraft,9,O-ET2X-R-PreviousRawEdge-Point,7,wall-seam,0.8239474892616272,5.091525554656982,41.062324330100765
minecraft,9,O-ET2X-R-PreviousRawEdge-Point,7,seam-wide,0.43066179752349854,2.1526808738708496,44.80100708652163
minecraft,10,ABL-ET2X-R-PreviousRawEdge-BilinearRGB,7,full,0.7691991925239563,14.186267852783203,36.61212205306934
minecraft,10,ABL-ET2X-R-PreviousRawEdge-BilinearRGB,7,wall-seam,0.8239474892616272,5.091525554656982,41.062324330100765
minecraft,10,ABL-ET2X-R-PreviousRawEdge-BilinearRGB,7,seam-wide,0.43066179752349854,2.1526808738708496,44.80100708652163
minecraft,4,O-T2X-R,8,full,0.7136159539222717,8.692045211791992,38.73958384224864
minecraft,4,O-T2X-R,8,wall-seam,0.6215277910232544,2.247178792953491,44.61442733173292
minecraft,4,O-T2X-R,8,seam-wide,0.39010825753211975,1.2424712181091309,47.187940237934555
minecraft,6,O-ET2X-R-CurrentEdge-Point,8,full,0.7691991925239563,14.186267852783203,36.61212205306934
minecraft,6,O-ET2X-R-CurrentEdge-Point,8,wall-seam,0.8239474892616272,5.091525554656982,41.062324330100765
minecraft,6,O-ET2X-R-CurrentEdge-Point,8,seam-wide,0.43066179752349854,2.1526808738708496,44.80100708652163
minecraft,9,O-ET2X-R-PreviousRawEdge-Point,8,full,0.7691991925239563,14.186267852783203,36.61212205306934
minecraft,9,O-ET2X-R-PreviousRawEdge-Point,8,wall-seam,0.8239474892616272,5.091525554656982,41.062324330100765
minecraft,9,O-ET2X-R-PreviousRawEdge-Point,8,seam-wide,0.43066179752349854,2.1526808738708496,44.80100708652163
minecraft,10,ABL-ET2X-R-PreviousRawEdge-BilinearRGB,8,full,0.7691991925239563,14.186267852783203,36.61212205306934
minecraft,10,ABL-ET2X-R-PreviousRawEdge-BilinearRGB,8,wall-seam,0.8239474892616272,5.091525554656982,41.062324330100765
minecraft,10,ABL-ET2X-R-PreviousRawEdge-BilinearRGB,8,seam-wide,0.43066179752349854,2.1526808738708496,44.80100708652163
minecraft,4,O-T2X-R,9,full,0.7136159539222717,8.692045211791992,38.73958384224864
minecraft,4,O-T2X-R,9,wall-seam,0.6215277910232544,2.247178792953491,44.61442733173292
minecraft,4,O-T2X-R,9,seam-wide,0.39010825753211975,1.2424712181091309,47.187940237934555
minecraft,6,O-ET2X-R-CurrentEdge-Point,9,full,0.7691991925239563,14.186267852783203,36.61212205306934
minecraft,6,O-ET2X-R-CurrentEdge-Point,9,wall-seam,0.8239474892616272,5.091525554656982,41.062324330100765
minecraft,6,O-ET2X-R-CurrentEdge-Point,9,seam-wide,0.43066179752349854,2.1526808738708496,44.80100708652163
minecraft,9,O-ET2X-R-PreviousRawEdge-Point,9,full,0.7691991925239563,14.186267852783203,36.61212205306934
minecraft,9,O-ET2X-R-PreviousRawEdge-Point,9,wall-seam,0.8239474892616272,5.091525554656982,41.062324330100765
minecraft,9,O-ET2X-R-PreviousRawEdge-Point,9,seam-wide,0.43066179752349854,2.1526808738708496,44.80100708652163
minecraft,10,ABL-ET2X-R-PreviousRawEdge-BilinearRGB,9,full,0.7691991925239563,14.186267852783203,36.61212205306934
minecraft,10,ABL-ET2X-R-PreviousRawEdge-BilinearRGB,9,wall-seam,0.8239474892616272,5.091525554656982,41.062324330100765
minecraft,10,ABL-ET2X-R-PreviousRawEdge-BilinearRGB,9,seam-wide,0.43066179752349854,2.1526808738708496,44.80100708652163
minecraft,4,O-T2X-R,10,full,0.7136159539222717,8.692045211791992,38.73958384224864
minecraft,4,O-T2X-R,10,wall-seam,0.6215277910232544,2.247178792953491,44.61442733173292
minecraft,4,O-T2X-R,10,seam-wide,0.39010825753211975,1.2424712181091309,47.187940237934555
minecraft,6,O-ET2X-R-CurrentEdge-Point,10,full,0.7691991925239563,14.186267852783203,36.61212205306934
minecraft,6,O-ET2X-R-CurrentEdge-Point,10,wall-seam,0.8239474892616272,5.091525554656982,41.062324330100765
minecraft,6,O-ET2X-R-CurrentEdge-Point,10,seam-wide,0.43066179752349854,2.1526808738708496,44.80100708652163
minecraft,9,O-ET2X-R-PreviousRawEdge-Point,10,full,0.7691991925239563,14.186267852783203,36.61212205306934
minecraft,9,O-ET2X-R-PreviousRawEdge-Point,10,wall-seam,0.8239474892616272,5.091525554656982,41.062324330100765
minecraft,9,O-ET2X-R-PreviousRawEdge-Point,10,seam-wide,0.43066179752349854,2.1526808738708496,44.80100708652163
minecraft,10,ABL-ET2X-R-PreviousRawEdge-BilinearRGB,10,full,0.7691991925239563,14.186267852783203,36.61212205306934
minecraft,10,ABL-ET2X-R-PreviousRawEdge-BilinearRGB,10,wall-seam,0.8239474892616272,5.091525554656982,41.062324330100765
minecraft,10,ABL-ET2X-R-PreviousRawEdge-BilinearRGB,10,seam-wide,0.43066179752349854,2.1526808738708496,44.80100708652163
minecraft,4,O-T2X-R,11,full,0.7136159539222717,8.692045211791992,38.73958384224864
minecraft,4,O-T2X-R,11,wall-seam,0.6215277910232544,2.247178792953491,44.61442733173292
minecraft,4,O-T2X-R,11,seam-wide,0.39010825753211975,1.2424712181091309,47.187940237934555
minecraft,6,O-ET2X-R-CurrentEdge-Point,11,full,0.7691991925239563,14.186267852783203,36.61212205306934
minecraft,6,O-ET2X-R-CurrentEdge-Point,11,wall-seam,0.8239474892616272,5.091525554656982,41.062324330100765
minecraft,6,O-ET2X-R-CurrentEdge-Point,11,seam-wide,0.43066179752349854,2.1526808738708496,44.80100708652163
minecraft,9,O-ET2X-R-PreviousRawEdge-Point,11,full,0.7691991925239563,14.186267852783203,36.61212205306934
minecraft,9,O-ET2X-R-PreviousRawEdge-Point,11,wall-seam,0.8239474892616272,5.091525554656982,41.062324330100765
minecraft,9,O-ET2X-R-PreviousRawEdge-Point,11,seam-wide,0.43066179752349854,2.1526808738708496,44.80100708652163
minecraft,10,ABL-ET2X-R-PreviousRawEdge-BilinearRGB,11,full,0.7691991925239563,14.186267852783203,36.61212205306934
minecraft,10,ABL-ET2X-R-PreviousRawEdge-BilinearRGB,11,wall-seam,0.8239474892616272,5.091525554656982,41.062324330100765
minecraft,10,ABL-ET2X-R-PreviousRawEdge-BilinearRGB,11,seam-wide,0.43066179752349854,2.1526808738708496,44.80100708652163
minecraft,4,O-T2X-R,12,full,0.7136159539222717,8.692045211791992,38.73958384224864
minecraft,4,O-T2X-R,12,wall-seam,0.6215277910232544,2.247178792953491,44.61442733173292
minecraft,4,O-T2X-R,12,seam-wide,0.39010825753211975,1.2424712181091309,47.187940237934555
minecraft,6,O-ET2X-R-CurrentEdge-Point,12,full,0.7691991925239563,14.186267852783203,36.61212205306934
minecraft,6,O-ET2X-R-CurrentEdge-Point,12,wall-seam,0.8239474892616272,5.091525554656982,41.062324330100765
minecraft,6,O-ET2X-R-CurrentEdge-Point,12,seam-wide,0.43066179752349854,2.1526808738708496,44.80100708652163
minecraft,9,O-ET2X-R-PreviousRawEdge-Point,12,full,0.7691991925239563,14.186267852783203,36.61212205306934
minecraft,9,O-ET2X-R-PreviousRawEdge-Point,12,wall-seam,0.8239474892616272,5.091525554656982,41.062324330100765
minecraft,9,O-ET2X-R-PreviousRawEdge-Point,12,seam-wide,0.43066179752349854,2.1526808738708496,44.80100708652163
minecraft,10,ABL-ET2X-R-PreviousRawEdge-BilinearRGB,12,full,0.7691991925239563,14.186267852783203,36.61212205306934
minecraft,10,ABL-ET2X-R-PreviousRawEdge-BilinearRGB,12,wall-seam,0.8239474892616272,5.091525554656982,41.062324330100765
minecraft,10,ABL-ET2X-R-PreviousRawEdge-BilinearRGB,12,seam-wide,0.43066179752349854,2.1526808738708496,44.80100708652163
minecraft,4,O-T2X-R,13,full,0.7136159539222717,8.692045211791992,38.73958384224864
minecraft,4,O-T2X-R,13,wall-seam,0.6215277910232544,2.247178792953491,44.61442733173292
minecraft,4,O-T2X-R,13,seam-wide,0.39010825753211975,1.2424712181091309,47.187940237934555
minecraft,6,O-ET2X-R-CurrentEdge-Point,13,full,0.7691991925239563,14.186267852783203,36.61212205306934
minecraft,6,O-ET2X-R-CurrentEdge-Point,13,wall-seam,0.8239474892616272,5.091525554656982,41.062324330100765
minecraft,6,O-ET2X-R-CurrentEdge-Point,13,seam-wide,0.43066179752349854,2.1526808738708496,44.80100708652163
minecraft,9,O-ET2X-R-PreviousRawEdge-Point,13,full,0.7691991925239563,14.186267852783203,36.61212205306934
minecraft,9,O-ET2X-R-PreviousRawEdge-Point,13,wall-seam,0.8239474892616272,5.091525554656982,41.062324330100765
minecraft,9,O-ET2X-R-PreviousRawEdge-Point,13,seam-wide,0.43066179752349854,2.1526808738708496,44.80100708652163
minecraft,10,ABL-ET2X-R-PreviousRawEdge-BilinearRGB,13,full,0.7691991925239563,14.186267852783203,36.61212205306934
minecraft,10,ABL-ET2X-R-PreviousRawEdge-BilinearRGB,13,wall-seam,0.8239474892616272,5.091525554656982,41.062324330100765
minecraft,10,ABL-ET2X-R-PreviousRawEdge-BilinearRGB,13,seam-wide,0.43066179752349854,2.1526808738708496,44.80100708652163
minecraft,4,O-T2X-R,14,full,0.7136159539222717,8.692045211791992,38.73958384224864
minecraft,4,O-T2X-R,14,wall-seam,0.6215277910232544,2.247178792953491,44.61442733173292
minecraft,4,O-T2X-R,14,seam-wide,0.39010825753211975,1.2424712181091309,47.187940237934555
minecraft,6,O-ET2X-R-CurrentEdge-Point,14,full,0.7691991925239563,14.186267852783203,36.61212205306934
minecraft,6,O-ET2X-R-CurrentEdge-Point,14,wall-seam,0.8239474892616272,5.091525554656982,41.062324330100765
minecraft,6,O-ET2X-R-CurrentEdge-Point,14,seam-wide,0.43066179752349854,2.1526808738708496,44.80100708652163
minecraft,9,O-ET2X-R-PreviousRawEdge-Point,14,full,0.7691991925239563,14.186267852783203,36.61212205306934
minecraft,9,O-ET2X-R-PreviousRawEdge-Point,14,wall-seam,0.8239474892616272,5.091525554656982,41.062324330100765
minecraft,9,O-ET2X-R-PreviousRawEdge-Point,14,seam-wide,0.43066179752349854,2.1526808738708496,44.80100708652163
minecraft,10,ABL-ET2X-R-PreviousRawEdge-BilinearRGB,14,full,0.7691991925239563,14.186267852783203,36.61212205306934
minecraft,10,ABL-ET2X-R-PreviousRawEdge-BilinearRGB,14,wall-seam,0.8239474892616272,5.091525554656982,41.062324330100765
minecraft,10,ABL-ET2X-R-PreviousRawEdge-BilinearRGB,14,seam-wide,0.43066179752349854,2.1526808738708496,44.80100708652163
minecraft,4,O-T2X-R,15,full,0.7136159539222717,8.692045211791992,38.73958384224864
minecraft,4,O-T2X-R,15,wall-seam,0.6215277910232544,2.247178792953491,44.61442733173292
minecraft,4,O-T2X-R,15,seam-wide,0.39010825753211975,1.2424712181091309,47.187940237934555
minecraft,6,O-ET2X-R-CurrentEdge-Point,15,full,0.7691991925239563,14.186267852783203,36.61212205306934
minecraft,6,O-ET2X-R-CurrentEdge-Point,15,wall-seam,0.8239474892616272,5.091525554656982,41.062324330100765
minecraft,6,O-ET2X-R-CurrentEdge-Point,15,seam-wide,0.43066179752349854,2.1526808738708496,44.80100708652163
minecraft,9,O-ET2X-R-PreviousRawEdge-Point,15,full,0.7691991925239563,14.186267852783203,36.61212205306934
minecraft,9,O-ET2X-R-PreviousRawEdge-Point,15,wall-seam,0.8239474892616272,5.091525554656982,41.062324330100765
minecraft,9,O-ET2X-R-PreviousRawEdge-Point,15,seam-wide,0.43066179752349854,2.1526808738708496,44.80100708652163
minecraft,10,ABL-ET2X-R-PreviousRawEdge-BilinearRGB,15,full,0.7691991925239563,14.186267852783203,36.61212205306934
minecraft,10,ABL-ET2X-R-PreviousRawEdge-BilinearRGB,15,wall-seam,0.8239474892616272,5.091525554656982,41.062324330100765
minecraft,10,ABL-ET2X-R-PreviousRawEdge-BilinearRGB,15,seam-wide,0.43066179752349854,2.1526808738708496,44.80100708652163
minecraft,4,O-T2X-R,16,full,0.7136159539222717,8.692045211791992,38.73958384224864
minecraft,4,O-T2X-R,16,wall-seam,0.6215277910232544,2.247178792953491,44.61442733173292
minecraft,4,O-T2X-R,16,seam-wide,0.39010825753211975,1.2424712181091309,47.187940237934555
minecraft,6,O-ET2X-R-CurrentEdge-Point,16,full,0.7691991925239563,14.186267852783203,36.61212205306934
minecraft,6,O-ET2X-R-CurrentEdge-Point,16,wall-seam,0.8239474892616272,5.091525554656982,41.062324330100765
minecraft,6,O-ET2X-R-CurrentEdge-Point,16,seam-wide,0.43066179752349854,2.1526808738708496,44.80100708652163
minecraft,9,O-ET2X-R-PreviousRawEdge-Point,16,full,0.7691991925239563,14.186267852783203,36.61212205306934
minecraft,9,O-ET2X-R-PreviousRawEdge-Point,16,wall-seam,0.8239474892616272,5.091525554656982,41.062324330100765
minecraft,9,O-ET2X-R-PreviousRawEdge-Point,16,seam-wide,0.43066179752349854,2.1526808738708496,44.80100708652163
minecraft,10,ABL-ET2X-R-PreviousRawEdge-BilinearRGB,16,full,0.7691991925239563,14.186267852783203,36.61212205306934
minecraft,10,ABL-ET2X-R-PreviousRawEdge-BilinearRGB,16,wall-seam,0.8239474892616272,5.091525554656982,41.062324330100765
minecraft,10,ABL-ET2X-R-PreviousRawEdge-BilinearRGB,16,seam-wide,0.43066179752349854,2.1526808738708496,44.80100708652163
minecraft,4,O-T2X-R,17,full,0.7136159539222717,8.692045211791992,38.73958384224864
minecraft,4,O-T2X-R,17,wall-seam,0.6215277910232544,2.247178792953491,44.61442733173292
minecraft,4,O-T2X-R,17,seam-wide,0.39010825753211975,1.2424712181091309,47.187940237934555
minecraft,6,O-ET2X-R-CurrentEdge-Point,17,full,0.7691991925239563,14.186267852783203,36.61212205306934
minecraft,6,O-ET2X-R-CurrentEdge-Point,17,wall-seam,0.8239474892616272,5.091525554656982,41.062324330100765
minecraft,6,O-ET2X-R-CurrentEdge-Point,17,seam-wide,0.43066179752349854,2.1526808738708496,44.80100708652163
minecraft,9,O-ET2X-R-PreviousRawEdge-Point,17,full,0.7691991925239563,14.186267852783203,36.61212205306934
minecraft,9,O-ET2X-R-PreviousRawEdge-Point,17,wall-seam,0.8239474892616272,5.091525554656982,41.062324330100765
minecraft,9,O-ET2X-R-PreviousRawEdge-Point,17,seam-wide,0.43066179752349854,2.1526808738708496,44.80100708652163
minecraft,10,ABL-ET2X-R-PreviousRawEdge-BilinearRGB,17,full,0.7691991925239563,14.186267852783203,36.61212205306934
minecraft,10,ABL-ET2X-R-PreviousRawEdge-BilinearRGB,17,wall-seam,0.8239474892616272,5.091525554656982,41.062324330100765
minecraft,10,ABL-ET2X-R-PreviousRawEdge-BilinearRGB,17,seam-wide,0.43066179752349854,2.1526808738708496,44.80100708652163
minecraft,4,O-T2X-R,18,full,0.7136159539222717,8.692045211791992,38.73958384224864
minecraft,4,O-T2X-R,18,wall-seam,0.6215277910232544,2.247178792953491,44.61442733173292
minecraft,4,O-T2X-R,18,seam-wide,0.39010825753211975,1.2424712181091309,47.187940237934555
minecraft,6,O-ET2X-R-CurrentEdge-Point,18,full,0.7691991925239563,14.186267852783203,36.61212205306934
minecraft,6,O-ET2X-R-CurrentEdge-Point,18,wall-seam,0.8239474892616272,5.091525554656982,41.062324330100765
minecraft,6,O-ET2X-R-CurrentEdge-Point,18,seam-wide,0.43066179752349854,2.1526808738708496,44.80100708652163
minecraft,9,O-ET2X-R-PreviousRawEdge-Point,18,full,0.7691991925239563,14.186267852783203,36.61212205306934
minecraft,9,O-ET2X-R-PreviousRawEdge-Point,18,wall-seam,0.8239474892616272,5.091525554656982,41.062324330100765
minecraft,9,O-ET2X-R-PreviousRawEdge-Point,18,seam-wide,0.43066179752349854,2.1526808738708496,44.80100708652163
minecraft,10,ABL-ET2X-R-PreviousRawEdge-BilinearRGB,18,full,0.7691991925239563,14.186267852783203,36.61212205306934
minecraft,10,ABL-ET2X-R-PreviousRawEdge-BilinearRGB,18,wall-seam,0.8239474892616272,5.091525554656982,41.062324330100765
minecraft,10,ABL-ET2X-R-PreviousRawEdge-BilinearRGB,18,seam-wide,0.43066179752349854,2.1526808738708496,44.80100708652163
minecraft,4,O-T2X-R,19,full,0.7136159539222717,8.692045211791992,38.73958384224864
minecraft,4,O-T2X-R,19,wall-seam,0.6215277910232544,2.247178792953491,44.61442733173292
minecraft,4,O-T2X-R,19,seam-wide,0.39010825753211975,1.2424712181091309,47.187940237934555
minecraft,6,O-ET2X-R-CurrentEdge-Point,19,full,0.7691991925239563,14.186267852783203,36.61212205306934
minecraft,6,O-ET2X-R-CurrentEdge-Point,19,wall-seam,0.8239474892616272,5.091525554656982,41.062324330100765
minecraft,6,O-ET2X-R-CurrentEdge-Point,19,seam-wide,0.43066179752349854,2.1526808738708496,44.80100708652163
minecraft,9,O-ET2X-R-PreviousRawEdge-Point,19,full,0.7691991925239563,14.186267852783203,36.61212205306934
minecraft,9,O-ET2X-R-PreviousRawEdge-Point,19,wall-seam,0.8239474892616272,5.091525554656982,41.062324330100765
minecraft,9,O-ET2X-R-PreviousRawEdge-Point,19,seam-wide,0.43066179752349854,2.1526808738708496,44.80100708652163
minecraft,10,ABL-ET2X-R-PreviousRawEdge-BilinearRGB,19,full,0.7691991925239563,14.186267852783203,36.61212205306934
minecraft,10,ABL-ET2X-R-PreviousRawEdge-BilinearRGB,19,wall-seam,0.8239474892616272,5.091525554656982,41.062324330100765
minecraft,10,ABL-ET2X-R-PreviousRawEdge-BilinearRGB,19,seam-wide,0.43066179752349854,2.1526808738708496,44.80100708652163
minecraft,4,O-T2X-R,20,full,0.7136159539222717,8.692045211791992,38.73958384224864
minecraft,4,O-T2X-R,20,wall-seam,0.6215277910232544,2.247178792953491,44.61442733173292
minecraft,4,O-T2X-R,20,seam-wide,0.39010825753211975,1.2424712181091309,47.187940237934555
minecraft,6,O-ET2X-R-CurrentEdge-Point,20,full,0.7691991925239563,14.186267852783203,36.61212205306934
minecraft,6,O-ET2X-R-CurrentEdge-Point,20,wall-seam,0.8239474892616272,5.091525554656982,41.062324330100765
minecraft,6,O-ET2X-R-CurrentEdge-Point,20,seam-wide,0.43066179752349854,2.1526808738708496,44.80100708652163
minecraft,9,O-ET2X-R-PreviousRawEdge-Point,20,full,0.7691991925239563,14.186267852783203,36.61212205306934
minecraft,9,O-ET2X-R-PreviousRawEdge-Point,20,wall-seam,0.8239474892616272,5.091525554656982,41.062324330100765
minecraft,9,O-ET2X-R-PreviousRawEdge-Point,20,seam-wide,0.43066179752349854,2.1526808738708496,44.80100708652163
minecraft,10,ABL-ET2X-R-PreviousRawEdge-BilinearRGB,20,full,0.7691991925239563,14.186267852783203,36.61212205306934
minecraft,10,ABL-ET2X-R-PreviousRawEdge-BilinearRGB,20,wall-seam,0.8239474892616272,5.091525554656982,41.062324330100765
minecraft,10,ABL-ET2X-R-PreviousRawEdge-BilinearRGB,20,seam-wide,0.43066179752349854,2.1526808738708496,44.80100708652163
minecraft,4,O-T2X-R,21,full,0.7136159539222717,8.692045211791992,38.73958384224864
minecraft,4,O-T2X-R,21,wall-seam,0.6215277910232544,2.247178792953491,44.61442733173292
minecraft,4,O-T2X-R,21,seam-wide,0.39010825753211975,1.2424712181091309,47.187940237934555
minecraft,6,O-ET2X-R-CurrentEdge-Point,21,full,0.7691991925239563,14.186267852783203,36.61212205306934
minecraft,6,O-ET2X-R-CurrentEdge-Point,21,wall-seam,0.8239474892616272,5.091525554656982,41.062324330100765
minecraft,6,O-ET2X-R-CurrentEdge-Point,21,seam-wide,0.43066179752349854,2.1526808738708496,44.80100708652163
minecraft,9,O-ET2X-R-PreviousRawEdge-Point,21,full,0.7691991925239563,14.186267852783203,36.61212205306934
minecraft,9,O-ET2X-R-PreviousRawEdge-Point,21,wall-seam,0.8239474892616272,5.091525554656982,41.062324330100765
minecraft,9,O-ET2X-R-PreviousRawEdge-Point,21,seam-wide,0.43066179752349854,2.1526808738708496,44.80100708652163
minecraft,10,ABL-ET2X-R-PreviousRawEdge-BilinearRGB,21,full,0.7691991925239563,14.186267852783203,36.61212205306934
minecraft,10,ABL-ET2X-R-PreviousRawEdge-BilinearRGB,21,wall-seam,0.8239474892616272,5.091525554656982,41.062324330100765
minecraft,10,ABL-ET2X-R-PreviousRawEdge-BilinearRGB,21,seam-wide,0.43066179752349854,2.1526808738708496,44.80100708652163
minecraft,4,O-T2X-R,22,full,0.7136159539222717,8.692045211791992,38.73958384224864
minecraft,4,O-T2X-R,22,wall-seam,0.6215277910232544,2.247178792953491,44.61442733173292
minecraft,4,O-T2X-R,22,seam-wide,0.39010825753211975,1.2424712181091309,47.187940237934555
minecraft,6,O-ET2X-R-CurrentEdge-Point,22,full,0.7691991925239563,14.186267852783203,36.61212205306934
minecraft,6,O-ET2X-R-CurrentEdge-Point,22,wall-seam,0.8239474892616272,5.091525554656982,41.062324330100765
minecraft,6,O-ET2X-R-CurrentEdge-Point,22,seam-wide,0.43066179752349854,2.1526808738708496,44.80100708652163
minecraft,9,O-ET2X-R-PreviousRawEdge-Point,22,full,0.7691991925239563,14.186267852783203,36.61212205306934
minecraft,9,O-ET2X-R-PreviousRawEdge-Point,22,wall-seam,0.8239474892616272,5.091525554656982,41.062324330100765
minecraft,9,O-ET2X-R-PreviousRawEdge-Point,22,seam-wide,0.43066179752349854,2.1526808738708496,44.80100708652163
minecraft,10,ABL-ET2X-R-PreviousRawEdge-BilinearRGB,22,full,0.7691991925239563,14.186267852783203,36.61212205306934
minecraft,10,ABL-ET2X-R-PreviousRawEdge-BilinearRGB,22,wall-seam,0.8239474892616272,5.091525554656982,41.062324330100765
minecraft,10,ABL-ET2X-R-PreviousRawEdge-BilinearRGB,22,seam-wide,0.43066179752349854,2.1526808738708496,44.80100708652163
minecraft,4,O-T2X-R,23,full,0.7136159539222717,8.692045211791992,38.73958384224864
minecraft,4,O-T2X-R,23,wall-seam,0.6215277910232544,2.247178792953491,44.61442733173292
minecraft,4,O-T2X-R,23,seam-wide,0.39010825753211975,1.2424712181091309,47.187940237934555
minecraft,6,O-ET2X-R-CurrentEdge-Point,23,full,0.7691991925239563,14.186267852783203,36.61212205306934
minecraft,6,O-ET2X-R-CurrentEdge-Point,23,wall-seam,0.8239474892616272,5.091525554656982,41.062324330100765
minecraft,6,O-ET2X-R-CurrentEdge-Point,23,seam-wide,0.43066179752349854,2.1526808738708496,44.80100708652163
minecraft,9,O-ET2X-R-PreviousRawEdge-Point,23,full,0.7691991925239563,14.186267852783203,36.61212205306934
minecraft,9,O-ET2X-R-PreviousRawEdge-Point,23,wall-seam,0.8239474892616272,5.091525554656982,41.062324330100765
minecraft,9,O-ET2X-R-PreviousRawEdge-Point,23,seam-wide,0.43066179752349854,2.1526808738708496,44.80100708652163
minecraft,10,ABL-ET2X-R-PreviousRawEdge-BilinearRGB,23,full,0.7691991925239563,14.186267852783203,36.61212205306934
minecraft,10,ABL-ET2X-R-PreviousRawEdge-BilinearRGB,23,wall-seam,0.8239474892616272,5.091525554656982,41.062324330100765
minecraft,10,ABL-ET2X-R-PreviousRawEdge-BilinearRGB,23,seam-wide,0.43066179752349854,2.1526808738708496,44.80100708652163
minecraft,4,O-T2X-R,24,full,0.7136159539222717,8.692045211791992,38.73958384224864
minecraft,4,O-T2X-R,24,wall-seam,0.6215277910232544,2.247178792953491,44.61442733173292
minecraft,4,O-T2X-R,24,seam-wide,0.39010825753211975,1.2424712181091309,47.187940237934555
minecraft,6,O-ET2X-R-CurrentEdge-Point,24,full,0.7691991925239563,14.186267852783203,36.61212205306934
minecraft,6,O-ET2X-R-CurrentEdge-Point,24,wall-seam,0.8239474892616272,5.091525554656982,41.062324330100765
minecraft,6,O-ET2X-R-CurrentEdge-Point,24,seam-wide,0.43066179752349854,2.1526808738708496,44.80100708652163
minecraft,9,O-ET2X-R-PreviousRawEdge-Point,24,full,0.7691991925239563,14.186267852783203,36.61212205306934
minecraft,9,O-ET2X-R-PreviousRawEdge-Point,24,wall-seam,0.8239474892616272,5.091525554656982,41.062324330100765
minecraft,9,O-ET2X-R-PreviousRawEdge-Point,24,seam-wide,0.43066179752349854,2.1526808738708496,44.80100708652163
minecraft,10,ABL-ET2X-R-PreviousRawEdge-BilinearRGB,24,full,0.7691991925239563,14.186267852783203,36.61212205306934
minecraft,10,ABL-ET2X-R-PreviousRawEdge-BilinearRGB,24,wall-seam,0.8239474892616272,5.091525554656982,41.062324330100765
minecraft,10,ABL-ET2X-R-PreviousRawEdge-BilinearRGB,24,seam-wide,0.43066179752349854,2.1526808738708496,44.80100708652163
minecraft,4,O-T2X-R,25,full,0.7136159539222717,8.692045211791992,38.73958384224864
minecraft,4,O-T2X-R,25,wall-seam,0.6215277910232544,2.247178792953491,44.61442733173292
minecraft,4,O-T2X-R,25,seam-wide,0.39010825753211975,1.2424712181091309,47.187940237934555
minecraft,6,O-ET2X-R-CurrentEdge-Point,25,full,0.7691991925239563,14.186267852783203,36.61212205306934
minecraft,6,O-ET2X-R-CurrentEdge-Point,25,wall-seam,0.8239474892616272,5.091525554656982,41.062324330100765
minecraft,6,O-ET2X-R-CurrentEdge-Point,25,seam-wide,0.43066179752349854,2.1526808738708496,44.80100708652163
minecraft,9,O-ET2X-R-PreviousRawEdge-Point,25,full,0.7691991925239563,14.186267852783203,36.61212205306934
minecraft,9,O-ET2X-R-PreviousRawEdge-Point,25,wall-seam,0.8239474892616272,5.091525554656982,41.062324330100765
minecraft,9,O-ET2X-R-PreviousRawEdge-Point,25,seam-wide,0.43066179752349854,2.1526808738708496,44.80100708652163
minecraft,10,ABL-ET2X-R-PreviousRawEdge-BilinearRGB,25,full,0.7691991925239563,14.186267852783203,36.61212205306934
minecraft,10,ABL-ET2X-R-PreviousRawEdge-BilinearRGB,25,wall-seam,0.8239474892616272,5.091525554656982,41.062324330100765
minecraft,10,ABL-ET2X-R-PreviousRawEdge-BilinearRGB,25,seam-wide,0.43066179752349854,2.1526808738708496,44.80100708652163
minecraft,4,O-T2X-R,26,full,0.7136159539222717,8.692045211791992,38.73958384224864
minecraft,4,O-T2X-R,26,wall-seam,0.6215277910232544,2.247178792953491,44.61442733173292
minecraft,4,O-T2X-R,26,seam-wide,0.39010825753211975,1.2424712181091309,47.187940237934555
minecraft,6,O-ET2X-R-CurrentEdge-Point,26,full,0.7691991925239563,14.186267852783203,36.61212205306934
minecraft,6,O-ET2X-R-CurrentEdge-Point,26,wall-seam,0.8239474892616272,5.091525554656982,41.062324330100765
minecraft,6,O-ET2X-R-CurrentEdge-Point,26,seam-wide,0.43066179752349854,2.1526808738708496,44.80100708652163
minecraft,9,O-ET2X-R-PreviousRawEdge-Point,26,full,0.7691991925239563,14.186267852783203,36.61212205306934
minecraft,9,O-ET2X-R-PreviousRawEdge-Point,26,wall-seam,0.8239474892616272,5.091525554656982,41.062324330100765
minecraft,9,O-ET2X-R-PreviousRawEdge-Point,26,seam-wide,0.43066179752349854,2.1526808738708496,44.80100708652163
minecraft,10,ABL-ET2X-R-PreviousRawEdge-BilinearRGB,26,full,0.7691991925239563,14.186267852783203,36.61212205306934
minecraft,10,ABL-ET2X-R-PreviousRawEdge-BilinearRGB,26,wall-seam,0.8239474892616272,5.091525554656982,41.062324330100765
minecraft,10,ABL-ET2X-R-PreviousRawEdge-BilinearRGB,26,seam-wide,0.43066179752349854,2.1526808738708496,44.80100708652163
minecraft,4,O-T2X-R,27,full,0.7136159539222717,8.692045211791992,38.73958384224864
minecraft,4,O-T2X-R,27,wall-seam,0.6215277910232544,2.247178792953491,44.61442733173292
minecraft,4,O-T2X-R,27,seam-wide,0.39010825753211975,1.2424712181091309,47.187940237934555
minecraft,6,O-ET2X-R-CurrentEdge-Point,27,full,0.7691991925239563,14.186267852783203,36.61212205306934
minecraft,6,O-ET2X-R-CurrentEdge-Point,27,wall-seam,0.8239474892616272,5.091525554656982,41.062324330100765
minecraft,6,O-ET2X-R-CurrentEdge-Point,27,seam-wide,0.43066179752349854,2.1526808738708496,44.80100708652163
minecraft,9,O-ET2X-R-PreviousRawEdge-Point,27,full,0.7691991925239563,14.186267852783203,36.61212205306934
minecraft,9,O-ET2X-R-PreviousRawEdge-Point,27,wall-seam,0.8239474892616272,5.091525554656982,41.062324330100765
minecraft,9,O-ET2X-R-PreviousRawEdge-Point,27,seam-wide,0.43066179752349854,2.1526808738708496,44.80100708652163
minecraft,10,ABL-ET2X-R-PreviousRawEdge-BilinearRGB,27,full,0.7691991925239563,14.186267852783203,36.61212205306934
minecraft,10,ABL-ET2X-R-PreviousRawEdge-BilinearRGB,27,wall-seam,0.8239474892616272,5.091525554656982,41.062324330100765
minecraft,10,ABL-ET2X-R-PreviousRawEdge-BilinearRGB,27,seam-wide,0.43066179752349854,2.1526808738708496,44.80100708652163
minecraft,4,O-T2X-R,28,full,0.7136159539222717,8.692045211791992,38.73958384224864
minecraft,4,O-T2X-R,28,wall-seam,0.6215277910232544,2.247178792953491,44.61442733173292
minecraft,4,O-T2X-R,28,seam-wide,0.39010825753211975,1.2424712181091309,47.187940237934555
minecraft,6,O-ET2X-R-CurrentEdge-Point,28,full,0.7691991925239563,14.186267852783203,36.61212205306934
minecraft,6,O-ET2X-R-CurrentEdge-Point,28,wall-seam,0.8239474892616272,5.091525554656982,41.062324330100765
minecraft,6,O-ET2X-R-CurrentEdge-Point,28,seam-wide,0.43066179752349854,2.1526808738708496,44.80100708652163
minecraft,9,O-ET2X-R-PreviousRawEdge-Point,28,full,0.7691991925239563,14.186267852783203,36.61212205306934
minecraft,9,O-ET2X-R-PreviousRawEdge-Point,28,wall-seam,0.8239474892616272,5.091525554656982,41.062324330100765
minecraft,9,O-ET2X-R-PreviousRawEdge-Point,28,seam-wide,0.43066179752349854,2.1526808738708496,44.80100708652163
minecraft,10,ABL-ET2X-R-PreviousRawEdge-BilinearRGB,28,full,0.7691991925239563,14.186267852783203,36.61212205306934
minecraft,10,ABL-ET2X-R-PreviousRawEdge-BilinearRGB,28,wall-seam,0.8239474892616272,5.091525554656982,41.062324330100765
minecraft,10,ABL-ET2X-R-PreviousRawEdge-BilinearRGB,28,seam-wide,0.43066179752349854,2.1526808738708496,44.80100708652163
minecraft,4,O-T2X-R,29,full,0.7136159539222717,8.692045211791992,38.73958384224864
minecraft,4,O-T2X-R,29,wall-seam,0.6215277910232544,2.247178792953491,44.61442733173292
minecraft,4,O-T2X-R,29,seam-wide,0.39010825753211975,1.2424712181091309,47.187940237934555
minecraft,6,O-ET2X-R-CurrentEdge-Point,29,full,0.7691991925239563,14.186267852783203,36.61212205306934
minecraft,6,O-ET2X-R-CurrentEdge-Point,29,wall-seam,0.8239474892616272,5.091525554656982,41.062324330100765
minecraft,6,O-ET2X-R-CurrentEdge-Point,29,seam-wide,0.43066179752349854,2.1526808738708496,44.80100708652163
minecraft,9,O-ET2X-R-PreviousRawEdge-Point,29,full,0.7691991925239563,14.186267852783203,36.61212205306934
minecraft,9,O-ET2X-R-PreviousRawEdge-Point,29,wall-seam,0.8239474892616272,5.091525554656982,41.062324330100765
minecraft,9,O-ET2X-R-PreviousRawEdge-Point,29,seam-wide,0.43066179752349854,2.1526808738708496,44.80100708652163
minecraft,10,ABL-ET2X-R-PreviousRawEdge-BilinearRGB,29,full,0.7691991925239563,14.186267852783203,36.61212205306934
minecraft,10,ABL-ET2X-R-PreviousRawEdge-BilinearRGB,29,wall-seam,0.8239474892616272,5.091525554656982,41.062324330100765
minecraft,10,ABL-ET2X-R-PreviousRawEdge-BilinearRGB,29,seam-wide,0.43066179752349854,2.1526808738708496,44.80100708652163
minecraft,4,O-T2X-R,30,full,0.7136159539222717,8.692045211791992,38.73958384224864
minecraft,4,O-T2X-R,30,wall-seam,0.6215277910232544,2.247178792953491,44.61442733173292
minecraft,4,O-T2X-R,30,seam-wide,0.39010825753211975,1.2424712181091309,47.187940237934555
minecraft,6,O-ET2X-R-CurrentEdge-Point,30,full,0.7691991925239563,14.186267852783203,36.61212205306934
minecraft,6,O-ET2X-R-CurrentEdge-Point,30,wall-seam,0.8239474892616272,5.091525554656982,41.062324330100765
minecraft,6,O-ET2X-R-CurrentEdge-Point,30,seam-wide,0.43066179752349854,2.1526808738708496,44.80100708652163
minecraft,9,O-ET2X-R-PreviousRawEdge-Point,30,full,0.7691991925239563,14.186267852783203,36.61212205306934
minecraft,9,O-ET2X-R-PreviousRawEdge-Point,30,wall-seam,0.8239474892616272,5.091525554656982,41.062324330100765
minecraft,9,O-ET2X-R-PreviousRawEdge-Point,30,seam-wide,0.43066179752349854,2.1526808738708496,44.80100708652163
minecraft,10,ABL-ET2X-R-PreviousRawEdge-BilinearRGB,30,full,0.7691991925239563,14.186267852783203,36.61212205306934
minecraft,10,ABL-ET2X-R-PreviousRawEdge-BilinearRGB,30,wall-seam,0.8239474892616272,5.091525554656982,41.062324330100765
minecraft,10,ABL-ET2X-R-PreviousRawEdge-BilinearRGB,30,seam-wide,0.43066179752349854,2.1526808738708496,44.80100708652163
minecraft,4,O-T2X-R,31,full,0.7136159539222717,8.692045211791992,38.73958384224864
minecraft,4,O-T2X-R,31,wall-seam,0.6215277910232544,2.247178792953491,44.61442733173292
minecraft,4,O-T2X-R,31,seam-wide,0.39010825753211975,1.2424712181091309,47.187940237934555
minecraft,6,O-ET2X-R-CurrentEdge-Point,31,full,0.7691991925239563,14.186267852783203,36.61212205306934
minecraft,6,O-ET2X-R-CurrentEdge-Point,31,wall-seam,0.8239474892616272,5.091525554656982,41.062324330100765
minecraft,6,O-ET2X-R-CurrentEdge-Point,31,seam-wide,0.43066179752349854,2.1526808738708496,44.80100708652163
minecraft,9,O-ET2X-R-PreviousRawEdge-Point,31,full,0.7691991925239563,14.186267852783203,36.61212205306934
minecraft,9,O-ET2X-R-PreviousRawEdge-Point,31,wall-seam,0.8239474892616272,5.091525554656982,41.062324330100765
minecraft,9,O-ET2X-R-PreviousRawEdge-Point,31,seam-wide,0.43066179752349854,2.1526808738708496,44.80100708652163
minecraft,10,ABL-ET2X-R-PreviousRawEdge-BilinearRGB,31,full,0.7691991925239563,14.186267852783203,36.61212205306934
minecraft,10,ABL-ET2X-R-PreviousRawEdge-BilinearRGB,31,wall-seam,0.8239474892616272,5.091525554656982,41.062324330100765
minecraft,10,ABL-ET2X-R-PreviousRawEdge-BilinearRGB,31,seam-wide,0.43066179752349854,2.1526808738708496,44.80100708652163
minecraft,4,O-T2X-R,32,full,0.7136159539222717,8.692045211791992,38.73958384224864
minecraft,4,O-T2X-R,32,wall-seam,0.6215277910232544,2.247178792953491,44.61442733173292
minecraft,4,O-T2X-R,32,seam-wide,0.39010825753211975,1.2424712181091309,47.187940237934555
minecraft,6,O-ET2X-R-CurrentEdge-Point,32,full,0.7691991925239563,14.186267852783203,36.61212205306934
minecraft,6,O-ET2X-R-CurrentEdge-Point,32,wall-seam,0.8239474892616272,5.091525554656982,41.062324330100765
minecraft,6,O-ET2X-R-CurrentEdge-Point,32,seam-wide,0.43066179752349854,2.1526808738708496,44.80100708652163
minecraft,9,O-ET2X-R-PreviousRawEdge-Point,32,full,0.7691991925239563,14.186267852783203,36.61212205306934
minecraft,9,O-ET2X-R-PreviousRawEdge-Point,32,wall-seam,0.8239474892616272,5.091525554656982,41.062324330100765
minecraft,9,O-ET2X-R-PreviousRawEdge-Point,32,seam-wide,0.43066179752349854,2.1526808738708496,44.80100708652163
minecraft,10,ABL-ET2X-R-PreviousRawEdge-BilinearRGB,32,full,0.7691991925239563,14.186267852783203,36.61212205306934
minecraft,10,ABL-ET2X-R-PreviousRawEdge-BilinearRGB,32,wall-seam,0.8239474892616272,5.091525554656982,41.062324330100765
minecraft,10,ABL-ET2X-R-PreviousRawEdge-BilinearRGB,32,seam-wide,0.43066179752349854,2.1526808738708496,44.80100708652163
minecraft,4,O-T2X-R,33,full,0.7136159539222717,8.692045211791992,38.73958384224864
minecraft,4,O-T2X-R,33,wall-seam,0.6215277910232544,2.247178792953491,44.61442733173292
minecraft,4,O-T2X-R,33,seam-wide,0.39010825753211975,1.2424712181091309,47.187940237934555
minecraft,6,O-ET2X-R-CurrentEdge-Point,33,full,0.7691991925239563,14.186267852783203,36.61212205306934
minecraft,6,O-ET2X-R-CurrentEdge-Point,33,wall-seam,0.8239474892616272,5.091525554656982,41.062324330100765
minecraft,6,O-ET2X-R-CurrentEdge-Point,33,seam-wide,0.43066179752349854,2.1526808738708496,44.80100708652163
minecraft,9,O-ET2X-R-PreviousRawEdge-Point,33,full,0.7691991925239563,14.186267852783203,36.61212205306934
minecraft,9,O-ET2X-R-PreviousRawEdge-Point,33,wall-seam,0.8239474892616272,5.091525554656982,41.062324330100765
minecraft,9,O-ET2X-R-PreviousRawEdge-Point,33,seam-wide,0.43066179752349854,2.1526808738708496,44.80100708652163
minecraft,10,ABL-ET2X-R-PreviousRawEdge-BilinearRGB,33,full,0.7691991925239563,14.186267852783203,36.61212205306934
minecraft,10,ABL-ET2X-R-PreviousRawEdge-BilinearRGB,33,wall-seam,0.8239474892616272,5.091525554656982,41.062324330100765
minecraft,10,ABL-ET2X-R-PreviousRawEdge-BilinearRGB,33,seam-wide,0.43066179752349854,2.1526808738708496,44.80100708652163
minecraft,4,O-T2X-R,34,full,0.7136159539222717,8.692045211791992,38.73958384224864
minecraft,4,O-T2X-R,34,wall-seam,0.6215277910232544,2.247178792953491,44.61442733173292
minecraft,4,O-T2X-R,34,seam-wide,0.39010825753211975,1.2424712181091309,47.187940237934555
minecraft,6,O-ET2X-R-CurrentEdge-Point,34,full,0.7691991925239563,14.186267852783203,36.61212205306934
minecraft,6,O-ET2X-R-CurrentEdge-Point,34,wall-seam,0.8239474892616272,5.091525554656982,41.062324330100765
minecraft,6,O-ET2X-R-CurrentEdge-Point,34,seam-wide,0.43066179752349854,2.1526808738708496,44.80100708652163
minecraft,9,O-ET2X-R-PreviousRawEdge-Point,34,full,0.7691991925239563,14.186267852783203,36.61212205306934
minecraft,9,O-ET2X-R-PreviousRawEdge-Point,34,wall-seam,0.8239474892616272,5.091525554656982,41.062324330100765
minecraft,9,O-ET2X-R-PreviousRawEdge-Point,34,seam-wide,0.43066179752349854,2.1526808738708496,44.80100708652163
minecraft,10,ABL-ET2X-R-PreviousRawEdge-BilinearRGB,34,full,0.7691991925239563,14.186267852783203,36.61212205306934
minecraft,10,ABL-ET2X-R-PreviousRawEdge-BilinearRGB,34,wall-seam,0.8239474892616272,5.091525554656982,41.062324330100765
minecraft,10,ABL-ET2X-R-PreviousRawEdge-BilinearRGB,34,seam-wide,0.43066179752349854,2.1526808738708496,44.80100708652163
minecraft,4,O-T2X-R,35,full,0.7136159539222717,8.692045211791992,38.73958384224864
minecraft,4,O-T2X-R,35,wall-seam,0.6215277910232544,2.247178792953491,44.61442733173292
minecraft,4,O-T2X-R,35,seam-wide,0.39010825753211975,1.2424712181091309,47.187940237934555
minecraft,6,O-ET2X-R-CurrentEdge-Point,35,full,0.7691991925239563,14.186267852783203,36.61212205306934
minecraft,6,O-ET2X-R-CurrentEdge-Point,35,wall-seam,0.8239474892616272,5.091525554656982,41.062324330100765
minecraft,6,O-ET2X-R-CurrentEdge-Point,35,seam-wide,0.43066179752349854,2.1526808738708496,44.80100708652163
minecraft,9,O-ET2X-R-PreviousRawEdge-Point,35,full,0.7691991925239563,14.186267852783203,36.61212205306934
minecraft,9,O-ET2X-R-PreviousRawEdge-Point,35,wall-seam,0.8239474892616272,5.091525554656982,41.062324330100765
minecraft,9,O-ET2X-R-PreviousRawEdge-Point,35,seam-wide,0.43066179752349854,2.1526808738708496,44.80100708652163
minecraft,10,ABL-ET2X-R-PreviousRawEdge-BilinearRGB,35,full,0.7691991925239563,14.186267852783203,36.61212205306934
minecraft,10,ABL-ET2X-R-PreviousRawEdge-BilinearRGB,35,wall-seam,0.8239474892616272,5.091525554656982,41.062324330100765
minecraft,10,ABL-ET2X-R-PreviousRawEdge-BilinearRGB,35,seam-wide,0.43066179752349854,2.1526808738708496,44.80100708652163
minecraft,4,O-T2X-R,36,full,0.7136159539222717,8.692045211791992,38.73958384224864
minecraft,4,O-T2X-R,36,wall-seam,0.6215277910232544,2.247178792953491,44.61442733173292
minecraft,4,O-T2X-R,36,seam-wide,0.39010825753211975,1.2424712181091309,47.187940237934555
minecraft,6,O-ET2X-R-CurrentEdge-Point,36,full,0.7691991925239563,14.186267852783203,36.61212205306934
minecraft,6,O-ET2X-R-CurrentEdge-Point,36,wall-seam,0.8239474892616272,5.091525554656982,41.062324330100765
minecraft,6,O-ET2X-R-CurrentEdge-Point,36,seam-wide,0.43066179752349854,2.1526808738708496,44.80100708652163
minecraft,9,O-ET2X-R-PreviousRawEdge-Point,36,full,0.7691991925239563,14.186267852783203,36.61212205306934
minecraft,9,O-ET2X-R-PreviousRawEdge-Point,36,wall-seam,0.8239474892616272,5.091525554656982,41.062324330100765
minecraft,9,O-ET2X-R-PreviousRawEdge-Point,36,seam-wide,0.43066179752349854,2.1526808738708496,44.80100708652163
minecraft,10,ABL-ET2X-R-PreviousRawEdge-BilinearRGB,36,full,0.7691991925239563,14.186267852783203,36.61212205306934
minecraft,10,ABL-ET2X-R-PreviousRawEdge-BilinearRGB,36,wall-seam,0.8239474892616272,5.091525554656982,41.062324330100765
minecraft,10,ABL-ET2X-R-PreviousRawEdge-BilinearRGB,36,seam-wide,0.43066179752349854,2.1526808738708496,44.80100708652163
minecraft,4,O-T2X-R,37,full,0.7136159539222717,8.692045211791992,38.73958384224864
minecraft,4,O-T2X-R,37,wall-seam,0.6215277910232544,2.247178792953491,44.61442733173292
minecraft,4,O-T2X-R,37,seam-wide,0.39010825753211975,1.2424712181091309,47.187940237934555
minecraft,6,O-ET2X-R-CurrentEdge-Point,37,full,0.7691991925239563,14.186267852783203,36.61212205306934
minecraft,6,O-ET2X-R-CurrentEdge-Point,37,wall-seam,0.8239474892616272,5.091525554656982,41.062324330100765
minecraft,6,O-ET2X-R-CurrentEdge-Point,37,seam-wide,0.43066179752349854,2.1526808738708496,44.80100708652163
minecraft,9,O-ET2X-R-PreviousRawEdge-Point,37,full,0.7691991925239563,14.186267852783203,36.61212205306934
minecraft,9,O-ET2X-R-PreviousRawEdge-Point,37,wall-seam,0.8239474892616272,5.091525554656982,41.062324330100765
minecraft,9,O-ET2X-R-PreviousRawEdge-Point,37,seam-wide,0.43066179752349854,2.1526808738708496,44.80100708652163
minecraft,10,ABL-ET2X-R-PreviousRawEdge-BilinearRGB,37,full,0.7691991925239563,14.186267852783203,36.61212205306934
minecraft,10,ABL-ET2X-R-PreviousRawEdge-BilinearRGB,37,wall-seam,0.8239474892616272,5.091525554656982,41.062324330100765
minecraft,10,ABL-ET2X-R-PreviousRawEdge-BilinearRGB,37,seam-wide,0.43066179752349854,2.1526808738708496,44.80100708652163
minecraft,4,O-T2X-R,38,full,0.7136159539222717,8.692045211791992,38.73958384224864
minecraft,4,O-T2X-R,38,wall-seam,0.6215277910232544,2.247178792953491,44.61442733173292
minecraft,4,O-T2X-R,38,seam-wide,0.39010825753211975,1.2424712181091309,47.187940237934555
minecraft,6,O-ET2X-R-CurrentEdge-Point,38,full,0.7691991925239563,14.186267852783203,36.61212205306934
minecraft,6,O-ET2X-R-CurrentEdge-Point,38,wall-seam,0.8239474892616272,5.091525554656982,41.062324330100765
minecraft,6,O-ET2X-R-CurrentEdge-Point,38,seam-wide,0.43066179752349854,2.1526808738708496,44.80100708652163
minecraft,9,O-ET2X-R-PreviousRawEdge-Point,38,full,0.7691991925239563,14.186267852783203,36.61212205306934
minecraft,9,O-ET2X-R-PreviousRawEdge-Point,38,wall-seam,0.8239474892616272,5.091525554656982,41.062324330100765
minecraft,9,O-ET2X-R-PreviousRawEdge-Point,38,seam-wide,0.43066179752349854,2.1526808738708496,44.80100708652163
minecraft,10,ABL-ET2X-R-PreviousRawEdge-BilinearRGB,38,full,0.7691991925239563,14.186267852783203,36.61212205306934
minecraft,10,ABL-ET2X-R-PreviousRawEdge-BilinearRGB,38,wall-seam,0.8239474892616272,5.091525554656982,41.062324330100765
minecraft,10,ABL-ET2X-R-PreviousRawEdge-BilinearRGB,38,seam-wide,0.43066179752349854,2.1526808738708496,44.80100708652163
minecraft,4,O-T2X-R,39,full,0.7136159539222717,8.692045211791992,38.73958384224864
minecraft,4,O-T2X-R,39,wall-seam,0.6215277910232544,2.247178792953491,44.61442733173292
minecraft,4,O-T2X-R,39,seam-wide,0.39010825753211975,1.2424712181091309,47.187940237934555
minecraft,6,O-ET2X-R-CurrentEdge-Point,39,full,0.7691991925239563,14.186267852783203,36.61212205306934
minecraft,6,O-ET2X-R-CurrentEdge-Point,39,wall-seam,0.8239474892616272,5.091525554656982,41.062324330100765
minecraft,6,O-ET2X-R-CurrentEdge-Point,39,seam-wide,0.43066179752349854,2.1526808738708496,44.80100708652163
minecraft,9,O-ET2X-R-PreviousRawEdge-Point,39,full,0.7691991925239563,14.186267852783203,36.61212205306934
minecraft,9,O-ET2X-R-PreviousRawEdge-Point,39,wall-seam,0.8239474892616272,5.091525554656982,41.062324330100765
minecraft,9,O-ET2X-R-PreviousRawEdge-Point,39,seam-wide,0.43066179752349854,2.1526808738708496,44.80100708652163
minecraft,10,ABL-ET2X-R-PreviousRawEdge-BilinearRGB,39,full,0.7691991925239563,14.186267852783203,36.61212205306934
minecraft,10,ABL-ET2X-R-PreviousRawEdge-BilinearRGB,39,wall-seam,0.8239474892616272,5.091525554656982,41.062324330100765
minecraft,10,ABL-ET2X-R-PreviousRawEdge-BilinearRGB,39,seam-wide,0.43066179752349854,2.1526808738708496,44.80100708652163
minecraft,4,O-T2X-R,40,full,0.7136159539222717,8.692045211791992,38.73958384224864
minecraft,4,O-T2X-R,40,wall-seam,0.6215277910232544,2.247178792953491,44.61442733173292
minecraft,4,O-T2X-R,40,seam-wide,0.39010825753211975,1.2424712181091309,47.187940237934555
minecraft,6,O-ET2X-R-CurrentEdge-Point,40,full,0.7691991925239563,14.186267852783203,36.61212205306934
minecraft,6,O-ET2X-R-CurrentEdge-Point,40,wall-seam,0.8239474892616272,5.091525554656982,41.062324330100765
minecraft,6,O-ET2X-R-CurrentEdge-Point,40,seam-wide,0.43066179752349854,2.1526808738708496,44.80100708652163
minecraft,9,O-ET2X-R-PreviousRawEdge-Point,40,full,0.7691991925239563,14.186267852783203,36.61212205306934
minecraft,9,O-ET2X-R-PreviousRawEdge-Point,40,wall-seam,0.8239474892616272,5.091525554656982,41.062324330100765
minecraft,9,O-ET2X-R-PreviousRawEdge-Point,40,seam-wide,0.43066179752349854,2.1526808738708496,44.80100708652163
minecraft,10,ABL-ET2X-R-PreviousRawEdge-BilinearRGB,40,full,0.7691991925239563,14.186267852783203,36.61212205306934
minecraft,10,ABL-ET2X-R-PreviousRawEdge-BilinearRGB,40,wall-seam,0.8239474892616272,5.091525554656982,41.062324330100765
minecraft,10,ABL-ET2X-R-PreviousRawEdge-BilinearRGB,40,seam-wide,0.43066179752349854,2.1526808738708496,44.80100708652163
minecraft,4,O-T2X-R,41,full,0.7136159539222717,8.692045211791992,38.73958384224864
minecraft,4,O-T2X-R,41,wall-seam,0.6215277910232544,2.247178792953491,44.61442733173292
minecraft,4,O-T2X-R,41,seam-wide,0.39010825753211975,1.2424712181091309,47.187940237934555
minecraft,6,O-ET2X-R-CurrentEdge-Point,41,full,0.7691991925239563,14.186267852783203,36.61212205306934
minecraft,6,O-ET2X-R-CurrentEdge-Point,41,wall-seam,0.8239474892616272,5.091525554656982,41.062324330100765
minecraft,6,O-ET2X-R-CurrentEdge-Point,41,seam-wide,0.43066179752349854,2.1526808738708496,44.80100708652163
minecraft,9,O-ET2X-R-PreviousRawEdge-Point,41,full,0.7691991925239563,14.186267852783203,36.61212205306934
minecraft,9,O-ET2X-R-PreviousRawEdge-Point,41,wall-seam,0.8239474892616272,5.091525554656982,41.062324330100765
minecraft,9,O-ET2X-R-PreviousRawEdge-Point,41,seam-wide,0.43066179752349854,2.1526808738708496,44.80100708652163
minecraft,10,ABL-ET2X-R-PreviousRawEdge-BilinearRGB,41,full,0.7691991925239563,14.186267852783203,36.61212205306934
minecraft,10,ABL-ET2X-R-PreviousRawEdge-BilinearRGB,41,wall-seam,0.8239474892616272,5.091525554656982,41.062324330100765
minecraft,10,ABL-ET2X-R-PreviousRawEdge-BilinearRGB,41,seam-wide,0.43066179752349854,2.1526808738708496,44.80100708652163
minecraft,4,O-T2X-R,42,full,0.7136159539222717,8.692045211791992,38.73958384224864
minecraft,4,O-T2X-R,42,wall-seam,0.6215277910232544,2.247178792953491,44.61442733173292
minecraft,4,O-T2X-R,42,seam-wide,0.39010825753211975,1.2424712181091309,47.187940237934555
minecraft,6,O-ET2X-R-CurrentEdge-Point,42,full,0.7691991925239563,14.186267852783203,36.61212205306934
minecraft,6,O-ET2X-R-CurrentEdge-Point,42,wall-seam,0.8239474892616272,5.091525554656982,41.062324330100765
minecraft,6,O-ET2X-R-CurrentEdge-Point,42,seam-wide,0.43066179752349854,2.1526808738708496,44.80100708652163
minecraft,9,O-ET2X-R-PreviousRawEdge-Point,42,full,0.7691991925239563,14.186267852783203,36.61212205306934
minecraft,9,O-ET2X-R-PreviousRawEdge-Point,42,wall-seam,0.8239474892616272,5.091525554656982,41.062324330100765
minecraft,9,O-ET2X-R-PreviousRawEdge-Point,42,seam-wide,0.43066179752349854,2.1526808738708496,44.80100708652163
minecraft,10,ABL-ET2X-R-PreviousRawEdge-BilinearRGB,42,full,0.7691991925239563,14.186267852783203,36.61212205306934
minecraft,10,ABL-ET2X-R-PreviousRawEdge-BilinearRGB,42,wall-seam,0.8239474892616272,5.091525554656982,41.062324330100765
minecraft,10,ABL-ET2X-R-PreviousRawEdge-BilinearRGB,42,seam-wide,0.43066179752349854,2.1526808738708496,44.80100708652163
minecraft,4,O-T2X-R,43,full,0.7136159539222717,8.692045211791992,38.73958384224864
minecraft,4,O-T2X-R,43,wall-seam,0.6215277910232544,2.247178792953491,44.61442733173292
minecraft,4,O-T2X-R,43,seam-wide,0.39010825753211975,1.2424712181091309,47.187940237934555
minecraft,6,O-ET2X-R-CurrentEdge-Point,43,full,0.7691991925239563,14.186267852783203,36.61212205306934
minecraft,6,O-ET2X-R-CurrentEdge-Point,43,wall-seam,0.8239474892616272,5.091525554656982,41.062324330100765
minecraft,6,O-ET2X-R-CurrentEdge-Point,43,seam-wide,0.43066179752349854,2.1526808738708496,44.80100708652163
minecraft,9,O-ET2X-R-PreviousRawEdge-Point,43,full,0.7691991925239563,14.186267852783203,36.61212205306934
minecraft,9,O-ET2X-R-PreviousRawEdge-Point,43,wall-seam,0.8239474892616272,5.091525554656982,41.062324330100765
minecraft,9,O-ET2X-R-PreviousRawEdge-Point,43,seam-wide,0.43066179752349854,2.1526808738708496,44.80100708652163
minecraft,10,ABL-ET2X-R-PreviousRawEdge-BilinearRGB,43,full,0.7691991925239563,14.186267852783203,36.61212205306934
minecraft,10,ABL-ET2X-R-PreviousRawEdge-BilinearRGB,43,wall-seam,0.8239474892616272,5.091525554656982,41.062324330100765
minecraft,10,ABL-ET2X-R-PreviousRawEdge-BilinearRGB,43,seam-wide,0.43066179752349854,2.1526808738708496,44.80100708652163
minecraft,4,O-T2X-R,44,full,0.7136159539222717,8.692045211791992,38.73958384224864
minecraft,4,O-T2X-R,44,wall-seam,0.6215277910232544,2.247178792953491,44.61442733173292
minecraft,4,O-T2X-R,44,seam-wide,0.39010825753211975,1.2424712181091309,47.187940237934555
minecraft,6,O-ET2X-R-CurrentEdge-Point,44,full,0.7691991925239563,14.186267852783203,36.61212205306934
minecraft,6,O-ET2X-R-CurrentEdge-Point,44,wall-seam,0.8239474892616272,5.091525554656982,41.062324330100765
minecraft,6,O-ET2X-R-CurrentEdge-Point,44,seam-wide,0.43066179752349854,2.1526808738708496,44.80100708652163
minecraft,9,O-ET2X-R-PreviousRawEdge-Point,44,full,0.7691991925239563,14.186267852783203,36.61212205306934
minecraft,9,O-ET2X-R-PreviousRawEdge-Point,44,wall-seam,0.8239474892616272,5.091525554656982,41.062324330100765
minecraft,9,O-ET2X-R-PreviousRawEdge-Point,44,seam-wide,0.43066179752349854,2.1526808738708496,44.80100708652163
minecraft,10,ABL-ET2X-R-PreviousRawEdge-BilinearRGB,44,full,0.7691991925239563,14.186267852783203,36.61212205306934
minecraft,10,ABL-ET2X-R-PreviousRawEdge-BilinearRGB,44,wall-seam,0.8239474892616272,5.091525554656982,41.062324330100765
minecraft,10,ABL-ET2X-R-PreviousRawEdge-BilinearRGB,44,seam-wide,0.43066179752349854,2.1526808738708496,44.80100708652163
minecraft,4,O-T2X-R,45,full,0.7136159539222717,8.692045211791992,38.73958384224864
minecraft,4,O-T2X-R,45,wall-seam,0.6215277910232544,2.247178792953491,44.61442733173292
minecraft,4,O-T2X-R,45,seam-wide,0.39010825753211975,1.2424712181091309,47.187940237934555
minecraft,6,O-ET2X-R-CurrentEdge-Point,45,full,0.7691991925239563,14.186267852783203,36.61212205306934
minecraft,6,O-ET2X-R-CurrentEdge-Point,45,wall-seam,0.8239474892616272,5.091525554656982,41.062324330100765
minecraft,6,O-ET2X-R-CurrentEdge-Point,45,seam-wide,0.43066179752349854,2.1526808738708496,44.80100708652163
minecraft,9,O-ET2X-R-PreviousRawEdge-Point,45,full,0.7691991925239563,14.186267852783203,36.61212205306934
minecraft,9,O-ET2X-R-PreviousRawEdge-Point,45,wall-seam,0.8239474892616272,5.091525554656982,41.062324330100765
minecraft,9,O-ET2X-R-PreviousRawEdge-Point,45,seam-wide,0.43066179752349854,2.1526808738708496,44.80100708652163
minecraft,10,ABL-ET2X-R-PreviousRawEdge-BilinearRGB,45,full,0.7691991925239563,14.186267852783203,36.61212205306934
minecraft,10,ABL-ET2X-R-PreviousRawEdge-BilinearRGB,45,wall-seam,0.8239474892616272,5.091525554656982,41.062324330100765
minecraft,10,ABL-ET2X-R-PreviousRawEdge-BilinearRGB,45,seam-wide,0.43066179752349854,2.1526808738708496,44.80100708652163
minecraft,4,O-T2X-R,46,full,0.7136159539222717,8.692045211791992,38.73958384224864
minecraft,4,O-T2X-R,46,wall-seam,0.6215277910232544,2.247178792953491,44.61442733173292
minecraft,4,O-T2X-R,46,seam-wide,0.39010825753211975,1.2424712181091309,47.187940237934555
minecraft,6,O-ET2X-R-CurrentEdge-Point,46,full,0.7691991925239563,14.186267852783203,36.61212205306934
minecraft,6,O-ET2X-R-CurrentEdge-Point,46,wall-seam,0.8239474892616272,5.091525554656982,41.062324330100765
minecraft,6,O-ET2X-R-CurrentEdge-Point,46,seam-wide,0.43066179752349854,2.1526808738708496,44.80100708652163
minecraft,9,O-ET2X-R-PreviousRawEdge-Point,46,full,0.7691991925239563,14.186267852783203,36.61212205306934
minecraft,9,O-ET2X-R-PreviousRawEdge-Point,46,wall-seam,0.8239474892616272,5.091525554656982,41.062324330100765
minecraft,9,O-ET2X-R-PreviousRawEdge-Point,46,seam-wide,0.43066179752349854,2.1526808738708496,44.80100708652163
minecraft,10,ABL-ET2X-R-PreviousRawEdge-BilinearRGB,46,full,0.7691991925239563,14.186267852783203,36.61212205306934
minecraft,10,ABL-ET2X-R-PreviousRawEdge-BilinearRGB,46,wall-seam,0.8239474892616272,5.091525554656982,41.062324330100765
minecraft,10,ABL-ET2X-R-PreviousRawEdge-BilinearRGB,46,seam-wide,0.43066179752349854,2.1526808738708496,44.80100708652163
minecraft,4,O-T2X-R,47,full,0.7136159539222717,8.692045211791992,38.73958384224864
minecraft,4,O-T2X-R,47,wall-seam,0.6215277910232544,2.247178792953491,44.61442733173292
minecraft,4,O-T2X-R,47,seam-wide,0.39010825753211975,1.2424712181091309,47.187940237934555
minecraft,6,O-ET2X-R-CurrentEdge-Point,47,full,0.7691991925239563,14.186267852783203,36.61212205306934
minecraft,6,O-ET2X-R-CurrentEdge-Point,47,wall-seam,0.8239474892616272,5.091525554656982,41.062324330100765
minecraft,6,O-ET2X-R-CurrentEdge-Point,47,seam-wide,0.43066179752349854,2.1526808738708496,44.80100708652163
minecraft,9,O-ET2X-R-PreviousRawEdge-Point,47,full,0.7691991925239563,14.186267852783203,36.61212205306934
minecraft,9,O-ET2X-R-PreviousRawEdge-Point,47,wall-seam,0.8239474892616272,5.091525554656982,41.062324330100765
minecraft,9,O-ET2X-R-PreviousRawEdge-Point,47,seam-wide,0.43066179752349854,2.1526808738708496,44.80100708652163
minecraft,10,ABL-ET2X-R-PreviousRawEdge-BilinearRGB,47,full,0.7691991925239563,14.186267852783203,36.61212205306934
minecraft,10,ABL-ET2X-R-PreviousRawEdge-BilinearRGB,47,wall-seam,0.8239474892616272,5.091525554656982,41.062324330100765
minecraft,10,ABL-ET2X-R-PreviousRawEdge-BilinearRGB,47,seam-wide,0.43066179752349854,2.1526808738708496,44.80100708652163
minecraft,4,O-T2X-R,48,full,0.7136159539222717,8.692045211791992,38.73958384224864
minecraft,4,O-T2X-R,48,wall-seam,0.6215277910232544,2.247178792953491,44.61442733173292
minecraft,4,O-T2X-R,48,seam-wide,0.39010825753211975,1.2424712181091309,47.187940237934555
minecraft,6,O-ET2X-R-CurrentEdge-Point,48,full,0.7691991925239563,14.186267852783203,36.61212205306934
minecraft,6,O-ET2X-R-CurrentEdge-Point,48,wall-seam,0.8239474892616272,5.091525554656982,41.062324330100765
minecraft,6,O-ET2X-R-CurrentEdge-Point,48,seam-wide,0.43066179752349854,2.1526808738708496,44.80100708652163
minecraft,9,O-ET2X-R-PreviousRawEdge-Point,48,full,0.7691991925239563,14.186267852783203,36.61212205306934
minecraft,9,O-ET2X-R-PreviousRawEdge-Point,48,wall-seam,0.8239474892616272,5.091525554656982,41.062324330100765
minecraft,9,O-ET2X-R-PreviousRawEdge-Point,48,seam-wide,0.43066179752349854,2.1526808738708496,44.80100708652163
minecraft,10,ABL-ET2X-R-PreviousRawEdge-BilinearRGB,48,full,0.7691991925239563,14.186267852783203,36.61212205306934
minecraft,10,ABL-ET2X-R-PreviousRawEdge-BilinearRGB,48,wall-seam,0.8239474892616272,5.091525554656982,41.062324330100765
minecraft,10,ABL-ET2X-R-PreviousRawEdge-BilinearRGB,48,seam-wide,0.43066179752349854,2.1526808738708496,44.80100708652163
minecraft,4,O-T2X-R,49,full,0.7136159539222717,8.692045211791992,38.73958384224864
minecraft,4,O-T2X-R,49,wall-seam,0.6215277910232544,2.247178792953491,44.61442733173292
minecraft,4,O-T2X-R,49,seam-wide,0.39010825753211975,1.2424712181091309,47.187940237934555
minecraft,6,O-ET2X-R-CurrentEdge-Point,49,full,0.7691991925239563,14.186267852783203,36.61212205306934
minecraft,6,O-ET2X-R-CurrentEdge-Point,49,wall-seam,0.8239474892616272,5.091525554656982,41.062324330100765
minecraft,6,O-ET2X-R-CurrentEdge-Point,49,seam-wide,0.43066179752349854,2.1526808738708496,44.80100708652163
minecraft,9,O-ET2X-R-PreviousRawEdge-Point,49,full,0.7691991925239563,14.186267852783203,36.61212205306934
minecraft,9,O-ET2X-R-PreviousRawEdge-Point,49,wall-seam,0.8239474892616272,5.091525554656982,41.062324330100765
minecraft,9,O-ET2X-R-PreviousRawEdge-Point,49,seam-wide,0.43066179752349854,2.1526808738708496,44.80100708652163
minecraft,10,ABL-ET2X-R-PreviousRawEdge-BilinearRGB,49,full,0.7691991925239563,14.186267852783203,36.61212205306934
minecraft,10,ABL-ET2X-R-PreviousRawEdge-BilinearRGB,49,wall-seam,0.8239474892616272,5.091525554656982,41.062324330100765
minecraft,10,ABL-ET2X-R-PreviousRawEdge-BilinearRGB,49,seam-wide,0.43066179752349854,2.1526808738708496,44.80100708652163
minecraft,4,O-T2X-R,50,full,0.7136159539222717,8.692045211791992,38.73958384224864
minecraft,4,O-T2X-R,50,wall-seam,0.6215277910232544,2.247178792953491,44.61442733173292
minecraft,4,O-T2X-R,50,seam-wide,0.39010825753211975,1.2424712181091309,47.187940237934555
minecraft,6,O-ET2X-R-CurrentEdge-Point,50,full,0.7691991925239563,14.186267852783203,36.61212205306934
minecraft,6,O-ET2X-R-CurrentEdge-Point,50,wall-seam,0.8239474892616272,5.091525554656982,41.062324330100765
minecraft,6,O-ET2X-R-CurrentEdge-Point,50,seam-wide,0.43066179752349854,2.1526808738708496,44.80100708652163
minecraft,9,O-ET2X-R-PreviousRawEdge-Point,50,full,0.7691991925239563,14.186267852783203,36.61212205306934
minecraft,9,O-ET2X-R-PreviousRawEdge-Point,50,wall-seam,0.8239474892616272,5.091525554656982,41.062324330100765
minecraft,9,O-ET2X-R-PreviousRawEdge-Point,50,seam-wide,0.43066179752349854,2.1526808738708496,44.80100708652163
minecraft,10,ABL-ET2X-R-PreviousRawEdge-BilinearRGB,50,full,0.7691991925239563,14.186267852783203,36.61212205306934
minecraft,10,ABL-ET2X-R-PreviousRawEdge-BilinearRGB,50,wall-seam,0.8239474892616272,5.091525554656982,41.062324330100765
minecraft,10,ABL-ET2X-R-PreviousRawEdge-BilinearRGB,50,seam-wide,0.43066179752349854,2.1526808738708496,44.80100708652163
minecraft,4,O-T2X-R,51,full,0.7136159539222717,8.692045211791992,38.73958384224864
minecraft,4,O-T2X-R,51,wall-seam,0.6215277910232544,2.247178792953491,44.61442733173292
minecraft,4,O-T2X-R,51,seam-wide,0.39010825753211975,1.2424712181091309,47.187940237934555
minecraft,6,O-ET2X-R-CurrentEdge-Point,51,full,0.7691991925239563,14.186267852783203,36.61212205306934
minecraft,6,O-ET2X-R-CurrentEdge-Point,51,wall-seam,0.8239474892616272,5.091525554656982,41.062324330100765
minecraft,6,O-ET2X-R-CurrentEdge-Point,51,seam-wide,0.43066179752349854,2.1526808738708496,44.80100708652163
minecraft,9,O-ET2X-R-PreviousRawEdge-Point,51,full,0.7691991925239563,14.186267852783203,36.61212205306934
minecraft,9,O-ET2X-R-PreviousRawEdge-Point,51,wall-seam,0.8239474892616272,5.091525554656982,41.062324330100765
minecraft,9,O-ET2X-R-PreviousRawEdge-Point,51,seam-wide,0.43066179752349854,2.1526808738708496,44.80100708652163
minecraft,10,ABL-ET2X-R-PreviousRawEdge-BilinearRGB,51,full,0.7691991925239563,14.186267852783203,36.61212205306934
minecraft,10,ABL-ET2X-R-PreviousRawEdge-BilinearRGB,51,wall-seam,0.8239474892616272,5.091525554656982,41.062324330100765
minecraft,10,ABL-ET2X-R-PreviousRawEdge-BilinearRGB,51,seam-wide,0.43066179752349854,2.1526808738708496,44.80100708652163
minecraft,4,O-T2X-R,52,full,0.7136159539222717,8.692045211791992,38.73958384224864
minecraft,4,O-T2X-R,52,wall-seam,0.6215277910232544,2.247178792953491,44.61442733173292
minecraft,4,O-T2X-R,52,seam-wide,0.39010825753211975,1.2424712181091309,47.187940237934555
minecraft,6,O-ET2X-R-CurrentEdge-Point,52,full,0.7691991925239563,14.186267852783203,36.61212205306934
minecraft,6,O-ET2X-R-CurrentEdge-Point,52,wall-seam,0.8239474892616272,5.091525554656982,41.062324330100765
minecraft,6,O-ET2X-R-CurrentEdge-Point,52,seam-wide,0.43066179752349854,2.1526808738708496,44.80100708652163
minecraft,9,O-ET2X-R-PreviousRawEdge-Point,52,full,0.7691991925239563,14.186267852783203,36.61212205306934
minecraft,9,O-ET2X-R-PreviousRawEdge-Point,52,wall-seam,0.8239474892616272,5.091525554656982,41.062324330100765
minecraft,9,O-ET2X-R-PreviousRawEdge-Point,52,seam-wide,0.43066179752349854,2.1526808738708496,44.80100708652163
minecraft,10,ABL-ET2X-R-PreviousRawEdge-BilinearRGB,52,full,0.7691991925239563,14.186267852783203,36.61212205306934
minecraft,10,ABL-ET2X-R-PreviousRawEdge-BilinearRGB,52,wall-seam,0.8239474892616272,5.091525554656982,41.062324330100765
minecraft,10,ABL-ET2X-R-PreviousRawEdge-BilinearRGB,52,seam-wide,0.43066179752349854,2.1526808738708496,44.80100708652163
minecraft,4,O-T2X-R,53,full,0.7136159539222717,8.692045211791992,38.73958384224864
minecraft,4,O-T2X-R,53,wall-seam,0.6215277910232544,2.247178792953491,44.61442733173292
minecraft,4,O-T2X-R,53,seam-wide,0.39010825753211975,1.2424712181091309,47.187940237934555
minecraft,6,O-ET2X-R-CurrentEdge-Point,53,full,0.7691991925239563,14.186267852783203,36.61212205306934
minecraft,6,O-ET2X-R-CurrentEdge-Point,53,wall-seam,0.8239474892616272,5.091525554656982,41.062324330100765
minecraft,6,O-ET2X-R-CurrentEdge-Point,53,seam-wide,0.43066179752349854,2.1526808738708496,44.80100708652163
minecraft,9,O-ET2X-R-PreviousRawEdge-Point,53,full,0.7691991925239563,14.186267852783203,36.61212205306934
minecraft,9,O-ET2X-R-PreviousRawEdge-Point,53,wall-seam,0.8239474892616272,5.091525554656982,41.062324330100765
minecraft,9,O-ET2X-R-PreviousRawEdge-Point,53,seam-wide,0.43066179752349854,2.1526808738708496,44.80100708652163
minecraft,10,ABL-ET2X-R-PreviousRawEdge-BilinearRGB,53,full,0.7691991925239563,14.186267852783203,36.61212205306934
minecraft,10,ABL-ET2X-R-PreviousRawEdge-BilinearRGB,53,wall-seam,0.8239474892616272,5.091525554656982,41.062324330100765
minecraft,10,ABL-ET2X-R-PreviousRawEdge-BilinearRGB,53,seam-wide,0.43066179752349854,2.1526808738708496,44.80100708652163
minecraft,4,O-T2X-R,54,full,0.7136159539222717,8.692045211791992,38.73958384224864
minecraft,4,O-T2X-R,54,wall-seam,0.6215277910232544,2.247178792953491,44.61442733173292
minecraft,4,O-T2X-R,54,seam-wide,0.39010825753211975,1.2424712181091309,47.187940237934555
minecraft,6,O-ET2X-R-CurrentEdge-Point,54,full,0.7691991925239563,14.186267852783203,36.61212205306934
minecraft,6,O-ET2X-R-CurrentEdge-Point,54,wall-seam,0.8239474892616272,5.091525554656982,41.062324330100765
minecraft,6,O-ET2X-R-CurrentEdge-Point,54,seam-wide,0.43066179752349854,2.1526808738708496,44.80100708652163
minecraft,9,O-ET2X-R-PreviousRawEdge-Point,54,full,0.7691991925239563,14.186267852783203,36.61212205306934
minecraft,9,O-ET2X-R-PreviousRawEdge-Point,54,wall-seam,0.8239474892616272,5.091525554656982,41.062324330100765
minecraft,9,O-ET2X-R-PreviousRawEdge-Point,54,seam-wide,0.43066179752349854,2.1526808738708496,44.80100708652163
minecraft,10,ABL-ET2X-R-PreviousRawEdge-BilinearRGB,54,full,0.7691991925239563,14.186267852783203,36.61212205306934
minecraft,10,ABL-ET2X-R-PreviousRawEdge-BilinearRGB,54,wall-seam,0.8239474892616272,5.091525554656982,41.062324330100765
minecraft,10,ABL-ET2X-R-PreviousRawEdge-BilinearRGB,54,seam-wide,0.43066179752349854,2.1526808738708496,44.80100708652163
minecraft,4,O-T2X-R,55,full,0.7136159539222717,8.692045211791992,38.73958384224864
minecraft,4,O-T2X-R,55,wall-seam,0.6215277910232544,2.247178792953491,44.61442733173292
minecraft,4,O-T2X-R,55,seam-wide,0.39010825753211975,1.2424712181091309,47.187940237934555
minecraft,6,O-ET2X-R-CurrentEdge-Point,55,full,0.7691991925239563,14.186267852783203,36.61212205306934
minecraft,6,O-ET2X-R-CurrentEdge-Point,55,wall-seam,0.8239474892616272,5.091525554656982,41.062324330100765
minecraft,6,O-ET2X-R-CurrentEdge-Point,55,seam-wide,0.43066179752349854,2.1526808738708496,44.80100708652163
minecraft,9,O-ET2X-R-PreviousRawEdge-Point,55,full,0.7691991925239563,14.186267852783203,36.61212205306934
minecraft,9,O-ET2X-R-PreviousRawEdge-Point,55,wall-seam,0.8239474892616272,5.091525554656982,41.062324330100765
minecraft,9,O-ET2X-R-PreviousRawEdge-Point,55,seam-wide,0.43066179752349854,2.1526808738708496,44.80100708652163
minecraft,10,ABL-ET2X-R-PreviousRawEdge-BilinearRGB,55,full,0.7691991925239563,14.186267852783203,36.61212205306934
minecraft,10,ABL-ET2X-R-PreviousRawEdge-BilinearRGB,55,wall-seam,0.8239474892616272,5.091525554656982,41.062324330100765
minecraft,10,ABL-ET2X-R-PreviousRawEdge-BilinearRGB,55,seam-wide,0.43066179752349854,2.1526808738708496,44.80100708652163
minecraft,4,O-T2X-R,56,full,0.7136159539222717,8.692045211791992,38.73958384224864
minecraft,4,O-T2X-R,56,wall-seam,0.6215277910232544,2.247178792953491,44.61442733173292
minecraft,4,O-T2X-R,56,seam-wide,0.39010825753211975,1.2424712181091309,47.187940237934555
minecraft,6,O-ET2X-R-CurrentEdge-Point,56,full,0.7691991925239563,14.186267852783203,36.61212205306934
minecraft,6,O-ET2X-R-CurrentEdge-Point,56,wall-seam,0.8239474892616272,5.091525554656982,41.062324330100765
minecraft,6,O-ET2X-R-CurrentEdge-Point,56,seam-wide,0.43066179752349854,2.1526808738708496,44.80100708652163
minecraft,9,O-ET2X-R-PreviousRawEdge-Point,56,full,0.7691991925239563,14.186267852783203,36.61212205306934
minecraft,9,O-ET2X-R-PreviousRawEdge-Point,56,wall-seam,0.8239474892616272,5.091525554656982,41.062324330100765
minecraft,9,O-ET2X-R-PreviousRawEdge-Point,56,seam-wide,0.43066179752349854,2.1526808738708496,44.80100708652163
minecraft,10,ABL-ET2X-R-PreviousRawEdge-BilinearRGB,56,full,0.7691991925239563,14.186267852783203,36.61212205306934
minecraft,10,ABL-ET2X-R-PreviousRawEdge-BilinearRGB,56,wall-seam,0.8239474892616272,5.091525554656982,41.062324330100765
minecraft,10,ABL-ET2X-R-PreviousRawEdge-BilinearRGB,56,seam-wide,0.43066179752349854,2.1526808738708496,44.80100708652163
minecraft,4,O-T2X-R,57,full,0.7136159539222717,8.692045211791992,38.73958384224864
minecraft,4,O-T2X-R,57,wall-seam,0.6215277910232544,2.247178792953491,44.61442733173292
minecraft,4,O-T2X-R,57,seam-wide,0.39010825753211975,1.2424712181091309,47.187940237934555
minecraft,6,O-ET2X-R-CurrentEdge-Point,57,full,0.7691991925239563,14.186267852783203,36.61212205306934
minecraft,6,O-ET2X-R-CurrentEdge-Point,57,wall-seam,0.8239474892616272,5.091525554656982,41.062324330100765
minecraft,6,O-ET2X-R-CurrentEdge-Point,57,seam-wide,0.43066179752349854,2.1526808738708496,44.80100708652163
minecraft,9,O-ET2X-R-PreviousRawEdge-Point,57,full,0.7691991925239563,14.186267852783203,36.61212205306934
minecraft,9,O-ET2X-R-PreviousRawEdge-Point,57,wall-seam,0.8239474892616272,5.091525554656982,41.062324330100765
minecraft,9,O-ET2X-R-PreviousRawEdge-Point,57,seam-wide,0.43066179752349854,2.1526808738708496,44.80100708652163
minecraft,10,ABL-ET2X-R-PreviousRawEdge-BilinearRGB,57,full,0.7691991925239563,14.186267852783203,36.61212205306934
minecraft,10,ABL-ET2X-R-PreviousRawEdge-BilinearRGB,57,wall-seam,0.8239474892616272,5.091525554656982,41.062324330100765
minecraft,10,ABL-ET2X-R-PreviousRawEdge-BilinearRGB,57,seam-wide,0.43066179752349854,2.1526808738708496,44.80100708652163
minecraft,4,O-T2X-R,58,full,0.7136159539222717,8.692045211791992,38.73958384224864
minecraft,4,O-T2X-R,58,wall-seam,0.6215277910232544,2.247178792953491,44.61442733173292
minecraft,4,O-T2X-R,58,seam-wide,0.39010825753211975,1.2424712181091309,47.187940237934555
minecraft,6,O-ET2X-R-CurrentEdge-Point,58,full,0.7691991925239563,14.186267852783203,36.61212205306934
minecraft,6,O-ET2X-R-CurrentEdge-Point,58,wall-seam,0.8239474892616272,5.091525554656982,41.062324330100765
minecraft,6,O-ET2X-R-CurrentEdge-Point,58,seam-wide,0.43066179752349854,2.1526808738708496,44.80100708652163
minecraft,9,O-ET2X-R-PreviousRawEdge-Point,58,full,0.7691991925239563,14.186267852783203,36.61212205306934
minecraft,9,O-ET2X-R-PreviousRawEdge-Point,58,wall-seam,0.8239474892616272,5.091525554656982,41.062324330100765
minecraft,9,O-ET2X-R-PreviousRawEdge-Point,58,seam-wide,0.43066179752349854,2.1526808738708496,44.80100708652163
minecraft,10,ABL-ET2X-R-PreviousRawEdge-BilinearRGB,58,full,0.7691991925239563,14.186267852783203,36.61212205306934
minecraft,10,ABL-ET2X-R-PreviousRawEdge-BilinearRGB,58,wall-seam,0.8239474892616272,5.091525554656982,41.062324330100765
minecraft,10,ABL-ET2X-R-PreviousRawEdge-BilinearRGB,58,seam-wide,0.43066179752349854,2.1526808738708496,44.80100708652163
minecraft,4,O-T2X-R,59,full,0.7136159539222717,8.692045211791992,38.73958384224864
minecraft,4,O-T2X-R,59,wall-seam,0.6215277910232544,2.247178792953491,44.61442733173292
minecraft,4,O-T2X-R,59,seam-wide,0.39010825753211975,1.2424712181091309,47.187940237934555
minecraft,6,O-ET2X-R-CurrentEdge-Point,59,full,0.7691991925239563,14.186267852783203,36.61212205306934
minecraft,6,O-ET2X-R-CurrentEdge-Point,59,wall-seam,0.8239474892616272,5.091525554656982,41.062324330100765
minecraft,6,O-ET2X-R-CurrentEdge-Point,59,seam-wide,0.43066179752349854,2.1526808738708496,44.80100708652163
minecraft,9,O-ET2X-R-PreviousRawEdge-Point,59,full,0.7691991925239563,14.186267852783203,36.61212205306934
minecraft,9,O-ET2X-R-PreviousRawEdge-Point,59,wall-seam,0.8239474892616272,5.091525554656982,41.062324330100765
minecraft,9,O-ET2X-R-PreviousRawEdge-Point,59,seam-wide,0.43066179752349854,2.1526808738708496,44.80100708652163
minecraft,10,ABL-ET2X-R-PreviousRawEdge-BilinearRGB,59,full,0.7691991925239563,14.186267852783203,36.61212205306934
minecraft,10,ABL-ET2X-R-PreviousRawEdge-BilinearRGB,59,wall-seam,0.8239474892616272,5.091525554656982,41.062324330100765
minecraft,10,ABL-ET2X-R-PreviousRawEdge-BilinearRGB,59,seam-wide,0.43066179752349854,2.1526808738708496,44.80100708652163
minecraft,4,O-T2X-R,60,full,0.7136159539222717,8.692045211791992,38.73958384224864
minecraft,4,O-T2X-R,60,wall-seam,0.6215277910232544,2.247178792953491,44.61442733173292
minecraft,4,O-T2X-R,60,seam-wide,0.39010825753211975,1.2424712181091309,47.187940237934555
minecraft,6,O-ET2X-R-CurrentEdge-Point,60,full,0.7691991925239563,14.186267852783203,36.61212205306934
minecraft,6,O-ET2X-R-CurrentEdge-Point,60,wall-seam,0.8239474892616272,5.091525554656982,41.062324330100765
minecraft,6,O-ET2X-R-CurrentEdge-Point,60,seam-wide,0.43066179752349854,2.1526808738708496,44.80100708652163
minecraft,9,O-ET2X-R-PreviousRawEdge-Point,60,full,0.7691991925239563,14.186267852783203,36.61212205306934
minecraft,9,O-ET2X-R-PreviousRawEdge-Point,60,wall-seam,0.8239474892616272,5.091525554656982,41.062324330100765
minecraft,9,O-ET2X-R-PreviousRawEdge-Point,60,seam-wide,0.43066179752349854,2.1526808738708496,44.80100708652163
minecraft,10,ABL-ET2X-R-PreviousRawEdge-BilinearRGB,60,full,0.7691991925239563,14.186267852783203,36.61212205306934
minecraft,10,ABL-ET2X-R-PreviousRawEdge-BilinearRGB,60,wall-seam,0.8239474892616272,5.091525554656982,41.062324330100765
minecraft,10,ABL-ET2X-R-PreviousRawEdge-BilinearRGB,60,seam-wide,0.43066179752349854,2.1526808738708496,44.80100708652163
minecraft,4,O-T2X-R,61,full,1.333901286125183,21.828859329223633,34.74049318698253
minecraft,4,O-T2X-R,61,wall-seam,1.3764106035232544,10.278971672058105,38.011306916842585
minecraft,4,O-T2X-R,61,seam-wide,0.7064996361732483,5.240476131439209,40.9370961360504
minecraft,6,O-ET2X-R-CurrentEdge-Point,61,full,0.856123685836792,14.555150032043457,36.500636744353855
minecraft,6,O-ET2X-R-CurrentEdge-Point,61,wall-seam,0.5578342080116272,2.1711153984069824,44.76397453323462
minecraft,6,O-ET2X-R-CurrentEdge-Point,61,seam-wide,0.39150315523147583,2.040174722671509,45.034129984210615
minecraft,9,O-ET2X-R-PreviousRawEdge-Point,61,full,0.8426916599273682,13.530506134033203,36.81766318364416
minecraft,9,O-ET2X-R-PreviousRawEdge-Point,61,wall-seam,0.5578342080116272,2.1711153984069824,44.76397453323462
minecraft,9,O-ET2X-R-PreviousRawEdge-Point,61,seam-wide,0.39150315523147583,2.040174722671509,45.034129984210615
minecraft,10,ABL-ET2X-R-PreviousRawEdge-BilinearRGB,61,full,0.8330209851264954,12.992216110229492,36.993971249329746
minecraft,10,ABL-ET2X-R-PreviousRawEdge-BilinearRGB,61,wall-seam,0.5578342080116272,2.1711153984069824,44.76397453323462
minecraft,10,ABL-ET2X-R-PreviousRawEdge-BilinearRGB,61,seam-wide,0.39150315523147583,2.040174722671509,45.034129984210615
minecraft,4,O-T2X-R,62,full,1.1890209913253784,16.645742416381836,35.91777190984866
minecraft,4,O-T2X-R,62,wall-seam,1.1436089277267456,6.146646976470947,40.24442090088571
minecraft,4,O-T2X-R,62,seam-wide,1.0579850673675537,19.045015335083008,35.33299034176052
minecraft,6,O-ET2X-R-CurrentEdge-Point,62,full,0.9074490666389465,14.295204162597656,36.57889998581639
minecraft,6,O-ET2X-R-CurrentEdge-Point,62,wall-seam,0.4949001669883728,1.1832681894302368,47.39997171616775
minecraft,6,O-ET2X-R-CurrentEdge-Point,62,seam-wide,0.6997931003570557,17.07525062561035,35.80713274018247
minecraft,9,O-ET2X-R-PreviousRawEdge-Point,62,full,0.9118863940238953,13.463922500610352,36.83908757725911
minecraft,9,O-ET2X-R-PreviousRawEdge-Point,62,wall-seam,0.4949001669883728,1.1832681894302368,47.39997171616775
minecraft,9,O-ET2X-R-PreviousRawEdge-Point,62,seam-wide,0.7006706595420837,17.079286575317383,35.80610635198412
minecraft,10,ABL-ET2X-R-PreviousRawEdge-BilinearRGB,62,full,0.8329253792762756,11.108187675476074,37.67437152219011
minecraft,10,ABL-ET2X-R-PreviousRawEdge-BilinearRGB,62,wall-seam,0.4899631142616272,1.1647677421569824,47.46841026369082
minecraft,10,ABL-ET2X-R-PreviousRawEdge-BilinearRGB,62,seam-wide,0.6990633010864258,17.07308006286621,35.80768483945331
minecraft,4,O-T2X-R,63,full,1.1757508516311646,15.9410400390625,36.105637082688624
minecraft,4,O-T2X-R,63,wall-seam,1.9305013418197632,11.970866203308105,37.349547840867075
minecraft,4,O-T2X-R,63,seam-wide,1.4047315120697021,14.977801322937012,36.37632295394861
minecraft,6,O-ET2X-R-CurrentEdge-Point,63,full,0.8542271852493286,13.992873191833496,36.67173462441712
minecraft,6,O-ET2X-R-CurrentEdge-Point,63,wall-seam,0.99609375,3.8361544609069824,42.291842753596256
minecraft,6,O-ET2X-R-CurrentEdge-Point,63,seam-wide,0.8023592829704285,5.900944232940674,40.421588505231966
minecraft,9,O-ET2X-R-PreviousRawEdge-Point,63,full,0.8582459688186646,13.047392845153809,36.97556622073465
minecraft,9,O-ET2X-R-PreviousRawEdge-Point,63,wall-seam,0.99609375,3.8361544609069824,42.291842753596256
minecraft,9,O-ET2X-R-PreviousRawEdge-Point,63,seam-wide,0.8081883192062378,5.911096096038818,40.41412341184028
minecraft,10,ABL-ET2X-R-PreviousRawEdge-BilinearRGB,63,full,0.7726080417633057,10.513570785522461,37.91330117811154
minecraft,10,ABL-ET2X-R-PreviousRawEdge-BilinearRGB,63,wall-seam,0.99609375,3.8361544609069824,42.291842753596256
minecraft,10,ABL-ET2X-R-PreviousRawEdge-BilinearRGB,63,seam-wide,0.7850570678710938,5.537985324859619,40.6972856029637
minecraft,4,O-T2X-R,64,full,1.1289408206939697,16.786476135253906,35.88120823493137
minecraft,4,O-T2X-R,64,wall-seam,1.4113497734069824,11.002387046813965,37.715934421830035
minecraft,4,O-T2X-R,64,seam-wide,1.1943705081939697,12.46501636505127,37.17387507851881
minecraft,6,O-ET2X-R-CurrentEdge-Point,64,full,0.8943644165992737,14.415928840637207,36.5423773097563
minecraft,6,O-ET2X-R-CurrentEdge-Point,64,wall-seam,1.06396484375,5.512423992156982,40.71737746603241
minecraft,6,O-ET2X-R-CurrentEdge-Point,64,seam-wide,0.9590954184532166,10.141188621520996,38.069915003957846
minecraft,9,O-ET2X-R-PreviousRawEdge-Point,64,full,0.8989741802215576,13.382548332214355,36.86541540318058
minecraft,9,O-ET2X-R-PreviousRawEdge-Point,64,wall-seam,1.1207139492034912,5.85291862487793,40.45707874855927
minecraft,9,O-ET2X-R-PreviousRawEdge-Point,64,seam-wide,0.9620237946510315,9.428915977478027,38.38618595178418
minecraft,10,ABL-ET2X-R-PreviousRawEdge-BilinearRGB,64,full,0.8175778985023499,11.195605278015137,37.64032782667376
minecraft,10,ABL-ET2X-R-PreviousRawEdge-BilinearRGB,64,wall-seam,1.0197482109069824,4.901909828186035,41.227150428301485
minecraft,10,ABL-ET2X-R-PreviousRawEdge-BilinearRGB,64,seam-wide,0.9271976351737976,9.218499183654785,38.4842013930582
minecraft,4,O-T2X-R,65,full,1.062719464302063,15.620345115661621,36.19389735925111
minecraft,4,O-T2X-R,65,wall-seam,1.2248806953430176,5.167806148529053,40.99774146554864
minecraft,4,O-T2X-R,65,seam-wide,1.250351071357727,10.03490924835205,38.11566911609742
minecraft,6,O-ET2X-R-CurrentEdge-Point,65,full,0.8901770114898682,14.46373462677002,36.52799915877295
minecraft,6,O-ET2X-R-CurrentEdge-Point,65,wall-seam,1.2052950859069824,13.18174934387207,36.931073117649554
minecraft,6,O-ET2X-R-CurrentEdge-Point,65,seam-wide,1.0856612920761108,11.199932098388672,37.63864971178488
minecraft,9,O-ET2X-R-PreviousRawEdge-Point,65,full,0.8931449055671692,13.395922660827637,36.86107729321129
minecraft,9,O-ET2X-R-PreviousRawEdge-Point,65,wall-seam,1.1976996660232544,12.03049087524414,37.32797012824779
minecraft,9,O-ET2X-R-PreviousRawEdge-Point,65,seam-wide,1.0983445644378662,10.978772163391113,37.725265883750595
minecraft,10,ABL-ET2X-R-PreviousRawEdge-BilinearRGB,65,full,0.8073466420173645,10.956859588623047,37.733942646361456
minecraft,10,ABL-ET2X-R-PreviousRawEdge-BilinearRGB,65,wall-seam,1.1197916269302368,11.582573890686035,37.49275281415135
minecraft,10,ABL-ET2X-R-PreviousRawEdge-BilinearRGB,65,seam-wide,1.0595831871032715,10.858238220214844,37.77320995404034
minecraft,4,O-T2X-R,66,full,1.109728455543518,16.46723747253418,35.96459612400242
minecraft,4,O-T2X-R,66,wall-seam,1.3824869394302368,12.63563346862793,37.1148334136043
minecraft,4,O-T2X-R,66,seam-wide,1.2569652795791626,13.780817031860352,36.73805394246253
minecraft,6,O-ET2X-R-CurrentEdge-Point,66,full,0.8784746527671814,13.880329132080078,36.70680596582542
minecraft,6,O-ET2X-R-CurrentEdge-Point,66,wall-seam,1.0256075859069824,6.287868976593018,40.14576877349203
minecraft,6,O-ET2X-R-CurrentEdge-Point,66,seam-wide,1.0731903314590454,9.474790573120117,38.365107415885895
minecraft,9,O-ET2X-R-PreviousRawEdge-Point,66,full,0.8798657059669495,12.671564102172852,37.10250135959379
minecraft,9,O-ET2X-R-PreviousRawEdge-Point,66,wall-seam,0.9697265625,2.5572917461395264,44.053000839519385
minecraft,9,O-ET2X-R-PreviousRawEdge-Point,66,seam-wide,1.0412647724151611,7.243256568908691,39.53146491919053
minecraft,10,ABL-ET2X-R-PreviousRawEdge-BilinearRGB,66,full,0.7942613363265991,10.36666488647461,37.97441301138966
minecraft,10,ABL-ET2X-R-PreviousRawEdge-BilinearRGB,66,wall-seam,0.94677734375,2.913031578063965,43.487351683430255
minecraft,10,ABL-ET2X-R-PreviousRawEdge-BilinearRGB,66,seam-wide,1.007694959640503,7.147794246673584,39.5890831826827
minecraft,4,O-T2X-R,67,full,1.0473105907440186,15.753421783447266,36.157054598683345
minecraft,4,O-T2X-R,67,wall-seam,1.3379991054534912,7.728081703186035,39.25008655967813
minecraft,4,O-T2X-R,67,seam-wide,1.1994143724441528,10.246286392211914,38.025138702665856
minecraft,6,O-ET2X-R-CurrentEdge-Point,67,full,0.8621647357940674,13.931266784667969,36.69089751796632
minecraft,6,O-ET2X-R-CurrentEdge-Point,67,wall-seam,1.0675997734069824,5.599609375,40.649226288972564
minecraft,6,O-ET2X-R-CurrentEdge-Point,67,seam-wide,0.9889516830444336,7.471381664276123,39.39679438612788
minecraft,9,O-ET2X-R-PreviousRawEdge-Point,67,full,0.8671633005142212,13.128762245178223,36.948565773091126
minecraft,9,O-ET2X-R-PreviousRawEdge-Point,67,wall-seam,1.1125760078430176,5.838595867156982,40.46771945342228
minecraft,9,O-ET2X-R-PreviousRawEdge-Point,67,seam-wide,0.9951132535934448,6.696993827819824,39.87200462192299
minecraft,10,ABL-ET2X-R-PreviousRawEdge-BilinearRGB,67,full,0.7832099795341492,10.87838077545166,37.76516104533337
minecraft,10,ABL-ET2X-R-PreviousRawEdge-BilinearRGB,67,wall-seam,1.0116102695465088,4.8076171875,41.311504817349665
minecraft,10,ABL-ET2X-R-PreviousRawEdge-BilinearRGB,67,seam-wide,0.9653586149215698,6.680541515350342,39.8826869366232
minecraft,4,O-T2X-R,68,full,1.1339898109436035,16.852325439453125,35.86420523563232
minecraft,4,O-T2X-R,68,wall-seam,1.1393771171569824,3.3077800273895264,42.93543740297974
minecraft,4,O-T2X-R,68,seam-wide,1.2549421787261963,10.50918197631836,37.91511448550163
minecraft,6,O-ET2X-R-CurrentEdge-Point,68,full,0.9070333242416382,14.89156436920166,36.40140037781609
minecraft,6,O-ET2X-R-CurrentEdge-Point,68,wall-seam,1.2646484375,16.58962631225586,35.932437573844204
minecraft,6,O-ET2X-R-CurrentEdge-Point,68,seam-wide,1.132828950881958,12.375041961669922,37.205336806408255
minecraft,9,O-ET2X-R-PreviousRawEdge-Point,68,full,0.9097148776054382,13.842124938964844,36.7187759600521
minecraft,9,O-ET2X-R-PreviousRawEdge-Point,68,wall-seam,1.2413736581802368,14.905327796936035,36.39738829420086
minecraft,9,O-ET2X-R-PreviousRawEdge-Point,68,seam-wide,1.1123119592666626,10.935243606567383,37.74251898523104
minecraft,10,ABL-ET2X-R-PreviousRawEdge-BilinearRGB,68,full,0.8166645169258118,11.414999961853027,37.55604446492994
minecraft,10,ABL-ET2X-R-PreviousRawEdge-BilinearRGB,68,wall-seam,1.1819119453430176,14.840874671936035,36.416208632941014
minecraft,10,ABL-ET2X-R-PreviousRawEdge-BilinearRGB,68,seam-wide,1.0797398090362549,10.953885078430176,37.73512180607574
minecraft,4,O-T2X-R,69,full,1.0760267972946167,15.646261215209961,36.18669784326606
minecraft,4,O-T2X-R,69,wall-seam,1.1270073652267456,3.33447265625,42.90053200453299
minecraft,4,O-T2X-R,69,seam-wide,1.2878284454345703,10.847633361816406,37.77745362776969
minecraft,6,O-ET2X-R-CurrentEdge-Point,69,full,0.9223650693893433,14.68508243560791,36.46203972063627
minecraft,6,O-ET2X-R-CurrentEdge-Point,69,wall-seam,0.9465060830116272,2.9072265625,43.49601482860997
minecraft,6,O-ET2X-R-CurrentEdge-Point,69,seam-wide,1.0850330591201782,8.57147216796875,38.800249415681776
minecraft,9,O-ET2X-R-PreviousRawEdge-Point,69,full,0.9297740459442139,13.801812171936035,36.73144248046212
minecraft,9,O-ET2X-R-PreviousRawEdge-Point,69,wall-seam,0.9943576455116272,3.085394859313965,43.23769609274131
minecraft,9,O-ET2X-R-PreviousRawEdge-Point,69,seam-wide,1.1110464334487915,8.624736785888672,38.77334510940618
minecraft,10,ABL-ET2X-R-PreviousRawEdge-BilinearRGB,69,full,0.8374409079551697,11.222976684570312,37.629723001841135
minecraft,10,ABL-ET2X-R-PreviousRawEdge-BilinearRGB,69,wall-seam,0.9371201992034912,3.143609046936035,43.15651830916495
minecraft,10,ABL-ET2X-R-PreviousRawEdge-BilinearRGB,69,seam-wide,1.0348538160324097,7.715284824371338,39.257283973683556
minecraft,4,O-T2X-R,70,full,1.1465892791748047,16.579666137695312,35.935045798898734
minecraft,4,O-T2X-R,70,wall-seam,1.2501627206802368,4.69395637512207,41.41541311849862
minecraft,4,O-T2X-R,70,seam-wide,1.282876968383789,9.176477432250977,38.50404359985368
minecraft,6,O-ET2X-R-CurrentEdge-Point,70,full,0.919707715511322,14.743269920349121,36.444865441787435
minecraft,6,O-ET2X-R-CurrentEdge-Point,70,wall-seam,1.0300021171569824,4.327202796936035,41.76873111722705
minecraft,6,O-ET2X-R-CurrentEdge-Point,70,seam-wide,1.1384177207946777,12.202323913574219,37.26637811608791
minecraft,9,O-ET2X-R-PreviousRawEdge-Point,70,full,0.9205654859542847,13.612141609191895,36.791539023886926
minecraft,9,O-ET2X-R-PreviousRawEdge-Point,70,wall-seam,1.0743814706802368,4.551920413970947,41.54885700643332
minecraft,9,O-ET2X-R-PreviousRawEdge-Point,70,seam-wide,1.1155544519424438,10.24225902557373,38.026846059722615
minecraft,10,ABL-ET2X-R-PreviousRawEdge-BilinearRGB,70,full,0.8266873359680176,11.080946922302246,37.68503486255394
minecraft,10,ABL-ET2X-R-PreviousRawEdge-BilinearRGB,70,wall-seam,0.9766167402267456,3.6857097148895264,42.46559233507945
minecraft,10,ABL-ET2X-R-PreviousRawEdge-BilinearRGB,70,seam-wide,1.0570428371429443,9.858025550842285,38.192904214075504
minecraft,4,O-T2X-R,71,full,1.0768753290176392,15.443760871887207,36.24327292392968
minecraft,4,O-T2X-R,71,wall-seam,1.4554579257965088,17.13764190673828,35.79129296918148
minecraft,4,O-T2X-R,71,seam-wide,1.2499723434448242,10.2390718460083,38.02819770480657
minecraft,6,O-ET2X-R-CurrentEdge-Point,71,full,0.9602561593055725,15.250645637512207,36.29792130898321
minecraft,6,O-ET2X-R-CurrentEdge-Point,71,wall-seam,1.3267143964767456,18.79361915588379,35.39069939038906
minecraft,6,O-ET2X-R-CurrentEdge-Point,71,seam-wide,1.270285964012146,13.784364700317383,36.73693605914292
minecraft,9,O-ET2X-R-PreviousRawEdge-Point,71,full,0.9610446691513062,13.990903854370117,36.672345887430936
minecraft,9,O-ET2X-R-PreviousRawEdge-Point,71,wall-seam,1.3173828125,17.23958396911621,35.76553579779287
minecraft,9,O-ET2X-R-PreviousRawEdge-Point,71,seam-wide,1.2475981712341309,12.34023380279541,37.21756972783168
minecraft,10,ABL-ET2X-R-PreviousRawEdge-BilinearRGB,71,full,0.8704565167427063,11.6976900100708,37.44980252534357
minecraft,10,ABL-ET2X-R-PreviousRawEdge-BilinearRGB,71,wall-seam,1.2550455331802368,17.25124740600586,35.76259857287116
minecraft,10,ABL-ET2X-R-PreviousRawEdge-BilinearRGB,71,seam-wide,1.2237926721572876,12.595869064331055,37.128522234265915
minecraft,4,O-T2X-R,72,full,1.1607316732406616,16.935962677001953,35.842704729414606
minecraft,4,O-T2X-R,72,wall-seam,1.3955078125,11.55088996887207,37.50464913983467
minecraft,4,O-T2X-R,72,seam-wide,1.2270258665084839,8.569633483886719,38.80118112962144
minecraft,6,O-ET2X-R-CurrentEdge-Point,72,full,0.9575127363204956,14.907901763916016,36.39663838573723
minecraft,6,O-ET2X-R-CurrentEdge-Point,72,wall-seam,1.0789388418197632,8.159125328063965,39.014367567164584
minecraft,6,O-ET2X-R-CurrentEdge-Point,72,seam-wide,1.050096035003662,7.707192420959473,39.26184158970561
minecraft,9,O-ET2X-R-PreviousRawEdge-Point,72,full,0.963015079498291,13.931296348571777,36.69088830169987
minecraft,9,O-ET2X-R-PreviousRawEdge-Point,72,wall-seam,1.1395941972732544,8.439616203308105,38.867576635995256
minecraft,9,O-ET2X-R-PreviousRawEdge-Point,72,seam-wide,1.116967797279358,8.369933128356934,38.90358372659787
minecraft,10,ABL-ET2X-R-PreviousRawEdge-BilinearRGB,72,full,0.8718694448471069,11.625779151916504,37.47658292205824
minecraft,10,ABL-ET2X-R-PreviousRawEdge-BilinearRGB,72,wall-seam,1.0686849355697632,7.9755859375,39.1131776191922
minecraft,10,ABL-ET2X-R-PreviousRawEdge-BilinearRGB,72,seam-wide,1.0321564674377441,7.552830219268799,39.34970638604668
minecraft,4,O-T2X-R,73,full,1.1517890691757202,16.674007415771484,35.910403705542066
minecraft,4,O-T2X-R,73,wall-seam,1.2627495527267456,5.304958820343018,40.883983438213534
minecraft,4,O-T2X-R,73,seam-wide,1.2284576892852783,11.230083465576172,37.62697376778807
minecraft,6,O-ET2X-R-CurrentEdge-Point,73,full,0.9603816270828247,14.720952033996582,36.45144463248138
minecraft,6,O-ET2X-R-CurrentEdge-Point,73,wall-seam,1.06396484375,4.120388507843018,41.981421936557474
minecraft,6,O-ET2X-R-CurrentEdge-Point,73,seam-wide,1.1352214813232422,11.345120429992676,37.58271250527636
minecraft,9,O-ET2X-R-PreviousRawEdge-Point,73,full,0.9648948907852173,13.729284286499023,36.75432462999387
minecraft,9,O-ET2X-R-PreviousRawEdge-Point,73,wall-seam,1.1416015625,4.977105140686035,41.161035456136474
minecraft,9,O-ET2X-R-PreviousRawEdge-Point,73,seam-wide,1.0770978927612305,7.915419578552246,39.14606420087688
minecraft,10,ABL-ET2X-R-PreviousRawEdge-BilinearRGB,73,full,0.8745830655097961,11.450400352478027,37.54259689228478
minecraft,10,ABL-ET2X-R-PreviousRawEdge-BilinearRGB,73,wall-seam,1.0339083671569824,4.060601234436035,42.04490018555233
minecraft,10,ABL-ET2X-R-PreviousRawEdge-BilinearRGB,73,seam-wide,1.046133041381836,8.016609191894531,39.09089648524192
minecraft,4,O-T2X-R,74,full,1.1928521394729614,16.92242431640625,35.84617780426322
minecraft,4,O-T2X-R,74,wall-seam,1.1572265625,3.393988609313965,42.82369980434984
minecraft,4,O-T2X-R,74,seam-wide,1.1827495098114014,6.590113639831543,39.941874572410875
minecraft,6,O-ET2X-R-CurrentEdge-Point,74,full,0.9866378307342529,15.341005325317383,36.27226540177263
minecraft,6,O-ET2X-R-CurrentEdge-Point,74,wall-seam,1.2875434160232544,19.95279884338379,35.1307653668571
minecraft,6,O-ET2X-R-CurrentEdge-Point,74,seam-wide,1.1934282779693604,14.183008193969727,36.61312007067083
minecraft,9,O-ET2X-R-PreviousRawEdge-Point,74,full,0.988175630569458,14.160337448120117,36.62006757930101
minecraft,9,O-ET2X-R-PreviousRawEdge-Point,74,wall-seam,1.2552626132965088,17.37874412536621,35.73061971904302
minecraft,9,O-ET2X-R-PreviousRawEdge-Point,74,seam-wide,1.1772253513336182,12.728328704833984,37.08308978574745
minecraft,10,ABL-ET2X-R-PreviousRawEdge-BilinearRGB,74,full,0.8940854668617249,11.678119659423828,37.45707439947398
minecraft,10,ABL-ET2X-R-PreviousRawEdge-BilinearRGB,74,wall-seam,1.2082791328430176,17.79649543762207,35.627458732754754
minecraft,10,ABL-ET2X-R-PreviousRawEdge-BilinearRGB,74,seam-wide,1.1503897905349731,13.098067283630371,36.95873143836485
minecraft,4,O-T2X-R,75,full,1.1943693161010742,16.2055606842041,36.03416299406284
minecraft,4,O-T2X-R,75,wall-seam,1.2530924081802368,5.29052734375,40.89581397515866
minecraft,4,O-T2X-R,75,seam-wide,1.1555906534194946,5.09142541885376,41.06240974429335
minecraft,6,O-ET2X-R-CurrentEdge-Point,75,full,1.0128933191299438,15.590536117553711,36.202193111767
minecraft,6,O-ET2X-R-CurrentEdge-Point,75,wall-seam,1.0262587070465088,4.371527671813965,41.72447129046376
minecraft,6,O-ET2X-R-CurrentEdge-Point,75,seam-wide,1.0682666301727295,8.261113166809082,38.960417893792744
minecraft,9,O-ET2X-R-PreviousRawEdge-Point,75,full,1.0177671909332275,14.450748443603516,36.53190019899261
minecraft,9,O-ET2X-R-PreviousRawEdge-Point,75,wall-seam,1.0736762285232544,4.557942867279053,41.54311483766632
minecraft,9,O-ET2X-R-PreviousRawEdge-Point,75,seam-wide,1.118880033493042,8.793675422668457,38.68909929234608
minecraft,10,ABL-ET2X-R-PreviousRawEdge-BilinearRGB,75,full,0.9201933741569519,11.896682739257812,37.376544808933645
minecraft,10,ABL-ET2X-R-PreviousRawEdge-BilinearRGB,75,wall-seam,1.0240342617034912,4.643283367156982,41.462551725630554
minecraft,10,ABL-ET2X-R-PreviousRawEdge-BilinearRGB,75,seam-wide,1.0573015213012695,8.292364120483398,38.944019970113615
minecraft,4,O-T2X-R,76,full,1.2563902139663696,16.92206382751465,35.846270320560556
minecraft,4,O-T2X-R,76,wall-seam,1.3379991054534912,5.275607585906982,40.90807876801266
minecraft,4,O-T2X-R,76,seam-wide,1.1818996667861938,5.020036697387695,41.123734689390815
minecraft,6,O-ET2X-R-CurrentEdge-Point,76,full,1.0313857793807983,15.056249618530273,36.35363554528909
minecraft,6,O-ET2X-R-CurrentEdge-Point,76,wall-seam,1.0387911796569824,3.9363605976104736,42.179854849350484
minecraft,6,O-ET2X-R-CurrentEdge-Point,76,seam-wide,1.085421085357666,8.578418731689453,38.79673119568291
minecraft,9,O-ET2X-R-PreviousRawEdge-Point,76,full,1.0385799407958984,14.16563892364502,36.618441932535596
minecraft,9,O-ET2X-R-PreviousRawEdge-Point,76,wall-seam,1.0817056894302368,4.109917640686035,41.99247241803025
minecraft,9,O-ET2X-R-PreviousRawEdge-Point,76,seam-wide,1.0875734090805054,7.587979793548584,39.32954195156561
minecraft,10,ABL-ET2X-R-PreviousRawEdge-BilinearRGB,76,full,0.9420866966247559,11.854471206665039,37.39198174729951
minecraft,10,ABL-ET2X-R-PreviousRawEdge-BilinearRGB,76,wall-seam,0.9778103232383728,3.361707925796509,42.86520382795122
minecraft,10,ABL-ET2X-R-PreviousRawEdge-BilinearRGB,76,seam-wide,1.0144569873809814,6.834118366241455,39.78397864403362
minecraft,4,O-T2X-R,77,full,1.2494326829910278,16.787099838256836,35.88104687543081
minecraft,4,O-T2X-R,77,wall-seam,1.5285372734069824,15.97059440612793,36.09759280515442
minecraft,4,O-T2X-R,77,seam-wide,1.312354564666748,10.802876472473145,37.79540950770667
minecraft,6,O-ET2X-R-CurrentEdge-Point,77,full,1.0521923303604126,15.488662719726562,36.23066438170975
minecraft,6,O-ET2X-R-CurrentEdge-Point,77,wall-seam,1.2773979902267456,11.227484703063965,37.627978888391866
minecraft,6,O-ET2X-R-CurrentEdge-Point,77,seam-wide,1.1950541734695435,10.631387710571289,37.864904043682806
minecraft,9,O-ET2X-R-PreviousRawEdge-Point,77,full,1.0643364191055298,14.743673324584961,36.44474661208565
minecraft,9,O-ET2X-R-PreviousRawEdge-Point,77,wall-seam,1.3277994394302368,11.79861068725586,37.41249489695781
minecraft,9,O-ET2X-R-PreviousRawEdge-Point,77,seam-wide,1.1746110916137695,9.058419227600098,38.560279447174594
minecraft,10,ABL-ET2X-R-PreviousRawEdge-BilinearRGB,77,full,0.9614105820655823,12.159104347229004,37.281787753540584
minecraft,10,ABL-ET2X-R-PreviousRawEdge-BilinearRGB,77,wall-seam,1.2143012285232544,9.96885871887207,38.14434919754585
minecraft,10,ABL-ET2X-R-PreviousRawEdge-BilinearRGB,77,seam-wide,1.09731924533844,8.151267051696777,39.01855239147555
minecraft,4,O-T2X-R,78,full,1.3602147102355957,18.433826446533203,35.47464866553548
minecraft,4,O-T2X-R,78,wall-seam,1.4405381679534912,10.38975715637207,37.96474964117288
minecraft,4,O-T2X-R,78,seam-wide,1.3741363286972046,11.087822914123535,37.68234079750352
minecraft,6,O-ET2X-R-CurrentEdge-Point,78,full,1.0767848491668701,15.67920970916748,36.177561920346236
minecraft,6,O-ET2X-R-CurrentEdge-Point,78,wall-seam,1.0882161855697632,5.462456703186035,40.756923532037405
minecraft,6,O-ET2X-R-CurrentEdge-Point,78,seam-wide,1.075656771659851,7.43507719039917,39.417948791746454
minecraft,9,O-ET2X-R-PreviousRawEdge-Point,78,full,1.078877329826355,14.409493446350098,36.54431647043632
minecraft,9,O-ET2X-R-PreviousRawEdge-Point,78,wall-seam,1.1453993320465088,5.886501789093018,40.43223080517579
minecraft,9,O-ET2X-R-PreviousRawEdge-Point,78,seam-wide,1.1170971393585205,7.706887722015381,39.262013288657286
minecraft,10,ABL-ET2X-R-PreviousRawEdge-BilinearRGB,78,full,0.9815037846565247,12.061418533325195,37.3168197304994
minecraft,10,ABL-ET2X-R-PreviousRawEdge-BilinearRGB,78,wall-seam,1.0418294668197632,4.708170413970947,41.40228186962486
minecraft,10,ABL-ET2X-R-PreviousRawEdge-BilinearRGB,78,seam-wide,1.0522300004959106,7.133872985839844,39.597549881391856
minecraft,4,O-T2X-R,79,full,1.2735568284988403,17.107959747314453,35.798821411173535
minecraft,4,O-T2X-R,79,wall-seam,1.2799478769302368,4.2197265625,41.87796051196492
minecraft,4,O-T2X-R,79,seam-wide,1.270627737045288,9.862561225891113,38.19090648581067
minecraft,6,O-ET2X-R-CurrentEdge-Point,79,full,1.072234869003296,16.15018081665039,36.04902971833364
minecraft,6,O-ET2X-R-CurrentEdge-Point,79,wall-seam,1.1482205390930176,3.8701171875,42.25356245173533
minecraft,6,O-ET2X-R-CurrentEdge-Point,79,seam-wide,1.1593966484069824,8.799034118652344,38.68645359167955
minecraft,9,O-ET2X-R-PreviousRawEdge-Point,79,full,1.0750646591186523,14.916069984436035,36.39425948515522
minecraft,9,O-ET2X-R-PreviousRawEdge-Point,79,wall-seam,1.1968315839767456,4.060980796813965,42.0444942502413
minecraft,9,O-ET2X-R-PreviousRawEdge-Point,79,seam-wide,1.1621309518814087,7.927696704864502,39.13933334164069
minecraft,10,ABL-ET2X-R-PreviousRawEdge-BilinearRGB,79,full,0.9740307927131653,12.539959907531738,37.14784212887213
minecraft,10,ABL-ET2X-R-PreviousRawEdge-BilinearRGB,79,wall-seam,1.0923936367034912,3.4246418476104736,42.78465201605778
minecraft,10,ABL-ET2X-R-PreviousRawEdge-BilinearRGB,79,seam-wide,1.0815781354904175,7.3540167808532715,39.46555744333753
minecraft,4,O-T2X-R,80,full,1.4436781406402588,18.165264129638672,35.538386438213585
minecraft,4,O-T2X-R,80,wall-seam,1.2957357168197632,3.80029296875,42.33263282722932
minecraft,4,O-T2X-R,80,seam-wide,1.2751635313034058,6.649345874786377,39.90301436909698
minecraft,6,O-ET2X-R-CurrentEdge-Point,80,full,1.1545171737670898,16.273847579956055,36.015901167697024
minecraft,6,O-ET2X-R-CurrentEdge-Point,80,wall-seam,1.2801649570465088,9.972981452941895,38.142553494975814
minecraft,6,O-ET2X-R-CurrentEdge-Point,80,seam-wide,1.1593503952026367,9.657299995422363,38.28224638281844
minecraft,9,O-ET2X-R-PreviousRawEdge-Point,80,full,1.1634811162948608,15.311467170715332,36.28063553342956
minecraft,9,O-ET2X-R-PreviousRawEdge-Point,80,wall-seam,1.3138563632965088,10.344563484191895,37.98368191666689
minecraft,9,O-ET2X-R-PreviousRawEdge-Point,80,seam-wide,1.1139378547668457,7.002678871154785,39.678161499394804
minecraft,10,ABL-ET2X-R-PreviousRawEdge-BilinearRGB,80,full,1.0583416223526,12.848753929138184,37.042193489935464
minecraft,10,ABL-ET2X-R-PreviousRawEdge-BilinearRGB,80,wall-seam,1.21923828125,8.94091796875,38.616982505399776
minecraft,10,ABL-ET2X-R-PreviousRawEdge-BilinearRGB,80,seam-wide,1.0752410888671875,6.703349590301514,39.86788491738268
minecraft,4,O-T2X-R,81,full,1.3555022478103638,17.37180519104004,35.732354103671454
minecraft,4,O-T2X-R,81,wall-seam,1.3158637285232544,6.647677898406982,39.90410392560778
minecraft,4,O-T2X-R,81,seam-wide,1.2344344854354858,6.654565334320068,39.899606675592906
minecraft,6,O-ET2X-R-CurrentEdge-Point,81,full,1.1140328645706177,15.665240287780762,36.181432999931864
minecraft,6,O-ET2X-R-CurrentEdge-Point,81,wall-seam,1.1373155117034912,6.285210609436035,40.14760525944831
minecraft,6,O-ET2X-R-CurrentEdge-Point,81,seam-wide,1.0380315780639648,6.378607273101807,40.08354497136526
minecraft,9,O-ET2X-R-PreviousRawEdge-Point,81,full,1.1183675527572632,14.604177474975586,36.486032588625946
minecraft,9,O-ET2X-R-PreviousRawEdge-Point,81,wall-seam,1.1896700859069824,6.587239742279053,39.94376891011618
minecraft,9,O-ET2X-R-PreviousRawEdge-Point,81,seam-wide,1.0757676362991333,6.624210357666016,39.91946245466238
minecraft,10,ABL-ET2X-R-PreviousRawEdge-BilinearRGB,81,full,1.0147664546966553,12.4198637008667,37.189635310729436
minecraft,10,ABL-ET2X-R-PreviousRawEdge-BilinearRGB,81,wall-seam,1.1053602695465088,5.923285484313965,40.40517696051659
minecraft,10,ABL-ET2X-R-PreviousRawEdge-BilinearRGB,81,seam-wide,1.0328123569488525,6.509533405303955,39.99530500834906
minecraft,4,O-T2X-R,82,full,1.4723151922225952,19.30996322631836,35.27298914153364
minecraft,4,O-T2X-R,82,wall-seam,1.32373046875,4.227593421936035,41.86987147393396
minecraft,4,O-T2X-R,82,seam-wide,1.2400232553482056,6.200282573699951,40.2066887824028
minecraft,6,O-ET2X-R-CurrentEdge-Point,82,full,1.142580509185791,15.903712272644043,36.11581850928187
minecraft,6,O-ET2X-R-CurrentEdge-Point,82,wall-seam,1.0093858242034912,3.307237386703491,42.93614992069927
minecraft,6,O-ET2X-R-CurrentEdge-Point,82,seam-wide,1.1102150678634644,8.225261688232422,38.97930636866275
minecraft,9,O-ET2X-R-PreviousRawEdge-Point,82,full,1.1487210988998413,14.796065330505371,36.429341206376826
minecraft,9,O-ET2X-R-PreviousRawEdge-Point,82,wall-seam,1.0659722089767456,3.5310330390930176,42.65178579688655
minecraft,9,O-ET2X-R-PreviousRawEdge-Point,82,seam-wide,1.118676781654358,7.374801158905029,39.45330045608148
minecraft,10,ABL-ET2X-R-PreviousRawEdge-BilinearRGB,82,full,1.0395548343658447,12.510025024414062,37.15822182433158
minecraft,10,ABL-ET2X-R-PreviousRawEdge-BilinearRGB,82,wall-seam,0.9695095419883728,2.998589515686035,43.361633426822046
minecraft,10,ABL-ET2X-R-PreviousRawEdge-BilinearRGB,82,seam-wide,1.0551583766937256,7.084404945373535,39.62776983319544
minecraft,4,O-T2X-R,83,full,1.4634774923324585,18.51662254333496,35.455185871914594
minecraft,4,O-T2X-R,83,wall-seam,1.4546440839767456,13.720703125,36.75703993266624
minecraft,4,O-T2X-R,83,seam-wide,1.2941192388534546,10.556784629821777,37.895486993143884
minecraft,6,O-ET2X-R-CurrentEdge-Point,83,full,1.2123878002166748,16.369070053100586,35.990563535560824
minecraft,6,O-ET2X-R-CurrentEdge-Point,83,wall-seam,1.2073025703430176,9.19688606262207,38.494395546898005
minecraft,6,O-ET2X-R-CurrentEdge-Point,83,seam-wide,1.1524498462677002,8.101069450378418,39.04538005478222
minecraft,9,O-ET2X-R-PreviousRawEdge-Point,83,full,1.2182115316390991,15.162261962890625,36.3231636506514
minecraft,9,O-ET2X-R-PreviousRawEdge-Point,83,wall-seam,1.2528212070465088,9.647786140441895,38.28652692839598
minecraft,9,O-ET2X-R-PreviousRawEdge-Point,83,seam-wide,1.183229923248291,8.466864585876465,38.85357746894874
minecraft,10,ABL-ET2X-R-PreviousRawEdge-BilinearRGB,83,full,1.104275107383728,12.781096458435059,37.0651224840531
minecraft,10,ABL-ET2X-R-PreviousRawEdge-BilinearRGB,83,wall-seam,1.1541341543197632,8.32980728149414,38.924454071864346
minecraft,10,ABL-ET2X-R-PreviousRawEdge-BilinearRGB,83,seam-wide,1.0921368598937988,6.968425750732422,39.69945683916355
minecraft,4,O-T2X-R,84,full,1.522347092628479,19.721927642822266,35.18130999769475
minecraft,4,O-T2X-R,84,wall-seam,1.3722872734069824,9.48621940612793,38.359871956681545
minecraft,4,O-T2X-R,84,seam-wide,1.2804844379425049,9.82314395904541,38.20829852150374
minecraft,6,O-ET2X-R-CurrentEdge-Point,84,full,1.2472608089447021,17.13392448425293,35.792235124004634
minecraft,6,O-ET2X-R-CurrentEdge-Point,84,wall-seam,1.0914713144302368,7.391167640686035,39.44367308149755
minecraft,6,O-ET2X-R-CurrentEdge-Point,84,seam-wide,1.1122196912765503,8.085485458374023,39.05374260488984
minecraft,9,O-ET2X-R-PreviousRawEdge-Point,84,full,1.2524771690368652,15.879767417907715,36.122362235991865
minecraft,9,O-ET2X-R-PreviousRawEdge-Point,84,wall-seam,1.1329209804534912,7.51866340637207,39.3693971799298
minecraft,9,O-ET2X-R-PreviousRawEdge-Point,84,seam-wide,1.1256327629089355,7.413239479064941,39.43072330966521
minecraft,10,ABL-ET2X-R-PreviousRawEdge-BilinearRGB,84,full,1.1343069076538086,13.255075454711914,36.90698156564038
minecraft,10,ABL-ET2X-R-PreviousRawEdge-BilinearRGB,84,wall-seam,1.0490994453430176,6.89588737487793,39.74490200984616
minecraft,10,ABL-ET2X-R-PreviousRawEdge-BilinearRGB,84,seam-wide,1.053458571434021,6.952157974243164,39.70960728819331
minecraft,4,O-T2X-R,85,full,1.5388728380203247,21.177324295043945,34.87209273713313
minecraft,4,O-T2X-R,85,wall-seam,1.3547635078430176,5.026529788970947,41.118121001885626
minecraft,4,O-T2X-R,85,seam-wide,1.2809925079345703,13.628255844116211,36.78640082857532
minecraft,6,O-ET2X-R-CurrentEdge-Point,85,full,1.2716071605682373,18.084619522094727,35.55770984689981
minecraft,6,O-ET2X-R-CurrentEdge-Point,85,wall-seam,1.0883246660232544,3.9103732109069824,42.208621518857214
minecraft,6,O-ET2X-R-CurrentEdge-Point,85,seam-wide,1.1233233213424683,8.384214401245117,38.89617985301838
minecraft,9,O-ET2X-R-PreviousRawEdge-Point,85,full,1.276496410369873,16.77384376525879,35.88447767268262
minecraft,9,O-ET2X-R-PreviousRawEdge-Point,85,wall-seam,1.13525390625,4.079372882843018,42.02486956222639
minecraft,9,O-ET2X-R-PreviousRawEdge-Point,85,seam-wide,1.1315910816192627,7.5924601554870605,39.32697839408001
minecraft,10,ABL-ET2X-R-PreviousRawEdge-BilinearRGB,85,full,1.158747673034668,14.346723556518555,36.563276307940335
minecraft,10,ABL-ET2X-R-PreviousRawEdge-BilinearRGB,85,wall-seam,1.0449761152267456,3.5997722148895264,42.568053403635034
minecraft,10,ABL-ET2X-R-PreviousRawEdge-BilinearRGB,85,seam-wide,1.078880786895752,7.395420074462891,39.441175130502444
minecraft,4,O-T2X-R,86,full,1.6607588529586792,22.770854949951172,34.5570102401317
minecraft,4,O-T2X-R,86,wall-seam,1.3504232168197632,4.687662601470947,41.42124015450147
minecraft,4,O-T2X-R,86,seam-wide,1.2810016870498657,8.142990112304688,39.022964534205386
minecraft,6,O-ET2X-R-CurrentEdge-Point,86,full,1.3556262254714966,19.315399169921875,35.271766732121755
minecraft,6,O-ET2X-R-CurrentEdge-Point,86,wall-seam,1.2230902910232544,8.81239128112793,38.67986588746182
minecraft,6,O-ET2X-R-CurrentEdge-Point,86,seam-wide,1.152893304824829,7.801694393157959,39.208914266794494
minecraft,9,O-ET2X-R-PreviousRawEdge-Point,86,full,1.3641772270202637,18.0111026763916,35.57540058841675
minecraft,9,O-ET2X-R-PreviousRawEdge-Point,86,wall-seam,1.2546114921569824,9.12950325012207,38.52633213300754
minecraft,9,O-ET2X-R-PreviousRawEdge-Point,86,seam-wide,1.1654102802276611,7.688375473022461,39.27245776285476
minecraft,10,ABL-ET2X-R-PreviousRawEdge-BilinearRGB,86,full,1.233352780342102,15.423162460327148,36.24906927603654
minecraft,10,ABL-ET2X-R-PreviousRawEdge-BilinearRGB,86,wall-seam,1.1680229902267456,7.73790168762207,39.24457153290189
minecraft,10,ABL-ET2X-R-PreviousRawEdge-BilinearRGB,86,seam-wide,1.0747514963150024,6.655396461486816,39.899064293956826
minecraft,4,O-T2X-R,87,full,1.6791338920593262,22.57774543762207,34.59399788774345
minecraft,4,O-T2X-R,87,wall-seam,1.4651693105697632,8.89084243774414,38.64137447059727
minecraft,4,O-T2X-R,87,seam-wide,1.2037652730941772,7.1634521484375,39.57957996701596
minecraft,6,O-ET2X-R-CurrentEdge-Point,87,full,1.4200968742370605,20.170665740966797,35.08360128353865
minecraft,6,O-ET2X-R-CurrentEdge-Point,87,wall-seam,1.4950087070465088,12.914713859558105,37.019955725491755
minecraft,6,O-ET2X-R-CurrentEdge-Point,87,seam-wide,1.2192753553390503,12.337573051452637,37.218506237009485
minecraft,9,O-ET2X-R-PreviousRawEdge-Point,87,full,1.422965407371521,18.51609230041504,35.45531023847814
minecraft,9,O-ET2X-R-PreviousRawEdge-Point,87,wall-seam,1.5277235507965088,12.82568359375,37.049998390854874
minecraft,9,O-ET2X-R-PreviousRawEdge-Point,87,seam-wide,1.201317310333252,10.290904998779297,38.00626791868999
minecraft,10,ABL-ET2X-R-PreviousRawEdge-BilinearRGB,87,full,1.2923622131347656,15.868441581726074,36.12546083494927
minecraft,10,ABL-ET2X-R-PreviousRawEdge-BilinearRGB,87,wall-seam,1.41796875,11.61404037475586,37.48097029397641
minecraft,10,ABL-ET2X-R-PreviousRawEdge-BilinearRGB,87,seam-wide,1.1502974033355713,9.852086067199707,38.195521637151934
minecraft,4,O-T2X-R,88,full,1.739515781402588,22.602649688720703,34.5892100677639
minecraft,4,O-T2X-R,88,wall-seam,1.7369248867034912,24.69319725036621,34.205030352821296
minecraft,4,O-T2X-R,88,seam-wide,1.3154860734939575,11.911447525024414,37.371158190382936
minecraft,6,O-ET2X-R-CurrentEdge-Point,88,full,1.4568897485733032,20.175697326660156,35.08251806822652
minecraft,6,O-ET2X-R-CurrentEdge-Point,88,wall-seam,1.1856011152267456,7.558322429656982,39.346549463705294
minecraft,6,O-ET2X-R-CurrentEdge-Point,88,seam-wide,1.1580848693847656,9.332806587219238,38.4306809525103
minecraft,9,O-ET2X-R-PreviousRawEdge-Point,88,full,1.4662352800369263,18.82823371887207,35.38270780210061
minecraft,9,O-ET2X-R-PreviousRawEdge-Point,88,wall-seam,1.2469075918197632,7.746907711029053,39.23951978623861
minecraft,9,O-ET2X-R-PreviousRawEdge-Point,88,seam-wide,1.169992208480835,8.590621948242188,38.790557536243696
minecraft,10,ABL-ET2X-R-PreviousRawEdge-BilinearRGB,88,full,1.3252378702163696,15.831209182739258,36.135662734638174
minecraft,10,ABL-ET2X-R-PreviousRawEdge-BilinearRGB,88,wall-seam,1.1488173007965088,6.885687828063965,39.7513303137849
minecraft,10,ABL-ET2X-R-PreviousRawEdge-BilinearRGB,88,seam-wide,1.1101781129837036,8.137373924255371,39.0259608794596
minecraft,4,O-T2X-R,89,full,1.776208519935608,22.594579696655273,34.59076093851767
minecraft,4,O-T2X-R,89,wall-seam,1.5855034589767456,11.62489128112793,37.47691460916844
minecraft,4,O-T2X-R,89,seam-wide,1.2804844379425049,9.374191284179688,38.411465496380465
minecraft,6,O-ET2X-R-CurrentEdge-Point,89,full,1.5023514032363892,20.45958137512207,35.0218361752962
minecraft,6,O-ET2X-R-CurrentEdge-Point,89,wall-seam,1.3018120527267456,6.856390953063965,39.76984787670742
minecraft,6,O-ET2X-R-CurrentEdge-Point,89,seam-wide,1.193557620048523,8.126565933227539,39.03173297600685
minecraft,9,O-ET2X-R-PreviousRawEdge-Point,89,full,1.5100314617156982,19.10809898376465,35.31862878518713
minecraft,9,O-ET2X-R-PreviousRawEdge-Point,89,wall-seam,1.2836371660232544,5.921549320220947,40.406450100249
minecraft,9,O-ET2X-R-PreviousRawEdge-Point,89,seam-wide,1.2004120349884033,7.938726425170898,39.133295247990525
minecraft,10,ABL-ET2X-R-PreviousRawEdge-BilinearRGB,89,full,1.3598101139068604,15.917274475097656,36.11211655617062
minecraft,10,ABL-ET2X-R-PreviousRawEdge-BilinearRGB,89,wall-seam,1.15771484375,4.93299674987793,41.199695315421046
minecraft,10,ABL-ET2X-R-PreviousRawEdge-BilinearRGB,89,seam-wide,1.1027417182922363,6.784207344055176,39.8158124818132
minecraft,4,O-T2X-R,90,full,1.8166866302490234,23.053037643432617,34.50352201430271
minecraft,4,O-T2X-R,90,wall-seam,1.3872612714767456,6.016275882720947,40.337526177929334
minecraft,4,O-T2X-R,90,seam-wide,1.3002992868423462,9.752448081970215,38.23966713883452
minecraft,6,O-ET2X-R-CurrentEdge-Point,90,full,1.5073862075805664,20.23248863220215,35.07031055815344
minecraft,6,O-ET2X-R-CurrentEdge-Point,90,wall-seam,1.1778428554534912,5.437825679779053,40.7765507955896
minecraft,6,O-ET2X-R-CurrentEdge-Point,90,seam-wide,1.1155266761779785,8.858736991882324,38.65708552813351
minecraft,9,O-ET2X-R-PreviousRawEdge-Point,90,full,1.5211085081100464,19.02414321899414,35.33775254092414
minecraft,9,O-ET2X-R-PreviousRawEdge-Point,90,wall-seam,1.2200521230697632,5.5390625,40.69644095332712
minecraft,9,O-ET2X-R-PreviousRawEdge-Point,90,seam-wide,1.145503044128418,8.794230461120605,38.68882518337747
minecraft,10,ABL-ET2X-R-PreviousRawEdge-BilinearRGB,90,full,1.3750882148742676,16.158824920654297,36.04670585433734
minecraft,10,ABL-ET2X-R-PreviousRawEdge-BilinearRGB,90,wall-seam,1.1385091543197632,5.14306640625,41.0185822898669
minecraft,10,ABL-ET2X-R-PreviousRawEdge-BilinearRGB,90,seam-wide,1.0685807466506958,7.730647087097168,39.2486451318584
minecraft,4,O-T2X-R,91,full,1.7911698818206787,22.613433837890625,34.58713846129114
minecraft,4,O-T2X-R,91,wall-seam,1.5050455331802368,10.735514640808105,37.82257492318669
minecraft,4,O-T2X-R,91,seam-wide,1.3139433860778809,13.827430725097656,36.72338869520103
minecraft,6,O-ET2X-R-CurrentEdge-Point,91,full,1.5212322473526,20.129384994506836,35.09249854611754
minecraft,6,O-ET2X-R-CurrentEdge-Point,91,wall-seam,1.1615126132965088,5.326009273529053,40.86678442580424
minecraft,6,O-ET2X-R-CurrentEdge-Point,91,seam-wide,1.1302423477172852,9.598981857299805,38.30855190037285
minecraft,9,O-ET2X-R-PreviousRawEdge-Point,91,full,1.5363467931747437,18.81843376159668,35.384968861444534
minecraft,9,O-ET2X-R-PreviousRawEdge-Point,91,wall-seam,1.2206488847732544,6.012423992156982,40.340307617139565
minecraft,9,O-ET2X-R-PreviousRawEdge-Point,91,seam-wide,1.1339374780654907,8.571527481079102,38.80022139003971
minecraft,10,ABL-ET2X-R-PreviousRawEdge-BilinearRGB,91,full,1.3849414587020874,15.946523666381836,36.10414339120998
minecraft,10,ABL-ET2X-R-PreviousRawEdge-BilinearRGB,91,wall-seam,1.0710721015930176,4.471137046813965,41.62662379042175
minecraft,10,ABL-ET2X-R-PreviousRawEdge-BilinearRGB,91,seam-wide,1.026983380317688,7.076737403869629,39.632472803066364
minecraft,4,O-T2X-R,92,full,1.909590721130371,23.2300968170166,34.47029341037178
minecraft,4,O-T2X-R,92,wall-seam,1.4826931953430176,6.594780921936035,39.93879987971821
minecraft,4,O-T2X-R,92,seam-wide,1.3522059917449951,10.635119438171387,37.86337989238707
minecraft,6,O-ET2X-R-CurrentEdge-Point,92,full,1.583551287651062,21.035072326660156,34.90136351241047
minecraft,6,O-ET2X-R-CurrentEdge-Point,92,wall-seam,1.2510850429534912,6.884331703186035,39.75218573385431
minecraft,6,O-ET2X-R-CurrentEdge-Point,92,seam-wide,1.1730499267578125,8.66421890258789,38.753509446069444
minecraft,9,O-ET2X-R-PreviousRawEdge-Point,92,full,1.5910978317260742,19.491365432739258,35.232380969615356
minecraft,9,O-ET2X-R-PreviousRawEdge-Point,92,wall-seam,1.2008463144302368,5.123589515686035,41.03506032576976
minecraft,9,O-ET2X-R-PreviousRawEdge-Point,92,seam-wide,1.1790636777877808,8.427428245544434,38.873852974140604
minecraft,10,ABL-ET2X-R-PreviousRawEdge-BilinearRGB,92,full,1.430164098739624,16.30425453186035,36.00779414217853
minecraft,10,ABL-ET2X-R-PreviousRawEdge-BilinearRGB,92,wall-seam,1.1566298007965088,5.116048336029053,41.041457218612294
minecraft,10,ABL-ET2X-R-PreviousRawEdge-BilinearRGB,92,seam-wide,1.114251971244812,7.521486759185791,39.36776665556884
minecraft,4,O-T2X-R,93,full,1.873259425163269,23.71103858947754,34.38129783532472
minecraft,4,O-T2X-R,93,wall-seam,1.6285264492034912,14.045735359191895,36.65535879410836
minecraft,4,O-T2X-R,93,seam-wide,1.3315320014953613,10.466346740722656,37.93285242437505
minecraft,6,O-ET2X-R-CurrentEdge-Point,93,full,1.556156039237976,20.982683181762695,34.912193376145694
minecraft,6,O-ET2X-R-CurrentEdge-Point,93,wall-seam,1.2928602695465088,6.963324546813965,39.702637236119486
minecraft,6,O-ET2X-R-CurrentEdge-Point,93,seam-wide,1.1873406171798706,9.236466407775879,38.4757450578593
minecraft,9,O-ET2X-R-PreviousRawEdge-Point,93,full,1.5730822086334229,19.753742218017578,35.1743097884562
minecraft,9,O-ET2X-R-PreviousRawEdge-Point,93,wall-seam,1.3397352695465088,7.0361328125,39.65746332357714
minecraft,9,O-ET2X-R-PreviousRawEdge-Point,93,seam-wide,1.220827341079712,9.289149284362793,38.451044184592334
minecraft,10,ABL-ET2X-R-PreviousRawEdge-BilinearRGB,93,full,1.408864140510559,16.619821548461914,35.92454004532595
minecraft,10,ABL-ET2X-R-PreviousRawEdge-BilinearRGB,93,wall-seam,1.2591688632965088,6.748101234436035,39.83898771653377
minecraft,10,ABL-ET2X-R-PreviousRawEdge-BilinearRGB,93,seam-wide,1.142011284828186,8.575278282165527,38.79832138339938
minecraft,4,O-T2X-R,94,full,1.9804373979568481,25.011011123657227,34.14949111498525
minecraft,4,O-T2X-R,94,wall-seam,1.49658203125,8.42800521850586,38.87355565022546
minecraft,4,O-T2X-R,94,seam-wide,1.3365296125411987,11.609355926513672,37.482722346108275
minecraft,6,O-ET2X-R-CurrentEdge-Point,94,full,1.5923373699188232,21.192720413208008,34.86893652169756
minecraft,6,O-ET2X-R-CurrentEdge-Point,94,wall-seam,1.220703125,5.283745765686035,40.901384480677265
minecraft,6,O-ET2X-R-CurrentEdge-Point,94,seam-wide,1.22878098487854,11.625097274780273,37.47683765265183
minecraft,9,O-ET2X-R-PreviousRawEdge-Point,94,full,1.6134414672851562,20.029020309448242,35.114206539410915
minecraft,9,O-ET2X-R-PreviousRawEdge-Point,94,wall-seam,1.2151150703430176,4.18907356262207,41.909623739704465
minecraft,9,O-ET2X-R-PreviousRawEdge-Point,94,seam-wide,1.1495307683944702,7.878958225250244,39.16611563040162
minecraft,10,ABL-ET2X-R-PreviousRawEdge-BilinearRGB,94,full,1.4447450637817383,16.773590087890625,35.88454335322419
minecraft,10,ABL-ET2X-R-PreviousRawEdge-BilinearRGB,94,wall-seam,1.1621636152267456,4.220865726470947,41.87678824202786
minecraft,10,ABL-ET2X-R-PreviousRawEdge-BilinearRGB,94,seam-wide,1.07147216796875,6.898597717285156,39.743195404983695
minecraft,4,O-T2X-R,95,full,2.0106329917907715,24.281129837036133,34.27811469627211
minecraft,4,O-T2X-R,95,wall-seam,1.3804253339767456,7.148980140686035,39.58836270236601
minecraft,4,O-T2X-R,95,seam-wide,1.2880593538284302,9.210906028747559,38.48778009288605
minecraft,6,O-ET2X-R-CurrentEdge-Point,95,full,1.635507345199585,21.30916404724121,34.84513948074935
minecraft,6,O-ET2X-R-CurrentEdge-Point,95,wall-seam,1.2970919609069824,6.49305534362793,40.00631256265633
minecraft,6,O-ET2X-R-CurrentEdge-Point,95,seam-wide,1.1914699077606201,8.310857772827148,38.93434510756424
minecraft,9,O-ET2X-R-PreviousRawEdge-Point,95,full,1.657261610031128,19.857545852661133,35.151547868246396
minecraft,9,O-ET2X-R-PreviousRawEdge-Point,95,wall-seam,1.2312283515930176,4.732747554779053,41.37967021092579
minecraft,9,O-ET2X-R-PreviousRawEdge-Point,95,seam-wide,1.2264069318771362,8.827892303466797,38.67223334554028
minecraft,10,ABL-ET2X-R-PreviousRawEdge-BilinearRGB,95,full,1.4748793840408325,16.25908660888672,36.01984216403362
minecraft,10,ABL-ET2X-R-PreviousRawEdge-BilinearRGB,95,wall-seam,1.1958550214767456,4.62391471862793,41.48070545310724
minecraft,10,ABL-ET2X-R-PreviousRawEdge-BilinearRGB,95,seam-wide,1.1733547449111938,8.123434066772461,39.033407009651576
minecraft,4,O-T2X-R,96,full,2.062906503677368,25.090679168701172,34.13567943665412
minecraft,4,O-T2X-R,96,wall-seam,1.6630316972732544,10.429633140563965,37.94811328359958
minecraft,4,O-T2X-R,96,seam-wide,1.3438550233840942,10.021773338317871,38.12135784755504
minecraft,6,O-ET2X-R-CurrentEdge-Point,96,full,1.6435832977294922,21.383811950683594,34.82995234289816
minecraft,6,O-ET2X-R-CurrentEdge-Point,96,wall-seam,1.2073025703430176,6.63037109375,39.91542524852619
minecraft,6,O-ET2X-R-CurrentEdge-Point,96,seam-wide,1.1810590028762817,9.816354751586914,38.21130115970406
minecraft,9,O-ET2X-R-PreviousRawEdge-Point,96,full,1.6682400703430176,20.218215942382812,35.07337530115501
minecraft,9,O-ET2X-R-PreviousRawEdge-Point,96,wall-seam,1.1848958730697632,5.404513835906982,40.80323727866113
minecraft,9,O-ET2X-R-PreviousRawEdge-Point,96,seam-wide,1.193843960762024,9.556719779968262,38.32771508959571
minecraft,10,ABL-ET2X-R-PreviousRawEdge-BilinearRGB,96,full,1.4903419017791748,17.015689849853516,35.8223079991851
minecraft,10,ABL-ET2X-R-PreviousRawEdge-BilinearRGB,96,wall-seam,1.1209310293197632,5.145236492156982,41.01675019693974
minecraft,10,ABL-ET2X-R-PreviousRawEdge-BilinearRGB,96,seam-wide,1.1290600299835205,8.981514930725098,38.59730764672279
minecraft,4,O-T2X-R,97,full,2.0319883823394775,24.800691604614258,34.18616568917517
minecraft,4,O-T2X-R,97,wall-seam,1.3220486640930176,5.16015625,41.00417508565233
minecraft,4,O-T2X-R,97,seam-wide,1.4069855213165283,16.685373306274414,35.90744433182979
minecraft,6,O-ET2X-R-CurrentEdge-Point,97,full,1.657880425453186,22.02503204345703,34.701638119433504
minecraft,6,O-ET2X-R-CurrentEdge-Point,97,wall-seam,1.1638455390930176,6.365885257720947,40.092215544792076
minecraft,6,O-ET2X-R-CurrentEdge-Point,97,seam-wide,1.2649465799331665,11.803412437438965,37.410727782650916
minecraft,9,O-ET2X-R-PreviousRawEdge-Point,97,full,1.6818866729736328,20.805233001708984,34.949077769663006
minecraft,9,O-ET2X-R-PreviousRawEdge-Point,97,wall-seam,1.1589627265930176,5.366644859313965,40.833775043070624
minecraft,9,O-ET2X-R-PreviousRawEdge-Point,97,seam-wide,1.2322728633880615,10.009958267211914,38.12648094013703
minecraft,10,ABL-ET2X-R-PreviousRawEdge-BilinearRGB,97,full,1.5009269714355469,17.528486251831055,35.69335948531263
minecraft,10,ABL-ET2X-R-PreviousRawEdge-BilinearRGB,97,wall-seam,1.076171875,5.045138835906982,41.10207238889896
minecraft,10,ABL-ET2X-R-PreviousRawEdge-BilinearRGB,97,seam-wide,1.1493829488754272,8.79249382019043,38.68968289122961
minecraft,4,O-T2X-R,98,full,2.07588791847229,25.82332992553711,34.01068116932861
minecraft,4,O-T2X-R,98,wall-seam,1.4999457597732544,9.448187828063965,38.3773184249013
minecraft,4,O-T2X-R,98,seam-wide,1.4089716672897339,12.91948413848877,37.018351877878274
minecraft,6,O-ET2X-R-CurrentEdge-Point,98,full,1.6738533973693848,21.63909912109375,34.778411846035226
minecraft,6,O-ET2X-R-CurrentEdge-Point,98,wall-seam,1.2540147304534912,7.568359375,39.34078615001412
minecraft,6,O-ET2X-R-CurrentEdge-Point,98,seam-wide,1.233122706413269,10.198943138122559,38.0452519038658
minecraft,9,O-ET2X-R-PreviousRawEdge-Point,98,full,1.7014786005020142,20.44559669494629,35.02480571116168
minecraft,9,O-ET2X-R-PreviousRawEdge-Point,98,wall-seam,1.1939018964767456,5.8291015625,40.474787386160486
minecraft,9,O-ET2X-R-PreviousRawEdge-Point,98,seam-wide,1.2550067901611328,10.072654724121094,38.099364136418544
minecraft,10,ABL-ET2X-R-PreviousRawEdge-BilinearRGB,98,full,1.5089958906173706,16.93100357055664,35.84397659567155
minecraft,10,ABL-ET2X-R-PreviousRawEdge-BilinearRGB,98,wall-seam,1.1324869394302368,5.599283695220947,40.64947888702857
minecraft,10,ABL-ET2X-R-PreviousRawEdge-BilinearRGB,98,seam-wide,1.1921627521514893,9.63413143157959,38.29267794079405
minecraft,4,O-T2X-R,99,full,2.05507755279541,24.62486457824707,34.21706510046758
minecraft,4,O-T2X-R,99,wall-seam,1.5239800214767456,9.976996421813965,38.14080544406504
minecraft,4,O-T2X-R,99,seam-wide,1.348871111869812,10.15563678741455,38.06373200769649
minecraft,6,O-ET2X-R-CurrentEdge-Point,99,full,1.6775370836257935,21.707372665405273,34.7647309872008
minecraft,6,O-ET2X-R-CurrentEdge-Point,99,wall-seam,1.1379122734069824,5.459418296813965,40.759339899474696
minecraft,6,O-ET2X-R-CurrentEdge-Point,99,seam-wide,1.2375937700271606,10.865720748901367,37.77021821477922
minecraft,9,O-ET2X-R-PreviousRawEdge-Point,99,full,1.7006064653396606,20.337955474853516,35.04773068653763
minecraft,9,O-ET2X-R-PreviousRawEdge-Point,99,wall-seam,1.1654188632965088,5.348470211029053,40.848507795781856
minecraft,9,O-ET2X-R-PreviousRawEdge-Point,99,seam-wide,1.2579721212387085,10.806045532226562,37.79413567722749
minecraft,10,ABL-ET2X-R-PreviousRawEdge-BilinearRGB,99,full,1.507257103919983,16.905115127563477,35.85062228114819
minecraft,10,ABL-ET2X-R-PreviousRawEdge-BilinearRGB,99,wall-seam,0.9948459267616272,3.8727755546569824,42.25058032536225
minecraft,10,ABL-ET2X-R-PreviousRawEdge-BilinearRGB,99,seam-wide,1.181456208229065,9.981071472167969,38.13903195384923
minecraft,4,O-T2X-R,100,full,2.093400716781616,25.905040740966797,33.99696081227471
minecraft,4,O-T2X-R,100,wall-seam,1.3578559160232544,6.783637046813965,39.816177575836846
minecraft,4,O-T2X-R,100,seam-wide,1.3716975450515747,12.531546592712402,37.150756877004774
minecraft,6,O-ET2X-R-CurrentEdge-Point,100,full,1.6940479278564453,22.10723304748535,34.68545971405732
minecraft,6,O-ET2X-R-CurrentEdge-Point,100,wall-seam,1.2650282382965088,11.69862174987793,37.44945661658567
minecraft,6,O-ET2X-R-CurrentEdge-Point,100,seam-wide,1.4136275053024292,17.33124542236328,35.742505886545274
minecraft,9,O-ET2X-R-PreviousRawEdge-Point,100,full,1.7249372005462646,20.88780975341797,34.93187457597691
minecraft,9,O-ET2X-R-PreviousRawEdge-Point,100,wall-seam,1.2892794609069824,11.26052474975586,37.61521731399368
minecraft,9,O-ET2X-R-PreviousRawEdge-Point,100,seam-wide,1.3916232585906982,15.98435115814209,36.09385348921928
minecraft,10,ABL-ET2X-R-PreviousRawEdge-BilinearRGB,100,full,1.5252066850662231,17.243423461914062,35.76456867185664
minecraft,10,ABL-ET2X-R-PreviousRawEdge-BilinearRGB,100,wall-seam,1.1458333730697632,9.677191734313965,38.273310150509005
minecraft,10,ABL-ET2X-R-PreviousRawEdge-BilinearRGB,100,seam-wide,1.2513394355773926,13.35611343383789,36.87400261994962
minecraft,4,O-T2X-R,101,full,2.074319839477539,24.794048309326172,34.187329178088525
minecraft,4,O-T2X-R,101,wall-seam,1.4788954257965088,13.746039390563965,36.74902776781552
minecraft,4,O-T2X-R,101,seam-wide,1.3544784784317017,11.780835151672363,37.419042818848695
minecraft,6,O-ET2X-R-CurrentEdge-Point,101,full,1.7079423666000366,22.074243545532227,34.69194531047756
minecraft,6,O-ET2X-R-CurrentEdge-Point,101,wall-seam,1.3952364921569824,11.88427734375,37.381075824741885
minecraft,6,O-ET2X-R-CurrentEdge-Point,101,seam-wide,1.3467557430267334,15.407761573791504,36.253408114916475
minecraft,9,O-ET2X-R-PreviousRawEdge-Point,101,full,1.734350323677063,20.785511016845703,34.95319654658917
minecraft,9,O-ET2X-R-PreviousRawEdge-Point,101,wall-seam,1.3754340410232544,11.0869140625,37.68269679653576
minecraft,9,O-ET2X-R-PreviousRawEdge-Point,101,seam-wide,1.3468942642211914,14.238259315490723,36.59623462570261
minecraft,10,ABL-ET2X-R-PreviousRawEdge-BilinearRGB,101,full,1.5375019311904907,17.354475021362305,35.73668880214205
minecraft,10,ABL-ET2X-R-PreviousRawEdge-BilinearRGB,101,wall-seam,1.2278646230697632,9.529730796813965,38.33999728341811
minecraft,10,ABL-ET2X-R-PreviousRawEdge-BilinearRGB,101,seam-wide,1.2543878555297852,12.874348640441895,37.03355095117222
minecraft,4,O-T2X-R,102,full,2.1167025566101074,25.825122833251953,34.01037965015975
minecraft,4,O-T2X-R,102,wall-seam,1.6695963144302368,12.827691078186035,37.049318683466666
minecraft,4,O-T2X-R,102,seam-wide,1.5639618635177612,16.185935974121094,36.03942542724444
minecraft,6,O-ET2X-R-CurrentEdge-Point,102,full,1.7266581058502197,22.568138122558594,34.59584629723372
minecraft,6,O-ET2X-R-CurrentEdge-Point,102,wall-seam,1.4026150703430176,14.82286262512207,36.421482771814446
minecraft,6,O-ET2X-R-CurrentEdge-Point,102,seam-wide,1.3837065696716309,17.701595306396484,35.65067953175923
minecraft,9,O-ET2X-R-PreviousRawEdge-Point,102,full,1.750931978225708,21.248428344726562,34.85753548197116
minecraft,9,O-ET2X-R-PreviousRawEdge-Point,102,wall-seam,1.4669595956802368,15.05702018737793,36.35341328194758
minecraft,9,O-ET2X-R-PreviousRawEdge-Point,102,seam-wide,1.4136921167373657,17.7528076171875,35.638133141118594
minecraft,10,ABL-ET2X-R-PreviousRawEdge-BilinearRGB,102,full,1.5507107973098755,17.536624908447266,35.69134347931405
minecraft,10,ABL-ET2X-R-PreviousRawEdge-BilinearRGB,102,wall-seam,1.3224283456802368,12.18006706237793,37.274306813772526
minecraft,10,ABL-ET2X-R-PreviousRawEdge-BilinearRGB,102,seam-wide,1.3229039907455444,15.278489112854004,36.28999951811059
minecraft,4,O-T2X-R,103,full,2.11303448677063,25.124853134155273,34.12976829074683
minecraft,4,O-T2X-R,103,wall-seam,1.4577364921569824,9.28933334350586,38.450958132494556
minecraft,4,O-T2X-R,103,seam-wide,1.3335180282592773,8.794534683227539,38.68867494885988
minecraft,6,O-ET2X-R-CurrentEdge-Point,103,full,1.7204673290252686,22.335845947265625,34.640779552903155
minecraft,6,O-ET2X-R-CurrentEdge-Point,103,wall-seam,1.2848849296569824,10.131022453308105,38.07427082988208
minecraft,6,O-ET2X-R-CurrentEdge-Point,103,seam-wide,1.3024609088897705,12.362653732299805,37.20968655682341
minecraft,9,O-ET2X-R-PreviousRawEdge-Point,103,full,1.748792290687561,20.936767578125,34.921707289570755
minecraft,9,O-ET2X-R-PreviousRawEdge-Point,103,wall-seam,1.3400607109069824,10.56618881225586,37.891619938328915
minecraft,9,O-ET2X-R-PreviousRawEdge-Point,103,seam-wide,1.297417163848877,11.368048667907715,37.57394436680506
minecraft,10,ABL-ET2X-R-PreviousRawEdge-BilinearRGB,103,full,1.5515310764312744,17.281557083129883,35.75497490656419
minecraft,10,ABL-ET2X-R-PreviousRawEdge-BilinearRGB,103,wall-seam,1.1777886152267456,7.950900554656982,39.1266403928463
minecraft,10,ABL-ET2X-R-PreviousRawEdge-BilinearRGB,103,seam-wide,1.1439234018325806,8.559934616088867,38.806099134781704
minecraft,4,O-T2X-R,104,full,2.138134717941284,25.80484962463379,34.01379028265352
minecraft,4,O-T2X-R,104,wall-seam,1.3805880546569824,6.275228023529053,40.154508494301865
minecraft,4,O-T2X-R,104,seam-wide,1.398985743522644,11.809675216674805,37.40842406823023
minecraft,6,O-ET2X-R-CurrentEdge-Point,104,full,1.7385956048965454,21.979433059692383,34.710638748833794
minecraft,6,O-ET2X-R-CurrentEdge-Point,104,wall-seam,1.4084200859069824,8.9619140625,38.60679585803381
minecraft,6,O-ET2X-R-CurrentEdge-Point,104,seam-wide,1.2842257022857666,11.5745849609375,37.49574933740015
minecraft,9,O-ET2X-R-PreviousRawEdge-Point,104,full,1.7650513648986816,20.637985229492188,34.9841306357278
minecraft,9,O-ET2X-R-PreviousRawEdge-Point,104,wall-seam,1.2671440839767456,4.832465171813965,41.289116281711514
minecraft,9,O-ET2X-R-PreviousRawEdge-Point,104,seam-wide,1.2953848838806152,11.42286491394043,37.55305319981334
minecraft,10,ABL-ET2X-R-PreviousRawEdge-BilinearRGB,104,full,1.5659589767456055,17.19886589050293,35.77580550805437
minecraft,10,ABL-ET2X-R-PreviousRawEdge-BilinearRGB,104,wall-seam,1.1129014492034912,3.25146484375,43.010012982791594
minecraft,10,ABL-ET2X-R-PreviousRawEdge-BilinearRGB,104,seam-wide,1.1884769201278687,9.589725494384766,38.3127418518632
minecraft,4,O-T2X-R,105,full,2.1454901695251465,25.21709632873535,34.1138528342893
minecraft,4,O-T2X-R,105,wall-seam,1.4337022304534912,12.176215171813965,37.27568046744815
minecraft,4,O-T2X-R,105,seam-wide,1.3896833658218384,12.349979400634766,37.21414127660737
minecraft,6,O-ET2X-R-CurrentEdge-Point,105,full,1.7508307695388794,21.969017028808594,34.71269735377288
minecraft,6,O-ET2X-R-CurrentEdge-Point,105,wall-seam,1.4203016757965088,9.915093421936035,38.167835503003495
minecraft,6,O-ET2X-R-CurrentEdge-Point,105,seam-wide,1.344732642173767,12.775154113769531,37.067142128943516
minecraft,9,O-ET2X-R-PreviousRawEdge-Point,105,full,1.7818284034729004,20.710115432739258,34.96897841324434
minecraft,9,O-ET2X-R-PreviousRawEdge-Point,105,wall-seam,1.3891059160232544,8.07931900024414,39.057056049077126
minecraft,9,O-ET2X-R-PreviousRawEdge-Point,105,seam-wide,1.33122718334198,11.672616004943848,37.459121621325636
minecraft,10,ABL-ET2X-R-PreviousRawEdge-BilinearRGB,105,full,1.5804944038391113,17.20899772644043,35.773247836578236
minecraft,10,ABL-ET2X-R-PreviousRawEdge-BilinearRGB,105,wall-seam,1.3232421875,8.08572006225586,39.053616594282666
minecraft,10,ABL-ET2X-R-PreviousRawEdge-BilinearRGB,105,seam-wide,1.2431918382644653,10.149502754211426,38.066355951105
minecraft,4,O-T2X-R,106,full,2.1712968349456787,26.443178176879883,33.90766709534948
minecraft,4,O-T2X-R,106,wall-seam,1.5504014492034912,11.571234703063965,37.49700658258628
minecraft,4,O-T2X-R,106,seam-wide,1.520285964012146,16.5026798248291,35.95525887039774
minecraft,6,O-ET2X-R-CurrentEdge-Point,106,full,1.7618380784988403,22.69658660888672,34.57119813295559
minecraft,6,O-ET2X-R-CurrentEdge-Point,106,wall-seam,1.279296875,9.08127212524414,38.54933671127013
minecraft,6,O-ET2X-R-CurrentEdge-Point,106,seam-wide,1.2695931196212769,10.242655754089355,38.02667784129747
minecraft,9,O-ET2X-R-PreviousRawEdge-Point,106,full,1.7954202890396118,21.7569522857666,34.754823015593686
minecraft,9,O-ET2X-R-PreviousRawEdge-Point,106,wall-seam,1.3233506679534912,9.13953971862793,38.52156036325929
minecraft,9,O-ET2X-R-PreviousRawEdge-Point,106,seam-wide,1.2837361097335815,9.834765434265137,38.20316354702959
minecraft,10,ABL-ET2X-R-PreviousRawEdge-BilinearRGB,106,full,1.5901864767074585,18.11115074157715,35.551343155875415
minecraft,10,ABL-ET2X-R-PreviousRawEdge-BilinearRGB,106,wall-seam,1.2023111581802368,7.056803226470947,39.64472353232459
minecraft,10,ABL-ET2X-R-PreviousRawEdge-BilinearRGB,106,seam-wide,1.1736319065093994,8.12984561920166,39.029980621822574
minecraft,4,O-T2X-R,107,full,2.17228364944458,25.63250160217285,34.042893676761466
minecraft,4,O-T2X-R,107,wall-seam,1.5242513418197632,9.38438606262207,38.406744950279545
minecraft,4,O-T2X-R,107,seam-wide,1.4611462354660034,13.247570037841797,36.90944136628113
minecraft,6,O-ET2X-R-CurrentEdge-Point,107,full,1.77957022190094,22.36492347717285,34.6351294431937
minecraft,6,O-ET2X-R-CurrentEdge-Point,107,wall-seam,1.3931748867034912,8.83924674987793,38.6666510335593
minecraft,6,O-ET2X-R-CurrentEdge-Point,107,seam-wide,1.3371577262878418,11.198740005493164,37.6391119886239
minecraft,9,O-ET2X-R-PreviousRawEdge-Point,107,full,1.8065286874771118,21.078397750854492,34.89242765447367
minecraft,9,O-ET2X-R-PreviousRawEdge-Point,107,wall-seam,1.4161241054534912,8.72775650024414,38.721777397032405
minecraft,9,O-ET2X-R-PreviousRawEdge-Point,107,seam-wide,1.3950873613357544,12.301675796508789,37.23116083607151
minecraft,10,ABL-ET2X-R-PreviousRawEdge-BilinearRGB,107,full,1.594401240348816,17.19116973876953,35.777749324758446
minecraft,10,ABL-ET2X-R-PreviousRawEdge-BilinearRGB,107,wall-seam,1.1541341543197632,5.04942512512207,41.09838424174765
minecraft,10,ABL-ET2X-R-PreviousRawEdge-BilinearRGB,107,seam-wide,1.231071949005127,9.286738395690918,38.452171490776124
minecraft,4,O-T2X-R,108,full,2.184475898742676,25.88747215270996,33.9999071613901
minecraft,4,O-T2X-R,108,wall-seam,1.4370659589767456,6.82020378112793,39.79283009716241
minecraft,4,O-T2X-R,108,seam-wide,1.4612847566604614,11.488758087158203,37.528072760477556
minecraft,6,O-ET2X-R-CurrentEdge-Point,108,full,1.7701129913330078,22.197711944580078,34.66772149527825
minecraft,6,O-ET2X-R-CurrentEdge-Point,108,wall-seam,1.4297959804534912,7.93446159362793,39.13562898567162
minecraft,6,O-ET2X-R-CurrentEdge-Point,108,seam-wide,1.437276005744934,13.930254936218262,36.691212963908455
minecraft,9,O-ET2X-R-PreviousRawEdge-Point,108,full,1.7994384765625,20.880130767822266,34.9334714663511
minecraft,9,O-ET2X-R-PreviousRawEdge-Point,108,wall-seam,1.4079318046569824,6.649251461029053,39.90307603480922
minecraft,9,O-ET2X-R-PreviousRawEdge-Point,108,seam-wide,1.4164541959762573,12.259967803955078,37.24591031189838
minecraft,10,ABL-ET2X-R-PreviousRawEdge-BilinearRGB,108,full,1.5966039896011353,17.50246810913086,35.69981065861802
minecraft,10,ABL-ET2X-R-PreviousRawEdge-BilinearRGB,108,wall-seam,1.2931857109069824,6.065972328186035,40.3017993605771
minecraft,10,ABL-ET2X-R-PreviousRawEdge-BilinearRGB,108,seam-wide,1.26829993724823,9.914643287658691,38.16803267237156
minecraft,4,O-T2X-R,109,full,2.166430950164795,24.7658634185791,34.19226887366802
minecraft,4,O-T2X-R,109,wall-seam,1.5955404043197632,15.90955924987793,36.11422212522229
minecraft,4,O-T2X-R,109,seam-wide,1.3878542184829712,11.036728858947754,37.70239987566849
minecraft,6,O-ET2X-R-CurrentEdge-Point,109,full,1.7608261108398438,22.132118225097656,34.680573794102706
minecraft,6,O-ET2X-R-CurrentEdge-Point,109,wall-seam,1.4815537929534912,11.884331703186035,37.3810559598831
minecraft,6,O-ET2X-R-CurrentEdge-Point,109,seam-wide,1.3552544116973877,11.24320125579834,37.62190376166667
minecraft,9,O-ET2X-R-PreviousRawEdge-Point,109,full,1.7921346426010132,20.89993667602539,34.92935390608264
minecraft,9,O-ET2X-R-PreviousRawEdge-Point,109,wall-seam,1.2802191972732544,5.679633140563965,40.58760076243892
minecraft,9,O-ET2X-R-PreviousRawEdge-Point,109,seam-wide,1.3334903717041016,9.997570037841797,38.1318590560757
minecraft,10,ABL-ET2X-R-PreviousRawEdge-BilinearRGB,109,full,1.5861904621124268,17.263221740722656,35.75958511919264
minecraft,10,ABL-ET2X-R-PreviousRawEdge-BilinearRGB,109,wall-seam,1.298828125,6.61631965637207,39.92463881608049
minecraft,10,ABL-ET2X-R-PreviousRawEdge-BilinearRGB,109,seam-wide,1.2659904956817627,8.81315803527832,38.67948803019256
minecraft,4,O-T2X-R,110,full,2.1906890869140625,26.078453063964844,33.967985347631426
minecraft,4,O-T2X-R,110,wall-seam,1.6626518964767456,12.066081047058105,37.31514122750785
minecraft,4,O-T2X-R,110,seam-wide,1.5358792543411255,13.958245277404785,36.682495352912916
minecraft,6,O-ET2X-R-CurrentEdge-Point,110,full,1.7736575603485107,22.350940704345703,34.63784554468905
minecraft,6,O-ET2X-R-CurrentEdge-Point,110,wall-seam,1.4297959804534912,12.48556900024414,37.166720217868445
minecraft,6,O-ET2X-R-CurrentEdge-Point,110,seam-wide,1.371364951133728,12.166269302368164,37.279229354549614
minecraft,9,O-ET2X-R-PreviousRawEdge-Point,110,full,1.807913899421692,21.172922134399414,34.8729956051183
minecraft,9,O-ET2X-R-PreviousRawEdge-Point,110,wall-seam,1.4666341543197632,12.576008796691895,37.13537528391295
minecraft,9,O-ET2X-R-PreviousRawEdge-Point,110,seam-wide,1.4351698160171509,13.402782440185547,36.85885392877927
minecraft,10,ABL-ET2X-R-PreviousRawEdge-BilinearRGB,110,full,1.5942392349243164,17.304094314575195,35.74931487343258
minecraft,10,ABL-ET2X-R-PreviousRawEdge-BilinearRGB,110,wall-seam,1.3487412929534912,10.98155403137207,37.72416558140604
minecraft,10,ABL-ET2X-R-PreviousRawEdge-BilinearRGB,110,seam-wide,1.2983224391937256,10.770147323608398,37.80858716864954
minecraft,4,O-T2X-R,111,full,2.1993625164031982,25.101280212402344,34.13384488988326
minecraft,4,O-T2X-R,111,wall-seam,1.6103515625,10.602864265441895,37.87657159127453
minecraft,4,O-T2X-R,111,seam-wide,1.4690722227096558,13.201215744018555,36.92466432191932
minecraft,6,O-ET2X-R-CurrentEdge-Point,111,full,1.7811832427978516,22.16209602355957,34.67469528619361
minecraft,6,O-ET2X-R-CurrentEdge-Point,111,wall-seam,1.2578667402267456,8.220540046691895,38.98180011503762
minecraft,6,O-ET2X-R-CurrentEdge-Point,111,seam-wide,1.4469108581542969,16.15644073486328,36.047346690000445
minecraft,9,O-ET2X-R-PreviousRawEdge-Point,111,full,1.8150386810302734,21.002212524414062,34.90815312013566
minecraft,9,O-ET2X-R-PreviousRawEdge-Point,111,wall-seam,1.291015625,8.17947006225586,39.00355193687224
minecraft,9,O-ET2X-R-PreviousRawEdge-Point,111,seam-wide,1.4393452405929565,14.359014511108398,36.559557264681935
minecraft,10,ABL-ET2X-R-PreviousRawEdge-BilinearRGB,111,full,1.6055290699005127,17.614866256713867,35.67201010778504
minecraft,10,ABL-ET2X-R-PreviousRawEdge-BilinearRGB,111,wall-seam,1.1406792402267456,6.424750328063965,40.05224105635154
minecraft,10,ABL-ET2X-R-PreviousRawEdge-BilinearRGB,111,seam-wide,1.303948163986206,11.488961219787598,37.52799597358773
minecraft,4,O-T2X-R,112,full,2.2031524181365967,25.291460037231445,34.10106459644888
minecraft,4,O-T2X-R,112,wall-seam,1.3439669609069824,5.096462726593018,41.05811508557341
minecraft,4,O-T2X-R,112,seam-wide,1.3974061012268066,10.835532188415527,37.7823011426457
minecraft,6,O-ET2X-R-CurrentEdge-Point,112,full,1.7967489957809448,22.682315826416016,34.57392967644879
minecraft,6,O-ET2X-R-CurrentEdge-Point,112,wall-seam,1.3982205390930176,12.139105796813965,37.2889366439329
minecraft,6,O-ET2X-R-CurrentEdge-Point,112,seam-wide,1.3063408136367798,11.27794361114502,37.60850442049322
minecraft,9,O-ET2X-R-PreviousRawEdge-Point,112,full,1.8244812488555908,21.143104553222656,34.87911603471704
minecraft,9,O-ET2X-R-PreviousRawEdge-Point,112,wall-seam,1.2594400644302368,7.831814289093018,39.192179801037746
minecraft,9,O-ET2X-R-PreviousRawEdge-Point,112,seam-wide,1.2927058935165405,10.331430435180664,37.989199050697245
minecraft,10,ABL-ET2X-R-PreviousRawEdge-BilinearRGB,112,full,1.6107323169708252,17.462602615356445,35.70971389696875
minecraft,10,ABL-ET2X-R-PreviousRawEdge-BilinearRGB,112,wall-seam,1.1447482109069824,7.057942867279053,39.64402222361935
minecraft,10,ABL-ET2X-R-PreviousRawEdge-BilinearRGB,112,seam-wide,1.1990355253219604,8.77315902709961,38.69924359177662
minecraft,4,O-T2X-R,113,full,2.2210443019866943,25.375513076782227,34.08665528698854
minecraft,4,O-T2X-R,113,wall-seam,1.5250108242034912,14.649468421936035,36.47258494922384
minecraft,4,O-T2X-R,113,seam-wide,1.440777063369751,14.00756549835205,36.667176989943144
minecraft,6,O-ET2X-R-CurrentEdge-Point,113,full,1.7942819595336914,22.12972068786621,34.68104428390447
minecraft,6,O-ET2X-R-CurrentEdge-Point,113,wall-seam,1.3970268964767456,8.279730796813965,38.95064144295448
minecraft,6,O-ET2X-R-CurrentEdge-Point,113,seam-wide,1.2861286401748657,10.822063446044922,37.787702851443434
minecraft,9,O-ET2X-R-PreviousRawEdge-Point,113,full,1.8356925249099731,21.27305030822754,34.852505937178286
minecraft,9,O-ET2X-R-PreviousRawEdge-Point,113,wall-seam,1.314453125,5.24913215637207,40.92992853815026
minecraft,9,O-ET2X-R-PreviousRawEdge-Point,113,seam-wide,1.2839208841323853,10.213271141052246,38.03915499194245
minecraft,10,ABL-ET2X-R-PreviousRawEdge-BilinearRGB,113,full,1.617958664894104,17.3560733795166,35.736288832588706
minecraft,10,ABL-ET2X-R-PreviousRawEdge-BilinearRGB,113,wall-seam,1.2677408456802368,5.59119987487793,40.65575343120955
minecraft,10,ABL-ET2X-R-PreviousRawEdge-BilinearRGB,113,seam-wide,1.1970771551132202,8.697853088378906,38.73668292954229
minecraft,4,O-T2X-R,114,full,2.247887134552002,26.06330680847168,33.97050844442881
minecraft,4,O-T2X-R,114,wall-seam,1.6162109375,15.177409172058105,36.318827183143256
minecraft,4,O-T2X-R,114,seam-wide,1.5067805051803589,14.094039916992188,36.64044863700638
minecraft,6,O-ET2X-R-CurrentEdge-Point,114,full,1.8093669414520264,22.295146942138672,34.64870021838723
minecraft,6,O-ET2X-R-CurrentEdge-Point,114,wall-seam,1.4325087070465088,18.00086784362793,35.577869173972026
minecraft,6,O-ET2X-R-CurrentEdge-Point,114,seam-wide,1.429368495941162,19.12685203552246,35.314368626702176
minecraft,9,O-ET2X-R-PreviousRawEdge-Point,114,full,1.8499022722244263,21.386625289916992,34.82938100541116
minecraft,9,O-ET2X-R-PreviousRawEdge-Point,114,wall-seam,1.4771592617034912,18.12711524963379,35.547516649272964
minecraft,9,O-ET2X-R-PreviousRawEdge-Point,114,seam-wide,1.433571696281433,18.454669952392578,35.46974078290253
minecraft,10,ABL-ET2X-R-PreviousRawEdge-BilinearRGB,114,full,1.6304482221603394,17.539020538330078,35.69075024213928
minecraft,10,ABL-ET2X-R-PreviousRawEdge-BilinearRGB,114,wall-seam,1.3336045742034912,12.061469078063965,37.31680153093598
minecraft,10,ABL-ET2X-R-PreviousRawEdge-BilinearRGB,114,seam-wide,1.2957727909088135,13.775819778442383,36.73962908359664
minecraft,4,O-T2X-R,115,full,2.254370927810669,25.514169692993164,34.0629892120451
minecraft,4,O-T2X-R,115,wall-seam,1.6128472089767456,10.385090827941895,37.96670061643256
minecraft,4,O-T2X-R,115,seam-wide,1.4663286209106445,12.704568862915039,37.091204292724676
minecraft,6,O-ET2X-R-CurrentEdge-Point,115,full,1.8161799907684326,22.345327377319336,34.63893639055611
minecraft,6,O-ET2X-R-CurrentEdge-Point,115,wall-seam,1.3580728769302368,13.242730140686035,36.91102831745718
minecraft,6,O-ET2X-R-CurrentEdge-Point,115,seam-wide,1.3075231313705444,13.200772285461426,36.924810213663626
minecraft,9,O-ET2X-R-PreviousRawEdge-Point,115,full,1.8480006456375122,21.134977340698242,34.88078574319859
minecraft,9,O-ET2X-R-PreviousRawEdge-Point,115,wall-seam,1.3620877265930176,12.4755859375,37.17019408700972
minecraft,9,O-ET2X-R-PreviousRawEdge-Point,115,seam-wide,1.306931972503662,12.405313491821289,37.19472617165139
minecraft,10,ABL-ET2X-R-PreviousRawEdge-BilinearRGB,115,full,1.6249021291732788,17.34823226928711,35.738251327385214
minecraft,10,ABL-ET2X-R-PreviousRawEdge-BilinearRGB,115,wall-seam,1.0986328125,7.534939289093018,39.3600060342338
minecraft,10,ABL-ET2X-R-PreviousRawEdge-BilinearRGB,115,seam-wide,1.1620293855667114,9.954180717468262,38.15074839801798
minecraft,4,O-T2X-R,116,full,2.2490222454071045,26.0095157623291,33.97948094166311
minecraft,4,O-T2X-R,116,wall-seam,1.6153970956802368,11.74169921875,37.43349409788813
minecraft,4,O-T2X-R,116,seam-wide,1.4622547626495361,13.318072319030762,36.886389920240504
minecraft,6,O-ET2X-R-CurrentEdge-Point,116,full,1.8211482763290405,22.53312873840332,34.60258862908623
minecraft,6,O-ET2X-R-CurrentEdge-Point,116,wall-seam,1.3919813632965088,10.923882484436035,37.74703341373437
minecraft,6,O-ET2X-R-CurrentEdge-Point,116,seam-wide,1.374228596687317,15.07197093963623,36.34910312784275
minecraft,9,O-ET2X-R-PreviousRawEdge-Point,116,full,1.8581622838974,21.330760955810547,34.84074012075085
minecraft,9,O-ET2X-R-PreviousRawEdge-Point,116,wall-seam,1.3452690839767456,9.016926765441895,38.58021818473973
minecraft,9,O-ET2X-R-PreviousRawEdge-Point,116,seam-wide,1.3616284132003784,14.076922416687012,36.64572643813605
minecraft,10,ABL-ET2X-R-PreviousRawEdge-BilinearRGB,116,full,1.641538381576538,17.58970069885254,35.678219111741015
minecraft,10,ABL-ET2X-R-PreviousRawEdge-BilinearRGB,116,wall-seam,1.2257486581802368,7.604220867156982,39.320256382617664
minecraft,10,ABL-ET2X-R-PreviousRawEdge-BilinearRGB,116,seam-wide,1.2476074695587158,11.675867080688477,37.45791218578322
minecraft,4,O-T2X-R,117,full,2.2651560306549072,26.055845260620117,33.971751944736035
minecraft,4,O-T2X-R,117,wall-seam,1.5134005546569824,16.37581443786621,35.98877452382693
minecraft,4,O-T2X-R,117,seam-wide,1.5183923244476318,19.477968215942383,35.23536708049393
minecraft,6,O-ET2X-R-CurrentEdge-Point,117,full,1.8508777618408203,23.28897476196289,34.459299906253136
minecraft,6,O-ET2X-R-CurrentEdge-Point,117,wall-seam,1.5502387285232544,16.56141471862793,35.93982928283131
minecraft,6,O-ET2X-R-CurrentEdge-Point,117,seam-wide,1.5016350746154785,21.585826873779297,34.78911671329807
minecraft,9,O-ET2X-R-PreviousRawEdge-Point,117,full,1.8813260793685913,21.907215118408203,34.724931880346816
minecraft,9,O-ET2X-R-PreviousRawEdge-Point,117,wall-seam,1.4605034589767456,13.025933265686035,36.98271511996724
minecraft,9,O-ET2X-R-PreviousRawEdge-Point,117,seam-wide,1.4873813390731812,20.260189056396484,35.06436867239173
minecraft,10,ABL-ET2X-R-PreviousRawEdge-BilinearRGB,117,full,1.657063603401184,17.971208572387695,35.58503076264809
minecraft,10,ABL-ET2X-R-PreviousRawEdge-BilinearRGB,117,wall-seam,1.3573133945465088,10.44216537475586,37.942897939262544
minecraft,10,ABL-ET2X-R-PreviousRawEdge-BilinearRGB,117,seam-wide,1.3608524799346924,16.48748207092285,35.9592602458057
minecraft,4,O-T2X-R,118,full,2.2987043857574463,26.70396614074707,33.86504592195412
minecraft,4,O-T2X-R,118,wall-seam,1.6159939765930176,13.06922721862793,36.96830452293321
minecraft,4,O-T2X-R,118,seam-wide,1.5359901189804077,13.423493385314941,36.85214807737427
minecraft,6,O-ET2X-R-CurrentEdge-Point,118,full,1.8424264192581177,22.38007926940918,34.632187404179376
minecraft,6,O-ET2X-R-CurrentEdge-Point,118,wall-seam,1.3989800214767456,10.58322525024414,37.8846232124735
minecraft,6,O-ET2X-R-CurrentEdge-Point,118,seam-wide,1.3760854005813599,11.986087799072266,37.34402906253236
minecraft,9,O-ET2X-R-PreviousRawEdge-Point,118,full,1.881786584854126,21.279542922973633,34.85118065635983
minecraft,9,O-ET2X-R-PreviousRawEdge-Point,118,wall-seam,1.4042426347732544,9.222710609436035,38.48221779325097
minecraft,9,O-ET2X-R-PreviousRawEdge-Point,118,seam-wide,1.3508480787277222,9.813084602355957,38.21274817788276
minecraft,10,ABL-ET2X-R-PreviousRawEdge-BilinearRGB,118,full,1.6612035036087036,17.72300148010254,35.64543087117079
minecraft,10,ABL-ET2X-R-PreviousRawEdge-BilinearRGB,118,wall-seam,1.2469618320465088,6.152560710906982,40.24024453034833
minecraft,10,ABL-ET2X-R-PreviousRawEdge-BilinearRGB,118,seam-wide,1.2480970621109009,8.196457862854004,38.994541503094524
minecraft,4,O-T2X-R,119,full,2.2985706329345703,26.075641632080078,33.968453571406414
minecraft,4,O-T2X-R,119,wall-seam,1.5295138359069824,9.96766471862793,38.14486939628528
minecraft,4,O-T2X-R,119,seam-wide,1.4910393953323364,13.157891273498535,36.93894067461153
minecraft,6,O-ET2X-R-CurrentEdge-Point,119,full,1.8644131422042847,22.905359268188477,34.531432528384045
minecraft,6,O-ET2X-R-CurrentEdge-Point,119,wall-seam,1.4683159589767456,14.48828125,36.5206349285115
minecraft,6,O-ET2X-R-CurrentEdge-Point,119,seam-wide,1.5019398927688599,13.60588264465332,36.793536401642264
minecraft,9,O-ET2X-R-PreviousRawEdge-Point,119,full,1.9002141952514648,21.690675735473633,34.76807278949792
minecraft,9,O-ET2X-R-PreviousRawEdge-Point,119,wall-seam,1.3857421875,10.277018547058105,38.01213220563041
minecraft,9,O-ET2X-R-PreviousRawEdge-Point,119,seam-wide,1.525265097618103,13.31000804901123,36.889020427606205
minecraft,10,ABL-ET2X-R-PreviousRawEdge-BilinearRGB,119,full,1.6770268678665161,17.929664611816406,35.59508195042467
minecraft,10,ABL-ET2X-R-PreviousRawEdge-BilinearRGB,119,wall-seam,1.2375760078430176,6.962944984436035,39.702873971227824
minecraft,10,ABL-ET2X-R-PreviousRawEdge-BilinearRGB,119,seam-wide,1.3741916418075562,10.016655921936035,38.12357605110351
minecraft,4,O-T2X-R,120,full,2.312211275100708,26.58027458190918,33.88520897850661
minecraft,4,O-T2X-R,120,wall-seam,1.61572265625,9.221516609191895,38.48278008053143
minecraft,4,O-T2X-R,120,seam-wide,1.5401932001113892,14.86452865600586,36.40929218288352
minecraft,6,O-ET2X-R-CurrentEdge-Point,120,full,1.8820624351501465,23.076343536376953,34.49913365213358
minecraft,6,O-ET2X-R-CurrentEdge-Point,120,wall-seam,1.5548502206802368,16.86366081237793,35.861285024394675
minecraft,6,O-ET2X-R-CurrentEdge-Point,120,seam-wide,1.436730980873108,15.54660415649414,36.21444820055155
minecraft,9,O-ET2X-R-PreviousRawEdge-Point,120,full,1.915799617767334,21.88509750366211,34.729318750223605
minecraft,9,O-ET2X-R-PreviousRawEdge-Point,120,wall-seam,1.4527451992034912,11.81884765625,37.40505226194795
minecraft,9,O-ET2X-R-PreviousRawEdge-Point,120,seam-wide,1.428398609161377,14.027093887329102,36.661126570119414
minecraft,10,ABL-ET2X-R-PreviousRawEdge-BilinearRGB,120,full,1.6834231615066528,17.83913803100586,35.61706494988212
minecraft,10,ABL-ET2X-R-PreviousRawEdge-BilinearRGB,120,wall-seam,1.2853732109069824,10.24685287475586,38.02489860256231
minecraft,10,ABL-ET2X-R-PreviousRawEdge-BilinearRGB,120,seam-wide,1.2768170833587646,11.687396049499512,37.45362599689327
minecraft,4,O-T2X-R,121,full,2.3066582679748535,26.15504264831543,33.955249283449085
minecraft,4,O-T2X-R,121,wall-seam,1.62255859375,13.57459831237793,36.80353373678759
minecraft,4,O-T2X-R,121,seam-wide,1.5603684186935425,19.029773712158203,35.33646736855473
minecraft,6,O-ET2X-R-CurrentEdge-Point,121,full,1.8563798666000366,22.85723304748535,34.5405670457852
minecraft,6,O-ET2X-R-CurrentEdge-Point,121,wall-seam,1.4388563632965088,12.535319328308105,37.14944959090971
minecraft,6,O-ET2X-R-CurrentEdge-Point,121,seam-wide,1.4327033758163452,17.780134201049805,35.631453262497196
minecraft,9,O-ET2X-R-PreviousRawEdge-Point,121,full,1.8975443840026855,21.76124382019043,34.753966459076196
minecraft,9,O-ET2X-R-PreviousRawEdge-Point,121,wall-seam,1.3820528984069824,9.456706047058105,38.37340471263231
minecraft,9,O-ET2X-R-PreviousRawEdge-Point,121,seam-wide,1.4398348331451416,17.03997230529785,35.81611476286178
minecraft,10,ABL-ET2X-R-PreviousRawEdge-BilinearRGB,121,full,1.67259681224823,17.8459529876709,35.61540616296269
minecraft,10,ABL-ET2X-R-PreviousRawEdge-BilinearRGB,121,wall-seam,1.3231337070465088,9.888346672058105,38.179566770792114
minecraft,10,ABL-ET2X-R-PreviousRawEdge-BilinearRGB,121,seam-wide,1.356787919998169,14.8275785446167,36.42010127612663
minecraft,4,O-T2X-R,122,full,2.326519250869751,27.222654342651367,33.78149892088598
minecraft,4,O-T2X-R,122,wall-seam,1.7542318105697632,14.737847328186035,36.44646307586673
minecraft,4,O-T2X-R,122,seam-wide,1.6246074438095093,17.7657413482666,35.63497025949761
minecraft,6,O-ET2X-R-CurrentEdge-Point,122,full,1.8596155643463135,22.677608489990234,34.574831075766504
minecraft,6,O-ET2X-R-CurrentEdge-Point,122,wall-seam,1.3937716484069824,12.518012046813965,37.15544995703492
minecraft,6,O-ET2X-R-CurrentEdge-Point,122,seam-wide,1.5363595485687256,19.29721450805664,35.27585736372369
minecraft,9,O-ET2X-R-PreviousRawEdge-Point,122,full,1.9002171754837036,21.644765853881836,34.77727468751402
minecraft,9,O-ET2X-R-PreviousRawEdge-Point,122,wall-seam,1.2840169668197632,7.53553581237793,39.359662227194725
minecraft,9,O-ET2X-R-PreviousRawEdge-Point,122,seam-wide,1.571693778038025,19.546123504638672,35.220197222806824
minecraft,10,ABL-ET2X-R-PreviousRawEdge-BilinearRGB,122,full,1.667598009109497,17.648681640625,35.66368091800512
minecraft,10,ABL-ET2X-R-PreviousRawEdge-BilinearRGB,122,wall-seam,1.2409939765930176,8.148762702941895,39.01988689806227
minecraft,10,ABL-ET2X-R-PreviousRawEdge-BilinearRGB,122,seam-wide,1.4185049533843994,15.935354232788086,36.10718638860778
minecraft,4,O-T2X-R,123,full,2.327909231185913,26.61674690246582,33.879253859366536
minecraft,4,O-T2X-R,123,wall-seam,1.7341580390930176,18.17784309387207,35.53538010474894
minecraft,4,O-T2X-R,123,seam-wide,1.6591286659240723,26.895540237426758,33.834000887037746
minecraft,6,O-ET2X-R-CurrentEdge-Point,123,full,1.8727834224700928,22.866430282592773,34.53881989421471
minecraft,6,O-ET2X-R-CurrentEdge-Point,123,wall-seam,1.3224825859069824,11.39051628112793,37.56536951717388
minecraft,6,O-ET2X-R-CurrentEdge-Point,123,seam-wide,1.3501644134521484,14.439936637878418,36.5351507330466
minecraft,9,O-ET2X-R-PreviousRawEdge-Point,123,full,1.9108744859695435,21.673526763916016,34.77150774445006
minecraft,9,O-ET2X-R-PreviousRawEdge-Point,123,wall-seam,1.2559678554534912,8.208333015441895,38.98825393237233
minecraft,9,O-ET2X-R-PreviousRawEdge-Point,123,seam-wide,1.3657114505767822,14.018816947937012,36.66368995929262
minecraft,10,ABL-ET2X-R-PreviousRawEdge-BilinearRGB,123,full,1.6767722368240356,17.664918899536133,35.659687129586246
minecraft,10,ABL-ET2X-R-PreviousRawEdge-BilinearRGB,123,wall-seam,1.1853841543197632,7.52967643737793,39.3630404661681
minecraft,10,ABL-ET2X-R-PreviousRawEdge-BilinearRGB,123,seam-wide,1.2503602504730225,11.913239479064941,37.370504888408426
minecraft,4,O-T2X-R,124,full,2.314584970474243,26.322463989257812,33.927538206504664
minecraft,4,O-T2X-R,124,wall-seam,1.736328125,17.666015625,35.65941750647909
minecraft,4,O-T2X-R,124,seam-wide,1.5278517007827759,13.211811065673828,36.92118006393643
minecraft,6,O-ET2X-R-CurrentEdge-Point,124,full,1.853650689125061,22.512388229370117,34.60658791241911
minecraft,6,O-ET2X-R-CurrentEdge-Point,124,wall-seam,1.4676649570465088,13.648003578186035,36.78011233182633
minecraft,6,O-ET2X-R-CurrentEdge-Point,124,seam-wide,1.304391622543335,12.79003620147705,37.06208587141448
minecraft,9,O-ET2X-R-PreviousRawEdge-Point,124,full,1.898640751838684,21.589738845825195,34.788329718223785
minecraft,9,O-ET2X-R-PreviousRawEdge-Point,124,wall-seam,1.40673828125,11.38308334350586,37.568204452328125
minecraft,9,O-ET2X-R-PreviousRawEdge-Point,124,seam-wide,1.3083546161651611,12.1878023147583,37.27154959484151
minecraft,10,ABL-ET2X-R-PreviousRawEdge-BilinearRGB,124,full,1.6691524982452393,17.703712463378906,35.65016013528802
minecraft,10,ABL-ET2X-R-PreviousRawEdge-BilinearRGB,124,wall-seam,1.3173285722732544,9.50048828125,38.353344342734836
minecraft,10,ABL-ET2X-R-PreviousRawEdge-BilinearRGB,124,seam-wide,1.2250858545303345,10.243579864501953,38.02628603085401
minecraft,4,O-T2X-R,125,full,2.3275039196014404,26.085834503173828,33.966756262183175
minecraft,4,O-T2X-R,125,wall-seam,1.3861219882965088,7.67713737487793,39.27881048915792
minecraft,4,O-T2X-R,125,seam-wide,1.5435926914215088,17.023305892944336,35.820364577840664
minecraft,6,O-ET2X-R-CurrentEdge-Point,125,full,1.8637956380844116,22.721820831298828,34.566372298984746
minecraft,6,O-ET2X-R-CurrentEdge-Point,125,wall-seam,1.4539930820465088,15.08615493774414,36.3450179717632
minecraft,6,O-ET2X-R-CurrentEdge-Point,125,seam-wide,1.425460934638977,18.035573959350586,35.569503931205176
minecraft,9,O-ET2X-R-PreviousRawEdge-Point,125,full,1.9002339839935303,21.481231689453125,34.81021181577956
minecraft,9,O-ET2X-R-PreviousRawEdge-Point,125,wall-seam,1.4107530117034912,12.97694206237793,36.99907995206018
minecraft,9,O-ET2X-R-PreviousRawEdge-Point,125,seam-wide,1.3787089586257935,15.734951972961426,36.16214939192848
minecraft,10,ABL-ET2X-R-PreviousRawEdge-BilinearRGB,125,full,1.6649490594863892,17.4616641998291,35.70994728694227
minecraft,10,ABL-ET2X-R-PreviousRawEdge-BilinearRGB,125,wall-seam,1.27392578125,11.002766609191895,37.7157846007028
minecraft,10,ABL-ET2X-R-PreviousRawEdge-BilinearRGB,125,seam-wide,1.2925673723220825,14.502595901489258,36.516346148544685
minecraft,4,O-T2X-R,126,full,2.317514657974243,26.45956039428711,33.90497736432955
minecraft,4,O-T2X-R,126,wall-seam,1.6671549081802368,14.631999015808105,36.477766976114914
minecraft,4,O-T2X-R,126,seam-wide,1.5654584169387817,16.281288146972656,36.01391598337408
minecraft,6,O-ET2X-R-CurrentEdge-Point,126,full,1.8566423654556274,22.429489135742188,34.62260978861171
minecraft,6,O-ET2X-R-CurrentEdge-Point,126,wall-seam,1.3742947578430176,11.215983390808105,37.632430033699464
minecraft,6,O-ET2X-R-CurrentEdge-Point,126,seam-wide,1.2846229076385498,13.994208335876465,36.67132025774565
minecraft,9,O-ET2X-R-PreviousRawEdge-Point,126,full,1.896362543106079,21.25916862487793,34.85534084156069
minecraft,9,O-ET2X-R-PreviousRawEdge-Point,126,wall-seam,1.3392469882965088,9.10476303100586,38.538117139402445
minecraft,9,O-ET2X-R-PreviousRawEdge-Point,126,seam-wide,1.2828954458236694,13.006484985351562,36.989204169368406
minecraft,10,ABL-ET2X-R-PreviousRawEdge-BilinearRGB,126,full,1.66240656375885,17.406248092651367,35.72375191603375
minecraft,10,ABL-ET2X-R-PreviousRawEdge-BilinearRGB,126,wall-seam,1.1978623867034912,6.798773765563965,39.806497709369054
minecraft,10,ABL-ET2X-R-PreviousRawEdge-BilinearRGB,126,seam-wide,1.2136772871017456,12.607203483581543,37.124615983503375
minecraft,4,O-T2X-R,127,full,2.328305721282959,26.390962600708008,33.91625129626583
minecraft,4,O-T2X-R,127,wall-seam,1.4779731035232544,10.271159172058105,38.01460901338792
minecraft,4,O-T2X-R,127,seam-wide,1.4156967401504517,15.240938186645508,36.30068659169958
minecraft,6,O-ET2X-R-CurrentEdge-Point,127,full,1.8627066612243652,22.64241600036621,34.581575956111166
minecraft,6,O-ET2X-R-CurrentEdge-Point,127,wall-seam,1.4056532382965088,15.99538803100586,36.09085580800358
minecraft,6,O-ET2X-R-CurrentEdge-Point,127,seam-wide,1.3699146509170532,17.047019958496094,35.8143189124598
minecraft,9,O-ET2X-R-PreviousRawEdge-Point,127,full,1.908882975578308,21.641956329345703,34.777838445148234
minecraft,9,O-ET2X-R-PreviousRawEdge-Point,127,wall-seam,1.4102647304534912,14.83984375,36.416510326250396
minecraft,9,O-ET2X-R-PreviousRawEdge-Point,127,seam-wide,1.4210453033447266,17.66959571838379,35.65853747936339
minecraft,10,ABL-ET2X-R-PreviousRawEdge-BilinearRGB,127,full,1.673296570777893,17.66968536376953,35.658515445810266
minecraft,10,ABL-ET2X-R-PreviousRawEdge-BilinearRGB,127,wall-seam,1.18505859375,9.64024543762207,38.289922698231706
minecraft,10,ABL-ET2X-R-PreviousRawEdge-BilinearRGB,127,seam-wide,1.2700181007385254,14.168052673339844,36.617701980826794
minecraft,4,O-T2X-R,128,full,2.3143372535705566,26.294828414916992,33.93210019667773
minecraft,4,O-T2X-R,128,wall-seam,1.5536566972732544,10.828938484191895,37.78494474238217
minecraft,4,O-T2X-R,128,seam-wide,1.5080922842025757,17.08450698852539,35.804779100862014
minecraft,6,O-ET2X-R-CurrentEdge-Point,128,full,1.8639963865280151,22.735912322998047,34.5636797506071
minecraft,6,O-ET2X-R-CurrentEdge-Point,128,wall-seam,1.4231228828430176,16.99376106262207,35.82790853218621
minecraft,6,O-ET2X-R-CurrentEdge-Point,128,seam-wide,1.5208864212036133,24.309675216674805,34.27301204268432
minecraft,9,O-ET2X-R-PreviousRawEdge-Point,128,full,1.9037609100341797,21.687055587768555,34.76879768226095
minecraft,9,O-ET2X-R-PreviousRawEdge-Point,128,wall-seam,1.4977755546569824,17.84825325012207,35.61484641313428
minecraft,9,O-ET2X-R-PreviousRawEdge-Point,128,seam-wide,1.4928131103515625,21.8612117767334,34.734061294498936
minecraft,10,ABL-ET2X-R-PreviousRawEdge-BilinearRGB,128,full,1.6664069890975952,17.601219177246094,35.67537609893971
minecraft,10,ABL-ET2X-R-PreviousRawEdge-BilinearRGB,128,wall-seam,1.2343207597732544,11.20958137512207,37.63490966816134
minecraft,10,ABL-ET2X-R-PreviousRawEdge-BilinearRGB,128,seam-wide,1.3726304769515991,19.21257781982422,35.29494721263073
minecraft,4,O-T2X-R,129,full,2.3304734230041504,26.131589889526367,33.95914527135888
minecraft,4,O-T2X-R,129,wall-seam,1.7363823652267456,17.14968490600586,35.788242157800866
minecraft,4,O-T2X-R,129,seam-wide,1.5241104364395142,16.167922973632812,36.04426129398634
minecraft,6,O-ET2X-R-CurrentEdge-Point,129,full,1.873447299003601,23.024076461791992,34.50898142003004
minecraft,6,O-ET2X-R-CurrentEdge-Point,129,wall-seam,1.2886826992034912,12.07557487487793,37.31172545747106
minecraft,6,O-ET2X-R-CurrentEdge-Point,129,seam-wide,1.405895471572876,17.846311569213867,35.6153189003654
minecraft,9,O-ET2X-R-PreviousRawEdge-Point,129,full,1.9142297506332397,21.88165283203125,34.7300023750634
minecraft,9,O-ET2X-R-PreviousRawEdge-Point,129,wall-seam,1.2679036855697632,9.352864265441895,38.421357292272155
minecraft,9,O-ET2X-R-PreviousRawEdge-Point,129,seam-wide,1.3712725639343262,15.734333038330078,36.162320225104374
minecraft,10,ABL-ET2X-R-PreviousRawEdge-BilinearRGB,129,full,1.6760756969451904,17.869117736816406,35.609772505274094
minecraft,10,ABL-ET2X-R-PreviousRawEdge-BilinearRGB,129,wall-seam,1.1436631679534912,8.01942253112793,39.08937264475766
minecraft,10,ABL-ET2X-R-PreviousRawEdge-BilinearRGB,129,seam-wide,1.3062299489974976,15.218786239624023,36.30700343811375
minecraft,4,O-T2X-R,130,full,2.3210887908935547,26.948781967163086,33.825412201723964
minecraft,4,O-T2X-R,130,wall-seam,1.6342231035232544,9.83984375,38.20092158681647
minecraft,4,O-T2X-R,130,seam-wide,1.5660865306854248,18.462974548339844,35.46778689862635
minecraft,6,O-ET2X-R-CurrentEdge-Point,130,full,1.8644315004348755,22.822481155395508,34.54717503716405
minecraft,6,O-ET2X-R-CurrentEdge-Point,130,wall-seam,1.5198025703430176,14.75168228149414,36.44238810797172
minecraft,6,O-ET2X-R-CurrentEdge-Point,130,seam-wide,1.4044082164764404,15.352048873901367,36.269140165433164
minecraft,9,O-ET2X-R-PreviousRawEdge-Point,130,full,1.905167579650879,21.63104820251465,34.78002795772875
minecraft,9,O-ET2X-R-PreviousRawEdge-Point,130,wall-seam,1.4376084804534912,11.43359375,37.54897603745968
minecraft,9,O-ET2X-R-PreviousRawEdge-Point,130,seam-wide,1.4493496417999268,15.875799179077148,36.123447642061194
minecraft,10,ABL-ET2X-R-PreviousRawEdge-BilinearRGB,130,full,1.6715649366378784,17.830062866210938,35.61927486430616
minecraft,10,ABL-ET2X-R-PreviousRawEdge-BilinearRGB,130,wall-seam,1.3496636152267456,10.122883796691895,38.07776109374046
minecraft,10,ABL-ET2X-R-PreviousRawEdge-BilinearRGB,130,seam-wide,1.3455455303192139,13.385138511657715,36.864574911695854
minecraft,4,O-T2X-R,131,full,2.3355071544647217,26.862720489501953,33.8393036765995
minecraft,4,O-T2X-R,131,wall-seam,1.5330946445465088,11.459527015686035,37.53913668080928
minecraft,4,O-T2X-R,131,seam-wide,1.550188422203064,18.10605812072754,35.55256450739171
minecraft,6,O-ET2X-R-CurrentEdge-Point,131,full,1.8792420625686646,23.200279235839844,34.47587148828106
minecraft,6,O-ET2X-R-CurrentEdge-Point,131,wall-seam,1.5878363847732544,18.35280990600586,35.49377794555049
minecraft,6,O-ET2X-R-CurrentEdge-Point,131,seam-wide,1.5083047151565552,20.255874633789062,35.065293604266856
minecraft,9,O-ET2X-R-PreviousRawEdge-Point,131,full,1.9145197868347168,21.82579803466797,34.74110228732392
minecraft,9,O-ET2X-R-PreviousRawEdge-Point,131,wall-seam,1.5227322578430176,14.74343490600586,36.4448168420129
minecraft,9,O-ET2X-R-PreviousRawEdge-Point,131,seam-wide,1.5371171236038208,20.128995895385742,35.09258249564431
minecraft,10,ABL-ET2X-R-PreviousRawEdge-BilinearRGB,131,full,1.6778165102005005,17.838998794555664,35.61709884718023
minecraft,10,ABL-ET2X-R-PreviousRawEdge-BilinearRGB,131,wall-seam,1.4417318105697632,13.88953971862793,36.703925068489525
minecraft,10,ABL-ET2X-R-PreviousRawEdge-BilinearRGB,131,seam-wide,1.3933507204055786,16.9415340423584,35.84127628074685
minecraft,4,O-T2X-R,132,full,2.320382595062256,26.85062026977539,33.84126038183201
minecraft,4,O-T2X-R,132,wall-seam,1.7531466484069824,16.89019012451172,35.854458226313255
minecraft,4,O-T2X-R,132,seam-wide,1.5297085046768188,14.452850341796875,36.53126855253551
minecraft,6,O-ET2X-R-CurrentEdge-Point,132,full,1.853271484375,22.708213806152344,34.5689738625363
minecraft,6,O-ET2X-R-CurrentEdge-Point,132,wall-seam,1.5722113847732544,15.326008796691895,36.276512903745264
minecraft,6,O-ET2X-R-CurrentEdge-Point,132,seam-wide,1.3362154960632324,11.654731750488281,37.46578078774798
minecraft,9,O-ET2X-R-PreviousRawEdge-Point,132,full,1.9034478664398193,21.784000396728516,34.74942724626665
minecraft,9,O-ET2X-R-PreviousRawEdge-Point,132,wall-seam,1.4893120527267456,11.31678581237793,37.59357264595274
minecraft,9,O-ET2X-R-PreviousRawEdge-Point,132,seam-wide,1.2884196043014526,8.933045387268066,38.6208082029789
minecraft,10,ABL-ET2X-R-PreviousRawEdge-BilinearRGB,132,full,1.6659423112869263,17.878822326660156,35.60741452329565
minecraft,10,ABL-ET2X-R-PreviousRawEdge-BilinearRGB,132,wall-seam,1.3139106035232544,8.037543296813965,39.0795703546232
minecraft,10,ABL-ET2X-R-PreviousRawEdge-BilinearRGB,132,seam-wide,1.1698906421661377,7.558040618896484,39.34671139267968
minecraft,4,O-T2X-R,133,full,2.3244028091430664,26.434894561767578,33.909027783504925
minecraft,4,O-T2X-R,133,wall-seam,1.6183267831802368,13.23019790649414,36.915140201531614
minecraft,4,O-T2X-R,133,seam-wide,1.4280751943588257,11.853748321533203,37.39224658795828
minecraft,6,O-ET2X-R-CurrentEdge-Point,133,full,1.85865318775177,22.607391357421875,34.58829908404796
minecraft,6,O-ET2X-R-CurrentEdge-Point,133,wall-seam,1.8310546875,24.51833724975586,34.235893463976026
minecraft,6,O-ET2X-R-CurrentEdge-Point,133,seam-wide,1.4065606594085693,14.513330459594727,36.513132768757636
minecraft,9,O-ET2X-R-PreviousRawEdge-Point,133,full,1.904190182685852,21.628957748413086,34.780447686141514
minecraft,9,O-ET2X-R-PreviousRawEdge-Point,133,wall-seam,1.8627387285232544,24.43956184387207,34.249869453241665
minecraft,9,O-ET2X-R-PreviousRawEdge-Point,133,seam-wide,1.4439456462860107,14.685585021972656,36.46189108902262
minecraft,10,ABL-ET2X-R-PreviousRawEdge-BilinearRGB,133,full,1.6644115447998047,17.534242630004883,35.69193349060039
minecraft,10,ABL-ET2X-R-PreviousRawEdge-BilinearRGB,133,wall-seam,1.6681857109069824,19.93587303161621,35.134451018320554
minecraft,10,ABL-ET2X-R-PreviousRawEdge-BilinearRGB,133,seam-wide,1.3395410776138306,11.841388702392578,37.39677723479319
minecraft,4,O-T2X-R,134,full,2.319136142730713,26.712072372436523,33.863727781628945
minecraft,4,O-T2X-R,134,wall-seam,1.6654188632965088,11.946343421936035,37.35845365599331
minecraft,4,O-T2X-R,134,seam-wide,1.4379041194915771,10.085928916931152,38.09364457831365
minecraft,6,O-ET2X-R-CurrentEdge-Point,134,full,1.8680434226989746,23.33482551574707,34.45075803036131
minecraft,6,O-ET2X-R-CurrentEdge-Point,134,wall-seam,1.6277669668197632,18.40087890625,35.48241793563895
minecraft,6,O-ET2X-R-CurrentEdge-Point,134,seam-wide,1.4132118225097656,17.381248474121094,35.729993927858644
minecraft,9,O-ET2X-R-PreviousRawEdge-Point,134,full,1.9112781286239624,22.203622817993164,34.66656519683117
minecraft,9,O-ET2X-R-PreviousRawEdge-Point,134,wall-seam,1.4876302480697632,11.50010871887207,37.52378414794035
minecraft,9,O-ET2X-R-PreviousRawEdge-Point,134,seam-wide,1.4470679759979248,16.855024337768555,35.86350976912079
minecraft,10,ABL-ET2X-R-PreviousRawEdge-BilinearRGB,134,full,1.6664385795593262,18.06825828552246,35.561640707000834
minecraft,10,ABL-ET2X-R-PreviousRawEdge-BilinearRGB,134,wall-seam,1.3580186367034912,9.934407234191895,38.159384021145456
minecraft,10,ABL-ET2X-R-PreviousRawEdge-BilinearRGB,134,seam-wide,1.2853527069091797,13.24152946472168,36.911422096217855
minecraft,4,O-T2X-R,135,full,2.3200128078460693,25.939538955688477,33.99118108116758
minecraft,4,O-T2X-R,135,wall-seam,1.7739800214767456,17.22721290588379,35.76865339804294
minecraft,4,O-T2X-R,135,seam-wide,1.449460506439209,11.78030014038086,37.419240052512365
minecraft,6,O-ET2X-R-CurrentEdge-Point,135,full,1.8540633916854858,22.48422622680664,34.61202414537016
minecraft,6,O-ET2X-R-CurrentEdge-Point,135,wall-seam,1.7147352695465088,18.20703125,35.528412232471744
minecraft,6,O-ET2X-R-CurrentEdge-Point,135,seam-wide,1.387604832649231,12.130759239196777,37.29192377554946
minecraft,9,O-ET2X-R-PreviousRawEdge-Point,135,full,1.9032069444656372,21.58156394958496,34.78997447394798
minecraft,9,O-ET2X-R-PreviousRawEdge-Point,135,wall-seam,1.6563584804534912,14.98253059387207,36.37495187682351
minecraft,9,O-ET2X-R-PreviousRawEdge-Point,135,seam-wide,1.3433284759521484,9.665502548217773,38.27855921205477
minecraft,10,ABL-ET2X-R-PreviousRawEdge-BilinearRGB,135,full,1.665542721748352,17.65046501159668,35.663242092568076
minecraft,10,ABL-ET2X-R-PreviousRawEdge-BilinearRGB,135,wall-seam,1.5191514492034912,13.154459953308105,36.940073377211874
minecraft,10,ABL-ET2X-R-PreviousRawEdge-BilinearRGB,135,seam-wide,1.2499908208847046,8.508535385131836,38.8322555153508
minecraft,4,O-T2X-R,136,full,2.30416202545166,26.16489601135254,33.953613478302735
minecraft,4,O-T2X-R,136,wall-seam,1.6876084804534912,13.59092903137207,36.79831216173088
minecraft,4,O-T2X-R,136,seam-wide,1.5860676765441895,21.20577049255371,34.86626304087024
minecraft,6,O-ET2X-R-CurrentEdge-Point,136,full,1.8482064008712769,22.29409408569336,34.64890531259112
minecraft,6,O-ET2X-R-CurrentEdge-Point,136,wall-seam,1.6022677421569824,14.01014518737793,36.66637724957556
minecraft,6,O-ET2X-R-CurrentEdge-Point,136,seam-wide,1.4098769426345825,12.00637435913086,37.3366848032131
minecraft,9,O-ET2X-R-PreviousRawEdge-Point,136,full,1.8902902603149414,21.208524703979492,34.86569901460487
minecraft,9,O-ET2X-R-PreviousRawEdge-Point,136,wall-seam,1.6491427421569824,14.179741859436035,36.61412036229815
minecraft,9,O-ET2X-R-PreviousRawEdge-Point,136,seam-wide,1.369859218597412,10.17320728302002,38.056224673625266
minecraft,10,ABL-ET2X-R-PreviousRawEdge-BilinearRGB,136,full,1.6512659788131714,17.291494369506836,35.75247833274376
minecraft,10,ABL-ET2X-R-PreviousRawEdge-BilinearRGB,136,wall-seam,1.5750868320465088,14.235676765441895,36.59702242492737
minecraft,10,ABL-ET2X-R-PreviousRawEdge-BilinearRGB,136,seam-wide,1.33585524559021,10.323458671569824,37.99255137382155
minecraft,4,O-T2X-R,137,full,2.3145956993103027,26.4207763671875,33.91134785778972
minecraft,4,O-T2X-R,137,wall-seam,1.6559244394302368,14.16514778137207,36.618592511043154
minecraft,4,O-T2X-R,137,seam-wide,1.5109281539916992,16.210647583007812,36.032799964753316
minecraft,6,O-ET2X-R-CurrentEdge-Point,137,full,1.8528649806976318,22.689239501953125,34.57260421423713
minecraft,6,O-ET2X-R-CurrentEdge-Point,137,wall-seam,1.6347113847732544,17.32210350036621,35.74479731666263
minecraft,6,O-ET2X-R-CurrentEdge-Point,137,seam-wide,1.499159336090088,19.851078033447266,35.152962643146395
minecraft,9,O-ET2X-R-PreviousRawEdge-Point,137,full,1.8977299928665161,21.551698684692383,34.79598854338025
minecraft,9,O-ET2X-R-PreviousRawEdge-Point,137,wall-seam,1.5426974296569824,13.488226890563965,36.83125498094127
minecraft,9,O-ET2X-R-PreviousRawEdge-Point,137,seam-wide,1.4719913005828857,17.70781135559082,35.649154741514735
minecraft,10,ABL-ET2X-R-PreviousRawEdge-BilinearRGB,137,full,1.6545767784118652,17.422916412353516,35.71959507797876
minecraft,10,ABL-ET2X-R-PreviousRawEdge-BilinearRGB,137,wall-seam,1.35498046875,11.22303581237793,37.62970012126885
minecraft,10,ABL-ET2X-R-PreviousRawEdge-BilinearRGB,137,seam-wide,1.3754664659500122,16.35394287109375,35.99457884561526
minecraft,4,O-T2X-R,138,full,2.3145008087158203,26.873897552490234,33.837497036350605
minecraft,4,O-T2X-R,138,wall-seam,1.8476020097732544,17.88460350036621,35.60601044535665
minecraft,4,O-T2X-R,138,seam-wide,1.737464427947998,28.060766220092773,33.64980835279811
minecraft,6,O-ET2X-R-CurrentEdge-Point,138,full,1.8530876636505127,22.53711700439453,34.60182001472066
minecraft,6,O-ET2X-R-CurrentEdge-Point,138,wall-seam,1.27880859375,7.010796546936035,39.67312996783417
minecraft,6,O-ET2X-R-CurrentEdge-Point,138,seam-wide,1.3439843654632568,11.742647171020508,37.43314348950109
minecraft,9,O-ET2X-R-PreviousRawEdge-Point,138,full,1.8990592956542969,21.540376663208008,34.798270676012805
minecraft,9,O-ET2X-R-PreviousRawEdge-Point,138,wall-seam,1.3680555820465088,7.889214515686035,39.16046595742758
minecraft,9,O-ET2X-R-PreviousRawEdge-Point,138,seam-wide,1.3522706031799316,10.40379810333252,37.95888445204454
minecraft,10,ABL-ET2X-R-PreviousRawEdge-BilinearRGB,138,full,1.6577717065811157,17.488380432128906,35.70330768768157
minecraft,10,ABL-ET2X-R-PreviousRawEdge-BilinearRGB,138,wall-seam,1.2736544609069824,7.407660484313965,39.43399291779339
minecraft,10,ABL-ET2X-R-PreviousRawEdge-BilinearRGB,138,seam-wide,1.2757455110549927,9.321306228637695,38.43603584979644
minecraft,4,O-T2X-R,139,full,2.318763017654419,26.074939727783203,33.9685704763977
minecraft,4,O-T2X-R,139,wall-seam,1.6012369394302368,9.33224868774414,38.43094057420442
minecraft,4,O-T2X-R,139,seam-wide,1.5728946924209595,15.304040908813477,36.28274242946409
minecraft,6,O-ET2X-R-CurrentEdge-Point,139,full,1.8516695499420166,22.318490982055664,34.644155335199834
minecraft,6,O-ET2X-R-CurrentEdge-Point,139,wall-seam,1.5247396230697632,14.624674797058105,36.47994143235978
minecraft,6,O-ET2X-R-CurrentEdge-Point,139,seam-wide,1.423474907875061,12.531242370605469,37.15086230979002
minecraft,9,O-ET2X-R-PreviousRawEdge-Point,139,full,1.8988134860992432,21.293710708618164,34.84829011320023
minecraft,9,O-ET2X-R-PreviousRawEdge-Point,139,wall-seam,1.5729166269302368,14.82237434387207,36.42162583550642
minecraft,9,O-ET2X-R-PreviousRawEdge-Point,139,seam-wide,1.411318063735962,11.487565994262695,37.52852341512977
minecraft,10,ABL-ET2X-R-PreviousRawEdge-BilinearRGB,139,full,1.6574790477752686,17.269973754882812,35.75788683295717
minecraft,10,ABL-ET2X-R-PreviousRawEdge-BilinearRGB,139,wall-seam,1.39111328125,10.549859046936035,37.89833703655699
minecraft,10,ABL-ET2X-R-PreviousRawEdge-BilinearRGB,139,seam-wide,1.31634521484375,10.184837341308594,38.05126263450844
minecraft,4,O-T2X-R,140,full,2.3238275051116943,26.654207229614258,33.87314590942739
minecraft,4,O-T2X-R,140,wall-seam,1.8654513359069824,14.14431381225586,36.624984776347716
minecraft,4,O-T2X-R,140,seam-wide,1.6094576120376587,20.721843719482422,34.9665196686158
minecraft,6,O-ET2X-R-CurrentEdge-Point,140,full,1.853554368019104,22.32353401184082,34.643174125222295
minecraft,6,O-ET2X-R-CurrentEdge-Point,140,wall-seam,1.5281575918197632,15.041069984436035,36.358016288804045
minecraft,6,O-ET2X-R-CurrentEdge-Point,140,seam-wide,1.4861711263656616,17.23732566833496,35.76610473948718
minecraft,9,O-ET2X-R-PreviousRawEdge-Point,140,full,1.9011107683181763,21.461875915527344,34.81412681254948
minecraft,9,O-ET2X-R-PreviousRawEdge-Point,140,wall-seam,1.4468315839767456,10.98068618774414,37.72450880659181
minecraft,9,O-ET2X-R-PreviousRawEdge-Point,140,seam-wide,1.4331005811691284,14.114916801452637,36.63402038269953
minecraft,10,ABL-ET2X-R-PreviousRawEdge-BilinearRGB,140,full,1.6585131883621216,17.314453125,35.746715819068044
minecraft,10,ABL-ET2X-R-PreviousRawEdge-BilinearRGB,140,wall-seam,1.2357313632965088,7.06873893737793,39.63738418271516
minecraft,10,ABL-ET2X-R-PreviousRawEdge-BilinearRGB,140,seam-wide,1.3501089811325073,13.143202781677246,36.94379152347378
minecraft,4,O-T2X-R,141,full,2.3130569458007812,25.71214485168457,34.02942054804657
minecraft,4,O-T2X-R,141,wall-seam,1.6596137285232544,11.264973640441895,37.61350181037446
minecraft,4,O-T2X-R,141,seam-wide,1.5389461517333984,15.880057334899902,36.12228294755064
minecraft,6,O-ET2X-R-CurrentEdge-Point,141,full,1.8490121364593506,22.150209426879883,34.67702524100771
minecraft,6,O-ET2X-R-CurrentEdge-Point,141,wall-seam,1.4363064765930176,10.988715171813965,37.721334442780076
minecraft,6,O-ET2X-R-CurrentEdge-Point,141,seam-wide,1.367799162864685,11.864437103271484,37.38833222506894
minecraft,9,O-ET2X-R-PreviousRawEdge-Point,141,full,1.8944114446640015,21.017040252685547,34.905088048574804
minecraft,9,O-ET2X-R-PreviousRawEdge-Point,141,wall-seam,1.4797091484069824,11.09483528137207,37.67959501972006
minecraft,9,O-ET2X-R-PreviousRawEdge-Point,141,seam-wide,1.4183109998703003,12.478153228759766,37.1693004650767
minecraft,10,ABL-ET2X-R-PreviousRawEdge-BilinearRGB,141,full,1.6500412225723267,16.94400405883789,35.84064314071764
minecraft,10,ABL-ET2X-R-PreviousRawEdge-BilinearRGB,141,wall-seam,1.4517143964767456,11.506510734558105,37.52136713907653
minecraft,10,ABL-ET2X-R-PreviousRawEdge-BilinearRGB,141,seam-wide,1.3421831130981445,10.755422592163086,37.81452881910218
minecraft,4,O-T2X-R,142,full,2.319878101348877,26.549869537353516,33.89017969512444
minecraft,4,O-T2X-R,142,wall-seam,1.9478081464767456,20.67133331298828,34.97711871091202
minecraft,4,O-T2X-R,142,seam-wide,1.6512397527694702,20.870746612548828,34.93542375438763
minecraft,6,O-ET2X-R-CurrentEdge-Point,142,full,1.8582632541656494,22.445430755615234,34.61952416401273
minecraft,6,O-ET2X-R-CurrentEdge-Point,142,wall-seam,1.5101454257965088,15.551703453063965,36.21302394530942
minecraft,6,O-ET2X-R-CurrentEdge-Point,142,seam-wide,1.5366367101669312,17.664541244506836,35.65977997759164
minecraft,9,O-ET2X-R-PreviousRawEdge-Point,142,full,1.903478980064392,21.463634490966797,34.81377096838942
minecraft,9,O-ET2X-R-PreviousRawEdge-Point,142,wall-seam,1.4309896230697632,11.5947265625,37.488198497048266
minecraft,9,O-ET2X-R-PreviousRawEdge-Point,142,seam-wide,1.4948638677597046,15.38971996307373,36.25849643544444
minecraft,10,ABL-ET2X-R-PreviousRawEdge-BilinearRGB,142,full,1.656729817390442,17.23731231689453,35.766108103384376
minecraft,10,ABL-ET2X-R-PreviousRawEdge-BilinearRGB,142,wall-seam,1.2390408515930176,7.647135257720947,39.29581589083276
minecraft,10,ABL-ET2X-R-PreviousRawEdge-BilinearRGB,142,seam-wide,1.331993818283081,12.050392150878906,37.32079180663114
minecraft,4,O-T2X-R,143,full,2.315950870513916,26.007286071777344,33.97985326070982
minecraft,4,O-T2X-R,143,wall-seam,1.7922635078430176,17.49256706237793,35.7022681329789
minecraft,4,O-T2X-R,143,seam-wide,1.5321195125579834,18.636764526367188,35.42709842888029
minecraft,6,O-ET2X-R-CurrentEdge-Point,143,full,1.844611406326294,22.518529891967773,34.60540326404697
minecraft,6,O-ET2X-R-CurrentEdge-Point,143,wall-seam,1.6035698652267456,14.73583984375,36.447054681124214
minecraft,6,O-ET2X-R-CurrentEdge-Point,143,seam-wide,1.4490724802017212,16.27012062072754,36.01689588218563
minecraft,9,O-ET2X-R-PreviousRawEdge-Point,143,full,1.8993048667907715,21.592140197753906,34.78784669436474
minecraft,9,O-ET2X-R-PreviousRawEdge-Point,143,wall-seam,1.6755642890930176,15.43967056274414,36.244423313389646
minecraft,9,O-ET2X-R-PreviousRawEdge-Point,143,seam-wide,1.48292875289917,15.84885311126709,36.13082520526724
minecraft,10,ABL-ET2X-R-PreviousRawEdge-BilinearRGB,143,full,1.6546348333358765,17.45256233215332,35.71221163095832
minecraft,10,ABL-ET2X-R-PreviousRawEdge-BilinearRGB,143,wall-seam,1.4120008945465088,11.53135871887207,37.51199878435053
minecraft,10,ABL-ET2X-R-PreviousRawEdge-BilinearRGB,143,seam-wide,1.3733972311019897,13.7777681350708,36.73901489096477
minecraft,4,O-T2X-R,144,full,2.3210549354553223,26.87591552734375,33.83717093462348
minecraft,4,O-T2X-R,144,wall-seam,1.7815755605697632,15.80392837524414,36.143153081137996
minecraft,4,O-T2X-R,144,seam-wide,1.6134759187698364,19.11473274230957,35.31712130673555
minecraft,6,O-ET2X-R-CurrentEdge-Point,144,full,1.854913592338562,22.75507926940918,34.560020081181364
minecraft,6,O-ET2X-R-CurrentEdge-Point,144,wall-seam,1.3368055820465088,11.072808265686035,37.68822581035267
minecraft,6,O-ET2X-R-CurrentEdge-Point,144,seam-wide,1.2953109741210938,11.660367012023926,37.46368140737512
minecraft,9,O-ET2X-R-PreviousRawEdge-Point,144,full,1.9022541046142578,21.739511489868164,34.75830580070638
minecraft,9,O-ET2X-R-PreviousRawEdge-Point,144,wall-seam,1.3829209804534912,11.2431640625,37.621918128456514
minecraft,9,O-ET2X-R-PreviousRawEdge-Point,144,seam-wide,1.3379706144332886,12.391180038452148,37.19967693734385
minecraft,10,ABL-ET2X-R-PreviousRawEdge-BilinearRGB,144,full,1.6521949768066406,17.2835693359375,35.75446924644831
minecraft,10,ABL-ET2X-R-PreviousRawEdge-BilinearRGB,144,wall-seam,1.3161892890930176,10.143229484558105,38.06904109615956
minecraft,10,ABL-ET2X-R-PreviousRawEdge-BilinearRGB,144,seam-wide,1.2369194030761719,9.934532165527344,38.159329406262884
minecraft,4,O-T2X-R,145,full,2.3101906776428223,26.132383346557617,33.95901340461053
minecraft,4,O-T2X-R,145,wall-seam,1.8883463144302368,23.48556900024414,34.42279274284657
minecraft,4,O-T2X-R,145,seam-wide,1.5749454498291016,16.771190643310547,35.885164651393275
minecraft,6,O-ET2X-R-CurrentEdge-Point,145,full,1.8411366939544678,22.610095977783203,34.58777954978404
minecraft,6,O-ET2X-R-CurrentEdge-Point,145,wall-seam,1.7600369453430176,23.06429100036621,34.50140251993482
minecraft,6,O-ET2X-R-CurrentEdge-Point,145,seam-wide,1.5256900787353516,20.48267936706543,35.01693594197911
minecraft,9,O-ET2X-R-PreviousRawEdge-Point,145,full,1.8809722661972046,21.088926315307617,34.89025891474895
minecraft,9,O-ET2X-R-PreviousRawEdge-Point,145,wall-seam,1.6399739980697632,18.6552734375,35.422787418235686
minecraft,9,O-ET2X-R-PreviousRawEdge-Point,145,seam-wide,1.4395207166671753,16.70408821105957,35.902575861145124
minecraft,10,ABL-ET2X-R-PreviousRawEdge-BilinearRGB,145,full,1.643315076828003,17.248445510864258,35.763303998049565
minecraft,10,ABL-ET2X-R-PreviousRawEdge-BilinearRGB,145,wall-seam,1.4028862714767456,11.906575202941895,37.37293501514137
minecraft,10,ABL-ET2X-R-PreviousRawEdge-BilinearRGB,145,seam-wide,1.3056201934814453,13.14682388305664,36.94259515773594
minecraft,4,O-T2X-R,146,full,2.3315539360046387,27.20311737060547,33.784616855368114
minecraft,4,O-T2X-R,146,wall-seam,1.9660372734069824,23.13509178161621,34.488091340940045
minecraft,4,O-T2X-R,146,seam-wide,1.5770978927612305,15.469460487365723,36.23605193351205
minecraft,6,O-ET2X-R-CurrentEdge-Point,146,full,1.840670108795166,22.20125961303711,34.66702745540132
minecraft,6,O-ET2X-R-CurrentEdge-Point,146,wall-seam,1.5340712070465088,15.893988609313965,36.11847463431144
minecraft,6,O-ET2X-R-CurrentEdge-Point,146,seam-wide,1.3326127529144287,13.877175331115723,36.70779285451604
minecraft,9,O-ET2X-R-PreviousRawEdge-Point,146,full,1.8916542530059814,21.373170852661133,34.832114034366995
minecraft,9,O-ET2X-R-PreviousRawEdge-Point,146,wall-seam,1.5920138359069824,15.64279556274414,36.18765991365312
minecraft,9,O-ET2X-R-PreviousRawEdge-Point,146,seam-wide,1.3317813873291016,12.659646034240723,37.106587979610694
minecraft,10,ABL-ET2X-R-PreviousRawEdge-BilinearRGB,146,full,1.6526148319244385,17.453327178955078,35.712021308494
minecraft,10,ABL-ET2X-R-PreviousRawEdge-BilinearRGB,146,wall-seam,1.4211153984069824,12.01475715637207,37.33365363648375
minecraft,10,ABL-ET2X-R-PreviousRawEdge-BilinearRGB,146,seam-wide,1.2537875175476074,11.443936347961426,37.54504927306687
minecraft,4,O-T2X-R,147,full,2.308579921722412,26.301576614379883,33.93098578370446
minecraft,4,O-T2X-R,147,wall-seam,1.5196939706802368,10.05018424987793,38.109063371241604
minecraft,4,O-T2X-R,147,seam-wide,1.394588589668274,11.490938186645508,37.52724872419014
minecraft,6,O-ET2X-R-CurrentEdge-Point,147,full,1.843281865119934,22.390907287597656,34.630086691640955
minecraft,6,O-ET2X-R-CurrentEdge-Point,147,wall-seam,1.6328125,18.04166603088379,35.56803721530557
minecraft,6,O-ET2X-R-CurrentEdge-Point,147,seam-wide,1.2895466089248657,10.837509155273438,37.78150883501701
minecraft,9,O-ET2X-R-PreviousRawEdge-Point,147,full,1.8974393606185913,21.555789947509766,34.79516417948093
minecraft,9,O-ET2X-R-PreviousRawEdge-Point,147,wall-seam,1.6849501132965088,18.25048828125,35.51805872622501
minecraft,9,O-ET2X-R-PreviousRawEdge-Point,147,seam-wide,1.3027102947235107,10.41398811340332,37.95463283234622
minecraft,10,ABL-ET2X-R-PreviousRawEdge-BilinearRGB,147,full,1.6472346782684326,17.194379806518555,35.7769384523237
minecraft,10,ABL-ET2X-R-PreviousRawEdge-BilinearRGB,147,wall-seam,1.4226346015930176,13.639105796813965,36.7829446270577
minecraft,10,ABL-ET2X-R-PreviousRawEdge-BilinearRGB,147,seam-wide,1.1564313173294067,8.198925018310547,38.99323446193955
minecraft,4,O-T2X-R,148,full,2.3251192569732666,26.604602813720703,33.88123581241712
minecraft,4,O-T2X-R,148,wall-seam,1.7112630605697632,11.916015625,37.36949296851354
minecraft,4,O-T2X-R,148,seam-wide,1.4763330221176147,11.233824729919434,37.625527171353916
minecraft,6,O-ET2X-R-CurrentEdge-Point,148,full,1.8509937524795532,22.297409057617188,34.6482595958445
minecraft,6,O-ET2X-R-CurrentEdge-Point,148,wall-seam,1.6901041269302368,13.88454818725586,36.70548608792737
minecraft,6,O-ET2X-R-CurrentEdge-Point,148,seam-wide,1.5233898162841797,17.042678833007812,35.81542501015021
minecraft,9,O-ET2X-R-PreviousRawEdge-Point,148,full,1.9032341241836548,21.40683937072754,34.825278105832766
minecraft,9,O-ET2X-R-PreviousRawEdge-Point,148,wall-seam,1.6463758945465088,10.54503059387207,37.90032516789508
minecraft,9,O-ET2X-R-PreviousRawEdge-Point,148,seam-wide,1.5177456140518188,16.07134246826172,36.070282051869
minecraft,10,ABL-ET2X-R-PreviousRawEdge-BilinearRGB,148,full,1.6546647548675537,17.266298294067383,35.75881121318811
minecraft,10,ABL-ET2X-R-PreviousRawEdge-BilinearRGB,148,wall-seam,1.39111328125,7.13731575012207,39.5954545078572
minecraft,10,ABL-ET2X-R-PreviousRawEdge-BilinearRGB,148,seam-wide,1.3522244691848755,12.642842292785645,37.112356402990905
minecraft,4,O-T2X-R,149,full,2.3180649280548096,26.314550399780273,33.92884406638594
minecraft,4,O-T2X-R,149,wall-seam,1.5661892890930176,8.85666275024414,38.6581025322258
minecraft,4,O-T2X-R,149,seam-wide,1.3824409246444702,9.233695030212402,38.47704834261527
minecraft,6,O-ET2X-R-CurrentEdge-Point,149,full,1.8507905006408691,22.443147659301758,34.619965940592195
minecraft,6,O-ET2X-R-CurrentEdge-Point,149,wall-seam,1.1495225429534912,7.746419429779053,39.239793527121556
minecraft,6,O-ET2X-R-CurrentEdge-Point,149,seam-wide,1.2430901527404785,10.785417556762695,37.802433974203026
minecraft,9,O-ET2X-R-PreviousRawEdge-Point,149,full,1.899192214012146,21.416574478149414,34.82330353018506
minecraft,9,O-ET2X-R-PreviousRawEdge-Point,149,wall-seam,1.2063802480697632,7.989800453186035,39.10544428007283
minecraft,9,O-ET2X-R-PreviousRawEdge-Point,149,seam-wide,1.26780104637146,10.529892921447754,37.906564060034896
minecraft,10,ABL-ET2X-R-PreviousRawEdge-BilinearRGB,149,full,1.6567208766937256,17.317489624023438,35.74595424771577
minecraft,10,ABL-ET2X-R-PreviousRawEdge-BilinearRGB,149,wall-seam,1.2917208671569824,10.71229362487793,37.831978926521806
minecraft,10,ABL-ET2X-R-PreviousRawEdge-BilinearRGB,149,seam-wide,1.210194706916809,9.815153121948242,38.21183281639124
minecraft,4,O-T2X-R,150,full,2.3300750255584717,27.192092895507812,33.78637725623537
minecraft,4,O-T2X-R,150,wall-seam,1.7440863847732544,9.20665168762207,38.48978647933125
minecraft,4,O-T2X-R,150,seam-wide,1.513958215713501,13.290424346923828,36.89541513214471
minecraft,6,O-ET2X-R-CurrentEdge-Point,150,full,1.8413612842559814,22.31787109375,34.64427596065319
minecraft,6,O-ET2X-R-CurrentEdge-Point,150,wall-seam,1.6998155117034912,22.94525909423828,34.52387394824912
minecraft,6,O-ET2X-R-CurrentEdge-Point,150,seam-wide,1.4092764854431152,15.552146911621094,36.21290010751952
minecraft,9,O-ET2X-R-PreviousRawEdge-Point,150,full,1.8905056715011597,21.404539108276367,34.82574480012103
minecraft,9,O-ET2X-R-PreviousRawEdge-Point,150,wall-seam,1.5578885078430176,16.64936065673828,35.91682799817268
minecraft,9,O-ET2X-R-PreviousRawEdge-Point,150,seam-wide,1.395715594291687,13.970929145812988,36.678550707536644
minecraft,10,ABL-ET2X-R-PreviousRawEdge-BilinearRGB,150,full,1.6505579948425293,17.438499450683594,35.71571248867982
minecraft,10,ABL-ET2X-R-PreviousRawEdge-BilinearRGB,150,wall-seam,1.3203667402267456,9.845540046691895,38.198408178578994
minecraft,10,ABL-ET2X-R-PreviousRawEdge-BilinearRGB,150,seam-wide,1.2342312335968018,10.510549545288086,37.914549371092434
minecraft,4,O-T2X-R,151,full,2.3088066577911377,26.075382232666016,33.96849677505834
minecraft,4,O-T2X-R,151,wall-seam,1.6870659589767456,9.463541984558105,38.37026647674966
minecraft,4,O-T2X-R,151,seam-wide,1.5360270738601685,15.60880184173584,36.197107937115575
minecraft,6,O-ET2X-R-CurrentEdge-Point,151,full,1.827463984489441,22.26156997680664,34.655245715691095
minecraft,6,O-ET2X-R-CurrentEdge-Point,151,wall-seam,1.4497612714767456,12.62478256225586,37.11856453904985
minecraft,6,O-ET2X-R-CurrentEdge-Point,151,seam-wide,1.4304124116897583,16.092958450317383,36.06444470868236
minecraft,9,O-ET2X-R-PreviousRawEdge-Point,151,full,1.8811819553375244,21.372594833374023,34.83223108081305
minecraft,9,O-ET2X-R-PreviousRawEdge-Point,151,wall-seam,1.6469184160232544,16.98849868774414,35.82925359893942
minecraft,9,O-ET2X-R-PreviousRawEdge-Point,151,seam-wide,1.524341344833374,18.152523040771484,35.54143364193748
minecraft,10,ABL-ET2X-R-PreviousRawEdge-BilinearRGB,151,full,1.6356247663497925,17.183441162109375,35.77970220693808
minecraft,10,ABL-ET2X-R-PreviousRawEdge-BilinearRGB,151,wall-seam,1.4055989980697632,10.694661140441895,37.839133323313455
minecraft,10,ABL-ET2X-R-PreviousRawEdge-BilinearRGB,151,seam-wide,1.3505985736846924,13.375706672668457,36.867636246843254
minecraft,4,O-T2X-R,152,full,2.3202970027923584,26.96681785583496,33.8225065910123
minecraft,4,O-T2X-R,152,wall-seam,1.8232964277267456,14.21999740600586,36.601808436976114
minecraft,4,O-T2X-R,152,seam-wide,1.5811070203781128,14.917617797851562,36.39380884906162
minecraft,6,O-ET2X-R-CurrentEdge-Point,152,full,1.8229800462722778,22.217266082763672,34.66389744526748
minecraft,6,O-ET2X-R-CurrentEdge-Point,152,wall-seam,1.2168511152267456,6.876681804656982,39.7570143157878
minecraft,6,O-ET2X-R-CurrentEdge-Point,152,seam-wide,1.297758936882019,11.303375244140625,37.59872215523559
minecraft,9,O-ET2X-R-PreviousRawEdge-Point,152,full,1.8743269443511963,21.231571197509766,34.86098226468306
minecraft,9,O-ET2X-R-PreviousRawEdge-Point,152,wall-seam,1.2798393964767456,7.134114742279053,39.59740270788775
minecraft,9,O-ET2X-R-PreviousRawEdge-Point,152,seam-wide,1.3040220737457275,10.433516502380371,37.94649653573894
minecraft,10,ABL-ET2X-R-PreviousRawEdge-BilinearRGB,152,full,1.6232473850250244,16.960041046142578,35.836534618804905
minecraft,10,ABL-ET2X-R-PreviousRawEdge-BilinearRGB,152,wall-seam,1.0744900703430176,4.951117515563965,41.18377126365292
minecraft,10,ABL-ET2X-R-PreviousRawEdge-BilinearRGB,152,seam-wide,1.1649022102355957,7.808123588562012,39.205336820538285
minecraft,4,O-T2X-R,153,full,2.297589063644409,25.94596290588379,33.99010568012643
minecraft,4,O-T2X-R,153,wall-seam,1.7556966543197632,20.64274024963379,34.98313013053125
minecraft,4,O-T2X-R,153,seam-wide,1.5085079669952393,14.731100082397461,36.4484518076829
minecraft,6,O-ET2X-R-CurrentEdge-Point,153,full,1.8242160081863403,22.13770866394043,34.67947693110398
minecraft,6,O-ET2X-R-CurrentEdge-Point,153,wall-seam,1.6505533456802368,10.756781578063965,37.81398010724183
minecraft,6,O-ET2X-R-CurrentEdge-Point,153,seam-wide,1.4525551795959473,12.150075912475586,37.28501369496027
minecraft,9,O-ET2X-R-PreviousRawEdge-Point,153,full,1.8768775463104248,21.25550651550293,34.8560890226969
minecraft,9,O-ET2X-R-PreviousRawEdge-Point,153,wall-seam,1.5766059160232544,8.19552993774414,38.99503319789099
minecraft,9,O-ET2X-R-PreviousRawEdge-Point,153,seam-wide,1.4489432573318481,11.36855697631836,37.573750181673525
minecraft,10,ABL-ET2X-R-PreviousRawEdge-BilinearRGB,153,full,1.6331114768981934,17.203962326049805,35.77451878020882
minecraft,10,ABL-ET2X-R-PreviousRawEdge-BilinearRGB,153,wall-seam,1.3732095956802368,6.103353023529053,40.27511870194196
minecraft,10,ABL-ET2X-R-PreviousRawEdge-BilinearRGB,153,seam-wide,1.271071195602417,8.363245010375977,38.90705540766651
minecraft,4,O-T2X-R,154,full,2.316213607788086,27.048416137695312,33.8093852147331
minecraft,4,O-T2X-R,154,wall-seam,2.127007484436035,30.99321746826172,33.21813697304345
minecraft,4,O-T2X-R,154,seam-wide,1.5122122764587402,15.078871726989746,36.34711514100345
minecraft,6,O-ET2X-R-CurrentEdge-Point,154,full,1.8345108032226562,22.56436538696289,34.596572371848374
minecraft,6,O-ET2X-R-CurrentEdge-Point,154,wall-seam,1.1168619394302368,5.004665851593018,41.13705274787594
minecraft,6,O-ET2X-R-CurrentEdge-Point,154,seam-wide,1.3815726041793823,18.22711753845215,35.52362366712273
minecraft,9,O-ET2X-R-PreviousRawEdge-Point,154,full,1.8930691480636597,21.892566680908203,34.72783679701563
minecraft,9,O-ET2X-R-PreviousRawEdge-Point,154,wall-seam,1.1666123867034912,5.21717643737793,40.95644836684555
minecraft,9,O-ET2X-R-PreviousRawEdge-Point,154,seam-wide,1.4011011123657227,16.961811065673828,35.836081394898706
minecraft,10,ABL-ET2X-R-PreviousRawEdge-BilinearRGB,154,full,1.6423585414886475,17.4840145111084,35.70439202601217
minecraft,10,ABL-ET2X-R-PreviousRawEdge-BilinearRGB,154,wall-seam,1.3245443105697632,9.201171875,38.49237217605507
minecraft,10,ABL-ET2X-R-PreviousRawEdge-BilinearRGB,154,seam-wide,1.3427373170852661,15.612977027893066,36.195946401555815
minecraft,4,O-T2X-R,155,full,2.2995662689208984,26.346952438354492,33.923499734161226
minecraft,4,O-T2X-R,155,wall-seam,1.7596029043197632,16.47998046875,35.96123668210644
minecraft,4,O-T2X-R,155,seam-wide,1.4533495903015137,14.767801284790039,36.43764521003773
minecraft,6,O-ET2X-R-CurrentEdge-Point,155,full,1.8167815208435059,22.16594123840332,34.673941832760654
minecraft,6,O-ET2X-R-CurrentEdge-Point,155,wall-seam,1.5959744453430176,17.97249412536621,35.58472010541297
minecraft,6,O-ET2X-R-CurrentEdge-Point,155,seam-wide,1.4066160917282104,15.924999237060547,36.11000940666827
minecraft,9,O-ET2X-R-PreviousRawEdge-Point,155,full,1.869632601737976,21.19969367980957,34.867507751339474
minecraft,9,O-ET2X-R-PreviousRawEdge-Point,155,wall-seam,1.6509873867034912,18.19319725036621,35.53171332712988
minecraft,9,O-ET2X-R-PreviousRawEdge-Point,155,seam-wide,1.3880667686462402,13.866801261901855,36.711040695509084
minecraft,10,ABL-ET2X-R-PreviousRawEdge-BilinearRGB,155,full,1.62187922000885,16.99098014831543,35.82861928395167
minecraft,10,ABL-ET2X-R-PreviousRawEdge-BilinearRGB,155,wall-seam,1.3369140625,9.33995246887207,38.42735694761918
minecraft,10,ABL-ET2X-R-PreviousRawEdge-BilinearRGB,155,seam-wide,1.2835328578948975,10.87836742401123,37.765166375593985
minecraft,4,O-T2X-R,156,full,2.3127312660217285,27.508930206298828,33.736066594107996
minecraft,4,O-T2X-R,156,wall-seam,1.8386502265930176,18.99631118774414,35.34411085512091
minecraft,4,O-T2X-R,156,seam-wide,1.5320271253585815,15.197991371154785,36.31294167269645
minecraft,6,O-ET2X-R-CurrentEdge-Point,156,full,1.8098652362823486,22.102720260620117,34.68634633722416
minecraft,6,O-ET2X-R-CurrentEdge-Point,156,wall-seam,1.7933485507965088,18.97075653076172,35.349957104967025
minecraft,6,O-ET2X-R-CurrentEdge-Point,156,seam-wide,1.4875290393829346,15.953681945800781,36.10219431204632
minecraft,9,O-ET2X-R-PreviousRawEdge-Point,156,full,1.8671246767044067,21.368993759155273,34.832962886399756
minecraft,9,O-ET2X-R-PreviousRawEdge-Point,156,wall-seam,1.9387478828430176,22.59272003173828,34.591118402768444
minecraft,9,O-ET2X-R-PreviousRawEdge-Point,156,seam-wide,1.5673151016235352,17.493024826049805,35.70215448377304
minecraft,10,ABL-ET2X-R-PreviousRawEdge-BilinearRGB,156,full,1.624329924583435,17.281129837036133,35.755082277048075
minecraft,10,ABL-ET2X-R-PreviousRawEdge-BilinearRGB,156,wall-seam,1.5697699785232544,11.577691078186035,37.494584035477345
minecraft,10,ABL-ET2X-R-PreviousRawEdge-BilinearRGB,156,seam-wide,1.3654159307479858,12.380843162536621,37.203301387712216
minecraft,4,O-T2X-R,157,full,2.2741949558258057,25.79248809814453,34.015871220578546
minecraft,4,O-T2X-R,157,wall-seam,1.4730902910232544,6.772786617279053,39.8231296788344
minecraft,4,O-T2X-R,157,seam-wide,1.5727653503417969,19.724300384521484,35.18078753018405
minecraft,6,O-ET2X-R-CurrentEdge-Point,157,full,1.8046175241470337,21.936159133911133,34.71919772860438
minecraft,6,O-ET2X-R-CurrentEdge-Point,157,wall-seam,1.2794053554534912,6.804253578186035,39.8029987051368
minecraft,6,O-ET2X-R-CurrentEdge-Point,157,seam-wide,1.3896833658218384,16.865203857421875,35.86088765795205
minecraft,9,O-ET2X-R-PreviousRawEdge-Point,157,full,1.8569566011428833,20.960832595825195,34.91671831382988
minecraft,9,O-ET2X-R-PreviousRawEdge-Point,157,wall-seam,1.3361544609069824,7.038302898406982,39.65612407792427
minecraft,9,O-ET2X-R-PreviousRawEdge-Point,157,seam-wide,1.3719284534454346,14.525218963623047,36.509576728880575
minecraft,10,ABL-ET2X-R-PreviousRawEdge-BilinearRGB,157,full,1.6113828420639038,16.761552810668945,35.887661111400945
minecraft,10,ABL-ET2X-R-PreviousRawEdge-BilinearRGB,157,wall-seam,1.2150607109069824,6.797308921813965,39.80743352827302
minecraft,10,ABL-ET2X-R-PreviousRawEdge-BilinearRGB,157,seam-wide,1.2577319145202637,12.950079917907715,37.008079123117035
minecraft,4,O-T2X-R,158,full,2.2988293170928955,26.69541358947754,33.86643707139184
minecraft,4,O-T2X-R,158,wall-seam,1.7800564765930176,10.79286003112793,37.79943815985823
minecraft,4,O-T2X-R,158,seam-wide,1.6510365009307861,17.508554458618164,35.69830069528074
minecraft,6,O-ET2X-R-CurrentEdge-Point,158,full,1.8169043064117432,21.9345760345459,34.71951116366138
minecraft,6,O-ET2X-R-CurrentEdge-Point,158,wall-seam,2.115668296813965,21.81879425048828,34.742496139202714
minecraft,6,O-ET2X-R-CurrentEdge-Point,158,seam-wide,1.5655323266983032,14.85454273223877,36.41221073420385
minecraft,9,O-ET2X-R-PreviousRawEdge-Point,158,full,1.8742015361785889,21.33308982849121,34.84026598794911
minecraft,9,O-ET2X-R-PreviousRawEdge-Point,158,wall-seam,1.95263671875,15.92138671875,36.110994696978416
minecraft,9,O-ET2X-R-PreviousRawEdge-Point,158,seam-wide,1.5203137397766113,12.75777816772461,37.073053145012416
minecraft,10,ABL-ET2X-R-PreviousRawEdge-BilinearRGB,158,full,1.630052924156189,17.16391944885254,35.78463893168599
minecraft,10,ABL-ET2X-R-PreviousRawEdge-BilinearRGB,158,wall-seam,1.6908094882965088,11.071125984191895,37.68888568006063
minecraft,10,ABL-ET2X-R-PreviousRawEdge-BilinearRGB,158,seam-wide,1.401276707649231,10.672181129455566,37.848271733382106
minecraft,4,O-T2X-R,159,full,2.2818491458892822,26.03896141052246,33.97456702887052
minecraft,4,O-T2X-R,159,wall-seam,1.6744791269302368,9.06716537475586,38.55608824029681
minecraft,4,O-T2X-R,159,seam-wide,1.5580589771270752,13.496979713439941,36.82843765746088
minecraft,6,O-ET2X-R-CurrentEdge-Point,159,full,1.8187057971954346,22.569395065307617,34.595604421676256
minecraft,6,O-ET2X-R-CurrentEdge-Point,159,wall-seam,1.2081162929534912,4.806966304779053,41.312092829871965
minecraft,6,O-ET2X-R-CurrentEdge-Point,159,seam-wide,1.3847873210906982,13.099508285522461,36.95825366959642
minecraft,9,O-ET2X-R-PreviousRawEdge-Point,159,full,1.8636515140533447,21.303997039794922,34.84619267782539
minecraft,9,O-ET2X-R-PreviousRawEdge-Point,159,wall-seam,1.3454861640930176,7.173502445220947,39.57349110187938
minecraft,9,O-ET2X-R-PreviousRawEdge-Point,159,seam-wide,1.3702749013900757,11.080709457397461,37.685127932941846
minecraft,10,ABL-ET2X-R-PreviousRawEdge-BilinearRGB,159,full,1.6242530345916748,17.182538986206055,35.77993022896156
minecraft,10,ABL-ET2X-R-PreviousRawEdge-BilinearRGB,159,wall-seam,1.4919705390930176,9.759765625,38.236409724011544
minecraft,10,ABL-ET2X-R-PreviousRawEdge-BilinearRGB,159,seam-wide,1.3007797002792358,9.689022064208984,38.26800415968906
minecraft,4,O-T2X-R,160,full,2.3077359199523926,26.979442596435547,33.82047388096625
minecraft,4,O-T2X-R,160,wall-seam,1.9142794609069824,11.74012565612793,37.43407615619779
minecraft,4,O-T2X-R,160,seam-wide,1.5946495532989502,12.445109367370605,37.180816433353634
minecraft,6,O-ET2X-R-CurrentEdge-Point,160,full,1.813754916191101,22.410348892211914,34.62631743030621
minecraft,6,O-ET2X-R-CurrentEdge-Point,160,wall-seam,1.7713216543197632,19.87722396850586,35.14724629666929
minecraft,6,O-ET2X-R-CurrentEdge-Point,160,seam-wide,1.5490522384643555,18.643165588378906,35.42560703877909
minecraft,9,O-ET2X-R-PreviousRawEdge-Point,160,full,1.867517352104187,21.59199333190918,34.78787623439286
minecraft,9,O-ET2X-R-PreviousRawEdge-Point,160,wall-seam,1.8199326992034912,20.07676887512207,35.103865414695306
minecraft,9,O-ET2X-R-PreviousRawEdge-Point,160,seam-wide,1.596450924873352,18.930097579956055,35.359275082180474
minecraft,10,ABL-ET2X-R-PreviousRawEdge-BilinearRGB,160,full,1.6261882781982422,17.441186904907227,35.71504324725941
minecraft,10,ABL-ET2X-R-PreviousRawEdge-BilinearRGB,160,wall-seam,1.5315755605697632,11.8564453125,37.39125858396493
minecraft,10,ABL-ET2X-R-PreviousRawEdge-BilinearRGB,160,seam-wide,1.4294332265853882,15.053033828735352,36.35456323243957
minecraft,4,O-T2X-R,161,full,2.259084939956665,25.915388107299805,33.995226436755146
minecraft,4,O-T2X-R,161,wall-seam,2.075086832046509,21.60948371887207,34.784359697701106
minecraft,4,O-T2X-R,161,seam-wide,1.4705225229263306,10.813185691833496,37.7912669979504
minecraft,6,O-ET2X-R-CurrentEdge-Point,161,full,1.8028345108032227,22.135631561279297,34.67988443332547
minecraft,6,O-ET2X-R-CurrentEdge-Point,161,wall-seam,1.8663194179534912,18.98274803161621,35.347212777198514
minecraft,6,O-ET2X-R-CurrentEdge-Point,161,seam-wide,1.4102187156677246,12.784069061279297,37.06411252773816
minecraft,9,O-ET2X-R-PreviousRawEdge-Point,161,full,1.8639200925827026,21.515384674072266,34.80331245618592
minecraft,9,O-ET2X-R-PreviousRawEdge-Point,161,wall-seam,1.9072808027267456,19.73562240600586,35.17829533494297
minecraft,9,O-ET2X-R-PreviousRawEdge-Point,161,seam-wide,1.456000804901123,13.390671730041504,36.86277997348576
minecraft,10,ABL-ET2X-R-PreviousRawEdge-BilinearRGB,161,full,1.6186044216156006,17.139244079589844,35.790886972657006
minecraft,10,ABL-ET2X-R-PreviousRawEdge-BilinearRGB,161,wall-seam,1.5914170742034912,10.643717765808105,37.8598701080754
minecraft,10,ABL-ET2X-R-PreviousRawEdge-BilinearRGB,161,seam-wide,1.3245667219161987,10.44454574584961,37.94190804475076
minecraft,4,O-T2X-R,162,full,2.288374423980713,27.068044662475586,33.806234764667536
minecraft,4,O-T2X-R,162,wall-seam,2.307996988296509,31.95893096923828,33.08488117194847
minecraft,4,O-T2X-R,162,seam-wide,1.5577818155288696,14.932703018188477,36.38941932939869
minecraft,6,O-ET2X-R-CurrentEdge-Point,162,full,1.803041934967041,22.174997329711914,34.67216784661393
minecraft,6,O-ET2X-R-CurrentEdge-Point,162,wall-seam,1.4286566972732544,9.17323112487793,38.50558024921135
minecraft,6,O-ET2X-R-CurrentEdge-Point,162,seam-wide,1.5497173070907593,18.909469604492188,35.36401013465111
minecraft,9,O-ET2X-R-PreviousRawEdge-Point,162,full,1.8502843379974365,20.982059478759766,34.912322470597545
minecraft,9,O-ET2X-R-PreviousRawEdge-Point,162,wall-seam,1.47607421875,9.38026237487793,38.40865374688415
minecraft,9,O-ET2X-R-PreviousRawEdge-Point,162,seam-wide,1.5222628116607666,16.450098037719727,35.96911870307521
minecraft,10,ABL-ET2X-R-PreviousRawEdge-BilinearRGB,162,full,1.609174370765686,16.85690689086914,35.86302472872439
minecraft,10,ABL-ET2X-R-PreviousRawEdge-BilinearRGB,162,wall-seam,1.4123263359069824,10.55088996887207,37.897912668959314
minecraft,10,ABL-ET2X-R-PreviousRawEdge-BilinearRGB,162,seam-wide,1.3858404159545898,13.666056632995605,36.774371447339476
minecraft,4,O-T2X-R,163,full,2.2570974826812744,26.084110260009766,33.96704333524613
minecraft,4,O-T2X-R,163,wall-seam,2.0812175273895264,28.86290168762207,33.527403707849025
minecraft,4,O-T2X-R,163,seam-wide,1.554733395576477,16.93689727783203,35.84246507325098
minecraft,6,O-ET2X-R-CurrentEdge-Point,163,full,1.8056259155273438,22.375328063964844,34.63310949267664
minecraft,6,O-ET2X-R-CurrentEdge-Point,163,wall-seam,1.8393012285232544,18.17447853088379,35.53618402102096
minecraft,6,O-ET2X-R-CurrentEdge-Point,163,seam-wide,1.4977552890777588,15.877923965454102,36.12286642958673
minecraft,9,O-ET2X-R-PreviousRawEdge-Point,163,full,1.855948805809021,21.364845275878906,34.83380608862148
minecraft,9,O-ET2X-R-PreviousRawEdge-Point,163,wall-seam,1.6701388359069824,12.39474868774414,37.19842635301176
minecraft,9,O-ET2X-R-PreviousRawEdge-Point,163,seam-wide,1.4828733205795288,14.6815767288208,36.46307661701017
minecraft,10,ABL-ET2X-R-PreviousRawEdge-BilinearRGB,163,full,1.6212644577026367,17.4908390045166,35.70269718553756
minecraft,10,ABL-ET2X-R-PreviousRawEdge-BilinearRGB,163,wall-seam,1.4922417402267456,8.698079109191895,38.73657007604209
minecraft,10,ABL-ET2X-R-PreviousRawEdge-BilinearRGB,163,seam-wide,1.3683719635009766,12.521347999572754,37.154292750236564
minecraft,4,O-T2X-R,164,full,2.2739555835723877,26.738739013671875,33.85939438582074
minecraft,4,O-T2X-R,164,wall-seam,2.3748371601104736,36.35259246826172,32.52544973059008
minecraft,4,O-T2X-R,164,seam-wide,1.7756531238555908,25.677104949951172,34.03534304677397
minecraft,6,O-ET2X-R-CurrentEdge-Point,164,full,1.7793563604354858,21.972856521606445,34.71193841001153
minecraft,6,O-ET2X-R-CurrentEdge-Point,164,wall-seam,1.4130859375,8.221354484558105,38.98136986550553
minecraft,6,O-ET2X-R-CurrentEdge-Point,164,seam-wide,1.215321660041809,8.181640625,39.002399614825215
minecraft,9,O-ET2X-R-PreviousRawEdge-Point,164,full,1.8417760133743286,21.386777877807617,34.829350019764
minecraft,9,O-ET2X-R-PreviousRawEdge-Point,164,wall-seam,1.5997178554534912,13.90842056274414,36.698025464639954
minecraft,9,O-ET2X-R-PreviousRawEdge-Point,164,seam-wide,1.2756807804107666,9.638925552368164,38.2905173491985
minecraft,10,ABL-ET2X-R-PreviousRawEdge-BilinearRGB,164,full,1.6024863719940186,17.221073150634766,35.77020149355559
minecraft,10,ABL-ET2X-R-PreviousRawEdge-BilinearRGB,164,wall-seam,1.6569010019302368,16.19965362548828,36.035746321368414
minecraft,10,ABL-ET2X-R-PreviousRawEdge-BilinearRGB,164,seam-wide,1.2277278900146484,9.909618377685547,38.170234308686666
minecraft,4,O-T2X-R,165,full,2.2264866828918457,25.508338928222656,34.06398182061907
minecraft,4,O-T2X-R,165,wall-seam,1.9393988847732544,19.45871353149414,35.23966236376565
minecraft,4,O-T2X-R,165,seam-wide,1.659507393836975,20.444860458374023,35.0249621014312
minecraft,6,O-ET2X-R-CurrentEdge-Point,165,full,1.7853052616119385,22.114765167236328,34.68398028833774
minecraft,6,O-ET2X-R-CurrentEdge-Point,165,wall-seam,1.7654080390930176,20.80240821838379,34.9496674631792
minecraft,6,O-ET2X-R-CurrentEdge-Point,165,seam-wide,1.5057365894317627,19.168689727783203,35.30487933093737
minecraft,9,O-ET2X-R-PreviousRawEdge-Point,165,full,1.8354154825210571,21.04851531982422,34.8985889305478
minecraft,9,O-ET2X-R-PreviousRawEdge-Point,165,wall-seam,1.6708984375,16.40549087524414,35.98091131252798
minecraft,9,O-ET2X-R-PreviousRawEdge-Point,165,seam-wide,1.465755820274353,17.165918350219727,35.78413318398062
minecraft,10,ABL-ET2X-R-PreviousRawEdge-BilinearRGB,165,full,1.5910533666610718,16.735265731811523,35.89447748151218
minecraft,10,ABL-ET2X-R-PreviousRawEdge-BilinearRGB,165,wall-seam,1.3867729902267456,10.11159896850586,38.08260523942524
minecraft,10,ABL-ET2X-R-PreviousRawEdge-BilinearRGB,165,seam-wide,1.2545634508132935,11.282073020935059,37.60691454586271
minecraft,4,O-T2X-R,166,full,2.260608673095703,26.60312271118164,33.88147743160274
minecraft,4,O-T2X-R,166,wall-seam,2.082411050796509,23.66390037536621,34.38994032583915
minecraft,4,O-T2X-R,166,seam-wide,1.6409488916397095,16.291412353515625,36.01121624579673
minecraft,6,O-ET2X-R-CurrentEdge-Point,166,full,1.7771433591842651,22.156291961669922,34.67583281496228
minecraft,6,O-ET2X-R-CurrentEdge-Point,166,wall-seam,1.7277560234069824,15.87380599975586,36.123992925554916
minecraft,6,O-ET2X-R-CurrentEdge-Point,166,seam-wide,1.3940805196762085,13.826090812683105,36.723809557742925
minecraft,9,O-ET2X-R-PreviousRawEdge-Point,166,full,1.8266323804855347,21.146526336669922,34.8784132328049
minecraft,9,O-ET2X-R-PreviousRawEdge-Point,166,wall-seam,1.8617621660232544,19.34516143798828,35.265080025493425
minecraft,9,O-ET2X-R-PreviousRawEdge-Point,166,seam-wide,1.4688504934310913,15.419576644897461,36.25007910843563
minecraft,10,ABL-ET2X-R-PreviousRawEdge-BilinearRGB,166,full,1.5912693738937378,17.10330581665039,35.80000299647049
minecraft,10,ABL-ET2X-R-PreviousRawEdge-BilinearRGB,166,wall-seam,1.4962564706802368,9.40847396850586,38.39561173232597
minecraft,10,ABL-ET2X-R-PreviousRawEdge-BilinearRGB,166,seam-wide,1.2953386306762695,11.331217765808105,37.58803774874687
minecraft,4,O-T2X-R,167,full,2.198347330093384,25.437978744506836,34.07597760769728
minecraft,4,O-T2X-R,167,wall-seam,1.6569552421569824,11.337727546691895,37.58554344479495
minecraft,4,O-T2X-R,167,seam-wide,1.341407060623169,8.716957092285156,38.72715452616517
minecraft,6,O-ET2X-R-CurrentEdge-Point,167,full,1.7466371059417725,21.598018646240234,34.78666449090735
minecraft,6,O-ET2X-R-CurrentEdge-Point,167,wall-seam,1.3221029043197632,8.41444206237793,38.88055036428171
minecraft,6,O-ET2X-R-CurrentEdge-Point,167,seam-wide,1.2211414575576782,9.764115333557129,38.23447460213745
minecraft,9,O-ET2X-R-PreviousRawEdge-Point,167,full,1.79860520362854,20.625368118286133,34.98678652358012
minecraft,9,O-ET2X-R-PreviousRawEdge-Point,167,wall-seam,1.4144965410232544,9.95008659362793,38.15253500527096
minecraft,9,O-ET2X-R-PreviousRawEdge-Point,167,seam-wide,1.262526273727417,10.088451385498047,38.092558553197975
minecraft,10,ABL-ET2X-R-PreviousRawEdge-BilinearRGB,167,full,1.5694843530654907,16.838226318359375,35.86784018402507
minecraft,10,ABL-ET2X-R-PreviousRawEdge-BilinearRGB,167,wall-seam,1.3448892831802368,8.454915046691895,38.85971112616975
minecraft,10,ABL-ET2X-R-PreviousRawEdge-BilinearRGB,167,seam-wide,1.1970956325531006,9.601873397827148,38.3072438543634
minecraft,4,O-T2X-R,168,full,2.2267119884490967,26.498249053955078,33.898631832076504
minecraft,4,O-T2X-R,168,wall-seam,1.8525933027267456,14.33067512512207,36.568137101629226
minecraft,4,O-T2X-R,168,seam-wide,1.4362413883209229,11.187525749206543,37.64346312970717
minecraft,6,O-ET2X-R-CurrentEdge-Point,168,full,1.756346583366394,22.09548568725586,34.687768085121704
minecraft,6,O-ET2X-R-CurrentEdge-Point,168,wall-seam,2.089735269546509,27.77864646911621,33.693692802047906
minecraft,6,O-ET2X-R-CurrentEdge-Point,168,seam-wide,1.5614491701126099,21.175554275512695,34.87245573947992
minecraft,9,O-ET2X-R-PreviousRawEdge-Point,168,full,1.8072903156280518,21.31774139404297,34.84339171398229
minecraft,9,O-ET2X-R-PreviousRawEdge-Point,168,wall-seam,2.0295681953430176,24.79660415649414,34.18688151698006
minecraft,9,O-ET2X-R-PreviousRawEdge-Point,168,seam-wide,1.5376713275909424,19.459409713745117,35.23950698725475
minecraft,10,ABL-ET2X-R-PreviousRawEdge-BilinearRGB,168,full,1.573331356048584,17.14510726928711,35.78940154221629
minecraft,10,ABL-ET2X-R-PreviousRawEdge-BilinearRGB,168,wall-seam,1.6300997734069824,12.892903327941895,37.02729634567733
minecraft,10,ABL-ET2X-R-PreviousRawEdge-BilinearRGB,168,seam-wide,1.2977219820022583,12.67973804473877,37.09970079475163
minecraft,4,O-T2X-R,169,full,2.1583240032196045,24.942777633666992,34.16135545895222
minecraft,4,O-T2X-R,169,wall-seam,1.8253037929534912,16.22016143798828,36.03025188472516
minecraft,4,O-T2X-R,169,seam-wide,1.4490724802017212,12.843356132507324,37.0440183562622
minecraft,6,O-ET2X-R-CurrentEdge-Point,169,full,1.7255538702011108,21.628124237060547,34.78061505266946
minecraft,6,O-ET2X-R-CurrentEdge-Point,169,wall-seam,1.5282660722732544,11.59011459350586,37.489926309369956
minecraft,6,O-ET2X-R-CurrentEdge-Point,169,seam-wide,1.3501644134521484,13.605476379394531,36.79366608186878
minecraft,9,O-ET2X-R-PreviousRawEdge-Point,169,full,1.7788054943084717,20.808095932006836,34.948480194384
minecraft,9,O-ET2X-R-PreviousRawEdge-Point,169,wall-seam,1.7111544609069824,15.99305534362793,36.09148920753864
minecraft,9,O-ET2X-R-PreviousRawEdge-Point,169,seam-wide,1.391521692276001,13.861055374145508,36.7128406235848
minecraft,10,ABL-ET2X-R-PreviousRawEdge-BilinearRGB,169,full,1.5478665828704834,16.639049530029297,35.91951846344273
minecraft,10,ABL-ET2X-R-PreviousRawEdge-BilinearRGB,169,wall-seam,1.5027669668197632,10.44655990600586,37.941070617896656
minecraft,10,ABL-ET2X-R-PreviousRawEdge-BilinearRGB,169,seam-wide,1.2864888906478882,11.705418586730957,37.446934121512
minecraft,4,O-T2X-R,170,full,2.206608533859253,26.146268844604492,33.95670638441422
minecraft,4,O-T2X-R,170,wall-seam,1.9487847089767456,14.557074546813965,36.50006254835304
minecraft,4,O-T2X-R,170,seam-wide,1.5724420547485352,15.718786239624023,36.166613528658466
minecraft,6,O-ET2X-R-CurrentEdge-Point,170,full,1.7295093536376953,21.567380905151367,34.792829523208944
minecraft,6,O-ET2X-R-CurrentEdge-Point,170,wall-seam,1.88427734375,21.17225456237793,34.87313253823221
minecraft,6,O-ET2X-R-CurrentEdge-Point,170,seam-wide,1.3802516460418701,12.781537055969238,37.06497277406508
minecraft,9,O-ET2X-R-PreviousRawEdge-Point,170,full,1.7852143049240112,20.820661544799805,34.94585836428662
minecraft,9,O-ET2X-R-PreviousRawEdge-Point,170,wall-seam,1.8157552480697632,17.80023956298828,35.62654513604872
minecraft,9,O-ET2X-R-PreviousRawEdge-Point,170,seam-wide,1.3869951963424683,12.035260200500488,37.3262487677452
minecraft,10,ABL-ET2X-R-PreviousRawEdge-BilinearRGB,170,full,1.556122064590454,16.79158592224121,35.87988644792317
minecraft,10,ABL-ET2X-R-PreviousRawEdge-BilinearRGB,170,wall-seam,1.5504556894302368,12.205403327941895,37.265282256025856
minecraft,10,ABL-ET2X-R-PreviousRawEdge-BilinearRGB,170,seam-wide,1.228494644165039,9.338146209716797,38.42819691361355
minecraft,4,O-T2X-R,171,full,2.1412556171417236,25.03395652770996,34.14550867138259
minecraft,4,O-T2X-R,171,wall-seam,2.3743488788604736,38.13997268676758,32.316999831697316
minecraft,4,O-T2X-R,171,seam-wide,1.7150168418884277,23.294313430786133,34.45830446153004
minecraft,6,O-ET2X-R-CurrentEdge-Point,171,full,1.72958242893219,21.975540161132812,34.71140801985983
minecraft,6,O-ET2X-R-CurrentEdge-Point,171,wall-seam,1.9560546875,20.7197265625,34.96696341125843
minecraft,6,O-ET2X-R-CurrentEdge-Point,171,seam-wide,1.585365653038025,19.699357986450195,35.186282883857814
minecraft,9,O-ET2X-R-PreviousRawEdge-Point,171,full,1.777778148651123,21.033550262451172,34.901677772325186
minecraft,9,O-ET2X-R-PreviousRawEdge-Point,171,wall-seam,1.7939453125,16.17556381225586,36.04220933580706
minecraft,9,O-ET2X-R-PreviousRawEdge-Point,171,seam-wide,1.527472972869873,17.062816619873047,35.81029637582688
minecraft,10,ABL-ET2X-R-PreviousRawEdge-BilinearRGB,171,full,1.5470428466796875,16.81137466430664,35.874771337631515
minecraft,10,ABL-ET2X-R-PreviousRawEdge-BilinearRGB,171,wall-seam,1.5586479902267456,9.504719734191895,38.351410455253074
minecraft,10,ABL-ET2X-R-PreviousRawEdge-BilinearRGB,171,seam-wide,1.3494808673858643,12.204559326171875,37.26558258037848
minecraft,4,O-T2X-R,172,full,2.1883435249328613,26.511852264404297,33.89640289864042
minecraft,4,O-T2X-R,172,wall-seam,2.384385824203491,30.09185028076172,33.34631468507706
minecraft,4,O-T2X-R,172,seam-wide,1.7702213525772095,20.779754638671875,34.95439945640014
minecraft,6,O-ET2X-R-CurrentEdge-Point,172,full,1.713071584701538,21.8548641204834,34.73532250198163
minecraft,6,O-ET2X-R-CurrentEdge-Point,172,wall-seam,1.4264322519302368,9.123046875,38.529404545559586
minecraft,6,O-ET2X-R-CurrentEdge-Point,172,seam-wide,1.3858312368392944,14.499528884887695,36.51726469392765
minecraft,9,O-ET2X-R-PreviousRawEdge-Point,172,full,1.7552611827850342,20.732479095458984,34.96429124712087
minecraft,9,O-ET2X-R-PreviousRawEdge-Point,172,wall-seam,1.4502495527267456,8.72824478149414,38.721534434341095
minecraft,9,O-ET2X-R-PreviousRawEdge-Point,172,seam-wide,1.3226268291473389,10.260494232177734,38.019120802930885
minecraft,10,ABL-ET2X-R-PreviousRawEdge-BilinearRGB,172,full,1.5400563478469849,16.934452056884766,35.84309211999528
minecraft,10,ABL-ET2X-R-PreviousRawEdge-BilinearRGB,172,wall-seam,1.3702256679534912,8.195637702941895,38.99497609173266
minecraft,10,ABL-ET2X-R-PreviousRawEdge-BilinearRGB,172,seam-wide,1.2865997552871704,10.587600708007812,37.88282806551668
minecraft,4,O-T2X-R,173,full,2.1156094074249268,25.126258850097656,34.12952531316765
minecraft,4,O-T2X-R,173,wall-seam,2.0436198711395264,18.43077278137207,35.47536815792649
minecraft,4,O-T2X-R,173,seam-wide,1.5349462032318115,13.207691192626953,36.922534546793386
minecraft,6,O-ET2X-R-CurrentEdge-Point,173,full,1.7014765739440918,21.35833168029785,34.83513034343662
minecraft,6,O-ET2X-R-CurrentEdge-Point,173,wall-seam,2.067979574203491,25.24018096923828,34.109878964424134
minecraft,6,O-ET2X-R-CurrentEdge-Point,173,seam-wide,1.5410523414611816,18.00295639038086,35.57736531397921
minecraft,9,O-ET2X-R-PreviousRawEdge-Point,173,full,1.7506837844848633,20.653383255004883,34.98089156757977
minecraft,9,O-ET2X-R-PreviousRawEdge-Point,173,wall-seam,2.026909828186035,22.44129753112793,34.620323971288016
minecraft,9,O-ET2X-R-PreviousRawEdge-Point,173,seam-wide,1.5459575653076172,17.09646987915039,35.80173915404113
minecraft,10,ABL-ET2X-R-PreviousRawEdge-BilinearRGB,173,full,1.531153678894043,16.836946487426758,35.86817029280597
minecraft,10,ABL-ET2X-R-PreviousRawEdge-BilinearRGB,173,wall-seam,1.6249457597732544,12.30636978149414,37.22950400250012
minecraft,10,ABL-ET2X-R-PreviousRawEdge-BilinearRGB,173,seam-wide,1.3468296527862549,13.122982025146484,36.95047826902183
minecraft,4,O-T2X-R,174,full,2.17376971244812,26.166778564453125,33.95330101651723
minecraft,4,O-T2X-R,174,wall-seam,2.277452230453491,28.88140106201172,33.5246210345433
minecraft,4,O-T2X-R,174,seam-wide,1.5242489576339722,14.214988708496094,36.60333841817868
minecraft,6,O-ET2X-R-CurrentEdge-Point,174,full,1.6946141719818115,21.235593795776367,34.860159515043144
minecraft,6,O-ET2X-R-CurrentEdge-Point,174,wall-seam,1.7214627265930176,12.92469596862793,37.016600250168395
minecraft,6,O-ET2X-R-CurrentEdge-Point,174,seam-wide,1.4988360404968262,17.72135353088379,35.645834712771205
minecraft,9,O-ET2X-R-PreviousRawEdge-Point,174,full,1.744051218032837,20.497379302978516,35.013820230810126
minecraft,9,O-ET2X-R-PreviousRawEdge-Point,174,wall-seam,1.8846029043197632,16.89360809326172,35.85357945894498
minecraft,9,O-ET2X-R-PreviousRawEdge-Point,174,seam-wide,1.5504101514816284,18.28986930847168,35.50869758661716
minecraft,10,ABL-ET2X-R-PreviousRawEdge-BilinearRGB,174,full,1.5295250415802002,16.423938751220703,35.97603044089914
minecraft,10,ABL-ET2X-R-PreviousRawEdge-BilinearRGB,174,wall-seam,1.59619140625,10.36257553100586,37.97612651801305
minecraft,10,ABL-ET2X-R-PreviousRawEdge-BilinearRGB,174,seam-wide,1.3734896183013916,13.98375129699707,36.674566694979404
minecraft,4,O-T2X-R,175,full,2.1071183681488037,24.630950927734375,34.21599181887289
minecraft,4,O-T2X-R,175,wall-seam,1.8137478828430176,14.11062240600586,36.63534190378463
minecraft,4,O-T2X-R,175,seam-wide,1.4410172700881958,10.91971492767334,37.74869060132382
minecraft,6,O-ET2X-R-CurrentEdge-Point,175,full,1.711981177330017,21.660552978515625,34.77410821207768
minecraft,6,O-ET2X-R-CurrentEdge-Point,175,wall-seam,1.767578125,17.28504753112793,35.754097827471824
minecraft,6,O-ET2X-R-CurrentEdge-Point,175,seam-wide,1.4104034900665283,12.09881591796875,37.303374918287496
minecraft,9,O-ET2X-R-PreviousRawEdge-Point,175,full,1.7500662803649902,20.50503158569336,35.01219918262122
minecraft,9,O-ET2X-R-PreviousRawEdge-Point,175,wall-seam,1.8970268964767456,19.80739974975586,35.162528943375946
minecraft,9,O-ET2X-R-PreviousRawEdge-Point,175,seam-wide,1.4783098697662354,13.188541412353516,36.92883593493913
minecraft,10,ABL-ET2X-R-PreviousRawEdge-BilinearRGB,175,full,1.537385106086731,16.5631103515625,35.93938465515686
minecraft,10,ABL-ET2X-R-PreviousRawEdge-BilinearRGB,175,wall-seam,1.6103515625,11.764214515686035,37.42517425776731
minecraft,10,ABL-ET2X-R-PreviousRawEdge-BilinearRGB,175,seam-wide,1.341813564300537,10.281676292419434,38.01016434418887
minecraft,4,O-T2X-R,176,full,2.142031192779541,25.903545379638672,33.997211514801855
minecraft,4,O-T2X-R,176,wall-seam,1.9699435234069824,18.12727928161621,35.54747735021102
minecraft,4,O-T2X-R,176,seam-wide,1.5062446594238281,12.5540771484375,37.14295567679733
minecraft,6,O-ET2X-R-CurrentEdge-Point,176,full,1.6865347623825073,21.582683563232422,34.789749175439574
minecraft,6,O-ET2X-R-CurrentEdge-Point,176,wall-seam,1.8380533456802368,22.30615234375,34.646556969036
minecraft,6,O-ET2X-R-CurrentEdge-Point,176,seam-wide,1.4937368631362915,16.547666549682617,35.94343599979455
minecraft,9,O-ET2X-R-PreviousRawEdge-Point,176,full,1.7306361198425293,20.640850067138672,34.98352781678949
minecraft,9,O-ET2X-R-PreviousRawEdge-Point,176,wall-seam,1.7105576992034912,18.44276237487793,35.47254390228553
minecraft,9,O-ET2X-R-PreviousRawEdge-Point,176,seam-wide,1.462827444076538,14.874072074890137,36.40650479262281
minecraft,10,ABL-ET2X-R-PreviousRawEdge-BilinearRGB,176,full,1.5192158222198486,16.86687469482422,35.86045742329369
minecraft,10,ABL-ET2X-R-PreviousRawEdge-BilinearRGB,176,wall-seam,1.4471029043197632,9.35801887512207,38.418964440389885
minecraft,10,ABL-ET2X-R-PreviousRawEdge-BilinearRGB,176,seam-wide,1.267172932624817,9.90091609954834,38.17404980556022
minecraft,4,O-T2X-R,177,full,2.0578315258026123,24.521146774291992,34.235395840059944
minecraft,4,O-T2X-R,177,wall-seam,1.9854058027267456,21.42312240600586,34.82197591623588
minecraft,4,O-T2X-R,177,seam-wide,1.5636016130447388,16.74517822265625,35.891905866746605
minecraft,6,O-ET2X-R-CurrentEdge-Point,177,full,1.6625356674194336,21.177244186401367,34.87210916546314
minecraft,6,O-ET2X-R-CurrentEdge-Point,177,wall-seam,1.697265625,15.15321159362793,36.3257567327218
minecraft,6,O-ET2X-R-CurrentEdge-Point,177,seam-wide,1.4192808866500854,15.027602195739746,36.36190670782243
minecraft,9,O-ET2X-R-PreviousRawEdge-Point,177,full,1.7058101892471313,20.364110946655273,35.04214906396299
minecraft,9,O-ET2X-R-PreviousRawEdge-Point,177,wall-seam,1.5966796875,11.0048828125,37.7149493861785
minecraft,9,O-ET2X-R-PreviousRawEdge-Point,177,seam-wide,1.385406255722046,12.286008834838867,37.23669537584155
minecraft,10,ABL-ET2X-R-PreviousRawEdge-BilinearRGB,177,full,1.5035581588745117,16.715187072753906,35.89969119382332
minecraft,10,ABL-ET2X-R-PreviousRawEdge-BilinearRGB,177,wall-seam,1.4637044668197632,9.890461921691895,38.178637856147986
minecraft,10,ABL-ET2X-R-PreviousRawEdge-BilinearRGB,177,seam-wide,1.2940915822982788,11.09814167022705,37.678300964894966
minecraft,4,O-T2X-R,178,full,2.1238887310028076,25.771400451660156,34.019423415446944
minecraft,4,O-T2X-R,178,wall-seam,2.0623371601104736,20.93777084350586,34.92149918572756
minecraft,4,O-T2X-R,178,seam-wide,1.6927539110183716,20.147415161132812,35.088610251930184
minecraft,6,O-ET2X-R-CurrentEdge-Point,178,full,1.6624104976654053,20.951202392578125,34.91871408626354
minecraft,6,O-ET2X-R-CurrentEdge-Point,178,wall-seam,1.7611762285232544,15.24913215637207,36.29835232622708
minecraft,6,O-ET2X-R-CurrentEdge-Point,178,seam-wide,1.3767321109771729,10.240790367126465,38.02746884810564
minecraft,9,O-ET2X-R-PreviousRawEdge-Point,178,full,1.7062032222747803,20.169740676879883,35.08380046359859
minecraft,9,O-ET2X-R-PreviousRawEdge-Point,178,wall-seam,1.7545030117034912,13.63612174987793,36.78389490702953
minecraft,9,O-ET2X-R-PreviousRawEdge-Point,178,seam-wide,1.4055906534194946,10.099878311157227,38.087642196705445
minecraft,10,ABL-ET2X-R-PreviousRawEdge-BilinearRGB,178,full,1.4997326135635376,16.378620147705078,35.988030499807444
minecraft,10,ABL-ET2X-R-PreviousRawEdge-BilinearRGB,178,wall-seam,1.5400933027267456,9.963812828063965,38.14654800223281
minecraft,10,ABL-ET2X-R-PreviousRawEdge-BilinearRGB,178,seam-wide,1.2851957082748413,8.660375595092773,38.75543633361073
minecraft,4,O-T2X-R,179,full,2.0466856956481934,24.790315628051758,34.18798304666907
minecraft,4,O-T2X-R,179,wall-seam,2.0617947578430176,23.92366600036621,34.34252630294972
minecraft,4,O-T2X-R,179,seam-wide,1.5880168676376343,17.511842727661133,35.6974851265155
minecraft,6,O-ET2X-R-CurrentEdge-Point,179,full,1.667174220085144,21.468515396118164,34.812783479904155
minecraft,6,O-ET2X-R-CurrentEdge-Point,179,wall-seam,1.8216146230697632,15.431097984313965,36.24683531916653
minecraft,6,O-ET2X-R-CurrentEdge-Point,179,seam-wide,1.427400827407837,14.987704277038574,36.373452454425035
minecraft,9,O-ET2X-R-PreviousRawEdge-Point,179,full,1.7047207355499268,20.477680206298828,35.01799604397454
minecraft,9,O-ET2X-R-PreviousRawEdge-Point,179,wall-seam,1.8193901777267456,15.531195640563965,36.218754704895375
minecraft,9,O-ET2X-R-PreviousRawEdge-Point,179,seam-wide,1.3846579790115356,12.59897232055664,37.12745239060948
minecraft,10,ABL-ET2X-R-PreviousRawEdge-BilinearRGB,179,full,1.4981963634490967,16.46151351928711,35.96610597861885
minecraft,10,ABL-ET2X-R-PreviousRawEdge-BilinearRGB,179,wall-seam,1.6452908515930176,11.56760025024414,37.49837088880183
minecraft,10,ABL-ET2X-R-PreviousRawEdge-BilinearRGB,179,seam-wide,1.2446882724761963,9.504415512084961,38.35154946418811
minecraft,4,O-T2X-R,180,full,2.093137264251709,25.80033302307129,34.014550491237195
minecraft,4,O-T2X-R,180,wall-seam,2.355523109436035,32.18820571899414,33.053835925718076
minecraft,4,O-T2X-R,180,seam-wide,1.6547592878341675,18.010299682617188,35.57559421539541
minecraft,6,O-ET2X-R-CurrentEdge-Point,180,full,1.6542181968688965,21.020769119262695,34.90431758683731
minecraft,6,O-ET2X-R-CurrentEdge-Point,180,wall-seam,1.7674154043197632,17.54747200012207,35.68865802771389
minecraft,6,O-ET2X-R-CurrentEdge-Point,180,seam-wide,1.4529893398284912,16.59674644470215,35.93057401719586
minecraft,9,O-ET2X-R-PreviousRawEdge-Point,180,full,1.6908496618270874,20.060558319091797,35.10737344869133
minecraft,9,O-ET2X-R-PreviousRawEdge-Point,180,wall-seam,1.8729926347732544,19.65597915649414,35.195856779282614
minecraft,9,O-ET2X-R-PreviousRawEdge-Point,180,seam-wide,1.4715017080307007,16.039213180541992,36.078973011423486
minecraft,10,ABL-ET2X-R-PreviousRawEdge-BilinearRGB,180,full,1.4963257312774658,16.47783851623535,35.9618011843627
minecraft,10,ABL-ET2X-R-PreviousRawEdge-BilinearRGB,180,wall-seam,1.7052408456802368,14.95773696899414,36.382144689586184
minecraft,10,ABL-ET2X-R-PreviousRawEdge-BilinearRGB,180,seam-wide,1.3761777877807617,14.208420753479004,36.60534551495283
minecraft,4,O-T2X-R,181,full,2.2143185138702393,26.784616470336914,33.85194928789193
minecraft,4,O-T2X-R,181,wall-seam,1.7615017890930176,13.652777671813965,36.77859342837749
minecraft,4,O-T2X-R,181,seam-wide,1.4814876317977905,12.88476848602295,37.030037413295325
minecraft,6,O-ET2X-R-CurrentEdge-Point,181,full,1.5694433450698853,22.2699031829834,34.653620318979705
minecraft,6,O-ET2X-R-CurrentEdge-Point,181,wall-seam,1.9865450859069824,28.08420181274414,33.64618275659018
minecraft,6,O-ET2X-R-CurrentEdge-Point,181,seam-wide,1.542576551437378,20.769289016723633,34.95658731034722
minecraft,9,O-ET2X-R-PreviousRawEdge-Point,181,full,1.5694433450698853,22.2699031829834,34.653620318979705
minecraft,9,O-ET2X-R-PreviousRawEdge-Point,181,wall-seam,1.9865450859069824,28.08420181274414,33.64618275659018
minecraft,9,O-ET2X-R-PreviousRawEdge-Point,181,seam-wide,1.542576551437378,20.769289016723633,34.95658731034722
minecraft,10,ABL-ET2X-R-PreviousRawEdge-BilinearRGB,181,full,1.5694433450698853,22.2699031829834,34.653620318979705
minecraft,10,ABL-ET2X-R-PreviousRawEdge-BilinearRGB,181,wall-seam,1.9865450859069824,28.08420181274414,33.64618275659018
minecraft,10,ABL-ET2X-R-PreviousRawEdge-BilinearRGB,181,seam-wide,1.542576551437378,20.769289016723633,34.95658731034722
minecraft,4,O-T2X-R,182,full,1.4717071056365967,14.94887924194336,36.38471727223192
minecraft,4,O-T2X-R,182,wall-seam,1.2390950918197632,7.337836265563965,39.47512344066054
minecraft,4,O-T2X-R,182,seam-wide,1.0977625846862793,7.938227653503418,39.133568113657226
minecraft,6,O-ET2X-R-CurrentEdge-Point,182,full,1.5694433450698853,22.2699031829834,34.653620318979705
minecraft,6,O-ET2X-R-CurrentEdge-Point,182,wall-seam,1.9865450859069824,28.08420181274414,33.64618275659018
minecraft,6,O-ET2X-R-CurrentEdge-Point,182,seam-wide,1.542576551437378,20.769289016723633,34.95658731034722
minecraft,9,O-ET2X-R-PreviousRawEdge-Point,182,full,1.5694433450698853,22.2699031829834,34.653620318979705
minecraft,9,O-ET2X-R-PreviousRawEdge-Point,182,wall-seam,1.9865450859069824,28.08420181274414,33.64618275659018
minecraft,9,O-ET2X-R-PreviousRawEdge-Point,182,seam-wide,1.542576551437378,20.769289016723633,34.95658731034722
minecraft,10,ABL-ET2X-R-PreviousRawEdge-BilinearRGB,182,full,1.5694433450698853,22.2699031829834,34.653620318979705
minecraft,10,ABL-ET2X-R-PreviousRawEdge-BilinearRGB,182,wall-seam,1.9865450859069824,28.08420181274414,33.64618275659018
minecraft,10,ABL-ET2X-R-PreviousRawEdge-BilinearRGB,182,seam-wide,1.542576551437378,20.769289016723633,34.95658731034722
minecraft,4,O-T2X-R,183,full,1.4717071056365967,14.94887924194336,36.38471727223192
minecraft,4,O-T2X-R,183,wall-seam,1.2390950918197632,7.337836265563965,39.47512344066054
minecraft,4,O-T2X-R,183,seam-wide,1.0977625846862793,7.938227653503418,39.133568113657226
minecraft,6,O-ET2X-R-CurrentEdge-Point,183,full,1.5694433450698853,22.2699031829834,34.653620318979705
minecraft,6,O-ET2X-R-CurrentEdge-Point,183,wall-seam,1.9865450859069824,28.08420181274414,33.64618275659018
minecraft,6,O-ET2X-R-CurrentEdge-Point,183,seam-wide,1.542576551437378,20.769289016723633,34.95658731034722
minecraft,9,O-ET2X-R-PreviousRawEdge-Point,183,full,1.5694433450698853,22.2699031829834,34.653620318979705
minecraft,9,O-ET2X-R-PreviousRawEdge-Point,183,wall-seam,1.9865450859069824,28.08420181274414,33.64618275659018
minecraft,9,O-ET2X-R-PreviousRawEdge-Point,183,seam-wide,1.542576551437378,20.769289016723633,34.95658731034722
minecraft,10,ABL-ET2X-R-PreviousRawEdge-BilinearRGB,183,full,1.5694433450698853,22.2699031829834,34.653620318979705
minecraft,10,ABL-ET2X-R-PreviousRawEdge-BilinearRGB,183,wall-seam,1.9865450859069824,28.08420181274414,33.64618275659018
minecraft,10,ABL-ET2X-R-PreviousRawEdge-BilinearRGB,183,seam-wide,1.542576551437378,20.769289016723633,34.95658731034722
minecraft,4,O-T2X-R,184,full,1.4717071056365967,14.94887924194336,36.38471727223192
minecraft,4,O-T2X-R,184,wall-seam,1.2390950918197632,7.337836265563965,39.47512344066054
minecraft,4,O-T2X-R,184,seam-wide,1.0977625846862793,7.938227653503418,39.133568113657226
minecraft,6,O-ET2X-R-CurrentEdge-Point,184,full,1.5694433450698853,22.2699031829834,34.653620318979705
minecraft,6,O-ET2X-R-CurrentEdge-Point,184,wall-seam,1.9865450859069824,28.08420181274414,33.64618275659018
minecraft,6,O-ET2X-R-CurrentEdge-Point,184,seam-wide,1.542576551437378,20.769289016723633,34.95658731034722
minecraft,9,O-ET2X-R-PreviousRawEdge-Point,184,full,1.5694433450698853,22.2699031829834,34.653620318979705
minecraft,9,O-ET2X-R-PreviousRawEdge-Point,184,wall-seam,1.9865450859069824,28.08420181274414,33.64618275659018
minecraft,9,O-ET2X-R-PreviousRawEdge-Point,184,seam-wide,1.542576551437378,20.769289016723633,34.95658731034722
minecraft,10,ABL-ET2X-R-PreviousRawEdge-BilinearRGB,184,full,1.5694433450698853,22.2699031829834,34.653620318979705
minecraft,10,ABL-ET2X-R-PreviousRawEdge-BilinearRGB,184,wall-seam,1.9865450859069824,28.08420181274414,33.64618275659018
minecraft,10,ABL-ET2X-R-PreviousRawEdge-BilinearRGB,184,seam-wide,1.542576551437378,20.769289016723633,34.95658731034722
minecraft,4,O-T2X-R,185,full,1.4717071056365967,14.94887924194336,36.38471727223192
minecraft,4,O-T2X-R,185,wall-seam,1.2390950918197632,7.337836265563965,39.47512344066054
minecraft,4,O-T2X-R,185,seam-wide,1.0977625846862793,7.938227653503418,39.133568113657226
minecraft,6,O-ET2X-R-CurrentEdge-Point,185,full,1.5694433450698853,22.2699031829834,34.653620318979705
minecraft,6,O-ET2X-R-CurrentEdge-Point,185,wall-seam,1.9865450859069824,28.08420181274414,33.64618275659018
minecraft,6,O-ET2X-R-CurrentEdge-Point,185,seam-wide,1.542576551437378,20.769289016723633,34.95658731034722
minecraft,9,O-ET2X-R-PreviousRawEdge-Point,185,full,1.5694433450698853,22.2699031829834,34.653620318979705
minecraft,9,O-ET2X-R-PreviousRawEdge-Point,185,wall-seam,1.9865450859069824,28.08420181274414,33.64618275659018
minecraft,9,O-ET2X-R-PreviousRawEdge-Point,185,seam-wide,1.542576551437378,20.769289016723633,34.95658731034722
minecraft,10,ABL-ET2X-R-PreviousRawEdge-BilinearRGB,185,full,1.5694433450698853,22.2699031829834,34.653620318979705
minecraft,10,ABL-ET2X-R-PreviousRawEdge-BilinearRGB,185,wall-seam,1.9865450859069824,28.08420181274414,33.64618275659018
minecraft,10,ABL-ET2X-R-PreviousRawEdge-BilinearRGB,185,seam-wide,1.542576551437378,20.769289016723633,34.95658731034722
minecraft,4,O-T2X-R,186,full,1.4717071056365967,14.94887924194336,36.38471727223192
minecraft,4,O-T2X-R,186,wall-seam,1.2390950918197632,7.337836265563965,39.47512344066054
minecraft,4,O-T2X-R,186,seam-wide,1.0977625846862793,7.938227653503418,39.133568113657226
minecraft,6,O-ET2X-R-CurrentEdge-Point,186,full,1.5694433450698853,22.2699031829834,34.653620318979705
minecraft,6,O-ET2X-R-CurrentEdge-Point,186,wall-seam,1.9865450859069824,28.08420181274414,33.64618275659018
minecraft,6,O-ET2X-R-CurrentEdge-Point,186,seam-wide,1.542576551437378,20.769289016723633,34.95658731034722
minecraft,9,O-ET2X-R-PreviousRawEdge-Point,186,full,1.5694433450698853,22.2699031829834,34.653620318979705
minecraft,9,O-ET2X-R-PreviousRawEdge-Point,186,wall-seam,1.9865450859069824,28.08420181274414,33.64618275659018
minecraft,9,O-ET2X-R-PreviousRawEdge-Point,186,seam-wide,1.542576551437378,20.769289016723633,34.95658731034722
minecraft,10,ABL-ET2X-R-PreviousRawEdge-BilinearRGB,186,full,1.5694433450698853,22.2699031829834,34.653620318979705
minecraft,10,ABL-ET2X-R-PreviousRawEdge-BilinearRGB,186,wall-seam,1.9865450859069824,28.08420181274414,33.64618275659018
minecraft,10,ABL-ET2X-R-PreviousRawEdge-BilinearRGB,186,seam-wide,1.542576551437378,20.769289016723633,34.95658731034722
minecraft,4,O-T2X-R,187,full,1.4717071056365967,14.94887924194336,36.38471727223192
minecraft,4,O-T2X-R,187,wall-seam,1.2390950918197632,7.337836265563965,39.47512344066054
minecraft,4,O-T2X-R,187,seam-wide,1.0977625846862793,7.938227653503418,39.133568113657226
minecraft,6,O-ET2X-R-CurrentEdge-Point,187,full,1.5694433450698853,22.2699031829834,34.653620318979705
minecraft,6,O-ET2X-R-CurrentEdge-Point,187,wall-seam,1.9865450859069824,28.08420181274414,33.64618275659018
minecraft,6,O-ET2X-R-CurrentEdge-Point,187,seam-wide,1.542576551437378,20.769289016723633,34.95658731034722
minecraft,9,O-ET2X-R-PreviousRawEdge-Point,187,full,1.5694433450698853,22.2699031829834,34.653620318979705
minecraft,9,O-ET2X-R-PreviousRawEdge-Point,187,wall-seam,1.9865450859069824,28.08420181274414,33.64618275659018
minecraft,9,O-ET2X-R-PreviousRawEdge-Point,187,seam-wide,1.542576551437378,20.769289016723633,34.95658731034722
minecraft,10,ABL-ET2X-R-PreviousRawEdge-BilinearRGB,187,full,1.5694433450698853,22.2699031829834,34.653620318979705
minecraft,10,ABL-ET2X-R-PreviousRawEdge-BilinearRGB,187,wall-seam,1.9865450859069824,28.08420181274414,33.64618275659018
minecraft,10,ABL-ET2X-R-PreviousRawEdge-BilinearRGB,187,seam-wide,1.542576551437378,20.769289016723633,34.95658731034722
minecraft,4,O-T2X-R,188,full,1.4717071056365967,14.94887924194336,36.38471727223192
minecraft,4,O-T2X-R,188,wall-seam,1.2390950918197632,7.337836265563965,39.47512344066054
minecraft,4,O-T2X-R,188,seam-wide,1.0977625846862793,7.938227653503418,39.133568113657226
minecraft,6,O-ET2X-R-CurrentEdge-Point,188,full,1.5694433450698853,22.2699031829834,34.653620318979705
minecraft,6,O-ET2X-R-CurrentEdge-Point,188,wall-seam,1.9865450859069824,28.08420181274414,33.64618275659018
minecraft,6,O-ET2X-R-CurrentEdge-Point,188,seam-wide,1.542576551437378,20.769289016723633,34.95658731034722
minecraft,9,O-ET2X-R-PreviousRawEdge-Point,188,full,1.5694433450698853,22.2699031829834,34.653620318979705
minecraft,9,O-ET2X-R-PreviousRawEdge-Point,188,wall-seam,1.9865450859069824,28.08420181274414,33.64618275659018
minecraft,9,O-ET2X-R-PreviousRawEdge-Point,188,seam-wide,1.542576551437378,20.769289016723633,34.95658731034722
minecraft,10,ABL-ET2X-R-PreviousRawEdge-BilinearRGB,188,full,1.5694433450698853,22.2699031829834,34.653620318979705
minecraft,10,ABL-ET2X-R-PreviousRawEdge-BilinearRGB,188,wall-seam,1.9865450859069824,28.08420181274414,33.64618275659018
minecraft,10,ABL-ET2X-R-PreviousRawEdge-BilinearRGB,188,seam-wide,1.542576551437378,20.769289016723633,34.95658731034722
minecraft,4,O-T2X-R,189,full,1.4717071056365967,14.94887924194336,36.38471727223192
minecraft,4,O-T2X-R,189,wall-seam,1.2390950918197632,7.337836265563965,39.47512344066054
minecraft,4,O-T2X-R,189,seam-wide,1.0977625846862793,7.938227653503418,39.133568113657226
minecraft,6,O-ET2X-R-CurrentEdge-Point,189,full,1.5694433450698853,22.2699031829834,34.653620318979705
minecraft,6,O-ET2X-R-CurrentEdge-Point,189,wall-seam,1.9865450859069824,28.08420181274414,33.64618275659018
minecraft,6,O-ET2X-R-CurrentEdge-Point,189,seam-wide,1.542576551437378,20.769289016723633,34.95658731034722
minecraft,9,O-ET2X-R-PreviousRawEdge-Point,189,full,1.5694433450698853,22.2699031829834,34.653620318979705
minecraft,9,O-ET2X-R-PreviousRawEdge-Point,189,wall-seam,1.9865450859069824,28.08420181274414,33.64618275659018
minecraft,9,O-ET2X-R-PreviousRawEdge-Point,189,seam-wide,1.542576551437378,20.769289016723633,34.95658731034722
minecraft,10,ABL-ET2X-R-PreviousRawEdge-BilinearRGB,189,full,1.5694433450698853,22.2699031829834,34.653620318979705
minecraft,10,ABL-ET2X-R-PreviousRawEdge-BilinearRGB,189,wall-seam,1.9865450859069824,28.08420181274414,33.64618275659018
minecraft,10,ABL-ET2X-R-PreviousRawEdge-BilinearRGB,189,seam-wide,1.542576551437378,20.769289016723633,34.95658731034722
minecraft,4,O-T2X-R,190,full,1.4717071056365967,14.94887924194336,36.38471727223192
minecraft,4,O-T2X-R,190,wall-seam,1.2390950918197632,7.337836265563965,39.47512344066054
minecraft,4,O-T2X-R,190,seam-wide,1.0977625846862793,7.938227653503418,39.133568113657226
minecraft,6,O-ET2X-R-CurrentEdge-Point,190,full,1.5694433450698853,22.2699031829834,34.653620318979705
minecraft,6,O-ET2X-R-CurrentEdge-Point,190,wall-seam,1.9865450859069824,28.08420181274414,33.64618275659018
minecraft,6,O-ET2X-R-CurrentEdge-Point,190,seam-wide,1.542576551437378,20.769289016723633,34.95658731034722
minecraft,9,O-ET2X-R-PreviousRawEdge-Point,190,full,1.5694433450698853,22.2699031829834,34.653620318979705
minecraft,9,O-ET2X-R-PreviousRawEdge-Point,190,wall-seam,1.9865450859069824,28.08420181274414,33.64618275659018
minecraft,9,O-ET2X-R-PreviousRawEdge-Point,190,seam-wide,1.542576551437378,20.769289016723633,34.95658731034722
minecraft,10,ABL-ET2X-R-PreviousRawEdge-BilinearRGB,190,full,1.5694433450698853,22.2699031829834,34.653620318979705
minecraft,10,ABL-ET2X-R-PreviousRawEdge-BilinearRGB,190,wall-seam,1.9865450859069824,28.08420181274414,33.64618275659018
minecraft,10,ABL-ET2X-R-PreviousRawEdge-BilinearRGB,190,seam-wide,1.542576551437378,20.769289016723633,34.95658731034722
minecraft,4,O-T2X-R,191,full,1.4717071056365967,14.94887924194336,36.38471727223192
minecraft,4,O-T2X-R,191,wall-seam,1.2390950918197632,7.337836265563965,39.47512344066054
minecraft,4,O-T2X-R,191,seam-wide,1.0977625846862793,7.938227653503418,39.133568113657226
minecraft,6,O-ET2X-R-CurrentEdge-Point,191,full,1.5694433450698853,22.2699031829834,34.653620318979705
minecraft,6,O-ET2X-R-CurrentEdge-Point,191,wall-seam,1.9865450859069824,28.08420181274414,33.64618275659018
minecraft,6,O-ET2X-R-CurrentEdge-Point,191,seam-wide,1.542576551437378,20.769289016723633,34.95658731034722
minecraft,9,O-ET2X-R-PreviousRawEdge-Point,191,full,1.5694433450698853,22.2699031829834,34.653620318979705
minecraft,9,O-ET2X-R-PreviousRawEdge-Point,191,wall-seam,1.9865450859069824,28.08420181274414,33.64618275659018
minecraft,9,O-ET2X-R-PreviousRawEdge-Point,191,seam-wide,1.542576551437378,20.769289016723633,34.95658731034722
minecraft,10,ABL-ET2X-R-PreviousRawEdge-BilinearRGB,191,full,1.5694433450698853,22.2699031829834,34.653620318979705
minecraft,10,ABL-ET2X-R-PreviousRawEdge-BilinearRGB,191,wall-seam,1.9865450859069824,28.08420181274414,33.64618275659018
minecraft,10,ABL-ET2X-R-PreviousRawEdge-BilinearRGB,191,seam-wide,1.542576551437378,20.769289016723633,34.95658731034722
minecraft,4,O-T2X-R,192,full,1.4717071056365967,14.94887924194336,36.38471727223192
minecraft,4,O-T2X-R,192,wall-seam,1.2390950918197632,7.337836265563965,39.47512344066054
minecraft,4,O-T2X-R,192,seam-wide,1.0977625846862793,7.938227653503418,39.133568113657226
minecraft,6,O-ET2X-R-CurrentEdge-Point,192,full,1.5694433450698853,22.2699031829834,34.653620318979705
minecraft,6,O-ET2X-R-CurrentEdge-Point,192,wall-seam,1.9865450859069824,28.08420181274414,33.64618275659018
minecraft,6,O-ET2X-R-CurrentEdge-Point,192,seam-wide,1.542576551437378,20.769289016723633,34.95658731034722
minecraft,9,O-ET2X-R-PreviousRawEdge-Point,192,full,1.5694433450698853,22.2699031829834,34.653620318979705
minecraft,9,O-ET2X-R-PreviousRawEdge-Point,192,wall-seam,1.9865450859069824,28.08420181274414,33.64618275659018
minecraft,9,O-ET2X-R-PreviousRawEdge-Point,192,seam-wide,1.542576551437378,20.769289016723633,34.95658731034722
minecraft,10,ABL-ET2X-R-PreviousRawEdge-BilinearRGB,192,full,1.5694433450698853,22.2699031829834,34.653620318979705
minecraft,10,ABL-ET2X-R-PreviousRawEdge-BilinearRGB,192,wall-seam,1.9865450859069824,28.08420181274414,33.64618275659018
minecraft,10,ABL-ET2X-R-PreviousRawEdge-BilinearRGB,192,seam-wide,1.542576551437378,20.769289016723633,34.95658731034722
minecraft,4,O-T2X-R,193,full,1.4717071056365967,14.94887924194336,36.38471727223192
minecraft,4,O-T2X-R,193,wall-seam,1.2390950918197632,7.337836265563965,39.47512344066054
minecraft,4,O-T2X-R,193,seam-wide,1.0977625846862793,7.938227653503418,39.133568113657226
minecraft,6,O-ET2X-R-CurrentEdge-Point,193,full,1.5694433450698853,22.2699031829834,34.653620318979705
minecraft,6,O-ET2X-R-CurrentEdge-Point,193,wall-seam,1.9865450859069824,28.08420181274414,33.64618275659018
minecraft,6,O-ET2X-R-CurrentEdge-Point,193,seam-wide,1.542576551437378,20.769289016723633,34.95658731034722
minecraft,9,O-ET2X-R-PreviousRawEdge-Point,193,full,1.5694433450698853,22.2699031829834,34.653620318979705
minecraft,9,O-ET2X-R-PreviousRawEdge-Point,193,wall-seam,1.9865450859069824,28.08420181274414,33.64618275659018
minecraft,9,O-ET2X-R-PreviousRawEdge-Point,193,seam-wide,1.542576551437378,20.769289016723633,34.95658731034722
minecraft,10,ABL-ET2X-R-PreviousRawEdge-BilinearRGB,193,full,1.5694433450698853,22.2699031829834,34.653620318979705
minecraft,10,ABL-ET2X-R-PreviousRawEdge-BilinearRGB,193,wall-seam,1.9865450859069824,28.08420181274414,33.64618275659018
minecraft,10,ABL-ET2X-R-PreviousRawEdge-BilinearRGB,193,seam-wide,1.542576551437378,20.769289016723633,34.95658731034722
minecraft,4,O-T2X-R,194,full,1.4717071056365967,14.94887924194336,36.38471727223192
minecraft,4,O-T2X-R,194,wall-seam,1.2390950918197632,7.337836265563965,39.47512344066054
minecraft,4,O-T2X-R,194,seam-wide,1.0977625846862793,7.938227653503418,39.133568113657226
minecraft,6,O-ET2X-R-CurrentEdge-Point,194,full,1.5694433450698853,22.2699031829834,34.653620318979705
minecraft,6,O-ET2X-R-CurrentEdge-Point,194,wall-seam,1.9865450859069824,28.08420181274414,33.64618275659018
minecraft,6,O-ET2X-R-CurrentEdge-Point,194,seam-wide,1.542576551437378,20.769289016723633,34.95658731034722
minecraft,9,O-ET2X-R-PreviousRawEdge-Point,194,full,1.5694433450698853,22.2699031829834,34.653620318979705
minecraft,9,O-ET2X-R-PreviousRawEdge-Point,194,wall-seam,1.9865450859069824,28.08420181274414,33.64618275659018
minecraft,9,O-ET2X-R-PreviousRawEdge-Point,194,seam-wide,1.542576551437378,20.769289016723633,34.95658731034722
minecraft,10,ABL-ET2X-R-PreviousRawEdge-BilinearRGB,194,full,1.5694433450698853,22.2699031829834,34.653620318979705
minecraft,10,ABL-ET2X-R-PreviousRawEdge-BilinearRGB,194,wall-seam,1.9865450859069824,28.08420181274414,33.64618275659018
minecraft,10,ABL-ET2X-R-PreviousRawEdge-BilinearRGB,194,seam-wide,1.542576551437378,20.769289016723633,34.95658731034722
minecraft,4,O-T2X-R,195,full,1.4717071056365967,14.94887924194336,36.38471727223192
minecraft,4,O-T2X-R,195,wall-seam,1.2390950918197632,7.337836265563965,39.47512344066054
minecraft,4,O-T2X-R,195,seam-wide,1.0977625846862793,7.938227653503418,39.133568113657226
minecraft,6,O-ET2X-R-CurrentEdge-Point,195,full,1.5694433450698853,22.2699031829834,34.653620318979705
minecraft,6,O-ET2X-R-CurrentEdge-Point,195,wall-seam,1.9865450859069824,28.08420181274414,33.64618275659018
minecraft,6,O-ET2X-R-CurrentEdge-Point,195,seam-wide,1.542576551437378,20.769289016723633,34.95658731034722
minecraft,9,O-ET2X-R-PreviousRawEdge-Point,195,full,1.5694433450698853,22.2699031829834,34.653620318979705
minecraft,9,O-ET2X-R-PreviousRawEdge-Point,195,wall-seam,1.9865450859069824,28.08420181274414,33.64618275659018
minecraft,9,O-ET2X-R-PreviousRawEdge-Point,195,seam-wide,1.542576551437378,20.769289016723633,34.95658731034722
minecraft,10,ABL-ET2X-R-PreviousRawEdge-BilinearRGB,195,full,1.5694433450698853,22.2699031829834,34.653620318979705
minecraft,10,ABL-ET2X-R-PreviousRawEdge-BilinearRGB,195,wall-seam,1.9865450859069824,28.08420181274414,33.64618275659018
minecraft,10,ABL-ET2X-R-PreviousRawEdge-BilinearRGB,195,seam-wide,1.542576551437378,20.769289016723633,34.95658731034722
minecraft,4,O-T2X-R,196,full,1.4717071056365967,14.94887924194336,36.38471727223192
minecraft,4,O-T2X-R,196,wall-seam,1.2390950918197632,7.337836265563965,39.47512344066054
minecraft,4,O-T2X-R,196,seam-wide,1.0977625846862793,7.938227653503418,39.133568113657226
minecraft,6,O-ET2X-R-CurrentEdge-Point,196,full,1.5694433450698853,22.2699031829834,34.653620318979705
minecraft,6,O-ET2X-R-CurrentEdge-Point,196,wall-seam,1.9865450859069824,28.08420181274414,33.64618275659018
minecraft,6,O-ET2X-R-CurrentEdge-Point,196,seam-wide,1.542576551437378,20.769289016723633,34.95658731034722
minecraft,9,O-ET2X-R-PreviousRawEdge-Point,196,full,1.5694433450698853,22.2699031829834,34.653620318979705
minecraft,9,O-ET2X-R-PreviousRawEdge-Point,196,wall-seam,1.9865450859069824,28.08420181274414,33.64618275659018
minecraft,9,O-ET2X-R-PreviousRawEdge-Point,196,seam-wide,1.542576551437378,20.769289016723633,34.95658731034722
minecraft,10,ABL-ET2X-R-PreviousRawEdge-BilinearRGB,196,full,1.5694433450698853,22.2699031829834,34.653620318979705
minecraft,10,ABL-ET2X-R-PreviousRawEdge-BilinearRGB,196,wall-seam,1.9865450859069824,28.08420181274414,33.64618275659018
minecraft,10,ABL-ET2X-R-PreviousRawEdge-BilinearRGB,196,seam-wide,1.542576551437378,20.769289016723633,34.95658731034722
minecraft,4,O-T2X-R,197,full,1.4717071056365967,14.94887924194336,36.38471727223192
minecraft,4,O-T2X-R,197,wall-seam,1.2390950918197632,7.337836265563965,39.47512344066054
minecraft,4,O-T2X-R,197,seam-wide,1.0977625846862793,7.938227653503418,39.133568113657226
minecraft,6,O-ET2X-R-CurrentEdge-Point,197,full,1.5694433450698853,22.2699031829834,34.653620318979705
minecraft,6,O-ET2X-R-CurrentEdge-Point,197,wall-seam,1.9865450859069824,28.08420181274414,33.64618275659018
minecraft,6,O-ET2X-R-CurrentEdge-Point,197,seam-wide,1.542576551437378,20.769289016723633,34.95658731034722
minecraft,9,O-ET2X-R-PreviousRawEdge-Point,197,full,1.5694433450698853,22.2699031829834,34.653620318979705
minecraft,9,O-ET2X-R-PreviousRawEdge-Point,197,wall-seam,1.9865450859069824,28.08420181274414,33.64618275659018
minecraft,9,O-ET2X-R-PreviousRawEdge-Point,197,seam-wide,1.542576551437378,20.769289016723633,34.95658731034722
minecraft,10,ABL-ET2X-R-PreviousRawEdge-BilinearRGB,197,full,1.5694433450698853,22.2699031829834,34.653620318979705
minecraft,10,ABL-ET2X-R-PreviousRawEdge-BilinearRGB,197,wall-seam,1.9865450859069824,28.08420181274414,33.64618275659018
minecraft,10,ABL-ET2X-R-PreviousRawEdge-BilinearRGB,197,seam-wide,1.542576551437378,20.769289016723633,34.95658731034722
minecraft,4,O-T2X-R,198,full,1.4717071056365967,14.94887924194336,36.38471727223192
minecraft,4,O-T2X-R,198,wall-seam,1.2390950918197632,7.337836265563965,39.47512344066054
minecraft,4,O-T2X-R,198,seam-wide,1.0977625846862793,7.938227653503418,39.133568113657226
minecraft,6,O-ET2X-R-CurrentEdge-Point,198,full,1.5694433450698853,22.2699031829834,34.653620318979705
minecraft,6,O-ET2X-R-CurrentEdge-Point,198,wall-seam,1.9865450859069824,28.08420181274414,33.64618275659018
minecraft,6,O-ET2X-R-CurrentEdge-Point,198,seam-wide,1.542576551437378,20.769289016723633,34.95658731034722
minecraft,9,O-ET2X-R-PreviousRawEdge-Point,198,full,1.5694433450698853,22.2699031829834,34.653620318979705
minecraft,9,O-ET2X-R-PreviousRawEdge-Point,198,wall-seam,1.9865450859069824,28.08420181274414,33.64618275659018
minecraft,9,O-ET2X-R-PreviousRawEdge-Point,198,seam-wide,1.542576551437378,20.769289016723633,34.95658731034722
minecraft,10,ABL-ET2X-R-PreviousRawEdge-BilinearRGB,198,full,1.5694433450698853,22.2699031829834,34.653620318979705
minecraft,10,ABL-ET2X-R-PreviousRawEdge-BilinearRGB,198,wall-seam,1.9865450859069824,28.08420181274414,33.64618275659018
minecraft,10,ABL-ET2X-R-PreviousRawEdge-BilinearRGB,198,seam-wide,1.542576551437378,20.769289016723633,34.95658731034722
minecraft,4,O-T2X-R,199,full,1.4717071056365967,14.94887924194336,36.38471727223192
minecraft,4,O-T2X-R,199,wall-seam,1.2390950918197632,7.337836265563965,39.47512344066054
minecraft,4,O-T2X-R,199,seam-wide,1.0977625846862793,7.938227653503418,39.133568113657226
minecraft,6,O-ET2X-R-CurrentEdge-Point,199,full,1.5694433450698853,22.2699031829834,34.653620318979705
minecraft,6,O-ET2X-R-CurrentEdge-Point,199,wall-seam,1.9865450859069824,28.08420181274414,33.64618275659018
minecraft,6,O-ET2X-R-CurrentEdge-Point,199,seam-wide,1.542576551437378,20.769289016723633,34.95658731034722
minecraft,9,O-ET2X-R-PreviousRawEdge-Point,199,full,1.5694433450698853,22.2699031829834,34.653620318979705
minecraft,9,O-ET2X-R-PreviousRawEdge-Point,199,wall-seam,1.9865450859069824,28.08420181274414,33.64618275659018
minecraft,9,O-ET2X-R-PreviousRawEdge-Point,199,seam-wide,1.542576551437378,20.769289016723633,34.95658731034722
minecraft,10,ABL-ET2X-R-PreviousRawEdge-BilinearRGB,199,full,1.5694433450698853,22.2699031829834,34.653620318979705
minecraft,10,ABL-ET2X-R-PreviousRawEdge-BilinearRGB,199,wall-seam,1.9865450859069824,28.08420181274414,33.64618275659018
minecraft,10,ABL-ET2X-R-PreviousRawEdge-BilinearRGB,199,seam-wide,1.542576551437378,20.769289016723633,34.95658731034722
minecraft,4,O-T2X-R,200,full,1.4717071056365967,14.94887924194336,36.38471727223192
minecraft,4,O-T2X-R,200,wall-seam,1.2390950918197632,7.337836265563965,39.47512344066054
minecraft,4,O-T2X-R,200,seam-wide,1.0977625846862793,7.938227653503418,39.133568113657226
minecraft,6,O-ET2X-R-CurrentEdge-Point,200,full,1.5694433450698853,22.2699031829834,34.653620318979705
minecraft,6,O-ET2X-R-CurrentEdge-Point,200,wall-seam,1.9865450859069824,28.08420181274414,33.64618275659018
minecraft,6,O-ET2X-R-CurrentEdge-Point,200,seam-wide,1.542576551437378,20.769289016723633,34.95658731034722
minecraft,9,O-ET2X-R-PreviousRawEdge-Point,200,full,1.5694433450698853,22.2699031829834,34.653620318979705
minecraft,9,O-ET2X-R-PreviousRawEdge-Point,200,wall-seam,1.9865450859069824,28.08420181274414,33.64618275659018
minecraft,9,O-ET2X-R-PreviousRawEdge-Point,200,seam-wide,1.542576551437378,20.769289016723633,34.95658731034722
minecraft,10,ABL-ET2X-R-PreviousRawEdge-BilinearRGB,200,full,1.5694433450698853,22.2699031829834,34.653620318979705
minecraft,10,ABL-ET2X-R-PreviousRawEdge-BilinearRGB,200,wall-seam,1.9865450859069824,28.08420181274414,33.64618275659018
minecraft,10,ABL-ET2X-R-PreviousRawEdge-BilinearRGB,200,seam-wide,1.542576551437378,20.769289016723633,34.95658731034722
minecraft,4,O-T2X-R,201,full,1.4717071056365967,14.94887924194336,36.38471727223192
minecraft,4,O-T2X-R,201,wall-seam,1.2390950918197632,7.337836265563965,39.47512344066054
minecraft,4,O-T2X-R,201,seam-wide,1.0977625846862793,7.938227653503418,39.133568113657226
minecraft,6,O-ET2X-R-CurrentEdge-Point,201,full,1.5694433450698853,22.2699031829834,34.653620318979705
minecraft,6,O-ET2X-R-CurrentEdge-Point,201,wall-seam,1.9865450859069824,28.08420181274414,33.64618275659018
minecraft,6,O-ET2X-R-CurrentEdge-Point,201,seam-wide,1.542576551437378,20.769289016723633,34.95658731034722
minecraft,9,O-ET2X-R-PreviousRawEdge-Point,201,full,1.5694433450698853,22.2699031829834,34.653620318979705
minecraft,9,O-ET2X-R-PreviousRawEdge-Point,201,wall-seam,1.9865450859069824,28.08420181274414,33.64618275659018
minecraft,9,O-ET2X-R-PreviousRawEdge-Point,201,seam-wide,1.542576551437378,20.769289016723633,34.95658731034722
minecraft,10,ABL-ET2X-R-PreviousRawEdge-BilinearRGB,201,full,1.5694433450698853,22.2699031829834,34.653620318979705
minecraft,10,ABL-ET2X-R-PreviousRawEdge-BilinearRGB,201,wall-seam,1.9865450859069824,28.08420181274414,33.64618275659018
minecraft,10,ABL-ET2X-R-PreviousRawEdge-BilinearRGB,201,seam-wide,1.542576551437378,20.769289016723633,34.95658731034722
minecraft,4,O-T2X-R,202,full,1.4717071056365967,14.94887924194336,36.38471727223192
minecraft,4,O-T2X-R,202,wall-seam,1.2390950918197632,7.337836265563965,39.47512344066054
minecraft,4,O-T2X-R,202,seam-wide,1.0977625846862793,7.938227653503418,39.133568113657226
minecraft,6,O-ET2X-R-CurrentEdge-Point,202,full,1.5694433450698853,22.2699031829834,34.653620318979705
minecraft,6,O-ET2X-R-CurrentEdge-Point,202,wall-seam,1.9865450859069824,28.08420181274414,33.64618275659018
minecraft,6,O-ET2X-R-CurrentEdge-Point,202,seam-wide,1.542576551437378,20.769289016723633,34.95658731034722
minecraft,9,O-ET2X-R-PreviousRawEdge-Point,202,full,1.5694433450698853,22.2699031829834,34.653620318979705
minecraft,9,O-ET2X-R-PreviousRawEdge-Point,202,wall-seam,1.9865450859069824,28.08420181274414,33.64618275659018
minecraft,9,O-ET2X-R-PreviousRawEdge-Point,202,seam-wide,1.542576551437378,20.769289016723633,34.95658731034722
minecraft,10,ABL-ET2X-R-PreviousRawEdge-BilinearRGB,202,full,1.5694433450698853,22.2699031829834,34.653620318979705
minecraft,10,ABL-ET2X-R-PreviousRawEdge-BilinearRGB,202,wall-seam,1.9865450859069824,28.08420181274414,33.64618275659018
minecraft,10,ABL-ET2X-R-PreviousRawEdge-BilinearRGB,202,seam-wide,1.542576551437378,20.769289016723633,34.95658731034722
minecraft,4,O-T2X-R,203,full,1.4717071056365967,14.94887924194336,36.38471727223192
minecraft,4,O-T2X-R,203,wall-seam,1.2390950918197632,7.337836265563965,39.47512344066054
minecraft,4,O-T2X-R,203,seam-wide,1.0977625846862793,7.938227653503418,39.133568113657226
minecraft,6,O-ET2X-R-CurrentEdge-Point,203,full,1.5694433450698853,22.2699031829834,34.653620318979705
minecraft,6,O-ET2X-R-CurrentEdge-Point,203,wall-seam,1.9865450859069824,28.08420181274414,33.64618275659018
minecraft,6,O-ET2X-R-CurrentEdge-Point,203,seam-wide,1.542576551437378,20.769289016723633,34.95658731034722
minecraft,9,O-ET2X-R-PreviousRawEdge-Point,203,full,1.5694433450698853,22.2699031829834,34.653620318979705
minecraft,9,O-ET2X-R-PreviousRawEdge-Point,203,wall-seam,1.9865450859069824,28.08420181274414,33.64618275659018
minecraft,9,O-ET2X-R-PreviousRawEdge-Point,203,seam-wide,1.542576551437378,20.769289016723633,34.95658731034722
minecraft,10,ABL-ET2X-R-PreviousRawEdge-BilinearRGB,203,full,1.5694433450698853,22.2699031829834,34.653620318979705
minecraft,10,ABL-ET2X-R-PreviousRawEdge-BilinearRGB,203,wall-seam,1.9865450859069824,28.08420181274414,33.64618275659018
minecraft,10,ABL-ET2X-R-PreviousRawEdge-BilinearRGB,203,seam-wide,1.542576551437378,20.769289016723633,34.95658731034722
minecraft,4,O-T2X-R,204,full,1.4717071056365967,14.94887924194336,36.38471727223192
minecraft,4,O-T2X-R,204,wall-seam,1.2390950918197632,7.337836265563965,39.47512344066054
minecraft,4,O-T2X-R,204,seam-wide,1.0977625846862793,7.938227653503418,39.133568113657226
minecraft,6,O-ET2X-R-CurrentEdge-Point,204,full,1.5694433450698853,22.2699031829834,34.653620318979705
minecraft,6,O-ET2X-R-CurrentEdge-Point,204,wall-seam,1.9865450859069824,28.08420181274414,33.64618275659018
minecraft,6,O-ET2X-R-CurrentEdge-Point,204,seam-wide,1.542576551437378,20.769289016723633,34.95658731034722
minecraft,9,O-ET2X-R-PreviousRawEdge-Point,204,full,1.5694433450698853,22.2699031829834,34.653620318979705
minecraft,9,O-ET2X-R-PreviousRawEdge-Point,204,wall-seam,1.9865450859069824,28.08420181274414,33.64618275659018
minecraft,9,O-ET2X-R-PreviousRawEdge-Point,204,seam-wide,1.542576551437378,20.769289016723633,34.95658731034722
minecraft,10,ABL-ET2X-R-PreviousRawEdge-BilinearRGB,204,full,1.5694433450698853,22.2699031829834,34.653620318979705
minecraft,10,ABL-ET2X-R-PreviousRawEdge-BilinearRGB,204,wall-seam,1.9865450859069824,28.08420181274414,33.64618275659018
minecraft,10,ABL-ET2X-R-PreviousRawEdge-BilinearRGB,204,seam-wide,1.542576551437378,20.769289016723633,34.95658731034722
minecraft,4,O-T2X-R,205,full,1.4717071056365967,14.94887924194336,36.38471727223192
minecraft,4,O-T2X-R,205,wall-seam,1.2390950918197632,7.337836265563965,39.47512344066054
minecraft,4,O-T2X-R,205,seam-wide,1.0977625846862793,7.938227653503418,39.133568113657226
minecraft,6,O-ET2X-R-CurrentEdge-Point,205,full,1.5694433450698853,22.2699031829834,34.653620318979705
minecraft,6,O-ET2X-R-CurrentEdge-Point,205,wall-seam,1.9865450859069824,28.08420181274414,33.64618275659018
minecraft,6,O-ET2X-R-CurrentEdge-Point,205,seam-wide,1.542576551437378,20.769289016723633,34.95658731034722
minecraft,9,O-ET2X-R-PreviousRawEdge-Point,205,full,1.5694433450698853,22.2699031829834,34.653620318979705
minecraft,9,O-ET2X-R-PreviousRawEdge-Point,205,wall-seam,1.9865450859069824,28.08420181274414,33.64618275659018
minecraft,9,O-ET2X-R-PreviousRawEdge-Point,205,seam-wide,1.542576551437378,20.769289016723633,34.95658731034722
minecraft,10,ABL-ET2X-R-PreviousRawEdge-BilinearRGB,205,full,1.5694433450698853,22.2699031829834,34.653620318979705
minecraft,10,ABL-ET2X-R-PreviousRawEdge-BilinearRGB,205,wall-seam,1.9865450859069824,28.08420181274414,33.64618275659018
minecraft,10,ABL-ET2X-R-PreviousRawEdge-BilinearRGB,205,seam-wide,1.542576551437378,20.769289016723633,34.95658731034722
minecraft,4,O-T2X-R,206,full,1.4717071056365967,14.94887924194336,36.38471727223192
minecraft,4,O-T2X-R,206,wall-seam,1.2390950918197632,7.337836265563965,39.47512344066054
minecraft,4,O-T2X-R,206,seam-wide,1.0977625846862793,7.938227653503418,39.133568113657226
minecraft,6,O-ET2X-R-CurrentEdge-Point,206,full,1.5694433450698853,22.2699031829834,34.653620318979705
minecraft,6,O-ET2X-R-CurrentEdge-Point,206,wall-seam,1.9865450859069824,28.08420181274414,33.64618275659018
minecraft,6,O-ET2X-R-CurrentEdge-Point,206,seam-wide,1.542576551437378,20.769289016723633,34.95658731034722
minecraft,9,O-ET2X-R-PreviousRawEdge-Point,206,full,1.5694433450698853,22.2699031829834,34.653620318979705
minecraft,9,O-ET2X-R-PreviousRawEdge-Point,206,wall-seam,1.9865450859069824,28.08420181274414,33.64618275659018
minecraft,9,O-ET2X-R-PreviousRawEdge-Point,206,seam-wide,1.542576551437378,20.769289016723633,34.95658731034722
minecraft,10,ABL-ET2X-R-PreviousRawEdge-BilinearRGB,206,full,1.5694433450698853,22.2699031829834,34.653620318979705
minecraft,10,ABL-ET2X-R-PreviousRawEdge-BilinearRGB,206,wall-seam,1.9865450859069824,28.08420181274414,33.64618275659018
minecraft,10,ABL-ET2X-R-PreviousRawEdge-BilinearRGB,206,seam-wide,1.542576551437378,20.769289016723633,34.95658731034722
minecraft,4,O-T2X-R,207,full,1.4717071056365967,14.94887924194336,36.38471727223192
minecraft,4,O-T2X-R,207,wall-seam,1.2390950918197632,7.337836265563965,39.47512344066054
minecraft,4,O-T2X-R,207,seam-wide,1.0977625846862793,7.938227653503418,39.133568113657226
minecraft,6,O-ET2X-R-CurrentEdge-Point,207,full,1.5694433450698853,22.2699031829834,34.653620318979705
minecraft,6,O-ET2X-R-CurrentEdge-Point,207,wall-seam,1.9865450859069824,28.08420181274414,33.64618275659018
minecraft,6,O-ET2X-R-CurrentEdge-Point,207,seam-wide,1.542576551437378,20.769289016723633,34.95658731034722
minecraft,9,O-ET2X-R-PreviousRawEdge-Point,207,full,1.5694433450698853,22.2699031829834,34.653620318979705
minecraft,9,O-ET2X-R-PreviousRawEdge-Point,207,wall-seam,1.9865450859069824,28.08420181274414,33.64618275659018
minecraft,9,O-ET2X-R-PreviousRawEdge-Point,207,seam-wide,1.542576551437378,20.769289016723633,34.95658731034722
minecraft,10,ABL-ET2X-R-PreviousRawEdge-BilinearRGB,207,full,1.5694433450698853,22.2699031829834,34.653620318979705
minecraft,10,ABL-ET2X-R-PreviousRawEdge-BilinearRGB,207,wall-seam,1.9865450859069824,28.08420181274414,33.64618275659018
minecraft,10,ABL-ET2X-R-PreviousRawEdge-BilinearRGB,207,seam-wide,1.542576551437378,20.769289016723633,34.95658731034722
minecraft,4,O-T2X-R,208,full,1.4717071056365967,14.94887924194336,36.38471727223192
minecraft,4,O-T2X-R,208,wall-seam,1.2390950918197632,7.337836265563965,39.47512344066054
minecraft,4,O-T2X-R,208,seam-wide,1.0977625846862793,7.938227653503418,39.133568113657226
minecraft,6,O-ET2X-R-CurrentEdge-Point,208,full,1.5694433450698853,22.2699031829834,34.653620318979705
minecraft,6,O-ET2X-R-CurrentEdge-Point,208,wall-seam,1.9865450859069824,28.08420181274414,33.64618275659018
minecraft,6,O-ET2X-R-CurrentEdge-Point,208,seam-wide,1.542576551437378,20.769289016723633,34.95658731034722
minecraft,9,O-ET2X-R-PreviousRawEdge-Point,208,full,1.5694433450698853,22.2699031829834,34.653620318979705
minecraft,9,O-ET2X-R-PreviousRawEdge-Point,208,wall-seam,1.9865450859069824,28.08420181274414,33.64618275659018
minecraft,9,O-ET2X-R-PreviousRawEdge-Point,208,seam-wide,1.542576551437378,20.769289016723633,34.95658731034722
minecraft,10,ABL-ET2X-R-PreviousRawEdge-BilinearRGB,208,full,1.5694433450698853,22.2699031829834,34.653620318979705
minecraft,10,ABL-ET2X-R-PreviousRawEdge-BilinearRGB,208,wall-seam,1.9865450859069824,28.08420181274414,33.64618275659018
minecraft,10,ABL-ET2X-R-PreviousRawEdge-BilinearRGB,208,seam-wide,1.542576551437378,20.769289016723633,34.95658731034722
minecraft,4,O-T2X-R,209,full,1.4717071056365967,14.94887924194336,36.38471727223192
minecraft,4,O-T2X-R,209,wall-seam,1.2390950918197632,7.337836265563965,39.47512344066054
minecraft,4,O-T2X-R,209,seam-wide,1.0977625846862793,7.938227653503418,39.133568113657226
minecraft,6,O-ET2X-R-CurrentEdge-Point,209,full,1.5694433450698853,22.2699031829834,34.653620318979705
minecraft,6,O-ET2X-R-CurrentEdge-Point,209,wall-seam,1.9865450859069824,28.08420181274414,33.64618275659018
minecraft,6,O-ET2X-R-CurrentEdge-Point,209,seam-wide,1.542576551437378,20.769289016723633,34.95658731034722
minecraft,9,O-ET2X-R-PreviousRawEdge-Point,209,full,1.5694433450698853,22.2699031829834,34.653620318979705
minecraft,9,O-ET2X-R-PreviousRawEdge-Point,209,wall-seam,1.9865450859069824,28.08420181274414,33.64618275659018
minecraft,9,O-ET2X-R-PreviousRawEdge-Point,209,seam-wide,1.542576551437378,20.769289016723633,34.95658731034722
minecraft,10,ABL-ET2X-R-PreviousRawEdge-BilinearRGB,209,full,1.5694433450698853,22.2699031829834,34.653620318979705
minecraft,10,ABL-ET2X-R-PreviousRawEdge-BilinearRGB,209,wall-seam,1.9865450859069824,28.08420181274414,33.64618275659018
minecraft,10,ABL-ET2X-R-PreviousRawEdge-BilinearRGB,209,seam-wide,1.542576551437378,20.769289016723633,34.95658731034722
minecraft,4,O-T2X-R,210,full,1.4717071056365967,14.94887924194336,36.38471727223192
minecraft,4,O-T2X-R,210,wall-seam,1.2390950918197632,7.337836265563965,39.47512344066054
minecraft,4,O-T2X-R,210,seam-wide,1.0977625846862793,7.938227653503418,39.133568113657226
minecraft,6,O-ET2X-R-CurrentEdge-Point,210,full,1.5694433450698853,22.2699031829834,34.653620318979705
minecraft,6,O-ET2X-R-CurrentEdge-Point,210,wall-seam,1.9865450859069824,28.08420181274414,33.64618275659018
minecraft,6,O-ET2X-R-CurrentEdge-Point,210,seam-wide,1.542576551437378,20.769289016723633,34.95658731034722
minecraft,9,O-ET2X-R-PreviousRawEdge-Point,210,full,1.5694433450698853,22.2699031829834,34.653620318979705
minecraft,9,O-ET2X-R-PreviousRawEdge-Point,210,wall-seam,1.9865450859069824,28.08420181274414,33.64618275659018
minecraft,9,O-ET2X-R-PreviousRawEdge-Point,210,seam-wide,1.542576551437378,20.769289016723633,34.95658731034722
minecraft,10,ABL-ET2X-R-PreviousRawEdge-BilinearRGB,210,full,1.5694433450698853,22.2699031829834,34.653620318979705
minecraft,10,ABL-ET2X-R-PreviousRawEdge-BilinearRGB,210,wall-seam,1.9865450859069824,28.08420181274414,33.64618275659018
minecraft,10,ABL-ET2X-R-PreviousRawEdge-BilinearRGB,210,seam-wide,1.542576551437378,20.769289016723633,34.95658731034722
minecraft,4,O-T2X-R,211,full,1.4717071056365967,14.94887924194336,36.38471727223192
minecraft,4,O-T2X-R,211,wall-seam,1.2390950918197632,7.337836265563965,39.47512344066054
minecraft,4,O-T2X-R,211,seam-wide,1.0977625846862793,7.938227653503418,39.133568113657226
minecraft,6,O-ET2X-R-CurrentEdge-Point,211,full,1.5694433450698853,22.2699031829834,34.653620318979705
minecraft,6,O-ET2X-R-CurrentEdge-Point,211,wall-seam,1.9865450859069824,28.08420181274414,33.64618275659018
minecraft,6,O-ET2X-R-CurrentEdge-Point,211,seam-wide,1.542576551437378,20.769289016723633,34.95658731034722
minecraft,9,O-ET2X-R-PreviousRawEdge-Point,211,full,1.5694433450698853,22.2699031829834,34.653620318979705
minecraft,9,O-ET2X-R-PreviousRawEdge-Point,211,wall-seam,1.9865450859069824,28.08420181274414,33.64618275659018
minecraft,9,O-ET2X-R-PreviousRawEdge-Point,211,seam-wide,1.542576551437378,20.769289016723633,34.95658731034722
minecraft,10,ABL-ET2X-R-PreviousRawEdge-BilinearRGB,211,full,1.5694433450698853,22.2699031829834,34.653620318979705
minecraft,10,ABL-ET2X-R-PreviousRawEdge-BilinearRGB,211,wall-seam,1.9865450859069824,28.08420181274414,33.64618275659018
minecraft,10,ABL-ET2X-R-PreviousRawEdge-BilinearRGB,211,seam-wide,1.542576551437378,20.769289016723633,34.95658731034722
minecraft,4,O-T2X-R,212,full,1.4717071056365967,14.94887924194336,36.38471727223192
minecraft,4,O-T2X-R,212,wall-seam,1.2390950918197632,7.337836265563965,39.47512344066054
minecraft,4,O-T2X-R,212,seam-wide,1.0977625846862793,7.938227653503418,39.133568113657226
minecraft,6,O-ET2X-R-CurrentEdge-Point,212,full,1.5694433450698853,22.2699031829834,34.653620318979705
minecraft,6,O-ET2X-R-CurrentEdge-Point,212,wall-seam,1.9865450859069824,28.08420181274414,33.64618275659018
minecraft,6,O-ET2X-R-CurrentEdge-Point,212,seam-wide,1.542576551437378,20.769289016723633,34.95658731034722
minecraft,9,O-ET2X-R-PreviousRawEdge-Point,212,full,1.5694433450698853,22.2699031829834,34.653620318979705
minecraft,9,O-ET2X-R-PreviousRawEdge-Point,212,wall-seam,1.9865450859069824,28.08420181274414,33.64618275659018
minecraft,9,O-ET2X-R-PreviousRawEdge-Point,212,seam-wide,1.542576551437378,20.769289016723633,34.95658731034722
minecraft,10,ABL-ET2X-R-PreviousRawEdge-BilinearRGB,212,full,1.5694433450698853,22.2699031829834,34.653620318979705
minecraft,10,ABL-ET2X-R-PreviousRawEdge-BilinearRGB,212,wall-seam,1.9865450859069824,28.08420181274414,33.64618275659018
minecraft,10,ABL-ET2X-R-PreviousRawEdge-BilinearRGB,212,seam-wide,1.542576551437378,20.769289016723633,34.95658731034722
minecraft,4,O-T2X-R,213,full,1.4717071056365967,14.94887924194336,36.38471727223192
minecraft,4,O-T2X-R,213,wall-seam,1.2390950918197632,7.337836265563965,39.47512344066054
minecraft,4,O-T2X-R,213,seam-wide,1.0977625846862793,7.938227653503418,39.133568113657226
minecraft,6,O-ET2X-R-CurrentEdge-Point,213,full,1.5694433450698853,22.2699031829834,34.653620318979705
minecraft,6,O-ET2X-R-CurrentEdge-Point,213,wall-seam,1.9865450859069824,28.08420181274414,33.64618275659018
minecraft,6,O-ET2X-R-CurrentEdge-Point,213,seam-wide,1.542576551437378,20.769289016723633,34.95658731034722
minecraft,9,O-ET2X-R-PreviousRawEdge-Point,213,full,1.5694433450698853,22.2699031829834,34.653620318979705
minecraft,9,O-ET2X-R-PreviousRawEdge-Point,213,wall-seam,1.9865450859069824,28.08420181274414,33.64618275659018
minecraft,9,O-ET2X-R-PreviousRawEdge-Point,213,seam-wide,1.542576551437378,20.769289016723633,34.95658731034722
minecraft,10,ABL-ET2X-R-PreviousRawEdge-BilinearRGB,213,full,1.5694433450698853,22.2699031829834,34.653620318979705
minecraft,10,ABL-ET2X-R-PreviousRawEdge-BilinearRGB,213,wall-seam,1.9865450859069824,28.08420181274414,33.64618275659018
minecraft,10,ABL-ET2X-R-PreviousRawEdge-BilinearRGB,213,seam-wide,1.542576551437378,20.769289016723633,34.95658731034722
minecraft,4,O-T2X-R,214,full,1.4717071056365967,14.94887924194336,36.38471727223192
minecraft,4,O-T2X-R,214,wall-seam,1.2390950918197632,7.337836265563965,39.47512344066054
minecraft,4,O-T2X-R,214,seam-wide,1.0977625846862793,7.938227653503418,39.133568113657226
minecraft,6,O-ET2X-R-CurrentEdge-Point,214,full,1.5694433450698853,22.2699031829834,34.653620318979705
minecraft,6,O-ET2X-R-CurrentEdge-Point,214,wall-seam,1.9865450859069824,28.08420181274414,33.64618275659018
minecraft,6,O-ET2X-R-CurrentEdge-Point,214,seam-wide,1.542576551437378,20.769289016723633,34.95658731034722
minecraft,9,O-ET2X-R-PreviousRawEdge-Point,214,full,1.5694433450698853,22.2699031829834,34.653620318979705
minecraft,9,O-ET2X-R-PreviousRawEdge-Point,214,wall-seam,1.9865450859069824,28.08420181274414,33.64618275659018
minecraft,9,O-ET2X-R-PreviousRawEdge-Point,214,seam-wide,1.542576551437378,20.769289016723633,34.95658731034722
minecraft,10,ABL-ET2X-R-PreviousRawEdge-BilinearRGB,214,full,1.5694433450698853,22.2699031829834,34.653620318979705
minecraft,10,ABL-ET2X-R-PreviousRawEdge-BilinearRGB,214,wall-seam,1.9865450859069824,28.08420181274414,33.64618275659018
minecraft,10,ABL-ET2X-R-PreviousRawEdge-BilinearRGB,214,seam-wide,1.542576551437378,20.769289016723633,34.95658731034722
minecraft,4,O-T2X-R,215,full,1.4717071056365967,14.94887924194336,36.38471727223192
minecraft,4,O-T2X-R,215,wall-seam,1.2390950918197632,7.337836265563965,39.47512344066054
minecraft,4,O-T2X-R,215,seam-wide,1.0977625846862793,7.938227653503418,39.133568113657226
minecraft,6,O-ET2X-R-CurrentEdge-Point,215,full,1.5694433450698853,22.2699031829834,34.653620318979705
minecraft,6,O-ET2X-R-CurrentEdge-Point,215,wall-seam,1.9865450859069824,28.08420181274414,33.64618275659018
minecraft,6,O-ET2X-R-CurrentEdge-Point,215,seam-wide,1.542576551437378,20.769289016723633,34.95658731034722
minecraft,9,O-ET2X-R-PreviousRawEdge-Point,215,full,1.5694433450698853,22.2699031829834,34.653620318979705
minecraft,9,O-ET2X-R-PreviousRawEdge-Point,215,wall-seam,1.9865450859069824,28.08420181274414,33.64618275659018
minecraft,9,O-ET2X-R-PreviousRawEdge-Point,215,seam-wide,1.542576551437378,20.769289016723633,34.95658731034722
minecraft,10,ABL-ET2X-R-PreviousRawEdge-BilinearRGB,215,full,1.5694433450698853,22.2699031829834,34.653620318979705
minecraft,10,ABL-ET2X-R-PreviousRawEdge-BilinearRGB,215,wall-seam,1.9865450859069824,28.08420181274414,33.64618275659018
minecraft,10,ABL-ET2X-R-PreviousRawEdge-BilinearRGB,215,seam-wide,1.542576551437378,20.769289016723633,34.95658731034722
minecraft,4,O-T2X-R,216,full,1.4717071056365967,14.94887924194336,36.38471727223192
minecraft,4,O-T2X-R,216,wall-seam,1.2390950918197632,7.337836265563965,39.47512344066054
minecraft,4,O-T2X-R,216,seam-wide,1.0977625846862793,7.938227653503418,39.133568113657226
minecraft,6,O-ET2X-R-CurrentEdge-Point,216,full,1.5694433450698853,22.2699031829834,34.653620318979705
minecraft,6,O-ET2X-R-CurrentEdge-Point,216,wall-seam,1.9865450859069824,28.08420181274414,33.64618275659018
minecraft,6,O-ET2X-R-CurrentEdge-Point,216,seam-wide,1.542576551437378,20.769289016723633,34.95658731034722
minecraft,9,O-ET2X-R-PreviousRawEdge-Point,216,full,1.5694433450698853,22.2699031829834,34.653620318979705
minecraft,9,O-ET2X-R-PreviousRawEdge-Point,216,wall-seam,1.9865450859069824,28.08420181274414,33.64618275659018
minecraft,9,O-ET2X-R-PreviousRawEdge-Point,216,seam-wide,1.542576551437378,20.769289016723633,34.95658731034722
minecraft,10,ABL-ET2X-R-PreviousRawEdge-BilinearRGB,216,full,1.5694433450698853,22.2699031829834,34.653620318979705
minecraft,10,ABL-ET2X-R-PreviousRawEdge-BilinearRGB,216,wall-seam,1.9865450859069824,28.08420181274414,33.64618275659018
minecraft,10,ABL-ET2X-R-PreviousRawEdge-BilinearRGB,216,seam-wide,1.542576551437378,20.769289016723633,34.95658731034722
minecraft,4,O-T2X-R,217,full,1.4717071056365967,14.94887924194336,36.38471727223192
minecraft,4,O-T2X-R,217,wall-seam,1.2390950918197632,7.337836265563965,39.47512344066054
minecraft,4,O-T2X-R,217,seam-wide,1.0977625846862793,7.938227653503418,39.133568113657226
minecraft,6,O-ET2X-R-CurrentEdge-Point,217,full,1.5694433450698853,22.2699031829834,34.653620318979705
minecraft,6,O-ET2X-R-CurrentEdge-Point,217,wall-seam,1.9865450859069824,28.08420181274414,33.64618275659018
minecraft,6,O-ET2X-R-CurrentEdge-Point,217,seam-wide,1.542576551437378,20.769289016723633,34.95658731034722
minecraft,9,O-ET2X-R-PreviousRawEdge-Point,217,full,1.5694433450698853,22.2699031829834,34.653620318979705
minecraft,9,O-ET2X-R-PreviousRawEdge-Point,217,wall-seam,1.9865450859069824,28.08420181274414,33.64618275659018
minecraft,9,O-ET2X-R-PreviousRawEdge-Point,217,seam-wide,1.542576551437378,20.769289016723633,34.95658731034722
minecraft,10,ABL-ET2X-R-PreviousRawEdge-BilinearRGB,217,full,1.5694433450698853,22.2699031829834,34.653620318979705
minecraft,10,ABL-ET2X-R-PreviousRawEdge-BilinearRGB,217,wall-seam,1.9865450859069824,28.08420181274414,33.64618275659018
minecraft,10,ABL-ET2X-R-PreviousRawEdge-BilinearRGB,217,seam-wide,1.542576551437378,20.769289016723633,34.95658731034722
minecraft,4,O-T2X-R,218,full,1.4717071056365967,14.94887924194336,36.38471727223192
minecraft,4,O-T2X-R,218,wall-seam,1.2390950918197632,7.337836265563965,39.47512344066054
minecraft,4,O-T2X-R,218,seam-wide,1.0977625846862793,7.938227653503418,39.133568113657226
minecraft,6,O-ET2X-R-CurrentEdge-Point,218,full,1.5694433450698853,22.2699031829834,34.653620318979705
minecraft,6,O-ET2X-R-CurrentEdge-Point,218,wall-seam,1.9865450859069824,28.08420181274414,33.64618275659018
minecraft,6,O-ET2X-R-CurrentEdge-Point,218,seam-wide,1.542576551437378,20.769289016723633,34.95658731034722
minecraft,9,O-ET2X-R-PreviousRawEdge-Point,218,full,1.5694433450698853,22.2699031829834,34.653620318979705
minecraft,9,O-ET2X-R-PreviousRawEdge-Point,218,wall-seam,1.9865450859069824,28.08420181274414,33.64618275659018
minecraft,9,O-ET2X-R-PreviousRawEdge-Point,218,seam-wide,1.542576551437378,20.769289016723633,34.95658731034722
minecraft,10,ABL-ET2X-R-PreviousRawEdge-BilinearRGB,218,full,1.5694433450698853,22.2699031829834,34.653620318979705
minecraft,10,ABL-ET2X-R-PreviousRawEdge-BilinearRGB,218,wall-seam,1.9865450859069824,28.08420181274414,33.64618275659018
minecraft,10,ABL-ET2X-R-PreviousRawEdge-BilinearRGB,218,seam-wide,1.542576551437378,20.769289016723633,34.95658731034722
minecraft,4,O-T2X-R,219,full,1.4717071056365967,14.94887924194336,36.38471727223192
minecraft,4,O-T2X-R,219,wall-seam,1.2390950918197632,7.337836265563965,39.47512344066054
minecraft,4,O-T2X-R,219,seam-wide,1.0977625846862793,7.938227653503418,39.133568113657226
minecraft,6,O-ET2X-R-CurrentEdge-Point,219,full,1.5694433450698853,22.2699031829834,34.653620318979705
minecraft,6,O-ET2X-R-CurrentEdge-Point,219,wall-seam,1.9865450859069824,28.08420181274414,33.64618275659018
minecraft,6,O-ET2X-R-CurrentEdge-Point,219,seam-wide,1.542576551437378,20.769289016723633,34.95658731034722
minecraft,9,O-ET2X-R-PreviousRawEdge-Point,219,full,1.5694433450698853,22.2699031829834,34.653620318979705
minecraft,9,O-ET2X-R-PreviousRawEdge-Point,219,wall-seam,1.9865450859069824,28.08420181274414,33.64618275659018
minecraft,9,O-ET2X-R-PreviousRawEdge-Point,219,seam-wide,1.542576551437378,20.769289016723633,34.95658731034722
minecraft,10,ABL-ET2X-R-PreviousRawEdge-BilinearRGB,219,full,1.5694433450698853,22.2699031829834,34.653620318979705
minecraft,10,ABL-ET2X-R-PreviousRawEdge-BilinearRGB,219,wall-seam,1.9865450859069824,28.08420181274414,33.64618275659018
minecraft,10,ABL-ET2X-R-PreviousRawEdge-BilinearRGB,219,seam-wide,1.542576551437378,20.769289016723633,34.95658731034722
minecraft,4,O-T2X-R,220,full,1.4717071056365967,14.94887924194336,36.38471727223192
minecraft,4,O-T2X-R,220,wall-seam,1.2390950918197632,7.337836265563965,39.47512344066054
minecraft,4,O-T2X-R,220,seam-wide,1.0977625846862793,7.938227653503418,39.133568113657226
minecraft,6,O-ET2X-R-CurrentEdge-Point,220,full,1.5694433450698853,22.2699031829834,34.653620318979705
minecraft,6,O-ET2X-R-CurrentEdge-Point,220,wall-seam,1.9865450859069824,28.08420181274414,33.64618275659018
minecraft,6,O-ET2X-R-CurrentEdge-Point,220,seam-wide,1.542576551437378,20.769289016723633,34.95658731034722
minecraft,9,O-ET2X-R-PreviousRawEdge-Point,220,full,1.5694433450698853,22.2699031829834,34.653620318979705
minecraft,9,O-ET2X-R-PreviousRawEdge-Point,220,wall-seam,1.9865450859069824,28.08420181274414,33.64618275659018
minecraft,9,O-ET2X-R-PreviousRawEdge-Point,220,seam-wide,1.542576551437378,20.769289016723633,34.95658731034722
minecraft,10,ABL-ET2X-R-PreviousRawEdge-BilinearRGB,220,full,1.5694433450698853,22.2699031829834,34.653620318979705
minecraft,10,ABL-ET2X-R-PreviousRawEdge-BilinearRGB,220,wall-seam,1.9865450859069824,28.08420181274414,33.64618275659018
minecraft,10,ABL-ET2X-R-PreviousRawEdge-BilinearRGB,220,seam-wide,1.542576551437378,20.769289016723633,34.95658731034722
minecraft,4,O-T2X-R,221,full,1.4717071056365967,14.94887924194336,36.38471727223192
minecraft,4,O-T2X-R,221,wall-seam,1.2390950918197632,7.337836265563965,39.47512344066054
minecraft,4,O-T2X-R,221,seam-wide,1.0977625846862793,7.938227653503418,39.133568113657226
minecraft,6,O-ET2X-R-CurrentEdge-Point,221,full,1.5694433450698853,22.2699031829834,34.653620318979705
minecraft,6,O-ET2X-R-CurrentEdge-Point,221,wall-seam,1.9865450859069824,28.08420181274414,33.64618275659018
minecraft,6,O-ET2X-R-CurrentEdge-Point,221,seam-wide,1.542576551437378,20.769289016723633,34.95658731034722
minecraft,9,O-ET2X-R-PreviousRawEdge-Point,221,full,1.5694433450698853,22.2699031829834,34.653620318979705
minecraft,9,O-ET2X-R-PreviousRawEdge-Point,221,wall-seam,1.9865450859069824,28.08420181274414,33.64618275659018
minecraft,9,O-ET2X-R-PreviousRawEdge-Point,221,seam-wide,1.542576551437378,20.769289016723633,34.95658731034722
minecraft,10,ABL-ET2X-R-PreviousRawEdge-BilinearRGB,221,full,1.5694433450698853,22.2699031829834,34.653620318979705
minecraft,10,ABL-ET2X-R-PreviousRawEdge-BilinearRGB,221,wall-seam,1.9865450859069824,28.08420181274414,33.64618275659018
minecraft,10,ABL-ET2X-R-PreviousRawEdge-BilinearRGB,221,seam-wide,1.542576551437378,20.769289016723633,34.95658731034722
minecraft,4,O-T2X-R,222,full,1.4717071056365967,14.94887924194336,36.38471727223192
minecraft,4,O-T2X-R,222,wall-seam,1.2390950918197632,7.337836265563965,39.47512344066054
minecraft,4,O-T2X-R,222,seam-wide,1.0977625846862793,7.938227653503418,39.133568113657226
minecraft,6,O-ET2X-R-CurrentEdge-Point,222,full,1.5694433450698853,22.2699031829834,34.653620318979705
minecraft,6,O-ET2X-R-CurrentEdge-Point,222,wall-seam,1.9865450859069824,28.08420181274414,33.64618275659018
minecraft,6,O-ET2X-R-CurrentEdge-Point,222,seam-wide,1.542576551437378,20.769289016723633,34.95658731034722
minecraft,9,O-ET2X-R-PreviousRawEdge-Point,222,full,1.5694433450698853,22.2699031829834,34.653620318979705
minecraft,9,O-ET2X-R-PreviousRawEdge-Point,222,wall-seam,1.9865450859069824,28.08420181274414,33.64618275659018
minecraft,9,O-ET2X-R-PreviousRawEdge-Point,222,seam-wide,1.542576551437378,20.769289016723633,34.95658731034722
minecraft,10,ABL-ET2X-R-PreviousRawEdge-BilinearRGB,222,full,1.5694433450698853,22.2699031829834,34.653620318979705
minecraft,10,ABL-ET2X-R-PreviousRawEdge-BilinearRGB,222,wall-seam,1.9865450859069824,28.08420181274414,33.64618275659018
minecraft,10,ABL-ET2X-R-PreviousRawEdge-BilinearRGB,222,seam-wide,1.542576551437378,20.769289016723633,34.95658731034722
minecraft,4,O-T2X-R,223,full,1.4717071056365967,14.94887924194336,36.38471727223192
minecraft,4,O-T2X-R,223,wall-seam,1.2390950918197632,7.337836265563965,39.47512344066054
minecraft,4,O-T2X-R,223,seam-wide,1.0977625846862793,7.938227653503418,39.133568113657226
minecraft,6,O-ET2X-R-CurrentEdge-Point,223,full,1.5694433450698853,22.2699031829834,34.653620318979705
minecraft,6,O-ET2X-R-CurrentEdge-Point,223,wall-seam,1.9865450859069824,28.08420181274414,33.64618275659018
minecraft,6,O-ET2X-R-CurrentEdge-Point,223,seam-wide,1.542576551437378,20.769289016723633,34.95658731034722
minecraft,9,O-ET2X-R-PreviousRawEdge-Point,223,full,1.5694433450698853,22.2699031829834,34.653620318979705
minecraft,9,O-ET2X-R-PreviousRawEdge-Point,223,wall-seam,1.9865450859069824,28.08420181274414,33.64618275659018
minecraft,9,O-ET2X-R-PreviousRawEdge-Point,223,seam-wide,1.542576551437378,20.769289016723633,34.95658731034722
minecraft,10,ABL-ET2X-R-PreviousRawEdge-BilinearRGB,223,full,1.5694433450698853,22.2699031829834,34.653620318979705
minecraft,10,ABL-ET2X-R-PreviousRawEdge-BilinearRGB,223,wall-seam,1.9865450859069824,28.08420181274414,33.64618275659018
minecraft,10,ABL-ET2X-R-PreviousRawEdge-BilinearRGB,223,seam-wide,1.542576551437378,20.769289016723633,34.95658731034722
minecraft,4,O-T2X-R,224,full,1.4717071056365967,14.94887924194336,36.38471727223192
minecraft,4,O-T2X-R,224,wall-seam,1.2390950918197632,7.337836265563965,39.47512344066054
minecraft,4,O-T2X-R,224,seam-wide,1.0977625846862793,7.938227653503418,39.133568113657226
minecraft,6,O-ET2X-R-CurrentEdge-Point,224,full,1.5694433450698853,22.2699031829834,34.653620318979705
minecraft,6,O-ET2X-R-CurrentEdge-Point,224,wall-seam,1.9865450859069824,28.08420181274414,33.64618275659018
minecraft,6,O-ET2X-R-CurrentEdge-Point,224,seam-wide,1.542576551437378,20.769289016723633,34.95658731034722
minecraft,9,O-ET2X-R-PreviousRawEdge-Point,224,full,1.5694433450698853,22.2699031829834,34.653620318979705
minecraft,9,O-ET2X-R-PreviousRawEdge-Point,224,wall-seam,1.9865450859069824,28.08420181274414,33.64618275659018
minecraft,9,O-ET2X-R-PreviousRawEdge-Point,224,seam-wide,1.542576551437378,20.769289016723633,34.95658731034722
minecraft,10,ABL-ET2X-R-PreviousRawEdge-BilinearRGB,224,full,1.5694433450698853,22.2699031829834,34.653620318979705
minecraft,10,ABL-ET2X-R-PreviousRawEdge-BilinearRGB,224,wall-seam,1.9865450859069824,28.08420181274414,33.64618275659018
minecraft,10,ABL-ET2X-R-PreviousRawEdge-BilinearRGB,224,seam-wide,1.542576551437378,20.769289016723633,34.95658731034722
minecraft,4,O-T2X-R,225,full,1.4717071056365967,14.94887924194336,36.38471727223192
minecraft,4,O-T2X-R,225,wall-seam,1.2390950918197632,7.337836265563965,39.47512344066054
minecraft,4,O-T2X-R,225,seam-wide,1.0977625846862793,7.938227653503418,39.133568113657226
minecraft,6,O-ET2X-R-CurrentEdge-Point,225,full,1.5694433450698853,22.2699031829834,34.653620318979705
minecraft,6,O-ET2X-R-CurrentEdge-Point,225,wall-seam,1.9865450859069824,28.08420181274414,33.64618275659018
minecraft,6,O-ET2X-R-CurrentEdge-Point,225,seam-wide,1.542576551437378,20.769289016723633,34.95658731034722
minecraft,9,O-ET2X-R-PreviousRawEdge-Point,225,full,1.5694433450698853,22.2699031829834,34.653620318979705
minecraft,9,O-ET2X-R-PreviousRawEdge-Point,225,wall-seam,1.9865450859069824,28.08420181274414,33.64618275659018
minecraft,9,O-ET2X-R-PreviousRawEdge-Point,225,seam-wide,1.542576551437378,20.769289016723633,34.95658731034722
minecraft,10,ABL-ET2X-R-PreviousRawEdge-BilinearRGB,225,full,1.5694433450698853,22.2699031829834,34.653620318979705
minecraft,10,ABL-ET2X-R-PreviousRawEdge-BilinearRGB,225,wall-seam,1.9865450859069824,28.08420181274414,33.64618275659018
minecraft,10,ABL-ET2X-R-PreviousRawEdge-BilinearRGB,225,seam-wide,1.542576551437378,20.769289016723633,34.95658731034722
minecraft,4,O-T2X-R,226,full,1.4717071056365967,14.94887924194336,36.38471727223192
minecraft,4,O-T2X-R,226,wall-seam,1.2390950918197632,7.337836265563965,39.47512344066054
minecraft,4,O-T2X-R,226,seam-wide,1.0977625846862793,7.938227653503418,39.133568113657226
minecraft,6,O-ET2X-R-CurrentEdge-Point,226,full,1.5694433450698853,22.2699031829834,34.653620318979705
minecraft,6,O-ET2X-R-CurrentEdge-Point,226,wall-seam,1.9865450859069824,28.08420181274414,33.64618275659018
minecraft,6,O-ET2X-R-CurrentEdge-Point,226,seam-wide,1.542576551437378,20.769289016723633,34.95658731034722
minecraft,9,O-ET2X-R-PreviousRawEdge-Point,226,full,1.5694433450698853,22.2699031829834,34.653620318979705
minecraft,9,O-ET2X-R-PreviousRawEdge-Point,226,wall-seam,1.9865450859069824,28.08420181274414,33.64618275659018
minecraft,9,O-ET2X-R-PreviousRawEdge-Point,226,seam-wide,1.542576551437378,20.769289016723633,34.95658731034722
minecraft,10,ABL-ET2X-R-PreviousRawEdge-BilinearRGB,226,full,1.5694433450698853,22.2699031829834,34.653620318979705
minecraft,10,ABL-ET2X-R-PreviousRawEdge-BilinearRGB,226,wall-seam,1.9865450859069824,28.08420181274414,33.64618275659018
minecraft,10,ABL-ET2X-R-PreviousRawEdge-BilinearRGB,226,seam-wide,1.542576551437378,20.769289016723633,34.95658731034722
minecraft,4,O-T2X-R,227,full,1.4717071056365967,14.94887924194336,36.38471727223192
minecraft,4,O-T2X-R,227,wall-seam,1.2390950918197632,7.337836265563965,39.47512344066054
minecraft,4,O-T2X-R,227,seam-wide,1.0977625846862793,7.938227653503418,39.133568113657226
minecraft,6,O-ET2X-R-CurrentEdge-Point,227,full,1.5694433450698853,22.2699031829834,34.653620318979705
minecraft,6,O-ET2X-R-CurrentEdge-Point,227,wall-seam,1.9865450859069824,28.08420181274414,33.64618275659018
minecraft,6,O-ET2X-R-CurrentEdge-Point,227,seam-wide,1.542576551437378,20.769289016723633,34.95658731034722
minecraft,9,O-ET2X-R-PreviousRawEdge-Point,227,full,1.5694433450698853,22.2699031829834,34.653620318979705
minecraft,9,O-ET2X-R-PreviousRawEdge-Point,227,wall-seam,1.9865450859069824,28.08420181274414,33.64618275659018
minecraft,9,O-ET2X-R-PreviousRawEdge-Point,227,seam-wide,1.542576551437378,20.769289016723633,34.95658731034722
minecraft,10,ABL-ET2X-R-PreviousRawEdge-BilinearRGB,227,full,1.5694433450698853,22.2699031829834,34.653620318979705
minecraft,10,ABL-ET2X-R-PreviousRawEdge-BilinearRGB,227,wall-seam,1.9865450859069824,28.08420181274414,33.64618275659018
minecraft,10,ABL-ET2X-R-PreviousRawEdge-BilinearRGB,227,seam-wide,1.542576551437378,20.769289016723633,34.95658731034722
minecraft,4,O-T2X-R,228,full,1.4717071056365967,14.94887924194336,36.38471727223192
minecraft,4,O-T2X-R,228,wall-seam,1.2390950918197632,7.337836265563965,39.47512344066054
minecraft,4,O-T2X-R,228,seam-wide,1.0977625846862793,7.938227653503418,39.133568113657226
minecraft,6,O-ET2X-R-CurrentEdge-Point,228,full,1.5694433450698853,22.2699031829834,34.653620318979705
minecraft,6,O-ET2X-R-CurrentEdge-Point,228,wall-seam,1.9865450859069824,28.08420181274414,33.64618275659018
minecraft,6,O-ET2X-R-CurrentEdge-Point,228,seam-wide,1.542576551437378,20.769289016723633,34.95658731034722
minecraft,9,O-ET2X-R-PreviousRawEdge-Point,228,full,1.5694433450698853,22.2699031829834,34.653620318979705
minecraft,9,O-ET2X-R-PreviousRawEdge-Point,228,wall-seam,1.9865450859069824,28.08420181274414,33.64618275659018
minecraft,9,O-ET2X-R-PreviousRawEdge-Point,228,seam-wide,1.542576551437378,20.769289016723633,34.95658731034722
minecraft,10,ABL-ET2X-R-PreviousRawEdge-BilinearRGB,228,full,1.5694433450698853,22.2699031829834,34.653620318979705
minecraft,10,ABL-ET2X-R-PreviousRawEdge-BilinearRGB,228,wall-seam,1.9865450859069824,28.08420181274414,33.64618275659018
minecraft,10,ABL-ET2X-R-PreviousRawEdge-BilinearRGB,228,seam-wide,1.542576551437378,20.769289016723633,34.95658731034722
minecraft,4,O-T2X-R,229,full,1.4717071056365967,14.94887924194336,36.38471727223192
minecraft,4,O-T2X-R,229,wall-seam,1.2390950918197632,7.337836265563965,39.47512344066054
minecraft,4,O-T2X-R,229,seam-wide,1.0977625846862793,7.938227653503418,39.133568113657226
minecraft,6,O-ET2X-R-CurrentEdge-Point,229,full,1.5694433450698853,22.2699031829834,34.653620318979705
minecraft,6,O-ET2X-R-CurrentEdge-Point,229,wall-seam,1.9865450859069824,28.08420181274414,33.64618275659018
minecraft,6,O-ET2X-R-CurrentEdge-Point,229,seam-wide,1.542576551437378,20.769289016723633,34.95658731034722
minecraft,9,O-ET2X-R-PreviousRawEdge-Point,229,full,1.5694433450698853,22.2699031829834,34.653620318979705
minecraft,9,O-ET2X-R-PreviousRawEdge-Point,229,wall-seam,1.9865450859069824,28.08420181274414,33.64618275659018
minecraft,9,O-ET2X-R-PreviousRawEdge-Point,229,seam-wide,1.542576551437378,20.769289016723633,34.95658731034722
minecraft,10,ABL-ET2X-R-PreviousRawEdge-BilinearRGB,229,full,1.5694433450698853,22.2699031829834,34.653620318979705
minecraft,10,ABL-ET2X-R-PreviousRawEdge-BilinearRGB,229,wall-seam,1.9865450859069824,28.08420181274414,33.64618275659018
minecraft,10,ABL-ET2X-R-PreviousRawEdge-BilinearRGB,229,seam-wide,1.542576551437378,20.769289016723633,34.95658731034722
minecraft,4,O-T2X-R,230,full,1.4717071056365967,14.94887924194336,36.38471727223192
minecraft,4,O-T2X-R,230,wall-seam,1.2390950918197632,7.337836265563965,39.47512344066054
minecraft,4,O-T2X-R,230,seam-wide,1.0977625846862793,7.938227653503418,39.133568113657226
minecraft,6,O-ET2X-R-CurrentEdge-Point,230,full,1.5694433450698853,22.2699031829834,34.653620318979705
minecraft,6,O-ET2X-R-CurrentEdge-Point,230,wall-seam,1.9865450859069824,28.08420181274414,33.64618275659018
minecraft,6,O-ET2X-R-CurrentEdge-Point,230,seam-wide,1.542576551437378,20.769289016723633,34.95658731034722
minecraft,9,O-ET2X-R-PreviousRawEdge-Point,230,full,1.5694433450698853,22.2699031829834,34.653620318979705
minecraft,9,O-ET2X-R-PreviousRawEdge-Point,230,wall-seam,1.9865450859069824,28.08420181274414,33.64618275659018
minecraft,9,O-ET2X-R-PreviousRawEdge-Point,230,seam-wide,1.542576551437378,20.769289016723633,34.95658731034722
minecraft,10,ABL-ET2X-R-PreviousRawEdge-BilinearRGB,230,full,1.5694433450698853,22.2699031829834,34.653620318979705
minecraft,10,ABL-ET2X-R-PreviousRawEdge-BilinearRGB,230,wall-seam,1.9865450859069824,28.08420181274414,33.64618275659018
minecraft,10,ABL-ET2X-R-PreviousRawEdge-BilinearRGB,230,seam-wide,1.542576551437378,20.769289016723633,34.95658731034722
minecraft,4,O-T2X-R,231,full,1.4717071056365967,14.94887924194336,36.38471727223192
minecraft,4,O-T2X-R,231,wall-seam,1.2390950918197632,7.337836265563965,39.47512344066054
minecraft,4,O-T2X-R,231,seam-wide,1.0977625846862793,7.938227653503418,39.133568113657226
minecraft,6,O-ET2X-R-CurrentEdge-Point,231,full,1.5694433450698853,22.2699031829834,34.653620318979705
minecraft,6,O-ET2X-R-CurrentEdge-Point,231,wall-seam,1.9865450859069824,28.08420181274414,33.64618275659018
minecraft,6,O-ET2X-R-CurrentEdge-Point,231,seam-wide,1.542576551437378,20.769289016723633,34.95658731034722
minecraft,9,O-ET2X-R-PreviousRawEdge-Point,231,full,1.5694433450698853,22.2699031829834,34.653620318979705
minecraft,9,O-ET2X-R-PreviousRawEdge-Point,231,wall-seam,1.9865450859069824,28.08420181274414,33.64618275659018
minecraft,9,O-ET2X-R-PreviousRawEdge-Point,231,seam-wide,1.542576551437378,20.769289016723633,34.95658731034722
minecraft,10,ABL-ET2X-R-PreviousRawEdge-BilinearRGB,231,full,1.5694433450698853,22.2699031829834,34.653620318979705
minecraft,10,ABL-ET2X-R-PreviousRawEdge-BilinearRGB,231,wall-seam,1.9865450859069824,28.08420181274414,33.64618275659018
minecraft,10,ABL-ET2X-R-PreviousRawEdge-BilinearRGB,231,seam-wide,1.542576551437378,20.769289016723633,34.95658731034722
minecraft,4,O-T2X-R,232,full,1.4717071056365967,14.94887924194336,36.38471727223192
minecraft,4,O-T2X-R,232,wall-seam,1.2390950918197632,7.337836265563965,39.47512344066054
minecraft,4,O-T2X-R,232,seam-wide,1.0977625846862793,7.938227653503418,39.133568113657226
minecraft,6,O-ET2X-R-CurrentEdge-Point,232,full,1.5694433450698853,22.2699031829834,34.653620318979705
minecraft,6,O-ET2X-R-CurrentEdge-Point,232,wall-seam,1.9865450859069824,28.08420181274414,33.64618275659018
minecraft,6,O-ET2X-R-CurrentEdge-Point,232,seam-wide,1.542576551437378,20.769289016723633,34.95658731034722
minecraft,9,O-ET2X-R-PreviousRawEdge-Point,232,full,1.5694433450698853,22.2699031829834,34.653620318979705
minecraft,9,O-ET2X-R-PreviousRawEdge-Point,232,wall-seam,1.9865450859069824,28.08420181274414,33.64618275659018
minecraft,9,O-ET2X-R-PreviousRawEdge-Point,232,seam-wide,1.542576551437378,20.769289016723633,34.95658731034722
minecraft,10,ABL-ET2X-R-PreviousRawEdge-BilinearRGB,232,full,1.5694433450698853,22.2699031829834,34.653620318979705
minecraft,10,ABL-ET2X-R-PreviousRawEdge-BilinearRGB,232,wall-seam,1.9865450859069824,28.08420181274414,33.64618275659018
minecraft,10,ABL-ET2X-R-PreviousRawEdge-BilinearRGB,232,seam-wide,1.542576551437378,20.769289016723633,34.95658731034722
minecraft,4,O-T2X-R,233,full,1.4717071056365967,14.94887924194336,36.38471727223192
minecraft,4,O-T2X-R,233,wall-seam,1.2390950918197632,7.337836265563965,39.47512344066054
minecraft,4,O-T2X-R,233,seam-wide,1.0977625846862793,7.938227653503418,39.133568113657226
minecraft,6,O-ET2X-R-CurrentEdge-Point,233,full,1.5694433450698853,22.2699031829834,34.653620318979705
minecraft,6,O-ET2X-R-CurrentEdge-Point,233,wall-seam,1.9865450859069824,28.08420181274414,33.64618275659018
minecraft,6,O-ET2X-R-CurrentEdge-Point,233,seam-wide,1.542576551437378,20.769289016723633,34.95658731034722
minecraft,9,O-ET2X-R-PreviousRawEdge-Point,233,full,1.5694433450698853,22.2699031829834,34.653620318979705
minecraft,9,O-ET2X-R-PreviousRawEdge-Point,233,wall-seam,1.9865450859069824,28.08420181274414,33.64618275659018
minecraft,9,O-ET2X-R-PreviousRawEdge-Point,233,seam-wide,1.542576551437378,20.769289016723633,34.95658731034722
minecraft,10,ABL-ET2X-R-PreviousRawEdge-BilinearRGB,233,full,1.5694433450698853,22.2699031829834,34.653620318979705
minecraft,10,ABL-ET2X-R-PreviousRawEdge-BilinearRGB,233,wall-seam,1.9865450859069824,28.08420181274414,33.64618275659018
minecraft,10,ABL-ET2X-R-PreviousRawEdge-BilinearRGB,233,seam-wide,1.542576551437378,20.769289016723633,34.95658731034722
minecraft,4,O-T2X-R,234,full,1.4717071056365967,14.94887924194336,36.38471727223192
minecraft,4,O-T2X-R,234,wall-seam,1.2390950918197632,7.337836265563965,39.47512344066054
minecraft,4,O-T2X-R,234,seam-wide,1.0977625846862793,7.938227653503418,39.133568113657226
minecraft,6,O-ET2X-R-CurrentEdge-Point,234,full,1.5694433450698853,22.2699031829834,34.653620318979705
minecraft,6,O-ET2X-R-CurrentEdge-Point,234,wall-seam,1.9865450859069824,28.08420181274414,33.64618275659018
minecraft,6,O-ET2X-R-CurrentEdge-Point,234,seam-wide,1.542576551437378,20.769289016723633,34.95658731034722
minecraft,9,O-ET2X-R-PreviousRawEdge-Point,234,full,1.5694433450698853,22.2699031829834,34.653620318979705
minecraft,9,O-ET2X-R-PreviousRawEdge-Point,234,wall-seam,1.9865450859069824,28.08420181274414,33.64618275659018
minecraft,9,O-ET2X-R-PreviousRawEdge-Point,234,seam-wide,1.542576551437378,20.769289016723633,34.95658731034722
minecraft,10,ABL-ET2X-R-PreviousRawEdge-BilinearRGB,234,full,1.5694433450698853,22.2699031829834,34.653620318979705
minecraft,10,ABL-ET2X-R-PreviousRawEdge-BilinearRGB,234,wall-seam,1.9865450859069824,28.08420181274414,33.64618275659018
minecraft,10,ABL-ET2X-R-PreviousRawEdge-BilinearRGB,234,seam-wide,1.542576551437378,20.769289016723633,34.95658731034722
minecraft,4,O-T2X-R,235,full,1.4717071056365967,14.94887924194336,36.38471727223192
minecraft,4,O-T2X-R,235,wall-seam,1.2390950918197632,7.337836265563965,39.47512344066054
minecraft,4,O-T2X-R,235,seam-wide,1.0977625846862793,7.938227653503418,39.133568113657226
minecraft,6,O-ET2X-R-CurrentEdge-Point,235,full,1.5694433450698853,22.2699031829834,34.653620318979705
minecraft,6,O-ET2X-R-CurrentEdge-Point,235,wall-seam,1.9865450859069824,28.08420181274414,33.64618275659018
minecraft,6,O-ET2X-R-CurrentEdge-Point,235,seam-wide,1.542576551437378,20.769289016723633,34.95658731034722
minecraft,9,O-ET2X-R-PreviousRawEdge-Point,235,full,1.5694433450698853,22.2699031829834,34.653620318979705
minecraft,9,O-ET2X-R-PreviousRawEdge-Point,235,wall-seam,1.9865450859069824,28.08420181274414,33.64618275659018
minecraft,9,O-ET2X-R-PreviousRawEdge-Point,235,seam-wide,1.542576551437378,20.769289016723633,34.95658731034722
minecraft,10,ABL-ET2X-R-PreviousRawEdge-BilinearRGB,235,full,1.5694433450698853,22.2699031829834,34.653620318979705
minecraft,10,ABL-ET2X-R-PreviousRawEdge-BilinearRGB,235,wall-seam,1.9865450859069824,28.08420181274414,33.64618275659018
minecraft,10,ABL-ET2X-R-PreviousRawEdge-BilinearRGB,235,seam-wide,1.542576551437378,20.769289016723633,34.95658731034722
minecraft,4,O-T2X-R,236,full,1.4717071056365967,14.94887924194336,36.38471727223192
minecraft,4,O-T2X-R,236,wall-seam,1.2390950918197632,7.337836265563965,39.47512344066054
minecraft,4,O-T2X-R,236,seam-wide,1.0977625846862793,7.938227653503418,39.133568113657226
minecraft,6,O-ET2X-R-CurrentEdge-Point,236,full,1.5694433450698853,22.2699031829834,34.653620318979705
minecraft,6,O-ET2X-R-CurrentEdge-Point,236,wall-seam,1.9865450859069824,28.08420181274414,33.64618275659018
minecraft,6,O-ET2X-R-CurrentEdge-Point,236,seam-wide,1.542576551437378,20.769289016723633,34.95658731034722
minecraft,9,O-ET2X-R-PreviousRawEdge-Point,236,full,1.5694433450698853,22.2699031829834,34.653620318979705
minecraft,9,O-ET2X-R-PreviousRawEdge-Point,236,wall-seam,1.9865450859069824,28.08420181274414,33.64618275659018
minecraft,9,O-ET2X-R-PreviousRawEdge-Point,236,seam-wide,1.542576551437378,20.769289016723633,34.95658731034722
minecraft,10,ABL-ET2X-R-PreviousRawEdge-BilinearRGB,236,full,1.5694433450698853,22.2699031829834,34.653620318979705
minecraft,10,ABL-ET2X-R-PreviousRawEdge-BilinearRGB,236,wall-seam,1.9865450859069824,28.08420181274414,33.64618275659018
minecraft,10,ABL-ET2X-R-PreviousRawEdge-BilinearRGB,236,seam-wide,1.542576551437378,20.769289016723633,34.95658731034722
minecraft,4,O-T2X-R,237,full,1.4717071056365967,14.94887924194336,36.38471727223192
minecraft,4,O-T2X-R,237,wall-seam,1.2390950918197632,7.337836265563965,39.47512344066054
minecraft,4,O-T2X-R,237,seam-wide,1.0977625846862793,7.938227653503418,39.133568113657226
minecraft,6,O-ET2X-R-CurrentEdge-Point,237,full,1.5694433450698853,22.2699031829834,34.653620318979705
minecraft,6,O-ET2X-R-CurrentEdge-Point,237,wall-seam,1.9865450859069824,28.08420181274414,33.64618275659018
minecraft,6,O-ET2X-R-CurrentEdge-Point,237,seam-wide,1.542576551437378,20.769289016723633,34.95658731034722
minecraft,9,O-ET2X-R-PreviousRawEdge-Point,237,full,1.5694433450698853,22.2699031829834,34.653620318979705
minecraft,9,O-ET2X-R-PreviousRawEdge-Point,237,wall-seam,1.9865450859069824,28.08420181274414,33.64618275659018
minecraft,9,O-ET2X-R-PreviousRawEdge-Point,237,seam-wide,1.542576551437378,20.769289016723633,34.95658731034722
minecraft,10,ABL-ET2X-R-PreviousRawEdge-BilinearRGB,237,full,1.5694433450698853,22.2699031829834,34.653620318979705
minecraft,10,ABL-ET2X-R-PreviousRawEdge-BilinearRGB,237,wall-seam,1.9865450859069824,28.08420181274414,33.64618275659018
minecraft,10,ABL-ET2X-R-PreviousRawEdge-BilinearRGB,237,seam-wide,1.542576551437378,20.769289016723633,34.95658731034722
minecraft,4,O-T2X-R,238,full,1.4717071056365967,14.94887924194336,36.38471727223192
minecraft,4,O-T2X-R,238,wall-seam,1.2390950918197632,7.337836265563965,39.47512344066054
minecraft,4,O-T2X-R,238,seam-wide,1.0977625846862793,7.938227653503418,39.133568113657226
minecraft,6,O-ET2X-R-CurrentEdge-Point,238,full,1.5694433450698853,22.2699031829834,34.653620318979705
minecraft,6,O-ET2X-R-CurrentEdge-Point,238,wall-seam,1.9865450859069824,28.08420181274414,33.64618275659018
minecraft,6,O-ET2X-R-CurrentEdge-Point,238,seam-wide,1.542576551437378,20.769289016723633,34.95658731034722
minecraft,9,O-ET2X-R-PreviousRawEdge-Point,238,full,1.5694433450698853,22.2699031829834,34.653620318979705
minecraft,9,O-ET2X-R-PreviousRawEdge-Point,238,wall-seam,1.9865450859069824,28.08420181274414,33.64618275659018
minecraft,9,O-ET2X-R-PreviousRawEdge-Point,238,seam-wide,1.542576551437378,20.769289016723633,34.95658731034722
minecraft,10,ABL-ET2X-R-PreviousRawEdge-BilinearRGB,238,full,1.5694433450698853,22.2699031829834,34.653620318979705
minecraft,10,ABL-ET2X-R-PreviousRawEdge-BilinearRGB,238,wall-seam,1.9865450859069824,28.08420181274414,33.64618275659018
minecraft,10,ABL-ET2X-R-PreviousRawEdge-BilinearRGB,238,seam-wide,1.542576551437378,20.769289016723633,34.95658731034722
minecraft,4,O-T2X-R,239,full,1.4717071056365967,14.94887924194336,36.38471727223192
minecraft,4,O-T2X-R,239,wall-seam,1.2390950918197632,7.337836265563965,39.47512344066054
minecraft,4,O-T2X-R,239,seam-wide,1.0977625846862793,7.938227653503418,39.133568113657226
minecraft,6,O-ET2X-R-CurrentEdge-Point,239,full,1.5694433450698853,22.2699031829834,34.653620318979705
minecraft,6,O-ET2X-R-CurrentEdge-Point,239,wall-seam,1.9865450859069824,28.08420181274414,33.64618275659018
minecraft,6,O-ET2X-R-CurrentEdge-Point,239,seam-wide,1.542576551437378,20.769289016723633,34.95658731034722
minecraft,9,O-ET2X-R-PreviousRawEdge-Point,239,full,1.5694433450698853,22.2699031829834,34.653620318979705
minecraft,9,O-ET2X-R-PreviousRawEdge-Point,239,wall-seam,1.9865450859069824,28.08420181274414,33.64618275659018
minecraft,9,O-ET2X-R-PreviousRawEdge-Point,239,seam-wide,1.542576551437378,20.769289016723633,34.95658731034722
minecraft,10,ABL-ET2X-R-PreviousRawEdge-BilinearRGB,239,full,1.5694433450698853,22.2699031829834,34.653620318979705
minecraft,10,ABL-ET2X-R-PreviousRawEdge-BilinearRGB,239,wall-seam,1.9865450859069824,28.08420181274414,33.64618275659018
minecraft,10,ABL-ET2X-R-PreviousRawEdge-BilinearRGB,239,seam-wide,1.542576551437378,20.769289016723633,34.95658731034722
