frame,phase,roi,mode,reference_rgb_mae,reference_psnr,luma_adjacent_mae,luma_second_difference_mae
0,still-before,wall-seam,O-T2X-R,0.6482204794883728,46.388466073663025,,
0,still-before,wall-seam,O-ET2X-R-CurrentEdge-Point,0.8239474892616272,41.062324330100765,,
0,still-before,wall-seam,O-ET2X-R-PreviousRawEdge-Point,0.8239474892616272,41.062324330100765,,
0,still-before,wall-seam,ABL-ET2X-R-PreviousRawEdge-BilinearRGB,0.8239474892616272,41.062324330100765,,
0,still-before,seam-wide,O-T2X-R,0.5473155379295349,44.08013087623422,,
0,still-before,seam-wide,O-ET2X-R-CurrentEdge-Point,0.43066179752349854,44.80100708652163,,
0,still-before,seam-wide,O-ET2X-R-PreviousRawEdge-Point,0.43066179752349854,44.80100708652163,,
0,still-before,seam-wide,ABL-ET2X-R-PreviousRawEdge-BilinearRGB,0.43066179752349854,44.80100708652163,,
1,still-before,wall-seam,O-T2X-R,0.6215277910232544,44.61442733173292,0.5660820007324219,
1,still-before,wall-seam,O-ET2X-R-CurrentEdge-Point,0.8239474892616272,41.062324330100765,0.0,
1,still-before,wall-seam,O-ET2X-R-PreviousRawEdge-Point,0.8239474892616272,41.062324330100765,0.0,
1,still-before,wall-seam,ABL-ET2X-R-PreviousRawEdge-BilinearRGB,0.8239474892616272,41.062324330100765,0.0,
1,still-before,seam-wide,O-T2X-R,0.39010825753211975,47.187940237934555,0.399409681558609,
1,still-before,seam-wide,O-ET2X-R-CurrentEdge-Point,0.43066179752349854,44.80100708652163,0.0,
1,still-before,seam-wide,O-ET2X-R-PreviousRawEdge-Point,0.43066179752349854,44.80100708652163,0.0,
1,still-before,seam-wide,ABL-ET2X-R-PreviousRawEdge-BilinearRGB,0.43066179752349854,44.80100708652163,0.0,
2,still-before,wall-seam,O-T2X-R,0.6215277910232544,44.61442733173292,0.0,0.5660820007324219
2,still-before,wall-seam,O-ET2X-R-CurrentEdge-Point,0.8239474892616272,41.062324330100765,0.0,0.0
2,still-before,wall-seam,O-ET2X-R-PreviousRawEdge-Point,0.8239474892616272,41.062324330100765,0.0,0.0
2,still-before,wall-seam,ABL-ET2X-R-PreviousRawEdge-BilinearRGB,0.8239474892616272,41.062324330100765,0.0,0.0
2,still-before,seam-wide,O-T2X-R,0.39010825753211975,47.187940237934555,0.0,0.399409681558609
2,still-before,seam-wide,O-ET2X-R-CurrentEdge-Point,0.43066179752349854,44.80100708652163,0.0,0.0
2,still-before,seam-wide,O-ET2X-R-PreviousRawEdge-Point,0.43066179752349854,44.80100708652163,0.0,0.0
2,still-before,seam-wide,ABL-ET2X-R-PreviousRawEdge-BilinearRGB,0.43066179752349854,44.80100708652163,0.0,0.0
3,still-before,wall-seam,O-T2X-R,0.6215277910232544,44.61442733173292,0.0,0.0
3,still-before,wall-seam,O-ET2X-R-CurrentEdge-Point,0.8239474892616272,41.062324330100765,0.0,0.0
3,still-before,wall-seam,O-ET2X-R-PreviousRawEdge-Point,0.8239474892616272,41.062324330100765,0.0,0.0
3,still-before,wall-seam,ABL-ET2X-R-PreviousRawEdge-BilinearRGB,0.8239474892616272,41.062324330100765,0.0,0.0
3,still-before,seam-wide,O-T2X-R,0.39010825753211975,47.187940237934555,0.0,0.0
3,still-before,seam-wide,O-ET2X-R-CurrentEdge-Point,0.43066179752349854,44.80100708652163,0.0,0.0
3,still-before,seam-wide,O-ET2X-R-PreviousRawEdge-Point,0.43066179752349854,44.80100708652163,0.0,0.0
3,still-before,seam-wide,ABL-ET2X-R-PreviousRawEdge-BilinearRGB,0.43066179752349854,44.80100708652163,0.0,0.0
4,still-before,wall-seam,O-T2X-R,0.6215277910232544,44.61442733173292,0.0,0.0
4,still-before,wall-seam,O-ET2X-R-CurrentEdge-Point,0.8239474892616272,41.062324330100765,0.0,0.0
4,still-before,wall-seam,O-ET2X-R-PreviousRawEdge-Point,0.8239474892616272,41.062324330100765,0.0,0.0
4,still-before,wall-seam,ABL-ET2X-R-PreviousRawEdge-BilinearRGB,0.8239474892616272,41.062324330100765,0.0,0.0
4,still-before,seam-wide,O-T2X-R,0.39010825753211975,47.187940237934555,0.0,0.0
4,still-before,seam-wide,O-ET2X-R-CurrentEdge-Point,0.43066179752349854,44.80100708652163,0.0,0.0
4,still-before,seam-wide,O-ET2X-R-PreviousRawEdge-Point,0.43066179752349854,44.80100708652163,0.0,0.0
4,still-before,seam-wide,ABL-ET2X-R-PreviousRawEdge-BilinearRGB,0.43066179752349854,44.80100708652163,0.0,0.0
5,still-before,wall-seam,O-T2X-R,0.6215277910232544,44.61442733173292,0.0,0.0
5,still-before,wall-seam,O-ET2X-R-CurrentEdge-Point,0.8239474892616272,41.062324330100765,0.0,0.0
5,still-before,wall-seam,O-ET2X-R-PreviousRawEdge-Point,0.8239474892616272,41.062324330100765,0.0,0.0
5,still-before,wall-seam,ABL-ET2X-R-PreviousRawEdge-BilinearRGB,0.8239474892616272,41.062324330100765,0.0,0.0
5,still-before,seam-wide,O-T2X-R,0.39010825753211975,47.187940237934555,0.0,0.0
5,still-before,seam-wide,O-ET2X-R-CurrentEdge-Point,0.43066179752349854,44.80100708652163,0.0,0.0
5,still-before,seam-wide,O-ET2X-R-PreviousRawEdge-Point,0.43066179752349854,44.80100708652163,0.0,0.0
5,still-before,seam-wide,ABL-ET2X-R-PreviousRawEdge-BilinearRGB,0.43066179752349854,44.80100708652163,0.0,0.0
6,still-before,wall-seam,O-T2X-R,0.6215277910232544,44.61442733173292,0.0,0.0
6,still-before,wall-seam,O-ET2X-R-CurrentEdge-Point,0.8239474892616272,41.062324330100765,0.0,0.0
6,still-before,wall-seam,O-ET2X-R-PreviousRawEdge-Point,0.8239474892616272,41.062324330100765,0.0,0.0
6,still-before,wall-seam,ABL-ET2X-R-PreviousRawEdge-BilinearRGB,0.8239474892616272,41.062324330100765,0.0,0.0
6,still-before,seam-wide,O-T2X-R,0.39010825753211975,47.187940237934555,0.0,0.0
6,still-before,seam-wide,O-ET2X-R-CurrentEdge-Point,0.43066179752349854,44.80100708652163,0.0,0.0
6,still-before,seam-wide,O-ET2X-R-PreviousRawEdge-Point,0.43066179752349854,44.80100708652163,0.0,0.0
6,still-before,seam-wide,ABL-ET2X-R-PreviousRawEdge-BilinearRGB,0.43066179752349854,44.80100708652163,0.0,0.0
7,still-before,wall-seam,O-T2X-R,0.6215277910232544,44.61442733173292,0.0,0.0
7,still-before,wall-seam,O-ET2X-R-CurrentEdge-Point,0.8239474892616272,41.062324330100765,0.0,0.0
7,still-before,wall-seam,O-ET2X-R-PreviousRawEdge-Point,0.8239474892616272,41.062324330100765,0.0,0.0
7,still-before,wall-seam,ABL-ET2X-R-PreviousRawEdge-BilinearRGB,0.8239474892616272,41.062324330100765,0.0,0.0
7,still-before,seam-wide,O-T2X-R,0.39010825753211975,47.187940237934555,0.0,0.0
7,still-before,seam-wide,O-ET2X-R-CurrentEdge-Point,0.43066179752349854,44.80100708652163,0.0,0.0
7,still-before,seam-wide,O-ET2X-R-PreviousRawEdge-Point,0.43066179752349854,44.80100708652163,0.0,0.0
7,still-before,seam-wide,ABL-ET2X-R-PreviousRawEdge-BilinearRGB,0.43066179752349854,44.80100708652163,0.0,0.0
8,still-before,wall-seam,O-T2X-R,0.6215277910232544,44.61442733173292,0.0,0.0
8,still-before,wall-seam,O-ET2X-R-CurrentEdge-Point,0.8239474892616272,41.062324330100765,0.0,0.0
8,still-before,wall-seam,O-ET2X-R-PreviousRawEdge-Point,0.8239474892616272,41.062324330100765,0.0,0.0
8,still-before,wall-seam,ABL-ET2X-R-PreviousRawEdge-BilinearRGB,0.8239474892616272,41.062324330100765,0.0,0.0
8,still-before,seam-wide,O-T2X-R,0.39010825753211975,47.187940237934555,0.0,0.0
8,still-before,seam-wide,O-ET2X-R-CurrentEdge-Point,0.43066179752349854,44.80100708652163,0.0,0.0
8,still-before,seam-wide,O-ET2X-R-PreviousRawEdge-Point,0.43066179752349854,44.80100708652163,0.0,0.0
8,still-before,seam-wide,ABL-ET2X-R-PreviousRawEdge-BilinearRGB,0.43066179752349854,44.80100708652163,0.0,0.0
9,still-before,wall-seam,O-T2X-R,0.6215277910232544,44.61442733173292,0.0,0.0
9,still-before,wall-seam,O-ET2X-R-CurrentEdge-Point,0.8239474892616272,41.062324330100765,0.0,0.0
9,still-before,wall-seam,O-ET2X-R-PreviousRawEdge-Point,0.8239474892616272,41.062324330100765,0.0,0.0
9,still-before,wall-seam,ABL-ET2X-R-PreviousRawEdge-BilinearRGB,0.8239474892616272,41.062324330100765,0.0,0.0
9,still-before,seam-wide,O-T2X-R,0.39010825753211975,47.187940237934555,0.0,0.0
9,still-before,seam-wide,O-ET2X-R-CurrentEdge-Point,0.43066179752349854,44.80100708652163,0.0,0.0
9,still-before,seam-wide,O-ET2X-R-PreviousRawEdge-Point,0.43066179752349854,44.80100708652163,0.0,0.0
9,still-before,seam-wide,ABL-ET2X-R-PreviousRawEdge-BilinearRGB,0.43066179752349854,44.80100708652163,0.0,0.0
10,still-before,wall-seam,O-T2X-R,0.6215277910232544,44.61442733173292,0.0,0.0
10,still-before,wall-seam,O-ET2X-R-CurrentEdge-Point,0.8239474892616272,41.062324330100765,0.0,0.0
10,still-before,wall-seam,O-ET2X-R-PreviousRawEdge-Point,0.8239474892616272,41.062324330100765,0.0,0.0
10,still-before,wall-seam,ABL-ET2X-R-PreviousRawEdge-BilinearRGB,0.8239474892616272,41.062324330100765,0.0,0.0
10,still-before,seam-wide,O-T2X-R,0.39010825753211975,47.187940237934555,0.0,0.0
10,still-before,seam-wide,O-ET2X-R-CurrentEdge-Point,0.43066179752349854,44.80100708652163,0.0,0.0
10,still-before,seam-wide,O-ET2X-R-PreviousRawEdge-Point,0.43066179752349854,44.80100708652163,0.0,0.0
10,still-before,seam-wide,ABL-ET2X-R-PreviousRawEdge-BilinearRGB,0.43066179752349854,44.80100708652163,0.0,0.0
11,still-before,wall-seam,O-T2X-R,0.6215277910232544,44.61442733173292,0.0,0.0
11,still-before,wall-seam,O-ET2X-R-CurrentEdge-Point,0.8239474892616272,41.062324330100765,0.0,0.0
11,still-before,wall-seam,O-ET2X-R-PreviousRawEdge-Point,0.8239474892616272,41.062324330100765,0.0,0.0
11,still-before,wall-seam,ABL-ET2X-R-PreviousRawEdge-BilinearRGB,0.8239474892616272,41.062324330100765,0.0,0.0
11,still-before,seam-wide,O-T2X-R,0.39010825753211975,47.187940237934555,0.0,0.0
11,still-before,seam-wide,O-ET2X-R-CurrentEdge-Point,0.43066179752349854,44.80100708652163,0.0,0.0
11,still-before,seam-wide,O-ET2X-R-PreviousRawEdge-Point,0.43066179752349854,44.80100708652163,0.0,0.0
11,still-before,seam-wide,ABL-ET2X-R-PreviousRawEdge-BilinearRGB,0.43066179752349854,44.80100708652163,0.0,0.0
12,still-before,wall-seam,O-T2X-R,0.6215277910232544,44.61442733173292,0.0,0.0
12,still-before,wall-seam,O-ET2X-R-CurrentEdge-Point,0.8239474892616272,41.062324330100765,0.0,0.0
12,still-before,wall-seam,O-ET2X-R-PreviousRawEdge-Point,0.8239474892616272,41.062324330100765,0.0,0.0
12,still-before,wall-seam,ABL-ET2X-R-PreviousRawEdge-BilinearRGB,0.8239474892616272,41.062324330100765,0.0,0.0
12,still-before,seam-wide,O-T2X-R,0.39010825753211975,47.187940237934555,0.0,0.0
12,still-before,seam-wide,O-ET2X-R-CurrentEdge-Point,0.43066179752349854,44.80100708652163,0.0,0.0
12,still-before,seam-wide,O-ET2X-R-PreviousRawEdge-Point,0.43066179752349854,44.80100708652163,0.0,0.0
12,still-before,seam-wide,ABL-ET2X-R-PreviousRawEdge-BilinearRGB,0.43066179752349854,44.80100708652163,0.0,0.0
13,still-before,wall-seam,O-T2X-R,0.6215277910232544,44.61442733173292,0.0,0.0
13,still-before,wall-seam,O-ET2X-R-CurrentEdge-Point,0.8239474892616272,41.062324330100765,0.0,0.0
13,still-before,wall-seam,O-ET2X-R-PreviousRawEdge-Point,0.8239474892616272,41.062324330100765,0.0,0.0
13,still-before,wall-seam,ABL-ET2X-R-PreviousRawEdge-BilinearRGB,0.8239474892616272,41.062324330100765,0.0,0.0
13,still-before,seam-wide,O-T2X-R,0.39010825753211975,47.187940237934555,0.0,0.0
13,still-before,seam-wide,O-ET2X-R-CurrentEdge-Point,0.43066179752349854,44.80100708652163,0.0,0.0
13,still-before,seam-wide,O-ET2X-R-PreviousRawEdge-Point,0.43066179752349854,44.80100708652163,0.0,0.0
13,still-before,seam-wide,ABL-ET2X-R-PreviousRawEdge-BilinearRGB,0.43066179752349854,44.80100708652163,0.0,0.0
14,still-before,wall-seam,O-T2X-R,0.6215277910232544,44.61442733173292,0.0,0.0
14,still-before,wall-seam,O-ET2X-R-CurrentEdge-Point,0.8239474892616272,41.062324330100765,0.0,0.0
14,still-before,wall-seam,O-ET2X-R-PreviousRawEdge-Point,0.8239474892616272,41.062324330100765,0.0,0.0
14,still-before,wall-seam,ABL-ET2X-R-PreviousRawEdge-BilinearRGB,0.8239474892616272,41.062324330100765,0.0,0.0
14,still-before,seam-wide,O-T2X-R,0.39010825753211975,47.187940237934555,0.0,0.0
14,still-before,seam-wide,O-ET2X-R-CurrentEdge-Point,0.43066179752349854,44.80100708652163,0.0,0.0
14,still-before,seam-wide,O-ET2X-R-PreviousRawEdge-Point,0.43066179752349854,44.80100708652163,0.0,0.0
14,still-before,seam-wide,ABL-ET2X-R-PreviousRawEdge-BilinearRGB,0.43066179752349854,44.80100708652163,0.0,0.0
15,still-before,wall-seam,O-T2X-R,0.6215277910232544,44.61442733173292,0.0,0.0
15,still-before,wall-seam,O-ET2X-R-CurrentEdge-Point,0.8239474892616272,41.062324330100765,0.0,0.0
15,still-before,wall-seam,O-ET2X-R-PreviousRawEdge-Point,0.8239474892616272,41.062324330100765,0.0,0.0
15,still-before,wall-seam,ABL-ET2X-R-PreviousRawEdge-BilinearRGB,0.8239474892616272,41.062324330100765,0.0,0.0
15,still-before,seam-wide,O-T2X-R,0.39010825753211975,47.187940237934555,0.0,0.0
15,still-before,seam-wide,O-ET2X-R-CurrentEdge-Point,0.43066179752349854,44.80100708652163,0.0,0.0
15,still-before,seam-wide,O-ET2X-R-PreviousRawEdge-Point,0.43066179752349854,44.80100708652163,0.0,0.0
15,still-before,seam-wide,ABL-ET2X-R-PreviousRawEdge-BilinearRGB,0.43066179752349854,44.80100708652163,0.0,0.0
16,still-before,wall-seam,O-T2X-R,0.6215277910232544,44.61442733173292,0.0,0.0
16,still-before,wall-seam,O-ET2X-R-CurrentEdge-Point,0.8239474892616272,41.062324330100765,0.0,0.0
16,still-before,wall-seam,O-ET2X-R-PreviousRawEdge-Point,0.8239474892616272,41.062324330100765,0.0,0.0
16,still-before,wall-seam,ABL-ET2X-R-PreviousRawEdge-BilinearRGB,0.8239474892616272,41.062324330100765,0.0,0.0
16,still-before,seam-wide,O-T2X-R,0.39010825753211975,47.187940237934555,0.0,0.0
16,still-before,seam-wide,O-ET2X-R-CurrentEdge-Point,0.43066179752349854,44.80100708652163,0.0,0.0
16,still-before,seam-wide,O-ET2X-R-PreviousRawEdge-Point,0.43066179752349854,44.80100708652163,0.0,0.0
16,still-before,seam-wide,ABL-ET2X-R-PreviousRawEdge-BilinearRGB,0.43066179752349854,44.80100708652163,0.0,0.0
17,still-before,wall-seam,O-T2X-R,0.6215277910232544,44.61442733173292,0.0,0.0
17,still-before,wall-seam,O-ET2X-R-CurrentEdge-Point,0.8239474892616272,41.062324330100765,0.0,0.0
17,still-before,wall-seam,O-ET2X-R-PreviousRawEdge-Point,0.8239474892616272,41.062324330100765,0.0,0.0
17,still-before,wall-seam,ABL-ET2X-R-PreviousRawEdge-BilinearRGB,0.8239474892616272,41.062324330100765,0.0,0.0
17,still-before,seam-wide,O-T2X-R,0.39010825753211975,47.187940237934555,0.0,0.0
17,still-before,seam-wide,O-ET2X-R-CurrentEdge-Point,0.43066179752349854,44.80100708652163,0.0,0.0
17,still-before,seam-wide,O-ET2X-R-PreviousRawEdge-Point,0.43066179752349854,44.80100708652163,0.0,0.0
17,still-before,seam-wide,ABL-ET2X-R-PreviousRawEdge-BilinearRGB,0.43066179752349854,44.80100708652163,0.0,0.0
18,still-before,wall-seam,O-T2X-R,0.6215277910232544,44.61442733173292,0.0,0.0
18,still-before,wall-seam,O-ET2X-R-CurrentEdge-Point,0.8239474892616272,41.062324330100765,0.0,0.0
18,still-before,wall-seam,O-ET2X-R-PreviousRawEdge-Point,0.8239474892616272,41.062324330100765,0.0,0.0
18,still-before,wall-seam,ABL-ET2X-R-PreviousRawEdge-BilinearRGB,0.8239474892616272,41.062324330100765,0.0,0.0
18,still-before,seam-wide,O-T2X-R,0.39010825753211975,47.187940237934555,0.0,0.0
18,still-before,seam-wide,O-ET2X-R-CurrentEdge-Point,0.43066179752349854,44.80100708652163,0.0,0.0
18,still-before,seam-wide,O-ET2X-R-PreviousRawEdge-Point,0.43066179752349854,44.80100708652163,0.0,0.0
18,still-before,seam-wide,ABL-ET2X-R-PreviousRawEdge-BilinearRGB,0.43066179752349854,44.80100708652163,0.0,0.0
19,still-before,wall-seam,O-T2X-R,0.6215277910232544,44.61442733173292,0.0,0.0
19,still-before,wall-seam,O-ET2X-R-CurrentEdge-Point,0.8239474892616272,41.062324330100765,0.0,0.0
19,still-before,wall-seam,O-ET2X-R-PreviousRawEdge-Point,0.8239474892616272,41.062324330100765,0.0,0.0
19,still-before,wall-seam,ABL-ET2X-R-PreviousRawEdge-BilinearRGB,0.8239474892616272,41.062324330100765,0.0,0.0
19,still-before,seam-wide,O-T2X-R,0.39010825753211975,47.187940237934555,0.0,0.0
19,still-before,seam-wide,O-ET2X-R-CurrentEdge-Point,0.43066179752349854,44.80100708652163,0.0,0.0
19,still-before,seam-wide,O-ET2X-R-PreviousRawEdge-Point,0.43066179752349854,44.80100708652163,0.0,0.0
19,still-before,seam-wide,ABL-ET2X-R-PreviousRawEdge-BilinearRGB,0.43066179752349854,44.80100708652163,0.0,0.0
20,still-before,wall-seam,O-T2X-R,0.6215277910232544,44.61442733173292,0.0,0.0
20,still-before,wall-seam,O-ET2X-R-CurrentEdge-Point,0.8239474892616272,41.062324330100765,0.0,0.0
20,still-before,wall-seam,O-ET2X-R-PreviousRawEdge-Point,0.8239474892616272,41.062324330100765,0.0,0.0
20,still-before,wall-seam,ABL-ET2X-R-PreviousRawEdge-BilinearRGB,0.8239474892616272,41.062324330100765,0.0,0.0
20,still-before,seam-wide,O-T2X-R,0.39010825753211975,47.187940237934555,0.0,0.0
20,still-before,seam-wide,O-ET2X-R-CurrentEdge-Point,0.43066179752349854,44.80100708652163,0.0,0.0
20,still-before,seam-wide,O-ET2X-R-PreviousRawEdge-Point,0.43066179752349854,44.80100708652163,0.0,0.0
20,still-before,seam-wide,ABL-ET2X-R-PreviousRawEdge-BilinearRGB,0.43066179752349854,44.80100708652163,0.0,0.0
21,still-before,wall-seam,O-T2X-R,0.6215277910232544,44.61442733173292,0.0,0.0
21,still-before,wall-seam,O-ET2X-R-CurrentEdge-Point,0.8239474892616272,41.062324330100765,0.0,0.0
21,still-before,wall-seam,O-ET2X-R-PreviousRawEdge-Point,0.8239474892616272,41.062324330100765,0.0,0.0
21,still-before,wall-seam,ABL-ET2X-R-PreviousRawEdge-BilinearRGB,0.8239474892616272,41.062324330100765,0.0,0.0
21,still-before,seam-wide,O-T2X-R,0.39010825753211975,47.187940237934555,0.0,0.0
21,still-before,seam-wide,O-ET2X-R-CurrentEdge-Point,0.43066179752349854,44.80100708652163,0.0,0.0
21,still-before,seam-wide,O-ET2X-R-PreviousRawEdge-Point,0.43066179752349854,44.80100708652163,0.0,0.0
21,still-before,seam-wide,ABL-ET2X-R-PreviousRawEdge-BilinearRGB,0.43066179752349854,44.80100708652163,0.0,0.0
22,still-before,wall-seam,O-T2X-R,0.6215277910232544,44.61442733173292,0.0,0.0
22,still-before,wall-seam,O-ET2X-R-CurrentEdge-Point,0.8239474892616272,41.062324330100765,0.0,0.0
22,still-before,wall-seam,O-ET2X-R-PreviousRawEdge-Point,0.8239474892616272,41.062324330100765,0.0,0.0
22,still-before,wall-seam,ABL-ET2X-R-PreviousRawEdge-BilinearRGB,0.8239474892616272,41.062324330100765,0.0,0.0
22,still-before,seam-wide,O-T2X-R,0.39010825753211975,47.187940237934555,0.0,0.0
22,still-before,seam-wide,O-ET2X-R-CurrentEdge-Point,0.43066179752349854,44.80100708652163,0.0,0.0
22,still-before,seam-wide,O-ET2X-R-PreviousRawEdge-Point,0.43066179752349854,44.80100708652163,0.0,0.0
22,still-before,seam-wide,ABL-ET2X-R-PreviousRawEdge-BilinearRGB,0.43066179752349854,44.80100708652163,0.0,0.0
23,still-before,wall-seam,O-T2X-R,0.6215277910232544,44.61442733173292,0.0,0.0
23,still-before,wall-seam,O-ET2X-R-CurrentEdge-Point,0.8239474892616272,41.062324330100765,0.0,0.0
23,still-before,wall-seam,O-ET2X-R-PreviousRawEdge-Point,0.8239474892616272,41.062324330100765,0.0,0.0
23,still-before,wall-seam,ABL-ET2X-R-PreviousRawEdge-BilinearRGB,0.8239474892616272,41.062324330100765,0.0,0.0
23,still-before,seam-wide,O-T2X-R,0.39010825753211975,47.187940237934555,0.0,0.0
23,still-before,seam-wide,O-ET2X-R-CurrentEdge-Point,0.43066179752349854,44.80100708652163,0.0,0.0
23,still-before,seam-wide,O-ET2X-R-PreviousRawEdge-Point,0.43066179752349854,44.80100708652163,0.0,0.0
23,still-before,seam-wide,ABL-ET2X-R-PreviousRawEdge-BilinearRGB,0.43066179752349854,44.80100708652163,0.0,0.0
24,still-before,wall-seam,O-T2X-R,0.6215277910232544,44.61442733173292,0.0,0.0
24,still-before,wall-seam,O-ET2X-R-CurrentEdge-Point,0.8239474892616272,41.062324330100765,0.0,0.0
24,still-before,wall-seam,O-ET2X-R-PreviousRawEdge-Point,0.8239474892616272,41.062324330100765,0.0,0.0
24,still-before,wall-seam,ABL-ET2X-R-PreviousRawEdge-BilinearRGB,0.8239474892616272,41.062324330100765,0.0,0.0
24,still-before,seam-wide,O-T2X-R,0.39010825753211975,47.187940237934555,0.0,0.0
24,still-before,seam-wide,O-ET2X-R-CurrentEdge-Point,0.43066179752349854,44.80100708652163,0.0,0.0
24,still-before,seam-wide,O-ET2X-R-PreviousRawEdge-Point,0.43066179752349854,44.80100708652163,0.0,0.0
24,still-before,seam-wide,ABL-ET2X-R-PreviousRawEdge-BilinearRGB,0.43066179752349854,44.80100708652163,0.0,0.0
25,still-before,wall-seam,O-T2X-R,0.6215277910232544,44.61442733173292,0.0,0.0
25,still-before,wall-seam,O-ET2X-R-CurrentEdge-Point,0.8239474892616272,41.062324330100765,0.0,0.0
25,still-before,wall-seam,O-ET2X-R-PreviousRawEdge-Point,0.8239474892616272,41.062324330100765,0.0,0.0
25,still-before,wall-seam,ABL-ET2X-R-PreviousRawEdge-BilinearRGB,0.8239474892616272,41.062324330100765,0.0,0.0
25,still-before,seam-wide,O-T2X-R,0.39010825753211975,47.187940237934555,0.0,0.0
25,still-before,seam-wide,O-ET2X-R-CurrentEdge-Point,0.43066179752349854,44.80100708652163,0.0,0.0
25,still-before,seam-wide,O-ET2X-R-PreviousRawEdge-Point,0.43066179752349854,44.80100708652163,0.0,0.0
25,still-before,seam-wide,ABL-ET2X-R-PreviousRawEdge-BilinearRGB,0.43066179752349854,44.80100708652163,0.0,0.0
26,still-before,wall-seam,O-T2X-R,0.6215277910232544,44.61442733173292,0.0,0.0
26,still-before,wall-seam,O-ET2X-R-CurrentEdge-Point,0.8239474892616272,41.062324330100765,0.0,0.0
26,still-before,wall-seam,O-ET2X-R-PreviousRawEdge-Point,0.8239474892616272,41.062324330100765,0.0,0.0
26,still-before,wall-seam,ABL-ET2X-R-PreviousRawEdge-BilinearRGB,0.8239474892616272,41.062324330100765,0.0,0.0
26,still-before,seam-wide,O-T2X-R,0.39010825753211975,47.187940237934555,0.0,0.0
26,still-before,seam-wide,O-ET2X-R-CurrentEdge-Point,0.43066179752349854,44.80100708652163,0.0,0.0
26,still-before,seam-wide,O-ET2X-R-PreviousRawEdge-Point,0.43066179752349854,44.80100708652163,0.0,0.0
26,still-before,seam-wide,ABL-ET2X-R-PreviousRawEdge-BilinearRGB,0.43066179752349854,44.80100708652163,0.0,0.0
27,still-before,wall-seam,O-T2X-R,0.6215277910232544,44.61442733173292,0.0,0.0
27,still-before,wall-seam,O-ET2X-R-CurrentEdge-Point,0.8239474892616272,41.062324330100765,0.0,0.0
27,still-before,wall-seam,O-ET2X-R-PreviousRawEdge-Point,0.8239474892616272,41.062324330100765,0.0,0.0
27,still-before,wall-seam,ABL-ET2X-R-PreviousRawEdge-BilinearRGB,0.8239474892616272,41.062324330100765,0.0,0.0
27,still-before,seam-wide,O-T2X-R,0.39010825753211975,47.187940237934555,0.0,0.0
27,still-before,seam-wide,O-ET2X-R-CurrentEdge-Point,0.43066179752349854,44.80100708652163,0.0,0.0
27,still-before,seam-wide,O-ET2X-R-PreviousRawEdge-Point,0.43066179752349854,44.80100708652163,0.0,0.0
27,still-before,seam-wide,ABL-ET2X-R-PreviousRawEdge-BilinearRGB,0.43066179752349854,44.80100708652163,0.0,0.0
28,still-before,wall-seam,O-T2X-R,0.6215277910232544,44.61442733173292,0.0,0.0
28,still-before,wall-seam,O-ET2X-R-CurrentEdge-Point,0.8239474892616272,41.062324330100765,0.0,0.0
28,still-before,wall-seam,O-ET2X-R-PreviousRawEdge-Point,0.8239474892616272,41.062324330100765,0.0,0.0
28,still-before,wall-seam,ABL-ET2X-R-PreviousRawEdge-BilinearRGB,0.8239474892616272,41.062324330100765,0.0,0.0
28,still-before,seam-wide,O-T2X-R,0.39010825753211975,47.187940237934555,0.0,0.0
28,still-before,seam-wide,O-ET2X-R-CurrentEdge-Point,0.43066179752349854,44.80100708652163,0.0,0.0
28,still-before,seam-wide,O-ET2X-R-PreviousRawEdge-Point,0.43066179752349854,44.80100708652163,0.0,0.0
28,still-before,seam-wide,ABL-ET2X-R-PreviousRawEdge-BilinearRGB,0.43066179752349854,44.80100708652163,0.0,0.0
29,still-before,wall-seam,O-T2X-R,0.6215277910232544,44.61442733173292,0.0,0.0
29,still-before,wall-seam,O-ET2X-R-CurrentEdge-Point,0.8239474892616272,41.062324330100765,0.0,0.0
29,still-before,wall-seam,O-ET2X-R-PreviousRawEdge-Point,0.8239474892616272,41.062324330100765,0.0,0.0
29,still-before,wall-seam,ABL-ET2X-R-PreviousRawEdge-BilinearRGB,0.8239474892616272,41.062324330100765,0.0,0.0
29,still-before,seam-wide,O-T2X-R,0.39010825753211975,47.187940237934555,0.0,0.0
29,still-before,seam-wide,O-ET2X-R-CurrentEdge-Point,0.43066179752349854,44.80100708652163,0.0,0.0
29,still-before,seam-wide,O-ET2X-R-PreviousRawEdge-Point,0.43066179752349854,44.80100708652163,0.0,0.0
29,still-before,seam-wide,ABL-ET2X-R-PreviousRawEdge-BilinearRGB,0.43066179752349854,44.80100708652163,0.0,0.0
30,still-before,wall-seam,O-T2X-R,0.6215277910232544,44.61442733173292,0.0,0.0
30,still-before,wall-seam,O-ET2X-R-CurrentEdge-Point,0.8239474892616272,41.062324330100765,0.0,0.0
30,still-before,wall-seam,O-ET2X-R-PreviousRawEdge-Point,0.8239474892616272,41.062324330100765,0.0,0.0
30,still-before,wall-seam,ABL-ET2X-R-PreviousRawEdge-BilinearRGB,0.8239474892616272,41.062324330100765,0.0,0.0
30,still-before,seam-wide,O-T2X-R,0.39010825753211975,47.187940237934555,0.0,0.0
30,still-before,seam-wide,O-ET2X-R-CurrentEdge-Point,0.43066179752349854,44.80100708652163,0.0,0.0
30,still-before,seam-wide,O-ET2X-R-PreviousRawEdge-Point,0.43066179752349854,44.80100708652163,0.0,0.0
30,still-before,seam-wide,ABL-ET2X-R-PreviousRawEdge-BilinearRGB,0.43066179752349854,44.80100708652163,0.0,0.0
31,still-before,wall-seam,O-T2X-R,0.6215277910232544,44.61442733173292,0.0,0.0
31,still-before,wall-seam,O-ET2X-R-CurrentEdge-Point,0.8239474892616272,41.062324330100765,0.0,0.0
31,still-before,wall-seam,O-ET2X-R-PreviousRawEdge-Point,0.8239474892616272,41.062324330100765,0.0,0.0
31,still-before,wall-seam,ABL-ET2X-R-PreviousRawEdge-BilinearRGB,0.8239474892616272,41.062324330100765,0.0,0.0
31,still-before,seam-wide,O-T2X-R,0.39010825753211975,47.187940237934555,0.0,0.0
31,still-before,seam-wide,O-ET2X-R-CurrentEdge-Point,0.43066179752349854,44.80100708652163,0.0,0.0
31,still-before,seam-wide,O-ET2X-R-PreviousRawEdge-Point,0.43066179752349854,44.80100708652163,0.0,0.0
31,still-before,seam-wide,ABL-ET2X-R-PreviousRawEdge-BilinearRGB,0.43066179752349854,44.80100708652163,0.0,0.0
32,still-before,wall-seam,O-T2X-R,0.6215277910232544,44.61442733173292,0.0,0.0
32,still-before,wall-seam,O-ET2X-R-CurrentEdge-Point,0.8239474892616272,41.062324330100765,0.0,0.0
32,still-before,wall-seam,O-ET2X-R-PreviousRawEdge-Point,0.8239474892616272,41.062324330100765,0.0,0.0
32,still-before,wall-seam,ABL-ET2X-R-PreviousRawEdge-BilinearRGB,0.8239474892616272,41.062324330100765,0.0,0.0
32,still-before,seam-wide,O-T2X-R,0.39010825753211975,47.187940237934555,0.0,0.0
32,still-before,seam-wide,O-ET2X-R-CurrentEdge-Point,0.43066179752349854,44.80100708652163,0.0,0.0
32,still-before,seam-wide,O-ET2X-R-PreviousRawEdge-Point,0.43066179752349854,44.80100708652163,0.0,0.0
32,still-before,seam-wide,ABL-ET2X-R-PreviousRawEdge-BilinearRGB,0.43066179752349854,44.80100708652163,0.0,0.0
33,still-before,wall-seam,O-T2X-R,0.6215277910232544,44.61442733173292,0.0,0.0
33,still-before,wall-seam,O-ET2X-R-CurrentEdge-Point,0.8239474892616272,41.062324330100765,0.0,0.0
33,still-before,wall-seam,O-ET2X-R-PreviousRawEdge-Point,0.8239474892616272,41.062324330100765,0.0,0.0
33,still-before,wall-seam,ABL-ET2X-R-PreviousRawEdge-BilinearRGB,0.8239474892616272,41.062324330100765,0.0,0.0
33,still-before,seam-wide,O-T2X-R,0.39010825753211975,47.187940237934555,0.0,0.0
33,still-before,seam-wide,O-ET2X-R-CurrentEdge-Point,0.43066179752349854,44.80100708652163,0.0,0.0
33,still-before,seam-wide,O-ET2X-R-PreviousRawEdge-Point,0.43066179752349854,44.80100708652163,0.0,0.0
33,still-before,seam-wide,ABL-ET2X-R-PreviousRawEdge-BilinearRGB,0.43066179752349854,44.80100708652163,0.0,0.0
34,still-before,wall-seam,O-T2X-R,0.6215277910232544,44.61442733173292,0.0,0.0
34,still-before,wall-seam,O-ET2X-R-CurrentEdge-Point,0.8239474892616272,41.062324330100765,0.0,0.0
34,still-before,wall-seam,O-ET2X-R-PreviousRawEdge-Point,0.8239474892616272,41.062324330100765,0.0,0.0
34,still-before,wall-seam,ABL-ET2X-R-PreviousRawEdge-BilinearRGB,0.8239474892616272,41.062324330100765,0.0,0.0
34,still-before,seam-wide,O-T2X-R,0.39010825753211975,47.187940237934555,0.0,0.0
34,still-before,seam-wide,O-ET2X-R-CurrentEdge-Point,0.43066179752349854,44.80100708652163,0.0,0.0
34,still-before,seam-wide,O-ET2X-R-PreviousRawEdge-Point,0.43066179752349854,44.80100708652163,0.0,0.0
34,still-before,seam-wide,ABL-ET2X-R-PreviousRawEdge-BilinearRGB,0.43066179752349854,44.80100708652163,0.0,0.0
35,still-before,wall-seam,O-T2X-R,0.6215277910232544,44.61442733173292,0.0,0.0
35,still-before,wall-seam,O-ET2X-R-CurrentEdge-Point,0.8239474892616272,41.062324330100765,0.0,0.0
35,still-before,wall-seam,O-ET2X-R-PreviousRawEdge-Point,0.8239474892616272,41.062324330100765,0.0,0.0
35,still-before,wall-seam,ABL-ET2X-R-PreviousRawEdge-BilinearRGB,0.8239474892616272,41.062324330100765,0.0,0.0
35,still-before,seam-wide,O-T2X-R,0.39010825753211975,47.187940237934555,0.0,0.0
35,still-before,seam-wide,O-ET2X-R-CurrentEdge-Point,0.43066179752349854,44.80100708652163,0.0,0.0
35,still-before,seam-wide,O-ET2X-R-PreviousRawEdge-Point,0.43066179752349854,44.80100708652163,0.0,0.0
35,still-before,seam-wide,ABL-ET2X-R-PreviousRawEdge-BilinearRGB,0.43066179752349854,44.80100708652163,0.0,0.0
36,still-before,wall-seam,O-T2X-R,0.6215277910232544,44.61442733173292,0.0,0.0
36,still-before,wall-seam,O-ET2X-R-CurrentEdge-Point,0.8239474892616272,41.062324330100765,0.0,0.0
36,still-before,wall-seam,O-ET2X-R-PreviousRawEdge-Point,0.8239474892616272,41.062324330100765,0.0,0.0
36,still-before,wall-seam,ABL-ET2X-R-PreviousRawEdge-BilinearRGB,0.8239474892616272,41.062324330100765,0.0,0.0
36,still-before,seam-wide,O-T2X-R,0.39010825753211975,47.187940237934555,0.0,0.0
36,still-before,seam-wide,O-ET2X-R-CurrentEdge-Point,0.43066179752349854,44.80100708652163,0.0,0.0
36,still-before,seam-wide,O-ET2X-R-PreviousRawEdge-Point,0.43066179752349854,44.80100708652163,0.0,0.0
36,still-before,seam-wide,ABL-ET2X-R-PreviousRawEdge-BilinearRGB,0.43066179752349854,44.80100708652163,0.0,0.0
37,still-before,wall-seam,O-T2X-R,0.6215277910232544,44.61442733173292,0.0,0.0
37,still-before,wall-seam,O-ET2X-R-CurrentEdge-Point,0.8239474892616272,41.062324330100765,0.0,0.0
37,still-before,wall-seam,O-ET2X-R-PreviousRawEdge-Point,0.8239474892616272,41.062324330100765,0.0,0.0
37,still-before,wall-seam,ABL-ET2X-R-PreviousRawEdge-BilinearRGB,0.8239474892616272,41.062324330100765,0.0,0.0
37,still-before,seam-wide,O-T2X-R,0.39010825753211975,47.187940237934555,0.0,0.0
37,still-before,seam-wide,O-ET2X-R-CurrentEdge-Point,0.43066179752349854,44.80100708652163,0.0,0.0
37,still-before,seam-wide,O-ET2X-R-PreviousRawEdge-Point,0.43066179752349854,44.80100708652163,0.0,0.0
37,still-before,seam-wide,ABL-ET2X-R-PreviousRawEdge-BilinearRGB,0.43066179752349854,44.80100708652163,0.0,0.0
38,still-before,wall-seam,O-T2X-R,0.6215277910232544,44.61442733173292,0.0,0.0
38,still-before,wall-seam,O-ET2X-R-CurrentEdge-Point,0.8239474892616272,41.062324330100765,0.0,0.0
38,still-before,wall-seam,O-ET2X-R-PreviousRawEdge-Point,0.8239474892616272,41.062324330100765,0.0,0.0
38,still-before,wall-seam,ABL-ET2X-R-PreviousRawEdge-BilinearRGB,0.8239474892616272,41.062324330100765,0.0,0.0
38,still-before,seam-wide,O-T2X-R,0.39010825753211975,47.187940237934555,0.0,0.0
38,still-before,seam-wide,O-ET2X-R-CurrentEdge-Point,0.43066179752349854,44.80100708652163,0.0,0.0
38,still-before,seam-wide,O-ET2X-R-PreviousRawEdge-Point,0.43066179752349854,44.80100708652163,0.0,0.0
38,still-before,seam-wide,ABL-ET2X-R-PreviousRawEdge-BilinearRGB,0.43066179752349854,44.80100708652163,0.0,0.0
39,still-before,wall-seam,O-T2X-R,0.6215277910232544,44.61442733173292,0.0,0.0
39,still-before,wall-seam,O-ET2X-R-CurrentEdge-Point,0.8239474892616272,41.062324330100765,0.0,0.0
39,still-before,wall-seam,O-ET2X-R-PreviousRawEdge-Point,0.8239474892616272,41.062324330100765,0.0,0.0
39,still-before,wall-seam,ABL-ET2X-R-PreviousRawEdge-BilinearRGB,0.8239474892616272,41.062324330100765,0.0,0.0
39,still-before,seam-wide,O-T2X-R,0.39010825753211975,47.187940237934555,0.0,0.0
39,still-before,seam-wide,O-ET2X-R-CurrentEdge-Point,0.43066179752349854,44.80100708652163,0.0,0.0
39,still-before,seam-wide,O-ET2X-R-PreviousRawEdge-Point,0.43066179752349854,44.80100708652163,0.0,0.0
39,still-before,seam-wide,ABL-ET2X-R-PreviousRawEdge-BilinearRGB,0.43066179752349854,44.80100708652163,0.0,0.0
40,still-before,wall-seam,O-T2X-R,0.6215277910232544,44.61442733173292,0.0,0.0
40,still-before,wall-seam,O-ET2X-R-CurrentEdge-Point,0.8239474892616272,41.062324330100765,0.0,0.0
40,still-before,wall-seam,O-ET2X-R-PreviousRawEdge-Point,0.8239474892616272,41.062324330100765,0.0,0.0
40,still-before,wall-seam,ABL-ET2X-R-PreviousRawEdge-BilinearRGB,0.8239474892616272,41.062324330100765,0.0,0.0
40,still-before,seam-wide,O-T2X-R,0.39010825753211975,47.187940237934555,0.0,0.0
40,still-before,seam-wide,O-ET2X-R-CurrentEdge-Point,0.43066179752349854,44.80100708652163,0.0,0.0
40,still-before,seam-wide,O-ET2X-R-PreviousRawEdge-Point,0.43066179752349854,44.80100708652163,0.0,0.0
40,still-before,seam-wide,ABL-ET2X-R-PreviousRawEdge-BilinearRGB,0.43066179752349854,44.80100708652163,0.0,0.0
41,still-before,wall-seam,O-T2X-R,0.6215277910232544,44.61442733173292,0.0,0.0
41,still-before,wall-seam,O-ET2X-R-CurrentEdge-Point,0.8239474892616272,41.062324330100765,0.0,0.0
41,still-before,wall-seam,O-ET2X-R-PreviousRawEdge-Point,0.8239474892616272,41.062324330100765,0.0,0.0
41,still-before,wall-seam,ABL-ET2X-R-PreviousRawEdge-BilinearRGB,0.8239474892616272,41.062324330100765,0.0,0.0
41,still-before,seam-wide,O-T2X-R,0.39010825753211975,47.187940237934555,0.0,0.0
41,still-before,seam-wide,O-ET2X-R-CurrentEdge-Point,0.43066179752349854,44.80100708652163,0.0,0.0
41,still-before,seam-wide,O-ET2X-R-PreviousRawEdge-Point,0.43066179752349854,44.80100708652163,0.0,0.0
41,still-before,seam-wide,ABL-ET2X-R-PreviousRawEdge-BilinearRGB,0.43066179752349854,44.80100708652163,0.0,0.0
42,still-before,wall-seam,O-T2X-R,0.6215277910232544,44.61442733173292,0.0,0.0
42,still-before,wall-seam,O-ET2X-R-CurrentEdge-Point,0.8239474892616272,41.062324330100765,0.0,0.0
42,still-before,wall-seam,O-ET2X-R-PreviousRawEdge-Point,0.8239474892616272,41.062324330100765,0.0,0.0
42,still-before,wall-seam,ABL-ET2X-R-PreviousRawEdge-BilinearRGB,0.8239474892616272,41.062324330100765,0.0,0.0
42,still-before,seam-wide,O-T2X-R,0.39010825753211975,47.187940237934555,0.0,0.0
42,still-before,seam-wide,O-ET2X-R-CurrentEdge-Point,0.43066179752349854,44.80100708652163,0.0,0.0
42,still-before,seam-wide,O-ET2X-R-PreviousRawEdge-Point,0.43066179752349854,44.80100708652163,0.0,0.0
42,still-before,seam-wide,ABL-ET2X-R-PreviousRawEdge-BilinearRGB,0.43066179752349854,44.80100708652163,0.0,0.0
43,still-before,wall-seam,O-T2X-R,0.6215277910232544,44.61442733173292,0.0,0.0
43,still-before,wall-seam,O-ET2X-R-CurrentEdge-Point,0.8239474892616272,41.062324330100765,0.0,0.0
43,still-before,wall-seam,O-ET2X-R-PreviousRawEdge-Point,0.8239474892616272,41.062324330100765,0.0,0.0
43,still-before,wall-seam,ABL-ET2X-R-PreviousRawEdge-BilinearRGB,0.8239474892616272,41.062324330100765,0.0,0.0
43,still-before,seam-wide,O-T2X-R,0.39010825753211975,47.187940237934555,0.0,0.0
43,still-before,seam-wide,O-ET2X-R-CurrentEdge-Point,0.43066179752349854,44.80100708652163,0.0,0.0
43,still-before,seam-wide,O-ET2X-R-PreviousRawEdge-Point,0.43066179752349854,44.80100708652163,0.0,0.0
43,still-before,seam-wide,ABL-ET2X-R-PreviousRawEdge-BilinearRGB,0.43066179752349854,44.80100708652163,0.0,0.0
44,still-before,wall-seam,O-T2X-R,0.6215277910232544,44.61442733173292,0.0,0.0
44,still-before,wall-seam,O-ET2X-R-CurrentEdge-Point,0.8239474892616272,41.062324330100765,0.0,0.0
44,still-before,wall-seam,O-ET2X-R-PreviousRawEdge-Point,0.8239474892616272,41.062324330100765,0.0,0.0
44,still-before,wall-seam,ABL-ET2X-R-PreviousRawEdge-BilinearRGB,0.8239474892616272,41.062324330100765,0.0,0.0
44,still-before,seam-wide,O-T2X-R,0.39010825753211975,47.187940237934555,0.0,0.0
44,still-before,seam-wide,O-ET2X-R-CurrentEdge-Point,0.43066179752349854,44.80100708652163,0.0,0.0
44,still-before,seam-wide,O-ET2X-R-PreviousRawEdge-Point,0.43066179752349854,44.80100708652163,0.0,0.0
44,still-before,seam-wide,ABL-ET2X-R-PreviousRawEdge-BilinearRGB,0.43066179752349854,44.80100708652163,0.0,0.0
45,still-before,wall-seam,O-T2X-R,0.6215277910232544,44.61442733173292,0.0,0.0
45,still-before,wall-seam,O-ET2X-R-CurrentEdge-Point,0.8239474892616272,41.062324330100765,0.0,0.0
45,still-before,wall-seam,O-ET2X-R-PreviousRawEdge-Point,0.8239474892616272,41.062324330100765,0.0,0.0
45,still-before,wall-seam,ABL-ET2X-R-PreviousRawEdge-BilinearRGB,0.8239474892616272,41.062324330100765,0.0,0.0
45,still-before,seam-wide,O-T2X-R,0.39010825753211975,47.187940237934555,0.0,0.0
45,still-before,seam-wide,O-ET2X-R-CurrentEdge-Point,0.43066179752349854,44.80100708652163,0.0,0.0
45,still-before,seam-wide,O-ET2X-R-PreviousRawEdge-Point,0.43066179752349854,44.80100708652163,0.0,0.0
45,still-before,seam-wide,ABL-ET2X-R-PreviousRawEdge-BilinearRGB,0.43066179752349854,44.80100708652163,0.0,0.0
46,still-before,wall-seam,O-T2X-R,0.6215277910232544,44.61442733173292,0.0,0.0
46,still-before,wall-seam,O-ET2X-R-CurrentEdge-Point,0.8239474892616272,41.062324330100765,0.0,0.0
46,still-before,wall-seam,O-ET2X-R-PreviousRawEdge-Point,0.8239474892616272,41.062324330100765,0.0,0.0
46,still-before,wall-seam,ABL-ET2X-R-PreviousRawEdge-BilinearRGB,0.8239474892616272,41.062324330100765,0.0,0.0
46,still-before,seam-wide,O-T2X-R,0.39010825753211975,47.187940237934555,0.0,0.0
46,still-before,seam-wide,O-ET2X-R-CurrentEdge-Point,0.43066179752349854,44.80100708652163,0.0,0.0
46,still-before,seam-wide,O-ET2X-R-PreviousRawEdge-Point,0.43066179752349854,44.80100708652163,0.0,0.0
46,still-before,seam-wide,ABL-ET2X-R-PreviousRawEdge-BilinearRGB,0.43066179752349854,44.80100708652163,0.0,0.0
47,still-before,wall-seam,O-T2X-R,0.6215277910232544,44.61442733173292,0.0,0.0
47,still-before,wall-seam,O-ET2X-R-CurrentEdge-Point,0.8239474892616272,41.062324330100765,0.0,0.0
47,still-before,wall-seam,O-ET2X-R-PreviousRawEdge-Point,0.8239474892616272,41.062324330100765,0.0,0.0
47,still-before,wall-seam,ABL-ET2X-R-PreviousRawEdge-BilinearRGB,0.8239474892616272,41.062324330100765,0.0,0.0
47,still-before,seam-wide,O-T2X-R,0.39010825753211975,47.187940237934555,0.0,0.0
47,still-before,seam-wide,O-ET2X-R-CurrentEdge-Point,0.43066179752349854,44.80100708652163,0.0,0.0
47,still-before,seam-wide,O-ET2X-R-PreviousRawEdge-Point,0.43066179752349854,44.80100708652163,0.0,0.0
47,still-before,seam-wide,ABL-ET2X-R-PreviousRawEdge-BilinearRGB,0.43066179752349854,44.80100708652163,0.0,0.0
48,still-before,wall-seam,O-T2X-R,0.6215277910232544,44.61442733173292,0.0,0.0
48,still-before,wall-seam,O-ET2X-R-CurrentEdge-Point,0.8239474892616272,41.062324330100765,0.0,0.0
48,still-before,wall-seam,O-ET2X-R-PreviousRawEdge-Point,0.8239474892616272,41.062324330100765,0.0,0.0
48,still-before,wall-seam,ABL-ET2X-R-PreviousRawEdge-BilinearRGB,0.8239474892616272,41.062324330100765,0.0,0.0
48,still-before,seam-wide,O-T2X-R,0.39010825753211975,47.187940237934555,0.0,0.0
48,still-before,seam-wide,O-ET2X-R-CurrentEdge-Point,0.43066179752349854,44.80100708652163,0.0,0.0
48,still-before,seam-wide,O-ET2X-R-PreviousRawEdge-Point,0.43066179752349854,44.80100708652163,0.0,0.0
48,still-before,seam-wide,ABL-ET2X-R-PreviousRawEdge-BilinearRGB,0.43066179752349854,44.80100708652163,0.0,0.0
49,still-before,wall-seam,O-T2X-R,0.6215277910232544,44.61442733173292,0.0,0.0
49,still-before,wall-seam,O-ET2X-R-CurrentEdge-Point,0.8239474892616272,41.062324330100765,0.0,0.0
49,still-before,wall-seam,O-ET2X-R-PreviousRawEdge-Point,0.8239474892616272,41.062324330100765,0.0,0.0
49,still-before,wall-seam,ABL-ET2X-R-PreviousRawEdge-BilinearRGB,0.8239474892616272,41.062324330100765,0.0,0.0
49,still-before,seam-wide,O-T2X-R,0.39010825753211975,47.187940237934555,0.0,0.0
49,still-before,seam-wide,O-ET2X-R-CurrentEdge-Point,0.43066179752349854,44.80100708652163,0.0,0.0
49,still-before,seam-wide,O-ET2X-R-PreviousRawEdge-Point,0.43066179752349854,44.80100708652163,0.0,0.0
49,still-before,seam-wide,ABL-ET2X-R-PreviousRawEdge-BilinearRGB,0.43066179752349854,44.80100708652163,0.0,0.0
50,still-before,wall-seam,O-T2X-R,0.6215277910232544,44.61442733173292,0.0,0.0
50,still-before,wall-seam,O-ET2X-R-CurrentEdge-Point,0.8239474892616272,41.062324330100765,0.0,0.0
50,still-before,wall-seam,O-ET2X-R-PreviousRawEdge-Point,0.8239474892616272,41.062324330100765,0.0,0.0
50,still-before,wall-seam,ABL-ET2X-R-PreviousRawEdge-BilinearRGB,0.8239474892616272,41.062324330100765,0.0,0.0
50,still-before,seam-wide,O-T2X-R,0.39010825753211975,47.187940237934555,0.0,0.0
50,still-before,seam-wide,O-ET2X-R-CurrentEdge-Point,0.43066179752349854,44.80100708652163,0.0,0.0
50,still-before,seam-wide,O-ET2X-R-PreviousRawEdge-Point,0.43066179752349854,44.80100708652163,0.0,0.0
50,still-before,seam-wide,ABL-ET2X-R-PreviousRawEdge-BilinearRGB,0.43066179752349854,44.80100708652163,0.0,0.0
51,still-before,wall-seam,O-T2X-R,0.6215277910232544,44.61442733173292,0.0,0.0
51,still-before,wall-seam,O-ET2X-R-CurrentEdge-Point,0.8239474892616272,41.062324330100765,0.0,0.0
51,still-before,wall-seam,O-ET2X-R-PreviousRawEdge-Point,0.8239474892616272,41.062324330100765,0.0,0.0
51,still-before,wall-seam,ABL-ET2X-R-PreviousRawEdge-BilinearRGB,0.8239474892616272,41.062324330100765,0.0,0.0
51,still-before,seam-wide,O-T2X-R,0.39010825753211975,47.187940237934555,0.0,0.0
51,still-before,seam-wide,O-ET2X-R-CurrentEdge-Point,0.43066179752349854,44.80100708652163,0.0,0.0
51,still-before,seam-wide,O-ET2X-R-PreviousRawEdge-Point,0.43066179752349854,44.80100708652163,0.0,0.0
51,still-before,seam-wide,ABL-ET2X-R-PreviousRawEdge-BilinearRGB,0.43066179752349854,44.80100708652163,0.0,0.0
52,still-before,wall-seam,O-T2X-R,0.6215277910232544,44.61442733173292,0.0,0.0
52,still-before,wall-seam,O-ET2X-R-CurrentEdge-Point,0.8239474892616272,41.062324330100765,0.0,0.0
52,still-before,wall-seam,O-ET2X-R-PreviousRawEdge-Point,0.8239474892616272,41.062324330100765,0.0,0.0
52,still-before,wall-seam,ABL-ET2X-R-PreviousRawEdge-BilinearRGB,0.8239474892616272,41.062324330100765,0.0,0.0
52,still-before,seam-wide,O-T2X-R,0.39010825753211975,47.187940237934555,0.0,0.0
52,still-before,seam-wide,O-ET2X-R-CurrentEdge-Point,0.43066179752349854,44.80100708652163,0.0,0.0
52,still-before,seam-wide,O-ET2X-R-PreviousRawEdge-Point,0.43066179752349854,44.80100708652163,0.0,0.0
52,still-before,seam-wide,ABL-ET2X-R-PreviousRawEdge-BilinearRGB,0.43066179752349854,44.80100708652163,0.0,0.0
53,still-before,wall-seam,O-T2X-R,0.6215277910232544,44.61442733173292,0.0,0.0
53,still-before,wall-seam,O-ET2X-R-CurrentEdge-Point,0.8239474892616272,41.062324330100765,0.0,0.0
53,still-before,wall-seam,O-ET2X-R-PreviousRawEdge-Point,0.8239474892616272,41.062324330100765,0.0,0.0
53,still-before,wall-seam,ABL-ET2X-R-PreviousRawEdge-BilinearRGB,0.8239474892616272,41.062324330100765,0.0,0.0
53,still-before,seam-wide,O-T2X-R,0.39010825753211975,47.187940237934555,0.0,0.0
53,still-before,seam-wide,O-ET2X-R-CurrentEdge-Point,0.43066179752349854,44.80100708652163,0.0,0.0
53,still-before,seam-wide,O-ET2X-R-PreviousRawEdge-Point,0.43066179752349854,44.80100708652163,0.0,0.0
53,still-before,seam-wide,ABL-ET2X-R-PreviousRawEdge-BilinearRGB,0.43066179752349854,44.80100708652163,0.0,0.0
54,still-before,wall-seam,O-T2X-R,0.6215277910232544,44.61442733173292,0.0,0.0
54,still-before,wall-seam,O-ET2X-R-CurrentEdge-Point,0.8239474892616272,41.062324330100765,0.0,0.0
54,still-before,wall-seam,O-ET2X-R-PreviousRawEdge-Point,0.8239474892616272,41.062324330100765,0.0,0.0
54,still-before,wall-seam,ABL-ET2X-R-PreviousRawEdge-BilinearRGB,0.8239474892616272,41.062324330100765,0.0,0.0
54,still-before,seam-wide,O-T2X-R,0.39010825753211975,47.187940237934555,0.0,0.0
54,still-before,seam-wide,O-ET2X-R-CurrentEdge-Point,0.43066179752349854,44.80100708652163,0.0,0.0
54,still-before,seam-wide,O-ET2X-R-PreviousRawEdge-Point,0.43066179752349854,44.80100708652163,0.0,0.0
54,still-before,seam-wide,ABL-ET2X-R-PreviousRawEdge-BilinearRGB,0.43066179752349854,44.80100708652163,0.0,0.0
55,still-before,wall-seam,O-T2X-R,0.6215277910232544,44.61442733173292,0.0,0.0
55,still-before,wall-seam,O-ET2X-R-CurrentEdge-Point,0.8239474892616272,41.062324330100765,0.0,0.0
55,still-before,wall-seam,O-ET2X-R-PreviousRawEdge-Point,0.8239474892616272,41.062324330100765,0.0,0.0
55,still-before,wall-seam,ABL-ET2X-R-PreviousRawEdge-BilinearRGB,0.8239474892616272,41.062324330100765,0.0,0.0
55,still-before,seam-wide,O-T2X-R,0.39010825753211975,47.187940237934555,0.0,0.0
55,still-before,seam-wide,O-ET2X-R-CurrentEdge-Point,0.43066179752349854,44.80100708652163,0.0,0.0
55,still-before,seam-wide,O-ET2X-R-PreviousRawEdge-Point,0.43066179752349854,44.80100708652163,0.0,0.0
55,still-before,seam-wide,ABL-ET2X-R-PreviousRawEdge-BilinearRGB,0.43066179752349854,44.80100708652163,0.0,0.0
56,still-before,wall-seam,O-T2X-R,0.6215277910232544,44.61442733173292,0.0,0.0
56,still-before,wall-seam,O-ET2X-R-CurrentEdge-Point,0.8239474892616272,41.062324330100765,0.0,0.0
56,still-before,wall-seam,O-ET2X-R-PreviousRawEdge-Point,0.8239474892616272,41.062324330100765,0.0,0.0
56,still-before,wall-seam,ABL-ET2X-R-PreviousRawEdge-BilinearRGB,0.8239474892616272,41.062324330100765,0.0,0.0
56,still-before,seam-wide,O-T2X-R,0.39010825753211975,47.187940237934555,0.0,0.0
56,still-before,seam-wide,O-ET2X-R-CurrentEdge-Point,0.43066179752349854,44.80100708652163,0.0,0.0
56,still-before,seam-wide,O-ET2X-R-PreviousRawEdge-Point,0.43066179752349854,44.80100708652163,0.0,0.0
56,still-before,seam-wide,ABL-ET2X-R-PreviousRawEdge-BilinearRGB,0.43066179752349854,44.80100708652163,0.0,0.0
57,still-before,wall-seam,O-T2X-R,0.6215277910232544,44.61442733173292,0.0,0.0
57,still-before,wall-seam,O-ET2X-R-CurrentEdge-Point,0.8239474892616272,41.062324330100765,0.0,0.0
57,still-before,wall-seam,O-ET2X-R-PreviousRawEdge-Point,0.8239474892616272,41.062324330100765,0.0,0.0
57,still-before,wall-seam,ABL-ET2X-R-PreviousRawEdge-BilinearRGB,0.8239474892616272,41.062324330100765,0.0,0.0
57,still-before,seam-wide,O-T2X-R,0.39010825753211975,47.187940237934555,0.0,0.0
57,still-before,seam-wide,O-ET2X-R-CurrentEdge-Point,0.43066179752349854,44.80100708652163,0.0,0.0
57,still-before,seam-wide,O-ET2X-R-PreviousRawEdge-Point,0.43066179752349854,44.80100708652163,0.0,0.0
57,still-before,seam-wide,ABL-ET2X-R-PreviousRawEdge-BilinearRGB,0.43066179752349854,44.80100708652163,0.0,0.0
58,still-before,wall-seam,O-T2X-R,0.6215277910232544,44.61442733173292,0.0,0.0
58,still-before,wall-seam,O-ET2X-R-CurrentEdge-Point,0.8239474892616272,41.062324330100765,0.0,0.0
58,still-before,wall-seam,O-ET2X-R-PreviousRawEdge-Point,0.8239474892616272,41.062324330100765,0.0,0.0
58,still-before,wall-seam,ABL-ET2X-R-PreviousRawEdge-BilinearRGB,0.8239474892616272,41.062324330100765,0.0,0.0
58,still-before,seam-wide,O-T2X-R,0.39010825753211975,47.187940237934555,0.0,0.0
58,still-before,seam-wide,O-ET2X-R-CurrentEdge-Point,0.43066179752349854,44.80100708652163,0.0,0.0
58,still-before,seam-wide,O-ET2X-R-PreviousRawEdge-Point,0.43066179752349854,44.80100708652163,0.0,0.0
58,still-before,seam-wide,ABL-ET2X-R-PreviousRawEdge-BilinearRGB,0.43066179752349854,44.80100708652163,0.0,0.0
59,still-before,wall-seam,O-T2X-R,0.6215277910232544,44.61442733173292,0.0,0.0
59,still-before,wall-seam,O-ET2X-R-CurrentEdge-Point,0.8239474892616272,41.062324330100765,0.0,0.0
59,still-before,wall-seam,O-ET2X-R-PreviousRawEdge-Point,0.8239474892616272,41.062324330100765,0.0,0.0
59,still-before,wall-seam,ABL-ET2X-R-PreviousRawEdge-BilinearRGB,0.8239474892616272,41.062324330100765,0.0,0.0
59,still-before,seam-wide,O-T2X-R,0.39010825753211975,47.187940237934555,0.0,0.0
59,still-before,seam-wide,O-ET2X-R-CurrentEdge-Point,0.43066179752349854,44.80100708652163,0.0,0.0
59,still-before,seam-wide,O-ET2X-R-PreviousRawEdge-Point,0.43066179752349854,44.80100708652163,0.0,0.0
59,still-before,seam-wide,ABL-ET2X-R-PreviousRawEdge-BilinearRGB,0.43066179752349854,44.80100708652163,0.0,0.0
60,move,wall-seam,O-T2X-R,0.6215277910232544,44.61442733173292,0.0,0.0
60,move,wall-seam,O-ET2X-R-CurrentEdge-Point,0.8239474892616272,41.062324330100765,0.0,0.0
60,move,wall-seam,O-ET2X-R-PreviousRawEdge-Point,0.8239474892616272,41.062324330100765,0.0,0.0
60,move,wall-seam,ABL-ET2X-R-PreviousRawEdge-BilinearRGB,0.8239474892616272,41.062324330100765,0.0,0.0
60,move,seam-wide,O-T2X-R,0.39010825753211975,47.187940237934555,0.0,0.0
60,move,seam-wide,O-ET2X-R-CurrentEdge-Point,0.43066179752349854,44.80100708652163,0.0,0.0
60,move,seam-wide,O-ET2X-R-PreviousRawEdge-Point,0.43066179752349854,44.80100708652163,0.0,0.0
60,move,seam-wide,ABL-ET2X-R-PreviousRawEdge-BilinearRGB,0.43066179752349854,44.80100708652163,0.0,0.0
61,move,wall-seam,O-T2X-R,1.3764106035232544,38.011306916842585,10.154622077941895,10.154622077941895
61,move,wall-seam,O-ET2X-R-CurrentEdge-Point,0.5578342080116272,44.76397453323462,9.600829124450684,9.600829124450684
61,move,wall-seam,O-ET2X-R-PreviousRawEdge-Point,0.5578342080116272,44.76397453323462,9.600829124450684,9.600829124450684
61,move,wall-seam,ABL-ET2X-R-PreviousRawEdge-BilinearRGB,0.5578342080116272,44.76397453323462,9.600829124450684,9.600829124450684
61,move,seam-wide,O-T2X-R,0.7064996361732483,40.9370961360504,9.690661430358887,9.690661430358887
61,move,seam-wide,O-ET2X-R-CurrentEdge-Point,0.39150315523147583,45.034129984210615,9.562749862670898,9.562749862670898
61,move,seam-wide,O-ET2X-R-PreviousRawEdge-Point,0.39150315523147583,45.034129984210615,9.562749862670898,9.562749862670898
61,move,seam-wide,ABL-ET2X-R-PreviousRawEdge-BilinearRGB,0.39150315523147583,45.034129984210615,9.562749862670898,9.562749862670898
62,move,wall-seam,O-T2X-R,1.1436089277267456,40.24442090088571,13.939876556396484,22.15592384338379
62,move,wall-seam,O-ET2X-R-CurrentEdge-Point,0.4949001669883728,47.39997171616775,13.13195514678955,19.895036697387695
62,move,wall-seam,O-ET2X-R-PreviousRawEdge-Point,0.4949001669883728,47.39997171616775,13.13195514678955,19.895036697387695
62,move,wall-seam,ABL-ET2X-R-PreviousRawEdge-BilinearRGB,0.4899631142616272,47.46841026369082,13.131413459777832,19.894145965576172
62,move,seam-wide,O-T2X-R,1.0579850673675537,35.33299034176052,12.055863380432129,17.458450317382812
62,move,seam-wide,O-ET2X-R-CurrentEdge-Point,0.6997931003570557,35.80713274018247,11.92973804473877,17.043941497802734
62,move,seam-wide,O-ET2X-R-PreviousRawEdge-Point,0.7006706595420837,35.80610635198412,11.929648399353027,17.04495620727539
62,move,seam-wide,ABL-ET2X-R-PreviousRawEdge-BilinearRGB,0.6990633010864258,35.80768483945331,11.930488586425781,17.044567108154297
63,move,wall-seam,O-T2X-R,1.9305013418197632,37.349547840867075,10.909655570983887,22.455642700195312
63,move,wall-seam,O-ET2X-R-CurrentEdge-Point,0.99609375,42.291842753596256,11.022605895996094,21.682159423828125
63,move,wall-seam,O-ET2X-R-PreviousRawEdge-Point,0.99609375,42.291842753596256,11.022605895996094,21.682159423828125
63,move,wall-seam,ABL-ET2X-R-PreviousRawEdge-BilinearRGB,0.99609375,42.291842753596256,11.019841194152832,21.67791748046875
63,move,seam-wide,O-T2X-R,1.4047315120697021,36.37632295394861,8.421828269958496,18.449077606201172
63,move,seam-wide,O-ET2X-R-CurrentEdge-Point,0.8023592829704285,40.421588505231966,8.470634460449219,18.323930740356445
63,move,seam-wide,O-ET2X-R-PreviousRawEdge-Point,0.8081883192062378,40.41412341184028,8.4619140625,18.319765090942383
63,move,seam-wide,ABL-ET2X-R-PreviousRawEdge-BilinearRGB,0.7850570678710938,40.6972856029637,8.47945785522461,18.332426071166992
64,move,wall-seam,O-T2X-R,1.4113497734069824,37.715934421830035,2.3336145877838135,11.658503532409668
64,move,wall-seam,O-ET2X-R-CurrentEdge-Point,1.06396484375,40.71737746603241,1.6519055366516113,11.14731502532959
64,move,wall-seam,O-ET2X-R-PreviousRawEdge-Point,1.1207139492034912,40.45707874855927,1.5557714700698853,11.099029541015625
64,move,wall-seam,ABL-ET2X-R-PreviousRawEdge-BilinearRGB,1.0197482109069824,41.227150428301485,1.7061285972595215,11.2100830078125
64,move,seam-wide,O-T2X-R,1.1943705081939697,37.17387507851881,3.8180201053619385,10.554741859436035
64,move,seam-wide,O-ET2X-R-CurrentEdge-Point,0.9590954184532166,38.069915003957846,3.5904829502105713,10.274620056152344
64,move,seam-wide,O-ET2X-R-PreviousRawEdge-Point,0.9620237946510315,38.38618595178418,3.5419743061065674,10.243057250976562
64,move,seam-wide,ABL-ET2X-R-PreviousRawEdge-BilinearRGB,0.9271976351737976,38.4842013930582,3.6001288890838623,10.263345718383789
65,move,wall-seam,O-T2X-R,1.2248806953430176,40.99774146554864,1.6193782091140747,1.887406349182129
65,move,wall-seam,O-ET2X-R-CurrentEdge-Point,1.2052950859069824,36.931073117649554,1.8135405778884888,1.6597427129745483
65,move,wall-seam,O-ET2X-R-PreviousRawEdge-Point,1.1976996660232544,37.32797012824779,1.8197988271713257,1.6241477727890015
65,move,wall-seam,ABL-ET2X-R-PreviousRawEdge-BilinearRGB,1.1197916269302368,37.49275281415135,1.7778935432434082,1.4864736795425415
65,move,seam-wide,O-T2X-R,1.250351071357727,38.11566911609742,3.7231862545013428,5.578112602233887
65,move,seam-wide,O-ET2X-R-CurrentEdge-Point,1.0856612920761108,37.63864971178488,3.5833091735839844,5.3796539306640625
65,move,seam-wide,O-ET2X-R-PreviousRawEdge-Point,1.0983445644378662,37.725265883750595,3.591966390609741,5.351786136627197
65,move,seam-wide,ABL-ET2X-R-PreviousRawEdge-BilinearRGB,1.0595831871032715,37.77320995404034,3.5828800201416016,5.303249835968018
66,move,wall-seam,O-T2X-R,1.3824869394302368,37.1148334136043,1.7324985265731812,2.3111438751220703
66,move,wall-seam,O-ET2X-R-CurrentEdge-Point,1.0256075859069824,40.14576877349203,1.8125461339950562,2.035639524459839
66,move,wall-seam,O-ET2X-R-PreviousRawEdge-Point,0.9697265625,44.053000839519385,1.7377099990844727,1.948102593421936
66,move,wall-seam,ABL-ET2X-R-PreviousRawEdge-BilinearRGB,0.94677734375,43.487351683430255,1.722978949546814,1.833793044090271
66,move,seam-wide,O-T2X-R,1.2569652795791626,36.73805394246253,2.0544536113739014,4.635885238647461
66,move,seam-wide,O-ET2X-R-CurrentEdge-Point,1.0731903314590454,38.365107415885895,2.2230207920074463,4.3239827156066895
66,move,seam-wide,O-ET2X-R-PreviousRawEdge-Point,1.0412647724151611,39.53146491919053,2.1633288860321045,4.283199310302734
66,move,seam-wide,ABL-ET2X-R-PreviousRawEdge-BilinearRGB,1.007694959640503,39.5890831826827,2.161891222000122,4.225728988647461
67,move,wall-seam,O-T2X-R,1.3379991054534912,39.25008655967813,1.6324882507324219,1.3334598541259766
67,move,wall-seam,O-ET2X-R-CurrentEdge-Point,1.0675997734069824,40.649226288972564,1.6143684387207031,1.7128559350967407
67,move,wall-seam,O-ET2X-R-PreviousRawEdge-Point,1.1125760078430176,40.46771945342228,1.6949211359024048,1.6397002935409546
67,move,wall-seam,ABL-ET2X-R-PreviousRawEdge-BilinearRGB,1.0116102695465088,41.311504817349665,1.6497646570205688,1.530327320098877
67,move,seam-wide,O-T2X-R,1.1994143724441528,38.025138702665856,2.08711838722229,2.3470234870910645
67,move,seam-wide,O-ET2X-R-CurrentEdge-Point,0.9889516830444336,39.39679438612788,2.038351058959961,2.6906464099884033
67,move,seam-wide,O-ET2X-R-PreviousRawEdge-Point,0.9951132535934448,39.87200462192299,2.0686557292938232,2.6022112369537354
67,move,seam-wide,ABL-ET2X-R-PreviousRawEdge-BilinearRGB,0.9653586149215698,39.8826869366232,2.051264524459839,2.5439436435699463
68,move,wall-seam,O-T2X-R,1.1393771171569824,42.93543740297974,1.6617234945297241,2.28934383392334
68,move,wall-seam,O-ET2X-R-CurrentEdge-Point,1.2646484375,35.932437573844204,1.8334283828735352,1.7440738677978516
68,move,wall-seam,O-ET2X-R-PreviousRawEdge-Point,1.2413736581802368,36.39738829420086,1.809160828590393,1.8339749574661255
68,move,wall-seam,ABL-ET2X-R-PreviousRawEdge-BilinearRGB,1.1819119453430176,36.416208632941014,1.7894824743270874,1.6999820470809937
68,move,seam-wide,O-T2X-R,1.2549421787261963,37.91511448550163,2.0368034839630127,2.9672458171844482
68,move,seam-wide,O-ET2X-R-CurrentEdge-Point,1.132828950881958,37.205336806408255,2.178302764892578,2.5678255558013916
68,move,seam-wide,O-ET2X-R-PreviousRawEdge-Point,1.1123119592666626,37.74251898523104,2.148601770401001,2.58233380317688
68,move,seam-wide,ABL-ET2X-R-PreviousRawEdge-BilinearRGB,1.0797398090362549,37.73512180607574,2.125302791595459,2.4947686195373535
69,move,wall-seam,O-T2X-R,1.1270073652267456,42.90053200453299,1.607853889465332,1.2808030843734741
69,move,wall-seam,O-ET2X-R-CurrentEdge-Point,0.9465060830116272,43.49601482860997,1.8158607482910156,2.048394203186035
69,move,wall-seam,O-ET2X-R-PreviousRawEdge-Point,0.9943576455116272,43.23769609274131,1.7999744415283203,1.9891411066055298
69,move,wall-seam,ABL-ET2X-R-PreviousRawEdge-BilinearRGB,0.9371201992034912,43.15651830916495,1.7912988662719727,1.8960851430892944
69,move,seam-wide,O-T2X-R,1.2878284454345703,37.77745362776969,1.9738318920135498,2.2328147888183594
69,move,seam-wide,O-ET2X-R-CurrentEdge-Point,1.0850330591201782,38.800249415681776,1.9561221599578857,2.611989736557007
69,move,seam-wide,O-ET2X-R-PreviousRawEdge-Point,1.1110464334487915,38.77334510940618,1.9640017747879028,2.5444600582122803
69,move,seam-wide,ABL-ET2X-R-PreviousRawEdge-BilinearRGB,1.0348538160324097,39.257283973683556,1.9357856512069702,2.482832670211792
70,move,wall-seam,O-T2X-R,1.2501627206802368,41.41541311849862,1.7138704061508179,2.3050315380096436
70,move,wall-seam,O-ET2X-R-CurrentEdge-Point,1.0300021171569824,41.76873111722705,1.7198991775512695,1.5793460607528687
70,move,wall-seam,O-ET2X-R-PreviousRawEdge-Point,1.0743814706802368,41.54885700643332,1.7438716888427734,1.627534031867981
70,move,wall-seam,ABL-ET2X-R-PreviousRawEdge-BilinearRGB,0.9766167402267456,42.46559233507945,1.6971369981765747,1.5196374654769897
70,move,seam-wide,O-T2X-R,1.282876968383789,38.50404359985368,1.6769566535949707,2.6333701610565186
70,move,seam-wide,O-ET2X-R-CurrentEdge-Point,1.1384177207946777,37.26637811608791,1.8400135040283203,2.0538809299468994
70,move,seam-wide,O-ET2X-R-PreviousRawEdge-Point,1.1155544519424438,38.026846059722615,1.796682596206665,2.033419132232666
70,move,seam-wide,ABL-ET2X-R-PreviousRawEdge-BilinearRGB,1.0570428371429443,38.192904214075504,1.7730807065963745,1.965643286705017
71,move,wall-seam,O-T2X-R,1.4554579257965088,35.79129296918148,1.5805726051330566,1.244886875152588
71,move,wall-seam,O-ET2X-R-CurrentEdge-Point,1.3267143964767456,35.39069939038906,1.882436752319336,1.849839210510254
71,move,wall-seam,O-ET2X-R-PreviousRawEdge-Point,1.3173828125,35.76553579779287,1.8558324575424194,1.869518756866455
71,move,wall-seam,ABL-ET2X-R-PreviousRawEdge-BilinearRGB,1.2550455331802368,35.76259857287116,1.8369884490966797,1.7584222555160522
71,move,seam-wide,O-T2X-R,1.2499723434448242,38.02819770480657,1.6614104509353638,1.6354235410690308
71,move,seam-wide,O-ET2X-R-CurrentEdge-Point,1.270285964012146,36.73693605914292,1.80718994140625,2.080923318862915
71,move,seam-wide,O-ET2X-R-PreviousRawEdge-Point,1.2475981712341309,37.21756972783168,1.8064390420913696,1.9658228158950806
71,move,seam-wide,ABL-ET2X-R-PreviousRawEdge-BilinearRGB,1.2237926721572876,37.128522234265915,1.786448359489441,1.8948965072631836
72,move,wall-seam,O-T2X-R,1.3955078125,37.50464913983467,1.6716814041137695,2.2782199382781982
72,move,wall-seam,O-ET2X-R-CurrentEdge-Point,1.0789388418197632,39.014367567164584,1.8881382942199707,2.0564048290252686
72,move,wall-seam,O-ET2X-R-PreviousRawEdge-Point,1.1395941972732544,38.867576635995256,1.8188676834106445,1.927055835723877
72,move,wall-seam,ABL-ET2X-R-PreviousRawEdge-BilinearRGB,1.0686849355697632,39.1131776191922,1.8181253671646118,1.8699356317520142
72,move,seam-wide,O-T2X-R,1.2270258665084839,38.80118112962144,1.5243948698043823,2.2113447189331055
72,move,seam-wide,O-ET2X-R-CurrentEdge-Point,1.050096035003662,39.26184158970561,1.6964938640594482,2.139681816101074
72,move,seam-wide,O-ET2X-R-PreviousRawEdge-Point,1.116967797279358,38.90358372659787,1.6286039352416992,2.0022060871124268
72,move,seam-wide,ABL-ET2X-R-PreviousRawEdge-BilinearRGB,1.0321564674377441,39.34970638604668,1.6163119077682495,1.9358417987823486
73,move,wall-seam,O-T2X-R,1.2627495527267456,40.883983438213534,1.5323361158370972,1.235674262046814
73,move,wall-seam,O-ET2X-R-CurrentEdge-Point,1.06396484375,41.981421936557474,1.7987009286880493,1.8653374910354614
73,move,wall-seam,O-ET2X-R-PreviousRawEdge-Point,1.1416015625,41.161035456136474,1.8019834756851196,1.852184772491455
73,move,wall-seam,ABL-ET2X-R-PreviousRawEdge-BilinearRGB,1.0339083671569824,42.04490018555233,1.7415915727615356,1.704099178314209
73,move,seam-wide,O-T2X-R,1.2284576892852783,37.62697376778807,1.3951596021652222,1.2246387004852295
73,move,seam-wide,O-ET2X-R-CurrentEdge-Point,1.1352214813232422,37.58271250527636,1.56687331199646,1.6358489990234375
73,move,seam-wide,O-ET2X-R-PreviousRawEdge-Point,1.0770978927612305,39.14606420087688,1.5881900787353516,1.6046533584594727
73,move,seam-wide,ABL-ET2X-R-PreviousRawEdge-BilinearRGB,1.046133041381836,39.09089648524192,1.5532673597335815,1.5087143182754517
74,move,wall-seam,O-T2X-R,1.1572265625,42.82369980434984,1.7121750116348267,2.2824904918670654
74,move,wall-seam,O-ET2X-R-CurrentEdge-Point,1.2875434160232544,35.1307653668571,1.7858076095581055,1.9468544721603394
74,move,wall-seam,O-ET2X-R-PreviousRawEdge-Point,1.2552626132965088,35.73061971904302,1.8341760635375977,1.8656357526779175
74,move,wall-seam,ABL-ET2X-R-PreviousRawEdge-BilinearRGB,1.2082791328430176,35.627458732754754,1.8065134286880493,1.7300715446472168
74,move,seam-wide,O-T2X-R,1.1827495098114014,39.941874572410875,1.5052849054336548,1.9719610214233398
74,move,seam-wide,O-ET2X-R-CurrentEdge-Point,1.1934282779693604,36.61312007067083,1.5768184661865234,1.7566641569137573
74,move,seam-wide,O-ET2X-R-PreviousRawEdge-Point,1.1772253513336182,37.08308978574745,1.591680645942688,1.691006064414978
74,move,seam-wide,ABL-ET2X-R-PreviousRawEdge-BilinearRGB,1.1503897905349731,36.95873143836485,1.5646026134490967,1.59516179561615
75,move,wall-seam,O-T2X-R,1.2530924081802368,40.89581397515866,1.7142057418823242,1.3003395795822144
75,move,wall-seam,O-ET2X-R-CurrentEdge-Point,1.0262587070465088,41.72447129046376,1.7423421144485474,1.803000807762146
75,move,wall-seam,O-ET2X-R-PreviousRawEdge-Point,1.0736762285232544,41.54311483766632,1.7461897134780884,1.8313331604003906
75,move,wall-seam,ABL-ET2X-R-PreviousRawEdge-BilinearRGB,1.0240342617034912,41.462551725630554,1.7130851745605469,1.7204405069351196
75,move,seam-wide,O-T2X-R,1.1555906534194946,41.06240974429335,1.5659353733062744,1.2750303745269775
75,move,seam-wide,O-ET2X-R-CurrentEdge-Point,1.0682666301727295,38.960417893792744,1.5771821737289429,1.6997441053390503
75,move,seam-wide,O-ET2X-R-PreviousRawEdge-Point,1.118880033493042,38.68909929234608,1.572218656539917,1.64985990524292
75,move,seam-wide,ABL-ET2X-R-PreviousRawEdge-BilinearRGB,1.0573015213012695,38.944019970113615,1.5447276830673218,1.5791668891906738
76,move,wall-seam,O-T2X-R,1.3379991054534912,40.90807876801266,1.826442837715149,2.5465049743652344
76,move,wall-seam,O-ET2X-R-CurrentEdge-Point,1.0387911796569824,42.179854849350484,1.5971794128417969,1.656246542930603
76,move,wall-seam,O-ET2X-R-PreviousRawEdge-Point,1.0817056894302368,41.99247241803025,1.6063657999038696,1.70224130153656
76,move,wall-seam,ABL-ET2X-R-PreviousRawEdge-BilinearRGB,0.9778103232383728,42.86520382795122,1.5845985412597656,1.5909843444824219
76,move,seam-wide,O-T2X-R,1.1818996667861938,41.123734689390815,1.5217828750610352,2.1027660369873047
76,move,seam-wide,O-ET2X-R-CurrentEdge-Point,1.085421085357666,38.79673119568291,1.5169075727462769,1.5585566759109497
76,move,seam-wide,O-ET2X-R-PreviousRawEdge-Point,1.0875734090805054,39.32954195156561,1.5397601127624512,1.5936449766159058
76,move,seam-wide,ABL-ET2X-R-PreviousRawEdge-BilinearRGB,1.0144569873809814,39.78397864403362,1.5155587196350098,1.499025821685791
77,move,wall-seam,O-T2X-R,1.5285372734069824,36.09759280515442,1.7294496297836304,1.4341068267822266
77,move,wall-seam,O-ET2X-R-CurrentEdge-Point,1.2773979902267456,37.627978888391866,2.0117692947387695,1.8894277811050415
77,move,wall-seam,O-ET2X-R-PreviousRawEdge-Point,1.3277994394302368,37.41249489695781,1.978525161743164,1.8715605735778809
77,move,wall-seam,ABL-ET2X-R-PreviousRawEdge-BilinearRGB,1.2143012285232544,38.14434919754585,1.9501534700393677,1.7578520774841309
77,move,seam-wide,O-T2X-R,1.312354564666748,37.79540950770667,1.6044632196426392,1.4384253025054932
77,move,seam-wide,O-ET2X-R-CurrentEdge-Point,1.1950541734695435,37.864904043682806,1.8569369316101074,1.8066941499710083
77,move,seam-wide,O-ET2X-R-PreviousRawEdge-Point,1.1746110916137695,38.560279447174594,1.7726331949234009,1.7439833879470825
77,move,seam-wide,ABL-ET2X-R-PreviousRawEdge-BilinearRGB,1.09731924533844,39.01855239147555,1.7507143020629883,1.6558674573898315
78,move,wall-seam,O-T2X-R,1.4405381679534912,37.96474964117288,1.8453928232192993,2.4478960037231445
78,move,wall-seam,O-ET2X-R-CurrentEdge-Point,1.0882161855697632,40.756923532037405,1.9042333364486694,1.9983940124511719
78,move,wall-seam,O-ET2X-R-PreviousRawEdge-Point,1.1453993320465088,40.43223080517579,1.9078353643417358,1.9717979431152344
78,move,wall-seam,ABL-ET2X-R-PreviousRawEdge-BilinearRGB,1.0418294668197632,41.40228186962486,1.869241714477539,1.871512770652771
78,move,seam-wide,O-T2X-R,1.3741363286972046,37.68234079750352,1.6060343980789185,2.0917556285858154
78,move,seam-wide,O-ET2X-R-CurrentEdge-Point,1.075656771659851,39.417948791746454,1.6818283796310425,1.8098859786987305
78,move,seam-wide,O-ET2X-R-PreviousRawEdge-Point,1.1170971393585205,39.262013288657286,1.7253049612045288,1.6460685729980469
78,move,seam-wide,ABL-ET2X-R-PreviousRawEdge-BilinearRGB,1.0522300004959106,39.597549881391856,1.6821913719177246,1.5724462270736694
79,move,wall-seam,O-T2X-R,1.2799478769302368,41.87796051196492,1.6969093084335327,1.3361693620681763
79,move,wall-seam,O-ET2X-R-CurrentEdge-Point,1.1482205390930176,42.25356245173533,1.9510307312011719,1.9095487594604492
79,move,wall-seam,O-ET2X-R-PreviousRawEdge-Point,1.1968315839767456,42.0444942502413,1.9511094093322754,1.9621723890304565
79,move,wall-seam,ABL-ET2X-R-PreviousRawEdge-BilinearRGB,1.0923936367034912,42.78465201605778,1.917806625366211,1.8240333795547485
79,move,seam-wide,O-T2X-R,1.270627737045288,38.19090648581067,1.5836793184280396,1.27792489528656
79,move,seam-wide,O-ET2X-R-CurrentEdge-Point,1.1593966484069824,38.68645359167955,1.6744260787963867,1.5735002756118774
79,move,seam-wide,O-ET2X-R-PreviousRawEdge-Point,1.1621309518814087,39.13933334164069,1.6861227750778198,1.6552579402923584
79,move,seam-wide,ABL-ET2X-R-PreviousRawEdge-BilinearRGB,1.0815781354904175,39.46555744333753,1.6574130058288574,1.5445680618286133
80,move,wall-seam,O-T2X-R,1.2957357168197632,42.33263282722932,1.8087902069091797,2.3848659992218018
80,move,wall-seam,O-ET2X-R-CurrentEdge-Point,1.2801649570465088,38.142553494975814,1.8746179342269897,1.9622629880905151
80,move,wall-seam,O-ET2X-R-PreviousRawEdge-Point,1.3138563632965088,37.98368191666689,1.8662214279174805,1.9604196548461914
80,move,wall-seam,ABL-ET2X-R-PreviousRawEdge-BilinearRGB,1.21923828125,38.616982505399776,1.8293709754943848,1.8414415121078491
80,move,seam-wide,O-T2X-R,1.2751635313034058,39.90301436909698,1.5843417644500732,2.0971462726593018
80,move,seam-wide,O-ET2X-R-CurrentEdge-Point,1.1593503952026367,38.28224638281844,1.7915986776351929,1.8706878423690796
80,move,seam-wide,O-ET2X-R-PreviousRawEdge-Point,1.1139378547668457,39.678161499394804,1.6876033544540405,1.7712464332580566
80,move,seam-wide,ABL-ET2X-R-PreviousRawEdge-BilinearRGB,1.0752410888671875,39.86788491738268,1.6890391111373901,1.68081533908844
81,move,wall-seam,O-T2X-R,1.3158637285232544,39.90410392560778,1.6560992002487183,1.30392324924469
81,move,wall-seam,O-ET2X-R-CurrentEdge-Point,1.1373155117034912,40.14760525944831,1.959743857383728,2.0300347805023193
81,move,wall-seam,O-ET2X-R-PreviousRawEdge-Point,1.1896700859069824,39.94376891011618,1.9564809799194336,2.009342908859253
81,move,wall-seam,ABL-ET2X-R-PreviousRawEdge-BilinearRGB,1.1053602695465088,40.40517696051659,1.9214156866073608,1.894302487373352
81,move,seam-wide,O-T2X-R,1.2344344854354858,39.899606675592906,1.5851961374282837,1.2269694805145264
81,move,seam-wide,O-ET2X-R-CurrentEdge-Point,1.0380315780639648,40.08354497136526,1.6706712245941162,1.7691675424575806
81,move,seam-wide,O-ET2X-R-PreviousRawEdge-Point,1.0757676362991333,39.91946245466238,1.7563382387161255,1.6151025295257568
81,move,seam-wide,ABL-ET2X-R-PreviousRawEdge-BilinearRGB,1.0328123569488525,39.99530500834906,1.707985520362854,1.5893652439117432
82,move,wall-seam,O-T2X-R,1.32373046875,41.86987147393396,1.9336366653442383,2.4537832736968994
82,move,wall-seam,O-ET2X-R-CurrentEdge-Point,1.0093858242034912,42.93614992069927,1.9356660842895508,1.9066619873046875
82,move,wall-seam,O-ET2X-R-PreviousRawEdge-Point,1.0659722089767456,42.65178579688655,1.9304242134094238,1.9241480827331543
82,move,wall-seam,ABL-ET2X-R-PreviousRawEdge-BilinearRGB,0.9695095419883728,43.361633426822046,1.9056934118270874,1.8139710426330566
82,move,seam-wide,O-T2X-R,1.2400232553482056,40.2066887824028,1.6181418895721436,2.099734306335449
82,move,seam-wide,O-ET2X-R-CurrentEdge-Point,1.1102150678634644,38.97930636866275,1.633622407913208,1.522074580192566
82,move,seam-wide,O-ET2X-R-PreviousRawEdge-Point,1.118676781654358,39.45330045608148,1.6381161212921143,1.6335457563400269
82,move,seam-wide,ABL-ET2X-R-PreviousRawEdge-BilinearRGB,1.0551583766937256,39.62776983319544,1.6140375137329102,1.5209474563598633
83,move,wall-seam,O-T2X-R,1.4546440839767456,36.75703993266624,1.62118661403656,1.4447311162948608
83,move,wall-seam,O-ET2X-R-CurrentEdge-Point,1.2073025703430176,38.494395546898005,1.7168747186660767,1.9097663164138794
83,move,wall-seam,O-ET2X-R-PreviousRawEdge-Point,1.2528212070465088,38.28652692839598,1.7202247381210327,1.9287843704223633
83,move,wall-seam,ABL-ET2X-R-PreviousRawEdge-BilinearRGB,1.1541341543197632,38.924454071864346,1.6884454488754272,1.8008023500442505
83,move,seam-wide,O-T2X-R,1.2941192388534546,37.895486993143884,1.4398136138916016,1.3858405351638794
83,move,seam-wide,O-ET2X-R-CurrentEdge-Point,1.1524498462677002,39.04538005478222,1.583250641822815,1.8273905515670776
83,move,seam-wide,O-ET2X-R-PreviousRawEdge-Point,1.183229923248291,38.85357746894874,1.5212684869766235,1.7599785327911377
83,move,seam-wide,ABL-ET2X-R-PreviousRawEdge-BilinearRGB,1.0921368598937988,39.69945683916355,1.5285155773162842,1.7043496370315552
84,move,wall-seam,O-T2X-R,1.3722872734069824,38.359871956681545,1.6953572034835815,2.421175003051758
84,move,wall-seam,O-ET2X-R-CurrentEdge-Point,1.0914713144302368,39.44367308149755,1.5874123573303223,1.82123601436615
84,move,wall-seam,O-ET2X-R-PreviousRawEdge-Point,1.1329209804534912,39.3693971799298,1.5834976434707642,1.8467127084732056
84,move,wall-seam,ABL-ET2X-R-PreviousRawEdge-BilinearRGB,1.0490994453430176,39.74490200984616,1.564927101135254,1.71494722366333
84,move,seam-wide,O-T2X-R,1.2804844379425049,38.20829852150374,1.4647283554077148,2.1195175647735596
84,move,seam-wide,O-ET2X-R-CurrentEdge-Point,1.1122196912765503,39.05374260488984,1.4698264598846436,1.735546588897705
84,move,seam-wide,O-ET2X-R-PreviousRawEdge-Point,1.1256327629089355,39.43072330966521,1.476266622543335,1.636184573173523
84,move,seam-wide,ABL-ET2X-R-PreviousRawEdge-BilinearRGB,1.053458571434021,39.70960728819331,1.4364206790924072,1.5862473249435425
85,move,wall-seam,O-T2X-R,1.3547635078430176,41.118121001885626,1.6523517370224,1.3780698776245117
85,move,wall-seam,O-ET2X-R-CurrentEdge-Point,1.0883246660232544,42.208621518857214,1.6599000692367554,1.6859092712402344
85,move,wall-seam,O-ET2X-R-PreviousRawEdge-Point,1.13525390625,42.02486956222639,1.6628026962280273,1.7086738348007202
85,move,wall-seam,ABL-ET2X-R-PreviousRawEdge-BilinearRGB,1.0449761152267456,42.568053403635034,1.637816309928894,1.5920114517211914
85,move,seam-wide,O-T2X-R,1.2809925079345703,36.78640082857532,1.479128360748291,1.3172497749328613
85,move,seam-wide,O-ET2X-R-CurrentEdge-Point,1.1233233213424683,38.89617985301838,1.4388623237609863,1.6266484260559082
85,move,seam-wide,O-ET2X-R-PreviousRawEdge-Point,1.1315910816192627,39.32697839408001,1.4760197401046753,1.6050664186477661
85,move,seam-wide,ABL-ET2X-R-PreviousRawEdge-BilinearRGB,1.078880786895752,39.441175130502444,1.452046275138855,1.500058650970459
86,move,wall-seam,O-T2X-R,1.3504232168197632,41.42124015450147,1.6658624410629272,2.4785053730010986
86,move,wall-seam,O-ET2X-R-CurrentEdge-Point,1.2230902910232544,38.67986588746182,1.84390389919281,1.9623597860336304
86,move,wall-seam,O-ET2X-R-PreviousRawEdge-Point,1.2546114921569824,38.52633213300754,1.7983360290527344,1.9310083389282227
86,move,wall-seam,ABL-ET2X-R-PreviousRawEdge-BilinearRGB,1.1680229902267456,39.24457153290189,1.8099174499511719,1.8117398023605347
86,move,seam-wide,O-T2X-R,1.2810016870498657,39.022964534205386,1.4175242185592651,2.178619384765625
86,move,seam-wide,O-ET2X-R-CurrentEdge-Point,1.152893304824829,39.208914266794494,1.536786675453186,1.7639962434768677
86,move,seam-wide,O-ET2X-R-PreviousRawEdge-Point,1.1654102802276611,39.27245776285476,1.479861855506897,1.738898754119873
86,move,seam-wide,ABL-ET2X-R-PreviousRawEdge-BilinearRGB,1.0747514963150024,39.899064293956826,1.4832122325897217,1.6613887548446655
87,move,wall-seam,O-T2X-R,1.4651693105697632,38.64137447059727,1.6151176691055298,1.2927322387695312
87,move,wall-seam,O-ET2X-R-CurrentEdge-Point,1.4950087070465088,37.019955725491755,2.013517141342163,2.2747135162353516
87,move,wall-seam,O-ET2X-R-PreviousRawEdge-Point,1.5277235507965088,37.049998390854874,2.023819923400879,2.228780746459961
87,move,wall-seam,ABL-ET2X-R-PreviousRawEdge-BilinearRGB,1.41796875,37.48097029397641,2.048553228378296,2.1756579875946045
87,move,seam-wide,O-T2X-R,1.2037652730941772,39.57957996701596,1.3534431457519531,1.1678985357284546
87,move,seam-wide,O-ET2X-R-CurrentEdge-Point,1.2192753553390503,37.218506237009485,1.6144483089447021,1.8225460052490234
87,move,seam-wide,O-ET2X-R-PreviousRawEdge-Point,1.201317310333252,38.00626791868999,1.601166844367981,1.701406717300415
87,move,seam-wide,ABL-ET2X-R-PreviousRawEdge-BilinearRGB,1.1502974033355713,38.195521637151934,1.5598981380462646,1.6477415561676025
88,move,wall-seam,O-T2X-R,1.7369248867034912,34.205030352821296,1.7604589462280273,2.5756454467773438
88,move,wall-seam,O-ET2X-R-CurrentEdge-Point,1.1856011152267456,39.346549463705294,2.0558340549468994,2.5216286182403564
88,move,wall-seam,O-ET2X-R-PreviousRawEdge-Point,1.2469075918197632,39.23951978623861,1.9122554063796997,2.388930082321167
88,move,wall-seam,ABL-ET2X-R-PreviousRawEdge-BilinearRGB,1.1488173007965088,39.7513303137849,1.988641619682312,2.3849050998687744
88,move,seam-wide,O-T2X-R,1.3154860734939575,37.371158190382936,1.3893117904663086,2.0367448329925537
88,move,seam-wide,O-ET2X-R-CurrentEdge-Point,1.1580848693847656,38.4306809525103,1.5565937757492065,1.929186463356018
88,move,seam-wide,O-ET2X-R-PreviousRawEdge-Point,1.169992208480835,38.790557536243696,1.5292598009109497,1.812609076499939
88,move,seam-wide,ABL-ET2X-R-PreviousRawEdge-BilinearRGB,1.1101781129837036,39.0259608794596,1.5300037860870361,1.7201752662658691
89,move,wall-seam,O-T2X-R,1.5855034589767456,37.47691460916844,1.7967042922973633,1.390992522239685
89,move,wall-seam,O-ET2X-R-CurrentEdge-Point,1.3018120527267456,39.76984787670742,1.99554443359375,2.4123809337615967
89,move,wall-seam,O-ET2X-R-PreviousRawEdge-Point,1.2836371660232544,40.406450100249,1.9320420026779175,2.203610420227051
89,move,wall-seam,ABL-ET2X-R-PreviousRawEdge-BilinearRGB,1.15771484375,41.199695315421046,1.9564908742904663,2.127690076828003
89,move,seam-wide,O-T2X-R,1.2804844379425049,38.411465496380465,1.3849947452545166,1.3082603216171265
89,move,seam-wide,O-ET2X-R-CurrentEdge-Point,1.193557620048523,39.03173297600685,1.5315883159637451,1.852342963218689
89,move,seam-wide,O-ET2X-R-PreviousRawEdge-Point,1.2004120349884033,39.133295247990525,1.5356123447418213,1.7505719661712646
89,move,seam-wide,ABL-ET2X-R-PreviousRawEdge-BilinearRGB,1.1027417182922363,39.8158124818132,1.533247947692871,1.6712995767593384
90,move,wall-seam,O-T2X-R,1.3872612714767456,40.337526177929334,1.9448022842407227,2.869866371154785
90,move,wall-seam,O-ET2X-R-CurrentEdge-Point,1.1778428554534912,40.7765507955896,1.683644413948059,2.2345807552337646
90,move,wall-seam,O-ET2X-R-PreviousRawEdge-Point,1.2200521230697632,40.69644095332712,1.8896325826644897,2.180358648300171
90,move,wall-seam,ABL-ET2X-R-PreviousRawEdge-BilinearRGB,1.1385091543197632,41.0185822898669,1.846636176109314,2.041640043258667
90,move,seam-wide,O-T2X-R,1.3002992868423462,38.23966713883452,1.4802119731903076,2.1554760932922363
90,move,seam-wide,O-ET2X-R-CurrentEdge-Point,1.1155266761779785,38.65708552813351,1.4411158561706543,1.6909290552139282
90,move,seam-wide,O-ET2X-R-PreviousRawEdge-Point,1.145503044128418,38.68882518337747,1.5156484842300415,1.6849181652069092
90,move,seam-wide,ABL-ET2X-R-PreviousRawEdge-BilinearRGB,1.0685807466506958,39.2486451318584,1.4606438875198364,1.6231794357299805
91,move,wall-seam,O-T2X-R,1.5050455331802368,37.82257492318669,1.8799089193344116,1.4427481889724731
91,move,wall-seam,O-ET2X-R-CurrentEdge-Point,1.1615126132965088,40.86678442580424,1.9321683645248413,2.046480894088745
91,move,wall-seam,O-ET2X-R-PreviousRawEdge-Point,1.2206488847732544,40.340307617139565,1.7846516370773315,2.0966293811798096
91,move,wall-seam,ABL-ET2X-R-PreviousRawEdge-BilinearRGB,1.0710721015930176,41.62662379042175,1.8369389772415161,2.012322187423706
91,move,seam-wide,O-T2X-R,1.3139433860778809,36.72338869520103,1.4270774126052856,1.331074833869934
91,move,seam-wide,O-ET2X-R-CurrentEdge-Point,1.1302423477172852,38.30855190037285,1.6142375469207764,1.703519582748413
91,move,seam-wide,O-ET2X-R-PreviousRawEdge-Point,1.1339374780654907,38.80022139003971,1.4883990287780762,1.648006558418274
91,move,seam-wide,ABL-ET2X-R-PreviousRawEdge-BilinearRGB,1.026983380317688,39.632472803066364,1.510500192642212,1.5679794549942017
92,move,wall-seam,O-T2X-R,1.4826931953430176,39.93879987971821,1.9884721040725708,2.9378662109375
92,move,wall-seam,O-ET2X-R-CurrentEdge-Point,1.2510850429534912,39.75218573385431,1.9052292108535767,2.157646894454956
92,move,wall-seam,O-ET2X-R-PreviousRawEdge-Point,1.2008463144302368,41.03506032576976,1.916396141052246,2.0099565982818604
92,move,wall-seam,ABL-ET2X-R-PreviousRawEdge-BilinearRGB,1.1566298007965088,41.041457218612294,1.9340633153915405,1.9141407012939453
92,move,seam-wide,O-T2X-R,1.3522059917449951,37.86337989238707,1.5694849491119385,2.2325448989868164
92,move,seam-wide,O-ET2X-R-CurrentEdge-Point,1.1730499267578125,38.753509446069444,1.5785666704177856,1.8722096681594849
92,move,seam-wide,O-ET2X-R-PreviousRawEdge-Point,1.1790636777877808,38.873852974140604,1.629357933998108,1.695326805114746
92,move,seam-wide,ABL-ET2X-R-PreviousRawEdge-BilinearRGB,1.114251971244812,39.36776665556884,1.6118440628051758,1.635777235031128
93,move,wall-seam,O-T2X-R,1.6285264492034912,36.65535879410836,1.997848629951477,1.398790955543518
93,move,wall-seam,O-ET2X-R-CurrentEdge-Point,1.2928602695465088,39.702637236119486,1.8807449340820312,2.110851526260376
93,move,wall-seam,O-ET2X-R-PreviousRawEdge-Point,1.3397352695465088,39.65746332357714,1.9940729141235352,2.220062732696533
93,move,wall-seam,ABL-ET2X-R-PreviousRawEdge-BilinearRGB,1.2591688632965088,39.83898771653377,1.9475654363632202,2.0476725101470947
93,move,seam-wide,O-T2X-R,1.3315320014953613,37.93285242437505,1.606191873550415,1.2906665802001953
93,move,seam-wide,O-ET2X-R-CurrentEdge-Point,1.1873406171798706,38.4757450578593,1.5996816158294678,1.6997448205947876
93,move,seam-wide,O-ET2X-R-PreviousRawEdge-Point,1.220827341079712,38.451044184592334,1.6482994556427002,1.7414195537567139
93,move,seam-wide,ABL-ET2X-R-PreviousRawEdge-BilinearRGB,1.142011284828186,38.79832138339938,1.5981394052505493,1.657658576965332
94,move,wall-seam,O-T2X-R,1.49658203125,38.87355565022546,2.0715320110321045,3.0508785247802734
94,move,wall-seam,O-ET2X-R-CurrentEdge-Point,1.220703125,40.901384480677265,2.1951329708099365,2.383455991744995
94,move,wall-seam,O-ET2X-R-PreviousRawEdge-Point,1.2151150703430176,41.909623739704465,2.0562636852264404,2.3994271755218506
94,move,wall-seam,ABL-ET2X-R-PreviousRawEdge-BilinearRGB,1.1621636152267456,41.87678824202786,2.07718563079834,2.2745659351348877
94,move,seam-wide,O-T2X-R,1.3365296125411987,37.482722346108275,1.6675535440444946,2.2923989295959473
94,move,seam-wide,O-ET2X-R-CurrentEdge-Point,1.22878098487854,37.47683765265183,1.7581206560134888,1.8734787702560425
94,move,seam-wide,O-ET2X-R-PreviousRawEdge-Point,1.1495307683944702,39.16611563040162,1.611657977104187,1.7848964929580688
94,move,seam-wide,ABL-ET2X-R-PreviousRawEdge-BilinearRGB,1.07147216796875,39.743195404983695,1.6185122728347778,1.7008508443832397
95,move,wall-seam,O-T2X-R,1.3804253339767456,39.58836270236601,1.9291929006576538,1.481873631477356
95,move,wall-seam,O-ET2X-R-CurrentEdge-Point,1.2970919609069824,40.00631256265633,2.2865936756134033,2.5503432750701904
95,move,wall-seam,O-ET2X-R-PreviousRawEdge-Point,1.2312283515930176,41.37967021092579,2.2530581951141357,2.392122507095337
95,move,wall-seam,ABL-ET2X-R-PreviousRawEdge-BilinearRGB,1.1958550214767456,41.48070545310724,2.2886595726013184,2.313392400741577
95,move,seam-wide,O-T2X-R,1.2880593538284302,38.48778009288605,1.6132789850234985,1.3525669574737549
95,move,seam-wide,O-ET2X-R-CurrentEdge-Point,1.1914699077606201,38.93434510756424,1.87428617477417,2.1017589569091797
95,move,seam-wide,O-ET2X-R-PreviousRawEdge-Point,1.2264069318771362,38.67223334554028,1.869319200515747,1.81234610080719
95,move,seam-wide,ABL-ET2X-R-PreviousRawEdge-BilinearRGB,1.1733547449111938,39.033407009651576,1.8565216064453125,1.7572181224822998
96,move,wall-seam,O-T2X-R,1.6630316972732544,37.94811328359958,2.065422296524048,2.783018112182617
96,move,wall-seam,O-ET2X-R-CurrentEdge-Point,1.2073025703430176,39.91542524852619,2.2295949459075928,2.5237841606140137
96,move,wall-seam,O-ET2X-R-PreviousRawEdge-Point,1.1848958730697632,40.80323727866113,2.2018091678619385,2.4530298709869385
96,move,wall-seam,ABL-ET2X-R-PreviousRawEdge-BilinearRGB,1.1209310293197632,41.01675019693974,2.2335052490234375,2.356663703918457
96,move,seam-wide,O-T2X-R,1.3438550233840942,38.12135784755504,1.7114739418029785,2.2008841037750244
96,move,seam-wide,O-ET2X-R-CurrentEdge-Point,1.1810590028762817,38.21130115970406,1.8144282102584839,1.7896203994750977
96,move,seam-wide,O-ET2X-R-PreviousRawEdge-Point,1.193843960762024,38.32771508959571,1.8599773645401,1.7291196584701538
96,move,seam-wide,ABL-ET2X-R-PreviousRawEdge-BilinearRGB,1.1290600299835205,38.59730764672279,1.8311318159103394,1.6784418821334839
97,move,wall-seam,O-T2X-R,1.3220486640930176,41.00417508565233,1.9452317953109741,1.7571873664855957
97,move,wall-seam,O-ET2X-R-CurrentEdge-Point,1.1638455390930176,40.092215544792076,2.048488140106201,2.4143364429473877
97,move,wall-seam,O-ET2X-R-PreviousRawEdge-Point,1.1589627265930176,40.833775043070624,2.0409038066864014,2.3829307556152344
97,move,wall-seam,ABL-ET2X-R-PreviousRawEdge-BilinearRGB,1.076171875,41.10207238889896,2.0545966625213623,2.258136034011841
97,move,seam-wide,O-T2X-R,1.4069855213165283,35.90744433182979,1.6089106798171997,1.4278945922851562
97,move,seam-wide,O-ET2X-R-CurrentEdge-Point,1.2649465799331665,37.410727782650916,1.7335318326950073,1.9541451930999756
97,move,seam-wide,O-ET2X-R-PreviousRawEdge-Point,1.2322728633880615,38.12648094013703,1.6541054248809814,1.9186087846755981
97,move,seam-wide,ABL-ET2X-R-PreviousRawEdge-BilinearRGB,1.1493829488754272,38.68968289122961,1.658987045288086,1.8169137239456177
98,move,wall-seam,O-T2X-R,1.4999457597732544,38.3773184249013,1.8914674520492554,2.752513885498047
98,move,wall-seam,O-ET2X-R-CurrentEdge-Point,1.2540147304534912,39.34078615001412,1.8711923360824585,2.2984960079193115
98,move,wall-seam,O-ET2X-R-PreviousRawEdge-Point,1.1939018964767456,40.474787386160486,1.8713198900222778,2.2704732418060303
98,move,wall-seam,ABL-ET2X-R-PreviousRawEdge-BilinearRGB,1.1324869394302368,40.64947888702857,1.8994559049606323,2.1933541297912598
98,move,seam-wide,O-T2X-R,1.4089716672897339,37.018351877878274,1.584894061088562,2.3546907901763916
98,move,seam-wide,O-ET2X-R-CurrentEdge-Point,1.233122706413269,38.0452519038658,1.5683661699295044,2.0156805515289307
98,move,seam-wide,O-ET2X-R-PreviousRawEdge-Point,1.2550067901611328,38.099364136418544,1.5406222343444824,1.8251185417175293
98,move,seam-wide,ABL-ET2X-R-PreviousRawEdge-BilinearRGB,1.1921627521514893,38.29267794079405,1.5121428966522217,1.788303256034851
99,move,wall-seam,O-T2X-R,1.5239800214767456,38.14080544406504,1.7215614318847656,1.5059841871261597
99,move,wall-seam,O-ET2X-R-CurrentEdge-Point,1.1379122734069824,40.759339899474696,1.9653126001358032,2.446967363357544
99,move,wall-seam,O-ET2X-R-PreviousRawEdge-Point,1.1654188632965088,40.848507795781856,1.9079777002334595,2.3819897174835205
99,move,wall-seam,ABL-ET2X-R-PreviousRawEdge-BilinearRGB,0.9948459267616272,42.25058032536225,1.970295786857605,2.3056929111480713
99,move,seam-wide,O-T2X-R,1.348871111869812,38.06373200769649,1.5583466291427612,1.3450490236282349
99,move,seam-wide,O-ET2X-R-CurrentEdge-Point,1.2375937700271606,37.77021821477922,1.4630839824676514,1.7471671104431152
99,move,seam-wide,O-ET2X-R-PreviousRawEdge-Point,1.2579721212387085,37.79413567722749,1.5173954963684082,1.6662733554840088
99,move,seam-wide,ABL-ET2X-R-PreviousRawEdge-BilinearRGB,1.181456208229065,38.13903195384923,1.5174062252044678,1.5941097736358643
100,move,wall-seam,O-T2X-R,1.3578559160232544,39.816177575836846,1.882014274597168,2.8257358074188232
100,move,wall-seam,O-ET2X-R-CurrentEdge-Point,1.2650282382965088,37.44945661658567,1.9935308694839478,2.1249287128448486
100,move,wall-seam,O-ET2X-R-PreviousRawEdge-Point,1.2892794609069824,37.61521731399368,2.039933919906616,2.1298513412475586
100,move,wall-seam,ABL-ET2X-R-PreviousRawEdge-BilinearRGB,1.1458333730697632,38.273310150509005,2.0366008281707764,2.021183967590332
100,move,seam-wide,O-T2X-R,1.3716975450515747,37.150756877004774,1.5775541067123413,2.3907835483551025
100,move,seam-wide,O-ET2X-R-CurrentEdge-Point,1.4136275053024292,35.742505886545274,1.6480109691619873,1.8022047281265259
100,move,seam-wide,O-ET2X-R-PreviousRawEdge-Point,1.3916232585906982,36.09385348921928,1.5880529880523682,1.7921217679977417
100,move,seam-wide,ABL-ET2X-R-PreviousRawEdge-BilinearRGB,1.2513394355773926,36.87400261994962,1.5929518938064575,1.7272388935089111
101,move,wall-seam,O-T2X-R,1.4788954257965088,36.74902776781552,2.06241774559021,1.4910212755203247
101,move,wall-seam,O-ET2X-R-CurrentEdge-Point,1.3952364921569824,37.381075824741885,1.8051624298095703,2.2102200984954834
101,move,wall-seam,O-ET2X-R-PreviousRawEdge-Point,1.3754340410232544,37.68269679653576,1.7568832635879517,2.2040910720825195
101,move,wall-seam,ABL-ET2X-R-PreviousRawEdge-BilinearRGB,1.2278646230697632,38.33999728341811,1.7462049722671509,1.9677400588989258
101,move,seam-wide,O-T2X-R,1.3544784784317017,37.419042818848695,1.5310101509094238,1.387864351272583
101,move,seam-wide,O-ET2X-R-CurrentEdge-Point,1.3467557430267334,36.253408114916475,1.7952208518981934,2.1384055614471436
101,move,seam-wide,O-ET2X-R-PreviousRawEdge-Point,1.3468942642211914,36.59623462570261,1.6954171657562256,1.9046944379806519
101,move,seam-wide,ABL-ET2X-R-PreviousRawEdge-BilinearRGB,1.2543878555297852,37.03355095117222,1.6412193775177002,1.8105370998382568
102,move,wall-seam,O-T2X-R,1.6695963144302368,37.049318683466666,2.0337865352630615,3.140388250350952
102,move,wall-seam,O-ET2X-R-CurrentEdge-Point,1.4026150703430176,36.421482771814446,1.7743412256240845,2.095170259475708
102,move,wall-seam,O-ET2X-R-PreviousRawEdge-Point,1.4669595956802368,36.35341328194758,1.833485722541809,2.0833499431610107
102,move,wall-seam,ABL-ET2X-R-PreviousRawEdge-BilinearRGB,1.3224283456802368,37.274306813772526,1.7969989776611328,1.900410771369934
102,move,seam-wide,O-T2X-R,1.5639618635177612,36.03942542724444,1.496234655380249,2.243741512298584
102,move,seam-wide,O-ET2X-R-CurrentEdge-Point,1.3837065696716309,35.65067953175923,1.507978916168213,1.8666484355926514
102,move,seam-wide,O-ET2X-R-PreviousRawEdge-Point,1.4136921167373657,35.638133141118594,1.6257596015930176,1.6595566272735596
102,move,seam-wide,ABL-ET2X-R-PreviousRawEdge-BilinearRGB,1.3229039907455444,36.28999951811059,1.5976378917694092,1.5847824811935425
103,move,wall-seam,O-T2X-R,1.4577364921569824,38.450958132494556,1.9408397674560547,1.6511521339416504
103,move,wall-seam,O-ET2X-R-CurrentEdge-Point,1.2848849296569824,38.07427082988208,2.2753124237060547,2.4277124404907227
103,move,wall-seam,O-ET2X-R-PreviousRawEdge-Point,1.3400607109069824,37.891619938328915,2.1799850463867188,2.425868034362793
103,move,wall-seam,ABL-ET2X-R-PreviousRawEdge-BilinearRGB,1.1777886152267456,39.1266403928463,2.1130449771881104,2.256098508834839
103,move,seam-wide,O-T2X-R,1.3335180282592773,38.68867494885988,1.5406827926635742,1.4798524379730225
103,move,seam-wide,O-ET2X-R-CurrentEdge-Point,1.3024609088897705,37.20968655682341,1.8772579431533813,2.135223388671875
103,move,seam-wide,O-ET2X-R-PreviousRawEdge-Point,1.297417163848877,37.57394436680506,1.7366021871566772,2.104437828063965
103,move,seam-wide,ABL-ET2X-R-PreviousRawEdge-BilinearRGB,1.1439234018325806,38.806099134781704,1.7204713821411133,2.0097200870513916
104,move,wall-seam,O-T2X-R,1.3805880546569824,40.154508494301865,2.0513343811035156,2.9662301540374756
104,move,wall-seam,O-ET2X-R-CurrentEdge-Point,1.4084200859069824,38.60679585803381,2.3106582164764404,3.054492950439453
104,move,wall-seam,O-ET2X-R-PreviousRawEdge-Point,1.2671440839767456,41.289116281711514,2.0135037899017334,2.4156887531280518
104,move,wall-seam,ABL-ET2X-R-PreviousRawEdge-BilinearRGB,1.1129014492034912,43.010012982791594,2.091404676437378,2.4063377380371094
104,move,seam-wide,O-T2X-R,1.398985743522644,37.40842406823023,1.6814515590667725,2.4275784492492676
104,move,seam-wide,O-ET2X-R-CurrentEdge-Point,1.2842257022857666,37.49574933740015,1.7988777160644531,2.407411575317383
104,move,seam-wide,O-ET2X-R-PreviousRawEdge-Point,1.2953848838806152,37.55305319981334,1.7343682050704956,1.9707061052322388
104,move,seam-wide,ABL-ET2X-R-PreviousRawEdge-BilinearRGB,1.1884769201278687,38.3127418518632,1.6893718242645264,1.9441180229187012
105,move,wall-seam,O-T2X-R,1.4337022304534912,37.27568046744815,1.7359346151351929,1.5434318780899048
105,move,wall-seam,O-ET2X-R-CurrentEdge-Point,1.4203016757965088,38.167835503003495,1.9027296304702759,2.9241812229156494
105,move,wall-seam,O-ET2X-R-PreviousRawEdge-Point,1.3891059160232544,39.057056049077126,2.1216909885406494,2.5525779724121094
105,move,wall-seam,ABL-ET2X-R-PreviousRawEdge-BilinearRGB,1.3232421875,39.053616594282666,2.059191942214966,2.2333455085754395
105,move,seam-wide,O-T2X-R,1.3896833658218384,37.21414127660737,1.541925072669983,1.4226760864257812
105,move,seam-wide,O-ET2X-R-CurrentEdge-Point,1.344732642173767,37.067142128943516,1.6010377407073975,2.0990891456604004
105,move,seam-wide,O-ET2X-R-PreviousRawEdge-Point,1.33122718334198,37.459121621325636,1.6096367835998535,1.8411226272583008
105,move,seam-wide,ABL-ET2X-R-PreviousRawEdge-BilinearRGB,1.2431918382644653,38.066355951105,1.609521508216858,1.7358179092407227
106,move,wall-seam,O-T2X-R,1.5504014492034912,37.49700658258628,1.815707802772522,2.7319908142089844
106,move,wall-seam,O-ET2X-R-CurrentEdge-Point,1.279296875,38.54933671127013,1.933183193206787,2.0909368991851807
106,move,wall-seam,O-ET2X-R-PreviousRawEdge-Point,1.3233506679534912,38.52156036325929,2.023008108139038,2.4280385971069336
106,move,wall-seam,ABL-ET2X-R-PreviousRawEdge-BilinearRGB,1.2023111581802368,39.64472353232459,1.948405146598816,2.207554578781128
106,move,seam-wide,O-T2X-R,1.520285964012146,35.95525887039774,1.6257320642471313,2.4023306369781494
106,move,seam-wide,O-ET2X-R-CurrentEdge-Point,1.2695931196212769,38.02667784129747,1.6099495887756348,1.9588189125061035
106,move,seam-wide,O-ET2X-R-PreviousRawEdge-Point,1.2837361097335815,38.20316354702959,1.6384010314941406,1.876234531402588
106,move,seam-wide,ABL-ET2X-R-PreviousRawEdge-BilinearRGB,1.1736319065093994,39.029980621822574,1.613439679145813,1.8085285425186157
107,move,wall-seam,O-T2X-R,1.5242513418197632,38.406744950279545,1.7736440896987915,1.319520115852356
107,move,wall-seam,O-ET2X-R-CurrentEdge-Point,1.3931748867034912,38.6666510335593,2.099490165710449,2.5828914642333984
107,move,wall-seam,O-ET2X-R-PreviousRawEdge-Point,1.4161241054534912,38.721777397032405,1.8139961957931519,2.371861219406128
107,move,wall-seam,ABL-ET2X-R-PreviousRawEdge-BilinearRGB,1.1541341543197632,41.09838424174765,1.889025092124939,2.293933868408203
107,move,seam-wide,O-T2X-R,1.4611462354660034,36.90944136628113,1.533361554145813,1.4394503831863403
107,move,seam-wide,O-ET2X-R-CurrentEdge-Point,1.3371577262878418,37.6391119886239,1.731833577156067,2.1290016174316406
107,move,seam-wide,O-ET2X-R-PreviousRawEdge-Point,1.3950873613357544,37.23116083607151,1.6264108419418335,1.991515874862671
107,move,seam-wide,ABL-ET2X-R-PreviousRawEdge-BilinearRGB,1.231071949005127,38.452171490776124,1.6397374868392944,1.9442758560180664
108,move,wall-seam,O-T2X-R,1.4370659589767456,39.79283009716241,2.080256700515747,3.016192674636841
108,move,wall-seam,O-ET2X-R-CurrentEdge-Point,1.4297959804534912,39.13562898567162,2.0417230129241943,2.7975666522979736
108,move,wall-seam,O-ET2X-R-PreviousRawEdge-Point,1.4079318046569824,39.90307603480922,2.1867706775665283,2.3902018070220947
108,move,wall-seam,ABL-ET2X-R-PreviousRawEdge-BilinearRGB,1.2931857109069824,40.3017993605771,2.020686388015747,2.0905966758728027
108,move,seam-wide,O-T2X-R,1.4612847566604614,37.528072760477556,1.730977177619934,2.4835238456726074
108,move,seam-wide,O-ET2X-R-CurrentEdge-Point,1.437276005744934,36.691212963908455,1.8470795154571533,2.3652255535125732
108,move,seam-wide,O-ET2X-R-PreviousRawEdge-Point,1.4164541959762573,37.24591031189838,1.8124268054962158,2.0390636920928955
108,move,seam-wide,ABL-ET2X-R-PreviousRawEdge-BilinearRGB,1.26829993724823,38.16803267237156,1.7749303579330444,1.9598164558410645
109,move,wall-seam,O-T2X-R,1.5955404043197632,36.11422212522229,2.1164982318878174,1.6894969940185547
109,move,wall-seam,O-ET2X-R-CurrentEdge-Point,1.4815537929534912,37.3810559598831,2.2750606536865234,2.82763934135437
109,move,wall-seam,O-ET2X-R-PreviousRawEdge-Point,1.2802191972732544,40.58760076243892,2.0744142532348633,2.7138512134552
109,move,wall-seam,ABL-ET2X-R-PreviousRawEdge-BilinearRGB,1.298828125,39.92463881608049,2.108269214630127,2.3143045902252197
109,move,seam-wide,O-T2X-R,1.3878542184829712,37.70239987566849,1.7471380233764648,1.693666696548462
109,move,seam-wide,O-ET2X-R-CurrentEdge-Point,1.3552544116973877,37.62190376166667,1.8524938821792603,2.412348747253418
109,move,seam-wide,O-ET2X-R-PreviousRawEdge-Point,1.3334903717041016,38.1318590560757,1.8368550539016724,2.1729934215545654
109,move,seam-wide,ABL-ET2X-R-PreviousRawEdge-BilinearRGB,1.2659904956817627,38.67948803019256,1.812761664390564,2.0401771068573
110,move,wall-seam,O-T2X-R,1.6626518964767456,37.31514122750785,2.1722769737243652,3.251960515975952
110,move,wall-seam,O-ET2X-R-CurrentEdge-Point,1.4297959804534912,37.166720217868445,1.8719581365585327,2.353146553039551
110,move,wall-seam,O-ET2X-R-PreviousRawEdge-Point,1.4666341543197632,37.13537528391295,2.07348370552063,2.3248367309570312
110,move,wall-seam,ABL-ET2X-R-PreviousRawEdge-BilinearRGB,1.3487412929534912,37.72416558140604,2.032759428024292,2.164790630340576
110,move,seam-wide,O-T2X-R,1.5358792543411255,36.682495352912916,1.837723731994629,2.626573324203491
110,move,seam-wide,O-ET2X-R-CurrentEdge-Point,1.371364951133728,37.279229354549614,1.8277982473373413,2.3111155033111572
110,move,seam-wide,O-ET2X-R-PreviousRawEdge-Point,1.4351698160171509,36.85885392877927,1.8330185413360596,2.2230238914489746
110,move,seam-wide,ABL-ET2X-R-PreviousRawEdge-BilinearRGB,1.2983224391937256,37.80858716864954,1.8099457025527954,2.1344923973083496
111,move,wall-seam,O-T2X-R,1.6103515625,37.87657159127453,2.118983507156372,1.4837440252304077
111,move,wall-seam,O-ET2X-R-CurrentEdge-Point,1.2578667402267456,38.98180011503762,2.0349295139312744,2.476043701171875
111,move,wall-seam,O-ET2X-R-PreviousRawEdge-Point,1.291015625,39.00355193687224,1.9605671167373657,2.6428616046905518
111,move,wall-seam,ABL-ET2X-R-PreviousRawEdge-BilinearRGB,1.1406792402267456,40.05224105635154,1.9135738611221313,2.454817533493042
111,move,seam-wide,O-T2X-R,1.4690722227096558,36.92466432191932,1.7884057760238647,1.8185020685195923
111,move,seam-wide,O-ET2X-R-CurrentEdge-Point,1.4469108581542969,36.047346690000445,1.9677648544311523,2.5676379203796387
111,move,seam-wide,O-ET2X-R-PreviousRawEdge-Point,1.4393452405929565,36.559557264681935,1.8843988180160522,2.3513760566711426
111,move,seam-wide,ABL-ET2X-R-PreviousRawEdge-BilinearRGB,1.303948163986206,37.52799597358773,1.8511720895767212,2.268014430999756
112,move,wall-seam,O-T2X-R,1.3439669609069824,41.05811508557341,2.014820098876953,3.2940514087677
112,move,wall-seam,O-ET2X-R-CurrentEdge-Point,1.3982205390930176,37.2889366439329,1.986760139465332,2.4814586639404297
112,move,wall-seam,O-ET2X-R-PreviousRawEdge-Point,1.2594400644302368,39.192179801037746,1.848223328590393,2.0699431896209717
112,move,wall-seam,ABL-ET2X-R-PreviousRawEdge-BilinearRGB,1.1447482109069824,39.64402222361935,1.8959587812423706,2.057493209838867
112,move,seam-wide,O-T2X-R,1.3974061012268066,37.7823011426457,1.7885797023773193,2.720846652984619
112,move,seam-wide,O-ET2X-R-CurrentEdge-Point,1.3063408136367798,37.60850442049322,1.9442058801651,2.5121095180511475
112,move,seam-wide,O-ET2X-R-PreviousRawEdge-Point,1.2927058935165405,37.989199050697245,1.918508768081665,2.147716522216797
112,move,seam-wide,ABL-ET2X-R-PreviousRawEdge-BilinearRGB,1.1990355253219604,38.69924359177662,1.8954734802246094,2.087083578109741
113,move,wall-seam,O-T2X-R,1.5250108242034912,36.47258494922384,1.9490941762924194,1.2769838571548462
113,move,wall-seam,O-ET2X-R-CurrentEdge-Point,1.3970268964767456,38.95064144295448,2.4114534854888916,2.890395164489746
113,move,wall-seam,O-ET2X-R-PreviousRawEdge-Point,1.314453125,40.92992853815026,2.432644844055176,2.686802864074707
113,move,wall-seam,ABL-ET2X-R-PreviousRawEdge-BilinearRGB,1.2677408456802368,40.65575343120955,2.30564284324646,2.242737054824829
113,move,seam-wide,O-T2X-R,1.440777063369751,36.667176989943144,1.7418733835220337,1.7059093713760376
113,move,seam-wide,O-ET2X-R-CurrentEdge-Point,1.2861286401748657,37.787702851443434,2.0177886486053467,2.645519733428955
113,move,seam-wide,O-ET2X-R-PreviousRawEdge-Point,1.2839208841323853,38.03915499194245,2.0076818466186523,2.4503743648529053
113,move,seam-wide,ABL-ET2X-R-PreviousRawEdge-BilinearRGB,1.1970771551132202,38.73668292954229,1.9775140285491943,2.328460216522217
114,move,wall-seam,O-T2X-R,1.6162109375,36.318827183143256,1.8146257400512695,2.882171630859375
114,move,wall-seam,O-ET2X-R-CurrentEdge-Point,1.4325087070465088,35.577869173972026,2.30104660987854,2.5258448123931885
114,move,wall-seam,O-ET2X-R-PreviousRawEdge-Point,1.4771592617034912,35.547516649272964,2.407180070877075,2.6390132904052734
114,move,wall-seam,ABL-ET2X-R-PreviousRawEdge-BilinearRGB,1.3336045742034912,37.31680153093598,2.284802198410034,2.322160482406616
114,move,seam-wide,O-T2X-R,1.5067805051803589,36.64044863700638,1.7996749877929688,2.784947633743286
114,move,seam-wide,O-ET2X-R-CurrentEdge-Point,1.429368495941162,35.314368626702176,1.9698221683502197,2.4613282680511475
114,move,seam-wide,O-ET2X-R-PreviousRawEdge-Point,1.433571696281433,35.46974078290253,1.9970959424972534,2.3820793628692627
114,move,seam-wide,ABL-ET2X-R-PreviousRawEdge-BilinearRGB,1.2957727909088135,36.73962908359664,1.945534586906433,2.2347898483276367
115,move,wall-seam,O-T2X-R,1.6128472089767456,37.96670061643256,1.9503613710403442,1.6018195152282715
115,move,wall-seam,O-ET2X-R-CurrentEdge-Point,1.3580728769302368,36.91102831745718,2.414792776107788,3.038248300552368
115,move,wall-seam,O-ET2X-R-PreviousRawEdge-Point,1.3620877265930176,37.17019408700972,2.136416435241699,2.8724448680877686
115,move,wall-seam,ABL-ET2X-R-PreviousRawEdge-BilinearRGB,1.0986328125,39.3600060342338,2.068363904953003,2.636333465576172
115,move,seam-wide,O-T2X-R,1.4663286209106445,37.091204292724676,1.8084304332733154,1.758005142211914
115,move,seam-wide,O-ET2X-R-CurrentEdge-Point,1.3075231313705444,36.924810213663626,2.08905291557312,2.5503904819488525
115,move,seam-wide,O-ET2X-R-PreviousRawEdge-Point,1.306931972503662,37.19472617165139,1.980553150177002,2.3688547611236572
115,move,seam-wide,ABL-ET2X-R-PreviousRawEdge-BilinearRGB,1.1620293855667114,38.15074839801798,1.9246602058410645,2.304547071456909
116,move,wall-seam,O-T2X-R,1.6153970956802368,37.43349409788813,2.117560863494873,2.979871988296509
116,move,wall-seam,O-ET2X-R-CurrentEdge-Point,1.3919813632965088,37.74703341373437,2.0624868869781494,2.9365079402923584
116,move,wall-seam,O-ET2X-R-PreviousRawEdge-Point,1.3452690839767456,38.58021818473973,2.148982286453247,2.2463998794555664
116,move,wall-seam,ABL-ET2X-R-PreviousRawEdge-BilinearRGB,1.2257486581802368,39.320256382617664,2.013007879257202,2.1884617805480957
116,move,seam-wide,O-T2X-R,1.4622547626495361,36.886389920240504,1.966803789138794,2.8089370727539062
116,move,seam-wide,O-ET2X-R-CurrentEdge-Point,1.374228596687317,36.34910312784275,2.0307862758636475,2.774949789047241
116,move,seam-wide,O-ET2X-R-PreviousRawEdge-Point,1.3616284132003784,36.64572643813605,1.9898688793182373,2.3672354221343994
116,move,seam-wide,ABL-ET2X-R-PreviousRawEdge-BilinearRGB,1.2476074695587158,37.45791218578322,1.9630389213562012,2.300220251083374
117,move,wall-seam,O-T2X-R,1.5134005546569824,35.98877452382693,2.2603070735931396,1.8340030908584595
117,move,wall-seam,O-ET2X-R-CurrentEdge-Point,1.5502387285232544,35.93982928283131,2.2859678268432617,2.7278175354003906
117,move,wall-seam,O-ET2X-R-PreviousRawEdge-Point,1.4605034589767456,36.98271511996724,2.1944243907928467,2.6905548572540283
117,move,wall-seam,ABL-ET2X-R-PreviousRawEdge-BilinearRGB,1.3573133945465088,37.942897939262544,2.1576173305511475,2.360114574432373
117,move,seam-wide,O-T2X-R,1.5183923244476318,35.23536708049393,1.9078844785690308,1.9241255521774292
117,move,seam-wide,O-ET2X-R-CurrentEdge-Point,1.5016350746154785,34.78911671329807,2.0407779216766357,2.734574794769287
117,move,seam-wide,O-ET2X-R-PreviousRawEdge-Point,1.4873813390731812,35.06436867239173,2.0431361198425293,2.5269689559936523
117,move,seam-wide,ABL-ET2X-R-PreviousRawEdge-BilinearRGB,1.3608524799346924,35.9592602458057,2.0098023414611816,2.3916165828704834
118,move,wall-seam,O-T2X-R,1.6159939765930176,36.96830452293321,2.090975522994995,3.4475181102752686
118,move,wall-seam,O-ET2X-R-CurrentEdge-Point,1.3989800214767456,37.8846232124735,2.5868079662323,3.0998029708862305
118,move,wall-seam,O-ET2X-R-PreviousRawEdge-Point,1.4042426347732544,38.48221779325097,2.386392593383789,2.7686595916748047
118,move,wall-seam,ABL-ET2X-R-PreviousRawEdge-BilinearRGB,1.2469618320465088,40.24024453034833,2.2489938735961914,2.4524874687194824
118,move,seam-wide,O-T2X-R,1.5359901189804077,36.85214807737427,1.9404289722442627,2.947692394256592
118,move,seam-wide,O-ET2X-R-CurrentEdge-Point,1.3760854005813599,37.34402906253236,2.248868465423584,2.7488455772399902
118,move,seam-wide,O-ET2X-R-PreviousRawEdge-Point,1.3508480787277222,38.21274817788276,2.137876272201538,2.550607681274414
118,move,seam-wide,ABL-ET2X-R-PreviousRawEdge-BilinearRGB,1.2480970621109009,38.994541503094524,2.0925047397613525,2.4541001319885254
119,move,wall-seam,O-T2X-R,1.5295138359069824,38.14486939628528,1.9918607473373413,1.377214789390564
119,move,wall-seam,O-ET2X-R-CurrentEdge-Point,1.4683159589767456,36.5206349285115,2.440056085586548,3.166034698486328
119,move,wall-seam,O-ET2X-R-PreviousRawEdge-Point,1.3857421875,38.01213220563041,2.3714101314544678,2.5362370014190674
119,move,wall-seam,ABL-ET2X-R-PreviousRawEdge-BilinearRGB,1.2375760078430176,39.702873971227824,2.249391555786133,2.4261863231658936
119,move,seam-wide,O-T2X-R,1.4910393953323364,36.93894067461153,2.029832124710083,2.0391969680786133
119,move,seam-wide,O-ET2X-R-CurrentEdge-Point,1.5019398927688599,36.793536401642264,2.2187864780426025,3.0004642009735107
119,move,seam-wide,O-ET2X-R-PreviousRawEdge-Point,1.525265097618103,36.889020427606205,2.194516658782959,2.578207492828369
119,move,seam-wide,ABL-ET2X-R-PreviousRawEdge-BilinearRGB,1.3741916418075562,38.12357605110351,2.1594176292419434,2.5437097549438477
120,move,wall-seam,O-T2X-R,1.61572265625,38.48278008053143,2.354562997817993,3.4203503131866455
120,move,wall-seam,O-ET2X-R-CurrentEdge-Point,1.5548502206802368,35.861285024394675,2.1752312183380127,3.1636626720428467
120,move,wall-seam,O-ET2X-R-PreviousRawEdge-Point,1.4527451992034912,37.40505226194795,2.0626118183135986,2.598024368286133
120,move,wall-seam,ABL-ET2X-R-PreviousRawEdge-BilinearRGB,1.2853732109069824,38.02489860256231,2.0306313037872314,2.4175660610198975
120,move,seam-wide,O-T2X-R,1.5401932001113892,36.40929218288352,2.047215461730957,3.153822183609009
120,move,seam-wide,O-ET2X-R-CurrentEdge-Point,1.436730980873108,36.21444820055155,2.1426029205322266,3.095750093460083
120,move,seam-wide,O-ET2X-R-PreviousRawEdge-Point,1.428398609161377,36.661126570119414,2.101046085357666,2.7803266048431396
120,move,seam-wide,ABL-ET2X-R-PreviousRawEdge-BilinearRGB,1.2768170833587646,37.45362599689327,2.071613311767578,2.6998043060302734
121,move,wall-seam,O-T2X-R,1.62255859375,36.80353373678759,1.929085373878479,1.7385082244873047
121,move,wall-seam,O-ET2X-R-CurrentEdge-Point,1.4388563632965088,37.14944959090971,2.047544002532959,2.641881227493286
121,move,wall-seam,O-ET2X-R-PreviousRawEdge-Point,1.3820528984069824,38.37340471263231,2.16662859916687,2.3676016330718994
121,move,wall-seam,ABL-ET2X-R-PreviousRawEdge-BilinearRGB,1.3231337070465088,38.179566770792114,1.9983506202697754,2.076690435409546
121,move,seam-wide,O-T2X-R,1.5603684186935425,35.33646736855473,1.9703114032745361,2.111618995666504
121,move,seam-wide,O-ET2X-R-CurrentEdge-Point,1.4327033758163452,35.631453262497196,2.049987554550171,2.6237239837646484
121,move,seam-wide,O-ET2X-R-PreviousRawEdge-Point,1.4398348331451416,35.81611476286178,2.100942611694336,2.4804699420928955
121,move,seam-wide,ABL-ET2X-R-PreviousRawEdge-BilinearRGB,1.356787919998169,36.42010127612663,2.0293219089508057,2.377335786819458
122,move,wall-seam,O-T2X-R,1.7542318105697632,36.44646307586673,2.299891710281372,3.099109649658203
122,move,wall-seam,O-ET2X-R-CurrentEdge-Point,1.3937716484069824,37.15544995703492,1.984455943107605,2.351633310317993
122,move,wall-seam,O-ET2X-R-PreviousRawEdge-Point,1.2840169668197632,39.359662227194725,1.8585419654846191,2.321380376815796
122,move,wall-seam,ABL-ET2X-R-PreviousRawEdge-BilinearRGB,1.2409939765930176,39.01988689806227,1.861128807067871,2.022733449935913
122,move,seam-wide,O-T2X-R,1.6246074438095093,35.63497025949761,2.0304253101348877,2.948139190673828
122,move,seam-wide,O-ET2X-R-CurrentEdge-Point,1.5363595485687256,35.27585736372369,2.1279077529907227,2.6373612880706787
122,move,seam-wide,O-ET2X-R-PreviousRawEdge-Point,1.571693778038025,35.220197222806824,2.0100162029266357,2.4813733100891113
122,move,seam-wide,ABL-ET2X-R-PreviousRawEdge-BilinearRGB,1.4185049533843994,36.10718638860778,2.011949300765991,2.3779947757720947
123,move,wall-seam,O-T2X-R,1.7341580390930176,35.53538010474894,2.0458643436431885,1.965382695198059
123,move,wall-seam,O-ET2X-R-CurrentEdge-Point,1.3224825859069824,37.56536951717388,2.135798215866089,2.4789717197418213
123,move,wall-seam,O-ET2X-R-PreviousRawEdge-Point,1.2559678554534912,38.98825393237233,1.9894040822982788,2.1960999965667725
123,move,wall-seam,ABL-ET2X-R-PreviousRawEdge-BilinearRGB,1.1853841543197632,39.3630404661681,1.8831335306167603,1.9385709762573242
123,move,seam-wide,O-T2X-R,1.6591286659240723,33.834000887037746,2.070620059967041,2.1505932807922363
123,move,seam-wide,O-ET2X-R-CurrentEdge-Point,1.3501644134521484,36.5351507330466,2.100877046585083,2.8763842582702637
123,move,seam-wide,O-ET2X-R-PreviousRawEdge-Point,1.3657114505767822,36.66368995929262,2.080794095993042,2.5195605754852295
123,move,seam-wide,ABL-ET2X-R-PreviousRawEdge-BilinearRGB,1.2503602504730225,37.370504888408426,2.0438642501831055,2.4212534427642822
124,move,wall-seam,O-T2X-R,1.736328125,35.65941750647909,2.190580129623413,3.2675092220306396
124,move,wall-seam,O-ET2X-R-CurrentEdge-Point,1.4676649570465088,36.78011233182633,2.254197359085083,2.5880303382873535
124,move,wall-seam,O-ET2X-R-PreviousRawEdge-Point,1.40673828125,37.568204452328125,2.2242441177368164,2.220609664916992
124,move,wall-seam,ABL-ET2X-R-PreviousRawEdge-BilinearRGB,1.3173285722732544,38.353344342734836,2.112447738647461,2.126838445663452
124,move,seam-wide,O-T2X-R,1.5278517007827759,36.92118006393643,2.035879611968994,3.150324583053589
124,move,seam-wide,O-ET2X-R-CurrentEdge-Point,1.304391622543335,37.06208587141448,2.1023921966552734,2.6713500022888184
124,move,seam-wide,O-ET2X-R-PreviousRawEdge-Point,1.3083546161651611,37.27154959484151,2.076305389404297,2.468942403793335
124,move,seam-wide,ABL-ET2X-R-PreviousRawEdge-BilinearRGB,1.2250858545303345,38.02628603085401,2.010542392730713,2.3951950073242188
125,move,wall-seam,O-T2X-R,1.3861219882965088,39.27881048915792,2.012118339538574,1.818294644355774
125,move,wall-seam,O-ET2X-R-CurrentEdge-Point,1.4539930820465088,36.3450179717632,2.2748754024505615,2.871091842651367
125,move,wall-seam,O-ET2X-R-PreviousRawEdge-Point,1.4107530117034912,36.99907995206018,2.1261322498321533,2.592366933822632
125,move,wall-seam,ABL-ET2X-R-PreviousRawEdge-BilinearRGB,1.27392578125,37.7157846007028,2.0307905673980713,2.3948380947113037
125,move,seam-wide,O-T2X-R,1.5435926914215088,35.820364577840664,2.047348737716675,1.9792559146881104
125,move,seam-wide,O-ET2X-R-CurrentEdge-Point,1.425460934638977,35.569503931205176,2.2181639671325684,2.741097927093506
125,move,seam-wide,O-ET2X-R-PreviousRawEdge-Point,1.3787089586257935,36.16214939192848,2.125082492828369,2.4509177207946777
125,move,seam-wide,ABL-ET2X-R-PreviousRawEdge-BilinearRGB,1.2925673723220825,36.516346148544685,2.074960708618164,2.323167324066162
126,move,wall-seam,O-T2X-R,1.6671549081802368,36.477766976114914,2.0567827224731445,3.035916328430176
126,move,wall-seam,O-ET2X-R-CurrentEdge-Point,1.3742947578430176,37.632430033699464,2.4462716579437256,3.052408218383789
126,move,wall-seam,O-ET2X-R-PreviousRawEdge-Point,1.3392469882965088,38.538117139402445,2.343341588973999,2.666227102279663
126,move,wall-seam,ABL-ET2X-R-PreviousRawEdge-BilinearRGB,1.1978623867034912,39.806497709369054,2.204432249069214,2.5066959857940674
126,move,seam-wide,O-T2X-R,1.5654584169387817,36.01391598337408,2.036992073059082,3.044640302658081
126,move,seam-wide,O-ET2X-R-CurrentEdge-Point,1.2846229076385498,36.67132025774565,2.0804996490478516,2.8575782775878906
126,move,seam-wide,O-ET2X-R-PreviousRawEdge-Point,1.2828954458236694,36.989204169368406,2.122645139694214,2.555485725402832
126,move,seam-wide,ABL-ET2X-R-PreviousRawEdge-BilinearRGB,1.2136772871017456,37.124615983503375,2.0771751403808594,2.5069663524627686
127,move,wall-seam,O-T2X-R,1.4779731035232544,38.01460901338792,2.0116450786590576,1.7060641050338745
127,move,wall-seam,O-ET2X-R-CurrentEdge-Point,1.4056532382965088,36.09085580800358,2.4763882160186768,2.7957184314727783
127,move,wall-seam,O-ET2X-R-PreviousRawEdge-Point,1.4102647304534912,36.416510326250396,2.427001953125,2.4375665187835693
127,move,wall-seam,ABL-ET2X-R-PreviousRawEdge-BilinearRGB,1.18505859375,38.289922698231706,2.290468454360962,2.2580063343048096
127,move,seam-wide,O-T2X-R,1.4156967401504517,36.30068659169958,1.9621421098709106,1.9990360736846924
127,move,seam-wide,O-ET2X-R-CurrentEdge-Point,1.3699146509170532,35.8143189124598,2.217517375946045,2.6046111583709717
127,move,seam-wide,O-ET2X-R-PreviousRawEdge-Point,1.4210453033447266,35.65853747936339,2.139390468597412,2.5055882930755615
127,move,seam-wide,ABL-ET2X-R-PreviousRawEdge-BilinearRGB,1.2700181007385254,36.617701980826794,2.0876152515411377,2.4002914428710938
128,move,wall-seam,O-T2X-R,1.5536566972732544,37.78494474238217,2.124272346496582,3.15571665763855
128,move,wall-seam,O-ET2X-R-CurrentEdge-Point,1.4231228828430176,35.82790853218621,2.2057011127471924,2.967672109603882
128,move,wall-seam,O-ET2X-R-PreviousRawEdge-Point,1.4977755546569824,35.61484641313428,2.0686771869659424,2.700333595275879
128,move,wall-seam,ABL-ET2X-R-PreviousRawEdge-BilinearRGB,1.2343207597732544,37.63490966816134,1.961316704750061,2.4838078022003174
128,move,seam-wide,O-T2X-R,1.5080922842025757,35.804779100862014,1.9648621082305908,2.874553680419922
128,move,seam-wide,O-ET2X-R-CurrentEdge-Point,1.5208864212036133,34.27301204268432,2.221306800842285,2.8809735774993896
128,move,seam-wide,O-ET2X-R-PreviousRawEdge-Point,1.4928131103515625,34.734061294498936,2.091353178024292,2.517852544784546
128,move,seam-wide,ABL-ET2X-R-PreviousRawEdge-BilinearRGB,1.3726304769515991,35.29494721263073,2.0493578910827637,2.4265739917755127
129,move,wall-seam,O-T2X-R,1.7363823652267456,35.788242157800866,2.174590826034546,1.6232481002807617
129,move,wall-seam,O-ET2X-R-CurrentEdge-Point,1.2886826992034912,37.31172545747106,2.1405742168426514,2.8589775562286377
129,move,wall-seam,O-ET2X-R-PreviousRawEdge-Point,1.2679036855697632,38.421357292272155,2.0746443271636963,2.3646233081817627
129,move,wall-seam,ABL-ET2X-R-PreviousRawEdge-BilinearRGB,1.1436631679534912,39.08937264475766,1.9945348501205444,2.1541378498077393
129,move,seam-wide,O-T2X-R,1.5241104364395142,36.04426129398634,2.1396572589874268,2.0829572677612305
129,move,seam-wide,O-ET2X-R-CurrentEdge-Point,1.405895471572876,35.6153189003654,1.982552170753479,2.759641170501709
129,move,seam-wide,O-ET2X-R-PreviousRawEdge-Point,1.3712725639343262,36.162320225104374,2.0305075645446777,2.3421974182128906
129,move,seam-wide,ABL-ET2X-R-PreviousRawEdge-BilinearRGB,1.3062299489974976,36.30700343811375,1.9981052875518799,2.2800495624542236
130,move,wall-seam,O-T2X-R,1.6342231035232544,38.20092158681647,2.432396650314331,3.5377092361450195
130,move,wall-seam,O-ET2X-R-CurrentEdge-Point,1.5198025703430176,36.44238810797172,2.0657436847686768,2.4818570613861084
130,move,wall-seam,O-ET2X-R-PreviousRawEdge-Point,1.4376084804534912,37.54897603745968,2.0583536624908447,2.1744225025177
130,move,wall-seam,ABL-ET2X-R-PreviousRawEdge-BilinearRGB,1.3496636152267456,38.07776109374046,1.9727458953857422,2.0359370708465576
130,move,seam-wide,O-T2X-R,1.5660865306854248,35.46778689862635,2.0313010215759277,3.212482213973999
130,move,seam-wide,O-ET2X-R-CurrentEdge-Point,1.4044082164764404,36.269140165433164,2.066382646560669,2.577294111251831
130,move,seam-wide,O-ET2X-R-PreviousRawEdge-Point,1.4493496417999268,36.123447642061194,2.0401828289031982,2.478248119354248
130,move,seam-wide,ABL-ET2X-R-PreviousRawEdge-BilinearRGB,1.3455455303192139,36.864574911695854,1.9943464994430542,2.3632805347442627
131,move,wall-seam,O-T2X-R,1.5330946445465088,37.53913668080928,2.238879680633545,2.0432779788970947
131,move,wall-seam,O-ET2X-R-CurrentEdge-Point,1.5878363847732544,35.49377794555049,2.4039125442504883,2.8140954971313477
131,move,wall-seam,O-ET2X-R-PreviousRawEdge-Point,1.5227322578430176,36.4448168420129,2.2980945110321045,2.690133810043335
131,move,wall-seam,ABL-ET2X-R-PreviousRawEdge-BilinearRGB,1.4417318105697632,36.703925068489525,2.176567316055298,2.280008554458618
131,move,seam-wide,O-T2X-R,1.550188422203064,35.55256450739171,2.1310276985168457,2.081866502761841
131,move,seam-wide,O-ET2X-R-CurrentEdge-Point,1.5083047151565552,35.065293604266856,2.2666208744049072,2.8126351833343506
131,move,seam-wide,O-ET2X-R-PreviousRawEdge-Point,1.5371171236038208,35.09258249564431,2.1904053688049316,2.6543619632720947
131,move,seam-wide,ABL-ET2X-R-PreviousRawEdge-BilinearRGB,1.3933507204055786,35.84127628074685,2.137751817703247,2.4932384490966797
132,move,wall-seam,O-T2X-R,1.7531466484069824,35.854458226313255,2.302020311355591,3.441650390625
132,move,wall-seam,O-ET2X-R-CurrentEdge-Point,1.5722113847732544,36.276512903745264,2.717524290084839,3.3488452434539795
132,move,wall-seam,O-ET2X-R-PreviousRawEdge-Point,1.4893120527267456,37.59357264595274,2.5398759841918945,2.893533706665039
132,move,wall-seam,ABL-ET2X-R-PreviousRawEdge-BilinearRGB,1.3139106035232544,39.0795703546232,2.429943799972534,2.7311437129974365
132,move,seam-wide,O-T2X-R,1.5297085046768188,36.53126855253551,2.0797793865203857,3.126082181930542
132,move,seam-wide,O-ET2X-R-CurrentEdge-Point,1.3362154960632324,37.46578078774798,2.469714879989624,3.23899245262146
132,move,seam-wide,O-ET2X-R-PreviousRawEdge-Point,1.2884196043014526,38.6208082029789,2.309086799621582,2.792980909347534
132,move,seam-wide,ABL-ET2X-R-PreviousRawEdge-BilinearRGB,1.1698906421661377,39.34671139267968,2.2812092304229736,2.7311556339263916
133,move,wall-seam,O-T2X-R,1.6183267831802368,36.915140201531614,1.9061952829360962,1.6952131986618042
133,move,wall-seam,O-ET2X-R-CurrentEdge-Point,1.8310546875,34.235893463976026,2.427201509475708,3.1946258544921875
133,move,wall-seam,O-ET2X-R-PreviousRawEdge-Point,1.8627387285232544,34.249869453241665,2.3870389461517334,2.71848201751709
133,move,wall-seam,ABL-ET2X-R-PreviousRawEdge-BilinearRGB,1.6681857109069824,35.134451018320554,2.275181770324707,2.5223963260650635
133,move,seam-wide,O-T2X-R,1.4280751943588257,37.39224658795828,2.010329484939575,1.9987871646881104
133,move,seam-wide,O-ET2X-R-CurrentEdge-Point,1.4065606594085693,36.513132768757636,2.0340628623962402,2.9379377365112305
133,move,seam-wide,O-ET2X-R-PreviousRawEdge-Point,1.4439456462860107,36.46189108902262,2.1769661903381348,2.5597753524780273
133,move,seam-wide,ABL-ET2X-R-PreviousRawEdge-BilinearRGB,1.3395410776138306,37.39677723479319,2.104135036468506,2.468501329421997
134,move,wall-seam,O-T2X-R,1.6654188632965088,37.35845365599331,2.1320128440856934,3.0894734859466553
134,move,wall-seam,O-ET2X-R-CurrentEdge-Point,1.6277669668197632,35.48241793563895,2.7008514404296875,3.551227569580078
134,move,wall-seam,O-ET2X-R-PreviousRawEdge-Point,1.4876302480697632,37.52378414794035,2.442485809326172,3.094456434249878
134,move,wall-seam,ABL-ET2X-R-PreviousRawEdge-BilinearRGB,1.3580186367034912,38.159384021145456,2.3085978031158447,2.9007720947265625
134,move,seam-wide,O-T2X-R,1.4379041194915771,38.09364457831365,2.1141128540039062,3.237346649169922
134,move,seam-wide,O-ET2X-R-CurrentEdge-Point,1.4132118225097656,35.729993927858644,2.289381504058838,2.909496545791626
134,move,seam-wide,O-ET2X-R-PreviousRawEdge-Point,1.4470679759979248,35.86350976912079,2.1405282020568848,2.86354660987854
134,move,seam-wide,ABL-ET2X-R-PreviousRawEdge-BilinearRGB,1.2853527069091797,36.911422096217855,2.083444833755493,2.7230827808380127
135,move,wall-seam,O-T2X-R,1.7739800214767456,35.76865339804294,2.205026865005493,1.6593437194824219
135,move,wall-seam,O-ET2X-R-CurrentEdge-Point,1.7147352695465088,35.528412232471744,2.297370672225952,3.4426276683807373
135,move,wall-seam,O-ET2X-R-PreviousRawEdge-Point,1.6563584804534912,36.37495187682351,2.2798221111297607,2.6797916889190674
135,move,wall-seam,ABL-ET2X-R-PreviousRawEdge-BilinearRGB,1.5191514492034912,36.940073377211874,2.2688896656036377,2.491070032119751
135,move,seam-wide,O-T2X-R,1.449460506439209,37.419240052512365,1.9518462419509888,2.109879970550537
135,move,seam-wide,O-ET2X-R-CurrentEdge-Point,1.387604832649231,37.29192377554946,2.246551752090454,3.125485420227051
135,move,seam-wide,O-ET2X-R-PreviousRawEdge-Point,1.3433284759521484,38.27855921205477,2.1676676273345947,2.6175405979156494
135,move,seam-wide,ABL-ET2X-R-PreviousRawEdge-BilinearRGB,1.2499908208847046,38.8322555153508,2.163705825805664,2.5623271465301514
136,move,wall-seam,O-T2X-R,1.6876084804534912,36.79831216173088,2.3687667846679688,3.614987373352051
136,move,wall-seam,O-ET2X-R-CurrentEdge-Point,1.6022677421569824,36.66637724957556,2.218599557876587,2.5013210773468018
136,move,wall-seam,O-ET2X-R-PreviousRawEdge-Point,1.6491427421569824,36.61412036229815,2.327690839767456,2.4909169673919678
136,move,wall-seam,ABL-ET2X-R-PreviousRawEdge-BilinearRGB,1.5750868320465088,36.59702242492737,2.10931134223938,2.253864288330078
136,move,seam-wide,O-T2X-R,1.5860676765441895,34.86626304087024,1.9274510145187378,2.9869675636291504
136,move,seam-wide,O-ET2X-R-CurrentEdge-Point,1.4098769426345825,37.3366848032131,2.037996292114258,2.7470476627349854
136,move,seam-wide,O-ET2X-R-PreviousRawEdge-Point,1.369859218597412,38.056224673625266,2.1069281101226807,2.462691068649292
136,move,seam-wide,ABL-ET2X-R-PreviousRawEdge-BilinearRGB,1.33585524559021,37.99255137382155,2.0175766944885254,2.3287196159362793
137,move,wall-seam,O-T2X-R,1.6559244394302368,36.618592511043154,1.9364696741104126,1.7565540075302124
137,move,wall-seam,O-ET2X-R-CurrentEdge-Point,1.6347113847732544,35.74479731666263,2.4317734241485596,2.8857014179229736
137,move,wall-seam,O-ET2X-R-PreviousRawEdge-Point,1.5426974296569824,36.83125498094127,2.229660749435425,2.7572686672210693
137,move,wall-seam,ABL-ET2X-R-PreviousRawEdge-BilinearRGB,1.35498046875,37.62970012126885,2.1922638416290283,2.452491044998169
137,move,seam-wide,O-T2X-R,1.5109281539916992,36.032799964753316,2.0176405906677246,2.02624249458313
137,move,seam-wide,O-ET2X-R-CurrentEdge-Point,1.499159336090088,35.152962643146395,1.923125982284546,2.55245041847229
137,move,seam-wide,O-ET2X-R-PreviousRawEdge-Point,1.4719913005828857,35.649154741514735,1.9414292573928833,2.5154027938842773
137,move,seam-wide,ABL-ET2X-R-PreviousRawEdge-BilinearRGB,1.3754664659500122,35.99457884561526,1.9186615943908691,2.4013423919677734
138,move,wall-seam,O-T2X-R,1.8476020097732544,35.60601044535665,2.364335536956787,3.351416826248169
138,move,wall-seam,O-ET2X-R-CurrentEdge-Point,1.27880859375,39.67312996783417,2.4536283016204834,3.1428699493408203
138,move,wall-seam,O-ET2X-R-PreviousRawEdge-Point,1.3680555820465088,39.16046595742758,2.433850049972534,2.648146867752075
138,move,wall-seam,ABL-ET2X-R-PreviousRawEdge-BilinearRGB,1.2736544609069824,39.43399291779339,2.283327341079712,2.4787209033966064
138,move,seam-wide,O-T2X-R,1.737464427947998,33.64980835279811,1.8817492723464966,3.022702693939209
138,move,seam-wide,O-ET2X-R-CurrentEdge-Point,1.3439843654632568,37.43314348950109,2.2154734134674072,2.7727322578430176
138,move,seam-wide,O-ET2X-R-PreviousRawEdge-Point,1.3522706031799316,37.95888445204454,2.046020746231079,2.5639169216156006
138,move,seam-wide,ABL-ET2X-R-PreviousRawEdge-BilinearRGB,1.2757455110549927,38.43603584979644,2.006843328475952,2.4775021076202393
139,move,wall-seam,O-T2X-R,1.6012369394302368,38.43094057420442,2.3325564861297607,1.8472453355789185
139,move,wall-seam,O-ET2X-R-CurrentEdge-Point,1.5247396230697632,36.47994143235978,2.2892367839813232,2.189434289932251
139,move,wall-seam,O-ET2X-R-PreviousRawEdge-Point,1.5729166269302368,36.42162583550642,2.408310890197754,2.1396167278289795
139,move,wall-seam,ABL-ET2X-R-PreviousRawEdge-BilinearRGB,1.39111328125,37.89833703655699,2.1958470344543457,2.0385193824768066
139,move,seam-wide,O-T2X-R,1.5728946924209595,36.28274242946409,2.1651172637939453,2.0248782634735107
139,move,seam-wide,O-ET2X-R-CurrentEdge-Point,1.423474907875061,37.15086230979002,2.0075254440307617,2.613922357559204
139,move,seam-wide,O-ET2X-R-PreviousRawEdge-Point,1.411318063735962,37.52852341512977,2.0647614002227783,2.2374801635742188
139,move,seam-wide,ABL-ET2X-R-PreviousRawEdge-BilinearRGB,1.31634521484375,38.05126263450844,1.9927699565887451,2.1874372959136963
140,move,wall-seam,O-T2X-R,1.8654513359069824,36.624984776347716,2.3242123126983643,3.493154764175415
140,move,wall-seam,O-ET2X-R-CurrentEdge-Point,1.5281575918197632,36.358016288804045,2.764164924621582,3.5697009563446045
140,move,wall-seam,O-ET2X-R-PreviousRawEdge-Point,1.4468315839767456,37.72450880659181,2.3812685012817383,3.257889747619629
140,move,wall-seam,ABL-ET2X-R-PreviousRawEdge-BilinearRGB,1.2357313632965088,39.63738418271516,2.373981237411499,2.9343738555908203
140,move,seam-wide,O-T2X-R,1.6094576120376587,34.9665196686158,1.7620208263397217,3.0340917110443115
140,move,seam-wide,O-ET2X-R-CurrentEdge-Point,1.4861711263656616,35.76610473948718,2.110944986343384,2.732276201248169
140,move,seam-wide,O-ET2X-R-PreviousRawEdge-Point,1.4331005811691284,36.63402038269953,2.0194616317749023,2.552633762359619
140,move,seam-wide,ABL-ET2X-R-PreviousRawEdge-BilinearRGB,1.3501089811325073,36.94379152347378,2.0039358139038086,2.4279470443725586
141,move,wall-seam,O-T2X-R,1.6596137285232544,37.61350181037446,2.334506034851074,1.850441813468933
141,move,wall-seam,O-ET2X-R-CurrentEdge-Point,1.4363064765930176,37.721334442780076,2.2972347736358643,3.134106397628784
141,move,wall-seam,O-ET2X-R-PreviousRawEdge-Point,1.4797091484069824,37.67959501972006,2.4767260551452637,2.3908278942108154
141,move,wall-seam,ABL-ET2X-R-PreviousRawEdge-BilinearRGB,1.4517143964767456,37.52136713907653,2.154534339904785,2.4600236415863037
141,move,seam-wide,O-T2X-R,1.5389461517333984,36.12228294755064,2.1939525604248047,1.9703752994537354
141,move,seam-wide,O-ET2X-R-CurrentEdge-Point,1.367799162864685,37.38833222506894,1.9698967933654785,2.5512478351593018
141,move,seam-wide,O-ET2X-R-PreviousRawEdge-Point,1.4183109998703003,37.1693004650767,1.9609605073928833,2.2595653533935547
141,move,seam-wide,ABL-ET2X-R-PreviousRawEdge-BilinearRGB,1.3421831130981445,37.81452881910218,1.8658208847045898,2.2251856327056885
142,move,wall-seam,O-T2X-R,1.9478081464767456,34.97711871091202,2.5105106830596924,3.4540233612060547
142,move,wall-seam,O-ET2X-R-CurrentEdge-Point,1.5101454257965088,36.21302394530942,2.33142352104187,2.6627426147460938
142,move,wall-seam,O-ET2X-R-PreviousRawEdge-Point,1.4309896230697632,37.488198497048266,2.220184564590454,2.7294921875
142,move,wall-seam,ABL-ET2X-R-PreviousRawEdge-BilinearRGB,1.2390408515930176,39.29581589083276,2.15680193901062,2.3378002643585205
142,move,seam-wide,O-T2X-R,1.6512397527694702,34.93542375438763,1.8420928716659546,3.1118147373199463
142,move,seam-wide,O-ET2X-R-CurrentEdge-Point,1.5366367101669312,35.65977997759164,2.1511127948760986,2.51538348197937
142,move,seam-wide,O-ET2X-R-PreviousRawEdge-Point,1.4948638677597046,36.25849643544444,2.035742998123169,2.33410906791687
142,move,seam-wide,ABL-ET2X-R-PreviousRawEdge-BilinearRGB,1.331993818283081,37.32079180663114,1.9991594552993774,2.169182538986206
143,move,wall-seam,O-T2X-R,1.7922635078430176,35.7022681329789,2.3011653423309326,2.2278850078582764
143,move,wall-seam,O-ET2X-R-CurrentEdge-Point,1.6035698652267456,36.447054681124214,2.629495620727539,3.448246717453003
143,move,wall-seam,O-ET2X-R-PreviousRawEdge-Point,1.6755642890930176,36.244423313389646,2.4639365673065186,3.0041770935058594
143,move,wall-seam,ABL-ET2X-R-PreviousRawEdge-BilinearRGB,1.4120008945465088,37.51199878435053,2.4010446071624756,2.8036487102508545
143,move,seam-wide,O-T2X-R,1.5321195125579834,35.42709842888029,1.963045597076416,1.8814740180969238
143,move,seam-wide,O-ET2X-R-CurrentEdge-Point,1.4490724802017212,36.01689588218563,1.994025468826294,2.7582781314849854
143,move,seam-wide,O-ET2X-R-PreviousRawEdge-Point,1.48292875289917,36.13082520526724,1.9801350831985474,2.357980251312256
143,move,seam-wide,ABL-ET2X-R-PreviousRawEdge-BilinearRGB,1.3733972311019897,36.73901489096477,1.947887897491455,2.301434278488159
144,move,wall-seam,O-T2X-R,1.7815755605697632,36.143153081137996,2.103802442550659,3.3873674869537354
144,move,wall-seam,O-ET2X-R-CurrentEdge-Point,1.3368055820465088,37.68822581035267,2.2836883068084717,2.5985267162323
144,move,wall-seam,O-ET2X-R-PreviousRawEdge-Point,1.3829209804534912,37.621918128456514,2.4612133502960205,2.2824103832244873
144,move,wall-seam,ABL-ET2X-R-PreviousRawEdge-BilinearRGB,1.3161892890930176,38.06904109615956,2.1861464977264404,2.3447139263153076
144,move,seam-wide,O-T2X-R,1.6134759187698364,35.31712130673555,1.780220866203308,2.930730104446411
144,move,seam-wide,O-ET2X-R-CurrentEdge-Point,1.2953109741210938,37.46368140737512,1.731135368347168,2.2508656978607178
144,move,seam-wide,O-ET2X-R-PreviousRawEdge-Point,1.3379706144332886,37.19967693734385,1.7745858430862427,2.0973453521728516
144,move,seam-wide,ABL-ET2X-R-PreviousRawEdge-BilinearRGB,1.2369194030761719,38.159329406262884,1.6812589168548584,2.048781633377075
145,move,wall-seam,O-T2X-R,1.8883463144302368,34.42279274284657,2.096759557723999,1.812270164489746
145,move,wall-seam,O-ET2X-R-CurrentEdge-Point,1.7600369453430176,34.50140251993482,2.484525442123413,3.1175625324249268
145,move,wall-seam,O-ET2X-R-PreviousRawEdge-Point,1.6399739980697632,35.422787418235686,2.2673180103302,3.0042030811309814
145,move,wall-seam,ABL-ET2X-R-PreviousRawEdge-BilinearRGB,1.4028862714767456,37.37293501514137,2.2322652339935303,2.572601318359375
145,move,seam-wide,O-T2X-R,1.5749454498291016,35.885164651393275,1.5617729425430298,1.5493735074996948
145,move,seam-wide,O-ET2X-R-CurrentEdge-Point,1.5256900787353516,35.01693594197911,1.9264963865280151,2.273453712463379
145,move,seam-wide,O-ET2X-R-PreviousRawEdge-Point,1.4395207166671753,35.902575861145124,1.7472230195999146,2.037156105041504
145,move,seam-wide,ABL-ET2X-R-PreviousRawEdge-BilinearRGB,1.3056201934814453,36.94259515773594,1.7250003814697266,1.8603442907333374
146,move,wall-seam,O-T2X-R,1.9660372734069824,34.488091340940045,2.2502496242523193,3.459260940551758
146,move,wall-seam,O-ET2X-R-CurrentEdge-Point,1.5340712070465088,36.11847463431144,2.7577102184295654,3.494550943374634
146,move,wall-seam,O-ET2X-R-PreviousRawEdge-Point,1.5920138359069824,36.18765991365312,2.63364577293396,2.794904947280884
146,move,wall-seam,ABL-ET2X-R-PreviousRawEdge-BilinearRGB,1.4211153984069824,37.33365363648375,2.4734909534454346,2.82643723487854
146,move,seam-wide,O-T2X-R,1.5770978927612305,36.23605193351205,1.6311691999435425,2.4481801986694336
146,move,seam-wide,O-ET2X-R-CurrentEdge-Point,1.3326127529144287,36.70779285451604,1.8134167194366455,2.4328203201293945
146,move,seam-wide,O-ET2X-R-PreviousRawEdge-Point,1.3317813873291016,37.106587979610694,1.8579919338226318,1.8786141872406006
146,move,seam-wide,ABL-ET2X-R-PreviousRawEdge-BilinearRGB,1.2537875175476074,37.54504927306687,1.7973819971084595,1.8881219625473022
147,move,wall-seam,O-T2X-R,1.5196939706802368,38.109063371241604,2.138357400894165,1.6597312688827515
147,move,wall-seam,O-ET2X-R-CurrentEdge-Point,1.6328125,35.56803721530557,2.165605068206787,2.6856460571289062
147,move,wall-seam,O-ET2X-R-PreviousRawEdge-Point,1.6849501132965088,35.51805872622501,2.3803799152374268,2.4061572551727295
147,move,wall-seam,ABL-ET2X-R-PreviousRawEdge-BilinearRGB,1.4226346015930176,36.7829446270577,2.1600770950317383,2.2992889881134033
147,move,seam-wide,O-T2X-R,1.394588589668274,37.52724872419014,1.6130653619766235,1.3680415153503418
147,move,seam-wide,O-ET2X-R-CurrentEdge-Point,1.2895466089248657,37.78150883501701,1.612728238105774,2.028500556945801
147,move,seam-wide,O-ET2X-R-PreviousRawEdge-Point,1.3027102947235107,37.95463283234622,1.683910608291626,1.951098084449768
147,move,seam-wide,ABL-ET2X-R-PreviousRawEdge-BilinearRGB,1.1564313173294067,38.99323446193955,1.6079957485198975,1.8167262077331543
148,move,wall-seam,O-T2X-R,1.7112630605697632,37.36949296851354,2.400395154953003,3.5144405364990234
148,move,wall-seam,O-ET2X-R-CurrentEdge-Point,1.6901041269302368,36.70548608792737,3.431858777999878,4.028010845184326
148,move,wall-seam,O-ET2X-R-PreviousRawEdge-Point,1.6463758945465088,37.90032516789508,2.9754765033721924,3.742083787918091
148,move,wall-seam,ABL-ET2X-R-PreviousRawEdge-BilinearRGB,1.39111328125,39.5954545078572,2.95623779296875,3.3165194988250732
148,move,seam-wide,O-T2X-R,1.4763330221176147,37.625527171353916,1.8726181983947754,2.697774887084961
148,move,seam-wide,O-ET2X-R-CurrentEdge-Point,1.5233898162841797,35.81542501015021,2.07112717628479,2.3879380226135254
148,move,seam-wide,O-ET2X-R-PreviousRawEdge-Point,1.5177456140518188,36.070282051869,1.8788306713104248,2.2021305561065674
148,move,seam-wide,ABL-ET2X-R-PreviousRawEdge-BilinearRGB,1.3522244691848755,37.112356402990905,1.8545734882354736,2.0344698429107666
149,move,wall-seam,O-T2X-R,1.5661892890930176,38.6581025322258,2.2052114009857178,1.6633930206298828
149,move,wall-seam,O-ET2X-R-CurrentEdge-Point,1.1495225429534912,39.239793527121556,2.2473068237304688,3.4590702056884766
149,move,wall-seam,O-ET2X-R-PreviousRawEdge-Point,1.2063802480697632,39.10544428007283,2.6581225395202637,2.581441640853882
149,move,wall-seam,ABL-ET2X-R-PreviousRawEdge-BilinearRGB,1.2917208671569824,37.831978926521806,2.3129756450653076,2.785737991333008
149,move,seam-wide,O-T2X-R,1.3824409246444702,38.47704834261527,1.7454864978790283,1.551400065422058
149,move,seam-wide,O-ET2X-R-CurrentEdge-Point,1.2430901527404785,37.802433974203026,1.7519879341125488,2.3968441486358643
149,move,seam-wide,O-ET2X-R-PreviousRawEdge-Point,1.26780104637146,37.906564060034896,1.8243075609207153,1.8939887285232544
149,move,seam-wide,ABL-ET2X-R-PreviousRawEdge-BilinearRGB,1.210194706916809,38.21183281639124,1.7254905700683594,1.920448899269104
150,move,wall-seam,O-T2X-R,1.7440863847732544,38.48978647933125,2.7093257904052734,3.766648530960083
150,move,wall-seam,O-ET2X-R-CurrentEdge-Point,1.6998155117034912,34.52387394824912,2.2330033779144287,2.7054879665374756
150,move,wall-seam,O-ET2X-R-PreviousRawEdge-Point,1.5578885078430176,35.91682799817268,2.0111868381500244,2.8645362854003906
150,move,wall-seam,ABL-ET2X-R-PreviousRawEdge-BilinearRGB,1.3203667402267456,38.198408178578994,1.9678535461425781,2.4090960025787354
150,move,seam-wide,O-T2X-R,1.513958215713501,36.89541513214471,1.8405824899673462,2.7539443969726562
150,move,seam-wide,O-ET2X-R-CurrentEdge-Point,1.4092764854431152,36.21290010751952,1.6011537313461304,2.006704568862915
150,move,seam-wide,O-ET2X-R-PreviousRawEdge-Point,1.395715594291687,36.678550707536644,1.5793241262435913,1.9187241792678833
150,move,seam-wide,ABL-ET2X-R-PreviousRawEdge-BilinearRGB,1.2342312335968018,37.914549371092434,1.5403883457183838,1.7568747997283936
151,move,wall-seam,O-T2X-R,1.6870659589767456,38.37026647674966,2.345458745956421,1.9682976007461548
151,move,wall-seam,O-ET2X-R-CurrentEdge-Point,1.4497612714767456,37.11856453904985,2.569690465927124,3.2663841247558594
151,move,wall-seam,O-ET2X-R-PreviousRawEdge-Point,1.6469184160232544,35.82925359893942,2.4538896083831787,2.62370228767395
151,move,wall-seam,ABL-ET2X-R-PreviousRawEdge-BilinearRGB,1.4055989980697632,37.839133323313455,2.40462589263916,2.5383663177490234
151,move,seam-wide,O-T2X-R,1.5360270738601685,36.197107937115575,1.6582821607589722,1.627505898475647
151,move,seam-wide,O-ET2X-R-CurrentEdge-Point,1.4304124116897583,36.06444470868236,1.9755771160125732,2.255464792251587
151,move,seam-wide,O-ET2X-R-PreviousRawEdge-Point,1.524341344833374,35.54143364193748,1.863901138305664,2.0195114612579346
151,move,seam-wide,ABL-ET2X-R-PreviousRawEdge-BilinearRGB,1.3505985736846924,36.867636246843254,1.8215464353561401,1.927064061164856
152,move,wall-seam,O-T2X-R,1.8232964277267456,36.601808436976114,2.4817113876342773,3.7360801696777344
152,move,wall-seam,O-ET2X-R-CurrentEdge-Point,1.2168511152267456,39.7570143157878,2.053999423980713,2.6154260635375977
152,move,wall-seam,O-ET2X-R-PreviousRawEdge-Point,1.2798393964767456,39.59740270788775,2.2807538509368896,2.2997615337371826
152,move,wall-seam,ABL-ET2X-R-PreviousRawEdge-BilinearRGB,1.0744900703430176,41.18377126365292,2.080068826675415,2.3981475830078125
152,move,seam-wide,O-T2X-R,1.5811070203781128,36.39380884906162,1.6936702728271484,2.5145390033721924
152,move,seam-wide,O-ET2X-R-CurrentEdge-Point,1.297758936882019,37.59872215523559,1.8147104978561401,2.2074429988861084
152,move,seam-wide,O-ET2X-R-PreviousRawEdge-Point,1.3040220737457275,37.94649653573894,1.8736968040466309,1.858826756477356
152,move,seam-wide,ABL-ET2X-R-PreviousRawEdge-BilinearRGB,1.1649022102355957,39.205336820538285,1.793057918548584,1.8415724039077759
153,move,wall-seam,O-T2X-R,1.7556966543197632,34.98313013053125,1.7286723852157593,2.0509464740753174
153,move,wall-seam,O-ET2X-R-CurrentEdge-Point,1.6505533456802368,37.81398010724183,3.070408582687378,3.502466917037964
153,move,wall-seam,O-ET2X-R-PreviousRawEdge-Point,1.5766059160232544,38.99503319789099,2.763869047164917,3.383070707321167
153,move,wall-seam,ABL-ET2X-R-PreviousRawEdge-BilinearRGB,1.3732095956802368,40.27511870194196,2.7249724864959717,2.834610939025879
153,move,seam-wide,O-T2X-R,1.5085079669952393,36.4484518076829,1.5822733640670776,1.5234346389770508
153,move,seam-wide,O-ET2X-R-CurrentEdge-Point,1.4525551795959473,37.28501369496027,1.9299983978271484,2.4511938095092773
153,move,seam-wide,O-ET2X-R-PreviousRawEdge-Point,1.4489432573318481,37.573750181673525,1.8152458667755127,2.251824140548706
153,move,seam-wide,ABL-ET2X-R-PreviousRawEdge-BilinearRGB,1.271071195602417,38.90705540766651,1.7756725549697876,2.0504095554351807
154,move,wall-seam,O-T2X-R,2.127007484436035,33.21813697304345,1.9695497751235962,2.7478115558624268
154,move,wall-seam,O-ET2X-R-CurrentEdge-Point,1.1168619394302368,41.13705274787594,2.2374532222747803,3.051464080810547
154,move,wall-seam,O-ET2X-R-PreviousRawEdge-Point,1.1666123867034912,40.95644836684555,2.5146191120147705,2.4563591480255127
154,move,wall-seam,ABL-ET2X-R-PreviousRawEdge-BilinearRGB,1.3245443105697632,38.49237217605507,2.1702263355255127,2.6434500217437744
154,move,seam-wide,O-T2X-R,1.5122122764587402,36.34711514100345,1.7533502578735352,2.546823501586914
154,move,seam-wide,O-ET2X-R-CurrentEdge-Point,1.3815726041793823,35.52362366712273,1.8357353210449219,2.2827656269073486
154,move,seam-wide,O-ET2X-R-PreviousRawEdge-Point,1.4011011123657227,35.836081394898706,1.8748971223831177,1.9698249101638794
154,move,seam-wide,ABL-ET2X-R-PreviousRawEdge-BilinearRGB,1.3427373170852661,36.195946401555815,1.7619836330413818,1.9588310718536377
155,move,wall-seam,O-T2X-R,1.7596029043197632,35.96123668210644,2.2618446350097656,1.7987536191940308
155,move,wall-seam,O-ET2X-R-CurrentEdge-Point,1.5959744453430176,35.58472010541297,1.7170225381851196,2.307591676712036
155,move,wall-seam,O-ET2X-R-PreviousRawEdge-Point,1.6509873867034912,35.53171332712988,1.707522988319397,2.6112589836120605
155,move,wall-seam,ABL-ET2X-R-PreviousRawEdge-BilinearRGB,1.3369140625,38.42735694761918,1.6911083459854126,2.171253204345703
155,move,seam-wide,O-T2X-R,1.4533495903015137,36.43764521003773,1.6674251556396484,1.507367730140686
155,move,seam-wide,O-ET2X-R-CurrentEdge-Point,1.4066160917282104,36.11000940666827,1.7525712251663208,2.178316116333008
155,move,seam-wide,O-ET2X-R-PreviousRawEdge-Point,1.3880667686462402,36.711040695509084,1.706398844718933,2.026564836502075
155,move,seam-wide,ABL-ET2X-R-PreviousRawEdge-BilinearRGB,1.2835328578948975,37.765166375593985,1.689807415008545,1.8641921281814575
156,move,wall-seam,O-T2X-R,1.8386502265930176,35.34411085512091,2.4039297103881836,3.65179443359375
156,move,wall-seam,O-ET2X-R-CurrentEdge-Point,1.7933485507965088,35.349957104967025,3.128695249557495,3.3052027225494385
156,move,wall-seam,O-ET2X-R-PreviousRawEdge-Point,1.9387478828430176,34.591118402768444,2.7623627185821533,2.9534575939178467
156,move,wall-seam,ABL-ET2X-R-PreviousRawEdge-BilinearRGB,1.5697699785232544,37.494584035477345,2.7923424243927,2.9134247303009033
156,move,seam-wide,O-T2X-R,1.5320271253585815,36.31294167269645,1.7840769290924072,2.653834104537964
156,move,seam-wide,O-ET2X-R-CurrentEdge-Point,1.4875290393829346,36.10219431204632,1.8223533630371094,2.3096764087677
156,move,seam-wide,O-ET2X-R-PreviousRawEdge-Point,1.5673151016235352,35.70215448377304,1.7749371528625488,2.0045807361602783
156,move,seam-wide,ABL-ET2X-R-PreviousRawEdge-BilinearRGB,1.3654159307479858,37.203301387712216,1.7601404190063477,1.97012460231781
157,move,wall-seam,O-T2X-R,1.4730902910232544,39.8231296788344,2.3375325202941895,1.6627470254898071
157,move,wall-seam,O-ET2X-R-CurrentEdge-Point,1.2794053554534912,39.8029987051368,2.309518814086914,3.233736276626587
157,move,wall-seam,O-ET2X-R-PreviousRawEdge-Point,1.3361544609069824,39.65612407792427,2.6302404403686523,2.5112664699554443
157,move,wall-seam,ABL-ET2X-R-PreviousRawEdge-BilinearRGB,1.2150607109069824,39.80743352827302,2.223871946334839,2.6594769954681396
157,move,seam-wide,O-T2X-R,1.5727653503417969,35.18078753018405,1.7113347053527832,1.4725395441055298
157,move,seam-wide,O-ET2X-R-CurrentEdge-Point,1.3896833658218384,35.86088765795205,1.9002431631088257,2.244293212890625
157,move,seam-wide,O-ET2X-R-PreviousRawEdge-Point,1.3719284534454346,36.509576728880575,1.852785348892212,1.9243258237838745
157,move,seam-wide,ABL-ET2X-R-PreviousRawEdge-BilinearRGB,1.2577319145202637,37.008079123117035,1.7147445678710938,1.8605049848556519
158,move,wall-seam,O-T2X-R,1.7800564765930176,37.79943815985823,2.4418632984161377,3.672765016555786
158,move,wall-seam,O-ET2X-R-CurrentEdge-Point,2.115668296813965,34.742496139202714,3.251192092895508,3.8703486919403076
158,move,wall-seam,O-ET2X-R-PreviousRawEdge-Point,1.95263671875,36.110994696978416,2.857435464859009,3.7251064777374268
158,move,wall-seam,ABL-ET2X-R-PreviousRawEdge-BilinearRGB,1.6908094882965088,37.68888568006063,2.8723018169403076,3.1247434616088867
158,move,seam-wide,O-T2X-R,1.6510365009307861,35.69830069528074,1.7720694541931152,2.689410448074341
158,move,seam-wide,O-ET2X-R-CurrentEdge-Point,1.5655323266983032,36.41221073420385,1.9968147277832031,2.5684139728546143
158,move,seam-wide,O-ET2X-R-PreviousRawEdge-Point,1.5203137397766113,37.073053145012416,1.9415203332901,2.206970691680908
158,move,seam-wide,ABL-ET2X-R-PreviousRawEdge-BilinearRGB,1.401276707649231,37.848271733382106,1.9261127710342407,1.9985365867614746
159,move,wall-seam,O-T2X-R,1.6744791269302368,38.55608824029681,2.317023277282715,1.6706180572509766
159,move,wall-seam,O-ET2X-R-CurrentEdge-Point,1.2081162929534912,41.312092829871965,2.8478147983551025,4.029967308044434
159,move,wall-seam,O-ET2X-R-PreviousRawEdge-Point,1.3454861640930176,39.57349110187938,2.9012527465820312,3.1450812816619873
159,move,wall-seam,ABL-ET2X-R-PreviousRawEdge-BilinearRGB,1.4919705390930176,38.236409724011544,2.6713714599609375,3.291111707687378
159,move,seam-wide,O-T2X-R,1.5580589771270752,36.82843765746088,1.736122727394104,1.504122257232666
159,move,seam-wide,O-ET2X-R-CurrentEdge-Point,1.3847873210906982,36.95825366959642,2.0112550258636475,2.6218323707580566
159,move,seam-wide,O-ET2X-R-PreviousRawEdge-Point,1.3702749013900757,37.685127932941846,2.003244161605835,2.2879343032836914
159,move,seam-wide,ABL-ET2X-R-PreviousRawEdge-BilinearRGB,1.3007797002792358,38.26800415968906,1.9079777002334595,2.2761881351470947
160,move,wall-seam,O-T2X-R,1.9142794609069824,37.43407615619779,2.5572566986083984,3.615899085998535
160,move,wall-seam,O-ET2X-R-CurrentEdge-Point,1.7713216543197632,35.14724629666929,1.8062976598739624,2.937079429626465
160,move,wall-seam,O-ET2X-R-PreviousRawEdge-Point,1.8199326992034912,35.103865414695306,1.966597557067871,2.9041621685028076
160,move,wall-seam,ABL-ET2X-R-PreviousRawEdge-BilinearRGB,1.5315755605697632,37.39125858396493,1.9598463773727417,2.675949811935425
160,move,seam-wide,O-T2X-R,1.5946495532989502,37.180816433353634,1.8981828689575195,2.7859342098236084
160,move,seam-wide,O-ET2X-R-CurrentEdge-Point,1.5490522384643555,35.42560703877909,1.7252917289733887,2.406195640563965
160,move,seam-wide,O-ET2X-R-PreviousRawEdge-Point,1.596450924873352,35.359275082180474,1.698704481124878,2.1647162437438965
160,move,seam-wide,ABL-ET2X-R-PreviousRawEdge-BilinearRGB,1.4294332265853882,36.35456323243957,1.6691923141479492,2.040377616882324
161,move,wall-seam,O-T2X-R,2.075086832046509,34.784359697701106,2.2275736331939697,2.101591110229492
161,move,wall-seam,O-ET2X-R-CurrentEdge-Point,1.8663194179534912,35.347212777198514,3.329951047897339,3.553687334060669
161,move,wall-seam,O-ET2X-R-PreviousRawEdge-Point,1.9072808027267456,35.17829533494297,2.7792720794677734,3.1737403869628906
161,move,wall-seam,ABL-ET2X-R-PreviousRawEdge-BilinearRGB,1.5914170742034912,37.8598701080754,2.8052737712860107,3.0332190990448
161,move,seam-wide,O-T2X-R,1.4705225229263306,37.7912669979504,1.7516483068466187,1.587307333946228
161,move,seam-wide,O-ET2X-R-CurrentEdge-Point,1.4102187156677246,37.06411252773816,1.9463220834732056,2.3048715591430664
161,move,seam-wide,O-ET2X-R-PreviousRawEdge-Point,1.456000804901123,36.86277997348576,1.882756233215332,2.0274014472961426
161,move,seam-wide,ABL-ET2X-R-PreviousRawEdge-BilinearRGB,1.3245667219161987,37.94190804475076,1.8635960817337036,1.9451414346694946
162,move,wall-seam,O-T2X-R,2.307996988296509,33.08488117194847,2.1916720867156982,3.2442548274993896
162,move,wall-seam,O-ET2X-R-CurrentEdge-Point,1.4286566972732544,38.50558024921135,2.177299737930298,3.268216371536255
162,move,wall-seam,O-ET2X-R-PreviousRawEdge-Point,1.47607421875,38.40865374688415,2.63354754447937,2.256956100463867
162,move,wall-seam,ABL-ET2X-R-PreviousRawEdge-BilinearRGB,1.4123263359069824,37.897912668959314,2.2369606494903564,2.619619131088257
162,move,seam-wide,O-T2X-R,1.5577818155288696,36.38941932939869,1.7049944400787354,2.6284091472625732
162,move,seam-wide,O-ET2X-R-CurrentEdge-Point,1.5497173070907593,35.36401013465111,1.7088117599487305,2.153980016708374
162,move,seam-wide,O-ET2X-R-PreviousRawEdge-Point,1.5222628116607666,35.96911870307521,1.7715708017349243,1.8518359661102295
162,move,seam-wide,ABL-ET2X-R-PreviousRawEdge-BilinearRGB,1.3858404159545898,36.774371447339476,1.6663140058517456,1.8994356393814087
163,move,wall-seam,O-T2X-R,2.0812175273895264,33.527403707849025,2.326369047164917,2.1918153762817383
163,move,wall-seam,O-ET2X-R-CurrentEdge-Point,1.8393012285232544,35.53618402102096,2.9033844470977783,3.412362813949585
163,move,wall-seam,O-ET2X-R-PreviousRawEdge-Point,1.6701388359069824,37.19842635301176,2.584138870239258,3.45939564704895
163,move,wall-seam,ABL-ET2X-R-PreviousRawEdge-BilinearRGB,1.4922417402267456,38.73657007604209,2.582458734512329,2.8645622730255127
163,move,seam-wide,O-T2X-R,1.554733395576477,35.84246507325098,1.6751809120178223,1.5581806898117065
163,move,seam-wide,O-ET2X-R-CurrentEdge-Point,1.4977552890777588,36.12286642958673,2.1024436950683594,2.550480842590332
163,move,seam-wide,O-ET2X-R-PreviousRawEdge-Point,1.4828733205795288,36.46307661701017,1.9207152128219604,2.2965190410614014
163,move,seam-wide,ABL-ET2X-R-PreviousRawEdge-BilinearRGB,1.3683719635009766,37.154292750236564,1.8937946557998657,2.066500425338745
164,move,wall-seam,O-T2X-R,2.3748371601104736,32.52544973059008,2.4732134342193604,3.5631330013275146
164,move,wall-seam,O-ET2X-R-CurrentEdge-Point,1.4130859375,38.98136986550553,2.7418556213378906,3.695044755935669
164,move,wall-seam,O-ET2X-R-PreviousRawEdge-Point,1.5997178554534912,36.698025464639954,2.67972731590271,2.790133476257324
164,move,wall-seam,ABL-ET2X-R-PreviousRawEdge-BilinearRGB,1.6569010019302368,36.035746321368414,2.5204880237579346,2.9948160648345947
164,move,seam-wide,O-T2X-R,1.7756531238555908,34.03534304677397,1.6336153745651245,2.4610652923583984
164,move,seam-wide,O-ET2X-R-CurrentEdge-Point,1.215321660041809,39.002399614825215,1.7429096698760986,2.259284019470215
164,move,seam-wide,O-ET2X-R-PreviousRawEdge-Point,1.2756807804107666,38.2905173491985,1.89106023311615,1.8077462911605835
164,move,seam-wide,ABL-ET2X-R-PreviousRawEdge-BilinearRGB,1.2277278900146484,38.170234308686666,1.7915012836456299,1.8260551691055298
165,move,wall-seam,O-T2X-R,1.9393988847732544,35.23966236376565,2.363335371017456,1.8839272260665894
165,move,wall-seam,O-ET2X-R-CurrentEdge-Point,1.7654080390930176,34.9496674631792,2.2109344005584717,3.319836378097534
165,move,wall-seam,O-ET2X-R-PreviousRawEdge-Point,1.6708984375,35.98091131252798,2.239924430847168,2.880035400390625
165,move,wall-seam,ABL-ET2X-R-PreviousRawEdge-BilinearRGB,1.3867729902267456,38.08260523942524,2.2163822650909424,2.6299078464508057
165,move,seam-wide,O-T2X-R,1.659507393836975,35.0249621014312,1.6298555135726929,1.5026689767837524
165,move,seam-wide,O-ET2X-R-CurrentEdge-Point,1.5057365894317627,35.30487933093737,1.7513779401779175,2.1833972930908203
165,move,seam-wide,O-ET2X-R-PreviousRawEdge-Point,1.465755820274353,35.78413318398062,1.628961205482483,2.113431692123413
165,move,seam-wide,ABL-ET2X-R-PreviousRawEdge-BilinearRGB,1.2545634508132935,37.60691454586271,1.6292871236801147,1.9247214794158936
166,move,wall-seam,O-T2X-R,2.082411050796509,34.38994032583915,2.727379083633423,4.113288402557373
166,move,wall-seam,O-ET2X-R-CurrentEdge-Point,1.7277560234069824,36.123992925554916,3.431547164916992,4.095986843109131
166,move,wall-seam,O-ET2X-R-PreviousRawEdge-Point,1.8617621660232544,35.265080025493425,2.8130578994750977,3.2412612438201904
166,move,wall-seam,ABL-ET2X-R-PreviousRawEdge-BilinearRGB,1.4962564706802368,38.39561173232597,2.8499433994293213,3.105320692062378
166,move,seam-wide,O-T2X-R,1.6409488916397095,36.01121624579673,1.9555866718292236,2.7949752807617188
166,move,seam-wide,O-ET2X-R-CurrentEdge-Point,1.3940805196762085,36.723809557742925,2.055492877960205,2.4994912147521973
166,move,seam-wide,O-ET2X-R-PreviousRawEdge-Point,1.4688504934310913,36.25007910843563,1.8718640804290771,2.0114903450012207
166,move,seam-wide,ABL-ET2X-R-PreviousRawEdge-BilinearRGB,1.2953386306762695,37.58803774874687,1.8604393005371094,1.954404354095459
167,move,wall-seam,O-T2X-R,1.6569552421569824,37.58554344479495,2.549004316329956,1.773314356803894
167,move,wall-seam,O-ET2X-R-CurrentEdge-Point,1.3221029043197632,38.88055036428171,2.226168394088745,3.925801992416382
167,move,wall-seam,O-ET2X-R-PreviousRawEdge-Point,1.4144965410232544,38.15253500527096,2.6916377544403076,2.6030611991882324
167,move,wall-seam,ABL-ET2X-R-PreviousRawEdge-BilinearRGB,1.3448892831802368,38.85971112616975,2.5522561073303223,2.904886245727539
167,move,seam-wide,O-T2X-R,1.341407060623169,38.72715452616517,1.8000168800354004,1.567533016204834
167,move,seam-wide,O-ET2X-R-CurrentEdge-Point,1.2211414575576782,38.23447460213745,1.5256677865982056,2.2045483589172363
167,move,seam-wide,O-ET2X-R-PreviousRawEdge-Point,1.262526273727417,38.092558553197975,1.7430901527404785,1.793007493019104
167,move,seam-wide,ABL-ET2X-R-PreviousRawEdge-BilinearRGB,1.1970956325531006,38.3072438543634,1.654828429222107,1.8213876485824585
168,move,wall-seam,O-T2X-R,1.8525933027267456,36.568137101629226,2.5465028285980225,3.9899520874023438
168,move,wall-seam,O-ET2X-R-CurrentEdge-Point,2.089735269546509,33.693692802047906,2.6116690635681152,3.1642017364501953
168,move,wall-seam,O-ET2X-R-PreviousRawEdge-Point,2.0295681953430176,34.18688151698006,2.443946123123169,3.143077850341797
168,move,wall-seam,ABL-ET2X-R-PreviousRawEdge-BilinearRGB,1.6300997734069824,37.02729634567733,2.439812183380127,2.865999937057495
168,move,seam-wide,O-T2X-R,1.4362413883209229,37.64346312970717,1.8407164812088013,2.7754745483398438
168,move,seam-wide,O-ET2X-R-CurrentEdge-Point,1.5614491701126099,34.87245573947992,1.9160418510437012,2.1132686138153076
168,move,seam-wide,O-ET2X-R-PreviousRawEdge-Point,1.5376713275909424,35.23950698725475,1.7071336507797241,2.0512828826904297
168,move,seam-wide,ABL-ET2X-R-PreviousRawEdge-BilinearRGB,1.2977219820022583,37.09970079475163,1.7069710493087769,1.8800264596939087
169,move,wall-seam,O-T2X-R,1.8253037929534912,36.03025188472516,2.5758981704711914,1.6868038177490234
169,move,wall-seam,O-ET2X-R-CurrentEdge-Point,1.5282660722732544,37.489926309369956,3.395418167114258,4.176001071929932
169,move,wall-seam,O-ET2X-R-PreviousRawEdge-Point,1.7111544609069824,36.09148920753864,3.024606704711914,3.2213447093963623
169,move,wall-seam,ABL-ET2X-R-PreviousRawEdge-BilinearRGB,1.5027669668197632,37.941070617896656,2.831226348876953,3.1363842487335205
169,move,seam-wide,O-T2X-R,1.4490724802017212,37.0440183562622,1.7860952615737915,1.5280178785324097
169,move,seam-wide,O-ET2X-R-CurrentEdge-Point,1.3501644134521484,36.79366608186878,1.9636856317520142,2.5199954509735107
169,move,seam-wide,O-ET2X-R-PreviousRawEdge-Point,1.391521692276001,36.7128406235848,1.9211550951004028,1.994160532951355
169,move,seam-wide,ABL-ET2X-R-PreviousRawEdge-BilinearRGB,1.2864888906478882,37.446934121512,1.8560669422149658,1.9458353519439697
170,move,wall-seam,O-T2X-R,1.9487847089767456,36.50006254835304,2.3357737064361572,3.7671260833740234
170,move,wall-seam,O-ET2X-R-CurrentEdge-Point,1.88427734375,34.87313253823221,2.4189517498016357,3.9814274311065674
170,move,wall-seam,O-ET2X-R-PreviousRawEdge-Point,1.8157552480697632,35.62654513604872,2.674290418624878,2.8960001468658447
170,move,wall-seam,ABL-ET2X-R-PreviousRawEdge-BilinearRGB,1.5504556894302368,37.265282256025856,2.5676279067993164,2.9607455730438232
170,move,seam-wide,O-T2X-R,1.5724420547485352,36.166613528658466,1.642741322517395,2.609419822692871
170,move,seam-wide,O-ET2X-R-CurrentEdge-Point,1.3802516460418701,37.06497277406508,1.6284252405166626,2.2686750888824463
170,move,seam-wide,O-ET2X-R-PreviousRawEdge-Point,1.3869951963424683,37.3262487677452,1.7197803258895874,1.952940583229065
170,move,seam-wide,ABL-ET2X-R-PreviousRawEdge-BilinearRGB,1.228494644165039,38.42819691361355,1.678983449935913,1.9347028732299805
171,move,wall-seam,O-T2X-R,2.3743488788604736,32.316999831697316,2.247553825378418,1.5642423629760742
171,move,wall-seam,O-ET2X-R-CurrentEdge-Point,1.9560546875,34.96696341125843,3.643594741821289,4.457700729370117
171,move,wall-seam,O-ET2X-R-PreviousRawEdge-Point,1.7939453125,36.04220933580706,2.9780337810516357,3.701249122619629
171,move,wall-seam,ABL-ET2X-R-PreviousRawEdge-BilinearRGB,1.5586479902267456,38.351410455253074,2.957721710205078,3.104741096496582
171,move,seam-wide,O-T2X-R,1.7150168418884277,34.45830446153004,1.5290296077728271,1.437659740447998
171,move,seam-wide,O-ET2X-R-CurrentEdge-Point,1.585365653038025,35.186282883857814,2.178856134414673,2.4729700088500977
171,move,seam-wide,O-ET2X-R-PreviousRawEdge-Point,1.527472972869873,35.81029637582688,1.8984394073486328,2.171525239944458
171,move,seam-wide,ABL-ET2X-R-PreviousRawEdge-BilinearRGB,1.3494808673858643,37.26558258037848,1.8867439031600952,1.9583299160003662
172,move,wall-seam,O-T2X-R,2.384385824203491,33.34631468507706,2.816873550415039,3.8934285640716553
172,move,wall-seam,O-ET2X-R-CurrentEdge-Point,1.4264322519302368,38.529404545559586,2.4519636631011963,4.120174884796143
172,move,wall-seam,O-ET2X-R-PreviousRawEdge-Point,1.4502495527267456,38.721534434341095,2.9269840717315674,2.788059949874878
172,move,wall-seam,ABL-ET2X-R-PreviousRawEdge-BilinearRGB,1.3702256679534912,38.99497609173266,2.777088165283203,3.050727605819702
172,move,seam-wide,O-T2X-R,1.7702213525772095,34.95439945640014,1.775327444076538,2.4851791858673096
172,move,seam-wide,O-ET2X-R-CurrentEdge-Point,1.3858312368392944,36.51726469392765,1.8686223030090332,2.6511573791503906
172,move,seam-wide,O-ET2X-R-PreviousRawEdge-Point,1.3226268291473389,38.019120802930885,1.9790185689926147,2.0093252658843994
172,move,seam-wide,ABL-ET2X-R-PreviousRawEdge-BilinearRGB,1.2865997552871704,37.88282806551668,1.916049838066101,2.0537495613098145
173,move,wall-seam,O-T2X-R,2.0436198711395264,35.47536815792649,2.474191904067993,1.9065061807632446
173,move,wall-seam,O-ET2X-R-CurrentEdge-Point,2.067979574203491,34.109878964424134,2.7649543285369873,3.5485122203826904
173,move,wall-seam,O-ET2X-R-PreviousRawEdge-Point,2.026909828186035,34.620323971288016,2.567110776901245,3.716479539871216
173,move,wall-seam,ABL-ET2X-R-PreviousRawEdge-BilinearRGB,1.6249457597732544,37.22950400250012,2.6184253692626953,3.4208614826202393
173,move,seam-wide,O-T2X-R,1.5349462032318115,36.922534546793386,1.8286231756210327,1.635578989982605
173,move,seam-wide,O-ET2X-R-CurrentEdge-Point,1.5410523414611816,35.57736531397921,1.7349750995635986,2.263428211212158
173,move,seam-wide,O-ET2X-R-PreviousRawEdge-Point,1.5459575653076172,35.80173915404113,1.759896993637085,2.180600166320801
173,move,seam-wide,ABL-ET2X-R-PreviousRawEdge-BilinearRGB,1.3468296527862549,36.95047826902183,1.7517170906066895,2.072154998779297
174,move,wall-seam,O-T2X-R,2.277452230453491,33.5246210345433,2.5793468952178955,3.941493272781372
174,move,wall-seam,O-ET2X-R-CurrentEdge-Point,1.7214627265930176,37.016600250168395,3.5706214904785156,4.561714172363281
174,move,wall-seam,O-ET2X-R-PreviousRawEdge-Point,1.8846029043197632,35.85357945894498,3.1280152797698975,3.4537017345428467
174,move,wall-seam,ABL-ET2X-R-PreviousRawEdge-BilinearRGB,1.59619140625,37.97612651801305,2.892644166946411,3.482975959777832
174,move,seam-wide,O-T2X-R,1.5242489576339722,36.60333841817868,1.8113254308700562,2.8004448413848877
174,move,seam-wide,O-ET2X-R-CurrentEdge-Point,1.4988360404968262,35.645834712771205,2.160909414291382,2.5771379470825195
174,move,seam-wide,O-ET2X-R-PreviousRawEdge-Point,1.5504101514816284,35.50869758661716,1.9154152870178223,2.2188591957092285
174,move,seam-wide,ABL-ET2X-R-PreviousRawEdge-BilinearRGB,1.3734896183013916,36.674566694979404,1.869274616241455,2.170790672302246
175,move,wall-seam,O-T2X-R,1.8137478828430176,36.63534190378463,2.627934694290161,2.0966148376464844
175,move,wall-seam,O-ET2X-R-CurrentEdge-Point,1.767578125,35.754097827471824,2.7539501190185547,4.681717395782471
175,move,wall-seam,O-ET2X-R-PreviousRawEdge-Point,1.8970268964767456,35.162528943375946,2.8549535274505615,3.4054267406463623
175,move,wall-seam,ABL-ET2X-R-PreviousRawEdge-BilinearRGB,1.6103515625,37.42517425776731,2.8573901653289795,3.3392093181610107
175,move,seam-wide,O-T2X-R,1.4410172700881958,37.74869060132382,1.6734248399734497,1.5196921825408936
175,move,seam-wide,O-ET2X-R-CurrentEdge-Point,1.4104034900665283,37.303374918287496,1.8367587327957153,2.6237804889678955
175,move,seam-wide,O-ET2X-R-PreviousRawEdge-Point,1.4783098697662354,36.92883593493913,1.925060749053955,2.0492215156555176
175,move,seam-wide,ABL-ET2X-R-PreviousRawEdge-BilinearRGB,1.341813564300537,38.01016434418887,1.9144314527511597,2.0603830814361572
176,move,wall-seam,O-T2X-R,1.9699435234069824,35.54747735021102,2.6280393600463867,3.9165122509002686
176,move,wall-seam,O-ET2X-R-CurrentEdge-Point,1.8380533456802368,34.646556969036,3.276097536087036,4.332338809967041
176,move,wall-seam,O-ET2X-R-PreviousRawEdge-Point,1.7105576992034912,35.47254390228553,2.849506378173828,3.4159820079803467
176,move,wall-seam,ABL-ET2X-R-PreviousRawEdge-BilinearRGB,1.4471029043197632,38.418964440389885,2.8197762966156006,3.1525068283081055
176,move,seam-wide,O-T2X-R,1.5062446594238281,37.14295567679733,1.8351361751556396,2.6586222648620605
176,move,seam-wide,O-ET2X-R-CurrentEdge-Point,1.4937368631362915,35.94343599979455,2.0071916580200195,2.350959062576294
176,move,seam-wide,O-ET2X-R-PreviousRawEdge-Point,1.462827444076538,36.40650479262281,1.8794656991958618,2.1510727405548096
176,move,seam-wide,ABL-ET2X-R-PreviousRawEdge-BilinearRGB,1.267172932624817,38.17404980556022,1.8468912839889526,2.02614164352417
177,move,wall-seam,O-T2X-R,1.9854058027267456,34.82197591623588,2.4384348392486572,1.803018569946289
177,move,wall-seam,O-ET2X-R-CurrentEdge-Point,1.697265625,36.3257567327218,2.88124680519104,4.399311542510986
177,move,wall-seam,O-ET2X-R-PreviousRawEdge-Point,1.5966796875,37.7149493861785,2.821335554122925,2.918858528137207
177,move,wall-seam,ABL-ET2X-R-PreviousRawEdge-BilinearRGB,1.4637044668197632,38.178637856147986,2.6339316368103027,2.9205682277679443
177,move,seam-wide,O-T2X-R,1.5636016130447388,35.891905866746605,1.6075491905212402,1.5406147241592407
177,move,seam-wide,O-ET2X-R-CurrentEdge-Point,1.4192808866500854,36.36190670782243,1.94224214553833,2.6440911293029785
177,move,seam-wide,O-ET2X-R-PreviousRawEdge-Point,1.385406255722046,37.23669537584155,1.8380783796310425,2.103386163711548
177,move,seam-wide,ABL-ET2X-R-PreviousRawEdge-BilinearRGB,1.2940915822982788,37.678300964894966,1.7829334735870361,2.070549726486206
178,move,wall-seam,O-T2X-R,2.0623371601104736,34.92149918572756,2.6028172969818115,4.03803825378418
178,move,wall-seam,O-ET2X-R-CurrentEdge-Point,1.7611762285232544,36.29835232622708,2.605050802230835,3.8286476135253906
178,move,wall-seam,O-ET2X-R-PreviousRawEdge-Point,1.7545030117034912,36.78389490702953,2.6780261993408203,3.00333571434021
178,move,wall-seam,ABL-ET2X-R-PreviousRawEdge-BilinearRGB,1.5400933027267456,38.14654800223281,2.726893663406372,2.8928639888763428
178,move,seam-wide,O-T2X-R,1.6927539110183716,35.088610251930184,1.8038562536239624,2.609802722930908
178,move,seam-wide,O-ET2X-R-CurrentEdge-Point,1.3767321109771729,38.02746884810564,1.7194511890411377,2.303436517715454
178,move,seam-wide,O-ET2X-R-PreviousRawEdge-Point,1.4055906534194946,38.087642196705445,1.8099504709243774,1.895168662071228
178,move,seam-wide,ABL-ET2X-R-PreviousRawEdge-BilinearRGB,1.2851957082748413,38.75543633361073,1.7855764627456665,1.801806926727295
179,move,wall-seam,O-T2X-R,2.0617947578430176,34.34252630294972,2.1976630687713623,2.084782838821411
179,move,wall-seam,O-ET2X-R-CurrentEdge-Point,1.8216146230697632,36.24683531916653,3.313420534133911,4.2894062995910645
179,move,wall-seam,O-ET2X-R-PreviousRawEdge-Point,1.8193901777267456,36.218754704895375,2.8515803813934326,3.5828468799591064
179,move,wall-seam,ABL-ET2X-R-PreviousRawEdge-BilinearRGB,1.6452908515930176,37.49837088880183,2.819960594177246,3.4868996143341064
179,move,seam-wide,O-T2X-R,1.5880168676376343,35.6974851265155,1.5954554080963135,1.6516250371932983
179,move,seam-wide,O-ET2X-R-CurrentEdge-Point,1.427400827407837,36.373452454425035,2.019313335418701,2.414940595626831
179,move,seam-wide,O-ET2X-R-PreviousRawEdge-Point,1.3846579790115356,37.12745239060948,1.8310599327087402,2.1703171730041504
179,move,seam-wide,ABL-ET2X-R-PreviousRawEdge-BilinearRGB,1.2446882724761963,38.35154946418811,1.8257527351379395,2.0836238861083984
180,still-after,wall-seam,O-T2X-R,2.355523109436035,33.053835925718076,2.514410972595215,3.51788592338562
180,still-after,wall-seam,O-ET2X-R-CurrentEdge-Point,1.7674154043197632,35.68865802771389,2.712789535522461,4.355738162994385
180,still-after,wall-seam,O-ET2X-R-PreviousRawEdge-Point,1.8729926347732544,35.195856779282614,2.7807857990264893,3.1196107864379883
180,still-after,wall-seam,ABL-ET2X-R-PreviousRawEdge-BilinearRGB,1.7052408456802368,36.382144689586184,2.7662947177886963,3.2717180252075195
180,still-after,seam-wide,O-T2X-R,1.6547592878341675,35.57559421539541,1.7978211641311646,2.527358055114746
180,still-after,seam-wide,O-ET2X-R-CurrentEdge-Point,1.4529893398284912,35.93057401719586,1.8388222455978394,2.437049627304077
180,still-after,seam-wide,O-ET2X-R-PreviousRawEdge-Point,1.4715017080307007,36.078973011423486,1.8791725635528564,1.943813443183899
180,still-after,seam-wide,ABL-ET2X-R-PreviousRawEdge-BilinearRGB,1.3761777877807617,36.60534551495283,1.8529977798461914,1.9598584175109863
181,still-after,wall-seam,O-T2X-R,1.7615017890930176,36.77859342837749,2.427645683288574,3.5026190280914307
181,still-after,wall-seam,O-ET2X-R-CurrentEdge-Point,1.9865450859069824,33.64618275659018,0.31450143456459045,2.5390071868896484
181,still-after,wall-seam,O-ET2X-R-PreviousRawEdge-Point,1.9865450859069824,33.64618275659018,0.7327452301979065,2.408364772796631
181,still-after,wall-seam,ABL-ET2X-R-PreviousRawEdge-BilinearRGB,1.9865450859069824,33.64618275659018,0.8889718055725098,2.8010094165802
181,still-after,seam-wide,O-T2X-R,1.4814876317977905,37.030037413295325,1.5532442331314087,2.374905824661255
181,still-after,seam-wide,O-ET2X-R-CurrentEdge-Point,1.542576551437378,34.95658731034722,0.17051878571510315,1.7381271123886108
181,still-after,seam-wide,O-ET2X-R-PreviousRawEdge-Point,1.542576551437378,34.95658731034722,0.3837186396121979,1.6351290941238403
181,still-after,seam-wide,ABL-ET2X-R-PreviousRawEdge-BilinearRGB,1.542576551437378,34.95658731034722,0.40468722581863403,1.824253797531128
182,still-after,wall-seam,O-T2X-R,1.2390950918197632,39.47512344066054,1.0935508012771606,3.316465377807617
182,still-after,wall-seam,O-ET2X-R-CurrentEdge-Point,1.9865450859069824,33.64618275659018,0.0,0.31450143456459045
182,still-after,wall-seam,O-ET2X-R-PreviousRawEdge-Point,1.9865450859069824,33.64618275659018,0.0,0.7327452301979065
182,still-after,wall-seam,ABL-ET2X-R-PreviousRawEdge-BilinearRGB,1.9865450859069824,33.64618275659018,0.0,0.8889718055725098
182,still-after,seam-wide,O-T2X-R,1.0977625846862793,39.133568113657226,0.8443007469177246,2.2440712451934814
182,still-after,seam-wide,O-ET2X-R-CurrentEdge-Point,1.542576551437378,34.95658731034722,0.0,0.17051878571510315
182,still-after,seam-wide,O-ET2X-R-PreviousRawEdge-Point,1.542576551437378,34.95658731034722,0.0,0.3837186396121979
182,still-after,seam-wide,ABL-ET2X-R-PreviousRawEdge-BilinearRGB,1.542576551437378,34.95658731034722,0.0,0.40468722581863403
183,still-after,wall-seam,O-T2X-R,1.2390950918197632,39.47512344066054,0.0,1.0935508012771606
183,still-after,wall-seam,O-ET2X-R-CurrentEdge-Point,1.9865450859069824,33.64618275659018,0.0,0.0
183,still-after,wall-seam,O-ET2X-R-PreviousRawEdge-Point,1.9865450859069824,33.64618275659018,0.0,0.0
183,still-after,wall-seam,ABL-ET2X-R-PreviousRawEdge-BilinearRGB,1.9865450859069824,33.64618275659018,0.0,0.0
183,still-after,seam-wide,O-T2X-R,1.0977625846862793,39.133568113657226,0.0,0.8443007469177246
183,still-after,seam-wide,O-ET2X-R-CurrentEdge-Point,1.542576551437378,34.95658731034722,0.0,0.0
183,still-after,seam-wide,O-ET2X-R-PreviousRawEdge-Point,1.542576551437378,34.95658731034722,0.0,0.0
183,still-after,seam-wide,ABL-ET2X-R-PreviousRawEdge-BilinearRGB,1.542576551437378,34.95658731034722,0.0,0.0
184,still-after,wall-seam,O-T2X-R,1.2390950918197632,39.47512344066054,0.0,0.0
184,still-after,wall-seam,O-ET2X-R-CurrentEdge-Point,1.9865450859069824,33.64618275659018,0.0,0.0
184,still-after,wall-seam,O-ET2X-R-PreviousRawEdge-Point,1.9865450859069824,33.64618275659018,0.0,0.0
184,still-after,wall-seam,ABL-ET2X-R-PreviousRawEdge-BilinearRGB,1.9865450859069824,33.64618275659018,0.0,0.0
184,still-after,seam-wide,O-T2X-R,1.0977625846862793,39.133568113657226,0.0,0.0
184,still-after,seam-wide,O-ET2X-R-CurrentEdge-Point,1.542576551437378,34.95658731034722,0.0,0.0
184,still-after,seam-wide,O-ET2X-R-PreviousRawEdge-Point,1.542576551437378,34.95658731034722,0.0,0.0
184,still-after,seam-wide,ABL-ET2X-R-PreviousRawEdge-BilinearRGB,1.542576551437378,34.95658731034722,0.0,0.0
185,still-after,wall-seam,O-T2X-R,1.2390950918197632,39.47512344066054,0.0,0.0
185,still-after,wall-seam,O-ET2X-R-CurrentEdge-Point,1.9865450859069824,33.64618275659018,0.0,0.0
185,still-after,wall-seam,O-ET2X-R-PreviousRawEdge-Point,1.9865450859069824,33.64618275659018,0.0,0.0
185,still-after,wall-seam,ABL-ET2X-R-PreviousRawEdge-BilinearRGB,1.9865450859069824,33.64618275659018,0.0,0.0
185,still-after,seam-wide,O-T2X-R,1.0977625846862793,39.133568113657226,0.0,0.0
185,still-after,seam-wide,O-ET2X-R-CurrentEdge-Point,1.542576551437378,34.95658731034722,0.0,0.0
185,still-after,seam-wide,O-ET2X-R-PreviousRawEdge-Point,1.542576551437378,34.95658731034722,0.0,0.0
185,still-after,seam-wide,ABL-ET2X-R-PreviousRawEdge-BilinearRGB,1.542576551437378,34.95658731034722,0.0,0.0
186,still-after,wall-seam,O-T2X-R,1.2390950918197632,39.47512344066054,0.0,0.0
186,still-after,wall-seam,O-ET2X-R-CurrentEdge-Point,1.9865450859069824,33.64618275659018,0.0,0.0
186,still-after,wall-seam,O-ET2X-R-PreviousRawEdge-Point,1.9865450859069824,33.64618275659018,0.0,0.0
186,still-after,wall-seam,ABL-ET2X-R-PreviousRawEdge-BilinearRGB,1.9865450859069824,33.64618275659018,0.0,0.0
186,still-after,seam-wide,O-T2X-R,1.0977625846862793,39.133568113657226,0.0,0.0
186,still-after,seam-wide,O-ET2X-R-CurrentEdge-Point,1.542576551437378,34.95658731034722,0.0,0.0
186,still-after,seam-wide,O-ET2X-R-PreviousRawEdge-Point,1.542576551437378,34.95658731034722,0.0,0.0
186,still-after,seam-wide,ABL-ET2X-R-PreviousRawEdge-BilinearRGB,1.542576551437378,34.95658731034722,0.0,0.0
187,still-after,wall-seam,O-T2X-R,1.2390950918197632,39.47512344066054,0.0,0.0
187,still-after,wall-seam,O-ET2X-R-CurrentEdge-Point,1.9865450859069824,33.64618275659018,0.0,0.0
187,still-after,wall-seam,O-ET2X-R-PreviousRawEdge-Point,1.9865450859069824,33.64618275659018,0.0,0.0
187,still-after,wall-seam,ABL-ET2X-R-PreviousRawEdge-BilinearRGB,1.9865450859069824,33.64618275659018,0.0,0.0
187,still-after,seam-wide,O-T2X-R,1.0977625846862793,39.133568113657226,0.0,0.0
187,still-after,seam-wide,O-ET2X-R-CurrentEdge-Point,1.542576551437378,34.95658731034722,0.0,0.0
187,still-after,seam-wide,O-ET2X-R-PreviousRawEdge-Point,1.542576551437378,34.95658731034722,0.0,0.0
187,still-after,seam-wide,ABL-ET2X-R-PreviousRawEdge-BilinearRGB,1.542576551437378,34.95658731034722,0.0,0.0
188,still-after,wall-seam,O-T2X-R,1.2390950918197632,39.47512344066054,0.0,0.0
188,still-after,wall-seam,O-ET2X-R-CurrentEdge-Point,1.9865450859069824,33.64618275659018,0.0,0.0
188,still-after,wall-seam,O-ET2X-R-PreviousRawEdge-Point,1.9865450859069824,33.64618275659018,0.0,0.0
188,still-after,wall-seam,ABL-ET2X-R-PreviousRawEdge-BilinearRGB,1.9865450859069824,33.64618275659018,0.0,0.0
188,still-after,seam-wide,O-T2X-R,1.0977625846862793,39.133568113657226,0.0,0.0
188,still-after,seam-wide,O-ET2X-R-CurrentEdge-Point,1.542576551437378,34.95658731034722,0.0,0.0
188,still-after,seam-wide,O-ET2X-R-PreviousRawEdge-Point,1.542576551437378,34.95658731034722,0.0,0.0
188,still-after,seam-wide,ABL-ET2X-R-PreviousRawEdge-BilinearRGB,1.542576551437378,34.95658731034722,0.0,0.0
189,still-after,wall-seam,O-T2X-R,1.2390950918197632,39.47512344066054,0.0,0.0
189,still-after,wall-seam,O-ET2X-R-CurrentEdge-Point,1.9865450859069824,33.64618275659018,0.0,0.0
189,still-after,wall-seam,O-ET2X-R-PreviousRawEdge-Point,1.9865450859069824,33.64618275659018,0.0,0.0
189,still-after,wall-seam,ABL-ET2X-R-PreviousRawEdge-BilinearRGB,1.9865450859069824,33.64618275659018,0.0,0.0
189,still-after,seam-wide,O-T2X-R,1.0977625846862793,39.133568113657226,0.0,0.0
189,still-after,seam-wide,O-ET2X-R-CurrentEdge-Point,1.542576551437378,34.95658731034722,0.0,0.0
189,still-after,seam-wide,O-ET2X-R-PreviousRawEdge-Point,1.542576551437378,34.95658731034722,0.0,0.0
189,still-after,seam-wide,ABL-ET2X-R-PreviousRawEdge-BilinearRGB,1.542576551437378,34.95658731034722,0.0,0.0
190,still-after,wall-seam,O-T2X-R,1.2390950918197632,39.47512344066054,0.0,0.0
190,still-after,wall-seam,O-ET2X-R-CurrentEdge-Point,1.9865450859069824,33.64618275659018,0.0,0.0
190,still-after,wall-seam,O-ET2X-R-PreviousRawEdge-Point,1.9865450859069824,33.64618275659018,0.0,0.0
190,still-after,wall-seam,ABL-ET2X-R-PreviousRawEdge-BilinearRGB,1.9865450859069824,33.64618275659018,0.0,0.0
190,still-after,seam-wide,O-T2X-R,1.0977625846862793,39.133568113657226,0.0,0.0
190,still-after,seam-wide,O-ET2X-R-CurrentEdge-Point,1.542576551437378,34.95658731034722,0.0,0.0
190,still-after,seam-wide,O-ET2X-R-PreviousRawEdge-Point,1.542576551437378,34.95658731034722,0.0,0.0
190,still-after,seam-wide,ABL-ET2X-R-PreviousRawEdge-BilinearRGB,1.542576551437378,34.95658731034722,0.0,0.0
191,still-after,wall-seam,O-T2X-R,1.2390950918197632,39.47512344066054,0.0,0.0
191,still-after,wall-seam,O-ET2X-R-CurrentEdge-Point,1.9865450859069824,33.64618275659018,0.0,0.0
191,still-after,wall-seam,O-ET2X-R-PreviousRawEdge-Point,1.9865450859069824,33.64618275659018,0.0,0.0
191,still-after,wall-seam,ABL-ET2X-R-PreviousRawEdge-BilinearRGB,1.9865450859069824,33.64618275659018,0.0,0.0
191,still-after,seam-wide,O-T2X-R,1.0977625846862793,39.133568113657226,0.0,0.0
191,still-after,seam-wide,O-ET2X-R-CurrentEdge-Point,1.542576551437378,34.95658731034722,0.0,0.0
191,still-after,seam-wide,O-ET2X-R-PreviousRawEdge-Point,1.542576551437378,34.95658731034722,0.0,0.0
191,still-after,seam-wide,ABL-ET2X-R-PreviousRawEdge-BilinearRGB,1.542576551437378,34.95658731034722,0.0,0.0
192,still-after,wall-seam,O-T2X-R,1.2390950918197632,39.47512344066054,0.0,0.0
192,still-after,wall-seam,O-ET2X-R-CurrentEdge-Point,1.9865450859069824,33.64618275659018,0.0,0.0
192,still-after,wall-seam,O-ET2X-R-PreviousRawEdge-Point,1.9865450859069824,33.64618275659018,0.0,0.0
192,still-after,wall-seam,ABL-ET2X-R-PreviousRawEdge-BilinearRGB,1.9865450859069824,33.64618275659018,0.0,0.0
192,still-after,seam-wide,O-T2X-R,1.0977625846862793,39.133568113657226,0.0,0.0
192,still-after,seam-wide,O-ET2X-R-CurrentEdge-Point,1.542576551437378,34.95658731034722,0.0,0.0
192,still-after,seam-wide,O-ET2X-R-PreviousRawEdge-Point,1.542576551437378,34.95658731034722,0.0,0.0
192,still-after,seam-wide,ABL-ET2X-R-PreviousRawEdge-BilinearRGB,1.542576551437378,34.95658731034722,0.0,0.0
193,still-after,wall-seam,O-T2X-R,1.2390950918197632,39.47512344066054,0.0,0.0
193,still-after,wall-seam,O-ET2X-R-CurrentEdge-Point,1.9865450859069824,33.64618275659018,0.0,0.0
193,still-after,wall-seam,O-ET2X-R-PreviousRawEdge-Point,1.9865450859069824,33.64618275659018,0.0,0.0
193,still-after,wall-seam,ABL-ET2X-R-PreviousRawEdge-BilinearRGB,1.9865450859069824,33.64618275659018,0.0,0.0
193,still-after,seam-wide,O-T2X-R,1.0977625846862793,39.133568113657226,0.0,0.0
193,still-after,seam-wide,O-ET2X-R-CurrentEdge-Point,1.542576551437378,34.95658731034722,0.0,0.0
193,still-after,seam-wide,O-ET2X-R-PreviousRawEdge-Point,1.542576551437378,34.95658731034722,0.0,0.0
193,still-after,seam-wide,ABL-ET2X-R-PreviousRawEdge-BilinearRGB,1.542576551437378,34.95658731034722,0.0,0.0
194,still-after,wall-seam,O-T2X-R,1.2390950918197632,39.47512344066054,0.0,0.0
194,still-after,wall-seam,O-ET2X-R-CurrentEdge-Point,1.9865450859069824,33.64618275659018,0.0,0.0
194,still-after,wall-seam,O-ET2X-R-PreviousRawEdge-Point,1.9865450859069824,33.64618275659018,0.0,0.0
194,still-after,wall-seam,ABL-ET2X-R-PreviousRawEdge-BilinearRGB,1.9865450859069824,33.64618275659018,0.0,0.0
194,still-after,seam-wide,O-T2X-R,1.0977625846862793,39.133568113657226,0.0,0.0
194,still-after,seam-wide,O-ET2X-R-CurrentEdge-Point,1.542576551437378,34.95658731034722,0.0,0.0
194,still-after,seam-wide,O-ET2X-R-PreviousRawEdge-Point,1.542576551437378,34.95658731034722,0.0,0.0
194,still-after,seam-wide,ABL-ET2X-R-PreviousRawEdge-BilinearRGB,1.542576551437378,34.95658731034722,0.0,0.0
195,still-after,wall-seam,O-T2X-R,1.2390950918197632,39.47512344066054,0.0,0.0
195,still-after,wall-seam,O-ET2X-R-CurrentEdge-Point,1.9865450859069824,33.64618275659018,0.0,0.0
195,still-after,wall-seam,O-ET2X-R-PreviousRawEdge-Point,1.9865450859069824,33.64618275659018,0.0,0.0
195,still-after,wall-seam,ABL-ET2X-R-PreviousRawEdge-BilinearRGB,1.9865450859069824,33.64618275659018,0.0,0.0
195,still-after,seam-wide,O-T2X-R,1.0977625846862793,39.133568113657226,0.0,0.0
195,still-after,seam-wide,O-ET2X-R-CurrentEdge-Point,1.542576551437378,34.95658731034722,0.0,0.0
195,still-after,seam-wide,O-ET2X-R-PreviousRawEdge-Point,1.542576551437378,34.95658731034722,0.0,0.0
195,still-after,seam-wide,ABL-ET2X-R-PreviousRawEdge-BilinearRGB,1.542576551437378,34.95658731034722,0.0,0.0
196,still-after,wall-seam,O-T2X-R,1.2390950918197632,39.47512344066054,0.0,0.0
196,still-after,wall-seam,O-ET2X-R-CurrentEdge-Point,1.9865450859069824,33.64618275659018,0.0,0.0
196,still-after,wall-seam,O-ET2X-R-PreviousRawEdge-Point,1.9865450859069824,33.64618275659018,0.0,0.0
196,still-after,wall-seam,ABL-ET2X-R-PreviousRawEdge-BilinearRGB,1.9865450859069824,33.64618275659018,0.0,0.0
196,still-after,seam-wide,O-T2X-R,1.0977625846862793,39.133568113657226,0.0,0.0
196,still-after,seam-wide,O-ET2X-R-CurrentEdge-Point,1.542576551437378,34.95658731034722,0.0,0.0
196,still-after,seam-wide,O-ET2X-R-PreviousRawEdge-Point,1.542576551437378,34.95658731034722,0.0,0.0
196,still-after,seam-wide,ABL-ET2X-R-PreviousRawEdge-BilinearRGB,1.542576551437378,34.95658731034722,0.0,0.0
197,still-after,wall-seam,O-T2X-R,1.2390950918197632,39.47512344066054,0.0,0.0
197,still-after,wall-seam,O-ET2X-R-CurrentEdge-Point,1.9865450859069824,33.64618275659018,0.0,0.0
197,still-after,wall-seam,O-ET2X-R-PreviousRawEdge-Point,1.9865450859069824,33.64618275659018,0.0,0.0
197,still-after,wall-seam,ABL-ET2X-R-PreviousRawEdge-BilinearRGB,1.9865450859069824,33.64618275659018,0.0,0.0
197,still-after,seam-wide,O-T2X-R,1.0977625846862793,39.133568113657226,0.0,0.0
197,still-after,seam-wide,O-ET2X-R-CurrentEdge-Point,1.542576551437378,34.95658731034722,0.0,0.0
197,still-after,seam-wide,O-ET2X-R-PreviousRawEdge-Point,1.542576551437378,34.95658731034722,0.0,0.0
197,still-after,seam-wide,ABL-ET2X-R-PreviousRawEdge-BilinearRGB,1.542576551437378,34.95658731034722,0.0,0.0
198,still-after,wall-seam,O-T2X-R,1.2390950918197632,39.47512344066054,0.0,0.0
198,still-after,wall-seam,O-ET2X-R-CurrentEdge-Point,1.9865450859069824,33.64618275659018,0.0,0.0
198,still-after,wall-seam,O-ET2X-R-PreviousRawEdge-Point,1.9865450859069824,33.64618275659018,0.0,0.0
198,still-after,wall-seam,ABL-ET2X-R-PreviousRawEdge-BilinearRGB,1.9865450859069824,33.64618275659018,0.0,0.0
198,still-after,seam-wide,O-T2X-R,1.0977625846862793,39.133568113657226,0.0,0.0
198,still-after,seam-wide,O-ET2X-R-CurrentEdge-Point,1.542576551437378,34.95658731034722,0.0,0.0
198,still-after,seam-wide,O-ET2X-R-PreviousRawEdge-Point,1.542576551437378,34.95658731034722,0.0,0.0
198,still-after,seam-wide,ABL-ET2X-R-PreviousRawEdge-BilinearRGB,1.542576551437378,34.95658731034722,0.0,0.0
199,still-after,wall-seam,O-T2X-R,1.2390950918197632,39.47512344066054,0.0,0.0
199,still-after,wall-seam,O-ET2X-R-CurrentEdge-Point,1.9865450859069824,33.64618275659018,0.0,0.0
199,still-after,wall-seam,O-ET2X-R-PreviousRawEdge-Point,1.9865450859069824,33.64618275659018,0.0,0.0
199,still-after,wall-seam,ABL-ET2X-R-PreviousRawEdge-BilinearRGB,1.9865450859069824,33.64618275659018,0.0,0.0
199,still-after,seam-wide,O-T2X-R,1.0977625846862793,39.133568113657226,0.0,0.0
199,still-after,seam-wide,O-ET2X-R-CurrentEdge-Point,1.542576551437378,34.95658731034722,0.0,0.0
199,still-after,seam-wide,O-ET2X-R-PreviousRawEdge-Point,1.542576551437378,34.95658731034722,0.0,0.0
199,still-after,seam-wide,ABL-ET2X-R-PreviousRawEdge-BilinearRGB,1.542576551437378,34.95658731034722,0.0,0.0
200,still-after,wall-seam,O-T2X-R,1.2390950918197632,39.47512344066054,0.0,0.0
200,still-after,wall-seam,O-ET2X-R-CurrentEdge-Point,1.9865450859069824,33.64618275659018,0.0,0.0
200,still-after,wall-seam,O-ET2X-R-PreviousRawEdge-Point,1.9865450859069824,33.64618275659018,0.0,0.0
200,still-after,wall-seam,ABL-ET2X-R-PreviousRawEdge-BilinearRGB,1.9865450859069824,33.64618275659018,0.0,0.0
200,still-after,seam-wide,O-T2X-R,1.0977625846862793,39.133568113657226,0.0,0.0
200,still-after,seam-wide,O-ET2X-R-CurrentEdge-Point,1.542576551437378,34.95658731034722,0.0,0.0
200,still-after,seam-wide,O-ET2X-R-PreviousRawEdge-Point,1.542576551437378,34.95658731034722,0.0,0.0
200,still-after,seam-wide,ABL-ET2X-R-PreviousRawEdge-BilinearRGB,1.542576551437378,34.95658731034722,0.0,0.0
201,still-after,wall-seam,O-T2X-R,1.2390950918197632,39.47512344066054,0.0,0.0
201,still-after,wall-seam,O-ET2X-R-CurrentEdge-Point,1.9865450859069824,33.64618275659018,0.0,0.0
201,still-after,wall-seam,O-ET2X-R-PreviousRawEdge-Point,1.9865450859069824,33.64618275659018,0.0,0.0
201,still-after,wall-seam,ABL-ET2X-R-PreviousRawEdge-BilinearRGB,1.9865450859069824,33.64618275659018,0.0,0.0
201,still-after,seam-wide,O-T2X-R,1.0977625846862793,39.133568113657226,0.0,0.0
201,still-after,seam-wide,O-ET2X-R-CurrentEdge-Point,1.542576551437378,34.95658731034722,0.0,0.0
201,still-after,seam-wide,O-ET2X-R-PreviousRawEdge-Point,1.542576551437378,34.95658731034722,0.0,0.0
201,still-after,seam-wide,ABL-ET2X-R-PreviousRawEdge-BilinearRGB,1.542576551437378,34.95658731034722,0.0,0.0
202,still-after,wall-seam,O-T2X-R,1.2390950918197632,39.47512344066054,0.0,0.0
202,still-after,wall-seam,O-ET2X-R-CurrentEdge-Point,1.9865450859069824,33.64618275659018,0.0,0.0
202,still-after,wall-seam,O-ET2X-R-PreviousRawEdge-Point,1.9865450859069824,33.64618275659018,0.0,0.0
202,still-after,wall-seam,ABL-ET2X-R-PreviousRawEdge-BilinearRGB,1.9865450859069824,33.64618275659018,0.0,0.0
202,still-after,seam-wide,O-T2X-R,1.0977625846862793,39.133568113657226,0.0,0.0
202,still-after,seam-wide,O-ET2X-R-CurrentEdge-Point,1.542576551437378,34.95658731034722,0.0,0.0
202,still-after,seam-wide,O-ET2X-R-PreviousRawEdge-Point,1.542576551437378,34.95658731034722,0.0,0.0
202,still-after,seam-wide,ABL-ET2X-R-PreviousRawEdge-BilinearRGB,1.542576551437378,34.95658731034722,0.0,0.0
203,still-after,wall-seam,O-T2X-R,1.2390950918197632,39.47512344066054,0.0,0.0
203,still-after,wall-seam,O-ET2X-R-CurrentEdge-Point,1.9865450859069824,33.64618275659018,0.0,0.0
203,still-after,wall-seam,O-ET2X-R-PreviousRawEdge-Point,1.9865450859069824,33.64618275659018,0.0,0.0
203,still-after,wall-seam,ABL-ET2X-R-PreviousRawEdge-BilinearRGB,1.9865450859069824,33.64618275659018,0.0,0.0
203,still-after,seam-wide,O-T2X-R,1.0977625846862793,39.133568113657226,0.0,0.0
203,still-after,seam-wide,O-ET2X-R-CurrentEdge-Point,1.542576551437378,34.95658731034722,0.0,0.0
203,still-after,seam-wide,O-ET2X-R-PreviousRawEdge-Point,1.542576551437378,34.95658731034722,0.0,0.0
203,still-after,seam-wide,ABL-ET2X-R-PreviousRawEdge-BilinearRGB,1.542576551437378,34.95658731034722,0.0,0.0
204,still-after,wall-seam,O-T2X-R,1.2390950918197632,39.47512344066054,0.0,0.0
204,still-after,wall-seam,O-ET2X-R-CurrentEdge-Point,1.9865450859069824,33.64618275659018,0.0,0.0
204,still-after,wall-seam,O-ET2X-R-PreviousRawEdge-Point,1.9865450859069824,33.64618275659018,0.0,0.0
204,still-after,wall-seam,ABL-ET2X-R-PreviousRawEdge-BilinearRGB,1.9865450859069824,33.64618275659018,0.0,0.0
204,still-after,seam-wide,O-T2X-R,1.0977625846862793,39.133568113657226,0.0,0.0
204,still-after,seam-wide,O-ET2X-R-CurrentEdge-Point,1.542576551437378,34.95658731034722,0.0,0.0
204,still-after,seam-wide,O-ET2X-R-PreviousRawEdge-Point,1.542576551437378,34.95658731034722,0.0,0.0
204,still-after,seam-wide,ABL-ET2X-R-PreviousRawEdge-BilinearRGB,1.542576551437378,34.95658731034722,0.0,0.0
205,still-after,wall-seam,O-T2X-R,1.2390950918197632,39.47512344066054,0.0,0.0
205,still-after,wall-seam,O-ET2X-R-CurrentEdge-Point,1.9865450859069824,33.64618275659018,0.0,0.0
205,still-after,wall-seam,O-ET2X-R-PreviousRawEdge-Point,1.9865450859069824,33.64618275659018,0.0,0.0
205,still-after,wall-seam,ABL-ET2X-R-PreviousRawEdge-BilinearRGB,1.9865450859069824,33.64618275659018,0.0,0.0
205,still-after,seam-wide,O-T2X-R,1.0977625846862793,39.133568113657226,0.0,0.0
205,still-after,seam-wide,O-ET2X-R-CurrentEdge-Point,1.542576551437378,34.95658731034722,0.0,0.0
205,still-after,seam-wide,O-ET2X-R-PreviousRawEdge-Point,1.542576551437378,34.95658731034722,0.0,0.0
205,still-after,seam-wide,ABL-ET2X-R-PreviousRawEdge-BilinearRGB,1.542576551437378,34.95658731034722,0.0,0.0
206,still-after,wall-seam,O-T2X-R,1.2390950918197632,39.47512344066054,0.0,0.0
206,still-after,wall-seam,O-ET2X-R-CurrentEdge-Point,1.9865450859069824,33.64618275659018,0.0,0.0
206,still-after,wall-seam,O-ET2X-R-PreviousRawEdge-Point,1.9865450859069824,33.64618275659018,0.0,0.0
206,still-after,wall-seam,ABL-ET2X-R-PreviousRawEdge-BilinearRGB,1.9865450859069824,33.64618275659018,0.0,0.0
206,still-after,seam-wide,O-T2X-R,1.0977625846862793,39.133568113657226,0.0,0.0
206,still-after,seam-wide,O-ET2X-R-CurrentEdge-Point,1.542576551437378,34.95658731034722,0.0,0.0
206,still-after,seam-wide,O-ET2X-R-PreviousRawEdge-Point,1.542576551437378,34.95658731034722,0.0,0.0
206,still-after,seam-wide,ABL-ET2X-R-PreviousRawEdge-BilinearRGB,1.542576551437378,34.95658731034722,0.0,0.0
207,still-after,wall-seam,O-T2X-R,1.2390950918197632,39.47512344066054,0.0,0.0
207,still-after,wall-seam,O-ET2X-R-CurrentEdge-Point,1.9865450859069824,33.64618275659018,0.0,0.0
207,still-after,wall-seam,O-ET2X-R-PreviousRawEdge-Point,1.9865450859069824,33.64618275659018,0.0,0.0
207,still-after,wall-seam,ABL-ET2X-R-PreviousRawEdge-BilinearRGB,1.9865450859069824,33.64618275659018,0.0,0.0
207,still-after,seam-wide,O-T2X-R,1.0977625846862793,39.133568113657226,0.0,0.0
207,still-after,seam-wide,O-ET2X-R-CurrentEdge-Point,1.542576551437378,34.95658731034722,0.0,0.0
207,still-after,seam-wide,O-ET2X-R-PreviousRawEdge-Point,1.542576551437378,34.95658731034722,0.0,0.0
207,still-after,seam-wide,ABL-ET2X-R-PreviousRawEdge-BilinearRGB,1.542576551437378,34.95658731034722,0.0,0.0
208,still-after,wall-seam,O-T2X-R,1.2390950918197632,39.47512344066054,0.0,0.0
208,still-after,wall-seam,O-ET2X-R-CurrentEdge-Point,1.9865450859069824,33.64618275659018,0.0,0.0
208,still-after,wall-seam,O-ET2X-R-PreviousRawEdge-Point,1.9865450859069824,33.64618275659018,0.0,0.0
208,still-after,wall-seam,ABL-ET2X-R-PreviousRawEdge-BilinearRGB,1.9865450859069824,33.64618275659018,0.0,0.0
208,still-after,seam-wide,O-T2X-R,1.0977625846862793,39.133568113657226,0.0,0.0
208,still-after,seam-wide,O-ET2X-R-CurrentEdge-Point,1.542576551437378,34.95658731034722,0.0,0.0
208,still-after,seam-wide,O-ET2X-R-PreviousRawEdge-Point,1.542576551437378,34.95658731034722,0.0,0.0
208,still-after,seam-wide,ABL-ET2X-R-PreviousRawEdge-BilinearRGB,1.542576551437378,34.95658731034722,0.0,0.0
209,still-after,wall-seam,O-T2X-R,1.2390950918197632,39.47512344066054,0.0,0.0
209,still-after,wall-seam,O-ET2X-R-CurrentEdge-Point,1.9865450859069824,33.64618275659018,0.0,0.0
209,still-after,wall-seam,O-ET2X-R-PreviousRawEdge-Point,1.9865450859069824,33.64618275659018,0.0,0.0
209,still-after,wall-seam,ABL-ET2X-R-PreviousRawEdge-BilinearRGB,1.9865450859069824,33.64618275659018,0.0,0.0
209,still-after,seam-wide,O-T2X-R,1.0977625846862793,39.133568113657226,0.0,0.0
209,still-after,seam-wide,O-ET2X-R-CurrentEdge-Point,1.542576551437378,34.95658731034722,0.0,0.0
209,still-after,seam-wide,O-ET2X-R-PreviousRawEdge-Point,1.542576551437378,34.95658731034722,0.0,0.0
209,still-after,seam-wide,ABL-ET2X-R-PreviousRawEdge-BilinearRGB,1.542576551437378,34.95658731034722,0.0,0.0
210,still-after,wall-seam,O-T2X-R,1.2390950918197632,39.47512344066054,0.0,0.0
210,still-after,wall-seam,O-ET2X-R-CurrentEdge-Point,1.9865450859069824,33.64618275659018,0.0,0.0
210,still-after,wall-seam,O-ET2X-R-PreviousRawEdge-Point,1.9865450859069824,33.64618275659018,0.0,0.0
210,still-after,wall-seam,ABL-ET2X-R-PreviousRawEdge-BilinearRGB,1.9865450859069824,33.64618275659018,0.0,0.0
210,still-after,seam-wide,O-T2X-R,1.0977625846862793,39.133568113657226,0.0,0.0
210,still-after,seam-wide,O-ET2X-R-CurrentEdge-Point,1.542576551437378,34.95658731034722,0.0,0.0
210,still-after,seam-wide,O-ET2X-R-PreviousRawEdge-Point,1.542576551437378,34.95658731034722,0.0,0.0
210,still-after,seam-wide,ABL-ET2X-R-PreviousRawEdge-BilinearRGB,1.542576551437378,34.95658731034722,0.0,0.0
211,still-after,wall-seam,O-T2X-R,1.2390950918197632,39.47512344066054,0.0,0.0
211,still-after,wall-seam,O-ET2X-R-CurrentEdge-Point,1.9865450859069824,33.64618275659018,0.0,0.0
211,still-after,wall-seam,O-ET2X-R-PreviousRawEdge-Point,1.9865450859069824,33.64618275659018,0.0,0.0
211,still-after,wall-seam,ABL-ET2X-R-PreviousRawEdge-BilinearRGB,1.9865450859069824,33.64618275659018,0.0,0.0
211,still-after,seam-wide,O-T2X-R,1.0977625846862793,39.133568113657226,0.0,0.0
211,still-after,seam-wide,O-ET2X-R-CurrentEdge-Point,1.542576551437378,34.95658731034722,0.0,0.0
211,still-after,seam-wide,O-ET2X-R-PreviousRawEdge-Point,1.542576551437378,34.95658731034722,0.0,0.0
211,still-after,seam-wide,ABL-ET2X-R-PreviousRawEdge-BilinearRGB,1.542576551437378,34.95658731034722,0.0,0.0
212,still-after,wall-seam,O-T2X-R,1.2390950918197632,39.47512344066054,0.0,0.0
212,still-after,wall-seam,O-ET2X-R-CurrentEdge-Point,1.9865450859069824,33.64618275659018,0.0,0.0
212,still-after,wall-seam,O-ET2X-R-PreviousRawEdge-Point,1.9865450859069824,33.64618275659018,0.0,0.0
212,still-after,wall-seam,ABL-ET2X-R-PreviousRawEdge-BilinearRGB,1.9865450859069824,33.64618275659018,0.0,0.0
212,still-after,seam-wide,O-T2X-R,1.0977625846862793,39.133568113657226,0.0,0.0
212,still-after,seam-wide,O-ET2X-R-CurrentEdge-Point,1.542576551437378,34.95658731034722,0.0,0.0
212,still-after,seam-wide,O-ET2X-R-PreviousRawEdge-Point,1.542576551437378,34.95658731034722,0.0,0.0
212,still-after,seam-wide,ABL-ET2X-R-PreviousRawEdge-BilinearRGB,1.542576551437378,34.95658731034722,0.0,0.0
213,still-after,wall-seam,O-T2X-R,1.2390950918197632,39.47512344066054,0.0,0.0
213,still-after,wall-seam,O-ET2X-R-CurrentEdge-Point,1.9865450859069824,33.64618275659018,0.0,0.0
213,still-after,wall-seam,O-ET2X-R-PreviousRawEdge-Point,1.9865450859069824,33.64618275659018,0.0,0.0
213,still-after,wall-seam,ABL-ET2X-R-PreviousRawEdge-BilinearRGB,1.9865450859069824,33.64618275659018,0.0,0.0
213,still-after,seam-wide,O-T2X-R,1.0977625846862793,39.133568113657226,0.0,0.0
213,still-after,seam-wide,O-ET2X-R-CurrentEdge-Point,1.542576551437378,34.95658731034722,0.0,0.0
213,still-after,seam-wide,O-ET2X-R-PreviousRawEdge-Point,1.542576551437378,34.95658731034722,0.0,0.0
213,still-after,seam-wide,ABL-ET2X-R-PreviousRawEdge-BilinearRGB,1.542576551437378,34.95658731034722,0.0,0.0
214,still-after,wall-seam,O-T2X-R,1.2390950918197632,39.47512344066054,0.0,0.0
214,still-after,wall-seam,O-ET2X-R-CurrentEdge-Point,1.9865450859069824,33.64618275659018,0.0,0.0
214,still-after,wall-seam,O-ET2X-R-PreviousRawEdge-Point,1.9865450859069824,33.64618275659018,0.0,0.0
214,still-after,wall-seam,ABL-ET2X-R-PreviousRawEdge-BilinearRGB,1.9865450859069824,33.64618275659018,0.0,0.0
214,still-after,seam-wide,O-T2X-R,1.0977625846862793,39.133568113657226,0.0,0.0
214,still-after,seam-wide,O-ET2X-R-CurrentEdge-Point,1.542576551437378,34.95658731034722,0.0,0.0
214,still-after,seam-wide,O-ET2X-R-PreviousRawEdge-Point,1.542576551437378,34.95658731034722,0.0,0.0
214,still-after,seam-wide,ABL-ET2X-R-PreviousRawEdge-BilinearRGB,1.542576551437378,34.95658731034722,0.0,0.0
215,still-after,wall-seam,O-T2X-R,1.2390950918197632,39.47512344066054,0.0,0.0
215,still-after,wall-seam,O-ET2X-R-CurrentEdge-Point,1.9865450859069824,33.64618275659018,0.0,0.0
215,still-after,wall-seam,O-ET2X-R-PreviousRawEdge-Point,1.9865450859069824,33.64618275659018,0.0,0.0
215,still-after,wall-seam,ABL-ET2X-R-PreviousRawEdge-BilinearRGB,1.9865450859069824,33.64618275659018,0.0,0.0
215,still-after,seam-wide,O-T2X-R,1.0977625846862793,39.133568113657226,0.0,0.0
215,still-after,seam-wide,O-ET2X-R-CurrentEdge-Point,1.542576551437378,34.95658731034722,0.0,0.0
215,still-after,seam-wide,O-ET2X-R-PreviousRawEdge-Point,1.542576551437378,34.95658731034722,0.0,0.0
215,still-after,seam-wide,ABL-ET2X-R-PreviousRawEdge-BilinearRGB,1.542576551437378,34.95658731034722,0.0,0.0
216,still-after,wall-seam,O-T2X-R,1.2390950918197632,39.47512344066054,0.0,0.0
216,still-after,wall-seam,O-ET2X-R-CurrentEdge-Point,1.9865450859069824,33.64618275659018,0.0,0.0
216,still-after,wall-seam,O-ET2X-R-PreviousRawEdge-Point,1.9865450859069824,33.64618275659018,0.0,0.0
216,still-after,wall-seam,ABL-ET2X-R-PreviousRawEdge-BilinearRGB,1.9865450859069824,33.64618275659018,0.0,0.0
216,still-after,seam-wide,O-T2X-R,1.0977625846862793,39.133568113657226,0.0,0.0
216,still-after,seam-wide,O-ET2X-R-CurrentEdge-Point,1.542576551437378,34.95658731034722,0.0,0.0
216,still-after,seam-wide,O-ET2X-R-PreviousRawEdge-Point,1.542576551437378,34.95658731034722,0.0,0.0
216,still-after,seam-wide,ABL-ET2X-R-PreviousRawEdge-BilinearRGB,1.542576551437378,34.95658731034722,0.0,0.0
217,still-after,wall-seam,O-T2X-R,1.2390950918197632,39.47512344066054,0.0,0.0
217,still-after,wall-seam,O-ET2X-R-CurrentEdge-Point,1.9865450859069824,33.64618275659018,0.0,0.0
217,still-after,wall-seam,O-ET2X-R-PreviousRawEdge-Point,1.9865450859069824,33.64618275659018,0.0,0.0
217,still-after,wall-seam,ABL-ET2X-R-PreviousRawEdge-BilinearRGB,1.9865450859069824,33.64618275659018,0.0,0.0
217,still-after,seam-wide,O-T2X-R,1.0977625846862793,39.133568113657226,0.0,0.0
217,still-after,seam-wide,O-ET2X-R-CurrentEdge-Point,1.542576551437378,34.95658731034722,0.0,0.0
217,still-after,seam-wide,O-ET2X-R-PreviousRawEdge-Point,1.542576551437378,34.95658731034722,0.0,0.0
217,still-after,seam-wide,ABL-ET2X-R-PreviousRawEdge-BilinearRGB,1.542576551437378,34.95658731034722,0.0,0.0
218,still-after,wall-seam,O-T2X-R,1.2390950918197632,39.47512344066054,0.0,0.0
218,still-after,wall-seam,O-ET2X-R-CurrentEdge-Point,1.9865450859069824,33.64618275659018,0.0,0.0
218,still-after,wall-seam,O-ET2X-R-PreviousRawEdge-Point,1.9865450859069824,33.64618275659018,0.0,0.0
218,still-after,wall-seam,ABL-ET2X-R-PreviousRawEdge-BilinearRGB,1.9865450859069824,33.64618275659018,0.0,0.0
218,still-after,seam-wide,O-T2X-R,1.0977625846862793,39.133568113657226,0.0,0.0
218,still-after,seam-wide,O-ET2X-R-CurrentEdge-Point,1.542576551437378,34.95658731034722,0.0,0.0
218,still-after,seam-wide,O-ET2X-R-PreviousRawEdge-Point,1.542576551437378,34.95658731034722,0.0,0.0
218,still-after,seam-wide,ABL-ET2X-R-PreviousRawEdge-BilinearRGB,1.542576551437378,34.95658731034722,0.0,0.0
219,still-after,wall-seam,O-T2X-R,1.2390950918197632,39.47512344066054,0.0,0.0
219,still-after,wall-seam,O-ET2X-R-CurrentEdge-Point,1.9865450859069824,33.64618275659018,0.0,0.0
219,still-after,wall-seam,O-ET2X-R-PreviousRawEdge-Point,1.9865450859069824,33.64618275659018,0.0,0.0
219,still-after,wall-seam,ABL-ET2X-R-PreviousRawEdge-BilinearRGB,1.9865450859069824,33.64618275659018,0.0,0.0
219,still-after,seam-wide,O-T2X-R,1.0977625846862793,39.133568113657226,0.0,0.0
219,still-after,seam-wide,O-ET2X-R-CurrentEdge-Point,1.542576551437378,34.95658731034722,0.0,0.0
219,still-after,seam-wide,O-ET2X-R-PreviousRawEdge-Point,1.542576551437378,34.95658731034722,0.0,0.0
219,still-after,seam-wide,ABL-ET2X-R-PreviousRawEdge-BilinearRGB,1.542576551437378,34.95658731034722,0.0,0.0
220,still-after,wall-seam,O-T2X-R,1.2390950918197632,39.47512344066054,0.0,0.0
220,still-after,wall-seam,O-ET2X-R-CurrentEdge-Point,1.9865450859069824,33.64618275659018,0.0,0.0
220,still-after,wall-seam,O-ET2X-R-PreviousRawEdge-Point,1.9865450859069824,33.64618275659018,0.0,0.0
220,still-after,wall-seam,ABL-ET2X-R-PreviousRawEdge-BilinearRGB,1.9865450859069824,33.64618275659018,0.0,0.0
220,still-after,seam-wide,O-T2X-R,1.0977625846862793,39.133568113657226,0.0,0.0
220,still-after,seam-wide,O-ET2X-R-CurrentEdge-Point,1.542576551437378,34.95658731034722,0.0,0.0
220,still-after,seam-wide,O-ET2X-R-PreviousRawEdge-Point,1.542576551437378,34.95658731034722,0.0,0.0
220,still-after,seam-wide,ABL-ET2X-R-PreviousRawEdge-BilinearRGB,1.542576551437378,34.95658731034722,0.0,0.0
221,still-after,wall-seam,O-T2X-R,1.2390950918197632,39.47512344066054,0.0,0.0
221,still-after,wall-seam,O-ET2X-R-CurrentEdge-Point,1.9865450859069824,33.64618275659018,0.0,0.0
221,still-after,wall-seam,O-ET2X-R-PreviousRawEdge-Point,1.9865450859069824,33.64618275659018,0.0,0.0
221,still-after,wall-seam,ABL-ET2X-R-PreviousRawEdge-BilinearRGB,1.9865450859069824,33.64618275659018,0.0,0.0
221,still-after,seam-wide,O-T2X-R,1.0977625846862793,39.133568113657226,0.0,0.0
221,still-after,seam-wide,O-ET2X-R-CurrentEdge-Point,1.542576551437378,34.95658731034722,0.0,0.0
221,still-after,seam-wide,O-ET2X-R-PreviousRawEdge-Point,1.542576551437378,34.95658731034722,0.0,0.0
221,still-after,seam-wide,ABL-ET2X-R-PreviousRawEdge-BilinearRGB,1.542576551437378,34.95658731034722,0.0,0.0
222,still-after,wall-seam,O-T2X-R,1.2390950918197632,39.47512344066054,0.0,0.0
222,still-after,wall-seam,O-ET2X-R-CurrentEdge-Point,1.9865450859069824,33.64618275659018,0.0,0.0
222,still-after,wall-seam,O-ET2X-R-PreviousRawEdge-Point,1.9865450859069824,33.64618275659018,0.0,0.0
222,still-after,wall-seam,ABL-ET2X-R-PreviousRawEdge-BilinearRGB,1.9865450859069824,33.64618275659018,0.0,0.0
222,still-after,seam-wide,O-T2X-R,1.0977625846862793,39.133568113657226,0.0,0.0
222,still-after,seam-wide,O-ET2X-R-CurrentEdge-Point,1.542576551437378,34.95658731034722,0.0,0.0
222,still-after,seam-wide,O-ET2X-R-PreviousRawEdge-Point,1.542576551437378,34.95658731034722,0.0,0.0
222,still-after,seam-wide,ABL-ET2X-R-PreviousRawEdge-BilinearRGB,1.542576551437378,34.95658731034722,0.0,0.0
223,still-after,wall-seam,O-T2X-R,1.2390950918197632,39.47512344066054,0.0,0.0
223,still-after,wall-seam,O-ET2X-R-CurrentEdge-Point,1.9865450859069824,33.64618275659018,0.0,0.0
223,still-after,wall-seam,O-ET2X-R-PreviousRawEdge-Point,1.9865450859069824,33.64618275659018,0.0,0.0
223,still-after,wall-seam,ABL-ET2X-R-PreviousRawEdge-BilinearRGB,1.9865450859069824,33.64618275659018,0.0,0.0
223,still-after,seam-wide,O-T2X-R,1.0977625846862793,39.133568113657226,0.0,0.0
223,still-after,seam-wide,O-ET2X-R-CurrentEdge-Point,1.542576551437378,34.95658731034722,0.0,0.0
223,still-after,seam-wide,O-ET2X-R-PreviousRawEdge-Point,1.542576551437378,34.95658731034722,0.0,0.0
223,still-after,seam-wide,ABL-ET2X-R-PreviousRawEdge-BilinearRGB,1.542576551437378,34.95658731034722,0.0,0.0
224,still-after,wall-seam,O-T2X-R,1.2390950918197632,39.47512344066054,0.0,0.0
224,still-after,wall-seam,O-ET2X-R-CurrentEdge-Point,1.9865450859069824,33.64618275659018,0.0,0.0
224,still-after,wall-seam,O-ET2X-R-PreviousRawEdge-Point,1.9865450859069824,33.64618275659018,0.0,0.0
224,still-after,wall-seam,ABL-ET2X-R-PreviousRawEdge-BilinearRGB,1.9865450859069824,33.64618275659018,0.0,0.0
224,still-after,seam-wide,O-T2X-R,1.0977625846862793,39.133568113657226,0.0,0.0
224,still-after,seam-wide,O-ET2X-R-CurrentEdge-Point,1.542576551437378,34.95658731034722,0.0,0.0
224,still-after,seam-wide,O-ET2X-R-PreviousRawEdge-Point,1.542576551437378,34.95658731034722,0.0,0.0
224,still-after,seam-wide,ABL-ET2X-R-PreviousRawEdge-BilinearRGB,1.542576551437378,34.95658731034722,0.0,0.0
225,still-after,wall-seam,O-T2X-R,1.2390950918197632,39.47512344066054,0.0,0.0
225,still-after,wall-seam,O-ET2X-R-CurrentEdge-Point,1.9865450859069824,33.64618275659018,0.0,0.0
225,still-after,wall-seam,O-ET2X-R-PreviousRawEdge-Point,1.9865450859069824,33.64618275659018,0.0,0.0
225,still-after,wall-seam,ABL-ET2X-R-PreviousRawEdge-BilinearRGB,1.9865450859069824,33.64618275659018,0.0,0.0
225,still-after,seam-wide,O-T2X-R,1.0977625846862793,39.133568113657226,0.0,0.0
225,still-after,seam-wide,O-ET2X-R-CurrentEdge-Point,1.542576551437378,34.95658731034722,0.0,0.0
225,still-after,seam-wide,O-ET2X-R-PreviousRawEdge-Point,1.542576551437378,34.95658731034722,0.0,0.0
225,still-after,seam-wide,ABL-ET2X-R-PreviousRawEdge-BilinearRGB,1.542576551437378,34.95658731034722,0.0,0.0
226,still-after,wall-seam,O-T2X-R,1.2390950918197632,39.47512344066054,0.0,0.0
226,still-after,wall-seam,O-ET2X-R-CurrentEdge-Point,1.9865450859069824,33.64618275659018,0.0,0.0
226,still-after,wall-seam,O-ET2X-R-PreviousRawEdge-Point,1.9865450859069824,33.64618275659018,0.0,0.0
226,still-after,wall-seam,ABL-ET2X-R-PreviousRawEdge-BilinearRGB,1.9865450859069824,33.64618275659018,0.0,0.0
226,still-after,seam-wide,O-T2X-R,1.0977625846862793,39.133568113657226,0.0,0.0
226,still-after,seam-wide,O-ET2X-R-CurrentEdge-Point,1.542576551437378,34.95658731034722,0.0,0.0
226,still-after,seam-wide,O-ET2X-R-PreviousRawEdge-Point,1.542576551437378,34.95658731034722,0.0,0.0
226,still-after,seam-wide,ABL-ET2X-R-PreviousRawEdge-BilinearRGB,1.542576551437378,34.95658731034722,0.0,0.0
227,still-after,wall-seam,O-T2X-R,1.2390950918197632,39.47512344066054,0.0,0.0
227,still-after,wall-seam,O-ET2X-R-CurrentEdge-Point,1.9865450859069824,33.64618275659018,0.0,0.0
227,still-after,wall-seam,O-ET2X-R-PreviousRawEdge-Point,1.9865450859069824,33.64618275659018,0.0,0.0
227,still-after,wall-seam,ABL-ET2X-R-PreviousRawEdge-BilinearRGB,1.9865450859069824,33.64618275659018,0.0,0.0
227,still-after,seam-wide,O-T2X-R,1.0977625846862793,39.133568113657226,0.0,0.0
227,still-after,seam-wide,O-ET2X-R-CurrentEdge-Point,1.542576551437378,34.95658731034722,0.0,0.0
227,still-after,seam-wide,O-ET2X-R-PreviousRawEdge-Point,1.542576551437378,34.95658731034722,0.0,0.0
227,still-after,seam-wide,ABL-ET2X-R-PreviousRawEdge-BilinearRGB,1.542576551437378,34.95658731034722,0.0,0.0
228,still-after,wall-seam,O-T2X-R,1.2390950918197632,39.47512344066054,0.0,0.0
228,still-after,wall-seam,O-ET2X-R-CurrentEdge-Point,1.9865450859069824,33.64618275659018,0.0,0.0
228,still-after,wall-seam,O-ET2X-R-PreviousRawEdge-Point,1.9865450859069824,33.64618275659018,0.0,0.0
228,still-after,wall-seam,ABL-ET2X-R-PreviousRawEdge-BilinearRGB,1.9865450859069824,33.64618275659018,0.0,0.0
228,still-after,seam-wide,O-T2X-R,1.0977625846862793,39.133568113657226,0.0,0.0
228,still-after,seam-wide,O-ET2X-R-CurrentEdge-Point,1.542576551437378,34.95658731034722,0.0,0.0
228,still-after,seam-wide,O-ET2X-R-PreviousRawEdge-Point,1.542576551437378,34.95658731034722,0.0,0.0
228,still-after,seam-wide,ABL-ET2X-R-PreviousRawEdge-BilinearRGB,1.542576551437378,34.95658731034722,0.0,0.0
229,still-after,wall-seam,O-T2X-R,1.2390950918197632,39.47512344066054,0.0,0.0
229,still-after,wall-seam,O-ET2X-R-CurrentEdge-Point,1.9865450859069824,33.64618275659018,0.0,0.0
229,still-after,wall-seam,O-ET2X-R-PreviousRawEdge-Point,1.9865450859069824,33.64618275659018,0.0,0.0
229,still-after,wall-seam,ABL-ET2X-R-PreviousRawEdge-BilinearRGB,1.9865450859069824,33.64618275659018,0.0,0.0
229,still-after,seam-wide,O-T2X-R,1.0977625846862793,39.133568113657226,0.0,0.0
229,still-after,seam-wide,O-ET2X-R-CurrentEdge-Point,1.542576551437378,34.95658731034722,0.0,0.0
229,still-after,seam-wide,O-ET2X-R-PreviousRawEdge-Point,1.542576551437378,34.95658731034722,0.0,0.0
229,still-after,seam-wide,ABL-ET2X-R-PreviousRawEdge-BilinearRGB,1.542576551437378,34.95658731034722,0.0,0.0
230,still-after,wall-seam,O-T2X-R,1.2390950918197632,39.47512344066054,0.0,0.0
230,still-after,wall-seam,O-ET2X-R-CurrentEdge-Point,1.9865450859069824,33.64618275659018,0.0,0.0
230,still-after,wall-seam,O-ET2X-R-PreviousRawEdge-Point,1.9865450859069824,33.64618275659018,0.0,0.0
230,still-after,wall-seam,ABL-ET2X-R-PreviousRawEdge-BilinearRGB,1.9865450859069824,33.64618275659018,0.0,0.0
230,still-after,seam-wide,O-T2X-R,1.0977625846862793,39.133568113657226,0.0,0.0
230,still-after,seam-wide,O-ET2X-R-CurrentEdge-Point,1.542576551437378,34.95658731034722,0.0,0.0
230,still-after,seam-wide,O-ET2X-R-PreviousRawEdge-Point,1.542576551437378,34.95658731034722,0.0,0.0
230,still-after,seam-wide,ABL-ET2X-R-PreviousRawEdge-BilinearRGB,1.542576551437378,34.95658731034722,0.0,0.0
231,still-after,wall-seam,O-T2X-R,1.2390950918197632,39.47512344066054,0.0,0.0
231,still-after,wall-seam,O-ET2X-R-CurrentEdge-Point,1.9865450859069824,33.64618275659018,0.0,0.0
231,still-after,wall-seam,O-ET2X-R-PreviousRawEdge-Point,1.9865450859069824,33.64618275659018,0.0,0.0
231,still-after,wall-seam,ABL-ET2X-R-PreviousRawEdge-BilinearRGB,1.9865450859069824,33.64618275659018,0.0,0.0
231,still-after,seam-wide,O-T2X-R,1.0977625846862793,39.133568113657226,0.0,0.0
231,still-after,seam-wide,O-ET2X-R-CurrentEdge-Point,1.542576551437378,34.95658731034722,0.0,0.0
231,still-after,seam-wide,O-ET2X-R-PreviousRawEdge-Point,1.542576551437378,34.95658731034722,0.0,0.0
231,still-after,seam-wide,ABL-ET2X-R-PreviousRawEdge-BilinearRGB,1.542576551437378,34.95658731034722,0.0,0.0
232,still-after,wall-seam,O-T2X-R,1.2390950918197632,39.47512344066054,0.0,0.0
232,still-after,wall-seam,O-ET2X-R-CurrentEdge-Point,1.9865450859069824,33.64618275659018,0.0,0.0
232,still-after,wall-seam,O-ET2X-R-PreviousRawEdge-Point,1.9865450859069824,33.64618275659018,0.0,0.0
232,still-after,wall-seam,ABL-ET2X-R-PreviousRawEdge-BilinearRGB,1.9865450859069824,33.64618275659018,0.0,0.0
232,still-after,seam-wide,O-T2X-R,1.0977625846862793,39.133568113657226,0.0,0.0
232,still-after,seam-wide,O-ET2X-R-CurrentEdge-Point,1.542576551437378,34.95658731034722,0.0,0.0
232,still-after,seam-wide,O-ET2X-R-PreviousRawEdge-Point,1.542576551437378,34.95658731034722,0.0,0.0
232,still-after,seam-wide,ABL-ET2X-R-PreviousRawEdge-BilinearRGB,1.542576551437378,34.95658731034722,0.0,0.0
233,still-after,wall-seam,O-T2X-R,1.2390950918197632,39.47512344066054,0.0,0.0
233,still-after,wall-seam,O-ET2X-R-CurrentEdge-Point,1.9865450859069824,33.64618275659018,0.0,0.0
233,still-after,wall-seam,O-ET2X-R-PreviousRawEdge-Point,1.9865450859069824,33.64618275659018,0.0,0.0
233,still-after,wall-seam,ABL-ET2X-R-PreviousRawEdge-BilinearRGB,1.9865450859069824,33.64618275659018,0.0,0.0
233,still-after,seam-wide,O-T2X-R,1.0977625846862793,39.133568113657226,0.0,0.0
233,still-after,seam-wide,O-ET2X-R-CurrentEdge-Point,1.542576551437378,34.95658731034722,0.0,0.0
233,still-after,seam-wide,O-ET2X-R-PreviousRawEdge-Point,1.542576551437378,34.95658731034722,0.0,0.0
233,still-after,seam-wide,ABL-ET2X-R-PreviousRawEdge-BilinearRGB,1.542576551437378,34.95658731034722,0.0,0.0
234,still-after,wall-seam,O-T2X-R,1.2390950918197632,39.47512344066054,0.0,0.0
234,still-after,wall-seam,O-ET2X-R-CurrentEdge-Point,1.9865450859069824,33.64618275659018,0.0,0.0
234,still-after,wall-seam,O-ET2X-R-PreviousRawEdge-Point,1.9865450859069824,33.64618275659018,0.0,0.0
234,still-after,wall-seam,ABL-ET2X-R-PreviousRawEdge-BilinearRGB,1.9865450859069824,33.64618275659018,0.0,0.0
234,still-after,seam-wide,O-T2X-R,1.0977625846862793,39.133568113657226,0.0,0.0
234,still-after,seam-wide,O-ET2X-R-CurrentEdge-Point,1.542576551437378,34.95658731034722,0.0,0.0
234,still-after,seam-wide,O-ET2X-R-PreviousRawEdge-Point,1.542576551437378,34.95658731034722,0.0,0.0
234,still-after,seam-wide,ABL-ET2X-R-PreviousRawEdge-BilinearRGB,1.542576551437378,34.95658731034722,0.0,0.0
235,still-after,wall-seam,O-T2X-R,1.2390950918197632,39.47512344066054,0.0,0.0
235,still-after,wall-seam,O-ET2X-R-CurrentEdge-Point,1.9865450859069824,33.64618275659018,0.0,0.0
235,still-after,wall-seam,O-ET2X-R-PreviousRawEdge-Point,1.9865450859069824,33.64618275659018,0.0,0.0
235,still-after,wall-seam,ABL-ET2X-R-PreviousRawEdge-BilinearRGB,1.9865450859069824,33.64618275659018,0.0,0.0
235,still-after,seam-wide,O-T2X-R,1.0977625846862793,39.133568113657226,0.0,0.0
235,still-after,seam-wide,O-ET2X-R-CurrentEdge-Point,1.542576551437378,34.95658731034722,0.0,0.0
235,still-after,seam-wide,O-ET2X-R-PreviousRawEdge-Point,1.542576551437378,34.95658731034722,0.0,0.0
235,still-after,seam-wide,ABL-ET2X-R-PreviousRawEdge-BilinearRGB,1.542576551437378,34.95658731034722,0.0,0.0
236,still-after,wall-seam,O-T2X-R,1.2390950918197632,39.47512344066054,0.0,0.0
236,still-after,wall-seam,O-ET2X-R-CurrentEdge-Point,1.9865450859069824,33.64618275659018,0.0,0.0
236,still-after,wall-seam,O-ET2X-R-PreviousRawEdge-Point,1.9865450859069824,33.64618275659018,0.0,0.0
236,still-after,wall-seam,ABL-ET2X-R-PreviousRawEdge-BilinearRGB,1.9865450859069824,33.64618275659018,0.0,0.0
236,still-after,seam-wide,O-T2X-R,1.0977625846862793,39.133568113657226,0.0,0.0
236,still-after,seam-wide,O-ET2X-R-CurrentEdge-Point,1.542576551437378,34.95658731034722,0.0,0.0
236,still-after,seam-wide,O-ET2X-R-PreviousRawEdge-Point,1.542576551437378,34.95658731034722,0.0,0.0
236,still-after,seam-wide,ABL-ET2X-R-PreviousRawEdge-BilinearRGB,1.542576551437378,34.95658731034722,0.0,0.0
237,still-after,wall-seam,O-T2X-R,1.2390950918197632,39.47512344066054,0.0,0.0
237,still-after,wall-seam,O-ET2X-R-CurrentEdge-Point,1.9865450859069824,33.64618275659018,0.0,0.0
237,still-after,wall-seam,O-ET2X-R-PreviousRawEdge-Point,1.9865450859069824,33.64618275659018,0.0,0.0
237,still-after,wall-seam,ABL-ET2X-R-PreviousRawEdge-BilinearRGB,1.9865450859069824,33.64618275659018,0.0,0.0
237,still-after,seam-wide,O-T2X-R,1.0977625846862793,39.133568113657226,0.0,0.0
237,still-after,seam-wide,O-ET2X-R-CurrentEdge-Point,1.542576551437378,34.95658731034722,0.0,0.0
237,still-after,seam-wide,O-ET2X-R-PreviousRawEdge-Point,1.542576551437378,34.95658731034722,0.0,0.0
237,still-after,seam-wide,ABL-ET2X-R-PreviousRawEdge-BilinearRGB,1.542576551437378,34.95658731034722,0.0,0.0
238,still-after,wall-seam,O-T2X-R,1.2390950918197632,39.47512344066054,0.0,0.0
238,still-after,wall-seam,O-ET2X-R-CurrentEdge-Point,1.9865450859069824,33.64618275659018,0.0,0.0
238,still-after,wall-seam,O-ET2X-R-PreviousRawEdge-Point,1.9865450859069824,33.64618275659018,0.0,0.0
238,still-after,wall-seam,ABL-ET2X-R-PreviousRawEdge-BilinearRGB,1.9865450859069824,33.64618275659018,0.0,0.0
238,still-after,seam-wide,O-T2X-R,1.0977625846862793,39.133568113657226,0.0,0.0
238,still-after,seam-wide,O-ET2X-R-CurrentEdge-Point,1.542576551437378,34.95658731034722,0.0,0.0
238,still-after,seam-wide,O-ET2X-R-PreviousRawEdge-Point,1.542576551437378,34.95658731034722,0.0,0.0
238,still-after,seam-wide,ABL-ET2X-R-PreviousRawEdge-BilinearRGB,1.542576551437378,34.95658731034722,0.0,0.0
239,still-after,wall-seam,O-T2X-R,1.2390950918197632,39.47512344066054,0.0,0.0
239,still-after,wall-seam,O-ET2X-R-CurrentEdge-Point,1.9865450859069824,33.64618275659018,0.0,0.0
239,still-after,wall-seam,O-ET2X-R-PreviousRawEdge-Point,1.9865450859069824,33.64618275659018,0.0,0.0
239,still-after,wall-seam,ABL-ET2X-R-PreviousRawEdge-BilinearRGB,1.9865450859069824,33.64618275659018,0.0,0.0
239,still-after,seam-wide,O-T2X-R,1.0977625846862793,39.133568113657226,0.0,0.0
239,still-after,seam-wide,O-ET2X-R-CurrentEdge-Point,1.542576551437378,34.95658731034722,0.0,0.0
239,still-after,seam-wide,O-ET2X-R-PreviousRawEdge-Point,1.542576551437378,34.95658731034722,0.0,0.0
239,still-after,seam-wide,ABL-ET2X-R-PreviousRawEdge-BilinearRGB,1.542576551437378,34.95658731034722,0.0,0.0
