frame,roi,mode,reference_rgb_mae,psnr,luma_delta,luma_second_delta
0,chairs,O-T2X-R,4.546842575073242,28.44487050795346,,
0,chairs,ABL-ET2X-R-PreviousRawEdge-CatmullRomRGB,3.689225196838379,29.913685532648646,,
0,chairs,ABL-ET2X-R-PreviousRawEdge-CatmullRomRGB-Fixed080,3.689225196838379,29.913685532648646,,
0,thin-chair,O-T2X-R,6.6784443855285645,26.338290801734075,,
0,thin-chair,ABL-ET2X-R-PreviousRawEdge-CatmullRomRGB,5.546253681182861,27.741128275872825,,
0,thin-chair,ABL-ET2X-R-PreviousRawEdge-CatmullRomRGB-Fixed080,5.546253681182861,27.741128275872825,,
0,windows,O-T2X-R,7.944287300109863,21.91560318726814,,
0,windows,ABL-ET2X-R-PreviousRawEdge-CatmullRomRGB,5.217268943786621,25.77318343274605,,
0,windows,ABL-ET2X-R-PreviousRawEdge-CatmullRomRGB-Fixed080,5.217268943786621,25.77318343274605,,
1,chairs,O-T2X-R,2.539811134338379,33.091345831527036,3.4362003803253174,
1,chairs,ABL-ET2X-R-PreviousRawEdge-CatmullRomRGB,3.689225196838379,29.913685532648646,0.0,
1,chairs,ABL-ET2X-R-PreviousRawEdge-CatmullRomRGB-Fixed080,3.689225196838379,29.913685532648646,0.0,
1,thin-chair,O-T2X-R,3.863340377807617,30.773035422457546,4.929037094116211,
1,thin-chair,ABL-ET2X-R-PreviousRawEdge-CatmullRomRGB,5.546253681182861,27.741128275872825,0.0,
1,thin-chair,ABL-ET2X-R-PreviousRawEdge-CatmullRomRGB-Fixed080,5.546253681182861,27.741128275872825,0.0,
1,windows,O-T2X-R,4.3203125,28.06699692047068,5.360754013061523,
1,windows,ABL-ET2X-R-PreviousRawEdge-CatmullRomRGB,5.217268943786621,25.77318343274605,0.0,
1,windows,ABL-ET2X-R-PreviousRawEdge-CatmullRomRGB-Fixed080,5.217268943786621,25.77318343274605,0.0,
2,chairs,O-T2X-R,2.539811134338379,33.091345831527036,0.0,3.4362003803253174
2,chairs,ABL-ET2X-R-PreviousRawEdge-CatmullRomRGB,3.689225196838379,29.913685532648646,0.0,0.0
2,chairs,ABL-ET2X-R-PreviousRawEdge-CatmullRomRGB-Fixed080,3.689225196838379,29.913685532648646,0.0,0.0
2,thin-chair,O-T2X-R,3.863340377807617,30.773035422457546,0.0,4.929037094116211
2,thin-chair,ABL-ET2X-R-PreviousRawEdge-CatmullRomRGB,5.546253681182861,27.741128275872825,0.0,0.0
2,thin-chair,ABL-ET2X-R-PreviousRawEdge-CatmullRomRGB-Fixed080,5.546253681182861,27.741128275872825,0.0,0.0
2,windows,O-T2X-R,4.3203125,28.06699692047068,0.0,5.360754013061523
2,windows,ABL-ET2X-R-PreviousRawEdge-CatmullRomRGB,5.217268943786621,25.77318343274605,0.0,0.0
2,windows,ABL-ET2X-R-PreviousRawEdge-CatmullRomRGB-Fixed080,5.217268943786621,25.77318343274605,0.0,0.0
3,chairs,O-T2X-R,2.539811134338379,33.091345831527036,0.0,0.0
3,chairs,ABL-ET2X-R-PreviousRawEdge-CatmullRomRGB,3.689225196838379,29.913685532648646,0.0,0.0
3,chairs,ABL-ET2X-R-PreviousRawEdge-CatmullRomRGB-Fixed080,3.689225196838379,29.913685532648646,0.0,0.0
3,thin-chair,O-T2X-R,3.863340377807617,30.773035422457546,0.0,0.0
3,thin-chair,ABL-ET2X-R-PreviousRawEdge-CatmullRomRGB,5.546253681182861,27.741128275872825,0.0,0.0
3,thin-chair,ABL-ET2X-R-PreviousRawEdge-CatmullRomRGB-Fixed080,5.546253681182861,27.741128275872825,0.0,0.0
3,windows,O-T2X-R,4.3203125,28.06699692047068,0.0,0.0
3,windows,ABL-ET2X-R-PreviousRawEdge-CatmullRomRGB,5.217268943786621,25.77318343274605,0.0,0.0
3,windows,ABL-ET2X-R-PreviousRawEdge-CatmullRomRGB-Fixed080,5.217268943786621,25.77318343274605,0.0,0.0
4,chairs,O-T2X-R,2.539811134338379,33.091345831527036,0.0,0.0
4,chairs,ABL-ET2X-R-PreviousRawEdge-CatmullRomRGB,3.689225196838379,29.913685532648646,0.0,0.0
4,chairs,ABL-ET2X-R-PreviousRawEdge-CatmullRomRGB-Fixed080,3.689225196838379,29.913685532648646,0.0,0.0
4,thin-chair,O-T2X-R,3.863340377807617,30.773035422457546,0.0,0.0
4,thin-chair,ABL-ET2X-R-PreviousRawEdge-CatmullRomRGB,5.546253681182861,27.741128275872825,0.0,0.0
4,thin-chair,ABL-ET2X-R-PreviousRawEdge-CatmullRomRGB-Fixed080,5.546253681182861,27.741128275872825,0.0,0.0
4,windows,O-T2X-R,4.3203125,28.06699692047068,0.0,0.0
4,windows,ABL-ET2X-R-PreviousRawEdge-CatmullRomRGB,5.217268943786621,25.77318343274605,0.0,0.0
4,windows,ABL-ET2X-R-PreviousRawEdge-CatmullRomRGB-Fixed080,5.217268943786621,25.77318343274605,0.0,0.0
5,chairs,O-T2X-R,2.539811134338379,33.091345831527036,0.0,0.0
5,chairs,ABL-ET2X-R-PreviousRawEdge-CatmullRomRGB,3.689225196838379,29.913685532648646,0.0,0.0
5,chairs,ABL-ET2X-R-PreviousRawEdge-CatmullRomRGB-Fixed080,3.689225196838379,29.913685532648646,0.0,0.0
5,thin-chair,O-T2X-R,3.863340377807617,30.773035422457546,0.0,0.0
5,thin-chair,ABL-ET2X-R-PreviousRawEdge-CatmullRomRGB,5.546253681182861,27.741128275872825,0.0,0.0
5,thin-chair,ABL-ET2X-R-PreviousRawEdge-CatmullRomRGB-Fixed080,5.546253681182861,27.741128275872825,0.0,0.0
5,windows,O-T2X-R,4.3203125,28.06699692047068,0.0,0.0
5,windows,ABL-ET2X-R-PreviousRawEdge-CatmullRomRGB,5.217268943786621,25.77318343274605,0.0,0.0
5,windows,ABL-ET2X-R-PreviousRawEdge-CatmullRomRGB-Fixed080,5.217268943786621,25.77318343274605,0.0,0.0
6,chairs,O-T2X-R,2.539811134338379,33.091345831527036,0.0,0.0
6,chairs,ABL-ET2X-R-PreviousRawEdge-CatmullRomRGB,3.689225196838379,29.913685532648646,0.0,0.0
6,chairs,ABL-ET2X-R-PreviousRawEdge-CatmullRomRGB-Fixed080,3.689225196838379,29.913685532648646,0.0,0.0
6,thin-chair,O-T2X-R,3.863340377807617,30.773035422457546,0.0,0.0
6,thin-chair,ABL-ET2X-R-PreviousRawEdge-CatmullRomRGB,5.546253681182861,27.741128275872825,0.0,0.0
6,thin-chair,ABL-ET2X-R-PreviousRawEdge-CatmullRomRGB-Fixed080,5.546253681182861,27.741128275872825,0.0,0.0
6,windows,O-T2X-R,4.3203125,28.06699692047068,0.0,0.0
6,windows,ABL-ET2X-R-PreviousRawEdge-CatmullRomRGB,5.217268943786621,25.77318343274605,0.0,0.0
6,windows,ABL-ET2X-R-PreviousRawEdge-CatmullRomRGB-Fixed080,5.217268943786621,25.77318343274605,0.0,0.0
7,chairs,O-T2X-R,2.539811134338379,33.091345831527036,0.0,0.0
7,chairs,ABL-ET2X-R-PreviousRawEdge-CatmullRomRGB,3.689225196838379,29.913685532648646,0.0,0.0
7,chairs,ABL-ET2X-R-PreviousRawEdge-CatmullRomRGB-Fixed080,3.689225196838379,29.913685532648646,0.0,0.0
7,thin-chair,O-T2X-R,3.863340377807617,30.773035422457546,0.0,0.0
7,thin-chair,ABL-ET2X-R-PreviousRawEdge-CatmullRomRGB,5.546253681182861,27.741128275872825,0.0,0.0
7,thin-chair,ABL-ET2X-R-PreviousRawEdge-CatmullRomRGB-Fixed080,5.546253681182861,27.741128275872825,0.0,0.0
7,windows,O-T2X-R,4.3203125,28.06699692047068,0.0,0.0
7,windows,ABL-ET2X-R-PreviousRawEdge-CatmullRomRGB,5.217268943786621,25.77318343274605,0.0,0.0
7,windows,ABL-ET2X-R-PreviousRawEdge-CatmullRomRGB-Fixed080,5.217268943786621,25.77318343274605,0.0,0.0
8,chairs,O-T2X-R,2.539811134338379,33.091345831527036,0.0,0.0
8,chairs,ABL-ET2X-R-PreviousRawEdge-CatmullRomRGB,3.689225196838379,29.913685532648646,0.0,0.0
8,chairs,ABL-ET2X-R-PreviousRawEdge-CatmullRomRGB-Fixed080,3.689225196838379,29.913685532648646,0.0,0.0
8,thin-chair,O-T2X-R,3.863340377807617,30.773035422457546,0.0,0.0
8,thin-chair,ABL-ET2X-R-PreviousRawEdge-CatmullRomRGB,5.546253681182861,27.741128275872825,0.0,0.0
8,thin-chair,ABL-ET2X-R-PreviousRawEdge-CatmullRomRGB-Fixed080,5.546253681182861,27.741128275872825,0.0,0.0
8,windows,O-T2X-R,4.3203125,28.06699692047068,0.0,0.0
8,windows,ABL-ET2X-R-PreviousRawEdge-CatmullRomRGB,5.217268943786621,25.77318343274605,0.0,0.0
8,windows,ABL-ET2X-R-PreviousRawEdge-CatmullRomRGB-Fixed080,5.217268943786621,25.77318343274605,0.0,0.0
9,chairs,O-T2X-R,2.539811134338379,33.091345831527036,0.0,0.0
9,chairs,ABL-ET2X-R-PreviousRawEdge-CatmullRomRGB,3.689225196838379,29.913685532648646,0.0,0.0
9,chairs,ABL-ET2X-R-PreviousRawEdge-CatmullRomRGB-Fixed080,3.689225196838379,29.913685532648646,0.0,0.0
9,thin-chair,O-T2X-R,3.863340377807617,30.773035422457546,0.0,0.0
9,thin-chair,ABL-ET2X-R-PreviousRawEdge-CatmullRomRGB,5.546253681182861,27.741128275872825,0.0,0.0
9,thin-chair,ABL-ET2X-R-PreviousRawEdge-CatmullRomRGB-Fixed080,5.546253681182861,27.741128275872825,0.0,0.0
9,windows,O-T2X-R,4.3203125,28.06699692047068,0.0,0.0
9,windows,ABL-ET2X-R-PreviousRawEdge-CatmullRomRGB,5.217268943786621,25.77318343274605,0.0,0.0
9,windows,ABL-ET2X-R-PreviousRawEdge-CatmullRomRGB-Fixed080,5.217268943786621,25.77318343274605,0.0,0.0
10,chairs,O-T2X-R,2.539811134338379,33.091345831527036,0.0,0.0
10,chairs,ABL-ET2X-R-PreviousRawEdge-CatmullRomRGB,3.689225196838379,29.913685532648646,0.0,0.0
10,chairs,ABL-ET2X-R-PreviousRawEdge-CatmullRomRGB-Fixed080,3.689225196838379,29.913685532648646,0.0,0.0
10,thin-chair,O-T2X-R,3.863340377807617,30.773035422457546,0.0,0.0
10,thin-chair,ABL-ET2X-R-PreviousRawEdge-CatmullRomRGB,5.546253681182861,27.741128275872825,0.0,0.0
10,thin-chair,ABL-ET2X-R-PreviousRawEdge-CatmullRomRGB-Fixed080,5.546253681182861,27.741128275872825,0.0,0.0
10,windows,O-T2X-R,4.3203125,28.06699692047068,0.0,0.0
10,windows,ABL-ET2X-R-PreviousRawEdge-CatmullRomRGB,5.217268943786621,25.77318343274605,0.0,0.0
10,windows,ABL-ET2X-R-PreviousRawEdge-CatmullRomRGB-Fixed080,5.217268943786621,25.77318343274605,0.0,0.0
11,chairs,O-T2X-R,2.539811134338379,33.091345831527036,0.0,0.0
11,chairs,ABL-ET2X-R-PreviousRawEdge-CatmullRomRGB,3.689225196838379,29.913685532648646,0.0,0.0
11,chairs,ABL-ET2X-R-PreviousRawEdge-CatmullRomRGB-Fixed080,3.689225196838379,29.913685532648646,0.0,0.0
11,thin-chair,O-T2X-R,3.863340377807617,30.773035422457546,0.0,0.0
11,thin-chair,ABL-ET2X-R-PreviousRawEdge-CatmullRomRGB,5.546253681182861,27.741128275872825,0.0,0.0
11,thin-chair,ABL-ET2X-R-PreviousRawEdge-CatmullRomRGB-Fixed080,5.546253681182861,27.741128275872825,0.0,0.0
11,windows,O-T2X-R,4.3203125,28.06699692047068,0.0,0.0
11,windows,ABL-ET2X-R-PreviousRawEdge-CatmullRomRGB,5.217268943786621,25.77318343274605,0.0,0.0
11,windows,ABL-ET2X-R-PreviousRawEdge-CatmullRomRGB-Fixed080,5.217268943786621,25.77318343274605,0.0,0.0
12,chairs,O-T2X-R,2.539811134338379,33.091345831527036,0.0,0.0
12,chairs,ABL-ET2X-R-PreviousRawEdge-CatmullRomRGB,3.689225196838379,29.913685532648646,0.0,0.0
12,chairs,ABL-ET2X-R-PreviousRawEdge-CatmullRomRGB-Fixed080,3.689225196838379,29.913685532648646,0.0,0.0
12,thin-chair,O-T2X-R,3.863340377807617,30.773035422457546,0.0,0.0
12,thin-chair,ABL-ET2X-R-PreviousRawEdge-CatmullRomRGB,5.546253681182861,27.741128275872825,0.0,0.0
12,thin-chair,ABL-ET2X-R-PreviousRawEdge-CatmullRomRGB-Fixed080,5.546253681182861,27.741128275872825,0.0,0.0
12,windows,O-T2X-R,4.3203125,28.06699692047068,0.0,0.0
12,windows,ABL-ET2X-R-PreviousRawEdge-CatmullRomRGB,5.217268943786621,25.77318343274605,0.0,0.0
12,windows,ABL-ET2X-R-PreviousRawEdge-CatmullRomRGB-Fixed080,5.217268943786621,25.77318343274605,0.0,0.0
13,chairs,O-T2X-R,2.539811134338379,33.091345831527036,0.0,0.0
13,chairs,ABL-ET2X-R-PreviousRawEdge-CatmullRomRGB,3.689225196838379,29.913685532648646,0.0,0.0
13,chairs,ABL-ET2X-R-PreviousRawEdge-CatmullRomRGB-Fixed080,3.689225196838379,29.913685532648646,0.0,0.0
13,thin-chair,O-T2X-R,3.863340377807617,30.773035422457546,0.0,0.0
13,thin-chair,ABL-ET2X-R-PreviousRawEdge-CatmullRomRGB,5.546253681182861,27.741128275872825,0.0,0.0
13,thin-chair,ABL-ET2X-R-PreviousRawEdge-CatmullRomRGB-Fixed080,5.546253681182861,27.741128275872825,0.0,0.0
13,windows,O-T2X-R,4.3203125,28.06699692047068,0.0,0.0
13,windows,ABL-ET2X-R-PreviousRawEdge-CatmullRomRGB,5.217268943786621,25.77318343274605,0.0,0.0
13,windows,ABL-ET2X-R-PreviousRawEdge-CatmullRomRGB-Fixed080,5.217268943786621,25.77318343274605,0.0,0.0
14,chairs,O-T2X-R,2.539811134338379,33.091345831527036,0.0,0.0
14,chairs,ABL-ET2X-R-PreviousRawEdge-CatmullRomRGB,3.689225196838379,29.913685532648646,0.0,0.0
14,chairs,ABL-ET2X-R-PreviousRawEdge-CatmullRomRGB-Fixed080,3.689225196838379,29.913685532648646,0.0,0.0
14,thin-chair,O-T2X-R,3.863340377807617,30.773035422457546,0.0,0.0
14,thin-chair,ABL-ET2X-R-PreviousRawEdge-CatmullRomRGB,5.546253681182861,27.741128275872825,0.0,0.0
14,thin-chair,ABL-ET2X-R-PreviousRawEdge-CatmullRomRGB-Fixed080,5.546253681182861,27.741128275872825,0.0,0.0
14,windows,O-T2X-R,4.3203125,28.06699692047068,0.0,0.0
14,windows,ABL-ET2X-R-PreviousRawEdge-CatmullRomRGB,5.217268943786621,25.77318343274605,0.0,0.0
14,windows,ABL-ET2X-R-PreviousRawEdge-CatmullRomRGB-Fixed080,5.217268943786621,25.77318343274605,0.0,0.0
15,chairs,O-T2X-R,2.539811134338379,33.091345831527036,0.0,0.0
15,chairs,ABL-ET2X-R-PreviousRawEdge-CatmullRomRGB,3.689225196838379,29.913685532648646,0.0,0.0
15,chairs,ABL-ET2X-R-PreviousRawEdge-CatmullRomRGB-Fixed080,3.689225196838379,29.913685532648646,0.0,0.0
15,thin-chair,O-T2X-R,3.863340377807617,30.773035422457546,0.0,0.0
15,thin-chair,ABL-ET2X-R-PreviousRawEdge-CatmullRomRGB,5.546253681182861,27.741128275872825,0.0,0.0
15,thin-chair,ABL-ET2X-R-PreviousRawEdge-CatmullRomRGB-Fixed080,5.546253681182861,27.741128275872825,0.0,0.0
15,windows,O-T2X-R,4.3203125,28.06699692047068,0.0,0.0
15,windows,ABL-ET2X-R-PreviousRawEdge-CatmullRomRGB,5.217268943786621,25.77318343274605,0.0,0.0
15,windows,ABL-ET2X-R-PreviousRawEdge-CatmullRomRGB-Fixed080,5.217268943786621,25.77318343274605,0.0,0.0
16,chairs,O-T2X-R,2.539811134338379,33.091345831527036,0.0,0.0
16,chairs,ABL-ET2X-R-PreviousRawEdge-CatmullRomRGB,3.689225196838379,29.913685532648646,0.0,0.0
16,chairs,ABL-ET2X-R-PreviousRawEdge-CatmullRomRGB-Fixed080,3.689225196838379,29.913685532648646,0.0,0.0
16,thin-chair,O-T2X-R,3.863340377807617,30.773035422457546,0.0,0.0
16,thin-chair,ABL-ET2X-R-PreviousRawEdge-CatmullRomRGB,5.546253681182861,27.741128275872825,0.0,0.0
16,thin-chair,ABL-ET2X-R-PreviousRawEdge-CatmullRomRGB-Fixed080,5.546253681182861,27.741128275872825,0.0,0.0
16,windows,O-T2X-R,4.3203125,28.06699692047068,0.0,0.0
16,windows,ABL-ET2X-R-PreviousRawEdge-CatmullRomRGB,5.217268943786621,25.77318343274605,0.0,0.0
16,windows,ABL-ET2X-R-PreviousRawEdge-CatmullRomRGB-Fixed080,5.217268943786621,25.77318343274605,0.0,0.0
17,chairs,O-T2X-R,2.539811134338379,33.091345831527036,0.0,0.0
17,chairs,ABL-ET2X-R-PreviousRawEdge-CatmullRomRGB,3.689225196838379,29.913685532648646,0.0,0.0
17,chairs,ABL-ET2X-R-PreviousRawEdge-CatmullRomRGB-Fixed080,3.689225196838379,29.913685532648646,0.0,0.0
17,thin-chair,O-T2X-R,3.863340377807617,30.773035422457546,0.0,0.0
17,thin-chair,ABL-ET2X-R-PreviousRawEdge-CatmullRomRGB,5.546253681182861,27.741128275872825,0.0,0.0
17,thin-chair,ABL-ET2X-R-PreviousRawEdge-CatmullRomRGB-Fixed080,5.546253681182861,27.741128275872825,0.0,0.0
17,windows,O-T2X-R,4.3203125,28.06699692047068,0.0,0.0
17,windows,ABL-ET2X-R-PreviousRawEdge-CatmullRomRGB,5.217268943786621,25.77318343274605,0.0,0.0
17,windows,ABL-ET2X-R-PreviousRawEdge-CatmullRomRGB-Fixed080,5.217268943786621,25.77318343274605,0.0,0.0
18,chairs,O-T2X-R,2.539811134338379,33.091345831527036,0.0,0.0
18,chairs,ABL-ET2X-R-PreviousRawEdge-CatmullRomRGB,3.689225196838379,29.913685532648646,0.0,0.0
18,chairs,ABL-ET2X-R-PreviousRawEdge-CatmullRomRGB-Fixed080,3.689225196838379,29.913685532648646,0.0,0.0
18,thin-chair,O-T2X-R,3.863340377807617,30.773035422457546,0.0,0.0
18,thin-chair,ABL-ET2X-R-PreviousRawEdge-CatmullRomRGB,5.546253681182861,27.741128275872825,0.0,0.0
18,thin-chair,ABL-ET2X-R-PreviousRawEdge-CatmullRomRGB-Fixed080,5.546253681182861,27.741128275872825,0.0,0.0
18,windows,O-T2X-R,4.3203125,28.06699692047068,0.0,0.0
18,windows,ABL-ET2X-R-PreviousRawEdge-CatmullRomRGB,5.217268943786621,25.77318343274605,0.0,0.0
18,windows,ABL-ET2X-R-PreviousRawEdge-CatmullRomRGB-Fixed080,5.217268943786621,25.77318343274605,0.0,0.0
19,chairs,O-T2X-R,2.539811134338379,33.091345831527036,0.0,0.0
19,chairs,ABL-ET2X-R-PreviousRawEdge-CatmullRomRGB,3.689225196838379,29.913685532648646,0.0,0.0
19,chairs,ABL-ET2X-R-PreviousRawEdge-CatmullRomRGB-Fixed080,3.689225196838379,29.913685532648646,0.0,0.0
19,thin-chair,O-T2X-R,3.863340377807617,30.773035422457546,0.0,0.0
19,thin-chair,ABL-ET2X-R-PreviousRawEdge-CatmullRomRGB,5.546253681182861,27.741128275872825,0.0,0.0
19,thin-chair,ABL-ET2X-R-PreviousRawEdge-CatmullRomRGB-Fixed080,5.546253681182861,27.741128275872825,0.0,0.0
19,windows,O-T2X-R,4.3203125,28.06699692047068,0.0,0.0
19,windows,ABL-ET2X-R-PreviousRawEdge-CatmullRomRGB,5.217268943786621,25.77318343274605,0.0,0.0
19,windows,ABL-ET2X-R-PreviousRawEdge-CatmullRomRGB-Fixed080,5.217268943786621,25.77318343274605,0.0,0.0
20,chairs,O-T2X-R,2.539811134338379,33.091345831527036,0.0,0.0
20,chairs,ABL-ET2X-R-PreviousRawEdge-CatmullRomRGB,3.689225196838379,29.913685532648646,0.0,0.0
20,chairs,ABL-ET2X-R-PreviousRawEdge-CatmullRomRGB-Fixed080,3.689225196838379,29.913685532648646,0.0,0.0
20,thin-chair,O-T2X-R,3.863340377807617,30.773035422457546,0.0,0.0
20,thin-chair,ABL-ET2X-R-PreviousRawEdge-CatmullRomRGB,5.546253681182861,27.741128275872825,0.0,0.0
20,thin-chair,ABL-ET2X-R-PreviousRawEdge-CatmullRomRGB-Fixed080,5.546253681182861,27.741128275872825,0.0,0.0
20,windows,O-T2X-R,4.3203125,28.06699692047068,0.0,0.0
20,windows,ABL-ET2X-R-PreviousRawEdge-CatmullRomRGB,5.217268943786621,25.77318343274605,0.0,0.0
20,windows,ABL-ET2X-R-PreviousRawEdge-CatmullRomRGB-Fixed080,5.217268943786621,25.77318343274605,0.0,0.0
21,chairs,O-T2X-R,2.539811134338379,33.091345831527036,0.0,0.0
21,chairs,ABL-ET2X-R-PreviousRawEdge-CatmullRomRGB,3.689225196838379,29.913685532648646,0.0,0.0
21,chairs,ABL-ET2X-R-PreviousRawEdge-CatmullRomRGB-Fixed080,3.689225196838379,29.913685532648646,0.0,0.0
21,thin-chair,O-T2X-R,3.863340377807617,30.773035422457546,0.0,0.0
21,thin-chair,ABL-ET2X-R-PreviousRawEdge-CatmullRomRGB,5.546253681182861,27.741128275872825,0.0,0.0
21,thin-chair,ABL-ET2X-R-PreviousRawEdge-CatmullRomRGB-Fixed080,5.546253681182861,27.741128275872825,0.0,0.0
21,windows,O-T2X-R,4.3203125,28.06699692047068,0.0,0.0
21,windows,ABL-ET2X-R-PreviousRawEdge-CatmullRomRGB,5.217268943786621,25.77318343274605,0.0,0.0
21,windows,ABL-ET2X-R-PreviousRawEdge-CatmullRomRGB-Fixed080,5.217268943786621,25.77318343274605,0.0,0.0
22,chairs,O-T2X-R,2.539811134338379,33.091345831527036,0.0,0.0
22,chairs,ABL-ET2X-R-PreviousRawEdge-CatmullRomRGB,3.689225196838379,29.913685532648646,0.0,0.0
22,chairs,ABL-ET2X-R-PreviousRawEdge-CatmullRomRGB-Fixed080,3.689225196838379,29.913685532648646,0.0,0.0
22,thin-chair,O-T2X-R,3.863340377807617,30.773035422457546,0.0,0.0
22,thin-chair,ABL-ET2X-R-PreviousRawEdge-CatmullRomRGB,5.546253681182861,27.741128275872825,0.0,0.0
22,thin-chair,ABL-ET2X-R-PreviousRawEdge-CatmullRomRGB-Fixed080,5.546253681182861,27.741128275872825,0.0,0.0
22,windows,O-T2X-R,4.3203125,28.06699692047068,0.0,0.0
22,windows,ABL-ET2X-R-PreviousRawEdge-CatmullRomRGB,5.217268943786621,25.77318343274605,0.0,0.0
22,windows,ABL-ET2X-R-PreviousRawEdge-CatmullRomRGB-Fixed080,5.217268943786621,25.77318343274605,0.0,0.0
23,chairs,O-T2X-R,2.539811134338379,33.091345831527036,0.0,0.0
23,chairs,ABL-ET2X-R-PreviousRawEdge-CatmullRomRGB,3.689225196838379,29.913685532648646,0.0,0.0
23,chairs,ABL-ET2X-R-PreviousRawEdge-CatmullRomRGB-Fixed080,3.689225196838379,29.913685532648646,0.0,0.0
23,thin-chair,O-T2X-R,3.863340377807617,30.773035422457546,0.0,0.0
23,thin-chair,ABL-ET2X-R-PreviousRawEdge-CatmullRomRGB,5.546253681182861,27.741128275872825,0.0,0.0
23,thin-chair,ABL-ET2X-R-PreviousRawEdge-CatmullRomRGB-Fixed080,5.546253681182861,27.741128275872825,0.0,0.0
23,windows,O-T2X-R,4.3203125,28.06699692047068,0.0,0.0
23,windows,ABL-ET2X-R-PreviousRawEdge-CatmullRomRGB,5.217268943786621,25.77318343274605,0.0,0.0
23,windows,ABL-ET2X-R-PreviousRawEdge-CatmullRomRGB-Fixed080,5.217268943786621,25.77318343274605,0.0,0.0
24,chairs,O-T2X-R,2.539811134338379,33.091345831527036,0.0,0.0
24,chairs,ABL-ET2X-R-PreviousRawEdge-CatmullRomRGB,3.689225196838379,29.913685532648646,0.0,0.0
24,chairs,ABL-ET2X-R-PreviousRawEdge-CatmullRomRGB-Fixed080,3.689225196838379,29.913685532648646,0.0,0.0
24,thin-chair,O-T2X-R,3.863340377807617,30.773035422457546,0.0,0.0
24,thin-chair,ABL-ET2X-R-PreviousRawEdge-CatmullRomRGB,5.546253681182861,27.741128275872825,0.0,0.0
24,thin-chair,ABL-ET2X-R-PreviousRawEdge-CatmullRomRGB-Fixed080,5.546253681182861,27.741128275872825,0.0,0.0
24,windows,O-T2X-R,4.3203125,28.06699692047068,0.0,0.0
24,windows,ABL-ET2X-R-PreviousRawEdge-CatmullRomRGB,5.217268943786621,25.77318343274605,0.0,0.0
24,windows,ABL-ET2X-R-PreviousRawEdge-CatmullRomRGB-Fixed080,5.217268943786621,25.77318343274605,0.0,0.0
25,chairs,O-T2X-R,2.539811134338379,33.091345831527036,0.0,0.0
25,chairs,ABL-ET2X-R-PreviousRawEdge-CatmullRomRGB,3.689225196838379,29.913685532648646,0.0,0.0
25,chairs,ABL-ET2X-R-PreviousRawEdge-CatmullRomRGB-Fixed080,3.689225196838379,29.913685532648646,0.0,0.0
25,thin-chair,O-T2X-R,3.863340377807617,30.773035422457546,0.0,0.0
25,thin-chair,ABL-ET2X-R-PreviousRawEdge-CatmullRomRGB,5.546253681182861,27.741128275872825,0.0,0.0
25,thin-chair,ABL-ET2X-R-PreviousRawEdge-CatmullRomRGB-Fixed080,5.546253681182861,27.741128275872825,0.0,0.0
25,windows,O-T2X-R,4.3203125,28.06699692047068,0.0,0.0
25,windows,ABL-ET2X-R-PreviousRawEdge-CatmullRomRGB,5.217268943786621,25.77318343274605,0.0,0.0
25,windows,ABL-ET2X-R-PreviousRawEdge-CatmullRomRGB-Fixed080,5.217268943786621,25.77318343274605,0.0,0.0
26,chairs,O-T2X-R,2.539811134338379,33.091345831527036,0.0,0.0
26,chairs,ABL-ET2X-R-PreviousRawEdge-CatmullRomRGB,3.689225196838379,29.913685532648646,0.0,0.0
26,chairs,ABL-ET2X-R-PreviousRawEdge-CatmullRomRGB-Fixed080,3.689225196838379,29.913685532648646,0.0,0.0
26,thin-chair,O-T2X-R,3.863340377807617,30.773035422457546,0.0,0.0
26,thin-chair,ABL-ET2X-R-PreviousRawEdge-CatmullRomRGB,5.546253681182861,27.741128275872825,0.0,0.0
26,thin-chair,ABL-ET2X-R-PreviousRawEdge-CatmullRomRGB-Fixed080,5.546253681182861,27.741128275872825,0.0,0.0
26,windows,O-T2X-R,4.3203125,28.06699692047068,0.0,0.0
26,windows,ABL-ET2X-R-PreviousRawEdge-CatmullRomRGB,5.217268943786621,25.77318343274605,0.0,0.0
26,windows,ABL-ET2X-R-PreviousRawEdge-CatmullRomRGB-Fixed080,5.217268943786621,25.77318343274605,0.0,0.0
27,chairs,O-T2X-R,2.539811134338379,33.091345831527036,0.0,0.0
27,chairs,ABL-ET2X-R-PreviousRawEdge-CatmullRomRGB,3.689225196838379,29.913685532648646,0.0,0.0
27,chairs,ABL-ET2X-R-PreviousRawEdge-CatmullRomRGB-Fixed080,3.689225196838379,29.913685532648646,0.0,0.0
27,thin-chair,O-T2X-R,3.863340377807617,30.773035422457546,0.0,0.0
27,thin-chair,ABL-ET2X-R-PreviousRawEdge-CatmullRomRGB,5.546253681182861,27.741128275872825,0.0,0.0
27,thin-chair,ABL-ET2X-R-PreviousRawEdge-CatmullRomRGB-Fixed080,5.546253681182861,27.741128275872825,0.0,0.0
27,windows,O-T2X-R,4.3203125,28.06699692047068,0.0,0.0
27,windows,ABL-ET2X-R-PreviousRawEdge-CatmullRomRGB,5.217268943786621,25.77318343274605,0.0,0.0
27,windows,ABL-ET2X-R-PreviousRawEdge-CatmullRomRGB-Fixed080,5.217268943786621,25.77318343274605,0.0,0.0
28,chairs,O-T2X-R,2.539811134338379,33.091345831527036,0.0,0.0
28,chairs,ABL-ET2X-R-PreviousRawEdge-CatmullRomRGB,3.689225196838379,29.913685532648646,0.0,0.0
28,chairs,ABL-ET2X-R-PreviousRawEdge-CatmullRomRGB-Fixed080,3.689225196838379,29.913685532648646,0.0,0.0
28,thin-chair,O-T2X-R,3.863340377807617,30.773035422457546,0.0,0.0
28,thin-chair,ABL-ET2X-R-PreviousRawEdge-CatmullRomRGB,5.546253681182861,27.741128275872825,0.0,0.0
28,thin-chair,ABL-ET2X-R-PreviousRawEdge-CatmullRomRGB-Fixed080,5.546253681182861,27.741128275872825,0.0,0.0
28,windows,O-T2X-R,4.3203125,28.06699692047068,0.0,0.0
28,windows,ABL-ET2X-R-PreviousRawEdge-CatmullRomRGB,5.217268943786621,25.77318343274605,0.0,0.0
28,windows,ABL-ET2X-R-PreviousRawEdge-CatmullRomRGB-Fixed080,5.217268943786621,25.77318343274605,0.0,0.0
29,chairs,O-T2X-R,2.539811134338379,33.091345831527036,0.0,0.0
29,chairs,ABL-ET2X-R-PreviousRawEdge-CatmullRomRGB,3.689225196838379,29.913685532648646,0.0,0.0
29,chairs,ABL-ET2X-R-PreviousRawEdge-CatmullRomRGB-Fixed080,3.689225196838379,29.913685532648646,0.0,0.0
29,thin-chair,O-T2X-R,3.863340377807617,30.773035422457546,0.0,0.0
29,thin-chair,ABL-ET2X-R-PreviousRawEdge-CatmullRomRGB,5.546253681182861,27.741128275872825,0.0,0.0
29,thin-chair,ABL-ET2X-R-PreviousRawEdge-CatmullRomRGB-Fixed080,5.546253681182861,27.741128275872825,0.0,0.0
29,windows,O-T2X-R,4.3203125,28.06699692047068,0.0,0.0
29,windows,ABL-ET2X-R-PreviousRawEdge-CatmullRomRGB,5.217268943786621,25.77318343274605,0.0,0.0
29,windows,ABL-ET2X-R-PreviousRawEdge-CatmullRomRGB-Fixed080,5.217268943786621,25.77318343274605,0.0,0.0
30,chairs,O-T2X-R,2.539811134338379,33.091345831527036,0.0,0.0
30,chairs,ABL-ET2X-R-PreviousRawEdge-CatmullRomRGB,3.689225196838379,29.913685532648646,0.0,0.0
30,chairs,ABL-ET2X-R-PreviousRawEdge-CatmullRomRGB-Fixed080,3.689225196838379,29.913685532648646,0.0,0.0
30,thin-chair,O-T2X-R,3.863340377807617,30.773035422457546,0.0,0.0
30,thin-chair,ABL-ET2X-R-PreviousRawEdge-CatmullRomRGB,5.546253681182861,27.741128275872825,0.0,0.0
30,thin-chair,ABL-ET2X-R-PreviousRawEdge-CatmullRomRGB-Fixed080,5.546253681182861,27.741128275872825,0.0,0.0
30,windows,O-T2X-R,4.3203125,28.06699692047068,0.0,0.0
30,windows,ABL-ET2X-R-PreviousRawEdge-CatmullRomRGB,5.217268943786621,25.77318343274605,0.0,0.0
30,windows,ABL-ET2X-R-PreviousRawEdge-CatmullRomRGB-Fixed080,5.217268943786621,25.77318343274605,0.0,0.0
31,chairs,O-T2X-R,2.539811134338379,33.091345831527036,0.0,0.0
31,chairs,ABL-ET2X-R-PreviousRawEdge-CatmullRomRGB,3.689225196838379,29.913685532648646,0.0,0.0
31,chairs,ABL-ET2X-R-PreviousRawEdge-CatmullRomRGB-Fixed080,3.689225196838379,29.913685532648646,0.0,0.0
31,thin-chair,O-T2X-R,3.863340377807617,30.773035422457546,0.0,0.0
31,thin-chair,ABL-ET2X-R-PreviousRawEdge-CatmullRomRGB,5.546253681182861,27.741128275872825,0.0,0.0
31,thin-chair,ABL-ET2X-R-PreviousRawEdge-CatmullRomRGB-Fixed080,5.546253681182861,27.741128275872825,0.0,0.0
31,windows,O-T2X-R,4.3203125,28.06699692047068,0.0,0.0
31,windows,ABL-ET2X-R-PreviousRawEdge-CatmullRomRGB,5.217268943786621,25.77318343274605,0.0,0.0
31,windows,ABL-ET2X-R-PreviousRawEdge-CatmullRomRGB-Fixed080,5.217268943786621,25.77318343274605,0.0,0.0
32,chairs,O-T2X-R,2.539811134338379,33.091345831527036,0.0,0.0
32,chairs,ABL-ET2X-R-PreviousRawEdge-CatmullRomRGB,3.689225196838379,29.913685532648646,0.0,0.0
32,chairs,ABL-ET2X-R-PreviousRawEdge-CatmullRomRGB-Fixed080,3.689225196838379,29.913685532648646,0.0,0.0
32,thin-chair,O-T2X-R,3.863340377807617,30.773035422457546,0.0,0.0
32,thin-chair,ABL-ET2X-R-PreviousRawEdge-CatmullRomRGB,5.546253681182861,27.741128275872825,0.0,0.0
32,thin-chair,ABL-ET2X-R-PreviousRawEdge-CatmullRomRGB-Fixed080,5.546253681182861,27.741128275872825,0.0,0.0
32,windows,O-T2X-R,4.3203125,28.06699692047068,0.0,0.0
32,windows,ABL-ET2X-R-PreviousRawEdge-CatmullRomRGB,5.217268943786621,25.77318343274605,0.0,0.0
32,windows,ABL-ET2X-R-PreviousRawEdge-CatmullRomRGB-Fixed080,5.217268943786621,25.77318343274605,0.0,0.0
33,chairs,O-T2X-R,2.539811134338379,33.091345831527036,0.0,0.0
33,chairs,ABL-ET2X-R-PreviousRawEdge-CatmullRomRGB,3.689225196838379,29.913685532648646,0.0,0.0
33,chairs,ABL-ET2X-R-PreviousRawEdge-CatmullRomRGB-Fixed080,3.689225196838379,29.913685532648646,0.0,0.0
33,thin-chair,O-T2X-R,3.863340377807617,30.773035422457546,0.0,0.0
33,thin-chair,ABL-ET2X-R-PreviousRawEdge-CatmullRomRGB,5.546253681182861,27.741128275872825,0.0,0.0
33,thin-chair,ABL-ET2X-R-PreviousRawEdge-CatmullRomRGB-Fixed080,5.546253681182861,27.741128275872825,0.0,0.0
33,windows,O-T2X-R,4.3203125,28.06699692047068,0.0,0.0
33,windows,ABL-ET2X-R-PreviousRawEdge-CatmullRomRGB,5.217268943786621,25.77318343274605,0.0,0.0
33,windows,ABL-ET2X-R-PreviousRawEdge-CatmullRomRGB-Fixed080,5.217268943786621,25.77318343274605,0.0,0.0
34,chairs,O-T2X-R,2.539811134338379,33.091345831527036,0.0,0.0
34,chairs,ABL-ET2X-R-PreviousRawEdge-CatmullRomRGB,3.689225196838379,29.913685532648646,0.0,0.0
34,chairs,ABL-ET2X-R-PreviousRawEdge-CatmullRomRGB-Fixed080,3.689225196838379,29.913685532648646,0.0,0.0
34,thin-chair,O-T2X-R,3.863340377807617,30.773035422457546,0.0,0.0
34,thin-chair,ABL-ET2X-R-PreviousRawEdge-CatmullRomRGB,5.546253681182861,27.741128275872825,0.0,0.0
34,thin-chair,ABL-ET2X-R-PreviousRawEdge-CatmullRomRGB-Fixed080,5.546253681182861,27.741128275872825,0.0,0.0
34,windows,O-T2X-R,4.3203125,28.06699692047068,0.0,0.0
34,windows,ABL-ET2X-R-PreviousRawEdge-CatmullRomRGB,5.217268943786621,25.77318343274605,0.0,0.0
34,windows,ABL-ET2X-R-PreviousRawEdge-CatmullRomRGB-Fixed080,5.217268943786621,25.77318343274605,0.0,0.0
35,chairs,O-T2X-R,2.539811134338379,33.091345831527036,0.0,0.0
35,chairs,ABL-ET2X-R-PreviousRawEdge-CatmullRomRGB,3.689225196838379,29.913685532648646,0.0,0.0
35,chairs,ABL-ET2X-R-PreviousRawEdge-CatmullRomRGB-Fixed080,3.689225196838379,29.913685532648646,0.0,0.0
35,thin-chair,O-T2X-R,3.863340377807617,30.773035422457546,0.0,0.0
35,thin-chair,ABL-ET2X-R-PreviousRawEdge-CatmullRomRGB,5.546253681182861,27.741128275872825,0.0,0.0
35,thin-chair,ABL-ET2X-R-PreviousRawEdge-CatmullRomRGB-Fixed080,5.546253681182861,27.741128275872825,0.0,0.0
35,windows,O-T2X-R,4.3203125,28.06699692047068,0.0,0.0
35,windows,ABL-ET2X-R-PreviousRawEdge-CatmullRomRGB,5.217268943786621,25.77318343274605,0.0,0.0
35,windows,ABL-ET2X-R-PreviousRawEdge-CatmullRomRGB-Fixed080,5.217268943786621,25.77318343274605,0.0,0.0
36,chairs,O-T2X-R,2.539811134338379,33.091345831527036,0.0,0.0
36,chairs,ABL-ET2X-R-PreviousRawEdge-CatmullRomRGB,3.689225196838379,29.913685532648646,0.0,0.0
36,chairs,ABL-ET2X-R-PreviousRawEdge-CatmullRomRGB-Fixed080,3.689225196838379,29.913685532648646,0.0,0.0
36,thin-chair,O-T2X-R,3.863340377807617,30.773035422457546,0.0,0.0
36,thin-chair,ABL-ET2X-R-PreviousRawEdge-CatmullRomRGB,5.546253681182861,27.741128275872825,0.0,0.0
36,thin-chair,ABL-ET2X-R-PreviousRawEdge-CatmullRomRGB-Fixed080,5.546253681182861,27.741128275872825,0.0,0.0
36,windows,O-T2X-R,4.3203125,28.06699692047068,0.0,0.0
36,windows,ABL-ET2X-R-PreviousRawEdge-CatmullRomRGB,5.217268943786621,25.77318343274605,0.0,0.0
36,windows,ABL-ET2X-R-PreviousRawEdge-CatmullRomRGB-Fixed080,5.217268943786621,25.77318343274605,0.0,0.0
37,chairs,O-T2X-R,2.539811134338379,33.091345831527036,0.0,0.0
37,chairs,ABL-ET2X-R-PreviousRawEdge-CatmullRomRGB,3.689225196838379,29.913685532648646,0.0,0.0
37,chairs,ABL-ET2X-R-PreviousRawEdge-CatmullRomRGB-Fixed080,3.689225196838379,29.913685532648646,0.0,0.0
37,thin-chair,O-T2X-R,3.863340377807617,30.773035422457546,0.0,0.0
37,thin-chair,ABL-ET2X-R-PreviousRawEdge-CatmullRomRGB,5.546253681182861,27.741128275872825,0.0,0.0
37,thin-chair,ABL-ET2X-R-PreviousRawEdge-CatmullRomRGB-Fixed080,5.546253681182861,27.741128275872825,0.0,0.0
37,windows,O-T2X-R,4.3203125,28.06699692047068,0.0,0.0
37,windows,ABL-ET2X-R-PreviousRawEdge-CatmullRomRGB,5.217268943786621,25.77318343274605,0.0,0.0
37,windows,ABL-ET2X-R-PreviousRawEdge-CatmullRomRGB-Fixed080,5.217268943786621,25.77318343274605,0.0,0.0
38,chairs,O-T2X-R,2.539811134338379,33.091345831527036,0.0,0.0
38,chairs,ABL-ET2X-R-PreviousRawEdge-CatmullRomRGB,3.689225196838379,29.913685532648646,0.0,0.0
38,chairs,ABL-ET2X-R-PreviousRawEdge-CatmullRomRGB-Fixed080,3.689225196838379,29.913685532648646,0.0,0.0
38,thin-chair,O-T2X-R,3.863340377807617,30.773035422457546,0.0,0.0
38,thin-chair,ABL-ET2X-R-PreviousRawEdge-CatmullRomRGB,5.546253681182861,27.741128275872825,0.0,0.0
38,thin-chair,ABL-ET2X-R-PreviousRawEdge-CatmullRomRGB-Fixed080,5.546253681182861,27.741128275872825,0.0,0.0
38,windows,O-T2X-R,4.3203125,28.06699692047068,0.0,0.0
38,windows,ABL-ET2X-R-PreviousRawEdge-CatmullRomRGB,5.217268943786621,25.77318343274605,0.0,0.0
38,windows,ABL-ET2X-R-PreviousRawEdge-CatmullRomRGB-Fixed080,5.217268943786621,25.77318343274605,0.0,0.0
39,chairs,O-T2X-R,2.539811134338379,33.091345831527036,0.0,0.0
39,chairs,ABL-ET2X-R-PreviousRawEdge-CatmullRomRGB,3.689225196838379,29.913685532648646,0.0,0.0
39,chairs,ABL-ET2X-R-PreviousRawEdge-CatmullRomRGB-Fixed080,3.689225196838379,29.913685532648646,0.0,0.0
39,thin-chair,O-T2X-R,3.863340377807617,30.773035422457546,0.0,0.0
39,thin-chair,ABL-ET2X-R-PreviousRawEdge-CatmullRomRGB,5.546253681182861,27.741128275872825,0.0,0.0
39,thin-chair,ABL-ET2X-R-PreviousRawEdge-CatmullRomRGB-Fixed080,5.546253681182861,27.741128275872825,0.0,0.0
39,windows,O-T2X-R,4.3203125,28.06699692047068,0.0,0.0
39,windows,ABL-ET2X-R-PreviousRawEdge-CatmullRomRGB,5.217268943786621,25.77318343274605,0.0,0.0
39,windows,ABL-ET2X-R-PreviousRawEdge-CatmullRomRGB-Fixed080,5.217268943786621,25.77318343274605,0.0,0.0
40,chairs,O-T2X-R,2.539811134338379,33.091345831527036,0.0,0.0
40,chairs,ABL-ET2X-R-PreviousRawEdge-CatmullRomRGB,3.689225196838379,29.913685532648646,0.0,0.0
40,chairs,ABL-ET2X-R-PreviousRawEdge-CatmullRomRGB-Fixed080,3.689225196838379,29.913685532648646,0.0,0.0
40,thin-chair,O-T2X-R,3.863340377807617,30.773035422457546,0.0,0.0
40,thin-chair,ABL-ET2X-R-PreviousRawEdge-CatmullRomRGB,5.546253681182861,27.741128275872825,0.0,0.0
40,thin-chair,ABL-ET2X-R-PreviousRawEdge-CatmullRomRGB-Fixed080,5.546253681182861,27.741128275872825,0.0,0.0
40,windows,O-T2X-R,4.3203125,28.06699692047068,0.0,0.0
40,windows,ABL-ET2X-R-PreviousRawEdge-CatmullRomRGB,5.217268943786621,25.77318343274605,0.0,0.0
40,windows,ABL-ET2X-R-PreviousRawEdge-CatmullRomRGB-Fixed080,5.217268943786621,25.77318343274605,0.0,0.0
41,chairs,O-T2X-R,2.539811134338379,33.091345831527036,0.0,0.0
41,chairs,ABL-ET2X-R-PreviousRawEdge-CatmullRomRGB,3.689225196838379,29.913685532648646,0.0,0.0
41,chairs,ABL-ET2X-R-PreviousRawEdge-CatmullRomRGB-Fixed080,3.689225196838379,29.913685532648646,0.0,0.0
41,thin-chair,O-T2X-R,3.863340377807617,30.773035422457546,0.0,0.0
41,thin-chair,ABL-ET2X-R-PreviousRawEdge-CatmullRomRGB,5.546253681182861,27.741128275872825,0.0,0.0
41,thin-chair,ABL-ET2X-R-PreviousRawEdge-CatmullRomRGB-Fixed080,5.546253681182861,27.741128275872825,0.0,0.0
41,windows,O-T2X-R,4.3203125,28.06699692047068,0.0,0.0
41,windows,ABL-ET2X-R-PreviousRawEdge-CatmullRomRGB,5.217268943786621,25.77318343274605,0.0,0.0
41,windows,ABL-ET2X-R-PreviousRawEdge-CatmullRomRGB-Fixed080,5.217268943786621,25.77318343274605,0.0,0.0
42,chairs,O-T2X-R,2.539811134338379,33.091345831527036,0.0,0.0
42,chairs,ABL-ET2X-R-PreviousRawEdge-CatmullRomRGB,3.689225196838379,29.913685532648646,0.0,0.0
42,chairs,ABL-ET2X-R-PreviousRawEdge-CatmullRomRGB-Fixed080,3.689225196838379,29.913685532648646,0.0,0.0
42,thin-chair,O-T2X-R,3.863340377807617,30.773035422457546,0.0,0.0
42,thin-chair,ABL-ET2X-R-PreviousRawEdge-CatmullRomRGB,5.546253681182861,27.741128275872825,0.0,0.0
42,thin-chair,ABL-ET2X-R-PreviousRawEdge-CatmullRomRGB-Fixed080,5.546253681182861,27.741128275872825,0.0,0.0
42,windows,O-T2X-R,4.3203125,28.06699692047068,0.0,0.0
42,windows,ABL-ET2X-R-PreviousRawEdge-CatmullRomRGB,5.217268943786621,25.77318343274605,0.0,0.0
42,windows,ABL-ET2X-R-PreviousRawEdge-CatmullRomRGB-Fixed080,5.217268943786621,25.77318343274605,0.0,0.0
43,chairs,O-T2X-R,2.539811134338379,33.091345831527036,0.0,0.0
43,chairs,ABL-ET2X-R-PreviousRawEdge-CatmullRomRGB,3.689225196838379,29.913685532648646,0.0,0.0
43,chairs,ABL-ET2X-R-PreviousRawEdge-CatmullRomRGB-Fixed080,3.689225196838379,29.913685532648646,0.0,0.0
43,thin-chair,O-T2X-R,3.863340377807617,30.773035422457546,0.0,0.0
43,thin-chair,ABL-ET2X-R-PreviousRawEdge-CatmullRomRGB,5.546253681182861,27.741128275872825,0.0,0.0
43,thin-chair,ABL-ET2X-R-PreviousRawEdge-CatmullRomRGB-Fixed080,5.546253681182861,27.741128275872825,0.0,0.0
43,windows,O-T2X-R,4.3203125,28.06699692047068,0.0,0.0
43,windows,ABL-ET2X-R-PreviousRawEdge-CatmullRomRGB,5.217268943786621,25.77318343274605,0.0,0.0
43,windows,ABL-ET2X-R-PreviousRawEdge-CatmullRomRGB-Fixed080,5.217268943786621,25.77318343274605,0.0,0.0
44,chairs,O-T2X-R,2.539811134338379,33.091345831527036,0.0,0.0
44,chairs,ABL-ET2X-R-PreviousRawEdge-CatmullRomRGB,3.689225196838379,29.913685532648646,0.0,0.0
44,chairs,ABL-ET2X-R-PreviousRawEdge-CatmullRomRGB-Fixed080,3.689225196838379,29.913685532648646,0.0,0.0
44,thin-chair,O-T2X-R,3.863340377807617,30.773035422457546,0.0,0.0
44,thin-chair,ABL-ET2X-R-PreviousRawEdge-CatmullRomRGB,5.546253681182861,27.741128275872825,0.0,0.0
44,thin-chair,ABL-ET2X-R-PreviousRawEdge-CatmullRomRGB-Fixed080,5.546253681182861,27.741128275872825,0.0,0.0
44,windows,O-T2X-R,4.3203125,28.06699692047068,0.0,0.0
44,windows,ABL-ET2X-R-PreviousRawEdge-CatmullRomRGB,5.217268943786621,25.77318343274605,0.0,0.0
44,windows,ABL-ET2X-R-PreviousRawEdge-CatmullRomRGB-Fixed080,5.217268943786621,25.77318343274605,0.0,0.0
45,chairs,O-T2X-R,2.539811134338379,33.091345831527036,0.0,0.0
45,chairs,ABL-ET2X-R-PreviousRawEdge-CatmullRomRGB,3.689225196838379,29.913685532648646,0.0,0.0
45,chairs,ABL-ET2X-R-PreviousRawEdge-CatmullRomRGB-Fixed080,3.689225196838379,29.913685532648646,0.0,0.0
45,thin-chair,O-T2X-R,3.863340377807617,30.773035422457546,0.0,0.0
45,thin-chair,ABL-ET2X-R-PreviousRawEdge-CatmullRomRGB,5.546253681182861,27.741128275872825,0.0,0.0
45,thin-chair,ABL-ET2X-R-PreviousRawEdge-CatmullRomRGB-Fixed080,5.546253681182861,27.741128275872825,0.0,0.0
45,windows,O-T2X-R,4.3203125,28.06699692047068,0.0,0.0
45,windows,ABL-ET2X-R-PreviousRawEdge-CatmullRomRGB,5.217268943786621,25.77318343274605,0.0,0.0
45,windows,ABL-ET2X-R-PreviousRawEdge-CatmullRomRGB-Fixed080,5.217268943786621,25.77318343274605,0.0,0.0
46,chairs,O-T2X-R,2.539811134338379,33.091345831527036,0.0,0.0
46,chairs,ABL-ET2X-R-PreviousRawEdge-CatmullRomRGB,3.689225196838379,29.913685532648646,0.0,0.0
46,chairs,ABL-ET2X-R-PreviousRawEdge-CatmullRomRGB-Fixed080,3.689225196838379,29.913685532648646,0.0,0.0
46,thin-chair,O-T2X-R,3.863340377807617,30.773035422457546,0.0,0.0
46,thin-chair,ABL-ET2X-R-PreviousRawEdge-CatmullRomRGB,5.546253681182861,27.741128275872825,0.0,0.0
46,thin-chair,ABL-ET2X-R-PreviousRawEdge-CatmullRomRGB-Fixed080,5.546253681182861,27.741128275872825,0.0,0.0
46,windows,O-T2X-R,4.3203125,28.06699692047068,0.0,0.0
46,windows,ABL-ET2X-R-PreviousRawEdge-CatmullRomRGB,5.217268943786621,25.77318343274605,0.0,0.0
46,windows,ABL-ET2X-R-PreviousRawEdge-CatmullRomRGB-Fixed080,5.217268943786621,25.77318343274605,0.0,0.0
47,chairs,O-T2X-R,2.539811134338379,33.091345831527036,0.0,0.0
47,chairs,ABL-ET2X-R-PreviousRawEdge-CatmullRomRGB,3.689225196838379,29.913685532648646,0.0,0.0
47,chairs,ABL-ET2X-R-PreviousRawEdge-CatmullRomRGB-Fixed080,3.689225196838379,29.913685532648646,0.0,0.0
47,thin-chair,O-T2X-R,3.863340377807617,30.773035422457546,0.0,0.0
47,thin-chair,ABL-ET2X-R-PreviousRawEdge-CatmullRomRGB,5.546253681182861,27.741128275872825,0.0,0.0
47,thin-chair,ABL-ET2X-R-PreviousRawEdge-CatmullRomRGB-Fixed080,5.546253681182861,27.741128275872825,0.0,0.0
47,windows,O-T2X-R,4.3203125,28.06699692047068,0.0,0.0
47,windows,ABL-ET2X-R-PreviousRawEdge-CatmullRomRGB,5.217268943786621,25.77318343274605,0.0,0.0
47,windows,ABL-ET2X-R-PreviousRawEdge-CatmullRomRGB-Fixed080,5.217268943786621,25.77318343274605,0.0,0.0
48,chairs,O-T2X-R,2.539811134338379,33.091345831527036,0.0,0.0
48,chairs,ABL-ET2X-R-PreviousRawEdge-CatmullRomRGB,3.689225196838379,29.913685532648646,0.0,0.0
48,chairs,ABL-ET2X-R-PreviousRawEdge-CatmullRomRGB-Fixed080,3.689225196838379,29.913685532648646,0.0,0.0
48,thin-chair,O-T2X-R,3.863340377807617,30.773035422457546,0.0,0.0
48,thin-chair,ABL-ET2X-R-PreviousRawEdge-CatmullRomRGB,5.546253681182861,27.741128275872825,0.0,0.0
48,thin-chair,ABL-ET2X-R-PreviousRawEdge-CatmullRomRGB-Fixed080,5.546253681182861,27.741128275872825,0.0,0.0
48,windows,O-T2X-R,4.3203125,28.06699692047068,0.0,0.0
48,windows,ABL-ET2X-R-PreviousRawEdge-CatmullRomRGB,5.217268943786621,25.77318343274605,0.0,0.0
48,windows,ABL-ET2X-R-PreviousRawEdge-CatmullRomRGB-Fixed080,5.217268943786621,25.77318343274605,0.0,0.0
49,chairs,O-T2X-R,2.539811134338379,33.091345831527036,0.0,0.0
49,chairs,ABL-ET2X-R-PreviousRawEdge-CatmullRomRGB,3.689225196838379,29.913685532648646,0.0,0.0
49,chairs,ABL-ET2X-R-PreviousRawEdge-CatmullRomRGB-Fixed080,3.689225196838379,29.913685532648646,0.0,0.0
49,thin-chair,O-T2X-R,3.863340377807617,30.773035422457546,0.0,0.0
49,thin-chair,ABL-ET2X-R-PreviousRawEdge-CatmullRomRGB,5.546253681182861,27.741128275872825,0.0,0.0
49,thin-chair,ABL-ET2X-R-PreviousRawEdge-CatmullRomRGB-Fixed080,5.546253681182861,27.741128275872825,0.0,0.0
49,windows,O-T2X-R,4.3203125,28.06699692047068,0.0,0.0
49,windows,ABL-ET2X-R-PreviousRawEdge-CatmullRomRGB,5.217268943786621,25.77318343274605,0.0,0.0
49,windows,ABL-ET2X-R-PreviousRawEdge-CatmullRomRGB-Fixed080,5.217268943786621,25.77318343274605,0.0,0.0
50,chairs,O-T2X-R,2.539811134338379,33.091345831527036,0.0,0.0
50,chairs,ABL-ET2X-R-PreviousRawEdge-CatmullRomRGB,3.689225196838379,29.913685532648646,0.0,0.0
50,chairs,ABL-ET2X-R-PreviousRawEdge-CatmullRomRGB-Fixed080,3.689225196838379,29.913685532648646,0.0,0.0
50,thin-chair,O-T2X-R,3.863340377807617,30.773035422457546,0.0,0.0
50,thin-chair,ABL-ET2X-R-PreviousRawEdge-CatmullRomRGB,5.546253681182861,27.741128275872825,0.0,0.0
50,thin-chair,ABL-ET2X-R-PreviousRawEdge-CatmullRomRGB-Fixed080,5.546253681182861,27.741128275872825,0.0,0.0
50,windows,O-T2X-R,4.3203125,28.06699692047068,0.0,0.0
50,windows,ABL-ET2X-R-PreviousRawEdge-CatmullRomRGB,5.217268943786621,25.77318343274605,0.0,0.0
50,windows,ABL-ET2X-R-PreviousRawEdge-CatmullRomRGB-Fixed080,5.217268943786621,25.77318343274605,0.0,0.0
51,chairs,O-T2X-R,2.539811134338379,33.091345831527036,0.0,0.0
51,chairs,ABL-ET2X-R-PreviousRawEdge-CatmullRomRGB,3.689225196838379,29.913685532648646,0.0,0.0
51,chairs,ABL-ET2X-R-PreviousRawEdge-CatmullRomRGB-Fixed080,3.689225196838379,29.913685532648646,0.0,0.0
51,thin-chair,O-T2X-R,3.863340377807617,30.773035422457546,0.0,0.0
51,thin-chair,ABL-ET2X-R-PreviousRawEdge-CatmullRomRGB,5.546253681182861,27.741128275872825,0.0,0.0
51,thin-chair,ABL-ET2X-R-PreviousRawEdge-CatmullRomRGB-Fixed080,5.546253681182861,27.741128275872825,0.0,0.0
51,windows,O-T2X-R,4.3203125,28.06699692047068,0.0,0.0
51,windows,ABL-ET2X-R-PreviousRawEdge-CatmullRomRGB,5.217268943786621,25.77318343274605,0.0,0.0
51,windows,ABL-ET2X-R-PreviousRawEdge-CatmullRomRGB-Fixed080,5.217268943786621,25.77318343274605,0.0,0.0
52,chairs,O-T2X-R,2.539811134338379,33.091345831527036,0.0,0.0
52,chairs,ABL-ET2X-R-PreviousRawEdge-CatmullRomRGB,3.689225196838379,29.913685532648646,0.0,0.0
52,chairs,ABL-ET2X-R-PreviousRawEdge-CatmullRomRGB-Fixed080,3.689225196838379,29.913685532648646,0.0,0.0
52,thin-chair,O-T2X-R,3.863340377807617,30.773035422457546,0.0,0.0
52,thin-chair,ABL-ET2X-R-PreviousRawEdge-CatmullRomRGB,5.546253681182861,27.741128275872825,0.0,0.0
52,thin-chair,ABL-ET2X-R-PreviousRawEdge-CatmullRomRGB-Fixed080,5.546253681182861,27.741128275872825,0.0,0.0
52,windows,O-T2X-R,4.3203125,28.06699692047068,0.0,0.0
52,windows,ABL-ET2X-R-PreviousRawEdge-CatmullRomRGB,5.217268943786621,25.77318343274605,0.0,0.0
52,windows,ABL-ET2X-R-PreviousRawEdge-CatmullRomRGB-Fixed080,5.217268943786621,25.77318343274605,0.0,0.0
53,chairs,O-T2X-R,2.539811134338379,33.091345831527036,0.0,0.0
53,chairs,ABL-ET2X-R-PreviousRawEdge-CatmullRomRGB,3.689225196838379,29.913685532648646,0.0,0.0
53,chairs,ABL-ET2X-R-PreviousRawEdge-CatmullRomRGB-Fixed080,3.689225196838379,29.913685532648646,0.0,0.0
53,thin-chair,O-T2X-R,3.863340377807617,30.773035422457546,0.0,0.0
53,thin-chair,ABL-ET2X-R-PreviousRawEdge-CatmullRomRGB,5.546253681182861,27.741128275872825,0.0,0.0
53,thin-chair,ABL-ET2X-R-PreviousRawEdge-CatmullRomRGB-Fixed080,5.546253681182861,27.741128275872825,0.0,0.0
53,windows,O-T2X-R,4.3203125,28.06699692047068,0.0,0.0
53,windows,ABL-ET2X-R-PreviousRawEdge-CatmullRomRGB,5.217268943786621,25.77318343274605,0.0,0.0
53,windows,ABL-ET2X-R-PreviousRawEdge-CatmullRomRGB-Fixed080,5.217268943786621,25.77318343274605,0.0,0.0
54,chairs,O-T2X-R,2.539811134338379,33.091345831527036,0.0,0.0
54,chairs,ABL-ET2X-R-PreviousRawEdge-CatmullRomRGB,3.689225196838379,29.913685532648646,0.0,0.0
54,chairs,ABL-ET2X-R-PreviousRawEdge-CatmullRomRGB-Fixed080,3.689225196838379,29.913685532648646,0.0,0.0
54,thin-chair,O-T2X-R,3.863340377807617,30.773035422457546,0.0,0.0
54,thin-chair,ABL-ET2X-R-PreviousRawEdge-CatmullRomRGB,5.546253681182861,27.741128275872825,0.0,0.0
54,thin-chair,ABL-ET2X-R-PreviousRawEdge-CatmullRomRGB-Fixed080,5.546253681182861,27.741128275872825,0.0,0.0
54,windows,O-T2X-R,4.3203125,28.06699692047068,0.0,0.0
54,windows,ABL-ET2X-R-PreviousRawEdge-CatmullRomRGB,5.217268943786621,25.77318343274605,0.0,0.0
54,windows,ABL-ET2X-R-PreviousRawEdge-CatmullRomRGB-Fixed080,5.217268943786621,25.77318343274605,0.0,0.0
55,chairs,O-T2X-R,2.539811134338379,33.091345831527036,0.0,0.0
55,chairs,ABL-ET2X-R-PreviousRawEdge-CatmullRomRGB,3.689225196838379,29.913685532648646,0.0,0.0
55,chairs,ABL-ET2X-R-PreviousRawEdge-CatmullRomRGB-Fixed080,3.689225196838379,29.913685532648646,0.0,0.0
55,thin-chair,O-T2X-R,3.863340377807617,30.773035422457546,0.0,0.0
55,thin-chair,ABL-ET2X-R-PreviousRawEdge-CatmullRomRGB,5.546253681182861,27.741128275872825,0.0,0.0
55,thin-chair,ABL-ET2X-R-PreviousRawEdge-CatmullRomRGB-Fixed080,5.546253681182861,27.741128275872825,0.0,0.0
55,windows,O-T2X-R,4.3203125,28.06699692047068,0.0,0.0
55,windows,ABL-ET2X-R-PreviousRawEdge-CatmullRomRGB,5.217268943786621,25.77318343274605,0.0,0.0
55,windows,ABL-ET2X-R-PreviousRawEdge-CatmullRomRGB-Fixed080,5.217268943786621,25.77318343274605,0.0,0.0
56,chairs,O-T2X-R,2.539811134338379,33.091345831527036,0.0,0.0
56,chairs,ABL-ET2X-R-PreviousRawEdge-CatmullRomRGB,3.689225196838379,29.913685532648646,0.0,0.0
56,chairs,ABL-ET2X-R-PreviousRawEdge-CatmullRomRGB-Fixed080,3.689225196838379,29.913685532648646,0.0,0.0
56,thin-chair,O-T2X-R,3.863340377807617,30.773035422457546,0.0,0.0
56,thin-chair,ABL-ET2X-R-PreviousRawEdge-CatmullRomRGB,5.546253681182861,27.741128275872825,0.0,0.0
56,thin-chair,ABL-ET2X-R-PreviousRawEdge-CatmullRomRGB-Fixed080,5.546253681182861,27.741128275872825,0.0,0.0
56,windows,O-T2X-R,4.3203125,28.06699692047068,0.0,0.0
56,windows,ABL-ET2X-R-PreviousRawEdge-CatmullRomRGB,5.217268943786621,25.77318343274605,0.0,0.0
56,windows,ABL-ET2X-R-PreviousRawEdge-CatmullRomRGB-Fixed080,5.217268943786621,25.77318343274605,0.0,0.0
57,chairs,O-T2X-R,2.539811134338379,33.091345831527036,0.0,0.0
57,chairs,ABL-ET2X-R-PreviousRawEdge-CatmullRomRGB,3.689225196838379,29.913685532648646,0.0,0.0
57,chairs,ABL-ET2X-R-PreviousRawEdge-CatmullRomRGB-Fixed080,3.689225196838379,29.913685532648646,0.0,0.0
57,thin-chair,O-T2X-R,3.863340377807617,30.773035422457546,0.0,0.0
57,thin-chair,ABL-ET2X-R-PreviousRawEdge-CatmullRomRGB,5.546253681182861,27.741128275872825,0.0,0.0
57,thin-chair,ABL-ET2X-R-PreviousRawEdge-CatmullRomRGB-Fixed080,5.546253681182861,27.741128275872825,0.0,0.0
57,windows,O-T2X-R,4.3203125,28.06699692047068,0.0,0.0
57,windows,ABL-ET2X-R-PreviousRawEdge-CatmullRomRGB,5.217268943786621,25.77318343274605,0.0,0.0
57,windows,ABL-ET2X-R-PreviousRawEdge-CatmullRomRGB-Fixed080,5.217268943786621,25.77318343274605,0.0,0.0
58,chairs,O-T2X-R,2.539811134338379,33.091345831527036,0.0,0.0
58,chairs,ABL-ET2X-R-PreviousRawEdge-CatmullRomRGB,3.689225196838379,29.913685532648646,0.0,0.0
58,chairs,ABL-ET2X-R-PreviousRawEdge-CatmullRomRGB-Fixed080,3.689225196838379,29.913685532648646,0.0,0.0
58,thin-chair,O-T2X-R,3.863340377807617,30.773035422457546,0.0,0.0
58,thin-chair,ABL-ET2X-R-PreviousRawEdge-CatmullRomRGB,5.546253681182861,27.741128275872825,0.0,0.0
58,thin-chair,ABL-ET2X-R-PreviousRawEdge-CatmullRomRGB-Fixed080,5.546253681182861,27.741128275872825,0.0,0.0
58,windows,O-T2X-R,4.3203125,28.06699692047068,0.0,0.0
58,windows,ABL-ET2X-R-PreviousRawEdge-CatmullRomRGB,5.217268943786621,25.77318343274605,0.0,0.0
58,windows,ABL-ET2X-R-PreviousRawEdge-CatmullRomRGB-Fixed080,5.217268943786621,25.77318343274605,0.0,0.0
59,chairs,O-T2X-R,2.539811134338379,33.091345831527036,0.0,0.0
59,chairs,ABL-ET2X-R-PreviousRawEdge-CatmullRomRGB,3.689225196838379,29.913685532648646,0.0,0.0
59,chairs,ABL-ET2X-R-PreviousRawEdge-CatmullRomRGB-Fixed080,3.689225196838379,29.913685532648646,0.0,0.0
59,thin-chair,O-T2X-R,3.863340377807617,30.773035422457546,0.0,0.0
59,thin-chair,ABL-ET2X-R-PreviousRawEdge-CatmullRomRGB,5.546253681182861,27.741128275872825,0.0,0.0
59,thin-chair,ABL-ET2X-R-PreviousRawEdge-CatmullRomRGB-Fixed080,5.546253681182861,27.741128275872825,0.0,0.0
59,windows,O-T2X-R,4.3203125,28.06699692047068,0.0,0.0
59,windows,ABL-ET2X-R-PreviousRawEdge-CatmullRomRGB,5.217268943786621,25.77318343274605,0.0,0.0
59,windows,ABL-ET2X-R-PreviousRawEdge-CatmullRomRGB-Fixed080,5.217268943786621,25.77318343274605,0.0,0.0
60,chairs,O-T2X-R,2.539811134338379,33.091345831527036,0.0,0.0
60,chairs,ABL-ET2X-R-PreviousRawEdge-CatmullRomRGB,3.689225196838379,29.913685532648646,0.0,0.0
60,chairs,ABL-ET2X-R-PreviousRawEdge-CatmullRomRGB-Fixed080,3.689225196838379,29.913685532648646,0.0,0.0
60,thin-chair,O-T2X-R,3.863340377807617,30.773035422457546,0.0,0.0
60,thin-chair,ABL-ET2X-R-PreviousRawEdge-CatmullRomRGB,5.546253681182861,27.741128275872825,0.0,0.0
60,thin-chair,ABL-ET2X-R-PreviousRawEdge-CatmullRomRGB-Fixed080,5.546253681182861,27.741128275872825,0.0,0.0
60,windows,O-T2X-R,4.3203125,28.06699692047068,0.0,0.0
60,windows,ABL-ET2X-R-PreviousRawEdge-CatmullRomRGB,5.217268943786621,25.77318343274605,0.0,0.0
60,windows,ABL-ET2X-R-PreviousRawEdge-CatmullRomRGB-Fixed080,5.217268943786621,25.77318343274605,0.0,0.0
61,chairs,O-T2X-R,3.097200632095337,31.57244684647209,2.011505365371704,2.011505365371704
61,chairs,ABL-ET2X-R-PreviousRawEdge-CatmullRomRGB,3.4524576663970947,30.544731198381644,1.8172330856323242,1.8172330856323242
61,chairs,ABL-ET2X-R-PreviousRawEdge-CatmullRomRGB-Fixed080,3.497818946838379,30.47090138610774,1.5211918354034424,1.5211918354034424
61,thin-chair,O-T2X-R,4.631362438201904,29.32256130946839,2.8752732276916504,2.8752732276916504
61,thin-chair,ABL-ET2X-R-PreviousRawEdge-CatmullRomRGB,5.215139865875244,28.266845360806556,2.6204659938812256,2.6204659938812256
61,thin-chair,ABL-ET2X-R-PreviousRawEdge-CatmullRomRGB-Fixed080,5.26248836517334,28.230877423150837,2.121931791305542,2.121931791305542
61,windows,O-T2X-R,5.228987693786621,26.572130209716185,3.036965847015381,3.036965847015381
61,windows,ABL-ET2X-R-PreviousRawEdge-CatmullRomRGB,4.8602375984191895,26.456104560194596,2.492013454437256,2.492013454437256
61,windows,ABL-ET2X-R-PreviousRawEdge-CatmullRomRGB-Fixed080,5.2459797859191895,25.89091345358114,2.3179996013641357,2.3179996013641357
62,chairs,O-T2X-R,2.7752766609191895,32.33090161629035,2.460681915283203,3.936279773712158
62,chairs,ABL-ET2X-R-PreviousRawEdge-CatmullRomRGB,3.297070264816284,30.90176091001382,1.7968552112579346,2.434445381164551
62,chairs,ABL-ET2X-R-PreviousRawEdge-CatmullRomRGB-Fixed080,3.399674415588379,30.703166208363392,1.5509321689605713,1.6448438167572021
62,thin-chair,O-T2X-R,4.1363043785095215,30.091234329606188,3.506619453430176,5.622966289520264
62,thin-chair,ABL-ET2X-R-PreviousRawEdge-CatmullRomRGB,5.013198375701904,28.58991804733914,2.4870476722717285,3.4058244228363037
62,thin-chair,ABL-ET2X-R-PreviousRawEdge-CatmullRomRGB-Fixed080,5.132930755615234,28.41968662842131,2.1296892166137695,2.187401533126831
62,windows,O-T2X-R,5.121240139007568,25.930705283647697,3.2541465759277344,4.782320976257324
62,windows,ABL-ET2X-R-PreviousRawEdge-CatmullRomRGB,5.292545795440674,25.48123253169357,2.952378273010254,3.3605854511260986
62,windows,ABL-ET2X-R-PreviousRawEdge-CatmullRomRGB-Fixed080,5.929459571838379,24.861992872266434,2.4230339527130127,2.6366240978240967
63,chairs,O-T2X-R,2.7364909648895264,32.36977201609236,1.8257668018341064,2.9571726322174072
63,chairs,ABL-ET2X-R-PreviousRawEdge-CatmullRomRGB,3.3006510734558105,30.874087613229,1.758556604385376,2.3201301097869873
63,chairs,ABL-ET2X-R-PreviousRawEdge-CatmullRomRGB-Fixed080,3.3804361820220947,30.722115878694886,1.5197772979736328,1.789114236831665
63,thin-chair,O-T2X-R,4.079752445220947,30.160648809750693,2.607422113418579,4.285555839538574
63,thin-chair,ABL-ET2X-R-PreviousRawEdge-CatmullRomRGB,4.9947028160095215,28.57206013903939,2.3968420028686523,3.212207794189453
63,thin-chair,ABL-ET2X-R-PreviousRawEdge-CatmullRomRGB-Fixed080,5.082119941711426,28.460407468568512,2.0163772106170654,2.3788790702819824
63,windows,O-T2X-R,4.875162601470947,27.134860296013446,4.715463161468506,6.718163967132568
63,windows,ABL-ET2X-R-PreviousRawEdge-CatmullRomRGB,5.0477375984191895,26.010649249701476,3.609671115875244,4.088181495666504
63,windows,ABL-ET2X-R-PreviousRawEdge-CatmullRomRGB-Fixed080,6.3319172859191895,24.46768719776868,2.814627170562744,2.9414126873016357
64,chairs,O-T2X-R,2.7791991233825684,32.35599395470792,2.0137884616851807,3.2755846977233887
64,chairs,ABL-ET2X-R-PreviousRawEdge-CatmullRomRGB,3.266585350036621,31.002332932850777,1.6898021697998047,2.215193271636963
64,chairs,ABL-ET2X-R-PreviousRawEdge-CatmullRomRGB-Fixed080,3.287613868713379,30.96410483415002,1.4366509914398193,1.7567384243011475
64,thin-chair,O-T2X-R,4.141424179077148,30.187141560670735,2.852139472961426,4.6828765869140625
64,thin-chair,ABL-ET2X-R-PreviousRawEdge-CatmullRomRGB,4.978189945220947,28.67157280876902,2.378680944442749,3.079960584640503
64,thin-chair,ABL-ET2X-R-PreviousRawEdge-CatmullRomRGB-Fixed080,4.975615501403809,28.68079826401477,1.9603447914123535,2.318225145339966
64,windows,O-T2X-R,4.693749904632568,27.288047386244294,3.3399174213409424,6.254263877868652
64,windows,ABL-ET2X-R-PreviousRawEdge-CatmullRomRGB,4.5518879890441895,27.414839336895135,3.8325207233428955,4.793231010437012
64,windows,ABL-ET2X-R-PreviousRawEdge-CatmullRomRGB-Fixed080,6.274202346801758,24.765828222677662,3.0860962867736816,3.3851356506347656
65,chairs,O-T2X-R,2.7379069328308105,32.37477058771858,1.8705158233642578,2.877157211303711
65,chairs,ABL-ET2X-R-PreviousRawEdge-CatmullRomRGB,3.256087303161621,30.99229844213397,1.7103397846221924,2.232534646987915
65,chairs,ABL-ET2X-R-PreviousRawEdge-CatmullRomRGB-Fixed080,3.270800828933716,31.031904142218924,1.4448693990707397,1.7302325963974
65,thin-chair,O-T2X-R,4.132930755615234,30.070779491481904,2.6269402503967285,4.110471725463867
65,thin-chair,ABL-ET2X-R-PreviousRawEdge-CatmullRomRGB,5.020566940307617,28.61000510884802,2.4029998779296875,3.118100881576538
65,thin-chair,ABL-ET2X-R-PreviousRawEdge-CatmullRomRGB-Fixed080,4.974254131317139,28.698344062788887,1.9589424133300781,2.326962471008301
65,windows,O-T2X-R,4.941422462463379,27.00210654047453,3.942261219024658,6.238498687744141
65,windows,ABL-ET2X-R-PreviousRawEdge-CatmullRomRGB,4.759261131286621,26.399282062897306,3.1271326541900635,4.10184383392334
65,windows,ABL-ET2X-R-PreviousRawEdge-CatmullRomRGB-Fixed080,6.3629231452941895,24.19126055497224,2.965364456176758,3.237971067428589
66,chairs,O-T2X-R,2.7483561038970947,32.314011496881506,2.0431177616119385,3.343411684036255
66,chairs,ABL-ET2X-R-PreviousRawEdge-CatmullRomRGB,3.2814290523529053,30.948965456420197,1.7331775426864624,2.3116259574890137
66,chairs,ABL-ET2X-R-PreviousRawEdge-CatmullRomRGB-Fixed080,3.2882161140441895,31.006668805587655,1.439462661743164,1.7383209466934204
66,thin-chair,O-T2X-R,4.114908695220947,30.07967811191876,2.9241037368774414,4.797272682189941
66,thin-chair,ABL-ET2X-R-PreviousRawEdge-CatmullRomRGB,4.990707874298096,28.61724563140943,2.3678314685821533,3.1697776317596436
66,thin-chair,ABL-ET2X-R-PreviousRawEdge-CatmullRomRGB-Fixed080,4.970673561096191,28.70912385085115,1.9246463775634766,2.305846929550171
66,windows,O-T2X-R,4.702848434448242,27.03386089377181,3.431525468826294,5.569321632385254
66,windows,ABL-ET2X-R-PreviousRawEdge-CatmullRomRGB,4.617024898529053,27.07699587049436,3.61637544631958,4.102640628814697
66,windows,ABL-ET2X-R-PreviousRawEdge-CatmullRomRGB-Fixed080,6.396712303161621,24.38082812139754,2.961848735809326,3.2169785499572754
67,chairs,O-T2X-R,2.758561134338379,32.24235535570105,1.8705265522003174,2.836273193359375
67,chairs,ABL-ET2X-R-PreviousRawEdge-CatmullRomRGB,3.319547414779663,30.82432249512558,1.712193489074707,2.2039124965667725
67,chairs,ABL-ET2X-R-PreviousRawEdge-CatmullRomRGB-Fixed080,3.30517578125,30.93192841609814,1.4483330249786377,1.7122831344604492
67,thin-chair,O-T2X-R,4.147135257720947,30.00444705266522,2.571707010269165,4.13962984085083
67,thin-chair,ABL-ET2X-R-PreviousRawEdge-CatmullRomRGB,5.063299179077148,28.477656885390765,2.3838484287261963,3.110785722732544
67,thin-chair,ABL-ET2X-R-PreviousRawEdge-CatmullRomRGB-Fixed080,5.021425247192383,28.611114492167303,1.948202133178711,2.287947654724121
67,windows,O-T2X-R,4.984765529632568,26.93155085929025,3.8428733348846436,6.2686662673950195
67,windows,ABL-ET2X-R-PreviousRawEdge-CatmullRomRGB,4.537874221801758,27.581310354520944,3.591371536254883,4.447039604187012
67,windows,ABL-ET2X-R-PreviousRawEdge-CatmullRomRGB-Fixed080,6.186735153198242,24.872576303652323,3.157137632369995,3.159043788909912
68,chairs,O-T2X-R,2.7691893577575684,32.296651535793515,1.9479520320892334,3.2855873107910156
68,chairs,ABL-ET2X-R-PreviousRawEdge-CatmullRomRGB,3.3124349117279053,30.80270814548648,1.6866281032562256,2.2216415405273438
68,chairs,ABL-ET2X-R-PreviousRawEdge-CatmullRomRGB-Fixed080,3.267333984375,31.01965026019738,1.4414423704147339,1.7356767654418945
68,thin-chair,O-T2X-R,4.160629749298096,30.060176928774688,2.7862393856048584,4.627574443817139
68,thin-chair,ABL-ET2X-R-PreviousRawEdge-CatmullRomRGB,5.052645683288574,28.451747557214947,2.3714053630828857,3.0576372146606445
68,thin-chair,ABL-ET2X-R-PreviousRawEdge-CatmullRomRGB-Fixed080,4.959990501403809,28.682937150054112,1.9738750457763672,2.2976186275482178
68,windows,O-T2X-R,5.120768070220947,26.02937317449536,3.3859145641326904,5.257497310638428
68,windows,ABL-ET2X-R-PreviousRawEdge-CatmullRomRGB,5.079133987426758,25.981691185645083,3.1468682289123535,3.909151792526245
68,windows,ABL-ET2X-R-PreviousRawEdge-CatmullRomRGB-Fixed080,6.528059959411621,24.115711224845867,2.966146469116211,3.113429307937622
69,chairs,O-T2X-R,2.831738233566284,32.09163165837686,1.8838354349136353,2.8391060829162598
69,chairs,ABL-ET2X-R-PreviousRawEdge-CatmullRomRGB,3.3370604515075684,30.66941887705805,1.7218109369277954,2.284696102142334
69,chairs,ABL-ET2X-R-PreviousRawEdge-CatmullRomRGB-Fixed080,3.285351514816284,30.942093243758112,1.4139988422393799,1.7236859798431396
69,thin-chair,O-T2X-R,4.236475944519043,29.90408118478587,2.713447332382202,4.122865200042725
69,thin-chair,ABL-ET2X-R-PreviousRawEdge-CatmullRomRGB,5.049568176269531,28.36634223323019,2.3856024742126465,3.166562080383301
69,thin-chair,ABL-ET2X-R-PreviousRawEdge-CatmullRomRGB-Fixed080,4.956350803375244,28.62444330368172,1.9259364604949951,2.3311336040496826
69,windows,O-T2X-R,5.111409664154053,26.67622670546439,4.427164554595947,6.799826145172119
69,windows,ABL-ET2X-R-PreviousRawEdge-CatmullRomRGB,4.9473795890808105,26.47631969762441,3.4693713188171387,3.9625370502471924
69,windows,ABL-ET2X-R-PreviousRawEdge-CatmullRomRGB-Fixed080,6.889632225036621,23.84622407673843,2.901327610015869,3.1163816452026367
70,chairs,O-T2X-R,2.878222703933716,31.973939452268123,2.0953309535980225,3.410676956176758
70,chairs,ABL-ET2X-R-PreviousRawEdge-CatmullRomRGB,3.356168508529663,30.650891709888064,1.7036117315292358,2.173513889312744
70,chairs,ABL-ET2X-R-PreviousRawEdge-CatmullRomRGB-Fixed080,3.292936086654663,30.88763419503777,1.4105067253112793,1.6585967540740967
70,thin-chair,O-T2X-R,4.248402118682861,29.854274406655374,2.981858253479004,4.8902506828308105
70,thin-chair,ABL-ET2X-R-PreviousRawEdge-CatmullRomRGB,5.059422492980957,28.352406973159123,2.3395657539367676,3.0668091773986816
70,thin-chair,ABL-ET2X-R-PreviousRawEdge-CatmullRomRGB-Fixed080,4.9564690589904785,28.58748030655077,1.8874201774597168,2.245401382446289
70,windows,O-T2X-R,5.101416110992432,26.25670115223427,3.3098080158233643,5.8775506019592285
70,windows,ABL-ET2X-R-PreviousRawEdge-CatmullRomRGB,5.229069232940674,25.742367856093693,3.3682861328125,4.220554828643799
70,windows,ABL-ET2X-R-PreviousRawEdge-CatmullRomRGB-Fixed080,6.867366313934326,23.784275091388537,3.090202808380127,3.1306440830230713
71,chairs,O-T2X-R,2.7909178733825684,32.27580689851168,1.9181311130523682,2.9271881580352783
71,chairs,ABL-ET2X-R-PreviousRawEdge-CatmullRomRGB,3.4217448234558105,30.389437120691454,1.7195736169815063,2.278677463531494
71,chairs,ABL-ET2X-R-PreviousRawEdge-CatmullRomRGB-Fixed080,3.3516438007354736,30.673395080528213,1.4362937211990356,1.7353897094726562
71,thin-chair,O-T2X-R,4.222301006317139,29.961332473601768,2.600775718688965,4.167294025421143
71,thin-chair,ABL-ET2X-R-PreviousRawEdge-CatmullRomRGB,5.22324800491333,28.05021813469409,2.397380828857422,3.1564652919769287
71,thin-chair,ABL-ET2X-R-PreviousRawEdge-CatmullRomRGB-Fixed080,5.070401191711426,28.35504384093969,1.9426162242889404,2.2916083335876465
71,windows,O-T2X-R,4.987874507904053,27.02338414784162,4.8286452293396,7.0143280029296875
71,windows,ABL-ET2X-R-PreviousRawEdge-CatmullRomRGB,5.120100975036621,26.02317700536792,3.880213499069214,4.4534125328063965
71,windows,ABL-ET2X-R-PreviousRawEdge-CatmullRomRGB-Fixed080,6.8299479484558105,23.8655425769283,3.2408688068389893,3.3329505920410156
72,chairs,O-T2X-R,2.8397624492645264,32.08104650503196,2.019150972366333,3.37900972366333
72,chairs,ABL-ET2X-R-PreviousRawEdge-CatmullRomRGB,3.4881999492645264,30.171592857629868,1.7446858882904053,2.339869976043701
72,chairs,ABL-ET2X-R-PreviousRawEdge-CatmullRomRGB-Fixed080,3.3737142086029053,30.521019554483214,1.4218213558197021,1.7372016906738281
72,thin-chair,O-T2X-R,4.277787685394287,29.792917303058097,2.882563352584839,4.699697494506836
72,thin-chair,ABL-ET2X-R-PreviousRawEdge-CatmullRomRGB,5.26834774017334,27.89425579728627,2.398733377456665,3.231907606124878
72,thin-chair,ABL-ET2X-R-PreviousRawEdge-CatmullRomRGB-Fixed080,5.106948375701904,28.20231420264041,1.9177520275115967,2.3234026432037354
72,windows,O-T2X-R,5.044335842132568,26.726842591363425,3.735448122024536,6.0956130027771
72,windows,ABL-ET2X-R-PreviousRawEdge-CatmullRomRGB,4.840348243713379,26.79791150271899,3.781777858734131,4.690682888031006
72,windows,ABL-ET2X-R-PreviousRawEdge-CatmullRomRGB-Fixed080,6.807845115661621,24.025533454715543,3.2967910766601562,3.438927412033081
73,chairs,O-T2X-R,2.8904621601104736,31.935359486970324,1.972829818725586,2.9484002590179443
73,chairs,ABL-ET2X-R-PreviousRawEdge-CatmullRomRGB,3.5367023944854736,30.10234842394913,1.7295472621917725,2.2270312309265137
73,chairs,ABL-ET2X-R-PreviousRawEdge-CatmullRomRGB-Fixed080,3.454085350036621,30.36954616370576,1.4410182237625122,1.7124006748199463
73,thin-chair,O-T2X-R,4.296134948730469,29.746719843127444,2.7469160556793213,4.275687217712402
73,thin-chair,ABL-ET2X-R-PreviousRawEdge-CatmullRomRGB,5.353870868682861,27.829141483783673,2.3401739597320557,3.099276542663574
73,thin-chair,ABL-ET2X-R-PreviousRawEdge-CatmullRomRGB-Fixed080,5.203006744384766,28.08971556234883,1.9086785316467285,2.277535915374756
73,windows,O-T2X-R,4.971158981323242,27.00479838587694,3.99859619140625,6.721539497375488
73,windows,ABL-ET2X-R-PreviousRawEdge-CatmullRomRGB,4.914404392242432,26.26893200419399,3.3651695251464844,4.362919807434082
73,windows,ABL-ET2X-R-PreviousRawEdge-CatmullRomRGB-Fixed080,6.837434768676758,23.77238054834502,3.146599531173706,3.449047803878784
74,chairs,O-T2X-R,2.805403709411621,32.213710109640004,2.084197759628296,3.484415054321289
74,chairs,ABL-ET2X-R-PreviousRawEdge-CatmullRomRGB,3.4749674797058105,30.187568508262768,1.7200384140014648,2.308663845062256
74,chairs,ABL-ET2X-R-PreviousRawEdge-CatmullRomRGB-Fixed080,3.443880319595337,30.396643941663832,1.4279520511627197,1.7561876773834229
74,thin-chair,O-T2X-R,4.197383880615234,29.96934426558695,3.008917808532715,4.98115873336792
74,thin-chair,ABL-ET2X-R-PreviousRawEdge-CatmullRomRGB,5.308120250701904,27.854670364448207,2.364687204360962,3.1673696041107178
74,thin-chair,ABL-ET2X-R-PreviousRawEdge-CatmullRomRGB-Fixed080,5.227568626403809,28.07877532572566,1.9007216691970825,2.2996954917907715
74,windows,O-T2X-R,5.381168842315674,25.726802032657794,3.4007866382598877,5.357631206512451
74,windows,ABL-ET2X-R-PreviousRawEdge-CatmullRomRGB,4.949772357940674,26.67993555207733,3.6752376556396484,4.363333702087402
74,windows,ABL-ET2X-R-PreviousRawEdge-CatmullRomRGB-Fixed080,6.916764259338379,23.867381532325062,3.153886318206787,3.411398410797119
75,chairs,O-T2X-R,2.834749460220337,32.09611932676152,1.8950510025024414,3.010237216949463
75,chairs,ABL-ET2X-R-PreviousRawEdge-CatmullRomRGB,3.484342336654663,30.286413866452197,1.7527267932891846,2.3437297344207764
75,chairs,ABL-ET2X-R-PreviousRawEdge-CatmullRomRGB-Fixed080,3.4210124015808105,30.477377047335704,1.4463002681732178,1.7449262142181396
75,thin-chair,O-T2X-R,4.200846195220947,29.965901463561188,2.7587335109710693,4.381387233734131
75,thin-chair,ABL-ET2X-R-PreviousRawEdge-CatmullRomRGB,5.3108134269714355,27.957748661239453,2.4243886470794678,3.2428665161132812
75,thin-chair,ABL-ET2X-R-PreviousRawEdge-CatmullRomRGB-Fixed080,5.230587005615234,28.119777686300896,1.941582441329956,2.30076003074646
75,windows,O-T2X-R,5.220296382904053,26.383985670550217,4.5417609214782715,6.714945316314697
75,windows,ABL-ET2X-R-PreviousRawEdge-CatmullRomRGB,4.944628715515137,26.59763094345937,3.6698105335235596,4.501055717468262
75,windows,ABL-ET2X-R-PreviousRawEdge-CatmullRomRGB-Fixed080,6.956868648529053,23.686810562701915,3.2570242881774902,3.3619773387908936
76,chairs,O-T2X-R,2.884798288345337,31.99087220995468,2.081036329269409,3.4067046642303467
76,chairs,ABL-ET2X-R-PreviousRawEdge-CatmullRomRGB,3.4422199726104736,30.312009292804923,1.7492042779922485,2.2649121284484863
76,chairs,ABL-ET2X-R-PreviousRawEdge-CatmullRomRGB-Fixed080,3.3983724117279053,30.526873424285984,1.4497296810150146,1.711780309677124
76,thin-chair,O-T2X-R,4.28341007232666,29.818234764367794,2.922499179840088,4.895175457000732
76,thin-chair,ABL-ET2X-R-PreviousRawEdge-CatmullRomRGB,5.261186122894287,27.961780482269635,2.3544938564300537,3.130220651626587
76,thin-chair,ABL-ET2X-R-PreviousRawEdge-CatmullRomRGB-Fixed080,5.176698684692383,28.179786506171155,1.894924521446228,2.250308036804199
76,windows,O-T2X-R,5.3748698234558105,25.870924407280388,3.465405225753784,5.713688373565674
76,windows,ABL-ET2X-R-PreviousRawEdge-CatmullRomRGB,5.529931545257568,25.23580947498457,3.318188190460205,3.949955463409424
76,windows,ABL-ET2X-R-PreviousRawEdge-CatmullRomRGB-Fixed080,7.445116996765137,23.03977641934214,3.0156683921813965,3.2379374504089355
77,chairs,O-T2X-R,2.7828450202941895,32.44854548126786,1.949792504310608,2.946135997772217
77,chairs,ABL-ET2X-R-PreviousRawEdge-CatmullRomRGB,3.406445264816284,30.460293752677117,1.7360674142837524,2.261481285095215
77,chairs,ABL-ET2X-R-PreviousRawEdge-CatmullRomRGB-Fixed080,3.365201711654663,30.617107821824394,1.4437034130096436,1.7205464839935303
77,thin-chair,O-T2X-R,4.207001686096191,30.147739032085752,2.6865456104278564,4.236080646514893
77,thin-chair,ABL-ET2X-R-PreviousRawEdge-CatmullRomRGB,5.236150741577148,28.084384269686776,2.410047769546509,3.115255832672119
77,thin-chair,ABL-ET2X-R-PreviousRawEdge-CatmullRomRGB-Fixed080,5.1438212394714355,28.263576472512515,1.9234206676483154,2.26898455619812
77,windows,O-T2X-R,5.127897262573242,26.866907088054468,5.392763614654541,7.573930263519287
77,windows,ABL-ET2X-R-PreviousRawEdge-CatmullRomRGB,5.394465923309326,25.429567547315763,4.140542030334473,4.497887134552002
77,windows,ABL-ET2X-R-PreviousRawEdge-CatmullRomRGB-Fixed080,7.534944534301758,23.063705031217477,3.339188814163208,3.2415950298309326
78,chairs,O-T2X-R,2.823209524154663,32.35277151374911,2.032698631286621,3.434607744216919
78,chairs,ABL-ET2X-R-PreviousRawEdge-CatmullRomRGB,3.4325194358825684,30.418786451453578,1.7045053243637085,2.2462284564971924
78,chairs,ABL-ET2X-R-PreviousRawEdge-CatmullRomRGB-Fixed080,3.3582844734191895,30.701613578238298,1.4183391332626343,1.7036139965057373
78,thin-chair,O-T2X-R,4.268732070922852,30.055772499998916,2.860440254211426,4.7988762855529785
78,thin-chair,ABL-ET2X-R-PreviousRawEdge-CatmullRomRGB,5.265181064605713,28.05450833455342,2.383754014968872,3.086361885070801
78,thin-chair,ABL-ET2X-R-PreviousRawEdge-CatmullRomRGB-Fixed080,5.139737129211426,28.32956162261794,1.9159280061721802,2.224109411239624
78,windows,O-T2X-R,5.0028157234191895,26.948835131310712,3.8461647033691406,7.110280513763428
78,windows,ABL-ET2X-R-PreviousRawEdge-CatmullRomRGB,4.775325298309326,27.49290135750951,4.588864326477051,5.5530595779418945
78,windows,ABL-ET2X-R-PreviousRawEdge-CatmullRomRGB-Fixed080,6.839632034301758,24.065360484439857,3.9412262439727783,3.8931427001953125
79,chairs,O-T2X-R,2.8367512226104736,32.289395091155335,1.9209887981414795,2.9150726795196533
79,chairs,ABL-ET2X-R-PreviousRawEdge-CatmullRomRGB,3.476790428161621,30.312915796258288,1.7661291360855103,2.2374305725097656
79,chairs,ABL-ET2X-R-PreviousRawEdge-CatmullRomRGB-Fixed080,3.4087891578674316,30.56211836885212,1.4643313884735107,1.7109050750732422
79,thin-chair,O-T2X-R,4.26210355758667,30.0290756005684,2.7747042179107666,4.244616985321045
79,thin-chair,ABL-ET2X-R-PreviousRawEdge-CatmullRomRGB,5.368252754211426,27.92108001927639,2.372957706451416,3.0396552085876465
79,thin-chair,ABL-ET2X-R-PreviousRawEdge-CatmullRomRGB-Fixed080,5.209280490875244,28.19729715448795,1.914549708366394,2.2127623558044434
79,windows,O-T2X-R,5.441340923309326,26.305568804511744,3.843900203704834,6.681419372558594
79,windows,ABL-ET2X-R-PreviousRawEdge-CatmullRomRGB,4.936246871948242,26.712039541064506,3.383223295211792,4.595471382141113
79,windows,ABL-ET2X-R-PreviousRawEdge-CatmullRomRGB-Fixed080,6.743700981140137,24.044088838208175,3.290207624435425,3.7099545001983643
80,chairs,O-T2X-R,2.9285645484924316,31.856509994045886,1.954285979270935,3.2723565101623535
80,chairs,ABL-ET2X-R-PreviousRawEdge-CatmullRomRGB,3.508837938308716,30.312064044515353,1.7213512659072876,2.2967886924743652
80,chairs,ABL-ET2X-R-PreviousRawEdge-CatmullRomRGB-Fixed080,3.432421922683716,30.568433035826477,1.4396421909332275,1.7246659994125366
80,thin-chair,O-T2X-R,4.369998931884766,29.66378238624065,2.865436553955078,4.827005386352539
80,thin-chair,ABL-ET2X-R-PreviousRawEdge-CatmullRomRGB,5.409061431884766,27.928486807377148,2.435495376586914,3.172651767730713
80,thin-chair,ABL-ET2X-R-PreviousRawEdge-CatmullRomRGB-Fixed080,5.232362747192383,28.22033719394522,1.9443901777267456,2.2658231258392334
80,windows,O-T2X-R,5.694189548492432,24.856625220524137,3.8522751331329346,5.145064353942871
80,windows,ABL-ET2X-R-PreviousRawEdge-CatmullRomRGB,5.174788475036621,26.138551661944437,3.83390736579895,4.290701866149902
80,windows,ABL-ET2X-R-PreviousRawEdge-CatmullRomRGB-Fixed080,7.378385543823242,23.306239432796204,3.176403522491455,3.449446201324463
81,chairs,O-T2X-R,2.955582618713379,31.73511363519825,1.9241950511932373,2.958613157272339
81,chairs,ABL-ET2X-R-PreviousRawEdge-CatmullRomRGB,3.5396647453308105,30.230221947824447,1.747730016708374,2.2873153686523438
81,chairs,ABL-ET2X-R-PreviousRawEdge-CatmullRomRGB-Fixed080,3.406526803970337,30.631369420879643,1.4168246984481812,1.7021821737289429
81,thin-chair,O-T2X-R,4.370857238769531,29.644688845692258,2.7232189178466797,4.2855329513549805
81,thin-chair,ABL-ET2X-R-PreviousRawEdge-CatmullRomRGB,5.421549320220947,27.864419903110928,2.464596748352051,3.1908304691314697
81,thin-chair,ABL-ET2X-R-PreviousRawEdge-CatmullRomRGB-Fixed080,5.2043681144714355,28.259208582344897,1.9335854053497314,2.250352621078491
81,windows,O-T2X-R,5.440901756286621,26.175562351150504,5.572602272033691,8.085355758666992
81,windows,ABL-ET2X-R-PreviousRawEdge-CatmullRomRGB,5.653336524963379,24.963273491501443,3.6137707233428955,4.301055431365967
81,windows,ABL-ET2X-R-PreviousRawEdge-CatmullRomRGB-Fixed080,7.681705951690674,22.763813910624464,3.269249677658081,3.1772987842559814
82,chairs,O-T2X-R,2.923844337463379,31.851142710133292,2.0926389694213867,3.426506519317627
82,chairs,ABL-ET2X-R-PreviousRawEdge-CatmullRomRGB,3.5213704109191895,30.239431612030245,1.8089964389801025,2.2695975303649902
82,chairs,ABL-ET2X-R-PreviousRawEdge-CatmullRomRGB-Fixed080,3.4427409172058105,30.611237597612657,1.4625749588012695,1.6836860179901123
82,thin-chair,O-T2X-R,4.354669570922852,29.665978231517638,2.9384119510650635,4.8497538566589355
82,thin-chair,ABL-ET2X-R-PreviousRawEdge-CatmullRomRGB,5.379054069519043,27.878090376499742,2.482501983642578,3.143533945083618
82,thin-chair,ABL-ET2X-R-PreviousRawEdge-CatmullRomRGB-Fixed080,5.213186740875244,28.27809730390637,1.9426791667938232,2.2229998111724854
82,windows,O-T2X-R,5.345914840698242,26.235601140478604,3.6050612926483154,7.186959743499756
82,windows,ABL-ET2X-R-PreviousRawEdge-CatmullRomRGB,5.265543460845947,26.176558191292365,4.347828388214111,4.977022171020508
82,windows,ABL-ET2X-R-PreviousRawEdge-CatmullRomRGB-Fixed080,7.406217575073242,23.499031556750865,3.677976131439209,3.704864501953125
83,chairs,O-T2X-R,2.7997069358825684,32.279105337500866,2.037963628768921,3.0284857749938965
83,chairs,ABL-ET2X-R-PreviousRawEdge-CatmullRomRGB,3.503857374191284,30.230311409067802,1.7554829120635986,2.2925660610198975
83,chairs,ABL-ET2X-R-PreviousRawEdge-CatmullRomRGB-Fixed080,3.4678385257720947,30.536943621981045,1.4606685638427734,1.7227928638458252
83,thin-chair,O-T2X-R,4.22091007232666,29.965779622093734,2.8248517513275146,4.404844284057617
83,thin-chair,ABL-ET2X-R-PreviousRawEdge-CatmullRomRGB,5.374526500701904,27.858948987179787,2.4421143531799316,3.1995534896850586
83,thin-chair,ABL-ET2X-R-PreviousRawEdge-CatmullRomRGB-Fixed080,5.262547492980957,28.203137184115956,1.9551901817321777,2.2758657932281494
83,windows,O-T2X-R,5.1471028327941895,26.828557275207977,4.840584754943848,7.36220645904541
83,windows,ABL-ET2X-R-PreviousRawEdge-CatmullRomRGB,4.819580078125,27.02281879251869,4.217132568359375,5.5749711990356445
83,windows,ABL-ET2X-R-PreviousRawEdge-CatmullRomRGB-Fixed080,6.830842971801758,24.1185783369071,3.8735878467559814,4.0782976150512695
84,chairs,O-T2X-R,2.8604655265808105,31.95258353033087,2.0118486881256104,3.453659772872925
84,chairs,ABL-ET2X-R-PreviousRawEdge-CatmullRomRGB,3.5572266578674316,30.139642604817325,1.7726351022720337,2.3249869346618652
84,chairs,ABL-ET2X-R-PreviousRawEdge-CatmullRomRGB-Fixed080,3.448193311691284,30.560380255306256,1.445982813835144,1.7581456899642944
84,thin-chair,O-T2X-R,4.338571071624756,29.63359536615696,2.813218116760254,4.8210530281066895
84,thin-chair,ABL-ET2X-R-PreviousRawEdge-CatmullRomRGB,5.404385566711426,27.817329908353287,2.441974401473999,3.1914522647857666
84,thin-chair,ABL-ET2X-R-PreviousRawEdge-CatmullRomRGB-Fixed080,5.223573684692383,28.234631127850104,1.9318755865097046,2.280949592590332
84,windows,O-T2X-R,5.183854103088379,26.620235939720178,3.9057533740997314,6.127273082733154
84,windows,ABL-ET2X-R-PreviousRawEdge-CatmullRomRGB,5.096826076507568,26.642889113181706,3.9549686908721924,4.906490325927734
84,windows,ABL-ET2X-R-PreviousRawEdge-CatmullRomRGB-Fixed080,7.0513997077941895,23.782443714212185,3.4365792274475098,3.9620585441589355
85,chairs,O-T2X-R,2.9005696773529053,31.775408113254695,1.944989800453186,2.9623947143554688
85,chairs,ABL-ET2X-R-PreviousRawEdge-CatmullRomRGB,3.538769483566284,30.14589768099192,1.8120448589324951,2.2980825901031494
85,chairs,ABL-ET2X-R-PreviousRawEdge-CatmullRomRGB-Fixed080,3.4491047859191895,30.510841731052448,1.4772758483886719,1.739927887916565
85,thin-chair,O-T2X-R,4.379705429077148,29.456818170645644,2.7346715927124023,4.277353286743164
85,thin-chair,ABL-ET2X-R-PreviousRawEdge-CatmullRomRGB,5.388731002807617,27.81719488951265,2.4698309898376465,3.1573264598846436
85,thin-chair,ABL-ET2X-R-PreviousRawEdge-CatmullRomRGB-Fixed080,5.214873313903809,28.198893578453152,1.9781887531280518,2.300489902496338
85,windows,O-T2X-R,5.424788475036621,26.354421150299512,5.112422943115234,7.667599678039551
85,windows,ABL-ET2X-R-PreviousRawEdge-CatmullRomRGB,5.6976399421691895,25.049035360975324,3.7107245922088623,4.376926422119141
85,windows,ABL-ET2X-R-PreviousRawEdge-CatmullRomRGB-Fixed080,7.5887532234191895,22.980638777969116,3.2414214611053467,3.4082770347595215
86,chairs,O-T2X-R,2.886702537536621,32.001746122345,2.059119462966919,3.3843047618865967
86,chairs,ABL-ET2X-R-PreviousRawEdge-CatmullRomRGB,3.488558053970337,30.263193505301743,1.8233158588409424,2.3462207317352295
86,chairs,ABL-ET2X-R-PreviousRawEdge-CatmullRomRGB-Fixed080,3.4512369632720947,30.511620729519993,1.4959367513656616,1.751575231552124
86,thin-chair,O-T2X-R,4.318063259124756,29.74104994977578,2.964216709136963,4.876607894897461
86,thin-chair,ABL-ET2X-R-PreviousRawEdge-CatmullRomRGB,5.310014247894287,27.96431259615312,2.5629937648773193,3.2825775146484375
86,thin-chair,ABL-ET2X-R-PreviousRawEdge-CatmullRomRGB-Fixed080,5.211854934692383,28.227857412593117,2.0026350021362305,2.3517394065856934
86,windows,O-T2X-R,5.476480960845947,25.74173014354099,3.731574296951294,6.2586774826049805
86,windows,ABL-ET2X-R-PreviousRawEdge-CatmullRomRGB,5.191552639007568,26.079661292067613,4.3120598793029785,4.972426414489746
86,windows,ABL-ET2X-R-PreviousRawEdge-CatmullRomRGB-Fixed080,7.603206157684326,23.10911805024107,3.5576331615448,3.5392768383026123
87,chairs,O-T2X-R,2.8995604515075684,32.058692481201135,1.9679555892944336,3.0136055946350098
87,chairs,ABL-ET2X-R-PreviousRawEdge-CatmullRomRGB,3.502962350845337,30.34890234951318,1.7710895538330078,2.336263656616211
87,chairs,ABL-ET2X-R-PreviousRawEdge-CatmullRomRGB-Fixed080,3.416275978088379,30.627626080313732,1.4647117853164673,1.7572444677352905
87,thin-chair,O-T2X-R,4.269383430480957,29.980055277467386,2.838613986968994,4.397381782531738
87,thin-chair,ABL-ET2X-R-PreviousRawEdge-CatmullRomRGB,5.289121627807617,28.094953507052708,2.4492905139923096,3.210080862045288
87,thin-chair,ABL-ET2X-R-PreviousRawEdge-CatmullRomRGB-Fixed080,5.159268379211426,28.350943783816753,1.9577813148498535,2.287281036376953
87,windows,O-T2X-R,5.597477436065674,26.013351076527155,4.831752777099609,7.404350280761719
87,windows,ABL-ET2X-R-PreviousRawEdge-CatmullRomRGB,5.167334079742432,26.381231025062984,4.2360711097717285,5.402230739593506
87,windows,ABL-ET2X-R-PreviousRawEdge-CatmullRomRGB-Fixed080,7.3209309577941895,23.54483542364909,3.8700594902038574,3.9195618629455566
88,chairs,O-T2X-R,2.8906900882720947,32.06867347663559,2.128767251968384,3.482059955596924
88,chairs,ABL-ET2X-R-PreviousRawEdge-CatmullRomRGB,3.4852538108825684,30.416416834804345,1.8424314260482788,2.346311330795288
88,chairs,ABL-ET2X-R-PreviousRawEdge-CatmullRomRGB-Fixed080,3.42724609375,30.703393878267722,1.5192701816558838,1.791770339012146
88,thin-chair,O-T2X-R,4.324248313903809,29.86634911856028,2.9610259532928467,4.935452461242676
88,thin-chair,ABL-ET2X-R-PreviousRawEdge-CatmullRomRGB,5.323005676269531,28.094184941053307,2.5217156410217285,3.242366075515747
88,thin-chair,ABL-ET2X-R-PreviousRawEdge-CatmullRomRGB-Fixed080,5.188979625701904,28.39935834821581,2.026423454284668,2.379080057144165
88,windows,O-T2X-R,5.7154622077941895,25.079731036975375,3.803593397140503,6.213284015655518
88,windows,ABL-ET2X-R-PreviousRawEdge-CatmullRomRGB,4.935693264007568,26.889485411661678,4.431864261627197,5.443101406097412
88,windows,ABL-ET2X-R-PreviousRawEdge-CatmullRomRGB-Fixed080,7.030419826507568,23.934924929911077,3.941545009613037,4.31085729598999
89,chairs,O-T2X-R,2.8714356422424316,32.1487622150381,2.0066261291503906,3.1130900382995605
89,chairs,ABL-ET2X-R-PreviousRawEdge-CatmullRomRGB,3.4485840797424316,30.55590784830533,1.7475156784057617,2.361830234527588
89,chairs,ABL-ET2X-R-PreviousRawEdge-CatmullRomRGB-Fixed080,3.3409180641174316,30.886434146896615,1.4543155431747437,1.777844786643982
89,thin-chair,O-T2X-R,4.306551933288574,29.896853024023255,2.8457694053649902,4.519471168518066
89,thin-chair,ABL-ET2X-R-PreviousRawEdge-CatmullRomRGB,5.279947757720947,28.220452874305785,2.3895463943481445,3.2174530029296875
89,thin-chair,ABL-ET2X-R-PreviousRawEdge-CatmullRomRGB-Fixed080,5.087446689605713,28.563061101704697,1.9239064455032349,2.329878091812134
89,windows,O-T2X-R,5.528629779815674,26.05856934894411,5.075231075286865,7.722413539886475
89,windows,ABL-ET2X-R-PreviousRawEdge-CatmullRomRGB,5.288378715515137,25.847069175520154,3.717787265777588,4.838983058929443
89,windows,ABL-ET2X-R-PreviousRawEdge-CatmullRomRGB-Fixed080,7.268489360809326,23.367591239450274,3.5002193450927734,3.8157668113708496
90,chairs,O-T2X-R,2.9175455570220947,31.990459608669973,2.1021926403045654,3.5255203247070312
90,chairs,ABL-ET2X-R-PreviousRawEdge-CatmullRomRGB,3.4305338859558105,30.59757683834491,1.8208271265029907,2.2886574268341064
90,chairs,ABL-ET2X-R-PreviousRawEdge-CatmullRomRGB-Fixed080,3.351806640625,30.916735398670898,1.5143266916275024,1.7568933963775635
90,thin-chair,O-T2X-R,4.376302242279053,29.73960903710823,2.9148733615875244,4.940425395965576
90,thin-chair,ABL-ET2X-R-PreviousRawEdge-CatmullRomRGB,5.225615501403809,28.27753896624693,2.461779832839966,3.100139856338501
90,thin-chair,ABL-ET2X-R-PreviousRawEdge-CatmullRomRGB-Fixed080,5.080936431884766,28.60044906828653,1.9813693761825562,2.247131586074829
90,windows,O-T2X-R,5.878011226654053,24.9894802044652,3.778479814529419,6.352976322174072
90,windows,ABL-ET2X-R-PreviousRawEdge-CatmullRomRGB,5.351969242095947,25.92837761476411,4.348199367523193,4.833067893981934
90,windows,ABL-ET2X-R-PreviousRawEdge-CatmullRomRGB-Fixed080,7.683772563934326,23.039144413958756,3.551165819168091,3.739624500274658
91,chairs,O-T2X-R,2.8571126461029053,32.11229122733815,2.0148239135742188,3.0533432960510254
91,chairs,ABL-ET2X-R-PreviousRawEdge-CatmullRomRGB,3.3977863788604736,30.66741416494933,1.7661466598510742,2.3316640853881836
91,chairs,ABL-ET2X-R-PreviousRawEdge-CatmullRomRGB-Fixed080,3.341097116470337,30.962652914122913,1.4997379779815674,1.7724649906158447
91,thin-chair,O-T2X-R,4.321792125701904,29.774194417252442,2.831886053085327,4.403886795043945
91,thin-chair,ABL-ET2X-R-PreviousRawEdge-CatmullRomRGB,5.205729007720947,28.326470841375308,2.4520349502563477,3.203756093978882
91,thin-chair,ABL-ET2X-R-PreviousRawEdge-CatmullRomRGB-Fixed080,5.0690693855285645,28.652695458978034,2.011690139770508,2.3240950107574463
91,windows,O-T2X-R,5.383740425109863,26.42962488933162,5.352092266082764,7.853838920593262
91,windows,ABL-ET2X-R-PreviousRawEdge-CatmullRomRGB,4.908040523529053,26.6162980855622,4.216948986053467,5.214007377624512
91,windows,ABL-ET2X-R-PreviousRawEdge-CatmullRomRGB-Fixed080,7.200407028198242,23.58504702431965,3.7317752838134766,3.7537121772766113
92,chairs,O-T2X-R,2.8848633766174316,32.071327679360834,2.106915235519409,3.5123889446258545
92,chairs,ABL-ET2X-R-PreviousRawEdge-CatmullRomRGB,3.4080240726470947,30.619279836989207,1.7448562383651733,2.260777473449707
92,chairs,ABL-ET2X-R-PreviousRawEdge-CatmullRomRGB-Fixed080,3.3378255367279053,30.916572723984686,1.4635733366012573,1.7336742877960205
92,thin-chair,O-T2X-R,4.350911617279053,29.791118155548602,2.9745705127716064,5.02010440826416
92,thin-chair,ABL-ET2X-R-PreviousRawEdge-CatmullRomRGB,5.221235752105713,28.256204623101247,2.3897809982299805,3.055396795272827
92,thin-chair,ABL-ET2X-R-PreviousRawEdge-CatmullRomRGB-Fixed080,5.0842509269714355,28.566694232230816,1.9611912965774536,2.2561662197113037
92,windows,O-T2X-R,5.405029296875,26.182566805397247,3.7887744903564453,6.4847002029418945
92,windows,ABL-ET2X-R-PreviousRawEdge-CatmullRomRGB,5.061327934265137,26.747351086311163,4.003542900085449,4.813783168792725
92,windows,ABL-ET2X-R-PreviousRawEdge-CatmullRomRGB-Fixed080,7.322835445404053,23.689725910033594,3.6172988414764404,3.6930289268493652
93,chairs,O-T2X-R,2.895068407058716,32.04088513465039,1.973862886428833,3.09325909614563
93,chairs,ABL-ET2X-R-PreviousRawEdge-CatmullRomRGB,3.4208006858825684,30.531502602222005,1.7444385290145874,2.234138011932373
93,chairs,ABL-ET2X-R-PreviousRawEdge-CatmullRomRGB-Fixed080,3.348111867904663,30.86980889231669,1.4840023517608643,1.7207227945327759
93,thin-chair,O-T2X-R,4.321792125701904,29.83895788760984,2.82816481590271,4.508632183074951
93,thin-chair,ABL-ET2X-R-PreviousRawEdge-CatmullRomRGB,5.2373046875,28.176431789230854,2.366771697998047,3.047926902770996
93,thin-chair,ABL-ET2X-R-PreviousRawEdge-CatmullRomRGB-Fixed080,5.107333183288574,28.520115357504764,1.9571510553359985,2.2432684898376465
93,windows,O-T2X-R,5.443749904632568,26.31784745677948,5.477257251739502,8.102320671081543
93,windows,ABL-ET2X-R-PreviousRawEdge-CatmullRomRGB,5.131917476654053,26.252775759383095,4.222628593444824,4.968814373016357
93,windows,ABL-ET2X-R-PreviousRawEdge-CatmullRomRGB-Fixed080,7.236230373382568,23.649625038093856,3.677506685256958,3.7572999000549316
94,chairs,O-T2X-R,2.8969075679779053,32.00856142914571,2.074963331222534,3.451810359954834
94,chairs,ABL-ET2X-R-PreviousRawEdge-CatmullRomRGB,3.4305827617645264,30.516974318371204,1.737447738647461,2.2370567321777344
94,chairs,ABL-ET2X-R-PreviousRawEdge-CatmullRomRGB-Fixed080,3.3605306148529053,30.863553960100333,1.4664623737335205,1.7180856466293335
94,thin-chair,O-T2X-R,4.297940254211426,29.84698348216012,2.9534943103790283,4.973735332489014
94,thin-chair,ABL-ET2X-R-PreviousRawEdge-CatmullRomRGB,5.244673252105713,28.159700967785206,2.402581214904785,3.064908027648926
94,thin-chair,ABL-ET2X-R-PreviousRawEdge-CatmullRomRGB-Fixed080,5.079012870788574,28.542935562693877,1.9558972120285034,2.2627718448638916
94,windows,O-T2X-R,5.084505081176758,26.957149848483255,4.130310535430908,6.567282199859619
94,windows,ABL-ET2X-R-PreviousRawEdge-CatmullRomRGB,4.684846878051758,27.59092768486647,4.231622219085693,5.251013278961182
94,windows,ABL-ET2X-R-PreviousRawEdge-CatmullRomRGB-Fixed080,6.980045795440674,24.067439180988398,3.7058513164520264,3.867250442504883
95,chairs,O-T2X-R,2.847412109375,32.16477351484799,2.058955430984497,3.114497423171997
95,chairs,ABL-ET2X-R-PreviousRawEdge-CatmullRomRGB,3.4139647483825684,30.61292958700775,1.793218970298767,2.330437183380127
95,chairs,ABL-ET2X-R-PreviousRawEdge-CatmullRomRGB-Fixed080,3.350862741470337,30.929799138152436,1.4857035875320435,1.738477349281311
95,thin-chair,O-T2X-R,4.270863056182861,29.929773221345755,2.9269912242889404,4.536620616912842
95,thin-chair,ABL-ET2X-R-PreviousRawEdge-CatmullRomRGB,5.222744941711426,28.249995524873903,2.525207757949829,3.206498861312866
95,thin-chair,ABL-ET2X-R-PreviousRawEdge-CatmullRomRGB-Fixed080,5.077059745788574,28.6056258500572,2.0171051025390625,2.292123317718506
95,windows,O-T2X-R,5.809732913970947,25.816783037934755,5.089034557342529,7.938195705413818
95,windows,ABL-ET2X-R-PreviousRawEdge-CatmullRomRGB,5.317285060882568,25.903740482991356,3.7521941661834717,4.536202430725098
95,windows,ABL-ET2X-R-PreviousRawEdge-CatmullRomRGB-Fixed080,7.337255954742432,23.517933847317106,3.476003646850586,3.6140923500061035
96,chairs,O-T2X-R,2.9240071773529053,31.91105126778193,2.0517325401306152,3.501850128173828
96,chairs,ABL-ET2X-R-PreviousRawEdge-CatmullRomRGB,3.461930274963379,30.530710241207064,1.8207437992095947,2.3181891441345215
96,chairs,ABL-ET2X-R-PreviousRawEdge-CatmullRomRGB-Fixed080,3.4149413108825684,30.800935080653492,1.5101181268692017,1.7624614238739014
96,thin-chair,O-T2X-R,4.415335178375244,29.61994903575151,2.843971014022827,4.943845748901367
96,thin-chair,ABL-ET2X-R-PreviousRawEdge-CatmullRomRGB,5.2552971839904785,28.20776198536297,2.481158494949341,3.2270936965942383
96,thin-chair,ABL-ET2X-R-PreviousRawEdge-CatmullRomRGB-Fixed080,5.164358615875244,28.491936468764912,2.0040035247802734,2.3337953090667725
96,windows,O-T2X-R,5.50830078125,25.68128735949884,3.857020616531372,6.565694332122803
96,windows,ABL-ET2X-R-PreviousRawEdge-CatmullRomRGB,4.807649612426758,27.23981234833476,4.873007297515869,5.346563816070557
96,windows,ABL-ET2X-R-PreviousRawEdge-CatmullRomRGB-Fixed080,7.102783203125,24.005112345238135,3.8232529163360596,3.916332960128784
97,chairs,O-T2X-R,2.8919270038604736,32.045292489745975,2.0466628074645996,3.110908031463623
97,chairs,ABL-ET2X-R-PreviousRawEdge-CatmullRomRGB,3.4190430641174316,30.61214863204335,1.7914531230926514,2.327995538711548
97,chairs,ABL-ET2X-R-PreviousRawEdge-CatmullRomRGB-Fixed080,3.374544382095337,30.886332908002746,1.4994343519210815,1.7890846729278564
97,thin-chair,O-T2X-R,4.376331806182861,29.725338549508038,2.870231866836548,4.500728130340576
97,thin-chair,ABL-ET2X-R-PreviousRawEdge-CatmullRomRGB,5.214814186096191,28.267692973529407,2.4246339797973633,3.170950412750244
97,thin-chair,ABL-ET2X-R-PreviousRawEdge-CatmullRomRGB-Fixed080,5.085760116577148,28.582387963745898,1.976280689239502,2.336895227432251
97,windows,O-T2X-R,5.764176368713379,25.820068249651747,5.260289192199707,7.829361915588379
97,windows,ABL-ET2X-R-PreviousRawEdge-CatmullRomRGB,4.996549606323242,26.58109553805509,3.992680788040161,5.137841701507568
97,windows,ABL-ET2X-R-PreviousRawEdge-CatmullRomRGB-Fixed080,7.214859962463379,23.667379082146503,3.8345019817352295,3.7822349071502686
98,chairs,O-T2X-R,2.9591634273529053,31.89902945726702,2.1798393726348877,3.5642027854919434
98,chairs,ABL-ET2X-R-PreviousRawEdge-CatmullRomRGB,3.426562547683716,30.671769485282226,1.8155078887939453,2.3479373455047607
98,chairs,ABL-ET2X-R-PreviousRawEdge-CatmullRomRGB-Fixed080,3.340559959411621,30.999933432186864,1.5278570652008057,1.787320852279663
98,thin-chair,O-T2X-R,4.455433368682861,29.628974922592455,3.124241828918457,5.106662273406982
98,thin-chair,ABL-ET2X-R-PreviousRawEdge-CatmullRomRGB,5.25156831741333,28.34102996225374,2.494849443435669,3.2202107906341553
98,thin-chair,ABL-ET2X-R-PreviousRawEdge-CatmullRomRGB-Fixed080,5.062263488769531,28.68162119291412,2.0241360664367676,2.354018211364746
98,windows,O-T2X-R,5.553499221801758,25.94993274036168,4.006038188934326,6.587568759918213
98,windows,ABL-ET2X-R-PreviousRawEdge-CatmullRomRGB,5.322835445404053,26.213107198247286,4.326347351074219,4.8707594871521
98,windows,ABL-ET2X-R-PreviousRawEdge-CatmullRomRGB-Fixed080,7.427815914154053,23.637586792368875,3.6113860607147217,3.9597244262695312
99,chairs,O-T2X-R,2.94921875,31.979179845958676,1.9810593128204346,3.165560245513916
99,chairs,ABL-ET2X-R-PreviousRawEdge-CatmullRomRGB,3.4542317390441895,30.693392159232936,1.8063151836395264,2.361088275909424
99,chairs,ABL-ET2X-R-PreviousRawEdge-CatmullRomRGB-Fixed080,3.356250047683716,31.00135969034316,1.503838300704956,1.787476897239685
99,thin-chair,O-T2X-R,4.413411617279053,29.770889301161716,2.809429168701172,4.613223075866699
99,thin-chair,ABL-ET2X-R-PreviousRawEdge-CatmullRomRGB,5.227835178375244,28.415912181172,2.4313406944274902,3.224160671234131
99,thin-chair,ABL-ET2X-R-PreviousRawEdge-CatmullRomRGB-Fixed080,5.0962653160095215,28.691113440547234,1.9443600177764893,2.306415319442749
99,windows,O-T2X-R,5.6693196296691895,26.00480138995422,5.391448020935059,8.047536849975586
99,windows,ABL-ET2X-R-PreviousRawEdge-CatmullRomRGB,5.282568454742432,26.504314365864982,4.524467468261719,5.486538887023926
99,windows,ABL-ET2X-R-PreviousRawEdge-CatmullRomRGB-Fixed080,7.425943851470947,23.6347603527738,3.9198479652404785,3.80700421333313
100,chairs,O-T2X-R,2.98095703125,31.873285879521607,2.1006882190704346,3.4826436042785645
100,chairs,ABL-ET2X-R-PreviousRawEdge-CatmullRomRGB,3.4691081047058105,30.649271851694003,1.755188226699829,2.2553863525390625
100,chairs,ABL-ET2X-R-PreviousRawEdge-CatmullRomRGB-Fixed080,3.3889811038970947,30.939003090466702,1.4863231182098389,1.741455316543579
100,thin-chair,O-T2X-R,4.459872245788574,29.691582290717676,2.9133875370025635,4.893126964569092
100,thin-chair,ABL-ET2X-R-PreviousRawEdge-CatmullRomRGB,5.254202365875244,28.378847272752452,2.346729040145874,3.0280845165252686
100,thin-chair,ABL-ET2X-R-PreviousRawEdge-CatmullRomRGB-Fixed080,5.129705429077148,28.646449182550093,1.9288798570632935,2.222482442855835
100,windows,O-T2X-R,5.677083492279053,25.637085837426966,4.174475193023682,6.425185203552246
100,windows,ABL-ET2X-R-PreviousRawEdge-CatmullRomRGB,5.152409076690674,26.736283853059632,4.605191230773926,5.546386241912842
100,windows,ABL-ET2X-R-PreviousRawEdge-CatmullRomRGB-Fixed080,7.610595703125,23.52739481101164,3.890737533569336,4.154690742492676
101,chairs,O-T2X-R,2.896988868713379,32.071662237140266,2.0590808391571045,3.1653733253479004
101,chairs,ABL-ET2X-R-PreviousRawEdge-CatmullRomRGB,3.4702799320220947,30.574496321562812,1.7665278911590576,2.307368040084839
101,chairs,ABL-ET2X-R-PreviousRawEdge-CatmullRomRGB-Fixed080,3.4197754859924316,30.84775322683032,1.4850918054580688,1.7484800815582275
101,thin-chair,O-T2X-R,4.386541366577148,29.761360383988325,2.87104868888855,4.482313632965088
101,thin-chair,ABL-ET2X-R-PreviousRawEdge-CatmullRomRGB,5.343572616577148,28.224574390414084,2.3851301670074463,3.08394718170166
101,thin-chair,ABL-ET2X-R-PreviousRawEdge-CatmullRomRGB-Fixed080,5.21132230758667,28.510317307698195,1.9297759532928467,2.2440011501312256
101,windows,O-T2X-R,5.6695637702941895,26.22924458319172,5.704518795013428,8.419160842895508
101,windows,ABL-ET2X-R-PreviousRawEdge-CatmullRomRGB,5.360058784484863,26.111224873026618,4.747130870819092,5.819408416748047
101,windows,ABL-ET2X-R-PreviousRawEdge-CatmullRomRGB-Fixed080,7.293733596801758,23.784566429483057,4.138969421386719,4.236372470855713
102,chairs,O-T2X-R,2.930371046066284,31.97467605083864,2.118213415145874,3.606362819671631
102,chairs,ABL-ET2X-R-PreviousRawEdge-CatmullRomRGB,3.519287109375,30.487272569121085,1.776071310043335,2.3039817810058594
102,chairs,ABL-ET2X-R-PreviousRawEdge-CatmullRomRGB-Fixed080,3.4105143547058105,30.813811916048422,1.4823178052902222,1.748199701309204
102,thin-chair,O-T2X-R,4.407403945922852,29.711656440020306,2.990384578704834,5.079742908477783
102,thin-chair,ABL-ET2X-R-PreviousRawEdge-CatmullRomRGB,5.36544132232666,28.163965861395592,2.358217716217041,3.0761213302612305
102,thin-chair,ABL-ET2X-R-PreviousRawEdge-CatmullRomRGB-Fixed080,5.207652568817139,28.469993482619294,1.9186370372772217,2.2428290843963623
102,windows,O-T2X-R,5.653515815734863,25.81754001549909,4.290677070617676,6.654088497161865
102,windows,ABL-ET2X-R-PreviousRawEdge-CatmullRomRGB,5.284391403198242,26.172119020058492,4.252261161804199,5.217693328857422
102,windows,ABL-ET2X-R-PreviousRawEdge-CatmullRomRGB-Fixed080,7.3828125,23.58917504449336,3.899540662765503,3.948704242706299
103,chairs,O-T2X-R,2.957568407058716,31.801924084687002,1.9413009881973267,3.0899429321289062
103,chairs,ABL-ET2X-R-PreviousRawEdge-CatmullRomRGB,3.5027506351470947,30.441270023649775,1.8130598068237305,2.2447903156280518
103,chairs,ABL-ET2X-R-PreviousRawEdge-CatmullRomRGB-Fixed080,3.4071125984191895,30.802620486490273,1.5170432329177856,1.727055311203003
103,thin-chair,O-T2X-R,4.4261956214904785,29.553717719031418,2.676841974258423,4.465908527374268
103,thin-chair,ABL-ET2X-R-PreviousRawEdge-CatmullRomRGB,5.360115051269531,28.100441911699008,2.438291311264038,3.0541372299194336
103,thin-chair,ABL-ET2X-R-PreviousRawEdge-CatmullRomRGB-Fixed080,5.188387870788574,28.461532202312057,1.9511666297912598,2.2248947620391846
103,windows,O-T2X-R,6.064143657684326,25.58178047084251,5.7969536781311035,8.636438369750977
103,windows,ABL-ET2X-R-PreviousRawEdge-CatmullRomRGB,5.510221481323242,25.809301661711142,4.397862911224365,5.110249042510986
103,windows,ABL-ET2X-R-PreviousRawEdge-CatmullRomRGB-Fixed080,7.7642741203308105,23.133623262877954,3.9203643798828125,4.012325763702393
104,chairs,O-T2X-R,2.943863868713379,31.938241146051247,2.08449125289917,3.4208767414093018
104,chairs,ABL-ET2X-R-PreviousRawEdge-CatmullRomRGB,3.4627277851104736,30.567912657358477,1.7869230508804321,2.3186843395233154
104,chairs,ABL-ET2X-R-PreviousRawEdge-CatmullRomRGB-Fixed080,3.3826334476470947,30.87524030914549,1.5072619915008545,1.772208571434021
104,thin-chair,O-T2X-R,4.4055399894714355,29.68369498969864,2.965545654296875,4.844025135040283
104,thin-chair,ABL-ET2X-R-PreviousRawEdge-CatmullRomRGB,5.322176933288574,28.209620033894357,2.4216392040252686,3.123657464981079
104,thin-chair,ABL-ET2X-R-PreviousRawEdge-CatmullRomRGB-Fixed080,5.153823375701904,28.53221436963966,1.9716604948043823,2.2623305320739746
104,windows,O-T2X-R,6.156900882720947,25.081729191061196,4.420777320861816,7.093523979187012
104,windows,ABL-ET2X-R-PreviousRawEdge-CatmullRomRGB,5.769254684448242,25.64822983510188,4.542121410369873,5.682677745819092
104,windows,ABL-ET2X-R-PreviousRawEdge-CatmullRomRGB-Fixed080,7.979508399963379,22.981276093477476,3.8786208629608154,4.098160266876221
105,chairs,O-T2X-R,2.910937547683716,32.17561879256863,1.9584592580795288,3.071329116821289
105,chairs,ABL-ET2X-R-PreviousRawEdge-CatmullRomRGB,3.4937663078308105,30.51533134451525,1.7484166622161865,2.3137364387512207
105,chairs,ABL-ET2X-R-PreviousRawEdge-CatmullRomRGB-Fixed080,3.3965821266174316,30.841854687210663,1.4671695232391357,1.7440528869628906
105,thin-chair,O-T2X-R,4.3482184410095215,29.95754782522665,2.796412467956543,4.49500846862793
105,thin-chair,ABL-ET2X-R-PreviousRawEdge-CatmullRomRGB,5.320194244384766,28.191324521368124,2.345604658126831,3.103468418121338
105,thin-chair,ABL-ET2X-R-PreviousRawEdge-CatmullRomRGB-Fixed080,5.175544738769531,28.499381184623154,1.906365156173706,2.2538321018218994
105,windows,O-T2X-R,6.048990726470947,25.758273254646326,6.054167747497559,9.007794380187988
105,windows,ABL-ET2X-R-PreviousRawEdge-CatmullRomRGB,5.754736423492432,25.524676962227637,4.4754414558410645,5.244683265686035
105,windows,ABL-ET2X-R-PreviousRawEdge-CatmullRomRGB-Fixed080,8.260514259338379,22.72190013159029,3.9068572521209717,3.8016648292541504
106,chairs,O-T2X-R,2.9413249492645264,32.00745500363774,2.1139326095581055,3.4563450813293457
106,chairs,ABL-ET2X-R-PreviousRawEdge-CatmullRomRGB,3.502425193786621,30.39981673538651,1.7479976415634155,2.1920294761657715
106,chairs,ABL-ET2X-R-PreviousRawEdge-CatmullRomRGB-Fixed080,3.4224283695220947,30.724943752405323,1.482496738433838,1.6890548467636108
106,thin-chair,O-T2X-R,4.3620381355285645,29.839773039721468,2.9231293201446533,4.909679889678955
106,thin-chair,ABL-ET2X-R-PreviousRawEdge-CatmullRomRGB,5.347774505615234,28.052032752112197,2.3481194972991943,2.9898858070373535
106,thin-chair,ABL-ET2X-R-PreviousRawEdge-CatmullRomRGB-Fixed080,5.20975399017334,28.375764698911038,1.9120051860809326,2.1750786304473877
106,windows,O-T2X-R,5.9625163078308105,25.592898901120034,4.284305572509766,7.200392246246338
106,windows,ABL-ET2X-R-PreviousRawEdge-CatmullRomRGB,5.5865559577941895,26.26985623427238,4.974545478820801,5.753517150878906
106,windows,ABL-ET2X-R-PreviousRawEdge-CatmullRomRGB-Fixed080,8.200732231140137,23.069820869706383,4.269124984741211,4.174455642700195
107,chairs,O-T2X-R,2.8532063961029053,32.35280304747245,2.0297021865844727,3.1654374599456787
107,chairs,ABL-ET2X-R-PreviousRawEdge-CatmullRomRGB,3.4705729484558105,30.442510838641624,1.703940749168396,2.2042555809020996
107,chairs,ABL-ET2X-R-PreviousRawEdge-CatmullRomRGB-Fixed080,3.395719289779663,30.771332244158806,1.4488279819488525,1.6828635931015015
107,thin-chair,O-T2X-R,4.333836555480957,30.029632734059163,2.7569239139556885,4.463490009307861
107,thin-chair,ABL-ET2X-R-PreviousRawEdge-CatmullRomRGB,5.352509498596191,28.05373680134034,2.3352043628692627,2.973783254623413
107,thin-chair,ABL-ET2X-R-PreviousRawEdge-CatmullRomRGB-Fixed080,5.1822028160095215,28.413434362706802,1.9099701642990112,2.1683740615844727
107,windows,O-T2X-R,6.185709476470947,25.257420373020686,5.80545711517334,8.577939987182617
107,windows,ABL-ET2X-R-PreviousRawEdge-CatmullRomRGB,5.486734867095947,26.300728006896833,4.813027381896973,6.009452819824219
107,windows,ABL-ET2X-R-PreviousRawEdge-CatmullRomRGB-Fixed080,7.986360549926758,23.01362885275089,4.43203067779541,4.50924825668335
108,chairs,O-T2X-R,2.9110515117645264,32.186714629878196,2.0846588611602783,3.5300357341766357
108,chairs,ABL-ET2X-R-PreviousRawEdge-CatmullRomRGB,3.541520118713379,30.279868738810872,1.774422287940979,2.2036590576171875
108,chairs,ABL-ET2X-R-PreviousRawEdge-CatmullRomRGB-Fixed080,3.4219400882720947,30.697505261217522,1.5214983224868774,1.7131048440933228
108,thin-chair,O-T2X-R,4.402698993682861,29.892051860026633,2.9083847999572754,4.88355016708374
108,thin-chair,ABL-ET2X-R-PreviousRawEdge-CatmullRomRGB,5.428237438201904,27.911740338547567,2.3946406841278076,2.993720769882202
108,thin-chair,ABL-ET2X-R-PreviousRawEdge-CatmullRomRGB-Fixed080,5.23848819732666,28.317610828064485,2.00071382522583,2.231318950653076
108,windows,O-T2X-R,6.380045413970947,24.674500108280554,4.306578636169434,6.993507385253906
108,windows,ABL-ET2X-R-PreviousRawEdge-CatmullRomRGB,5.957535743713379,25.40537340102386,4.931558609008789,6.010621070861816
108,windows,ABL-ET2X-R-PreviousRawEdge-CatmullRomRGB-Fixed080,8.402523040771484,22.73793136569351,4.127941608428955,4.633479595184326
109,chairs,O-T2X-R,2.9186360836029053,32.07980054057782,1.9899959564208984,3.120398998260498
109,chairs,ABL-ET2X-R-PreviousRawEdge-CatmullRomRGB,3.553027391433716,30.21065520754483,1.7807409763336182,2.281689405441284
109,chairs,ABL-ET2X-R-PreviousRawEdge-CatmullRomRGB-Fixed080,3.471940040588379,30.587850311876842,1.4811463356018066,1.7418851852416992
109,thin-chair,O-T2X-R,4.39432430267334,29.814668922692583,2.8150408267974854,4.503213882446289
109,thin-chair,ABL-ET2X-R-PreviousRawEdge-CatmullRomRGB,5.4599609375,27.837368103889197,2.3792989253997803,3.0910215377807617
109,thin-chair,ABL-ET2X-R-PreviousRawEdge-CatmullRomRGB-Fixed080,5.26893949508667,28.241532687486234,1.9237579107284546,2.2741951942443848
109,windows,O-T2X-R,5.912923336029053,25.892792028510982,6.209177017211914,9.090843200683594
109,windows,ABL-ET2X-R-PreviousRawEdge-CatmullRomRGB,5.277897357940674,27.018293468218427,5.5129289627075195,6.5819597244262695
109,windows,ABL-ET2X-R-PreviousRawEdge-CatmullRomRGB-Fixed080,8.001432418823242,23.44883760138545,4.5846686363220215,4.583505153656006
110,chairs,O-T2X-R,3.01416015625,31.837902629733197,2.122995615005493,3.4791781902313232
110,chairs,ABL-ET2X-R-PreviousRawEdge-CatmullRomRGB,3.5935709476470947,30.091319411954515,1.838531732559204,2.319722890853882
110,chairs,ABL-ET2X-R-PreviousRawEdge-CatmullRomRGB-Fixed080,3.5184245109558105,30.464937253184978,1.5342004299163818,1.7782102823257446
110,thin-chair,O-T2X-R,4.46407413482666,29.668447583758887,3.0253326892852783,5.011941909790039
110,thin-chair,ABL-ET2X-R-PreviousRawEdge-CatmullRomRGB,5.53749418258667,27.704035535919154,2.4805517196655273,3.1510963439941406
110,thin-chair,ABL-ET2X-R-PreviousRawEdge-CatmullRomRGB-Fixed080,5.364613056182861,28.11334595884302,1.9848519563674927,2.29449462890625
110,windows,O-T2X-R,5.685856342315674,25.88567143574646,4.715391635894775,7.120497226715088
110,windows,ABL-ET2X-R-PreviousRawEdge-CatmullRomRGB,5.519352436065674,26.057909791934332,4.229826927185059,5.850214004516602
110,windows,ABL-ET2X-R-PreviousRawEdge-CatmullRomRGB-Fixed080,7.9390788078308105,23.0874371456315,4.223449230194092,4.433011531829834
111,chairs,O-T2X-R,2.956998586654663,32.155711921213815,2.076403856277466,3.228497266769409
111,chairs,ABL-ET2X-R-PreviousRawEdge-CatmullRomRGB,3.615429639816284,29.963088858840514,1.8228960037231445,2.3743913173675537
111,chairs,ABL-ET2X-R-PreviousRawEdge-CatmullRomRGB-Fixed080,3.511702537536621,30.373124533481214,1.5264521837234497,1.8417049646377563
111,thin-chair,O-T2X-R,4.414210319519043,29.98411394866414,2.9277892112731934,4.656911849975586
111,thin-chair,ABL-ET2X-R-PreviousRawEdge-CatmullRomRGB,5.527669429779053,27.615623103031872,2.4733457565307617,3.1858632564544678
111,thin-chair,ABL-ET2X-R-PreviousRawEdge-CatmullRomRGB-Fixed080,5.379557132720947,28.004827645819816,2.0028297901153564,2.3520619869232178
111,windows,O-T2X-R,6.108479976654053,25.73413411738977,6.455052375793457,9.39731502532959
111,windows,ABL-ET2X-R-PreviousRawEdge-CatmullRomRGB,6.267041206359863,24.864388366109516,4.784891605377197,5.345829010009766
111,windows,ABL-ET2X-R-PreviousRawEdge-CatmullRomRGB-Fixed080,8.686327934265137,22.330661428244074,4.0027031898498535,4.356758117675781
112,chairs,O-T2X-R,2.947558641433716,32.00105177017144,2.136467456817627,3.6149837970733643
112,chairs,ABL-ET2X-R-PreviousRawEdge-CatmullRomRGB,3.6708171367645264,29.774239405457273,1.8500255346298218,2.30123233795166
112,chairs,ABL-ET2X-R-PreviousRawEdge-CatmullRomRGB-Fixed080,3.5765299797058105,30.164177338888862,1.5459015369415283,1.7881577014923096
112,thin-chair,O-T2X-R,4.393406867980957,29.78093914034399,2.9785192012786865,5.112337112426758
112,thin-chair,ABL-ET2X-R-PreviousRawEdge-CatmullRomRGB,5.623342990875244,27.436368319362153,2.4845430850982666,3.110426425933838
112,thin-chair,ABL-ET2X-R-PreviousRawEdge-CatmullRomRGB-Fixed080,5.45291805267334,27.82477847375827,2.032815456390381,2.3463339805603027
112,windows,O-T2X-R,5.871891498565674,25.937082322101507,4.4977922439575195,7.9815216064453125
112,windows,ABL-ET2X-R-PreviousRawEdge-CatmullRomRGB,5.535221576690674,26.24439820487847,5.643353462219238,6.7097954750061035
112,windows,ABL-ET2X-R-PreviousRawEdge-CatmullRomRGB-Fixed080,8.180631637573242,23.12466975059892,4.663006782531738,4.564523220062256
113,chairs,O-T2X-R,2.932421922683716,32.199273913621745,2.1107969284057617,3.2613117694854736
113,chairs,ABL-ET2X-R-PreviousRawEdge-CatmullRomRGB,3.663346290588379,29.75020817635422,1.821876883506775,2.3355679512023926
113,chairs,ABL-ET2X-R-PreviousRawEdge-CatmullRomRGB-Fixed080,3.6009602546691895,30.083593086216563,1.5664876699447632,1.8170318603515625
113,thin-chair,O-T2X-R,4.425840377807617,29.883800240712514,2.8722760677337646,4.62495231628418
113,thin-chair,ABL-ET2X-R-PreviousRawEdge-CatmullRomRGB,5.622899055480957,27.39346492324865,2.4660894870758057,3.175180673599243
113,thin-chair,ABL-ET2X-R-PreviousRawEdge-CatmullRomRGB-Fixed080,5.496389865875244,27.729084514219338,2.021146297454834,2.391021490097046
113,windows,O-T2X-R,5.939030170440674,26.014276210903965,5.674381256103516,8.92527961730957
113,windows,ABL-ET2X-R-PreviousRawEdge-CatmullRomRGB,5.027376174926758,27.05308459912958,4.775813102722168,6.579820156097412
113,windows,ABL-ET2X-R-PreviousRawEdge-CatmullRomRGB-Fixed080,7.610758304595947,23.58621096435158,4.4958343505859375,4.688343048095703
114,chairs,O-T2X-R,2.956770896911621,31.837424569882916,2.129509210586548,3.6544337272644043
114,chairs,ABL-ET2X-R-PreviousRawEdge-CatmullRomRGB,3.6861002445220947,29.75499320062347,1.7914899587631226,2.3262391090393066
114,chairs,ABL-ET2X-R-PreviousRawEdge-CatmullRomRGB-Fixed080,3.606250047683716,30.067905924861847,1.5085488557815552,1.8492006063461304
114,thin-chair,O-T2X-R,4.496448993682861,29.51333953022301,2.9186646938323975,5.014052867889404
114,thin-chair,ABL-ET2X-R-PreviousRawEdge-CatmullRomRGB,5.626923561096191,27.39975549253898,2.3975884914398193,3.0746467113494873
114,thin-chair,ABL-ET2X-R-PreviousRawEdge-CatmullRomRGB-Fixed080,5.524561882019043,27.685999527391726,1.9572707414627075,2.3262224197387695
114,windows,O-T2X-R,6.116145610809326,25.29522074303342,4.5807719230651855,6.636567115783691
114,windows,ABL-ET2X-R-PreviousRawEdge-CatmullRomRGB,5.728841304779053,25.982961581868416,4.32099723815918,5.493320465087891
114,windows,ABL-ET2X-R-PreviousRawEdge-CatmullRomRGB-Fixed080,8.265933990478516,22.841094339443714,3.9380924701690674,4.416613578796387
115,chairs,O-T2X-R,2.989225149154663,31.975457343119515,2.018156051635742,3.182907819747925
115,chairs,ABL-ET2X-R-PreviousRawEdge-CatmullRomRGB,3.712190866470337,29.701234102026106,1.9083750247955322,2.327037811279297
115,chairs,ABL-ET2X-R-PreviousRawEdge-CatmullRomRGB-Fixed080,3.6514322757720947,30.02597983573436,1.572716474533081,1.8072788715362549
115,thin-chair,O-T2X-R,4.513494491577148,29.66563946587884,2.8972902297973633,4.594381809234619
115,thin-chair,ABL-ET2X-R-PreviousRawEdge-CatmullRomRGB,5.718838691711426,27.322843785290047,2.5121328830718994,3.110309600830078
115,thin-chair,ABL-ET2X-R-PreviousRawEdge-CatmullRomRGB-Fixed080,5.567027568817139,27.663213832538833,2.017735481262207,2.3209967613220215
115,windows,O-T2X-R,5.601708889007568,26.569082971569774,6.152708530426025,9.237810134887695
115,windows,ABL-ET2X-R-PreviousRawEdge-CatmullRomRGB,5.431445121765137,26.322225822618428,5.5251874923706055,6.253790855407715
115,windows,ABL-ET2X-R-PreviousRawEdge-CatmullRomRGB-Fixed080,8.080729484558105,23.217009674042085,4.5435028076171875,4.522625923156738
116,chairs,O-T2X-R,3.0656087398529053,31.632606267019252,2.0813333988189697,3.4757392406463623
116,chairs,ABL-ET2X-R-PreviousRawEdge-CatmullRomRGB,3.716845750808716,29.751087674660326,1.8847200870513916,2.4165425300598145
116,chairs,ABL-ET2X-R-PreviousRawEdge-CatmullRomRGB-Fixed080,3.6460611820220947,30.094474619996575,1.5792945623397827,1.8489131927490234
116,thin-chair,O-T2X-R,4.59451961517334,29.370270496064435,2.9532811641693115,5.0424485206604
116,thin-chair,ABL-ET2X-R-PreviousRawEdge-CatmullRomRGB,5.712801933288574,27.377307728376074,2.542479991912842,3.2791924476623535
116,thin-chair,ABL-ET2X-R-PreviousRawEdge-CatmullRomRGB-Fixed080,5.546075820922852,27.7506013611116,2.0249509811401367,2.392437219619751
116,windows,O-T2X-R,5.670491695404053,25.970584594217577,4.204843521118164,6.863068580627441
116,windows,ABL-ET2X-R-PreviousRawEdge-CatmullRomRGB,5.238590717315674,26.862921326574302,4.856891632080078,6.313281536102295
116,windows,ABL-ET2X-R-PreviousRawEdge-CatmullRomRGB-Fixed080,7.755533695220947,23.502523361502703,4.4719648361206055,4.427891731262207
117,chairs,O-T2X-R,3.067887306213379,31.764650051685873,2.094226121902466,3.201007127761841
117,chairs,ABL-ET2X-R-PreviousRawEdge-CatmullRomRGB,3.7252278327941895,29.735127121832146,1.8066270351409912,2.395303726196289
117,chairs,ABL-ET2X-R-PreviousRawEdge-CatmullRomRGB-Fixed080,3.6272785663604736,30.081834545790333,1.5108294486999512,1.8436431884765625
117,thin-chair,O-T2X-R,4.568211555480957,29.585448511715708,2.950904607772827,4.655789375305176
117,thin-chair,ABL-ET2X-R-PreviousRawEdge-CatmullRomRGB,5.7028584480285645,27.37191056554031,2.4680089950561523,3.2128891944885254
117,thin-chair,ABL-ET2X-R-PreviousRawEdge-CatmullRomRGB-Fixed080,5.5498046875,27.707401127516857,1.967421054840088,2.322273015975952
117,windows,O-T2X-R,5.803401470184326,25.997983146820975,5.654821395874023,8.42633056640625
117,windows,ABL-ET2X-R-PreviousRawEdge-CatmullRomRGB,5.452408790588379,26.36101266643251,4.765289306640625,5.9064106941223145
117,windows,ABL-ET2X-R-PreviousRawEdge-CatmullRomRGB-Fixed080,7.963395118713379,23.196452011510893,4.1915998458862305,4.610259056091309
118,chairs,O-T2X-R,3.054882764816284,31.70778809158685,2.1686975955963135,3.616115093231201
118,chairs,ABL-ET2X-R-PreviousRawEdge-CatmullRomRGB,3.754199266433716,29.625208623434904,1.8076092004776,2.257765293121338
118,chairs,ABL-ET2X-R-PreviousRawEdge-CatmullRomRGB-Fixed080,3.6978352069854736,29.938896975054323,1.552516222000122,1.788338303565979
118,thin-chair,O-T2X-R,4.559866428375244,29.51271229483148,2.9634511470794678,5.1009297370910645
118,thin-chair,ABL-ET2X-R-PreviousRawEdge-CatmullRomRGB,5.779592990875244,27.232711871092228,2.4304330348968506,3.017092227935791
118,thin-chair,ABL-ET2X-R-PreviousRawEdge-CatmullRomRGB-Fixed080,5.627041816711426,27.574346827650903,2.039306163787842,2.331472873687744
118,windows,O-T2X-R,6.295914649963379,24.53253010189378,4.194039821624756,6.571576118469238
118,windows,ABL-ET2X-R-PreviousRawEdge-CatmullRomRGB,5.977473735809326,25.12926849186553,4.468038082122803,5.594260215759277
118,windows,ABL-ET2X-R-PreviousRawEdge-CatmullRomRGB-Fixed080,8.218213081359863,22.765360197560568,3.9847495555877686,4.124659538269043
119,chairs,O-T2X-R,2.970003366470337,32.02936973836286,2.1464178562164307,3.387423038482666
119,chairs,ABL-ET2X-R-PreviousRawEdge-CatmullRomRGB,3.7013020515441895,29.776034476432336,1.8202463388442993,2.3634932041168213
119,chairs,ABL-ET2X-R-PreviousRawEdge-CatmullRomRGB-Fixed080,3.637158155441284,30.099122065945963,1.5145670175552368,1.844038963317871
119,thin-chair,O-T2X-R,4.459220886230469,29.75246453373265,2.981912136077881,4.782223224639893
119,thin-chair,ABL-ET2X-R-PreviousRawEdge-CatmullRomRGB,5.70626163482666,27.377598280217974,2.50067138671875,3.211108922958374
119,thin-chair,ABL-ET2X-R-PreviousRawEdge-CatmullRomRGB-Fixed080,5.556640625,27.722830203211856,1.9897526502609253,2.422368049621582
119,windows,O-T2X-R,5.849560737609863,25.88788182540948,5.9649248123168945,8.817387580871582
119,windows,ABL-ET2X-R-PreviousRawEdge-CatmullRomRGB,5.213525295257568,27.04075651217439,5.2607502937316895,6.0731658935546875
119,windows,ABL-ET2X-R-PreviousRawEdge-CatmullRomRGB-Fixed080,7.894937992095947,23.370721118864303,4.2556633949279785,4.150719165802002
120,chairs,O-T2X-R,3.033968210220337,31.782976653854913,2.160094738006592,3.675363063812256
120,chairs,ABL-ET2X-R-PreviousRawEdge-CatmullRomRGB,3.720931053161621,29.833288467050984,1.9707536697387695,2.4308905601501465
120,chairs,ABL-ET2X-R-PreviousRawEdge-CatmullRomRGB-Fixed080,3.6590819358825684,30.12403097685167,1.6404962539672852,1.8743902444839478
120,thin-chair,O-T2X-R,4.539535999298096,29.54137227039674,2.9931604862213135,5.169844627380371
120,thin-chair,ABL-ET2X-R-PreviousRawEdge-CatmullRomRGB,5.662997245788574,27.477287582569303,2.636059284210205,3.3111205101013184
120,thin-chair,ABL-ET2X-R-PreviousRawEdge-CatmullRomRGB-Fixed080,5.55430269241333,27.762349483397454,2.1320643424987793,2.4536707401275635
120,windows,O-T2X-R,5.770751953125,25.5994006579235,4.383472442626953,6.875605583190918
120,windows,ABL-ET2X-R-PreviousRawEdge-CatmullRomRGB,5.407128810882568,26.065665920123454,4.20917272567749,5.731520652770996
120,windows,ABL-ET2X-R-PreviousRawEdge-CatmullRomRGB-Fixed080,7.600830078125,23.45426332917566,4.281898021697998,4.221714496612549
121,chairs,O-T2X-R,2.992871046066284,32.02454153374766,2.1980957984924316,3.3762574195861816
121,chairs,ABL-ET2X-R-PreviousRawEdge-CatmullRomRGB,3.641080617904663,30.086469777390214,1.8963674306869507,2.4659981727600098
121,chairs,ABL-ET2X-R-PreviousRawEdge-CatmullRomRGB-Fixed080,3.624283790588379,30.317500218107373,1.6075325012207031,1.9449682235717773
121,thin-chair,O-T2X-R,4.4951171875,29.737641873766467,2.9840261936187744,4.784792900085449
121,thin-chair,ABL-ET2X-R-PreviousRawEdge-CatmullRomRGB,5.53829288482666,27.74728798034701,2.5353381633758545,3.3306920528411865
121,thin-chair,ABL-ET2X-R-PreviousRawEdge-CatmullRomRGB-Fixed080,5.456705570220947,27.991836898274343,2.0779786109924316,2.5246965885162354
121,windows,O-T2X-R,5.654085159301758,26.03963341639165,6.005337238311768,9.012627601623535
121,windows,ABL-ET2X-R-PreviousRawEdge-CatmullRomRGB,5.443310737609863,25.872424003424307,5.084721565246582,5.813570976257324
121,windows,ABL-ET2X-R-PreviousRawEdge-CatmullRomRGB-Fixed080,7.815706253051758,23.077480593547026,4.189394950866699,4.737113952636719
122,chairs,O-T2X-R,3.088916063308716,31.61960953270084,2.086202621459961,3.594189405441284
122,chairs,ABL-ET2X-R-PreviousRawEdge-CatmullRomRGB,3.560774803161621,30.398340352373726,1.9268219470977783,2.46742582321167
122,chairs,ABL-ET2X-R-PreviousRawEdge-CatmullRomRGB-Fixed080,3.5321614742279053,30.637159837727282,1.595956563949585,1.9005578756332397
122,thin-chair,O-T2X-R,4.620590686798096,29.379617131112134,2.9008262157440186,5.01190710067749
122,thin-chair,ABL-ET2X-R-PreviousRawEdge-CatmullRomRGB,5.408321380615234,28.070442945803016,2.609877109527588,3.292168617248535
122,thin-chair,ABL-ET2X-R-PreviousRawEdge-CatmullRomRGB-Fixed080,5.337387561798096,28.31030733731965,2.0923616886138916,2.4642176628112793
122,windows,O-T2X-R,5.4246907234191895,26.25967466204716,4.270771503448486,7.021683692932129
122,windows,ABL-ET2X-R-PreviousRawEdge-CatmullRomRGB,5.246565818786621,26.52063172677643,4.626666069030762,5.8877129554748535
122,windows,ABL-ET2X-R-PreviousRawEdge-CatmullRomRGB-Fixed080,7.670491695404053,23.38764883907444,4.201858043670654,4.28795862197876
123,chairs,O-T2X-R,3.0650227069854736,31.79411221028467,2.0655946731567383,3.2480685710906982
123,chairs,ABL-ET2X-R-PreviousRawEdge-CatmullRomRGB,3.5673177242279053,30.37315424068291,1.869383454322815,2.42641019821167
123,chairs,ABL-ET2X-R-PreviousRawEdge-CatmullRomRGB-Fixed080,3.5205729007720947,30.66593128540076,1.5793235301971436,1.8864036798477173
123,thin-chair,O-T2X-R,4.573390007019043,29.564928684746672,2.8422274589538574,4.539841175079346
123,thin-chair,ABL-ET2X-R-PreviousRawEdge-CatmullRomRGB,5.406309127807617,28.044663185090197,2.4545490741729736,3.244873046875
123,thin-chair,ABL-ET2X-R-PreviousRawEdge-CatmullRomRGB-Fixed080,5.325698375701904,28.32860370984524,2.0194268226623535,2.4141061305999756
123,windows,O-T2X-R,5.658626079559326,26.21125268184983,5.396465301513672,8.229966163635254
123,windows,ABL-ET2X-R-PreviousRawEdge-CatmullRomRGB,5.3770670890808105,26.295801826343915,4.853768348693848,6.036765098571777
123,windows,ABL-ET2X-R-PreviousRawEdge-CatmullRomRGB-Fixed080,7.311539649963379,23.878659667603586,4.236176490783691,4.518352031707764
124,chairs,O-T2X-R,3.086409568786621,31.698627737649524,2.079796314239502,3.4821102619171143
124,chairs,ABL-ET2X-R-PreviousRawEdge-CatmullRomRGB,3.5264811515808105,30.506698592649183,1.8350276947021484,2.372100591659546
124,chairs,ABL-ET2X-R-PreviousRawEdge-CatmullRomRGB-Fixed080,3.4974608421325684,30.768540610696277,1.5275174379348755,1.8059219121932983
124,thin-chair,O-T2X-R,4.630977630615234,29.472534908539917,2.8850791454315186,4.920274257659912
124,thin-chair,ABL-ET2X-R-PreviousRawEdge-CatmullRomRGB,5.320223808288574,28.215534106257124,2.4076671600341797,3.0960676670074463
124,thin-chair,ABL-ET2X-R-PreviousRawEdge-CatmullRomRGB-Fixed080,5.250325679779053,28.481977181687498,1.9440124034881592,2.281216621398926
124,windows,O-T2X-R,5.574658393859863,25.815598823341933,4.2755045890808105,6.222769737243652
124,windows,ABL-ET2X-R-PreviousRawEdge-CatmullRomRGB,5.078792095184326,27.005002923910638,4.507360935211182,5.648870944976807
124,windows,ABL-ET2X-R-PreviousRawEdge-CatmullRomRGB-Fixed080,7.337174415588379,23.868306268998577,4.033237934112549,4.2355756759643555
125,chairs,O-T2X-R,3.110628366470337,31.76080994121633,2.1172068119049072,3.2308144569396973
125,chairs,ABL-ET2X-R-PreviousRawEdge-CatmullRomRGB,3.568831443786621,30.412431121948366,1.834773063659668,2.3519232273101807
125,chairs,ABL-ET2X-R-PreviousRawEdge-CatmullRomRGB-Fixed080,3.489974021911621,30.76728485443608,1.596088171005249,1.8426988124847412
125,thin-chair,O-T2X-R,4.591974258422852,29.603582770107405,2.8936877250671387,4.543704509735107
125,thin-chair,ABL-ET2X-R-PreviousRawEdge-CatmullRomRGB,5.387724876403809,28.112730201681998,2.455406427383423,3.1552209854125977
125,thin-chair,ABL-ET2X-R-PreviousRawEdge-CatmullRomRGB-Fixed080,5.231415748596191,28.47288915556671,2.0479953289031982,2.351260185241699
125,windows,O-T2X-R,5.3973469734191895,26.62714680337767,6.20871639251709,8.862469673156738
125,windows,ABL-ET2X-R-PreviousRawEdge-CatmullRomRGB,5.399934768676758,25.99188380900589,4.812346458435059,5.861527919769287
125,windows,ABL-ET2X-R-PreviousRawEdge-CatmullRomRGB-Fixed080,7.206526756286621,23.809161782303555,4.275031089782715,4.417037010192871
126,chairs,O-T2X-R,3.0746419429779053,31.6729203972853,2.1874732971191406,3.683354139328003
126,chairs,ABL-ET2X-R-PreviousRawEdge-CatmullRomRGB,3.6256184577941895,30.340029255278683,1.846740961074829,2.408841848373413
126,chairs,ABL-ET2X-R-PreviousRawEdge-CatmullRomRGB-Fixed080,3.5215656757354736,30.76019922467892,1.5349024534225464,1.8940181732177734
126,thin-chair,O-T2X-R,4.63790225982666,29.376432992126613,2.9598569869995117,5.06557035446167
126,thin-chair,ABL-ET2X-R-PreviousRawEdge-CatmullRomRGB,5.44569730758667,28.04205231152438,2.3692986965179443,3.124777317047119
126,thin-chair,ABL-ET2X-R-PreviousRawEdge-CatmullRomRGB-Fixed080,5.266838073730469,28.45591180125938,1.919185996055603,2.3584811687469482
126,windows,O-T2X-R,5.143620014190674,27.00149540809212,4.185698509216309,6.873289585113525
126,windows,ABL-ET2X-R-PreviousRawEdge-CatmullRomRGB,5.025537014007568,27.00129972083308,4.320213317871094,5.471396446228027
126,windows,ABL-ET2X-R-PreviousRawEdge-CatmullRomRGB-Fixed080,7.236734867095947,23.89505371845413,3.9517064094543457,4.224533557891846
127,chairs,O-T2X-R,3.0491535663604736,31.864256159233527,2.070974111557007,3.293102264404297
127,chairs,ABL-ET2X-R-PreviousRawEdge-CatmullRomRGB,3.6142578125,30.318929353023897,1.9007409811019897,2.374034881591797
127,chairs,ABL-ET2X-R-PreviousRawEdge-CatmullRomRGB-Fixed080,3.5204427242279053,30.74941347105966,1.5912905931472778,1.8308804035186768
127,thin-chair,O-T2X-R,4.568211555480957,29.60367114121956,2.886390447616577,4.65604829788208
127,thin-chair,ABL-ET2X-R-PreviousRawEdge-CatmullRomRGB,5.515506744384766,27.9747419138673,2.481562614440918,3.104569435119629
127,thin-chair,ABL-ET2X-R-PreviousRawEdge-CatmullRomRGB-Fixed080,5.290127754211426,28.44533571631507,2.0060105323791504,2.3040246963500977
127,windows,O-T2X-R,5.687906742095947,26.069710178211256,5.314227104187012,7.7669782638549805
127,windows,ABL-ET2X-R-PreviousRawEdge-CatmullRomRGB,5.176741600036621,26.80485042792934,5.305794715881348,6.285696983337402
127,windows,ABL-ET2X-R-PreviousRawEdge-CatmullRomRGB-Fixed080,7.011914253234863,24.294280120926995,4.510449409484863,4.576259136199951
128,chairs,O-T2X-R,3.102083444595337,31.725652907378365,2.2196197509765625,3.6013667583465576
128,chairs,ABL-ET2X-R-PreviousRawEdge-CatmullRomRGB,3.6508138179779053,30.289633756164385,1.8344780206680298,2.4265475273132324
128,chairs,ABL-ET2X-R-PreviousRawEdge-CatmullRomRGB-Fixed080,3.5414061546325684,30.802945998389767,1.548201322555542,1.8620593547821045
128,thin-chair,O-T2X-R,4.598100185394287,29.49638688349951,3.0722696781158447,5.0861358642578125
128,thin-chair,ABL-ET2X-R-PreviousRawEdge-CatmullRomRGB,5.568004131317139,27.9381355065196,2.4839322566986084,3.2070045471191406
128,thin-chair,ABL-ET2X-R-PreviousRawEdge-CatmullRomRGB-Fixed080,5.317738056182861,28.496297672572112,2.0026090145111084,2.3701884746551514
128,windows,O-T2X-R,5.502245903015137,25.460736534190058,4.220487594604492,6.380400657653809
128,windows,ABL-ET2X-R-PreviousRawEdge-CatmullRomRGB,4.855794429779053,27.07955663524514,4.530645370483398,5.823325157165527
128,windows,ABL-ET2X-R-PreviousRawEdge-CatmullRomRGB-Fixed080,6.945621967315674,24.140471925376303,3.9766507148742676,4.303483009338379
129,chairs,O-T2X-R,3.066910743713379,31.88802137246039,2.0556461811065674,3.375319719314575
129,chairs,ABL-ET2X-R-PreviousRawEdge-CatmullRomRGB,3.659651756286621,30.313031347292423,1.845052719116211,2.4376144409179688
129,chairs,ABL-ET2X-R-PreviousRawEdge-CatmullRomRGB-Fixed080,3.5570149421691895,30.783613663312508,1.5400285720825195,1.8727220296859741
129,thin-chair,O-T2X-R,4.543590068817139,29.68652808432825,2.8869407176971436,4.754887104034424
129,thin-chair,ABL-ET2X-R-PreviousRawEdge-CatmullRomRGB,5.5119853019714355,27.99585425142574,2.4370527267456055,3.2301506996154785
129,thin-chair,ABL-ET2X-R-PreviousRawEdge-CatmullRomRGB-Fixed080,5.33614444732666,28.470193752294612,1.9588782787322998,2.3807520866394043
129,windows,O-T2X-R,5.743700981140137,26.129030302599233,5.954955577850342,8.547406196594238
129,windows,ABL-ET2X-R-PreviousRawEdge-CatmullRomRGB,5.515038967132568,25.847329650256036,4.529884338378906,5.609977722167969
129,windows,ABL-ET2X-R-PreviousRawEdge-CatmullRomRGB-Fixed080,7.160400390625,23.82581494934641,4.104118347167969,4.174612998962402
130,chairs,O-T2X-R,3.09228515625,31.87090399995213,2.217529058456421,3.6110920906066895
130,chairs,ABL-ET2X-R-PreviousRawEdge-CatmullRomRGB,3.6368651390075684,30.423660177056572,1.8725465536117554,2.3396286964416504
130,chairs,ABL-ET2X-R-PreviousRawEdge-CatmullRomRGB-Fixed080,3.585172414779663,30.766046177099362,1.5556306838989258,1.826458215713501
130,thin-chair,O-T2X-R,4.521336555480957,29.79093167748958,3.054457902908325,5.090503215789795
130,thin-chair,ABL-ET2X-R-PreviousRawEdge-CatmullRomRGB,5.490056991577148,28.103971885705224,2.4851996898651123,3.1468825340270996
130,thin-chair,ABL-ET2X-R-PreviousRawEdge-CatmullRomRGB-Fixed080,5.35469913482666,28.482536204184548,1.979038953781128,2.3275294303894043
130,windows,O-T2X-R,5.48291015625,25.953984607887435,4.478119850158691,6.977036476135254
130,windows,ABL-ET2X-R-PreviousRawEdge-CatmullRomRGB,5.154931545257568,26.22915818681534,4.714271545410156,5.414000034332275
130,windows,ABL-ET2X-R-PreviousRawEdge-CatmullRomRGB-Fixed080,7.319140434265137,23.5865386550813,3.9819769859313965,4.162436008453369
131,chairs,O-T2X-R,2.9830892086029053,32.117584358075646,2.076965808868408,3.3986504077911377
131,chairs,ABL-ET2X-R-PreviousRawEdge-CatmullRomRGB,3.587662696838379,30.487229814761385,1.8250774145126343,2.388145923614502
131,chairs,ABL-ET2X-R-PreviousRawEdge-CatmullRomRGB-Fixed080,3.560742139816284,30.74492548610937,1.548972487449646,1.8325798511505127
131,thin-chair,O-T2X-R,4.48106050491333,29.821574166693814,2.7542130947113037,4.626570701599121
131,thin-chair,ABL-ET2X-R-PreviousRawEdge-CatmullRomRGB,5.4781012535095215,28.1404583258621,2.4014713764190674,3.1234536170959473
131,thin-chair,ABL-ET2X-R-PreviousRawEdge-CatmullRomRGB-Fixed080,5.363192558288574,28.439330666051465,1.9547181129455566,2.2694437503814697
131,windows,O-T2X-R,5.514371871948242,26.432240998018276,5.855569362640381,8.585420608520508
131,windows,ABL-ET2X-R-PreviousRawEdge-CatmullRomRGB,5.462092876434326,25.495240740959353,4.904174327850342,6.193376064300537
131,windows,ABL-ET2X-R-PreviousRawEdge-CatmullRomRGB-Fixed080,7.224104881286621,23.561332258730204,4.295623779296875,4.372856616973877
132,chairs,O-T2X-R,3.0333821773529053,31.960296653290502,2.170034885406494,3.592250108718872
132,chairs,ABL-ET2X-R-PreviousRawEdge-CatmullRomRGB,3.5933594703674316,30.43460998359275,1.8916679620742798,2.3762733936309814
132,chairs,ABL-ET2X-R-PreviousRawEdge-CatmullRomRGB-Fixed080,3.502913475036621,30.775618856605924,1.5846502780914307,1.8718478679656982
132,thin-chair,O-T2X-R,4.495294570922852,29.738456938951646,2.988311529159546,4.95109224319458
132,thin-chair,ABL-ET2X-R-PreviousRawEdge-CatmullRomRGB,5.473721504211426,28.091554314049386,2.458073616027832,3.1076929569244385
132,thin-chair,ABL-ET2X-R-PreviousRawEdge-CatmullRomRGB-Fixed080,5.311582565307617,28.423524613794427,1.9683829545974731,2.328321695327759
132,windows,O-T2X-R,5.277295112609863,26.571365191735275,4.202170372009277,6.627828121185303
132,windows,ABL-ET2X-R-PreviousRawEdge-CatmullRomRGB,4.979410648345947,27.066952797986307,4.9769673347473145,6.020363807678223
132,windows,ABL-ET2X-R-PreviousRawEdge-CatmullRomRGB-Fixed080,7.143229007720947,23.823022121299417,4.305476188659668,4.4068803787231445
133,chairs,O-T2X-R,3.003434181213379,31.96658714168297,2.0775034427642822,3.27260160446167
133,chairs,ABL-ET2X-R-PreviousRawEdge-CatmullRomRGB,3.6007649898529053,30.376395211577304,1.8613159656524658,2.46067214012146
133,chairs,ABL-ET2X-R-PreviousRawEdge-CatmullRomRGB-Fixed080,3.5188639163970947,30.725399586777876,1.5480061769485474,1.89066481590271
133,thin-chair,O-T2X-R,4.422407627105713,29.771399290284126,2.771679162979126,4.506370544433594
133,thin-chair,ABL-ET2X-R-PreviousRawEdge-CatmullRomRGB,5.450136184692383,28.067793346301396,2.484943151473999,3.2377684116363525
133,thin-chair,ABL-ET2X-R-PreviousRawEdge-CatmullRomRGB-Fixed080,5.3130621910095215,28.40040991216672,1.987939476966858,2.356215238571167
133,windows,O-T2X-R,5.633805274963379,26.170548173568626,5.907639503479004,8.308096885681152
133,windows,ABL-ET2X-R-PreviousRawEdge-CatmullRomRGB,5.223209857940674,26.471803174902373,5.008445739746094,6.038687705993652
133,windows,ABL-ET2X-R-PreviousRawEdge-CatmullRomRGB-Fixed080,7.002604007720947,24.11083054963467,4.33853006362915,4.479008674621582
134,chairs,O-T2X-R,2.9991862773895264,32.07435523685593,2.0939793586730957,3.5409679412841797
134,chairs,ABL-ET2X-R-PreviousRawEdge-CatmullRomRGB,3.5914714336395264,30.315280823763942,1.8358217477798462,2.3741769790649414
134,chairs,ABL-ET2X-R-PreviousRawEdge-CatmullRomRGB-Fixed080,3.532193899154663,30.664438817443553,1.5670292377471924,1.8386943340301514
134,thin-chair,O-T2X-R,4.444247245788574,29.855042662711092,2.858783006668091,4.849820137023926
134,thin-chair,ABL-ET2X-R-PreviousRawEdge-CatmullRomRGB,5.428385257720947,28.009442132272326,2.3591392040252686,3.0948667526245117
134,thin-chair,ABL-ET2X-R-PreviousRawEdge-CatmullRomRGB-Fixed080,5.311049938201904,28.355381936205774,1.9610495567321777,2.3161461353302
134,windows,O-T2X-R,5.254866600036621,26.34492726465165,4.18386697769165,6.712105751037598
134,windows,ABL-ET2X-R-PreviousRawEdge-CatmullRomRGB,4.768375873565674,27.605608346839755,4.9279069900512695,5.959175109863281
134,windows,ABL-ET2X-R-PreviousRawEdge-CatmullRomRGB-Fixed080,6.785790920257568,24.412178962141272,4.3733673095703125,4.4159135818481445
135,chairs,O-T2X-R,3.022167921066284,32.02391458198188,2.0218276977539062,3.2097580432891846
135,chairs,ABL-ET2X-R-PreviousRawEdge-CatmullRomRGB,3.6253092288970947,30.25558195474105,1.8094679117202759,2.292990207672119
135,chairs,ABL-ET2X-R-PreviousRawEdge-CatmullRomRGB-Fixed080,3.535416603088379,30.638743898064792,1.5360521078109741,1.8046032190322876
135,thin-chair,O-T2X-R,4.48280668258667,29.81060645566823,2.699303388595581,4.382188320159912
135,thin-chair,ABL-ET2X-R-PreviousRawEdge-CatmullRomRGB,5.466944694519043,27.957402895923096,2.3419721126556396,2.9624106884002686
135,thin-chair,ABL-ET2X-R-PreviousRawEdge-CatmullRomRGB-Fixed080,5.308564186096191,28.33617636028817,1.920638918876648,2.2331886291503906
135,windows,O-T2X-R,5.688036918640137,25.712814737726042,6.2661309242248535,8.662586212158203
135,windows,ABL-ET2X-R-PreviousRawEdge-CatmullRomRGB,4.789794921875,27.355491728997446,4.905323028564453,6.1225266456604
135,windows,ABL-ET2X-R-PreviousRawEdge-CatmullRomRGB-Fixed080,6.743212699890137,24.422692998629664,4.407744407653809,4.44209098815918
136,chairs,O-T2X-R,2.9989421367645264,32.10559222956724,2.175239086151123,3.5770668983459473
136,chairs,ABL-ET2X-R-PreviousRawEdge-CatmullRomRGB,3.6315104961395264,30.21537277065064,1.9047902822494507,2.3568620681762695
136,chairs,ABL-ET2X-R-PreviousRawEdge-CatmullRomRGB-Fixed080,3.5457520484924316,30.56936621430802,1.5993025302886963,1.8357452154159546
136,thin-chair,O-T2X-R,4.460582256317139,29.896159924200923,2.9657094478607178,4.939603805541992
136,thin-chair,ABL-ET2X-R-PreviousRawEdge-CatmullRomRGB,5.485647678375244,27.88418648680675,2.3890271186828613,2.9803659915924072
136,thin-chair,ABL-ET2X-R-PreviousRawEdge-CatmullRomRGB-Fixed080,5.314009189605713,28.246607253737913,1.95863676071167,2.2379074096679688
136,windows,O-T2X-R,5.225488185882568,26.50313660501327,4.231289386749268,7.688704013824463
136,windows,ABL-ET2X-R-PreviousRawEdge-CatmullRomRGB,4.959244728088379,26.962672141506076,4.516744136810303,5.40219259262085
136,windows,ABL-ET2X-R-PreviousRawEdge-CatmullRomRGB-Fixed080,6.9151692390441895,24.198205742907092,4.08243989944458,4.269461631774902
137,chairs,O-T2X-R,2.9232585430145264,32.30606564063696,2.084322929382324,3.26173734664917
137,chairs,ABL-ET2X-R-PreviousRawEdge-CatmullRomRGB,3.6190104484558105,30.192704211416558,1.7958669662475586,2.335286855697632
137,chairs,ABL-ET2X-R-PreviousRawEdge-CatmullRomRGB-Fixed080,3.5579915046691895,30.508069366629364,1.5391836166381836,1.8292129039764404
137,thin-chair,O-T2X-R,4.372899055480957,30.018785084159937,2.847134828567505,4.575549602508545
137,thin-chair,ABL-ET2X-R-PreviousRawEdge-CatmullRomRGB,5.503994941711426,27.845142458433397,2.310227394104004,3.00114369392395
137,thin-chair,ABL-ET2X-R-PreviousRawEdge-CatmullRomRGB-Fixed080,5.3588128089904785,28.17254001513582,1.8849968910217285,2.2337331771850586
137,windows,O-T2X-R,5.659505367279053,25.835279187329398,5.983473777770996,8.139862060546875
137,windows,ABL-ET2X-R-PreviousRawEdge-CatmullRomRGB,5.176660060882568,26.572363953519364,4.8848772048950195,5.707030296325684
137,windows,ABL-ET2X-R-PreviousRawEdge-CatmullRomRGB-Fixed080,7.092252731323242,24.077558595453127,4.244409084320068,4.19937801361084
138,chairs,O-T2X-R,2.9878742694854736,32.07172176239063,2.188717842102051,3.666132688522339
138,chairs,ABL-ET2X-R-PreviousRawEdge-CatmullRomRGB,3.6751790046691895,30.14268489515651,1.8409408330917358,2.376919984817505
138,chairs,ABL-ET2X-R-PreviousRawEdge-CatmullRomRGB-Fixed080,3.5838215351104736,30.48900818137167,1.5410672426223755,1.841522455215454
138,thin-chair,O-T2X-R,4.441110134124756,29.830072838182854,3.0201070308685303,5.068495273590088
138,thin-chair,ABL-ET2X-R-PreviousRawEdge-CatmullRomRGB,5.511630058288574,27.832906796612523,2.340982675552368,2.9949147701263428
138,thin-chair,ABL-ET2X-R-PreviousRawEdge-CatmullRomRGB-Fixed080,5.368045806884766,28.161314327017294,1.9057891368865967,2.2080078125
138,windows,O-T2X-R,5.199495315551758,26.283946906470096,4.310557842254639,7.278661251068115
138,windows,ABL-ET2X-R-PreviousRawEdge-CatmullRomRGB,4.8077311515808105,27.312479680904804,4.871753692626953,5.722405433654785
138,windows,ABL-ET2X-R-PreviousRawEdge-CatmullRomRGB-Fixed080,7.011914253234863,24.022105421960926,4.2660017013549805,4.205296516418457
139,chairs,O-T2X-R,3.019026756286621,32.061225099946725,2.066343307495117,3.310607433319092
139,chairs,ABL-ET2X-R-PreviousRawEdge-CatmullRomRGB,3.6336750984191895,30.193025960613245,1.807385802268982,2.331533670425415
139,chairs,ABL-ET2X-R-PreviousRawEdge-CatmullRomRGB-Fixed080,3.583219289779663,30.482000141909747,1.531945824623108,1.814218282699585
139,thin-chair,O-T2X-R,4.447236061096191,29.86812830062858,2.797633647918701,4.626708507537842
139,thin-chair,ABL-ET2X-R-PreviousRawEdge-CatmullRomRGB,5.4849371910095215,27.863888298840756,2.2853951454162598,2.946337938308716
139,thin-chair,ABL-ET2X-R-PreviousRawEdge-CatmullRomRGB-Fixed080,5.3363518714904785,28.178735093897757,1.865444540977478,2.2016491889953613
139,windows,O-T2X-R,6.069921970367432,25.2093070338644,6.125789642333984,8.341519355773926
139,windows,ABL-ET2X-R-PreviousRawEdge-CatmullRomRGB,5.6812663078308105,25.455220855242615,4.430243968963623,5.4418745040893555
139,windows,ABL-ET2X-R-PreviousRawEdge-CatmullRomRGB-Fixed080,7.508398532867432,23.29966621885713,4.133584022521973,4.057038307189941
140,chairs,O-T2X-R,3.0319011211395264,31.904909784096823,2.132801055908203,3.542726516723633
140,chairs,ABL-ET2X-R-PreviousRawEdge-CatmullRomRGB,3.6608235836029053,30.127366675951627,1.7546266317367554,2.219038486480713
140,chairs,ABL-ET2X-R-PreviousRawEdge-CatmullRomRGB-Fixed080,3.612744092941284,30.41272754203461,1.5109663009643555,1.7542749643325806
140,thin-chair,O-T2X-R,4.470525741577148,29.694841826563163,2.8923091888427734,4.874464988708496
140,thin-chair,ABL-ET2X-R-PreviousRawEdge-CatmullRomRGB,5.5104756355285645,27.791190622801114,2.3053171634674072,2.8365564346313477
140,thin-chair,ABL-ET2X-R-PreviousRawEdge-CatmullRomRGB-Fixed080,5.374112129211426,28.114563540657418,1.9032074213027954,2.1591148376464844
140,windows,O-T2X-R,5.706689357757568,25.34489391300648,4.532507419586182,7.774861812591553
140,windows,ABL-ET2X-R-PreviousRawEdge-CatmullRomRGB,5.073909282684326,26.823163575617592,5.547226905822754,6.124285697937012
140,windows,ABL-ET2X-R-PreviousRawEdge-CatmullRomRGB-Fixed080,7.333268165588379,23.705681049134554,4.469491958618164,4.4944071769714355
141,chairs,O-T2X-R,3.007779836654663,32.092962290756255,2.010385036468506,3.242846727371216
141,chairs,ABL-ET2X-R-PreviousRawEdge-CatmullRomRGB,3.6742186546325684,30.007263099790315,1.7262312173843384,2.289689064025879
141,chairs,ABL-ET2X-R-PreviousRawEdge-CatmullRomRGB-Fixed080,3.6075031757354736,30.355922973735197,1.4851468801498413,1.8140710592269897
141,thin-chair,O-T2X-R,4.44356632232666,29.902519393329104,2.7907285690307617,4.521791458129883
141,thin-chair,ABL-ET2X-R-PreviousRawEdge-CatmullRomRGB,5.580818176269531,27.637043589838825,2.189990997314453,2.9355576038360596
141,thin-chair,ABL-ET2X-R-PreviousRawEdge-CatmullRomRGB-Fixed080,5.432498931884766,28.001951105455262,1.8196676969528198,2.2140424251556396
141,windows,O-T2X-R,5.801904201507568,25.746954650857674,5.552123069763184,7.868528842926025
141,windows,ABL-ET2X-R-PreviousRawEdge-CatmullRomRGB,4.8037109375,27.274568655305977,4.651446342468262,6.080033302307129
141,windows,ABL-ET2X-R-PreviousRawEdge-CatmullRomRGB-Fixed080,7.156689643859863,23.72053500863187,4.420010089874268,4.328523635864258
142,chairs,O-T2X-R,3.0782878398895264,31.79642805805787,2.1793627738952637,3.5365471839904785
142,chairs,ABL-ET2X-R-PreviousRawEdge-CatmullRomRGB,3.627880811691284,30.072012342424188,1.786029577255249,2.25715970993042
142,chairs,ABL-ET2X-R-PreviousRawEdge-CatmullRomRGB-Fixed080,3.5748860836029053,30.40237296383069,1.5025516748428345,1.7550395727157593
142,thin-chair,O-T2X-R,4.544270992279053,29.600048005145695,2.9353981018066406,4.90952730178833
142,thin-chair,ABL-ET2X-R-PreviousRawEdge-CatmullRomRGB,5.562559127807617,27.66418444953994,2.2620837688446045,2.8447251319885254
142,thin-chair,ABL-ET2X-R-PreviousRawEdge-CatmullRomRGB-Fixed080,5.39473819732666,28.03017157099884,1.8483563661575317,2.155454397201538
142,windows,O-T2X-R,6.199560642242432,24.474813340142056,4.1407952308654785,6.965332984924316
142,windows,ABL-ET2X-R-PreviousRawEdge-CatmullRomRGB,5.443521976470947,25.93413738741852,5.189845561981201,6.1602277755737305
142,windows,ABL-ET2X-R-PreviousRawEdge-CatmullRomRGB-Fixed080,7.311441898345947,23.627214776061653,4.478182792663574,4.785678863525391
143,chairs,O-T2X-R,3.039339303970337,31.995212135329176,1.9994865655899048,3.2279434204101562
143,chairs,ABL-ET2X-R-PreviousRawEdge-CatmullRomRGB,3.65673828125,30.040217472300483,1.7420467138290405,2.2742912769317627
143,chairs,ABL-ET2X-R-PreviousRawEdge-CatmullRomRGB-Fixed080,3.5877928733825684,30.409829489051837,1.4569586515426636,1.7457565069198608
143,thin-chair,O-T2X-R,4.554924011230469,29.707924022169312,2.6775057315826416,4.462198257446289
143,thin-chair,ABL-ET2X-R-PreviousRawEdge-CatmullRomRGB,5.576112747192383,27.66495318216215,2.2858834266662598,2.917729139328003
143,thin-chair,ABL-ET2X-R-PreviousRawEdge-CatmullRomRGB-Fixed080,5.42598819732666,28.05009844474789,1.823887586593628,2.1454904079437256
143,windows,O-T2X-R,5.7950358390808105,25.899856914885035,6.200321674346924,8.440244674682617
143,windows,ABL-ET2X-R-PreviousRawEdge-CatmullRomRGB,4.714762210845947,27.657821071277155,5.070588111877441,6.345250606536865
143,windows,ABL-ET2X-R-PreviousRawEdge-CatmullRomRGB-Fixed080,6.9664387702941895,24.07294992718755,4.493853569030762,4.523688316345215
144,chairs,O-T2X-R,3.1444499492645264,31.549591260170118,2.1035802364349365,3.4404029846191406
144,chairs,ABL-ET2X-R-PreviousRawEdge-CatmullRomRGB,3.7108561992645264,29.99491035427876,1.7780940532684326,2.188819408416748
144,chairs,ABL-ET2X-R-PreviousRawEdge-CatmullRomRGB-Fixed080,3.606201171875,30.37967558412096,1.5276294946670532,1.730181097984314
144,thin-chair,O-T2X-R,4.683357238769531,29.328512363354005,2.8872828483581543,4.73563814163208
144,thin-chair,ABL-ET2X-R-PreviousRawEdge-CatmullRomRGB,5.5378193855285645,27.718938183512694,2.2723963260650635,2.889246940612793
144,thin-chair,ABL-ET2X-R-PreviousRawEdge-CatmullRomRGB-Fixed080,5.414239883422852,28.05612639504901,1.8592356443405151,2.1401968002319336
144,windows,O-T2X-R,5.799120903015137,25.31159561711093,4.6787848472595215,7.510274410247803
144,windows,ABL-ET2X-R-PreviousRawEdge-CatmullRomRGB,5.009716987609863,26.924627049717728,4.737429141998291,5.884634971618652
144,windows,ABL-ET2X-R-PreviousRawEdge-CatmullRomRGB-Fixed080,7.098421096801758,23.920399274654727,4.378885746002197,4.6362457275390625
145,chairs,O-T2X-R,3.1353840827941895,31.718664910482634,2.1209664344787598,3.3044114112854004
145,chairs,ABL-ET2X-R-PreviousRawEdge-CatmullRomRGB,3.6791341304779053,30.06125741633972,1.8318099975585938,2.3512864112854004
145,chairs,ABL-ET2X-R-PreviousRawEdge-CatmullRomRGB-Fixed080,3.61474609375,30.379958931981783,1.5148794651031494,1.8533589839935303
145,thin-chair,O-T2X-R,4.646720886230469,29.47701483324383,2.7337801456451416,4.465641021728516
145,thin-chair,ABL-ET2X-R-PreviousRawEdge-CatmullRomRGB,5.542051315307617,27.759075491999923,2.3741631507873535,2.990762948989868
145,thin-chair,ABL-ET2X-R-PreviousRawEdge-CatmullRomRGB-Fixed080,5.414861679077148,28.075288336145448,1.896407961845398,2.252573251724243
145,windows,O-T2X-R,5.5030598640441895,26.06351798681154,6.221988201141357,8.88270092010498
145,windows,ABL-ET2X-R-PreviousRawEdge-CatmullRomRGB,4.611067771911621,27.750061045959672,5.122763633728027,6.128309726715088
145,windows,ABL-ET2X-R-PreviousRawEdge-CatmullRomRGB-Fixed080,6.768847465515137,24.496051270319768,4.423218727111816,4.586575508117676
146,chairs,O-T2X-R,3.079638719558716,31.69336541315705,2.062312126159668,3.554068088531494
146,chairs,ABL-ET2X-R-PreviousRawEdge-CatmullRomRGB,3.6575357913970947,30.14491183678988,1.8066965341567993,2.3611536026000977
146,chairs,ABL-ET2X-R-PreviousRawEdge-CatmullRomRGB-Fixed080,3.5960123538970947,30.46584136318167,1.5075809955596924,1.7821950912475586
146,thin-chair,O-T2X-R,4.577651500701904,29.44056405432487,2.7704508304595947,4.744157314300537
146,thin-chair,ABL-ET2X-R-PreviousRawEdge-CatmullRomRGB,5.490352630615234,27.86910151503461,2.31095027923584,3.0338096618652344
146,thin-chair,ABL-ET2X-R-PreviousRawEdge-CatmullRomRGB-Fixed080,5.3588128089904785,28.191990504800167,1.8661433458328247,2.223863363265991
146,windows,O-T2X-R,5.227246284484863,26.078922915710336,4.199420928955078,7.194956302642822
146,windows,ABL-ET2X-R-PreviousRawEdge-CatmullRomRGB,4.926187992095947,26.64947899074886,4.217883586883545,5.487601280212402
146,windows,ABL-ET2X-R-PreviousRawEdge-CatmullRomRGB-Fixed080,6.771500587463379,24.076200804029444,4.130592346191406,4.229682445526123
147,chairs,O-T2X-R,3.026595115661621,31.994941897257824,2.100259304046631,3.2218234539031982
147,chairs,ABL-ET2X-R-PreviousRawEdge-CatmullRomRGB,3.667431592941284,30.106762504000773,1.8090559244155884,2.3009002208709717
147,chairs,ABL-ET2X-R-PreviousRawEdge-CatmullRomRGB-Fixed080,3.5614583492279053,30.491191510473328,1.5229650735855103,1.7910140752792358
147,thin-chair,O-T2X-R,4.486564636230469,29.782341490866333,2.839402914047241,4.472846031188965
147,thin-chair,ABL-ET2X-R-PreviousRawEdge-CatmullRomRGB,5.512547492980957,27.79820128103254,2.2434287071228027,2.8712117671966553
147,thin-chair,ABL-ET2X-R-PreviousRawEdge-CatmullRomRGB-Fixed080,5.328805446624756,28.182363508987564,1.8247942924499512,2.1447560787200928
147,windows,O-T2X-R,5.279850482940674,26.556503498135832,6.187276840209961,8.503242492675781
147,windows,ABL-ET2X-R-PreviousRawEdge-CatmullRomRGB,5.130110740661621,26.01642761512124,4.662273406982422,5.270644187927246
147,windows,ABL-ET2X-R-PreviousRawEdge-CatmullRomRGB-Fixed080,7.070784568786621,23.57244146637425,3.994406223297119,4.3265814781188965
148,chairs,O-T2X-R,3.013150930404663,31.9254714923104,2.043933391571045,3.5098278522491455
148,chairs,ABL-ET2X-R-PreviousRawEdge-CatmullRomRGB,3.677034616470337,30.041765788581255,1.9071857929229736,2.393111228942871
148,chairs,ABL-ET2X-R-PreviousRawEdge-CatmullRomRGB-Fixed080,3.5972330570220947,30.402975355168994,1.5436856746673584,1.8395731449127197
148,thin-chair,O-T2X-R,4.476059436798096,29.699842952713652,2.7679507732391357,4.836947441101074
148,thin-chair,ABL-ET2X-R-PreviousRawEdge-CatmullRomRGB,5.524177551269531,27.719217554656,2.4270594120025635,2.9617128372192383
148,thin-chair,ABL-ET2X-R-PreviousRawEdge-CatmullRomRGB-Fixed080,5.353870868682861,28.098256043848252,1.8972245454788208,2.194868803024292
148,windows,O-T2X-R,5.176823139190674,26.18575588794286,4.002640724182129,7.6914191246032715
148,windows,ABL-ET2X-R-PreviousRawEdge-CatmullRomRGB,4.840559959411621,26.822805116335022,4.744592189788818,5.877621650695801
148,windows,ABL-ET2X-R-PreviousRawEdge-CatmullRomRGB-Fixed080,6.872493267059326,23.858387299255632,4.1309099197387695,4.2058024406433105
149,chairs,O-T2X-R,2.9551920890808105,32.27504882256305,2.0957188606262207,3.1880428791046143
149,chairs,ABL-ET2X-R-PreviousRawEdge-CatmullRomRGB,3.6870768070220947,29.99405131197947,1.8216803073883057,2.3599395751953125
149,chairs,ABL-ET2X-R-PreviousRawEdge-CatmullRomRGB-Fixed080,3.6121582984924316,30.337799697808492,1.5332796573638916,1.8284637928009033
149,thin-chair,O-T2X-R,4.310783386230469,30.16185719531213,2.876919746398926,4.450883865356445
149,thin-chair,ABL-ET2X-R-PreviousRawEdge-CatmullRomRGB,5.547496318817139,27.65914210512878,2.323608636856079,2.9835920333862305
149,thin-chair,ABL-ET2X-R-PreviousRawEdge-CatmullRomRGB-Fixed080,5.369495868682861,28.039450144360217,1.8741660118103027,2.223217010498047
149,windows,O-T2X-R,5.041796684265137,26.876962992270332,5.483523368835449,7.521854400634766
149,windows,ABL-ET2X-R-PreviousRawEdge-CatmullRomRGB,4.767838478088379,27.057113769452794,4.551003456115723,5.52085018157959
149,windows,ABL-ET2X-R-PreviousRawEdge-CatmullRomRGB-Fixed080,6.928857326507568,23.89399186342601,4.011472702026367,4.236926555633545
150,chairs,O-T2X-R,2.9608724117279053,32.14133551329858,2.0972373485565186,3.612943649291992
150,chairs,ABL-ET2X-R-PreviousRawEdge-CatmullRomRGB,3.7269856929779053,29.851356863342748,1.8180335760116577,2.3064675331115723
150,chairs,ABL-ET2X-R-PreviousRawEdge-CatmullRomRGB-Fixed080,3.6190593242645264,30.259418382557893,1.5343400239944458,1.828818917274475
150,thin-chair,O-T2X-R,4.358931064605713,29.923853393908306,2.711174726486206,4.844813823699951
150,thin-chair,ABL-ET2X-R-PreviousRawEdge-CatmullRomRGB,5.588719367980957,27.524544993748968,2.3128843307495117,2.8895890712738037
150,thin-chair,ABL-ET2X-R-PreviousRawEdge-CatmullRomRGB-Fixed080,5.359315872192383,27.963075842436353,1.8912200927734375,2.1957204341888428
150,windows,O-T2X-R,5.4442057609558105,25.588907734551366,3.692831039428711,6.795004844665527
150,windows,ABL-ET2X-R-PreviousRawEdge-CatmullRomRGB,4.717350482940674,27.211971066219462,4.591444969177246,5.8661112785339355
150,windows,ABL-ET2X-R-PreviousRawEdge-CatmullRomRGB-Fixed080,6.7313151359558105,24.25338994322887,4.165604591369629,4.495279312133789
151,chairs,O-T2X-R,3.006542921066284,32.17611033950767,1.9789165258407593,3.1562559604644775
151,chairs,ABL-ET2X-R-PreviousRawEdge-CatmullRomRGB,3.6656086444854736,29.903676978757467,1.803363561630249,2.33896541595459
151,chairs,ABL-ET2X-R-PreviousRawEdge-CatmullRomRGB-Fixed080,3.6099772453308105,30.252419336312766,1.505039930343628,1.7892309427261353
151,thin-chair,O-T2X-R,4.383848190307617,30.06773667672096,2.6697356700897217,4.251133441925049
151,thin-chair,ABL-ET2X-R-PreviousRawEdge-CatmullRomRGB,5.519679069519043,27.679631902387936,2.2974672317504883,2.9826276302337646
151,thin-chair,ABL-ET2X-R-PreviousRawEdge-CatmullRomRGB-Fixed080,5.339311122894287,28.091951647100636,1.8381987810134888,2.188791513442993
151,windows,O-T2X-R,5.044970512390137,27.04599646159132,5.625617504119873,7.5550031661987305
151,windows,ABL-ET2X-R-PreviousRawEdge-CatmullRomRGB,4.515559673309326,27.843050343140735,4.188874244689941,5.126256942749023
151,windows,ABL-ET2X-R-PreviousRawEdge-CatmullRomRGB-Fixed080,6.655354976654053,24.313673229299162,3.647021770477295,4.0401482582092285
152,chairs,O-T2X-R,3.016080617904663,32.02943722417282,2.0829453468322754,3.4203224182128906
152,chairs,ABL-ET2X-R-PreviousRawEdge-CatmullRomRGB,3.6336426734924316,30.150670411934865,1.8017168045043945,2.252944231033325
152,chairs,ABL-ET2X-R-PreviousRawEdge-CatmullRomRGB-Fixed080,3.5696778297424316,30.45089753324862,1.5197584629058838,1.7716760635375977
152,thin-chair,O-T2X-R,4.408380508422852,29.896708225185627,2.7517194747924805,4.63066291809082
152,thin-chair,ABL-ET2X-R-PreviousRawEdge-CatmullRomRGB,5.480794429779053,27.827234406199082,2.306211471557617,2.8421692848205566
152,thin-chair,ABL-ET2X-R-PreviousRawEdge-CatmullRomRGB-Fixed080,5.292939186096191,28.23590526186606,1.8673739433288574,2.135740041732788
152,windows,O-T2X-R,5.621077537536621,25.281133073644263,3.8509318828582764,6.881869316101074
152,windows,ABL-ET2X-R-PreviousRawEdge-CatmullRomRGB,4.975634574890137,26.33761411885027,4.441993236541748,5.479989051818848
152,windows,ABL-ET2X-R-PreviousRawEdge-CatmullRomRGB-Fixed080,6.685514450073242,24.162829637729427,4.045151233673096,4.135439395904541
153,chairs,O-T2X-R,3.014371633529663,32.09691204130311,2.0560901165008545,3.2051479816436768
153,chairs,ABL-ET2X-R-PreviousRawEdge-CatmullRomRGB,3.712418556213379,30.060028130887414,1.810516119003296,2.299539089202881
153,chairs,ABL-ET2X-R-PreviousRawEdge-CatmullRomRGB-Fixed080,3.6089844703674316,30.39607703703833,1.5180912017822266,1.8123948574066162
153,thin-chair,O-T2X-R,4.415719509124756,29.90964720281065,2.7418529987335205,4.350583076477051
153,thin-chair,ABL-ET2X-R-PreviousRawEdge-CatmullRomRGB,5.521425247192383,27.787248823315892,2.347775459289551,2.9058821201324463
153,thin-chair,ABL-ET2X-R-PreviousRawEdge-CatmullRomRGB-Fixed080,5.342418193817139,28.156678367001962,1.8930808305740356,2.191319704055786
153,windows,O-T2X-R,5.352262496948242,26.395025757159054,5.853820323944092,7.945286750793457
153,windows,ABL-ET2X-R-PreviousRawEdge-CatmullRomRGB,4.595442771911621,27.44023466516778,4.658231735229492,5.555067539215088
153,windows,ABL-ET2X-R-PreviousRawEdge-CatmullRomRGB-Fixed080,6.6917805671691895,24.21716904561501,3.9074082374572754,4.26527738571167
154,chairs,O-T2X-R,3.0927734375,31.782830692464287,2.047084331512451,3.4785361289978027
154,chairs,ABL-ET2X-R-PreviousRawEdge-CatmullRomRGB,3.766406297683716,29.86010748528483,1.8561712503433228,2.326694965362549
154,chairs,ABL-ET2X-R-PreviousRawEdge-CatmullRomRGB-Fixed080,3.6649739742279053,30.2063143875991,1.5606294870376587,1.8486607074737549
154,thin-chair,O-T2X-R,4.524325370788574,29.640141955142248,2.757718086242676,4.721290588378906
154,thin-chair,ABL-ET2X-R-PreviousRawEdge-CatmullRomRGB,5.5640387535095215,27.67326882857949,2.3008694648742676,2.9570353031158447
154,thin-chair,ABL-ET2X-R-PreviousRawEdge-CatmullRomRGB-Fixed080,5.371389865875244,28.05662147461932,1.8775595426559448,2.262965202331543
154,windows,O-T2X-R,5.368082523345947,25.824715289758853,3.8638641834259033,6.986015319824219
154,windows,ABL-ET2X-R-PreviousRawEdge-CatmullRomRGB,4.674544334411621,27.042781167942728,4.460687160491943,5.591660499572754
154,windows,ABL-ET2X-R-PreviousRawEdge-CatmullRomRGB-Fixed080,6.386246681213379,24.710217045621828,4.0870819091796875,4.160735130310059
155,chairs,O-T2X-R,3.0833983421325684,31.88693185387146,2.1397271156311035,3.176135778427124
155,chairs,ABL-ET2X-R-PreviousRawEdge-CatmullRomRGB,3.8212890625,29.81662195743334,1.8378183841705322,2.325402021408081
155,chairs,ABL-ET2X-R-PreviousRawEdge-CatmullRomRGB-Fixed080,3.722444772720337,30.142210737767527,1.5463327169418335,1.8737986087799072
155,thin-chair,O-T2X-R,4.428178310394287,29.896142511056976,2.6942343711853027,4.252409934997559
155,thin-chair,ABL-ET2X-R-PreviousRawEdge-CatmullRomRGB,5.59413480758667,27.642093783783682,2.3712048530578613,2.909574031829834
155,thin-chair,ABL-ET2X-R-PreviousRawEdge-CatmullRomRGB-Fixed080,5.394176006317139,28.015975651648493,1.8995057344436646,2.240898847579956
155,windows,O-T2X-R,5.65966796875,25.180468536714585,6.089799404144287,8.174690246582031
155,windows,ABL-ET2X-R-PreviousRawEdge-CatmullRomRGB,4.5269856452941895,27.579854880164923,4.310638904571533,5.307855606079102
155,windows,ABL-ET2X-R-PreviousRawEdge-CatmullRomRGB-Fixed080,6.3082194328308105,24.710545661582486,3.888652801513672,4.240350723266602
156,chairs,O-T2X-R,3.126513719558716,31.643556191288063,2.1522469520568848,3.646272659301758
156,chairs,ABL-ET2X-R-PreviousRawEdge-CatmullRomRGB,3.799788475036621,29.856718612496653,1.7709537744522095,2.33085298538208
156,chairs,ABL-ET2X-R-PreviousRawEdge-CatmullRomRGB-Fixed080,3.7093424797058105,30.197502557744833,1.5135747194290161,1.8689229488372803
156,thin-chair,O-T2X-R,4.542436122894287,29.626703248467997,2.8203916549682617,4.7258076667785645
156,thin-chair,ABL-ET2X-R-PreviousRawEdge-CatmullRomRGB,5.582889556884766,27.662839866652867,2.2304139137268066,2.906216621398926
156,thin-chair,ABL-ET2X-R-PreviousRawEdge-CatmullRomRGB-Fixed080,5.391305446624756,28.0510472732854,1.8729267120361328,2.2416539192199707
156,windows,O-T2X-R,5.111067771911621,26.171055407930233,3.9975502490997314,7.6376447677612305
156,windows,ABL-ET2X-R-PreviousRawEdge-CatmullRomRGB,4.613687992095947,27.249702933109266,4.415463924407959,5.428467750549316
156,windows,ABL-ET2X-R-PreviousRawEdge-CatmullRomRGB-Fixed080,6.195947170257568,24.982166283719177,3.8566741943359375,4.118217945098877
157,chairs,O-T2X-R,3.0672526359558105,32.09105102657732,2.132859468460083,3.376579999923706
157,chairs,ABL-ET2X-R-PreviousRawEdge-CatmullRomRGB,3.7716145515441895,29.913306405052897,1.8794174194335938,2.3553168773651123
157,chairs,ABL-ET2X-R-PreviousRawEdge-CatmullRomRGB-Fixed080,3.7027180194854736,30.211340982875768,1.5451456308364868,1.8368526697158813
157,thin-chair,O-T2X-R,4.419803619384766,30.123771970079044,2.745910406112671,4.4620208740234375
157,thin-chair,ABL-ET2X-R-PreviousRawEdge-CatmullRomRGB,5.559540748596191,27.69536228543387,2.24015474319458,2.86175537109375
157,thin-chair,ABL-ET2X-R-PreviousRawEdge-CatmullRomRGB-Fixed080,5.392874240875244,28.031913701002857,1.813655972480774,2.2035837173461914
157,windows,O-T2X-R,5.388574123382568,25.727601406025464,5.414520263671875,7.643990993499756
157,windows,ABL-ET2X-R-PreviousRawEdge-CatmullRomRGB,4.439892768859863,27.546141024288346,4.486778736114502,5.1702165603637695
157,windows,ABL-ET2X-R-PreviousRawEdge-CatmullRomRGB-Fixed080,6.0929036140441895,24.985059028164716,3.911938190460205,3.9325759410858154
158,chairs,O-T2X-R,3.113997459411621,31.80176784057938,2.174578905105591,3.687387466430664
158,chairs,ABL-ET2X-R-PreviousRawEdge-CatmullRomRGB,3.7425780296325684,29.995319578724708,1.918636679649353,2.4200689792633057
158,chairs,ABL-ET2X-R-PreviousRawEdge-CatmullRomRGB-Fixed080,3.719254493713379,30.232879974405343,1.600537896156311,1.8884750604629517
158,thin-chair,O-T2X-R,4.539121627807617,29.70796070636367,2.8991918563842773,4.886725425720215
158,thin-chair,ABL-ET2X-R-PreviousRawEdge-CatmullRomRGB,5.541193008422852,27.761231606436006,2.3279738426208496,2.8448193073272705
158,thin-chair,ABL-ET2X-R-PreviousRawEdge-CatmullRomRGB-Fixed080,5.4065165519714355,28.065313771853102,1.911783218383789,2.1944260597229004
158,windows,O-T2X-R,5.194303512573242,26.16347332736618,3.8760390281677246,6.795884609222412
158,windows,ABL-ET2X-R-PreviousRawEdge-CatmullRomRGB,4.589404106140137,26.904769997467966,4.23192834854126,5.211041450500488
158,windows,ABL-ET2X-R-PreviousRawEdge-CatmullRomRGB-Fixed080,6.120051860809326,24.931250575908997,3.7617125511169434,3.993645191192627
159,chairs,O-T2X-R,3.0845704078674316,32.006707971867485,2.0404598712921143,3.3221123218536377
159,chairs,ABL-ET2X-R-PreviousRawEdge-CatmullRomRGB,3.8167154788970947,29.787305688494726,1.915973424911499,2.339092254638672
159,chairs,ABL-ET2X-R-PreviousRawEdge-CatmullRomRGB-Fixed080,3.757861375808716,30.07526527774511,1.6112124919891357,1.869696855545044
159,thin-chair,O-T2X-R,4.46718168258667,29.939925087829472,2.583221197128296,4.444526672363281
159,thin-chair,ABL-ET2X-R-PreviousRawEdge-CatmullRomRGB,5.552675247192383,27.72544945806242,2.302503824234009,2.8531808853149414
159,thin-chair,ABL-ET2X-R-PreviousRawEdge-CatmullRomRGB-Fixed080,5.3899149894714355,28.06808106206227,1.8827229738235474,2.1979024410247803
159,windows,O-T2X-R,5.305761814117432,26.1269427131362,5.550457000732422,7.605869293212891
159,windows,ABL-ET2X-R-PreviousRawEdge-CatmullRomRGB,4.337972164154053,27.965925145352614,4.866118431091309,5.779964923858643
159,windows,ABL-ET2X-R-PreviousRawEdge-CatmullRomRGB-Fixed080,6.105566501617432,25.107972892265465,4.025699615478516,4.183823585510254
160,chairs,O-T2X-R,3.1634278297424316,31.554066621511126,2.1673383712768555,3.5657143592834473
160,chairs,ABL-ET2X-R-PreviousRawEdge-CatmullRomRGB,3.8309407234191895,29.789544027195703,1.8322193622589111,2.3669614791870117
160,chairs,ABL-ET2X-R-PreviousRawEdge-CatmullRomRGB-Fixed080,3.765836477279663,30.09978263142445,1.5430281162261963,1.8921626806259155
160,thin-chair,O-T2X-R,4.5717034339904785,29.57152624150849,2.790013313293457,4.619524955749512
160,thin-chair,ABL-ET2X-R-PreviousRawEdge-CatmullRomRGB,5.641128063201904,27.584149144452876,2.2993874549865723,2.843712568283081
160,thin-chair,ABL-ET2X-R-PreviousRawEdge-CatmullRomRGB-Fixed080,5.45448637008667,27.957952440064176,1.8855706453323364,2.2107317447662354
160,windows,O-T2X-R,4.78662109375,26.94638962571033,4.11953067779541,6.703621864318848
160,windows,ABL-ET2X-R-PreviousRawEdge-CatmullRomRGB,4.742285251617432,27.092006209033592,4.259626388549805,5.584112644195557
160,windows,ABL-ET2X-R-PreviousRawEdge-CatmullRomRGB-Fixed080,6.160823345184326,24.863759932489767,3.9159648418426514,4.138243675231934
161,chairs,O-T2X-R,3.0931639671325684,31.99880507585187,2.1486287117004395,3.3770923614501953
161,chairs,ABL-ET2X-R-PreviousRawEdge-CatmullRomRGB,3.7782063484191895,29.935388852844223,1.8989179134368896,2.3590259552001953
161,chairs,ABL-ET2X-R-PreviousRawEdge-CatmullRomRGB-Fixed080,3.771044969558716,30.10958430080432,1.5878239870071411,1.8581140041351318
161,thin-chair,O-T2X-R,4.478071689605713,29.892238754474466,2.7528226375579834,4.462152481079102
161,thin-chair,ABL-ET2X-R-PreviousRawEdge-CatmullRomRGB,5.58809757232666,27.671879694522556,2.357072591781616,2.9425835609436035
161,thin-chair,ABL-ET2X-R-PreviousRawEdge-CatmullRomRGB-Fixed080,5.465849876403809,27.93932839937205,1.9260104894638062,2.252579689025879
161,windows,O-T2X-R,5.117252826690674,26.367285697091468,5.582139015197754,7.7204766273498535
161,windows,ABL-ET2X-R-PreviousRawEdge-CatmullRomRGB,4.400976657867432,28.010029559776687,4.856167316436768,5.327737331390381
161,windows,ABL-ET2X-R-PreviousRawEdge-CatmullRomRGB-Fixed080,6.043603420257568,25.140793553459964,4.016304969787598,4.135913372039795
162,chairs,O-T2X-R,3.147721290588379,31.62548992347141,2.2195589542388916,3.620871067047119
162,chairs,ABL-ET2X-R-PreviousRawEdge-CatmullRomRGB,3.728060007095337,30.102320512572764,1.835998296737671,2.330686092376709
162,chairs,ABL-ET2X-R-PreviousRawEdge-CatmullRomRGB-Fixed080,3.7345378398895264,30.242158319512097,1.5689642429351807,1.8270328044891357
162,thin-chair,O-T2X-R,4.502574443817139,29.69523418037084,2.8429408073425293,4.684617042541504
162,thin-chair,ABL-ET2X-R-PreviousRawEdge-CatmullRomRGB,5.53006649017334,27.821984767389075,2.28507399559021,2.891617774963379
162,thin-chair,ABL-ET2X-R-PreviousRawEdge-CatmullRomRGB-Fixed080,5.4455790519714355,28.03535824493531,1.896577000617981,2.197720527648926
162,windows,O-T2X-R,5.082796096801758,26.34075766183452,4.121527671813965,6.794254302978516
162,windows,ABL-ET2X-R-PreviousRawEdge-CatmullRomRGB,4.918001174926758,26.5795615486051,4.224398612976074,5.453383445739746
162,windows,ABL-ET2X-R-PreviousRawEdge-CatmullRomRGB-Fixed080,6.456803321838379,24.50041648141147,3.976179838180542,4.156371593475342
163,chairs,O-T2X-R,3.076188087463379,31.89794900649835,2.1160616874694824,3.4137816429138184
163,chairs,ABL-ET2X-R-PreviousRawEdge-CatmullRomRGB,3.7621092796325684,30.010156053896022,1.8338639736175537,2.29850435256958
163,chairs,ABL-ET2X-R-PreviousRawEdge-CatmullRomRGB-Fixed080,3.7032389640808105,30.262606944601206,1.5586888790130615,1.7932612895965576
163,thin-chair,O-T2X-R,4.429243564605713,29.874118131923435,2.678618907928467,4.443048000335693
163,thin-chair,ABL-ET2X-R-PreviousRawEdge-CatmullRomRGB,5.560102939605713,27.738661812835925,2.2815818786621094,2.8285579681396484
163,thin-chair,ABL-ET2X-R-PreviousRawEdge-CatmullRomRGB-Fixed080,5.44102144241333,28.006467225175168,1.872494101524353,2.140881299972534
163,windows,O-T2X-R,5.110791206359863,26.531169056532583,5.8806986808776855,8.0709228515625
163,windows,ABL-ET2X-R-PreviousRawEdge-CatmullRomRGB,4.548111915588379,27.402893829567248,4.847093105316162,5.488268852233887
163,windows,ABL-ET2X-R-PreviousRawEdge-CatmullRomRGB-Fixed080,6.382470607757568,24.542634752141957,4.070734977722168,4.268415451049805
164,chairs,O-T2X-R,3.076709032058716,31.833176467196495,2.0813658237457275,3.507655382156372
164,chairs,ABL-ET2X-R-PreviousRawEdge-CatmullRomRGB,3.656770944595337,30.168130335684662,1.9030139446258545,2.4198379516601562
164,chairs,ABL-ET2X-R-PreviousRawEdge-CatmullRomRGB-Fixed080,3.642822265625,30.374546264790165,1.5836546421051025,1.855987548828125
164,thin-chair,O-T2X-R,4.415867805480957,29.797476309655742,2.6979219913482666,4.587249755859375
164,thin-chair,ABL-ET2X-R-PreviousRawEdge-CatmullRomRGB,5.362363815307617,27.947539809204272,2.3946290016174316,2.9729561805725098
164,thin-chair,ABL-ET2X-R-PreviousRawEdge-CatmullRomRGB-Fixed080,5.2936787605285645,28.181418072823217,1.9561375379562378,2.224318504333496
164,windows,O-T2X-R,4.968684673309326,26.632160134842565,4.10410737991333,6.864401817321777
164,windows,ABL-ET2X-R-PreviousRawEdge-CatmullRomRGB,4.572249412536621,27.292393261485422,4.671928882598877,6.039163589477539
164,windows,ABL-ET2X-R-PreviousRawEdge-CatmullRomRGB-Fixed080,6.331152439117432,24.75659826236404,4.166050910949707,4.389983177185059
165,chairs,O-T2X-R,3.1107420921325684,31.87481253759489,2.281947612762451,3.4267992973327637
165,chairs,ABL-ET2X-R-PreviousRawEdge-CatmullRomRGB,3.7027506828308105,30.081618542677845,1.8708865642547607,2.3089661598205566
165,chairs,ABL-ET2X-R-PreviousRawEdge-CatmullRomRGB-Fixed080,3.664339303970337,30.302030557732756,1.6140798330307007,1.8312528133392334
165,thin-chair,O-T2X-R,4.427556991577148,29.865090293393436,2.8589067459106445,4.464822769165039
165,thin-chair,ABL-ET2X-R-PreviousRawEdge-CatmullRomRGB,5.335049629211426,28.005754078569588,2.306076765060425,2.8849236965179443
165,thin-chair,ABL-ET2X-R-PreviousRawEdge-CatmullRomRGB-Fixed080,5.24532413482666,28.253966906931485,1.9249638319015503,2.2079524993896484
165,windows,O-T2X-R,5.3206706047058105,26.14430949334755,5.823260307312012,8.096015930175781
165,windows,ABL-ET2X-R-PreviousRawEdge-CatmullRomRGB,4.627213478088379,27.613156585127406,4.767119407653809,5.921329975128174
165,windows,ABL-ET2X-R-PreviousRawEdge-CatmullRomRGB-Fixed080,6.318180561065674,24.60989184500439,4.15027379989624,4.5089640617370605
166,chairs,O-T2X-R,2.9649250507354736,32.106245153963464,2.0887346267700195,3.7592716217041016
166,chairs,ABL-ET2X-R-PreviousRawEdge-CatmullRomRGB,3.6780598163604736,30.08967556216659,1.8653876781463623,2.445267677307129
166,chairs,ABL-ET2X-R-PreviousRawEdge-CatmullRomRGB-Fixed080,3.613297462463379,30.41278245761777,1.5493395328521729,1.902391791343689
166,thin-chair,O-T2X-R,4.287849426269531,29.97304147510656,2.7176454067230225,4.842452526092529
166,thin-chair,ABL-ET2X-R-PreviousRawEdge-CatmullRomRGB,5.378935813903809,27.92990988913049,2.2752487659454346,2.8992221355438232
166,thin-chair,ABL-ET2X-R-PreviousRawEdge-CatmullRomRGB-Fixed080,5.211263179779053,28.305188533217283,1.8869481086730957,2.1972923278808594
166,windows,O-T2X-R,5.314681053161621,25.587461569884535,4.383404731750488,7.213393211364746
166,windows,ABL-ET2X-R-PreviousRawEdge-CatmullRomRGB,4.947591304779053,26.177573701713015,4.663382053375244,5.567245006561279
166,windows,ABL-ET2X-R-PreviousRawEdge-CatmullRomRGB-Fixed080,6.653662204742432,24.06874143999403,4.037152290344238,4.1937031745910645
167,chairs,O-T2X-R,3.021240234375,31.915580613811127,2.0417730808258057,3.2149910926818848
167,chairs,ABL-ET2X-R-PreviousRawEdge-CatmullRomRGB,3.642789602279663,30.148557309487526,1.8275238275527954,2.3161048889160156
167,chairs,ABL-ET2X-R-PreviousRawEdge-CatmullRomRGB-Fixed080,3.6052896976470947,30.420442416188376,1.542628288269043,1.7720531225204468
167,thin-chair,O-T2X-R,4.342655181884766,29.833691568949263,2.594196081161499,4.2388739585876465
167,thin-chair,ABL-ET2X-R-PreviousRawEdge-CatmullRomRGB,5.353663444519043,27.93277486371918,2.2057759761810303,2.7912440299987793
167,thin-chair,ABL-ET2X-R-PreviousRawEdge-CatmullRomRGB-Fixed080,5.164535999298096,28.31812729287688,1.8618031740188599,2.125767946243286
167,windows,O-T2X-R,5.093896389007568,26.66422740253183,5.846599578857422,8.288952827453613
167,windows,ABL-ET2X-R-PreviousRawEdge-CatmullRomRGB,4.4256672859191895,27.656459445058204,5.072761058807373,6.429147243499756
167,windows,ABL-ET2X-R-PreviousRawEdge-CatmullRomRGB-Fixed080,6.413720607757568,24.269155585047958,4.435926914215088,4.681534290313721
168,chairs,O-T2X-R,3.010481834411621,31.847962249869806,2.189131021499634,3.5510802268981934
168,chairs,ABL-ET2X-R-PreviousRawEdge-CatmullRomRGB,3.590120553970337,30.390487318586572,1.8551788330078125,2.363588333129883
168,chairs,ABL-ET2X-R-PreviousRawEdge-CatmullRomRGB-Fixed080,3.5316569805145264,30.702827721227315,1.56661057472229,1.8114192485809326
168,thin-chair,O-T2X-R,4.3132100105285645,29.859908647060166,2.819169282913208,4.614652633666992
168,thin-chair,ABL-ET2X-R-PreviousRawEdge-CatmullRomRGB,5.28944730758667,28.14973352629551,2.21734619140625,2.8297083377838135
168,thin-chair,ABL-ET2X-R-PreviousRawEdge-CatmullRomRGB-Fixed080,5.10585355758667,28.526065566421973,1.835610270500183,2.1352200508117676
168,windows,O-T2X-R,5.239518165588379,26.068021384670722,3.986268997192383,7.392986297607422
168,windows,ABL-ET2X-R-PreviousRawEdge-CatmullRomRGB,4.764566898345947,26.934881050671912,4.522488594055176,5.816647529602051
168,windows,ABL-ET2X-R-PreviousRawEdge-CatmullRomRGB-Fixed080,6.366129398345947,24.64032208200155,4.168729305267334,4.544358730316162
169,chairs,O-T2X-R,3.0228190422058105,32.0565605931221,2.1160836219787598,3.331197738647461
169,chairs,ABL-ET2X-R-PreviousRawEdge-CatmullRomRGB,3.6087889671325684,30.357698993496435,1.9161968231201172,2.422783613204956
169,chairs,ABL-ET2X-R-PreviousRawEdge-CatmullRomRGB-Fixed080,3.537858009338379,30.702190059166277,1.608698844909668,1.8840091228485107
169,thin-chair,O-T2X-R,4.248846054077148,30.14157606395583,2.741633415222168,4.396975040435791
169,thin-chair,ABL-ET2X-R-PreviousRawEdge-CatmullRomRGB,5.317826747894287,28.0994680859935,2.2829809188842773,2.909057855606079
169,thin-chair,ABL-ET2X-R-PreviousRawEdge-CatmullRomRGB-Fixed080,5.128107070922852,28.495514523640693,1.903598666191101,2.2015600204467773
169,windows,O-T2X-R,4.797428607940674,26.85311312895939,5.688819408416748,7.6366868019104
169,windows,ABL-ET2X-R-PreviousRawEdge-CatmullRomRGB,4.313020706176758,27.94653361255401,4.7819013595581055,5.748684406280518
169,windows,ABL-ET2X-R-PreviousRawEdge-CatmullRomRGB-Fixed080,6.319872856140137,24.528070643880028,4.132044792175293,4.458408355712891
170,chairs,O-T2X-R,3.0105793476104736,32.02613246457612,2.140897750854492,3.5394604206085205
170,chairs,ABL-ET2X-R-PreviousRawEdge-CatmullRomRGB,3.6426594257354736,30.263791786791533,1.9043703079223633,2.4026236534118652
170,chairs,ABL-ET2X-R-PreviousRawEdge-CatmullRomRGB-Fixed080,3.597900390625,30.582102792269996,1.6182315349578857,1.904283881187439
170,thin-chair,O-T2X-R,4.285600185394287,30.038836284548477,2.733020782470703,4.601146221160889
170,thin-chair,ABL-ET2X-R-PreviousRawEdge-CatmullRomRGB,5.303030490875244,28.109710757737155,2.297006607055664,2.94010853767395
170,thin-chair,ABL-ET2X-R-PreviousRawEdge-CatmullRomRGB-Fixed080,5.12831449508667,28.51519402118617,1.9037582874298096,2.2503678798675537
170,windows,O-T2X-R,5.065706253051758,26.220954089603556,4.358506679534912,7.425904273986816
170,windows,ABL-ET2X-R-PreviousRawEdge-CatmullRomRGB,4.708430767059326,26.74711351490453,4.472149848937988,5.605433464050293
170,windows,ABL-ET2X-R-PreviousRawEdge-CatmullRomRGB-Fixed080,6.092805862426758,24.80464400423637,4.223118782043457,4.4059739112854
171,chairs,O-T2X-R,3.0025391578674316,32.082782977695004,2.0722622871398926,3.288642168045044
171,chairs,ABL-ET2X-R-PreviousRawEdge-CatmullRomRGB,3.5375163555145264,30.514898180419156,1.9130427837371826,2.495797634124756
171,chairs,ABL-ET2X-R-PreviousRawEdge-CatmullRomRGB-Fixed080,3.5341145992279053,30.796369997985245,1.579993486404419,1.920294165611267
171,thin-chair,O-T2X-R,4.269560813903809,30.071271553882973,2.671846628189087,4.319138050079346
171,thin-chair,ABL-ET2X-R-PreviousRawEdge-CatmullRomRGB,5.215761184692383,28.24400002053975,2.3783910274505615,3.0636024475097656
171,thin-chair,ABL-ET2X-R-PreviousRawEdge-CatmullRomRGB-Fixed080,5.092270374298096,28.62214750672805,1.9165645837783813,2.2893402576446533
171,windows,O-T2X-R,5.0413737297058105,26.571161117149018,5.9155683517456055,8.154471397399902
171,windows,ABL-ET2X-R-PreviousRawEdge-CatmullRomRGB,4.512158393859863,27.306517798211623,4.480583190917969,5.2657575607299805
171,windows,ABL-ET2X-R-PreviousRawEdge-CatmullRomRGB-Fixed080,6.284440040588379,24.505035391347878,3.825014591217041,4.342870235443115
172,chairs,O-T2X-R,2.9820313453674316,31.917323075234634,2.1753106117248535,3.5027732849121094
172,chairs,ABL-ET2X-R-PreviousRawEdge-CatmullRomRGB,3.500211477279663,30.567725661575903,1.7784316539764404,2.3428685665130615
172,chairs,ABL-ET2X-R-PreviousRawEdge-CatmullRomRGB-Fixed080,3.4851725101470947,30.843191593921677,1.5273483991622925,1.8048436641693115
172,thin-chair,O-T2X-R,4.271395683288574,29.912871373189127,2.7600021362304688,4.530609607696533
172,thin-chair,ABL-ET2X-R-PreviousRawEdge-CatmullRomRGB,5.13162899017334,28.321265799657176,2.2152957916259766,2.904878854751587
172,thin-chair,ABL-ET2X-R-PreviousRawEdge-CatmullRomRGB-Fixed080,5.019383430480957,28.669541537204566,1.8498963117599487,2.169246196746826
172,windows,O-T2X-R,4.800455570220947,26.814536406660356,4.175717353820801,7.289885520935059
172,windows,ABL-ET2X-R-PreviousRawEdge-CatmullRomRGB,4.463069438934326,27.41248366377198,4.6737165451049805,5.813108921051025
172,windows,ABL-ET2X-R-PreviousRawEdge-CatmullRomRGB-Fixed080,6.138655662536621,24.7661161831868,4.146629810333252,4.315975189208984
173,chairs,O-T2X-R,2.9827637672424316,32.12234148694665,2.0250308513641357,3.258017063140869
173,chairs,ABL-ET2X-R-PreviousRawEdge-CatmullRomRGB,3.5286295413970947,30.555478146449868,1.8379614353179932,2.3361737728118896
173,chairs,ABL-ET2X-R-PreviousRawEdge-CatmullRomRGB-Fixed080,3.467317819595337,30.90347367561258,1.560304880142212,1.8315227031707764
173,thin-chair,O-T2X-R,4.246064186096191,30.034180198928063,2.5615477561950684,4.221240520477295
173,thin-chair,ABL-ET2X-R-PreviousRawEdge-CatmullRomRGB,5.138849258422852,28.324503235492013,2.283297300338745,2.9001173973083496
173,thin-chair,ABL-ET2X-R-PreviousRawEdge-CatmullRomRGB-Fixed080,4.975704193115234,28.72592694386337,1.8804081678390503,2.22349214553833
173,windows,O-T2X-R,4.910449028015137,26.835492756240352,5.670773983001709,7.928757667541504
173,windows,ABL-ET2X-R-PreviousRawEdge-CatmullRomRGB,4.386637210845947,27.77712467114089,4.5406646728515625,5.659031867980957
173,windows,ABL-ET2X-R-PreviousRawEdge-CatmullRomRGB-Fixed080,6.030191898345947,25.042701899608378,4.04117488861084,4.338379859924316
174,chairs,O-T2X-R,2.939957618713379,32.04654450964736,2.1803700923919678,3.5011658668518066
174,chairs,ABL-ET2X-R-PreviousRawEdge-CatmullRomRGB,3.4590494632720947,30.73442103390951,1.764139175415039,2.3347232341766357
174,chairs,ABL-ET2X-R-PreviousRawEdge-CatmullRomRGB-Fixed080,3.4148926734924316,31.009494717748023,1.5077470541000366,1.7946271896362305
174,thin-chair,O-T2X-R,4.184747695922852,30.061634177505493,2.7239294052124023,4.442968368530273
174,thin-chair,ABL-ET2X-R-PreviousRawEdge-CatmullRomRGB,5.001153945922852,28.533422564223585,2.1536715030670166,2.792602777481079
174,thin-chair,ABL-ET2X-R-PreviousRawEdge-CatmullRomRGB-Fixed080,4.910629749298096,28.84474447411849,1.799627423286438,2.1170096397399902
174,windows,O-T2X-R,4.911376953125,26.669498638108596,3.9707999229431152,7.082861423492432
174,windows,ABL-ET2X-R-PreviousRawEdge-CatmullRomRGB,4.6463704109191895,26.947338697863003,4.141349792480469,5.063265800476074
174,windows,ABL-ET2X-R-PreviousRawEdge-CatmullRomRGB-Fixed080,6.137662887573242,24.678233855247804,3.8086998462677,4.005766868591309
175,chairs,O-T2X-R,2.9406087398529053,32.171923250158024,2.0361461639404297,3.2868518829345703
175,chairs,ABL-ET2X-R-PreviousRawEdge-CatmullRomRGB,3.520800828933716,30.570658996313377,1.9047906398773193,2.3392224311828613
175,chairs,ABL-ET2X-R-PreviousRawEdge-CatmullRomRGB-Fixed080,3.4381673336029053,30.9789868986101,1.5636236667633057,1.8175830841064453
175,thin-chair,O-T2X-R,4.171963691711426,30.139999915437166,2.559875011444092,4.159947395324707
175,thin-chair,ABL-ET2X-R-PreviousRawEdge-CatmullRomRGB,5.052586555480957,28.451905245319757,2.2842681407928467,2.7875685691833496
175,thin-chair,ABL-ET2X-R-PreviousRawEdge-CatmullRomRGB-Fixed080,4.9038825035095215,28.873134222307097,1.8710843324661255,2.162797689437866
175,windows,O-T2X-R,4.544629096984863,27.504228490726184,5.5704803466796875,7.678560733795166
175,windows,ABL-ET2X-R-PreviousRawEdge-CatmullRomRGB,4.181233882904053,27.932292119350038,4.811179161071777,5.87048864364624
175,windows,ABL-ET2X-R-PreviousRawEdge-CatmullRomRGB-Fixed080,6.100553512573242,24.913515690255142,3.984351634979248,4.303112983703613
176,chairs,O-T2X-R,2.976106882095337,31.956721424348228,1.989534616470337,3.349641799926758
176,chairs,ABL-ET2X-R-PreviousRawEdge-CatmullRomRGB,3.5438475608825684,30.456205892503814,1.8873533010482788,2.3206589221954346
176,chairs,ABL-ET2X-R-PreviousRawEdge-CatmullRomRGB-Fixed080,3.50244140625,30.819941713550556,1.594920039176941,1.8195457458496094
176,thin-chair,O-T2X-R,4.1672587394714355,30.0617685583942,2.604480028152466,4.366277694702148
176,thin-chair,ABL-ET2X-R-PreviousRawEdge-CatmullRomRGB,5.058061122894287,28.40250957144012,2.219419240951538,2.7686221599578857
176,thin-chair,ABL-ET2X-R-PreviousRawEdge-CatmullRomRGB-Fixed080,4.8864521980285645,28.880524965814654,1.8349380493164062,2.1251113414764404
176,windows,O-T2X-R,4.7112956047058105,27.04769304826597,4.102486610412598,7.068789482116699
176,windows,ABL-ET2X-R-PreviousRawEdge-CatmullRomRGB,4.567106246948242,27.264036725518878,4.364221096038818,5.78895902633667
176,windows,ABL-ET2X-R-PreviousRawEdge-CatmullRomRGB-Fixed080,5.9080729484558105,25.159054733614433,4.2452497482299805,4.437108039855957
177,chairs,O-T2X-R,2.934358835220337,32.27158495522575,2.108339309692383,3.2134792804718018
177,chairs,ABL-ET2X-R-PreviousRawEdge-CatmullRomRGB,3.5756185054779053,30.399286565078807,1.7473903894424438,2.3314404487609863
177,chairs,ABL-ET2X-R-PreviousRawEdge-CatmullRomRGB-Fixed080,3.50927734375,30.821911579455655,1.4849989414215088,1.8276796340942383
177,thin-chair,O-T2X-R,4.12227725982666,30.253670277979626,2.490123748779297,4.092799186706543
177,thin-chair,ABL-ET2X-R-PreviousRawEdge-CatmullRomRGB,5.151278495788574,28.250972020030247,2.134425401687622,2.756286859512329
177,thin-chair,ABL-ET2X-R-PreviousRawEdge-CatmullRomRGB-Fixed080,4.917820930480957,28.822058624356846,1.7908496856689453,2.1270642280578613
177,windows,O-T2X-R,4.341243267059326,27.663187948421143,5.486977577209473,7.589148044586182
177,windows,ABL-ET2X-R-PreviousRawEdge-CatmullRomRGB,4.101171970367432,28.1479874070695,4.605890274047852,5.456184387207031
177,windows,ABL-ET2X-R-PreviousRawEdge-CatmullRomRGB-Fixed080,6.018278121948242,24.933414498115226,3.715085983276367,4.370439052581787
178,chairs,O-T2X-R,2.9019694328308105,32.11006039304312,2.0593738555908203,3.454714298248291
178,chairs,ABL-ET2X-R-PreviousRawEdge-CatmullRomRGB,3.575423240661621,30.199423274980735,1.885759949684143,2.297666072845459
178,chairs,ABL-ET2X-R-PreviousRawEdge-CatmullRomRGB-Fixed080,3.5281739234924316,30.556891631837328,1.5904791355133057,1.839775800704956
178,thin-chair,O-T2X-R,4.097478866577148,30.136892192089526,2.570892572402954,4.201956272125244
178,thin-chair,ABL-ET2X-R-PreviousRawEdge-CatmullRomRGB,5.164595127105713,28.076325140795063,2.2425730228424072,2.7859179973602295
178,thin-chair,ABL-ET2X-R-PreviousRawEdge-CatmullRomRGB-Fixed080,4.960434436798096,28.567299805336397,1.8611092567443848,2.1927404403686523
178,windows,O-T2X-R,4.918196678161621,26.485623655672086,4.143240928649902,7.566884517669678
178,windows,ABL-ET2X-R-PreviousRawEdge-CatmullRomRGB,4.303922653198242,27.351859021003953,4.269684314727783,5.541260719299316
178,windows,ABL-ET2X-R-PreviousRawEdge-CatmullRomRGB-Fixed080,5.789322853088379,25.211822508091032,4.1508355140686035,4.136085510253906
179,chairs,O-T2X-R,2.993945360183716,32.03369623597622,2.022247791290283,3.153733730316162
179,chairs,ABL-ET2X-R-PreviousRawEdge-CatmullRomRGB,3.674267530441284,29.830497204023526,1.8419708013534546,2.342697858810425
179,chairs,ABL-ET2X-R-PreviousRawEdge-CatmullRomRGB-Fixed080,3.5762858390808105,30.266745418717864,1.5630438327789307,1.862058401107788
179,thin-chair,O-T2X-R,4.119377136230469,30.15236891746231,2.5489282608032227,4.085358142852783
179,thin-chair,ABL-ET2X-R-PreviousRawEdge-CatmullRomRGB,5.295987129211426,27.753499872496125,2.1866536140441895,2.7531492710113525
179,thin-chair,ABL-ET2X-R-PreviousRawEdge-CatmullRomRGB-Fixed080,5.028202056884766,28.323182411010247,1.8408595323562622,2.181382179260254
179,windows,O-T2X-R,4.8414387702941895,26.453861828984863,5.636224269866943,7.469185829162598
179,windows,ABL-ET2X-R-PreviousRawEdge-CatmullRomRGB,4.259537696838379,27.63387981817801,4.096124649047852,4.828399181365967
179,windows,ABL-ET2X-R-PreviousRawEdge-CatmullRomRGB-Fixed080,6.020947456359863,24.869209589138034,3.516599655151367,4.1131696701049805
180,chairs,O-T2X-R,2.938037157058716,32.0527344131488,2.1659481525421143,3.4902336597442627
180,chairs,ABL-ET2X-R-PreviousRawEdge-CatmullRomRGB,3.721630811691284,29.672771386403355,1.9040260314941406,2.361903429031372
180,chairs,ABL-ET2X-R-PreviousRawEdge-CatmullRomRGB-Fixed080,3.6593260765075684,30.008586287593573,1.6281955242156982,1.879232406616211
180,thin-chair,O-T2X-R,4.069632053375244,30.208439481324486,2.657637119293213,4.381685733795166
180,thin-chair,ABL-ET2X-R-PreviousRawEdge-CatmullRomRGB,5.31190824508667,27.673162369231964,2.2342722415924072,2.8579957485198975
180,thin-chair,ABL-ET2X-R-PreviousRawEdge-CatmullRomRGB-Fixed080,5.124171257019043,28.140105673545794,1.8771114349365234,2.2343850135803223
180,windows,O-T2X-R,4.524446487426758,27.193543767108615,4.158631801605225,7.394537925720215
180,windows,ABL-ET2X-R-PreviousRawEdge-CatmullRomRGB,4.137483596801758,28.013762208703707,4.4477858543396,5.605443000793457
180,windows,ABL-ET2X-R-PreviousRawEdge-CatmullRomRGB-Fixed080,5.773469924926758,25.32512958908423,3.8841404914855957,4.195689678192139
181,chairs,O-T2X-R,3.098583936691284,31.61831236571278,2.185051202774048,3.703850507736206
181,chairs,ABL-ET2X-R-PreviousRawEdge-CatmullRomRGB,3.987353563308716,29.142215926687168,0.6711164712905884,1.5805535316467285
181,chairs,ABL-ET2X-R-PreviousRawEdge-CatmullRomRGB-Fixed080,3.692675828933716,29.84662784028824,0.5627862215042114,1.5702052116394043
181,thin-chair,O-T2X-R,4.322088241577148,29.778005070178235,2.739450216293335,4.615722179412842
181,thin-chair,ABL-ET2X-R-PreviousRawEdge-CatmullRomRGB,5.655303001403809,27.174869411578932,0.8724504113197327,1.8250054121017456
181,thin-chair,ABL-ET2X-R-PreviousRawEdge-CatmullRomRGB-Fixed080,5.199662685394287,27.927613388231777,0.7561811804771423,1.8144335746765137
181,windows,O-T2X-R,4.244450092315674,27.97851152724271,3.842881441116333,6.253973484039307
181,windows,ABL-ET2X-R-PreviousRawEdge-CatmullRomRGB,4.673730373382568,26.58980056308557,1.5137531757354736,3.7850594520568848
181,windows,ABL-ET2X-R-PreviousRawEdge-CatmullRomRGB-Fixed080,4.962450981140137,26.442900028748216,1.5575988292694092,3.709528684616089
182,chairs,O-T2X-R,2.772656202316284,32.37857153842635,1.1791350841522217,3.2783122062683105
182,chairs,ABL-ET2X-R-PreviousRawEdge-CatmullRomRGB,4.058626174926758,28.99961505263674,0.11749915778636932,0.5538053512573242
182,chairs,ABL-ET2X-R-PreviousRawEdge-CatmullRomRGB-Fixed080,3.680191993713379,29.841016686961353,0.22155117988586426,0.3413962721824646
182,thin-chair,O-T2X-R,3.896780252456665,30.58550969043736,1.5073323249816895,4.138524532318115
182,thin-chair,ABL-ET2X-R-PreviousRawEdge-CatmullRomRGB,5.751006126403809,27.039060571058705,0.1600121706724167,0.7127173542976379
182,thin-chair,ABL-ET2X-R-PreviousRawEdge-CatmullRomRGB-Fixed080,5.1997809410095215,27.90039790921435,0.29344603419303894,0.4629521369934082
182,windows,O-T2X-R,3.6632161140441895,29.098410892712096,1.6643444299697876,5.379538536071777
182,windows,ABL-ET2X-R-PreviousRawEdge-CatmullRomRGB,4.858902931213379,26.222752536880186,0.24572594463825226,1.2697927951812744
182,windows,ABL-ET2X-R-PreviousRawEdge-CatmullRomRGB-Fixed080,4.660888671875,26.89943109021506,0.5404031276702881,1.0188627243041992
183,chairs,O-T2X-R,2.772656202316284,32.37857153842635,0.0,1.1791350841522217
183,chairs,ABL-ET2X-R-PreviousRawEdge-CatmullRomRGB,4.094417095184326,28.914141234128753,0.046535342931747437,0.0711100697517395
183,chairs,ABL-ET2X-R-PreviousRawEdge-CatmullRomRGB-Fixed080,3.701936960220337,29.777902428141786,0.17346622049808502,0.04814775660634041
183,thin-chair,O-T2X-R,3.896780252456665,30.58550969043736,0.0,1.5073323249816895
183,thin-chair,ABL-ET2X-R-PreviousRawEdge-CatmullRomRGB,5.800337314605713,26.955206166558654,0.06338346749544144,0.09689459204673767
183,thin-chair,ABL-ET2X-R-PreviousRawEdge-CatmullRomRGB-Fixed080,5.240263938903809,27.826050591377587,0.22885960340499878,0.06470059603452682
183,windows,O-T2X-R,3.6632161140441895,29.098410892712096,0.0,1.6643444299697876
183,windows,ABL-ET2X-R-PreviousRawEdge-CatmullRomRGB,4.966096878051758,26.000216971565635,0.12142199277877808,0.12533530592918396
183,windows,ABL-ET2X-R-PreviousRawEdge-CatmullRomRGB-Fixed080,4.52490234375,27.074993399994298,0.421171098947525,0.12077192217111588
184,chairs,O-T2X-R,2.772656202316284,32.37857153842635,0.0,0.0
184,chairs,ABL-ET2X-R-PreviousRawEdge-CatmullRomRGB,4.108642578125,28.872931385387663,0.015614192001521587,0.03092116117477417
184,chairs,ABL-ET2X-R-PreviousRawEdge-CatmullRomRGB-Fixed080,3.7459146976470947,29.687497201254757,0.13915380835533142,0.034326616674661636
184,thin-chair,O-T2X-R,3.896780252456665,30.58550969043736,0.0,0.0
184,thin-chair,ABL-ET2X-R-PreviousRawEdge-CatmullRomRGB,5.821170806884766,26.913294582026715,0.022411882877349854,0.040971603244543076
184,thin-chair,ABL-ET2X-R-PreviousRawEdge-CatmullRomRGB-Fixed080,5.3053975105285645,27.730593900410238,0.18471623957157135,0.04416913911700249
184,windows,O-T2X-R,3.6632161140441895,29.098410892712096,0.0,0.0
184,windows,ABL-ET2X-R-PreviousRawEdge-CatmullRomRGB,5.020849704742432,25.87702646964209,0.05313295125961304,0.06887364387512207
184,windows,ABL-ET2X-R-PreviousRawEdge-CatmullRomRGB-Fixed080,4.510449409484863,27.088437129915054,0.3361196219921112,0.08611072599887848
185,chairs,O-T2X-R,2.772656202316284,32.37857153842635,0.0,0.0
185,chairs,ABL-ET2X-R-PreviousRawEdge-CatmullRomRGB,4.113248825073242,28.856194252333367,0.004409657325595617,0.011204536072909832
185,chairs,ABL-ET2X-R-PreviousRawEdge-CatmullRomRGB-Fixed080,3.7945148944854736,29.587028666389553,0.10881855338811874,0.030538219958543777
185,thin-chair,O-T2X-R,3.896780252456665,30.58550969043736,0.0,0.0
185,thin-chair,ABL-ET2X-R-PreviousRawEdge-CatmullRomRGB,5.82850980758667,26.89555150554913,0.007062321528792381,0.015349564142525196
185,thin-chair,ABL-ET2X-R-PreviousRawEdge-CatmullRomRGB-Fixed080,5.373402118682861,27.627811487392073,0.14542770385742188,0.039644721895456314
185,windows,O-T2X-R,3.6632161140441895,29.098410892712096,0.0,0.0
185,windows,ABL-ET2X-R-PreviousRawEdge-CatmullRomRGB,5.044938087463379,25.815806863936434,0.020168256014585495,0.033027004450559616
185,windows,ABL-ET2X-R-PreviousRawEdge-CatmullRomRGB-Fixed080,4.5426106452941895,27.01235683713223,0.2693100869655609,0.06777825951576233
186,chairs,O-T2X-R,2.772656202316284,32.37857153842635,0.0,0.0
186,chairs,ABL-ET2X-R-PreviousRawEdge-CatmullRomRGB,4.114713668823242,28.84945150080414,0.0014403029344975948,0.0029693550895899534
186,chairs,ABL-ET2X-R-PreviousRawEdge-CatmullRomRGB-Fixed080,3.839648485183716,29.489228715734562,0.08414292335510254,0.024815304204821587
186,thin-chair,O-T2X-R,3.896780252456665,30.58550969043736,0.0,0.0
186,thin-chair,ABL-ET2X-R-PreviousRawEdge-CatmullRomRGB,5.8310546875,26.887988379483964,0.0024986155331134796,0.004563705995678902
186,thin-chair,ABL-ET2X-R-PreviousRawEdge-CatmullRomRGB-Fixed080,5.435872554779053,27.529187296586898,0.11142785102128983,0.03424094244837761
186,windows,O-T2X-R,3.6632161140441895,29.098410892712096,0.0,0.0
186,windows,ABL-ET2X-R-PreviousRawEdge-CatmullRomRGB,5.053808689117432,25.78922355659895,0.007180297281593084,0.012995017692446709
186,windows,ABL-ET2X-R-PreviousRawEdge-CatmullRomRGB-Fixed080,4.590283393859863,26.89276903951354,0.21598868072032928,0.05376774072647095
187,chairs,O-T2X-R,2.772656202316284,32.37857153842635,0.0,0.0
187,chairs,ABL-ET2X-R-PreviousRawEdge-CatmullRomRGB,4.114827632904053,28.84868332023199,0.00010118167847394943,0.0013391212560236454
187,chairs,ABL-ET2X-R-PreviousRawEdge-CatmullRomRGB-Fixed080,3.8773274421691895,29.39862828346655,0.06336290389299393,0.020787155255675316
187,thin-chair,O-T2X-R,3.896780252456665,30.58550969043736,0.0,0.0
187,thin-chair,ABL-ET2X-R-PreviousRawEdge-CatmullRomRGB,5.83126163482666,26.88709946523908,0.00018396669474896044,0.002314648823812604
187,thin-chair,ABL-ET2X-R-PreviousRawEdge-CatmullRomRGB-Fixed080,5.487630367279053,27.43996221887537,0.08368528634309769,0.027755510061979294
187,windows,O-T2X-R,3.6632161140441895,29.098410892712096,0.0,0.0
187,windows,ABL-ET2X-R-PreviousRawEdge-CatmullRomRGB,5.056787014007568,25.779099862156123,0.0021830664481967688,0.00499723618850112
187,windows,ABL-ET2X-R-PreviousRawEdge-CatmullRomRGB-Fixed080,4.642675876617432,26.760645416224964,0.17295347154140472,0.04375297948718071
188,chairs,O-T2X-R,2.772656202316284,32.37857153842635,0.0,0.0
188,chairs,ABL-ET2X-R-PreviousRawEdge-CatmullRomRGB,4.114827632904053,28.84868332023199,0.0,0.00010118167847394943
188,chairs,ABL-ET2X-R-PreviousRawEdge-CatmullRomRGB-Fixed080,3.9105143547058105,29.31557494884514,0.04665340483188629,0.016709569841623306
188,thin-chair,O-T2X-R,3.896780252456665,30.58550969043736,0.0,0.0
188,thin-chair,ABL-ET2X-R-PreviousRawEdge-CatmullRomRGB,5.83126163482666,26.88709946523908,0.0,0.00018396669474896044
188,thin-chair,ABL-ET2X-R-PreviousRawEdge-CatmullRomRGB-Fixed080,5.533114433288574,27.357908752688683,0.06331738829612732,0.02036799117922783
188,windows,O-T2X-R,3.6632161140441895,29.098410892712096,0.0,0.0
188,windows,ABL-ET2X-R-PreviousRawEdge-CatmullRomRGB,5.057438373565674,25.77656838249656,0.0005282030324451625,0.0016548639396205544
188,windows,ABL-ET2X-R-PreviousRawEdge-CatmullRomRGB-Fixed080,4.696240425109863,26.627878110601422,0.13629867136478424,0.03731657192111015
189,chairs,O-T2X-R,2.772656202316284,32.37857153842635,0.0,0.0
189,chairs,ABL-ET2X-R-PreviousRawEdge-CatmullRomRGB,4.114827632904053,28.84868332023199,0.0,0.0
189,chairs,ABL-ET2X-R-PreviousRawEdge-CatmullRomRGB-Fixed080,3.937711477279663,29.245295044585372,0.03395642340183258,0.012704087421298027
189,thin-chair,O-T2X-R,3.896780252456665,30.58550969043736,0.0,0.0
189,thin-chair,ABL-ET2X-R-PreviousRawEdge-CatmullRomRGB,5.83126163482666,26.88709946523908,0.0,0.0
189,thin-chair,ABL-ET2X-R-PreviousRawEdge-CatmullRomRGB-Fixed080,5.571407318115234,27.286893458141677,0.04696923866868019,0.016361050307750702
189,windows,O-T2X-R,3.6632161140441895,29.098410892712096,0.0,0.0
189,windows,ABL-ET2X-R-PreviousRawEdge-CatmullRomRGB,5.057454586029053,25.776502098911372,1.0380847015767358e-05,0.0005178222199901938
189,windows,ABL-ET2X-R-PreviousRawEdge-CatmullRomRGB-Fixed080,4.749316215515137,26.50303456262925,0.10771031677722931,0.029116611927747726
190,chairs,O-T2X-R,2.772656202316284,32.37857153842635,0.0,0.0
190,chairs,ABL-ET2X-R-PreviousRawEdge-CatmullRomRGB,4.114827632904053,28.84868332023199,0.0,0.0
190,chairs,ABL-ET2X-R-PreviousRawEdge-CatmullRomRGB-Fixed080,3.959439992904663,29.186831527257546,0.024567728862166405,0.00938873179256916
190,thin-chair,O-T2X-R,3.896780252456665,30.58550969043736,0.0,0.0
190,thin-chair,ABL-ET2X-R-PreviousRawEdge-CatmullRomRGB,5.83126163482666,26.88709946523908,0.0,0.0
190,thin-chair,ABL-ET2X-R-PreviousRawEdge-CatmullRomRGB-Fixed080,5.602598190307617,27.22750506406523,0.03374187648296356,0.013227427378296852
190,windows,O-T2X-R,3.6632161140441895,29.098410892712096,0.0,0.0
190,windows,ABL-ET2X-R-PreviousRawEdge-CatmullRomRGB,5.057454586029053,25.776502098911372,0.0,1.0380847015767358e-05
190,windows,ABL-ET2X-R-PreviousRawEdge-CatmullRomRGB-Fixed080,4.797184467315674,26.39100801301991,0.08412940055131912,0.02381069026887417
191,chairs,O-T2X-R,2.772656202316284,32.37857153842635,0.0,0.0
191,chairs,ABL-ET2X-R-PreviousRawEdge-CatmullRomRGB,4.114827632904053,28.84868332023199,0.0,0.0
191,chairs,ABL-ET2X-R-PreviousRawEdge-CatmullRomRGB-Fixed080,3.9751627445220947,29.14155475472615,0.016946006566286087,0.007628788705915213
191,thin-chair,O-T2X-R,3.896780252456665,30.58550969043736,0.0,0.0
191,thin-chair,ABL-ET2X-R-PreviousRawEdge-CatmullRomRGB,5.83126163482666,26.88709946523908,0.0,0.0
191,thin-chair,ABL-ET2X-R-PreviousRawEdge-CatmullRomRGB-Fixed080,5.625147819519043,27.181442611820184,0.02354060858488083,0.010214108042418957
191,windows,O-T2X-R,3.6632161140441895,29.098410892712096,0.0,0.0
191,windows,ABL-ET2X-R-PreviousRawEdge-CatmullRomRGB,5.057454586029053,25.776502098911372,0.0,0.0
191,windows,ABL-ET2X-R-PreviousRawEdge-CatmullRomRGB-Fixed080,4.840624809265137,26.29015940643512,0.06380224972963333,0.020459769293665886
192,chairs,O-T2X-R,2.772656202316284,32.37857153842635,0.0,0.0
192,chairs,ABL-ET2X-R-PreviousRawEdge-CatmullRomRGB,4.114827632904053,28.84868332023199,0.0,0.0
192,chairs,ABL-ET2X-R-PreviousRawEdge-CatmullRomRGB-Fixed080,3.9866862297058105,29.106317838680788,0.011652354151010513,0.005293665919452906
192,thin-chair,O-T2X-R,3.896780252456665,30.58550969043736,0.0,0.0
192,thin-chair,ABL-ET2X-R-PreviousRawEdge-CatmullRomRGB,5.83126163482666,26.88709946523908,0.0,0.0
192,thin-chair,ABL-ET2X-R-PreviousRawEdge-CatmullRomRGB-Fixed080,5.641749382019043,27.145499127942916,0.016871396452188492,0.006669232156127691
192,windows,O-T2X-R,3.6632161140441895,29.098410892712096,0.0,0.0
192,windows,ABL-ET2X-R-PreviousRawEdge-CatmullRomRGB,5.057454586029053,25.776502098911372,0.0,0.0
192,windows,ABL-ET2X-R-PreviousRawEdge-CatmullRomRGB-Fixed080,4.876253128051758,26.205385478247997,0.046709123998880386,0.0171696487814188
193,chairs,O-T2X-R,2.772656202316284,32.37857153842635,0.0,0.0
193,chairs,ABL-ET2X-R-PreviousRawEdge-CatmullRomRGB,4.114827632904053,28.84868332023199,0.0,0.0
193,chairs,ABL-ET2X-R-PreviousRawEdge-CatmullRomRGB-Fixed080,3.994661569595337,29.079162976677733,0.007846454158425331,0.0038059044163674116
193,thin-chair,O-T2X-R,3.896780252456665,30.58550969043736,0.0,0.0
193,thin-chair,ABL-ET2X-R-PreviousRawEdge-CatmullRomRGB,5.83126163482666,26.88709946523908,0.0,0.0
193,thin-chair,ABL-ET2X-R-PreviousRawEdge-CatmullRomRGB-Fixed080,5.6540303230285645,27.117137032858665,0.012256193906068802,0.004615209065377712
193,windows,O-T2X-R,3.6632161140441895,29.098410892712096,0.0,0.0
193,windows,ABL-ET2X-R-PreviousRawEdge-CatmullRomRGB,5.057454586029053,25.776502098911372,0.0,0.0
193,windows,ABL-ET2X-R-PreviousRawEdge-CatmullRomRGB-Fixed080,4.904313087463379,26.13496970723873,0.03375580161809921,0.012960466556251049
194,chairs,O-T2X-R,2.772656202316284,32.37857153842635,0.0,0.0
194,chairs,ABL-ET2X-R-PreviousRawEdge-CatmullRomRGB,4.114827632904053,28.84868332023199,0.0,0.0
194,chairs,ABL-ET2X-R-PreviousRawEdge-CatmullRomRGB-Fixed080,4.000292778015137,29.0582266588001,0.005356552079319954,0.002489906270056963
194,thin-chair,O-T2X-R,3.896780252456665,30.58550969043736,0.0,0.0
194,thin-chair,ABL-ET2X-R-PreviousRawEdge-CatmullRomRGB,5.83126163482666,26.88709946523908,0.0,0.0
194,thin-chair,ABL-ET2X-R-PreviousRawEdge-CatmullRomRGB-Fixed080,5.662849426269531,27.095004436487017,0.008590428158640862,0.0036657736636698246
194,windows,O-T2X-R,3.6632161140441895,29.098410892712096,0.0,0.0
194,windows,ABL-ET2X-R-PreviousRawEdge-CatmullRomRGB,5.057454586029053,25.776502098911372,0.0,0.0
194,windows,ABL-ET2X-R-PreviousRawEdge-CatmullRomRGB-Fixed080,4.927001953125,26.076318734585954,0.024588782340288162,0.009180808439850807
195,chairs,O-T2X-R,2.772656202316284,32.37857153842635,0.0,0.0
195,chairs,ABL-ET2X-R-PreviousRawEdge-CatmullRomRGB,4.114827632904053,28.84868332023199,0.0,0.0
195,chairs,ABL-ET2X-R-PreviousRawEdge-CatmullRomRGB-Fixed080,4.004199028015137,29.04250067141929,0.003778476268053055,0.0015780789544805884
195,thin-chair,O-T2X-R,3.896780252456665,30.58550969043736,0.0,0.0
195,thin-chair,ABL-ET2X-R-PreviousRawEdge-CatmullRomRGB,5.83126163482666,26.88709946523908,0.0,0.0
195,thin-chair,ABL-ET2X-R-PreviousRawEdge-CatmullRomRGB-Fixed080,5.669270992279053,27.07803892424049,0.006346608512103558,0.0022438252344727516
195,windows,O-T2X-R,3.6632161140441895,29.098410892712096,0.0,0.0
195,windows,ABL-ET2X-R-PreviousRawEdge-CatmullRomRGB,5.057454586029053,25.776502098911372,0.0,0.0
195,windows,ABL-ET2X-R-PreviousRawEdge-CatmullRomRGB-Fixed080,4.944238185882568,26.029463856026766,0.017765892669558525,0.006829991936683655
196,chairs,O-T2X-R,2.772656202316284,32.37857153842635,0.0,0.0
196,chairs,ABL-ET2X-R-PreviousRawEdge-CatmullRomRGB,4.114827632904053,28.84868332023199,0.0,0.0
196,chairs,ABL-ET2X-R-PreviousRawEdge-CatmullRomRGB-Fixed080,4.006770610809326,29.03130508971804,0.0024537104181945324,0.001324767479673028
196,thin-chair,O-T2X-R,3.896780252456665,30.58550969043736,0.0,0.0
196,thin-chair,ABL-ET2X-R-PreviousRawEdge-CatmullRomRGB,5.83126163482666,26.88709946523908,0.0,0.0
196,thin-chair,ABL-ET2X-R-PreviousRawEdge-CatmullRomRGB-Fixed080,5.67344331741333,27.0661151723819,0.004095809068530798,0.0022508015390485525
196,windows,O-T2X-R,3.6632161140441895,29.098410892712096,0.0,0.0
196,windows,ABL-ET2X-R-PreviousRawEdge-CatmullRomRGB,5.057454586029053,25.776502098911372,0.0,0.0
196,windows,ABL-ET2X-R-PreviousRawEdge-CatmullRomRGB-Fixed080,4.956754684448242,25.993515295317515,0.01263619214296341,0.0051297377794981
197,chairs,O-T2X-R,2.772656202316284,32.37857153842635,0.0,0.0
197,chairs,ABL-ET2X-R-PreviousRawEdge-CatmullRomRGB,4.114827632904053,28.84868332023199,0.0,0.0
197,chairs,ABL-ET2X-R-PreviousRawEdge-CatmullRomRGB-Fixed080,4.0084309577941895,29.023295358628815,0.0016875782748684287,0.0007661334238946438
197,thin-chair,O-T2X-R,3.896780252456665,30.58550969043736,0.0,0.0
197,thin-chair,ABL-ET2X-R-PreviousRawEdge-CatmullRomRGB,5.83126163482666,26.88709946523908,0.0,0.0
197,thin-chair,ABL-ET2X-R-PreviousRawEdge-CatmullRomRGB-Fixed080,5.676313877105713,27.057147926556645,0.0029739527963101864,0.0011218584841117263
197,windows,O-T2X-R,3.6632161140441895,29.098410892712096,0.0,0.0
197,windows,ABL-ET2X-R-PreviousRawEdge-CatmullRomRGB,5.057454586029053,25.776502098911372,0.0,0.0
197,windows,ABL-ET2X-R-PreviousRawEdge-CatmullRomRGB-Fixed080,4.965836524963379,25.966865481458225,0.009106545709073544,0.003529667854309082
198,chairs,O-T2X-R,2.772656202316284,32.37857153842635,0.0,0.0
198,chairs,ABL-ET2X-R-PreviousRawEdge-CatmullRomRGB,4.114827632904053,28.84868332023199,0.0,0.0
198,chairs,ABL-ET2X-R-PreviousRawEdge-CatmullRomRGB-Fixed080,4.009439945220947,29.017985680556304,0.0009796388912945986,0.0007079400820657611
198,thin-chair,O-T2X-R,3.896780252456665,30.58550969043736,0.0,0.0
198,thin-chair,ABL-ET2X-R-PreviousRawEdge-CatmullRomRGB,5.83126163482666,26.88709946523908,0.0,0.0
198,thin-chair,ABL-ET2X-R-PreviousRawEdge-CatmullRomRGB-Fixed080,5.678089618682861,27.051130073241488,0.0017434130422770977,0.001230540918186307
198,windows,O-T2X-R,3.6632161140441895,29.098410892712096,0.0,0.0
198,windows,ABL-ET2X-R-PreviousRawEdge-CatmullRomRGB,5.057454586029053,25.776502098911372,0.0,0.0
198,windows,ABL-ET2X-R-PreviousRawEdge-CatmullRomRGB-Fixed080,4.972623825073242,25.946684507834775,0.006290438584983349,0.002816120395436883
199,chairs,O-T2X-R,2.772656202316284,32.37857153842635,0.0,0.0
199,chairs,ABL-ET2X-R-PreviousRawEdge-CatmullRomRGB,4.114827632904053,28.84868332023199,0.0,0.0
199,chairs,ABL-ET2X-R-PreviousRawEdge-CatmullRomRGB-Fixed080,4.009749412536621,29.01604822404716,0.00030334951588883996,0.0006762893171980977
199,thin-chair,O-T2X-R,3.896780252456665,30.58550969043736,0.0,0.0
199,thin-chair,ABL-ET2X-R-PreviousRawEdge-CatmullRomRGB,5.83126163482666,26.88709946523908,0.0,0.0
199,thin-chair,ABL-ET2X-R-PreviousRawEdge-CatmullRomRGB-Fixed080,5.678651809692383,27.048890248008796,0.0005515445373021066,0.0011918683303520083
199,windows,O-T2X-R,3.6632161140441895,29.098410892712096,0.0,0.0
199,windows,ABL-ET2X-R-PreviousRawEdge-CatmullRomRGB,5.057454586029053,25.776502098911372,0.0,0.0
199,windows,ABL-ET2X-R-PreviousRawEdge-CatmullRomRGB-Fixed080,4.977864742279053,25.930630616008315,0.004780906252563,0.0015095429262146354
200,chairs,O-T2X-R,2.772656202316284,32.37857153842635,0.0,0.0
200,chairs,ABL-ET2X-R-PreviousRawEdge-CatmullRomRGB,4.114827632904053,28.84868332023199,0.0,0.0
200,chairs,ABL-ET2X-R-PreviousRawEdge-CatmullRomRGB-Fixed080,4.0098958015441895,29.01503189266859,0.0001219433470396325,0.00018140619795303792
200,thin-chair,O-T2X-R,3.896780252456665,30.58550969043736,0.0,0.0
200,thin-chair,ABL-ET2X-R-PreviousRawEdge-CatmullRomRGB,5.83126163482666,26.88709946523908,0.0,0.0
200,thin-chair,ABL-ET2X-R-PreviousRawEdge-CatmullRomRGB-Fixed080,5.67891788482666,27.047715253885304,0.00022171517775859684,0.0003298294614069164
200,windows,O-T2X-R,3.6632161140441895,29.098410892712096,0.0,0.0
200,windows,ABL-ET2X-R-PreviousRawEdge-CatmullRomRGB,5.057454586029053,25.776502098911372,0.0,0.0
200,windows,ABL-ET2X-R-PreviousRawEdge-CatmullRomRGB-Fixed080,4.981770992279053,25.91820616816596,0.003337068483233452,0.001443847781047225
201,chairs,O-T2X-R,2.772656202316284,32.37857153842635,0.0,0.0
201,chairs,ABL-ET2X-R-PreviousRawEdge-CatmullRomRGB,4.114827632904053,28.84868332023199,0.0,0.0
201,chairs,ABL-ET2X-R-PreviousRawEdge-CatmullRomRGB-Fixed080,4.009944438934326,29.014677329411022,4.8828147555468604e-05,7.311524677788839e-05
201,thin-chair,O-T2X-R,3.896780252456665,30.58550969043736,0.0,0.0
201,thin-chair,ABL-ET2X-R-PreviousRawEdge-CatmullRomRGB,5.83126163482666,26.88709946523908,0.0,0.0
201,thin-chair,ABL-ET2X-R-PreviousRawEdge-CatmullRomRGB-Fixed080,5.679007053375244,27.047305759211262,8.877844811649993e-05,0.00013293680967763066
201,windows,O-T2X-R,3.6632161140441895,29.098410892712096,0.0,0.0
201,windows,ABL-ET2X-R-PreviousRawEdge-CatmullRomRGB,5.057454586029053,25.776502098911372,0.0,0.0
201,windows,ABL-ET2X-R-PreviousRawEdge-CatmullRomRGB-Fixed080,4.984521389007568,25.90914263367308,0.0022411816753447056,0.0010958949569612741
202,chairs,O-T2X-R,2.772656202316284,32.37857153842635,0.0,0.0
202,chairs,ABL-ET2X-R-PreviousRawEdge-CatmullRomRGB,4.114827632904053,28.84868332023199,0.0,0.0
202,chairs,ABL-ET2X-R-PreviousRawEdge-CatmullRomRGB-Fixed080,4.009961128234863,29.014557117512094,3.5253819987701718e-06,4.530276783043519e-05
202,thin-chair,O-T2X-R,3.896780252456665,30.58550969043736,0.0,0.0
202,thin-chair,ABL-ET2X-R-PreviousRawEdge-CatmullRomRGB,5.83126163482666,26.88709946523908,0.0,0.0
202,thin-chair,ABL-ET2X-R-PreviousRawEdge-CatmullRomRGB-Fixed080,5.679036617279053,27.047166343605827,6.4097853282873984e-06,8.236866415245458e-05
202,windows,O-T2X-R,3.6632161140441895,29.098410892712096,0.0,0.0
202,windows,ABL-ET2X-R-PreviousRawEdge-CatmullRomRGB,5.057454586029053,25.776502098911372,0.0,0.0
202,windows,ABL-ET2X-R-PreviousRawEdge-CatmullRomRGB-Fixed080,4.986409664154053,25.903233768144517,0.0014872265746816993,0.0007539596990682185
203,chairs,O-T2X-R,2.772656202316284,32.37857153842635,0.0,0.0
203,chairs,ABL-ET2X-R-PreviousRawEdge-CatmullRomRGB,4.114827632904053,28.84868332023199,0.0,0.0
203,chairs,ABL-ET2X-R-PreviousRawEdge-CatmullRomRGB-Fixed080,4.009961128234863,29.014557117512094,0.0,3.5253819987701718e-06
203,thin-chair,O-T2X-R,3.896780252456665,30.58550969043736,0.0,0.0
203,thin-chair,ABL-ET2X-R-PreviousRawEdge-CatmullRomRGB,5.83126163482666,26.88709946523908,0.0,0.0
203,thin-chair,ABL-ET2X-R-PreviousRawEdge-CatmullRomRGB-Fixed080,5.679036617279053,27.047166343605827,0.0,6.4097853282873984e-06
203,windows,O-T2X-R,3.6632161140441895,29.098410892712096,0.0,0.0
203,windows,ABL-ET2X-R-PreviousRawEdge-CatmullRomRGB,5.057454586029053,25.776502098911372,0.0,0.0
203,windows,ABL-ET2X-R-PreviousRawEdge-CatmullRomRGB-Fixed080,4.9876790046691895,25.89955996943057,0.0009654878522269428,0.0005217416910454631
204,chairs,O-T2X-R,2.772656202316284,32.37857153842635,0.0,0.0
204,chairs,ABL-ET2X-R-PreviousRawEdge-CatmullRomRGB,4.114827632904053,28.84868332023199,0.0,0.0
204,chairs,ABL-ET2X-R-PreviousRawEdge-CatmullRomRGB-Fixed080,4.009961128234863,29.014557117512094,0.0,0.0
204,thin-chair,O-T2X-R,3.896780252456665,30.58550969043736,0.0,0.0
204,thin-chair,ABL-ET2X-R-PreviousRawEdge-CatmullRomRGB,5.83126163482666,26.88709946523908,0.0,0.0
204,thin-chair,ABL-ET2X-R-PreviousRawEdge-CatmullRomRGB-Fixed080,5.679036617279053,27.047166343605827,0.0,0.0
204,windows,O-T2X-R,3.6632161140441895,29.098410892712096,0.0,0.0
204,windows,ABL-ET2X-R-PreviousRawEdge-CatmullRomRGB,5.057454586029053,25.776502098911372,0.0,0.0
204,windows,ABL-ET2X-R-PreviousRawEdge-CatmullRomRGB-Fixed080,4.988379001617432,25.897800914672466,0.0004653515643440187,0.0005001375684514642
205,chairs,O-T2X-R,2.772656202316284,32.37857153842635,0.0,0.0
205,chairs,ABL-ET2X-R-PreviousRawEdge-CatmullRomRGB,4.114827632904053,28.84868332023199,0.0,0.0
205,chairs,ABL-ET2X-R-PreviousRawEdge-CatmullRomRGB-Fixed080,4.009961128234863,29.014557117512094,0.0,0.0
205,thin-chair,O-T2X-R,3.896780252456665,30.58550969043736,0.0,0.0
205,thin-chair,ABL-ET2X-R-PreviousRawEdge-CatmullRomRGB,5.83126163482666,26.88709946523908,0.0,0.0
205,thin-chair,ABL-ET2X-R-PreviousRawEdge-CatmullRomRGB-Fixed080,5.679036617279053,27.047166343605827,0.0,0.0
205,windows,O-T2X-R,3.6632161140441895,29.098410892712096,0.0,0.0
205,windows,ABL-ET2X-R-PreviousRawEdge-CatmullRomRGB,5.057454586029053,25.776502098911372,0.0,0.0
205,windows,ABL-ET2X-R-PreviousRawEdge-CatmullRomRGB-Fixed080,4.988704204559326,25.89691650378508,0.00026752924895845354,0.00019782297022175044
206,chairs,O-T2X-R,2.772656202316284,32.37857153842635,0.0,0.0
206,chairs,ABL-ET2X-R-PreviousRawEdge-CatmullRomRGB,4.114827632904053,28.84868332023199,0.0,0.0
206,chairs,ABL-ET2X-R-PreviousRawEdge-CatmullRomRGB-Fixed080,4.009961128234863,29.014557117512094,0.0,0.0
206,thin-chair,O-T2X-R,3.896780252456665,30.58550969043736,0.0,0.0
206,thin-chair,ABL-ET2X-R-PreviousRawEdge-CatmullRomRGB,5.83126163482666,26.88709946523908,0.0,0.0
206,thin-chair,ABL-ET2X-R-PreviousRawEdge-CatmullRomRGB-Fixed080,5.679036617279053,27.047166343605827,0.0,0.0
206,windows,O-T2X-R,3.6632161140441895,29.098410892712096,0.0,0.0
206,windows,ABL-ET2X-R-PreviousRawEdge-CatmullRomRGB,5.057454586029053,25.776502098911372,0.0,0.0
206,windows,ABL-ET2X-R-PreviousRawEdge-CatmullRomRGB-Fixed080,4.9888997077941895,25.89638998444912,0.00014225556515157223,0.00012527387298177928
207,chairs,O-T2X-R,2.772656202316284,32.37857153842635,0.0,0.0
207,chairs,ABL-ET2X-R-PreviousRawEdge-CatmullRomRGB,4.114827632904053,28.84868332023199,0.0,0.0
207,chairs,ABL-ET2X-R-PreviousRawEdge-CatmullRomRGB-Fixed080,4.009961128234863,29.014557117512094,0.0,0.0
207,thin-chair,O-T2X-R,3.896780252456665,30.58550969043736,0.0,0.0
207,thin-chair,ABL-ET2X-R-PreviousRawEdge-CatmullRomRGB,5.83126163482666,26.88709946523908,0.0,0.0
207,thin-chair,ABL-ET2X-R-PreviousRawEdge-CatmullRomRGB-Fixed080,5.679036617279053,27.047166343605827,0.0,0.0
207,windows,O-T2X-R,3.6632161140441895,29.098410892712096,0.0,0.0
207,windows,ABL-ET2X-R-PreviousRawEdge-CatmullRomRGB,5.057454586029053,25.776502098911372,0.0,0.0
207,windows,ABL-ET2X-R-PreviousRawEdge-CatmullRomRGB-Fixed080,4.988948345184326,25.896222414936258,3.114254286629148e-05,0.00011111311323475093
208,chairs,O-T2X-R,2.772656202316284,32.37857153842635,0.0,0.0
208,chairs,ABL-ET2X-R-PreviousRawEdge-CatmullRomRGB,4.114827632904053,28.84868332023199,0.0,0.0
208,chairs,ABL-ET2X-R-PreviousRawEdge-CatmullRomRGB-Fixed080,4.009961128234863,29.014557117512094,0.0,0.0
208,thin-chair,O-T2X-R,3.896780252456665,30.58550969043736,0.0,0.0
208,thin-chair,ABL-ET2X-R-PreviousRawEdge-CatmullRomRGB,5.83126163482666,26.88709946523908,0.0,0.0
208,thin-chair,ABL-ET2X-R-PreviousRawEdge-CatmullRomRGB-Fixed080,5.679036617279053,27.047166343605827,0.0,0.0
208,windows,O-T2X-R,3.6632161140441895,29.098410892712096,0.0,0.0
208,windows,ABL-ET2X-R-PreviousRawEdge-CatmullRomRGB,5.057454586029053,25.776502098911372,0.0,0.0
208,windows,ABL-ET2X-R-PreviousRawEdge-CatmullRomRGB-Fixed080,4.988965034484863,25.896164579205767,1.038089430949185e-05,2.076174132525921e-05
209,chairs,O-T2X-R,2.772656202316284,32.37857153842635,0.0,0.0
209,chairs,ABL-ET2X-R-PreviousRawEdge-CatmullRomRGB,4.114827632904053,28.84868332023199,0.0,0.0
209,chairs,ABL-ET2X-R-PreviousRawEdge-CatmullRomRGB-Fixed080,4.009961128234863,29.014557117512094,0.0,0.0
209,thin-chair,O-T2X-R,3.896780252456665,30.58550969043736,0.0,0.0
209,thin-chair,ABL-ET2X-R-PreviousRawEdge-CatmullRomRGB,5.83126163482666,26.88709946523908,0.0,0.0
209,thin-chair,ABL-ET2X-R-PreviousRawEdge-CatmullRomRGB-Fixed080,5.679036617279053,27.047166343605827,0.0,0.0
209,windows,O-T2X-R,3.6632161140441895,29.098410892712096,0.0,0.0
209,windows,ABL-ET2X-R-PreviousRawEdge-CatmullRomRGB,5.057454586029053,25.776502098911372,0.0,0.0
209,windows,ABL-ET2X-R-PreviousRawEdge-CatmullRomRGB-Fixed080,4.988981246948242,25.89610555586395,1.0380847015767358e-05,4.6566129424663316e-11
210,chairs,O-T2X-R,2.772656202316284,32.37857153842635,0.0,0.0
210,chairs,ABL-ET2X-R-PreviousRawEdge-CatmullRomRGB,4.114827632904053,28.84868332023199,0.0,0.0
210,chairs,ABL-ET2X-R-PreviousRawEdge-CatmullRomRGB-Fixed080,4.009961128234863,29.014557117512094,0.0,0.0
210,thin-chair,O-T2X-R,3.896780252456665,30.58550969043736,0.0,0.0
210,thin-chair,ABL-ET2X-R-PreviousRawEdge-CatmullRomRGB,5.83126163482666,26.88709946523908,0.0,0.0
210,thin-chair,ABL-ET2X-R-PreviousRawEdge-CatmullRomRGB-Fixed080,5.679036617279053,27.047166343605827,0.0,0.0
210,windows,O-T2X-R,3.6632161140441895,29.098410892712096,0.0,0.0
210,windows,ABL-ET2X-R-PreviousRawEdge-CatmullRomRGB,5.057454586029053,25.776502098911372,0.0,0.0
210,windows,ABL-ET2X-R-PreviousRawEdge-CatmullRomRGB-Fixed080,4.988981246948242,25.89610555586395,0.0,1.0380847015767358e-05
211,chairs,O-T2X-R,2.772656202316284,32.37857153842635,0.0,0.0
211,chairs,ABL-ET2X-R-PreviousRawEdge-CatmullRomRGB,4.114827632904053,28.84868332023199,0.0,0.0
211,chairs,ABL-ET2X-R-PreviousRawEdge-CatmullRomRGB-Fixed080,4.009961128234863,29.014557117512094,0.0,0.0
211,thin-chair,O-T2X-R,3.896780252456665,30.58550969043736,0.0,0.0
211,thin-chair,ABL-ET2X-R-PreviousRawEdge-CatmullRomRGB,5.83126163482666,26.88709946523908,0.0,0.0
211,thin-chair,ABL-ET2X-R-PreviousRawEdge-CatmullRomRGB-Fixed080,5.679036617279053,27.047166343605827,0.0,0.0
211,windows,O-T2X-R,3.6632161140441895,29.098410892712096,0.0,0.0
211,windows,ABL-ET2X-R-PreviousRawEdge-CatmullRomRGB,5.057454586029053,25.776502098911372,0.0,0.0
211,windows,ABL-ET2X-R-PreviousRawEdge-CatmullRomRGB-Fixed080,4.988981246948242,25.89610555586395,0.0,0.0
212,chairs,O-T2X-R,2.772656202316284,32.37857153842635,0.0,0.0
212,chairs,ABL-ET2X-R-PreviousRawEdge-CatmullRomRGB,4.114827632904053,28.84868332023199,0.0,0.0
212,chairs,ABL-ET2X-R-PreviousRawEdge-CatmullRomRGB-Fixed080,4.009961128234863,29.014557117512094,0.0,0.0
212,thin-chair,O-T2X-R,3.896780252456665,30.58550969043736,0.0,0.0
212,thin-chair,ABL-ET2X-R-PreviousRawEdge-CatmullRomRGB,5.83126163482666,26.88709946523908,0.0,0.0
212,thin-chair,ABL-ET2X-R-PreviousRawEdge-CatmullRomRGB-Fixed080,5.679036617279053,27.047166343605827,0.0,0.0
212,windows,O-T2X-R,3.6632161140441895,29.098410892712096,0.0,0.0
212,windows,ABL-ET2X-R-PreviousRawEdge-CatmullRomRGB,5.057454586029053,25.776502098911372,0.0,0.0
212,windows,ABL-ET2X-R-PreviousRawEdge-CatmullRomRGB-Fixed080,4.988981246948242,25.89610555586395,0.0,0.0
213,chairs,O-T2X-R,2.772656202316284,32.37857153842635,0.0,0.0
213,chairs,ABL-ET2X-R-PreviousRawEdge-CatmullRomRGB,4.114827632904053,28.84868332023199,0.0,0.0
213,chairs,ABL-ET2X-R-PreviousRawEdge-CatmullRomRGB-Fixed080,4.009961128234863,29.014557117512094,0.0,0.0
213,thin-chair,O-T2X-R,3.896780252456665,30.58550969043736,0.0,0.0
213,thin-chair,ABL-ET2X-R-PreviousRawEdge-CatmullRomRGB,5.83126163482666,26.88709946523908,0.0,0.0
213,thin-chair,ABL-ET2X-R-PreviousRawEdge-CatmullRomRGB-Fixed080,5.679036617279053,27.047166343605827,0.0,0.0
213,windows,O-T2X-R,3.6632161140441895,29.098410892712096,0.0,0.0
213,windows,ABL-ET2X-R-PreviousRawEdge-CatmullRomRGB,5.057454586029053,25.776502098911372,0.0,0.0
213,windows,ABL-ET2X-R-PreviousRawEdge-CatmullRomRGB-Fixed080,4.988981246948242,25.89610555586395,0.0,0.0
214,chairs,O-T2X-R,2.772656202316284,32.37857153842635,0.0,0.0
214,chairs,ABL-ET2X-R-PreviousRawEdge-CatmullRomRGB,4.114827632904053,28.84868332023199,0.0,0.0
214,chairs,ABL-ET2X-R-PreviousRawEdge-CatmullRomRGB-Fixed080,4.009961128234863,29.014557117512094,0.0,0.0
214,thin-chair,O-T2X-R,3.896780252456665,30.58550969043736,0.0,0.0
214,thin-chair,ABL-ET2X-R-PreviousRawEdge-CatmullRomRGB,5.83126163482666,26.88709946523908,0.0,0.0
214,thin-chair,ABL-ET2X-R-PreviousRawEdge-CatmullRomRGB-Fixed080,5.679036617279053,27.047166343605827,0.0,0.0
214,windows,O-T2X-R,3.6632161140441895,29.098410892712096,0.0,0.0
214,windows,ABL-ET2X-R-PreviousRawEdge-CatmullRomRGB,5.057454586029053,25.776502098911372,0.0,0.0
214,windows,ABL-ET2X-R-PreviousRawEdge-CatmullRomRGB-Fixed080,4.988981246948242,25.89610555586395,0.0,0.0
215,chairs,O-T2X-R,2.772656202316284,32.37857153842635,0.0,0.0
215,chairs,ABL-ET2X-R-PreviousRawEdge-CatmullRomRGB,4.114827632904053,28.84868332023199,0.0,0.0
215,chairs,ABL-ET2X-R-PreviousRawEdge-CatmullRomRGB-Fixed080,4.009961128234863,29.014557117512094,0.0,0.0
215,thin-chair,O-T2X-R,3.896780252456665,30.58550969043736,0.0,0.0
215,thin-chair,ABL-ET2X-R-PreviousRawEdge-CatmullRomRGB,5.83126163482666,26.88709946523908,0.0,0.0
215,thin-chair,ABL-ET2X-R-PreviousRawEdge-CatmullRomRGB-Fixed080,5.679036617279053,27.047166343605827,0.0,0.0
215,windows,O-T2X-R,3.6632161140441895,29.098410892712096,0.0,0.0
215,windows,ABL-ET2X-R-PreviousRawEdge-CatmullRomRGB,5.057454586029053,25.776502098911372,0.0,0.0
215,windows,ABL-ET2X-R-PreviousRawEdge-CatmullRomRGB-Fixed080,4.988981246948242,25.89610555586395,0.0,0.0
216,chairs,O-T2X-R,2.772656202316284,32.37857153842635,0.0,0.0
216,chairs,ABL-ET2X-R-PreviousRawEdge-CatmullRomRGB,4.114827632904053,28.84868332023199,0.0,0.0
216,chairs,ABL-ET2X-R-PreviousRawEdge-CatmullRomRGB-Fixed080,4.009961128234863,29.014557117512094,0.0,0.0
216,thin-chair,O-T2X-R,3.896780252456665,30.58550969043736,0.0,0.0
216,thin-chair,ABL-ET2X-R-PreviousRawEdge-CatmullRomRGB,5.83126163482666,26.88709946523908,0.0,0.0
216,thin-chair,ABL-ET2X-R-PreviousRawEdge-CatmullRomRGB-Fixed080,5.679036617279053,27.047166343605827,0.0,0.0
216,windows,O-T2X-R,3.6632161140441895,29.098410892712096,0.0,0.0
216,windows,ABL-ET2X-R-PreviousRawEdge-CatmullRomRGB,5.057454586029053,25.776502098911372,0.0,0.0
216,windows,ABL-ET2X-R-PreviousRawEdge-CatmullRomRGB-Fixed080,4.988981246948242,25.89610555586395,0.0,0.0
217,chairs,O-T2X-R,2.772656202316284,32.37857153842635,0.0,0.0
217,chairs,ABL-ET2X-R-PreviousRawEdge-CatmullRomRGB,4.114827632904053,28.84868332023199,0.0,0.0
217,chairs,ABL-ET2X-R-PreviousRawEdge-CatmullRomRGB-Fixed080,4.009961128234863,29.014557117512094,0.0,0.0
217,thin-chair,O-T2X-R,3.896780252456665,30.58550969043736,0.0,0.0
217,thin-chair,ABL-ET2X-R-PreviousRawEdge-CatmullRomRGB,5.83126163482666,26.88709946523908,0.0,0.0
217,thin-chair,ABL-ET2X-R-PreviousRawEdge-CatmullRomRGB-Fixed080,5.679036617279053,27.047166343605827,0.0,0.0
217,windows,O-T2X-R,3.6632161140441895,29.098410892712096,0.0,0.0
217,windows,ABL-ET2X-R-PreviousRawEdge-CatmullRomRGB,5.057454586029053,25.776502098911372,0.0,0.0
217,windows,ABL-ET2X-R-PreviousRawEdge-CatmullRomRGB-Fixed080,4.988981246948242,25.89610555586395,0.0,0.0
218,chairs,O-T2X-R,2.772656202316284,32.37857153842635,0.0,0.0
218,chairs,ABL-ET2X-R-PreviousRawEdge-CatmullRomRGB,4.114827632904053,28.84868332023199,0.0,0.0
218,chairs,ABL-ET2X-R-PreviousRawEdge-CatmullRomRGB-Fixed080,4.009961128234863,29.014557117512094,0.0,0.0
218,thin-chair,O-T2X-R,3.896780252456665,30.58550969043736,0.0,0.0
218,thin-chair,ABL-ET2X-R-PreviousRawEdge-CatmullRomRGB,5.83126163482666,26.88709946523908,0.0,0.0
218,thin-chair,ABL-ET2X-R-PreviousRawEdge-CatmullRomRGB-Fixed080,5.679036617279053,27.047166343605827,0.0,0.0
218,windows,O-T2X-R,3.6632161140441895,29.098410892712096,0.0,0.0
218,windows,ABL-ET2X-R-PreviousRawEdge-CatmullRomRGB,5.057454586029053,25.776502098911372,0.0,0.0
218,windows,ABL-ET2X-R-PreviousRawEdge-CatmullRomRGB-Fixed080,4.988981246948242,25.89610555586395,0.0,0.0
219,chairs,O-T2X-R,2.772656202316284,32.37857153842635,0.0,0.0
219,chairs,ABL-ET2X-R-PreviousRawEdge-CatmullRomRGB,4.114827632904053,28.84868332023199,0.0,0.0
219,chairs,ABL-ET2X-R-PreviousRawEdge-CatmullRomRGB-Fixed080,4.009961128234863,29.014557117512094,0.0,0.0
219,thin-chair,O-T2X-R,3.896780252456665,30.58550969043736,0.0,0.0
219,thin-chair,ABL-ET2X-R-PreviousRawEdge-CatmullRomRGB,5.83126163482666,26.88709946523908,0.0,0.0
219,thin-chair,ABL-ET2X-R-PreviousRawEdge-CatmullRomRGB-Fixed080,5.679036617279053,27.047166343605827,0.0,0.0
219,windows,O-T2X-R,3.6632161140441895,29.098410892712096,0.0,0.0
219,windows,ABL-ET2X-R-PreviousRawEdge-CatmullRomRGB,5.057454586029053,25.776502098911372,0.0,0.0
219,windows,ABL-ET2X-R-PreviousRawEdge-CatmullRomRGB-Fixed080,4.988981246948242,25.89610555586395,0.0,0.0
220,chairs,O-T2X-R,2.772656202316284,32.37857153842635,0.0,0.0
220,chairs,ABL-ET2X-R-PreviousRawEdge-CatmullRomRGB,4.114827632904053,28.84868332023199,0.0,0.0
220,chairs,ABL-ET2X-R-PreviousRawEdge-CatmullRomRGB-Fixed080,4.009961128234863,29.014557117512094,0.0,0.0
220,thin-chair,O-T2X-R,3.896780252456665,30.58550969043736,0.0,0.0
220,thin-chair,ABL-ET2X-R-PreviousRawEdge-CatmullRomRGB,5.83126163482666,26.88709946523908,0.0,0.0
220,thin-chair,ABL-ET2X-R-PreviousRawEdge-CatmullRomRGB-Fixed080,5.679036617279053,27.047166343605827,0.0,0.0
220,windows,O-T2X-R,3.6632161140441895,29.098410892712096,0.0,0.0
220,windows,ABL-ET2X-R-PreviousRawEdge-CatmullRomRGB,5.057454586029053,25.776502098911372,0.0,0.0
220,windows,ABL-ET2X-R-PreviousRawEdge-CatmullRomRGB-Fixed080,4.988981246948242,25.89610555586395,0.0,0.0
221,chairs,O-T2X-R,2.772656202316284,32.37857153842635,0.0,0.0
221,chairs,ABL-ET2X-R-PreviousRawEdge-CatmullRomRGB,4.114827632904053,28.84868332023199,0.0,0.0
221,chairs,ABL-ET2X-R-PreviousRawEdge-CatmullRomRGB-Fixed080,4.009961128234863,29.014557117512094,0.0,0.0
221,thin-chair,O-T2X-R,3.896780252456665,30.58550969043736,0.0,0.0
221,thin-chair,ABL-ET2X-R-PreviousRawEdge-CatmullRomRGB,5.83126163482666,26.88709946523908,0.0,0.0
221,thin-chair,ABL-ET2X-R-PreviousRawEdge-CatmullRomRGB-Fixed080,5.679036617279053,27.047166343605827,0.0,0.0
221,windows,O-T2X-R,3.6632161140441895,29.098410892712096,0.0,0.0
221,windows,ABL-ET2X-R-PreviousRawEdge-CatmullRomRGB,5.057454586029053,25.776502098911372,0.0,0.0
221,windows,ABL-ET2X-R-PreviousRawEdge-CatmullRomRGB-Fixed080,4.988981246948242,25.89610555586395,0.0,0.0
222,chairs,O-T2X-R,2.772656202316284,32.37857153842635,0.0,0.0
222,chairs,ABL-ET2X-R-PreviousRawEdge-CatmullRomRGB,4.114827632904053,28.84868332023199,0.0,0.0
222,chairs,ABL-ET2X-R-PreviousRawEdge-CatmullRomRGB-Fixed080,4.009961128234863,29.014557117512094,0.0,0.0
222,thin-chair,O-T2X-R,3.896780252456665,30.58550969043736,0.0,0.0
222,thin-chair,ABL-ET2X-R-PreviousRawEdge-CatmullRomRGB,5.83126163482666,26.88709946523908,0.0,0.0
222,thin-chair,ABL-ET2X-R-PreviousRawEdge-CatmullRomRGB-Fixed080,5.679036617279053,27.047166343605827,0.0,0.0
222,windows,O-T2X-R,3.6632161140441895,29.098410892712096,0.0,0.0
222,windows,ABL-ET2X-R-PreviousRawEdge-CatmullRomRGB,5.057454586029053,25.776502098911372,0.0,0.0
222,windows,ABL-ET2X-R-PreviousRawEdge-CatmullRomRGB-Fixed080,4.988981246948242,25.89610555586395,0.0,0.0
223,chairs,O-T2X-R,2.772656202316284,32.37857153842635,0.0,0.0
223,chairs,ABL-ET2X-R-PreviousRawEdge-CatmullRomRGB,4.114827632904053,28.84868332023199,0.0,0.0
223,chairs,ABL-ET2X-R-PreviousRawEdge-CatmullRomRGB-Fixed080,4.009961128234863,29.014557117512094,0.0,0.0
223,thin-chair,O-T2X-R,3.896780252456665,30.58550969043736,0.0,0.0
223,thin-chair,ABL-ET2X-R-PreviousRawEdge-CatmullRomRGB,5.83126163482666,26.88709946523908,0.0,0.0
223,thin-chair,ABL-ET2X-R-PreviousRawEdge-CatmullRomRGB-Fixed080,5.679036617279053,27.047166343605827,0.0,0.0
223,windows,O-T2X-R,3.6632161140441895,29.098410892712096,0.0,0.0
223,windows,ABL-ET2X-R-PreviousRawEdge-CatmullRomRGB,5.057454586029053,25.776502098911372,0.0,0.0
223,windows,ABL-ET2X-R-PreviousRawEdge-CatmullRomRGB-Fixed080,4.988981246948242,25.89610555586395,0.0,0.0
224,chairs,O-T2X-R,2.772656202316284,32.37857153842635,0.0,0.0
224,chairs,ABL-ET2X-R-PreviousRawEdge-CatmullRomRGB,4.114827632904053,28.84868332023199,0.0,0.0
224,chairs,ABL-ET2X-R-PreviousRawEdge-CatmullRomRGB-Fixed080,4.009961128234863,29.014557117512094,0.0,0.0
224,thin-chair,O-T2X-R,3.896780252456665,30.58550969043736,0.0,0.0
224,thin-chair,ABL-ET2X-R-PreviousRawEdge-CatmullRomRGB,5.83126163482666,26.88709946523908,0.0,0.0
224,thin-chair,ABL-ET2X-R-PreviousRawEdge-CatmullRomRGB-Fixed080,5.679036617279053,27.047166343605827,0.0,0.0
224,windows,O-T2X-R,3.6632161140441895,29.098410892712096,0.0,0.0
224,windows,ABL-ET2X-R-PreviousRawEdge-CatmullRomRGB,5.057454586029053,25.776502098911372,0.0,0.0
224,windows,ABL-ET2X-R-PreviousRawEdge-CatmullRomRGB-Fixed080,4.988981246948242,25.89610555586395,0.0,0.0
225,chairs,O-T2X-R,2.772656202316284,32.37857153842635,0.0,0.0
225,chairs,ABL-ET2X-R-PreviousRawEdge-CatmullRomRGB,4.114827632904053,28.84868332023199,0.0,0.0
225,chairs,ABL-ET2X-R-PreviousRawEdge-CatmullRomRGB-Fixed080,4.009961128234863,29.014557117512094,0.0,0.0
225,thin-chair,O-T2X-R,3.896780252456665,30.58550969043736,0.0,0.0
225,thin-chair,ABL-ET2X-R-PreviousRawEdge-CatmullRomRGB,5.83126163482666,26.88709946523908,0.0,0.0
225,thin-chair,ABL-ET2X-R-PreviousRawEdge-CatmullRomRGB-Fixed080,5.679036617279053,27.047166343605827,0.0,0.0
225,windows,O-T2X-R,3.6632161140441895,29.098410892712096,0.0,0.0
225,windows,ABL-ET2X-R-PreviousRawEdge-CatmullRomRGB,5.057454586029053,25.776502098911372,0.0,0.0
225,windows,ABL-ET2X-R-PreviousRawEdge-CatmullRomRGB-Fixed080,4.988981246948242,25.89610555586395,0.0,0.0
226,chairs,O-T2X-R,2.772656202316284,32.37857153842635,0.0,0.0
226,chairs,ABL-ET2X-R-PreviousRawEdge-CatmullRomRGB,4.114827632904053,28.84868332023199,0.0,0.0
226,chairs,ABL-ET2X-R-PreviousRawEdge-CatmullRomRGB-Fixed080,4.009961128234863,29.014557117512094,0.0,0.0
226,thin-chair,O-T2X-R,3.896780252456665,30.58550969043736,0.0,0.0
226,thin-chair,ABL-ET2X-R-PreviousRawEdge-CatmullRomRGB,5.83126163482666,26.88709946523908,0.0,0.0
226,thin-chair,ABL-ET2X-R-PreviousRawEdge-CatmullRomRGB-Fixed080,5.679036617279053,27.047166343605827,0.0,0.0
226,windows,O-T2X-R,3.6632161140441895,29.098410892712096,0.0,0.0
226,windows,ABL-ET2X-R-PreviousRawEdge-CatmullRomRGB,5.057454586029053,25.776502098911372,0.0,0.0
226,windows,ABL-ET2X-R-PreviousRawEdge-CatmullRomRGB-Fixed080,4.988981246948242,25.89610555586395,0.0,0.0
227,chairs,O-T2X-R,2.772656202316284,32.37857153842635,0.0,0.0
227,chairs,ABL-ET2X-R-PreviousRawEdge-CatmullRomRGB,4.114827632904053,28.84868332023199,0.0,0.0
227,chairs,ABL-ET2X-R-PreviousRawEdge-CatmullRomRGB-Fixed080,4.009961128234863,29.014557117512094,0.0,0.0
227,thin-chair,O-T2X-R,3.896780252456665,30.58550969043736,0.0,0.0
227,thin-chair,ABL-ET2X-R-PreviousRawEdge-CatmullRomRGB,5.83126163482666,26.88709946523908,0.0,0.0
227,thin-chair,ABL-ET2X-R-PreviousRawEdge-CatmullRomRGB-Fixed080,5.679036617279053,27.047166343605827,0.0,0.0
227,windows,O-T2X-R,3.6632161140441895,29.098410892712096,0.0,0.0
227,windows,ABL-ET2X-R-PreviousRawEdge-CatmullRomRGB,5.057454586029053,25.776502098911372,0.0,0.0
227,windows,ABL-ET2X-R-PreviousRawEdge-CatmullRomRGB-Fixed080,4.988981246948242,25.89610555586395,0.0,0.0
228,chairs,O-T2X-R,2.772656202316284,32.37857153842635,0.0,0.0
228,chairs,ABL-ET2X-R-PreviousRawEdge-CatmullRomRGB,4.114827632904053,28.84868332023199,0.0,0.0
228,chairs,ABL-ET2X-R-PreviousRawEdge-CatmullRomRGB-Fixed080,4.009961128234863,29.014557117512094,0.0,0.0
228,thin-chair,O-T2X-R,3.896780252456665,30.58550969043736,0.0,0.0
228,thin-chair,ABL-ET2X-R-PreviousRawEdge-CatmullRomRGB,5.83126163482666,26.88709946523908,0.0,0.0
228,thin-chair,ABL-ET2X-R-PreviousRawEdge-CatmullRomRGB-Fixed080,5.679036617279053,27.047166343605827,0.0,0.0
228,windows,O-T2X-R,3.6632161140441895,29.098410892712096,0.0,0.0
228,windows,ABL-ET2X-R-PreviousRawEdge-CatmullRomRGB,5.057454586029053,25.776502098911372,0.0,0.0
228,windows,ABL-ET2X-R-PreviousRawEdge-CatmullRomRGB-Fixed080,4.988981246948242,25.89610555586395,0.0,0.0
229,chairs,O-T2X-R,2.772656202316284,32.37857153842635,0.0,0.0
229,chairs,ABL-ET2X-R-PreviousRawEdge-CatmullRomRGB,4.114827632904053,28.84868332023199,0.0,0.0
229,chairs,ABL-ET2X-R-PreviousRawEdge-CatmullRomRGB-Fixed080,4.009961128234863,29.014557117512094,0.0,0.0
229,thin-chair,O-T2X-R,3.896780252456665,30.58550969043736,0.0,0.0
229,thin-chair,ABL-ET2X-R-PreviousRawEdge-CatmullRomRGB,5.83126163482666,26.88709946523908,0.0,0.0
229,thin-chair,ABL-ET2X-R-PreviousRawEdge-CatmullRomRGB-Fixed080,5.679036617279053,27.047166343605827,0.0,0.0
229,windows,O-T2X-R,3.6632161140441895,29.098410892712096,0.0,0.0
229,windows,ABL-ET2X-R-PreviousRawEdge-CatmullRomRGB,5.057454586029053,25.776502098911372,0.0,0.0
229,windows,ABL-ET2X-R-PreviousRawEdge-CatmullRomRGB-Fixed080,4.988981246948242,25.89610555586395,0.0,0.0
230,chairs,O-T2X-R,2.772656202316284,32.37857153842635,0.0,0.0
230,chairs,ABL-ET2X-R-PreviousRawEdge-CatmullRomRGB,4.114827632904053,28.84868332023199,0.0,0.0
230,chairs,ABL-ET2X-R-PreviousRawEdge-CatmullRomRGB-Fixed080,4.009961128234863,29.014557117512094,0.0,0.0
230,thin-chair,O-T2X-R,3.896780252456665,30.58550969043736,0.0,0.0
230,thin-chair,ABL-ET2X-R-PreviousRawEdge-CatmullRomRGB,5.83126163482666,26.88709946523908,0.0,0.0
230,thin-chair,ABL-ET2X-R-PreviousRawEdge-CatmullRomRGB-Fixed080,5.679036617279053,27.047166343605827,0.0,0.0
230,windows,O-T2X-R,3.6632161140441895,29.098410892712096,0.0,0.0
230,windows,ABL-ET2X-R-PreviousRawEdge-CatmullRomRGB,5.057454586029053,25.776502098911372,0.0,0.0
230,windows,ABL-ET2X-R-PreviousRawEdge-CatmullRomRGB-Fixed080,4.988981246948242,25.89610555586395,0.0,0.0
231,chairs,O-T2X-R,2.772656202316284,32.37857153842635,0.0,0.0
231,chairs,ABL-ET2X-R-PreviousRawEdge-CatmullRomRGB,4.114827632904053,28.84868332023199,0.0,0.0
231,chairs,ABL-ET2X-R-PreviousRawEdge-CatmullRomRGB-Fixed080,4.009961128234863,29.014557117512094,0.0,0.0
231,thin-chair,O-T2X-R,3.896780252456665,30.58550969043736,0.0,0.0
231,thin-chair,ABL-ET2X-R-PreviousRawEdge-CatmullRomRGB,5.83126163482666,26.88709946523908,0.0,0.0
231,thin-chair,ABL-ET2X-R-PreviousRawEdge-CatmullRomRGB-Fixed080,5.679036617279053,27.047166343605827,0.0,0.0
231,windows,O-T2X-R,3.6632161140441895,29.098410892712096,0.0,0.0
231,windows,ABL-ET2X-R-PreviousRawEdge-CatmullRomRGB,5.057454586029053,25.776502098911372,0.0,0.0
231,windows,ABL-ET2X-R-PreviousRawEdge-CatmullRomRGB-Fixed080,4.988981246948242,25.89610555586395,0.0,0.0
232,chairs,O-T2X-R,2.772656202316284,32.37857153842635,0.0,0.0
232,chairs,ABL-ET2X-R-PreviousRawEdge-CatmullRomRGB,4.114827632904053,28.84868332023199,0.0,0.0
232,chairs,ABL-ET2X-R-PreviousRawEdge-CatmullRomRGB-Fixed080,4.009961128234863,29.014557117512094,0.0,0.0
232,thin-chair,O-T2X-R,3.896780252456665,30.58550969043736,0.0,0.0
232,thin-chair,ABL-ET2X-R-PreviousRawEdge-CatmullRomRGB,5.83126163482666,26.88709946523908,0.0,0.0
232,thin-chair,ABL-ET2X-R-PreviousRawEdge-CatmullRomRGB-Fixed080,5.679036617279053,27.047166343605827,0.0,0.0
232,windows,O-T2X-R,3.6632161140441895,29.098410892712096,0.0,0.0
232,windows,ABL-ET2X-R-PreviousRawEdge-CatmullRomRGB,5.057454586029053,25.776502098911372,0.0,0.0
232,windows,ABL-ET2X-R-PreviousRawEdge-CatmullRomRGB-Fixed080,4.988981246948242,25.89610555586395,0.0,0.0
233,chairs,O-T2X-R,2.772656202316284,32.37857153842635,0.0,0.0
233,chairs,ABL-ET2X-R-PreviousRawEdge-CatmullRomRGB,4.114827632904053,28.84868332023199,0.0,0.0
233,chairs,ABL-ET2X-R-PreviousRawEdge-CatmullRomRGB-Fixed080,4.009961128234863,29.014557117512094,0.0,0.0
233,thin-chair,O-T2X-R,3.896780252456665,30.58550969043736,0.0,0.0
233,thin-chair,ABL-ET2X-R-PreviousRawEdge-CatmullRomRGB,5.83126163482666,26.88709946523908,0.0,0.0
233,thin-chair,ABL-ET2X-R-PreviousRawEdge-CatmullRomRGB-Fixed080,5.679036617279053,27.047166343605827,0.0,0.0
233,windows,O-T2X-R,3.6632161140441895,29.098410892712096,0.0,0.0
233,windows,ABL-ET2X-R-PreviousRawEdge-CatmullRomRGB,5.057454586029053,25.776502098911372,0.0,0.0
233,windows,ABL-ET2X-R-PreviousRawEdge-CatmullRomRGB-Fixed080,4.988981246948242,25.89610555586395,0.0,0.0
234,chairs,O-T2X-R,2.772656202316284,32.37857153842635,0.0,0.0
234,chairs,ABL-ET2X-R-PreviousRawEdge-CatmullRomRGB,4.114827632904053,28.84868332023199,0.0,0.0
234,chairs,ABL-ET2X-R-PreviousRawEdge-CatmullRomRGB-Fixed080,4.009961128234863,29.014557117512094,0.0,0.0
234,thin-chair,O-T2X-R,3.896780252456665,30.58550969043736,0.0,0.0
234,thin-chair,ABL-ET2X-R-PreviousRawEdge-CatmullRomRGB,5.83126163482666,26.88709946523908,0.0,0.0
234,thin-chair,ABL-ET2X-R-PreviousRawEdge-CatmullRomRGB-Fixed080,5.679036617279053,27.047166343605827,0.0,0.0
234,windows,O-T2X-R,3.6632161140441895,29.098410892712096,0.0,0.0
234,windows,ABL-ET2X-R-PreviousRawEdge-CatmullRomRGB,5.057454586029053,25.776502098911372,0.0,0.0
234,windows,ABL-ET2X-R-PreviousRawEdge-CatmullRomRGB-Fixed080,4.988981246948242,25.89610555586395,0.0,0.0
235,chairs,O-T2X-R,2.772656202316284,32.37857153842635,0.0,0.0
235,chairs,ABL-ET2X-R-PreviousRawEdge-CatmullRomRGB,4.114827632904053,28.84868332023199,0.0,0.0
235,chairs,ABL-ET2X-R-PreviousRawEdge-CatmullRomRGB-Fixed080,4.009961128234863,29.014557117512094,0.0,0.0
235,thin-chair,O-T2X-R,3.896780252456665,30.58550969043736,0.0,0.0
235,thin-chair,ABL-ET2X-R-PreviousRawEdge-CatmullRomRGB,5.83126163482666,26.88709946523908,0.0,0.0
235,thin-chair,ABL-ET2X-R-PreviousRawEdge-CatmullRomRGB-Fixed080,5.679036617279053,27.047166343605827,0.0,0.0
235,windows,O-T2X-R,3.6632161140441895,29.098410892712096,0.0,0.0
235,windows,ABL-ET2X-R-PreviousRawEdge-CatmullRomRGB,5.057454586029053,25.776502098911372,0.0,0.0
235,windows,ABL-ET2X-R-PreviousRawEdge-CatmullRomRGB-Fixed080,4.988981246948242,25.89610555586395,0.0,0.0
236,chairs,O-T2X-R,2.772656202316284,32.37857153842635,0.0,0.0
236,chairs,ABL-ET2X-R-PreviousRawEdge-CatmullRomRGB,4.114827632904053,28.84868332023199,0.0,0.0
236,chairs,ABL-ET2X-R-PreviousRawEdge-CatmullRomRGB-Fixed080,4.009961128234863,29.014557117512094,0.0,0.0
236,thin-chair,O-T2X-R,3.896780252456665,30.58550969043736,0.0,0.0
236,thin-chair,ABL-ET2X-R-PreviousRawEdge-CatmullRomRGB,5.83126163482666,26.88709946523908,0.0,0.0
236,thin-chair,ABL-ET2X-R-PreviousRawEdge-CatmullRomRGB-Fixed080,5.679036617279053,27.047166343605827,0.0,0.0
236,windows,O-T2X-R,3.6632161140441895,29.098410892712096,0.0,0.0
236,windows,ABL-ET2X-R-PreviousRawEdge-CatmullRomRGB,5.057454586029053,25.776502098911372,0.0,0.0
236,windows,ABL-ET2X-R-PreviousRawEdge-CatmullRomRGB-Fixed080,4.988981246948242,25.89610555586395,0.0,0.0
237,chairs,O-T2X-R,2.772656202316284,32.37857153842635,0.0,0.0
237,chairs,ABL-ET2X-R-PreviousRawEdge-CatmullRomRGB,4.114827632904053,28.84868332023199,0.0,0.0
237,chairs,ABL-ET2X-R-PreviousRawEdge-CatmullRomRGB-Fixed080,4.009961128234863,29.014557117512094,0.0,0.0
237,thin-chair,O-T2X-R,3.896780252456665,30.58550969043736,0.0,0.0
237,thin-chair,ABL-ET2X-R-PreviousRawEdge-CatmullRomRGB,5.83126163482666,26.88709946523908,0.0,0.0
237,thin-chair,ABL-ET2X-R-PreviousRawEdge-CatmullRomRGB-Fixed080,5.679036617279053,27.047166343605827,0.0,0.0
237,windows,O-T2X-R,3.6632161140441895,29.098410892712096,0.0,0.0
237,windows,ABL-ET2X-R-PreviousRawEdge-CatmullRomRGB,5.057454586029053,25.776502098911372,0.0,0.0
237,windows,ABL-ET2X-R-PreviousRawEdge-CatmullRomRGB-Fixed080,4.988981246948242,25.89610555586395,0.0,0.0
238,chairs,O-T2X-R,2.772656202316284,32.37857153842635,0.0,0.0
238,chairs,ABL-ET2X-R-PreviousRawEdge-CatmullRomRGB,4.114827632904053,28.84868332023199,0.0,0.0
238,chairs,ABL-ET2X-R-PreviousRawEdge-CatmullRomRGB-Fixed080,4.009961128234863,29.014557117512094,0.0,0.0
238,thin-chair,O-T2X-R,3.896780252456665,30.58550969043736,0.0,0.0
238,thin-chair,ABL-ET2X-R-PreviousRawEdge-CatmullRomRGB,5.83126163482666,26.88709946523908,0.0,0.0
238,thin-chair,ABL-ET2X-R-PreviousRawEdge-CatmullRomRGB-Fixed080,5.679036617279053,27.047166343605827,0.0,0.0
238,windows,O-T2X-R,3.6632161140441895,29.098410892712096,0.0,0.0
238,windows,ABL-ET2X-R-PreviousRawEdge-CatmullRomRGB,5.057454586029053,25.776502098911372,0.0,0.0
238,windows,ABL-ET2X-R-PreviousRawEdge-CatmullRomRGB-Fixed080,4.988981246948242,25.89610555586395,0.0,0.0
239,chairs,O-T2X-R,2.772656202316284,32.37857153842635,0.0,0.0
239,chairs,ABL-ET2X-R-PreviousRawEdge-CatmullRomRGB,4.114827632904053,28.84868332023199,0.0,0.0
239,chairs,ABL-ET2X-R-PreviousRawEdge-CatmullRomRGB-Fixed080,4.009961128234863,29.014557117512094,0.0,0.0
239,thin-chair,O-T2X-R,3.896780252456665,30.58550969043736,0.0,0.0
239,thin-chair,ABL-ET2X-R-PreviousRawEdge-CatmullRomRGB,5.83126163482666,26.88709946523908,0.0,0.0
239,thin-chair,ABL-ET2X-R-PreviousRawEdge-CatmullRomRGB-Fixed080,5.679036617279053,27.047166343605827,0.0,0.0
239,windows,O-T2X-R,3.6632161140441895,29.098410892712096,0.0,0.0
239,windows,ABL-ET2X-R-PreviousRawEdge-CatmullRomRGB,5.057454586029053,25.776502098911372,0.0,0.0
239,windows,ABL-ET2X-R-PreviousRawEdge-CatmullRomRGB-Fixed080,4.988981246948242,25.89610555586395,0.0,0.0
