frame,roi,mode,reference_rgb_mae,psnr,luma_delta,luma_second_delta
0,seams,O-T2X-R,0.5226399898529053,45.882686964370606,,
0,seams,ABL-ET2X-R-PreviousRawEdge-CatmullRomRGB,0.5082356929779053,43.47709129183293,,
0,seams,ABL-ET2X-R-PreviousRawEdge-CatmullRomRGB-Fixed080,0.5082356929779053,43.47709129183293,,
0,thin-seam,O-T2X-R,0.6482204794883728,46.388466073663025,,
0,thin-seam,ABL-ET2X-R-PreviousRawEdge-CatmullRomRGB,0.8239474892616272,41.062324330100765,,
0,thin-seam,ABL-ET2X-R-PreviousRawEdge-CatmullRomRGB-Fixed080,0.8239474892616272,41.062324330100765,,
0,leaves,O-T2X-R,6.732568264007568,26.679663683757333,,
0,leaves,ABL-ET2X-R-PreviousRawEdge-CatmullRomRGB,4.2450032234191895,29.5449999940801,,
0,leaves,ABL-ET2X-R-PreviousRawEdge-CatmullRomRGB-Fixed080,4.2450032234191895,29.5449999940801,,
0,grass-seam,O-T2X-R,4.07201623916626,31.316321885981612,,
0,grass-seam,ABL-ET2X-R-PreviousRawEdge-CatmullRomRGB,2.2032196521759033,35.906170122963566,,
0,grass-seam,ABL-ET2X-R-PreviousRawEdge-CatmullRomRGB-Fixed080,2.2032196521759033,35.906170122963566,,
1,seams,O-T2X-R,0.43120115995407104,46.44178134717093,0.392333447933197,
1,seams,ABL-ET2X-R-PreviousRawEdge-CatmullRomRGB,0.5082356929779053,43.47709129183293,0.0,
1,seams,ABL-ET2X-R-PreviousRawEdge-CatmullRomRGB-Fixed080,0.5082356929779053,43.47709129183293,0.0,
1,thin-seam,O-T2X-R,0.6215277910232544,44.61442733173292,0.5660820007324219,
1,thin-seam,ABL-ET2X-R-PreviousRawEdge-CatmullRomRGB,0.8239474892616272,41.062324330100765,0.0,
1,thin-seam,ABL-ET2X-R-PreviousRawEdge-CatmullRomRGB-Fixed080,0.8239474892616272,41.062324330100765,0.0,
1,leaves,O-T2X-R,3.4842448234558105,31.63655484963007,5.814536094665527,
1,leaves,ABL-ET2X-R-PreviousRawEdge-CatmullRomRGB,4.2450032234191895,29.5449999940801,0.0,
1,leaves,ABL-ET2X-R-PreviousRawEdge-CatmullRomRGB-Fixed080,4.2450032234191895,29.5449999940801,0.0,
1,grass-seam,O-T2X-R,1.9212055206298828,37.210419980836434,3.005586624145508,
1,grass-seam,ABL-ET2X-R-PreviousRawEdge-CatmullRomRGB,2.2032196521759033,35.906170122963566,0.0,
1,grass-seam,ABL-ET2X-R-PreviousRawEdge-CatmullRomRGB-Fixed080,2.2032196521759033,35.906170122963566,0.0,
2,seams,O-T2X-R,0.43120115995407104,46.44178134717093,0.0,0.392333447933197
2,seams,ABL-ET2X-R-PreviousRawEdge-CatmullRomRGB,0.5082356929779053,43.47709129183293,0.0,0.0
2,seams,ABL-ET2X-R-PreviousRawEdge-CatmullRomRGB-Fixed080,0.5082356929779053,43.47709129183293,0.0,0.0
2,thin-seam,O-T2X-R,0.6215277910232544,44.61442733173292,0.0,0.5660820007324219
2,thin-seam,ABL-ET2X-R-PreviousRawEdge-CatmullRomRGB,0.8239474892616272,41.062324330100765,0.0,0.0
2,thin-seam,ABL-ET2X-R-PreviousRawEdge-CatmullRomRGB-Fixed080,0.8239474892616272,41.062324330100765,0.0,0.0
2,leaves,O-T2X-R,3.4842448234558105,31.63655484963007,0.0,5.814536094665527
2,leaves,ABL-ET2X-R-PreviousRawEdge-CatmullRomRGB,4.2450032234191895,29.5449999940801,0.0,0.0
2,leaves,ABL-ET2X-R-PreviousRawEdge-CatmullRomRGB-Fixed080,4.2450032234191895,29.5449999940801,0.0,0.0
2,grass-seam,O-T2X-R,1.9212055206298828,37.210419980836434,0.0,3.005586624145508
2,grass-seam,ABL-ET2X-R-PreviousRawEdge-CatmullRomRGB,2.2032196521759033,35.906170122963566,0.0,0.0
2,grass-seam,ABL-ET2X-R-PreviousRawEdge-CatmullRomRGB-Fixed080,2.2032196521759033,35.906170122963566,0.0,0.0
3,seams,O-T2X-R,0.43120115995407104,46.44178134717093,0.0,0.0
3,seams,ABL-ET2X-R-PreviousRawEdge-CatmullRomRGB,0.5082356929779053,43.47709129183293,0.0,0.0
3,seams,ABL-ET2X-R-PreviousRawEdge-CatmullRomRGB-Fixed080,0.5082356929779053,43.47709129183293,0.0,0.0
3,thin-seam,O-T2X-R,0.6215277910232544,44.61442733173292,0.0,0.0
3,thin-seam,ABL-ET2X-R-PreviousRawEdge-CatmullRomRGB,0.8239474892616272,41.062324330100765,0.0,0.0
3,thin-seam,ABL-ET2X-R-PreviousRawEdge-CatmullRomRGB-Fixed080,0.8239474892616272,41.062324330100765,0.0,0.0
3,leaves,O-T2X-R,3.4842448234558105,31.63655484963007,0.0,0.0
3,leaves,ABL-ET2X-R-PreviousRawEdge-CatmullRomRGB,4.2450032234191895,29.5449999940801,0.0,0.0
3,leaves,ABL-ET2X-R-PreviousRawEdge-CatmullRomRGB-Fixed080,4.2450032234191895,29.5449999940801,0.0,0.0
3,grass-seam,O-T2X-R,1.9212055206298828,37.210419980836434,0.0,0.0
3,grass-seam,ABL-ET2X-R-PreviousRawEdge-CatmullRomRGB,2.2032196521759033,35.906170122963566,0.0,0.0
3,grass-seam,ABL-ET2X-R-PreviousRawEdge-CatmullRomRGB-Fixed080,2.2032196521759033,35.906170122963566,0.0,0.0
4,seams,O-T2X-R,0.43120115995407104,46.44178134717093,0.0,0.0
4,seams,ABL-ET2X-R-PreviousRawEdge-CatmullRomRGB,0.5082356929779053,43.47709129183293,0.0,0.0
4,seams,ABL-ET2X-R-PreviousRawEdge-CatmullRomRGB-Fixed080,0.5082356929779053,43.47709129183293,0.0,0.0
4,thin-seam,O-T2X-R,0.6215277910232544,44.61442733173292,0.0,0.0
4,thin-seam,ABL-ET2X-R-PreviousRawEdge-CatmullRomRGB,0.8239474892616272,41.062324330100765,0.0,0.0
4,thin-seam,ABL-ET2X-R-PreviousRawEdge-CatmullRomRGB-Fixed080,0.8239474892616272,41.062324330100765,0.0,0.0
4,leaves,O-T2X-R,3.4842448234558105,31.63655484963007,0.0,0.0
4,leaves,ABL-ET2X-R-PreviousRawEdge-CatmullRomRGB,4.2450032234191895,29.5449999940801,0.0,0.0
4,leaves,ABL-ET2X-R-PreviousRawEdge-CatmullRomRGB-Fixed080,4.2450032234191895,29.5449999940801,0.0,0.0
4,grass-seam,O-T2X-R,1.9212055206298828,37.210419980836434,0.0,0.0
4,grass-seam,ABL-ET2X-R-PreviousRawEdge-CatmullRomRGB,2.2032196521759033,35.906170122963566,0.0,0.0
4,grass-seam,ABL-ET2X-R-PreviousRawEdge-CatmullRomRGB-Fixed080,2.2032196521759033,35.906170122963566,0.0,0.0
5,seams,O-T2X-R,0.43120115995407104,46.44178134717093,0.0,0.0
5,seams,ABL-ET2X-R-PreviousRawEdge-CatmullRomRGB,0.5082356929779053,43.47709129183293,0.0,0.0
5,seams,ABL-ET2X-R-PreviousRawEdge-CatmullRomRGB-Fixed080,0.5082356929779053,43.47709129183293,0.0,0.0
5,thin-seam,O-T2X-R,0.6215277910232544,44.61442733173292,0.0,0.0
5,thin-seam,ABL-ET2X-R-PreviousRawEdge-CatmullRomRGB,0.8239474892616272,41.062324330100765,0.0,0.0
5,thin-seam,ABL-ET2X-R-PreviousRawEdge-CatmullRomRGB-Fixed080,0.8239474892616272,41.062324330100765,0.0,0.0
5,leaves,O-T2X-R,3.4842448234558105,31.63655484963007,0.0,0.0
5,leaves,ABL-ET2X-R-PreviousRawEdge-CatmullRomRGB,4.2450032234191895,29.5449999940801,0.0,0.0
5,leaves,ABL-ET2X-R-PreviousRawEdge-CatmullRomRGB-Fixed080,4.2450032234191895,29.5449999940801,0.0,0.0
5,grass-seam,O-T2X-R,1.9212055206298828,37.210419980836434,0.0,0.0
5,grass-seam,ABL-ET2X-R-PreviousRawEdge-CatmullRomRGB,2.2032196521759033,35.906170122963566,0.0,0.0
5,grass-seam,ABL-ET2X-R-PreviousRawEdge-CatmullRomRGB-Fixed080,2.2032196521759033,35.906170122963566,0.0,0.0
6,seams,O-T2X-R,0.43120115995407104,46.44178134717093,0.0,0.0
6,seams,ABL-ET2X-R-PreviousRawEdge-CatmullRomRGB,0.5082356929779053,43.47709129183293,0.0,0.0
6,seams,ABL-ET2X-R-PreviousRawEdge-CatmullRomRGB-Fixed080,0.5082356929779053,43.47709129183293,0.0,0.0
6,thin-seam,O-T2X-R,0.6215277910232544,44.61442733173292,0.0,0.0
6,thin-seam,ABL-ET2X-R-PreviousRawEdge-CatmullRomRGB,0.8239474892616272,41.062324330100765,0.0,0.0
6,thin-seam,ABL-ET2X-R-PreviousRawEdge-CatmullRomRGB-Fixed080,0.8239474892616272,41.062324330100765,0.0,0.0
6,leaves,O-T2X-R,3.4842448234558105,31.63655484963007,0.0,0.0
6,leaves,ABL-ET2X-R-PreviousRawEdge-CatmullRomRGB,4.2450032234191895,29.5449999940801,0.0,0.0
6,leaves,ABL-ET2X-R-PreviousRawEdge-CatmullRomRGB-Fixed080,4.2450032234191895,29.5449999940801,0.0,0.0
6,grass-seam,O-T2X-R,1.9212055206298828,37.210419980836434,0.0,0.0
6,grass-seam,ABL-ET2X-R-PreviousRawEdge-CatmullRomRGB,2.2032196521759033,35.906170122963566,0.0,0.0
6,grass-seam,ABL-ET2X-R-PreviousRawEdge-CatmullRomRGB-Fixed080,2.2032196521759033,35.906170122963566,0.0,0.0
7,seams,O-T2X-R,0.43120115995407104,46.44178134717093,0.0,0.0
7,seams,ABL-ET2X-R-PreviousRawEdge-CatmullRomRGB,0.5082356929779053,43.47709129183293,0.0,0.0
7,seams,ABL-ET2X-R-PreviousRawEdge-CatmullRomRGB-Fixed080,0.5082356929779053,43.47709129183293,0.0,0.0
7,thin-seam,O-T2X-R,0.6215277910232544,44.61442733173292,0.0,0.0
7,thin-seam,ABL-ET2X-R-PreviousRawEdge-CatmullRomRGB,0.8239474892616272,41.062324330100765,0.0,0.0
7,thin-seam,ABL-ET2X-R-PreviousRawEdge-CatmullRomRGB-Fixed080,0.8239474892616272,41.062324330100765,0.0,0.0
7,leaves,O-T2X-R,3.4842448234558105,31.63655484963007,0.0,0.0
7,leaves,ABL-ET2X-R-PreviousRawEdge-CatmullRomRGB,4.2450032234191895,29.5449999940801,0.0,0.0
7,leaves,ABL-ET2X-R-PreviousRawEdge-CatmullRomRGB-Fixed080,4.2450032234191895,29.5449999940801,0.0,0.0
7,grass-seam,O-T2X-R,1.9212055206298828,37.210419980836434,0.0,0.0
7,grass-seam,ABL-ET2X-R-PreviousRawEdge-CatmullRomRGB,2.2032196521759033,35.906170122963566,0.0,0.0
7,grass-seam,ABL-ET2X-R-PreviousRawEdge-CatmullRomRGB-Fixed080,2.2032196521759033,35.906170122963566,0.0,0.0
8,seams,O-T2X-R,0.43120115995407104,46.44178134717093,0.0,0.0
8,seams,ABL-ET2X-R-PreviousRawEdge-CatmullRomRGB,0.5082356929779053,43.47709129183293,0.0,0.0
8,seams,ABL-ET2X-R-PreviousRawEdge-CatmullRomRGB-Fixed080,0.5082356929779053,43.47709129183293,0.0,0.0
8,thin-seam,O-T2X-R,0.6215277910232544,44.61442733173292,0.0,0.0
8,thin-seam,ABL-ET2X-R-PreviousRawEdge-CatmullRomRGB,0.8239474892616272,41.062324330100765,0.0,0.0
8,thin-seam,ABL-ET2X-R-PreviousRawEdge-CatmullRomRGB-Fixed080,0.8239474892616272,41.062324330100765,0.0,0.0
8,leaves,O-T2X-R,3.4842448234558105,31.63655484963007,0.0,0.0
8,leaves,ABL-ET2X-R-PreviousRawEdge-CatmullRomRGB,4.2450032234191895,29.5449999940801,0.0,0.0
8,leaves,ABL-ET2X-R-PreviousRawEdge-CatmullRomRGB-Fixed080,4.2450032234191895,29.5449999940801,0.0,0.0
8,grass-seam,O-T2X-R,1.9212055206298828,37.210419980836434,0.0,0.0
8,grass-seam,ABL-ET2X-R-PreviousRawEdge-CatmullRomRGB,2.2032196521759033,35.906170122963566,0.0,0.0
8,grass-seam,ABL-ET2X-R-PreviousRawEdge-CatmullRomRGB-Fixed080,2.2032196521759033,35.906170122963566,0.0,0.0
9,seams,O-T2X-R,0.43120115995407104,46.44178134717093,0.0,0.0
9,seams,ABL-ET2X-R-PreviousRawEdge-CatmullRomRGB,0.5082356929779053,43.47709129183293,0.0,0.0
9,seams,ABL-ET2X-R-PreviousRawEdge-CatmullRomRGB-Fixed080,0.5082356929779053,43.47709129183293,0.0,0.0
9,thin-seam,O-T2X-R,0.6215277910232544,44.61442733173292,0.0,0.0
9,thin-seam,ABL-ET2X-R-PreviousRawEdge-CatmullRomRGB,0.8239474892616272,41.062324330100765,0.0,0.0
9,thin-seam,ABL-ET2X-R-PreviousRawEdge-CatmullRomRGB-Fixed080,0.8239474892616272,41.062324330100765,0.0,0.0
9,leaves,O-T2X-R,3.4842448234558105,31.63655484963007,0.0,0.0
9,leaves,ABL-ET2X-R-PreviousRawEdge-CatmullRomRGB,4.2450032234191895,29.5449999940801,0.0,0.0
9,leaves,ABL-ET2X-R-PreviousRawEdge-CatmullRomRGB-Fixed080,4.2450032234191895,29.5449999940801,0.0,0.0
9,grass-seam,O-T2X-R,1.9212055206298828,37.210419980836434,0.0,0.0
9,grass-seam,ABL-ET2X-R-PreviousRawEdge-CatmullRomRGB,2.2032196521759033,35.906170122963566,0.0,0.0
9,grass-seam,ABL-ET2X-R-PreviousRawEdge-CatmullRomRGB-Fixed080,2.2032196521759033,35.906170122963566,0.0,0.0
10,seams,O-T2X-R,0.43120115995407104,46.44178134717093,0.0,0.0
10,seams,ABL-ET2X-R-PreviousRawEdge-CatmullRomRGB,0.5082356929779053,43.47709129183293,0.0,0.0
10,seams,ABL-ET2X-R-PreviousRawEdge-CatmullRomRGB-Fixed080,0.5082356929779053,43.47709129183293,0.0,0.0
10,thin-seam,O-T2X-R,0.6215277910232544,44.61442733173292,0.0,0.0
10,thin-seam,ABL-ET2X-R-PreviousRawEdge-CatmullRomRGB,0.8239474892616272,41.062324330100765,0.0,0.0
10,thin-seam,ABL-ET2X-R-PreviousRawEdge-CatmullRomRGB-Fixed080,0.8239474892616272,41.062324330100765,0.0,0.0
10,leaves,O-T2X-R,3.4842448234558105,31.63655484963007,0.0,0.0
10,leaves,ABL-ET2X-R-PreviousRawEdge-CatmullRomRGB,4.2450032234191895,29.5449999940801,0.0,0.0
10,leaves,ABL-ET2X-R-PreviousRawEdge-CatmullRomRGB-Fixed080,4.2450032234191895,29.5449999940801,0.0,0.0
10,grass-seam,O-T2X-R,1.9212055206298828,37.210419980836434,0.0,0.0
10,grass-seam,ABL-ET2X-R-PreviousRawEdge-CatmullRomRGB,2.2032196521759033,35.906170122963566,0.0,0.0
10,grass-seam,ABL-ET2X-R-PreviousRawEdge-CatmullRomRGB-Fixed080,2.2032196521759033,35.906170122963566,0.0,0.0
11,seams,O-T2X-R,0.43120115995407104,46.44178134717093,0.0,0.0
11,seams,ABL-ET2X-R-PreviousRawEdge-CatmullRomRGB,0.5082356929779053,43.47709129183293,0.0,0.0
11,seams,ABL-ET2X-R-PreviousRawEdge-CatmullRomRGB-Fixed080,0.5082356929779053,43.47709129183293,0.0,0.0
11,thin-seam,O-T2X-R,0.6215277910232544,44.61442733173292,0.0,0.0
11,thin-seam,ABL-ET2X-R-PreviousRawEdge-CatmullRomRGB,0.8239474892616272,41.062324330100765,0.0,0.0
11,thin-seam,ABL-ET2X-R-PreviousRawEdge-CatmullRomRGB-Fixed080,0.8239474892616272,41.062324330100765,0.0,0.0
11,leaves,O-T2X-R,3.4842448234558105,31.63655484963007,0.0,0.0
11,leaves,ABL-ET2X-R-PreviousRawEdge-CatmullRomRGB,4.2450032234191895,29.5449999940801,0.0,0.0
11,leaves,ABL-ET2X-R-PreviousRawEdge-CatmullRomRGB-Fixed080,4.2450032234191895,29.5449999940801,0.0,0.0
11,grass-seam,O-T2X-R,1.9212055206298828,37.210419980836434,0.0,0.0
11,grass-seam,ABL-ET2X-R-PreviousRawEdge-CatmullRomRGB,2.2032196521759033,35.906170122963566,0.0,0.0
11,grass-seam,ABL-ET2X-R-PreviousRawEdge-CatmullRomRGB-Fixed080,2.2032196521759033,35.906170122963566,0.0,0.0
12,seams,O-T2X-R,0.43120115995407104,46.44178134717093,0.0,0.0
12,seams,ABL-ET2X-R-PreviousRawEdge-CatmullRomRGB,0.5082356929779053,43.47709129183293,0.0,0.0
12,seams,ABL-ET2X-R-PreviousRawEdge-CatmullRomRGB-Fixed080,0.5082356929779053,43.47709129183293,0.0,0.0
12,thin-seam,O-T2X-R,0.6215277910232544,44.61442733173292,0.0,0.0
12,thin-seam,ABL-ET2X-R-PreviousRawEdge-CatmullRomRGB,0.8239474892616272,41.062324330100765,0.0,0.0
12,thin-seam,ABL-ET2X-R-PreviousRawEdge-CatmullRomRGB-Fixed080,0.8239474892616272,41.062324330100765,0.0,0.0
12,leaves,O-T2X-R,3.4842448234558105,31.63655484963007,0.0,0.0
12,leaves,ABL-ET2X-R-PreviousRawEdge-CatmullRomRGB,4.2450032234191895,29.5449999940801,0.0,0.0
12,leaves,ABL-ET2X-R-PreviousRawEdge-CatmullRomRGB-Fixed080,4.2450032234191895,29.5449999940801,0.0,0.0
12,grass-seam,O-T2X-R,1.9212055206298828,37.210419980836434,0.0,0.0
12,grass-seam,ABL-ET2X-R-PreviousRawEdge-CatmullRomRGB,2.2032196521759033,35.906170122963566,0.0,0.0
12,grass-seam,ABL-ET2X-R-PreviousRawEdge-CatmullRomRGB-Fixed080,2.2032196521759033,35.906170122963566,0.0,0.0
13,seams,O-T2X-R,0.43120115995407104,46.44178134717093,0.0,0.0
13,seams,ABL-ET2X-R-PreviousRawEdge-CatmullRomRGB,0.5082356929779053,43.47709129183293,0.0,0.0
13,seams,ABL-ET2X-R-PreviousRawEdge-CatmullRomRGB-Fixed080,0.5082356929779053,43.47709129183293,0.0,0.0
13,thin-seam,O-T2X-R,0.6215277910232544,44.61442733173292,0.0,0.0
13,thin-seam,ABL-ET2X-R-PreviousRawEdge-CatmullRomRGB,0.8239474892616272,41.062324330100765,0.0,0.0
13,thin-seam,ABL-ET2X-R-PreviousRawEdge-CatmullRomRGB-Fixed080,0.8239474892616272,41.062324330100765,0.0,0.0
13,leaves,O-T2X-R,3.4842448234558105,31.63655484963007,0.0,0.0
13,leaves,ABL-ET2X-R-PreviousRawEdge-CatmullRomRGB,4.2450032234191895,29.5449999940801,0.0,0.0
13,leaves,ABL-ET2X-R-PreviousRawEdge-CatmullRomRGB-Fixed080,4.2450032234191895,29.5449999940801,0.0,0.0
13,grass-seam,O-T2X-R,1.9212055206298828,37.210419980836434,0.0,0.0
13,grass-seam,ABL-ET2X-R-PreviousRawEdge-CatmullRomRGB,2.2032196521759033,35.906170122963566,0.0,0.0
13,grass-seam,ABL-ET2X-R-PreviousRawEdge-CatmullRomRGB-Fixed080,2.2032196521759033,35.906170122963566,0.0,0.0
14,seams,O-T2X-R,0.43120115995407104,46.44178134717093,0.0,0.0
14,seams,ABL-ET2X-R-PreviousRawEdge-CatmullRomRGB,0.5082356929779053,43.47709129183293,0.0,0.0
14,seams,ABL-ET2X-R-PreviousRawEdge-CatmullRomRGB-Fixed080,0.5082356929779053,43.47709129183293,0.0,0.0
14,thin-seam,O-T2X-R,0.6215277910232544,44.61442733173292,0.0,0.0
14,thin-seam,ABL-ET2X-R-PreviousRawEdge-CatmullRomRGB,0.8239474892616272,41.062324330100765,0.0,0.0
14,thin-seam,ABL-ET2X-R-PreviousRawEdge-CatmullRomRGB-Fixed080,0.8239474892616272,41.062324330100765,0.0,0.0
14,leaves,O-T2X-R,3.4842448234558105,31.63655484963007,0.0,0.0
14,leaves,ABL-ET2X-R-PreviousRawEdge-CatmullRomRGB,4.2450032234191895,29.5449999940801,0.0,0.0
14,leaves,ABL-ET2X-R-PreviousRawEdge-CatmullRomRGB-Fixed080,4.2450032234191895,29.5449999940801,0.0,0.0
14,grass-seam,O-T2X-R,1.9212055206298828,37.210419980836434,0.0,0.0
14,grass-seam,ABL-ET2X-R-PreviousRawEdge-CatmullRomRGB,2.2032196521759033,35.906170122963566,0.0,0.0
14,grass-seam,ABL-ET2X-R-PreviousRawEdge-CatmullRomRGB-Fixed080,2.2032196521759033,35.906170122963566,0.0,0.0
15,seams,O-T2X-R,0.43120115995407104,46.44178134717093,0.0,0.0
15,seams,ABL-ET2X-R-PreviousRawEdge-CatmullRomRGB,0.5082356929779053,43.47709129183293,0.0,0.0
15,seams,ABL-ET2X-R-PreviousRawEdge-CatmullRomRGB-Fixed080,0.5082356929779053,43.47709129183293,0.0,0.0
15,thin-seam,O-T2X-R,0.6215277910232544,44.61442733173292,0.0,0.0
15,thin-seam,ABL-ET2X-R-PreviousRawEdge-CatmullRomRGB,0.8239474892616272,41.062324330100765,0.0,0.0
15,thin-seam,ABL-ET2X-R-PreviousRawEdge-CatmullRomRGB-Fixed080,0.8239474892616272,41.062324330100765,0.0,0.0
15,leaves,O-T2X-R,3.4842448234558105,31.63655484963007,0.0,0.0
15,leaves,ABL-ET2X-R-PreviousRawEdge-CatmullRomRGB,4.2450032234191895,29.5449999940801,0.0,0.0
15,leaves,ABL-ET2X-R-PreviousRawEdge-CatmullRomRGB-Fixed080,4.2450032234191895,29.5449999940801,0.0,0.0
15,grass-seam,O-T2X-R,1.9212055206298828,37.210419980836434,0.0,0.0
15,grass-seam,ABL-ET2X-R-PreviousRawEdge-CatmullRomRGB,2.2032196521759033,35.906170122963566,0.0,0.0
15,grass-seam,ABL-ET2X-R-PreviousRawEdge-CatmullRomRGB-Fixed080,2.2032196521759033,35.906170122963566,0.0,0.0
16,seams,O-T2X-R,0.43120115995407104,46.44178134717093,0.0,0.0
16,seams,ABL-ET2X-R-PreviousRawEdge-CatmullRomRGB,0.5082356929779053,43.47709129183293,0.0,0.0
16,seams,ABL-ET2X-R-PreviousRawEdge-CatmullRomRGB-Fixed080,0.5082356929779053,43.47709129183293,0.0,0.0
16,thin-seam,O-T2X-R,0.6215277910232544,44.61442733173292,0.0,0.0
16,thin-seam,ABL-ET2X-R-PreviousRawEdge-CatmullRomRGB,0.8239474892616272,41.062324330100765,0.0,0.0
16,thin-seam,ABL-ET2X-R-PreviousRawEdge-CatmullRomRGB-Fixed080,0.8239474892616272,41.062324330100765,0.0,0.0
16,leaves,O-T2X-R,3.4842448234558105,31.63655484963007,0.0,0.0
16,leaves,ABL-ET2X-R-PreviousRawEdge-CatmullRomRGB,4.2450032234191895,29.5449999940801,0.0,0.0
16,leaves,ABL-ET2X-R-PreviousRawEdge-CatmullRomRGB-Fixed080,4.2450032234191895,29.5449999940801,0.0,0.0
16,grass-seam,O-T2X-R,1.9212055206298828,37.210419980836434,0.0,0.0
16,grass-seam,ABL-ET2X-R-PreviousRawEdge-CatmullRomRGB,2.2032196521759033,35.906170122963566,0.0,0.0
16,grass-seam,ABL-ET2X-R-PreviousRawEdge-CatmullRomRGB-Fixed080,2.2032196521759033,35.906170122963566,0.0,0.0
17,seams,O-T2X-R,0.43120115995407104,46.44178134717093,0.0,0.0
17,seams,ABL-ET2X-R-PreviousRawEdge-CatmullRomRGB,0.5082356929779053,43.47709129183293,0.0,0.0
17,seams,ABL-ET2X-R-PreviousRawEdge-CatmullRomRGB-Fixed080,0.5082356929779053,43.47709129183293,0.0,0.0
17,thin-seam,O-T2X-R,0.6215277910232544,44.61442733173292,0.0,0.0
17,thin-seam,ABL-ET2X-R-PreviousRawEdge-CatmullRomRGB,0.8239474892616272,41.062324330100765,0.0,0.0
17,thin-seam,ABL-ET2X-R-PreviousRawEdge-CatmullRomRGB-Fixed080,0.8239474892616272,41.062324330100765,0.0,0.0
17,leaves,O-T2X-R,3.4842448234558105,31.63655484963007,0.0,0.0
17,leaves,ABL-ET2X-R-PreviousRawEdge-CatmullRomRGB,4.2450032234191895,29.5449999940801,0.0,0.0
17,leaves,ABL-ET2X-R-PreviousRawEdge-CatmullRomRGB-Fixed080,4.2450032234191895,29.5449999940801,0.0,0.0
17,grass-seam,O-T2X-R,1.9212055206298828,37.210419980836434,0.0,0.0
17,grass-seam,ABL-ET2X-R-PreviousRawEdge-CatmullRomRGB,2.2032196521759033,35.906170122963566,0.0,0.0
17,grass-seam,ABL-ET2X-R-PreviousRawEdge-CatmullRomRGB-Fixed080,2.2032196521759033,35.906170122963566,0.0,0.0
18,seams,O-T2X-R,0.43120115995407104,46.44178134717093,0.0,0.0
18,seams,ABL-ET2X-R-PreviousRawEdge-CatmullRomRGB,0.5082356929779053,43.47709129183293,0.0,0.0
18,seams,ABL-ET2X-R-PreviousRawEdge-CatmullRomRGB-Fixed080,0.5082356929779053,43.47709129183293,0.0,0.0
18,thin-seam,O-T2X-R,0.6215277910232544,44.61442733173292,0.0,0.0
18,thin-seam,ABL-ET2X-R-PreviousRawEdge-CatmullRomRGB,0.8239474892616272,41.062324330100765,0.0,0.0
18,thin-seam,ABL-ET2X-R-PreviousRawEdge-CatmullRomRGB-Fixed080,0.8239474892616272,41.062324330100765,0.0,0.0
18,leaves,O-T2X-R,3.4842448234558105,31.63655484963007,0.0,0.0
18,leaves,ABL-ET2X-R-PreviousRawEdge-CatmullRomRGB,4.2450032234191895,29.5449999940801,0.0,0.0
18,leaves,ABL-ET2X-R-PreviousRawEdge-CatmullRomRGB-Fixed080,4.2450032234191895,29.5449999940801,0.0,0.0
18,grass-seam,O-T2X-R,1.9212055206298828,37.210419980836434,0.0,0.0
18,grass-seam,ABL-ET2X-R-PreviousRawEdge-CatmullRomRGB,2.2032196521759033,35.906170122963566,0.0,0.0
18,grass-seam,ABL-ET2X-R-PreviousRawEdge-CatmullRomRGB-Fixed080,2.2032196521759033,35.906170122963566,0.0,0.0
19,seams,O-T2X-R,0.43120115995407104,46.44178134717093,0.0,0.0
19,seams,ABL-ET2X-R-PreviousRawEdge-CatmullRomRGB,0.5082356929779053,43.47709129183293,0.0,0.0
19,seams,ABL-ET2X-R-PreviousRawEdge-CatmullRomRGB-Fixed080,0.5082356929779053,43.47709129183293,0.0,0.0
19,thin-seam,O-T2X-R,0.6215277910232544,44.61442733173292,0.0,0.0
19,thin-seam,ABL-ET2X-R-PreviousRawEdge-CatmullRomRGB,0.8239474892616272,41.062324330100765,0.0,0.0
19,thin-seam,ABL-ET2X-R-PreviousRawEdge-CatmullRomRGB-Fixed080,0.8239474892616272,41.062324330100765,0.0,0.0
19,leaves,O-T2X-R,3.4842448234558105,31.63655484963007,0.0,0.0
19,leaves,ABL-ET2X-R-PreviousRawEdge-CatmullRomRGB,4.2450032234191895,29.5449999940801,0.0,0.0
19,leaves,ABL-ET2X-R-PreviousRawEdge-CatmullRomRGB-Fixed080,4.2450032234191895,29.5449999940801,0.0,0.0
19,grass-seam,O-T2X-R,1.9212055206298828,37.210419980836434,0.0,0.0
19,grass-seam,ABL-ET2X-R-PreviousRawEdge-CatmullRomRGB,2.2032196521759033,35.906170122963566,0.0,0.0
19,grass-seam,ABL-ET2X-R-PreviousRawEdge-CatmullRomRGB-Fixed080,2.2032196521759033,35.906170122963566,0.0,0.0
20,seams,O-T2X-R,0.43120115995407104,46.44178134717093,0.0,0.0
20,seams,ABL-ET2X-R-PreviousRawEdge-CatmullRomRGB,0.5082356929779053,43.47709129183293,0.0,0.0
20,seams,ABL-ET2X-R-PreviousRawEdge-CatmullRomRGB-Fixed080,0.5082356929779053,43.47709129183293,0.0,0.0
20,thin-seam,O-T2X-R,0.6215277910232544,44.61442733173292,0.0,0.0
20,thin-seam,ABL-ET2X-R-PreviousRawEdge-CatmullRomRGB,0.8239474892616272,41.062324330100765,0.0,0.0
20,thin-seam,ABL-ET2X-R-PreviousRawEdge-CatmullRomRGB-Fixed080,0.8239474892616272,41.062324330100765,0.0,0.0
20,leaves,O-T2X-R,3.4842448234558105,31.63655484963007,0.0,0.0
20,leaves,ABL-ET2X-R-PreviousRawEdge-CatmullRomRGB,4.2450032234191895,29.5449999940801,0.0,0.0
20,leaves,ABL-ET2X-R-PreviousRawEdge-CatmullRomRGB-Fixed080,4.2450032234191895,29.5449999940801,0.0,0.0
20,grass-seam,O-T2X-R,1.9212055206298828,37.210419980836434,0.0,0.0
20,grass-seam,ABL-ET2X-R-PreviousRawEdge-CatmullRomRGB,2.2032196521759033,35.906170122963566,0.0,0.0
20,grass-seam,ABL-ET2X-R-PreviousRawEdge-CatmullRomRGB-Fixed080,2.2032196521759033,35.906170122963566,0.0,0.0
21,seams,O-T2X-R,0.43120115995407104,46.44178134717093,0.0,0.0
21,seams,ABL-ET2X-R-PreviousRawEdge-CatmullRomRGB,0.5082356929779053,43.47709129183293,0.0,0.0
21,seams,ABL-ET2X-R-PreviousRawEdge-CatmullRomRGB-Fixed080,0.5082356929779053,43.47709129183293,0.0,0.0
21,thin-seam,O-T2X-R,0.6215277910232544,44.61442733173292,0.0,0.0
21,thin-seam,ABL-ET2X-R-PreviousRawEdge-CatmullRomRGB,0.8239474892616272,41.062324330100765,0.0,0.0
21,thin-seam,ABL-ET2X-R-PreviousRawEdge-CatmullRomRGB-Fixed080,0.8239474892616272,41.062324330100765,0.0,0.0
21,leaves,O-T2X-R,3.4842448234558105,31.63655484963007,0.0,0.0
21,leaves,ABL-ET2X-R-PreviousRawEdge-CatmullRomRGB,4.2450032234191895,29.5449999940801,0.0,0.0
21,leaves,ABL-ET2X-R-PreviousRawEdge-CatmullRomRGB-Fixed080,4.2450032234191895,29.5449999940801,0.0,0.0
21,grass-seam,O-T2X-R,1.9212055206298828,37.210419980836434,0.0,0.0
21,grass-seam,ABL-ET2X-R-PreviousRawEdge-CatmullRomRGB,2.2032196521759033,35.906170122963566,0.0,0.0
21,grass-seam,ABL-ET2X-R-PreviousRawEdge-CatmullRomRGB-Fixed080,2.2032196521759033,35.906170122963566,0.0,0.0
22,seams,O-T2X-R,0.43120115995407104,46.44178134717093,0.0,0.0
22,seams,ABL-ET2X-R-PreviousRawEdge-CatmullRomRGB,0.5082356929779053,43.47709129183293,0.0,0.0
22,seams,ABL-ET2X-R-PreviousRawEdge-CatmullRomRGB-Fixed080,0.5082356929779053,43.47709129183293,0.0,0.0
22,thin-seam,O-T2X-R,0.6215277910232544,44.61442733173292,0.0,0.0
22,thin-seam,ABL-ET2X-R-PreviousRawEdge-CatmullRomRGB,0.8239474892616272,41.062324330100765,0.0,0.0
22,thin-seam,ABL-ET2X-R-PreviousRawEdge-CatmullRomRGB-Fixed080,0.8239474892616272,41.062324330100765,0.0,0.0
22,leaves,O-T2X-R,3.4842448234558105,31.63655484963007,0.0,0.0
22,leaves,ABL-ET2X-R-PreviousRawEdge-CatmullRomRGB,4.2450032234191895,29.5449999940801,0.0,0.0
22,leaves,ABL-ET2X-R-PreviousRawEdge-CatmullRomRGB-Fixed080,4.2450032234191895,29.5449999940801,0.0,0.0
22,grass-seam,O-T2X-R,1.9212055206298828,37.210419980836434,0.0,0.0
22,grass-seam,ABL-ET2X-R-PreviousRawEdge-CatmullRomRGB,2.2032196521759033,35.906170122963566,0.0,0.0
22,grass-seam,ABL-ET2X-R-PreviousRawEdge-CatmullRomRGB-Fixed080,2.2032196521759033,35.906170122963566,0.0,0.0
23,seams,O-T2X-R,0.43120115995407104,46.44178134717093,0.0,0.0
23,seams,ABL-ET2X-R-PreviousRawEdge-CatmullRomRGB,0.5082356929779053,43.47709129183293,0.0,0.0
23,seams,ABL-ET2X-R-PreviousRawEdge-CatmullRomRGB-Fixed080,0.5082356929779053,43.47709129183293,0.0,0.0
23,thin-seam,O-T2X-R,0.6215277910232544,44.61442733173292,0.0,0.0
23,thin-seam,ABL-ET2X-R-PreviousRawEdge-CatmullRomRGB,0.8239474892616272,41.062324330100765,0.0,0.0
23,thin-seam,ABL-ET2X-R-PreviousRawEdge-CatmullRomRGB-Fixed080,0.8239474892616272,41.062324330100765,0.0,0.0
23,leaves,O-T2X-R,3.4842448234558105,31.63655484963007,0.0,0.0
23,leaves,ABL-ET2X-R-PreviousRawEdge-CatmullRomRGB,4.2450032234191895,29.5449999940801,0.0,0.0
23,leaves,ABL-ET2X-R-PreviousRawEdge-CatmullRomRGB-Fixed080,4.2450032234191895,29.5449999940801,0.0,0.0
23,grass-seam,O-T2X-R,1.9212055206298828,37.210419980836434,0.0,0.0
23,grass-seam,ABL-ET2X-R-PreviousRawEdge-CatmullRomRGB,2.2032196521759033,35.906170122963566,0.0,0.0
23,grass-seam,ABL-ET2X-R-PreviousRawEdge-CatmullRomRGB-Fixed080,2.2032196521759033,35.906170122963566,0.0,0.0
24,seams,O-T2X-R,0.43120115995407104,46.44178134717093,0.0,0.0
24,seams,ABL-ET2X-R-PreviousRawEdge-CatmullRomRGB,0.5082356929779053,43.47709129183293,0.0,0.0
24,seams,ABL-ET2X-R-PreviousRawEdge-CatmullRomRGB-Fixed080,0.5082356929779053,43.47709129183293,0.0,0.0
24,thin-seam,O-T2X-R,0.6215277910232544,44.61442733173292,0.0,0.0
24,thin-seam,ABL-ET2X-R-PreviousRawEdge-CatmullRomRGB,0.8239474892616272,41.062324330100765,0.0,0.0
24,thin-seam,ABL-ET2X-R-PreviousRawEdge-CatmullRomRGB-Fixed080,0.8239474892616272,41.062324330100765,0.0,0.0
24,leaves,O-T2X-R,3.4842448234558105,31.63655484963007,0.0,0.0
24,leaves,ABL-ET2X-R-PreviousRawEdge-CatmullRomRGB,4.2450032234191895,29.5449999940801,0.0,0.0
24,leaves,ABL-ET2X-R-PreviousRawEdge-CatmullRomRGB-Fixed080,4.2450032234191895,29.5449999940801,0.0,0.0
24,grass-seam,O-T2X-R,1.9212055206298828,37.210419980836434,0.0,0.0
24,grass-seam,ABL-ET2X-R-PreviousRawEdge-CatmullRomRGB,2.2032196521759033,35.906170122963566,0.0,0.0
24,grass-seam,ABL-ET2X-R-PreviousRawEdge-CatmullRomRGB-Fixed080,2.2032196521759033,35.906170122963566,0.0,0.0
25,seams,O-T2X-R,0.43120115995407104,46.44178134717093,0.0,0.0
25,seams,ABL-ET2X-R-PreviousRawEdge-CatmullRomRGB,0.5082356929779053,43.47709129183293,0.0,0.0
25,seams,ABL-ET2X-R-PreviousRawEdge-CatmullRomRGB-Fixed080,0.5082356929779053,43.47709129183293,0.0,0.0
25,thin-seam,O-T2X-R,0.6215277910232544,44.61442733173292,0.0,0.0
25,thin-seam,ABL-ET2X-R-PreviousRawEdge-CatmullRomRGB,0.8239474892616272,41.062324330100765,0.0,0.0
25,thin-seam,ABL-ET2X-R-PreviousRawEdge-CatmullRomRGB-Fixed080,0.8239474892616272,41.062324330100765,0.0,0.0
25,leaves,O-T2X-R,3.4842448234558105,31.63655484963007,0.0,0.0
25,leaves,ABL-ET2X-R-PreviousRawEdge-CatmullRomRGB,4.2450032234191895,29.5449999940801,0.0,0.0
25,leaves,ABL-ET2X-R-PreviousRawEdge-CatmullRomRGB-Fixed080,4.2450032234191895,29.5449999940801,0.0,0.0
25,grass-seam,O-T2X-R,1.9212055206298828,37.210419980836434,0.0,0.0
25,grass-seam,ABL-ET2X-R-PreviousRawEdge-CatmullRomRGB,2.2032196521759033,35.906170122963566,0.0,0.0
25,grass-seam,ABL-ET2X-R-PreviousRawEdge-CatmullRomRGB-Fixed080,2.2032196521759033,35.906170122963566,0.0,0.0
26,seams,O-T2X-R,0.43120115995407104,46.44178134717093,0.0,0.0
26,seams,ABL-ET2X-R-PreviousRawEdge-CatmullRomRGB,0.5082356929779053,43.47709129183293,0.0,0.0
26,seams,ABL-ET2X-R-PreviousRawEdge-CatmullRomRGB-Fixed080,0.5082356929779053,43.47709129183293,0.0,0.0
26,thin-seam,O-T2X-R,0.6215277910232544,44.61442733173292,0.0,0.0
26,thin-seam,ABL-ET2X-R-PreviousRawEdge-CatmullRomRGB,0.8239474892616272,41.062324330100765,0.0,0.0
26,thin-seam,ABL-ET2X-R-PreviousRawEdge-CatmullRomRGB-Fixed080,0.8239474892616272,41.062324330100765,0.0,0.0
26,leaves,O-T2X-R,3.4842448234558105,31.63655484963007,0.0,0.0
26,leaves,ABL-ET2X-R-PreviousRawEdge-CatmullRomRGB,4.2450032234191895,29.5449999940801,0.0,0.0
26,leaves,ABL-ET2X-R-PreviousRawEdge-CatmullRomRGB-Fixed080,4.2450032234191895,29.5449999940801,0.0,0.0
26,grass-seam,O-T2X-R,1.9212055206298828,37.210419980836434,0.0,0.0
26,grass-seam,ABL-ET2X-R-PreviousRawEdge-CatmullRomRGB,2.2032196521759033,35.906170122963566,0.0,0.0
26,grass-seam,ABL-ET2X-R-PreviousRawEdge-CatmullRomRGB-Fixed080,2.2032196521759033,35.906170122963566,0.0,0.0
27,seams,O-T2X-R,0.43120115995407104,46.44178134717093,0.0,0.0
27,seams,ABL-ET2X-R-PreviousRawEdge-CatmullRomRGB,0.5082356929779053,43.47709129183293,0.0,0.0
27,seams,ABL-ET2X-R-PreviousRawEdge-CatmullRomRGB-Fixed080,0.5082356929779053,43.47709129183293,0.0,0.0
27,thin-seam,O-T2X-R,0.6215277910232544,44.61442733173292,0.0,0.0
27,thin-seam,ABL-ET2X-R-PreviousRawEdge-CatmullRomRGB,0.8239474892616272,41.062324330100765,0.0,0.0
27,thin-seam,ABL-ET2X-R-PreviousRawEdge-CatmullRomRGB-Fixed080,0.8239474892616272,41.062324330100765,0.0,0.0
27,leaves,O-T2X-R,3.4842448234558105,31.63655484963007,0.0,0.0
27,leaves,ABL-ET2X-R-PreviousRawEdge-CatmullRomRGB,4.2450032234191895,29.5449999940801,0.0,0.0
27,leaves,ABL-ET2X-R-PreviousRawEdge-CatmullRomRGB-Fixed080,4.2450032234191895,29.5449999940801,0.0,0.0
27,grass-seam,O-T2X-R,1.9212055206298828,37.210419980836434,0.0,0.0
27,grass-seam,ABL-ET2X-R-PreviousRawEdge-CatmullRomRGB,2.2032196521759033,35.906170122963566,0.0,0.0
27,grass-seam,ABL-ET2X-R-PreviousRawEdge-CatmullRomRGB-Fixed080,2.2032196521759033,35.906170122963566,0.0,0.0
28,seams,O-T2X-R,0.43120115995407104,46.44178134717093,0.0,0.0
28,seams,ABL-ET2X-R-PreviousRawEdge-CatmullRomRGB,0.5082356929779053,43.47709129183293,0.0,0.0
28,seams,ABL-ET2X-R-PreviousRawEdge-CatmullRomRGB-Fixed080,0.5082356929779053,43.47709129183293,0.0,0.0
28,thin-seam,O-T2X-R,0.6215277910232544,44.61442733173292,0.0,0.0
28,thin-seam,ABL-ET2X-R-PreviousRawEdge-CatmullRomRGB,0.8239474892616272,41.062324330100765,0.0,0.0
28,thin-seam,ABL-ET2X-R-PreviousRawEdge-CatmullRomRGB-Fixed080,0.8239474892616272,41.062324330100765,0.0,0.0
28,leaves,O-T2X-R,3.4842448234558105,31.63655484963007,0.0,0.0
28,leaves,ABL-ET2X-R-PreviousRawEdge-CatmullRomRGB,4.2450032234191895,29.5449999940801,0.0,0.0
28,leaves,ABL-ET2X-R-PreviousRawEdge-CatmullRomRGB-Fixed080,4.2450032234191895,29.5449999940801,0.0,0.0
28,grass-seam,O-T2X-R,1.9212055206298828,37.210419980836434,0.0,0.0
28,grass-seam,ABL-ET2X-R-PreviousRawEdge-CatmullRomRGB,2.2032196521759033,35.906170122963566,0.0,0.0
28,grass-seam,ABL-ET2X-R-PreviousRawEdge-CatmullRomRGB-Fixed080,2.2032196521759033,35.906170122963566,0.0,0.0
29,seams,O-T2X-R,0.43120115995407104,46.44178134717093,0.0,0.0
29,seams,ABL-ET2X-R-PreviousRawEdge-CatmullRomRGB,0.5082356929779053,43.47709129183293,0.0,0.0
29,seams,ABL-ET2X-R-PreviousRawEdge-CatmullRomRGB-Fixed080,0.5082356929779053,43.47709129183293,0.0,0.0
29,thin-seam,O-T2X-R,0.6215277910232544,44.61442733173292,0.0,0.0
29,thin-seam,ABL-ET2X-R-PreviousRawEdge-CatmullRomRGB,0.8239474892616272,41.062324330100765,0.0,0.0
29,thin-seam,ABL-ET2X-R-PreviousRawEdge-CatmullRomRGB-Fixed080,0.8239474892616272,41.062324330100765,0.0,0.0
29,leaves,O-T2X-R,3.4842448234558105,31.63655484963007,0.0,0.0
29,leaves,ABL-ET2X-R-PreviousRawEdge-CatmullRomRGB,4.2450032234191895,29.5449999940801,0.0,0.0
29,leaves,ABL-ET2X-R-PreviousRawEdge-CatmullRomRGB-Fixed080,4.2450032234191895,29.5449999940801,0.0,0.0
29,grass-seam,O-T2X-R,1.9212055206298828,37.210419980836434,0.0,0.0
29,grass-seam,ABL-ET2X-R-PreviousRawEdge-CatmullRomRGB,2.2032196521759033,35.906170122963566,0.0,0.0
29,grass-seam,ABL-ET2X-R-PreviousRawEdge-CatmullRomRGB-Fixed080,2.2032196521759033,35.906170122963566,0.0,0.0
30,seams,O-T2X-R,0.43120115995407104,46.44178134717093,0.0,0.0
30,seams,ABL-ET2X-R-PreviousRawEdge-CatmullRomRGB,0.5082356929779053,43.47709129183293,0.0,0.0
30,seams,ABL-ET2X-R-PreviousRawEdge-CatmullRomRGB-Fixed080,0.5082356929779053,43.47709129183293,0.0,0.0
30,thin-seam,O-T2X-R,0.6215277910232544,44.61442733173292,0.0,0.0
30,thin-seam,ABL-ET2X-R-PreviousRawEdge-CatmullRomRGB,0.8239474892616272,41.062324330100765,0.0,0.0
30,thin-seam,ABL-ET2X-R-PreviousRawEdge-CatmullRomRGB-Fixed080,0.8239474892616272,41.062324330100765,0.0,0.0
30,leaves,O-T2X-R,3.4842448234558105,31.63655484963007,0.0,0.0
30,leaves,ABL-ET2X-R-PreviousRawEdge-CatmullRomRGB,4.2450032234191895,29.5449999940801,0.0,0.0
30,leaves,ABL-ET2X-R-PreviousRawEdge-CatmullRomRGB-Fixed080,4.2450032234191895,29.5449999940801,0.0,0.0
30,grass-seam,O-T2X-R,1.9212055206298828,37.210419980836434,0.0,0.0
30,grass-seam,ABL-ET2X-R-PreviousRawEdge-CatmullRomRGB,2.2032196521759033,35.906170122963566,0.0,0.0
30,grass-seam,ABL-ET2X-R-PreviousRawEdge-CatmullRomRGB-Fixed080,2.2032196521759033,35.906170122963566,0.0,0.0
31,seams,O-T2X-R,0.43120115995407104,46.44178134717093,0.0,0.0
31,seams,ABL-ET2X-R-PreviousRawEdge-CatmullRomRGB,0.5082356929779053,43.47709129183293,0.0,0.0
31,seams,ABL-ET2X-R-PreviousRawEdge-CatmullRomRGB-Fixed080,0.5082356929779053,43.47709129183293,0.0,0.0
31,thin-seam,O-T2X-R,0.6215277910232544,44.61442733173292,0.0,0.0
31,thin-seam,ABL-ET2X-R-PreviousRawEdge-CatmullRomRGB,0.8239474892616272,41.062324330100765,0.0,0.0
31,thin-seam,ABL-ET2X-R-PreviousRawEdge-CatmullRomRGB-Fixed080,0.8239474892616272,41.062324330100765,0.0,0.0
31,leaves,O-T2X-R,3.4842448234558105,31.63655484963007,0.0,0.0
31,leaves,ABL-ET2X-R-PreviousRawEdge-CatmullRomRGB,4.2450032234191895,29.5449999940801,0.0,0.0
31,leaves,ABL-ET2X-R-PreviousRawEdge-CatmullRomRGB-Fixed080,4.2450032234191895,29.5449999940801,0.0,0.0
31,grass-seam,O-T2X-R,1.9212055206298828,37.210419980836434,0.0,0.0
31,grass-seam,ABL-ET2X-R-PreviousRawEdge-CatmullRomRGB,2.2032196521759033,35.906170122963566,0.0,0.0
31,grass-seam,ABL-ET2X-R-PreviousRawEdge-CatmullRomRGB-Fixed080,2.2032196521759033,35.906170122963566,0.0,0.0
32,seams,O-T2X-R,0.43120115995407104,46.44178134717093,0.0,0.0
32,seams,ABL-ET2X-R-PreviousRawEdge-CatmullRomRGB,0.5082356929779053,43.47709129183293,0.0,0.0
32,seams,ABL-ET2X-R-PreviousRawEdge-CatmullRomRGB-Fixed080,0.5082356929779053,43.47709129183293,0.0,0.0
32,thin-seam,O-T2X-R,0.6215277910232544,44.61442733173292,0.0,0.0
32,thin-seam,ABL-ET2X-R-PreviousRawEdge-CatmullRomRGB,0.8239474892616272,41.062324330100765,0.0,0.0
32,thin-seam,ABL-ET2X-R-PreviousRawEdge-CatmullRomRGB-Fixed080,0.8239474892616272,41.062324330100765,0.0,0.0
32,leaves,O-T2X-R,3.4842448234558105,31.63655484963007,0.0,0.0
32,leaves,ABL-ET2X-R-PreviousRawEdge-CatmullRomRGB,4.2450032234191895,29.5449999940801,0.0,0.0
32,leaves,ABL-ET2X-R-PreviousRawEdge-CatmullRomRGB-Fixed080,4.2450032234191895,29.5449999940801,0.0,0.0
32,grass-seam,O-T2X-R,1.9212055206298828,37.210419980836434,0.0,0.0
32,grass-seam,ABL-ET2X-R-PreviousRawEdge-CatmullRomRGB,2.2032196521759033,35.906170122963566,0.0,0.0
32,grass-seam,ABL-ET2X-R-PreviousRawEdge-CatmullRomRGB-Fixed080,2.2032196521759033,35.906170122963566,0.0,0.0
33,seams,O-T2X-R,0.43120115995407104,46.44178134717093,0.0,0.0
33,seams,ABL-ET2X-R-PreviousRawEdge-CatmullRomRGB,0.5082356929779053,43.47709129183293,0.0,0.0
33,seams,ABL-ET2X-R-PreviousRawEdge-CatmullRomRGB-Fixed080,0.5082356929779053,43.47709129183293,0.0,0.0
33,thin-seam,O-T2X-R,0.6215277910232544,44.61442733173292,0.0,0.0
33,thin-seam,ABL-ET2X-R-PreviousRawEdge-CatmullRomRGB,0.8239474892616272,41.062324330100765,0.0,0.0
33,thin-seam,ABL-ET2X-R-PreviousRawEdge-CatmullRomRGB-Fixed080,0.8239474892616272,41.062324330100765,0.0,0.0
33,leaves,O-T2X-R,3.4842448234558105,31.63655484963007,0.0,0.0
33,leaves,ABL-ET2X-R-PreviousRawEdge-CatmullRomRGB,4.2450032234191895,29.5449999940801,0.0,0.0
33,leaves,ABL-ET2X-R-PreviousRawEdge-CatmullRomRGB-Fixed080,4.2450032234191895,29.5449999940801,0.0,0.0
33,grass-seam,O-T2X-R,1.9212055206298828,37.210419980836434,0.0,0.0
33,grass-seam,ABL-ET2X-R-PreviousRawEdge-CatmullRomRGB,2.2032196521759033,35.906170122963566,0.0,0.0
33,grass-seam,ABL-ET2X-R-PreviousRawEdge-CatmullRomRGB-Fixed080,2.2032196521759033,35.906170122963566,0.0,0.0
34,seams,O-T2X-R,0.43120115995407104,46.44178134717093,0.0,0.0
34,seams,ABL-ET2X-R-PreviousRawEdge-CatmullRomRGB,0.5082356929779053,43.47709129183293,0.0,0.0
34,seams,ABL-ET2X-R-PreviousRawEdge-CatmullRomRGB-Fixed080,0.5082356929779053,43.47709129183293,0.0,0.0
34,thin-seam,O-T2X-R,0.6215277910232544,44.61442733173292,0.0,0.0
34,thin-seam,ABL-ET2X-R-PreviousRawEdge-CatmullRomRGB,0.8239474892616272,41.062324330100765,0.0,0.0
34,thin-seam,ABL-ET2X-R-PreviousRawEdge-CatmullRomRGB-Fixed080,0.8239474892616272,41.062324330100765,0.0,0.0
34,leaves,O-T2X-R,3.4842448234558105,31.63655484963007,0.0,0.0
34,leaves,ABL-ET2X-R-PreviousRawEdge-CatmullRomRGB,4.2450032234191895,29.5449999940801,0.0,0.0
34,leaves,ABL-ET2X-R-PreviousRawEdge-CatmullRomRGB-Fixed080,4.2450032234191895,29.5449999940801,0.0,0.0
34,grass-seam,O-T2X-R,1.9212055206298828,37.210419980836434,0.0,0.0
34,grass-seam,ABL-ET2X-R-PreviousRawEdge-CatmullRomRGB,2.2032196521759033,35.906170122963566,0.0,0.0
34,grass-seam,ABL-ET2X-R-PreviousRawEdge-CatmullRomRGB-Fixed080,2.2032196521759033,35.906170122963566,0.0,0.0
35,seams,O-T2X-R,0.43120115995407104,46.44178134717093,0.0,0.0
35,seams,ABL-ET2X-R-PreviousRawEdge-CatmullRomRGB,0.5082356929779053,43.47709129183293,0.0,0.0
35,seams,ABL-ET2X-R-PreviousRawEdge-CatmullRomRGB-Fixed080,0.5082356929779053,43.47709129183293,0.0,0.0
35,thin-seam,O-T2X-R,0.6215277910232544,44.61442733173292,0.0,0.0
35,thin-seam,ABL-ET2X-R-PreviousRawEdge-CatmullRomRGB,0.8239474892616272,41.062324330100765,0.0,0.0
35,thin-seam,ABL-ET2X-R-PreviousRawEdge-CatmullRomRGB-Fixed080,0.8239474892616272,41.062324330100765,0.0,0.0
35,leaves,O-T2X-R,3.4842448234558105,31.63655484963007,0.0,0.0
35,leaves,ABL-ET2X-R-PreviousRawEdge-CatmullRomRGB,4.2450032234191895,29.5449999940801,0.0,0.0
35,leaves,ABL-ET2X-R-PreviousRawEdge-CatmullRomRGB-Fixed080,4.2450032234191895,29.5449999940801,0.0,0.0
35,grass-seam,O-T2X-R,1.9212055206298828,37.210419980836434,0.0,0.0
35,grass-seam,ABL-ET2X-R-PreviousRawEdge-CatmullRomRGB,2.2032196521759033,35.906170122963566,0.0,0.0
35,grass-seam,ABL-ET2X-R-PreviousRawEdge-CatmullRomRGB-Fixed080,2.2032196521759033,35.906170122963566,0.0,0.0
36,seams,O-T2X-R,0.43120115995407104,46.44178134717093,0.0,0.0
36,seams,ABL-ET2X-R-PreviousRawEdge-CatmullRomRGB,0.5082356929779053,43.47709129183293,0.0,0.0
36,seams,ABL-ET2X-R-PreviousRawEdge-CatmullRomRGB-Fixed080,0.5082356929779053,43.47709129183293,0.0,0.0
36,thin-seam,O-T2X-R,0.6215277910232544,44.61442733173292,0.0,0.0
36,thin-seam,ABL-ET2X-R-PreviousRawEdge-CatmullRomRGB,0.8239474892616272,41.062324330100765,0.0,0.0
36,thin-seam,ABL-ET2X-R-PreviousRawEdge-CatmullRomRGB-Fixed080,0.8239474892616272,41.062324330100765,0.0,0.0
36,leaves,O-T2X-R,3.4842448234558105,31.63655484963007,0.0,0.0
36,leaves,ABL-ET2X-R-PreviousRawEdge-CatmullRomRGB,4.2450032234191895,29.5449999940801,0.0,0.0
36,leaves,ABL-ET2X-R-PreviousRawEdge-CatmullRomRGB-Fixed080,4.2450032234191895,29.5449999940801,0.0,0.0
36,grass-seam,O-T2X-R,1.9212055206298828,37.210419980836434,0.0,0.0
36,grass-seam,ABL-ET2X-R-PreviousRawEdge-CatmullRomRGB,2.2032196521759033,35.906170122963566,0.0,0.0
36,grass-seam,ABL-ET2X-R-PreviousRawEdge-CatmullRomRGB-Fixed080,2.2032196521759033,35.906170122963566,0.0,0.0
37,seams,O-T2X-R,0.43120115995407104,46.44178134717093,0.0,0.0
37,seams,ABL-ET2X-R-PreviousRawEdge-CatmullRomRGB,0.5082356929779053,43.47709129183293,0.0,0.0
37,seams,ABL-ET2X-R-PreviousRawEdge-CatmullRomRGB-Fixed080,0.5082356929779053,43.47709129183293,0.0,0.0
37,thin-seam,O-T2X-R,0.6215277910232544,44.61442733173292,0.0,0.0
37,thin-seam,ABL-ET2X-R-PreviousRawEdge-CatmullRomRGB,0.8239474892616272,41.062324330100765,0.0,0.0
37,thin-seam,ABL-ET2X-R-PreviousRawEdge-CatmullRomRGB-Fixed080,0.8239474892616272,41.062324330100765,0.0,0.0
37,leaves,O-T2X-R,3.4842448234558105,31.63655484963007,0.0,0.0
37,leaves,ABL-ET2X-R-PreviousRawEdge-CatmullRomRGB,4.2450032234191895,29.5449999940801,0.0,0.0
37,leaves,ABL-ET2X-R-PreviousRawEdge-CatmullRomRGB-Fixed080,4.2450032234191895,29.5449999940801,0.0,0.0
37,grass-seam,O-T2X-R,1.9212055206298828,37.210419980836434,0.0,0.0
37,grass-seam,ABL-ET2X-R-PreviousRawEdge-CatmullRomRGB,2.2032196521759033,35.906170122963566,0.0,0.0
37,grass-seam,ABL-ET2X-R-PreviousRawEdge-CatmullRomRGB-Fixed080,2.2032196521759033,35.906170122963566,0.0,0.0
38,seams,O-T2X-R,0.43120115995407104,46.44178134717093,0.0,0.0
38,seams,ABL-ET2X-R-PreviousRawEdge-CatmullRomRGB,0.5082356929779053,43.47709129183293,0.0,0.0
38,seams,ABL-ET2X-R-PreviousRawEdge-CatmullRomRGB-Fixed080,0.5082356929779053,43.47709129183293,0.0,0.0
38,thin-seam,O-T2X-R,0.6215277910232544,44.61442733173292,0.0,0.0
38,thin-seam,ABL-ET2X-R-PreviousRawEdge-CatmullRomRGB,0.8239474892616272,41.062324330100765,0.0,0.0
38,thin-seam,ABL-ET2X-R-PreviousRawEdge-CatmullRomRGB-Fixed080,0.8239474892616272,41.062324330100765,0.0,0.0
38,leaves,O-T2X-R,3.4842448234558105,31.63655484963007,0.0,0.0
38,leaves,ABL-ET2X-R-PreviousRawEdge-CatmullRomRGB,4.2450032234191895,29.5449999940801,0.0,0.0
38,leaves,ABL-ET2X-R-PreviousRawEdge-CatmullRomRGB-Fixed080,4.2450032234191895,29.5449999940801,0.0,0.0
38,grass-seam,O-T2X-R,1.9212055206298828,37.210419980836434,0.0,0.0
38,grass-seam,ABL-ET2X-R-PreviousRawEdge-CatmullRomRGB,2.2032196521759033,35.906170122963566,0.0,0.0
38,grass-seam,ABL-ET2X-R-PreviousRawEdge-CatmullRomRGB-Fixed080,2.2032196521759033,35.906170122963566,0.0,0.0
39,seams,O-T2X-R,0.43120115995407104,46.44178134717093,0.0,0.0
39,seams,ABL-ET2X-R-PreviousRawEdge-CatmullRomRGB,0.5082356929779053,43.47709129183293,0.0,0.0
39,seams,ABL-ET2X-R-PreviousRawEdge-CatmullRomRGB-Fixed080,0.5082356929779053,43.47709129183293,0.0,0.0
39,thin-seam,O-T2X-R,0.6215277910232544,44.61442733173292,0.0,0.0
39,thin-seam,ABL-ET2X-R-PreviousRawEdge-CatmullRomRGB,0.8239474892616272,41.062324330100765,0.0,0.0
39,thin-seam,ABL-ET2X-R-PreviousRawEdge-CatmullRomRGB-Fixed080,0.8239474892616272,41.062324330100765,0.0,0.0
39,leaves,O-T2X-R,3.4842448234558105,31.63655484963007,0.0,0.0
39,leaves,ABL-ET2X-R-PreviousRawEdge-CatmullRomRGB,4.2450032234191895,29.5449999940801,0.0,0.0
39,leaves,ABL-ET2X-R-PreviousRawEdge-CatmullRomRGB-Fixed080,4.2450032234191895,29.5449999940801,0.0,0.0
39,grass-seam,O-T2X-R,1.9212055206298828,37.210419980836434,0.0,0.0
39,grass-seam,ABL-ET2X-R-PreviousRawEdge-CatmullRomRGB,2.2032196521759033,35.906170122963566,0.0,0.0
39,grass-seam,ABL-ET2X-R-PreviousRawEdge-CatmullRomRGB-Fixed080,2.2032196521759033,35.906170122963566,0.0,0.0
40,seams,O-T2X-R,0.43120115995407104,46.44178134717093,0.0,0.0
40,seams,ABL-ET2X-R-PreviousRawEdge-CatmullRomRGB,0.5082356929779053,43.47709129183293,0.0,0.0
40,seams,ABL-ET2X-R-PreviousRawEdge-CatmullRomRGB-Fixed080,0.5082356929779053,43.47709129183293,0.0,0.0
40,thin-seam,O-T2X-R,0.6215277910232544,44.61442733173292,0.0,0.0
40,thin-seam,ABL-ET2X-R-PreviousRawEdge-CatmullRomRGB,0.8239474892616272,41.062324330100765,0.0,0.0
40,thin-seam,ABL-ET2X-R-PreviousRawEdge-CatmullRomRGB-Fixed080,0.8239474892616272,41.062324330100765,0.0,0.0
40,leaves,O-T2X-R,3.4842448234558105,31.63655484963007,0.0,0.0
40,leaves,ABL-ET2X-R-PreviousRawEdge-CatmullRomRGB,4.2450032234191895,29.5449999940801,0.0,0.0
40,leaves,ABL-ET2X-R-PreviousRawEdge-CatmullRomRGB-Fixed080,4.2450032234191895,29.5449999940801,0.0,0.0
40,grass-seam,O-T2X-R,1.9212055206298828,37.210419980836434,0.0,0.0
40,grass-seam,ABL-ET2X-R-PreviousRawEdge-CatmullRomRGB,2.2032196521759033,35.906170122963566,0.0,0.0
40,grass-seam,ABL-ET2X-R-PreviousRawEdge-CatmullRomRGB-Fixed080,2.2032196521759033,35.906170122963566,0.0,0.0
41,seams,O-T2X-R,0.43120115995407104,46.44178134717093,0.0,0.0
41,seams,ABL-ET2X-R-PreviousRawEdge-CatmullRomRGB,0.5082356929779053,43.47709129183293,0.0,0.0
41,seams,ABL-ET2X-R-PreviousRawEdge-CatmullRomRGB-Fixed080,0.5082356929779053,43.47709129183293,0.0,0.0
41,thin-seam,O-T2X-R,0.6215277910232544,44.61442733173292,0.0,0.0
41,thin-seam,ABL-ET2X-R-PreviousRawEdge-CatmullRomRGB,0.8239474892616272,41.062324330100765,0.0,0.0
41,thin-seam,ABL-ET2X-R-PreviousRawEdge-CatmullRomRGB-Fixed080,0.8239474892616272,41.062324330100765,0.0,0.0
41,leaves,O-T2X-R,3.4842448234558105,31.63655484963007,0.0,0.0
41,leaves,ABL-ET2X-R-PreviousRawEdge-CatmullRomRGB,4.2450032234191895,29.5449999940801,0.0,0.0
41,leaves,ABL-ET2X-R-PreviousRawEdge-CatmullRomRGB-Fixed080,4.2450032234191895,29.5449999940801,0.0,0.0
41,grass-seam,O-T2X-R,1.9212055206298828,37.210419980836434,0.0,0.0
41,grass-seam,ABL-ET2X-R-PreviousRawEdge-CatmullRomRGB,2.2032196521759033,35.906170122963566,0.0,0.0
41,grass-seam,ABL-ET2X-R-PreviousRawEdge-CatmullRomRGB-Fixed080,2.2032196521759033,35.906170122963566,0.0,0.0
42,seams,O-T2X-R,0.43120115995407104,46.44178134717093,0.0,0.0
42,seams,ABL-ET2X-R-PreviousRawEdge-CatmullRomRGB,0.5082356929779053,43.47709129183293,0.0,0.0
42,seams,ABL-ET2X-R-PreviousRawEdge-CatmullRomRGB-Fixed080,0.5082356929779053,43.47709129183293,0.0,0.0
42,thin-seam,O-T2X-R,0.6215277910232544,44.61442733173292,0.0,0.0
42,thin-seam,ABL-ET2X-R-PreviousRawEdge-CatmullRomRGB,0.8239474892616272,41.062324330100765,0.0,0.0
42,thin-seam,ABL-ET2X-R-PreviousRawEdge-CatmullRomRGB-Fixed080,0.8239474892616272,41.062324330100765,0.0,0.0
42,leaves,O-T2X-R,3.4842448234558105,31.63655484963007,0.0,0.0
42,leaves,ABL-ET2X-R-PreviousRawEdge-CatmullRomRGB,4.2450032234191895,29.5449999940801,0.0,0.0
42,leaves,ABL-ET2X-R-PreviousRawEdge-CatmullRomRGB-Fixed080,4.2450032234191895,29.5449999940801,0.0,0.0
42,grass-seam,O-T2X-R,1.9212055206298828,37.210419980836434,0.0,0.0
42,grass-seam,ABL-ET2X-R-PreviousRawEdge-CatmullRomRGB,2.2032196521759033,35.906170122963566,0.0,0.0
42,grass-seam,ABL-ET2X-R-PreviousRawEdge-CatmullRomRGB-Fixed080,2.2032196521759033,35.906170122963566,0.0,0.0
43,seams,O-T2X-R,0.43120115995407104,46.44178134717093,0.0,0.0
43,seams,ABL-ET2X-R-PreviousRawEdge-CatmullRomRGB,0.5082356929779053,43.47709129183293,0.0,0.0
43,seams,ABL-ET2X-R-PreviousRawEdge-CatmullRomRGB-Fixed080,0.5082356929779053,43.47709129183293,0.0,0.0
43,thin-seam,O-T2X-R,0.6215277910232544,44.61442733173292,0.0,0.0
43,thin-seam,ABL-ET2X-R-PreviousRawEdge-CatmullRomRGB,0.8239474892616272,41.062324330100765,0.0,0.0
43,thin-seam,ABL-ET2X-R-PreviousRawEdge-CatmullRomRGB-Fixed080,0.8239474892616272,41.062324330100765,0.0,0.0
43,leaves,O-T2X-R,3.4842448234558105,31.63655484963007,0.0,0.0
43,leaves,ABL-ET2X-R-PreviousRawEdge-CatmullRomRGB,4.2450032234191895,29.5449999940801,0.0,0.0
43,leaves,ABL-ET2X-R-PreviousRawEdge-CatmullRomRGB-Fixed080,4.2450032234191895,29.5449999940801,0.0,0.0
43,grass-seam,O-T2X-R,1.9212055206298828,37.210419980836434,0.0,0.0
43,grass-seam,ABL-ET2X-R-PreviousRawEdge-CatmullRomRGB,2.2032196521759033,35.906170122963566,0.0,0.0
43,grass-seam,ABL-ET2X-R-PreviousRawEdge-CatmullRomRGB-Fixed080,2.2032196521759033,35.906170122963566,0.0,0.0
44,seams,O-T2X-R,0.43120115995407104,46.44178134717093,0.0,0.0
44,seams,ABL-ET2X-R-PreviousRawEdge-CatmullRomRGB,0.5082356929779053,43.47709129183293,0.0,0.0
44,seams,ABL-ET2X-R-PreviousRawEdge-CatmullRomRGB-Fixed080,0.5082356929779053,43.47709129183293,0.0,0.0
44,thin-seam,O-T2X-R,0.6215277910232544,44.61442733173292,0.0,0.0
44,thin-seam,ABL-ET2X-R-PreviousRawEdge-CatmullRomRGB,0.8239474892616272,41.062324330100765,0.0,0.0
44,thin-seam,ABL-ET2X-R-PreviousRawEdge-CatmullRomRGB-Fixed080,0.8239474892616272,41.062324330100765,0.0,0.0
44,leaves,O-T2X-R,3.4842448234558105,31.63655484963007,0.0,0.0
44,leaves,ABL-ET2X-R-PreviousRawEdge-CatmullRomRGB,4.2450032234191895,29.5449999940801,0.0,0.0
44,leaves,ABL-ET2X-R-PreviousRawEdge-CatmullRomRGB-Fixed080,4.2450032234191895,29.5449999940801,0.0,0.0
44,grass-seam,O-T2X-R,1.9212055206298828,37.210419980836434,0.0,0.0
44,grass-seam,ABL-ET2X-R-PreviousRawEdge-CatmullRomRGB,2.2032196521759033,35.906170122963566,0.0,0.0
44,grass-seam,ABL-ET2X-R-PreviousRawEdge-CatmullRomRGB-Fixed080,2.2032196521759033,35.906170122963566,0.0,0.0
45,seams,O-T2X-R,0.43120115995407104,46.44178134717093,0.0,0.0
45,seams,ABL-ET2X-R-PreviousRawEdge-CatmullRomRGB,0.5082356929779053,43.47709129183293,0.0,0.0
45,seams,ABL-ET2X-R-PreviousRawEdge-CatmullRomRGB-Fixed080,0.5082356929779053,43.47709129183293,0.0,0.0
45,thin-seam,O-T2X-R,0.6215277910232544,44.61442733173292,0.0,0.0
45,thin-seam,ABL-ET2X-R-PreviousRawEdge-CatmullRomRGB,0.8239474892616272,41.062324330100765,0.0,0.0
45,thin-seam,ABL-ET2X-R-PreviousRawEdge-CatmullRomRGB-Fixed080,0.8239474892616272,41.062324330100765,0.0,0.0
45,leaves,O-T2X-R,3.4842448234558105,31.63655484963007,0.0,0.0
45,leaves,ABL-ET2X-R-PreviousRawEdge-CatmullRomRGB,4.2450032234191895,29.5449999940801,0.0,0.0
45,leaves,ABL-ET2X-R-PreviousRawEdge-CatmullRomRGB-Fixed080,4.2450032234191895,29.5449999940801,0.0,0.0
45,grass-seam,O-T2X-R,1.9212055206298828,37.210419980836434,0.0,0.0
45,grass-seam,ABL-ET2X-R-PreviousRawEdge-CatmullRomRGB,2.2032196521759033,35.906170122963566,0.0,0.0
45,grass-seam,ABL-ET2X-R-PreviousRawEdge-CatmullRomRGB-Fixed080,2.2032196521759033,35.906170122963566,0.0,0.0
46,seams,O-T2X-R,0.43120115995407104,46.44178134717093,0.0,0.0
46,seams,ABL-ET2X-R-PreviousRawEdge-CatmullRomRGB,0.5082356929779053,43.47709129183293,0.0,0.0
46,seams,ABL-ET2X-R-PreviousRawEdge-CatmullRomRGB-Fixed080,0.5082356929779053,43.47709129183293,0.0,0.0
46,thin-seam,O-T2X-R,0.6215277910232544,44.61442733173292,0.0,0.0
46,thin-seam,ABL-ET2X-R-PreviousRawEdge-CatmullRomRGB,0.8239474892616272,41.062324330100765,0.0,0.0
46,thin-seam,ABL-ET2X-R-PreviousRawEdge-CatmullRomRGB-Fixed080,0.8239474892616272,41.062324330100765,0.0,0.0
46,leaves,O-T2X-R,3.4842448234558105,31.63655484963007,0.0,0.0
46,leaves,ABL-ET2X-R-PreviousRawEdge-CatmullRomRGB,4.2450032234191895,29.5449999940801,0.0,0.0
46,leaves,ABL-ET2X-R-PreviousRawEdge-CatmullRomRGB-Fixed080,4.2450032234191895,29.5449999940801,0.0,0.0
46,grass-seam,O-T2X-R,1.9212055206298828,37.210419980836434,0.0,0.0
46,grass-seam,ABL-ET2X-R-PreviousRawEdge-CatmullRomRGB,2.2032196521759033,35.906170122963566,0.0,0.0
46,grass-seam,ABL-ET2X-R-PreviousRawEdge-CatmullRomRGB-Fixed080,2.2032196521759033,35.906170122963566,0.0,0.0
47,seams,O-T2X-R,0.43120115995407104,46.44178134717093,0.0,0.0
47,seams,ABL-ET2X-R-PreviousRawEdge-CatmullRomRGB,0.5082356929779053,43.47709129183293,0.0,0.0
47,seams,ABL-ET2X-R-PreviousRawEdge-CatmullRomRGB-Fixed080,0.5082356929779053,43.47709129183293,0.0,0.0
47,thin-seam,O-T2X-R,0.6215277910232544,44.61442733173292,0.0,0.0
47,thin-seam,ABL-ET2X-R-PreviousRawEdge-CatmullRomRGB,0.8239474892616272,41.062324330100765,0.0,0.0
47,thin-seam,ABL-ET2X-R-PreviousRawEdge-CatmullRomRGB-Fixed080,0.8239474892616272,41.062324330100765,0.0,0.0
47,leaves,O-T2X-R,3.4842448234558105,31.63655484963007,0.0,0.0
47,leaves,ABL-ET2X-R-PreviousRawEdge-CatmullRomRGB,4.2450032234191895,29.5449999940801,0.0,0.0
47,leaves,ABL-ET2X-R-PreviousRawEdge-CatmullRomRGB-Fixed080,4.2450032234191895,29.5449999940801,0.0,0.0
47,grass-seam,O-T2X-R,1.9212055206298828,37.210419980836434,0.0,0.0
47,grass-seam,ABL-ET2X-R-PreviousRawEdge-CatmullRomRGB,2.2032196521759033,35.906170122963566,0.0,0.0
47,grass-seam,ABL-ET2X-R-PreviousRawEdge-CatmullRomRGB-Fixed080,2.2032196521759033,35.906170122963566,0.0,0.0
48,seams,O-T2X-R,0.43120115995407104,46.44178134717093,0.0,0.0
48,seams,ABL-ET2X-R-PreviousRawEdge-CatmullRomRGB,0.5082356929779053,43.47709129183293,0.0,0.0
48,seams,ABL-ET2X-R-PreviousRawEdge-CatmullRomRGB-Fixed080,0.5082356929779053,43.47709129183293,0.0,0.0
48,thin-seam,O-T2X-R,0.6215277910232544,44.61442733173292,0.0,0.0
48,thin-seam,ABL-ET2X-R-PreviousRawEdge-CatmullRomRGB,0.8239474892616272,41.062324330100765,0.0,0.0
48,thin-seam,ABL-ET2X-R-PreviousRawEdge-CatmullRomRGB-Fixed080,0.8239474892616272,41.062324330100765,0.0,0.0
48,leaves,O-T2X-R,3.4842448234558105,31.63655484963007,0.0,0.0
48,leaves,ABL-ET2X-R-PreviousRawEdge-CatmullRomRGB,4.2450032234191895,29.5449999940801,0.0,0.0
48,leaves,ABL-ET2X-R-PreviousRawEdge-CatmullRomRGB-Fixed080,4.2450032234191895,29.5449999940801,0.0,0.0
48,grass-seam,O-T2X-R,1.9212055206298828,37.210419980836434,0.0,0.0
48,grass-seam,ABL-ET2X-R-PreviousRawEdge-CatmullRomRGB,2.2032196521759033,35.906170122963566,0.0,0.0
48,grass-seam,ABL-ET2X-R-PreviousRawEdge-CatmullRomRGB-Fixed080,2.2032196521759033,35.906170122963566,0.0,0.0
49,seams,O-T2X-R,0.43120115995407104,46.44178134717093,0.0,0.0
49,seams,ABL-ET2X-R-PreviousRawEdge-CatmullRomRGB,0.5082356929779053,43.47709129183293,0.0,0.0
49,seams,ABL-ET2X-R-PreviousRawEdge-CatmullRomRGB-Fixed080,0.5082356929779053,43.47709129183293,0.0,0.0
49,thin-seam,O-T2X-R,0.6215277910232544,44.61442733173292,0.0,0.0
49,thin-seam,ABL-ET2X-R-PreviousRawEdge-CatmullRomRGB,0.8239474892616272,41.062324330100765,0.0,0.0
49,thin-seam,ABL-ET2X-R-PreviousRawEdge-CatmullRomRGB-Fixed080,0.8239474892616272,41.062324330100765,0.0,0.0
49,leaves,O-T2X-R,3.4842448234558105,31.63655484963007,0.0,0.0
49,leaves,ABL-ET2X-R-PreviousRawEdge-CatmullRomRGB,4.2450032234191895,29.5449999940801,0.0,0.0
49,leaves,ABL-ET2X-R-PreviousRawEdge-CatmullRomRGB-Fixed080,4.2450032234191895,29.5449999940801,0.0,0.0
49,grass-seam,O-T2X-R,1.9212055206298828,37.210419980836434,0.0,0.0
49,grass-seam,ABL-ET2X-R-PreviousRawEdge-CatmullRomRGB,2.2032196521759033,35.906170122963566,0.0,0.0
49,grass-seam,ABL-ET2X-R-PreviousRawEdge-CatmullRomRGB-Fixed080,2.2032196521759033,35.906170122963566,0.0,0.0
50,seams,O-T2X-R,0.43120115995407104,46.44178134717093,0.0,0.0
50,seams,ABL-ET2X-R-PreviousRawEdge-CatmullRomRGB,0.5082356929779053,43.47709129183293,0.0,0.0
50,seams,ABL-ET2X-R-PreviousRawEdge-CatmullRomRGB-Fixed080,0.5082356929779053,43.47709129183293,0.0,0.0
50,thin-seam,O-T2X-R,0.6215277910232544,44.61442733173292,0.0,0.0
50,thin-seam,ABL-ET2X-R-PreviousRawEdge-CatmullRomRGB,0.8239474892616272,41.062324330100765,0.0,0.0
50,thin-seam,ABL-ET2X-R-PreviousRawEdge-CatmullRomRGB-Fixed080,0.8239474892616272,41.062324330100765,0.0,0.0
50,leaves,O-T2X-R,3.4842448234558105,31.63655484963007,0.0,0.0
50,leaves,ABL-ET2X-R-PreviousRawEdge-CatmullRomRGB,4.2450032234191895,29.5449999940801,0.0,0.0
50,leaves,ABL-ET2X-R-PreviousRawEdge-CatmullRomRGB-Fixed080,4.2450032234191895,29.5449999940801,0.0,0.0
50,grass-seam,O-T2X-R,1.9212055206298828,37.210419980836434,0.0,0.0
50,grass-seam,ABL-ET2X-R-PreviousRawEdge-CatmullRomRGB,2.2032196521759033,35.906170122963566,0.0,0.0
50,grass-seam,ABL-ET2X-R-PreviousRawEdge-CatmullRomRGB-Fixed080,2.2032196521759033,35.906170122963566,0.0,0.0
51,seams,O-T2X-R,0.43120115995407104,46.44178134717093,0.0,0.0
51,seams,ABL-ET2X-R-PreviousRawEdge-CatmullRomRGB,0.5082356929779053,43.47709129183293,0.0,0.0
51,seams,ABL-ET2X-R-PreviousRawEdge-CatmullRomRGB-Fixed080,0.5082356929779053,43.47709129183293,0.0,0.0
51,thin-seam,O-T2X-R,0.6215277910232544,44.61442733173292,0.0,0.0
51,thin-seam,ABL-ET2X-R-PreviousRawEdge-CatmullRomRGB,0.8239474892616272,41.062324330100765,0.0,0.0
51,thin-seam,ABL-ET2X-R-PreviousRawEdge-CatmullRomRGB-Fixed080,0.8239474892616272,41.062324330100765,0.0,0.0
51,leaves,O-T2X-R,3.4842448234558105,31.63655484963007,0.0,0.0
51,leaves,ABL-ET2X-R-PreviousRawEdge-CatmullRomRGB,4.2450032234191895,29.5449999940801,0.0,0.0
51,leaves,ABL-ET2X-R-PreviousRawEdge-CatmullRomRGB-Fixed080,4.2450032234191895,29.5449999940801,0.0,0.0
51,grass-seam,O-T2X-R,1.9212055206298828,37.210419980836434,0.0,0.0
51,grass-seam,ABL-ET2X-R-PreviousRawEdge-CatmullRomRGB,2.2032196521759033,35.906170122963566,0.0,0.0
51,grass-seam,ABL-ET2X-R-PreviousRawEdge-CatmullRomRGB-Fixed080,2.2032196521759033,35.906170122963566,0.0,0.0
52,seams,O-T2X-R,0.43120115995407104,46.44178134717093,0.0,0.0
52,seams,ABL-ET2X-R-PreviousRawEdge-CatmullRomRGB,0.5082356929779053,43.47709129183293,0.0,0.0
52,seams,ABL-ET2X-R-PreviousRawEdge-CatmullRomRGB-Fixed080,0.5082356929779053,43.47709129183293,0.0,0.0
52,thin-seam,O-T2X-R,0.6215277910232544,44.61442733173292,0.0,0.0
52,thin-seam,ABL-ET2X-R-PreviousRawEdge-CatmullRomRGB,0.8239474892616272,41.062324330100765,0.0,0.0
52,thin-seam,ABL-ET2X-R-PreviousRawEdge-CatmullRomRGB-Fixed080,0.8239474892616272,41.062324330100765,0.0,0.0
52,leaves,O-T2X-R,3.4842448234558105,31.63655484963007,0.0,0.0
52,leaves,ABL-ET2X-R-PreviousRawEdge-CatmullRomRGB,4.2450032234191895,29.5449999940801,0.0,0.0
52,leaves,ABL-ET2X-R-PreviousRawEdge-CatmullRomRGB-Fixed080,4.2450032234191895,29.5449999940801,0.0,0.0
52,grass-seam,O-T2X-R,1.9212055206298828,37.210419980836434,0.0,0.0
52,grass-seam,ABL-ET2X-R-PreviousRawEdge-CatmullRomRGB,2.2032196521759033,35.906170122963566,0.0,0.0
52,grass-seam,ABL-ET2X-R-PreviousRawEdge-CatmullRomRGB-Fixed080,2.2032196521759033,35.906170122963566,0.0,0.0
53,seams,O-T2X-R,0.43120115995407104,46.44178134717093,0.0,0.0
53,seams,ABL-ET2X-R-PreviousRawEdge-CatmullRomRGB,0.5082356929779053,43.47709129183293,0.0,0.0
53,seams,ABL-ET2X-R-PreviousRawEdge-CatmullRomRGB-Fixed080,0.5082356929779053,43.47709129183293,0.0,0.0
53,thin-seam,O-T2X-R,0.6215277910232544,44.61442733173292,0.0,0.0
53,thin-seam,ABL-ET2X-R-PreviousRawEdge-CatmullRomRGB,0.8239474892616272,41.062324330100765,0.0,0.0
53,thin-seam,ABL-ET2X-R-PreviousRawEdge-CatmullRomRGB-Fixed080,0.8239474892616272,41.062324330100765,0.0,0.0
53,leaves,O-T2X-R,3.4842448234558105,31.63655484963007,0.0,0.0
53,leaves,ABL-ET2X-R-PreviousRawEdge-CatmullRomRGB,4.2450032234191895,29.5449999940801,0.0,0.0
53,leaves,ABL-ET2X-R-PreviousRawEdge-CatmullRomRGB-Fixed080,4.2450032234191895,29.5449999940801,0.0,0.0
53,grass-seam,O-T2X-R,1.9212055206298828,37.210419980836434,0.0,0.0
53,grass-seam,ABL-ET2X-R-PreviousRawEdge-CatmullRomRGB,2.2032196521759033,35.906170122963566,0.0,0.0
53,grass-seam,ABL-ET2X-R-PreviousRawEdge-CatmullRomRGB-Fixed080,2.2032196521759033,35.906170122963566,0.0,0.0
54,seams,O-T2X-R,0.43120115995407104,46.44178134717093,0.0,0.0
54,seams,ABL-ET2X-R-PreviousRawEdge-CatmullRomRGB,0.5082356929779053,43.47709129183293,0.0,0.0
54,seams,ABL-ET2X-R-PreviousRawEdge-CatmullRomRGB-Fixed080,0.5082356929779053,43.47709129183293,0.0,0.0
54,thin-seam,O-T2X-R,0.6215277910232544,44.61442733173292,0.0,0.0
54,thin-seam,ABL-ET2X-R-PreviousRawEdge-CatmullRomRGB,0.8239474892616272,41.062324330100765,0.0,0.0
54,thin-seam,ABL-ET2X-R-PreviousRawEdge-CatmullRomRGB-Fixed080,0.8239474892616272,41.062324330100765,0.0,0.0
54,leaves,O-T2X-R,3.4842448234558105,31.63655484963007,0.0,0.0
54,leaves,ABL-ET2X-R-PreviousRawEdge-CatmullRomRGB,4.2450032234191895,29.5449999940801,0.0,0.0
54,leaves,ABL-ET2X-R-PreviousRawEdge-CatmullRomRGB-Fixed080,4.2450032234191895,29.5449999940801,0.0,0.0
54,grass-seam,O-T2X-R,1.9212055206298828,37.210419980836434,0.0,0.0
54,grass-seam,ABL-ET2X-R-PreviousRawEdge-CatmullRomRGB,2.2032196521759033,35.906170122963566,0.0,0.0
54,grass-seam,ABL-ET2X-R-PreviousRawEdge-CatmullRomRGB-Fixed080,2.2032196521759033,35.906170122963566,0.0,0.0
55,seams,O-T2X-R,0.43120115995407104,46.44178134717093,0.0,0.0
55,seams,ABL-ET2X-R-PreviousRawEdge-CatmullRomRGB,0.5082356929779053,43.47709129183293,0.0,0.0
55,seams,ABL-ET2X-R-PreviousRawEdge-CatmullRomRGB-Fixed080,0.5082356929779053,43.47709129183293,0.0,0.0
55,thin-seam,O-T2X-R,0.6215277910232544,44.61442733173292,0.0,0.0
55,thin-seam,ABL-ET2X-R-PreviousRawEdge-CatmullRomRGB,0.8239474892616272,41.062324330100765,0.0,0.0
55,thin-seam,ABL-ET2X-R-PreviousRawEdge-CatmullRomRGB-Fixed080,0.8239474892616272,41.062324330100765,0.0,0.0
55,leaves,O-T2X-R,3.4842448234558105,31.63655484963007,0.0,0.0
55,leaves,ABL-ET2X-R-PreviousRawEdge-CatmullRomRGB,4.2450032234191895,29.5449999940801,0.0,0.0
55,leaves,ABL-ET2X-R-PreviousRawEdge-CatmullRomRGB-Fixed080,4.2450032234191895,29.5449999940801,0.0,0.0
55,grass-seam,O-T2X-R,1.9212055206298828,37.210419980836434,0.0,0.0
55,grass-seam,ABL-ET2X-R-PreviousRawEdge-CatmullRomRGB,2.2032196521759033,35.906170122963566,0.0,0.0
55,grass-seam,ABL-ET2X-R-PreviousRawEdge-CatmullRomRGB-Fixed080,2.2032196521759033,35.906170122963566,0.0,0.0
56,seams,O-T2X-R,0.43120115995407104,46.44178134717093,0.0,0.0
56,seams,ABL-ET2X-R-PreviousRawEdge-CatmullRomRGB,0.5082356929779053,43.47709129183293,0.0,0.0
56,seams,ABL-ET2X-R-PreviousRawEdge-CatmullRomRGB-Fixed080,0.5082356929779053,43.47709129183293,0.0,0.0
56,thin-seam,O-T2X-R,0.6215277910232544,44.61442733173292,0.0,0.0
56,thin-seam,ABL-ET2X-R-PreviousRawEdge-CatmullRomRGB,0.8239474892616272,41.062324330100765,0.0,0.0
56,thin-seam,ABL-ET2X-R-PreviousRawEdge-CatmullRomRGB-Fixed080,0.8239474892616272,41.062324330100765,0.0,0.0
56,leaves,O-T2X-R,3.4842448234558105,31.63655484963007,0.0,0.0
56,leaves,ABL-ET2X-R-PreviousRawEdge-CatmullRomRGB,4.2450032234191895,29.5449999940801,0.0,0.0
56,leaves,ABL-ET2X-R-PreviousRawEdge-CatmullRomRGB-Fixed080,4.2450032234191895,29.5449999940801,0.0,0.0
56,grass-seam,O-T2X-R,1.9212055206298828,37.210419980836434,0.0,0.0
56,grass-seam,ABL-ET2X-R-PreviousRawEdge-CatmullRomRGB,2.2032196521759033,35.906170122963566,0.0,0.0
56,grass-seam,ABL-ET2X-R-PreviousRawEdge-CatmullRomRGB-Fixed080,2.2032196521759033,35.906170122963566,0.0,0.0
57,seams,O-T2X-R,0.43120115995407104,46.44178134717093,0.0,0.0
57,seams,ABL-ET2X-R-PreviousRawEdge-CatmullRomRGB,0.5082356929779053,43.47709129183293,0.0,0.0
57,seams,ABL-ET2X-R-PreviousRawEdge-CatmullRomRGB-Fixed080,0.5082356929779053,43.47709129183293,0.0,0.0
57,thin-seam,O-T2X-R,0.6215277910232544,44.61442733173292,0.0,0.0
57,thin-seam,ABL-ET2X-R-PreviousRawEdge-CatmullRomRGB,0.8239474892616272,41.062324330100765,0.0,0.0
57,thin-seam,ABL-ET2X-R-PreviousRawEdge-CatmullRomRGB-Fixed080,0.8239474892616272,41.062324330100765,0.0,0.0
57,leaves,O-T2X-R,3.4842448234558105,31.63655484963007,0.0,0.0
57,leaves,ABL-ET2X-R-PreviousRawEdge-CatmullRomRGB,4.2450032234191895,29.5449999940801,0.0,0.0
57,leaves,ABL-ET2X-R-PreviousRawEdge-CatmullRomRGB-Fixed080,4.2450032234191895,29.5449999940801,0.0,0.0
57,grass-seam,O-T2X-R,1.9212055206298828,37.210419980836434,0.0,0.0
57,grass-seam,ABL-ET2X-R-PreviousRawEdge-CatmullRomRGB,2.2032196521759033,35.906170122963566,0.0,0.0
57,grass-seam,ABL-ET2X-R-PreviousRawEdge-CatmullRomRGB-Fixed080,2.2032196521759033,35.906170122963566,0.0,0.0
58,seams,O-T2X-R,0.43120115995407104,46.44178134717093,0.0,0.0
58,seams,ABL-ET2X-R-PreviousRawEdge-CatmullRomRGB,0.5082356929779053,43.47709129183293,0.0,0.0
58,seams,ABL-ET2X-R-PreviousRawEdge-CatmullRomRGB-Fixed080,0.5082356929779053,43.47709129183293,0.0,0.0
58,thin-seam,O-T2X-R,0.6215277910232544,44.61442733173292,0.0,0.0
58,thin-seam,ABL-ET2X-R-PreviousRawEdge-CatmullRomRGB,0.8239474892616272,41.062324330100765,0.0,0.0
58,thin-seam,ABL-ET2X-R-PreviousRawEdge-CatmullRomRGB-Fixed080,0.8239474892616272,41.062324330100765,0.0,0.0
58,leaves,O-T2X-R,3.4842448234558105,31.63655484963007,0.0,0.0
58,leaves,ABL-ET2X-R-PreviousRawEdge-CatmullRomRGB,4.2450032234191895,29.5449999940801,0.0,0.0
58,leaves,ABL-ET2X-R-PreviousRawEdge-CatmullRomRGB-Fixed080,4.2450032234191895,29.5449999940801,0.0,0.0
58,grass-seam,O-T2X-R,1.9212055206298828,37.210419980836434,0.0,0.0
58,grass-seam,ABL-ET2X-R-PreviousRawEdge-CatmullRomRGB,2.2032196521759033,35.906170122963566,0.0,0.0
58,grass-seam,ABL-ET2X-R-PreviousRawEdge-CatmullRomRGB-Fixed080,2.2032196521759033,35.906170122963566,0.0,0.0
59,seams,O-T2X-R,0.43120115995407104,46.44178134717093,0.0,0.0
59,seams,ABL-ET2X-R-PreviousRawEdge-CatmullRomRGB,0.5082356929779053,43.47709129183293,0.0,0.0
59,seams,ABL-ET2X-R-PreviousRawEdge-CatmullRomRGB-Fixed080,0.5082356929779053,43.47709129183293,0.0,0.0
59,thin-seam,O-T2X-R,0.6215277910232544,44.61442733173292,0.0,0.0
59,thin-seam,ABL-ET2X-R-PreviousRawEdge-CatmullRomRGB,0.8239474892616272,41.062324330100765,0.0,0.0
59,thin-seam,ABL-ET2X-R-PreviousRawEdge-CatmullRomRGB-Fixed080,0.8239474892616272,41.062324330100765,0.0,0.0
59,leaves,O-T2X-R,3.4842448234558105,31.63655484963007,0.0,0.0
59,leaves,ABL-ET2X-R-PreviousRawEdge-CatmullRomRGB,4.2450032234191895,29.5449999940801,0.0,0.0
59,leaves,ABL-ET2X-R-PreviousRawEdge-CatmullRomRGB-Fixed080,4.2450032234191895,29.5449999940801,0.0,0.0
59,grass-seam,O-T2X-R,1.9212055206298828,37.210419980836434,0.0,0.0
59,grass-seam,ABL-ET2X-R-PreviousRawEdge-CatmullRomRGB,2.2032196521759033,35.906170122963566,0.0,0.0
59,grass-seam,ABL-ET2X-R-PreviousRawEdge-CatmullRomRGB-Fixed080,2.2032196521759033,35.906170122963566,0.0,0.0
60,seams,O-T2X-R,0.43120115995407104,46.44178134717093,0.0,0.0
60,seams,ABL-ET2X-R-PreviousRawEdge-CatmullRomRGB,0.5082356929779053,43.47709129183293,0.0,0.0
60,seams,ABL-ET2X-R-PreviousRawEdge-CatmullRomRGB-Fixed080,0.5082356929779053,43.47709129183293,0.0,0.0
60,thin-seam,O-T2X-R,0.6215277910232544,44.61442733173292,0.0,0.0
60,thin-seam,ABL-ET2X-R-PreviousRawEdge-CatmullRomRGB,0.8239474892616272,41.062324330100765,0.0,0.0
60,thin-seam,ABL-ET2X-R-PreviousRawEdge-CatmullRomRGB-Fixed080,0.8239474892616272,41.062324330100765,0.0,0.0
60,leaves,O-T2X-R,3.4842448234558105,31.63655484963007,0.0,0.0
60,leaves,ABL-ET2X-R-PreviousRawEdge-CatmullRomRGB,4.2450032234191895,29.5449999940801,0.0,0.0
60,leaves,ABL-ET2X-R-PreviousRawEdge-CatmullRomRGB-Fixed080,4.2450032234191895,29.5449999940801,0.0,0.0
60,grass-seam,O-T2X-R,1.9212055206298828,37.210419980836434,0.0,0.0
60,grass-seam,ABL-ET2X-R-PreviousRawEdge-CatmullRomRGB,2.2032196521759033,35.906170122963566,0.0,0.0
60,grass-seam,ABL-ET2X-R-PreviousRawEdge-CatmullRomRGB-Fixed080,2.2032196521759033,35.906170122963566,0.0,0.0
61,seams,O-T2X-R,0.8475586175918579,40.20976063946107,8.213354110717773,8.213354110717773
61,seams,ABL-ET2X-R-PreviousRawEdge-CatmullRomRGB,0.4182780086994171,44.85884447312448,8.053656578063965,8.053656578063965
61,seams,ABL-ET2X-R-PreviousRawEdge-CatmullRomRGB-Fixed080,0.3974609375,46.36828914471411,8.001811981201172,8.001811981201172
61,thin-seam,O-T2X-R,1.3764106035232544,38.011306916842585,10.154622077941895,10.154622077941895
61,thin-seam,ABL-ET2X-R-PreviousRawEdge-CatmullRomRGB,0.5578342080116272,44.76397453323462,9.600829124450684,9.600829124450684
61,thin-seam,ABL-ET2X-R-PreviousRawEdge-CatmullRomRGB-Fixed080,0.5538737177848816,44.785406499649966,9.591384887695312,9.591384887695312
61,leaves,O-T2X-R,4.941504001617432,29.289331882281676,7.944354057312012,7.944354057312012
61,leaves,ABL-ET2X-R-PreviousRawEdge-CatmullRomRGB,3.8236327171325684,30.47658255738209,10.131595611572266,10.131595611572266
61,leaves,ABL-ET2X-R-PreviousRawEdge-CatmullRomRGB-Fixed080,4.047623634338379,30.17378853395741,10.073081016540527,10.073081016540527
61,grass-seam,O-T2X-R,2.8881020545959473,34.36963256683791,4.110296726226807,4.110296726226807
61,grass-seam,ABL-ET2X-R-PreviousRawEdge-CatmullRomRGB,2.123396158218384,36.30707637426154,4.775088310241699,4.775088310241699
61,grass-seam,ABL-ET2X-R-PreviousRawEdge-CatmullRomRGB-Fixed080,2.198378086090088,36.151611537477415,4.82062292098999,4.82062292098999
62,seams,O-T2X-R,1.2654297351837158,33.18517693100125,11.901500701904297,17.402957916259766
62,seams,ABL-ET2X-R-PreviousRawEdge-CatmullRomRGB,0.7954264283180237,33.59812547336633,11.554940223693848,16.598920822143555
62,seams,ABL-ET2X-R-PreviousRawEdge-CatmullRomRGB-Fixed080,1.4784016609191895,29.60200169623431,11.215316772460938,16.172115325927734
62,thin-seam,O-T2X-R,1.1436089277267456,40.24442090088571,13.939876556396484,22.15592384338379
62,thin-seam,ABL-ET2X-R-PreviousRawEdge-CatmullRomRGB,0.4899631142616272,47.46841026369082,13.131413459777832,19.894145965576172
62,thin-seam,ABL-ET2X-R-PreviousRawEdge-CatmullRomRGB-Fixed080,0.498046875,47.451652294730806,13.13393783569336,19.896175384521484
62,leaves,O-T2X-R,3.7952311038970947,31.311909051251728,10.760926246643066,13.496551513671875
62,leaves,ABL-ET2X-R-PreviousRawEdge-CatmullRomRGB,3.5570311546325684,31.196998343211323,9.884164810180664,14.556218147277832
62,leaves,ABL-ET2X-R-PreviousRawEdge-CatmullRomRGB-Fixed080,4.02685546875,30.44697862051091,9.50241756439209,13.507824897766113
62,grass-seam,O-T2X-R,2.360748052597046,35.83254952983736,5.703552722930908,6.6440629959106445
62,grass-seam,ABL-ET2X-R-PreviousRawEdge-CatmullRomRGB,2.1520214080810547,36.07131043881771,5.08507776260376,6.573268413543701
62,grass-seam,ABL-ET2X-R-PreviousRawEdge-CatmullRomRGB-Fixed080,2.3356330394744873,35.580035747700734,5.034588813781738,6.343959808349609
63,seams,O-T2X-R,2.0464518070220947,34.38672142402809,10.700780868530273,20.25972557067871
63,seams,ABL-ET2X-R-PreviousRawEdge-CatmullRomRGB,1.0909017324447632,39.57606346320638,10.654370307922363,19.966556549072266
63,seams,ABL-ET2X-R-PreviousRawEdge-CatmullRomRGB-Fixed080,4.139632225036621,26.083968854169342,9.7594575881958,18.81436538696289
63,thin-seam,O-T2X-R,1.9305013418197632,37.349547840867075,10.909655570983887,22.455642700195312
63,thin-seam,ABL-ET2X-R-PreviousRawEdge-CatmullRomRGB,0.99609375,42.291842753596256,11.019841194152832,21.67791748046875
63,thin-seam,ABL-ET2X-R-PreviousRawEdge-CatmullRomRGB-Fixed080,5.21983528137207,24.853968809680346,9.848381996154785,20.847074508666992
63,leaves,O-T2X-R,4.316227436065674,30.33439366600783,8.420292854309082,14.036529541015625
63,leaves,ABL-ET2X-R-PreviousRawEdge-CatmullRomRGB,3.467740774154663,31.626507630009502,9.450971603393555,13.260104179382324
63,leaves,ABL-ET2X-R-PreviousRawEdge-CatmullRomRGB-Fixed080,4.097932815551758,30.555305003676395,9.02408218383789,11.934847831726074
63,grass-seam,O-T2X-R,2.4849915504455566,35.59396497742655,4.3935370445251465,6.814651012420654
63,grass-seam,ABL-ET2X-R-PreviousRawEdge-CatmullRomRGB,2.21647310256958,35.89009076938411,5.002671718597412,6.159875392913818
63,grass-seam,ABL-ET2X-R-PreviousRawEdge-CatmullRomRGB-Fixed080,2.524993896484375,34.99322118515393,4.96665096282959,5.904134750366211
64,seams,O-T2X-R,1.3800780773162842,38.14821311868147,2.736717700958252,11.785409927368164
64,seams,ABL-ET2X-R-PreviousRawEdge-CatmullRomRGB,1.0907877683639526,39.56947245561737,2.2550387382507324,11.188617706298828
64,seams,ABL-ET2X-R-PreviousRawEdge-CatmullRomRGB-Fixed080,2.911637306213379,29.604299558194462,2.4176883697509766,10.137189865112305
64,thin-seam,O-T2X-R,1.4113497734069824,37.715934421830035,2.3336145877838135,11.658503532409668
64,thin-seam,ABL-ET2X-R-PreviousRawEdge-CatmullRomRGB,1.0256075859069824,41.24130529359349,1.6898902654647827,11.18657398223877
64,thin-seam,ABL-ET2X-R-PreviousRawEdge-CatmullRomRGB-Fixed080,2.85107421875,30.188596280720002,2.069511651992798,9.956745147705078
64,leaves,O-T2X-R,3.735579490661621,31.446650227163087,8.368408203125,9.891401290893555
64,leaves,ABL-ET2X-R-PreviousRawEdge-CatmullRomRGB,3.472444772720337,31.487311608188165,9.020415306091309,12.333880424499512
64,leaves,ABL-ET2X-R-PreviousRawEdge-CatmullRomRGB-Fixed080,4.103450298309326,30.435162508239802,8.46263599395752,10.87773609161377
64,grass-seam,O-T2X-R,2.1657588481903076,36.453516432818546,4.579303741455078,4.40225887298584
64,grass-seam,ABL-ET2X-R-PreviousRawEdge-CatmullRomRGB,2.074195146560669,36.27948011028679,4.563014030456543,5.728808879852295
64,grass-seam,ABL-ET2X-R-PreviousRawEdge-CatmullRomRGB-Fixed080,2.4888041019439697,34.8994965370705,4.517792224884033,5.541720390319824
65,seams,O-T2X-R,1.1919759511947632,40.51390077639976,1.5770330429077148,2.464601755142212
65,seams,ABL-ET2X-R-PreviousRawEdge-CatmullRomRGB,1.0939127206802368,38.46353669146578,1.581037998199463,2.1783480644226074
65,seams,ABL-ET2X-R-PreviousRawEdge-CatmullRomRGB-Fixed080,2.209749460220337,32.358259199511494,1.6663786172866821,2.325911283493042
65,thin-seam,O-T2X-R,1.2248806953430176,40.99774146554864,1.6193782091140747,1.887406349182129
65,thin-seam,ABL-ET2X-R-PreviousRawEdge-CatmullRomRGB,1.1331380605697632,37.45217647880762,1.7928177118301392,1.5095402002334595
65,thin-seam,ABL-ET2X-R-PreviousRawEdge-CatmullRomRGB-Fixed080,2.154405355453491,32.79960757398546,1.8554658889770508,1.9556928873062134
65,leaves,O-T2X-R,4.231135845184326,30.478449867819787,8.172100067138672,11.723886489868164
65,leaves,ABL-ET2X-R-PreviousRawEdge-CatmullRomRGB,3.4458658695220947,31.59915930927125,8.8590087890625,11.792365074157715
65,leaves,ABL-ET2X-R-PreviousRawEdge-CatmullRomRGB-Fixed080,4.096419334411621,30.58862224112302,8.14233112335205,10.036398887634277
65,grass-seam,O-T2X-R,2.4218106269836426,35.12765862587798,4.258720874786377,5.46867036819458
65,grass-seam,ABL-ET2X-R-PreviousRawEdge-CatmullRomRGB,2.0155532360076904,36.57733659238914,4.609304904937744,5.368056297302246
65,grass-seam,ABL-ET2X-R-PreviousRawEdge-CatmullRomRGB-Fixed080,2.4460785388946533,35.05043717806241,4.4634175300598145,5.099529266357422
66,seams,O-T2X-R,1.2859700918197632,38.05009974570783,1.467244029045105,2.1594932079315186
66,seams,ABL-ET2X-R-PreviousRawEdge-CatmullRomRGB,1.012451171875,41.41014069539296,1.4819504022598267,1.6235243082046509
66,seams,ABL-ET2X-R-PreviousRawEdge-CatmullRomRGB-Fixed080,1.7306478023529053,35.337523515561365,1.5037627220153809,1.6548954248428345
66,thin-seam,O-T2X-R,1.3824869394302368,37.1148334136043,1.7324985265731812,2.3111438751220703
66,thin-seam,ABL-ET2X-R-PreviousRawEdge-CatmullRomRGB,0.9540473222732544,43.287079178734764,1.7341232299804688,1.860524296760559
66,thin-seam,ABL-ET2X-R-PreviousRawEdge-CatmullRomRGB-Fixed080,1.5928819179534912,36.632821002176016,1.7154501676559448,1.898434042930603
66,leaves,O-T2X-R,3.643831491470337,31.625491405215097,8.355161666870117,9.968589782714844
66,leaves,ABL-ET2X-R-PreviousRawEdge-CatmullRomRGB,3.4056639671325684,31.611234893840088,9.001882553100586,11.93690013885498
66,leaves,ABL-ET2X-R-PreviousRawEdge-CatmullRomRGB-Fixed080,4.053450584411621,30.648244439714244,8.06212329864502,9.79870891571045
66,grass-seam,O-T2X-R,2.1555919647216797,36.63237982613958,4.351776599884033,4.582089900970459
66,grass-seam,ABL-ET2X-R-PreviousRawEdge-CatmullRomRGB,1.993948221206665,36.86701111341379,4.720219135284424,5.590266704559326
66,grass-seam,ABL-ET2X-R-PreviousRawEdge-CatmullRomRGB-Fixed080,2.387315511703491,35.375646604504794,4.462954998016357,4.981373310089111
67,seams,O-T2X-R,1.3540689945220947,36.90215197172181,1.4364076852798462,1.2414875030517578
67,seams,ABL-ET2X-R-PreviousRawEdge-CatmullRomRGB,1.1367024183273315,38.9480440344998,1.4672534465789795,1.3819377422332764
67,seams,ABL-ET2X-R-PreviousRawEdge-CatmullRomRGB-Fixed080,1.5802733898162842,36.29280587361664,1.4849646091461182,1.381046175956726
67,thin-seam,O-T2X-R,1.3379991054534912,39.25008655967813,1.6324882507324219,1.3334598541259766
67,thin-seam,ABL-ET2X-R-PreviousRawEdge-CatmullRomRGB,1.0091688632965088,41.39578095175925,1.64803946018219,1.5137752294540405
67,thin-seam,ABL-ET2X-R-PreviousRawEdge-CatmullRomRGB-Fixed080,1.38671875,38.340590572123965,1.6442718505859375,1.5136566162109375
67,leaves,O-T2X-R,4.175244331359863,30.40663734376196,8.224807739257812,11.81578254699707
67,leaves,ABL-ET2X-R-PreviousRawEdge-CatmullRomRGB,3.384716749191284,31.774289360317532,8.9956693649292,12.142273902893066
67,leaves,ABL-ET2X-R-PreviousRawEdge-CatmullRomRGB-Fixed080,3.9923014640808105,30.785624512610703,7.975775718688965,9.724873542785645
67,grass-seam,O-T2X-R,2.300593137741089,35.63278310380269,4.101848125457764,5.514061450958252
67,grass-seam,ABL-ET2X-R-PreviousRawEdge-CatmullRomRGB,2.0574920177459717,36.35530233264538,4.649348258972168,5.764824867248535
67,grass-seam,ABL-ET2X-R-PreviousRawEdge-CatmullRomRGB-Fixed080,2.4256234169006348,35.201802932519904,4.408186435699463,5.051820755004883
68,seams,O-T2X-R,1.2143229246139526,39.897615474512826,1.4552947282791138,2.0000815391540527
68,seams,ABL-ET2X-R-PreviousRawEdge-CatmullRomRGB,1.1397298574447632,37.69969539538771,1.491855502128601,1.458961009979248
68,seams,ABL-ET2X-R-PreviousRawEdge-CatmullRomRGB-Fixed080,1.4715982675552368,36.26766199435196,1.5000648498535156,1.4318175315856934
68,thin-seam,O-T2X-R,1.1393771171569824,42.93543740297974,1.6617234945297241,2.28934383392334
68,thin-seam,ABL-ET2X-R-PreviousRawEdge-CatmullRomRGB,1.2025824785232544,36.355213171667586,1.7958816289901733,1.6822303533554077
68,thin-seam,ABL-ET2X-R-PreviousRawEdge-CatmullRomRGB-Fixed080,1.4522026777267456,35.71267916668496,1.7809439897537231,1.6629438400268555
68,leaves,O-T2X-R,3.7152342796325684,31.519254616102547,8.239938735961914,9.97077751159668
68,leaves,ABL-ET2X-R-PreviousRawEdge-CatmullRomRGB,3.407177686691284,31.726295114082802,8.907694816589355,11.89167308807373
68,leaves,ABL-ET2X-R-PreviousRawEdge-CatmullRomRGB-Fixed080,4.019987106323242,30.770829879351528,7.88970947265625,9.514801025390625
68,grass-seam,O-T2X-R,2.1677560806274414,36.437202949552294,4.303215026855469,4.466150283813477
68,grass-seam,ABL-ET2X-R-PreviousRawEdge-CatmullRomRGB,2.0501089096069336,36.479081146202304,4.534945487976074,5.50438117980957
68,grass-seam,ABL-ET2X-R-PreviousRawEdge-CatmullRomRGB-Fixed080,2.426409959793091,35.214797220917184,4.286682605743408,4.879087924957275
69,seams,O-T2X-R,1.2573893070220947,39.35036064222399,1.4974044561386108,1.2903116941452026
69,seams,ABL-ET2X-R-PreviousRawEdge-CatmullRomRGB,1.0549479722976685,40.718933413082674,1.4993337392807007,1.5122134685516357
69,seams,ABL-ET2X-R-PreviousRawEdge-CatmullRomRGB-Fixed080,1.2657064199447632,39.14747877995328,1.4897425174713135,1.4709141254425049
69,thin-seam,O-T2X-R,1.1270073652267456,42.90053200453299,1.607853889465332,1.2808030843734741
69,thin-seam,ABL-ET2X-R-PreviousRawEdge-CatmullRomRGB,0.939453125,43.30837222805843,1.8015648126602173,1.8985801935195923
69,thin-seam,ABL-ET2X-R-PreviousRawEdge-CatmullRomRGB-Fixed080,1.1346029043197632,41.12450039841807,1.7858880758285522,1.8470712900161743
69,leaves,O-T2X-R,4.177148342132568,30.58915736254836,8.156970977783203,11.731298446655273
69,leaves,ABL-ET2X-R-PreviousRawEdge-CatmullRomRGB,3.331087350845337,32.0219470122897,8.818967819213867,11.914190292358398
69,leaves,ABL-ET2X-R-PreviousRawEdge-CatmullRomRGB-Fixed080,3.998291015625,30.9065063091969,7.7708539962768555,9.446538925170898
69,grass-seam,O-T2X-R,2.3295812606811523,35.62219387882554,4.208059787750244,5.417385578155518
69,grass-seam,ABL-ET2X-R-PreviousRawEdge-CatmullRomRGB,2.014524221420288,36.493118741569454,4.44211483001709,5.303849220275879
69,grass-seam,ABL-ET2X-R-PreviousRawEdge-CatmullRomRGB-Fixed080,2.4213266372680664,35.0433182783817,4.221055030822754,4.749270439147949
70,seams,O-T2X-R,1.2647135257720947,40.14220277415569,1.4947240352630615,2.058457136154175
70,seams,ABL-ET2X-R-PreviousRawEdge-CatmullRomRGB,1.0688313245773315,39.103784484464484,1.570171594619751,1.3762704133987427
70,seams,ABL-ET2X-R-PreviousRawEdge-CatmullRomRGB-Fixed080,1.2381510734558105,38.40057799916494,1.5272985696792603,1.3286010026931763
70,thin-seam,O-T2X-R,1.2501627206802368,41.41541311849862,1.7138704061508179,2.3050315380096436
70,thin-seam,ABL-ET2X-R-PreviousRawEdge-CatmullRomRGB,0.9696723222732544,42.54663741438226,1.6992710828781128,1.491388201713562
70,thin-seam,ABL-ET2X-R-PreviousRawEdge-CatmullRomRGB-Fixed080,1.1151258945465088,41.41556400451882,1.6831191778182983,1.4903799295425415
70,leaves,O-T2X-R,3.6146810054779053,31.868549673778293,8.197766304016113,9.970179557800293
70,leaves,ABL-ET2X-R-PreviousRawEdge-CatmullRomRGB,3.3151042461395264,32.07359825226769,8.928499221801758,11.907082557678223
70,leaves,ABL-ET2X-R-PreviousRawEdge-CatmullRomRGB-Fixed080,3.951432228088379,31.004643532424794,7.8218536376953125,9.396005630493164
70,grass-seam,O-T2X-R,2.0751633644104004,37.01204099865292,4.191178798675537,4.455080509185791
70,grass-seam,ABL-ET2X-R-PreviousRawEdge-CatmullRomRGB,2.0597312450408936,36.460345283392726,4.709588050842285,5.492406845092773
70,grass-seam,ABL-ET2X-R-PreviousRawEdge-CatmullRomRGB-Fixed080,2.460723876953125,35.03907293841803,4.4062018394470215,4.749390125274658
71,seams,O-T2X-R,1.3136067390441895,37.37056086200337,1.5337339639663696,1.2610265016555786
71,seams,ABL-ET2X-R-PreviousRawEdge-CatmullRomRGB,1.3542969226837158,36.16224573153733,1.6918596029281616,1.5651535987854004
71,seams,ABL-ET2X-R-PreviousRawEdge-CatmullRomRGB-Fixed080,1.3827799558639526,36.36251777781018,1.575198769569397,1.4214996099472046
71,thin-seam,O-T2X-R,1.4554579257965088,35.79129296918148,1.5805726051330566,1.244886875152588
71,thin-seam,ABL-ET2X-R-PreviousRawEdge-CatmullRomRGB,1.2680121660232544,35.71085677363273,1.8464350700378418,1.7479699850082397
71,thin-seam,ABL-ET2X-R-PreviousRawEdge-CatmullRomRGB-Fixed080,1.2879232168197632,35.87539173209872,1.7114849090576172,1.6059322357177734
71,leaves,O-T2X-R,4.0923991203308105,30.83218628252,8.14102554321289,11.672935485839844
71,leaves,ABL-ET2X-R-PreviousRawEdge-CatmullRomRGB,3.358138084411621,32.01507421555196,8.938162803649902,11.965902328491211
71,leaves,ABL-ET2X-R-PreviousRawEdge-CatmullRomRGB-Fixed080,3.9518392086029053,31.05620938048205,7.850663661956787,9.450567245483398
71,grass-seam,O-T2X-R,2.175320863723755,36.54985537372535,4.057666301727295,5.378368854522705
71,grass-seam,ABL-ET2X-R-PreviousRawEdge-CatmullRomRGB,2.106330156326294,36.41460813906789,4.749991416931152,5.790050029754639
71,grass-seam,ABL-ET2X-R-PreviousRawEdge-CatmullRomRGB-Fixed080,2.486565113067627,35.06233713084821,4.44182825088501,4.996130466461182
72,seams,O-T2X-R,1.2960286140441895,38.40613240616597,1.4436771869659424,2.0685389041900635
72,seams,ABL-ET2X-R-PreviousRawEdge-CatmullRomRGB,1.0485025644302368,39.401694825590695,1.6016714572906494,1.8495864868164062
72,seams,ABL-ET2X-R-PreviousRawEdge-CatmullRomRGB-Fixed080,1.1313313245773315,39.23167098101175,1.5182307958602905,1.6417334079742432
72,thin-seam,O-T2X-R,1.3955078125,37.50464913983467,1.6716814041137695,2.2782199382781982
72,thin-seam,ABL-ET2X-R-PreviousRawEdge-CatmullRomRGB,1.0053168535232544,40.579684176608666,1.7984825372695923,1.8851524591445923
72,thin-seam,ABL-ET2X-R-PreviousRawEdge-CatmullRomRGB-Fixed080,1.0438368320465088,41.67132998422784,1.7109479904174805,1.6977256536483765
72,leaves,O-T2X-R,3.624755859375,31.682167367409455,8.241888046264648,10.002166748046875
72,leaves,ABL-ET2X-R-PreviousRawEdge-CatmullRomRGB,3.3084797859191895,32.141234145787074,8.821821212768555,11.943681716918945
72,leaves,ABL-ET2X-R-PreviousRawEdge-CatmullRomRGB-Fixed080,3.9346516132354736,31.094611451398187,7.816510200500488,9.430829048156738
72,grass-seam,O-T2X-R,2.157407522201538,36.30386535049061,4.401937961578369,4.690122604370117
72,grass-seam,ABL-ET2X-R-PreviousRawEdge-CatmullRomRGB,2.019850015640259,36.73333074301321,4.662680149078369,5.753352165222168
72,grass-seam,ABL-ET2X-R-PreviousRawEdge-CatmullRomRGB-Fixed080,2.4248971939086914,35.295380109167624,4.518242835998535,5.173755168914795
73,seams,O-T2X-R,1.365380883216858,36.46653039824322,1.3202793598175049,1.1615864038467407
73,seams,ABL-ET2X-R-PreviousRawEdge-CatmullRomRGB,1.1587239503860474,38.086861885166854,1.5101759433746338,1.4762623310089111
73,seams,ABL-ET2X-R-PreviousRawEdge-CatmullRomRGB-Fixed080,1.2130045890808105,38.04740149834657,1.4228006601333618,1.3578191995620728
73,thin-seam,O-T2X-R,1.2627495527267456,40.883983438213534,1.5323361158370972,1.235674262046814
73,thin-seam,ABL-ET2X-R-PreviousRawEdge-CatmullRomRGB,0.9954426884651184,42.638327619272886,1.6986421346664429,1.5649480819702148
73,thin-seam,ABL-ET2X-R-PreviousRawEdge-CatmullRomRGB-Fixed080,1.0745443105697632,42.11562630680195,1.612152099609375,1.4482334852218628
73,leaves,O-T2X-R,4.131201267242432,30.543698477350638,8.1361665725708,11.557910919189453
73,leaves,ABL-ET2X-R-PreviousRawEdge-CatmullRomRGB,3.325667381286621,31.94492474986059,8.882787704467773,11.8628568649292
73,leaves,ABL-ET2X-R-PreviousRawEdge-CatmullRomRGB-Fixed080,3.892871141433716,31.058518271098418,7.766171932220459,9.405484199523926
73,grass-seam,O-T2X-R,2.406015396118164,35.110645874632766,4.159050464630127,5.38569450378418
73,grass-seam,ABL-ET2X-R-PreviousRawEdge-CatmullRomRGB,2.074739694595337,36.58753064228566,4.577696800231934,5.537844181060791
73,grass-seam,ABL-ET2X-R-PreviousRawEdge-CatmullRomRGB-Fixed080,2.422839403152466,35.17483986500281,4.354441165924072,5.068907260894775
74,seams,O-T2X-R,1.2601399421691895,39.09251440748945,1.4972107410430908,1.9744224548339844
74,seams,ABL-ET2X-R-PreviousRawEdge-CatmullRomRGB,1.2800943851470947,35.998000179088756,1.5755631923675537,1.5210402011871338
74,seams,ABL-ET2X-R-PreviousRawEdge-CatmullRomRGB-Fixed080,1.3030110597610474,36.07914137857031,1.526822805404663,1.4268722534179688
74,thin-seam,O-T2X-R,1.1572265625,42.82369980434984,1.7121750116348267,2.2824904918670654
74,thin-seam,ABL-ET2X-R-PreviousRawEdge-CatmullRomRGB,1.2146267890930176,35.571851983170724,1.7860212326049805,1.672329068183899
74,thin-seam,ABL-ET2X-R-PreviousRawEdge-CatmullRomRGB-Fixed080,1.2589517831802368,35.64874731687463,1.7396539449691772,1.6180588006973267
74,leaves,O-T2X-R,3.5399413108825684,31.84126298070836,8.11698055267334,9.945241928100586
74,leaves,ABL-ET2X-R-PreviousRawEdge-CatmullRomRGB,3.316683053970337,32.10156927016533,8.808074951171875,11.854772567749023
74,leaves,ABL-ET2X-R-PreviousRawEdge-CatmullRomRGB-Fixed080,3.900162696838379,31.099732274013697,7.720836639404297,9.294451713562012
74,grass-seam,O-T2X-R,2.090656042098999,36.62600010612201,4.212313175201416,4.498098850250244
74,grass-seam,ABL-ET2X-R-PreviousRawEdge-CatmullRomRGB,2.1383442878723145,36.479979664962194,4.6531453132629395,5.47706413269043
74,grass-seam,ABL-ET2X-R-PreviousRawEdge-CatmullRomRGB-Fixed080,2.46895432472229,35.15473979610477,4.4304280281066895,4.868680477142334
75,seams,O-T2X-R,1.2293131351470947,40.15735938167957,1.5623656511306763,1.262726068496704
75,seams,ABL-ET2X-R-PreviousRawEdge-CatmullRomRGB,1.103906273841858,38.66065193384025,1.5106180906295776,1.5631096363067627
75,seams,ABL-ET2X-R-PreviousRawEdge-CatmullRomRGB-Fixed080,1.1882975101470947,38.0706232432908,1.461215615272522,1.4679689407348633
75,thin-seam,O-T2X-R,1.2530924081802368,40.89581397515866,1.7142057418823242,1.3003395795822144
75,thin-seam,ABL-ET2X-R-PreviousRawEdge-CatmullRomRGB,1.0093315839767456,41.829872065188276,1.7161375284194946,1.6899112462997437
75,thin-seam,ABL-ET2X-R-PreviousRawEdge-CatmullRomRGB-Fixed080,1.0916883945465088,41.17003961668032,1.7063335180282593,1.6270790100097656
75,leaves,O-T2X-R,4.047802925109863,30.796739729482088,8.024859428405762,11.616662979125977
75,leaves,ABL-ET2X-R-PreviousRawEdge-CatmullRomRGB,3.294140577316284,32.2450268881148,8.778409004211426,11.892145156860352
75,leaves,ABL-ET2X-R-PreviousRawEdge-CatmullRomRGB-Fixed080,3.865966796875,31.258875578651836,7.721792697906494,9.394885063171387
75,grass-seam,O-T2X-R,2.2883684635162354,35.98712125400016,4.077883720397949,5.303325176239014
75,grass-seam,ABL-ET2X-R-PreviousRawEdge-CatmullRomRGB,2.085209369659424,36.48235244404876,4.57456636428833,5.632313251495361
75,grass-seam,ABL-ET2X-R-PreviousRawEdge-CatmullRomRGB-Fixed080,2.4245946407318115,35.341552815215266,4.374683856964111,4.944270133972168
76,seams,O-T2X-R,1.264013648033142,40.53669525077061,1.6054680347442627,2.2815561294555664
76,seams,ABL-ET2X-R-PreviousRawEdge-CatmullRomRGB,1.106787085533142,39.026458180712794,1.4789249897003174,1.4778715372085571
76,seams,ABL-ET2X-R-PreviousRawEdge-CatmullRomRGB-Fixed080,1.1953450441360474,38.33103653463235,1.411851406097412,1.3598397970199585
76,thin-seam,O-T2X-R,1.3379991054534912,40.90807876801266,1.826442837715149,2.5465049743652344
76,thin-seam,ABL-ET2X-R-PreviousRawEdge-CatmullRomRGB,0.9733073115348816,42.897918166702226,1.5890034437179565,1.5624712705612183
76,thin-seam,ABL-ET2X-R-PreviousRawEdge-CatmullRomRGB-Fixed080,1.0725911855697632,41.94446715522456,1.5831352472305298,1.5348173379898071
76,leaves,O-T2X-R,3.4605956077575684,32.082043863229124,8.143930435180664,9.822393417358398
76,leaves,ABL-ET2X-R-PreviousRawEdge-CatmullRomRGB,3.2376301288604736,32.264805838987414,8.639455795288086,11.775599479675293
76,leaves,ABL-ET2X-R-PreviousRawEdge-CatmullRomRGB-Fixed080,3.8162922859191895,31.27406091143144,7.5949578285217285,9.300451278686523
76,grass-seam,O-T2X-R,2.082728147506714,36.63126329955258,4.404937267303467,4.552314758300781
76,grass-seam,ABL-ET2X-R-PreviousRawEdge-CatmullRomRGB,1.9625998735427856,37.03697654025873,4.467610836029053,5.665017604827881
76,grass-seam,ABL-ET2X-R-PreviousRawEdge-CatmullRomRGB-Fixed080,2.333212375640869,35.67156338684279,4.2765350341796875,4.981520652770996
77,seams,O-T2X-R,1.4118489027023315,37.420798196891454,1.609039068222046,1.448441505432129
77,seams,ABL-ET2X-R-PreviousRawEdge-CatmullRomRGB,1.1818033456802368,38.77514726167236,1.7719171047210693,1.6480467319488525
77,seams,ABL-ET2X-R-PreviousRawEdge-CatmullRomRGB-Fixed080,1.2461588382720947,38.47738700951826,1.6835416555404663,1.5013967752456665
77,thin-seam,O-T2X-R,1.5285372734069824,36.09759280515442,1.7294496297836304,1.4341068267822266
77,thin-seam,ABL-ET2X-R-PreviousRawEdge-CatmullRomRGB,1.2102864980697632,38.227390193405,1.95539128780365,1.7355118989944458
77,thin-seam,ABL-ET2X-R-PreviousRawEdge-CatmullRomRGB-Fixed080,1.26513671875,38.32048398896092,1.915444016456604,1.6815122365951538
77,leaves,O-T2X-R,3.979475975036621,30.95123545942332,8.192222595214844,11.74742317199707
77,leaves,ABL-ET2X-R-PreviousRawEdge-CatmullRomRGB,3.2513997554779053,32.13856690312394,8.68433952331543,11.639588356018066
77,leaves,ABL-ET2X-R-PreviousRawEdge-CatmullRomRGB-Fixed080,3.8113443851470947,31.227159722506116,7.641273498535156,9.204163551330566
77,grass-seam,O-T2X-R,2.2965383529663086,35.78421956229029,4.350473880767822,5.765655040740967
77,grass-seam,ABL-ET2X-R-PreviousRawEdge-CatmullRomRGB,1.8545751571655273,37.50205389850498,4.558685779571533,5.539346694946289
77,grass-seam,ABL-ET2X-R-PreviousRawEdge-CatmullRomRGB-Fixed080,2.2342653274536133,35.87211681386987,4.310584545135498,4.869131565093994
78,seams,O-T2X-R,1.4818196296691895,37.04210774652857,1.5867395401000977,2.1248278617858887
78,seams,ABL-ET2X-R-PreviousRawEdge-CatmullRomRGB,1.084326148033142,40.0067951415845,1.694923758506775,1.5984809398651123
78,seams,ABL-ET2X-R-PreviousRawEdge-CatmullRomRGB-Fixed080,1.192724585533142,39.257578163545475,1.673364281654358,1.5053691864013672
78,thin-seam,O-T2X-R,1.4405381679534912,37.96474964117288,1.8453928232192993,2.4478960037231445
78,thin-seam,ABL-ET2X-R-PreviousRawEdge-CatmullRomRGB,1.0396592617034912,41.47393323457399,1.869925618171692,1.8633646965026855
78,thin-seam,ABL-ET2X-R-PreviousRawEdge-CatmullRomRGB-Fixed080,1.1629232168197632,40.29516230216326,1.8500210046768188,1.816009521484375
78,leaves,O-T2X-R,3.511751413345337,31.786178667413296,8.146245956420898,10.054173469543457
78,leaves,ABL-ET2X-R-PreviousRawEdge-CatmullRomRGB,3.222184181213379,32.30924666153003,8.701236724853516,11.569304466247559
78,leaves,ABL-ET2X-R-PreviousRawEdge-CatmullRomRGB-Fixed080,3.8058104515075684,31.319924645217352,7.661322116851807,9.169160842895508
78,grass-seam,O-T2X-R,2.079097032546997,37.05764038799354,4.37550163269043,4.72808313369751
78,grass-seam,ABL-ET2X-R-PreviousRawEdge-CatmullRomRGB,1.8816267251968384,37.427227627560036,4.529716491699219,5.377213954925537
78,grass-seam,ABL-ET2X-R-PreviousRawEdge-CatmullRomRGB-Fixed080,2.2628297805786133,35.79195859560036,4.327077388763428,4.7574357986450195
79,seams,O-T2X-R,1.3755208253860474,37.45703609642751,1.5781577825546265,1.3733936548233032
79,seams,ABL-ET2X-R-PreviousRawEdge-CatmullRomRGB,1.233496069908142,38.46249896961958,1.6766483783721924,1.6203960180282593
79,seams,ABL-ET2X-R-PreviousRawEdge-CatmullRomRGB-Fixed080,1.2870279550552368,38.37134980496217,1.6080944538116455,1.546596646308899
79,thin-seam,O-T2X-R,1.2799478769302368,41.87796051196492,1.6969093084335327,1.3361693620681763
79,thin-seam,ABL-ET2X-R-PreviousRawEdge-CatmullRomRGB,1.1037325859069824,42.68662390485635,1.915952205657959,1.7997819185256958
79,thin-seam,ABL-ET2X-R-PreviousRawEdge-CatmullRomRGB-Fixed080,1.2244466543197632,41.471898665363184,1.8946958780288696,1.775739312171936
79,leaves,O-T2X-R,3.9598145484924316,30.98056435166143,8.048538208007812,11.50841236114502
79,leaves,ABL-ET2X-R-PreviousRawEdge-CatmullRomRGB,3.2752604484558105,32.10009343786219,8.784149169921875,11.867410659790039
79,leaves,ABL-ET2X-R-PreviousRawEdge-CatmullRomRGB-Fixed080,3.8316080570220947,31.315926899752732,7.687499046325684,9.3373384475708
79,grass-seam,O-T2X-R,2.3078551292419434,35.976897515184405,4.304499626159668,5.475592136383057
79,grass-seam,ABL-ET2X-R-PreviousRawEdge-CatmullRomRGB,1.97391676902771,37.175286459864864,4.669485569000244,5.5743303298950195
79,grass-seam,ABL-ET2X-R-PreviousRawEdge-CatmullRomRGB-Fixed080,2.3448922634124756,35.734574344761185,4.411011219024658,4.840169429779053
80,seams,O-T2X-R,1.3621419668197632,39.279467100672576,1.5751172304153442,2.161540985107422
80,seams,ABL-ET2X-R-PreviousRawEdge-CatmullRomRGB,1.2324382066726685,38.770664398906995,1.681898832321167,1.7278039455413818
80,seams,ABL-ET2X-R-PreviousRawEdge-CatmullRomRGB-Fixed080,1.2724772691726685,38.7765003279346,1.5831186771392822,1.5479179620742798
80,thin-seam,O-T2X-R,1.2957357168197632,42.33263282722932,1.8087902069091797,2.3848659992218018
80,thin-seam,ABL-ET2X-R-PreviousRawEdge-CatmullRomRGB,1.2224392890930176,38.64540496826754,1.8365026712417603,1.8342995643615723
80,thin-seam,ABL-ET2X-R-PreviousRawEdge-CatmullRomRGB-Fixed080,1.28857421875,38.606611925946915,1.8158718347549438,1.7939656972885132
80,leaves,O-T2X-R,3.434554100036621,32.22691066069732,8.089999198913574,9.88124942779541
80,leaves,ABL-ET2X-R-PreviousRawEdge-CatmullRomRGB,3.2589681148529053,32.22463463982993,8.739115715026855,11.973982810974121
80,leaves,ABL-ET2X-R-PreviousRawEdge-CatmullRomRGB-Fixed080,3.8079264163970947,31.35291536181361,7.674421787261963,9.442866325378418
80,grass-seam,O-T2X-R,2.0963447093963623,36.79627268392551,4.411535739898682,4.74728536605835
80,grass-seam,ABL-ET2X-R-PreviousRawEdge-CatmullRomRGB,2.014221668243408,36.774812131684136,4.511069297790527,5.865605354309082
80,grass-seam,ABL-ET2X-R-PreviousRawEdge-CatmullRomRGB-Fixed080,2.347010374069214,35.61844891769067,4.294253826141357,5.085555076599121
81,seams,O-T2X-R,1.316162109375,39.187630482628,1.5532687902450562,1.2249141931533813
81,seams,ABL-ET2X-R-PreviousRawEdge-CatmullRomRGB,1.1465007066726685,39.123088674423755,1.7060009241104126,1.6305288076400757
81,seams,ABL-ET2X-R-PreviousRawEdge-CatmullRomRGB-Fixed080,1.2530924081802368,38.59482372339149,1.6796462535858154,1.5277187824249268
81,thin-seam,O-T2X-R,1.3158637285232544,39.90410392560778,1.6560992002487183,1.30392324924469
81,thin-seam,ABL-ET2X-R-PreviousRawEdge-CatmullRomRGB,1.1086153984069824,40.42263478344245,1.925087809562683,1.8912272453308105
81,thin-seam,ABL-ET2X-R-PreviousRawEdge-CatmullRomRGB-Fixed080,1.2151693105697632,39.84797056552603,1.8960285186767578,1.8462438583374023
81,leaves,O-T2X-R,3.84716796875,31.28998595074442,7.989124298095703,11.5458345413208
81,leaves,ABL-ET2X-R-PreviousRawEdge-CatmullRomRGB,3.219287157058716,32.37609312261651,8.676153182983398,11.742568969726562
81,leaves,ABL-ET2X-R-PreviousRawEdge-CatmullRomRGB-Fixed080,3.7662110328674316,31.456973513727107,7.664455413818359,9.328269958496094
81,grass-seam,O-T2X-R,2.216230869293213,35.927339029141834,4.074007034301758,5.440440654754639
81,grass-seam,ABL-ET2X-R-PreviousRawEdge-CatmullRomRGB,1.9544904232025146,36.975387188673515,4.497326374053955,5.4422831535339355
81,grass-seam,ABL-ET2X-R-PreviousRawEdge-CatmullRomRGB-Fixed080,2.324497699737549,35.47465630474115,4.293034553527832,4.856599807739258
82,seams,O-T2X-R,1.3085448741912842,39.535044771157445,1.6269603967666626,2.1207146644592285
82,seams,ABL-ET2X-R-PreviousRawEdge-CatmullRomRGB,1.1927571296691895,38.429155932959695,1.7007875442504883,1.5919972658157349
82,seams,ABL-ET2X-R-PreviousRawEdge-CatmullRomRGB-Fixed080,1.2758952379226685,38.21328803196761,1.6307847499847412,1.5057919025421143
82,thin-seam,O-T2X-R,1.32373046875,41.86987147393396,1.9336366653442383,2.4537832736968994
82,thin-seam,ABL-ET2X-R-PreviousRawEdge-CatmullRomRGB,0.9756401777267456,43.32743063087775,1.91070556640625,1.7942700386047363
82,thin-seam,ABL-ET2X-R-PreviousRawEdge-CatmullRomRGB-Fixed080,1.0987955331802368,42.29903494415641,1.8976916074752808,1.7678585052490234
82,leaves,O-T2X-R,3.4644367694854736,32.07619752376957,8.050969123840332,9.847532272338867
82,leaves,ABL-ET2X-R-PreviousRawEdge-CatmullRomRGB,3.241455078125,32.243457510701006,8.580859184265137,11.567423820495605
82,leaves,ABL-ET2X-R-PreviousRawEdge-CatmullRomRGB-Fixed080,3.780257225036621,31.368639691172554,7.63778018951416,9.276330947875977
82,grass-seam,O-T2X-R,2.028806686401367,37.1270648263655,4.2207465171813965,4.310925483703613
82,grass-seam,ABL-ET2X-R-PreviousRawEdge-CatmullRomRGB,1.8953038454055786,37.39178854260137,4.5626139640808105,5.130883693695068
82,grass-seam,ABL-ET2X-R-PreviousRawEdge-CatmullRomRGB-Fixed080,2.3097312450408936,35.578370791298084,4.394581317901611,4.675191879272461
83,seams,O-T2X-R,1.412500023841858,37.277542514414854,1.4534555673599243,1.3909918069839478
83,seams,ABL-ET2X-R-PreviousRawEdge-CatmullRomRGB,1.1887532472610474,39.04038076284897,1.5068891048431396,1.729800820350647
83,seams,ABL-ET2X-R-PreviousRawEdge-CatmullRomRGB-Fixed080,1.226220726966858,39.00688607666721,1.4321767091751099,1.5659019947052002
83,thin-seam,O-T2X-R,1.4546440839767456,36.75703993266624,1.62118661403656,1.4447311162948608
83,thin-seam,ABL-ET2X-R-PreviousRawEdge-CatmullRomRGB,1.1539713144302368,38.95058441731272,1.693000316619873,1.78798246383667
83,thin-seam,ABL-ET2X-R-PreviousRawEdge-CatmullRomRGB-Fixed080,1.2185872793197632,38.88228677057292,1.6757255792617798,1.7497864961624146
83,leaves,O-T2X-R,3.907698631286621,31.019259768189595,7.930406093597412,11.3788423538208
83,leaves,ABL-ET2X-R-PreviousRawEdge-CatmullRomRGB,3.226757764816284,32.28748040662437,8.603974342346191,11.613926887512207
83,leaves,ABL-ET2X-R-PreviousRawEdge-CatmullRomRGB-Fixed080,3.7632813453674316,31.394484657273885,7.578232765197754,9.23829460144043
83,grass-seam,O-T2X-R,2.1679980754852295,36.44561051912568,4.228956699371338,5.358314037322998
83,grass-seam,ABL-ET2X-R-PreviousRawEdge-CatmullRomRGB,1.968106985092163,36.93099802360514,4.658565521240234,5.691579341888428
83,grass-seam,ABL-ET2X-R-PreviousRawEdge-CatmullRomRGB-Fixed080,2.317296028137207,35.536214102409176,4.378108978271484,4.96100378036499
84,seams,O-T2X-R,1.3833496570587158,38.18972239615191,1.5059573650360107,2.208878755569458
84,seams,ABL-ET2X-R-PreviousRawEdge-CatmullRomRGB,1.1491535902023315,38.837778584341194,1.4603911638259888,1.6441713571548462
84,seams,ABL-ET2X-R-PreviousRawEdge-CatmullRomRGB-Fixed080,1.2248860597610474,38.43646109636913,1.3707590103149414,1.4893625974655151
84,thin-seam,O-T2X-R,1.3722872734069824,38.359871956681545,1.6953572034835815,2.421175003051758
84,thin-seam,ABL-ET2X-R-PreviousRawEdge-CatmullRomRGB,1.0465494394302368,39.74643984963453,1.5742114782333374,1.7013064622879028
84,thin-seam,ABL-ET2X-R-PreviousRawEdge-CatmullRomRGB-Fixed080,1.1268446445465088,39.342343070503055,1.5573087930679321,1.6562786102294922
84,leaves,O-T2X-R,3.41259765625,32.25347127263176,7.927031517028809,9.893669128417969
84,leaves,ABL-ET2X-R-PreviousRawEdge-CatmullRomRGB,3.2062175273895264,32.347467472425805,8.616929054260254,11.819360733032227
84,leaves,ABL-ET2X-R-PreviousRawEdge-CatmullRomRGB-Fixed080,3.7140135765075684,31.469981472388934,7.575089931488037,9.364239692687988
84,grass-seam,O-T2X-R,2.1608569622039795,36.5398767605938,4.42091178894043,4.979014873504639
84,grass-seam,ABL-ET2X-R-PreviousRawEdge-CatmullRomRGB,1.9778504371643066,36.79260166179673,4.512034893035889,5.9969658851623535
84,grass-seam,ABL-ET2X-R-PreviousRawEdge-CatmullRomRGB-Fixed080,2.2418906688690186,35.6889488281729,4.240894794464111,5.085817337036133
85,seams,O-T2X-R,1.4430989027023315,35.60166535957482,1.5484641790390015,1.384903907775879
85,seams,ABL-ET2X-R-PreviousRawEdge-CatmullRomRGB,1.2000162601470947,38.45960842678048,1.5521337985992432,1.611350417137146
85,seams,ABL-ET2X-R-PreviousRawEdge-CatmullRomRGB-Fixed080,1.235253930091858,38.31637517670646,1.4827744960784912,1.450448751449585
85,thin-seam,O-T2X-R,1.3547635078430176,41.118121001885626,1.6523517370224,1.3780698776245117
85,thin-seam,ABL-ET2X-R-PreviousRawEdge-CatmullRomRGB,1.0390082597732544,42.58786572737825,1.6418323516845703,1.5687828063964844
85,thin-seam,ABL-ET2X-R-PreviousRawEdge-CatmullRomRGB-Fixed080,1.1034071445465088,42.033021373339565,1.6138590574264526,1.5178157091140747
85,leaves,O-T2X-R,3.8291015625,31.27259620139055,7.902809143066406,11.4877290725708
85,leaves,ABL-ET2X-R-PreviousRawEdge-CatmullRomRGB,3.1834959983825684,32.43938558714664,8.687685012817383,11.871745109558105
85,leaves,ABL-ET2X-R-PreviousRawEdge-CatmullRomRGB-Fixed080,3.659163475036621,31.589021071903982,7.607937812805176,9.419877052307129
85,grass-seam,O-T2X-R,2.2331759929656982,36.06890609538307,4.023641586303711,5.577866554260254
85,grass-seam,ABL-ET2X-R-PreviousRawEdge-CatmullRomRGB,1.9909223318099976,36.47462754426243,4.546350002288818,5.654781341552734
85,grass-seam,ABL-ET2X-R-PreviousRawEdge-CatmullRomRGB-Fixed080,2.257685899734497,35.37946656927061,4.293941497802734,4.937982082366943
86,seams,O-T2X-R,1.4353678226470947,38.20153237995204,1.447466254234314,2.3512227535247803
86,seams,ABL-ET2X-R-PreviousRawEdge-CatmullRomRGB,1.1742024421691895,39.25336531184732,1.505766749382019,1.7305854558944702
86,seams,ABL-ET2X-R-PreviousRawEdge-CatmullRomRGB-Fixed080,1.185546875,39.27126065928319,1.394592046737671,1.5466067790985107
86,thin-seam,O-T2X-R,1.3504232168197632,41.42124015450147,1.6658624410629272,2.4785053730010986
86,thin-seam,ABL-ET2X-R-PreviousRawEdge-CatmullRomRGB,1.1414930820465088,39.43246623541533,1.8043270111083984,1.790887713432312
86,thin-seam,ABL-ET2X-R-PreviousRawEdge-CatmullRomRGB-Fixed080,1.1722548007965088,39.41897389590078,1.7173699140548706,1.6609811782836914
86,leaves,O-T2X-R,3.3980956077575684,32.24434678341655,7.93029260635376,9.824516296386719
86,leaves,ABL-ET2X-R-PreviousRawEdge-CatmullRomRGB,3.18505859375,32.45250568895564,8.689677238464355,11.757372856140137
86,leaves,ABL-ET2X-R-PreviousRawEdge-CatmullRomRGB-Fixed080,3.6438965797424316,31.61604371738889,7.650167942047119,9.338203430175781
86,grass-seam,O-T2X-R,1.9831759929656982,37.355580839446006,4.265711307525635,4.554753303527832
86,grass-seam,ABL-ET2X-R-PreviousRawEdge-CatmullRomRGB,1.9061970710754395,37.29362850798801,4.573044300079346,5.4844865798950195
86,grass-seam,ABL-ET2X-R-PreviousRawEdge-CatmullRomRGB-Fixed080,2.186516523361206,35.8867504017416,4.3642659187316895,4.855848789215088
87,seams,O-T2X-R,1.3032715320587158,38.579081489024645,1.354750394821167,1.2104436159133911
87,seams,ABL-ET2X-R-PreviousRawEdge-CatmullRomRGB,1.2678059339523315,37.883937619780674,1.6297067403793335,1.8429555892944336
87,seams,ABL-ET2X-R-PreviousRawEdge-CatmullRomRGB-Fixed080,1.2196451425552368,38.409439758047405,1.4529143571853638,1.5723708868026733
87,thin-seam,O-T2X-R,1.4651693105697632,38.64137447059727,1.6151176691055298,1.2927322387695312
87,thin-seam,ABL-ET2X-R-PreviousRawEdge-CatmullRomRGB,1.3483072519302368,38.157984679331506,1.9556231498718262,2.131399393081665
87,thin-seam,ABL-ET2X-R-PreviousRawEdge-CatmullRomRGB-Fixed080,1.2995333671569824,38.51123450691267,1.783441185951233,1.8962470293045044
87,leaves,O-T2X-R,3.8077311515808105,31.38364361666285,7.805286407470703,11.171113014221191
87,leaves,ABL-ET2X-R-PreviousRawEdge-CatmullRomRGB,3.245410203933716,32.31259490582118,8.730997085571289,11.74105453491211
87,leaves,ABL-ET2X-R-PreviousRawEdge-CatmullRomRGB-Fixed080,3.6825032234191895,31.621273447415504,7.691878318786621,9.307600021362305
87,grass-seam,O-T2X-R,2.170902967453003,36.334154016816356,3.9782559871673584,5.183845043182373
87,grass-seam,ABL-ET2X-R-PreviousRawEdge-CatmullRomRGB,2.0696563720703125,36.11641258373479,4.705419063568115,5.59485387802124
87,grass-seam,ABL-ET2X-R-PreviousRawEdge-CatmullRomRGB-Fixed080,2.2977488040924072,35.402178763352076,4.440944194793701,4.901251792907715
88,seams,O-T2X-R,1.4708658456802368,36.052931600881344,1.3476386070251465,2.046118974685669
88,seams,ABL-ET2X-R-PreviousRawEdge-CatmullRomRGB,1.2107747793197632,38.23462858267145,1.6135629415512085,1.8508710861206055
88,seams,ABL-ET2X-R-PreviousRawEdge-CatmullRomRGB-Fixed080,1.2218912839889526,38.266505285182134,1.4786447286605835,1.5595662593841553
88,thin-seam,O-T2X-R,1.7369248867034912,34.205030352821296,1.7604589462280273,2.5756454467773438
88,thin-seam,ABL-ET2X-R-PreviousRawEdge-CatmullRomRGB,1.0951063632965088,40.80362966813204,1.9882692098617554,2.286083459854126
88,thin-seam,ABL-ET2X-R-PreviousRawEdge-CatmullRomRGB-Fixed080,1.0471463203430176,42.337099154728286,1.7815393209457397,1.9116287231445312
88,leaves,O-T2X-R,3.3687336444854736,32.27734410789487,7.969043731689453,9.957412719726562
88,leaves,ABL-ET2X-R-PreviousRawEdge-CatmullRomRGB,3.178011178970337,32.484583933091365,8.608467102050781,11.916122436523438
88,leaves,ABL-ET2X-R-PreviousRawEdge-CatmullRomRGB-Fixed080,3.638671875,31.709901976901822,7.63204288482666,9.476879119873047
88,grass-seam,O-T2X-R,1.922113299369812,37.42957517287984,4.4752278327941895,4.752948760986328
88,grass-seam,ABL-ET2X-R-PreviousRawEdge-CatmullRomRGB,2.0213024616241455,36.60456757107989,4.478000164031982,5.830718040466309
88,grass-seam,ABL-ET2X-R-PreviousRawEdge-CatmullRomRGB-Fixed080,2.3199589252471924,35.40412810500185,4.325780391693115,5.102316379547119
89,seams,O-T2X-R,1.3994140625,37.67489989134664,1.4207557439804077,1.2674387693405151
89,seams,ABL-ET2X-R-PreviousRawEdge-CatmullRomRGB,1.1874185800552368,39.34247692220579,1.5050513744354248,1.6895105838775635
89,seams,ABL-ET2X-R-PreviousRawEdge-CatmullRomRGB-Fixed080,1.2521483898162842,38.802552968577615,1.4076017141342163,1.5276750326156616
89,thin-seam,O-T2X-R,1.5855034589767456,37.47691460916844,1.7967042922973633,1.390992522239685
89,thin-seam,ABL-ET2X-R-PreviousRawEdge-CatmullRomRGB,1.1236978769302368,41.49479204833266,1.879646897315979,2.043501853942871
89,thin-seam,ABL-ET2X-R-PreviousRawEdge-CatmullRomRGB-Fixed080,1.1710069179534912,41.17716144063653,1.68805730342865,1.7167783975601196
89,leaves,O-T2X-R,3.8003580570220947,31.23407674388911,7.8583526611328125,11.455418586730957
89,leaves,ABL-ET2X-R-PreviousRawEdge-CatmullRomRGB,3.1480793952941895,32.634984157326606,8.624411582946777,11.740806579589844
89,leaves,ABL-ET2X-R-PreviousRawEdge-CatmullRomRGB-Fixed080,3.611360788345337,31.746860223613243,7.605439186096191,9.38163948059082
89,grass-seam,O-T2X-R,2.229665994644165,35.608335689344024,4.189944744110107,5.759140968322754
89,grass-seam,ABL-ET2X-R-PreviousRawEdge-CatmullRomRGB,1.9747639894485474,36.586904205547526,4.629133701324463,5.7476396560668945
89,grass-seam,ABL-ET2X-R-PreviousRawEdge-CatmullRomRGB-Fixed080,2.263434886932373,35.34203658248425,4.350800037384033,5.103890419006348
90,seams,O-T2X-R,1.3612141609191895,38.75862450792014,1.5566617250442505,2.2942428588867188
90,seams,ABL-ET2X-R-PreviousRawEdge-CatmullRomRGB,1.2285319566726685,38.122872767015984,1.4917341470718384,1.679322600364685
90,seams,ABL-ET2X-R-PreviousRawEdge-CatmullRomRGB-Fixed080,1.2009602785110474,38.1894356598739,1.3776118755340576,1.4890419244766235
90,thin-seam,O-T2X-R,1.3872612714767456,40.337526177929334,1.9448022842407227,2.869866371154785
90,thin-seam,ABL-ET2X-R-PreviousRawEdge-CatmullRomRGB,1.1378037929534912,41.13846524062566,1.779057502746582,1.9026075601577759
90,thin-seam,ABL-ET2X-R-PreviousRawEdge-CatmullRomRGB-Fixed080,1.1387803554534912,41.24226964249118,1.6392526626586914,1.703120231628418
90,leaves,O-T2X-R,3.310986280441284,32.50469027148364,7.914034843444824,9.880755424499512
90,leaves,ABL-ET2X-R-PreviousRawEdge-CatmullRomRGB,3.1817219257354736,32.42624264009713,8.789753913879395,11.82160758972168
90,leaves,ABL-ET2X-R-PreviousRawEdge-CatmullRomRGB-Fixed080,3.616406202316284,31.670067242294678,7.710371971130371,9.373320579528809
90,grass-seam,O-T2X-R,1.9693173170089722,37.43817111225398,4.279536724090576,4.621875762939453
90,grass-seam,ABL-ET2X-R-PreviousRawEdge-CatmullRomRGB,2.0515613555908203,36.03832781488092,4.680301666259766,5.665000915527344
90,grass-seam,ABL-ET2X-R-PreviousRawEdge-CatmullRomRGB-Fixed080,2.295630693435669,35.21612690409303,4.408031463623047,4.964555263519287
91,seams,O-T2X-R,1.4836262464523315,35.803463888221046,1.4563204050064087,1.3292505741119385
91,seams,ABL-ET2X-R-PreviousRawEdge-CatmullRomRGB,1.1340006589889526,38.91704682748792,1.532583236694336,1.699088454246521
91,seams,ABL-ET2X-R-PreviousRawEdge-CatmullRomRGB-Fixed080,1.2042155265808105,38.5266392764703,1.3857500553131104,1.4399524927139282
91,thin-seam,O-T2X-R,1.5050455331802368,37.82257492318669,1.8799089193344116,1.4427481889724731
91,thin-seam,ABL-ET2X-R-PreviousRawEdge-CatmullRomRGB,1.0385199785232544,41.880641385367376,1.8573130369186401,1.931247353553772
91,thin-seam,ABL-ET2X-R-PreviousRawEdge-CatmullRomRGB-Fixed080,1.1195204257965088,41.12647263822466,1.6677770614624023,1.6178083419799805
91,leaves,O-T2X-R,3.7313313484191895,31.56898388284057,7.899628639221191,11.416500091552734
91,leaves,ABL-ET2X-R-PreviousRawEdge-CatmullRomRGB,3.233854055404663,32.29336739770758,8.732426643371582,12.059196472167969
91,leaves,ABL-ET2X-R-PreviousRawEdge-CatmullRomRGB-Fixed080,3.6245768070220947,31.703302798607783,7.699357032775879,9.535780906677246
91,grass-seam,O-T2X-R,2.178830862045288,36.60184979647739,4.107757091522217,5.320694923400879
91,grass-seam,ABL-ET2X-R-PreviousRawEdge-CatmullRomRGB,2.1122004985809326,35.97787374836476,4.643259525299072,5.650097846984863
91,grass-seam,ABL-ET2X-R-PreviousRawEdge-CatmullRomRGB-Fixed080,2.354696273803711,35.20469629660505,4.435534954071045,4.9350385665893555
92,seams,O-T2X-R,1.4989583492279053,37.09870366640297,1.590333342552185,2.3660948276519775
92,seams,ABL-ET2X-R-PreviousRawEdge-CatmullRomRGB,1.2299641370773315,39.23918217842441,1.5949923992156982,1.575503945350647
92,seams,ABL-ET2X-R-PreviousRawEdge-CatmullRomRGB-Fixed080,1.250585913658142,38.98474146290689,1.5417932271957397,1.4357454776763916
92,thin-seam,O-T2X-R,1.4826931953430176,39.93879987971821,1.9884721040725708,2.9378662109375
92,thin-seam,ABL-ET2X-R-PreviousRawEdge-CatmullRomRGB,1.1654188632965088,40.95915868747741,1.8830677270889282,1.8793754577636719
92,thin-seam,ABL-ET2X-R-PreviousRawEdge-CatmullRomRGB-Fixed080,1.1818033456802368,40.834521397874965,1.7704395055770874,1.6246923208236694
92,leaves,O-T2X-R,3.4029459953308105,32.2844497936147,8.117188453674316,10.17583179473877
92,leaves,ABL-ET2X-R-PreviousRawEdge-CatmullRomRGB,3.127962350845337,32.639680977882826,8.597860336303711,11.944674491882324
92,leaves,ABL-ET2X-R-PreviousRawEdge-CatmullRomRGB-Fixed080,3.579882860183716,31.870780138742212,7.623419761657715,9.530988693237305
92,grass-seam,O-T2X-R,2.010651111602783,37.30109082666081,4.39051628112793,4.610564231872559
92,grass-seam,ABL-ET2X-R-PreviousRawEdge-CatmullRomRGB,1.9166061878204346,37.22729307066403,4.607449054718018,5.702670574188232
92,grass-seam,ABL-ET2X-R-PreviousRawEdge-CatmullRomRGB-Fixed080,2.260469675064087,35.66685116471809,4.3997297286987305,5.063287734985352
93,seams,O-T2X-R,1.4756348133087158,36.88648197353644,1.7031164169311523,1.3742191791534424
93,seams,ABL-ET2X-R-PreviousRawEdge-CatmullRomRGB,1.309423804283142,37.92804193300837,1.6338344812393188,1.7493486404418945
93,seams,ABL-ET2X-R-PreviousRawEdge-CatmullRomRGB-Fixed080,1.3296387195587158,37.92769133106417,1.556504487991333,1.6305911540985107
93,thin-seam,O-T2X-R,1.6285264492034912,36.65535879410836,1.997848629951477,1.398790955543518
93,thin-seam,ABL-ET2X-R-PreviousRawEdge-CatmullRomRGB,1.2527127265930176,39.90786246975281,1.9057317972183228,1.9499479532241821
93,thin-seam,ABL-ET2X-R-PreviousRawEdge-CatmullRomRGB-Fixed080,1.2875434160232544,39.81333028998084,1.798563838005066,1.7827619314193726
93,leaves,O-T2X-R,3.816666603088379,31.30427700469397,7.876251220703125,11.456581115722656
93,leaves,ABL-ET2X-R-PreviousRawEdge-CatmullRomRGB,3.1427245140075684,32.536820976456994,8.764410972595215,11.771821022033691
93,leaves,ABL-ET2X-R-PreviousRawEdge-CatmullRomRGB-Fixed080,3.602490186691284,31.746894126896073,7.735296726226807,9.435487747192383
93,grass-seam,O-T2X-R,2.270092010498047,35.75232120681656,4.31215763092041,5.652976989746094
93,grass-seam,ABL-ET2X-R-PreviousRawEdge-CatmullRomRGB,1.8954248428344727,37.11881256360977,4.741225719451904,5.670011520385742
93,grass-seam,ABL-ET2X-R-PreviousRawEdge-CatmullRomRGB-Fixed080,2.205761432647705,35.73904211350304,4.557602405548096,5.087437629699707
94,seams,O-T2X-R,1.5017415285110474,36.34293992568129,1.6345398426055908,2.4243595600128174
94,seams,ABL-ET2X-R-PreviousRawEdge-CatmullRomRGB,1.231689453125,38.61104926457656,1.6661866903305054,1.855493187904358
94,seams,ABL-ET2X-R-PreviousRawEdge-CatmullRomRGB-Fixed080,1.2654297351837158,38.61759911626534,1.5445828437805176,1.6383988857269287
94,thin-seam,O-T2X-R,1.49658203125,38.87355565022546,2.0715320110321045,3.0508785247802734
94,thin-seam,ABL-ET2X-R-PreviousRawEdge-CatmullRomRGB,1.16015625,41.9403867183572,2.092066526412964,2.2558395862579346
94,thin-seam,ABL-ET2X-R-PreviousRawEdge-CatmullRomRGB-Fixed080,1.2462022304534912,41.06459244340961,1.922689437866211,1.9573073387145996
94,leaves,O-T2X-R,3.3618977069854736,32.41961867016972,7.9623260498046875,9.939002990722656
94,leaves,ABL-ET2X-R-PreviousRawEdge-CatmullRomRGB,3.1690104007720947,32.49517778815282,8.851122856140137,12.137700080871582
94,leaves,ABL-ET2X-R-PreviousRawEdge-CatmullRomRGB-Fixed080,3.647005319595337,31.663643370938715,7.786612033843994,9.608373641967773
94,grass-seam,O-T2X-R,2.0863592624664307,36.86781646546224,4.352087497711182,4.858628273010254
94,grass-seam,ABL-ET2X-R-PreviousRawEdge-CatmullRomRGB,1.8871943950653076,36.90347087179071,4.665413856506348,5.92909049987793
94,grass-seam,ABL-ET2X-R-PreviousRawEdge-CatmullRomRGB-Fixed080,2.198862314224243,35.72509366536046,4.466866970062256,5.206191062927246
95,seams,O-T2X-R,1.4302897453308105,37.66340253836918,1.6951593160629272,1.3544385433197021
95,seams,ABL-ET2X-R-PreviousRawEdge-CatmullRomRGB,1.2920410633087158,38.35083790736086,1.868823766708374,1.7923673391342163
95,seams,ABL-ET2X-R-PreviousRawEdge-CatmullRomRGB-Fixed080,1.3487467765808105,38.22954205511295,1.7803128957748413,1.6226484775543213
95,thin-seam,O-T2X-R,1.3804253339767456,39.58836270236601,1.9291929006576538,1.481873631477356
95,thin-seam,ABL-ET2X-R-PreviousRawEdge-CatmullRomRGB,1.1974283456802368,41.425866644046124,2.2417712211608887,2.2615153789520264
95,thin-seam,ABL-ET2X-R-PreviousRawEdge-CatmullRomRGB-Fixed080,1.2741971015930176,40.93316163328221,2.0238800048828125,1.9547895193099976
95,leaves,O-T2X-R,3.7261393070220947,31.64219309834261,7.897528648376465,11.438056945800781
95,leaves,ABL-ET2X-R-PreviousRawEdge-CatmullRomRGB,3.1743977069854736,32.49772919875587,8.853388786315918,12.217190742492676
95,leaves,ABL-ET2X-R-PreviousRawEdge-CatmullRomRGB-Fixed080,3.6368815898895264,31.775128589712047,7.765938758850098,9.66647720336914
95,grass-seam,O-T2X-R,2.200496196746826,36.411776631972835,4.204957485198975,5.629347324371338
95,grass-seam,ABL-ET2X-R-PreviousRawEdge-CatmullRomRGB,1.8648632764816284,37.14564827257727,4.638539791107178,5.825807571411133
95,grass-seam,ABL-ET2X-R-PreviousRawEdge-CatmullRomRGB-Fixed080,2.1715686321258545,36.07335556467098,4.452078819274902,5.153254985809326
96,seams,O-T2X-R,1.4957194328308105,37.69755821308702,1.7475101947784424,2.4008095264434814
96,seams,ABL-ET2X-R-PreviousRawEdge-CatmullRomRGB,1.2550455331802368,37.713690657405024,1.80937922000885,1.748597502708435
96,seams,ABL-ET2X-R-PreviousRawEdge-CatmullRomRGB-Fixed080,1.3553873300552368,37.524249485633206,1.7136074304580688,1.5921521186828613
96,thin-seam,O-T2X-R,1.6630316972732544,37.94811328359958,2.065422296524048,2.783018112182617
96,thin-seam,ABL-ET2X-R-PreviousRawEdge-CatmullRomRGB,1.1280924081802368,41.093627388579314,2.1792924404144287,2.274604558944702
96,thin-seam,ABL-ET2X-R-PreviousRawEdge-CatmullRomRGB-Fixed080,1.2547743320465088,40.281648038228106,2.0074033737182617,1.9568729400634766
96,leaves,O-T2X-R,3.396777391433716,32.351967919041094,8.184565544128418,10.243149757385254
96,leaves,ABL-ET2X-R-PreviousRawEdge-CatmullRomRGB,3.1846354007720947,32.402843622420114,8.877567291259766,12.194093704223633
96,leaves,ABL-ET2X-R-PreviousRawEdge-CatmullRomRGB-Fixed080,3.6674153804779053,31.722354659598714,7.804872035980225,9.723894119262695
96,grass-seam,O-T2X-R,2.108811378479004,36.938321559351905,4.400999069213867,4.597440242767334
96,grass-seam,ABL-ET2X-R-PreviousRawEdge-CatmullRomRGB,1.7587145566940308,38.17669816253981,4.583008289337158,5.467744827270508
96,grass-seam,ABL-ET2X-R-PreviousRawEdge-CatmullRomRGB-Fixed080,2.1396756172180176,36.514224468825695,4.456744194030762,4.952321529388428
97,seams,O-T2X-R,1.5468913316726685,35.161878268578334,1.639245629310608,1.4646230936050415
97,seams,ABL-ET2X-R-PreviousRawEdge-CatmullRomRGB,1.2720052003860474,37.74411837433,1.7171821594238281,1.8947960138320923
97,seams,ABL-ET2X-R-PreviousRawEdge-CatmullRomRGB-Fixed080,1.3331217765808105,37.883276782696285,1.5736654996871948,1.6596225500106812
97,thin-seam,O-T2X-R,1.3220486640930176,41.00417508565233,1.9452317953109741,1.7571873664855957
97,thin-seam,ABL-ET2X-R-PreviousRawEdge-CatmullRomRGB,1.0756293535232544,41.09665838360601,1.9941686391830444,2.1434125900268555
97,thin-seam,ABL-ET2X-R-PreviousRawEdge-CatmullRomRGB-Fixed080,1.2324761152267456,40.05040771889802,1.801919937133789,1.8574308156967163
97,leaves,O-T2X-R,3.758268117904663,31.392893449127477,8.008598327636719,11.496798515319824
97,leaves,ABL-ET2X-R-PreviousRawEdge-CatmullRomRGB,3.1366374492645264,32.51346186875438,8.81921100616455,12.139659881591797
97,leaves,ABL-ET2X-R-PreviousRawEdge-CatmullRomRGB-Fixed080,3.6547200679779053,31.73076361896145,7.831377983093262,9.741900444030762
97,grass-seam,O-T2X-R,2.1748366355895996,36.41956779279147,4.470550060272217,5.4662981033325195
97,grass-seam,ABL-ET2X-R-PreviousRawEdge-CatmullRomRGB,1.71677565574646,38.449231208921724,4.650701999664307,5.4605607986450195
97,grass-seam,ABL-ET2X-R-PreviousRawEdge-CatmullRomRGB-Fixed080,2.0911402702331543,36.66667051988519,4.47670841217041,4.9039812088012695
98,seams,O-T2X-R,1.5859863758087158,35.7137525533115,1.599574327468872,2.436840772628784
98,seams,ABL-ET2X-R-PreviousRawEdge-CatmullRomRGB,1.2985514402389526,37.39428234717468,1.5272696018218994,1.8672529458999634
98,seams,ABL-ET2X-R-PreviousRawEdge-CatmullRomRGB-Fixed080,1.3978677988052368,36.942056790406575,1.4201757907867432,1.618173360824585
98,thin-seam,O-T2X-R,1.4999457597732544,38.3773184249013,1.8914674520492554,2.752513885498047
98,thin-seam,ABL-ET2X-R-PreviousRawEdge-CatmullRomRGB,1.1424154043197632,40.49094538540984,1.8539592027664185,2.085306167602539
98,thin-seam,ABL-ET2X-R-PreviousRawEdge-CatmullRomRGB-Fixed080,1.2414822578430176,39.78223692889813,1.6693745851516724,1.7579408884048462
98,leaves,O-T2X-R,3.3514974117279053,32.3483673637425,7.863587856292725,10.086530685424805
98,leaves,ABL-ET2X-R-PreviousRawEdge-CatmullRomRGB,3.182340383529663,32.378374164705875,8.829712867736816,12.185723304748535
98,leaves,ABL-ET2X-R-PreviousRawEdge-CatmullRomRGB-Fixed080,3.635270118713379,31.68132827342219,7.8386359214782715,9.797303199768066
98,grass-seam,O-T2X-R,1.9607843160629272,37.42584182217536,4.336104869842529,5.115483283996582
98,grass-seam,ABL-ET2X-R-PreviousRawEdge-CatmullRomRGB,1.802045464515686,37.83986029582617,4.727270126342773,5.914076805114746
98,grass-seam,ABL-ET2X-R-PreviousRawEdge-CatmullRomRGB-Fixed080,2.0830912590026855,36.551718409659365,4.506955623626709,5.157676696777344
99,seams,O-T2X-R,1.5121744871139526,36.97631290209523,1.5687577724456787,1.3554140329360962
99,seams,ABL-ET2X-R-PreviousRawEdge-CatmullRomRGB,1.2537760734558105,37.230810027416815,1.5257494449615479,1.6782376766204834
99,seams,ABL-ET2X-R-PreviousRawEdge-CatmullRomRGB-Fixed080,1.3485026359558105,36.8075520722096,1.4122095108032227,1.4330371618270874
99,thin-seam,O-T2X-R,1.5239800214767456,38.14080544406504,1.7215614318847656,1.5059841871261597
99,thin-seam,ABL-ET2X-R-PreviousRawEdge-CatmullRomRGB,1.0037435293197632,42.29092135877403,1.9447988271713257,2.2352294921875
99,thin-seam,ABL-ET2X-R-PreviousRawEdge-CatmullRomRGB-Fixed080,1.1348198652267456,40.83829951923079,1.6861389875411987,1.805463433265686
99,leaves,O-T2X-R,3.7301595211029053,31.565499930212763,7.8254194259643555,11.450841903686523
99,leaves,ABL-ET2X-R-PreviousRawEdge-CatmullRomRGB,3.1876463890075684,32.36162483294637,8.883050918579102,12.33191967010498
99,leaves,ABL-ET2X-R-PreviousRawEdge-CatmullRomRGB-Fixed080,3.645052194595337,31.635676994013476,7.8416748046875,9.852849960327148
99,grass-seam,O-T2X-R,2.068445920944214,37.17946480275075,4.1110615730285645,5.818149089813232
99,grass-seam,ABL-ET2X-R-PreviousRawEdge-CatmullRomRGB,1.839990258216858,37.31553152713772,4.7254719734191895,6.2318267822265625
99,grass-seam,ABL-ET2X-R-PreviousRawEdge-CatmullRomRGB-Fixed080,2.0596706867218018,36.386005798100655,4.456038951873779,5.326766014099121
100,seams,O-T2X-R,1.5424968004226685,36.01393938708004,1.6513868570327759,2.556570053100586
100,seams,ABL-ET2X-R-PreviousRawEdge-CatmullRomRGB,1.340576171875,36.847981938688584,1.7102553844451904,1.860531210899353
100,seams,ABL-ET2X-R-PreviousRawEdge-CatmullRomRGB-Fixed080,1.3319823741912842,37.27884945203173,1.5235767364501953,1.5546678304672241
100,thin-seam,O-T2X-R,1.3578559160232544,39.816177575836846,1.882014274597168,2.8257358074188232
100,thin-seam,ABL-ET2X-R-PreviousRawEdge-CatmullRomRGB,1.0967339277267456,40.18283652434192,1.9040809869766235,1.943219780921936
100,thin-seam,ABL-ET2X-R-PreviousRawEdge-CatmullRomRGB-Fixed080,1.1244574785232544,40.40947517252437,1.668209195137024,1.55868661403656
100,leaves,O-T2X-R,3.3045897483825684,32.422965445450245,8.213491439819336,10.29284954071045
100,leaves,ABL-ET2X-R-PreviousRawEdge-CatmullRomRGB,3.2291502952575684,32.18289971175225,9.003705978393555,12.482097625732422
100,leaves,ABL-ET2X-R-PreviousRawEdge-CatmullRomRGB-Fixed080,3.626253366470337,31.625102464846982,7.875373840332031,9.921209335327148
100,grass-seam,O-T2X-R,2.017792224884033,37.205872002509516,4.5462117195129395,4.891936302185059
100,grass-seam,ABL-ET2X-R-PreviousRawEdge-CatmullRomRGB,1.874061942100525,36.87887425977298,4.580885410308838,5.88762092590332
100,grass-seam,ABL-ET2X-R-PreviousRawEdge-CatmullRomRGB-Fixed080,2.073650360107422,36.131313655455514,4.404575347900391,5.19049072265625
101,seams,O-T2X-R,1.48291015625,36.580914658643465,1.6507211923599243,1.3655118942260742
101,seams,ABL-ET2X-R-PreviousRawEdge-CatmullRomRGB,1.3330403566360474,36.929822138549206,1.683020830154419,1.9376739263534546
101,seams,ABL-ET2X-R-PreviousRawEdge-CatmullRomRGB-Fixed080,1.3159016370773315,37.436595427805756,1.5583893060684204,1.6273736953735352
101,thin-seam,O-T2X-R,1.4788954257965088,36.74902776781552,2.06241774559021,1.4910212755203247
101,thin-seam,ABL-ET2X-R-PreviousRawEdge-CatmullRomRGB,1.2191298007965088,39.07848578123777,1.817574143409729,1.8941112756729126
101,thin-seam,ABL-ET2X-R-PreviousRawEdge-CatmullRomRGB-Fixed080,1.18212890625,40.39226805118925,1.6567187309265137,1.5518732070922852
101,leaves,O-T2X-R,3.695816993713379,31.573682066286985,7.986264228820801,11.639432907104492
101,leaves,ABL-ET2X-R-PreviousRawEdge-CatmullRomRGB,3.2223470211029053,32.20760260971912,9.005853652954102,12.599627494812012
101,leaves,ABL-ET2X-R-PreviousRawEdge-CatmullRomRGB-Fixed080,3.6038248538970947,31.634535007543686,7.931678771972656,10.051473617553711
101,grass-seam,O-T2X-R,2.1915395259857178,36.41029092000526,4.223102569580078,5.569494724273682
101,grass-seam,ABL-ET2X-R-PreviousRawEdge-CatmullRomRGB,1.878600835800171,36.909180317543886,4.694213390350342,5.615881443023682
101,grass-seam,ABL-ET2X-R-PreviousRawEdge-CatmullRomRGB-Fixed080,2.087146043777466,36.12364148380459,4.481941223144531,5.0594964027404785
102,seams,O-T2X-R,1.6562174558639526,36.07866986372336,1.645961046218872,2.5634922981262207
102,seams,ABL-ET2X-R-PreviousRawEdge-CatmullRomRGB,1.3398926258087158,36.769540794207394,1.4412052631378174,1.6242166757583618
102,seams,ABL-ET2X-R-PreviousRawEdge-CatmullRomRGB-Fixed080,1.311621069908142,37.855263735014745,1.412698745727539,1.4897353649139404
102,thin-seam,O-T2X-R,1.6695963144302368,37.049318683466666,2.0337865352630615,3.140388250350952
102,thin-seam,ABL-ET2X-R-PreviousRawEdge-CatmullRomRGB,1.2609049081802368,37.94635164543927,1.7048488855361938,1.8783472776412964
102,thin-seam,ABL-ET2X-R-PreviousRawEdge-CatmullRomRGB-Fixed080,1.1618380546569824,39.91848249356999,1.640889286994934,1.6830030679702759
102,leaves,O-T2X-R,3.3646321296691895,32.23102592263245,7.984259605407715,10.1315336227417
102,leaves,ABL-ET2X-R-PreviousRawEdge-CatmullRomRGB,3.3075358867645264,32.083462530761736,8.886314392089844,12.319601058959961
102,leaves,ABL-ET2X-R-PreviousRawEdge-CatmullRomRGB-Fixed080,3.639371633529663,31.59578462469195,7.933503150939941,9.99267292022705
102,grass-seam,O-T2X-R,1.996550440788269,37.14108382321612,4.3569231033325195,4.660640716552734
102,grass-seam,ABL-ET2X-R-PreviousRawEdge-CatmullRomRGB,1.906741738319397,37.12020747346331,4.617886066436768,5.587770938873291
102,grass-seam,ABL-ET2X-R-PreviousRawEdge-CatmullRomRGB-Fixed080,2.151597738265991,36.013351280010625,4.486021518707275,5.043525218963623
103,seams,O-T2X-R,1.3749674558639526,39.14759498117646,1.602468729019165,1.5659316778182983
103,seams,ABL-ET2X-R-PreviousRawEdge-CatmullRomRGB,1.1802246570587158,38.986660763196674,1.8148937225341797,1.9494922161102295
103,seams,ABL-ET2X-R-PreviousRawEdge-CatmullRomRGB-Fixed080,1.2490397691726685,38.69801820888131,1.5585600137710571,1.6094824075698853
103,thin-seam,O-T2X-R,1.4577364921569824,38.450958132494556,1.9408397674560547,1.6511521339416504
103,thin-seam,ABL-ET2X-R-PreviousRawEdge-CatmullRomRGB,1.1510958671569824,39.31140343586508,2.098644495010376,2.0556509494781494
103,thin-seam,ABL-ET2X-R-PreviousRawEdge-CatmullRomRGB-Fixed080,1.18115234375,40.58187935351661,1.757044792175293,1.646225094795227
103,leaves,O-T2X-R,3.738753318786621,31.41789819952576,7.846926212310791,11.285089492797852
103,leaves,ABL-ET2X-R-PreviousRawEdge-CatmullRomRGB,3.268310546875,32.19111221977254,8.762004852294922,12.050490379333496
103,leaves,ABL-ET2X-R-PreviousRawEdge-CatmullRomRGB-Fixed080,3.648648977279663,31.564692572633483,7.859354496002197,9.84680461883545
103,grass-seam,O-T2X-R,2.187121868133545,36.15047864329923,4.289018630981445,5.544921398162842
103,grass-seam,ABL-ET2X-R-PreviousRawEdge-CatmullRomRGB,1.9803920984268188,36.75514193916082,4.708297252655029,5.811042785644531
103,grass-seam,ABL-ET2X-R-PreviousRawEdge-CatmullRomRGB-Fixed080,2.210179090499878,35.71313251080589,4.505366325378418,5.177518844604492
104,seams,O-T2X-R,1.43115234375,37.75936711483743,1.722214698791504,2.553468704223633
104,seams,ABL-ET2X-R-PreviousRawEdge-CatmullRomRGB,1.2841796875,37.74763743656624,1.7247291803359985,2.0475142002105713
104,seams,ABL-ET2X-R-PreviousRawEdge-CatmullRomRGB-Fixed080,1.2802897691726685,37.74018195141708,1.5746742486953735,1.6843678951263428
104,thin-seam,O-T2X-R,1.3805880546569824,40.154508494301865,2.0513343811035156,2.9662301540374756
104,thin-seam,ABL-ET2X-R-PreviousRawEdge-CatmullRomRGB,1.1260850429534912,42.38157791527029,2.151280641555786,2.4553229808807373
104,thin-seam,ABL-ET2X-R-PreviousRawEdge-CatmullRomRGB-Fixed080,1.2038846015930176,41.20280085464628,1.7998971939086914,1.8300347328186035
104,leaves,O-T2X-R,3.305452585220337,32.45553752399416,8.027122497558594,10.10248851776123
104,leaves,ABL-ET2X-R-PreviousRawEdge-CatmullRomRGB,3.2549479007720947,32.113838363352,8.800752639770508,12.117169380187988
104,leaves,ABL-ET2X-R-PreviousRawEdge-CatmullRomRGB-Fixed080,3.6679036617279053,31.459418676347042,7.824010372161865,9.786508560180664
104,grass-seam,O-T2X-R,1.9656257629394531,37.51802414158633,4.380666255950928,4.900179386138916
104,grass-seam,ABL-ET2X-R-PreviousRawEdge-CatmullRomRGB,1.9532195329666138,36.79513240753967,4.80919885635376,6.11643648147583
104,grass-seam,ABL-ET2X-R-PreviousRawEdge-CatmullRomRGB-Fixed080,2.211268424987793,35.55171547159152,4.57249116897583,5.35460090637207
105,seams,O-T2X-R,1.4923990964889526,36.688442520317075,1.5641958713531494,1.5197644233703613
105,seams,ABL-ET2X-R-PreviousRawEdge-CatmullRomRGB,1.2594726085662842,38.45918894848171,1.64205801486969,1.965196967124939
105,seams,ABL-ET2X-R-PreviousRawEdge-CatmullRomRGB-Fixed080,1.3466308116912842,37.84349116991447,1.4817590713500977,1.6874068975448608
105,thin-seam,O-T2X-R,1.4337022304534912,37.27568046744815,1.7359346151351929,1.5434318780899048
105,thin-seam,ABL-ET2X-R-PreviousRawEdge-CatmullRomRGB,1.2845594882965088,39.324782457574486,2.0034587383270264,2.3573198318481445
105,thin-seam,ABL-ET2X-R-PreviousRawEdge-CatmullRomRGB-Fixed080,1.3265516757965088,38.77717557725569,1.8294235467910767,2.0039350986480713
105,leaves,O-T2X-R,3.686263084411621,31.627706065681313,7.963377952575684,11.632207870483398
105,leaves,ABL-ET2X-R-PreviousRawEdge-CatmullRomRGB,3.2783854007720947,32.01287574150426,8.920363426208496,12.254284858703613
105,leaves,ABL-ET2X-R-PreviousRawEdge-CatmullRomRGB-Fixed080,3.6885416507720947,31.459427946346473,7.867388725280762,9.759273529052734
105,grass-seam,O-T2X-R,2.1921448707580566,36.379872235411895,4.370243549346924,5.821854591369629
105,grass-seam,ABL-ET2X-R-PreviousRawEdge-CatmullRomRGB,2.017550230026245,36.50152692667358,4.773406982421875,6.031881809234619
105,grass-seam,ABL-ET2X-R-PreviousRawEdge-CatmullRomRGB-Fixed080,2.243645668029785,35.62234125254739,4.556406497955322,5.279481887817383
106,seams,O-T2X-R,1.6388834714889526,35.048700559806356,1.6231130361557007,2.4883975982666016
106,seams,ABL-ET2X-R-PreviousRawEdge-CatmullRomRGB,1.2105631828308105,39.045490999677284,1.6554944515228271,1.7697197198867798
106,seams,ABL-ET2X-R-PreviousRawEdge-CatmullRomRGB-Fixed080,1.300683617591858,38.10479850638241,1.541271686553955,1.4981443881988525
106,thin-seam,O-T2X-R,1.5504014492034912,37.49700658258628,1.815707802772522,2.7319908142089844
106,thin-seam,ABL-ET2X-R-PreviousRawEdge-CatmullRomRGB,1.1470811367034912,40.34297331349408,1.8505970239639282,2.043555498123169
106,thin-seam,ABL-ET2X-R-PreviousRawEdge-CatmullRomRGB-Fixed080,1.2287869453430176,39.457498546335344,1.6983118057250977,1.7707306146621704
106,leaves,O-T2X-R,3.3238282203674316,32.3879809802232,8.135269165039062,10.464513778686523
106,leaves,ABL-ET2X-R-PreviousRawEdge-CatmullRomRGB,3.267545461654663,32.02959008747567,8.95457935333252,12.48767375946045
106,leaves,ABL-ET2X-R-PreviousRawEdge-CatmullRomRGB-Fixed080,3.627962350845337,31.54704024162802,7.896389961242676,9.968381881713867
106,grass-seam,O-T2X-R,2.110748052597046,36.5082510193582,4.551384449005127,5.172867298126221
106,grass-seam,ABL-ET2X-R-PreviousRawEdge-CatmullRomRGB,1.9991527795791626,36.372976064328704,4.667584419250488,5.845336437225342
106,grass-seam,ABL-ET2X-R-PreviousRawEdge-CatmullRomRGB-Fixed080,2.236807107925415,35.68688249022325,4.487179756164551,5.228163719177246
107,seams,O-T2X-R,1.6029784679412842,36.12237084304792,1.572355031967163,1.3225388526916504
107,seams,ABL-ET2X-R-PreviousRawEdge-CatmullRomRGB,1.2854492664337158,38.246590409199825,1.6264511346817017,1.969997763633728
107,seams,ABL-ET2X-R-PreviousRawEdge-CatmullRomRGB-Fixed080,1.3056803941726685,37.78757617496482,1.5043177604675293,1.701083779335022
107,thin-seam,O-T2X-R,1.5242513418197632,38.406744950279545,1.7736440896987915,1.319520115852356
107,thin-seam,ABL-ET2X-R-PreviousRawEdge-CatmullRomRGB,1.1812065839767456,40.87639510363956,1.896741509437561,2.1675970554351807
107,thin-seam,ABL-ET2X-R-PreviousRawEdge-CatmullRomRGB-Fixed080,1.2634005546569824,39.650269618965794,1.6539617776870728,1.7591558694839478
107,leaves,O-T2X-R,3.6690754890441895,31.524208329764324,7.866384029388428,11.607136726379395
107,leaves,ABL-ET2X-R-PreviousRawEdge-CatmullRomRGB,3.251253366470337,32.157085781243225,8.80124282836914,12.378450393676758
107,leaves,ABL-ET2X-R-PreviousRawEdge-CatmullRomRGB-Fixed080,3.6160969734191895,31.608726017026353,7.855907440185547,9.946501731872559
107,grass-seam,O-T2X-R,2.180283308029175,36.5336313926148,4.261016845703125,5.7103142738342285
107,grass-seam,ABL-ET2X-R-PreviousRawEdge-CatmullRomRGB,1.9522513151168823,36.59247040674265,4.723041534423828,5.8410491943359375
107,grass-seam,ABL-ET2X-R-PreviousRawEdge-CatmullRomRGB-Fixed080,2.195836305618286,35.82739674595755,4.544233322143555,5.201342582702637
108,seams,O-T2X-R,1.5106607675552368,37.93428002523206,1.8393890857696533,2.692517042160034
108,seams,ABL-ET2X-R-PreviousRawEdge-CatmullRomRGB,1.328515648841858,38.69084749722545,1.7558910846710205,2.02734112739563
108,seams,ABL-ET2X-R-PreviousRawEdge-CatmullRomRGB-Fixed080,1.3925455808639526,38.04272347113505,1.5410888195037842,1.6752758026123047
108,thin-seam,O-T2X-R,1.4370659589767456,39.79283009716241,2.080256700515747,3.016192674636841
108,thin-seam,ABL-ET2X-R-PreviousRawEdge-CatmullRomRGB,1.3125542402267456,40.28014021388743,2.071826934814453,2.243014335632324
108,thin-seam,ABL-ET2X-R-PreviousRawEdge-CatmullRomRGB-Fixed080,1.4134114980697632,38.96152552943675,1.8179866075515747,1.7975349426269531
108,leaves,O-T2X-R,3.291308641433716,32.54866877128765,7.995234489440918,10.077592849731445
108,leaves,ABL-ET2X-R-PreviousRawEdge-CatmullRomRGB,3.256640672683716,32.04186067225831,8.734224319458008,12.067556381225586
108,leaves,ABL-ET2X-R-PreviousRawEdge-CatmullRomRGB-Fixed080,3.6280760765075684,31.52209174875978,7.790824890136719,9.868659019470215
108,grass-seam,O-T2X-R,1.9779714345932007,37.637703492092086,4.540276050567627,4.872221946716309
108,grass-seam,ABL-ET2X-R-PreviousRawEdge-CatmullRomRGB,1.9001452922821045,36.91887245900352,4.5675835609436035,5.763683795928955
108,grass-seam,ABL-ET2X-R-PreviousRawEdge-CatmullRomRGB-Fixed080,2.150871515274048,35.86880549072097,4.396145343780518,5.169981956481934
109,seams,O-T2X-R,1.453369140625,37.71353000288641,1.7056396007537842,1.4929637908935547
109,seams,ABL-ET2X-R-PreviousRawEdge-CatmullRomRGB,1.3060383796691895,38.65477045263301,1.868384599685669,2.1291143894195557
109,seams,ABL-ET2X-R-PreviousRawEdge-CatmullRomRGB-Fixed080,1.3760579824447632,37.79747572447495,1.6995820999145508,1.7154827117919922
109,thin-seam,O-T2X-R,1.5955404043197632,36.11422212522229,2.1164982318878174,1.6894969940185547
109,thin-seam,ABL-ET2X-R-PreviousRawEdge-CatmullRomRGB,1.2976346015930176,39.48183951868696,2.1848304271698,2.548967123031616
109,thin-seam,ABL-ET2X-R-PreviousRawEdge-CatmullRomRGB-Fixed080,1.3395181894302368,38.947626113858355,1.9176535606384277,2.0167667865753174
109,leaves,O-T2X-R,3.637906789779663,31.74379440414647,7.878118991851807,11.294685363769531
109,leaves,ABL-ET2X-R-PreviousRawEdge-CatmullRomRGB,3.2111165523529053,32.17840566234279,8.795902252197266,12.04712963104248
109,leaves,ABL-ET2X-R-PreviousRawEdge-CatmullRomRGB-Fixed080,3.601855516433716,31.661191813866864,7.8312811851501465,9.769247055053711
109,grass-seam,O-T2X-R,2.1344106197357178,36.56694653026285,4.182382583618164,5.512534141540527
109,grass-seam,ABL-ET2X-R-PreviousRawEdge-CatmullRomRGB,1.899721622467041,37.03977656146526,4.623937129974365,5.678921699523926
109,grass-seam,ABL-ET2X-R-PreviousRawEdge-CatmullRomRGB-Fixed080,2.142338514328003,35.987746782546715,4.425566673278809,5.067172050476074
110,seams,O-T2X-R,1.568994164466858,37.36801600960047,1.8162380456924438,2.622979164123535
110,seams,ABL-ET2X-R-PreviousRawEdge-CatmullRomRGB,1.318457007408142,37.76959313067918,1.6065438985824585,1.9212278127670288
110,seams,ABL-ET2X-R-PreviousRawEdge-CatmullRomRGB-Fixed080,1.3318359851837158,37.64635507692561,1.5671906471252441,1.71636962890625
110,thin-seam,O-T2X-R,1.6626518964767456,37.31514122750785,2.1722769737243652,3.251960515975952
110,thin-seam,ABL-ET2X-R-PreviousRawEdge-CatmullRomRGB,1.2883572578430176,38.2588958075753,1.8624919652938843,2.1131365299224854
110,thin-seam,ABL-ET2X-R-PreviousRawEdge-CatmullRomRGB-Fixed080,1.32666015625,38.085915284452895,1.7825106382369995,1.8630565404891968
110,leaves,O-T2X-R,3.29931640625,32.371539468001636,8.037879943847656,10.193634986877441
110,leaves,ABL-ET2X-R-PreviousRawEdge-CatmullRomRGB,3.174999952316284,32.322808256469024,8.840459823608398,12.185370445251465
110,leaves,ABL-ET2X-R-PreviousRawEdge-CatmullRomRGB-Fixed080,3.551220655441284,31.804199713066165,7.827689170837402,9.804048538208008
110,grass-seam,O-T2X-R,1.8948196172714233,37.9204626727929,4.376059532165527,4.726834297180176
110,grass-seam,ABL-ET2X-R-PreviousRawEdge-CatmullRomRGB,1.8533648252487183,37.18711427974355,4.623968124389648,5.805808067321777
110,grass-seam,ABL-ET2X-R-PreviousRawEdge-CatmullRomRGB-Fixed080,2.0740740299224854,36.26402858771109,4.398038387298584,5.1196818351745605
111,seams,O-T2X-R,1.538818359375,37.363144564637466,1.5465481281280518,1.5569086074829102
111,seams,ABL-ET2X-R-PreviousRawEdge-CatmullRomRGB,1.3448405265808105,38.221421818309935,1.7386945486068726,2.0334839820861816
111,seams,ABL-ET2X-R-PreviousRawEdge-CatmullRomRGB-Fixed080,1.3857910633087158,37.62342100981381,1.5303016901016235,1.73529052734375
111,thin-seam,O-T2X-R,1.6103515625,37.87657159127453,2.118983507156372,1.4837440252304077
111,thin-seam,ABL-ET2X-R-PreviousRawEdge-CatmullRomRGB,1.1301541328430176,40.16142271951622,1.8794325590133667,2.1970787048339844
111,thin-seam,ABL-ET2X-R-PreviousRawEdge-CatmullRomRGB-Fixed080,1.2787543535232544,37.94538040980447,1.624254822731018,1.861478328704834
111,leaves,O-T2X-R,3.655810594558716,31.611973769822463,7.916059970855713,11.54045295715332
111,leaves,ABL-ET2X-R-PreviousRawEdge-CatmullRomRGB,3.1521973609924316,32.29921998465634,8.890787124633789,12.346196174621582
111,leaves,ABL-ET2X-R-PreviousRawEdge-CatmullRomRGB-Fixed080,3.5346028804779053,31.719252712896274,7.877343654632568,9.850152969360352
111,grass-seam,O-T2X-R,2.090958595275879,36.90745497680616,4.272845268249512,5.582200527191162
111,grass-seam,ABL-ET2X-R-PreviousRawEdge-CatmullRomRGB,1.8208061456680298,37.27474753275414,4.707322120666504,5.722916603088379
111,grass-seam,ABL-ET2X-R-PreviousRawEdge-CatmullRomRGB-Fixed080,2.0515007972717285,36.33869196044381,4.45235013961792,5.0162811279296875
112,seams,O-T2X-R,1.4702799320220947,37.18256332854231,1.689123511314392,2.4947850704193115
112,seams,ABL-ET2X-R-PreviousRawEdge-CatmullRomRGB,1.2786458730697632,38.11928287299042,1.7641804218292236,1.9800441265106201
112,seams,ABL-ET2X-R-PreviousRawEdge-CatmullRomRGB-Fixed080,1.3728352785110474,37.186639374916346,1.5993009805679321,1.5810701847076416
112,thin-seam,O-T2X-R,1.3439669609069824,41.05811508557341,2.014820098876953,3.2940514087677
112,thin-seam,ABL-ET2X-R-PreviousRawEdge-CatmullRomRGB,1.2112630605697632,39.047035831124994,1.9393054246902466,2.054816484451294
112,thin-seam,ABL-ET2X-R-PreviousRawEdge-CatmullRomRGB-Fixed080,1.3142361640930176,38.15234561421532,1.703568458557129,1.5896612405776978
112,leaves,O-T2X-R,3.244384765625,32.71024229635192,8.011332511901855,10.199740409851074
112,leaves,ABL-ET2X-R-PreviousRawEdge-CatmullRomRGB,3.124527931213379,32.415116029236934,8.87464714050293,12.342257499694824
112,leaves,ABL-ET2X-R-PreviousRawEdge-CatmullRomRGB-Fixed080,3.518115282058716,31.76511022101525,7.925562381744385,9.929765701293945
112,grass-seam,O-T2X-R,1.9613289833068848,37.62442125390081,4.454785346984863,4.965397834777832
112,grass-seam,ABL-ET2X-R-PreviousRawEdge-CatmullRomRGB,1.7674896717071533,37.56308334849687,4.709734916687012,5.822140693664551
112,grass-seam,ABL-ET2X-R-PreviousRawEdge-CatmullRomRGB-Fixed080,2.043996572494507,36.37436144337696,4.515690326690674,5.1060099601745605
113,seams,O-T2X-R,1.519677758216858,36.24288702566251,1.660818338394165,1.4105241298675537
113,seams,ABL-ET2X-R-PreviousRawEdge-CatmullRomRGB,1.2789387702941895,38.441021449777956,1.7944958209991455,2.0532100200653076
113,seams,ABL-ET2X-R-PreviousRawEdge-CatmullRomRGB-Fixed080,1.3960449695587158,37.64555236757858,1.6024487018585205,1.6683928966522217
113,thin-seam,O-T2X-R,1.5250108242034912,36.47258494922384,1.9490941762924194,1.2769838571548462
113,thin-seam,ABL-ET2X-R-PreviousRawEdge-CatmullRomRGB,1.2648111581802368,40.42163658428034,2.383249282836914,2.553725242614746
113,thin-seam,ABL-ET2X-R-PreviousRawEdge-CatmullRomRGB-Fixed080,1.4482421875,38.11589076026959,1.9971731901168823,1.9491974115371704
113,leaves,O-T2X-R,3.5799152851104736,31.83902116083827,7.899652004241943,11.396032333374023
113,leaves,ABL-ET2X-R-PreviousRawEdge-CatmullRomRGB,3.1653971672058105,32.25341990496571,8.893163681030273,12.275423049926758
113,leaves,ABL-ET2X-R-PreviousRawEdge-CatmullRomRGB-Fixed080,3.531689405441284,31.736436287055806,7.928436279296875,9.999341011047363
113,grass-seam,O-T2X-R,2.1641249656677246,36.39889850652173,4.143896579742432,5.568670749664307
113,grass-seam,ABL-ET2X-R-PreviousRawEdge-CatmullRomRGB,1.8211086988449097,36.81848086694238,4.795436859130859,5.984377861022949
113,grass-seam,ABL-ET2X-R-PreviousRawEdge-CatmullRomRGB-Fixed080,2.078552484512329,35.98056393938866,4.584907054901123,5.370214462280273
114,seams,O-T2X-R,1.5845377445220947,36.31744903718787,1.710444450378418,2.6860623359680176
114,seams,ABL-ET2X-R-PreviousRawEdge-CatmullRomRGB,1.3063313961029053,38.00570611038283,1.738059401512146,1.987891435623169
114,seams,ABL-ET2X-R-PreviousRawEdge-CatmullRomRGB-Fixed080,1.2895833253860474,37.99530005119456,1.5985958576202393,1.7313239574432373
114,thin-seam,O-T2X-R,1.6162109375,36.318827183143256,1.8146257400512695,2.882171630859375
114,thin-seam,ABL-ET2X-R-PreviousRawEdge-CatmullRomRGB,1.1233724355697632,39.88980820129175,1.9660743474960327,2.391383409500122
114,thin-seam,ABL-ET2X-R-PreviousRawEdge-CatmullRomRGB-Fixed080,1.1648763418197632,39.3966527522003,1.8641551733016968,2.0799732208251953
114,leaves,O-T2X-R,3.2566895484924316,32.4836711702868,8.113645553588867,10.296722412109375
114,leaves,ABL-ET2X-R-PreviousRawEdge-CatmullRomRGB,3.174788475036621,32.06457799371072,8.965578079223633,12.61347484588623
114,leaves,ABL-ET2X-R-PreviousRawEdge-CatmullRomRGB-Fixed080,3.537548780441284,31.59677036948311,7.971619606018066,10.201645851135254
114,grass-seam,O-T2X-R,1.9596344232559204,37.37742396070879,4.480838298797607,4.615520477294922
114,grass-seam,ABL-ET2X-R-PreviousRawEdge-CatmullRomRGB,1.7685185670852661,37.03581216765086,4.643800258636475,5.735821723937988
114,grass-seam,ABL-ET2X-R-PreviousRawEdge-CatmullRomRGB-Fixed080,2.0710482597351074,35.978994542899926,4.505640029907227,5.251466751098633
115,seams,O-T2X-R,1.5718262195587158,37.04814163670681,1.6460378170013428,1.4050581455230713
115,seams,ABL-ET2X-R-PreviousRawEdge-CatmullRomRGB,1.2363932132720947,37.76986602218454,1.7766218185424805,1.9100313186645508
115,seams,ABL-ET2X-R-PreviousRawEdge-CatmullRomRGB-Fixed080,1.2605631351470947,37.60433123134376,1.565652847290039,1.5533732175827026
115,thin-seam,O-T2X-R,1.6128472089767456,37.96670061643256,1.9503613710403442,1.6018195152282715
115,thin-seam,ABL-ET2X-R-PreviousRawEdge-CatmullRomRGB,1.0473090410232544,40.566288182598235,2.038294792175293,2.173571825027466
115,thin-seam,ABL-ET2X-R-PreviousRawEdge-CatmullRomRGB-Fixed080,1.0467122793197632,40.56938567581318,1.7046228647232056,1.7549428939819336
115,leaves,O-T2X-R,3.5517578125,31.863665227864367,7.878262996673584,11.563676834106445
115,leaves,ABL-ET2X-R-PreviousRawEdge-CatmullRomRGB,3.1217448711395264,32.217251211533274,8.895174026489258,12.54606819152832
115,leaves,ABL-ET2X-R-PreviousRawEdge-CatmullRomRGB-Fixed080,3.510530710220337,31.639489006590907,7.968389987945557,10.243841171264648
115,grass-seam,O-T2X-R,2.226882219314575,36.20976938322049,4.221431255340576,5.336490631103516
115,grass-seam,ABL-ET2X-R-PreviousRawEdge-CatmullRomRGB,1.767731785774231,37.644606864792905,4.614908218383789,5.475721836090088
115,grass-seam,ABL-ET2X-R-PreviousRawEdge-CatmullRomRGB-Fixed080,2.0599734783172607,36.43618875299953,4.519415855407715,5.126429080963135
116,seams,O-T2X-R,1.5927083492279053,36.309838779875285,1.7959703207015991,2.5958428382873535
116,seams,ABL-ET2X-R-PreviousRawEdge-CatmullRomRGB,1.3028970956802368,37.78225603876565,1.859626054763794,2.078460693359375
116,seams,ABL-ET2X-R-PreviousRawEdge-CatmullRomRGB-Fixed080,1.3743164539337158,37.90635323863552,1.674695372581482,1.6638309955596924
116,thin-seam,O-T2X-R,1.6153970956802368,37.43349409788813,2.117560863494873,2.979871988296509
116,thin-seam,ABL-ET2X-R-PreviousRawEdge-CatmullRomRGB,1.1722548007965088,40.086777838143576,2.106111526489258,2.2606401443481445
116,thin-seam,ABL-ET2X-R-PreviousRawEdge-CatmullRomRGB-Fixed080,1.2425673007965088,39.557393624173784,1.850572109222412,1.635862946510315
116,leaves,O-T2X-R,3.197998046875,32.64789156196203,8.043116569519043,10.241714477539062
116,leaves,ABL-ET2X-R-PreviousRawEdge-CatmullRomRGB,3.1144042015075684,32.317642753083966,8.877293586730957,12.282125473022461
116,leaves,ABL-ET2X-R-PreviousRawEdge-CatmullRomRGB-Fixed080,3.4873859882354736,31.801775941987525,7.981972694396973,10.140008926391602
116,grass-seam,O-T2X-R,1.995219111442566,37.13489414805568,4.352858066558838,4.824356555938721
116,grass-seam,ABL-ET2X-R-PreviousRawEdge-CatmullRomRGB,1.8003510236740112,37.689272146912884,4.70003080368042,5.7780537605285645
116,grass-seam,ABL-ET2X-R-PreviousRawEdge-CatmullRomRGB-Fixed080,2.0599734783172607,36.61669852591078,4.586217403411865,5.265535831451416
117,seams,O-T2X-R,1.5344401597976685,36.593240372717375,1.7466964721679688,1.5690284967422485
117,seams,ABL-ET2X-R-PreviousRawEdge-CatmullRomRGB,1.3948568105697632,37.31677028280689,1.7742408514022827,2.1539499759674072
117,seams,ABL-ET2X-R-PreviousRawEdge-CatmullRomRGB-Fixed080,1.3932454586029053,37.60205270173809,1.6199991703033447,1.8309961557388306
117,thin-seam,O-T2X-R,1.5134005546569824,35.98877452382693,2.2603070735931396,1.8340030908584595
117,thin-seam,ABL-ET2X-R-PreviousRawEdge-CatmullRomRGB,1.3186306953430176,38.341753044441425,2.0882632732391357,2.4624264240264893
117,thin-seam,ABL-ET2X-R-PreviousRawEdge-CatmullRomRGB-Fixed080,1.2689344882965088,39.14564797427851,1.8961000442504883,2.0496604442596436
117,leaves,O-T2X-R,3.596158742904663,31.730452799108203,7.9577531814575195,11.433433532714844
117,leaves,ABL-ET2X-R-PreviousRawEdge-CatmullRomRGB,3.117968797683716,32.26982290503332,8.894362449645996,12.45103931427002
117,leaves,ABL-ET2X-R-PreviousRawEdge-CatmullRomRGB-Fixed080,3.463818311691284,31.82387215208294,8.002206802368164,10.237199783325195
117,grass-seam,O-T2X-R,2.0965261459350586,36.76916118505699,4.478022575378418,5.915201187133789
117,grass-seam,ABL-ET2X-R-PreviousRawEdge-CatmullRomRGB,1.7272452116012573,38.28966149002008,4.689715385437012,6.123531818389893
117,grass-seam,ABL-ET2X-R-PreviousRawEdge-CatmullRomRGB-Fixed080,1.994069218635559,37.04855579423969,4.48457145690918,5.359565258026123
118,seams,O-T2X-R,1.5745930671691895,37.13369499826895,1.763421654701233,2.7317605018615723
118,seams,ABL-ET2X-R-PreviousRawEdge-CatmullRomRGB,1.3177571296691895,38.542666244652345,1.8925106525421143,2.089540958404541
118,seams,ABL-ET2X-R-PreviousRawEdge-CatmullRomRGB-Fixed080,1.3401693105697632,37.86881833914447,1.6579406261444092,1.6770851612091064
118,thin-seam,O-T2X-R,1.6159939765930176,36.96830452293321,2.090975522994995,3.4475181102752686
118,thin-seam,ABL-ET2X-R-PreviousRawEdge-CatmullRomRGB,1.1706814765930176,40.92194609873722,2.2096893787384033,2.4701309204101562
118,thin-seam,ABL-ET2X-R-PreviousRawEdge-CatmullRomRGB-Fixed080,1.2094184160232544,40.41800443039505,1.9274660348892212,1.9763127565383911
118,leaves,O-T2X-R,3.2705891132354736,32.475028848324094,7.973316192626953,10.248797416687012
118,leaves,ABL-ET2X-R-PreviousRawEdge-CatmullRomRGB,3.142122507095337,32.28207922154421,8.8985595703125,12.497882843017578
118,leaves,ABL-ET2X-R-PreviousRawEdge-CatmullRomRGB-Fixed080,3.471956491470337,31.779758959283313,7.960707187652588,10.184910774230957
118,grass-seam,O-T2X-R,1.9937061071395874,37.2828046529426,4.4738240242004395,5.222306251525879
118,grass-seam,ABL-ET2X-R-PreviousRawEdge-CatmullRomRGB,1.8297022581100464,37.44631319025376,4.810431480407715,6.1316351890563965
118,grass-seam,ABL-ET2X-R-PreviousRawEdge-CatmullRomRGB-Fixed080,2.029109239578247,36.6753655750673,4.53530216217041,5.314462184906006
119,seams,O-T2X-R,1.569482445716858,36.567573273388234,1.7937740087509155,1.5259921550750732
119,seams,ABL-ET2X-R-PreviousRawEdge-CatmullRomRGB,1.4307942390441895,37.828122401869024,1.9458764791488647,2.1383843421936035
119,seams,ABL-ET2X-R-PreviousRawEdge-CatmullRomRGB-Fixed080,1.4975422620773315,37.377241152119964,1.761230230331421,1.7948929071426392
119,thin-seam,O-T2X-R,1.5295138359069824,38.14486939628528,1.9918607473373413,1.377214789390564
119,thin-seam,ABL-ET2X-R-PreviousRawEdge-CatmullRomRGB,1.1570638418197632,41.21970666924508,2.1672897338867188,2.3234238624572754
119,thin-seam,ABL-ET2X-R-PreviousRawEdge-CatmullRomRGB-Fixed080,1.2164713144302368,39.998626282044306,1.906628966331482,1.9280668497085571
119,leaves,O-T2X-R,3.5074055194854736,31.961645277725495,7.871710777282715,11.42495346069336
119,leaves,ABL-ET2X-R-PreviousRawEdge-CatmullRomRGB,3.119352102279663,32.39100917869916,8.925609588623047,12.378413200378418
119,leaves,ABL-ET2X-R-PreviousRawEdge-CatmullRomRGB-Fixed080,3.4473795890808105,31.908843919790378,7.985867977142334,10.122278213500977
119,grass-seam,O-T2X-R,2.1095376014709473,36.883979502657404,4.321556568145752,5.723989009857178
119,grass-seam,ABL-ET2X-R-PreviousRawEdge-CatmullRomRGB,1.7816509008407593,37.73713759108949,4.768738269805908,6.010161399841309
119,grass-seam,ABL-ET2X-R-PreviousRawEdge-CatmullRomRGB-Fixed080,2.0276567935943604,36.71563026794263,4.550700664520264,5.311152458190918
120,seams,O-T2X-R,1.6465657949447632,36.12563936657055,1.8909409046173096,2.870053768157959
120,seams,ABL-ET2X-R-PreviousRawEdge-CatmullRomRGB,1.2692707777023315,38.35022056395926,1.8024320602416992,2.261779308319092
120,seams,ABL-ET2X-R-PreviousRawEdge-CatmullRomRGB-Fixed080,1.3796550035476685,37.1712253666887,1.6458898782730103,1.9325958490371704
120,thin-seam,O-T2X-R,1.61572265625,38.48278008053143,2.354562997817993,3.4203503131866455
120,thin-seam,ABL-ET2X-R-PreviousRawEdge-CatmullRomRGB,1.2705620527267456,38.346157959029135,2.0667266845703125,2.3622496128082275
120,thin-seam,ABL-ET2X-R-PreviousRawEdge-CatmullRomRGB-Fixed080,1.2803276777267456,38.12503466393761,1.8795357942581177,1.9806393384933472
120,leaves,O-T2X-R,3.1822428703308105,32.66007255564726,8.079656600952148,10.25849437713623
120,leaves,ABL-ET2X-R-PreviousRawEdge-CatmullRomRGB,3.1204752922058105,32.45533258540883,9.057710647583008,12.499781608581543
120,leaves,ABL-ET2X-R-PreviousRawEdge-CatmullRomRGB-Fixed080,3.442822217941284,32.01451588325478,8.063886642456055,10.163025856018066
120,grass-seam,O-T2X-R,1.947954535484314,37.39489343587643,4.4514079093933105,4.94135856628418
120,grass-seam,ABL-ET2X-R-PreviousRawEdge-CatmullRomRGB,1.7753570079803467,37.84185166945046,4.826478958129883,5.794261455535889
120,grass-seam,ABL-ET2X-R-PreviousRawEdge-CatmullRomRGB-Fixed080,2.0097434520721436,36.846919532986234,4.6223530769348145,5.1943840980529785
121,seams,O-T2X-R,1.6325032711029053,36.035971827590714,1.6213356256484985,1.560543179512024
121,seams,ABL-ET2X-R-PreviousRawEdge-CatmullRomRGB,1.387304663658142,37.216183460816644,1.7440487146377563,1.8547966480255127
121,seams,ABL-ET2X-R-PreviousRawEdge-CatmullRomRGB-Fixed080,1.3823893070220947,37.187327587233085,1.611901044845581,1.5516016483306885
121,thin-seam,O-T2X-R,1.62255859375,36.80353373678759,1.929085373878479,1.7385082244873047
121,thin-seam,ABL-ET2X-R-PreviousRawEdge-CatmullRomRGB,1.28564453125,38.657810265284645,2.1012589931488037,2.225238561630249
121,thin-seam,ABL-ET2X-R-PreviousRawEdge-CatmullRomRGB-Fixed080,1.3816732168197632,37.84740288927248,1.928270697593689,1.819903016090393
121,leaves,O-T2X-R,3.4832193851470947,32.13400353015757,7.898140907287598,11.44670295715332
121,leaves,ABL-ET2X-R-PreviousRawEdge-CatmullRomRGB,3.1009440422058105,32.58073721755815,9.046365737915039,12.609251976013184
121,leaves,ABL-ET2X-R-PreviousRawEdge-CatmullRomRGB-Fixed080,3.4033203125,32.14709189565408,8.086685180664062,10.2863130569458
121,grass-seam,O-T2X-R,2.0649964809417725,37.11639787926293,4.218774795532227,5.570306777954102
121,grass-seam,ABL-ET2X-R-PreviousRawEdge-CatmullRomRGB,1.7206487655639648,38.190292566404146,4.586001873016357,5.77951192855835
121,grass-seam,ABL-ET2X-R-PreviousRawEdge-CatmullRomRGB-Fixed080,1.967985987663269,37.09636475898997,4.441774845123291,5.1573309898376465
122,seams,O-T2X-R,1.6356770992279053,36.349928151284196,1.9155476093292236,2.647122859954834
122,seams,ABL-ET2X-R-PreviousRawEdge-CatmullRomRGB,1.4126139879226685,36.9563156247858,1.7741444110870361,2.0229671001434326
122,seams,ABL-ET2X-R-PreviousRawEdge-CatmullRomRGB-Fixed080,1.4784505367279053,36.640547964749445,1.5878896713256836,1.6676238775253296
122,thin-seam,O-T2X-R,1.7542318105697632,36.44646307586673,2.299891710281372,3.099109649658203
122,thin-seam,ABL-ET2X-R-PreviousRawEdge-CatmullRomRGB,1.23095703125,38.8293854562094,1.8792794942855835,2.203097105026245
122,thin-seam,ABL-ET2X-R-PreviousRawEdge-CatmullRomRGB-Fixed080,1.3323025703430176,37.933498685120114,1.7168394327163696,1.8629871606826782
122,leaves,O-T2X-R,3.1963703632354736,32.640988424298286,8.105177879333496,10.260296821594238
122,leaves,ABL-ET2X-R-PreviousRawEdge-CatmullRomRGB,3.088671922683716,32.53653403623975,9.066980361938477,12.73595142364502
122,leaves,ABL-ET2X-R-PreviousRawEdge-CatmullRomRGB-Fixed080,3.358593702316284,32.17059508583779,8.110687255859375,10.38239860534668
122,grass-seam,O-T2X-R,1.9935245513916016,37.15537915279484,4.4721879959106445,4.978673934936523
122,grass-seam,ABL-ET2X-R-PreviousRawEdge-CatmullRomRGB,1.8419269323349,37.19132504042861,4.7022600173950195,5.871232032775879
122,grass-seam,ABL-ET2X-R-PreviousRawEdge-CatmullRomRGB-Fixed080,2.028080463409424,36.59462892366203,4.5064473152160645,5.212520599365234
123,seams,O-T2X-R,1.5590331554412842,36.777235482142565,1.7562650442123413,1.591843605041504
123,seams,ABL-ET2X-R-PreviousRawEdge-CatmullRomRGB,1.2394530773162842,38.153808926745754,1.749011754989624,2.001643657684326
123,seams,ABL-ET2X-R-PreviousRawEdge-CatmullRomRGB-Fixed080,1.3648600578308105,36.99001626138011,1.6089426279067993,1.6520382165908813
123,thin-seam,O-T2X-R,1.7341580390930176,35.53538010474894,2.0458643436431885,1.965382695198059
123,thin-seam,ABL-ET2X-R-PreviousRawEdge-CatmullRomRGB,1.1474609375,39.532951875550324,1.874146819114685,2.0541067123413086
123,thin-seam,ABL-ET2X-R-PreviousRawEdge-CatmullRomRGB-Fixed080,1.2569986581802368,38.534133589713534,1.6945934295654297,1.6603401899337769
123,leaves,O-T2X-R,3.456803321838379,32.02437179305246,7.830669403076172,11.3118896484375
123,leaves,ABL-ET2X-R-PreviousRawEdge-CatmullRomRGB,3.0694336891174316,32.62678811994117,8.885324478149414,12.525094985961914
123,leaves,ABL-ET2X-R-PreviousRawEdge-CatmullRomRGB-Fixed080,3.360563039779663,32.18422237650182,8.056234359741211,10.348462104797363
123,grass-seam,O-T2X-R,2.0740134716033936,36.896087068134726,4.208495140075684,5.566802501678467
123,grass-seam,ABL-ET2X-R-PreviousRawEdge-CatmullRomRGB,1.8327281475067139,37.5800902743084,4.668105602264404,5.915424823760986
123,grass-seam,ABL-ET2X-R-PreviousRawEdge-CatmullRomRGB-Fixed080,2.05434513092041,36.73157842234607,4.53097677230835,5.344518184661865
124,seams,O-T2X-R,1.5419270992279053,37.52902820386363,1.8782005310058594,2.79939866065979
124,seams,ABL-ET2X-R-PreviousRawEdge-CatmullRomRGB,1.3028483390808105,37.862906357561315,1.6646064519882202,1.8575092554092407
124,seams,ABL-ET2X-R-PreviousRawEdge-CatmullRomRGB-Fixed080,1.3674153089523315,37.32427800936679,1.5413357019424438,1.581458330154419
124,thin-seam,O-T2X-R,1.736328125,35.65941750647909,2.190580129623413,3.2675092220306396
124,thin-seam,ABL-ET2X-R-PreviousRawEdge-CatmullRomRGB,1.2622612714767456,38.87419848518556,2.031177282333374,2.046647071838379
124,thin-seam,ABL-ET2X-R-PreviousRawEdge-CatmullRomRGB-Fixed080,1.3738607168197632,37.74366978891667,1.8485374450683594,1.6970340013504028
124,leaves,O-T2X-R,3.172119140625,32.73417314939459,8.00212287902832,10.060455322265625
124,leaves,ABL-ET2X-R-PreviousRawEdge-CatmullRomRGB,3.0535807609558105,32.742817956451134,8.725305557250977,12.119351387023926
124,leaves,ABL-ET2X-R-PreviousRawEdge-CatmullRomRGB-Fixed080,3.3626301288604736,32.219164480366324,7.949321746826172,10.093841552734375
124,grass-seam,O-T2X-R,1.9207818508148193,37.473856637378766,4.527709484100342,4.94029426574707
124,grass-seam,ABL-ET2X-R-PreviousRawEdge-CatmullRomRGB,1.827765703201294,37.55810476458006,4.666500568389893,5.778076648712158
124,grass-seam,ABL-ET2X-R-PreviousRawEdge-CatmullRomRGB-Fixed080,2.0407891273498535,36.693657629042335,4.4793477058410645,5.242459297180176
125,seams,O-T2X-R,1.655175805091858,35.678891180209604,1.7237021923065186,1.5549952983856201
125,seams,ABL-ET2X-R-PreviousRawEdge-CatmullRomRGB,1.393798828125,36.05323398404519,1.7850967645645142,1.9237827062606812
125,seams,ABL-ET2X-R-PreviousRawEdge-CatmullRomRGB-Fixed080,1.4760253429412842,35.49314475002354,1.6038192510604858,1.6007713079452515
125,thin-seam,O-T2X-R,1.3861219882965088,39.27881048915792,2.012118339538574,1.818294644355774
125,thin-seam,ABL-ET2X-R-PreviousRawEdge-CatmullRomRGB,1.2317708730697632,38.06105788607254,1.9768848419189453,2.2727608680725098
125,thin-seam,ABL-ET2X-R-PreviousRawEdge-CatmullRomRGB-Fixed080,1.3289930820465088,37.202382198446465,1.7986173629760742,1.9012870788574219
125,leaves,O-T2X-R,3.439257860183716,32.043336013297335,7.6587066650390625,10.972450256347656
125,leaves,ABL-ET2X-R-PreviousRawEdge-CatmullRomRGB,3.052718162536621,32.67241697690796,8.612678527832031,11.936141014099121
125,leaves,ABL-ET2X-R-PreviousRawEdge-CatmullRomRGB-Fixed080,3.399218797683716,32.12366909942813,7.823219299316406,9.889735221862793
125,grass-seam,O-T2X-R,2.0948922634124756,36.629681824908985,4.268077373504639,5.6650872230529785
125,grass-seam,ABL-ET2X-R-PreviousRawEdge-CatmullRomRGB,1.8681917190551758,37.001612288174044,4.617813587188721,5.712998390197754
125,grass-seam,ABL-ET2X-R-PreviousRawEdge-CatmullRomRGB-Fixed080,2.06396746635437,36.40339890620237,4.419584274291992,5.046708106994629
126,seams,O-T2X-R,1.7729980945587158,35.12360444812707,1.833618402481079,2.7521250247955322
126,seams,ABL-ET2X-R-PreviousRawEdge-CatmullRomRGB,1.2118815183639526,39.100557667548905,1.7881786823272705,2.0404319763183594
126,seams,ABL-ET2X-R-PreviousRawEdge-CatmullRomRGB-Fixed080,1.3544921875,37.469243482398674,1.6693397760391235,1.6894985437393188
126,thin-seam,O-T2X-R,1.6671549081802368,36.477766976114914,2.0567827224731445,3.035916328430176
126,thin-seam,ABL-ET2X-R-PreviousRawEdge-CatmullRomRGB,1.1535372734069824,40.58780823313193,2.165194272994995,2.4252779483795166
126,thin-seam,ABL-ET2X-R-PreviousRawEdge-CatmullRomRGB-Fixed080,1.3326822519302368,37.86029077442714,1.8693193197250366,1.9267505407333374
126,leaves,O-T2X-R,3.043994188308716,33.11686975829296,7.858912467956543,9.897677421569824
126,leaves,ABL-ET2X-R-PreviousRawEdge-CatmullRomRGB,3.027392625808716,32.65884535155668,8.731607437133789,12.062701225280762
126,leaves,ABL-ET2X-R-PreviousRawEdge-CatmullRomRGB-Fixed080,3.3682618141174316,32.12028440628559,7.854968070983887,9.817770004272461
126,grass-seam,O-T2X-R,1.964536428451538,37.633482588041566,4.418237686157227,4.808922290802002
126,grass-seam,ABL-ET2X-R-PreviousRawEdge-CatmullRomRGB,1.8565117120742798,37.01051783109447,4.609952449798584,5.483625411987305
126,grass-seam,ABL-ET2X-R-PreviousRawEdge-CatmullRomRGB-Fixed080,2.0551319122314453,36.41053841046898,4.406983852386475,4.876433849334717
127,seams,O-T2X-R,1.4762694835662842,37.898145064949574,1.743826150894165,1.5881096124649048
127,seams,ABL-ET2X-R-PreviousRawEdge-CatmullRomRGB,1.2195638418197632,39.373335157722586,1.761190414428711,1.895531415939331
127,seams,ABL-ET2X-R-PreviousRawEdge-CatmullRomRGB-Fixed080,1.3144205808639526,38.48460487182699,1.6048974990844727,1.6578699350357056
127,thin-seam,O-T2X-R,1.4779731035232544,38.01460901338792,2.0116450786590576,1.7060641050338745
127,thin-seam,ABL-ET2X-R-PreviousRawEdge-CatmullRomRGB,1.0482856035232544,41.141103565318915,2.0984649658203125,2.207979917526245
127,thin-seam,ABL-ET2X-R-PreviousRawEdge-CatmullRomRGB-Fixed080,1.1673177480697632,39.037966976169,1.8807166814804077,1.8020013570785522
127,leaves,O-T2X-R,3.4224772453308105,32.191954963350724,7.904928684234619,11.396443367004395
127,leaves,ABL-ET2X-R-PreviousRawEdge-CatmullRomRGB,2.9841959476470947,32.89124208199051,8.903383255004883,12.394380569458008
127,leaves,ABL-ET2X-R-PreviousRawEdge-CatmullRomRGB-Fixed080,3.307666063308716,32.356096954520915,7.938541412353516,10.01191520690918
127,grass-seam,O-T2X-R,2.171386957168579,36.461973442153585,4.242923736572266,5.485631465911865
127,grass-seam,ABL-ET2X-R-PreviousRawEdge-CatmullRomRGB,1.8327887058258057,37.06841059987169,4.6008524894714355,5.619678020477295
127,grass-seam,ABL-ET2X-R-PreviousRawEdge-CatmullRomRGB-Fixed080,2.0564029216766357,36.417955451499374,4.442103385925293,5.013152122497559
128,seams,O-T2X-R,1.504638671875,36.842661115934604,1.798879861831665,2.6751725673675537
128,seams,ABL-ET2X-R-PreviousRawEdge-CatmullRomRGB,1.368017554283142,36.118704477468214,1.794942855834961,2.0622975826263428
128,seams,ABL-ET2X-R-PreviousRawEdge-CatmullRomRGB-Fixed080,1.3683593273162842,36.15110084523398,1.5970783233642578,1.6617553234100342
128,thin-seam,O-T2X-R,1.5536566972732544,37.78494474238217,2.124272346496582,3.15571665763855
128,thin-seam,ABL-ET2X-R-PreviousRawEdge-CatmullRomRGB,1.12060546875,39.29055031486569,1.9420310258865356,2.176910400390625
128,thin-seam,ABL-ET2X-R-PreviousRawEdge-CatmullRomRGB-Fixed080,1.1979708671569824,38.52370075403848,1.7419229745864868,1.7890061140060425
128,leaves,O-T2X-R,3.1214680671691895,32.872060667968995,8.056727409362793,10.379654884338379
128,leaves,ABL-ET2X-R-PreviousRawEdge-CatmullRomRGB,3.0416667461395264,32.620932481660574,9.008671760559082,12.5855712890625
128,leaves,ABL-ET2X-R-PreviousRawEdge-CatmullRomRGB-Fixed080,3.310839891433716,32.26723141189539,8.041498184204102,10.1878023147583
128,grass-seam,O-T2X-R,2.0089566707611084,37.285183458036954,4.383337497711182,4.768488883972168
128,grass-seam,ABL-ET2X-R-PreviousRawEdge-CatmullRomRGB,1.8269789218902588,37.065448169709036,4.669907569885254,5.630559921264648
128,grass-seam,ABL-ET2X-R-PreviousRawEdge-CatmullRomRGB-Fixed080,2.050290584564209,36.43216962665505,4.487023830413818,5.067595481872559
129,seams,O-T2X-R,1.5722005367279053,36.57017309908801,1.7854318618774414,1.498904824256897
129,seams,ABL-ET2X-R-PreviousRawEdge-CatmullRomRGB,1.3091145753860474,37.8756783213816,1.7313083410263062,1.8949518203735352
129,seams,ABL-ET2X-R-PreviousRawEdge-CatmullRomRGB-Fixed080,1.3314615488052368,37.84298840149366,1.6444110870361328,1.5680782794952393
129,thin-seam,O-T2X-R,1.7363823652267456,35.788242157800866,2.174590826034546,1.6232481002807617
129,thin-seam,ABL-ET2X-R-PreviousRawEdge-CatmullRomRGB,1.0811089277267456,39.93066157841673,2.0885274410247803,2.2118403911590576
129,thin-seam,ABL-ET2X-R-PreviousRawEdge-CatmullRomRGB-Fixed080,1.1330838203430176,39.290242523845315,1.835736632347107,1.7062759399414062
129,leaves,O-T2X-R,3.3651692867279053,32.28141741649593,7.696767330169678,11.283381462097168
129,leaves,ABL-ET2X-R-PreviousRawEdge-CatmullRomRGB,3.0906901359558105,32.47903808905822,8.851573944091797,12.528182983398438
129,leaves,ABL-ET2X-R-PreviousRawEdge-CatmullRomRGB-Fixed080,3.3438963890075684,32.1677880397096,7.9389190673828125,10.254162788391113
129,grass-seam,O-T2X-R,1.990801215171814,37.43953825126146,4.126631736755371,5.4793782234191895
129,grass-seam,ABL-ET2X-R-PreviousRawEdge-CatmullRomRGB,1.839264154434204,37.01944167304671,4.586605548858643,5.587848663330078
129,grass-seam,ABL-ET2X-R-PreviousRawEdge-CatmullRomRGB-Fixed080,2.057431697845459,36.301656854597624,4.423533916473389,5.005558013916016
130,seams,O-T2X-R,1.549707055091858,37.296808570046494,1.9568392038345337,2.9627528190612793
130,seams,ABL-ET2X-R-PreviousRawEdge-CatmullRomRGB,1.380029320716858,37.64143262208519,1.7620426416397095,1.9498211145401
130,seams,ABL-ET2X-R-PreviousRawEdge-CatmullRomRGB-Fixed080,1.4216634035110474,37.84872077544189,1.6435388326644897,1.6856282949447632
130,thin-seam,O-T2X-R,1.6342231035232544,38.20092158681647,2.432396650314331,3.5377092361450195
130,thin-seam,ABL-ET2X-R-PreviousRawEdge-CatmullRomRGB,1.3399522304534912,38.12576436095095,2.0394303798675537,2.199989080429077
130,thin-seam,ABL-ET2X-R-PreviousRawEdge-CatmullRomRGB-Fixed080,1.3649088144302368,38.4567193600732,1.8803688287734985,1.753865361213684
130,leaves,O-T2X-R,3.0663411617279053,33.032515235990736,7.864477634429932,10.020315170288086
130,leaves,ABL-ET2X-R-PreviousRawEdge-CatmullRomRGB,3.0239908695220947,32.65937266371604,8.720367431640625,12.392359733581543
130,leaves,ABL-ET2X-R-PreviousRawEdge-CatmullRomRGB-Fixed080,3.3248698711395264,32.217620976526476,7.893791198730469,10.25397777557373
130,grass-seam,O-T2X-R,1.931312084197998,37.83273795868745,4.467247009277344,4.746082305908203
130,grass-seam,ABL-ET2X-R-PreviousRawEdge-CatmullRomRGB,1.808944582939148,37.20347233555448,4.594241619110107,5.565889835357666
130,grass-seam,ABL-ET2X-R-PreviousRawEdge-CatmullRomRGB-Fixed080,2.067840814590454,36.23483496928491,4.480113506317139,5.039479732513428
131,seams,O-T2X-R,1.6752440929412842,35.226156872733505,1.7873270511627197,1.6120678186416626
131,seams,ABL-ET2X-R-PreviousRawEdge-CatmullRomRGB,1.4830892086029053,35.51340170418331,1.8143984079360962,2.0792136192321777
131,seams,ABL-ET2X-R-PreviousRawEdge-CatmullRomRGB-Fixed080,1.4400715827941895,36.08890595248096,1.6709129810333252,1.75214421749115
131,thin-seam,O-T2X-R,1.5330946445465088,37.53913668080928,2.238879680633545,2.0432779788970947
131,thin-seam,ABL-ET2X-R-PreviousRawEdge-CatmullRomRGB,1.388671875,37.16204278441683,2.1693642139434814,2.4541304111480713
131,thin-seam,ABL-ET2X-R-PreviousRawEdge-CatmullRomRGB-Fixed080,1.3952908515930176,37.7631755976483,1.981247067451477,2.054286241531372
131,leaves,O-T2X-R,3.383268117904663,32.28446617661441,7.676830291748047,11.108174324035645
131,leaves,ABL-ET2X-R-PreviousRawEdge-CatmullRomRGB,3.061539649963379,32.532576835112906,8.631650924682617,12.16504192352295
131,leaves,ABL-ET2X-R-PreviousRawEdge-CatmullRomRGB-Fixed080,3.3390135765075684,32.13749104518405,7.8415093421936035,10.189299583435059
131,grass-seam,O-T2X-R,2.141188621520996,36.56328121567228,4.266071319580078,5.462690830230713
131,grass-seam,ABL-ET2X-R-PreviousRawEdge-CatmullRomRGB,1.8226821422576904,37.25135274422522,4.7053632736206055,5.641494274139404
131,grass-seam,ABL-ET2X-R-PreviousRawEdge-CatmullRomRGB-Fixed080,2.070866584777832,36.320325604722555,4.536465644836426,5.240995407104492
132,seams,O-T2X-R,1.7177083492279053,35.45732162399268,1.9397109746932983,2.822856903076172
132,seams,ABL-ET2X-R-PreviousRawEdge-CatmullRomRGB,1.2235188484191895,39.6971961842551,1.9786388874053955,2.2752318382263184
132,seams,ABL-ET2X-R-PreviousRawEdge-CatmullRomRGB-Fixed080,1.3309407234191895,38.490260213535784,1.7278671264648438,1.8522897958755493
132,thin-seam,O-T2X-R,1.7531466484069824,35.854458226313255,2.302020311355591,3.441650390625
132,thin-seam,ABL-ET2X-R-PreviousRawEdge-CatmullRomRGB,1.2555880546569824,39.57917699520857,2.3459863662719727,2.661188840866089
132,thin-seam,ABL-ET2X-R-PreviousRawEdge-CatmullRomRGB-Fixed080,1.2704535722732544,39.79562933288352,2.0519535541534424,2.1544854640960693
132,leaves,O-T2X-R,3.0845704078674316,32.88005190265321,7.7581467628479,9.978002548217773
132,leaves,ABL-ET2X-R-PreviousRawEdge-CatmullRomRGB,3.0762531757354736,32.35674042992738,8.65748405456543,12.109552383422852
132,leaves,ABL-ET2X-R-PreviousRawEdge-CatmullRomRGB-Fixed080,3.3702635765075684,32.04386012874837,7.858381748199463,10.158079147338867
132,grass-seam,O-T2X-R,1.9012950658798218,37.73778601800671,4.301008224487305,4.723005294799805
132,grass-seam,ABL-ET2X-R-PreviousRawEdge-CatmullRomRGB,1.7506656646728516,37.755034330855594,4.709796905517578,5.816080570220947
132,grass-seam,ABL-ET2X-R-PreviousRawEdge-CatmullRomRGB-Fixed080,2.01180100440979,36.699797364380366,4.51008415222168,5.205968379974365
133,seams,O-T2X-R,1.5562174320220947,36.95676346990138,1.8018443584442139,1.4803540706634521
133,seams,ABL-ET2X-R-PreviousRawEdge-CatmullRomRGB,1.429931640625,37.406577629192405,1.804250717163086,1.9105781316757202
133,seams,ABL-ET2X-R-PreviousRawEdge-CatmullRomRGB-Fixed080,1.4242349863052368,37.51302685970408,1.7509628534317017,1.6719048023223877
133,thin-seam,O-T2X-R,1.6183267831802368,36.915140201531614,1.9061952829360962,1.6952131986618042
133,thin-seam,ABL-ET2X-R-PreviousRawEdge-CatmullRomRGB,1.5881619453430176,35.94294595495281,2.1651270389556885,2.398393392562866
133,thin-seam,ABL-ET2X-R-PreviousRawEdge-CatmullRomRGB-Fixed080,1.5475802421569824,36.55962879909549,1.9911078214645386,2.07255482673645
133,leaves,O-T2X-R,3.3746094703674316,32.21417671643047,7.611361503601074,10.941509246826172
133,leaves,ABL-ET2X-R-PreviousRawEdge-CatmullRomRGB,3.0260417461395264,32.519941153693914,8.651250839233398,12.05286979675293
133,leaves,ABL-ET2X-R-PreviousRawEdge-CatmullRomRGB-Fixed080,3.346695899963379,32.09193643866242,7.87149715423584,10.11737060546875
133,grass-seam,O-T2X-R,2.04472279548645,36.834499714508226,4.24057674407959,5.593770503997803
133,grass-seam,ABL-ET2X-R-PreviousRawEdge-CatmullRomRGB,1.6881505250930786,38.363621850871844,4.554098129272461,5.735489368438721
133,grass-seam,ABL-ET2X-R-PreviousRawEdge-CatmullRomRGB-Fixed080,1.9346405267715454,37.122519856345676,4.371747016906738,5.107113361358643
134,seams,O-T2X-R,1.5741536617279053,37.54568846549684,1.9174554347991943,2.9298627376556396
134,seams,ABL-ET2X-R-PreviousRawEdge-CatmullRomRGB,1.3580728769302368,37.18598525771797,1.8345028162002563,2.1947381496429443
134,seams,ABL-ET2X-R-PreviousRawEdge-CatmullRomRGB-Fixed080,1.4049967527389526,36.78592918681173,1.6717666387557983,1.9432729482650757
134,thin-seam,O-T2X-R,1.6654188632965088,37.35845365599331,2.1320128440856934,3.0894734859466553
134,thin-seam,ABL-ET2X-R-PreviousRawEdge-CatmullRomRGB,1.2901475429534912,38.929350479904954,2.2593774795532227,2.7178328037261963
134,thin-seam,ABL-ET2X-R-PreviousRawEdge-CatmullRomRGB-Fixed080,1.3905707597732544,37.76215810302234,1.914491057395935,2.177257537841797
134,leaves,O-T2X-R,3.033675193786621,33.08769483839018,7.83913516998291,9.83632755279541
134,leaves,ABL-ET2X-R-PreviousRawEdge-CatmullRomRGB,3.005826711654663,32.552513640369966,8.847082138061523,12.05493450164795
134,leaves,ABL-ET2X-R-PreviousRawEdge-CatmullRomRGB-Fixed080,3.321272850036621,32.136800902389865,7.997115135192871,10.107865333557129
134,grass-seam,O-T2X-R,1.9652626514434814,37.35074650258764,4.386904716491699,4.8231306076049805
134,grass-seam,ABL-ET2X-R-PreviousRawEdge-CatmullRomRGB,1.6978939771652222,38.089109709737535,4.67594575881958,5.650505542755127
134,grass-seam,ABL-ET2X-R-PreviousRawEdge-CatmullRomRGB-Fixed080,1.941055417060852,37.03726277198094,4.494782447814941,5.02071475982666
135,seams,O-T2X-R,1.5777018070220947,36.96732728572115,1.7546989917755127,1.609264612197876
135,seams,ABL-ET2X-R-PreviousRawEdge-CatmullRomRGB,1.3826823234558105,38.547993317656484,1.9906432628631592,2.2384684085845947
135,seams,ABL-ET2X-R-PreviousRawEdge-CatmullRomRGB-Fixed080,1.427636742591858,38.09190296363838,1.7976531982421875,1.849517822265625
135,thin-seam,O-T2X-R,1.7739800214767456,35.76865339804294,2.205026865005493,1.6593437194824219
135,thin-seam,ABL-ET2X-R-PreviousRawEdge-CatmullRomRGB,1.5084092617034912,37.35683661810281,2.313060760498047,2.558616876602173
135,thin-seam,ABL-ET2X-R-PreviousRawEdge-CatmullRomRGB-Fixed080,1.5412869453430176,36.940216638857194,2.0597689151763916,2.079103469848633
135,leaves,O-T2X-R,3.3160970211029053,32.43850326827062,7.736297607421875,10.945788383483887
135,leaves,ABL-ET2X-R-PreviousRawEdge-CatmullRomRGB,3.0323405265808105,32.59032907603876,8.890978813171387,12.195594787597656
135,leaves,ABL-ET2X-R-PreviousRawEdge-CatmullRomRGB-Fixed080,3.3172037601470947,32.11834531459634,8.031632423400879,10.153604507446289
135,grass-seam,O-T2X-R,2.00465989112854,37.55159041731671,4.240262031555176,5.355966091156006
135,grass-seam,ABL-ET2X-R-PreviousRawEdge-CatmullRomRGB,1.7572016716003418,37.46782856340456,4.774959564208984,5.684730529785156
135,grass-seam,ABL-ET2X-R-PreviousRawEdge-CatmullRomRGB-Fixed080,1.9665940999984741,36.77183186760261,4.588361740112305,5.103058815002441
136,seams,O-T2X-R,1.691308617591858,35.40172581036639,1.8974319696426392,2.813737154006958
136,seams,ABL-ET2X-R-PreviousRawEdge-CatmullRomRGB,1.481201171875,37.60852865865203,1.7981202602386475,1.9806511402130127
136,seams,ABL-ET2X-R-PreviousRawEdge-CatmullRomRGB-Fixed080,1.546142578125,36.77158713808838,1.7351572513580322,1.7196964025497437
136,thin-seam,O-T2X-R,1.6876084804534912,36.79831216173088,2.3687667846679688,3.614987373352051
136,thin-seam,ABL-ET2X-R-PreviousRawEdge-CatmullRomRGB,1.5322265625,37.10206012873361,2.0510413646698,2.4029524326324463
136,thin-seam,ABL-ET2X-R-PreviousRawEdge-CatmullRomRGB-Fixed080,1.66015625,35.78364197017037,1.9369767904281616,2.0503101348876953
136,leaves,O-T2X-R,3.0706543922424316,32.99517501123558,7.860363006591797,9.992561340332031
136,leaves,ABL-ET2X-R-PreviousRawEdge-CatmullRomRGB,3.0174152851104736,32.71779474911812,8.868115425109863,12.275006294250488
136,leaves,ABL-ET2X-R-PreviousRawEdge-CatmullRomRGB-Fixed080,3.273470163345337,32.27608228235797,8.014017105102539,10.192015647888184
136,grass-seam,O-T2X-R,1.8389010429382324,38.04868924613285,4.443586349487305,4.715780735015869
136,grass-seam,ABL-ET2X-R-PreviousRawEdge-CatmullRomRGB,1.6638222932815552,38.38279793588665,4.54041862487793,5.562521457672119
136,grass-seam,ABL-ET2X-R-PreviousRawEdge-CatmullRomRGB-Fixed080,1.9107964038848877,37.266791553533544,4.432785987854004,5.074505805969238
137,seams,O-T2X-R,1.5398437976837158,36.80789595847371,1.7278430461883545,1.6236499547958374
137,seams,ABL-ET2X-R-PreviousRawEdge-CatmullRomRGB,1.3878905773162842,36.81725730744419,1.7189466953277588,1.9872055053710938
137,seams,ABL-ET2X-R-PreviousRawEdge-CatmullRomRGB-Fixed080,1.44921875,36.59439136158818,1.6358449459075928,1.7750282287597656
137,thin-seam,O-T2X-R,1.6559244394302368,36.618592511043154,1.9364696741104126,1.7565540075302124
137,thin-seam,ABL-ET2X-R-PreviousRawEdge-CatmullRomRGB,1.3608940839767456,37.64511607005363,2.088566303253174,2.36250901222229
137,thin-seam,ABL-ET2X-R-PreviousRawEdge-CatmullRomRGB-Fixed080,1.4571939706802368,37.0607033515774,1.8733564615249634,2.033207654953003
137,leaves,O-T2X-R,3.2784993648529053,32.41888220976137,7.624056816101074,10.756464958190918
137,leaves,ABL-ET2X-R-PreviousRawEdge-CatmullRomRGB,2.9928221702575684,32.71727649055626,8.697713851928711,12.068929672241211
137,leaves,ABL-ET2X-R-PreviousRawEdge-CatmullRomRGB-Fixed080,3.249772071838379,32.40538877872454,7.934640407562256,10.043782234191895
137,grass-seam,O-T2X-R,1.9814209938049316,37.155169393737644,4.265661716461182,5.36332368850708
137,grass-seam,ABL-ET2X-R-PreviousRawEdge-CatmullRomRGB,1.6354998350143433,38.563365454717655,4.591947078704834,5.429765701293945
137,grass-seam,ABL-ET2X-R-PreviousRawEdge-CatmullRomRGB-Fixed080,1.8647421598434448,37.563844422876784,4.425993919372559,4.957550048828125
138,seams,O-T2X-R,1.7756510972976685,34.61838210117976,1.9547134637832642,2.8986377716064453
138,seams,ABL-ET2X-R-PreviousRawEdge-CatmullRomRGB,1.3417479991912842,38.889752803964996,1.9731277227401733,2.1832361221313477
138,seams,ABL-ET2X-R-PreviousRawEdge-CatmullRomRGB-Fixed080,1.4602864980697632,37.511144754474394,1.7423584461212158,1.7870619297027588
138,thin-seam,O-T2X-R,1.8476020097732544,35.60601044535665,2.364335536956787,3.351416826248169
138,thin-seam,ABL-ET2X-R-PreviousRawEdge-CatmullRomRGB,1.2269965410232544,40.42543159453234,2.3130533695220947,2.474506139755249
138,thin-seam,ABL-ET2X-R-PreviousRawEdge-CatmullRomRGB-Fixed080,1.4564344882965088,37.08434046496323,1.9546314477920532,1.8628572225570679
138,leaves,O-T2X-R,3.0293946266174316,33.1107844512121,7.683701515197754,9.698923110961914
138,leaves,ABL-ET2X-R-PreviousRawEdge-CatmullRomRGB,2.9518229961395264,32.8298450484279,8.542859077453613,11.805274963378906
138,leaves,ABL-ET2X-R-PreviousRawEdge-CatmullRomRGB-Fixed080,3.2244465351104736,32.49830342747999,7.814735412597656,9.903666496276855
138,grass-seam,O-T2X-R,1.8379327058792114,38.23868239728719,4.322651386260986,4.751602649688721
138,grass-seam,ABL-ET2X-R-PreviousRawEdge-CatmullRomRGB,1.6580730676651,38.24601705327834,4.68310022354126,5.703006744384766
138,grass-seam,ABL-ET2X-R-PreviousRawEdge-CatmullRomRGB-Fixed080,1.885862946510315,37.42642285573181,4.513394355773926,5.112995624542236
139,seams,O-T2X-R,1.5880208015441895,37.27871567706736,1.8644468784332275,1.5697520971298218
139,seams,ABL-ET2X-R-PreviousRawEdge-CatmullRomRGB,1.3803385496139526,38.218312018445594,1.7597007751464844,1.9273630380630493
139,seams,ABL-ET2X-R-PreviousRawEdge-CatmullRomRGB-Fixed080,1.4827311038970947,37.01997240194873,1.6865332126617432,1.6420923471450806
139,thin-seam,O-T2X-R,1.6012369394302368,38.43094057420442,2.3325564861297607,1.8472453355789185
139,thin-seam,ABL-ET2X-R-PreviousRawEdge-CatmullRomRGB,1.2737088203430176,39.95411858096879,1.9329465627670288,2.048953056335449
139,thin-seam,ABL-ET2X-R-PreviousRawEdge-CatmullRomRGB-Fixed080,1.4672309160232544,37.35240281952422,1.8370343446731567,1.7551913261413574
139,leaves,O-T2X-R,3.310091257095337,32.39274197864524,7.6463799476623535,10.768411636352539
139,leaves,ABL-ET2X-R-PreviousRawEdge-CatmullRomRGB,2.9210774898529053,32.93273959811172,8.55577278137207,11.901815414428711
139,leaves,ABL-ET2X-R-PreviousRawEdge-CatmullRomRGB-Fixed080,3.2123210430145264,32.517073721458786,7.757630825042725,9.902447700500488
139,grass-seam,O-T2X-R,2.0262043476104736,37.26677016787282,4.246253490447998,5.5713934898376465
139,grass-seam,ABL-ET2X-R-PreviousRawEdge-CatmullRomRGB,1.673202633857727,38.2208822208294,4.7112040519714355,5.925194263458252
139,grass-seam,ABL-ET2X-R-PreviousRawEdge-CatmullRomRGB-Fixed080,1.8631081581115723,37.591496187047355,4.5089006423950195,5.2726731300354
140,seams,O-T2X-R,1.645751953125,37.34058774302445,1.820157766342163,2.7602250576019287
140,seams,ABL-ET2X-R-PreviousRawEdge-CatmullRomRGB,1.3447591066360474,38.00410599893939,2.002328395843506,2.257209062576294
140,seams,ABL-ET2X-R-PreviousRawEdge-CatmullRomRGB-Fixed080,1.4569987058639526,37.137027885989234,1.7697017192840576,1.865149736404419
140,thin-seam,O-T2X-R,1.8654513359069824,36.624984776347716,2.3242123126983643,3.493154764175415
140,thin-seam,ABL-ET2X-R-PreviousRawEdge-CatmullRomRGB,1.2000325918197632,40.505575908328055,2.4135324954986572,2.628180742263794
140,thin-seam,ABL-ET2X-R-PreviousRawEdge-CatmullRomRGB-Fixed080,1.31494140625,38.9599571724814,2.026770830154419,2.0442352294921875
140,leaves,O-T2X-R,2.9541015625,33.37806525013957,7.712419033050537,9.918160438537598
140,leaves,ABL-ET2X-R-PreviousRawEdge-CatmullRomRGB,2.921630859375,32.80766295011954,8.52363109588623,12.039158821105957
140,leaves,ABL-ET2X-R-PreviousRawEdge-CatmullRomRGB-Fixed080,3.2198729515075684,32.35804213726462,7.710080146789551,9.914129257202148
140,grass-seam,O-T2X-R,1.962236762046814,37.30482697106561,4.503305435180664,4.928665637969971
140,grass-seam,ABL-ET2X-R-PreviousRawEdge-CatmullRomRGB,1.7256112098693848,37.70118342021132,4.666713237762451,5.733677864074707
140,grass-seam,ABL-ET2X-R-PreviousRawEdge-CatmullRomRGB-Fixed080,1.8931856155395508,37.25133109620409,4.463813781738281,5.128580093383789
141,seams,O-T2X-R,1.6310709714889526,37.255765780894215,1.9101645946502686,1.568172812461853
141,seams,ABL-ET2X-R-PreviousRawEdge-CatmullRomRGB,1.3439615964889526,38.822309413465895,1.777536392211914,2.099557876586914
141,seams,ABL-ET2X-R-PreviousRawEdge-CatmullRomRGB-Fixed080,1.3942545652389526,37.94087873031648,1.7287343740463257,1.725285291671753
141,thin-seam,O-T2X-R,1.6596137285232544,37.61350181037446,2.334506034851074,1.850441813468933
141,thin-seam,ABL-ET2X-R-PreviousRawEdge-CatmullRomRGB,1.3744032382965088,38.71700178195048,2.1966190338134766,2.5228617191314697
141,thin-seam,ABL-ET2X-R-PreviousRawEdge-CatmullRomRGB-Fixed080,1.5514322519302368,36.64987667120602,2.0589687824249268,1.9486926794052124
141,leaves,O-T2X-R,3.230257272720337,32.629677123565386,7.6381354331970215,11.001869201660156
141,leaves,ABL-ET2X-R-PreviousRawEdge-CatmullRomRGB,2.9026856422424316,32.927429123372264,8.672341346740723,12.083627700805664
141,leaves,ABL-ET2X-R-PreviousRawEdge-CatmullRomRGB-Fixed080,3.2033040523529053,32.43550829531984,7.8062591552734375,9.969046592712402
141,grass-seam,O-T2X-R,2.010651111602783,37.19806214041728,4.176497459411621,5.304769515991211
141,grass-seam,ABL-ET2X-R-PreviousRawEdge-CatmullRomRGB,1.684035301208496,38.1434111691354,4.538967132568359,5.4087090492248535
141,grass-seam,ABL-ET2X-R-PreviousRawEdge-CatmullRomRGB-Fixed080,1.900810956954956,37.317035040556675,4.4467692375183105,4.942740440368652
142,seams,O-T2X-R,1.7918620109558105,35.9728929679159,2.0927062034606934,3.0167644023895264
142,seams,ABL-ET2X-R-PreviousRawEdge-CatmullRomRGB,1.3371745347976685,38.084483681554026,1.8263717889785767,1.9967148303985596
142,seams,ABL-ET2X-R-PreviousRawEdge-CatmullRomRGB-Fixed080,1.332373023033142,38.377166314907406,1.7229845523834229,1.7739646434783936
142,thin-seam,O-T2X-R,1.9478081464767456,34.97711871091202,2.5105106830596924,3.4540233612060547
142,thin-seam,ABL-ET2X-R-PreviousRawEdge-CatmullRomRGB,1.2299262285232544,39.31162004837621,2.0083916187286377,2.3135128021240234
142,thin-seam,ABL-ET2X-R-PreviousRawEdge-CatmullRomRGB-Fixed080,1.2554253339767456,39.323697033948086,1.9505220651626587,2.0159006118774414
142,leaves,O-T2X-R,2.867952585220337,33.71468313932776,7.7911224365234375,9.938249588012695
142,leaves,ABL-ET2X-R-PreviousRawEdge-CatmullRomRGB,2.8978352546691895,32.92488723662917,8.704954147338867,12.298505783081055
142,leaves,ABL-ET2X-R-PreviousRawEdge-CatmullRomRGB-Fixed080,3.172818899154663,32.5669816164122,7.819370269775391,10.13550090789795
142,grass-seam,O-T2X-R,1.8700072765350342,38.08598702046021,4.431150436401367,4.551999568939209
142,grass-seam,ABL-ET2X-R-PreviousRawEdge-CatmullRomRGB,1.6812515258789062,38.21924565454567,4.652806758880615,5.3924760818481445
142,grass-seam,ABL-ET2X-R-PreviousRawEdge-CatmullRomRGB-Fixed080,1.9130356311798096,37.313898132135755,4.5143561363220215,4.951392650604248
143,seams,O-T2X-R,1.595312476158142,36.675111114181085,2.0225980281829834,1.8908379077911377
143,seams,ABL-ET2X-R-PreviousRawEdge-CatmullRomRGB,1.405126929283142,37.32537612892226,2.0828821659088135,2.3402369022369385
143,seams,ABL-ET2X-R-PreviousRawEdge-CatmullRomRGB-Fixed080,1.4979817867279053,36.972250880947314,1.8955037593841553,1.8980705738067627
143,thin-seam,O-T2X-R,1.7922635078430176,35.7022681329789,2.3011653423309326,2.2278850078582764
143,thin-seam,ABL-ET2X-R-PreviousRawEdge-CatmullRomRGB,1.3627387285232544,38.273310150509005,2.528381586074829,2.837275743484497
143,thin-seam,ABL-ET2X-R-PreviousRawEdge-CatmullRomRGB-Fixed080,1.4855142831802368,37.42295154329442,2.1640098094940186,2.2093002796173096
143,leaves,O-T2X-R,3.1937499046325684,32.75716352876039,7.563031196594238,10.908578872680664
143,leaves,ABL-ET2X-R-PreviousRawEdge-CatmullRomRGB,2.919156789779663,32.873568860262395,8.699029922485352,12.384729385375977
143,leaves,ABL-ET2X-R-PreviousRawEdge-CatmullRomRGB-Fixed080,3.1720051765441895,32.54392101426693,7.865940093994141,10.26372241973877
143,grass-seam,O-T2X-R,2.018155336380005,37.09721411599397,4.354763031005859,5.589894771575928
143,grass-seam,ABL-ET2X-R-PreviousRawEdge-CatmullRomRGB,1.726639986038208,37.726516274199405,4.753394603729248,5.701457500457764
143,grass-seam,ABL-ET2X-R-PreviousRawEdge-CatmullRomRGB-Fixed080,1.9153352975845337,37.184872851621066,4.595510005950928,5.135185241699219
144,seams,O-T2X-R,1.790283203125,34.69804188167147,1.887243628501892,3.0530285835266113
144,seams,ABL-ET2X-R-PreviousRawEdge-CatmullRomRGB,1.328857421875,37.89548581615074,1.6812992095947266,2.083906650543213
144,seams,ABL-ET2X-R-PreviousRawEdge-CatmullRomRGB-Fixed080,1.3577961921691895,38.146730073766875,1.6817296743392944,1.8165283203125
144,thin-seam,O-T2X-R,1.7815755605697632,36.143153081137996,2.103802442550659,3.3873674869537354
144,thin-seam,ABL-ET2X-R-PreviousRawEdge-CatmullRomRGB,1.2844510078430176,38.23209050948901,1.980617880821228,2.4593265056610107
144,thin-seam,ABL-ET2X-R-PreviousRawEdge-CatmullRomRGB-Fixed080,1.4314779043197632,37.558486664307374,1.9596730470657349,2.0454723834991455
144,leaves,O-T2X-R,2.9522461891174316,33.46152424918597,7.631982326507568,9.76621150970459
144,leaves,ABL-ET2X-R-PreviousRawEdge-CatmullRomRGB,3.025683641433716,32.43225042117855,8.670023918151855,12.186967849731445
144,leaves,ABL-ET2X-R-PreviousRawEdge-CatmullRomRGB-Fixed080,3.2271647453308105,32.23926859022593,7.898443698883057,10.308815002441406
144,grass-seam,O-T2X-R,1.8905833959579468,37.61925519043961,4.531234264373779,5.080109119415283
144,grass-seam,ABL-ET2X-R-PreviousRawEdge-CatmullRomRGB,1.792725682258606,37.158571784570846,4.820959091186523,5.892073154449463
144,grass-seam,ABL-ET2X-R-PreviousRawEdge-CatmullRomRGB-Fixed080,1.9508593082427979,36.88828144750465,4.6489362716674805,5.2773542404174805
145,seams,O-T2X-R,1.7957193851470947,34.77980776972007,1.732961654663086,1.671838402748108
145,seams,ABL-ET2X-R-PreviousRawEdge-CatmullRomRGB,1.4399250745773315,36.56416181029076,1.9032032489776611,2.0052027702331543
145,seams,ABL-ET2X-R-PreviousRawEdge-CatmullRomRGB-Fixed080,1.3575032949447632,37.861803330684126,1.6947883367538452,1.7007496356964111
145,thin-seam,O-T2X-R,1.8883463144302368,34.42279274284657,2.096759557723999,1.812270164489746
145,thin-seam,ABL-ET2X-R-PreviousRawEdge-CatmullRomRGB,1.373046875,37.57021265057945,2.2021484375,2.358908176422119
145,thin-seam,ABL-ET2X-R-PreviousRawEdge-CatmullRomRGB-Fixed080,1.2727322578430176,39.68396545905725,1.9786649942398071,1.9972232580184937
145,leaves,O-T2X-R,3.148714303970337,32.87652752435979,7.396415710449219,10.497604370117188
145,leaves,ABL-ET2X-R-PreviousRawEdge-CatmullRomRGB,2.9815104007720947,32.61367575933778,8.467342376708984,11.897744178771973
145,leaves,ABL-ET2X-R-PreviousRawEdge-CatmullRomRGB-Fixed080,3.2290689945220947,32.260380621029164,7.838702201843262,10.18008041381836
145,grass-seam,O-T2X-R,1.981299877166748,37.33949509095642,4.211653709411621,5.618916034698486
145,grass-seam,ABL-ET2X-R-PreviousRawEdge-CatmullRomRGB,1.8581457138061523,36.65393182711442,4.68269681930542,5.833660125732422
145,grass-seam,ABL-ET2X-R-PreviousRawEdge-CatmullRomRGB-Fixed080,2.0014524459838867,36.458896413996904,4.513187408447266,5.2402825355529785
146,seams,O-T2X-R,1.8023600578308105,35.198037776846284,1.863539457321167,2.8514227867126465
146,seams,ABL-ET2X-R-PreviousRawEdge-CatmullRomRGB,1.3844563961029053,37.5167072229498,2.035309314727783,2.208561658859253
146,seams,ABL-ET2X-R-PreviousRawEdge-CatmullRomRGB-Fixed080,1.487646460533142,36.65237537572152,1.877581238746643,1.7345460653305054
146,thin-seam,O-T2X-R,1.9660372734069824,34.488091340940045,2.2502496242523193,3.459260940551758
146,thin-seam,ABL-ET2X-R-PreviousRawEdge-CatmullRomRGB,1.3251953125,38.61590237341623,2.4934158325195312,2.859682083129883
146,thin-seam,ABL-ET2X-R-PreviousRawEdge-CatmullRomRGB-Fixed080,1.4154188632965088,37.23425503718449,2.1470515727996826,2.1962034702301025
146,leaves,O-T2X-R,2.963395118713379,33.27990721682873,7.6098222732543945,9.413351058959961
146,leaves,ABL-ET2X-R-PreviousRawEdge-CatmullRomRGB,2.9117839336395264,32.78862894613263,8.320408821105957,11.317214965820312
146,leaves,ABL-ET2X-R-PreviousRawEdge-CatmullRomRGB-Fixed080,3.200667381286621,32.399863834360204,7.727912902832031,9.842634201049805
146,grass-seam,O-T2X-R,1.9031106233596802,37.79759310036672,4.549734592437744,4.732990741729736
146,grass-seam,ABL-ET2X-R-PreviousRawEdge-CatmullRomRGB,1.7677923440933228,37.099596923337785,4.615551948547363,5.4907989501953125
146,grass-seam,ABL-ET2X-R-PreviousRawEdge-CatmullRomRGB-Fixed080,1.9857177734375,36.605899400309404,4.528237819671631,5.058266639709473
147,seams,O-T2X-R,1.5803059339523315,36.59272443101243,1.8164554834365845,1.4442827701568604
147,seams,ABL-ET2X-R-PreviousRawEdge-CatmullRomRGB,1.2867025136947632,38.558737036801446,1.8057712316513062,2.0992157459259033
147,seams,ABL-ET2X-R-PreviousRawEdge-CatmullRomRGB-Fixed080,1.3478515148162842,38.06537709030633,1.7562917470932007,1.919942855834961
147,thin-seam,O-T2X-R,1.5196939706802368,38.109063371241604,2.138357400894165,1.6597312688827515
147,thin-seam,ABL-ET2X-R-PreviousRawEdge-CatmullRomRGB,1.3981119394302368,37.17892852628224,2.017387628555298,2.2297770977020264
147,thin-seam,ABL-ET2X-R-PreviousRawEdge-CatmullRomRGB-Fixed080,1.3975151777267456,37.83334280470249,2.026442766189575,2.0404551029205322
147,leaves,O-T2X-R,3.2108561992645264,32.70347491225595,7.486830234527588,10.398012161254883
147,leaves,ABL-ET2X-R-PreviousRawEdge-CatmullRomRGB,2.8614420890808105,33.01400388558408,8.415767669677734,11.301913261413574
147,leaves,ABL-ET2X-R-PreviousRawEdge-CatmullRomRGB-Fixed080,3.1512043476104736,32.59968440332103,7.738544464111328,9.688911437988281
147,grass-seam,O-T2X-R,2.0878117084503174,36.82604507404243,4.419313430786133,5.521700859069824
147,grass-seam,ABL-ET2X-R-PreviousRawEdge-CatmullRomRGB,1.7083030939102173,37.8030246284111,4.786868095397949,5.501324653625488
147,grass-seam,ABL-ET2X-R-PreviousRawEdge-CatmullRomRGB-Fixed080,1.9527959823608398,36.94019932126435,4.614008903503418,5.046614170074463
148,seams,O-T2X-R,1.7082030773162842,36.623498962955196,2.0871753692626953,3.101017475128174
148,seams,ABL-ET2X-R-PreviousRawEdge-CatmullRomRGB,1.5219889879226685,37.14582521929105,2.2492408752441406,2.4915385246276855
148,seams,ABL-ET2X-R-PreviousRawEdge-CatmullRomRGB-Fixed080,1.538427710533142,37.00479384779855,1.9731038808822632,2.0471839904785156
148,thin-seam,O-T2X-R,1.7112630605697632,37.36949296851354,2.400395154953003,3.5144405364990234
148,thin-seam,ABL-ET2X-R-PreviousRawEdge-CatmullRomRGB,1.3873697519302368,39.697632239503506,3.0338151454925537,3.3049514293670654
148,thin-seam,ABL-ET2X-R-PreviousRawEdge-CatmullRomRGB-Fixed080,1.4790581464767456,38.609320396662284,2.4279067516326904,2.599229097366333
148,leaves,O-T2X-R,2.929215431213379,33.43428737817949,7.634305000305176,9.544205665588379
148,leaves,ABL-ET2X-R-PreviousRawEdge-CatmullRomRGB,2.8138020038604736,33.11795506081324,8.481949806213379,11.600617408752441
148,leaves,ABL-ET2X-R-PreviousRawEdge-CatmullRomRGB-Fixed080,3.1100096702575684,32.7040261910706,7.707856178283691,9.724148750305176
148,grass-seam,O-T2X-R,1.844226598739624,38.007721874698184,4.537685871124268,4.773809909820557
148,grass-seam,ABL-ET2X-R-PreviousRawEdge-CatmullRomRGB,1.7006173133850098,37.77346476273052,4.879875183105469,5.734007358551025
148,grass-seam,ABL-ET2X-R-PreviousRawEdge-CatmullRomRGB-Fixed080,1.9428104162216187,36.93199477500617,4.703283309936523,5.155648708343506
149,seams,O-T2X-R,1.5748372077941895,37.69629814340433,1.9917093515396118,1.5987749099731445
149,seams,ABL-ET2X-R-PreviousRawEdge-CatmullRomRGB,1.3059732913970947,37.702525592989446,1.8189704418182373,2.346698045730591
149,seams,ABL-ET2X-R-PreviousRawEdge-CatmullRomRGB-Fixed080,1.4387043714523315,36.59911829417769,1.8127562999725342,2.0191519260406494
149,thin-seam,O-T2X-R,1.5661892890930176,38.6581025322258,2.2052114009857178,1.6633930206298828
149,thin-seam,ABL-ET2X-R-PreviousRawEdge-CatmullRomRGB,1.22265625,38.43503266394255,2.1704447269439697,2.916667938232422
149,thin-seam,ABL-ET2X-R-PreviousRawEdge-CatmullRomRGB-Fixed080,1.3876953125,36.568975899065904,2.2066307067871094,2.478278636932373
149,leaves,O-T2X-R,3.1822428703308105,32.69246447938856,7.564486503601074,10.643365859985352
149,leaves,ABL-ET2X-R-PreviousRawEdge-CatmullRomRGB,2.819108009338379,33.18029063412405,8.526597023010254,11.768672943115234
149,leaves,ABL-ET2X-R-PreviousRawEdge-CatmullRomRGB-Fixed080,3.0999348163604736,32.74952796619759,7.732729434967041,9.781024932861328
149,grass-seam,O-T2X-R,2.0058703422546387,36.855493687508066,4.439879417419434,5.590977668762207
149,grass-seam,ABL-ET2X-R-PreviousRawEdge-CatmullRomRGB,1.6414306163787842,38.3433155252095,4.766284465789795,5.821537494659424
149,grass-seam,ABL-ET2X-R-PreviousRawEdge-CatmullRomRGB-Fixed080,1.8948801755905151,37.27634483367217,4.632604598999023,5.221900463104248
150,seams,O-T2X-R,1.6128093004226685,37.679669308004634,2.1332736015319824,3.2160472869873047
150,seams,ABL-ET2X-R-PreviousRawEdge-CatmullRomRGB,1.3495604991912842,37.36438864575126,1.7364552021026611,1.85325026512146
150,seams,ABL-ET2X-R-PreviousRawEdge-CatmullRomRGB-Fixed080,1.3194173574447632,37.806256982998875,1.6549012660980225,1.637891173362732
150,thin-seam,O-T2X-R,1.7440863847732544,38.48978647933125,2.7093257904052734,3.766648530960083
150,thin-seam,ABL-ET2X-R-PreviousRawEdge-CatmullRomRGB,1.29541015625,38.55538667354658,1.9269696474075317,2.182035207748413
150,thin-seam,ABL-ET2X-R-PreviousRawEdge-CatmullRomRGB-Fixed080,1.1567925214767456,40.423993109912885,1.803155779838562,2.0077807903289795
150,leaves,O-T2X-R,2.875504493713379,33.523236817403856,7.6292924880981445,9.656855583190918
150,leaves,ABL-ET2X-R-PreviousRawEdge-CatmullRomRGB,2.803466796875,33.13756037733922,8.599039077758789,11.866314888000488
150,leaves,ABL-ET2X-R-PreviousRawEdge-CatmullRomRGB-Fixed080,3.071516990661621,32.77193960953794,7.778255462646484,9.843250274658203
150,grass-seam,O-T2X-R,1.9762768745422363,37.16090469037154,4.553043365478516,4.969166278839111
150,grass-seam,ABL-ET2X-R-PreviousRawEdge-CatmullRomRGB,1.663580298423767,38.15682244712371,4.785304546356201,5.839394569396973
150,grass-seam,ABL-ET2X-R-PreviousRawEdge-CatmullRomRGB-Fixed080,1.8801742792129517,37.39866675008173,4.626132011413574,5.264428615570068
151,seams,O-T2X-R,1.7074706554412842,36.34441045694966,1.8484351634979248,1.6783359050750732
151,seams,ABL-ET2X-R-PreviousRawEdge-CatmullRomRGB,1.4486979246139526,37.32797804649911,2.0927534103393555,2.20576810836792
151,seams,ABL-ET2X-R-PreviousRawEdge-CatmullRomRGB-Fixed080,1.5689290761947632,36.005810628015865,1.8708045482635498,1.7951263189315796
151,thin-seam,O-T2X-R,1.6870659589767456,38.37026647674966,2.345458745956421,1.9682976007461548
151,thin-seam,ABL-ET2X-R-PreviousRawEdge-CatmullRomRGB,1.3221571445465088,39.23821227000072,2.4400243759155273,2.565565824508667
151,thin-seam,ABL-ET2X-R-PreviousRawEdge-CatmullRomRGB-Fixed080,1.49609375,37.08147123928472,2.123588800430298,1.9917898178100586
151,leaves,O-T2X-R,3.143815040588379,32.760589916900734,7.546332359313965,10.641980171203613
151,leaves,ABL-ET2X-R-PreviousRawEdge-CatmullRomRGB,2.7977051734924316,33.15656415896062,8.576833724975586,12.056775093078613
151,leaves,ABL-ET2X-R-PreviousRawEdge-CatmullRomRGB-Fixed080,3.041064500808716,32.84282253509052,7.791577339172363,10.019793510437012
151,grass-seam,O-T2X-R,2.0160977840423584,36.950521507917465,4.341401100158691,5.547779083251953
151,grass-seam,ABL-ET2X-R-PreviousRawEdge-CatmullRomRGB,1.6523844003677368,38.04827675142688,4.78371524810791,5.796621799468994
151,grass-seam,ABL-ET2X-R-PreviousRawEdge-CatmullRomRGB-Fixed080,1.873638391494751,37.35826401717209,4.652174472808838,5.243165493011475
152,seams,O-T2X-R,1.7162922620773315,36.3713096628063,2.0057263374328613,3.00825572013855
152,seams,ABL-ET2X-R-PreviousRawEdge-CatmullRomRGB,1.2405273914337158,39.2111628555037,1.7815768718719482,2.1134674549102783
152,seams,ABL-ET2X-R-PreviousRawEdge-CatmullRomRGB-Fixed080,1.3622558116912842,37.65727509197414,1.6937135457992554,1.794310212135315
152,thin-seam,O-T2X-R,1.8232964277267456,36.601808436976114,2.4817113876342773,3.7360801696777344
152,thin-seam,ABL-ET2X-R-PreviousRawEdge-CatmullRomRGB,1.1009114980697632,40.865059558593,1.8999086618423462,2.3809664249420166
152,thin-seam,ABL-ET2X-R-PreviousRawEdge-CatmullRomRGB-Fixed080,1.2362738847732544,38.90008317433467,1.8851531744003296,2.0133116245269775
152,leaves,O-T2X-R,2.8944010734558105,33.47178812012642,7.5752153396606445,9.721933364868164
152,leaves,ABL-ET2X-R-PreviousRawEdge-CatmullRomRGB,2.8135578632354736,33.069985561766735,8.521679878234863,12.046374320983887
152,leaves,ABL-ET2X-R-PreviousRawEdge-CatmullRomRGB-Fixed080,3.0448079109191895,32.810074839774906,7.775382041931152,10.075997352600098
152,grass-seam,O-T2X-R,1.9092835187911987,37.666539662733186,4.500222206115723,4.746222019195557
152,grass-seam,ABL-ET2X-R-PreviousRawEdge-CatmullRomRGB,1.6478455066680908,38.14367494318566,4.7867865562438965,5.722461700439453
152,grass-seam,ABL-ET2X-R-PreviousRawEdge-CatmullRomRGB-Fixed080,1.8887072801589966,37.263798585208804,4.666192054748535,5.230278015136719
153,seams,O-T2X-R,1.7060221433639526,35.5497865449764,1.6614933013916016,1.6421287059783936
153,seams,ABL-ET2X-R-PreviousRawEdge-CatmullRomRGB,1.383154273033142,39.50723961649344,2.2497477531433105,2.3325867652893066
153,seams,ABL-ET2X-R-PreviousRawEdge-CatmullRomRGB-Fixed080,1.5131185054779053,37.95665208142003,1.9847185611724854,1.902366280555725
153,thin-seam,O-T2X-R,1.7556966543197632,34.98313013053125,1.7286723852157593,2.0509464740753174
153,thin-seam,ABL-ET2X-R-PreviousRawEdge-CatmullRomRGB,1.4016385078430176,40.09314082111917,2.8230369091033936,2.8738205432891846
153,thin-seam,ABL-ET2X-R-PreviousRawEdge-CatmullRomRGB-Fixed080,1.4706488847732544,39.36554449955383,2.3693130016326904,2.3642401695251465
153,leaves,O-T2X-R,3.098583936691284,33.011724304193976,7.2903947830200195,10.459556579589844
153,leaves,ABL-ET2X-R-PreviousRawEdge-CatmullRomRGB,2.8150064945220947,33.19753488357202,8.362875938415527,11.79476261138916
153,leaves,ABL-ET2X-R-PreviousRawEdge-CatmullRomRGB-Fixed080,3.0545573234558105,32.8519002785833,7.69365930557251,9.98319149017334
153,grass-seam,O-T2X-R,2.0196683406829834,37.13677519511665,4.480112075805664,5.512657165527344
153,grass-seam,ABL-ET2X-R-PreviousRawEdge-CatmullRomRGB,1.6221253871917725,38.23620433363001,4.864319324493408,5.78289270401001
153,grass-seam,ABL-ET2X-R-PreviousRawEdge-CatmullRomRGB-Fixed080,1.8615952730178833,37.3620715532594,4.713436603546143,5.224470615386963
154,seams,O-T2X-R,1.8539388179779053,34.56594505347021,1.8930017948150635,2.7548131942749023
154,seams,ABL-ET2X-R-PreviousRawEdge-CatmullRomRGB,1.399560570716858,36.37028229353017,1.8488342761993408,2.2830519676208496
154,seams,ABL-ET2X-R-PreviousRawEdge-CatmullRomRGB-Fixed080,1.5077799558639526,35.437339114806,1.8574094772338867,1.936933159828186
154,thin-seam,O-T2X-R,2.127007484436035,33.21813697304345,1.9695497751235962,2.7478115558624268
154,thin-seam,ABL-ET2X-R-PreviousRawEdge-CatmullRomRGB,1.25146484375,39.02390763340111,2.0679666996002197,2.809105157852173
154,thin-seam,ABL-ET2X-R-PreviousRawEdge-CatmullRomRGB-Fixed080,1.4107530117034912,36.75149676276452,2.1153817176818848,2.324442148208618
154,leaves,O-T2X-R,2.8429198265075684,33.72184328528056,7.409748077392578,9.327423095703125
154,leaves,ABL-ET2X-R-PreviousRawEdge-CatmullRomRGB,2.873567819595337,33.0314623386799,8.30955696105957,11.57713794708252
154,leaves,ABL-ET2X-R-PreviousRawEdge-CatmullRomRGB-Fixed080,3.081510305404663,32.77851799006741,7.63916015625,9.88197135925293
154,grass-seam,O-T2X-R,1.8698862791061401,38.044719544007286,4.602856636047363,4.936915397644043
154,grass-seam,ABL-ET2X-R-PreviousRawEdge-CatmullRomRGB,1.6731420755386353,38.05413459586377,4.945043087005615,5.8195037841796875
154,grass-seam,ABL-ET2X-R-PreviousRawEdge-CatmullRomRGB-Fixed080,1.896030068397522,37.389084578925164,4.7556023597717285,5.184741973876953
155,seams,O-T2X-R,1.8174967765808105,34.45713824280451,1.8610652685165405,1.674324631690979
155,seams,ABL-ET2X-R-PreviousRawEdge-CatmullRomRGB,1.4094401597976685,37.749760714442075,1.7225596904754639,1.9748287200927734
155,seams,ABL-ET2X-R-PreviousRawEdge-CatmullRomRGB-Fixed080,1.32470703125,38.61126253005053,1.6446340084075928,1.7895431518554688
155,thin-seam,O-T2X-R,1.7596029043197632,35.96123668210644,2.2618446350097656,1.7987536191940308
155,thin-seam,ABL-ET2X-R-PreviousRawEdge-CatmullRomRGB,1.2969292402267456,38.95499761329863,1.6489143371582031,1.9420390129089355
155,thin-seam,ABL-ET2X-R-PreviousRawEdge-CatmullRomRGB-Fixed080,1.2129448652267456,40.23515393036511,1.6866916418075562,1.9331573247909546
155,leaves,O-T2X-R,3.098193407058716,32.92941778988795,7.2683892250061035,10.328134536743164
155,leaves,ABL-ET2X-R-PreviousRawEdge-CatmullRomRGB,2.8553385734558105,33.15852324058875,8.326342582702637,11.61067008972168
155,leaves,ABL-ET2X-R-PreviousRawEdge-CatmullRomRGB-Fixed080,3.0702311992645264,32.82404468070404,7.599270820617676,9.838876724243164
155,grass-seam,O-T2X-R,2.006899118423462,37.531144628360224,4.400632381439209,5.5515522956848145
155,grass-seam,ABL-ET2X-R-PreviousRawEdge-CatmullRomRGB,1.6961994171142578,37.88231954934362,4.980301856994629,6.008048057556152
155,grass-seam,ABL-ET2X-R-PreviousRawEdge-CatmullRomRGB-Fixed080,1.9117647409439087,37.3533827149909,4.7891740798950195,5.37921142578125
156,seams,O-T2X-R,1.844580054283142,34.80344451457688,2.087296724319458,3.0896410942077637
156,seams,ABL-ET2X-R-PreviousRawEdge-CatmullRomRGB,1.479882836341858,37.64070666657814,2.1870276927948,2.3136093616485596
156,seams,ABL-ET2X-R-PreviousRawEdge-CatmullRomRGB-Fixed080,1.5506672859191895,36.905109362980504,1.9842586517333984,1.8418601751327515
156,thin-seam,O-T2X-R,1.8386502265930176,35.34411085512091,2.4039297103881836,3.65179443359375
156,thin-seam,ABL-ET2X-R-PreviousRawEdge-CatmullRomRGB,1.5224609375,38.11218249536899,2.8614768981933594,2.867403745651245
156,thin-seam,ABL-ET2X-R-PreviousRawEdge-CatmullRomRGB-Fixed080,1.6399197578430176,36.48753649989231,2.3853509426116943,2.226137161254883
156,leaves,O-T2X-R,2.882861375808716,33.531514273656796,7.520198822021484,9.38061237335205
156,leaves,ABL-ET2X-R-PreviousRawEdge-CatmullRomRGB,2.8372883796691895,33.156847437110144,8.391366958618164,11.583471298217773
156,leaves,ABL-ET2X-R-PreviousRawEdge-CatmullRomRGB-Fixed080,3.064990282058716,32.81780501999225,7.647472381591797,9.745498657226562
156,grass-seam,O-T2X-R,1.9270153045654297,37.71735459129266,4.741973876953125,4.947859764099121
156,grass-seam,ABL-ET2X-R-PreviousRawEdge-CatmullRomRGB,1.7514524459838867,37.384013687462705,4.990692138671875,6.0565619468688965
156,grass-seam,ABL-ET2X-R-PreviousRawEdge-CatmullRomRGB-Fixed080,1.9529169797897339,37.02078481536575,4.8364949226379395,5.448061466217041
157,seams,O-T2X-R,1.627294898033142,36.26158116238089,2.091958999633789,1.595220923423767
157,seams,ABL-ET2X-R-PreviousRawEdge-CatmullRomRGB,1.3872395753860474,36.405616056235964,1.7295379638671875,2.1398160457611084
157,seams,ABL-ET2X-R-PreviousRawEdge-CatmullRomRGB-Fixed080,1.4362304210662842,36.21788383727393,1.7430673837661743,1.8756322860717773
157,thin-seam,O-T2X-R,1.4730902910232544,39.8231296788344,2.3375325202941895,1.6627470254898071
157,thin-seam,ABL-ET2X-R-PreviousRawEdge-CatmullRomRGB,1.2033419609069824,39.99927835955988,2.1092922687530518,2.774425506591797
157,thin-seam,ABL-ET2X-R-PreviousRawEdge-CatmullRomRGB-Fixed080,1.3202040195465088,38.129625853287706,2.10416579246521,2.298527717590332
157,leaves,O-T2X-R,3.038362741470337,33.147911343527596,7.319123268127441,10.195284843444824
157,leaves,ABL-ET2X-R-PreviousRawEdge-CatmullRomRGB,2.812793016433716,33.170818957657474,8.223567008972168,11.224342346191406
157,leaves,ABL-ET2X-R-PreviousRawEdge-CatmullRomRGB-Fixed080,3.064502000808716,32.84976901512425,7.564039707183838,9.530363082885742
157,grass-seam,O-T2X-R,2.047567129135132,36.8289848327859,4.4636335372924805,5.519659042358398
157,grass-seam,ABL-ET2X-R-PreviousRawEdge-CatmullRomRGB,1.726216435432434,37.80536499240316,4.883580684661865,5.856475353240967
157,grass-seam,ABL-ET2X-R-PreviousRawEdge-CatmullRomRGB-Fixed080,1.9386951923370361,37.221128529865084,4.814995288848877,5.383218288421631
158,seams,O-T2X-R,1.7416341304779053,36.50953509829839,2.052879810333252,3.30088472366333
158,seams,ABL-ET2X-R-PreviousRawEdge-CatmullRomRGB,1.6288248300552368,36.911510615342024,2.336498975753784,2.4467923641204834
158,seams,ABL-ET2X-R-PreviousRawEdge-CatmullRomRGB-Fixed080,1.5830566883087158,37.68479490713967,2.0378825664520264,2.0365242958068848
158,thin-seam,O-T2X-R,1.7800564765930176,37.79943815985823,2.4418632984161377,3.672765016555786
158,thin-seam,ABL-ET2X-R-PreviousRawEdge-CatmullRomRGB,1.7050238847732544,37.73647753593882,2.9935920238494873,3.2751948833465576
158,thin-seam,ABL-ET2X-R-PreviousRawEdge-CatmullRomRGB-Fixed080,1.6703016757965088,38.16992712408084,2.5131752490997314,2.7317025661468506
158,leaves,O-T2X-R,2.8018879890441895,33.75589905577145,7.494757652282715,9.395060539245605
158,leaves,ABL-ET2X-R-PreviousRawEdge-CatmullRomRGB,2.797802686691284,33.36366210513087,8.316795349121094,11.208284378051758
158,leaves,ABL-ET2X-R-PreviousRawEdge-CatmullRomRGB-Fixed080,3.0484211444854736,32.99170110714779,7.647220611572266,9.500428199768066
158,grass-seam,O-T2X-R,1.9222948551177979,37.625193154600055,4.614305019378662,4.834979057312012
158,grass-seam,ABL-ET2X-R-PreviousRawEdge-CatmullRomRGB,1.6738077402114868,38.29127023224457,4.882143497467041,5.819566249847412
158,grass-seam,ABL-ET2X-R-PreviousRawEdge-CatmullRomRGB-Fixed080,1.8865891695022583,37.56151546143864,4.794071674346924,5.365729331970215
159,seams,O-T2X-R,1.6977375745773315,36.85968713207167,1.9208046197891235,1.5687931776046753
159,seams,ABL-ET2X-R-PreviousRawEdge-CatmullRomRGB,1.3726400136947632,38.61232855179865,2.298971652984619,2.900578498840332
159,seams,ABL-ET2X-R-PreviousRawEdge-CatmullRomRGB-Fixed080,1.4614583253860474,37.339497852447664,2.1192421913146973,2.279055595397949
159,thin-seam,O-T2X-R,1.6744791269302368,38.55608824029681,2.317023277282715,1.6706180572509766
159,thin-seam,ABL-ET2X-R-PreviousRawEdge-CatmullRomRGB,1.3738607168197632,38.9725234346533,2.5091841220855713,3.5189425945281982
159,thin-seam,ABL-ET2X-R-PreviousRawEdge-CatmullRomRGB-Fixed080,1.5324435234069824,36.678654764566915,2.4292526245117188,2.801440954208374
159,leaves,O-T2X-R,3.06005859375,32.96907918485057,7.349108695983887,10.473028182983398
159,leaves,ABL-ET2X-R-PreviousRawEdge-CatmullRomRGB,2.778613328933716,33.36408912696148,8.243603706359863,11.595748901367188
159,leaves,ABL-ET2X-R-PreviousRawEdge-CatmullRomRGB-Fixed080,3.0110840797424316,33.068967443329946,7.541248321533203,9.688125610351562
159,grass-seam,O-T2X-R,2.011014223098755,37.27632340091723,4.670366287231445,5.908352851867676
159,grass-seam,ABL-ET2X-R-PreviousRawEdge-CatmullRomRGB,1.626119613647461,38.429084509326984,4.9802327156066895,5.927511215209961
159,grass-seam,ABL-ET2X-R-PreviousRawEdge-CatmullRomRGB-Fixed080,1.8496731519699097,37.69965976706309,4.806396007537842,5.304446697235107
160,seams,O-T2X-R,1.8388346433639526,36.07298008866057,2.104658603668213,3.123093605041504
160,seams,ABL-ET2X-R-PreviousRawEdge-CatmullRomRGB,1.5676594972610474,35.960966269797765,1.703853964805603,2.121316432952881
160,seams,ABL-ET2X-R-PreviousRawEdge-CatmullRomRGB-Fixed080,1.5430989265441895,36.21014622849257,1.742089867591858,1.9904556274414062
160,thin-seam,O-T2X-R,1.9142794609069824,37.43407615619779,2.5572566986083984,3.615899085998535
160,thin-seam,ABL-ET2X-R-PreviousRawEdge-CatmullRomRGB,1.43505859375,38.348386913702356,1.8240464925765991,2.3094797134399414
160,thin-seam,ABL-ET2X-R-PreviousRawEdge-CatmullRomRGB-Fixed080,1.3713650703430176,38.88946376094823,1.867382526397705,2.1556172370910645
160,leaves,O-T2X-R,2.737565040588379,33.90050067977863,7.5172247886657715,9.567319869995117
160,leaves,ABL-ET2X-R-PreviousRawEdge-CatmullRomRGB,2.785921335220337,33.26433380985553,8.285273551940918,11.693203926086426
160,leaves,ABL-ET2X-R-PreviousRawEdge-CatmullRomRGB-Fixed080,3.0011067390441895,33.03268579250571,7.542366027832031,9.752120971679688
160,grass-seam,O-T2X-R,1.8467683792114258,38.27564418675442,4.895959377288818,5.28955602645874
160,grass-seam,ABL-ET2X-R-PreviousRawEdge-CatmullRomRGB,1.6149842739105225,38.59422324027548,5.108426570892334,5.961143970489502
160,grass-seam,ABL-ET2X-R-PreviousRawEdge-CatmullRomRGB-Fixed080,1.8468893766403198,37.859642864019094,4.9217610359191895,5.278244972229004
161,seams,O-T2X-R,1.7735025882720947,36.21221786456298,1.9695377349853516,1.8134849071502686
161,seams,ABL-ET2X-R-PreviousRawEdge-CatmullRomRGB,1.4952962398529053,36.94709150791479,2.147249698638916,2.252143621444702
161,seams,ABL-ET2X-R-PreviousRawEdge-CatmullRomRGB-Fixed080,1.5720865726470947,36.415448213195454,1.8873653411865234,1.8935754299163818
161,thin-seam,O-T2X-R,2.075086832046509,34.784359697701106,2.2275736331939697,2.101591110229492
161,thin-seam,ABL-ET2X-R-PreviousRawEdge-CatmullRomRGB,1.5197482109069824,38.453114407447,2.913764238357544,2.9862709045410156
161,thin-seam,ABL-ET2X-R-PreviousRawEdge-CatmullRomRGB-Fixed080,1.6615668535232544,36.93293265922174,2.428791046142578,2.3326218128204346
161,leaves,O-T2X-R,3.0130207538604736,33.186834249947466,7.228240013122559,10.519498825073242
161,leaves,ABL-ET2X-R-PreviousRawEdge-CatmullRomRGB,2.789583444595337,33.14926906614204,8.314119338989258,11.676698684692383
161,leaves,ABL-ET2X-R-PreviousRawEdge-CatmullRomRGB-Fixed080,2.9874837398529053,33.00933282044823,7.547982692718506,9.813289642333984
161,grass-seam,O-T2X-R,1.9897724390029907,37.36290821562718,4.600578308105469,5.834153175354004
161,grass-seam,ABL-ET2X-R-PreviousRawEdge-CatmullRomRGB,1.633079171180725,38.27317191148384,5.094471454620361,6.099248886108398
161,grass-seam,ABL-ET2X-R-PreviousRawEdge-CatmullRomRGB-Fixed080,1.8398692607879639,37.80848756906242,4.939316272735596,5.457006454467773
162,seams,O-T2X-R,1.8640787601470947,34.81795764970912,1.952731728553772,3.0112030506134033
162,seams,ABL-ET2X-R-PreviousRawEdge-CatmullRomRGB,1.4508463144302368,36.91113152845325,1.9622008800506592,2.2407126426696777
162,seams,ABL-ET2X-R-PreviousRawEdge-CatmullRomRGB-Fixed080,1.4911946058273315,36.48254740043568,1.8346837759017944,1.7617061138153076
162,thin-seam,O-T2X-R,2.307996988296509,33.08488117194847,2.1916720867156982,3.2442548274993896
162,thin-seam,ABL-ET2X-R-PreviousRawEdge-CatmullRomRGB,1.36328125,38.29596408280555,2.1177003383636475,2.6617519855499268
162,thin-seam,ABL-ET2X-R-PreviousRawEdge-CatmullRomRGB-Fixed080,1.4763997793197632,37.05209307519854,2.1360743045806885,2.109539747238159
162,leaves,O-T2X-R,2.837207078933716,33.62087918246144,7.455449104309082,9.428516387939453
162,leaves,ABL-ET2X-R-PreviousRawEdge-CatmullRomRGB,2.84814453125,32.90154120539175,8.315134048461914,11.679319381713867
162,leaves,ABL-ET2X-R-PreviousRawEdge-CatmullRomRGB-Fixed080,3.033154249191284,32.79379070458851,7.619243621826172,9.938335418701172
162,grass-seam,O-T2X-R,1.933127522468567,37.73313076609764,4.914223670959473,5.1082763671875
162,grass-seam,ABL-ET2X-R-PreviousRawEdge-CatmullRomRGB,1.6091744899749756,38.203314736797346,4.999297142028809,6.072351932525635
162,grass-seam,ABL-ET2X-R-PreviousRawEdge-CatmullRomRGB-Fixed080,1.8134229183197021,37.863026683475134,4.870697975158691,5.489357948303223
163,seams,O-T2X-R,1.8542805910110474,34.49983081056014,1.9084575176239014,1.7313766479492188
163,seams,ABL-ET2X-R-PreviousRawEdge-CatmullRomRGB,1.521826148033142,36.919204593324004,2.2394051551818848,2.427917957305908
163,seams,ABL-ET2X-R-PreviousRawEdge-CatmullRomRGB-Fixed080,1.587158203125,36.246146651350536,1.9699627161026,1.9624216556549072
163,thin-seam,O-T2X-R,2.0812175273895264,33.527403707849025,2.326369047164917,2.1918153762817383
163,thin-seam,ABL-ET2X-R-PreviousRawEdge-CatmullRomRGB,1.4813910722732544,38.95197925922479,2.655595541000366,2.873767852783203
163,thin-seam,ABL-ET2X-R-PreviousRawEdge-CatmullRomRGB-Fixed080,1.4930013418197632,39.12196065751762,2.317457914352417,2.441138982772827
163,leaves,O-T2X-R,3.029313087463379,33.18416539385272,7.066553592681885,10.163442611694336
163,leaves,ABL-ET2X-R-PreviousRawEdge-CatmullRomRGB,2.9238932132720947,32.54533087864507,8.246355056762695,11.490339279174805
163,leaves,ABL-ET2X-R-PreviousRawEdge-CatmullRomRGB-Fixed080,3.089892625808716,32.526675365391434,7.658358573913574,9.958538055419922
163,grass-seam,O-T2X-R,2.037339687347412,37.16765810107751,4.646638870239258,5.889443397521973
163,grass-seam,ABL-ET2X-R-PreviousRawEdge-CatmullRomRGB,1.6376785039901733,37.75144437181871,5.074284076690674,5.970809459686279
163,grass-seam,ABL-ET2X-R-PreviousRawEdge-CatmullRomRGB-Fixed080,1.8304890394210815,37.498916946170894,4.9472761154174805,5.450167655944824
164,seams,O-T2X-R,2.0550944805145264,33.38415778988888,1.9880622625350952,2.921191453933716
164,seams,ABL-ET2X-R-PreviousRawEdge-CatmullRomRGB,1.3764485120773315,37.71737153673294,1.9397392272949219,2.3152763843536377
164,seams,ABL-ET2X-R-PreviousRawEdge-CatmullRomRGB-Fixed080,1.550634741783142,35.99263122746697,1.8749139308929443,1.9021518230438232
164,thin-seam,O-T2X-R,2.3748371601104736,32.52544973059008,2.4732134342193604,3.5631330013275146
164,thin-seam,ABL-ET2X-R-PreviousRawEdge-CatmullRomRGB,1.5324978828430176,37.145654544818875,2.4555246829986572,3.1523380279541016
164,thin-seam,ABL-ET2X-R-PreviousRawEdge-CatmullRomRGB-Fixed080,1.6668294668197632,35.62515579495659,2.3569769859313965,2.509263277053833
164,leaves,O-T2X-R,2.842041015625,33.607505218104635,7.148821830749512,8.843324661254883
164,leaves,ABL-ET2X-R-PreviousRawEdge-CatmullRomRGB,2.7591633796691895,33.228591190153885,7.88080358505249,10.970678329467773
164,leaves,ABL-ET2X-R-PreviousRawEdge-CatmullRomRGB-Fixed080,3.020052194595337,32.868210365687474,7.483218193054199,9.73143196105957
164,grass-seam,O-T2X-R,1.885741949081421,37.899828736995,4.800419807434082,5.06000280380249
164,grass-seam,ABL-ET2X-R-PreviousRawEdge-CatmullRomRGB,1.551621913909912,38.56522397153221,5.047393798828125,6.0411787033081055
164,grass-seam,ABL-ET2X-R-PreviousRawEdge-CatmullRomRGB-Fixed080,1.8047688007354736,37.70256424710618,4.959228038787842,5.544961929321289
165,seams,O-T2X-R,1.8408203125,35.016645581467365,1.9085546731948853,1.635176658630371
165,seams,ABL-ET2X-R-PreviousRawEdge-CatmullRomRGB,1.3269857168197632,38.390300701054926,1.8268165588378906,2.1306207180023193
165,seams,ABL-ET2X-R-PreviousRawEdge-CatmullRomRGB-Fixed080,1.3217936754226685,38.00576124164965,1.7437673807144165,1.8383119106292725
165,thin-seam,O-T2X-R,1.9393988847732544,35.23966236376565,2.363335371017456,1.8839272260665894
165,thin-seam,ABL-ET2X-R-PreviousRawEdge-CatmullRomRGB,1.380859375,38.34197566252175,2.1059467792510986,2.575784921646118
165,thin-seam,ABL-ET2X-R-PreviousRawEdge-CatmullRomRGB-Fixed080,1.3222113847732544,38.639281467370296,2.0656564235687256,2.2284820079803467
165,leaves,O-T2X-R,3.0557942390441895,32.967227670511846,6.987410068511963,9.465997695922852
165,leaves,ABL-ET2X-R-PreviousRawEdge-CatmullRomRGB,2.7430989742279053,33.27430075530481,7.769505977630615,10.331225395202637
165,leaves,ABL-ET2X-R-PreviousRawEdge-CatmullRomRGB-Fixed080,2.995882272720337,32.946729147997424,7.284523963928223,9.202859878540039
165,grass-seam,O-T2X-R,1.9654442071914673,37.48480561112733,4.689504146575928,5.807710647583008
165,grass-seam,ABL-ET2X-R-PreviousRawEdge-CatmullRomRGB,1.5732873678207397,38.218762962022545,5.078441143035889,6.008463382720947
165,grass-seam,ABL-ET2X-R-PreviousRawEdge-CatmullRomRGB-Fixed080,1.8130598068237305,37.45240143950949,4.968810081481934,5.519101619720459
166,seams,O-T2X-R,1.8515299558639526,35.371215210099024,2.2587530612945557,3.3383383750915527
166,seams,ABL-ET2X-R-PreviousRawEdge-CatmullRomRGB,1.4238606691360474,37.493822840342204,2.1484875679016113,2.232257843017578
166,seams,ABL-ET2X-R-PreviousRawEdge-CatmullRomRGB-Fixed080,1.5781086683273315,36.15854109146626,1.8891340494155884,1.7723243236541748
166,thin-seam,O-T2X-R,2.082411050796509,34.38994032583915,2.727379083633423,4.113288402557373
166,thin-seam,ABL-ET2X-R-PreviousRawEdge-CatmullRomRGB,1.4718424081802368,38.997823217428646,2.870112657546997,3.095473289489746
166,thin-seam,ABL-ET2X-R-PreviousRawEdge-CatmullRomRGB-Fixed080,1.6421983242034912,37.15388789991617,2.403714179992676,2.3601858615875244
166,leaves,O-T2X-R,2.7923502922058105,33.7794530702802,7.136358737945557,8.759050369262695
166,leaves,ABL-ET2X-R-PreviousRawEdge-CatmullRomRGB,2.738574266433716,33.19229458333262,7.884203910827637,10.554896354675293
166,leaves,ABL-ET2X-R-PreviousRawEdge-CatmullRomRGB-Fixed080,2.9822754859924316,32.91150765988185,7.2359185218811035,8.97177791595459
166,grass-seam,O-T2X-R,1.911704182624817,37.81368825928246,4.889806747436523,5.037034034729004
166,grass-seam,ABL-ET2X-R-PreviousRawEdge-CatmullRomRGB,1.5548293590545654,38.54404169961789,5.187766075134277,6.147562503814697
166,grass-seam,ABL-ET2X-R-PreviousRawEdge-CatmullRomRGB-Fixed080,1.8099733591079712,37.652179995633134,5.0095391273498535,5.500231742858887
167,seams,O-T2X-R,1.5276204347610474,37.797816353464874,2.013197422027588,1.688878059387207
167,seams,ABL-ET2X-R-PreviousRawEdge-CatmullRomRGB,1.266943335533142,38.45360423398311,1.837092638015747,2.1207900047302246
167,seams,ABL-ET2X-R-PreviousRawEdge-CatmullRomRGB-Fixed080,1.4007974863052368,37.00244938200417,1.8373029232025146,1.7222381830215454
167,thin-seam,O-T2X-R,1.6569552421569824,37.58554344479495,2.549004316329956,1.773314356803894
167,thin-seam,ABL-ET2X-R-PreviousRawEdge-CatmullRomRGB,1.2474501132965088,39.52862624660929,2.2679998874664307,2.8548107147216797
167,thin-seam,ABL-ET2X-R-PreviousRawEdge-CatmullRomRGB-Fixed080,1.4143880605697632,37.69606356044782,2.268845796585083,2.1366090774536133
167,leaves,O-T2X-R,2.95068359375,33.38212756629709,7.270354270935059,9.99455738067627
167,leaves,ABL-ET2X-R-PreviousRawEdge-CatmullRomRGB,2.7164714336395264,33.29202071526718,8.055070877075195,10.951888084411621
167,leaves,ABL-ET2X-R-PreviousRawEdge-CatmullRomRGB-Fixed080,2.9860026836395264,32.88240291320466,7.3128156661987305,9.0507230758667
167,grass-seam,O-T2X-R,2.012587785720825,37.282458846361415,4.731199741363525,5.819963455200195
167,grass-seam,ABL-ET2X-R-PreviousRawEdge-CatmullRomRGB,1.531711459159851,38.5605496768093,5.163575649261475,6.183073043823242
167,grass-seam,ABL-ET2X-R-PreviousRawEdge-CatmullRomRGB-Fixed080,1.7715444564819336,37.79428400961481,4.994744777679443,5.487777233123779
168,seams,O-T2X-R,1.734277367591858,36.09316611653913,2.1446006298065186,3.250706911087036
168,seams,ABL-ET2X-R-PreviousRawEdge-CatmullRomRGB,1.4150227308273315,38.118880966454164,1.972556471824646,2.1804604530334473
168,seams,ABL-ET2X-R-PreviousRawEdge-CatmullRomRGB-Fixed080,1.3677408695220947,38.278855321875355,1.8344058990478516,1.9266622066497803
168,thin-seam,O-T2X-R,1.8525933027267456,36.568137101629226,2.5465028285980225,3.9899520874023438
168,thin-seam,ABL-ET2X-R-PreviousRawEdge-CatmullRomRGB,1.5738931894302368,37.71777636413018,2.4805853366851807,2.7006759643554688
168,thin-seam,ABL-ET2X-R-PreviousRawEdge-CatmullRomRGB-Fixed080,1.5171983242034912,38.474356095404644,2.3016197681427,2.3439478874206543
168,leaves,O-T2X-R,2.7127604484558105,33.93446730417927,7.242135047912598,9.350483894348145
168,leaves,ABL-ET2X-R-PreviousRawEdge-CatmullRomRGB,2.6822590827941895,33.48052046474804,8.143404960632324,11.382978439331055
168,leaves,ABL-ET2X-R-PreviousRawEdge-CatmullRomRGB-Fixed080,2.9359700679779053,33.09870176153553,7.3647780418396,9.35998821258545
168,grass-seam,O-T2X-R,1.8741225004196167,37.91100784958309,4.8829216957092285,5.143985748291016
168,grass-seam,ABL-ET2X-R-PreviousRawEdge-CatmullRomRGB,1.5170055627822876,39.082100704732696,5.110662937164307,6.073162078857422
168,grass-seam,ABL-ET2X-R-PreviousRawEdge-CatmullRomRGB-Fixed080,1.7653111219406128,38.089370206156936,4.978469371795654,5.476710796356201
169,seams,O-T2X-R,1.767578125,35.6489068207057,2.0695223808288574,1.6901195049285889
169,seams,ABL-ET2X-R-PreviousRawEdge-CatmullRomRGB,1.4274088144302368,37.36696680516039,2.145686626434326,2.3544487953186035
169,seams,ABL-ET2X-R-PreviousRawEdge-CatmullRomRGB-Fixed080,1.4715006351470947,36.651088136524116,1.9390729665756226,1.8805692195892334
169,thin-seam,O-T2X-R,1.8253037929534912,36.03025188472516,2.5758981704711914,1.6868038177490234
169,thin-seam,ABL-ET2X-R-PreviousRawEdge-CatmullRomRGB,1.4258354902267456,38.82402025533222,2.8167190551757812,3.2644288539886475
169,thin-seam,ABL-ET2X-R-PreviousRawEdge-CatmullRomRGB-Fixed080,1.6126302480697632,36.72289808985808,2.51544451713562,2.5332095623016357
169,leaves,O-T2X-R,2.9551594257354736,33.32542188469826,7.089397430419922,10.156679153442383
169,leaves,ABL-ET2X-R-PreviousRawEdge-CatmullRomRGB,2.679003953933716,33.53738940497835,8.228601455688477,11.578041076660156
169,leaves,ABL-ET2X-R-PreviousRawEdge-CatmullRomRGB-Fixed080,2.8800456523895264,33.275289907768986,7.438388824462891,9.58772087097168
169,grass-seam,O-T2X-R,2.0152504444122314,37.470853117552124,4.6759562492370605,5.795814514160156
169,grass-seam,ABL-ET2X-R-PreviousRawEdge-CatmullRomRGB,1.5323771238327026,39.08242812397849,5.178110599517822,6.05618953704834
169,grass-seam,ABL-ET2X-R-PreviousRawEdge-CatmullRomRGB-Fixed080,1.755628228187561,38.27770999023033,5.036895751953125,5.531414031982422
170,seams,O-T2X-R,1.9115885496139526,34.9913078770098,1.8956019878387451,3.0372402667999268
170,seams,ABL-ET2X-R-PreviousRawEdge-CatmullRomRGB,1.4631022214889526,37.37532821718353,1.9047250747680664,2.2092032432556152
170,seams,ABL-ET2X-R-PreviousRawEdge-CatmullRomRGB-Fixed080,1.4467610120773315,37.770249852525055,1.8856483697891235,1.8126811981201172
170,thin-seam,O-T2X-R,1.9487847089767456,36.50006254835304,2.3357737064361572,3.7671260833740234
170,thin-seam,ABL-ET2X-R-PreviousRawEdge-CatmullRomRGB,1.5474175214767456,37.44207129733252,2.3694112300872803,2.9624860286712646
170,thin-seam,ABL-ET2X-R-PreviousRawEdge-CatmullRomRGB-Fixed080,1.4802517890930176,37.848175488403776,2.3420321941375732,2.36981201171875
170,leaves,O-T2X-R,2.7211263179779053,34.052746814821894,7.303699493408203,9.257634162902832
170,leaves,ABL-ET2X-R-PreviousRawEdge-CatmullRomRGB,2.7366700172424316,33.232822787377174,8.222987174987793,11.573012351989746
170,leaves,ABL-ET2X-R-PreviousRawEdge-CatmullRomRGB-Fixed080,2.896240234375,33.15720742465515,7.500119686126709,9.714563369750977
170,grass-seam,O-T2X-R,1.8717622756958008,38.248311782340984,4.852051258087158,5.031811714172363
170,grass-seam,ABL-ET2X-R-PreviousRawEdge-CatmullRomRGB,1.5725611448287964,38.91143398821637,5.198677062988281,6.160073280334473
170,grass-seam,ABL-ET2X-R-PreviousRawEdge-CatmullRomRGB-Fixed080,1.7746307849884033,38.247960730211986,5.053205966949463,5.549806594848633
171,seams,O-T2X-R,1.985986351966858,34.054048757357435,1.8359829187393188,1.4851890802383423
171,seams,ABL-ET2X-R-PreviousRawEdge-CatmullRomRGB,1.5215657949447632,37.22534955135789,2.256279468536377,2.489915370941162
171,seams,ABL-ET2X-R-PreviousRawEdge-CatmullRomRGB-Fixed080,1.5134928226470947,37.556345265083834,1.9845192432403564,2.1073877811431885
171,thin-seam,O-T2X-R,2.3743488788604736,32.316999831697316,2.247553825378418,1.5642423629760742
171,thin-seam,ABL-ET2X-R-PreviousRawEdge-CatmullRomRGB,1.5311415195465088,38.95890205918052,3.049053430557251,3.3755569458007812
171,thin-seam,ABL-ET2X-R-PreviousRawEdge-CatmullRomRGB-Fixed080,1.6686197519302368,37.269763147361,2.5581886768341064,2.7579901218414307
171,leaves,O-T2X-R,2.969205617904663,33.26891189711394,7.002895355224609,10.0408296585083
171,leaves,ABL-ET2X-R-PreviousRawEdge-CatmullRomRGB,2.6649739742279053,33.472639366617635,8.114570617675781,11.360174179077148
171,leaves,ABL-ET2X-R-PreviousRawEdge-CatmullRomRGB-Fixed080,2.874544382095337,33.248120317160954,7.516655921936035,9.729243278503418
171,grass-seam,O-T2X-R,1.9672597646713257,37.83455429696349,4.658828258514404,5.819286346435547
171,grass-seam,ABL-ET2X-R-PreviousRawEdge-CatmullRomRGB,1.5371581315994263,39.265923628075626,5.108352184295654,6.114474296569824
171,grass-seam,ABL-ET2X-R-PreviousRawEdge-CatmullRomRGB-Fixed080,1.7609537839889526,38.43443654899305,4.986191749572754,5.5201640129089355
172,seams,O-T2X-R,2.0213541984558105,34.7427770894469,2.1979618072509766,3.0694732666015625
172,seams,ABL-ET2X-R-PreviousRawEdge-CatmullRomRGB,1.4634603261947632,37.344561237292034,2.1395199298858643,2.490731716156006
172,seams,ABL-ET2X-R-PreviousRawEdge-CatmullRomRGB-Fixed080,1.47216796875,37.29729875339524,1.9947611093521118,1.9480518102645874
172,thin-seam,O-T2X-R,2.384385824203491,33.34631468507706,2.816873550415039,3.8934285640716553
172,thin-seam,ABL-ET2X-R-PreviousRawEdge-CatmullRomRGB,1.3377821445465088,39.78896224908629,2.4813079833984375,3.020838499069214
172,thin-seam,ABL-ET2X-R-PreviousRawEdge-CatmullRomRGB-Fixed080,1.4182400703430176,38.39977067688194,2.541064500808716,2.335819721221924
172,leaves,O-T2X-R,2.7298665046691895,33.93883464945017,7.134502410888672,8.804754257202148
172,leaves,ABL-ET2X-R-PreviousRawEdge-CatmullRomRGB,2.629850149154663,33.54893166828402,8.029379844665527,11.092445373535156
172,leaves,ABL-ET2X-R-PreviousRawEdge-CatmullRomRGB-Fixed080,2.8570475578308105,33.28018482905678,7.498924255371094,9.676137924194336
172,grass-seam,O-T2X-R,1.8380537033081055,38.54404169961789,4.993442058563232,5.1212029457092285
172,grass-seam,ABL-ET2X-R-PreviousRawEdge-CatmullRomRGB,1.550714135169983,39.00508039972125,5.217520236968994,6.120086193084717
172,grass-seam,ABL-ET2X-R-PreviousRawEdge-CatmullRomRGB-Fixed080,1.7746913433074951,38.2993228943399,5.098690509796143,5.543592929840088
173,seams,O-T2X-R,1.7832682132720947,36.29341706380732,2.0640881061553955,1.7789394855499268
173,seams,ABL-ET2X-R-PreviousRawEdge-CatmullRomRGB,1.556054711341858,36.45530366903864,2.1201539039611816,2.3899950981140137
173,seams,ABL-ET2X-R-PreviousRawEdge-CatmullRomRGB-Fixed080,1.5787760019302368,36.34881185120604,2.0203487873077393,2.1248574256896973
173,thin-seam,O-T2X-R,2.0436198711395264,35.47536815792649,2.474191904067993,1.9065061807632446
173,thin-seam,ABL-ET2X-R-PreviousRawEdge-CatmullRomRGB,1.55419921875,38.09777765166529,2.641906499862671,3.258399248123169
173,thin-seam,ABL-ET2X-R-PreviousRawEdge-CatmullRomRGB-Fixed080,1.5643988847732544,37.79609928777317,2.4441118240356445,2.8583900928497314
173,leaves,O-T2X-R,2.9686198234558105,33.21635225368419,6.93865442276001,9.564875602722168
173,leaves,ABL-ET2X-R-PreviousRawEdge-CatmullRomRGB,2.5956380367279053,33.656618912460964,7.949400424957275,10.855428695678711
173,leaves,ABL-ET2X-R-PreviousRawEdge-CatmullRomRGB-Fixed080,2.823274850845337,33.36192432452472,7.422879695892334,9.513145446777344
173,grass-seam,O-T2X-R,1.9888646602630615,37.78196975472093,4.732233047485352,5.767092227935791
173,grass-seam,ABL-ET2X-R-PreviousRawEdge-CatmullRomRGB,1.502360224723816,39.14544628485137,5.213357925415039,6.140548229217529
173,grass-seam,ABL-ET2X-R-PreviousRawEdge-CatmullRomRGB-Fixed080,1.760288119316101,38.28018442227595,5.090770721435547,5.582386493682861
174,seams,O-T2X-R,1.8551106452941895,34.99331892402352,2.037287712097168,3.2034029960632324
174,seams,ABL-ET2X-R-PreviousRawEdge-CatmullRomRGB,1.6309244632720947,35.901810759229484,2.15218448638916,2.6063127517700195
174,seams,ABL-ET2X-R-PreviousRawEdge-CatmullRomRGB-Fixed080,1.6508138179779053,35.759422937758714,1.9842621088027954,2.1306068897247314
174,thin-seam,O-T2X-R,2.277452230453491,33.5246210345433,2.5793468952178955,3.941493272781372
174,thin-seam,ABL-ET2X-R-PreviousRawEdge-CatmullRomRGB,1.5496419668197632,38.62721956905106,2.819157838821411,3.532061815261841
174,thin-seam,ABL-ET2X-R-PreviousRawEdge-CatmullRomRGB-Fixed080,1.6771376132965088,37.06457260062257,2.5694162845611572,2.69219970703125
174,leaves,O-T2X-R,2.7412109375,33.9632719336677,6.998437404632568,8.650752067565918
174,leaves,ABL-ET2X-R-PreviousRawEdge-CatmullRomRGB,2.5765461921691895,33.77954887671602,7.851057529449463,10.778069496154785
174,leaves,ABL-ET2X-R-PreviousRawEdge-CatmullRomRGB-Fixed080,2.817089796066284,33.41175370095397,7.358455657958984,9.411575317382812
174,grass-seam,O-T2X-R,1.8137860298156738,38.41949557950282,5.030949115753174,5.067337512969971
174,grass-seam,ABL-ET2X-R-PreviousRawEdge-CatmullRomRGB,1.4727668762207031,39.128382165784906,5.147749900817871,6.152604579925537
174,grass-seam,ABL-ET2X-R-PreviousRawEdge-CatmullRomRGB-Fixed080,1.7414064407348633,38.212116393239015,5.046520709991455,5.628502368927002
175,seams,O-T2X-R,1.7708008289337158,36.290158647371854,1.9069715738296509,1.6832679510116577
175,seams,ABL-ET2X-R-PreviousRawEdge-CatmullRomRGB,1.5338541269302368,37.69137643184477,2.1445751190185547,2.5640695095062256
175,seams,ABL-ET2X-R-PreviousRawEdge-CatmullRomRGB-Fixed080,1.6384114027023315,36.43927161273836,1.9663480520248413,2.045809268951416
175,thin-seam,O-T2X-R,1.8137478828430176,36.63534190378463,2.627934694290161,2.0966148376464844
175,thin-seam,ABL-ET2X-R-PreviousRawEdge-CatmullRomRGB,1.5544705390930176,37.84671849134373,2.6345269680023193,3.3673503398895264
175,thin-seam,ABL-ET2X-R-PreviousRawEdge-CatmullRomRGB-Fixed080,1.6145291328430176,37.218910105974544,2.486868143081665,2.665726900100708
175,leaves,O-T2X-R,2.9683594703674316,33.262441714853175,6.854905128479004,9.457540512084961
175,leaves,ABL-ET2X-R-PreviousRawEdge-CatmullRomRGB,2.637923240661621,33.529188609796314,7.775052547454834,10.566852569580078
175,leaves,ABL-ET2X-R-PreviousRawEdge-CatmullRomRGB-Fixed080,2.850292921066284,33.30633893158193,7.291395664215088,9.292948722839355
175,grass-seam,O-T2X-R,1.9344589710235596,37.850737962218474,4.834975719451904,6.032004356384277
175,grass-seam,ABL-ET2X-R-PreviousRawEdge-CatmullRomRGB,1.478697657585144,39.15052904533673,5.21251916885376,6.109437465667725
175,grass-seam,ABL-ET2X-R-PreviousRawEdge-CatmullRomRGB-Fixed080,1.7109053134918213,38.40536155303712,5.0425639152526855,5.566061019897461
176,seams,O-T2X-R,1.8014811277389526,36.03932460931802,2.160381317138672,3.1030397415161133
176,seams,ABL-ET2X-R-PreviousRawEdge-CatmullRomRGB,1.3725911378860474,38.4496390290369,2.2627131938934326,2.5501065254211426
176,seams,ABL-ET2X-R-PreviousRawEdge-CatmullRomRGB-Fixed080,1.4723632335662842,36.941589041498666,2.0017952919006348,2.0322999954223633
176,thin-seam,O-T2X-R,1.9699435234069824,35.54747735021102,2.6280393600463867,3.9165122509002686
176,thin-seam,ABL-ET2X-R-PreviousRawEdge-CatmullRomRGB,1.4345703125,38.690091315784876,2.770625114440918,3.2779598236083984
176,thin-seam,ABL-ET2X-R-PreviousRawEdge-CatmullRomRGB-Fixed080,1.4519857168197632,37.89789029365034,2.4742729663848877,2.5483717918395996
176,leaves,O-T2X-R,2.7562825679779053,33.89095195917435,6.963980674743652,8.62360954284668
176,leaves,ABL-ET2X-R-PreviousRawEdge-CatmullRomRGB,2.6407389640808105,33.441018913754675,7.845412254333496,10.668381690979004
176,leaves,ABL-ET2X-R-PreviousRawEdge-CatmullRomRGB-Fixed080,2.8446614742279053,33.25216842325914,7.284541130065918,9.227713584899902
176,grass-seam,O-T2X-R,1.8884047269821167,38.16759699015999,4.890337944030762,5.121616363525391
176,grass-seam,ABL-ET2X-R-PreviousRawEdge-CatmullRomRGB,1.4682279825210571,39.09770295373112,5.330265522003174,6.145727157592773
176,grass-seam,ABL-ET2X-R-PreviousRawEdge-CatmullRomRGB-Fixed080,1.7084846496582031,38.32151082597487,5.156698226928711,5.523288726806641
177,seams,O-T2X-R,1.8428385257720947,34.886813553458644,1.8995720148086548,1.613532304763794
177,seams,ABL-ET2X-R-PreviousRawEdge-CatmullRomRGB,1.4789388179779053,37.4180501066129,2.1149611473083496,2.4889233112335205
177,seams,ABL-ET2X-R-PreviousRawEdge-CatmullRomRGB-Fixed080,1.5629719495773315,36.46699287945922,2.019840955734253,1.9364912509918213
177,thin-seam,O-T2X-R,1.9854058027267456,34.82197591623588,2.4384348392486572,1.803018569946289
177,thin-seam,ABL-ET2X-R-PreviousRawEdge-CatmullRomRGB,1.4822591543197632,38.29104718992855,2.601773977279663,3.1135318279266357
177,thin-seam,ABL-ET2X-R-PreviousRawEdge-CatmullRomRGB-Fixed080,1.5188802480697632,37.74472616023951,2.439610004425049,2.3030402660369873
177,leaves,O-T2X-R,2.937793016433716,33.3423451189623,6.812737464904785,9.506778717041016
177,leaves,ABL-ET2X-R-PreviousRawEdge-CatmullRomRGB,2.689453125,33.164349037656876,7.8765387535095215,10.854970932006836
177,leaves,ABL-ET2X-R-PreviousRawEdge-CatmullRomRGB-Fixed080,2.8788411617279053,33.080646997201036,7.269129276275635,9.259164810180664
177,grass-seam,O-T2X-R,1.8548777103424072,38.309142634704855,4.744375228881836,5.714154243469238
177,grass-seam,ABL-ET2X-R-PreviousRawEdge-CatmullRomRGB,1.4643548727035522,39.187614898291315,5.22699499130249,6.164705753326416
177,grass-seam,ABL-ET2X-R-PreviousRawEdge-CatmullRomRGB-Fixed080,1.7341443300247192,38.24733996929835,5.095216274261475,5.592718601226807
178,seams,O-T2X-R,1.9475911855697632,34.79345830086881,2.2514445781707764,3.2383735179901123
178,seams,ABL-ET2X-R-PreviousRawEdge-CatmullRomRGB,1.4755859375,38.58108043481319,2.0397682189941406,2.2800192832946777
178,seams,ABL-ET2X-R-PreviousRawEdge-CatmullRomRGB-Fixed080,1.6070150136947632,36.97016707919844,1.9730288982391357,1.929636001586914
178,thin-seam,O-T2X-R,2.0623371601104736,34.92149918572756,2.6028172969818115,4.03803825378418
178,thin-seam,ABL-ET2X-R-PreviousRawEdge-CatmullRomRGB,1.4798177480697632,38.79353037294657,2.579897880554199,2.9898808002471924
178,thin-seam,ABL-ET2X-R-PreviousRawEdge-CatmullRomRGB-Fixed080,1.5464409589767456,38.03115726197249,2.4637999534606934,2.4050204753875732
178,leaves,O-T2X-R,2.7236979007720947,33.9103274616882,7.074576377868652,8.643630981445312
178,leaves,ABL-ET2X-R-PreviousRawEdge-CatmullRomRGB,2.6814615726470947,33.1621846874874,7.878525733947754,10.901582717895508
178,leaves,ABL-ET2X-R-PreviousRawEdge-CatmullRomRGB-Fixed080,2.881054639816284,33.02417127320719,7.258791923522949,9.293399810791016
178,grass-seam,O-T2X-R,1.7726942300796509,38.940250637123846,4.982132434844971,5.164661884307861
178,grass-seam,ABL-ET2X-R-PreviousRawEdge-CatmullRomRGB,1.4263495206832886,39.7310751250198,5.144832134246826,6.114224433898926
178,grass-seam,ABL-ET2X-R-PreviousRawEdge-CatmullRomRGB-Fixed080,1.695896863937378,38.706159606258296,5.065252304077148,5.58687686920166
179,seams,O-T2X-R,1.9125651121139526,34.84678839737369,1.7779258489608765,1.8932726383209229
179,seams,ABL-ET2X-R-PreviousRawEdge-CatmullRomRGB,1.454492211341858,37.818744853086315,2.2734484672546387,2.5722742080688477
179,seams,ABL-ET2X-R-PreviousRawEdge-CatmullRomRGB-Fixed080,1.5353353023529053,36.74990043572124,2.045325756072998,2.065741539001465
179,thin-seam,O-T2X-R,2.0617947578430176,34.34252630294972,2.1976630687713623,2.084782838821411
179,thin-seam,ABL-ET2X-R-PreviousRawEdge-CatmullRomRGB,1.5296766757965088,38.56313576962154,2.8033487796783447,3.4228391647338867
179,thin-seam,ABL-ET2X-R-PreviousRawEdge-CatmullRomRGB-Fixed080,1.6200087070465088,37.42697719898683,2.5363402366638184,2.6910250186920166
179,leaves,O-T2X-R,2.89453125,33.528870213124065,6.864383697509766,9.476818084716797
179,leaves,ABL-ET2X-R-PreviousRawEdge-CatmullRomRGB,2.6105306148529053,33.50194909283249,7.908194065093994,10.854179382324219
179,leaves,ABL-ET2X-R-PreviousRawEdge-CatmullRomRGB-Fixed080,2.8388671875,33.231891519697626,7.269061088562012,9.264721870422363
179,grass-seam,O-T2X-R,1.912490963935852,38.077099961333076,4.674810886383057,5.784849643707275
179,grass-seam,ABL-ET2X-R-PreviousRawEdge-CatmullRomRGB,1.4238077402114868,39.86565654665239,5.185301303863525,6.082744598388672
179,grass-seam,ABL-ET2X-R-PreviousRawEdge-CatmullRomRGB-Fixed080,1.6796175241470337,38.926023584846014,5.089818954467773,5.5467376708984375
180,seams,O-T2X-R,2.0679688453674316,33.84413627778458,2.1335742473602295,2.961974620819092
180,seams,ABL-ET2X-R-PreviousRawEdge-CatmullRomRGB,1.6345378160476685,36.37274755931798,2.0926194190979004,2.382922649383545
180,seams,ABL-ET2X-R-PreviousRawEdge-CatmullRomRGB-Fixed080,1.6416015625,36.2255626068426,2.059295654296875,1.9230390787124634
180,thin-seam,O-T2X-R,2.355523109436035,33.053835925718076,2.514410972595215,3.51788592338562
180,thin-seam,ABL-ET2X-R-PreviousRawEdge-CatmullRomRGB,1.6156684160232544,37.08899062998127,2.514300584793091,3.178981065750122
180,thin-seam,ABL-ET2X-R-PreviousRawEdge-CatmullRomRGB-Fixed080,1.6222330331802368,37.22334338245405,2.406440496444702,2.431335210800171
180,leaves,O-T2X-R,2.662386178970337,34.22051310067286,7.0141706466674805,8.544849395751953
180,leaves,ABL-ET2X-R-PreviousRawEdge-CatmullRomRGB,2.576122999191284,33.628650811353786,7.9213056564331055,10.801473617553711
180,leaves,ABL-ET2X-R-PreviousRawEdge-CatmullRomRGB-Fixed080,2.8069498538970947,33.32899542900902,7.31658411026001,9.273881912231445
180,grass-seam,O-T2X-R,1.8118494749069214,38.731920871286285,4.926960468292236,4.986077308654785
180,grass-seam,ABL-ET2X-R-PreviousRawEdge-CatmullRomRGB,1.4511619806289673,39.64821151065257,5.149959564208984,6.136114597320557
180,grass-seam,ABL-ET2X-R-PreviousRawEdge-CatmullRomRGB-Fixed080,1.6752601861953735,38.86671152714117,5.021573066711426,5.537235736846924
181,seams,O-T2X-R,1.7432780265808105,36.55701221404265,1.8863261938095093,2.8458430767059326
181,seams,ABL-ET2X-R-PreviousRawEdge-CatmullRomRGB,1.8245768547058105,34.72332290870736,0.32360443472862244,2.069002389907837
181,seams,ABL-ET2X-R-PreviousRawEdge-CatmullRomRGB-Fixed080,1.6967284679412842,35.689365707599706,0.2485664337873459,2.034085512161255
181,thin-seam,O-T2X-R,1.7615017890930176,36.77859342837749,2.427645683288574,3.5026190280914307
181,thin-seam,ABL-ET2X-R-PreviousRawEdge-CatmullRomRGB,1.8964301347732544,34.61695485263695,0.5453960299491882,2.453645944595337
181,thin-seam,ABL-ET2X-R-PreviousRawEdge-CatmullRomRGB-Fixed080,1.68798828125,36.842274138111335,0.40939804911613464,2.386472702026367
181,leaves,O-T2X-R,3.738964796066284,31.884250339504593,3.5952630043029785,9.493305206298828
181,leaves,ABL-ET2X-R-PreviousRawEdge-CatmullRomRGB,2.8622395992279053,32.367626445762845,0.7933792471885681,8.027629852294922
181,leaves,ABL-ET2X-R-PreviousRawEdge-CatmullRomRGB-Fixed080,2.7007813453674316,33.40822563789935,0.474696546792984,7.420629024505615
181,grass-seam,O-T2X-R,2.654986619949341,35.90262842656194,2.4295578002929688,6.8999857902526855
181,grass-seam,ABL-ET2X-R-PreviousRawEdge-CatmullRomRGB,1.5033284425735474,39.00819976797068,0.3717018663883209,5.231598377227783
181,grass-seam,ABL-ET2X-R-PreviousRawEdge-CatmullRomRGB-Fixed080,1.581336259841919,39.0838355343718,0.2247018963098526,5.093127250671387
182,seams,O-T2X-R,1.2729328870773315,38.302918288406566,0.9531251192092896,2.6548001766204834
182,seams,ABL-ET2X-R-PreviousRawEdge-CatmullRomRGB,1.8498860597610474,34.454869635812685,0.037019599229097366,0.2869948744773865
182,seams,ABL-ET2X-R-PreviousRawEdge-CatmullRomRGB-Fixed080,1.7000325918197632,35.65099119946095,0.0756448358297348,0.17324469983577728
182,thin-seam,O-T2X-R,1.2390950918197632,39.47512344066054,1.0935508012771606,3.316465377807617
182,thin-seam,ABL-ET2X-R-PreviousRawEdge-CatmullRomRGB,1.939453125,34.151271650483835,0.06424269825220108,0.48115333914756775
182,thin-seam,ABL-ET2X-R-PreviousRawEdge-CatmullRomRGB-Fixed080,1.7251518964767456,36.486810291369466,0.10207843035459518,0.3073432743549347
182,leaves,O-T2X-R,2.4217610359191895,34.537924850979046,2.816697359085083,6.329148769378662
182,leaves,ABL-ET2X-R-PreviousRawEdge-CatmullRomRGB,2.9029622077941895,32.17742042191868,0.059098951518535614,0.7356410026550293
182,leaves,ABL-ET2X-R-PreviousRawEdge-CatmullRomRGB-Fixed080,2.6612305641174316,33.4593394431542,0.2268078774213791,0.2509736120700836
182,grass-seam,O-T2X-R,1.468409538269043,39.96791720984325,1.932512879371643,4.285205364227295
182,grass-seam,ABL-ET2X-R-PreviousRawEdge-CatmullRomRGB,1.5125877857208252,38.93234118740475,0.014730061404407024,0.3572310507297516
182,grass-seam,ABL-ET2X-R-PreviousRawEdge-CatmullRomRGB-Fixed080,1.5437545776367188,39.212493334065094,0.08300567418336868,0.1425749659538269
183,seams,O-T2X-R,1.2729328870773315,38.302918288406566,0.0,0.9531251192092896
183,seams,ABL-ET2X-R-PreviousRawEdge-CatmullRomRGB,1.8612792491912842,34.309169826107436,0.01234485674649477,0.02494935318827629
183,seams,ABL-ET2X-R-PreviousRawEdge-CatmullRomRGB-Fixed080,1.7123534679412842,35.523116064108606,0.05555911734700203,0.020426269620656967
183,thin-seam,O-T2X-R,1.2390950918197632,39.47512344066054,0.0,1.0935508012771606
183,thin-seam,ABL-ET2X-R-PreviousRawEdge-CatmullRomRGB,1.9579535722732544,33.91256763188872,0.02317022532224655,0.04107249900698662
183,thin-seam,ABL-ET2X-R-PreviousRawEdge-CatmullRomRGB-Fixed080,1.7629666328430176,36.072452001518094,0.07627735286951065,0.02580118365585804
183,leaves,O-T2X-R,2.4217610359191895,34.537924850979046,0.0,2.816697359085083
183,leaves,ABL-ET2X-R-PreviousRawEdge-CatmullRomRGB,2.9178709983825684,32.08548823793388,0.016957338899374008,0.04324880614876747
183,leaves,ABL-ET2X-R-PreviousRawEdge-CatmullRomRGB-Fixed080,2.6675944328308105,33.383219599254545,0.17043115198612213,0.05867563560605049
183,grass-seam,O-T2X-R,1.468409538269043,39.96791720984325,0.0,1.932512879371643
183,grass-seam,ABL-ET2X-R-PreviousRawEdge-CatmullRomRGB,1.5133744478225708,38.92044037051845,0.0017256677383556962,0.01310780644416809
183,grass-seam,ABL-ET2X-R-PreviousRawEdge-CatmullRomRGB-Fixed080,1.527172565460205,39.25266598018296,0.055578432977199554,0.02817636728286743
184,seams,O-T2X-R,1.2729328870773315,38.302918288406566,0.0,0.0
184,seams,ABL-ET2X-R-PreviousRawEdge-CatmullRomRGB,1.865966796875,34.2451566979682,0.004083105828613043,0.00848936103284359
184,seams,ABL-ET2X-R-PreviousRawEdge-CatmullRomRGB-Fixed080,1.7331054210662842,35.3618269471064,0.042775191366672516,0.013114402070641518
184,thin-seam,O-T2X-R,1.2390950918197632,39.47512344066054,0.0,0.0
184,thin-seam,ABL-ET2X-R-PreviousRawEdge-CatmullRomRGB,1.9657118320465088,33.80858751325598,0.007777900900691748,0.015392324887216091
184,thin-seam,ABL-ET2X-R-PreviousRawEdge-CatmullRomRGB-Fixed080,1.7964409589767456,35.679684420745794,0.06051086261868477,0.01576668955385685
184,leaves,O-T2X-R,2.4217610359191895,34.537924850979046,0.0,0.0
184,leaves,ABL-ET2X-R-PreviousRawEdge-CatmullRomRGB,2.923095703125,32.04463968903361,0.0054591684602200985,0.011935464106500149
184,leaves,ABL-ET2X-R-PreviousRawEdge-CatmullRomRGB-Fixed080,2.695996046066284,33.243703881307674,0.12836259603500366,0.04414783790707588
184,grass-seam,O-T2X-R,1.468409538269043,39.96791720984325,0.0,0.0
184,grass-seam,ABL-ET2X-R-PreviousRawEdge-CatmullRomRGB,1.5134350061416626,38.91914798897935,0.00012984791828785092,0.0015958198346197605
184,grass-seam,ABL-ET2X-R-PreviousRawEdge-CatmullRomRGB-Fixed080,1.5234204530715942,39.2388718589986,0.037377551198005676,0.01833079382777214
185,seams,O-T2X-R,1.2729328870773315,38.302918288406566,0.0,0.0
185,seams,ABL-ET2X-R-PreviousRawEdge-CatmullRomRGB,1.868261694908142,34.210260594461026,0.002085978165268898,0.0020041880197823048
185,seams,ABL-ET2X-R-PreviousRawEdge-CatmullRomRGB-Fixed080,1.75146484375,35.198516360213496,0.03483773022890091,0.008261557668447495
185,thin-seam,O-T2X-R,1.2390950918197632,39.47512344066054,0.0,0.0
185,thin-seam,ABL-ET2X-R-PreviousRawEdge-CatmullRomRGB,1.9701063632965088,33.7462162775332,0.004208075348287821,0.003569840220734477
185,thin-seam,ABL-ET2X-R-PreviousRawEdge-CatmullRomRGB-Fixed080,1.8245443105697632,35.332046616426474,0.05040765926241875,0.010103349573910236
185,leaves,O-T2X-R,2.4217610359191895,34.537924850979046,0.0,0.0
185,leaves,ABL-ET2X-R-PreviousRawEdge-CatmullRomRGB,2.924527883529663,32.03092746425344,0.0012105850037187338,0.0042485869489610195
185,leaves,ABL-ET2X-R-PreviousRawEdge-CatmullRomRGB-Fixed080,2.7290689945220947,33.08773685496365,0.09693465381860733,0.0329328253865242
185,grass-seam,O-T2X-R,1.468409538269043,39.96791720984325,0.0,0.0
185,grass-seam,ABL-ET2X-R-PreviousRawEdge-CatmullRomRGB,1.5134350061416626,38.91914798897935,0.0,0.00012984791828785092
185,grass-seam,ABL-ET2X-R-PreviousRawEdge-CatmullRomRGB-Fixed080,1.5262647867202759,39.19865812692715,0.02489187754690647,0.012718907557427883
186,seams,O-T2X-R,1.2729328870773315,38.302918288406566,0.0,0.0
186,seams,ABL-ET2X-R-PreviousRawEdge-CatmullRomRGB,1.8686686754226685,34.20298991085411,0.0004883419605903327,0.0015976384747773409
186,seams,ABL-ET2X-R-PreviousRawEdge-CatmullRomRGB-Fixed080,1.7675944566726685,35.03875548757269,0.026416480541229248,0.008682320825755596
186,thin-seam,O-T2X-R,1.2390950918197632,39.47512344066054,0.0,0.0
186,thin-seam,ABL-ET2X-R-PreviousRawEdge-CatmullRomRGB,1.9712456464767456,33.72836984608477,0.001580800861120224,0.002627277048304677
186,thin-seam,ABL-ET2X-R-PreviousRawEdge-CatmullRomRGB-Fixed080,1.8466796875,35.035851137918414,0.03799257054924965,0.012415164150297642
186,leaves,O-T2X-R,2.4217610359191895,34.537924850979046,0.0,0.0
186,leaves,ABL-ET2X-R-PreviousRawEdge-CatmullRomRGB,2.9249186515808105,32.02633518054262,0.0002570897340774536,0.0009534964337944984
186,leaves,ABL-ET2X-R-PreviousRawEdge-CatmullRomRGB-Fixed080,2.7621419429779053,32.93321113151945,0.0686693862080574,0.030040085315704346
186,grass-seam,O-T2X-R,1.468409538269043,39.96791720984325,0.0,0.0
186,grass-seam,ABL-ET2X-R-PreviousRawEdge-CatmullRomRGB,1.5134350061416626,38.91914798897935,0.0,0.0
186,grass-seam,ABL-ET2X-R-PreviousRawEdge-CatmullRomRGB-Fixed080,1.53074312210083,39.155251480801965,0.012113191187381744,0.013113792985677719
187,seams,O-T2X-R,1.2729328870773315,38.302918288406566,0.0,0.0
187,seams,ABL-ET2X-R-PreviousRawEdge-CatmullRomRGB,1.8686686754226685,34.20298991085411,0.0,0.0004883419605903327
187,seams,ABL-ET2X-R-PreviousRawEdge-CatmullRomRGB-Fixed080,1.781005859375,34.88899431653372,0.019284728914499283,0.007201194763183594
187,thin-seam,O-T2X-R,1.2390950918197632,39.47512344066054,0.0,0.0
187,thin-seam,ABL-ET2X-R-PreviousRawEdge-CatmullRomRGB,1.9712456464767456,33.72836984608477,0.0,0.001580800861120224
187,thin-seam,ABL-ET2X-R-PreviousRawEdge-CatmullRomRGB-Fixed080,1.8646376132965088,34.77576518781091,0.02795681171119213,0.010035861283540726
187,leaves,O-T2X-R,2.4217610359191895,34.537924850979046,0.0,0.0
187,leaves,ABL-ET2X-R-PreviousRawEdge-CatmullRomRGB,2.925032615661621,32.02474255104591,6.581060733878985e-05,0.00019127913401462138
187,leaves,ABL-ET2X-R-PreviousRawEdge-CatmullRomRGB-Fixed080,2.7904295921325684,32.79607267030309,0.049095429480075836,0.020700080320239067
187,grass-seam,O-T2X-R,1.468409538269043,39.96791720984325,0.0,0.0
187,grass-seam,ABL-ET2X-R-PreviousRawEdge-CatmullRomRGB,1.5134350061416626,38.91914798897935,0.0,0.0
187,grass-seam,ABL-ET2X-R-PreviousRawEdge-CatmullRomRGB-Fixed080,1.5343742370605469,39.11926449233221,0.006927322596311569,0.005341803189367056
188,seams,O-T2X-R,1.2729328870773315,38.302918288406566,0.0,0.0
188,seams,ABL-ET2X-R-PreviousRawEdge-CatmullRomRGB,1.8686686754226685,34.20298991085411,0.0,0.0
188,seams,ABL-ET2X-R-PreviousRawEdge-CatmullRomRGB-Fixed080,1.7923665046691895,34.758125574997536,0.014164559543132782,0.005258140619844198
188,thin-seam,O-T2X-R,1.2390950918197632,39.47512344066054,0.0,0.0
188,thin-seam,ABL-ET2X-R-PreviousRawEdge-CatmullRomRGB,1.9712456464767456,33.72836984608477,0.0,0.0
188,thin-seam,ABL-ET2X-R-PreviousRawEdge-CatmullRomRGB-Fixed080,1.8795030117034912,34.56319630373113,0.01929856278002262,0.008658329956233501
188,leaves,O-T2X-R,2.4217610359191895,34.537924850979046,0.0,0.0
188,leaves,ABL-ET2X-R-PreviousRawEdge-CatmullRomRGB,2.925032615661621,32.02474255104591,0.0,6.581060733878985e-05
188,leaves,ABL-ET2X-R-PreviousRawEdge-CatmullRomRGB-Fixed080,2.8133463859558105,32.6792914396441,0.03491444140672684,0.015139838680624962
188,grass-seam,O-T2X-R,1.468409538269043,39.96791720984325,0.0,0.0
188,grass-seam,ABL-ET2X-R-PreviousRawEdge-CatmullRomRGB,1.5134350061416626,38.91914798897935,0.0,0.0
188,grass-seam,ABL-ET2X-R-PreviousRawEdge-CatmullRomRGB-Fixed080,1.536552906036377,39.09366607800037,0.0041387444362044334,0.0028410532977432013
189,seams,O-T2X-R,1.2729328870773315,38.302918288406566,0.0,0.0
189,seams,ABL-ET2X-R-PreviousRawEdge-CatmullRomRGB,1.8686686754226685,34.20298991085411,0.0,0.0
189,seams,ABL-ET2X-R-PreviousRawEdge-CatmullRomRGB-Fixed080,1.8013997077941895,34.65041855322043,0.010385626927018166,0.003946224227547646
189,thin-seam,O-T2X-R,1.2390950918197632,39.47512344066054,0.0,0.0
189,thin-seam,ABL-ET2X-R-PreviousRawEdge-CatmullRomRGB,1.9712456464767456,33.72836984608477,0.0,0.0
189,thin-seam,ABL-ET2X-R-PreviousRawEdge-CatmullRomRGB-Fixed080,1.8921983242034912,34.387133495044665,0.014914500527083874,0.0043841153383255005
189,leaves,O-T2X-R,2.4217610359191895,34.537924850979046,0.0,0.0
189,leaves,ABL-ET2X-R-PreviousRawEdge-CatmullRomRGB,2.925032615661621,32.02474255104591,0.0,0.0
189,leaves,ABL-ET2X-R-PreviousRawEdge-CatmullRomRGB-Fixed080,2.830859422683716,32.58386594386983,0.024183975532650948,0.011265807785093784
189,grass-seam,O-T2X-R,1.468409538269043,39.96791720984325,0.0,0.0
189,grass-seam,ABL-ET2X-R-PreviousRawEdge-CatmullRomRGB,1.5134350061416626,38.91914798897935,0.0,0.0
189,grass-seam,ABL-ET2X-R-PreviousRawEdge-CatmullRomRGB-Fixed080,1.538065791130066,39.077784173060714,0.001983474940061569,0.00215528323315084
190,seams,O-T2X-R,1.2729328870773315,38.302918288406566,0.0,0.0
190,seams,ABL-ET2X-R-PreviousRawEdge-CatmullRomRGB,1.8686686754226685,34.20298991085411,0.0,0.0
190,seams,ABL-ET2X-R-PreviousRawEdge-CatmullRomRGB-Fixed080,1.8078938722610474,34.573731744276806,0.007317344658076763,0.003158805426210165
190,thin-seam,O-T2X-R,1.2390950918197632,39.47512344066054,0.0,0.0
190,thin-seam,ABL-ET2X-R-PreviousRawEdge-CatmullRomRGB,1.9712456464767456,33.72836984608477,0.0,0.0
190,thin-seam,ABL-ET2X-R-PreviousRawEdge-CatmullRomRGB-Fixed080,1.9003363847732544,34.269281416105144,0.009462046436965466,0.005452471319586039
190,leaves,O-T2X-R,2.4217610359191895,34.537924850979046,0.0,0.0
190,leaves,ABL-ET2X-R-PreviousRawEdge-CatmullRomRGB,2.925032615661621,32.02474255104591,0.0,0.0
190,leaves,ABL-ET2X-R-PreviousRawEdge-CatmullRomRGB-Fixed080,2.8436036109924316,32.507656194186,0.016326311975717545,0.008364262990653515
190,grass-seam,O-T2X-R,1.468409538269043,39.96791720984325,0.0,0.0
190,grass-seam,ABL-ET2X-R-PreviousRawEdge-CatmullRomRGB,1.5134350061416626,38.91914798897935,0.0,0.0
190,grass-seam,ABL-ET2X-R-PreviousRawEdge-CatmullRomRGB-Fixed080,1.538731575012207,39.07082780147386,0.0010378331644460559,0.0009456418338231742
191,seams,O-T2X-R,1.2729328870773315,38.302918288406566,0.0,0.0
191,seams,ABL-ET2X-R-PreviousRawEdge-CatmullRomRGB,1.8686686754226685,34.20298991085411,0.0,0.0
191,seams,ABL-ET2X-R-PreviousRawEdge-CatmullRomRGB-Fixed080,1.8135579824447632,34.50792021052982,0.005427688825875521,0.0019531496800482273
191,thin-seam,O-T2X-R,1.2390950918197632,39.47512344066054,0.0,0.0
191,thin-seam,ABL-ET2X-R-PreviousRawEdge-CatmullRomRGB,1.9712456464767456,33.72836984608477,0.0,0.0
191,thin-seam,ABL-ET2X-R-PreviousRawEdge-CatmullRomRGB-Fixed080,1.9072265625,34.171316605968684,0.0069751800037920475,0.0024868957698345184
191,leaves,O-T2X-R,2.4217610359191895,34.537924850979046,0.0,0.0
191,leaves,ABL-ET2X-R-PreviousRawEdge-CatmullRomRGB,2.925032615661621,32.02474255104591,0.0,0.0
191,leaves,ABL-ET2X-R-PreviousRawEdge-CatmullRomRGB-Fixed080,2.8526530265808105,32.44720651992139,0.0107896002009511,0.005959445144981146
191,grass-seam,O-T2X-R,1.468409538269043,39.96791720984325,0.0,0.0
191,grass-seam,ABL-ET2X-R-PreviousRawEdge-CatmullRomRGB,1.5134350061416626,38.91914798897935,0.0,0.0
191,grass-seam,ABL-ET2X-R-PreviousRawEdge-CatmullRomRGB-Fixed080,1.5389735698699951,39.06723920180296,0.00033689290285110474,0.0007009402615949512
192,seams,O-T2X-R,1.2729328870773315,38.302918288406566,0.0,0.0
192,seams,ABL-ET2X-R-PreviousRawEdge-CatmullRomRGB,1.8686686754226685,34.20298991085411,0.0,0.0
192,seams,ABL-ET2X-R-PreviousRawEdge-CatmullRomRGB-Fixed080,1.818457007408142,34.44867938154032,0.004457928705960512,0.0009909637738019228
192,thin-seam,O-T2X-R,1.2390950918197632,39.47512344066054,0.0,0.0
192,thin-seam,ABL-ET2X-R-PreviousRawEdge-CatmullRomRGB,1.9712456464767456,33.72836984608477,0.0,0.0
192,thin-seam,ABL-ET2X-R-PreviousRawEdge-CatmullRomRGB-Fixed080,1.9133028984069824,34.082919189243086,0.00618424266576767,0.0007910045678727329
192,leaves,O-T2X-R,2.4217610359191895,34.537924850979046,0.0,0.0
192,leaves,ABL-ET2X-R-PreviousRawEdge-CatmullRomRGB,2.925032615661621,32.02474255104591,0.0,0.0
192,leaves,ABL-ET2X-R-PreviousRawEdge-CatmullRomRGB-Fixed080,2.8592610359191895,32.400143213348315,0.007282859180122614,0.003652116283774376
192,grass-seam,O-T2X-R,1.468409538269043,39.96791720984325,0.0,0.0
192,grass-seam,ABL-ET2X-R-PreviousRawEdge-CatmullRomRGB,1.5134350061416626,38.91914798897935,0.0,0.0
192,grass-seam,ABL-ET2X-R-PreviousRawEdge-CatmullRomRGB-Fixed080,1.539155125617981,39.06459886668032,0.00029829159029759467,3.860130163957365e-05
193,seams,O-T2X-R,1.2729328870773315,38.302918288406566,0.0,0.0
193,seams,ABL-ET2X-R-PreviousRawEdge-CatmullRomRGB,1.8686686754226685,34.20298991085411,0.0,0.0
193,seams,ABL-ET2X-R-PreviousRawEdge-CatmullRomRGB-Fixed080,1.8218424320220947,34.404691885723274,0.003098041983321309,0.001388114644214511
193,thin-seam,O-T2X-R,1.2390950918197632,39.47512344066054,0.0,0.0
193,thin-seam,ABL-ET2X-R-PreviousRawEdge-CatmullRomRGB,1.9712456464767456,33.72836984608477,0.0,0.0
193,thin-seam,ABL-ET2X-R-PreviousRawEdge-CatmullRomRGB-Fixed080,1.9175889492034912,34.01885164232843,0.00475354352965951,0.001430721371434629
193,leaves,O-T2X-R,2.4217610359191895,34.537924850979046,0.0,0.0
193,leaves,ABL-ET2X-R-PreviousRawEdge-CatmullRomRGB,2.925032615661621,32.02474255104591,0.0,0.0
193,leaves,ABL-ET2X-R-PreviousRawEdge-CatmullRomRGB-Fixed080,2.863558053970337,32.36691940025982,0.004557020030915737,0.002808909397572279
193,grass-seam,O-T2X-R,1.468409538269043,39.96791720984325,0.0,0.0
193,grass-seam,ABL-ET2X-R-PreviousRawEdge-CatmullRomRGB,1.5134350061416626,38.91914798897935,0.0,0.0
193,grass-seam,ABL-ET2X-R-PreviousRawEdge-CatmullRomRGB-Fixed080,1.5392156839370728,39.0635236726601,0.00012984791828785092,0.00016844367200974375
194,seams,O-T2X-R,1.2729328870773315,38.302918288406566,0.0,0.0
194,seams,ABL-ET2X-R-PreviousRawEdge-CatmullRomRGB,1.8686686754226685,34.20298991085411,0.0,0.0
194,seams,ABL-ET2X-R-PreviousRawEdge-CatmullRomRGB-Fixed080,1.823632836341858,34.379128898186444,0.0016843840712681413,0.0014136735117062926
194,thin-seam,O-T2X-R,1.2390950918197632,39.47512344066054,0.0,0.0
194,thin-seam,ABL-ET2X-R-PreviousRawEdge-CatmullRomRGB,1.9712456464767456,33.72836984608477,0.0,0.0
194,thin-seam,ABL-ET2X-R-PreviousRawEdge-CatmullRomRGB-Fixed080,1.9195963144302368,33.987999393789316,0.0024977512657642365,0.0022557948250323534
194,leaves,O-T2X-R,2.4217610359191895,34.537924850979046,0.0,0.0
194,leaves,ABL-ET2X-R-PreviousRawEdge-CatmullRomRGB,2.925032615661621,32.02474255104591,0.0,0.0
194,leaves,ABL-ET2X-R-PreviousRawEdge-CatmullRomRGB-Fixed080,2.8665690422058105,32.342927112949546,0.0029439080972224474,0.0016131291631609201
194,grass-seam,O-T2X-R,1.468409538269043,39.96791720984325,0.0,0.0
194,grass-seam,ABL-ET2X-R-PreviousRawEdge-CatmullRomRGB,1.5134350061416626,38.91914798897935,0.0,0.0
194,grass-seam,ABL-ET2X-R-PreviousRawEdge-CatmullRomRGB-Fixed080,1.5392762422561646,39.062383559506856,0.00012984791828785092,0.0
195,seams,O-T2X-R,1.2729328870773315,38.302918288406566,0.0,0.0
195,seams,ABL-ET2X-R-PreviousRawEdge-CatmullRomRGB,1.8686686754226685,34.20298991085411,0.0,0.0
195,seams,ABL-ET2X-R-PreviousRawEdge-CatmullRomRGB-Fixed080,1.8242024183273315,34.3707371839872,0.0005687009543180466,0.001115688355639577
195,thin-seam,O-T2X-R,1.2390950918197632,39.47512344066054,0.0,0.0
195,thin-seam,ABL-ET2X-R-PreviousRawEdge-CatmullRomRGB,1.9712456464767456,33.72836984608477,0.0,0.0
195,thin-seam,ABL-ET2X-R-PreviousRawEdge-CatmullRomRGB-Fixed080,1.9196505546569824,33.98726423748035,3.46029810316395e-05,0.002463148208335042
195,leaves,O-T2X-R,2.4217610359191895,34.537924850979046,0.0,0.0
195,leaves,ABL-ET2X-R-PreviousRawEdge-CatmullRomRGB,2.925032615661621,32.02474255104591,0.0,0.0
195,leaves,ABL-ET2X-R-PreviousRawEdge-CatmullRomRGB-Fixed080,2.8685710430145264,32.32621137663797,0.0017282122280448675,0.0012157043674960732
195,grass-seam,O-T2X-R,1.468409538269043,39.96791720984325,0.0,0.0
195,grass-seam,ABL-ET2X-R-PreviousRawEdge-CatmullRomRGB,1.5134350061416626,38.91914798897935,0.0,0.0
195,grass-seam,ABL-ET2X-R-PreviousRawEdge-CatmullRomRGB-Fixed080,1.5393366813659668,39.0611785784065,0.00012984653585590422,1.3851478852799914e-09
196,seams,O-T2X-R,1.2729328870773315,38.302918288406566,0.0,0.0
196,seams,ABL-ET2X-R-PreviousRawEdge-CatmullRomRGB,1.8686686754226685,34.20298991085411,0.0,0.0
196,seams,ABL-ET2X-R-PreviousRawEdge-CatmullRomRGB-Fixed080,1.8243489265441895,34.36826072385123,7.683597505092621e-05,0.000491867947857827
196,thin-seam,O-T2X-R,1.2390950918197632,39.47512344066054,0.0,0.0
196,thin-seam,ABL-ET2X-R-PreviousRawEdge-CatmullRomRGB,1.9712456464767456,33.72836984608477,0.0,0.0
196,thin-seam,ABL-ET2X-R-PreviousRawEdge-CatmullRomRGB-Fixed080,1.9196505546569824,33.98726423748035,0.0,3.46029810316395e-05
196,leaves,O-T2X-R,2.4217610359191895,34.537924850979046,0.0,0.0
196,leaves,ABL-ET2X-R-PreviousRawEdge-CatmullRomRGB,2.925032615661621,32.02474255104591,0.0,0.0
196,leaves,ABL-ET2X-R-PreviousRawEdge-CatmullRomRGB-Fixed080,2.8698079586029053,32.31418556460685,0.001067235367372632,0.0006609821575693786
196,grass-seam,O-T2X-R,1.468409538269043,39.96791720984325,0.0,0.0
196,grass-seam,ABL-ET2X-R-PreviousRawEdge-CatmullRomRGB,1.5134350061416626,38.91914798897935,0.0,0.0
196,grass-seam,ABL-ET2X-R-PreviousRawEdge-CatmullRomRGB-Fixed080,1.5393366813659668,39.0611785784065,0.0,0.00012984653585590422
197,seams,O-T2X-R,1.2729328870773315,38.302918288406566,0.0,0.0
197,seams,ABL-ET2X-R-PreviousRawEdge-CatmullRomRGB,1.8686686754226685,34.20298991085411,0.0,0.0
197,seams,ABL-ET2X-R-PreviousRawEdge-CatmullRomRGB-Fixed080,1.824365258216858,34.368186187152844,3.5256148294138256e-06,7.331035885727033e-05
197,thin-seam,O-T2X-R,1.2390950918197632,39.47512344066054,0.0,0.0
197,thin-seam,ABL-ET2X-R-PreviousRawEdge-CatmullRomRGB,1.9712456464767456,33.72836984608477,0.0,0.0
197,thin-seam,ABL-ET2X-R-PreviousRawEdge-CatmullRomRGB-Fixed080,1.9196505546569824,33.98726423748035,0.0,0.0
197,leaves,O-T2X-R,2.4217610359191895,34.537924850979046,0.0,0.0
197,leaves,ABL-ET2X-R-PreviousRawEdge-CatmullRomRGB,2.925032615661621,32.02474255104591,0.0,0.0
197,leaves,ABL-ET2X-R-PreviousRawEdge-CatmullRomRGB-Fixed080,2.870556592941284,32.306406213599466,0.0005946578457951546,0.00047258008271455765
197,grass-seam,O-T2X-R,1.468409538269043,39.96791720984325,0.0,0.0
197,grass-seam,ABL-ET2X-R-PreviousRawEdge-CatmullRomRGB,1.5134350061416626,38.91914798897935,0.0,0.0
197,grass-seam,ABL-ET2X-R-PreviousRawEdge-CatmullRomRGB-Fixed080,1.5393366813659668,39.0611785784065,0.0,0.0
198,seams,O-T2X-R,1.2729328870773315,38.302918288406566,0.0,0.0
198,seams,ABL-ET2X-R-PreviousRawEdge-CatmullRomRGB,1.8686686754226685,34.20298991085411,0.0,0.0
198,seams,ABL-ET2X-R-PreviousRawEdge-CatmullRomRGB-Fixed080,1.8243814706802368,34.36810607904346,3.524869725879398e-06,7.450580707946131e-10
198,thin-seam,O-T2X-R,1.2390950918197632,39.47512344066054,0.0,0.0
198,thin-seam,ABL-ET2X-R-PreviousRawEdge-CatmullRomRGB,1.9712456464767456,33.72836984608477,0.0,0.0
198,thin-seam,ABL-ET2X-R-PreviousRawEdge-CatmullRomRGB-Fixed080,1.9196505546569824,33.98726423748035,0.0,0.0
198,leaves,O-T2X-R,2.4217610359191895,34.537924850979046,0.0,0.0
198,leaves,ABL-ET2X-R-PreviousRawEdge-CatmullRomRGB,2.925032615661621,32.02474255104591,0.0,0.0
198,leaves,ABL-ET2X-R-PreviousRawEdge-CatmullRomRGB-Fixed080,2.871044874191284,32.30120304090613,0.00035474711330607533,0.000239914093981497
198,grass-seam,O-T2X-R,1.468409538269043,39.96791720984325,0.0,0.0
198,grass-seam,ABL-ET2X-R-PreviousRawEdge-CatmullRomRGB,1.5134350061416626,38.91914798897935,0.0,0.0
198,grass-seam,ABL-ET2X-R-PreviousRawEdge-CatmullRomRGB-Fixed080,1.5393366813659668,39.0611785784065,0.0,0.0
199,seams,O-T2X-R,1.2729328870773315,38.302918288406566,0.0,0.0
199,seams,ABL-ET2X-R-PreviousRawEdge-CatmullRomRGB,1.8686686754226685,34.20298991085411,0.0,0.0
199,seams,ABL-ET2X-R-PreviousRawEdge-CatmullRomRGB-Fixed080,1.8243814706802368,34.36810607904346,0.0,3.524869725879398e-06
199,thin-seam,O-T2X-R,1.2390950918197632,39.47512344066054,0.0,0.0
199,thin-seam,ABL-ET2X-R-PreviousRawEdge-CatmullRomRGB,1.9712456464767456,33.72836984608477,0.0,0.0
199,thin-seam,ABL-ET2X-R-PreviousRawEdge-CatmullRomRGB-Fixed080,1.9196505546569824,33.98726423748035,0.0,0.0
199,leaves,O-T2X-R,2.4217610359191895,34.537924850979046,0.0,0.0
199,leaves,ABL-ET2X-R-PreviousRawEdge-CatmullRomRGB,2.925032615661621,32.02474255104591,0.0,0.0
199,leaves,ABL-ET2X-R-PreviousRawEdge-CatmullRomRGB-Fixed080,2.871305227279663,32.298090614183465,0.00017006862617563456,0.00018467847257852554
199,grass-seam,O-T2X-R,1.468409538269043,39.96791720984325,0.0,0.0
199,grass-seam,ABL-ET2X-R-PreviousRawEdge-CatmullRomRGB,1.5134350061416626,38.91914798897935,0.0,0.0
199,grass-seam,ABL-ET2X-R-PreviousRawEdge-CatmullRomRGB-Fixed080,1.5393366813659668,39.0611785784065,0.0,0.0
200,seams,O-T2X-R,1.2729328870773315,38.302918288406566,0.0,0.0
200,seams,ABL-ET2X-R-PreviousRawEdge-CatmullRomRGB,1.8686686754226685,34.20298991085411,0.0,0.0
200,seams,ABL-ET2X-R-PreviousRawEdge-CatmullRomRGB-Fixed080,1.8243814706802368,34.36810607904346,0.0,0.0
200,thin-seam,O-T2X-R,1.2390950918197632,39.47512344066054,0.0,0.0
200,thin-seam,ABL-ET2X-R-PreviousRawEdge-CatmullRomRGB,1.9712456464767456,33.72836984608477,0.0,0.0
200,thin-seam,ABL-ET2X-R-PreviousRawEdge-CatmullRomRGB-Fixed080,1.9196505546569824,33.98726423748035,0.0,0.0
200,leaves,O-T2X-R,2.4217610359191895,34.537924850979046,0.0,0.0
200,leaves,ABL-ET2X-R-PreviousRawEdge-CatmullRomRGB,2.925032615661621,32.02474255104591,0.0,0.0
200,leaves,ABL-ET2X-R-PreviousRawEdge-CatmullRomRGB-Fixed080,2.8714680671691895,32.29609817105298,8.324235386680812e-05,8.682627230882645e-05
200,grass-seam,O-T2X-R,1.468409538269043,39.96791720984325,0.0,0.0
200,grass-seam,ABL-ET2X-R-PreviousRawEdge-CatmullRomRGB,1.5134350061416626,38.91914798897935,0.0,0.0
200,grass-seam,ABL-ET2X-R-PreviousRawEdge-CatmullRomRGB-Fixed080,1.5393366813659668,39.0611785784065,0.0,0.0
201,seams,O-T2X-R,1.2729328870773315,38.302918288406566,0.0,0.0
201,seams,ABL-ET2X-R-PreviousRawEdge-CatmullRomRGB,1.8686686754226685,34.20298991085411,0.0,0.0
201,seams,ABL-ET2X-R-PreviousRawEdge-CatmullRomRGB-Fixed080,1.8243814706802368,34.36810607904346,0.0,0.0
201,thin-seam,O-T2X-R,1.2390950918197632,39.47512344066054,0.0,0.0
201,thin-seam,ABL-ET2X-R-PreviousRawEdge-CatmullRomRGB,1.9712456464767456,33.72836984608477,0.0,0.0
201,thin-seam,ABL-ET2X-R-PreviousRawEdge-CatmullRomRGB-Fixed080,1.9196505546569824,33.98726423748035,0.0,0.0
201,leaves,O-T2X-R,2.4217610359191895,34.537924850979046,0.0,0.0
201,leaves,ABL-ET2X-R-PreviousRawEdge-CatmullRomRGB,2.925032615661621,32.02474255104591,0.0,0.0
201,leaves,ABL-ET2X-R-PreviousRawEdge-CatmullRomRGB-Fixed080,2.871598243713379,32.294357261296945,6.933622353244573e-05,3.4668297303142026e-05
201,grass-seam,O-T2X-R,1.468409538269043,39.96791720984325,0.0,0.0
201,grass-seam,ABL-ET2X-R-PreviousRawEdge-CatmullRomRGB,1.5134350061416626,38.91914798897935,0.0,0.0
201,grass-seam,ABL-ET2X-R-PreviousRawEdge-CatmullRomRGB-Fixed080,1.5393366813659668,39.0611785784065,0.0,0.0
202,seams,O-T2X-R,1.2729328870773315,38.302918288406566,0.0,0.0
202,seams,ABL-ET2X-R-PreviousRawEdge-CatmullRomRGB,1.8686686754226685,34.20298991085411,0.0,0.0
202,seams,ABL-ET2X-R-PreviousRawEdge-CatmullRomRGB-Fixed080,1.8243814706802368,34.36810607904346,0.0,0.0
202,thin-seam,O-T2X-R,1.2390950918197632,39.47512344066054,0.0,0.0
202,thin-seam,ABL-ET2X-R-PreviousRawEdge-CatmullRomRGB,1.9712456464767456,33.72836984608477,0.0,0.0
202,thin-seam,ABL-ET2X-R-PreviousRawEdge-CatmullRomRGB-Fixed080,1.9196505546569824,33.98726423748035,0.0,0.0
202,leaves,O-T2X-R,2.4217610359191895,34.537924850979046,0.0,0.0
202,leaves,ABL-ET2X-R-PreviousRawEdge-CatmullRomRGB,2.925032615661621,32.02474255104591,0.0,0.0
202,leaves,ABL-ET2X-R-PreviousRawEdge-CatmullRomRGB-Fixed080,2.8716471195220947,32.29359982903658,2.4286657207994722e-05,4.5049564505461603e-05
202,grass-seam,O-T2X-R,1.468409538269043,39.96791720984325,0.0,0.0
202,grass-seam,ABL-ET2X-R-PreviousRawEdge-CatmullRomRGB,1.5134350061416626,38.91914798897935,0.0,0.0
202,grass-seam,ABL-ET2X-R-PreviousRawEdge-CatmullRomRGB-Fixed080,1.5393366813659668,39.0611785784065,0.0,0.0
203,seams,O-T2X-R,1.2729328870773315,38.302918288406566,0.0,0.0
203,seams,ABL-ET2X-R-PreviousRawEdge-CatmullRomRGB,1.8686686754226685,34.20298991085411,0.0,0.0
203,seams,ABL-ET2X-R-PreviousRawEdge-CatmullRomRGB-Fixed080,1.8243814706802368,34.36810607904346,0.0,0.0
203,thin-seam,O-T2X-R,1.2390950918197632,39.47512344066054,0.0,0.0
203,thin-seam,ABL-ET2X-R-PreviousRawEdge-CatmullRomRGB,1.9712456464767456,33.72836984608477,0.0,0.0
203,thin-seam,ABL-ET2X-R-PreviousRawEdge-CatmullRomRGB-Fixed080,1.9196505546569824,33.98726423748035,0.0,0.0
203,leaves,O-T2X-R,2.4217610359191895,34.537924850979046,0.0,0.0
203,leaves,ABL-ET2X-R-PreviousRawEdge-CatmullRomRGB,2.925032615661621,32.02474255104591,0.0,0.0
203,leaves,ABL-ET2X-R-PreviousRawEdge-CatmullRomRGB-Fixed080,2.8716633319854736,32.29344300132872,3.525242163959774e-06,2.0761415726155974e-05
203,grass-seam,O-T2X-R,1.468409538269043,39.96791720984325,0.0,0.0
203,grass-seam,ABL-ET2X-R-PreviousRawEdge-CatmullRomRGB,1.5134350061416626,38.91914798897935,0.0,0.0
203,grass-seam,ABL-ET2X-R-PreviousRawEdge-CatmullRomRGB-Fixed080,1.5393366813659668,39.0611785784065,0.0,0.0
204,seams,O-T2X-R,1.2729328870773315,38.302918288406566,0.0,0.0
204,seams,ABL-ET2X-R-PreviousRawEdge-CatmullRomRGB,1.8686686754226685,34.20298991085411,0.0,0.0
204,seams,ABL-ET2X-R-PreviousRawEdge-CatmullRomRGB-Fixed080,1.8243814706802368,34.36810607904346,0.0,0.0
204,thin-seam,O-T2X-R,1.2390950918197632,39.47512344066054,0.0,0.0
204,thin-seam,ABL-ET2X-R-PreviousRawEdge-CatmullRomRGB,1.9712456464767456,33.72836984608477,0.0,0.0
204,thin-seam,ABL-ET2X-R-PreviousRawEdge-CatmullRomRGB-Fixed080,1.9196505546569824,33.98726423748035,0.0,0.0
204,leaves,O-T2X-R,2.4217610359191895,34.537924850979046,0.0,0.0
204,leaves,ABL-ET2X-R-PreviousRawEdge-CatmullRomRGB,2.925032615661621,32.02474255104591,0.0,0.0
204,leaves,ABL-ET2X-R-PreviousRawEdge-CatmullRomRGB-Fixed080,2.8716797828674316,32.293282723214396,3.525428382999962e-06,1.8626451769865326e-10
204,grass-seam,O-T2X-R,1.468409538269043,39.96791720984325,0.0,0.0
204,grass-seam,ABL-ET2X-R-PreviousRawEdge-CatmullRomRGB,1.5134350061416626,38.91914798897935,0.0,0.0
204,grass-seam,ABL-ET2X-R-PreviousRawEdge-CatmullRomRGB-Fixed080,1.5393366813659668,39.0611785784065,0.0,0.0
205,seams,O-T2X-R,1.2729328870773315,38.302918288406566,0.0,0.0
205,seams,ABL-ET2X-R-PreviousRawEdge-CatmullRomRGB,1.8686686754226685,34.20298991085411,0.0,0.0
205,seams,ABL-ET2X-R-PreviousRawEdge-CatmullRomRGB-Fixed080,1.8243814706802368,34.36810607904346,0.0,0.0
205,thin-seam,O-T2X-R,1.2390950918197632,39.47512344066054,0.0,0.0
205,thin-seam,ABL-ET2X-R-PreviousRawEdge-CatmullRomRGB,1.9712456464767456,33.72836984608477,0.0,0.0
205,thin-seam,ABL-ET2X-R-PreviousRawEdge-CatmullRomRGB-Fixed080,1.9196505546569824,33.98726423748035,0.0,0.0
205,leaves,O-T2X-R,2.4217610359191895,34.537924850979046,0.0,0.0
205,leaves,ABL-ET2X-R-PreviousRawEdge-CatmullRomRGB,2.925032615661621,32.02474255104591,0.0,0.0
205,leaves,ABL-ET2X-R-PreviousRawEdge-CatmullRomRGB-Fixed080,2.8716797828674316,32.293282723214396,0.0,3.525428382999962e-06
205,grass-seam,O-T2X-R,1.468409538269043,39.96791720984325,0.0,0.0
205,grass-seam,ABL-ET2X-R-PreviousRawEdge-CatmullRomRGB,1.5134350061416626,38.91914798897935,0.0,0.0
205,grass-seam,ABL-ET2X-R-PreviousRawEdge-CatmullRomRGB-Fixed080,1.5393366813659668,39.0611785784065,0.0,0.0
206,seams,O-T2X-R,1.2729328870773315,38.302918288406566,0.0,0.0
206,seams,ABL-ET2X-R-PreviousRawEdge-CatmullRomRGB,1.8686686754226685,34.20298991085411,0.0,0.0
206,seams,ABL-ET2X-R-PreviousRawEdge-CatmullRomRGB-Fixed080,1.8243814706802368,34.36810607904346,0.0,0.0
206,thin-seam,O-T2X-R,1.2390950918197632,39.47512344066054,0.0,0.0
206,thin-seam,ABL-ET2X-R-PreviousRawEdge-CatmullRomRGB,1.9712456464767456,33.72836984608477,0.0,0.0
206,thin-seam,ABL-ET2X-R-PreviousRawEdge-CatmullRomRGB-Fixed080,1.9196505546569824,33.98726423748035,0.0,0.0
206,leaves,O-T2X-R,2.4217610359191895,34.537924850979046,0.0,0.0
206,leaves,ABL-ET2X-R-PreviousRawEdge-CatmullRomRGB,2.925032615661621,32.02474255104591,0.0,0.0
206,leaves,ABL-ET2X-R-PreviousRawEdge-CatmullRomRGB-Fixed080,2.8716797828674316,32.293282723214396,0.0,0.0
206,grass-seam,O-T2X-R,1.468409538269043,39.96791720984325,0.0,0.0
206,grass-seam,ABL-ET2X-R-PreviousRawEdge-CatmullRomRGB,1.5134350061416626,38.91914798897935,0.0,0.0
206,grass-seam,ABL-ET2X-R-PreviousRawEdge-CatmullRomRGB-Fixed080,1.5393366813659668,39.0611785784065,0.0,0.0
207,seams,O-T2X-R,1.2729328870773315,38.302918288406566,0.0,0.0
207,seams,ABL-ET2X-R-PreviousRawEdge-CatmullRomRGB,1.8686686754226685,34.20298991085411,0.0,0.0
207,seams,ABL-ET2X-R-PreviousRawEdge-CatmullRomRGB-Fixed080,1.8243814706802368,34.36810607904346,0.0,0.0
207,thin-seam,O-T2X-R,1.2390950918197632,39.47512344066054,0.0,0.0
207,thin-seam,ABL-ET2X-R-PreviousRawEdge-CatmullRomRGB,1.9712456464767456,33.72836984608477,0.0,0.0
207,thin-seam,ABL-ET2X-R-PreviousRawEdge-CatmullRomRGB-Fixed080,1.9196505546569824,33.98726423748035,0.0,0.0
207,leaves,O-T2X-R,2.4217610359191895,34.537924850979046,0.0,0.0
207,leaves,ABL-ET2X-R-PreviousRawEdge-CatmullRomRGB,2.925032615661621,32.02474255104591,0.0,0.0
207,leaves,ABL-ET2X-R-PreviousRawEdge-CatmullRomRGB-Fixed080,2.8716797828674316,32.293282723214396,0.0,0.0
207,grass-seam,O-T2X-R,1.468409538269043,39.96791720984325,0.0,0.0
207,grass-seam,ABL-ET2X-R-PreviousRawEdge-CatmullRomRGB,1.5134350061416626,38.91914798897935,0.0,0.0
207,grass-seam,ABL-ET2X-R-PreviousRawEdge-CatmullRomRGB-Fixed080,1.5393366813659668,39.0611785784065,0.0,0.0
208,seams,O-T2X-R,1.2729328870773315,38.302918288406566,0.0,0.0
208,seams,ABL-ET2X-R-PreviousRawEdge-CatmullRomRGB,1.8686686754226685,34.20298991085411,0.0,0.0
208,seams,ABL-ET2X-R-PreviousRawEdge-CatmullRomRGB-Fixed080,1.8243814706802368,34.36810607904346,0.0,0.0
208,thin-seam,O-T2X-R,1.2390950918197632,39.47512344066054,0.0,0.0
208,thin-seam,ABL-ET2X-R-PreviousRawEdge-CatmullRomRGB,1.9712456464767456,33.72836984608477,0.0,0.0
208,thin-seam,ABL-ET2X-R-PreviousRawEdge-CatmullRomRGB-Fixed080,1.9196505546569824,33.98726423748035,0.0,0.0
208,leaves,O-T2X-R,2.4217610359191895,34.537924850979046,0.0,0.0
208,leaves,ABL-ET2X-R-PreviousRawEdge-CatmullRomRGB,2.925032615661621,32.02474255104591,0.0,0.0
208,leaves,ABL-ET2X-R-PreviousRawEdge-CatmullRomRGB-Fixed080,2.8716797828674316,32.293282723214396,0.0,0.0
208,grass-seam,O-T2X-R,1.468409538269043,39.96791720984325,0.0,0.0
208,grass-seam,ABL-ET2X-R-PreviousRawEdge-CatmullRomRGB,1.5134350061416626,38.91914798897935,0.0,0.0
208,grass-seam,ABL-ET2X-R-PreviousRawEdge-CatmullRomRGB-Fixed080,1.5393366813659668,39.0611785784065,0.0,0.0
209,seams,O-T2X-R,1.2729328870773315,38.302918288406566,0.0,0.0
209,seams,ABL-ET2X-R-PreviousRawEdge-CatmullRomRGB,1.8686686754226685,34.20298991085411,0.0,0.0
209,seams,ABL-ET2X-R-PreviousRawEdge-CatmullRomRGB-Fixed080,1.8243814706802368,34.36810607904346,0.0,0.0
209,thin-seam,O-T2X-R,1.2390950918197632,39.47512344066054,0.0,0.0
209,thin-seam,ABL-ET2X-R-PreviousRawEdge-CatmullRomRGB,1.9712456464767456,33.72836984608477,0.0,0.0
209,thin-seam,ABL-ET2X-R-PreviousRawEdge-CatmullRomRGB-Fixed080,1.9196505546569824,33.98726423748035,0.0,0.0
209,leaves,O-T2X-R,2.4217610359191895,34.537924850979046,0.0,0.0
209,leaves,ABL-ET2X-R-PreviousRawEdge-CatmullRomRGB,2.925032615661621,32.02474255104591,0.0,0.0
209,leaves,ABL-ET2X-R-PreviousRawEdge-CatmullRomRGB-Fixed080,2.8716797828674316,32.293282723214396,0.0,0.0
209,grass-seam,O-T2X-R,1.468409538269043,39.96791720984325,0.0,0.0
209,grass-seam,ABL-ET2X-R-PreviousRawEdge-CatmullRomRGB,1.5134350061416626,38.91914798897935,0.0,0.0
209,grass-seam,ABL-ET2X-R-PreviousRawEdge-CatmullRomRGB-Fixed080,1.5393366813659668,39.0611785784065,0.0,0.0
210,seams,O-T2X-R,1.2729328870773315,38.302918288406566,0.0,0.0
210,seams,ABL-ET2X-R-PreviousRawEdge-CatmullRomRGB,1.8686686754226685,34.20298991085411,0.0,0.0
210,seams,ABL-ET2X-R-PreviousRawEdge-CatmullRomRGB-Fixed080,1.8243814706802368,34.36810607904346,0.0,0.0
210,thin-seam,O-T2X-R,1.2390950918197632,39.47512344066054,0.0,0.0
210,thin-seam,ABL-ET2X-R-PreviousRawEdge-CatmullRomRGB,1.9712456464767456,33.72836984608477,0.0,0.0
210,thin-seam,ABL-ET2X-R-PreviousRawEdge-CatmullRomRGB-Fixed080,1.9196505546569824,33.98726423748035,0.0,0.0
210,leaves,O-T2X-R,2.4217610359191895,34.537924850979046,0.0,0.0
210,leaves,ABL-ET2X-R-PreviousRawEdge-CatmullRomRGB,2.925032615661621,32.02474255104591,0.0,0.0
210,leaves,ABL-ET2X-R-PreviousRawEdge-CatmullRomRGB-Fixed080,2.8716797828674316,32.293282723214396,0.0,0.0
210,grass-seam,O-T2X-R,1.468409538269043,39.96791720984325,0.0,0.0
210,grass-seam,ABL-ET2X-R-PreviousRawEdge-CatmullRomRGB,1.5134350061416626,38.91914798897935,0.0,0.0
210,grass-seam,ABL-ET2X-R-PreviousRawEdge-CatmullRomRGB-Fixed080,1.5393366813659668,39.0611785784065,0.0,0.0
211,seams,O-T2X-R,1.2729328870773315,38.302918288406566,0.0,0.0
211,seams,ABL-ET2X-R-PreviousRawEdge-CatmullRomRGB,1.8686686754226685,34.20298991085411,0.0,0.0
211,seams,ABL-ET2X-R-PreviousRawEdge-CatmullRomRGB-Fixed080,1.8243814706802368,34.36810607904346,0.0,0.0
211,thin-seam,O-T2X-R,1.2390950918197632,39.47512344066054,0.0,0.0
211,thin-seam,ABL-ET2X-R-PreviousRawEdge-CatmullRomRGB,1.9712456464767456,33.72836984608477,0.0,0.0
211,thin-seam,ABL-ET2X-R-PreviousRawEdge-CatmullRomRGB-Fixed080,1.9196505546569824,33.98726423748035,0.0,0.0
211,leaves,O-T2X-R,2.4217610359191895,34.537924850979046,0.0,0.0
211,leaves,ABL-ET2X-R-PreviousRawEdge-CatmullRomRGB,2.925032615661621,32.02474255104591,0.0,0.0
211,leaves,ABL-ET2X-R-PreviousRawEdge-CatmullRomRGB-Fixed080,2.8716797828674316,32.293282723214396,0.0,0.0
211,grass-seam,O-T2X-R,1.468409538269043,39.96791720984325,0.0,0.0
211,grass-seam,ABL-ET2X-R-PreviousRawEdge-CatmullRomRGB,1.5134350061416626,38.91914798897935,0.0,0.0
211,grass-seam,ABL-ET2X-R-PreviousRawEdge-CatmullRomRGB-Fixed080,1.5393366813659668,39.0611785784065,0.0,0.0
212,seams,O-T2X-R,1.2729328870773315,38.302918288406566,0.0,0.0
212,seams,ABL-ET2X-R-PreviousRawEdge-CatmullRomRGB,1.8686686754226685,34.20298991085411,0.0,0.0
212,seams,ABL-ET2X-R-PreviousRawEdge-CatmullRomRGB-Fixed080,1.8243814706802368,34.36810607904346,0.0,0.0
212,thin-seam,O-T2X-R,1.2390950918197632,39.47512344066054,0.0,0.0
212,thin-seam,ABL-ET2X-R-PreviousRawEdge-CatmullRomRGB,1.9712456464767456,33.72836984608477,0.0,0.0
212,thin-seam,ABL-ET2X-R-PreviousRawEdge-CatmullRomRGB-Fixed080,1.9196505546569824,33.98726423748035,0.0,0.0
212,leaves,O-T2X-R,2.4217610359191895,34.537924850979046,0.0,0.0
212,leaves,ABL-ET2X-R-PreviousRawEdge-CatmullRomRGB,2.925032615661621,32.02474255104591,0.0,0.0
212,leaves,ABL-ET2X-R-PreviousRawEdge-CatmullRomRGB-Fixed080,2.8716797828674316,32.293282723214396,0.0,0.0
212,grass-seam,O-T2X-R,1.468409538269043,39.96791720984325,0.0,0.0
212,grass-seam,ABL-ET2X-R-PreviousRawEdge-CatmullRomRGB,1.5134350061416626,38.91914798897935,0.0,0.0
212,grass-seam,ABL-ET2X-R-PreviousRawEdge-CatmullRomRGB-Fixed080,1.5393366813659668,39.0611785784065,0.0,0.0
213,seams,O-T2X-R,1.2729328870773315,38.302918288406566,0.0,0.0
213,seams,ABL-ET2X-R-PreviousRawEdge-CatmullRomRGB,1.8686686754226685,34.20298991085411,0.0,0.0
213,seams,ABL-ET2X-R-PreviousRawEdge-CatmullRomRGB-Fixed080,1.8243814706802368,34.36810607904346,0.0,0.0
213,thin-seam,O-T2X-R,1.2390950918197632,39.47512344066054,0.0,0.0
213,thin-seam,ABL-ET2X-R-PreviousRawEdge-CatmullRomRGB,1.9712456464767456,33.72836984608477,0.0,0.0
213,thin-seam,ABL-ET2X-R-PreviousRawEdge-CatmullRomRGB-Fixed080,1.9196505546569824,33.98726423748035,0.0,0.0
213,leaves,O-T2X-R,2.4217610359191895,34.537924850979046,0.0,0.0
213,leaves,ABL-ET2X-R-PreviousRawEdge-CatmullRomRGB,2.925032615661621,32.02474255104591,0.0,0.0
213,leaves,ABL-ET2X-R-PreviousRawEdge-CatmullRomRGB-Fixed080,2.8716797828674316,32.293282723214396,0.0,0.0
213,grass-seam,O-T2X-R,1.468409538269043,39.96791720984325,0.0,0.0
213,grass-seam,ABL-ET2X-R-PreviousRawEdge-CatmullRomRGB,1.5134350061416626,38.91914798897935,0.0,0.0
213,grass-seam,ABL-ET2X-R-PreviousRawEdge-CatmullRomRGB-Fixed080,1.5393366813659668,39.0611785784065,0.0,0.0
214,seams,O-T2X-R,1.2729328870773315,38.302918288406566,0.0,0.0
214,seams,ABL-ET2X-R-PreviousRawEdge-CatmullRomRGB,1.8686686754226685,34.20298991085411,0.0,0.0
214,seams,ABL-ET2X-R-PreviousRawEdge-CatmullRomRGB-Fixed080,1.8243814706802368,34.36810607904346,0.0,0.0
214,thin-seam,O-T2X-R,1.2390950918197632,39.47512344066054,0.0,0.0
214,thin-seam,ABL-ET2X-R-PreviousRawEdge-CatmullRomRGB,1.9712456464767456,33.72836984608477,0.0,0.0
214,thin-seam,ABL-ET2X-R-PreviousRawEdge-CatmullRomRGB-Fixed080,1.9196505546569824,33.98726423748035,0.0,0.0
214,leaves,O-T2X-R,2.4217610359191895,34.537924850979046,0.0,0.0
214,leaves,ABL-ET2X-R-PreviousRawEdge-CatmullRomRGB,2.925032615661621,32.02474255104591,0.0,0.0
214,leaves,ABL-ET2X-R-PreviousRawEdge-CatmullRomRGB-Fixed080,2.8716797828674316,32.293282723214396,0.0,0.0
214,grass-seam,O-T2X-R,1.468409538269043,39.96791720984325,0.0,0.0
214,grass-seam,ABL-ET2X-R-PreviousRawEdge-CatmullRomRGB,1.5134350061416626,38.91914798897935,0.0,0.0
214,grass-seam,ABL-ET2X-R-PreviousRawEdge-CatmullRomRGB-Fixed080,1.5393366813659668,39.0611785784065,0.0,0.0
215,seams,O-T2X-R,1.2729328870773315,38.302918288406566,0.0,0.0
215,seams,ABL-ET2X-R-PreviousRawEdge-CatmullRomRGB,1.8686686754226685,34.20298991085411,0.0,0.0
215,seams,ABL-ET2X-R-PreviousRawEdge-CatmullRomRGB-Fixed080,1.8243814706802368,34.36810607904346,0.0,0.0
215,thin-seam,O-T2X-R,1.2390950918197632,39.47512344066054,0.0,0.0
215,thin-seam,ABL-ET2X-R-PreviousRawEdge-CatmullRomRGB,1.9712456464767456,33.72836984608477,0.0,0.0
215,thin-seam,ABL-ET2X-R-PreviousRawEdge-CatmullRomRGB-Fixed080,1.9196505546569824,33.98726423748035,0.0,0.0
215,leaves,O-T2X-R,2.4217610359191895,34.537924850979046,0.0,0.0
215,leaves,ABL-ET2X-R-PreviousRawEdge-CatmullRomRGB,2.925032615661621,32.02474255104591,0.0,0.0
215,leaves,ABL-ET2X-R-PreviousRawEdge-CatmullRomRGB-Fixed080,2.8716797828674316,32.293282723214396,0.0,0.0
215,grass-seam,O-T2X-R,1.468409538269043,39.96791720984325,0.0,0.0
215,grass-seam,ABL-ET2X-R-PreviousRawEdge-CatmullRomRGB,1.5134350061416626,38.91914798897935,0.0,0.0
215,grass-seam,ABL-ET2X-R-PreviousRawEdge-CatmullRomRGB-Fixed080,1.5393366813659668,39.0611785784065,0.0,0.0
216,seams,O-T2X-R,1.2729328870773315,38.302918288406566,0.0,0.0
216,seams,ABL-ET2X-R-PreviousRawEdge-CatmullRomRGB,1.8686686754226685,34.20298991085411,0.0,0.0
216,seams,ABL-ET2X-R-PreviousRawEdge-CatmullRomRGB-Fixed080,1.8243814706802368,34.36810607904346,0.0,0.0
216,thin-seam,O-T2X-R,1.2390950918197632,39.47512344066054,0.0,0.0
216,thin-seam,ABL-ET2X-R-PreviousRawEdge-CatmullRomRGB,1.9712456464767456,33.72836984608477,0.0,0.0
216,thin-seam,ABL-ET2X-R-PreviousRawEdge-CatmullRomRGB-Fixed080,1.9196505546569824,33.98726423748035,0.0,0.0
216,leaves,O-T2X-R,2.4217610359191895,34.537924850979046,0.0,0.0
216,leaves,ABL-ET2X-R-PreviousRawEdge-CatmullRomRGB,2.925032615661621,32.02474255104591,0.0,0.0
216,leaves,ABL-ET2X-R-PreviousRawEdge-CatmullRomRGB-Fixed080,2.8716797828674316,32.293282723214396,0.0,0.0
216,grass-seam,O-T2X-R,1.468409538269043,39.96791720984325,0.0,0.0
216,grass-seam,ABL-ET2X-R-PreviousRawEdge-CatmullRomRGB,1.5134350061416626,38.91914798897935,0.0,0.0
216,grass-seam,ABL-ET2X-R-PreviousRawEdge-CatmullRomRGB-Fixed080,1.5393366813659668,39.0611785784065,0.0,0.0
217,seams,O-T2X-R,1.2729328870773315,38.302918288406566,0.0,0.0
217,seams,ABL-ET2X-R-PreviousRawEdge-CatmullRomRGB,1.8686686754226685,34.20298991085411,0.0,0.0
217,seams,ABL-ET2X-R-PreviousRawEdge-CatmullRomRGB-Fixed080,1.8243814706802368,34.36810607904346,0.0,0.0
217,thin-seam,O-T2X-R,1.2390950918197632,39.47512344066054,0.0,0.0
217,thin-seam,ABL-ET2X-R-PreviousRawEdge-CatmullRomRGB,1.9712456464767456,33.72836984608477,0.0,0.0
217,thin-seam,ABL-ET2X-R-PreviousRawEdge-CatmullRomRGB-Fixed080,1.9196505546569824,33.98726423748035,0.0,0.0
217,leaves,O-T2X-R,2.4217610359191895,34.537924850979046,0.0,0.0
217,leaves,ABL-ET2X-R-PreviousRawEdge-CatmullRomRGB,2.925032615661621,32.02474255104591,0.0,0.0
217,leaves,ABL-ET2X-R-PreviousRawEdge-CatmullRomRGB-Fixed080,2.8716797828674316,32.293282723214396,0.0,0.0
217,grass-seam,O-T2X-R,1.468409538269043,39.96791720984325,0.0,0.0
217,grass-seam,ABL-ET2X-R-PreviousRawEdge-CatmullRomRGB,1.5134350061416626,38.91914798897935,0.0,0.0
217,grass-seam,ABL-ET2X-R-PreviousRawEdge-CatmullRomRGB-Fixed080,1.5393366813659668,39.0611785784065,0.0,0.0
218,seams,O-T2X-R,1.2729328870773315,38.302918288406566,0.0,0.0
218,seams,ABL-ET2X-R-PreviousRawEdge-CatmullRomRGB,1.8686686754226685,34.20298991085411,0.0,0.0
218,seams,ABL-ET2X-R-PreviousRawEdge-CatmullRomRGB-Fixed080,1.8243814706802368,34.36810607904346,0.0,0.0
218,thin-seam,O-T2X-R,1.2390950918197632,39.47512344066054,0.0,0.0
218,thin-seam,ABL-ET2X-R-PreviousRawEdge-CatmullRomRGB,1.9712456464767456,33.72836984608477,0.0,0.0
218,thin-seam,ABL-ET2X-R-PreviousRawEdge-CatmullRomRGB-Fixed080,1.9196505546569824,33.98726423748035,0.0,0.0
218,leaves,O-T2X-R,2.4217610359191895,34.537924850979046,0.0,0.0
218,leaves,ABL-ET2X-R-PreviousRawEdge-CatmullRomRGB,2.925032615661621,32.02474255104591,0.0,0.0
218,leaves,ABL-ET2X-R-PreviousRawEdge-CatmullRomRGB-Fixed080,2.8716797828674316,32.293282723214396,0.0,0.0
218,grass-seam,O-T2X-R,1.468409538269043,39.96791720984325,0.0,0.0
218,grass-seam,ABL-ET2X-R-PreviousRawEdge-CatmullRomRGB,1.5134350061416626,38.91914798897935,0.0,0.0
218,grass-seam,ABL-ET2X-R-PreviousRawEdge-CatmullRomRGB-Fixed080,1.5393366813659668,39.0611785784065,0.0,0.0
219,seams,O-T2X-R,1.2729328870773315,38.302918288406566,0.0,0.0
219,seams,ABL-ET2X-R-PreviousRawEdge-CatmullRomRGB,1.8686686754226685,34.20298991085411,0.0,0.0
219,seams,ABL-ET2X-R-PreviousRawEdge-CatmullRomRGB-Fixed080,1.8243814706802368,34.36810607904346,0.0,0.0
219,thin-seam,O-T2X-R,1.2390950918197632,39.47512344066054,0.0,0.0
219,thin-seam,ABL-ET2X-R-PreviousRawEdge-CatmullRomRGB,1.9712456464767456,33.72836984608477,0.0,0.0
219,thin-seam,ABL-ET2X-R-PreviousRawEdge-CatmullRomRGB-Fixed080,1.9196505546569824,33.98726423748035,0.0,0.0
219,leaves,O-T2X-R,2.4217610359191895,34.537924850979046,0.0,0.0
219,leaves,ABL-ET2X-R-PreviousRawEdge-CatmullRomRGB,2.925032615661621,32.02474255104591,0.0,0.0
219,leaves,ABL-ET2X-R-PreviousRawEdge-CatmullRomRGB-Fixed080,2.8716797828674316,32.293282723214396,0.0,0.0
219,grass-seam,O-T2X-R,1.468409538269043,39.96791720984325,0.0,0.0
219,grass-seam,ABL-ET2X-R-PreviousRawEdge-CatmullRomRGB,1.5134350061416626,38.91914798897935,0.0,0.0
219,grass-seam,ABL-ET2X-R-PreviousRawEdge-CatmullRomRGB-Fixed080,1.5393366813659668,39.0611785784065,0.0,0.0
220,seams,O-T2X-R,1.2729328870773315,38.302918288406566,0.0,0.0
220,seams,ABL-ET2X-R-PreviousRawEdge-CatmullRomRGB,1.8686686754226685,34.20298991085411,0.0,0.0
220,seams,ABL-ET2X-R-PreviousRawEdge-CatmullRomRGB-Fixed080,1.8243814706802368,34.36810607904346,0.0,0.0
220,thin-seam,O-T2X-R,1.2390950918197632,39.47512344066054,0.0,0.0
220,thin-seam,ABL-ET2X-R-PreviousRawEdge-CatmullRomRGB,1.9712456464767456,33.72836984608477,0.0,0.0
220,thin-seam,ABL-ET2X-R-PreviousRawEdge-CatmullRomRGB-Fixed080,1.9196505546569824,33.98726423748035,0.0,0.0
220,leaves,O-T2X-R,2.4217610359191895,34.537924850979046,0.0,0.0
220,leaves,ABL-ET2X-R-PreviousRawEdge-CatmullRomRGB,2.925032615661621,32.02474255104591,0.0,0.0
220,leaves,ABL-ET2X-R-PreviousRawEdge-CatmullRomRGB-Fixed080,2.8716797828674316,32.293282723214396,0.0,0.0
220,grass-seam,O-T2X-R,1.468409538269043,39.96791720984325,0.0,0.0
220,grass-seam,ABL-ET2X-R-PreviousRawEdge-CatmullRomRGB,1.5134350061416626,38.91914798897935,0.0,0.0
220,grass-seam,ABL-ET2X-R-PreviousRawEdge-CatmullRomRGB-Fixed080,1.5393366813659668,39.0611785784065,0.0,0.0
221,seams,O-T2X-R,1.2729328870773315,38.302918288406566,0.0,0.0
221,seams,ABL-ET2X-R-PreviousRawEdge-CatmullRomRGB,1.8686686754226685,34.20298991085411,0.0,0.0
221,seams,ABL-ET2X-R-PreviousRawEdge-CatmullRomRGB-Fixed080,1.8243814706802368,34.36810607904346,0.0,0.0
221,thin-seam,O-T2X-R,1.2390950918197632,39.47512344066054,0.0,0.0
221,thin-seam,ABL-ET2X-R-PreviousRawEdge-CatmullRomRGB,1.9712456464767456,33.72836984608477,0.0,0.0
221,thin-seam,ABL-ET2X-R-PreviousRawEdge-CatmullRomRGB-Fixed080,1.9196505546569824,33.98726423748035,0.0,0.0
221,leaves,O-T2X-R,2.4217610359191895,34.537924850979046,0.0,0.0
221,leaves,ABL-ET2X-R-PreviousRawEdge-CatmullRomRGB,2.925032615661621,32.02474255104591,0.0,0.0
221,leaves,ABL-ET2X-R-PreviousRawEdge-CatmullRomRGB-Fixed080,2.8716797828674316,32.293282723214396,0.0,0.0
221,grass-seam,O-T2X-R,1.468409538269043,39.96791720984325,0.0,0.0
221,grass-seam,ABL-ET2X-R-PreviousRawEdge-CatmullRomRGB,1.5134350061416626,38.91914798897935,0.0,0.0
221,grass-seam,ABL-ET2X-R-PreviousRawEdge-CatmullRomRGB-Fixed080,1.5393366813659668,39.0611785784065,0.0,0.0
222,seams,O-T2X-R,1.2729328870773315,38.302918288406566,0.0,0.0
222,seams,ABL-ET2X-R-PreviousRawEdge-CatmullRomRGB,1.8686686754226685,34.20298991085411,0.0,0.0
222,seams,ABL-ET2X-R-PreviousRawEdge-CatmullRomRGB-Fixed080,1.8243814706802368,34.36810607904346,0.0,0.0
222,thin-seam,O-T2X-R,1.2390950918197632,39.47512344066054,0.0,0.0
222,thin-seam,ABL-ET2X-R-PreviousRawEdge-CatmullRomRGB,1.9712456464767456,33.72836984608477,0.0,0.0
222,thin-seam,ABL-ET2X-R-PreviousRawEdge-CatmullRomRGB-Fixed080,1.9196505546569824,33.98726423748035,0.0,0.0
222,leaves,O-T2X-R,2.4217610359191895,34.537924850979046,0.0,0.0
222,leaves,ABL-ET2X-R-PreviousRawEdge-CatmullRomRGB,2.925032615661621,32.02474255104591,0.0,0.0
222,leaves,ABL-ET2X-R-PreviousRawEdge-CatmullRomRGB-Fixed080,2.8716797828674316,32.293282723214396,0.0,0.0
222,grass-seam,O-T2X-R,1.468409538269043,39.96791720984325,0.0,0.0
222,grass-seam,ABL-ET2X-R-PreviousRawEdge-CatmullRomRGB,1.5134350061416626,38.91914798897935,0.0,0.0
222,grass-seam,ABL-ET2X-R-PreviousRawEdge-CatmullRomRGB-Fixed080,1.5393366813659668,39.0611785784065,0.0,0.0
223,seams,O-T2X-R,1.2729328870773315,38.302918288406566,0.0,0.0
223,seams,ABL-ET2X-R-PreviousRawEdge-CatmullRomRGB,1.8686686754226685,34.20298991085411,0.0,0.0
223,seams,ABL-ET2X-R-PreviousRawEdge-CatmullRomRGB-Fixed080,1.8243814706802368,34.36810607904346,0.0,0.0
223,thin-seam,O-T2X-R,1.2390950918197632,39.47512344066054,0.0,0.0
223,thin-seam,ABL-ET2X-R-PreviousRawEdge-CatmullRomRGB,1.9712456464767456,33.72836984608477,0.0,0.0
223,thin-seam,ABL-ET2X-R-PreviousRawEdge-CatmullRomRGB-Fixed080,1.9196505546569824,33.98726423748035,0.0,0.0
223,leaves,O-T2X-R,2.4217610359191895,34.537924850979046,0.0,0.0
223,leaves,ABL-ET2X-R-PreviousRawEdge-CatmullRomRGB,2.925032615661621,32.02474255104591,0.0,0.0
223,leaves,ABL-ET2X-R-PreviousRawEdge-CatmullRomRGB-Fixed080,2.8716797828674316,32.293282723214396,0.0,0.0
223,grass-seam,O-T2X-R,1.468409538269043,39.96791720984325,0.0,0.0
223,grass-seam,ABL-ET2X-R-PreviousRawEdge-CatmullRomRGB,1.5134350061416626,38.91914798897935,0.0,0.0
223,grass-seam,ABL-ET2X-R-PreviousRawEdge-CatmullRomRGB-Fixed080,1.5393366813659668,39.0611785784065,0.0,0.0
224,seams,O-T2X-R,1.2729328870773315,38.302918288406566,0.0,0.0
224,seams,ABL-ET2X-R-PreviousRawEdge-CatmullRomRGB,1.8686686754226685,34.20298991085411,0.0,0.0
224,seams,ABL-ET2X-R-PreviousRawEdge-CatmullRomRGB-Fixed080,1.8243814706802368,34.36810607904346,0.0,0.0
224,thin-seam,O-T2X-R,1.2390950918197632,39.47512344066054,0.0,0.0
224,thin-seam,ABL-ET2X-R-PreviousRawEdge-CatmullRomRGB,1.9712456464767456,33.72836984608477,0.0,0.0
224,thin-seam,ABL-ET2X-R-PreviousRawEdge-CatmullRomRGB-Fixed080,1.9196505546569824,33.98726423748035,0.0,0.0
224,leaves,O-T2X-R,2.4217610359191895,34.537924850979046,0.0,0.0
224,leaves,ABL-ET2X-R-PreviousRawEdge-CatmullRomRGB,2.925032615661621,32.02474255104591,0.0,0.0
224,leaves,ABL-ET2X-R-PreviousRawEdge-CatmullRomRGB-Fixed080,2.8716797828674316,32.293282723214396,0.0,0.0
224,grass-seam,O-T2X-R,1.468409538269043,39.96791720984325,0.0,0.0
224,grass-seam,ABL-ET2X-R-PreviousRawEdge-CatmullRomRGB,1.5134350061416626,38.91914798897935,0.0,0.0
224,grass-seam,ABL-ET2X-R-PreviousRawEdge-CatmullRomRGB-Fixed080,1.5393366813659668,39.0611785784065,0.0,0.0
225,seams,O-T2X-R,1.2729328870773315,38.302918288406566,0.0,0.0
225,seams,ABL-ET2X-R-PreviousRawEdge-CatmullRomRGB,1.8686686754226685,34.20298991085411,0.0,0.0
225,seams,ABL-ET2X-R-PreviousRawEdge-CatmullRomRGB-Fixed080,1.8243814706802368,34.36810607904346,0.0,0.0
225,thin-seam,O-T2X-R,1.2390950918197632,39.47512344066054,0.0,0.0
225,thin-seam,ABL-ET2X-R-PreviousRawEdge-CatmullRomRGB,1.9712456464767456,33.72836984608477,0.0,0.0
225,thin-seam,ABL-ET2X-R-PreviousRawEdge-CatmullRomRGB-Fixed080,1.9196505546569824,33.98726423748035,0.0,0.0
225,leaves,O-T2X-R,2.4217610359191895,34.537924850979046,0.0,0.0
225,leaves,ABL-ET2X-R-PreviousRawEdge-CatmullRomRGB,2.925032615661621,32.02474255104591,0.0,0.0
225,leaves,ABL-ET2X-R-PreviousRawEdge-CatmullRomRGB-Fixed080,2.8716797828674316,32.293282723214396,0.0,0.0
225,grass-seam,O-T2X-R,1.468409538269043,39.96791720984325,0.0,0.0
225,grass-seam,ABL-ET2X-R-PreviousRawEdge-CatmullRomRGB,1.5134350061416626,38.91914798897935,0.0,0.0
225,grass-seam,ABL-ET2X-R-PreviousRawEdge-CatmullRomRGB-Fixed080,1.5393366813659668,39.0611785784065,0.0,0.0
226,seams,O-T2X-R,1.2729328870773315,38.302918288406566,0.0,0.0
226,seams,ABL-ET2X-R-PreviousRawEdge-CatmullRomRGB,1.8686686754226685,34.20298991085411,0.0,0.0
226,seams,ABL-ET2X-R-PreviousRawEdge-CatmullRomRGB-Fixed080,1.8243814706802368,34.36810607904346,0.0,0.0
226,thin-seam,O-T2X-R,1.2390950918197632,39.47512344066054,0.0,0.0
226,thin-seam,ABL-ET2X-R-PreviousRawEdge-CatmullRomRGB,1.9712456464767456,33.72836984608477,0.0,0.0
226,thin-seam,ABL-ET2X-R-PreviousRawEdge-CatmullRomRGB-Fixed080,1.9196505546569824,33.98726423748035,0.0,0.0
226,leaves,O-T2X-R,2.4217610359191895,34.537924850979046,0.0,0.0
226,leaves,ABL-ET2X-R-PreviousRawEdge-CatmullRomRGB,2.925032615661621,32.02474255104591,0.0,0.0
226,leaves,ABL-ET2X-R-PreviousRawEdge-CatmullRomRGB-Fixed080,2.8716797828674316,32.293282723214396,0.0,0.0
226,grass-seam,O-T2X-R,1.468409538269043,39.96791720984325,0.0,0.0
226,grass-seam,ABL-ET2X-R-PreviousRawEdge-CatmullRomRGB,1.5134350061416626,38.91914798897935,0.0,0.0
226,grass-seam,ABL-ET2X-R-PreviousRawEdge-CatmullRomRGB-Fixed080,1.5393366813659668,39.0611785784065,0.0,0.0
227,seams,O-T2X-R,1.2729328870773315,38.302918288406566,0.0,0.0
227,seams,ABL-ET2X-R-PreviousRawEdge-CatmullRomRGB,1.8686686754226685,34.20298991085411,0.0,0.0
227,seams,ABL-ET2X-R-PreviousRawEdge-CatmullRomRGB-Fixed080,1.8243814706802368,34.36810607904346,0.0,0.0
227,thin-seam,O-T2X-R,1.2390950918197632,39.47512344066054,0.0,0.0
227,thin-seam,ABL-ET2X-R-PreviousRawEdge-CatmullRomRGB,1.9712456464767456,33.72836984608477,0.0,0.0
227,thin-seam,ABL-ET2X-R-PreviousRawEdge-CatmullRomRGB-Fixed080,1.9196505546569824,33.98726423748035,0.0,0.0
227,leaves,O-T2X-R,2.4217610359191895,34.537924850979046,0.0,0.0
227,leaves,ABL-ET2X-R-PreviousRawEdge-CatmullRomRGB,2.925032615661621,32.02474255104591,0.0,0.0
227,leaves,ABL-ET2X-R-PreviousRawEdge-CatmullRomRGB-Fixed080,2.8716797828674316,32.293282723214396,0.0,0.0
227,grass-seam,O-T2X-R,1.468409538269043,39.96791720984325,0.0,0.0
227,grass-seam,ABL-ET2X-R-PreviousRawEdge-CatmullRomRGB,1.5134350061416626,38.91914798897935,0.0,0.0
227,grass-seam,ABL-ET2X-R-PreviousRawEdge-CatmullRomRGB-Fixed080,1.5393366813659668,39.0611785784065,0.0,0.0
228,seams,O-T2X-R,1.2729328870773315,38.302918288406566,0.0,0.0
228,seams,ABL-ET2X-R-PreviousRawEdge-CatmullRomRGB,1.8686686754226685,34.20298991085411,0.0,0.0
228,seams,ABL-ET2X-R-PreviousRawEdge-CatmullRomRGB-Fixed080,1.8243814706802368,34.36810607904346,0.0,0.0
228,thin-seam,O-T2X-R,1.2390950918197632,39.47512344066054,0.0,0.0
228,thin-seam,ABL-ET2X-R-PreviousRawEdge-CatmullRomRGB,1.9712456464767456,33.72836984608477,0.0,0.0
228,thin-seam,ABL-ET2X-R-PreviousRawEdge-CatmullRomRGB-Fixed080,1.9196505546569824,33.98726423748035,0.0,0.0
228,leaves,O-T2X-R,2.4217610359191895,34.537924850979046,0.0,0.0
228,leaves,ABL-ET2X-R-PreviousRawEdge-CatmullRomRGB,2.925032615661621,32.02474255104591,0.0,0.0
228,leaves,ABL-ET2X-R-PreviousRawEdge-CatmullRomRGB-Fixed080,2.8716797828674316,32.293282723214396,0.0,0.0
228,grass-seam,O-T2X-R,1.468409538269043,39.96791720984325,0.0,0.0
228,grass-seam,ABL-ET2X-R-PreviousRawEdge-CatmullRomRGB,1.5134350061416626,38.91914798897935,0.0,0.0
228,grass-seam,ABL-ET2X-R-PreviousRawEdge-CatmullRomRGB-Fixed080,1.5393366813659668,39.0611785784065,0.0,0.0
229,seams,O-T2X-R,1.2729328870773315,38.302918288406566,0.0,0.0
229,seams,ABL-ET2X-R-PreviousRawEdge-CatmullRomRGB,1.8686686754226685,34.20298991085411,0.0,0.0
229,seams,ABL-ET2X-R-PreviousRawEdge-CatmullRomRGB-Fixed080,1.8243814706802368,34.36810607904346,0.0,0.0
229,thin-seam,O-T2X-R,1.2390950918197632,39.47512344066054,0.0,0.0
229,thin-seam,ABL-ET2X-R-PreviousRawEdge-CatmullRomRGB,1.9712456464767456,33.72836984608477,0.0,0.0
229,thin-seam,ABL-ET2X-R-PreviousRawEdge-CatmullRomRGB-Fixed080,1.9196505546569824,33.98726423748035,0.0,0.0
229,leaves,O-T2X-R,2.4217610359191895,34.537924850979046,0.0,0.0
229,leaves,ABL-ET2X-R-PreviousRawEdge-CatmullRomRGB,2.925032615661621,32.02474255104591,0.0,0.0
229,leaves,ABL-ET2X-R-PreviousRawEdge-CatmullRomRGB-Fixed080,2.8716797828674316,32.293282723214396,0.0,0.0
229,grass-seam,O-T2X-R,1.468409538269043,39.96791720984325,0.0,0.0
229,grass-seam,ABL-ET2X-R-PreviousRawEdge-CatmullRomRGB,1.5134350061416626,38.91914798897935,0.0,0.0
229,grass-seam,ABL-ET2X-R-PreviousRawEdge-CatmullRomRGB-Fixed080,1.5393366813659668,39.0611785784065,0.0,0.0
230,seams,O-T2X-R,1.2729328870773315,38.302918288406566,0.0,0.0
230,seams,ABL-ET2X-R-PreviousRawEdge-CatmullRomRGB,1.8686686754226685,34.20298991085411,0.0,0.0
230,seams,ABL-ET2X-R-PreviousRawEdge-CatmullRomRGB-Fixed080,1.8243814706802368,34.36810607904346,0.0,0.0
230,thin-seam,O-T2X-R,1.2390950918197632,39.47512344066054,0.0,0.0
230,thin-seam,ABL-ET2X-R-PreviousRawEdge-CatmullRomRGB,1.9712456464767456,33.72836984608477,0.0,0.0
230,thin-seam,ABL-ET2X-R-PreviousRawEdge-CatmullRomRGB-Fixed080,1.9196505546569824,33.98726423748035,0.0,0.0
230,leaves,O-T2X-R,2.4217610359191895,34.537924850979046,0.0,0.0
230,leaves,ABL-ET2X-R-PreviousRawEdge-CatmullRomRGB,2.925032615661621,32.02474255104591,0.0,0.0
230,leaves,ABL-ET2X-R-PreviousRawEdge-CatmullRomRGB-Fixed080,2.8716797828674316,32.293282723214396,0.0,0.0
230,grass-seam,O-T2X-R,1.468409538269043,39.96791720984325,0.0,0.0
230,grass-seam,ABL-ET2X-R-PreviousRawEdge-CatmullRomRGB,1.5134350061416626,38.91914798897935,0.0,0.0
230,grass-seam,ABL-ET2X-R-PreviousRawEdge-CatmullRomRGB-Fixed080,1.5393366813659668,39.0611785784065,0.0,0.0
231,seams,O-T2X-R,1.2729328870773315,38.302918288406566,0.0,0.0
231,seams,ABL-ET2X-R-PreviousRawEdge-CatmullRomRGB,1.8686686754226685,34.20298991085411,0.0,0.0
231,seams,ABL-ET2X-R-PreviousRawEdge-CatmullRomRGB-Fixed080,1.8243814706802368,34.36810607904346,0.0,0.0
231,thin-seam,O-T2X-R,1.2390950918197632,39.47512344066054,0.0,0.0
231,thin-seam,ABL-ET2X-R-PreviousRawEdge-CatmullRomRGB,1.9712456464767456,33.72836984608477,0.0,0.0
231,thin-seam,ABL-ET2X-R-PreviousRawEdge-CatmullRomRGB-Fixed080,1.9196505546569824,33.98726423748035,0.0,0.0
231,leaves,O-T2X-R,2.4217610359191895,34.537924850979046,0.0,0.0
231,leaves,ABL-ET2X-R-PreviousRawEdge-CatmullRomRGB,2.925032615661621,32.02474255104591,0.0,0.0
231,leaves,ABL-ET2X-R-PreviousRawEdge-CatmullRomRGB-Fixed080,2.8716797828674316,32.293282723214396,0.0,0.0
231,grass-seam,O-T2X-R,1.468409538269043,39.96791720984325,0.0,0.0
231,grass-seam,ABL-ET2X-R-PreviousRawEdge-CatmullRomRGB,1.5134350061416626,38.91914798897935,0.0,0.0
231,grass-seam,ABL-ET2X-R-PreviousRawEdge-CatmullRomRGB-Fixed080,1.5393366813659668,39.0611785784065,0.0,0.0
232,seams,O-T2X-R,1.2729328870773315,38.302918288406566,0.0,0.0
232,seams,ABL-ET2X-R-PreviousRawEdge-CatmullRomRGB,1.8686686754226685,34.20298991085411,0.0,0.0
232,seams,ABL-ET2X-R-PreviousRawEdge-CatmullRomRGB-Fixed080,1.8243814706802368,34.36810607904346,0.0,0.0
232,thin-seam,O-T2X-R,1.2390950918197632,39.47512344066054,0.0,0.0
232,thin-seam,ABL-ET2X-R-PreviousRawEdge-CatmullRomRGB,1.9712456464767456,33.72836984608477,0.0,0.0
232,thin-seam,ABL-ET2X-R-PreviousRawEdge-CatmullRomRGB-Fixed080,1.9196505546569824,33.98726423748035,0.0,0.0
232,leaves,O-T2X-R,2.4217610359191895,34.537924850979046,0.0,0.0
232,leaves,ABL-ET2X-R-PreviousRawEdge-CatmullRomRGB,2.925032615661621,32.02474255104591,0.0,0.0
232,leaves,ABL-ET2X-R-PreviousRawEdge-CatmullRomRGB-Fixed080,2.8716797828674316,32.293282723214396,0.0,0.0
232,grass-seam,O-T2X-R,1.468409538269043,39.96791720984325,0.0,0.0
232,grass-seam,ABL-ET2X-R-PreviousRawEdge-CatmullRomRGB,1.5134350061416626,38.91914798897935,0.0,0.0
232,grass-seam,ABL-ET2X-R-PreviousRawEdge-CatmullRomRGB-Fixed080,1.5393366813659668,39.0611785784065,0.0,0.0
233,seams,O-T2X-R,1.2729328870773315,38.302918288406566,0.0,0.0
233,seams,ABL-ET2X-R-PreviousRawEdge-CatmullRomRGB,1.8686686754226685,34.20298991085411,0.0,0.0
233,seams,ABL-ET2X-R-PreviousRawEdge-CatmullRomRGB-Fixed080,1.8243814706802368,34.36810607904346,0.0,0.0
233,thin-seam,O-T2X-R,1.2390950918197632,39.47512344066054,0.0,0.0
233,thin-seam,ABL-ET2X-R-PreviousRawEdge-CatmullRomRGB,1.9712456464767456,33.72836984608477,0.0,0.0
233,thin-seam,ABL-ET2X-R-PreviousRawEdge-CatmullRomRGB-Fixed080,1.9196505546569824,33.98726423748035,0.0,0.0
233,leaves,O-T2X-R,2.4217610359191895,34.537924850979046,0.0,0.0
233,leaves,ABL-ET2X-R-PreviousRawEdge-CatmullRomRGB,2.925032615661621,32.02474255104591,0.0,0.0
233,leaves,ABL-ET2X-R-PreviousRawEdge-CatmullRomRGB-Fixed080,2.8716797828674316,32.293282723214396,0.0,0.0
233,grass-seam,O-T2X-R,1.468409538269043,39.96791720984325,0.0,0.0
233,grass-seam,ABL-ET2X-R-PreviousRawEdge-CatmullRomRGB,1.5134350061416626,38.91914798897935,0.0,0.0
233,grass-seam,ABL-ET2X-R-PreviousRawEdge-CatmullRomRGB-Fixed080,1.5393366813659668,39.0611785784065,0.0,0.0
234,seams,O-T2X-R,1.2729328870773315,38.302918288406566,0.0,0.0
234,seams,ABL-ET2X-R-PreviousRawEdge-CatmullRomRGB,1.8686686754226685,34.20298991085411,0.0,0.0
234,seams,ABL-ET2X-R-PreviousRawEdge-CatmullRomRGB-Fixed080,1.8243814706802368,34.36810607904346,0.0,0.0
234,thin-seam,O-T2X-R,1.2390950918197632,39.47512344066054,0.0,0.0
234,thin-seam,ABL-ET2X-R-PreviousRawEdge-CatmullRomRGB,1.9712456464767456,33.72836984608477,0.0,0.0
234,thin-seam,ABL-ET2X-R-PreviousRawEdge-CatmullRomRGB-Fixed080,1.9196505546569824,33.98726423748035,0.0,0.0
234,leaves,O-T2X-R,2.4217610359191895,34.537924850979046,0.0,0.0
234,leaves,ABL-ET2X-R-PreviousRawEdge-CatmullRomRGB,2.925032615661621,32.02474255104591,0.0,0.0
234,leaves,ABL-ET2X-R-PreviousRawEdge-CatmullRomRGB-Fixed080,2.8716797828674316,32.293282723214396,0.0,0.0
234,grass-seam,O-T2X-R,1.468409538269043,39.96791720984325,0.0,0.0
234,grass-seam,ABL-ET2X-R-PreviousRawEdge-CatmullRomRGB,1.5134350061416626,38.91914798897935,0.0,0.0
234,grass-seam,ABL-ET2X-R-PreviousRawEdge-CatmullRomRGB-Fixed080,1.5393366813659668,39.0611785784065,0.0,0.0
235,seams,O-T2X-R,1.2729328870773315,38.302918288406566,0.0,0.0
235,seams,ABL-ET2X-R-PreviousRawEdge-CatmullRomRGB,1.8686686754226685,34.20298991085411,0.0,0.0
235,seams,ABL-ET2X-R-PreviousRawEdge-CatmullRomRGB-Fixed080,1.8243814706802368,34.36810607904346,0.0,0.0
235,thin-seam,O-T2X-R,1.2390950918197632,39.47512344066054,0.0,0.0
235,thin-seam,ABL-ET2X-R-PreviousRawEdge-CatmullRomRGB,1.9712456464767456,33.72836984608477,0.0,0.0
235,thin-seam,ABL-ET2X-R-PreviousRawEdge-CatmullRomRGB-Fixed080,1.9196505546569824,33.98726423748035,0.0,0.0
235,leaves,O-T2X-R,2.4217610359191895,34.537924850979046,0.0,0.0
235,leaves,ABL-ET2X-R-PreviousRawEdge-CatmullRomRGB,2.925032615661621,32.02474255104591,0.0,0.0
235,leaves,ABL-ET2X-R-PreviousRawEdge-CatmullRomRGB-Fixed080,2.8716797828674316,32.293282723214396,0.0,0.0
235,grass-seam,O-T2X-R,1.468409538269043,39.96791720984325,0.0,0.0
235,grass-seam,ABL-ET2X-R-PreviousRawEdge-CatmullRomRGB,1.5134350061416626,38.91914798897935,0.0,0.0
235,grass-seam,ABL-ET2X-R-PreviousRawEdge-CatmullRomRGB-Fixed080,1.5393366813659668,39.0611785784065,0.0,0.0
236,seams,O-T2X-R,1.2729328870773315,38.302918288406566,0.0,0.0
236,seams,ABL-ET2X-R-PreviousRawEdge-CatmullRomRGB,1.8686686754226685,34.20298991085411,0.0,0.0
236,seams,ABL-ET2X-R-PreviousRawEdge-CatmullRomRGB-Fixed080,1.8243814706802368,34.36810607904346,0.0,0.0
236,thin-seam,O-T2X-R,1.2390950918197632,39.47512344066054,0.0,0.0
236,thin-seam,ABL-ET2X-R-PreviousRawEdge-CatmullRomRGB,1.9712456464767456,33.72836984608477,0.0,0.0
236,thin-seam,ABL-ET2X-R-PreviousRawEdge-CatmullRomRGB-Fixed080,1.9196505546569824,33.98726423748035,0.0,0.0
236,leaves,O-T2X-R,2.4217610359191895,34.537924850979046,0.0,0.0
236,leaves,ABL-ET2X-R-PreviousRawEdge-CatmullRomRGB,2.925032615661621,32.02474255104591,0.0,0.0
236,leaves,ABL-ET2X-R-PreviousRawEdge-CatmullRomRGB-Fixed080,2.8716797828674316,32.293282723214396,0.0,0.0
236,grass-seam,O-T2X-R,1.468409538269043,39.96791720984325,0.0,0.0
236,grass-seam,ABL-ET2X-R-PreviousRawEdge-CatmullRomRGB,1.5134350061416626,38.91914798897935,0.0,0.0
236,grass-seam,ABL-ET2X-R-PreviousRawEdge-CatmullRomRGB-Fixed080,1.5393366813659668,39.0611785784065,0.0,0.0
237,seams,O-T2X-R,1.2729328870773315,38.302918288406566,0.0,0.0
237,seams,ABL-ET2X-R-PreviousRawEdge-CatmullRomRGB,1.8686686754226685,34.20298991085411,0.0,0.0
237,seams,ABL-ET2X-R-PreviousRawEdge-CatmullRomRGB-Fixed080,1.8243814706802368,34.36810607904346,0.0,0.0
237,thin-seam,O-T2X-R,1.2390950918197632,39.47512344066054,0.0,0.0
237,thin-seam,ABL-ET2X-R-PreviousRawEdge-CatmullRomRGB,1.9712456464767456,33.72836984608477,0.0,0.0
237,thin-seam,ABL-ET2X-R-PreviousRawEdge-CatmullRomRGB-Fixed080,1.9196505546569824,33.98726423748035,0.0,0.0
237,leaves,O-T2X-R,2.4217610359191895,34.537924850979046,0.0,0.0
237,leaves,ABL-ET2X-R-PreviousRawEdge-CatmullRomRGB,2.925032615661621,32.02474255104591,0.0,0.0
237,leaves,ABL-ET2X-R-PreviousRawEdge-CatmullRomRGB-Fixed080,2.8716797828674316,32.293282723214396,0.0,0.0
237,grass-seam,O-T2X-R,1.468409538269043,39.96791720984325,0.0,0.0
237,grass-seam,ABL-ET2X-R-PreviousRawEdge-CatmullRomRGB,1.5134350061416626,38.91914798897935,0.0,0.0
237,grass-seam,ABL-ET2X-R-PreviousRawEdge-CatmullRomRGB-Fixed080,1.5393366813659668,39.0611785784065,0.0,0.0
238,seams,O-T2X-R,1.2729328870773315,38.302918288406566,0.0,0.0
238,seams,ABL-ET2X-R-PreviousRawEdge-CatmullRomRGB,1.8686686754226685,34.20298991085411,0.0,0.0
238,seams,ABL-ET2X-R-PreviousRawEdge-CatmullRomRGB-Fixed080,1.8243814706802368,34.36810607904346,0.0,0.0
238,thin-seam,O-T2X-R,1.2390950918197632,39.47512344066054,0.0,0.0
238,thin-seam,ABL-ET2X-R-PreviousRawEdge-CatmullRomRGB,1.9712456464767456,33.72836984608477,0.0,0.0
238,thin-seam,ABL-ET2X-R-PreviousRawEdge-CatmullRomRGB-Fixed080,1.9196505546569824,33.98726423748035,0.0,0.0
238,leaves,O-T2X-R,2.4217610359191895,34.537924850979046,0.0,0.0
238,leaves,ABL-ET2X-R-PreviousRawEdge-CatmullRomRGB,2.925032615661621,32.02474255104591,0.0,0.0
238,leaves,ABL-ET2X-R-PreviousRawEdge-CatmullRomRGB-Fixed080,2.8716797828674316,32.293282723214396,0.0,0.0
238,grass-seam,O-T2X-R,1.468409538269043,39.96791720984325,0.0,0.0
238,grass-seam,ABL-ET2X-R-PreviousRawEdge-CatmullRomRGB,1.5134350061416626,38.91914798897935,0.0,0.0
238,grass-seam,ABL-ET2X-R-PreviousRawEdge-CatmullRomRGB-Fixed080,1.5393366813659668,39.0611785784065,0.0,0.0
239,seams,O-T2X-R,1.2729328870773315,38.302918288406566,0.0,0.0
239,seams,ABL-ET2X-R-PreviousRawEdge-CatmullRomRGB,1.8686686754226685,34.20298991085411,0.0,0.0
239,seams,ABL-ET2X-R-PreviousRawEdge-CatmullRomRGB-Fixed080,1.8243814706802368,34.36810607904346,0.0,0.0
239,thin-seam,O-T2X-R,1.2390950918197632,39.47512344066054,0.0,0.0
239,thin-seam,ABL-ET2X-R-PreviousRawEdge-CatmullRomRGB,1.9712456464767456,33.72836984608477,0.0,0.0
239,thin-seam,ABL-ET2X-R-PreviousRawEdge-CatmullRomRGB-Fixed080,1.9196505546569824,33.98726423748035,0.0,0.0
239,leaves,O-T2X-R,2.4217610359191895,34.537924850979046,0.0,0.0
239,leaves,ABL-ET2X-R-PreviousRawEdge-CatmullRomRGB,2.925032615661621,32.02474255104591,0.0,0.0
239,leaves,ABL-ET2X-R-PreviousRawEdge-CatmullRomRGB-Fixed080,2.8716797828674316,32.293282723214396,0.0,0.0
239,grass-seam,O-T2X-R,1.468409538269043,39.96791720984325,0.0,0.0
239,grass-seam,ABL-ET2X-R-PreviousRawEdge-CatmullRomRGB,1.5134350061416626,38.91914798897935,0.0,0.0
239,grass-seam,ABL-ET2X-R-PreviousRawEdge-CatmullRomRGB-Fixed080,1.5393366813659668,39.0611785784065,0.0,0.0
