frame,roi,mode,reference_rgb_mae,psnr,luma_delta,luma_second_delta
0,chairs,O-T2X-R,4.546842575073242,28.44487050795346,,
0,chairs,ABL-ET2X-R-PreviousRawEdge-CatmullRomRGB-Fixed080,3.689225196838379,29.913685532648646,,
0,chairs,ABL-ET2X-R-PreviousRawEdge-CatmullRomRGB-Fixed080-Recovered5Fetch,3.689225196838379,29.913685532648646,,
0,thin-chair,O-T2X-R,6.6784443855285645,26.338290801734075,,
0,thin-chair,ABL-ET2X-R-PreviousRawEdge-CatmullRomRGB-Fixed080,5.546253681182861,27.741128275872825,,
0,thin-chair,ABL-ET2X-R-PreviousRawEdge-CatmullRomRGB-Fixed080-Recovered5Fetch,5.546253681182861,27.741128275872825,,
0,windows,O-T2X-R,7.944287300109863,21.91560318726814,,
0,windows,ABL-ET2X-R-PreviousRawEdge-CatmullRomRGB-Fixed080,5.217268943786621,25.77318343274605,,
0,windows,ABL-ET2X-R-PreviousRawEdge-CatmullRomRGB-Fixed080-Recovered5Fetch,5.217268943786621,25.77318343274605,,
1,chairs,O-T2X-R,2.539811134338379,33.091345831527036,3.436199903488159,
1,chairs,ABL-ET2X-R-PreviousRawEdge-CatmullRomRGB-Fixed080,3.689225196838379,29.913685532648646,0.0,
1,chairs,ABL-ET2X-R-PreviousRawEdge-CatmullRomRGB-Fixed080-Recovered5Fetch,3.689225196838379,29.913685532648646,0.0,
1,thin-chair,O-T2X-R,3.863340377807617,30.773035422457546,4.929037094116211,
1,thin-chair,ABL-ET2X-R-PreviousRawEdge-CatmullRomRGB-Fixed080,5.546253681182861,27.741128275872825,0.0,
1,thin-chair,ABL-ET2X-R-PreviousRawEdge-CatmullRomRGB-Fixed080-Recovered5Fetch,5.546253681182861,27.741128275872825,0.0,
1,windows,O-T2X-R,4.3203125,28.06699692047068,5.360753536224365,
1,windows,ABL-ET2X-R-PreviousRawEdge-CatmullRomRGB-Fixed080,5.217268943786621,25.77318343274605,0.0,
1,windows,ABL-ET2X-R-PreviousRawEdge-CatmullRomRGB-Fixed080-Recovered5Fetch,5.217268943786621,25.77318343274605,0.0,
2,chairs,O-T2X-R,2.539811134338379,33.091345831527036,0.0,3.436199903488159
2,chairs,ABL-ET2X-R-PreviousRawEdge-CatmullRomRGB-Fixed080,3.689225196838379,29.913685532648646,0.0,0.0
2,chairs,ABL-ET2X-R-PreviousRawEdge-CatmullRomRGB-Fixed080-Recovered5Fetch,3.689225196838379,29.913685532648646,0.0,0.0
2,thin-chair,O-T2X-R,3.863340377807617,30.773035422457546,0.0,4.929037094116211
2,thin-chair,ABL-ET2X-R-PreviousRawEdge-CatmullRomRGB-Fixed080,5.546253681182861,27.741128275872825,0.0,0.0
2,thin-chair,ABL-ET2X-R-PreviousRawEdge-CatmullRomRGB-Fixed080-Recovered5Fetch,5.546253681182861,27.741128275872825,0.0,0.0
2,windows,O-T2X-R,4.3203125,28.06699692047068,0.0,5.360753536224365
2,windows,ABL-ET2X-R-PreviousRawEdge-CatmullRomRGB-Fixed080,5.217268943786621,25.77318343274605,0.0,0.0
2,windows,ABL-ET2X-R-PreviousRawEdge-CatmullRomRGB-Fixed080-Recovered5Fetch,5.217268943786621,25.77318343274605,0.0,0.0
3,chairs,O-T2X-R,2.539811134338379,33.091345831527036,0.0,0.0
3,chairs,ABL-ET2X-R-PreviousRawEdge-CatmullRomRGB-Fixed080,3.689225196838379,29.913685532648646,0.0,0.0
3,chairs,ABL-ET2X-R-PreviousRawEdge-CatmullRomRGB-Fixed080-Recovered5Fetch,3.689225196838379,29.913685532648646,0.0,0.0
3,thin-chair,O-T2X-R,3.863340377807617,30.773035422457546,0.0,0.0
3,thin-chair,ABL-ET2X-R-PreviousRawEdge-CatmullRomRGB-Fixed080,5.546253681182861,27.741128275872825,0.0,0.0
3,thin-chair,ABL-ET2X-R-PreviousRawEdge-CatmullRomRGB-Fixed080-Recovered5Fetch,5.546253681182861,27.741128275872825,0.0,0.0
3,windows,O-T2X-R,4.3203125,28.06699692047068,0.0,0.0
3,windows,ABL-ET2X-R-PreviousRawEdge-CatmullRomRGB-Fixed080,5.217268943786621,25.77318343274605,0.0,0.0
3,windows,ABL-ET2X-R-PreviousRawEdge-CatmullRomRGB-Fixed080-Recovered5Fetch,5.217268943786621,25.77318343274605,0.0,0.0
4,chairs,O-T2X-R,2.539811134338379,33.091345831527036,0.0,0.0
4,chairs,ABL-ET2X-R-PreviousRawEdge-CatmullRomRGB-Fixed080,3.689225196838379,29.913685532648646,0.0,0.0
4,chairs,ABL-ET2X-R-PreviousRawEdge-CatmullRomRGB-Fixed080-Recovered5Fetch,3.689225196838379,29.913685532648646,0.0,0.0
4,thin-chair,O-T2X-R,3.863340377807617,30.773035422457546,0.0,0.0
4,thin-chair,ABL-ET2X-R-PreviousRawEdge-CatmullRomRGB-Fixed080,5.546253681182861,27.741128275872825,0.0,0.0
4,thin-chair,ABL-ET2X-R-PreviousRawEdge-CatmullRomRGB-Fixed080-Recovered5Fetch,5.546253681182861,27.741128275872825,0.0,0.0
4,windows,O-T2X-R,4.3203125,28.06699692047068,0.0,0.0
4,windows,ABL-ET2X-R-PreviousRawEdge-CatmullRomRGB-Fixed080,5.217268943786621,25.77318343274605,0.0,0.0
4,windows,ABL-ET2X-R-PreviousRawEdge-CatmullRomRGB-Fixed080-Recovered5Fetch,5.217268943786621,25.77318343274605,0.0,0.0
5,chairs,O-T2X-R,2.539811134338379,33.091345831527036,0.0,0.0
5,chairs,ABL-ET2X-R-PreviousRawEdge-CatmullRomRGB-Fixed080,3.689225196838379,29.913685532648646,0.0,0.0
5,chairs,ABL-ET2X-R-PreviousRawEdge-CatmullRomRGB-Fixed080-Recovered5Fetch,3.689225196838379,29.913685532648646,0.0,0.0
5,thin-chair,O-T2X-R,3.863340377807617,30.773035422457546,0.0,0.0
5,thin-chair,ABL-ET2X-R-PreviousRawEdge-CatmullRomRGB-Fixed080,5.546253681182861,27.741128275872825,0.0,0.0
5,thin-chair,ABL-ET2X-R-PreviousRawEdge-CatmullRomRGB-Fixed080-Recovered5Fetch,5.546253681182861,27.741128275872825,0.0,0.0
5,windows,O-T2X-R,4.3203125,28.06699692047068,0.0,0.0
5,windows,ABL-ET2X-R-PreviousRawEdge-CatmullRomRGB-Fixed080,5.217268943786621,25.77318343274605,0.0,0.0
5,windows,ABL-ET2X-R-PreviousRawEdge-CatmullRomRGB-Fixed080-Recovered5Fetch,5.217268943786621,25.77318343274605,0.0,0.0
6,chairs,O-T2X-R,2.539811134338379,33.091345831527036,0.0,0.0
6,chairs,ABL-ET2X-R-PreviousRawEdge-CatmullRomRGB-Fixed080,3.689225196838379,29.913685532648646,0.0,0.0
6,chairs,ABL-ET2X-R-PreviousRawEdge-CatmullRomRGB-Fixed080-Recovered5Fetch,3.689225196838379,29.913685532648646,0.0,0.0
6,thin-chair,O-T2X-R,3.863340377807617,30.773035422457546,0.0,0.0
6,thin-chair,ABL-ET2X-R-PreviousRawEdge-CatmullRomRGB-Fixed080,5.546253681182861,27.741128275872825,0.0,0.0
6,thin-chair,ABL-ET2X-R-PreviousRawEdge-CatmullRomRGB-Fixed080-Recovered5Fetch,5.546253681182861,27.741128275872825,0.0,0.0
6,windows,O-T2X-R,4.3203125,28.06699692047068,0.0,0.0
6,windows,ABL-ET2X-R-PreviousRawEdge-CatmullRomRGB-Fixed080,5.217268943786621,25.77318343274605,0.0,0.0
6,windows,ABL-ET2X-R-PreviousRawEdge-CatmullRomRGB-Fixed080-Recovered5Fetch,5.217268943786621,25.77318343274605,0.0,0.0
7,chairs,O-T2X-R,2.539811134338379,33.091345831527036,0.0,0.0
7,chairs,ABL-ET2X-R-PreviousRawEdge-CatmullRomRGB-Fixed080,3.689225196838379,29.913685532648646,0.0,0.0
7,chairs,ABL-ET2X-R-PreviousRawEdge-CatmullRomRGB-Fixed080-Recovered5Fetch,3.689225196838379,29.913685532648646,0.0,0.0
7,thin-chair,O-T2X-R,3.863340377807617,30.773035422457546,0.0,0.0
7,thin-chair,ABL-ET2X-R-PreviousRawEdge-CatmullRomRGB-Fixed080,5.546253681182861,27.741128275872825,0.0,0.0
7,thin-chair,ABL-ET2X-R-PreviousRawEdge-CatmullRomRGB-Fixed080-Recovered5Fetch,5.546253681182861,27.741128275872825,0.0,0.0
7,windows,O-T2X-R,4.3203125,28.06699692047068,0.0,0.0
7,windows,ABL-ET2X-R-PreviousRawEdge-CatmullRomRGB-Fixed080,5.217268943786621,25.77318343274605,0.0,0.0
7,windows,ABL-ET2X-R-PreviousRawEdge-CatmullRomRGB-Fixed080-Recovered5Fetch,5.217268943786621,25.77318343274605,0.0,0.0
8,chairs,O-T2X-R,2.539811134338379,33.091345831527036,0.0,0.0
8,chairs,ABL-ET2X-R-PreviousRawEdge-CatmullRomRGB-Fixed080,3.689225196838379,29.913685532648646,0.0,0.0
8,chairs,ABL-ET2X-R-PreviousRawEdge-CatmullRomRGB-Fixed080-Recovered5Fetch,3.689225196838379,29.913685532648646,0.0,0.0
8,thin-chair,O-T2X-R,3.863340377807617,30.773035422457546,0.0,0.0
8,thin-chair,ABL-ET2X-R-PreviousRawEdge-CatmullRomRGB-Fixed080,5.546253681182861,27.741128275872825,0.0,0.0
8,thin-chair,ABL-ET2X-R-PreviousRawEdge-CatmullRomRGB-Fixed080-Recovered5Fetch,5.546253681182861,27.741128275872825,0.0,0.0
8,windows,O-T2X-R,4.3203125,28.06699692047068,0.0,0.0
8,windows,ABL-ET2X-R-PreviousRawEdge-CatmullRomRGB-Fixed080,5.217268943786621,25.77318343274605,0.0,0.0
8,windows,ABL-ET2X-R-PreviousRawEdge-CatmullRomRGB-Fixed080-Recovered5Fetch,5.217268943786621,25.77318343274605,0.0,0.0
9,chairs,O-T2X-R,2.539811134338379,33.091345831527036,0.0,0.0
9,chairs,ABL-ET2X-R-PreviousRawEdge-CatmullRomRGB-Fixed080,3.689225196838379,29.913685532648646,0.0,0.0
9,chairs,ABL-ET2X-R-PreviousRawEdge-CatmullRomRGB-Fixed080-Recovered5Fetch,3.689225196838379,29.913685532648646,0.0,0.0
9,thin-chair,O-T2X-R,3.863340377807617,30.773035422457546,0.0,0.0
9,thin-chair,ABL-ET2X-R-PreviousRawEdge-CatmullRomRGB-Fixed080,5.546253681182861,27.741128275872825,0.0,0.0
9,thin-chair,ABL-ET2X-R-PreviousRawEdge-CatmullRomRGB-Fixed080-Recovered5Fetch,5.546253681182861,27.741128275872825,0.0,0.0
9,windows,O-T2X-R,4.3203125,28.06699692047068,0.0,0.0
9,windows,ABL-ET2X-R-PreviousRawEdge-CatmullRomRGB-Fixed080,5.217268943786621,25.77318343274605,0.0,0.0
9,windows,ABL-ET2X-R-PreviousRawEdge-CatmullRomRGB-Fixed080-Recovered5Fetch,5.217268943786621,25.77318343274605,0.0,0.0
10,chairs,O-T2X-R,2.539811134338379,33.091345831527036,0.0,0.0
10,chairs,ABL-ET2X-R-PreviousRawEdge-CatmullRomRGB-Fixed080,3.689225196838379,29.913685532648646,0.0,0.0
10,chairs,ABL-ET2X-R-PreviousRawEdge-CatmullRomRGB-Fixed080-Recovered5Fetch,3.689225196838379,29.913685532648646,0.0,0.0
10,thin-chair,O-T2X-R,3.863340377807617,30.773035422457546,0.0,0.0
10,thin-chair,ABL-ET2X-R-PreviousRawEdge-CatmullRomRGB-Fixed080,5.546253681182861,27.741128275872825,0.0,0.0
10,thin-chair,ABL-ET2X-R-PreviousRawEdge-CatmullRomRGB-Fixed080-Recovered5Fetch,5.546253681182861,27.741128275872825,0.0,0.0
10,windows,O-T2X-R,4.3203125,28.06699692047068,0.0,0.0
10,windows,ABL-ET2X-R-PreviousRawEdge-CatmullRomRGB-Fixed080,5.217268943786621,25.77318343274605,0.0,0.0
10,windows,ABL-ET2X-R-PreviousRawEdge-CatmullRomRGB-Fixed080-Recovered5Fetch,5.217268943786621,25.77318343274605,0.0,0.0
11,chairs,O-T2X-R,2.539811134338379,33.091345831527036,0.0,0.0
11,chairs,ABL-ET2X-R-PreviousRawEdge-CatmullRomRGB-Fixed080,3.689225196838379,29.913685532648646,0.0,0.0
11,chairs,ABL-ET2X-R-PreviousRawEdge-CatmullRomRGB-Fixed080-Recovered5Fetch,3.689225196838379,29.913685532648646,0.0,0.0
11,thin-chair,O-T2X-R,3.863340377807617,30.773035422457546,0.0,0.0
11,thin-chair,ABL-ET2X-R-PreviousRawEdge-CatmullRomRGB-Fixed080,5.546253681182861,27.741128275872825,0.0,0.0
11,thin-chair,ABL-ET2X-R-PreviousRawEdge-CatmullRomRGB-Fixed080-Recovered5Fetch,5.546253681182861,27.741128275872825,0.0,0.0
11,windows,O-T2X-R,4.3203125,28.06699692047068,0.0,0.0
11,windows,ABL-ET2X-R-PreviousRawEdge-CatmullRomRGB-Fixed080,5.217268943786621,25.77318343274605,0.0,0.0
11,windows,ABL-ET2X-R-PreviousRawEdge-CatmullRomRGB-Fixed080-Recovered5Fetch,5.217268943786621,25.77318343274605,0.0,0.0
12,chairs,O-T2X-R,2.539811134338379,33.091345831527036,0.0,0.0
12,chairs,ABL-ET2X-R-PreviousRawEdge-CatmullRomRGB-Fixed080,3.689225196838379,29.913685532648646,0.0,0.0
12,chairs,ABL-ET2X-R-PreviousRawEdge-CatmullRomRGB-Fixed080-Recovered5Fetch,3.689225196838379,29.913685532648646,0.0,0.0
12,thin-chair,O-T2X-R,3.863340377807617,30.773035422457546,0.0,0.0
12,thin-chair,ABL-ET2X-R-PreviousRawEdge-CatmullRomRGB-Fixed080,5.546253681182861,27.741128275872825,0.0,0.0
12,thin-chair,ABL-ET2X-R-PreviousRawEdge-CatmullRomRGB-Fixed080-Recovered5Fetch,5.546253681182861,27.741128275872825,0.0,0.0
12,windows,O-T2X-R,4.3203125,28.06699692047068,0.0,0.0
12,windows,ABL-ET2X-R-PreviousRawEdge-CatmullRomRGB-Fixed080,5.217268943786621,25.77318343274605,0.0,0.0
12,windows,ABL-ET2X-R-PreviousRawEdge-CatmullRomRGB-Fixed080-Recovered5Fetch,5.217268943786621,25.77318343274605,0.0,0.0
13,chairs,O-T2X-R,2.539811134338379,33.091345831527036,0.0,0.0
13,chairs,ABL-ET2X-R-PreviousRawEdge-CatmullRomRGB-Fixed080,3.689225196838379,29.913685532648646,0.0,0.0
13,chairs,ABL-ET2X-R-PreviousRawEdge-CatmullRomRGB-Fixed080-Recovered5Fetch,3.689225196838379,29.913685532648646,0.0,0.0
13,thin-chair,O-T2X-R,3.863340377807617,30.773035422457546,0.0,0.0
13,thin-chair,ABL-ET2X-R-PreviousRawEdge-CatmullRomRGB-Fixed080,5.546253681182861,27.741128275872825,0.0,0.0
13,thin-chair,ABL-ET2X-R-PreviousRawEdge-CatmullRomRGB-Fixed080-Recovered5Fetch,5.546253681182861,27.741128275872825,0.0,0.0
13,windows,O-T2X-R,4.3203125,28.06699692047068,0.0,0.0
13,windows,ABL-ET2X-R-PreviousRawEdge-CatmullRomRGB-Fixed080,5.217268943786621,25.77318343274605,0.0,0.0
13,windows,ABL-ET2X-R-PreviousRawEdge-CatmullRomRGB-Fixed080-Recovered5Fetch,5.217268943786621,25.77318343274605,0.0,0.0
14,chairs,O-T2X-R,2.539811134338379,33.091345831527036,0.0,0.0
14,chairs,ABL-ET2X-R-PreviousRawEdge-CatmullRomRGB-Fixed080,3.689225196838379,29.913685532648646,0.0,0.0
14,chairs,ABL-ET2X-R-PreviousRawEdge-CatmullRomRGB-Fixed080-Recovered5Fetch,3.689225196838379,29.913685532648646,0.0,0.0
14,thin-chair,O-T2X-R,3.863340377807617,30.773035422457546,0.0,0.0
14,thin-chair,ABL-ET2X-R-PreviousRawEdge-CatmullRomRGB-Fixed080,5.546253681182861,27.741128275872825,0.0,0.0
14,thin-chair,ABL-ET2X-R-PreviousRawEdge-CatmullRomRGB-Fixed080-Recovered5Fetch,5.546253681182861,27.741128275872825,0.0,0.0
14,windows,O-T2X-R,4.3203125,28.06699692047068,0.0,0.0
14,windows,ABL-ET2X-R-PreviousRawEdge-CatmullRomRGB-Fixed080,5.217268943786621,25.77318343274605,0.0,0.0
14,windows,ABL-ET2X-R-PreviousRawEdge-CatmullRomRGB-Fixed080-Recovered5Fetch,5.217268943786621,25.77318343274605,0.0,0.0
15,chairs,O-T2X-R,2.539811134338379,33.091345831527036,0.0,0.0
15,chairs,ABL-ET2X-R-PreviousRawEdge-CatmullRomRGB-Fixed080,3.689225196838379,29.913685532648646,0.0,0.0
15,chairs,ABL-ET2X-R-PreviousRawEdge-CatmullRomRGB-Fixed080-Recovered5Fetch,3.689225196838379,29.913685532648646,0.0,0.0
15,thin-chair,O-T2X-R,3.863340377807617,30.773035422457546,0.0,0.0
15,thin-chair,ABL-ET2X-R-PreviousRawEdge-CatmullRomRGB-Fixed080,5.546253681182861,27.741128275872825,0.0,0.0
15,thin-chair,ABL-ET2X-R-PreviousRawEdge-CatmullRomRGB-Fixed080-Recovered5Fetch,5.546253681182861,27.741128275872825,0.0,0.0
15,windows,O-T2X-R,4.3203125,28.06699692047068,0.0,0.0
15,windows,ABL-ET2X-R-PreviousRawEdge-CatmullRomRGB-Fixed080,5.217268943786621,25.77318343274605,0.0,0.0
15,windows,ABL-ET2X-R-PreviousRawEdge-CatmullRomRGB-Fixed080-Recovered5Fetch,5.217268943786621,25.77318343274605,0.0,0.0
16,chairs,O-T2X-R,2.539811134338379,33.091345831527036,0.0,0.0
16,chairs,ABL-ET2X-R-PreviousRawEdge-CatmullRomRGB-Fixed080,3.689225196838379,29.913685532648646,0.0,0.0
16,chairs,ABL-ET2X-R-PreviousRawEdge-CatmullRomRGB-Fixed080-Recovered5Fetch,3.689225196838379,29.913685532648646,0.0,0.0
16,thin-chair,O-T2X-R,3.863340377807617,30.773035422457546,0.0,0.0
16,thin-chair,ABL-ET2X-R-PreviousRawEdge-CatmullRomRGB-Fixed080,5.546253681182861,27.741128275872825,0.0,0.0
16,thin-chair,ABL-ET2X-R-PreviousRawEdge-CatmullRomRGB-Fixed080-Recovered5Fetch,5.546253681182861,27.741128275872825,0.0,0.0
16,windows,O-T2X-R,4.3203125,28.06699692047068,0.0,0.0
16,windows,ABL-ET2X-R-PreviousRawEdge-CatmullRomRGB-Fixed080,5.217268943786621,25.77318343274605,0.0,0.0
16,windows,ABL-ET2X-R-PreviousRawEdge-CatmullRomRGB-Fixed080-Recovered5Fetch,5.217268943786621,25.77318343274605,0.0,0.0
17,chairs,O-T2X-R,2.539811134338379,33.091345831527036,0.0,0.0
17,chairs,ABL-ET2X-R-PreviousRawEdge-CatmullRomRGB-Fixed080,3.689225196838379,29.913685532648646,0.0,0.0
17,chairs,ABL-ET2X-R-PreviousRawEdge-CatmullRomRGB-Fixed080-Recovered5Fetch,3.689225196838379,29.913685532648646,0.0,0.0
17,thin-chair,O-T2X-R,3.863340377807617,30.773035422457546,0.0,0.0
17,thin-chair,ABL-ET2X-R-PreviousRawEdge-CatmullRomRGB-Fixed080,5.546253681182861,27.741128275872825,0.0,0.0
17,thin-chair,ABL-ET2X-R-PreviousRawEdge-CatmullRomRGB-Fixed080-Recovered5Fetch,5.546253681182861,27.741128275872825,0.0,0.0
17,windows,O-T2X-R,4.3203125,28.06699692047068,0.0,0.0
17,windows,ABL-ET2X-R-PreviousRawEdge-CatmullRomRGB-Fixed080,5.217268943786621,25.77318343274605,0.0,0.0
17,windows,ABL-ET2X-R-PreviousRawEdge-CatmullRomRGB-Fixed080-Recovered5Fetch,5.217268943786621,25.77318343274605,0.0,0.0
18,chairs,O-T2X-R,2.539811134338379,33.091345831527036,0.0,0.0
18,chairs,ABL-ET2X-R-PreviousRawEdge-CatmullRomRGB-Fixed080,3.689225196838379,29.913685532648646,0.0,0.0
18,chairs,ABL-ET2X-R-PreviousRawEdge-CatmullRomRGB-Fixed080-Recovered5Fetch,3.689225196838379,29.913685532648646,0.0,0.0
18,thin-chair,O-T2X-R,3.863340377807617,30.773035422457546,0.0,0.0
18,thin-chair,ABL-ET2X-R-PreviousRawEdge-CatmullRomRGB-Fixed080,5.546253681182861,27.741128275872825,0.0,0.0
18,thin-chair,ABL-ET2X-R-PreviousRawEdge-CatmullRomRGB-Fixed080-Recovered5Fetch,5.546253681182861,27.741128275872825,0.0,0.0
18,windows,O-T2X-R,4.3203125,28.06699692047068,0.0,0.0
18,windows,ABL-ET2X-R-PreviousRawEdge-CatmullRomRGB-Fixed080,5.217268943786621,25.77318343274605,0.0,0.0
18,windows,ABL-ET2X-R-PreviousRawEdge-CatmullRomRGB-Fixed080-Recovered5Fetch,5.217268943786621,25.77318343274605,0.0,0.0
19,chairs,O-T2X-R,2.539811134338379,33.091345831527036,0.0,0.0
19,chairs,ABL-ET2X-R-PreviousRawEdge-CatmullRomRGB-Fixed080,3.689225196838379,29.913685532648646,0.0,0.0
19,chairs,ABL-ET2X-R-PreviousRawEdge-CatmullRomRGB-Fixed080-Recovered5Fetch,3.689225196838379,29.913685532648646,0.0,0.0
19,thin-chair,O-T2X-R,3.863340377807617,30.773035422457546,0.0,0.0
19,thin-chair,ABL-ET2X-R-PreviousRawEdge-CatmullRomRGB-Fixed080,5.546253681182861,27.741128275872825,0.0,0.0
19,thin-chair,ABL-ET2X-R-PreviousRawEdge-CatmullRomRGB-Fixed080-Recovered5Fetch,5.546253681182861,27.741128275872825,0.0,0.0
19,windows,O-T2X-R,4.3203125,28.06699692047068,0.0,0.0
19,windows,ABL-ET2X-R-PreviousRawEdge-CatmullRomRGB-Fixed080,5.217268943786621,25.77318343274605,0.0,0.0
19,windows,ABL-ET2X-R-PreviousRawEdge-CatmullRomRGB-Fixed080-Recovered5Fetch,5.217268943786621,25.77318343274605,0.0,0.0
20,chairs,O-T2X-R,2.539811134338379,33.091345831527036,0.0,0.0
20,chairs,ABL-ET2X-R-PreviousRawEdge-CatmullRomRGB-Fixed080,3.689225196838379,29.913685532648646,0.0,0.0
20,chairs,ABL-ET2X-R-PreviousRawEdge-CatmullRomRGB-Fixed080-Recovered5Fetch,3.689225196838379,29.913685532648646,0.0,0.0
20,thin-chair,O-T2X-R,3.863340377807617,30.773035422457546,0.0,0.0
20,thin-chair,ABL-ET2X-R-PreviousRawEdge-CatmullRomRGB-Fixed080,5.546253681182861,27.741128275872825,0.0,0.0
20,thin-chair,ABL-ET2X-R-PreviousRawEdge-CatmullRomRGB-Fixed080-Recovered5Fetch,5.546253681182861,27.741128275872825,0.0,0.0
20,windows,O-T2X-R,4.3203125,28.06699692047068,0.0,0.0
20,windows,ABL-ET2X-R-PreviousRawEdge-CatmullRomRGB-Fixed080,5.217268943786621,25.77318343274605,0.0,0.0
20,windows,ABL-ET2X-R-PreviousRawEdge-CatmullRomRGB-Fixed080-Recovered5Fetch,5.217268943786621,25.77318343274605,0.0,0.0
21,chairs,O-T2X-R,2.539811134338379,33.091345831527036,0.0,0.0
21,chairs,ABL-ET2X-R-PreviousRawEdge-CatmullRomRGB-Fixed080,3.689225196838379,29.913685532648646,0.0,0.0
21,chairs,ABL-ET2X-R-PreviousRawEdge-CatmullRomRGB-Fixed080-Recovered5Fetch,3.689225196838379,29.913685532648646,0.0,0.0
21,thin-chair,O-T2X-R,3.863340377807617,30.773035422457546,0.0,0.0
21,thin-chair,ABL-ET2X-R-PreviousRawEdge-CatmullRomRGB-Fixed080,5.546253681182861,27.741128275872825,0.0,0.0
21,thin-chair,ABL-ET2X-R-PreviousRawEdge-CatmullRomRGB-Fixed080-Recovered5Fetch,5.546253681182861,27.741128275872825,0.0,0.0
21,windows,O-T2X-R,4.3203125,28.06699692047068,0.0,0.0
21,windows,ABL-ET2X-R-PreviousRawEdge-CatmullRomRGB-Fixed080,5.217268943786621,25.77318343274605,0.0,0.0
21,windows,ABL-ET2X-R-PreviousRawEdge-CatmullRomRGB-Fixed080-Recovered5Fetch,5.217268943786621,25.77318343274605,0.0,0.0
22,chairs,O-T2X-R,2.539811134338379,33.091345831527036,0.0,0.0
22,chairs,ABL-ET2X-R-PreviousRawEdge-CatmullRomRGB-Fixed080,3.689225196838379,29.913685532648646,0.0,0.0
22,chairs,ABL-ET2X-R-PreviousRawEdge-CatmullRomRGB-Fixed080-Recovered5Fetch,3.689225196838379,29.913685532648646,0.0,0.0
22,thin-chair,O-T2X-R,3.863340377807617,30.773035422457546,0.0,0.0
22,thin-chair,ABL-ET2X-R-PreviousRawEdge-CatmullRomRGB-Fixed080,5.546253681182861,27.741128275872825,0.0,0.0
22,thin-chair,ABL-ET2X-R-PreviousRawEdge-CatmullRomRGB-Fixed080-Recovered5Fetch,5.546253681182861,27.741128275872825,0.0,0.0
22,windows,O-T2X-R,4.3203125,28.06699692047068,0.0,0.0
22,windows,ABL-ET2X-R-PreviousRawEdge-CatmullRomRGB-Fixed080,5.217268943786621,25.77318343274605,0.0,0.0
22,windows,ABL-ET2X-R-PreviousRawEdge-CatmullRomRGB-Fixed080-Recovered5Fetch,5.217268943786621,25.77318343274605,0.0,0.0
23,chairs,O-T2X-R,2.539811134338379,33.091345831527036,0.0,0.0
23,chairs,ABL-ET2X-R-PreviousRawEdge-CatmullRomRGB-Fixed080,3.689225196838379,29.913685532648646,0.0,0.0
23,chairs,ABL-ET2X-R-PreviousRawEdge-CatmullRomRGB-Fixed080-Recovered5Fetch,3.689225196838379,29.913685532648646,0.0,0.0
23,thin-chair,O-T2X-R,3.863340377807617,30.773035422457546,0.0,0.0
23,thin-chair,ABL-ET2X-R-PreviousRawEdge-CatmullRomRGB-Fixed080,5.546253681182861,27.741128275872825,0.0,0.0
23,thin-chair,ABL-ET2X-R-PreviousRawEdge-CatmullRomRGB-Fixed080-Recovered5Fetch,5.546253681182861,27.741128275872825,0.0,0.0
23,windows,O-T2X-R,4.3203125,28.06699692047068,0.0,0.0
23,windows,ABL-ET2X-R-PreviousRawEdge-CatmullRomRGB-Fixed080,5.217268943786621,25.77318343274605,0.0,0.0
23,windows,ABL-ET2X-R-PreviousRawEdge-CatmullRomRGB-Fixed080-Recovered5Fetch,5.217268943786621,25.77318343274605,0.0,0.0
24,chairs,O-T2X-R,2.539811134338379,33.091345831527036,0.0,0.0
24,chairs,ABL-ET2X-R-PreviousRawEdge-CatmullRomRGB-Fixed080,3.689225196838379,29.913685532648646,0.0,0.0
24,chairs,ABL-ET2X-R-PreviousRawEdge-CatmullRomRGB-Fixed080-Recovered5Fetch,3.689225196838379,29.913685532648646,0.0,0.0
24,thin-chair,O-T2X-R,3.863340377807617,30.773035422457546,0.0,0.0
24,thin-chair,ABL-ET2X-R-PreviousRawEdge-CatmullRomRGB-Fixed080,5.546253681182861,27.741128275872825,0.0,0.0
24,thin-chair,ABL-ET2X-R-PreviousRawEdge-CatmullRomRGB-Fixed080-Recovered5Fetch,5.546253681182861,27.741128275872825,0.0,0.0
24,windows,O-T2X-R,4.3203125,28.06699692047068,0.0,0.0
24,windows,ABL-ET2X-R-PreviousRawEdge-CatmullRomRGB-Fixed080,5.217268943786621,25.77318343274605,0.0,0.0
24,windows,ABL-ET2X-R-PreviousRawEdge-CatmullRomRGB-Fixed080-Recovered5Fetch,5.217268943786621,25.77318343274605,0.0,0.0
25,chairs,O-T2X-R,2.539811134338379,33.091345831527036,0.0,0.0
25,chairs,ABL-ET2X-R-PreviousRawEdge-CatmullRomRGB-Fixed080,3.689225196838379,29.913685532648646,0.0,0.0
25,chairs,ABL-ET2X-R-PreviousRawEdge-CatmullRomRGB-Fixed080-Recovered5Fetch,3.689225196838379,29.913685532648646,0.0,0.0
25,thin-chair,O-T2X-R,3.863340377807617,30.773035422457546,0.0,0.0
25,thin-chair,ABL-ET2X-R-PreviousRawEdge-CatmullRomRGB-Fixed080,5.546253681182861,27.741128275872825,0.0,0.0
25,thin-chair,ABL-ET2X-R-PreviousRawEdge-CatmullRomRGB-Fixed080-Recovered5Fetch,5.546253681182861,27.741128275872825,0.0,0.0
25,windows,O-T2X-R,4.3203125,28.06699692047068,0.0,0.0
25,windows,ABL-ET2X-R-PreviousRawEdge-CatmullRomRGB-Fixed080,5.217268943786621,25.77318343274605,0.0,0.0
25,windows,ABL-ET2X-R-PreviousRawEdge-CatmullRomRGB-Fixed080-Recovered5Fetch,5.217268943786621,25.77318343274605,0.0,0.0
26,chairs,O-T2X-R,2.539811134338379,33.091345831527036,0.0,0.0
26,chairs,ABL-ET2X-R-PreviousRawEdge-CatmullRomRGB-Fixed080,3.689225196838379,29.913685532648646,0.0,0.0
26,chairs,ABL-ET2X-R-PreviousRawEdge-CatmullRomRGB-Fixed080-Recovered5Fetch,3.689225196838379,29.913685532648646,0.0,0.0
26,thin-chair,O-T2X-R,3.863340377807617,30.773035422457546,0.0,0.0
26,thin-chair,ABL-ET2X-R-PreviousRawEdge-CatmullRomRGB-Fixed080,5.546253681182861,27.741128275872825,0.0,0.0
26,thin-chair,ABL-ET2X-R-PreviousRawEdge-CatmullRomRGB-Fixed080-Recovered5Fetch,5.546253681182861,27.741128275872825,0.0,0.0
26,windows,O-T2X-R,4.3203125,28.06699692047068,0.0,0.0
26,windows,ABL-ET2X-R-PreviousRawEdge-CatmullRomRGB-Fixed080,5.217268943786621,25.77318343274605,0.0,0.0
26,windows,ABL-ET2X-R-PreviousRawEdge-CatmullRomRGB-Fixed080-Recovered5Fetch,5.217268943786621,25.77318343274605,0.0,0.0
27,chairs,O-T2X-R,2.539811134338379,33.091345831527036,0.0,0.0
27,chairs,ABL-ET2X-R-PreviousRawEdge-CatmullRomRGB-Fixed080,3.689225196838379,29.913685532648646,0.0,0.0
27,chairs,ABL-ET2X-R-PreviousRawEdge-CatmullRomRGB-Fixed080-Recovered5Fetch,3.689225196838379,29.913685532648646,0.0,0.0
27,thin-chair,O-T2X-R,3.863340377807617,30.773035422457546,0.0,0.0
27,thin-chair,ABL-ET2X-R-PreviousRawEdge-CatmullRomRGB-Fixed080,5.546253681182861,27.741128275872825,0.0,0.0
27,thin-chair,ABL-ET2X-R-PreviousRawEdge-CatmullRomRGB-Fixed080-Recovered5Fetch,5.546253681182861,27.741128275872825,0.0,0.0
27,windows,O-T2X-R,4.3203125,28.06699692047068,0.0,0.0
27,windows,ABL-ET2X-R-PreviousRawEdge-CatmullRomRGB-Fixed080,5.217268943786621,25.77318343274605,0.0,0.0
27,windows,ABL-ET2X-R-PreviousRawEdge-CatmullRomRGB-Fixed080-Recovered5Fetch,5.217268943786621,25.77318343274605,0.0,0.0
28,chairs,O-T2X-R,2.539811134338379,33.091345831527036,0.0,0.0
28,chairs,ABL-ET2X-R-PreviousRawEdge-CatmullRomRGB-Fixed080,3.689225196838379,29.913685532648646,0.0,0.0
28,chairs,ABL-ET2X-R-PreviousRawEdge-CatmullRomRGB-Fixed080-Recovered5Fetch,3.689225196838379,29.913685532648646,0.0,0.0
28,thin-chair,O-T2X-R,3.863340377807617,30.773035422457546,0.0,0.0
28,thin-chair,ABL-ET2X-R-PreviousRawEdge-CatmullRomRGB-Fixed080,5.546253681182861,27.741128275872825,0.0,0.0
28,thin-chair,ABL-ET2X-R-PreviousRawEdge-CatmullRomRGB-Fixed080-Recovered5Fetch,5.546253681182861,27.741128275872825,0.0,0.0
28,windows,O-T2X-R,4.3203125,28.06699692047068,0.0,0.0
28,windows,ABL-ET2X-R-PreviousRawEdge-CatmullRomRGB-Fixed080,5.217268943786621,25.77318343274605,0.0,0.0
28,windows,ABL-ET2X-R-PreviousRawEdge-CatmullRomRGB-Fixed080-Recovered5Fetch,5.217268943786621,25.77318343274605,0.0,0.0
29,chairs,O-T2X-R,2.539811134338379,33.091345831527036,0.0,0.0
29,chairs,ABL-ET2X-R-PreviousRawEdge-CatmullRomRGB-Fixed080,3.689225196838379,29.913685532648646,0.0,0.0
29,chairs,ABL-ET2X-R-PreviousRawEdge-CatmullRomRGB-Fixed080-Recovered5Fetch,3.689225196838379,29.913685532648646,0.0,0.0
29,thin-chair,O-T2X-R,3.863340377807617,30.773035422457546,0.0,0.0
29,thin-chair,ABL-ET2X-R-PreviousRawEdge-CatmullRomRGB-Fixed080,5.546253681182861,27.741128275872825,0.0,0.0
29,thin-chair,ABL-ET2X-R-PreviousRawEdge-CatmullRomRGB-Fixed080-Recovered5Fetch,5.546253681182861,27.741128275872825,0.0,0.0
29,windows,O-T2X-R,4.3203125,28.06699692047068,0.0,0.0
29,windows,ABL-ET2X-R-PreviousRawEdge-CatmullRomRGB-Fixed080,5.217268943786621,25.77318343274605,0.0,0.0
29,windows,ABL-ET2X-R-PreviousRawEdge-CatmullRomRGB-Fixed080-Recovered5Fetch,5.217268943786621,25.77318343274605,0.0,0.0
30,chairs,O-T2X-R,2.539811134338379,33.091345831527036,0.0,0.0
30,chairs,ABL-ET2X-R-PreviousRawEdge-CatmullRomRGB-Fixed080,3.689225196838379,29.913685532648646,0.0,0.0
30,chairs,ABL-ET2X-R-PreviousRawEdge-CatmullRomRGB-Fixed080-Recovered5Fetch,3.689225196838379,29.913685532648646,0.0,0.0
30,thin-chair,O-T2X-R,3.863340377807617,30.773035422457546,0.0,0.0
30,thin-chair,ABL-ET2X-R-PreviousRawEdge-CatmullRomRGB-Fixed080,5.546253681182861,27.741128275872825,0.0,0.0
30,thin-chair,ABL-ET2X-R-PreviousRawEdge-CatmullRomRGB-Fixed080-Recovered5Fetch,5.546253681182861,27.741128275872825,0.0,0.0
30,windows,O-T2X-R,4.3203125,28.06699692047068,0.0,0.0
30,windows,ABL-ET2X-R-PreviousRawEdge-CatmullRomRGB-Fixed080,5.217268943786621,25.77318343274605,0.0,0.0
30,windows,ABL-ET2X-R-PreviousRawEdge-CatmullRomRGB-Fixed080-Recovered5Fetch,5.217268943786621,25.77318343274605,0.0,0.0
31,chairs,O-T2X-R,2.539811134338379,33.091345831527036,0.0,0.0
31,chairs,ABL-ET2X-R-PreviousRawEdge-CatmullRomRGB-Fixed080,3.689225196838379,29.913685532648646,0.0,0.0
31,chairs,ABL-ET2X-R-PreviousRawEdge-CatmullRomRGB-Fixed080-Recovered5Fetch,3.689225196838379,29.913685532648646,0.0,0.0
31,thin-chair,O-T2X-R,3.863340377807617,30.773035422457546,0.0,0.0
31,thin-chair,ABL-ET2X-R-PreviousRawEdge-CatmullRomRGB-Fixed080,5.546253681182861,27.741128275872825,0.0,0.0
31,thin-chair,ABL-ET2X-R-PreviousRawEdge-CatmullRomRGB-Fixed080-Recovered5Fetch,5.546253681182861,27.741128275872825,0.0,0.0
31,windows,O-T2X-R,4.3203125,28.06699692047068,0.0,0.0
31,windows,ABL-ET2X-R-PreviousRawEdge-CatmullRomRGB-Fixed080,5.217268943786621,25.77318343274605,0.0,0.0
31,windows,ABL-ET2X-R-PreviousRawEdge-CatmullRomRGB-Fixed080-Recovered5Fetch,5.217268943786621,25.77318343274605,0.0,0.0
32,chairs,O-T2X-R,2.539811134338379,33.091345831527036,0.0,0.0
32,chairs,ABL-ET2X-R-PreviousRawEdge-CatmullRomRGB-Fixed080,3.689225196838379,29.913685532648646,0.0,0.0
32,chairs,ABL-ET2X-R-PreviousRawEdge-CatmullRomRGB-Fixed080-Recovered5Fetch,3.689225196838379,29.913685532648646,0.0,0.0
32,thin-chair,O-T2X-R,3.863340377807617,30.773035422457546,0.0,0.0
32,thin-chair,ABL-ET2X-R-PreviousRawEdge-CatmullRomRGB-Fixed080,5.546253681182861,27.741128275872825,0.0,0.0
32,thin-chair,ABL-ET2X-R-PreviousRawEdge-CatmullRomRGB-Fixed080-Recovered5Fetch,5.546253681182861,27.741128275872825,0.0,0.0
32,windows,O-T2X-R,4.3203125,28.06699692047068,0.0,0.0
32,windows,ABL-ET2X-R-PreviousRawEdge-CatmullRomRGB-Fixed080,5.217268943786621,25.77318343274605,0.0,0.0
32,windows,ABL-ET2X-R-PreviousRawEdge-CatmullRomRGB-Fixed080-Recovered5Fetch,5.217268943786621,25.77318343274605,0.0,0.0
33,chairs,O-T2X-R,2.539811134338379,33.091345831527036,0.0,0.0
33,chairs,ABL-ET2X-R-PreviousRawEdge-CatmullRomRGB-Fixed080,3.689225196838379,29.913685532648646,0.0,0.0
33,chairs,ABL-ET2X-R-PreviousRawEdge-CatmullRomRGB-Fixed080-Recovered5Fetch,3.689225196838379,29.913685532648646,0.0,0.0
33,thin-chair,O-T2X-R,3.863340377807617,30.773035422457546,0.0,0.0
33,thin-chair,ABL-ET2X-R-PreviousRawEdge-CatmullRomRGB-Fixed080,5.546253681182861,27.741128275872825,0.0,0.0
33,thin-chair,ABL-ET2X-R-PreviousRawEdge-CatmullRomRGB-Fixed080-Recovered5Fetch,5.546253681182861,27.741128275872825,0.0,0.0
33,windows,O-T2X-R,4.3203125,28.06699692047068,0.0,0.0
33,windows,ABL-ET2X-R-PreviousRawEdge-CatmullRomRGB-Fixed080,5.217268943786621,25.77318343274605,0.0,0.0
33,windows,ABL-ET2X-R-PreviousRawEdge-CatmullRomRGB-Fixed080-Recovered5Fetch,5.217268943786621,25.77318343274605,0.0,0.0
34,chairs,O-T2X-R,2.539811134338379,33.091345831527036,0.0,0.0
34,chairs,ABL-ET2X-R-PreviousRawEdge-CatmullRomRGB-Fixed080,3.689225196838379,29.913685532648646,0.0,0.0
34,chairs,ABL-ET2X-R-PreviousRawEdge-CatmullRomRGB-Fixed080-Recovered5Fetch,3.689225196838379,29.913685532648646,0.0,0.0
34,thin-chair,O-T2X-R,3.863340377807617,30.773035422457546,0.0,0.0
34,thin-chair,ABL-ET2X-R-PreviousRawEdge-CatmullRomRGB-Fixed080,5.546253681182861,27.741128275872825,0.0,0.0
34,thin-chair,ABL-ET2X-R-PreviousRawEdge-CatmullRomRGB-Fixed080-Recovered5Fetch,5.546253681182861,27.741128275872825,0.0,0.0
34,windows,O-T2X-R,4.3203125,28.06699692047068,0.0,0.0
34,windows,ABL-ET2X-R-PreviousRawEdge-CatmullRomRGB-Fixed080,5.217268943786621,25.77318343274605,0.0,0.0
34,windows,ABL-ET2X-R-PreviousRawEdge-CatmullRomRGB-Fixed080-Recovered5Fetch,5.217268943786621,25.77318343274605,0.0,0.0
35,chairs,O-T2X-R,2.539811134338379,33.091345831527036,0.0,0.0
35,chairs,ABL-ET2X-R-PreviousRawEdge-CatmullRomRGB-Fixed080,3.689225196838379,29.913685532648646,0.0,0.0
35,chairs,ABL-ET2X-R-PreviousRawEdge-CatmullRomRGB-Fixed080-Recovered5Fetch,3.689225196838379,29.913685532648646,0.0,0.0
35,thin-chair,O-T2X-R,3.863340377807617,30.773035422457546,0.0,0.0
35,thin-chair,ABL-ET2X-R-PreviousRawEdge-CatmullRomRGB-Fixed080,5.546253681182861,27.741128275872825,0.0,0.0
35,thin-chair,ABL-ET2X-R-PreviousRawEdge-CatmullRomRGB-Fixed080-Recovered5Fetch,5.546253681182861,27.741128275872825,0.0,0.0
35,windows,O-T2X-R,4.3203125,28.06699692047068,0.0,0.0
35,windows,ABL-ET2X-R-PreviousRawEdge-CatmullRomRGB-Fixed080,5.217268943786621,25.77318343274605,0.0,0.0
35,windows,ABL-ET2X-R-PreviousRawEdge-CatmullRomRGB-Fixed080-Recovered5Fetch,5.217268943786621,25.77318343274605,0.0,0.0
36,chairs,O-T2X-R,2.539811134338379,33.091345831527036,0.0,0.0
36,chairs,ABL-ET2X-R-PreviousRawEdge-CatmullRomRGB-Fixed080,3.689225196838379,29.913685532648646,0.0,0.0
36,chairs,ABL-ET2X-R-PreviousRawEdge-CatmullRomRGB-Fixed080-Recovered5Fetch,3.689225196838379,29.913685532648646,0.0,0.0
36,thin-chair,O-T2X-R,3.863340377807617,30.773035422457546,0.0,0.0
36,thin-chair,ABL-ET2X-R-PreviousRawEdge-CatmullRomRGB-Fixed080,5.546253681182861,27.741128275872825,0.0,0.0
36,thin-chair,ABL-ET2X-R-PreviousRawEdge-CatmullRomRGB-Fixed080-Recovered5Fetch,5.546253681182861,27.741128275872825,0.0,0.0
36,windows,O-T2X-R,4.3203125,28.06699692047068,0.0,0.0
36,windows,ABL-ET2X-R-PreviousRawEdge-CatmullRomRGB-Fixed080,5.217268943786621,25.77318343274605,0.0,0.0
36,windows,ABL-ET2X-R-PreviousRawEdge-CatmullRomRGB-Fixed080-Recovered5Fetch,5.217268943786621,25.77318343274605,0.0,0.0
37,chairs,O-T2X-R,2.539811134338379,33.091345831527036,0.0,0.0
37,chairs,ABL-ET2X-R-PreviousRawEdge-CatmullRomRGB-Fixed080,3.689225196838379,29.913685532648646,0.0,0.0
37,chairs,ABL-ET2X-R-PreviousRawEdge-CatmullRomRGB-Fixed080-Recovered5Fetch,3.689225196838379,29.913685532648646,0.0,0.0
37,thin-chair,O-T2X-R,3.863340377807617,30.773035422457546,0.0,0.0
37,thin-chair,ABL-ET2X-R-PreviousRawEdge-CatmullRomRGB-Fixed080,5.546253681182861,27.741128275872825,0.0,0.0
37,thin-chair,ABL-ET2X-R-PreviousRawEdge-CatmullRomRGB-Fixed080-Recovered5Fetch,5.546253681182861,27.741128275872825,0.0,0.0
37,windows,O-T2X-R,4.3203125,28.06699692047068,0.0,0.0
37,windows,ABL-ET2X-R-PreviousRawEdge-CatmullRomRGB-Fixed080,5.217268943786621,25.77318343274605,0.0,0.0
37,windows,ABL-ET2X-R-PreviousRawEdge-CatmullRomRGB-Fixed080-Recovered5Fetch,5.217268943786621,25.77318343274605,0.0,0.0
38,chairs,O-T2X-R,2.539811134338379,33.091345831527036,0.0,0.0
38,chairs,ABL-ET2X-R-PreviousRawEdge-CatmullRomRGB-Fixed080,3.689225196838379,29.913685532648646,0.0,0.0
38,chairs,ABL-ET2X-R-PreviousRawEdge-CatmullRomRGB-Fixed080-Recovered5Fetch,3.689225196838379,29.913685532648646,0.0,0.0
38,thin-chair,O-T2X-R,3.863340377807617,30.773035422457546,0.0,0.0
38,thin-chair,ABL-ET2X-R-PreviousRawEdge-CatmullRomRGB-Fixed080,5.546253681182861,27.741128275872825,0.0,0.0
38,thin-chair,ABL-ET2X-R-PreviousRawEdge-CatmullRomRGB-Fixed080-Recovered5Fetch,5.546253681182861,27.741128275872825,0.0,0.0
38,windows,O-T2X-R,4.3203125,28.06699692047068,0.0,0.0
38,windows,ABL-ET2X-R-PreviousRawEdge-CatmullRomRGB-Fixed080,5.217268943786621,25.77318343274605,0.0,0.0
38,windows,ABL-ET2X-R-PreviousRawEdge-CatmullRomRGB-Fixed080-Recovered5Fetch,5.217268943786621,25.77318343274605,0.0,0.0
39,chairs,O-T2X-R,2.539811134338379,33.091345831527036,0.0,0.0
39,chairs,ABL-ET2X-R-PreviousRawEdge-CatmullRomRGB-Fixed080,3.689225196838379,29.913685532648646,0.0,0.0
39,chairs,ABL-ET2X-R-PreviousRawEdge-CatmullRomRGB-Fixed080-Recovered5Fetch,3.689225196838379,29.913685532648646,0.0,0.0
39,thin-chair,O-T2X-R,3.863340377807617,30.773035422457546,0.0,0.0
39,thin-chair,ABL-ET2X-R-PreviousRawEdge-CatmullRomRGB-Fixed080,5.546253681182861,27.741128275872825,0.0,0.0
39,thin-chair,ABL-ET2X-R-PreviousRawEdge-CatmullRomRGB-Fixed080-Recovered5Fetch,5.546253681182861,27.741128275872825,0.0,0.0
39,windows,O-T2X-R,4.3203125,28.06699692047068,0.0,0.0
39,windows,ABL-ET2X-R-PreviousRawEdge-CatmullRomRGB-Fixed080,5.217268943786621,25.77318343274605,0.0,0.0
39,windows,ABL-ET2X-R-PreviousRawEdge-CatmullRomRGB-Fixed080-Recovered5Fetch,5.217268943786621,25.77318343274605,0.0,0.0
40,chairs,O-T2X-R,2.539811134338379,33.091345831527036,0.0,0.0
40,chairs,ABL-ET2X-R-PreviousRawEdge-CatmullRomRGB-Fixed080,3.689225196838379,29.913685532648646,0.0,0.0
40,chairs,ABL-ET2X-R-PreviousRawEdge-CatmullRomRGB-Fixed080-Recovered5Fetch,3.689225196838379,29.913685532648646,0.0,0.0
40,thin-chair,O-T2X-R,3.863340377807617,30.773035422457546,0.0,0.0
40,thin-chair,ABL-ET2X-R-PreviousRawEdge-CatmullRomRGB-Fixed080,5.546253681182861,27.741128275872825,0.0,0.0
40,thin-chair,ABL-ET2X-R-PreviousRawEdge-CatmullRomRGB-Fixed080-Recovered5Fetch,5.546253681182861,27.741128275872825,0.0,0.0
40,windows,O-T2X-R,4.3203125,28.06699692047068,0.0,0.0
40,windows,ABL-ET2X-R-PreviousRawEdge-CatmullRomRGB-Fixed080,5.217268943786621,25.77318343274605,0.0,0.0
40,windows,ABL-ET2X-R-PreviousRawEdge-CatmullRomRGB-Fixed080-Recovered5Fetch,5.217268943786621,25.77318343274605,0.0,0.0
41,chairs,O-T2X-R,2.539811134338379,33.091345831527036,0.0,0.0
41,chairs,ABL-ET2X-R-PreviousRawEdge-CatmullRomRGB-Fixed080,3.689225196838379,29.913685532648646,0.0,0.0
41,chairs,ABL-ET2X-R-PreviousRawEdge-CatmullRomRGB-Fixed080-Recovered5Fetch,3.689225196838379,29.913685532648646,0.0,0.0
41,thin-chair,O-T2X-R,3.863340377807617,30.773035422457546,0.0,0.0
41,thin-chair,ABL-ET2X-R-PreviousRawEdge-CatmullRomRGB-Fixed080,5.546253681182861,27.741128275872825,0.0,0.0
41,thin-chair,ABL-ET2X-R-PreviousRawEdge-CatmullRomRGB-Fixed080-Recovered5Fetch,5.546253681182861,27.741128275872825,0.0,0.0
41,windows,O-T2X-R,4.3203125,28.06699692047068,0.0,0.0
41,windows,ABL-ET2X-R-PreviousRawEdge-CatmullRomRGB-Fixed080,5.217268943786621,25.77318343274605,0.0,0.0
41,windows,ABL-ET2X-R-PreviousRawEdge-CatmullRomRGB-Fixed080-Recovered5Fetch,5.217268943786621,25.77318343274605,0.0,0.0
42,chairs,O-T2X-R,2.539811134338379,33.091345831527036,0.0,0.0
42,chairs,ABL-ET2X-R-PreviousRawEdge-CatmullRomRGB-Fixed080,3.689225196838379,29.913685532648646,0.0,0.0
42,chairs,ABL-ET2X-R-PreviousRawEdge-CatmullRomRGB-Fixed080-Recovered5Fetch,3.689225196838379,29.913685532648646,0.0,0.0
42,thin-chair,O-T2X-R,3.863340377807617,30.773035422457546,0.0,0.0
42,thin-chair,ABL-ET2X-R-PreviousRawEdge-CatmullRomRGB-Fixed080,5.546253681182861,27.741128275872825,0.0,0.0
42,thin-chair,ABL-ET2X-R-PreviousRawEdge-CatmullRomRGB-Fixed080-Recovered5Fetch,5.546253681182861,27.741128275872825,0.0,0.0
42,windows,O-T2X-R,4.3203125,28.06699692047068,0.0,0.0
42,windows,ABL-ET2X-R-PreviousRawEdge-CatmullRomRGB-Fixed080,5.217268943786621,25.77318343274605,0.0,0.0
42,windows,ABL-ET2X-R-PreviousRawEdge-CatmullRomRGB-Fixed080-Recovered5Fetch,5.217268943786621,25.77318343274605,0.0,0.0
43,chairs,O-T2X-R,2.539811134338379,33.091345831527036,0.0,0.0
43,chairs,ABL-ET2X-R-PreviousRawEdge-CatmullRomRGB-Fixed080,3.689225196838379,29.913685532648646,0.0,0.0
43,chairs,ABL-ET2X-R-PreviousRawEdge-CatmullRomRGB-Fixed080-Recovered5Fetch,3.689225196838379,29.913685532648646,0.0,0.0
43,thin-chair,O-T2X-R,3.863340377807617,30.773035422457546,0.0,0.0
43,thin-chair,ABL-ET2X-R-PreviousRawEdge-CatmullRomRGB-Fixed080,5.546253681182861,27.741128275872825,0.0,0.0
43,thin-chair,ABL-ET2X-R-PreviousRawEdge-CatmullRomRGB-Fixed080-Recovered5Fetch,5.546253681182861,27.741128275872825,0.0,0.0
43,windows,O-T2X-R,4.3203125,28.06699692047068,0.0,0.0
43,windows,ABL-ET2X-R-PreviousRawEdge-CatmullRomRGB-Fixed080,5.217268943786621,25.77318343274605,0.0,0.0
43,windows,ABL-ET2X-R-PreviousRawEdge-CatmullRomRGB-Fixed080-Recovered5Fetch,5.217268943786621,25.77318343274605,0.0,0.0
44,chairs,O-T2X-R,2.539811134338379,33.091345831527036,0.0,0.0
44,chairs,ABL-ET2X-R-PreviousRawEdge-CatmullRomRGB-Fixed080,3.689225196838379,29.913685532648646,0.0,0.0
44,chairs,ABL-ET2X-R-PreviousRawEdge-CatmullRomRGB-Fixed080-Recovered5Fetch,3.689225196838379,29.913685532648646,0.0,0.0
44,thin-chair,O-T2X-R,3.863340377807617,30.773035422457546,0.0,0.0
44,thin-chair,ABL-ET2X-R-PreviousRawEdge-CatmullRomRGB-Fixed080,5.546253681182861,27.741128275872825,0.0,0.0
44,thin-chair,ABL-ET2X-R-PreviousRawEdge-CatmullRomRGB-Fixed080-Recovered5Fetch,5.546253681182861,27.741128275872825,0.0,0.0
44,windows,O-T2X-R,4.3203125,28.06699692047068,0.0,0.0
44,windows,ABL-ET2X-R-PreviousRawEdge-CatmullRomRGB-Fixed080,5.217268943786621,25.77318343274605,0.0,0.0
44,windows,ABL-ET2X-R-PreviousRawEdge-CatmullRomRGB-Fixed080-Recovered5Fetch,5.217268943786621,25.77318343274605,0.0,0.0
45,chairs,O-T2X-R,2.539811134338379,33.091345831527036,0.0,0.0
45,chairs,ABL-ET2X-R-PreviousRawEdge-CatmullRomRGB-Fixed080,3.689225196838379,29.913685532648646,0.0,0.0
45,chairs,ABL-ET2X-R-PreviousRawEdge-CatmullRomRGB-Fixed080-Recovered5Fetch,3.689225196838379,29.913685532648646,0.0,0.0
45,thin-chair,O-T2X-R,3.863340377807617,30.773035422457546,0.0,0.0
45,thin-chair,ABL-ET2X-R-PreviousRawEdge-CatmullRomRGB-Fixed080,5.546253681182861,27.741128275872825,0.0,0.0
45,thin-chair,ABL-ET2X-R-PreviousRawEdge-CatmullRomRGB-Fixed080-Recovered5Fetch,5.546253681182861,27.741128275872825,0.0,0.0
45,windows,O-T2X-R,4.3203125,28.06699692047068,0.0,0.0
45,windows,ABL-ET2X-R-PreviousRawEdge-CatmullRomRGB-Fixed080,5.217268943786621,25.77318343274605,0.0,0.0
45,windows,ABL-ET2X-R-PreviousRawEdge-CatmullRomRGB-Fixed080-Recovered5Fetch,5.217268943786621,25.77318343274605,0.0,0.0
46,chairs,O-T2X-R,2.539811134338379,33.091345831527036,0.0,0.0
46,chairs,ABL-ET2X-R-PreviousRawEdge-CatmullRomRGB-Fixed080,3.689225196838379,29.913685532648646,0.0,0.0
46,chairs,ABL-ET2X-R-PreviousRawEdge-CatmullRomRGB-Fixed080-Recovered5Fetch,3.689225196838379,29.913685532648646,0.0,0.0
46,thin-chair,O-T2X-R,3.863340377807617,30.773035422457546,0.0,0.0
46,thin-chair,ABL-ET2X-R-PreviousRawEdge-CatmullRomRGB-Fixed080,5.546253681182861,27.741128275872825,0.0,0.0
46,thin-chair,ABL-ET2X-R-PreviousRawEdge-CatmullRomRGB-Fixed080-Recovered5Fetch,5.546253681182861,27.741128275872825,0.0,0.0
46,windows,O-T2X-R,4.3203125,28.06699692047068,0.0,0.0
46,windows,ABL-ET2X-R-PreviousRawEdge-CatmullRomRGB-Fixed080,5.217268943786621,25.77318343274605,0.0,0.0
46,windows,ABL-ET2X-R-PreviousRawEdge-CatmullRomRGB-Fixed080-Recovered5Fetch,5.217268943786621,25.77318343274605,0.0,0.0
47,chairs,O-T2X-R,2.539811134338379,33.091345831527036,0.0,0.0
47,chairs,ABL-ET2X-R-PreviousRawEdge-CatmullRomRGB-Fixed080,3.689225196838379,29.913685532648646,0.0,0.0
47,chairs,ABL-ET2X-R-PreviousRawEdge-CatmullRomRGB-Fixed080-Recovered5Fetch,3.689225196838379,29.913685532648646,0.0,0.0
47,thin-chair,O-T2X-R,3.863340377807617,30.773035422457546,0.0,0.0
47,thin-chair,ABL-ET2X-R-PreviousRawEdge-CatmullRomRGB-Fixed080,5.546253681182861,27.741128275872825,0.0,0.0
47,thin-chair,ABL-ET2X-R-PreviousRawEdge-CatmullRomRGB-Fixed080-Recovered5Fetch,5.546253681182861,27.741128275872825,0.0,0.0
47,windows,O-T2X-R,4.3203125,28.06699692047068,0.0,0.0
47,windows,ABL-ET2X-R-PreviousRawEdge-CatmullRomRGB-Fixed080,5.217268943786621,25.77318343274605,0.0,0.0
47,windows,ABL-ET2X-R-PreviousRawEdge-CatmullRomRGB-Fixed080-Recovered5Fetch,5.217268943786621,25.77318343274605,0.0,0.0
48,chairs,O-T2X-R,2.539811134338379,33.091345831527036,0.0,0.0
48,chairs,ABL-ET2X-R-PreviousRawEdge-CatmullRomRGB-Fixed080,3.689225196838379,29.913685532648646,0.0,0.0
48,chairs,ABL-ET2X-R-PreviousRawEdge-CatmullRomRGB-Fixed080-Recovered5Fetch,3.689225196838379,29.913685532648646,0.0,0.0
48,thin-chair,O-T2X-R,3.863340377807617,30.773035422457546,0.0,0.0
48,thin-chair,ABL-ET2X-R-PreviousRawEdge-CatmullRomRGB-Fixed080,5.546253681182861,27.741128275872825,0.0,0.0
48,thin-chair,ABL-ET2X-R-PreviousRawEdge-CatmullRomRGB-Fixed080-Recovered5Fetch,5.546253681182861,27.741128275872825,0.0,0.0
48,windows,O-T2X-R,4.3203125,28.06699692047068,0.0,0.0
48,windows,ABL-ET2X-R-PreviousRawEdge-CatmullRomRGB-Fixed080,5.217268943786621,25.77318343274605,0.0,0.0
48,windows,ABL-ET2X-R-PreviousRawEdge-CatmullRomRGB-Fixed080-Recovered5Fetch,5.217268943786621,25.77318343274605,0.0,0.0
49,chairs,O-T2X-R,2.539811134338379,33.091345831527036,0.0,0.0
49,chairs,ABL-ET2X-R-PreviousRawEdge-CatmullRomRGB-Fixed080,3.689225196838379,29.913685532648646,0.0,0.0
49,chairs,ABL-ET2X-R-PreviousRawEdge-CatmullRomRGB-Fixed080-Recovered5Fetch,3.689225196838379,29.913685532648646,0.0,0.0
49,thin-chair,O-T2X-R,3.863340377807617,30.773035422457546,0.0,0.0
49,thin-chair,ABL-ET2X-R-PreviousRawEdge-CatmullRomRGB-Fixed080,5.546253681182861,27.741128275872825,0.0,0.0
49,thin-chair,ABL-ET2X-R-PreviousRawEdge-CatmullRomRGB-Fixed080-Recovered5Fetch,5.546253681182861,27.741128275872825,0.0,0.0
49,windows,O-T2X-R,4.3203125,28.06699692047068,0.0,0.0
49,windows,ABL-ET2X-R-PreviousRawEdge-CatmullRomRGB-Fixed080,5.217268943786621,25.77318343274605,0.0,0.0
49,windows,ABL-ET2X-R-PreviousRawEdge-CatmullRomRGB-Fixed080-Recovered5Fetch,5.217268943786621,25.77318343274605,0.0,0.0
50,chairs,O-T2X-R,2.539811134338379,33.091345831527036,0.0,0.0
50,chairs,ABL-ET2X-R-PreviousRawEdge-CatmullRomRGB-Fixed080,3.689225196838379,29.913685532648646,0.0,0.0
50,chairs,ABL-ET2X-R-PreviousRawEdge-CatmullRomRGB-Fixed080-Recovered5Fetch,3.689225196838379,29.913685532648646,0.0,0.0
50,thin-chair,O-T2X-R,3.863340377807617,30.773035422457546,0.0,0.0
50,thin-chair,ABL-ET2X-R-PreviousRawEdge-CatmullRomRGB-Fixed080,5.546253681182861,27.741128275872825,0.0,0.0
50,thin-chair,ABL-ET2X-R-PreviousRawEdge-CatmullRomRGB-Fixed080-Recovered5Fetch,5.546253681182861,27.741128275872825,0.0,0.0
50,windows,O-T2X-R,4.3203125,28.06699692047068,0.0,0.0
50,windows,ABL-ET2X-R-PreviousRawEdge-CatmullRomRGB-Fixed080,5.217268943786621,25.77318343274605,0.0,0.0
50,windows,ABL-ET2X-R-PreviousRawEdge-CatmullRomRGB-Fixed080-Recovered5Fetch,5.217268943786621,25.77318343274605,0.0,0.0
51,chairs,O-T2X-R,2.539811134338379,33.091345831527036,0.0,0.0
51,chairs,ABL-ET2X-R-PreviousRawEdge-CatmullRomRGB-Fixed080,3.689225196838379,29.913685532648646,0.0,0.0
51,chairs,ABL-ET2X-R-PreviousRawEdge-CatmullRomRGB-Fixed080-Recovered5Fetch,3.689225196838379,29.913685532648646,0.0,0.0
51,thin-chair,O-T2X-R,3.863340377807617,30.773035422457546,0.0,0.0
51,thin-chair,ABL-ET2X-R-PreviousRawEdge-CatmullRomRGB-Fixed080,5.546253681182861,27.741128275872825,0.0,0.0
51,thin-chair,ABL-ET2X-R-PreviousRawEdge-CatmullRomRGB-Fixed080-Recovered5Fetch,5.546253681182861,27.741128275872825,0.0,0.0
51,windows,O-T2X-R,4.3203125,28.06699692047068,0.0,0.0
51,windows,ABL-ET2X-R-PreviousRawEdge-CatmullRomRGB-Fixed080,5.217268943786621,25.77318343274605,0.0,0.0
51,windows,ABL-ET2X-R-PreviousRawEdge-CatmullRomRGB-Fixed080-Recovered5Fetch,5.217268943786621,25.77318343274605,0.0,0.0
52,chairs,O-T2X-R,2.539811134338379,33.091345831527036,0.0,0.0
52,chairs,ABL-ET2X-R-PreviousRawEdge-CatmullRomRGB-Fixed080,3.689225196838379,29.913685532648646,0.0,0.0
52,chairs,ABL-ET2X-R-PreviousRawEdge-CatmullRomRGB-Fixed080-Recovered5Fetch,3.689225196838379,29.913685532648646,0.0,0.0
52,thin-chair,O-T2X-R,3.863340377807617,30.773035422457546,0.0,0.0
52,thin-chair,ABL-ET2X-R-PreviousRawEdge-CatmullRomRGB-Fixed080,5.546253681182861,27.741128275872825,0.0,0.0
52,thin-chair,ABL-ET2X-R-PreviousRawEdge-CatmullRomRGB-Fixed080-Recovered5Fetch,5.546253681182861,27.741128275872825,0.0,0.0
52,windows,O-T2X-R,4.3203125,28.06699692047068,0.0,0.0
52,windows,ABL-ET2X-R-PreviousRawEdge-CatmullRomRGB-Fixed080,5.217268943786621,25.77318343274605,0.0,0.0
52,windows,ABL-ET2X-R-PreviousRawEdge-CatmullRomRGB-Fixed080-Recovered5Fetch,5.217268943786621,25.77318343274605,0.0,0.0
53,chairs,O-T2X-R,2.539811134338379,33.091345831527036,0.0,0.0
53,chairs,ABL-ET2X-R-PreviousRawEdge-CatmullRomRGB-Fixed080,3.689225196838379,29.913685532648646,0.0,0.0
53,chairs,ABL-ET2X-R-PreviousRawEdge-CatmullRomRGB-Fixed080-Recovered5Fetch,3.689225196838379,29.913685532648646,0.0,0.0
53,thin-chair,O-T2X-R,3.863340377807617,30.773035422457546,0.0,0.0
53,thin-chair,ABL-ET2X-R-PreviousRawEdge-CatmullRomRGB-Fixed080,5.546253681182861,27.741128275872825,0.0,0.0
53,thin-chair,ABL-ET2X-R-PreviousRawEdge-CatmullRomRGB-Fixed080-Recovered5Fetch,5.546253681182861,27.741128275872825,0.0,0.0
53,windows,O-T2X-R,4.3203125,28.06699692047068,0.0,0.0
53,windows,ABL-ET2X-R-PreviousRawEdge-CatmullRomRGB-Fixed080,5.217268943786621,25.77318343274605,0.0,0.0
53,windows,ABL-ET2X-R-PreviousRawEdge-CatmullRomRGB-Fixed080-Recovered5Fetch,5.217268943786621,25.77318343274605,0.0,0.0
54,chairs,O-T2X-R,2.539811134338379,33.091345831527036,0.0,0.0
54,chairs,ABL-ET2X-R-PreviousRawEdge-CatmullRomRGB-Fixed080,3.689225196838379,29.913685532648646,0.0,0.0
54,chairs,ABL-ET2X-R-PreviousRawEdge-CatmullRomRGB-Fixed080-Recovered5Fetch,3.689225196838379,29.913685532648646,0.0,0.0
54,thin-chair,O-T2X-R,3.863340377807617,30.773035422457546,0.0,0.0
54,thin-chair,ABL-ET2X-R-PreviousRawEdge-CatmullRomRGB-Fixed080,5.546253681182861,27.741128275872825,0.0,0.0
54,thin-chair,ABL-ET2X-R-PreviousRawEdge-CatmullRomRGB-Fixed080-Recovered5Fetch,5.546253681182861,27.741128275872825,0.0,0.0
54,windows,O-T2X-R,4.3203125,28.06699692047068,0.0,0.0
54,windows,ABL-ET2X-R-PreviousRawEdge-CatmullRomRGB-Fixed080,5.217268943786621,25.77318343274605,0.0,0.0
54,windows,ABL-ET2X-R-PreviousRawEdge-CatmullRomRGB-Fixed080-Recovered5Fetch,5.217268943786621,25.77318343274605,0.0,0.0
55,chairs,O-T2X-R,2.539811134338379,33.091345831527036,0.0,0.0
55,chairs,ABL-ET2X-R-PreviousRawEdge-CatmullRomRGB-Fixed080,3.689225196838379,29.913685532648646,0.0,0.0
55,chairs,ABL-ET2X-R-PreviousRawEdge-CatmullRomRGB-Fixed080-Recovered5Fetch,3.689225196838379,29.913685532648646,0.0,0.0
55,thin-chair,O-T2X-R,3.863340377807617,30.773035422457546,0.0,0.0
55,thin-chair,ABL-ET2X-R-PreviousRawEdge-CatmullRomRGB-Fixed080,5.546253681182861,27.741128275872825,0.0,0.0
55,thin-chair,ABL-ET2X-R-PreviousRawEdge-CatmullRomRGB-Fixed080-Recovered5Fetch,5.546253681182861,27.741128275872825,0.0,0.0
55,windows,O-T2X-R,4.3203125,28.06699692047068,0.0,0.0
55,windows,ABL-ET2X-R-PreviousRawEdge-CatmullRomRGB-Fixed080,5.217268943786621,25.77318343274605,0.0,0.0
55,windows,ABL-ET2X-R-PreviousRawEdge-CatmullRomRGB-Fixed080-Recovered5Fetch,5.217268943786621,25.77318343274605,0.0,0.0
56,chairs,O-T2X-R,2.539811134338379,33.091345831527036,0.0,0.0
56,chairs,ABL-ET2X-R-PreviousRawEdge-CatmullRomRGB-Fixed080,3.689225196838379,29.913685532648646,0.0,0.0
56,chairs,ABL-ET2X-R-PreviousRawEdge-CatmullRomRGB-Fixed080-Recovered5Fetch,3.689225196838379,29.913685532648646,0.0,0.0
56,thin-chair,O-T2X-R,3.863340377807617,30.773035422457546,0.0,0.0
56,thin-chair,ABL-ET2X-R-PreviousRawEdge-CatmullRomRGB-Fixed080,5.546253681182861,27.741128275872825,0.0,0.0
56,thin-chair,ABL-ET2X-R-PreviousRawEdge-CatmullRomRGB-Fixed080-Recovered5Fetch,5.546253681182861,27.741128275872825,0.0,0.0
56,windows,O-T2X-R,4.3203125,28.06699692047068,0.0,0.0
56,windows,ABL-ET2X-R-PreviousRawEdge-CatmullRomRGB-Fixed080,5.217268943786621,25.77318343274605,0.0,0.0
56,windows,ABL-ET2X-R-PreviousRawEdge-CatmullRomRGB-Fixed080-Recovered5Fetch,5.217268943786621,25.77318343274605,0.0,0.0
57,chairs,O-T2X-R,2.539811134338379,33.091345831527036,0.0,0.0
57,chairs,ABL-ET2X-R-PreviousRawEdge-CatmullRomRGB-Fixed080,3.689225196838379,29.913685532648646,0.0,0.0
57,chairs,ABL-ET2X-R-PreviousRawEdge-CatmullRomRGB-Fixed080-Recovered5Fetch,3.689225196838379,29.913685532648646,0.0,0.0
57,thin-chair,O-T2X-R,3.863340377807617,30.773035422457546,0.0,0.0
57,thin-chair,ABL-ET2X-R-PreviousRawEdge-CatmullRomRGB-Fixed080,5.546253681182861,27.741128275872825,0.0,0.0
57,thin-chair,ABL-ET2X-R-PreviousRawEdge-CatmullRomRGB-Fixed080-Recovered5Fetch,5.546253681182861,27.741128275872825,0.0,0.0
57,windows,O-T2X-R,4.3203125,28.06699692047068,0.0,0.0
57,windows,ABL-ET2X-R-PreviousRawEdge-CatmullRomRGB-Fixed080,5.217268943786621,25.77318343274605,0.0,0.0
57,windows,ABL-ET2X-R-PreviousRawEdge-CatmullRomRGB-Fixed080-Recovered5Fetch,5.217268943786621,25.77318343274605,0.0,0.0
58,chairs,O-T2X-R,2.539811134338379,33.091345831527036,0.0,0.0
58,chairs,ABL-ET2X-R-PreviousRawEdge-CatmullRomRGB-Fixed080,3.689225196838379,29.913685532648646,0.0,0.0
58,chairs,ABL-ET2X-R-PreviousRawEdge-CatmullRomRGB-Fixed080-Recovered5Fetch,3.689225196838379,29.913685532648646,0.0,0.0
58,thin-chair,O-T2X-R,3.863340377807617,30.773035422457546,0.0,0.0
58,thin-chair,ABL-ET2X-R-PreviousRawEdge-CatmullRomRGB-Fixed080,5.546253681182861,27.741128275872825,0.0,0.0
58,thin-chair,ABL-ET2X-R-PreviousRawEdge-CatmullRomRGB-Fixed080-Recovered5Fetch,5.546253681182861,27.741128275872825,0.0,0.0
58,windows,O-T2X-R,4.3203125,28.06699692047068,0.0,0.0
58,windows,ABL-ET2X-R-PreviousRawEdge-CatmullRomRGB-Fixed080,5.217268943786621,25.77318343274605,0.0,0.0
58,windows,ABL-ET2X-R-PreviousRawEdge-CatmullRomRGB-Fixed080-Recovered5Fetch,5.217268943786621,25.77318343274605,0.0,0.0
59,chairs,O-T2X-R,2.539811134338379,33.091345831527036,0.0,0.0
59,chairs,ABL-ET2X-R-PreviousRawEdge-CatmullRomRGB-Fixed080,3.689225196838379,29.913685532648646,0.0,0.0
59,chairs,ABL-ET2X-R-PreviousRawEdge-CatmullRomRGB-Fixed080-Recovered5Fetch,3.689225196838379,29.913685532648646,0.0,0.0
59,thin-chair,O-T2X-R,3.863340377807617,30.773035422457546,0.0,0.0
59,thin-chair,ABL-ET2X-R-PreviousRawEdge-CatmullRomRGB-Fixed080,5.546253681182861,27.741128275872825,0.0,0.0
59,thin-chair,ABL-ET2X-R-PreviousRawEdge-CatmullRomRGB-Fixed080-Recovered5Fetch,5.546253681182861,27.741128275872825,0.0,0.0
59,windows,O-T2X-R,4.3203125,28.06699692047068,0.0,0.0
59,windows,ABL-ET2X-R-PreviousRawEdge-CatmullRomRGB-Fixed080,5.217268943786621,25.77318343274605,0.0,0.0
59,windows,ABL-ET2X-R-PreviousRawEdge-CatmullRomRGB-Fixed080-Recovered5Fetch,5.217268943786621,25.77318343274605,0.0,0.0
60,chairs,O-T2X-R,2.539811134338379,33.091345831527036,0.0,0.0
60,chairs,ABL-ET2X-R-PreviousRawEdge-CatmullRomRGB-Fixed080,3.689225196838379,29.913685532648646,0.0,0.0
60,chairs,ABL-ET2X-R-PreviousRawEdge-CatmullRomRGB-Fixed080-Recovered5Fetch,3.689225196838379,29.913685532648646,0.0,0.0
60,thin-chair,O-T2X-R,3.863340377807617,30.773035422457546,0.0,0.0
60,thin-chair,ABL-ET2X-R-PreviousRawEdge-CatmullRomRGB-Fixed080,5.546253681182861,27.741128275872825,0.0,0.0
60,thin-chair,ABL-ET2X-R-PreviousRawEdge-CatmullRomRGB-Fixed080-Recovered5Fetch,5.546253681182861,27.741128275872825,0.0,0.0
60,windows,O-T2X-R,4.3203125,28.06699692047068,0.0,0.0
60,windows,ABL-ET2X-R-PreviousRawEdge-CatmullRomRGB-Fixed080,5.217268943786621,25.77318343274605,0.0,0.0
60,windows,ABL-ET2X-R-PreviousRawEdge-CatmullRomRGB-Fixed080-Recovered5Fetch,5.217268943786621,25.77318343274605,0.0,0.0
61,chairs,O-T2X-R,3.097200632095337,31.57244684647209,2.011505365371704,2.011505365371704
61,chairs,ABL-ET2X-R-PreviousRawEdge-CatmullRomRGB-Fixed080,3.497818946838379,30.47090138610774,1.5211918354034424,1.5211918354034424
61,chairs,ABL-ET2X-R-PreviousRawEdge-CatmullRomRGB-Fixed080-Recovered5Fetch,3.4957032203674316,30.47660416649591,1.5213810205459595,1.5213810205459595
61,thin-chair,O-T2X-R,4.631362438201904,29.32256130946839,2.8752729892730713,2.8752729892730713
61,thin-chair,ABL-ET2X-R-PreviousRawEdge-CatmullRomRGB-Fixed080,5.26248836517334,28.230877423150837,2.121931791305542,2.121931791305542
61,thin-chair,ABL-ET2X-R-PreviousRawEdge-CatmullRomRGB-Fixed080-Recovered5Fetch,5.259706497192383,28.235008848899152,2.12174391746521,2.12174391746521
61,windows,O-T2X-R,5.228987693786621,26.572130209716185,3.036965847015381,3.036965847015381
61,windows,ABL-ET2X-R-PreviousRawEdge-CatmullRomRGB-Fixed080,5.2459797859191895,25.89091345358114,2.3179996013641357,2.3179996013641357
61,windows,ABL-ET2X-R-PreviousRawEdge-CatmullRomRGB-Fixed080-Recovered5Fetch,5.235628128051758,25.91038482749537,2.3050408363342285,2.3050408363342285
62,chairs,O-T2X-R,2.7752766609191895,32.33090161629035,2.460681676864624,3.9362800121307373
62,chairs,ABL-ET2X-R-PreviousRawEdge-CatmullRomRGB-Fixed080,3.399674415588379,30.703166208363392,1.5509321689605713,1.6448438167572021
62,chairs,ABL-ET2X-R-PreviousRawEdge-CatmullRomRGB-Fixed080-Recovered5Fetch,3.3973307609558105,30.711740522592613,1.5508555173873901,1.6446256637573242
62,thin-chair,O-T2X-R,4.1363043785095215,30.091234329606188,3.506619453430176,5.622966289520264
62,thin-chair,ABL-ET2X-R-PreviousRawEdge-CatmullRomRGB-Fixed080,5.132930755615234,28.41968662842131,2.1296892166137695,2.18740177154541
62,thin-chair,ABL-ET2X-R-PreviousRawEdge-CatmullRomRGB-Fixed080-Recovered5Fetch,5.12949800491333,28.426992096424843,2.1293907165527344,2.186795711517334
62,windows,O-T2X-R,5.121240139007568,25.930705283647697,3.2541465759277344,4.782320976257324
62,windows,ABL-ET2X-R-PreviousRawEdge-CatmullRomRGB-Fixed080,5.929459571838379,24.861992872266434,2.4230339527130127,2.6366240978240967
62,windows,ABL-ET2X-R-PreviousRawEdge-CatmullRomRGB-Fixed080-Recovered5Fetch,5.924137592315674,24.869001953127317,2.421576976776123,2.6206841468811035
63,chairs,O-T2X-R,2.7364909648895264,32.36977201609236,1.8257668018341064,2.957172393798828
63,chairs,ABL-ET2X-R-PreviousRawEdge-CatmullRomRGB-Fixed080,3.3804361820220947,30.722115878694886,1.5197772979736328,1.789113998413086
63,chairs,ABL-ET2X-R-PreviousRawEdge-CatmullRomRGB-Fixed080-Recovered5Fetch,3.3780760765075684,30.730654469003834,1.5189402103424072,1.7877250909805298
63,thin-chair,O-T2X-R,4.079752445220947,30.160648809750693,2.607422113418579,4.285555839538574
63,thin-chair,ABL-ET2X-R-PreviousRawEdge-CatmullRomRGB-Fixed080,5.082119941711426,28.460407468568512,2.0163772106170654,2.3788788318634033
63,thin-chair,ABL-ET2X-R-PreviousRawEdge-CatmullRomRGB-Fixed080-Recovered5Fetch,5.07833194732666,28.469090413350013,2.014836072921753,2.3778607845306396
63,windows,O-T2X-R,4.875162601470947,27.134860296013446,4.715462684631348,6.718163967132568
63,windows,ABL-ET2X-R-PreviousRawEdge-CatmullRomRGB-Fixed080,6.3319172859191895,24.46768719776868,2.814627170562744,2.9414126873016357
63,windows,ABL-ET2X-R-PreviousRawEdge-CatmullRomRGB-Fixed080-Recovered5Fetch,6.330989360809326,24.46979657290596,2.8086416721343994,2.937033176422119
64,chairs,O-T2X-R,2.7791991233825684,32.35599395470792,2.0137887001037598,3.275585174560547
64,chairs,ABL-ET2X-R-PreviousRawEdge-CatmullRomRGB-Fixed080,3.287613868713379,30.96410483415002,1.4366508722305298,1.756738305091858
64,chairs,ABL-ET2X-R-PreviousRawEdge-CatmullRomRGB-Fixed080-Recovered5Fetch,3.2855632305145264,30.973009527410586,1.4345523118972778,1.7553383111953735
64,thin-chair,O-T2X-R,4.141424179077148,30.187141560670735,2.852139472961426,4.6828765869140625
64,thin-chair,ABL-ET2X-R-PreviousRawEdge-CatmullRomRGB-Fixed080,4.975615501403809,28.68079826401477,1.9603447914123535,2.3182249069213867
64,thin-chair,ABL-ET2X-R-PreviousRawEdge-CatmullRomRGB-Fixed080-Recovered5Fetch,4.971975803375244,28.689306628181683,1.9572254419326782,2.3171803951263428
64,windows,O-T2X-R,4.693749904632568,27.288047386244294,3.3399174213409424,6.254263877868652
64,windows,ABL-ET2X-R-PreviousRawEdge-CatmullRomRGB-Fixed080,6.274202346801758,24.765828222677662,3.0860962867736816,3.3851356506347656
64,windows,ABL-ET2X-R-PreviousRawEdge-CatmullRomRGB-Fixed080-Recovered5Fetch,6.2779459953308105,24.761216433585354,3.0799460411071777,3.3770744800567627
65,chairs,O-T2X-R,2.7379069328308105,32.37477058771858,1.8705158233642578,2.87715744972229
65,chairs,ABL-ET2X-R-PreviousRawEdge-CatmullRomRGB-Fixed080,3.270800828933716,31.031904142218924,1.4448693990707397,1.7302325963974
65,chairs,ABL-ET2X-R-PreviousRawEdge-CatmullRomRGB-Fixed080-Recovered5Fetch,3.2692058086395264,31.039421406212604,1.4438304901123047,1.729528784751892
65,thin-chair,O-T2X-R,4.132930755615234,30.070779491481904,2.6269402503967285,4.110471725463867
65,thin-chair,ABL-ET2X-R-PreviousRawEdge-CatmullRomRGB-Fixed080,4.974254131317139,28.698344062788887,1.9589424133300781,2.326962471008301
65,thin-chair,ABL-ET2X-R-PreviousRawEdge-CatmullRomRGB-Fixed080-Recovered5Fetch,4.970821380615234,28.706160551951008,1.9577078819274902,2.3249762058258057
65,windows,O-T2X-R,4.941422462463379,27.00210654047453,3.9422607421875,6.238498687744141
65,windows,ABL-ET2X-R-PreviousRawEdge-CatmullRomRGB-Fixed080,6.3629231452941895,24.19126055497224,2.965364456176758,3.237971544265747
65,windows,ABL-ET2X-R-PreviousRawEdge-CatmullRomRGB-Fixed080-Recovered5Fetch,6.371614456176758,24.179996958716814,2.9545466899871826,3.23022198677063
66,chairs,O-T2X-R,2.7483561038970947,32.314011496881506,2.0431175231933594,3.3434112071990967
66,chairs,ABL-ET2X-R-PreviousRawEdge-CatmullRomRGB-Fixed080,3.2882161140441895,31.006668805587655,1.439462423324585,1.73832106590271
66,chairs,ABL-ET2X-R-PreviousRawEdge-CatmullRomRGB-Fixed080-Recovered5Fetch,3.2872233390808105,31.012243985709933,1.4378303289413452,1.7364534139633179
66,thin-chair,O-T2X-R,4.114908695220947,30.07967811191876,2.9241034984588623,4.7972731590271
66,thin-chair,ABL-ET2X-R-PreviousRawEdge-CatmullRomRGB-Fixed080,4.970673561096191,28.70912385085115,1.924646258354187,2.305846929550171
66,thin-chair,ABL-ET2X-R-PreviousRawEdge-CatmullRomRGB-Fixed080-Recovered5Fetch,4.9677734375,28.715830236977933,1.9216541051864624,2.30424427986145
66,windows,O-T2X-R,4.702848434448242,27.03386089377181,3.431525468826294,5.569321632385254
66,windows,ABL-ET2X-R-PreviousRawEdge-CatmullRomRGB-Fixed080,6.396712303161621,24.38082812139754,2.961848735809326,3.216978073120117
66,windows,ABL-ET2X-R-PreviousRawEdge-CatmullRomRGB-Fixed080-Recovered5Fetch,6.4112467765808105,24.363294153515138,2.9472508430480957,3.2046172618865967
67,chairs,O-T2X-R,2.758561134338379,32.24235535570105,1.8705263137817383,2.836273193359375
67,chairs,ABL-ET2X-R-PreviousRawEdge-CatmullRomRGB-Fixed080,3.30517578125,30.93192841609814,1.4483330249786377,1.7122833728790283
67,chairs,ABL-ET2X-R-PreviousRawEdge-CatmullRomRGB-Fixed080-Recovered5Fetch,3.3043456077575684,30.936720503963304,1.4471285343170166,1.712459921836853
67,thin-chair,O-T2X-R,4.147135257720947,30.00444705266522,2.571707010269165,4.13962984085083
67,thin-chair,ABL-ET2X-R-PreviousRawEdge-CatmullRomRGB-Fixed080,5.021425247192383,28.611114492167303,1.9482020139694214,2.287947654724121
67,thin-chair,ABL-ET2X-R-PreviousRawEdge-CatmullRomRGB-Fixed080-Recovered5Fetch,5.019560813903809,28.61629548813161,1.9460629224777222,2.2875075340270996
67,windows,O-T2X-R,4.984765529632568,26.93155085929025,3.8428733348846436,6.268666744232178
67,windows,ABL-ET2X-R-PreviousRawEdge-CatmullRomRGB-Fixed080,6.186735153198242,24.872576303652323,3.157137393951416,3.159043788909912
67,windows,ABL-ET2X-R-PreviousRawEdge-CatmullRomRGB-Fixed080-Recovered5Fetch,6.205778121948242,24.852801961430643,3.142876148223877,3.1379599571228027
68,chairs,O-T2X-R,2.7691893577575684,32.296651535793515,1.9479519128799438,3.2855873107910156
68,chairs,ABL-ET2X-R-PreviousRawEdge-CatmullRomRGB-Fixed080,3.267333984375,31.01965026019738,1.4414424896240234,1.7356770038604736
68,chairs,ABL-ET2X-R-PreviousRawEdge-CatmullRomRGB-Fixed080-Recovered5Fetch,3.266813039779663,31.023795763655606,1.4393726587295532,1.7341206073760986
68,thin-chair,O-T2X-R,4.160629749298096,30.060176928774688,2.7862391471862793,4.627574443817139
68,thin-chair,ABL-ET2X-R-PreviousRawEdge-CatmullRomRGB-Fixed080,4.959990501403809,28.682937150054112,1.9738751649856567,2.2976186275482178
68,thin-chair,ABL-ET2X-R-PreviousRawEdge-CatmullRomRGB-Fixed080-Recovered5Fetch,4.958066940307617,28.68789494320184,1.9702309370040894,2.2950706481933594
68,windows,O-T2X-R,5.120768070220947,26.02937317449536,3.3859145641326904,5.257497787475586
68,windows,ABL-ET2X-R-PreviousRawEdge-CatmullRomRGB-Fixed080,6.528059959411621,24.115711224845867,2.966146469116211,3.113429307937622
68,windows,ABL-ET2X-R-PreviousRawEdge-CatmullRomRGB-Fixed080-Recovered5Fetch,6.538541793823242,24.103218456674558,2.956089735031128,3.0879130363464355
69,chairs,O-T2X-R,2.831738233566284,32.09163165837686,1.8838354349136353,2.8391060829162598
69,chairs,ABL-ET2X-R-PreviousRawEdge-CatmullRomRGB-Fixed080,3.285351514816284,30.942093243758112,1.4139989614486694,1.7236862182617188
69,chairs,ABL-ET2X-R-PreviousRawEdge-CatmullRomRGB-Fixed080-Recovered5Fetch,3.2843587398529053,30.94613682723844,1.4122415781021118,1.7231683731079102
69,thin-chair,O-T2X-R,4.236475944519043,29.90408118478587,2.7134475708007812,4.122865200042725
69,thin-chair,ABL-ET2X-R-PreviousRawEdge-CatmullRomRGB-Fixed080,4.956350803375244,28.62444330368172,1.9259364604949951,2.3311336040496826
69,thin-chair,ABL-ET2X-R-PreviousRawEdge-CatmullRomRGB-Fixed080-Recovered5Fetch,4.953480243682861,28.629620164296092,1.9229702949523926,2.3288564682006836
69,windows,O-T2X-R,5.111409664154053,26.67622670546439,4.427164554595947,6.799826145172119
69,windows,ABL-ET2X-R-PreviousRawEdge-CatmullRomRGB-Fixed080,6.889632225036621,23.84622407673843,2.901327610015869,3.1163816452026367
69,windows,ABL-ET2X-R-PreviousRawEdge-CatmullRomRGB-Fixed080-Recovered5Fetch,6.909489154815674,23.82544607510451,2.8854660987854004,3.0993399620056152
70,chairs,O-T2X-R,2.878222703933716,31.973939452268123,2.0953309535980225,3.410677433013916
70,chairs,ABL-ET2X-R-PreviousRawEdge-CatmullRomRGB-Fixed080,3.292936086654663,30.88763419503777,1.4105068445205688,1.6585967540740967
70,chairs,ABL-ET2X-R-PreviousRawEdge-CatmullRomRGB-Fixed080-Recovered5Fetch,3.292024850845337,30.892165177590254,1.4093177318572998,1.6563221216201782
70,thin-chair,O-T2X-R,4.248402118682861,29.854274406655374,2.981858253479004,4.890251159667969
70,thin-chair,ABL-ET2X-R-PreviousRawEdge-CatmullRomRGB-Fixed080,4.9564690589904785,28.58748030655077,1.8874201774597168,2.24540114402771
70,thin-chair,ABL-ET2X-R-PreviousRawEdge-CatmullRomRGB-Fixed080-Recovered5Fetch,4.95487117767334,28.59239732319443,1.8864299058914185,2.2430338859558105
70,windows,O-T2X-R,5.101416110992432,26.25670115223427,3.3098082542419434,5.8775506019592285
70,windows,ABL-ET2X-R-PreviousRawEdge-CatmullRomRGB-Fixed080,6.867366313934326,23.784275091388537,3.090202808380127,3.1306440830230713
70,windows,ABL-ET2X-R-PreviousRawEdge-CatmullRomRGB-Fixed080-Recovered5Fetch,6.892740726470947,23.76128118453705,3.0733118057250977,3.108800172805786
71,chairs,O-T2X-R,2.7909178733825684,32.27580689851168,1.918130874633789,2.9271881580352783
71,chairs,ABL-ET2X-R-PreviousRawEdge-CatmullRomRGB-Fixed080,3.3516438007354736,30.673395080528213,1.4362937211990356,1.7353897094726562
71,chairs,ABL-ET2X-R-PreviousRawEdge-CatmullRomRGB-Fixed080-Recovered5Fetch,3.3512043952941895,30.67696757820691,1.4364712238311768,1.7349050045013428
71,thin-chair,O-T2X-R,4.222301006317139,29.961332473601768,2.600775718688965,4.167294502258301
71,thin-chair,ABL-ET2X-R-PreviousRawEdge-CatmullRomRGB-Fixed080,5.070401191711426,28.35504384093969,1.94261634349823,2.2916083335876465
71,thin-chair,ABL-ET2X-R-PreviousRawEdge-CatmullRomRGB-Fixed080-Recovered5Fetch,5.069365501403809,28.359109706811246,1.9423800706863403,2.2907485961914062
71,windows,O-T2X-R,4.987874507904053,27.02338414784162,4.828644752502441,7.0143280029296875
71,windows,ABL-ET2X-R-PreviousRawEdge-CatmullRomRGB-Fixed080,6.8299479484558105,23.8655425769283,3.2408688068389893,3.3329505920410156
71,windows,ABL-ET2X-R-PreviousRawEdge-CatmullRomRGB-Fixed080-Recovered5Fetch,6.850130081176758,23.848524553342596,3.2284107208251953,3.3089523315429688
72,chairs,O-T2X-R,2.8397624492645264,32.08104650503196,2.019150733947754,3.379009962081909
72,chairs,ABL-ET2X-R-PreviousRawEdge-CatmullRomRGB-Fixed080,3.3737142086029053,30.521019554483214,1.4218213558197021,1.7372016906738281
72,chairs,ABL-ET2X-R-PreviousRawEdge-CatmullRomRGB-Fixed080-Recovered5Fetch,3.372835397720337,30.52489403977517,1.420087456703186,1.735272765159607
72,thin-chair,O-T2X-R,4.277787685394287,29.792917303058097,2.8825631141662598,4.699697494506836
72,thin-chair,ABL-ET2X-R-PreviousRawEdge-CatmullRomRGB-Fixed080,5.106948375701904,28.20231420264041,1.9177520275115967,2.3234026432037354
72,thin-chair,ABL-ET2X-R-PreviousRawEdge-CatmullRomRGB-Fixed080-Recovered5Fetch,5.104965686798096,28.20620005857018,1.9157791137695312,2.3217461109161377
72,windows,O-T2X-R,5.044335842132568,26.726842591363425,3.7354483604431152,6.095612525939941
72,windows,ABL-ET2X-R-PreviousRawEdge-CatmullRomRGB-Fixed080,6.807845115661621,24.025533454715543,3.2967915534973145,3.438927412033081
72,windows,ABL-ET2X-R-PreviousRawEdge-CatmullRomRGB-Fixed080-Recovered5Fetch,6.82958984375,24.008472096420746,3.283738613128662,3.4142632484436035
73,chairs,O-T2X-R,2.8904621601104736,31.935359486970324,1.972829818725586,2.9484004974365234
73,chairs,ABL-ET2X-R-PreviousRawEdge-CatmullRomRGB-Fixed080,3.454085350036621,30.36954616370576,1.4410181045532227,1.7124007940292358
73,chairs,ABL-ET2X-R-PreviousRawEdge-CatmullRomRGB-Fixed080-Recovered5Fetch,3.4529621601104736,30.373189778536933,1.4389119148254395,1.710989236831665
73,thin-chair,O-T2X-R,4.296134948730469,29.746719843127444,2.7469160556793213,4.2756876945495605
73,thin-chair,ABL-ET2X-R-PreviousRawEdge-CatmullRomRGB-Fixed080,5.203006744384766,28.08971556234883,1.9086785316467285,2.277535915374756
73,thin-chair,ABL-ET2X-R-PreviousRawEdge-CatmullRomRGB-Fixed080-Recovered5Fetch,5.20078706741333,28.09362938440681,1.9059219360351562,2.2760753631591797
73,windows,O-T2X-R,4.971158981323242,27.00479838587694,3.998595714569092,6.721539497375488
73,windows,ABL-ET2X-R-PreviousRawEdge-CatmullRomRGB-Fixed080,6.837434768676758,23.77238054834502,3.146599769592285,3.449047803878784
73,windows,ABL-ET2X-R-PreviousRawEdge-CatmullRomRGB-Fixed080-Recovered5Fetch,6.854654788970947,23.755850777199946,3.1353938579559326,3.4278016090393066
74,chairs,O-T2X-R,2.805403709411621,32.213710109640004,2.084197998046875,3.484414577484131
74,chairs,ABL-ET2X-R-PreviousRawEdge-CatmullRomRGB-Fixed080,3.443880319595337,30.396643941663832,1.4279518127441406,1.7561876773834229
74,chairs,ABL-ET2X-R-PreviousRawEdge-CatmullRomRGB-Fixed080-Recovered5Fetch,3.443636178970337,30.398396482617404,1.4270224571228027,1.7546088695526123
74,thin-chair,O-T2X-R,4.197383880615234,29.96934426558695,3.008917808532715,4.98115873336792
74,thin-chair,ABL-ET2X-R-PreviousRawEdge-CatmullRomRGB-Fixed080,5.227568626403809,28.07877532572566,1.9007216691970825,2.2996954917907715
74,thin-chair,ABL-ET2X-R-PreviousRawEdge-CatmullRomRGB-Fixed080-Recovered5Fetch,5.225645065307617,28.0819043810149,1.8992480039596558,2.2982430458068848
74,windows,O-T2X-R,5.381168842315674,25.726802032657794,3.4007861614227295,5.357630729675293
74,windows,ABL-ET2X-R-PreviousRawEdge-CatmullRomRGB-Fixed080,6.916764259338379,23.867381532325062,3.153886318206787,3.411398410797119
74,windows,ABL-ET2X-R-PreviousRawEdge-CatmullRomRGB-Fixed080-Recovered5Fetch,6.927766799926758,23.854742527998134,3.137000322341919,3.3960652351379395
75,chairs,O-T2X-R,2.834749460220337,32.09611932676152,1.8950512409210205,3.010237216949463
75,chairs,ABL-ET2X-R-PreviousRawEdge-CatmullRomRGB-Fixed080,3.4210124015808105,30.477377047335704,1.4463002681732178,1.7449262142181396
75,chairs,ABL-ET2X-R-PreviousRawEdge-CatmullRomRGB-Fixed080-Recovered5Fetch,3.420361280441284,30.479637048328385,1.4453932046890259,1.7426002025604248
75,thin-chair,O-T2X-R,4.200846195220947,29.965901463561188,2.7587335109710693,4.381387233734131
75,thin-chair,ABL-ET2X-R-PreviousRawEdge-CatmullRomRGB-Fixed080,5.230587005615234,28.119777686300896,1.941582441329956,2.30076003074646
75,thin-chair,ABL-ET2X-R-PreviousRawEdge-CatmullRomRGB-Fixed080-Recovered5Fetch,5.2287821769714355,28.122551469002225,1.9404619932174683,2.2959799766540527
75,windows,O-T2X-R,5.220296382904053,26.383985670550217,4.5417609214782715,6.714945316314697
75,windows,ABL-ET2X-R-PreviousRawEdge-CatmullRomRGB-Fixed080,6.956868648529053,23.686810562701915,3.2570242881774902,3.3619778156280518
75,windows,ABL-ET2X-R-PreviousRawEdge-CatmullRomRGB-Fixed080-Recovered5Fetch,6.968473434448242,23.672221804843975,3.236180543899536,3.334381580352783
76,chairs,O-T2X-R,2.884798288345337,31.99087220995468,2.081036329269409,3.4067046642303467
76,chairs,ABL-ET2X-R-PreviousRawEdge-CatmullRomRGB-Fixed080,3.3983724117279053,30.526873424285984,1.4497296810150146,1.711780309677124
76,chairs,ABL-ET2X-R-PreviousRawEdge-CatmullRomRGB-Fixed080-Recovered5Fetch,3.3985025882720947,30.529306401201964,1.4485647678375244,1.7107601165771484
76,thin-chair,O-T2X-R,4.28341007232666,29.818234764367794,2.922499656677246,4.895175457000732
76,thin-chair,ABL-ET2X-R-PreviousRawEdge-CatmullRomRGB-Fixed080,5.176698684692383,28.179786506171155,1.894924283027649,2.250308036804199
76,thin-chair,ABL-ET2X-R-PreviousRawEdge-CatmullRomRGB-Fixed080-Recovered5Fetch,5.176313877105713,28.182799082342033,1.89384126663208,2.2489969730377197
76,windows,O-T2X-R,5.3748698234558105,25.870924407280388,3.4654057025909424,5.713687419891357
76,windows,ABL-ET2X-R-PreviousRawEdge-CatmullRomRGB-Fixed080,7.445116996765137,23.03977641934214,3.0156686305999756,3.2379374504089355
76,windows,ABL-ET2X-R-PreviousRawEdge-CatmullRomRGB-Fixed080-Recovered5Fetch,7.469075679779053,23.0183123028549,2.994229793548584,3.204883575439453
77,chairs,O-T2X-R,2.7828450202941895,32.44854548126786,1.9497926235198975,2.946135997772217
77,chairs,ABL-ET2X-R-PreviousRawEdge-CatmullRomRGB-Fixed080,3.365201711654663,30.617107821824394,1.4437034130096436,1.7205464839935303
77,chairs,ABL-ET2X-R-PreviousRawEdge-CatmullRomRGB-Fixed080-Recovered5Fetch,3.365706443786621,30.619540469545473,1.4414653778076172,1.7186682224273682
77,thin-chair,O-T2X-R,4.207001686096191,30.147739032085752,2.6865456104278564,4.236080646514893
77,thin-chair,ABL-ET2X-R-PreviousRawEdge-CatmullRomRGB-Fixed080,5.1438212394714355,28.263576472512515,1.9234206676483154,2.268984794616699
77,thin-chair,ABL-ET2X-R-PreviousRawEdge-CatmullRomRGB-Fixed080-Recovered5Fetch,5.142755508422852,28.267452930868995,1.9204035997390747,2.2678091526031494
77,windows,O-T2X-R,5.127897262573242,26.866907088054468,5.392763614654541,7.5739312171936035
77,windows,ABL-ET2X-R-PreviousRawEdge-CatmullRomRGB-Fixed080,7.534944534301758,23.063705031217477,3.339188814163208,3.241595506668091
77,windows,ABL-ET2X-R-PreviousRawEdge-CatmullRomRGB-Fixed080-Recovered5Fetch,7.559765815734863,23.043071723965035,3.322036027908325,3.21357798576355
78,chairs,O-T2X-R,2.823209524154663,32.35277151374911,2.032698392868042,3.434607744216919
78,chairs,ABL-ET2X-R-PreviousRawEdge-CatmullRomRGB-Fixed080,3.3582844734191895,30.701613578238298,1.4183390140533447,1.7036139965057373
78,chairs,ABL-ET2X-R-PreviousRawEdge-CatmullRomRGB-Fixed080-Recovered5Fetch,3.3580079078674316,30.704884512295493,1.4161746501922607,1.700453758239746
78,thin-chair,O-T2X-R,4.268732070922852,30.055772499998916,2.860440492630005,4.79887580871582
78,thin-chair,ABL-ET2X-R-PreviousRawEdge-CatmullRomRGB-Fixed080,5.139737129211426,28.32956162261794,1.9159280061721802,2.224109411239624
78,thin-chair,ABL-ET2X-R-PreviousRawEdge-CatmullRomRGB-Fixed080-Recovered5Fetch,5.137813568115234,28.33357140321336,1.9127968549728394,2.2202210426330566
78,windows,O-T2X-R,5.0028157234191895,26.948835131310712,3.846165180206299,7.110280513763428
78,windows,ABL-ET2X-R-PreviousRawEdge-CatmullRomRGB-Fixed080,6.839632034301758,24.065360484439857,3.9412262439727783,3.8931427001953125
78,windows,ABL-ET2X-R-PreviousRawEdge-CatmullRomRGB-Fixed080-Recovered5Fetch,6.862011909484863,24.04593979286534,3.9216103553771973,3.8623671531677246
79,chairs,O-T2X-R,2.8367512226104736,32.289395091155335,1.9209890365600586,2.915072441101074
79,chairs,ABL-ET2X-R-PreviousRawEdge-CatmullRomRGB-Fixed080,3.4087891578674316,30.56211836885212,1.4643313884735107,1.7109050750732422
79,chairs,ABL-ET2X-R-PreviousRawEdge-CatmullRomRGB-Fixed080-Recovered5Fetch,3.408984422683716,30.565007002135506,1.4624574184417725,1.7087986469268799
79,thin-chair,O-T2X-R,4.26210355758667,30.0290756005684,2.7747042179107666,4.244616985321045
79,thin-chair,ABL-ET2X-R-PreviousRawEdge-CatmullRomRGB-Fixed080,5.209280490875244,28.19729715448795,1.914549708366394,2.2127625942230225
79,thin-chair,ABL-ET2X-R-PreviousRawEdge-CatmullRomRGB-Fixed080-Recovered5Fetch,5.207830429077148,28.2010037505409,1.9111472368240356,2.209080696105957
79,windows,O-T2X-R,5.441340923309326,26.305568804511744,3.843900203704834,6.681419372558594
79,windows,ABL-ET2X-R-PreviousRawEdge-CatmullRomRGB-Fixed080,6.743700981140137,24.044088838208175,3.290207624435425,3.7099545001983643
79,windows,ABL-ET2X-R-PreviousRawEdge-CatmullRomRGB-Fixed080-Recovered5Fetch,6.762125492095947,24.027349725006857,3.278881788253784,3.6769051551818848
80,chairs,O-T2X-R,2.9285645484924316,31.856509994045886,1.954285979270935,3.2723565101623535
80,chairs,ABL-ET2X-R-PreviousRawEdge-CatmullRomRGB-Fixed080,3.432421922683716,30.568433035826477,1.4396421909332275,1.7246659994125366
80,chairs,ABL-ET2X-R-PreviousRawEdge-CatmullRomRGB-Fixed080-Recovered5Fetch,3.4315266609191895,30.572547440066042,1.4379198551177979,1.7227518558502197
80,thin-chair,O-T2X-R,4.369998931884766,29.66378238624065,2.8654367923736572,4.827005386352539
80,thin-chair,ABL-ET2X-R-PreviousRawEdge-CatmullRomRGB-Fixed080,5.232362747192383,28.22033719394522,1.944390058517456,2.2658233642578125
80,thin-chair,ABL-ET2X-R-PreviousRawEdge-CatmullRomRGB-Fixed080-Recovered5Fetch,5.229462623596191,28.225704014607366,1.942387342453003,2.2632362842559814
80,windows,O-T2X-R,5.694189548492432,24.856625220524137,3.8522751331329346,5.145064353942871
80,windows,ABL-ET2X-R-PreviousRawEdge-CatmullRomRGB-Fixed080,7.378385543823242,23.306238996403042,3.176403522491455,3.449446201324463
80,windows,ABL-ET2X-R-PreviousRawEdge-CatmullRomRGB-Fixed080-Recovered5Fetch,7.396142482757568,23.286943163930268,3.1598548889160156,3.431619167327881
81,chairs,O-T2X-R,2.955582618713379,31.73511363519825,1.9241950511932373,2.958613157272339
81,chairs,ABL-ET2X-R-PreviousRawEdge-CatmullRomRGB-Fixed080,3.406526803970337,30.631369420879643,1.4168245792388916,1.7021820545196533
81,chairs,ABL-ET2X-R-PreviousRawEdge-CatmullRomRGB-Fixed080-Recovered5Fetch,3.404524803161621,30.636968656405884,1.4152297973632812,1.7009109258651733
81,thin-chair,O-T2X-R,4.370857238769531,29.644688845692258,2.7232189178466797,4.2855329513549805
81,thin-chair,ABL-ET2X-R-PreviousRawEdge-CatmullRomRGB-Fixed080,5.2043681144714355,28.259208582344897,1.9335854053497314,2.250352382659912
81,thin-chair,ABL-ET2X-R-PreviousRawEdge-CatmullRomRGB-Fixed080-Recovered5Fetch,5.201260566711426,28.264924398584053,1.9321452379226685,2.2494373321533203
81,windows,O-T2X-R,5.440901756286621,26.175562351150504,5.572602272033691,8.085355758666992
81,windows,ABL-ET2X-R-PreviousRawEdge-CatmullRomRGB-Fixed080,7.681705951690674,22.763813525469597,3.269249677658081,3.1772987842559814
81,windows,ABL-ET2X-R-PreviousRawEdge-CatmullRomRGB-Fixed080-Recovered5Fetch,7.7081217765808105,22.738558928914536,3.2525463104248047,3.1521217823028564
82,chairs,O-T2X-R,2.923844337463379,31.851142710133292,2.0926387310028076,3.4265060424804688
82,chairs,ABL-ET2X-R-PreviousRawEdge-CatmullRomRGB-Fixed080,3.4427409172058105,30.611237597612657,1.4625749588012695,1.6836858987808228
82,chairs,ABL-ET2X-R-PreviousRawEdge-CatmullRomRGB-Fixed080-Recovered5Fetch,3.4419758319854736,30.617003860243592,1.4617023468017578,1.683240532875061
82,thin-chair,O-T2X-R,4.354669570922852,29.665978231517638,2.9384119510650635,4.8497538566589355
82,thin-chair,ABL-ET2X-R-PreviousRawEdge-CatmullRomRGB-Fixed080,5.213186740875244,28.27809730390637,1.9426791667938232,2.2229998111724854
82,thin-chair,ABL-ET2X-R-PreviousRawEdge-CatmullRomRGB-Fixed080-Recovered5Fetch,5.210819244384766,28.284457270990732,1.9403055906295776,2.221825361251831
82,windows,O-T2X-R,5.345914840698242,26.235601140478604,3.6050612926483154,7.186959743499756
82,windows,ABL-ET2X-R-PreviousRawEdge-CatmullRomRGB-Fixed080,7.406217575073242,23.499031100548905,3.677976131439209,3.704864501953125
82,windows,ABL-ET2X-R-PreviousRawEdge-CatmullRomRGB-Fixed080-Recovered5Fetch,7.438395023345947,23.472505661133543,3.657799243927002,3.6824469566345215
83,chairs,O-T2X-R,2.7997069358825684,32.279105337500866,2.0379638671875,3.0284855365753174
83,chairs,ABL-ET2X-R-PreviousRawEdge-CatmullRomRGB-Fixed080,3.4678385257720947,30.536943621981045,1.4606684446334839,1.7227928638458252
83,chairs,ABL-ET2X-R-PreviousRawEdge-CatmullRomRGB-Fixed080-Recovered5Fetch,3.4674479961395264,30.541209231487333,1.458490014076233,1.719382882118225
83,thin-chair,O-T2X-R,4.22091007232666,29.965779622093734,2.8248517513275146,4.404844284057617
83,thin-chair,ABL-ET2X-R-PreviousRawEdge-CatmullRomRGB-Fixed080,5.262547492980957,28.203137184115956,1.9551901817321777,2.2758657932281494
83,thin-chair,ABL-ET2X-R-PreviousRawEdge-CatmullRomRGB-Fixed080-Recovered5Fetch,5.2603278160095215,28.20816469746871,1.9532108306884766,2.2728865146636963
83,windows,O-T2X-R,5.1471028327941895,26.828557275207977,4.840584754943848,7.362205505371094
83,windows,ABL-ET2X-R-PreviousRawEdge-CatmullRomRGB-Fixed080,6.830842971801758,24.1185783369071,3.8735878467559814,4.0782976150512695
83,windows,ABL-ET2X-R-PreviousRawEdge-CatmullRomRGB-Fixed080-Recovered5Fetch,6.851790428161621,24.100328716837417,3.8638229370117188,4.050421714782715
84,chairs,O-T2X-R,2.8604655265808105,31.95258353033087,2.0118486881256104,3.453659772872925
84,chairs,ABL-ET2X-R-PreviousRawEdge-CatmullRomRGB-Fixed080,3.448193311691284,30.560380255306256,1.4459826946258545,1.7581459283828735
84,chairs,ABL-ET2X-R-PreviousRawEdge-CatmullRomRGB-Fixed080-Recovered5Fetch,3.4473958015441895,30.56469246039637,1.445103406906128,1.7563087940216064
84,thin-chair,O-T2X-R,4.338571071624756,29.63359536615696,2.813218116760254,4.821053981781006
84,thin-chair,ABL-ET2X-R-PreviousRawEdge-CatmullRomRGB-Fixed080,5.223573684692383,28.234631127850104,1.9318755865097046,2.280949354171753
84,thin-chair,ABL-ET2X-R-PreviousRawEdge-CatmullRomRGB-Fixed080-Recovered5Fetch,5.2216796875,28.2387372549794,1.9299083948135376,2.2784860134124756
84,windows,O-T2X-R,5.183854103088379,26.620235939720178,3.9057533740997314,6.127273082733154
84,windows,ABL-ET2X-R-PreviousRawEdge-CatmullRomRGB-Fixed080,7.0513997077941895,23.782443714212185,3.4365792274475098,3.9620585441589355
84,windows,ABL-ET2X-R-PreviousRawEdge-CatmullRomRGB-Fixed080-Recovered5Fetch,7.066454887390137,23.767060474003326,3.4185097217559814,3.9362080097198486
85,chairs,O-T2X-R,2.9005696773529053,31.775408113254695,1.944989800453186,2.9623947143554688
85,chairs,ABL-ET2X-R-PreviousRawEdge-CatmullRomRGB-Fixed080,3.4491047859191895,30.510841731052448,1.4772758483886719,1.739927887916565
85,chairs,ABL-ET2X-R-PreviousRawEdge-CatmullRomRGB-Fixed080-Recovered5Fetch,3.4476726055145264,30.515265363088865,1.4762262105941772,1.7385032176971436
85,thin-chair,O-T2X-R,4.379705429077148,29.456818170645644,2.7346715927124023,4.277353286743164
85,thin-chair,ABL-ET2X-R-PreviousRawEdge-CatmullRomRGB-Fixed080,5.214873313903809,28.198893578453152,1.9781887531280518,2.300489664077759
85,thin-chair,ABL-ET2X-R-PreviousRawEdge-CatmullRomRGB-Fixed080-Recovered5Fetch,5.212032318115234,28.203509817277354,1.9771873950958252,2.2977120876312256
85,windows,O-T2X-R,5.424788475036621,26.354421150299512,5.112422943115234,7.667599678039551
85,windows,ABL-ET2X-R-PreviousRawEdge-CatmullRomRGB-Fixed080,7.5887532234191895,22.980638777969116,3.2414214611053467,3.4082775115966797
85,windows,ABL-ET2X-R-PreviousRawEdge-CatmullRomRGB-Fixed080-Recovered5Fetch,7.608349800109863,22.96218469644725,3.222670316696167,3.381664276123047
86,chairs,O-T2X-R,2.886702537536621,32.001746122345,2.059119701385498,3.3843045234680176
86,chairs,ABL-ET2X-R-PreviousRawEdge-CatmullRomRGB-Fixed080,3.4512369632720947,30.511620729519993,1.495936632156372,1.7515754699707031
86,chairs,ABL-ET2X-R-PreviousRawEdge-CatmullRomRGB-Fixed080-Recovered5Fetch,3.4502604007720947,30.514292396876233,1.4937639236450195,1.7520376443862915
86,thin-chair,O-T2X-R,4.318063259124756,29.74104994977578,2.964216709136963,4.876608371734619
86,thin-chair,ABL-ET2X-R-PreviousRawEdge-CatmullRomRGB-Fixed080,5.211854934692383,28.227857412593117,2.0026345252990723,2.3517394065856934
86,thin-chair,ABL-ET2X-R-PreviousRawEdge-CatmullRomRGB-Fixed080-Recovered5Fetch,5.208925247192383,28.231566455990745,2.0004541873931885,2.351802349090576
86,windows,O-T2X-R,5.476480960845947,25.74173014354099,3.731574535369873,6.2586774826049805
86,windows,ABL-ET2X-R-PreviousRawEdge-CatmullRomRGB-Fixed080,7.603206157684326,23.10911805024107,3.5576331615448,3.5392768383026123
86,windows,ABL-ET2X-R-PreviousRawEdge-CatmullRomRGB-Fixed080-Recovered5Fetch,7.6307454109191895,23.085706311362735,3.5343635082244873,3.516159772872925
87,chairs,O-T2X-R,2.8995604515075684,32.058692481201135,1.9679553508758545,3.0136055946350098
87,chairs,ABL-ET2X-R-PreviousRawEdge-CatmullRomRGB-Fixed080,3.416275978088379,30.627626080313732,1.4647117853164673,1.757244348526001
87,chairs,ABL-ET2X-R-PreviousRawEdge-CatmullRomRGB-Fixed080-Recovered5Fetch,3.4159343242645264,30.630514736111042,1.4634010791778564,1.7562910318374634
87,thin-chair,O-T2X-R,4.269383430480957,29.980055277467386,2.838613748550415,4.397381782531738
87,thin-chair,ABL-ET2X-R-PreviousRawEdge-CatmullRomRGB-Fixed080,5.159268379211426,28.350943783816753,1.9577813148498535,2.287281036376953
87,thin-chair,ABL-ET2X-R-PreviousRawEdge-CatmullRomRGB-Fixed080-Recovered5Fetch,5.157374382019043,28.355112923281723,1.955488681793213,2.2862637042999268
87,windows,O-T2X-R,5.597477436065674,26.013351076527155,4.831753730773926,7.404350280761719
87,windows,ABL-ET2X-R-PreviousRawEdge-CatmullRomRGB-Fixed080,7.3209309577941895,23.544835884688005,3.8700592517852783,3.9195618629455566
87,windows,ABL-ET2X-R-PreviousRawEdge-CatmullRomRGB-Fixed080-Recovered5Fetch,7.345947265625,23.518640894958995,3.853580951690674,3.890620470046997
88,chairs,O-T2X-R,2.8906900882720947,32.06867347663559,2.1287670135498047,3.4820594787597656
88,chairs,ABL-ET2X-R-PreviousRawEdge-CatmullRomRGB-Fixed080,3.42724609375,30.703393878267722,1.5192701816558838,1.791770339012146
88,chairs,ABL-ET2X-R-PreviousRawEdge-CatmullRomRGB-Fixed080-Recovered5Fetch,3.427506446838379,30.70469512096789,1.5178340673446655,1.7913646697998047
88,thin-chair,O-T2X-R,4.324248313903809,29.86634911856028,2.961026191711426,4.935452461242676
88,thin-chair,ABL-ET2X-R-PreviousRawEdge-CatmullRomRGB-Fixed080,5.188979625701904,28.39935834821581,2.026423454284668,2.379080057144165
88,thin-chair,ABL-ET2X-R-PreviousRawEdge-CatmullRomRGB-Fixed080-Recovered5Fetch,5.188299179077148,28.402155090148995,2.0251314640045166,2.3789122104644775
88,windows,O-T2X-R,5.7154622077941895,25.079731036975375,3.803593397140503,6.213284492492676
88,windows,ABL-ET2X-R-PreviousRawEdge-CatmullRomRGB-Fixed080,7.030419826507568,23.934924929911077,3.941545009613037,4.31085729598999
88,windows,ABL-ET2X-R-PreviousRawEdge-CatmullRomRGB-Fixed080-Recovered5Fetch,7.053548336029053,23.914095184344035,3.91691517829895,4.280301570892334
89,chairs,O-T2X-R,2.8714356422424316,32.1487622150381,2.0066261291503906,3.1130900382995605
89,chairs,ABL-ET2X-R-PreviousRawEdge-CatmullRomRGB-Fixed080,3.3409180641174316,30.886434146896615,1.4543155431747437,1.777844786643982
89,chairs,ABL-ET2X-R-PreviousRawEdge-CatmullRomRGB-Fixed080-Recovered5Fetch,3.3400065898895264,30.89004060296395,1.4522548913955688,1.7763450145721436
89,thin-chair,O-T2X-R,4.306551933288574,29.896853024023255,2.8457694053649902,4.519471645355225
89,thin-chair,ABL-ET2X-R-PreviousRawEdge-CatmullRomRGB-Fixed080,5.087446689605713,28.563061101704697,1.9239064455032349,2.329878091812134
89,thin-chair,ABL-ET2X-R-PreviousRawEdge-CatmullRomRGB-Fixed080-Recovered5Fetch,5.083954811096191,28.568015758085803,1.9212292432785034,2.3274972438812256
89,windows,O-T2X-R,5.528629779815674,26.05856934894411,5.075231075286865,7.722413539886475
89,windows,ABL-ET2X-R-PreviousRawEdge-CatmullRomRGB-Fixed080,7.268489360809326,23.367591239450274,3.5002193450927734,3.8157668113708496
89,windows,ABL-ET2X-R-PreviousRawEdge-CatmullRomRGB-Fixed080-Recovered5Fetch,7.282633304595947,23.353664114602005,3.4873688220977783,3.775076389312744
90,chairs,O-T2X-R,2.9175455570220947,31.990459608669973,2.1021926403045654,3.5255203247070312
90,chairs,ABL-ET2X-R-PreviousRawEdge-CatmullRomRGB-Fixed080,3.351806640625,30.916735398670898,1.5143266916275024,1.7568931579589844
90,chairs,ABL-ET2X-R-PreviousRawEdge-CatmullRomRGB-Fixed080-Recovered5Fetch,3.350569725036621,30.920748501267845,1.513843059539795,1.7564127445220947
90,thin-chair,O-T2X-R,4.376302242279053,29.73960903710823,2.914872884750366,4.940425395965576
90,thin-chair,ABL-ET2X-R-PreviousRawEdge-CatmullRomRGB-Fixed080,5.080936431884766,28.60044906828653,1.9813694953918457,2.24713134765625
90,thin-chair,ABL-ET2X-R-PreviousRawEdge-CatmullRomRGB-Fixed080-Recovered5Fetch,5.076704502105713,28.606159245879383,1.9805710315704346,2.245760202407837
90,windows,O-T2X-R,5.878011226654053,24.9894802044652,3.778479814529419,6.352975845336914
90,windows,ABL-ET2X-R-PreviousRawEdge-CatmullRomRGB-Fixed080,7.683772563934326,23.039144413958756,3.551165819168091,3.7396247386932373
90,windows,ABL-ET2X-R-PreviousRawEdge-CatmullRomRGB-Fixed080-Recovered5Fetch,7.703417778015137,23.018696215392097,3.5234463214874268,3.714270830154419
91,chairs,O-T2X-R,2.8571126461029053,32.11229122733815,2.014824151992798,3.0533432960510254
91,chairs,ABL-ET2X-R-PreviousRawEdge-CatmullRomRGB-Fixed080,3.341097116470337,30.962652914122913,1.499738097190857,1.7724651098251343
91,chairs,ABL-ET2X-R-PreviousRawEdge-CatmullRomRGB-Fixed080-Recovered5Fetch,3.3406901359558105,30.965420409728463,1.4969943761825562,1.7707446813583374
91,thin-chair,O-T2X-R,4.321792125701904,29.774194417252442,2.831885814666748,4.403886795043945
91,thin-chair,ABL-ET2X-R-PreviousRawEdge-CatmullRomRGB-Fixed080,5.0690693855285645,28.652695458978034,2.0116899013519287,2.3240950107574463
91,thin-chair,ABL-ET2X-R-PreviousRawEdge-CatmullRomRGB-Fixed080-Recovered5Fetch,5.06661319732666,28.65775200129862,2.0081961154937744,2.3219106197357178
91,windows,O-T2X-R,5.383740425109863,26.42962488933162,5.352092742919922,7.853838920593262
91,windows,ABL-ET2X-R-PreviousRawEdge-CatmullRomRGB-Fixed080,7.200407028198242,23.58504655899218,3.7317752838134766,3.7537124156951904
91,windows,ABL-ET2X-R-PreviousRawEdge-CatmullRomRGB-Fixed080-Recovered5Fetch,7.226871967315674,23.55997787339497,3.710566997528076,3.7200443744659424
92,chairs,O-T2X-R,2.8848633766174316,32.071327679360834,2.106915235519409,3.5123894214630127
92,chairs,ABL-ET2X-R-PreviousRawEdge-CatmullRomRGB-Fixed080,3.3378255367279053,30.916572723984686,1.4635734558105469,1.7336742877960205
92,chairs,ABL-ET2X-R-PreviousRawEdge-CatmullRomRGB-Fixed080-Recovered5Fetch,3.3362629413604736,30.921142519110717,1.4622058868408203,1.7303575277328491
92,thin-chair,O-T2X-R,4.350911617279053,29.791118155548602,2.9745702743530273,5.02010440826416
92,thin-chair,ABL-ET2X-R-PreviousRawEdge-CatmullRomRGB-Fixed080,5.0842509269714355,28.566694232230816,1.9611912965774536,2.2561659812927246
92,thin-chair,ABL-ET2X-R-PreviousRawEdge-CatmullRomRGB-Fixed080-Recovered5Fetch,5.080906867980957,28.572291947192433,1.9595179557800293,2.2516303062438965
92,windows,O-T2X-R,5.405029296875,26.182566805397247,3.788774013519287,6.4847002029418945
92,windows,ABL-ET2X-R-PreviousRawEdge-CatmullRomRGB-Fixed080,7.322835445404053,23.689725910033594,3.6172993183135986,3.6930289268493652
92,windows,ABL-ET2X-R-PreviousRawEdge-CatmullRomRGB-Fixed080-Recovered5Fetch,7.350439548492432,23.662230540255763,3.5988235473632812,3.6588141918182373
93,chairs,O-T2X-R,2.895068407058716,32.04088513465039,1.973862886428833,3.0932586193084717
93,chairs,ABL-ET2X-R-PreviousRawEdge-CatmullRomRGB-Fixed080,3.348111867904663,30.86980889231669,1.4840023517608643,1.7207227945327759
93,chairs,ABL-ET2X-R-PreviousRawEdge-CatmullRomRGB-Fixed080-Recovered5Fetch,3.346712350845337,30.876318804010893,1.4833691120147705,1.7198623418807983
93,thin-chair,O-T2X-R,4.321792125701904,29.83895788760984,2.82816481590271,4.508631706237793
93,thin-chair,ABL-ET2X-R-PreviousRawEdge-CatmullRomRGB-Fixed080,5.107333183288574,28.520115357504764,1.957150936126709,2.2432687282562256
93,thin-chair,ABL-ET2X-R-PreviousRawEdge-CatmullRomRGB-Fixed080-Recovered5Fetch,5.103456497192383,28.52776795438592,1.955939769744873,2.24125337600708
93,windows,O-T2X-R,5.443749904632568,26.31784745677948,5.477257251739502,8.102320671081543
93,windows,ABL-ET2X-R-PreviousRawEdge-CatmullRomRGB-Fixed080,7.236230373382568,23.649625038093856,3.677506685256958,3.7572994232177734
93,windows,ABL-ET2X-R-PreviousRawEdge-CatmullRomRGB-Fixed080-Recovered5Fetch,7.263639450073242,23.62327766116818,3.662764310836792,3.733849287033081
94,chairs,O-T2X-R,2.8969075679779053,32.00856142914571,2.074963331222534,3.451810359954834
94,chairs,ABL-ET2X-R-PreviousRawEdge-CatmullRomRGB-Fixed080,3.3605306148529053,30.863553960100333,1.466462254524231,1.7180856466293335
94,chairs,ABL-ET2X-R-PreviousRawEdge-CatmullRomRGB-Fixed080-Recovered5Fetch,3.359130859375,30.87104016137988,1.4641435146331787,1.7162948846817017
94,thin-chair,O-T2X-R,4.297940254211426,29.84698348216012,2.9534943103790283,4.9737348556518555
94,thin-chair,ABL-ET2X-R-PreviousRawEdge-CatmullRomRGB-Fixed080,5.079012870788574,28.542935562693877,1.9558972120285034,2.2627716064453125
94,thin-chair,ABL-ET2X-R-PreviousRawEdge-CatmullRomRGB-Fixed080-Recovered5Fetch,5.0746331214904785,28.552110542105606,1.9531513452529907,2.2607712745666504
94,windows,O-T2X-R,5.084505081176758,26.957149848483255,4.13031005859375,6.567282199859619
94,windows,ABL-ET2X-R-PreviousRawEdge-CatmullRomRGB-Fixed080,6.980045795440674,24.067439180988398,3.7058517932891846,3.867250442504883
94,windows,ABL-ET2X-R-PreviousRawEdge-CatmullRomRGB-Fixed080-Recovered5Fetch,7.006689548492432,24.03752735989393,3.687596559524536,3.8397293090820312
95,chairs,O-T2X-R,2.847412109375,32.16477351484799,2.058955669403076,3.114497423171997
95,chairs,ABL-ET2X-R-PreviousRawEdge-CatmullRomRGB-Fixed080,3.350862741470337,30.929799138152436,1.485703468322754,1.738477349281311
95,chairs,ABL-ET2X-R-PreviousRawEdge-CatmullRomRGB-Fixed080-Recovered5Fetch,3.3501789569854736,30.93703346258564,1.4832782745361328,1.7376152276992798
95,thin-chair,O-T2X-R,4.270863056182861,29.929773221345755,2.9269912242889404,4.536620616912842
95,thin-chair,ABL-ET2X-R-PreviousRawEdge-CatmullRomRGB-Fixed080,5.077059745788574,28.6056258500572,2.0171051025390625,2.292123317718506
95,thin-chair,ABL-ET2X-R-PreviousRawEdge-CatmullRomRGB-Fixed080-Recovered5Fetch,5.073863506317139,28.614141759857365,2.0125844478607178,2.2899010181427
95,windows,O-T2X-R,5.809732913970947,25.816783037934755,5.0890350341796875,7.938195705413818
95,windows,ABL-ET2X-R-PreviousRawEdge-CatmullRomRGB-Fixed080,7.337255954742432,23.517933847317106,3.476004123687744,3.6140923500061035
95,windows,ABL-ET2X-R-PreviousRawEdge-CatmullRomRGB-Fixed080-Recovered5Fetch,7.3671875,23.48890974632708,3.452169418334961,3.577807664871216
96,chairs,O-T2X-R,2.9240071773529053,31.91105126778193,2.0517325401306152,3.501850128173828
96,chairs,ABL-ET2X-R-PreviousRawEdge-CatmullRomRGB-Fixed080,3.4149413108825684,30.800935080653492,1.510118007659912,1.7624614238739014
96,chairs,ABL-ET2X-R-PreviousRawEdge-CatmullRomRGB-Fixed080-Recovered5Fetch,3.414501905441284,30.80535959333651,1.5086698532104492,1.7603609561920166
96,thin-chair,O-T2X-R,4.415335178375244,29.61994903575151,2.8439712524414062,4.943845748901367
96,thin-chair,ABL-ET2X-R-PreviousRawEdge-CatmullRomRGB-Fixed080,5.164358615875244,28.491936468764912,2.0040037631988525,2.3337953090667725
96,thin-chair,ABL-ET2X-R-PreviousRawEdge-CatmullRomRGB-Fixed080-Recovered5Fetch,5.162079811096191,28.497178298136742,2.0023789405822754,2.3298346996307373
96,windows,O-T2X-R,5.50830078125,25.68128735949884,3.857020616531372,6.565695285797119
96,windows,ABL-ET2X-R-PreviousRawEdge-CatmullRomRGB-Fixed080,7.102783203125,24.005112345238135,3.8232529163360596,3.916332721710205
96,windows,ABL-ET2X-R-PreviousRawEdge-CatmullRomRGB-Fixed080-Recovered5Fetch,7.129834175109863,23.977345930932294,3.8063113689422607,3.878710985183716
97,chairs,O-T2X-R,2.8919270038604736,32.045292489745975,2.0466628074645996,3.110907793045044
97,chairs,ABL-ET2X-R-PreviousRawEdge-CatmullRomRGB-Fixed080,3.374544382095337,30.886332908002746,1.499434471130371,1.7890844345092773
97,chairs,ABL-ET2X-R-PreviousRawEdge-CatmullRomRGB-Fixed080-Recovered5Fetch,3.3740885257720947,30.89352987028186,1.4974775314331055,1.7874515056610107
97,thin-chair,O-T2X-R,4.376331806182861,29.725338549508038,2.870231866836548,4.500727653503418
97,thin-chair,ABL-ET2X-R-PreviousRawEdge-CatmullRomRGB-Fixed080,5.085760116577148,28.582387963745898,1.976280689239502,2.336895227432251
97,thin-chair,ABL-ET2X-R-PreviousRawEdge-CatmullRomRGB-Fixed080-Recovered5Fetch,5.083984375,28.589852492832467,1.9735989570617676,2.3347814083099365
97,windows,O-T2X-R,5.764176368713379,25.820068249651747,5.260288715362549,7.829362392425537
97,windows,ABL-ET2X-R-PreviousRawEdge-CatmullRomRGB-Fixed080,7.214859962463379,23.667379082146503,3.8345019817352295,3.7822349071502686
97,windows,ABL-ET2X-R-PreviousRawEdge-CatmullRomRGB-Fixed080-Recovered5Fetch,7.242887496948242,23.636931693168496,3.823626756668091,3.7542388439178467
98,chairs,O-T2X-R,2.9591634273529053,31.89902945726702,2.1798393726348877,3.5642027854919434
98,chairs,ABL-ET2X-R-PreviousRawEdge-CatmullRomRGB-Fixed080,3.340559959411621,30.999933432186864,1.5278571844100952,1.7873207330703735
98,chairs,ABL-ET2X-R-PreviousRawEdge-CatmullRomRGB-Fixed080-Recovered5Fetch,3.3402018547058105,31.00641663875856,1.5257765054702759,1.785710096359253
98,thin-chair,O-T2X-R,4.455433368682861,29.628974922592455,3.124241828918457,5.106662273406982
98,thin-chair,ABL-ET2X-R-PreviousRawEdge-CatmullRomRGB-Fixed080,5.062263488769531,28.68162119291412,2.0241363048553467,2.354018211364746
98,thin-chair,ABL-ET2X-R-PreviousRawEdge-CatmullRomRGB-Fixed080-Recovered5Fetch,5.060635566711426,28.688587353702644,2.02101731300354,2.3522095680236816
98,windows,O-T2X-R,5.553499221801758,25.94993274036168,4.006038188934326,6.5875678062438965
98,windows,ABL-ET2X-R-PreviousRawEdge-CatmullRomRGB-Fixed080,7.427815914154053,23.637586792368875,3.6113860607147217,3.959723949432373
98,windows,ABL-ET2X-R-PreviousRawEdge-CatmullRomRGB-Fixed080-Recovered5Fetch,7.461360454559326,23.60429040323333,3.58984375,3.934558153152466
99,chairs,O-T2X-R,2.94921875,31.979179845958676,1.9810593128204346,3.165560245513916
99,chairs,ABL-ET2X-R-PreviousRawEdge-CatmullRomRGB-Fixed080,3.356250047683716,31.00135969034316,1.503838300704956,1.787476897239685
99,chairs,ABL-ET2X-R-PreviousRawEdge-CatmullRomRGB-Fixed080-Recovered5Fetch,3.3558757305145264,31.006218127911804,1.5014396905899048,1.7850244045257568
99,thin-chair,O-T2X-R,4.413411617279053,29.770889301161716,2.809429168701172,4.613223075866699
99,thin-chair,ABL-ET2X-R-PreviousRawEdge-CatmullRomRGB-Fixed080,5.0962653160095215,28.691113440547234,1.9443602561950684,2.306415319442749
99,thin-chair,ABL-ET2X-R-PreviousRawEdge-CatmullRomRGB-Fixed080-Recovered5Fetch,5.094549179077148,28.697217837250303,1.941191554069519,2.3038442134857178
99,windows,O-T2X-R,5.6693196296691895,26.00480138995422,5.391448020935059,8.047536849975586
99,windows,ABL-ET2X-R-PreviousRawEdge-CatmullRomRGB-Fixed080,7.425943851470947,23.6347603527738,3.9198474884033203,3.80700421333313
99,windows,ABL-ET2X-R-PreviousRawEdge-CatmullRomRGB-Fixed080-Recovered5Fetch,7.4498209953308105,23.61311300572654,3.8999581336975098,3.7776131629943848
100,chairs,O-T2X-R,2.98095703125,31.873285879521607,2.1006879806518555,3.4826436042785645
100,chairs,ABL-ET2X-R-PreviousRawEdge-CatmullRomRGB-Fixed080,3.3889811038970947,30.939003090466702,1.4863231182098389,1.7414554357528687
100,chairs,ABL-ET2X-R-PreviousRawEdge-CatmullRomRGB-Fixed080-Recovered5Fetch,3.3890137672424316,30.94355856821356,1.4842276573181152,1.73916494846344
100,thin-chair,O-T2X-R,4.459872245788574,29.691582290717676,2.9133875370025635,4.893126964569092
100,thin-chair,ABL-ET2X-R-PreviousRawEdge-CatmullRomRGB-Fixed080,5.129705429077148,28.646449182550093,1.9288798570632935,2.222482442855835
100,thin-chair,ABL-ET2X-R-PreviousRawEdge-CatmullRomRGB-Fixed080-Recovered5Fetch,5.12772274017334,28.65193888610009,1.9265403747558594,2.220172643661499
100,windows,O-T2X-R,5.677083492279053,25.637085837426966,4.174475193023682,6.425185203552246
100,windows,ABL-ET2X-R-PreviousRawEdge-CatmullRomRGB-Fixed080,7.610595703125,23.52739481101164,3.8907370567321777,4.154690742492676
100,windows,ABL-ET2X-R-PreviousRawEdge-CatmullRomRGB-Fixed080-Recovered5Fetch,7.642122268676758,23.49288721490755,3.8694233894348145,4.1155829429626465
101,chairs,O-T2X-R,2.896988868713379,32.071662237140266,2.0590806007385254,3.1653733253479004
101,chairs,ABL-ET2X-R-PreviousRawEdge-CatmullRomRGB-Fixed080,3.4197754859924316,30.84775322683032,1.4850919246673584,1.7484800815582275
101,chairs,ABL-ET2X-R-PreviousRawEdge-CatmullRomRGB-Fixed080-Recovered5Fetch,3.419677734375,30.85175110842239,1.4838221073150635,1.747266411781311
101,thin-chair,O-T2X-R,4.386541366577148,29.761360383988325,2.87104868888855,4.482313632965088
101,thin-chair,ABL-ET2X-R-PreviousRawEdge-CatmullRomRGB-Fixed080,5.21132230758667,28.510317307698195,1.9297760725021362,2.2440011501312256
101,thin-chair,ABL-ET2X-R-PreviousRawEdge-CatmullRomRGB-Fixed080-Recovered5Fetch,5.208954811096191,28.515650170240285,1.927242636680603,2.2428765296936035
101,windows,O-T2X-R,5.6695637702941895,26.22924458319172,5.704518795013428,8.419160842895508
101,windows,ABL-ET2X-R-PreviousRawEdge-CatmullRomRGB-Fixed080,7.293733596801758,23.784566429483057,4.138969421386719,4.236372947692871
101,windows,ABL-ET2X-R-PreviousRawEdge-CatmullRomRGB-Fixed080-Recovered5Fetch,7.332503318786621,23.749052610883126,4.11340856552124,4.205634117126465
102,chairs,O-T2X-R,2.930371046066284,31.97467605083864,2.118213176727295,3.606362819671631
102,chairs,ABL-ET2X-R-PreviousRawEdge-CatmullRomRGB-Fixed080,3.4105143547058105,30.813811916048422,1.4823180437088013,1.748199462890625
102,chairs,ABL-ET2X-R-PreviousRawEdge-CatmullRomRGB-Fixed080-Recovered5Fetch,3.4102702140808105,30.818078857909743,1.4813506603240967,1.7467256784439087
102,thin-chair,O-T2X-R,4.407403945922852,29.711656440020306,2.990384817123413,5.079742908477783
102,thin-chair,ABL-ET2X-R-PreviousRawEdge-CatmullRomRGB-Fixed080,5.207652568817139,28.469993482619294,1.9186370372772217,2.2428290843963623
102,thin-chair,ABL-ET2X-R-PreviousRawEdge-CatmullRomRGB-Fixed080-Recovered5Fetch,5.2056403160095215,28.475666586230343,1.9177016019821167,2.2413330078125
102,windows,O-T2X-R,5.653515815734863,25.81754001549909,4.290677070617676,6.654088497161865
102,windows,ABL-ET2X-R-PreviousRawEdge-CatmullRomRGB-Fixed080,7.3828125,23.589175510263395,3.899540662765503,3.9487037658691406
102,windows,ABL-ET2X-R-PreviousRawEdge-CatmullRomRGB-Fixed080-Recovered5Fetch,7.416487693786621,23.559778476173136,3.8899734020233154,3.904146909713745
103,chairs,O-T2X-R,2.957568407058716,31.801924084687002,1.9413009881973267,3.0899429321289062
103,chairs,ABL-ET2X-R-PreviousRawEdge-CatmullRomRGB-Fixed080,3.4071125984191895,30.802620486490273,1.5170433521270752,1.7270551919937134
103,chairs,ABL-ET2X-R-PreviousRawEdge-CatmullRomRGB-Fixed080-Recovered5Fetch,3.405224561691284,30.80907489445937,1.5153968334197998,1.7249271869659424
103,thin-chair,O-T2X-R,4.4261956214904785,29.553717719031418,2.676841974258423,4.465908527374268
103,thin-chair,ABL-ET2X-R-PreviousRawEdge-CatmullRomRGB-Fixed080,5.188387870788574,28.461532202312057,1.9511668682098389,2.2248947620391846
103,thin-chair,ABL-ET2X-R-PreviousRawEdge-CatmullRomRGB-Fixed080-Recovered5Fetch,5.18418550491333,28.469133395334257,1.9486867189407349,2.222181558609009
103,windows,O-T2X-R,6.064143657684326,25.58178047084251,5.7969536781311035,8.636439323425293
103,windows,ABL-ET2X-R-PreviousRawEdge-CatmullRomRGB-Fixed080,7.7642741203308105,23.133623262877954,3.9203643798828125,4.012325286865234
103,windows,ABL-ET2X-R-PreviousRawEdge-CatmullRomRGB-Fixed080-Recovered5Fetch,7.804785251617432,23.098564629956172,3.8991997241973877,3.9914214611053467
104,chairs,O-T2X-R,2.943863868713379,31.938241146051247,2.08449125289917,3.420876979827881
104,chairs,ABL-ET2X-R-PreviousRawEdge-CatmullRomRGB-Fixed080,3.3826334476470947,30.87524030914549,1.507261872291565,1.772208571434021
104,chairs,ABL-ET2X-R-PreviousRawEdge-CatmullRomRGB-Fixed080-Recovered5Fetch,3.3822102546691895,30.878821569723257,1.5058757066726685,1.7721401453018188
104,thin-chair,O-T2X-R,4.4055399894714355,29.68369498969864,2.965545415878296,4.844025135040283
104,thin-chair,ABL-ET2X-R-PreviousRawEdge-CatmullRomRGB-Fixed080,5.153823375701904,28.53221436963966,1.9716606140136719,2.2623302936553955
104,thin-chair,ABL-ET2X-R-PreviousRawEdge-CatmullRomRGB-Fixed080-Recovered5Fetch,5.151337623596191,28.537100102532307,1.9694796800613403,2.262071132659912
104,windows,O-T2X-R,6.156900882720947,25.081729191061196,4.420777320861816,7.093523979187012
104,windows,ABL-ET2X-R-PreviousRawEdge-CatmullRomRGB-Fixed080,7.979508399963379,22.981276093477476,3.8786208629608154,4.0981597900390625
104,windows,ABL-ET2X-R-PreviousRawEdge-CatmullRomRGB-Fixed080-Recovered5Fetch,8.007096290588379,22.95528251943226,3.8555569648742676,4.063648700714111
105,chairs,O-T2X-R,2.910937547683716,32.17561879256863,1.9584591388702393,3.07132887840271
105,chairs,ABL-ET2X-R-PreviousRawEdge-CatmullRomRGB-Fixed080,3.3965821266174316,30.841854687210663,1.4671694040298462,1.7440528869628906
105,chairs,ABL-ET2X-R-PreviousRawEdge-CatmullRomRGB-Fixed080-Recovered5Fetch,3.3963866233825684,30.845258082089195,1.4656388759613037,1.742626428604126
105,thin-chair,O-T2X-R,4.3482184410095215,29.95754782522665,2.796412467956543,4.49500846862793
105,thin-chair,ABL-ET2X-R-PreviousRawEdge-CatmullRomRGB-Fixed080,5.175544738769531,28.499381184623154,1.906365156173706,2.2538321018218994
105,thin-chair,ABL-ET2X-R-PreviousRawEdge-CatmullRomRGB-Fixed080-Recovered5Fetch,5.173709869384766,28.503888520565717,1.9047926664352417,2.2531538009643555
105,windows,O-T2X-R,6.048990726470947,25.758273254646326,6.0541672706604,9.007794380187988
105,windows,ABL-ET2X-R-PreviousRawEdge-CatmullRomRGB-Fixed080,8.260514259338379,22.721899750134675,3.90685772895813,3.8016650676727295
105,windows,ABL-ET2X-R-PreviousRawEdge-CatmullRomRGB-Fixed080-Recovered5Fetch,8.294808387756348,22.6942693600431,3.8814728260040283,3.755396604537964
106,chairs,O-T2X-R,2.9413249492645264,32.00745500363774,2.1139326095581055,3.4563450813293457
106,chairs,ABL-ET2X-R-PreviousRawEdge-CatmullRomRGB-Fixed080,3.4224283695220947,30.724943752405323,1.4824966192245483,1.6890547275543213
106,chairs,ABL-ET2X-R-PreviousRawEdge-CatmullRomRGB-Fixed080-Recovered5Fetch,3.422379493713379,30.72781805536186,1.4810036420822144,1.688854455947876
106,thin-chair,O-T2X-R,4.3620381355285645,29.839773039721468,2.9231293201446533,4.909679889678955
106,thin-chair,ABL-ET2X-R-PreviousRawEdge-CatmullRomRGB-Fixed080,5.20975399017334,28.375764698911038,1.9120049476623535,2.1750786304473877
106,thin-chair,ABL-ET2X-R-PreviousRawEdge-CatmullRomRGB-Fixed080-Recovered5Fetch,5.20859956741333,28.37901987739962,1.9094561338424683,2.1748459339141846
106,windows,O-T2X-R,5.9625163078308105,25.592898901120034,4.284306526184082,7.200392246246338
106,windows,ABL-ET2X-R-PreviousRawEdge-CatmullRomRGB-Fixed080,8.200732231140137,23.069820869706383,4.269124984741211,4.174455642700195
106,windows,ABL-ET2X-R-PreviousRawEdge-CatmullRomRGB-Fixed080-Recovered5Fetch,8.231038093566895,23.042803522615372,4.245674133300781,4.134147644042969
107,chairs,O-T2X-R,2.8532063961029053,32.35280304747245,2.0297021865844727,3.165437698364258
107,chairs,ABL-ET2X-R-PreviousRawEdge-CatmullRomRGB-Fixed080,3.395719289779663,30.771332244158806,1.448828101158142,1.6828635931015015
107,chairs,ABL-ET2X-R-PreviousRawEdge-CatmullRomRGB-Fixed080-Recovered5Fetch,3.394986867904663,30.775370921558256,1.446938157081604,1.682152509689331
107,thin-chair,O-T2X-R,4.333836555480957,30.029632734059163,2.7569239139556885,4.463490009307861
107,thin-chair,ABL-ET2X-R-PreviousRawEdge-CatmullRomRGB-Fixed080,5.1822028160095215,28.413434362706802,1.9099704027175903,2.1683740615844727
107,thin-chair,ABL-ET2X-R-PreviousRawEdge-CatmullRomRGB-Fixed080-Recovered5Fetch,5.180013179779053,28.418226795921065,1.9072728157043457,2.1677563190460205
107,windows,O-T2X-R,6.185709476470947,25.257420373020686,5.80545711517334,8.577940940856934
107,windows,ABL-ET2X-R-PreviousRawEdge-CatmullRomRGB-Fixed080,7.986360549926758,23.01362885275089,4.43203067779541,4.50924825668335
107,windows,ABL-ET2X-R-PreviousRawEdge-CatmullRomRGB-Fixed080-Recovered5Fetch,8.017398834228516,22.982620674371592,4.407618045806885,4.4616169929504395
108,chairs,O-T2X-R,2.9110515117645264,32.186714629878196,2.0846590995788574,3.530036211013794
108,chairs,ABL-ET2X-R-PreviousRawEdge-CatmullRomRGB-Fixed080,3.4219400882720947,30.697505261217522,1.5214983224868774,1.7131048440933228
108,chairs,ABL-ET2X-R-PreviousRawEdge-CatmullRomRGB-Fixed080-Recovered5Fetch,3.421435594558716,30.70269203423425,1.5190150737762451,1.7099344730377197
108,thin-chair,O-T2X-R,4.402698993682861,29.892051860026633,2.9083850383758545,4.883550643920898
108,thin-chair,ABL-ET2X-R-PreviousRawEdge-CatmullRomRGB-Fixed080,5.23848819732666,28.317610828064485,2.000714063644409,2.231318950653076
108,thin-chair,ABL-ET2X-R-PreviousRawEdge-CatmullRomRGB-Fixed080-Recovered5Fetch,5.237156867980957,28.322641103344264,1.997365117073059,2.227827310562134
108,windows,O-T2X-R,6.380045413970947,24.674500108280554,4.306578636169434,6.993507385253906
108,windows,ABL-ET2X-R-PreviousRawEdge-CatmullRomRGB-Fixed080,8.402523040771484,22.73793136569351,4.127942085266113,4.633479595184326
108,windows,ABL-ET2X-R-PreviousRawEdge-CatmullRomRGB-Fixed080-Recovered5Fetch,8.433202743530273,22.708722161719358,4.106573581695557,4.5954694747924805
109,chairs,O-T2X-R,2.9186360836029053,32.07980054057782,1.9899957180023193,3.120398998260498
109,chairs,ABL-ET2X-R-PreviousRawEdge-CatmullRomRGB-Fixed080,3.471940040588379,30.587850311876842,1.4811464548110962,1.7418851852416992
109,chairs,ABL-ET2X-R-PreviousRawEdge-CatmullRomRGB-Fixed080-Recovered5Fetch,3.4716796875,30.592318374657058,1.4794164896011353,1.7405973672866821
109,thin-chair,O-T2X-R,4.39432430267334,29.814668922692583,2.8150410652160645,4.503213405609131
109,thin-chair,ABL-ET2X-R-PreviousRawEdge-CatmullRomRGB-Fixed080,5.26893949508667,28.241532687486234,1.9237580299377441,2.2741951942443848
109,thin-chair,ABL-ET2X-R-PreviousRawEdge-CatmullRomRGB-Fixed080-Recovered5Fetch,5.266719818115234,28.246810754532127,1.9212660789489746,2.2720606327056885
109,windows,O-T2X-R,5.912923336029053,25.892792028510982,6.209176540374756,9.090843200683594
109,windows,ABL-ET2X-R-PreviousRawEdge-CatmullRomRGB-Fixed080,8.001432418823242,23.44883760138545,4.5846686363220215,4.583504676818848
109,windows,ABL-ET2X-R-PreviousRawEdge-CatmullRomRGB-Fixed080-Recovered5Fetch,8.034391403198242,23.42036778216515,4.563604354858398,4.549185752868652
110,chairs,O-T2X-R,3.01416015625,31.837902629733197,2.1229958534240723,3.479177951812744
110,chairs,ABL-ET2X-R-PreviousRawEdge-CatmullRomRGB-Fixed080,3.5184245109558105,30.464937253184978,1.5342004299163818,1.7782102823257446
110,chairs,ABL-ET2X-R-PreviousRawEdge-CatmullRomRGB-Fixed080-Recovered5Fetch,3.5191407203674316,30.46766547030741,1.5317127704620361,1.775249719619751
110,thin-chair,O-T2X-R,4.46407413482666,29.668447583758887,3.0253326892852783,5.011941909790039
110,thin-chair,ABL-ET2X-R-PreviousRawEdge-CatmullRomRGB-Fixed080,5.364613056182861,28.11334595884302,1.9848518371582031,2.29449462890625
110,thin-chair,ABL-ET2X-R-PreviousRawEdge-CatmullRomRGB-Fixed080-Recovered5Fetch,5.36348819732666,28.117620716396456,1.982725977897644,2.291349411010742
110,windows,O-T2X-R,5.685856342315674,25.88567143574646,4.715391635894775,7.120497226715088
110,windows,ABL-ET2X-R-PreviousRawEdge-CatmullRomRGB-Fixed080,7.9390788078308105,23.08743673067965,4.223449230194092,4.433011531829834
110,windows,ABL-ET2X-R-PreviousRawEdge-CatmullRomRGB-Fixed080-Recovered5Fetch,7.970036029815674,23.059297257600026,4.212138652801514,4.4035820960998535
111,chairs,O-T2X-R,2.956998586654663,32.155711921213815,2.076403856277466,3.228497266769409
111,chairs,ABL-ET2X-R-PreviousRawEdge-CatmullRomRGB-Fixed080,3.511702537536621,30.373124533481214,1.5264520645141602,1.841705083847046
111,chairs,ABL-ET2X-R-PreviousRawEdge-CatmullRomRGB-Fixed080-Recovered5Fetch,3.51171875,30.37641299373317,1.5237889289855957,1.8384106159210205
111,thin-chair,O-T2X-R,4.414210319519043,29.98411394866414,2.927788734436035,4.656911849975586
111,thin-chair,ABL-ET2X-R-PreviousRawEdge-CatmullRomRGB-Fixed080,5.379557132720947,28.004827645819816,2.0028297901153564,2.3520619869232178
111,thin-chair,ABL-ET2X-R-PreviousRawEdge-CatmullRomRGB-Fixed080-Recovered5Fetch,5.377959251403809,28.008739772527278,1.9993244409561157,2.348149538040161
111,windows,O-T2X-R,6.108479976654053,25.73413411738977,6.455052375793457,9.39731502532959
111,windows,ABL-ET2X-R-PreviousRawEdge-CatmullRomRGB-Fixed080,8.686327934265137,22.330661428244074,4.0027031898498535,4.356758117675781
111,windows,ABL-ET2X-R-PreviousRawEdge-CatmullRomRGB-Fixed080-Recovered5Fetch,8.717073440551758,22.300475829563137,3.985513210296631,4.326330661773682
112,chairs,O-T2X-R,2.947558641433716,32.00105177017144,2.136467456817627,3.614983320236206
112,chairs,ABL-ET2X-R-PreviousRawEdge-CatmullRomRGB-Fixed080,3.5765299797058105,30.164177338888862,1.5459015369415283,1.7881577014923096
112,chairs,ABL-ET2X-R-PreviousRawEdge-CatmullRomRGB-Fixed080-Recovered5Fetch,3.5764973163604736,30.167273940420188,1.5449779033660889,1.7873256206512451
112,thin-chair,O-T2X-R,4.393406867980957,29.78093914034399,2.9785192012786865,5.112337112426758
112,thin-chair,ABL-ET2X-R-PreviousRawEdge-CatmullRomRGB-Fixed080,5.45291805267334,27.82477847375827,2.032815456390381,2.3463339805603027
112,thin-chair,ABL-ET2X-R-PreviousRawEdge-CatmullRomRGB-Fixed080-Recovered5Fetch,5.45058012008667,27.829676270996913,2.031151056289673,2.34547758102417
112,windows,O-T2X-R,5.871891498565674,25.937082322101507,4.497792720794678,7.9815216064453125
112,windows,ABL-ET2X-R-PreviousRawEdge-CatmullRomRGB-Fixed080,8.180631637573242,23.12466975059892,4.663006782531738,4.564522743225098
112,windows,ABL-ET2X-R-PreviousRawEdge-CatmullRomRGB-Fixed080-Recovered5Fetch,8.225390434265137,23.090569917059234,4.632978439331055,4.533369541168213
113,chairs,O-T2X-R,2.932421922683716,32.199273913621745,2.1107969284057617,3.2613120079040527
113,chairs,ABL-ET2X-R-PreviousRawEdge-CatmullRomRGB-Fixed080,3.6009602546691895,30.083593086216563,1.5664876699447632,1.8170318603515625
113,chairs,ABL-ET2X-R-PreviousRawEdge-CatmullRomRGB-Fixed080-Recovered5Fetch,3.5995280742645264,30.08722720027759,1.5643832683563232,1.815657377243042
113,thin-chair,O-T2X-R,4.425840377807617,29.883800240712514,2.8722763061523438,4.62495231628418
113,thin-chair,ABL-ET2X-R-PreviousRawEdge-CatmullRomRGB-Fixed080,5.496389865875244,27.729084514219338,2.021146297454834,2.391021490097046
113,thin-chair,ABL-ET2X-R-PreviousRawEdge-CatmullRomRGB-Fixed080-Recovered5Fetch,5.492808818817139,27.73415252017446,2.0195915699005127,2.3910131454467773
113,windows,O-T2X-R,5.939030170440674,26.014276210903965,5.674381732940674,8.92527961730957
113,windows,ABL-ET2X-R-PreviousRawEdge-CatmullRomRGB-Fixed080,7.610758304595947,23.58621096435158,4.495833873748779,4.688343048095703
113,windows,ABL-ET2X-R-PreviousRawEdge-CatmullRomRGB-Fixed080-Recovered5Fetch,7.642724514007568,23.55716865100147,4.483220100402832,4.643587589263916
114,chairs,O-T2X-R,2.956770896911621,31.837424569882916,2.1295089721679688,3.6544337272644043
114,chairs,ABL-ET2X-R-PreviousRawEdge-CatmullRomRGB-Fixed080,3.606250047683716,30.067905924861847,1.5085487365722656,1.8492006063461304
114,chairs,ABL-ET2X-R-PreviousRawEdge-CatmullRomRGB-Fixed080-Recovered5Fetch,3.6035807132720947,30.072152743866525,1.5059882402420044,1.846418023109436
114,thin-chair,O-T2X-R,4.496448993682861,29.51333953022301,2.9186644554138184,5.014052867889404
114,thin-chair,ABL-ET2X-R-PreviousRawEdge-CatmullRomRGB-Fixed080,5.524561882019043,27.685999527391726,1.9572705030441284,2.3262224197387695
114,thin-chair,ABL-ET2X-R-PreviousRawEdge-CatmullRomRGB-Fixed080-Recovered5Fetch,5.520803928375244,27.69044380431803,1.9538242816925049,2.322143793106079
114,windows,O-T2X-R,6.116145610809326,25.29522074303342,4.580772399902344,6.636567115783691
114,windows,ABL-ET2X-R-PreviousRawEdge-CatmullRomRGB-Fixed080,8.265933990478516,22.841094731513586,3.9380927085876465,4.416613578796387
114,windows,ABL-ET2X-R-PreviousRawEdge-CatmullRomRGB-Fixed080-Recovered5Fetch,8.294238090515137,22.80591640696294,3.919473171234131,4.389678478240967
115,chairs,O-T2X-R,2.989225149154663,31.975457343119515,2.018156051635742,3.182908296585083
115,chairs,ABL-ET2X-R-PreviousRawEdge-CatmullRomRGB-Fixed080,3.6514322757720947,30.02597983573436,1.5727167129516602,1.8072788715362549
115,chairs,ABL-ET2X-R-PreviousRawEdge-CatmullRomRGB-Fixed080-Recovered5Fetch,3.6495442390441895,30.030978152122273,1.5715758800506592,1.8058513402938843
115,thin-chair,O-T2X-R,4.513494491577148,29.66563946587884,2.897289991378784,4.594381332397461
115,thin-chair,ABL-ET2X-R-PreviousRawEdge-CatmullRomRGB-Fixed080,5.567027568817139,27.663213832538833,2.017735481262207,2.3209967613220215
115,thin-chair,ABL-ET2X-R-PreviousRawEdge-CatmullRomRGB-Fixed080-Recovered5Fetch,5.562381744384766,27.669848524439118,2.015939712524414,2.318197011947632
115,windows,O-T2X-R,5.601708889007568,26.569082971569774,6.152708530426025,9.237810134887695
115,windows,ABL-ET2X-R-PreviousRawEdge-CatmullRomRGB-Fixed080,8.080729484558105,23.217009674042085,4.543502330780029,4.522625923156738
115,windows,ABL-ET2X-R-PreviousRawEdge-CatmullRomRGB-Fixed080-Recovered5Fetch,8.126920700073242,23.17523574416692,4.518396854400635,4.493100643157959
116,chairs,O-T2X-R,3.0656087398529053,31.632606267019252,2.081333637237549,3.4757392406463623
116,chairs,ABL-ET2X-R-PreviousRawEdge-CatmullRomRGB-Fixed080,3.6460611820220947,30.094474619996575,1.5792946815490723,1.8489131927490234
116,chairs,ABL-ET2X-R-PreviousRawEdge-CatmullRomRGB-Fixed080-Recovered5Fetch,3.643798828125,30.100507961495957,1.576847791671753,1.8458226919174194
116,thin-chair,O-T2X-R,4.59451961517334,29.370270496064435,2.9532811641693115,5.042448043823242
116,thin-chair,ABL-ET2X-R-PreviousRawEdge-CatmullRomRGB-Fixed080,5.546075820922852,27.7506013611116,2.0249509811401367,2.392437219619751
116,thin-chair,ABL-ET2X-R-PreviousRawEdge-CatmullRomRGB-Fixed080-Recovered5Fetch,5.540867805480957,27.75816250075925,2.0237648487091064,2.3903558254241943
116,windows,O-T2X-R,5.670491695404053,25.970584594217577,4.204843044281006,6.8630690574646
116,windows,ABL-ET2X-R-PreviousRawEdge-CatmullRomRGB-Fixed080,7.755533695220947,23.502523361502703,4.4719648361206055,4.427891731262207
116,windows,ABL-ET2X-R-PreviousRawEdge-CatmullRomRGB-Fixed080-Recovered5Fetch,7.792317867279053,23.472108026418404,4.457009792327881,4.387732982635498
117,chairs,O-T2X-R,3.067887306213379,31.764650051685873,2.094226121902466,3.201007127761841
117,chairs,ABL-ET2X-R-PreviousRawEdge-CatmullRomRGB-Fixed080,3.6272785663604736,30.081834545790333,1.5108293294906616,1.8436429500579834
117,chairs,ABL-ET2X-R-PreviousRawEdge-CatmullRomRGB-Fixed080-Recovered5Fetch,3.625504493713379,30.086929829763022,1.5083563327789307,1.8412151336669922
117,thin-chair,O-T2X-R,4.568211555480957,29.585448511715708,2.950904607772827,4.655788898468018
117,thin-chair,ABL-ET2X-R-PreviousRawEdge-CatmullRomRGB-Fixed080,5.5498046875,27.707401127516857,1.967421054840088,2.322273015975952
117,thin-chair,ABL-ET2X-R-PreviousRawEdge-CatmullRomRGB-Fixed080-Recovered5Fetch,5.546194553375244,27.712960874697732,1.9646315574645996,2.3202528953552246
117,windows,O-T2X-R,5.803401470184326,25.997983146820975,5.654821872711182,8.42633056640625
117,windows,ABL-ET2X-R-PreviousRawEdge-CatmullRomRGB-Fixed080,7.963395118713379,23.196452011510893,4.191599369049072,4.610259056091309
117,windows,ABL-ET2X-R-PreviousRawEdge-CatmullRomRGB-Fixed080-Recovered5Fetch,7.9908366203308105,23.168532580694507,4.176356315612793,4.568672180175781
118,chairs,O-T2X-R,3.054882764816284,31.70778809158685,2.1686975955963135,3.616115093231201
118,chairs,ABL-ET2X-R-PreviousRawEdge-CatmullRomRGB-Fixed080,3.6978352069854736,29.938896975054323,1.552516222000122,1.7883384227752686
118,chairs,ABL-ET2X-R-PreviousRawEdge-CatmullRomRGB-Fixed080-Recovered5Fetch,3.6968913078308105,29.942978197892074,1.5505263805389404,1.7852920293807983
118,thin-chair,O-T2X-R,4.559866428375244,29.51271229483148,2.9634511470794678,5.100930213928223
118,thin-chair,ABL-ET2X-R-PreviousRawEdge-CatmullRomRGB-Fixed080,5.627041816711426,27.574346827650903,2.039306163787842,2.331472873687744
118,thin-chair,ABL-ET2X-R-PreviousRawEdge-CatmullRomRGB-Fixed080-Recovered5Fetch,5.6236090660095215,27.579236174008592,2.0366761684417725,2.3280677795410156
118,windows,O-T2X-R,6.295914649963379,24.53253010189378,4.194039344787598,6.571576118469238
118,windows,ABL-ET2X-R-PreviousRawEdge-CatmullRomRGB-Fixed080,8.218213081359863,22.76535981226855,3.9847495555877686,4.124659538269043
118,windows,ABL-ET2X-R-PreviousRawEdge-CatmullRomRGB-Fixed080-Recovered5Fetch,8.246468544006348,22.73797003536292,3.9670932292938232,4.0967936515808105
119,chairs,O-T2X-R,2.970003366470337,32.02936973836286,2.1464178562164307,3.387423038482666
119,chairs,ABL-ET2X-R-PreviousRawEdge-CatmullRomRGB-Fixed080,3.637158155441284,30.099122065945963,1.5145671367645264,1.8440392017364502
119,chairs,ABL-ET2X-R-PreviousRawEdge-CatmullRomRGB-Fixed080-Recovered5Fetch,3.637174367904663,30.10235624960087,1.5129019021987915,1.8415558338165283
119,thin-chair,O-T2X-R,4.459220886230469,29.75246453373265,2.981912136077881,4.782223701477051
119,thin-chair,ABL-ET2X-R-PreviousRawEdge-CatmullRomRGB-Fixed080,5.556640625,27.722830203211856,1.9897528886795044,2.422368049621582
119,thin-chair,ABL-ET2X-R-PreviousRawEdge-CatmullRomRGB-Fixed080-Recovered5Fetch,5.55545711517334,27.726760734775688,1.988322377204895,2.4191360473632812
119,windows,O-T2X-R,5.849560737609863,25.88788182540948,5.9649248123168945,8.817388534545898
119,windows,ABL-ET2X-R-PreviousRawEdge-CatmullRomRGB-Fixed080,7.894937992095947,23.370721118864303,4.25566291809082,4.150719165802002
119,windows,ABL-ET2X-R-PreviousRawEdge-CatmullRomRGB-Fixed080-Recovered5Fetch,7.926546096801758,23.343496131474733,4.234238624572754,4.129147052764893
120,chairs,O-T2X-R,3.033968210220337,31.782976653854913,2.160094738006592,3.675363063812256
120,chairs,ABL-ET2X-R-PreviousRawEdge-CatmullRomRGB-Fixed080,3.6590819358825684,30.12403097685167,1.6404962539672852,1.8743903636932373
120,chairs,ABL-ET2X-R-PreviousRawEdge-CatmullRomRGB-Fixed080-Recovered5Fetch,3.658935546875,30.126433292772916,1.6379261016845703,1.871736764907837
120,thin-chair,O-T2X-R,4.539535999298096,29.54137227039674,2.9931604862213135,5.169844150543213
120,thin-chair,ABL-ET2X-R-PreviousRawEdge-CatmullRomRGB-Fixed080,5.55430269241333,27.762349483397454,2.1320643424987793,2.4536707401275635
120,thin-chair,ABL-ET2X-R-PreviousRawEdge-CatmullRomRGB-Fixed080-Recovered5Fetch,5.552970886230469,27.764835531101944,2.129394769668579,2.4511423110961914
120,windows,O-T2X-R,5.770751953125,25.5994006579235,4.383472919464111,6.87560510635376
120,windows,ABL-ET2X-R-PreviousRawEdge-CatmullRomRGB-Fixed080,7.600830078125,23.454262877652194,4.281898021697998,4.221714496612549
120,windows,ABL-ET2X-R-PreviousRawEdge-CatmullRomRGB-Fixed080-Recovered5Fetch,7.632421970367432,23.428414829326222,4.265754699707031,4.182387351989746
121,chairs,O-T2X-R,2.992871046066284,32.02454153374766,2.1980957984924316,3.3762574195861816
121,chairs,ABL-ET2X-R-PreviousRawEdge-CatmullRomRGB-Fixed080,3.624283790588379,30.317500218107373,1.6075325012207031,1.9449679851531982
121,chairs,ABL-ET2X-R-PreviousRawEdge-CatmullRomRGB-Fixed080-Recovered5Fetch,3.6249186992645264,30.318977337130324,1.605886697769165,1.943749189376831
121,thin-chair,O-T2X-R,4.4951171875,29.737641873766467,2.9840261936187744,4.784792900085449
121,thin-chair,ABL-ET2X-R-PreviousRawEdge-CatmullRomRGB-Fixed080,5.456705570220947,27.991836898274343,2.0779786109924316,2.5246965885162354
121,thin-chair,ABL-ET2X-R-PreviousRawEdge-CatmullRomRGB-Fixed080-Recovered5Fetch,5.455403804779053,27.994299907603484,2.075345516204834,2.524251937866211
121,windows,O-T2X-R,5.654085159301758,26.03963341639165,6.005336761474609,9.012628555297852
121,windows,ABL-ET2X-R-PreviousRawEdge-CatmullRomRGB-Fixed080,7.815706253051758,23.077480593547026,4.189394950866699,4.737113952636719
121,windows,ABL-ET2X-R-PreviousRawEdge-CatmullRomRGB-Fixed080-Recovered5Fetch,7.835595607757568,23.058499584720828,4.1652302742004395,4.6970415115356445
122,chairs,O-T2X-R,3.088916063308716,31.61960953270084,2.086202621459961,3.594189405441284
122,chairs,ABL-ET2X-R-PreviousRawEdge-CatmullRomRGB-Fixed080,3.5321614742279053,30.637159837727282,1.5959564447402954,1.9005578756332397
122,chairs,ABL-ET2X-R-PreviousRawEdge-CatmullRomRGB-Fixed080-Recovered5Fetch,3.5330891609191895,30.63895404783496,1.5945810079574585,1.8980693817138672
122,thin-chair,O-T2X-R,4.620590686798096,29.379617131112134,2.9008262157440186,5.011907577514648
122,thin-chair,ABL-ET2X-R-PreviousRawEdge-CatmullRomRGB-Fixed080,5.337387561798096,28.31030733731965,2.0923614501953125,2.4642179012298584
122,thin-chair,ABL-ET2X-R-PreviousRawEdge-CatmullRomRGB-Fixed080-Recovered5Fetch,5.337150573730469,28.313231130131197,2.0906078815460205,2.461268424987793
122,windows,O-T2X-R,5.4246907234191895,26.25967466204716,4.270771503448486,7.0216827392578125
122,windows,ABL-ET2X-R-PreviousRawEdge-CatmullRomRGB-Fixed080,7.670491695404053,23.38764883907444,4.201858043670654,4.28795862197876
122,windows,ABL-ET2X-R-PreviousRawEdge-CatmullRomRGB-Fixed080-Recovered5Fetch,7.6995768547058105,23.361323212659705,4.175869941711426,4.2423858642578125
123,chairs,O-T2X-R,3.0650227069854736,31.79411221028467,2.0655946731567383,3.2480685710906982
123,chairs,ABL-ET2X-R-PreviousRawEdge-CatmullRomRGB-Fixed080,3.5205729007720947,30.66593128540076,1.5793235301971436,1.8864036798477173
123,chairs,ABL-ET2X-R-PreviousRawEdge-CatmullRomRGB-Fixed080-Recovered5Fetch,3.520751953125,30.669487242585767,1.5776420831680298,1.8854243755340576
123,thin-chair,O-T2X-R,4.573390007019043,29.564928684746672,2.8422272205352783,4.539841175079346
123,thin-chair,ABL-ET2X-R-PreviousRawEdge-CatmullRomRGB-Fixed080,5.325698375701904,28.32860370984524,2.0194268226623535,2.4141061305999756
123,thin-chair,ABL-ET2X-R-PreviousRawEdge-CatmullRomRGB-Fixed080-Recovered5Fetch,5.3236565589904785,28.33342316108988,2.01669979095459,2.412074089050293
123,windows,O-T2X-R,5.658626079559326,26.21125268184983,5.3964643478393555,8.229966163635254
123,windows,ABL-ET2X-R-PreviousRawEdge-CatmullRomRGB-Fixed080,7.311539649963379,23.878659667603586,4.236176490783691,4.518352508544922
123,windows,ABL-ET2X-R-PreviousRawEdge-CatmullRomRGB-Fixed080-Recovered5Fetch,7.338118553161621,23.855211946363,4.214110374450684,4.484944820404053
124,chairs,O-T2X-R,3.086409568786621,31.698627737649524,2.079796552658081,3.4821102619171143
124,chairs,ABL-ET2X-R-PreviousRawEdge-CatmullRomRGB-Fixed080,3.4974608421325684,30.768540610696277,1.5275174379348755,1.8059219121932983
124,chairs,ABL-ET2X-R-PreviousRawEdge-CatmullRomRGB-Fixed080-Recovered5Fetch,3.4983887672424316,30.771929619677923,1.5263290405273438,1.803043007850647
124,thin-chair,O-T2X-R,4.630977630615234,29.472534908539917,2.8850793838500977,4.920273780822754
124,thin-chair,ABL-ET2X-R-PreviousRawEdge-CatmullRomRGB-Fixed080,5.250325679779053,28.481977181687498,1.9440127611160278,2.281216621398926
124,thin-chair,ABL-ET2X-R-PreviousRawEdge-CatmullRomRGB-Fixed080-Recovered5Fetch,5.248549938201904,28.487671726729424,1.944216251373291,2.279165506362915
124,windows,O-T2X-R,5.574658393859863,25.815598823341933,4.275504112243652,6.222769737243652
124,windows,ABL-ET2X-R-PreviousRawEdge-CatmullRomRGB-Fixed080,7.337174415588379,23.868306268998577,4.033237457275391,4.235576152801514
124,windows,ABL-ET2X-R-PreviousRawEdge-CatmullRomRGB-Fixed080-Recovered5Fetch,7.368750095367432,23.83539401803242,4.023781776428223,4.20358419418335
125,chairs,O-T2X-R,3.110628366470337,31.76080994121633,2.117206573486328,3.2308144569396973
125,chairs,ABL-ET2X-R-PreviousRawEdge-CatmullRomRGB-Fixed080,3.489974021911621,30.76728485443608,1.596088171005249,1.8426990509033203
125,chairs,ABL-ET2X-R-PreviousRawEdge-CatmullRomRGB-Fixed080-Recovered5Fetch,3.489974021911621,30.771780192012553,1.5945539474487305,1.8401591777801514
125,thin-chair,O-T2X-R,4.591974258422852,29.603582770107405,2.8936874866485596,4.543704509735107
125,thin-chair,ABL-ET2X-R-PreviousRawEdge-CatmullRomRGB-Fixed080,5.231415748596191,28.47288915556671,2.047995090484619,2.351260185241699
125,thin-chair,ABL-ET2X-R-PreviousRawEdge-CatmullRomRGB-Fixed080-Recovered5Fetch,5.22928524017334,28.478835994625364,2.046205759048462,2.349426746368408
125,windows,O-T2X-R,5.3973469734191895,26.62714680337767,6.208716869354248,8.862469673156738
125,windows,ABL-ET2X-R-PreviousRawEdge-CatmullRomRGB-Fixed080,7.206526756286621,23.809161782303555,4.275031089782715,4.417037010192871
125,windows,ABL-ET2X-R-PreviousRawEdge-CatmullRomRGB-Fixed080-Recovered5Fetch,7.234082221984863,23.783210752947674,4.2584733963012695,4.393937110900879
126,chairs,O-T2X-R,3.0746419429779053,31.6729203972853,2.1874732971191406,3.683354139328003
126,chairs,ABL-ET2X-R-PreviousRawEdge-CatmullRomRGB-Fixed080,3.5215656757354736,30.76019922467892,1.5349024534225464,1.8940181732177734
126,chairs,ABL-ET2X-R-PreviousRawEdge-CatmullRomRGB-Fixed080-Recovered5Fetch,3.520768165588379,30.764782026637235,1.5326526165008545,1.890803337097168
126,thin-chair,O-T2X-R,4.63790225982666,29.376432992126613,2.9598569869995117,5.06557035446167
126,thin-chair,ABL-ET2X-R-PreviousRawEdge-CatmullRomRGB-Fixed080,5.266838073730469,28.45591180125938,1.919185996055603,2.3584811687469482
126,thin-chair,ABL-ET2X-R-PreviousRawEdge-CatmullRomRGB-Fixed080-Recovered5Fetch,5.26346492767334,28.46202744922818,1.9168604612350464,2.3550069332122803
126,windows,O-T2X-R,5.143620014190674,27.00149540809212,4.185698509216309,6.873289585113525
126,windows,ABL-ET2X-R-PreviousRawEdge-CatmullRomRGB-Fixed080,7.236734867095947,23.89505371845413,3.951706647872925,4.224533557891846
126,windows,ABL-ET2X-R-PreviousRawEdge-CatmullRomRGB-Fixed080-Recovered5Fetch,7.268994331359863,23.857877402058072,3.9328830242156982,4.188228607177734
127,chairs,O-T2X-R,3.0491535663604736,31.864256159233527,2.070974111557007,3.293102264404297
127,chairs,ABL-ET2X-R-PreviousRawEdge-CatmullRomRGB-Fixed080,3.5204427242279053,30.74941347105966,1.5912904739379883,1.8308804035186768
127,chairs,ABL-ET2X-R-PreviousRawEdge-CatmullRomRGB-Fixed080-Recovered5Fetch,3.520475149154663,30.753908826381306,1.5893027782440186,1.8268272876739502
127,thin-chair,O-T2X-R,4.568211555480957,29.60367114121956,2.886390447616577,4.65604829788208
127,thin-chair,ABL-ET2X-R-PreviousRawEdge-CatmullRomRGB-Fixed080,5.290127754211426,28.44533571631507,2.0060107707977295,2.3040244579315186
127,thin-chair,ABL-ET2X-R-PreviousRawEdge-CatmullRomRGB-Fixed080-Recovered5Fetch,5.287050247192383,28.45140294658027,2.0032827854156494,2.2996437549591064
127,windows,O-T2X-R,5.687906742095947,26.069710178211256,5.314227104187012,7.7669782638549805
127,windows,ABL-ET2X-R-PreviousRawEdge-CatmullRomRGB-Fixed080,7.011914253234863,24.294280120926995,4.5104498863220215,4.576259136199951
127,windows,ABL-ET2X-R-PreviousRawEdge-CatmullRomRGB-Fixed080-Recovered5Fetch,7.041357517242432,24.263075917297066,4.488825798034668,4.548627853393555
128,chairs,O-T2X-R,3.102083444595337,31.725652907378365,2.2196197509765625,3.6013665199279785
128,chairs,ABL-ET2X-R-PreviousRawEdge-CatmullRomRGB-Fixed080,3.5414061546325684,30.802945998389767,1.5482012033462524,1.8620593547821045
128,chairs,ABL-ET2X-R-PreviousRawEdge-CatmullRomRGB-Fixed080-Recovered5Fetch,3.540738821029663,30.80773126322232,1.5444962978363037,1.8593616485595703
128,thin-chair,O-T2X-R,4.598100185394287,29.49638688349951,3.0722696781158447,5.0861358642578125
128,thin-chair,ABL-ET2X-R-PreviousRawEdge-CatmullRomRGB-Fixed080,5.317738056182861,28.496297672572112,2.0026090145111084,2.3701884746551514
128,thin-chair,ABL-ET2X-R-PreviousRawEdge-CatmullRomRGB-Fixed080-Recovered5Fetch,5.314600944519043,28.50252319528233,1.9970691204071045,2.3660402297973633
128,windows,O-T2X-R,5.502245903015137,25.460736534190058,4.220487117767334,6.380400657653809
128,windows,ABL-ET2X-R-PreviousRawEdge-CatmullRomRGB-Fixed080,6.945621967315674,24.140471925376303,3.9766502380371094,4.3034820556640625
128,windows,ABL-ET2X-R-PreviousRawEdge-CatmullRomRGB-Fixed080-Recovered5Fetch,6.9788737297058105,24.10683235363154,3.9562859535217285,4.25723934173584
129,chairs,O-T2X-R,3.066910743713379,31.88802137246039,2.0556461811065674,3.375319719314575
129,chairs,ABL-ET2X-R-PreviousRawEdge-CatmullRomRGB-Fixed080,3.5570149421691895,30.783613663312508,1.5400285720825195,1.8727222681045532
129,chairs,ABL-ET2X-R-PreviousRawEdge-CatmullRomRGB-Fixed080-Recovered5Fetch,3.555859327316284,30.788927890950426,1.5380395650863647,1.8702447414398193
129,thin-chair,O-T2X-R,4.543590068817139,29.68652808432825,2.8869407176971436,4.754887104034424
129,thin-chair,ABL-ET2X-R-PreviousRawEdge-CatmullRomRGB-Fixed080,5.33614444732666,28.470193752294612,1.9588782787322998,2.3807523250579834
129,thin-chair,ABL-ET2X-R-PreviousRawEdge-CatmullRomRGB-Fixed080-Recovered5Fetch,5.332534313201904,28.476562771755983,1.9565765857696533,2.3783280849456787
129,windows,O-T2X-R,5.743700981140137,26.129030302599233,5.954955101013184,8.547406196594238
129,windows,ABL-ET2X-R-PreviousRawEdge-CatmullRomRGB-Fixed080,7.160400390625,23.82581494934641,4.104118824005127,4.1746134757995605
129,windows,ABL-ET2X-R-PreviousRawEdge-CatmullRomRGB-Fixed080-Recovered5Fetch,7.188899517059326,23.79743205692192,4.095780372619629,4.1385722160339355
130,chairs,O-T2X-R,3.09228515625,31.87090399995213,2.217529296875,3.6110920906066895
130,chairs,ABL-ET2X-R-PreviousRawEdge-CatmullRomRGB-Fixed080,3.585172414779663,30.766046177099362,1.5556306838989258,1.826458215713501
130,chairs,ABL-ET2X-R-PreviousRawEdge-CatmullRomRGB-Fixed080-Recovered5Fetch,3.5845704078674316,30.77098049141059,1.5536422729492188,1.824869155883789
130,thin-chair,O-T2X-R,4.521336555480957,29.79093167748958,3.054457902908325,5.090503215789795
130,thin-chair,ABL-ET2X-R-PreviousRawEdge-CatmullRomRGB-Fixed080,5.35469913482666,28.482536204184548,1.979038953781128,2.3275294303894043
130,thin-chair,ABL-ET2X-R-PreviousRawEdge-CatmullRomRGB-Fixed080-Recovered5Fetch,5.35274600982666,28.48769259037678,1.9766287803649902,2.3266353607177734
130,windows,O-T2X-R,5.48291015625,25.953984607887435,4.478119850158691,6.977036952972412
130,windows,ABL-ET2X-R-PreviousRawEdge-CatmullRomRGB-Fixed080,7.319140434265137,23.586538189593973,3.9819769859313965,4.162435531616211
130,windows,ABL-ET2X-R-PreviousRawEdge-CatmullRomRGB-Fixed080-Recovered5Fetch,7.352766990661621,23.550782284604587,3.9681224822998047,4.1426310539245605
131,chairs,O-T2X-R,2.9830892086029053,32.117584358075646,2.076965808868408,3.3986504077911377
131,chairs,ABL-ET2X-R-PreviousRawEdge-CatmullRomRGB-Fixed080,3.560742139816284,30.74492548610937,1.548972487449646,1.8325798511505127
131,chairs,ABL-ET2X-R-PreviousRawEdge-CatmullRomRGB-Fixed080-Recovered5Fetch,3.5606281757354736,30.748918781558864,1.5475308895111084,1.8328495025634766
131,thin-chair,O-T2X-R,4.48106050491333,29.821574166693814,2.7542128562927246,4.626570701599121
131,thin-chair,ABL-ET2X-R-PreviousRawEdge-CatmullRomRGB-Fixed080,5.363192558288574,28.439330666051465,1.9547181129455566,2.2694437503814697
131,thin-chair,ABL-ET2X-R-PreviousRawEdge-CatmullRomRGB-Fixed080-Recovered5Fetch,5.361091613769531,28.44415854356661,1.9537631273269653,2.2709367275238037
131,windows,O-T2X-R,5.514371871948242,26.432240998018276,5.855569362640381,8.585420608520508
131,windows,ABL-ET2X-R-PreviousRawEdge-CatmullRomRGB-Fixed080,7.224104881286621,23.561332258730204,4.295623779296875,4.372856616973877
131,windows,ABL-ET2X-R-PreviousRawEdge-CatmullRomRGB-Fixed080-Recovered5Fetch,7.256754398345947,23.536357361456833,4.274716377258301,4.34556245803833
132,chairs,O-T2X-R,3.0333821773529053,31.960296653290502,2.170034885406494,3.592250108718872
132,chairs,ABL-ET2X-R-PreviousRawEdge-CatmullRomRGB-Fixed080,3.502913475036621,30.775618856605924,1.5846503973007202,1.8718478679656982
132,chairs,ABL-ET2X-R-PreviousRawEdge-CatmullRomRGB-Fixed080-Recovered5Fetch,3.5020344257354736,30.781205715364486,1.581902265548706,1.869264841079712
132,thin-chair,O-T2X-R,4.495294570922852,29.738456938951646,2.988311767578125,4.95109224319458
132,thin-chair,ABL-ET2X-R-PreviousRawEdge-CatmullRomRGB-Fixed080,5.311582565307617,28.423524613794427,1.9683829545974731,2.328321695327759
132,thin-chair,ABL-ET2X-R-PreviousRawEdge-CatmullRomRGB-Fixed080-Recovered5Fetch,5.3080315589904785,28.430577729461653,1.9648959636688232,2.3256378173828125
132,windows,O-T2X-R,5.277295112609863,26.571365191735275,4.202170372009277,6.627828121185303
132,windows,ABL-ET2X-R-PreviousRawEdge-CatmullRomRGB-Fixed080,7.143229007720947,23.823022121299417,4.305476188659668,4.4068803787231445
132,windows,ABL-ET2X-R-PreviousRawEdge-CatmullRomRGB-Fixed080-Recovered5Fetch,7.169905662536621,23.792179811669687,4.299687385559082,4.367728233337402
133,chairs,O-T2X-R,3.003434181213379,31.96658714168297,2.077503204345703,3.272601366043091
133,chairs,ABL-ET2X-R-PreviousRawEdge-CatmullRomRGB-Fixed080,3.5188639163970947,30.725399586777876,1.548006296157837,1.89066481590271
133,chairs,ABL-ET2X-R-PreviousRawEdge-CatmullRomRGB-Fixed080-Recovered5Fetch,3.517871141433716,30.730195369922683,1.547139048576355,1.8883438110351562
133,thin-chair,O-T2X-R,4.422407627105713,29.771399290284126,2.771679162979126,4.506370544433594
133,thin-chair,ABL-ET2X-R-PreviousRawEdge-CatmullRomRGB-Fixed080,5.3130621910095215,28.40040991216672,1.987939476966858,2.356215238571167
133,thin-chair,ABL-ET2X-R-PreviousRawEdge-CatmullRomRGB-Fixed080-Recovered5Fetch,5.30936336517334,28.40636382117961,1.9863489866256714,2.3533506393432617
133,windows,O-T2X-R,5.633805274963379,26.170548173568626,5.907639503479004,8.308095932006836
133,windows,ABL-ET2X-R-PreviousRawEdge-CatmullRomRGB-Fixed080,7.002604007720947,24.11083054963467,4.338530540466309,4.479008674621582
133,windows,ABL-ET2X-R-PreviousRawEdge-CatmullRomRGB-Fixed080-Recovered5Fetch,7.039127826690674,24.073012145757424,4.3129143714904785,4.455515384674072
134,chairs,O-T2X-R,2.9991862773895264,32.07435523685593,2.093979597091675,3.5409679412841797
134,chairs,ABL-ET2X-R-PreviousRawEdge-CatmullRomRGB-Fixed080,3.532193899154663,30.664438817443553,1.5670292377471924,1.8386943340301514
134,chairs,ABL-ET2X-R-PreviousRawEdge-CatmullRomRGB-Fixed080-Recovered5Fetch,3.5320801734924316,30.66816589783974,1.5651073455810547,1.8367936611175537
134,thin-chair,O-T2X-R,4.444247245788574,29.855042662711092,2.858783483505249,4.849820613861084
134,thin-chair,ABL-ET2X-R-PreviousRawEdge-CatmullRomRGB-Fixed080,5.311049938201904,28.355381936205774,1.9610495567321777,2.3161461353302
134,thin-chair,ABL-ET2X-R-PreviousRawEdge-CatmullRomRGB-Fixed080-Recovered5Fetch,5.308149814605713,28.360942825030577,1.9589908123016357,2.3149619102478027
134,windows,O-T2X-R,5.254866600036621,26.34492726465165,4.183867454528809,6.712105751037598
134,windows,ABL-ET2X-R-PreviousRawEdge-CatmullRomRGB-Fixed080,6.785790920257568,24.412178962141272,4.3733673095703125,4.4159135818481445
134,windows,ABL-ET2X-R-PreviousRawEdge-CatmullRomRGB-Fixed080-Recovered5Fetch,6.825293064117432,24.36852035839586,4.353988170623779,4.371827602386475
135,chairs,O-T2X-R,3.022167921066284,32.02391458198188,2.0218276977539062,3.2097580432891846
135,chairs,ABL-ET2X-R-PreviousRawEdge-CatmullRomRGB-Fixed080,3.535416603088379,30.638743898064792,1.5360521078109741,1.8046029806137085
135,chairs,ABL-ET2X-R-PreviousRawEdge-CatmullRomRGB-Fixed080-Recovered5Fetch,3.5360188484191895,30.643273519707805,1.534848928451538,1.802240014076233
135,thin-chair,O-T2X-R,4.48280668258667,29.81060645566823,2.699303388595581,4.382188320159912
135,thin-chair,ABL-ET2X-R-PreviousRawEdge-CatmullRomRGB-Fixed080,5.308564186096191,28.33617636028817,1.9206386804580688,2.2331883907318115
135,thin-chair,ABL-ET2X-R-PreviousRawEdge-CatmullRomRGB-Fixed080-Recovered5Fetch,5.306285381317139,28.34214298143405,1.919095516204834,2.2309417724609375
135,windows,O-T2X-R,5.688036918640137,25.712814737726042,6.266131401062012,8.662586212158203
135,windows,ABL-ET2X-R-PreviousRawEdge-CatmullRomRGB-Fixed080,6.743212699890137,24.422692998629664,4.407744407653809,4.442091464996338
135,windows,ABL-ET2X-R-PreviousRawEdge-CatmullRomRGB-Fixed080-Recovered5Fetch,6.775488376617432,24.385466981951588,4.396069526672363,4.40344762802124
136,chairs,O-T2X-R,2.9989421367645264,32.10559222956724,2.175239086151123,3.5770668983459473
136,chairs,ABL-ET2X-R-PreviousRawEdge-CatmullRomRGB-Fixed080,3.5457520484924316,30.56936621430802,1.5993025302886963,1.8357452154159546
136,chairs,ABL-ET2X-R-PreviousRawEdge-CatmullRomRGB-Fixed080-Recovered5Fetch,3.546337842941284,30.57205621455222,1.5953149795532227,1.8323501348495483
136,thin-chair,O-T2X-R,4.460582256317139,29.896159924200923,2.9657089710235596,4.939604759216309
136,thin-chair,ABL-ET2X-R-PreviousRawEdge-CatmullRomRGB-Fixed080,5.314009189605713,28.246607253737913,1.9586368799209595,2.2379074096679688
136,thin-chair,ABL-ET2X-R-PreviousRawEdge-CatmullRomRGB-Fixed080-Recovered5Fetch,5.312174320220947,28.250917859158932,1.9548641443252563,2.2354748249053955
136,windows,O-T2X-R,5.225488185882568,26.50313660501327,4.231289386749268,7.688704013824463
136,windows,ABL-ET2X-R-PreviousRawEdge-CatmullRomRGB-Fixed080,6.9151692390441895,24.198205742907092,4.082439422607422,4.269461631774902
136,windows,ABL-ET2X-R-PreviousRawEdge-CatmullRomRGB-Fixed080-Recovered5Fetch,6.9559407234191895,24.14931604908969,4.060151100158691,4.248027324676514
137,chairs,O-T2X-R,2.9232585430145264,32.30606564063696,2.0843231678009033,3.261737823486328
137,chairs,ABL-ET2X-R-PreviousRawEdge-CatmullRomRGB-Fixed080,3.5579915046691895,30.508069366629364,1.5391836166381836,1.8292129039764404
137,chairs,ABL-ET2X-R-PreviousRawEdge-CatmullRomRGB-Fixed080-Recovered5Fetch,3.55908203125,30.50894325682426,1.5369476079940796,1.8249565362930298
137,thin-chair,O-T2X-R,4.372899055480957,30.018785084159937,2.847135066986084,4.575549602508545
137,thin-chair,ABL-ET2X-R-PreviousRawEdge-CatmullRomRGB-Fixed080,5.3588128089904785,28.17254001513582,1.8849968910217285,2.2337329387664795
137,thin-chair,ABL-ET2X-R-PreviousRawEdge-CatmullRomRGB-Fixed080-Recovered5Fetch,5.358546257019043,28.174981504966816,1.8823883533477783,2.2307159900665283
137,windows,O-T2X-R,5.659505367279053,25.835279187329398,5.983473777770996,8.139862060546875
137,windows,ABL-ET2X-R-PreviousRawEdge-CatmullRomRGB-Fixed080,7.092252731323242,24.077558595453127,4.244409084320068,4.199378490447998
137,windows,ABL-ET2X-R-PreviousRawEdge-CatmullRomRGB-Fixed080-Recovered5Fetch,7.1256022453308105,24.043977123317543,4.236311435699463,4.158247947692871
138,chairs,O-T2X-R,2.9878742694854736,32.07172176239063,2.18871808052063,3.666132688522339
138,chairs,ABL-ET2X-R-PreviousRawEdge-CatmullRomRGB-Fixed080,3.5838215351104736,30.48900818137167,1.5410672426223755,1.8415225744247437
138,chairs,ABL-ET2X-R-PreviousRawEdge-CatmullRomRGB-Fixed080-Recovered5Fetch,3.5833170413970947,30.49124856840546,1.538170337677002,1.8382266759872437
138,thin-chair,O-T2X-R,4.441110134124756,29.830072838182854,3.020106554031372,5.06849479675293
138,thin-chair,ABL-ET2X-R-PreviousRawEdge-CatmullRomRGB-Fixed080,5.368045806884766,28.161314327017294,1.9057891368865967,2.208007574081421
138,thin-chair,ABL-ET2X-R-PreviousRawEdge-CatmullRomRGB-Fixed080-Recovered5Fetch,5.366329193115234,28.16431043938799,1.9027161598205566,2.205091714859009
138,windows,O-T2X-R,5.199495315551758,26.283946906470096,4.310557842254639,7.278660774230957
138,windows,ABL-ET2X-R-PreviousRawEdge-CatmullRomRGB-Fixed080,7.011914253234863,24.022105421960926,4.2660017013549805,4.205296516418457
138,windows,ABL-ET2X-R-PreviousRawEdge-CatmullRomRGB-Fixed080-Recovered5Fetch,7.042203903198242,23.9843858178101,4.252039909362793,4.186244964599609
139,chairs,O-T2X-R,3.019026756286621,32.061225099946725,2.066343307495117,3.310607433319092
139,chairs,ABL-ET2X-R-PreviousRawEdge-CatmullRomRGB-Fixed080,3.583219289779663,30.482000141909747,1.531945824623108,1.814218282699585
139,chairs,ABL-ET2X-R-PreviousRawEdge-CatmullRomRGB-Fixed080-Recovered5Fetch,3.5835773944854736,30.482845452879886,1.5305372476577759,1.812361717224121
139,thin-chair,O-T2X-R,4.447236061096191,29.86812830062858,2.797633647918701,4.626708984375
139,thin-chair,ABL-ET2X-R-PreviousRawEdge-CatmullRomRGB-Fixed080,5.3363518714904785,28.178735093897757,1.865444540977478,2.2016491889953613
139,thin-chair,ABL-ET2X-R-PreviousRawEdge-CatmullRomRGB-Fixed080-Recovered5Fetch,5.3359375,28.180502671026154,1.8636870384216309,2.1993918418884277
139,windows,O-T2X-R,6.069921970367432,25.2093070338644,6.125789165496826,8.341519355773926
139,windows,ABL-ET2X-R-PreviousRawEdge-CatmullRomRGB-Fixed080,7.508398532867432,23.299666654590332,4.133584022521973,4.057038307189941
139,windows,ABL-ET2X-R-PreviousRawEdge-CatmullRomRGB-Fixed080-Recovered5Fetch,7.540689945220947,23.26552642062317,4.120063781738281,4.02243709564209
140,chairs,O-T2X-R,3.0319011211395264,31.904909784096823,2.1328012943267822,3.5427260398864746
140,chairs,ABL-ET2X-R-PreviousRawEdge-CatmullRomRGB-Fixed080,3.612744092941284,30.41272754203461,1.510966181755066,1.7542749643325806
140,chairs,ABL-ET2X-R-PreviousRawEdge-CatmullRomRGB-Fixed080-Recovered5Fetch,3.613004446029663,30.414327102725043,1.5092906951904297,1.7526696920394897
140,thin-chair,O-T2X-R,4.470525741577148,29.694841826563163,2.8923091888427734,4.874464511871338
140,thin-chair,ABL-ET2X-R-PreviousRawEdge-CatmullRomRGB-Fixed080,5.374112129211426,28.114563540657418,1.9032073020935059,2.1591150760650635
140,thin-chair,ABL-ET2X-R-PreviousRawEdge-CatmullRomRGB-Fixed080-Recovered5Fetch,5.373668193817139,28.11727982287455,1.9016311168670654,2.1584839820861816
140,windows,O-T2X-R,5.706689357757568,25.34489391300648,4.532507419586182,7.7748613357543945
140,windows,ABL-ET2X-R-PreviousRawEdge-CatmullRomRGB-Fixed080,7.333268165588379,23.705681049134554,4.469491958618164,4.494407653808594
140,windows,ABL-ET2X-R-PreviousRawEdge-CatmullRomRGB-Fixed080-Recovered5Fetch,7.365657329559326,23.67522476463485,4.450862407684326,4.469500541687012
141,chairs,O-T2X-R,3.007779836654663,32.092962290756255,2.010385274887085,3.242846727371216
141,chairs,ABL-ET2X-R-PreviousRawEdge-CatmullRomRGB-Fixed080,3.6075031757354736,30.355922973735197,1.4851469993591309,1.8140712976455688
141,chairs,ABL-ET2X-R-PreviousRawEdge-CatmullRomRGB-Fixed080-Recovered5Fetch,3.6066081523895264,30.360176289261638,1.4819923639297485,1.8126542568206787
141,thin-chair,O-T2X-R,4.44356632232666,29.902519393329104,2.7907283306121826,4.521791458129883
141,thin-chair,ABL-ET2X-R-PreviousRawEdge-CatmullRomRGB-Fixed080,5.432498931884766,28.001951105455262,1.8196676969528198,2.2140424251556396
141,thin-chair,ABL-ET2X-R-PreviousRawEdge-CatmullRomRGB-Fixed080-Recovered5Fetch,5.430723190307617,28.00670453739408,1.8158981800079346,2.213123321533203
141,windows,O-T2X-R,5.801904201507568,25.746954650857674,5.5521240234375,7.868528842926025
141,windows,ABL-ET2X-R-PreviousRawEdge-CatmullRomRGB-Fixed080,7.156689643859863,23.72053500863187,4.420009613037109,4.3285231590271
141,windows,ABL-ET2X-R-PreviousRawEdge-CatmullRomRGB-Fixed080-Recovered5Fetch,7.187434673309326,23.684064264446576,4.41016149520874,4.289902687072754
142,chairs,O-T2X-R,3.0782878398895264,31.79642805805787,2.1793627738952637,3.5365471839904785
142,chairs,ABL-ET2X-R-PreviousRawEdge-CatmullRomRGB-Fixed080,3.5748860836029053,30.40237296383069,1.5025516748428345,1.7550395727157593
142,chairs,ABL-ET2X-R-PreviousRawEdge-CatmullRomRGB-Fixed080-Recovered5Fetch,3.5748209953308105,30.40579694448411,1.500488519668579,1.752184271812439
142,thin-chair,O-T2X-R,4.544270992279053,29.600048005145695,2.9353981018066406,4.90952730178833
142,thin-chair,ABL-ET2X-R-PreviousRawEdge-CatmullRomRGB-Fixed080,5.39473819732666,28.03017157099884,1.8483563661575317,2.155454397201538
142,thin-chair,ABL-ET2X-R-PreviousRawEdge-CatmullRomRGB-Fixed080-Recovered5Fetch,5.3928446769714355,28.03465200582163,1.8457856178283691,2.1517844200134277
142,windows,O-T2X-R,6.199560642242432,24.474813340142056,4.1407952308654785,6.965332984924316
142,windows,ABL-ET2X-R-PreviousRawEdge-CatmullRomRGB-Fixed080,7.311441898345947,23.627214776061653,4.478182792663574,4.785678386688232
142,windows,ABL-ET2X-R-PreviousRawEdge-CatmullRomRGB-Fixed080-Recovered5Fetch,7.352473735809326,23.587775165487756,4.456093788146973,4.762917518615723
143,chairs,O-T2X-R,3.039339303970337,31.995212135329176,1.9994862079620361,3.2279434204101562
143,chairs,ABL-ET2X-R-PreviousRawEdge-CatmullRomRGB-Fixed080,3.5877928733825684,30.409829489051837,1.456958532333374,1.7457563877105713
143,chairs,ABL-ET2X-R-PreviousRawEdge-CatmullRomRGB-Fixed080-Recovered5Fetch,3.5890300273895264,30.41264264839242,1.4555349349975586,1.7438793182373047
143,thin-chair,O-T2X-R,4.554924011230469,29.707924022169312,2.6775057315826416,4.462198257446289
143,thin-chair,ABL-ET2X-R-PreviousRawEdge-CatmullRomRGB-Fixed080,5.42598819732666,28.05009844474789,1.8238873481750488,2.1454904079437256
143,thin-chair,ABL-ET2X-R-PreviousRawEdge-CatmullRomRGB-Fixed080-Recovered5Fetch,5.424153804779053,28.05484954569259,1.8215235471725464,2.1439266204833984
143,windows,O-T2X-R,5.7950358390808105,25.899856914885035,6.200322151184082,8.440244674682617
143,windows,ABL-ET2X-R-PreviousRawEdge-CatmullRomRGB-Fixed080,6.9664387702941895,24.07294992718755,4.493853569030762,4.523689270019531
143,windows,ABL-ET2X-R-PreviousRawEdge-CatmullRomRGB-Fixed080-Recovered5Fetch,6.9925618171691895,24.046870223932054,4.484480381011963,4.48472261428833
144,chairs,O-T2X-R,3.1444499492645264,31.549591260170118,2.1035804748535156,3.4404029846191406
144,chairs,ABL-ET2X-R-PreviousRawEdge-CatmullRomRGB-Fixed080,3.606201171875,30.37967558412096,1.5276294946670532,1.730181097984314
144,chairs,ABL-ET2X-R-PreviousRawEdge-CatmullRomRGB-Fixed080-Recovered5Fetch,3.6067872047424316,30.381994352245627,1.5245152711868286,1.7272437810897827
144,thin-chair,O-T2X-R,4.683357238769531,29.328512363354005,2.8872830867767334,4.735637664794922
144,thin-chair,ABL-ET2X-R-PreviousRawEdge-CatmullRomRGB-Fixed080,5.414239883422852,28.05612639504901,1.8592356443405151,2.1401968002319336
144,thin-chair,ABL-ET2X-R-PreviousRawEdge-CatmullRomRGB-Fixed080-Recovered5Fetch,5.413115501403809,28.05933890287319,1.8556315898895264,2.1378350257873535
144,windows,O-T2X-R,5.799120903015137,25.31159561711093,4.67878532409668,7.510275363922119
144,windows,ABL-ET2X-R-PreviousRawEdge-CatmullRomRGB-Fixed080,7.098421096801758,23.920399274654727,4.378885269165039,4.6362457275390625
144,windows,ABL-ET2X-R-PreviousRawEdge-CatmullRomRGB-Fixed080-Recovered5Fetch,7.132372856140137,23.880673539395595,4.361783027648926,4.6052656173706055
145,chairs,O-T2X-R,3.1353840827941895,31.718664910482634,2.1209661960601807,3.3044114112854004
145,chairs,ABL-ET2X-R-PreviousRawEdge-CatmullRomRGB-Fixed080,3.61474609375,30.379958931981783,1.5148794651031494,1.8533592224121094
145,chairs,ABL-ET2X-R-PreviousRawEdge-CatmullRomRGB-Fixed080-Recovered5Fetch,3.6149089336395264,30.38241334777119,1.512596845626831,1.8509479761123657
145,thin-chair,O-T2X-R,4.646720886230469,29.47701483324383,2.7337801456451416,4.465641021728516
145,thin-chair,ABL-ET2X-R-PreviousRawEdge-CatmullRomRGB-Fixed080,5.414861679077148,28.075288336145448,1.8964080810546875,2.252573251724243
145,thin-chair,ABL-ET2X-R-PreviousRawEdge-CatmullRomRGB-Fixed080-Recovered5Fetch,5.412997245788574,28.07896587358261,1.8928898572921753,2.2511072158813477
145,windows,O-T2X-R,5.5030598640441895,26.06351798681154,6.221987724304199,8.88270092010498
145,windows,ABL-ET2X-R-PreviousRawEdge-CatmullRomRGB-Fixed080,6.768847465515137,24.496051270319768,4.423219203948975,4.586575508117676
145,windows,ABL-ET2X-R-PreviousRawEdge-CatmullRomRGB-Fixed080-Recovered5Fetch,6.810351371765137,24.45503337086147,4.401320457458496,4.552454948425293
146,chairs,O-T2X-R,3.079638719558716,31.69336541315705,2.062312126159668,3.554068088531494
146,chairs,ABL-ET2X-R-PreviousRawEdge-CatmullRomRGB-Fixed080,3.5960123538970947,30.46584136318167,1.5075809955596924,1.7821953296661377
146,chairs,ABL-ET2X-R-PreviousRawEdge-CatmullRomRGB-Fixed080-Recovered5Fetch,3.59619140625,30.46879861806024,1.505124807357788,1.7790119647979736
146,thin-chair,O-T2X-R,4.577651500701904,29.44056405432487,2.7704508304595947,4.744156837463379
146,thin-chair,ABL-ET2X-R-PreviousRawEdge-CatmullRomRGB-Fixed080,5.3588128089904785,28.191990504800167,1.8661433458328247,2.223863363265991
146,thin-chair,ABL-ET2X-R-PreviousRawEdge-CatmullRomRGB-Fixed080-Recovered5Fetch,5.35703706741333,28.196226021878992,1.8632903099060059,2.218747615814209
146,windows,O-T2X-R,5.227246284484863,26.078922915710336,4.199420928955078,7.194955348968506
146,windows,ABL-ET2X-R-PreviousRawEdge-CatmullRomRGB-Fixed080,6.771500587463379,24.076200804029444,4.130592346191406,4.229681968688965
146,windows,ABL-ET2X-R-PreviousRawEdge-CatmullRomRGB-Fixed080-Recovered5Fetch,6.794710159301758,24.04726253436603,4.128630638122559,4.182183265686035
147,chairs,O-T2X-R,3.026595115661621,31.994941897257824,2.100259304046631,3.2218239307403564
147,chairs,ABL-ET2X-R-PreviousRawEdge-CatmullRomRGB-Fixed080,3.5614583492279053,30.491191510473328,1.5229650735855103,1.7910140752792358
147,chairs,ABL-ET2X-R-PreviousRawEdge-CatmullRomRGB-Fixed080-Recovered5Fetch,3.561263084411621,30.49445243265644,1.5197598934173584,1.7890713214874268
147,thin-chair,O-T2X-R,4.486564636230469,29.782341490866333,2.839402914047241,4.472846508026123
147,thin-chair,ABL-ET2X-R-PreviousRawEdge-CatmullRomRGB-Fixed080,5.328805446624756,28.182363508987564,1.8247942924499512,2.1447560787200928
147,thin-chair,ABL-ET2X-R-PreviousRawEdge-CatmullRomRGB-Fixed080-Recovered5Fetch,5.326112747192383,28.187132716599024,1.8207858800888062,2.14286208152771
147,windows,O-T2X-R,5.279850482940674,26.556503498135832,6.187276840209961,8.503241539001465
147,windows,ABL-ET2X-R-PreviousRawEdge-CatmullRomRGB-Fixed080,7.070784568786621,23.57244146637425,3.9944064617156982,4.3265814781188965
147,windows,ABL-ET2X-R-PreviousRawEdge-CatmullRomRGB-Fixed080-Recovered5Fetch,7.0999836921691895,23.54125048217558,3.97715425491333,4.309717655181885
148,chairs,O-T2X-R,3.013150930404663,31.9254714923104,2.043933153152466,3.5098273754119873
148,chairs,ABL-ET2X-R-PreviousRawEdge-CatmullRomRGB-Fixed080,3.5972330570220947,30.402975355168994,1.543685793876648,1.8395732641220093
148,chairs,ABL-ET2X-R-PreviousRawEdge-CatmullRomRGB-Fixed080-Recovered5Fetch,3.5968260765075684,30.406157535307045,1.5420783758163452,1.8366988897323608
148,thin-chair,O-T2X-R,4.476059436798096,29.699842952713652,2.7679507732391357,4.836947441101074
148,thin-chair,ABL-ET2X-R-PreviousRawEdge-CatmullRomRGB-Fixed080,5.353870868682861,28.098256043848252,1.8972245454788208,2.194868564605713
148,thin-chair,ABL-ET2X-R-PreviousRawEdge-CatmullRomRGB-Fixed080-Recovered5Fetch,5.350112438201904,28.103676843279374,1.8958781957626343,2.1926357746124268
148,windows,O-T2X-R,5.176823139190674,26.18575588794286,4.002640247344971,7.691420078277588
148,windows,ABL-ET2X-R-PreviousRawEdge-CatmullRomRGB-Fixed080,6.872493267059326,23.858387299255632,4.1309099197387695,4.205801963806152
148,windows,ABL-ET2X-R-PreviousRawEdge-CatmullRomRGB-Fixed080-Recovered5Fetch,6.902034282684326,23.83624294241983,4.1138505935668945,4.183440208435059
149,chairs,O-T2X-R,2.9551920890808105,32.27504882256305,2.0957188606262207,3.1880428791046143
149,chairs,ABL-ET2X-R-PreviousRawEdge-CatmullRomRGB-Fixed080,3.6121582984924316,30.337799697808492,1.5332796573638916,1.8284637928009033
149,chairs,ABL-ET2X-R-PreviousRawEdge-CatmullRomRGB-Fixed080-Recovered5Fetch,3.610074758529663,30.34180843340905,1.5297744274139404,1.826796531677246
149,thin-chair,O-T2X-R,4.310783386230469,30.16185719531213,2.876919746398926,4.450883865356445
149,thin-chair,ABL-ET2X-R-PreviousRawEdge-CatmullRomRGB-Fixed080,5.369495868682861,28.039450144360217,1.8741660118103027,2.223217010498047
149,thin-chair,ABL-ET2X-R-PreviousRawEdge-CatmullRomRGB-Fixed080-Recovered5Fetch,5.364938259124756,28.044796693566653,1.8685212135314941,2.220350503921509
149,windows,O-T2X-R,5.041796684265137,26.876962992270332,5.483523368835449,7.521855354309082
149,windows,ABL-ET2X-R-PreviousRawEdge-CatmullRomRGB-Fixed080,6.928857326507568,23.89399186342601,4.011472702026367,4.236927032470703
149,windows,ABL-ET2X-R-PreviousRawEdge-CatmullRomRGB-Fixed080-Recovered5Fetch,6.953043460845947,23.869589903353162,4.006075859069824,4.200594902038574
150,chairs,O-T2X-R,2.9608724117279053,32.14133551329858,2.0972371101379395,3.6129441261291504
150,chairs,ABL-ET2X-R-PreviousRawEdge-CatmullRomRGB-Fixed080,3.6190593242645264,30.259418382557893,1.5343399047851562,1.828818917274475
150,chairs,ABL-ET2X-R-PreviousRawEdge-CatmullRomRGB-Fixed080-Recovered5Fetch,3.616894483566284,30.26379070385465,1.5327991247177124,1.826859474182129
150,thin-chair,O-T2X-R,4.358931064605713,29.923853393908306,2.711174726486206,4.844813823699951
150,thin-chair,ABL-ET2X-R-PreviousRawEdge-CatmullRomRGB-Fixed080,5.359315872192383,27.963075842436353,1.891219973564148,2.1957204341888428
150,thin-chair,ABL-ET2X-R-PreviousRawEdge-CatmullRomRGB-Fixed080-Recovered5Fetch,5.354728698730469,27.968120079981183,1.8891726732254028,2.1934945583343506
150,windows,O-T2X-R,5.4442057609558105,25.588907734551366,3.692831516265869,6.795004844665527
150,windows,ABL-ET2X-R-PreviousRawEdge-CatmullRomRGB-Fixed080,6.7313151359558105,24.25338994322887,4.165604591369629,4.495279312133789
150,windows,ABL-ET2X-R-PreviousRawEdge-CatmullRomRGB-Fixed080-Recovered5Fetch,6.749544143676758,24.23516931000028,4.150424480438232,4.478619575500488
151,chairs,O-T2X-R,3.006542921066284,32.17611033950767,1.9789165258407593,3.1562559604644775
151,chairs,ABL-ET2X-R-PreviousRawEdge-CatmullRomRGB-Fixed080,3.6099772453308105,30.252419336312766,1.505039930343628,1.7892307043075562
151,chairs,ABL-ET2X-R-PreviousRawEdge-CatmullRomRGB-Fixed080-Recovered5Fetch,3.6092610359191895,30.256545946967965,1.5027258396148682,1.7881011962890625
151,thin-chair,O-T2X-R,4.383848190307617,30.06773667672096,2.6697356700897217,4.251133441925049
151,thin-chair,ABL-ET2X-R-PreviousRawEdge-CatmullRomRGB-Fixed080,5.339311122894287,28.091951647100636,1.8381987810134888,2.188791513442993
151,thin-chair,ABL-ET2X-R-PreviousRawEdge-CatmullRomRGB-Fixed080-Recovered5Fetch,5.336085319519043,28.09748689323218,1.835976481437683,2.1885910034179688
151,windows,O-T2X-R,5.044970512390137,27.04599646159132,5.625617504119873,7.5550031661987305
151,windows,ABL-ET2X-R-PreviousRawEdge-CatmullRomRGB-Fixed080,6.655354976654053,24.313673229299162,3.647022247314453,4.0401482582092285
151,windows,ABL-ET2X-R-PreviousRawEdge-CatmullRomRGB-Fixed080-Recovered5Fetch,6.679931640625,24.287660803000428,3.629648208618164,4.012416839599609
152,chairs,O-T2X-R,3.016080617904663,32.02943722417282,2.0829451084136963,3.4203224182128906
152,chairs,ABL-ET2X-R-PreviousRawEdge-CatmullRomRGB-Fixed080,3.5696778297424316,30.45089753324862,1.5197584629058838,1.7716760635375977
152,chairs,ABL-ET2X-R-PreviousRawEdge-CatmullRomRGB-Fixed080-Recovered5Fetch,3.5701496601104736,30.45464854628296,1.5155621767044067,1.7696197032928467
152,thin-chair,O-T2X-R,4.408380508422852,29.896708225185627,2.7517194747924805,4.63066291809082
152,thin-chair,ABL-ET2X-R-PreviousRawEdge-CatmullRomRGB-Fixed080,5.292939186096191,28.23590526186606,1.8673739433288574,2.135740041732788
152,thin-chair,ABL-ET2X-R-PreviousRawEdge-CatmullRomRGB-Fixed080-Recovered5Fetch,5.290542125701904,28.24170671822163,1.8624472618103027,2.1343140602111816
152,windows,O-T2X-R,5.621077537536621,25.281133073644263,3.8509316444396973,6.881869316101074
152,windows,ABL-ET2X-R-PreviousRawEdge-CatmullRomRGB-Fixed080,6.685514450073242,24.162829637729427,4.045151710510254,4.135439395904541
152,windows,ABL-ET2X-R-PreviousRawEdge-CatmullRomRGB-Fixed080-Recovered5Fetch,6.703955173492432,24.145229077523076,4.036084175109863,4.107118129730225
153,chairs,O-T2X-R,3.014371633529663,32.09691204130311,2.0560901165008545,3.205148220062256
153,chairs,ABL-ET2X-R-PreviousRawEdge-CatmullRomRGB-Fixed080,3.6089844703674316,30.39607703703833,1.5180912017822266,1.8123948574066162
153,chairs,ABL-ET2X-R-PreviousRawEdge-CatmullRomRGB-Fixed080-Recovered5Fetch,3.6096842288970947,30.399418682604495,1.5160448551177979,1.8085943460464478
153,thin-chair,O-T2X-R,4.415719509124756,29.90964720281065,2.7418529987335205,4.350583076477051
153,thin-chair,ABL-ET2X-R-PreviousRawEdge-CatmullRomRGB-Fixed080,5.342418193817139,28.156678367001962,1.8930808305740356,2.191319465637207
153,thin-chair,ABL-ET2X-R-PreviousRawEdge-CatmullRomRGB-Fixed080-Recovered5Fetch,5.339784622192383,28.1618025229901,1.8900614976882935,2.1875736713409424
153,windows,O-T2X-R,5.352262496948242,26.395025757159054,5.85382080078125,7.945286750793457
153,windows,ABL-ET2X-R-PreviousRawEdge-CatmullRomRGB-Fixed080,6.6917805671691895,24.21716904561501,3.907407760620117,4.265276908874512
153,windows,ABL-ET2X-R-PreviousRawEdge-CatmullRomRGB-Fixed080-Recovered5Fetch,6.713232517242432,24.19180632229704,3.896226406097412,4.248837471008301
154,chairs,O-T2X-R,3.0927734375,31.782830692464287,2.047084331512451,3.4785361289978027
154,chairs,ABL-ET2X-R-PreviousRawEdge-CatmullRomRGB-Fixed080,3.6649739742279053,30.2063143875991,1.5606296062469482,1.8486604690551758
154,chairs,ABL-ET2X-R-PreviousRawEdge-CatmullRomRGB-Fixed080-Recovered5Fetch,3.6652181148529053,30.211083135765687,1.5579288005828857,1.8463786840438843
154,thin-chair,O-T2X-R,4.524325370788574,29.640141955142248,2.757718086242676,4.721290588378906
154,thin-chair,ABL-ET2X-R-PreviousRawEdge-CatmullRomRGB-Fixed080,5.371389865875244,28.05662147461932,1.8775593042373657,2.262965440750122
154,thin-chair,ABL-ET2X-R-PreviousRawEdge-CatmullRomRGB-Fixed080-Recovered5Fetch,5.368607997894287,28.06365965957886,1.8729331493377686,2.2598323822021484
154,windows,O-T2X-R,5.368082523345947,25.824715289758853,3.8638641834259033,6.986015319824219
154,windows,ABL-ET2X-R-PreviousRawEdge-CatmullRomRGB-Fixed080,6.386246681213379,24.710217045621828,4.0870819091796875,4.160735607147217
154,windows,ABL-ET2X-R-PreviousRawEdge-CatmullRomRGB-Fixed080-Recovered5Fetch,6.4097819328308105,24.691134606320833,4.073392868041992,4.131042003631592
155,chairs,O-T2X-R,3.0833983421325684,31.88693185387146,2.1397273540496826,3.176135778427124
155,chairs,ABL-ET2X-R-PreviousRawEdge-CatmullRomRGB-Fixed080,3.722444772720337,30.142210737767527,1.546332597732544,1.8737983703613281
155,chairs,ABL-ET2X-R-PreviousRawEdge-CatmullRomRGB-Fixed080-Recovered5Fetch,3.7225098609924316,30.146137194303464,1.5445263385772705,1.870661973953247
155,thin-chair,O-T2X-R,4.428178310394287,29.896142511056976,2.6942341327667236,4.252409934997559
155,thin-chair,ABL-ET2X-R-PreviousRawEdge-CatmullRomRGB-Fixed080,5.394176006317139,28.015975651648493,1.899505615234375,2.240898847579956
155,thin-chair,ABL-ET2X-R-PreviousRawEdge-CatmullRomRGB-Fixed080-Recovered5Fetch,5.3923115730285645,28.022247228069567,1.8974512815475464,2.238433837890625
155,windows,O-T2X-R,5.65966796875,25.180468536714585,6.089799404144287,8.174690246582031
155,windows,ABL-ET2X-R-PreviousRawEdge-CatmullRomRGB-Fixed080,6.3082194328308105,24.710545661582486,3.888652801513672,4.240350723266602
155,windows,ABL-ET2X-R-PreviousRawEdge-CatmullRomRGB-Fixed080-Recovered5Fetch,6.334814548492432,24.674971061897043,3.8775978088378906,4.214367866516113
156,chairs,O-T2X-R,3.126513719558716,31.643556191288063,2.1522469520568848,3.646273136138916
156,chairs,ABL-ET2X-R-PreviousRawEdge-CatmullRomRGB-Fixed080,3.7093424797058105,30.197502557744833,1.5135747194290161,1.8689229488372803
156,chairs,ABL-ET2X-R-PreviousRawEdge-CatmullRomRGB-Fixed080-Recovered5Fetch,3.7091307640075684,30.201143360452136,1.510764479637146,1.8655446767807007
156,thin-chair,O-T2X-R,4.542436122894287,29.626703248467997,2.8203916549682617,4.7258076667785645
156,thin-chair,ABL-ET2X-R-PreviousRawEdge-CatmullRomRGB-Fixed080,5.391305446624756,28.0510472732854,1.8729267120361328,2.2416539192199707
156,thin-chair,ABL-ET2X-R-PreviousRawEdge-CatmullRomRGB-Fixed080-Recovered5Fetch,5.389174938201904,28.056509099634024,1.8692619800567627,2.2380902767181396
156,windows,O-T2X-R,5.111067771911621,26.171055407930233,3.9975502490997314,7.6376447677612305
156,windows,ABL-ET2X-R-PreviousRawEdge-CatmullRomRGB-Fixed080,6.195947170257568,24.982166283719177,3.8566737174987793,4.118217468261719
156,windows,ABL-ET2X-R-PreviousRawEdge-CatmullRomRGB-Fixed080-Recovered5Fetch,6.222590923309326,24.95146522840869,3.845639705657959,4.087080955505371
157,chairs,O-T2X-R,3.0672526359558105,32.09105102657732,2.132859706878662,3.3765804767608643
157,chairs,ABL-ET2X-R-PreviousRawEdge-CatmullRomRGB-Fixed080,3.7027180194854736,30.211340982875768,1.5451456308364868,1.8368526697158813
157,chairs,ABL-ET2X-R-PreviousRawEdge-CatmullRomRGB-Fixed080-Recovered5Fetch,3.7022786140441895,30.215978156320922,1.5435682535171509,1.8341419696807861
157,thin-chair,O-T2X-R,4.419803619384766,30.123771970079044,2.745910406112671,4.4620208740234375
157,thin-chair,ABL-ET2X-R-PreviousRawEdge-CatmullRomRGB-Fixed080,5.392874240875244,28.031913701002857,1.8136558532714844,2.2035837173461914
157,thin-chair,ABL-ET2X-R-PreviousRawEdge-CatmullRomRGB-Fixed080-Recovered5Fetch,5.390595436096191,28.037506189773982,1.8111745119094849,2.2008018493652344
157,windows,O-T2X-R,5.388574123382568,25.727601406025464,5.414520263671875,7.643990993499756
157,windows,ABL-ET2X-R-PreviousRawEdge-CatmullRomRGB-Fixed080,6.0929036140441895,24.985059028164716,3.911937713623047,3.9325759410858154
157,windows,ABL-ET2X-R-PreviousRawEdge-CatmullRomRGB-Fixed080-Recovered5Fetch,6.115787982940674,24.951499965926097,3.9041907787323,3.909104108810425
158,chairs,O-T2X-R,3.113997459411621,31.80176784057938,2.174578905105591,3.6873879432678223
158,chairs,ABL-ET2X-R-PreviousRawEdge-CatmullRomRGB-Fixed080,3.719254493713379,30.232879974405343,1.600537896156311,1.888474702835083
158,chairs,ABL-ET2X-R-PreviousRawEdge-CatmullRomRGB-Fixed080-Recovered5Fetch,3.7179524898529053,30.23735992051412,1.598954439163208,1.887002944946289
158,thin-chair,O-T2X-R,4.539121627807617,29.70796070636367,2.8991918563842773,4.886725425720215
158,thin-chair,ABL-ET2X-R-PreviousRawEdge-CatmullRomRGB-Fixed080,5.4065165519714355,28.065313771853102,1.9117833375930786,2.1944262981414795
158,thin-chair,ABL-ET2X-R-PreviousRawEdge-CatmullRomRGB-Fixed080-Recovered5Fetch,5.402432441711426,28.071795318586314,1.9099239110946655,2.193892240524292
158,windows,O-T2X-R,5.194303512573242,26.16347332736618,3.8760390281677246,6.795884609222412
158,windows,ABL-ET2X-R-PreviousRawEdge-CatmullRomRGB-Fixed080,6.120051860809326,24.931250575908997,3.7617125511169434,3.993645191192627
158,windows,ABL-ET2X-R-PreviousRawEdge-CatmullRomRGB-Fixed080-Recovered5Fetch,6.148502826690674,24.895548060270688,3.7485077381134033,3.9761414527893066
159,chairs,O-T2X-R,3.0845704078674316,32.006707971867485,2.040459632873535,3.3221118450164795
159,chairs,ABL-ET2X-R-PreviousRawEdge-CatmullRomRGB-Fixed080,3.757861375808716,30.07526527774511,1.6112124919891357,1.869696855545044
159,chairs,ABL-ET2X-R-PreviousRawEdge-CatmullRomRGB-Fixed080-Recovered5Fetch,3.756314992904663,30.078933420239554,1.608825922012329,1.8655719757080078
159,thin-chair,O-T2X-R,4.46718168258667,29.939925087829472,2.583221197128296,4.4445271492004395
159,thin-chair,ABL-ET2X-R-PreviousRawEdge-CatmullRomRGB-Fixed080,5.3899149894714355,28.06808106206227,1.8827232122421265,2.1979024410247803
159,thin-chair,ABL-ET2X-R-PreviousRawEdge-CatmullRomRGB-Fixed080-Recovered5Fetch,5.386186122894287,28.07367620240766,1.8796809911727905,2.1942267417907715
159,windows,O-T2X-R,5.305761814117432,26.1269427131362,5.550457000732422,7.605870246887207
159,windows,ABL-ET2X-R-PreviousRawEdge-CatmullRomRGB-Fixed080,6.105566501617432,25.107972892265465,4.025698661804199,4.183823585510254
159,windows,ABL-ET2X-R-PreviousRawEdge-CatmullRomRGB-Fixed080-Recovered5Fetch,6.1197590827941895,25.08471894559011,4.01386022567749,4.160322189331055
160,chairs,O-T2X-R,3.1634278297424316,31.554066621511126,2.1673383712768555,3.5657143592834473
160,chairs,ABL-ET2X-R-PreviousRawEdge-CatmullRomRGB-Fixed080,3.765836477279663,30.09978263142445,1.5430281162261963,1.8921626806259155
160,chairs,ABL-ET2X-R-PreviousRawEdge-CatmullRomRGB-Fixed080-Recovered5Fetch,3.764436960220337,30.103662026624363,1.540712594985962,1.8879060745239258
160,thin-chair,O-T2X-R,4.5717034339904785,29.57152624150849,2.790013313293457,4.619524955749512
160,thin-chair,ABL-ET2X-R-PreviousRawEdge-CatmullRomRGB-Fixed080,5.45448637008667,27.957952440064176,1.8855708837509155,2.2107317447662354
160,thin-chair,ABL-ET2X-R-PreviousRawEdge-CatmullRomRGB-Fixed080-Recovered5Fetch,5.452059745788574,27.96273475295122,1.8830788135528564,2.205376625061035
160,windows,O-T2X-R,4.78662109375,26.94638962571033,4.11953067779541,6.703621864318848
160,windows,ABL-ET2X-R-PreviousRawEdge-CatmullRomRGB-Fixed080,6.160823345184326,24.863759932489767,3.9159653186798096,4.138243675231934
160,windows,ABL-ET2X-R-PreviousRawEdge-CatmullRomRGB-Fixed080-Recovered5Fetch,6.18505859375,24.829514168746336,3.8971569538116455,4.111016273498535
161,chairs,O-T2X-R,3.0931639671325684,31.99880507585187,2.1486287117004395,3.3770923614501953
161,chairs,ABL-ET2X-R-PreviousRawEdge-CatmullRomRGB-Fixed080,3.771044969558716,30.10958430080432,1.5878238677978516,1.858114242553711
161,chairs,ABL-ET2X-R-PreviousRawEdge-CatmullRomRGB-Fixed080-Recovered5Fetch,3.7696125507354736,30.113133282125077,1.5855672359466553,1.8558223247528076
161,thin-chair,O-T2X-R,4.478071689605713,29.892238754474466,2.7528226375579834,4.462152004241943
161,thin-chair,ABL-ET2X-R-PreviousRawEdge-CatmullRomRGB-Fixed080,5.465849876403809,27.93932839937205,1.9260104894638062,2.252579689025879
161,thin-chair,ABL-ET2X-R-PreviousRawEdge-CatmullRomRGB-Fixed080-Recovered5Fetch,5.463068008422852,27.944186091746836,1.9227734804153442,2.249309539794922
161,windows,O-T2X-R,5.117252826690674,26.367285697091468,5.582139015197754,7.7204766273498535
161,windows,ABL-ET2X-R-PreviousRawEdge-CatmullRomRGB-Fixed080,6.043603420257568,25.140793553459964,4.016305446624756,4.135913372039795
161,windows,ABL-ET2X-R-PreviousRawEdge-CatmullRomRGB-Fixed080-Recovered5Fetch,6.070540428161621,25.107010915506066,4.002103328704834,4.105450630187988
162,chairs,O-T2X-R,3.147721290588379,31.62548992347141,2.2195589542388916,3.620871067047119
162,chairs,ABL-ET2X-R-PreviousRawEdge-CatmullRomRGB-Fixed080,3.7345378398895264,30.242158319512097,1.5689641237258911,1.8270330429077148
162,chairs,ABL-ET2X-R-PreviousRawEdge-CatmullRomRGB-Fixed080-Recovered5Fetch,3.733854055404663,30.244234457936457,1.5670404434204102,1.8249568939208984
162,thin-chair,O-T2X-R,4.502574443817139,29.69523418037084,2.84294056892395,4.684616565704346
162,thin-chair,ABL-ET2X-R-PreviousRawEdge-CatmullRomRGB-Fixed080,5.4455790519714355,28.03535824493531,1.896577000617981,2.1977202892303467
162,thin-chair,ABL-ET2X-R-PreviousRawEdge-CatmullRomRGB-Fixed080-Recovered5Fetch,5.443122863769531,28.03891906287192,1.8946894407272339,2.195721387863159
162,windows,O-T2X-R,5.082796096801758,26.34075766183452,4.121527194976807,6.794255256652832
162,windows,ABL-ET2X-R-PreviousRawEdge-CatmullRomRGB-Fixed080,6.456803321838379,24.50041648141147,3.9761803150177,4.156371593475342
162,windows,ABL-ET2X-R-PreviousRawEdge-CatmullRomRGB-Fixed080-Recovered5Fetch,6.476904392242432,24.472885060604803,3.9695446491241455,4.125803470611572
163,chairs,O-T2X-R,3.076188087463379,31.89794900649835,2.1160616874694824,3.4137814044952393
163,chairs,ABL-ET2X-R-PreviousRawEdge-CatmullRomRGB-Fixed080,3.7032389640808105,30.262606944601206,1.5586888790130615,1.7932612895965576
163,chairs,ABL-ET2X-R-PreviousRawEdge-CatmullRomRGB-Fixed080-Recovered5Fetch,3.703385353088379,30.265692486381756,1.5563256740570068,1.790618658065796
163,thin-chair,O-T2X-R,4.429243564605713,29.874118131923435,2.678619146347046,4.443047523498535
163,thin-chair,ABL-ET2X-R-PreviousRawEdge-CatmullRomRGB-Fixed080,5.44102144241333,28.006467225175168,1.872494101524353,2.140881299972534
163,thin-chair,ABL-ET2X-R-PreviousRawEdge-CatmullRomRGB-Fixed080-Recovered5Fetch,5.43906831741333,28.01117338631763,1.8696823120117188,2.1375861167907715
163,windows,O-T2X-R,5.110791206359863,26.531169056532583,5.880698204040527,8.0709228515625
163,windows,ABL-ET2X-R-PreviousRawEdge-CatmullRomRGB-Fixed080,6.382470607757568,24.542634752141957,4.070734977722168,4.268415451049805
163,windows,ABL-ET2X-R-PreviousRawEdge-CatmullRomRGB-Fixed080-Recovered5Fetch,6.405843257904053,24.5124728660539,4.055577278137207,4.253016471862793
164,chairs,O-T2X-R,3.076709032058716,31.833176467196495,2.0813658237457275,3.507655382156372
164,chairs,ABL-ET2X-R-PreviousRawEdge-CatmullRomRGB-Fixed080,3.642822265625,30.374546264790165,1.5836546421051025,1.855987787246704
164,chairs,ABL-ET2X-R-PreviousRawEdge-CatmullRomRGB-Fixed080-Recovered5Fetch,3.643261671066284,30.377534528035063,1.581481695175171,1.8529201745986938
164,thin-chair,O-T2X-R,4.415867805480957,29.797476309655742,2.6979217529296875,4.587249755859375
164,thin-chair,ABL-ET2X-R-PreviousRawEdge-CatmullRomRGB-Fixed080,5.2936787605285645,28.181418072823217,1.9561375379562378,2.224318504333496
164,thin-chair,ABL-ET2X-R-PreviousRawEdge-CatmullRomRGB-Fixed080-Recovered5Fetch,5.291015625,28.186997109670134,1.9532990455627441,2.221184015274048
164,windows,O-T2X-R,4.968684673309326,26.632160134842565,4.10410737991333,6.864401817321777
164,windows,ABL-ET2X-R-PreviousRawEdge-CatmullRomRGB-Fixed080,6.331152439117432,24.75659826236404,4.166051387786865,4.389983177185059
164,windows,ABL-ET2X-R-PreviousRawEdge-CatmullRomRGB-Fixed080-Recovered5Fetch,6.3570637702941895,24.724376687532246,4.139153003692627,4.359210014343262
165,chairs,O-T2X-R,3.1107420921325684,31.87481253759489,2.281947612762451,3.426799774169922
165,chairs,ABL-ET2X-R-PreviousRawEdge-CatmullRomRGB-Fixed080,3.664339303970337,30.302030557732756,1.6140798330307007,1.8312526941299438
165,chairs,ABL-ET2X-R-PreviousRawEdge-CatmullRomRGB-Fixed080-Recovered5Fetch,3.6636719703674316,30.305956095937965,1.6127281188964844,1.8285375833511353
165,thin-chair,O-T2X-R,4.427556991577148,29.865090293393436,2.8589067459106445,4.464822769165039
165,thin-chair,ABL-ET2X-R-PreviousRawEdge-CatmullRomRGB-Fixed080,5.24532413482666,28.253966906931485,1.9249638319015503,2.2079527378082275
165,thin-chair,ABL-ET2X-R-PreviousRawEdge-CatmullRomRGB-Fixed080-Recovered5Fetch,5.241536617279053,28.25994206182981,1.92424738407135,2.206199884414673
165,windows,O-T2X-R,5.3206706047058105,26.14430949334755,5.823260307312012,8.096015930175781
165,windows,ABL-ET2X-R-PreviousRawEdge-CatmullRomRGB-Fixed080,6.318180561065674,24.60989184500439,4.15027379989624,4.5089640617370605
165,windows,ABL-ET2X-R-PreviousRawEdge-CatmullRomRGB-Fixed080-Recovered5Fetch,6.339550971984863,24.578782931514493,4.144221305847168,4.4615983963012695
166,chairs,O-T2X-R,2.9649250507354736,32.106245153963464,2.0887346267700195,3.7592720985412598
166,chairs,ABL-ET2X-R-PreviousRawEdge-CatmullRomRGB-Fixed080,3.613297462463379,30.41278245761777,1.5493396520614624,1.902391791343689
166,chairs,ABL-ET2X-R-PreviousRawEdge-CatmullRomRGB-Fixed080-Recovered5Fetch,3.611604928970337,30.41749994373238,1.5477031469345093,1.8994319438934326
166,thin-chair,O-T2X-R,4.287849426269531,29.97304147510656,2.7176454067230225,4.842452526092529
166,thin-chair,ABL-ET2X-R-PreviousRawEdge-CatmullRomRGB-Fixed080,5.211263179779053,28.305188533217283,1.8869481086730957,2.1972923278808594
166,thin-chair,ABL-ET2X-R-PreviousRawEdge-CatmullRomRGB-Fixed080-Recovered5Fetch,5.2075934410095215,28.311239807913143,1.8838306665420532,2.1935033798217773
166,windows,O-T2X-R,5.314681053161621,25.587461569884535,4.383404731750488,7.213392734527588
166,windows,ABL-ET2X-R-PreviousRawEdge-CatmullRomRGB-Fixed080,6.653662204742432,24.06874143999403,4.037152290344238,4.193702697753906
166,windows,ABL-ET2X-R-PreviousRawEdge-CatmullRomRGB-Fixed080-Recovered5Fetch,6.6849284172058105,24.03531246412177,4.015633583068848,4.172924995422363
167,chairs,O-T2X-R,3.021240234375,31.915580613811127,2.0417730808258057,3.2149906158447266
167,chairs,ABL-ET2X-R-PreviousRawEdge-CatmullRomRGB-Fixed080,3.6052896976470947,30.420442416188376,1.542628288269043,1.7720531225204468
167,chairs,ABL-ET2X-R-PreviousRawEdge-CatmullRomRGB-Fixed080-Recovered5Fetch,3.603792428970337,30.42481561473678,1.540935754776001,1.7702891826629639
167,thin-chair,O-T2X-R,4.342655181884766,29.833691568949263,2.594196081161499,4.2388739585876465
167,thin-chair,ABL-ET2X-R-PreviousRawEdge-CatmullRomRGB-Fixed080,5.164535999298096,28.31812729287688,1.8618031740188599,2.1257681846618652
167,thin-chair,ABL-ET2X-R-PreviousRawEdge-CatmullRomRGB-Fixed080-Recovered5Fetch,5.160777568817139,28.32391326607813,1.8604785203933716,2.1225473880767822
167,windows,O-T2X-R,5.093896389007568,26.66422740253183,5.846599578857422,8.288952827453613
167,windows,ABL-ET2X-R-PreviousRawEdge-CatmullRomRGB-Fixed080,6.413720607757568,24.269155585047958,4.435927391052246,4.681534290313721
167,windows,ABL-ET2X-R-PreviousRawEdge-CatmullRomRGB-Fixed080-Recovered5Fetch,6.432226657867432,24.240724019889498,4.437217712402344,4.642808437347412
168,chairs,O-T2X-R,3.010481834411621,31.847962249869806,2.189131259918213,3.5510802268981934
168,chairs,ABL-ET2X-R-PreviousRawEdge-CatmullRomRGB-Fixed080,3.5316569805145264,30.702827721227315,1.56661057472229,1.8114192485809326
168,chairs,ABL-ET2X-R-PreviousRawEdge-CatmullRomRGB-Fixed080-Recovered5Fetch,3.531543016433716,30.706434415264926,1.5635675191879272,1.8106019496917725
168,thin-chair,O-T2X-R,4.3132100105285645,29.859908647060166,2.819169044494629,4.614652633666992
168,thin-chair,ABL-ET2X-R-PreviousRawEdge-CatmullRomRGB-Fixed080,5.10585355758667,28.526065566421973,1.835610270500183,2.1352200508117676
168,thin-chair,ABL-ET2X-R-PreviousRawEdge-CatmullRomRGB-Fixed080-Recovered5Fetch,5.103633880615234,28.53132370494327,1.8321242332458496,2.1338040828704834
168,windows,O-T2X-R,5.239518165588379,26.068021384670722,3.9862685203552246,7.3929853439331055
168,windows,ABL-ET2X-R-PreviousRawEdge-CatmullRomRGB-Fixed080,6.366129398345947,24.64032208200155,4.168729305267334,4.544358253479004
168,windows,ABL-ET2X-R-PreviousRawEdge-CatmullRomRGB-Fixed080-Recovered5Fetch,6.390625,24.6099380953699,4.151788234710693,4.543564796447754
169,chairs,O-T2X-R,3.0228190422058105,32.0565605931221,2.1160836219787598,3.331197738647461
169,chairs,ABL-ET2X-R-PreviousRawEdge-CatmullRomRGB-Fixed080,3.537858009338379,30.702190059166277,1.608698844909668,1.8840091228485107
169,chairs,ABL-ET2X-R-PreviousRawEdge-CatmullRomRGB-Fixed080-Recovered5Fetch,3.5382487773895264,30.705580116822805,1.606345772743225,1.8803762197494507
169,thin-chair,O-T2X-R,4.248846054077148,30.14157606395583,2.741633415222168,4.396974563598633
169,thin-chair,ABL-ET2X-R-PreviousRawEdge-CatmullRomRGB-Fixed080,5.128107070922852,28.495514523640693,1.903598427772522,2.2015602588653564
169,thin-chair,ABL-ET2X-R-PreviousRawEdge-CatmullRomRGB-Fixed080-Recovered5Fetch,5.126805305480957,28.500188480229657,1.9015250205993652,2.198589563369751
169,windows,O-T2X-R,4.797428607940674,26.85311312895939,5.68881893157959,7.6366868019104
169,windows,ABL-ET2X-R-PreviousRawEdge-CatmullRomRGB-Fixed080,6.319872856140137,24.528070643880028,4.132044792175293,4.458408355712891
169,windows,ABL-ET2X-R-PreviousRawEdge-CatmullRomRGB-Fixed080-Recovered5Fetch,6.3426432609558105,24.49875905647605,4.124830722808838,4.424759387969971
170,chairs,O-T2X-R,3.0105793476104736,32.02613246457612,2.140897512435913,3.5394599437713623
170,chairs,ABL-ET2X-R-PreviousRawEdge-CatmullRomRGB-Fixed080,3.597900390625,30.582102792269996,1.6182315349578857,1.904283881187439
170,chairs,ABL-ET2X-R-PreviousRawEdge-CatmullRomRGB-Fixed080-Recovered5Fetch,3.59716796875,30.58507326005547,1.6151546239852905,1.9013073444366455
170,thin-chair,O-T2X-R,4.285600185394287,30.038836284548477,2.733020782470703,4.601146221160889
170,thin-chair,ABL-ET2X-R-PreviousRawEdge-CatmullRomRGB-Fixed080,5.12831449508667,28.51519402118617,1.9037582874298096,2.2503678798675537
170,thin-chair,ABL-ET2X-R-PreviousRawEdge-CatmullRomRGB-Fixed080-Recovered5Fetch,5.125029563903809,28.520070418339824,1.9007689952850342,2.2485077381134033
170,windows,O-T2X-R,5.065706253051758,26.220954089603556,4.358506679534912,7.4259033203125
170,windows,ABL-ET2X-R-PreviousRawEdge-CatmullRomRGB-Fixed080,6.092805862426758,24.80464400423637,4.223119258880615,4.405972957611084
170,windows,ABL-ET2X-R-PreviousRawEdge-CatmullRomRGB-Fixed080-Recovered5Fetch,6.112060546875,24.78225566269073,4.214057445526123,4.391083717346191
171,chairs,O-T2X-R,3.0025391578674316,32.082782977695004,2.0722622871398926,3.2886416912078857
171,chairs,ABL-ET2X-R-PreviousRawEdge-CatmullRomRGB-Fixed080,3.5341145992279053,30.796369997985245,1.579993486404419,1.920294165611267
171,chairs,ABL-ET2X-R-PreviousRawEdge-CatmullRomRGB-Fixed080-Recovered5Fetch,3.533675193786621,30.79908066438319,1.577821135520935,1.9188350439071655
171,thin-chair,O-T2X-R,4.269560813903809,30.071271553882973,2.671846628189087,4.319138050079346
171,thin-chair,ABL-ET2X-R-PreviousRawEdge-CatmullRomRGB-Fixed080,5.092270374298096,28.62214750672805,1.9165648221969604,2.2893404960632324
171,thin-chair,ABL-ET2X-R-PreviousRawEdge-CatmullRomRGB-Fixed080-Recovered5Fetch,5.0904059410095215,28.626442444372447,1.9140921831130981,2.2888383865356445
171,windows,O-T2X-R,5.0413737297058105,26.571161117149018,5.9155683517456055,8.154472351074219
171,windows,ABL-ET2X-R-PreviousRawEdge-CatmullRomRGB-Fixed080,6.284440040588379,24.505035391347878,3.825014591217041,4.342870235443115
171,windows,ABL-ET2X-R-PreviousRawEdge-CatmullRomRGB-Fixed080-Recovered5Fetch,6.3017578125,24.484278712803395,3.8115234375,4.325577735900879
172,chairs,O-T2X-R,2.9820313453674316,31.917323075234634,2.1753106117248535,3.5027732849121094
172,chairs,ABL-ET2X-R-PreviousRawEdge-CatmullRomRGB-Fixed080,3.4851725101470947,30.843191593921677,1.527348279953003,1.8048439025878906
172,chairs,ABL-ET2X-R-PreviousRawEdge-CatmullRomRGB-Fixed080-Recovered5Fetch,3.4847331047058105,30.846655483764692,1.5241751670837402,1.8020260334014893
172,thin-chair,O-T2X-R,4.271395683288574,29.912871373189127,2.7600021362304688,4.530609607696533
172,thin-chair,ABL-ET2X-R-PreviousRawEdge-CatmullRomRGB-Fixed080,5.019383430480957,28.669541537204566,1.8498965501785278,2.169246196746826
172,thin-chair,ABL-ET2X-R-PreviousRawEdge-CatmullRomRGB-Fixed080-Recovered5Fetch,5.017666816711426,28.673826928693863,1.8457374572753906,2.166564702987671
172,windows,O-T2X-R,4.800455570220947,26.814536406660356,4.175717830657959,7.2898850440979
172,windows,ABL-ET2X-R-PreviousRawEdge-CatmullRomRGB-Fixed080,6.138655662536621,24.7661161831868,4.146629810333252,4.315975189208984
172,windows,ABL-ET2X-R-PreviousRawEdge-CatmullRomRGB-Fixed080-Recovered5Fetch,6.158609867095947,24.738040117636345,4.1408491134643555,4.288745403289795
173,chairs,O-T2X-R,2.9827637672424316,32.12234148694665,2.025031089782715,3.258017063140869
173,chairs,ABL-ET2X-R-PreviousRawEdge-CatmullRomRGB-Fixed080,3.467317819595337,30.90347367561258,1.560304880142212,1.8315227031707764
173,chairs,ABL-ET2X-R-PreviousRawEdge-CatmullRomRGB-Fixed080-Recovered5Fetch,3.467317819595337,30.906494380372113,1.557208776473999,1.8277394771575928
173,thin-chair,O-T2X-R,4.246064186096191,30.034180198928063,2.5615477561950684,4.221240520477295
173,thin-chair,ABL-ET2X-R-PreviousRawEdge-CatmullRomRGB-Fixed080,4.975704193115234,28.72592694386337,1.8804081678390503,2.223491907119751
173,thin-chair,ABL-ET2X-R-PreviousRawEdge-CatmullRomRGB-Fixed080-Recovered5Fetch,4.97383975982666,28.731007510939875,1.877238154411316,2.219099521636963
173,windows,O-T2X-R,4.910449028015137,26.835492756240352,5.670773983001709,7.9287567138671875
173,windows,ABL-ET2X-R-PreviousRawEdge-CatmullRomRGB-Fixed080,6.030191898345947,25.042701899608378,4.04117488861084,4.338379859924316
173,windows,ABL-ET2X-R-PreviousRawEdge-CatmullRomRGB-Fixed080-Recovered5Fetch,6.055273532867432,25.0129857113938,4.027942180633545,4.323554992675781
174,chairs,O-T2X-R,2.939957618713379,32.04654450964736,2.1803698539733887,3.5011649131774902
174,chairs,ABL-ET2X-R-PreviousRawEdge-CatmullRomRGB-Fixed080,3.4148926734924316,31.009494717748023,1.507746934890747,1.7946274280548096
174,chairs,ABL-ET2X-R-PreviousRawEdge-CatmullRomRGB-Fixed080-Recovered5Fetch,3.414046287536621,31.013265356007956,1.506612777709961,1.7906910181045532
174,thin-chair,O-T2X-R,4.184747695922852,30.061634177505493,2.7239294052124023,4.442968368530273
174,thin-chair,ABL-ET2X-R-PreviousRawEdge-CatmullRomRGB-Fixed080,4.910629749298096,28.84474447411849,1.799627423286438,2.1170098781585693
174,thin-chair,ABL-ET2X-R-PreviousRawEdge-CatmullRomRGB-Fixed080-Recovered5Fetch,4.907907009124756,28.849937498938996,1.7986762523651123,2.111682176589966
174,windows,O-T2X-R,4.911376953125,26.669498638108596,3.9707999229431152,7.082861423492432
174,windows,ABL-ET2X-R-PreviousRawEdge-CatmullRomRGB-Fixed080,6.137662887573242,24.678233855247804,3.8086998462677,4.005766868591309
174,windows,ABL-ET2X-R-PreviousRawEdge-CatmullRomRGB-Fixed080-Recovered5Fetch,6.157536029815674,24.65258869928061,3.8003273010253906,3.9858665466308594
175,chairs,O-T2X-R,2.9406087398529053,32.171923250158024,2.0361459255218506,3.2868523597717285
175,chairs,ABL-ET2X-R-PreviousRawEdge-CatmullRomRGB-Fixed080,3.4381673336029053,30.9789868986101,1.5636236667633057,1.8175828456878662
175,chairs,ABL-ET2X-R-PreviousRawEdge-CatmullRomRGB-Fixed080-Recovered5Fetch,3.437483787536621,30.983581976539533,1.5609540939331055,1.8148339986801147
175,thin-chair,O-T2X-R,4.171963691711426,30.139999915437166,2.559875249862671,4.159947395324707
175,thin-chair,ABL-ET2X-R-PreviousRawEdge-CatmullRomRGB-Fixed080,4.9038825035095215,28.873134222307097,1.8710845708847046,2.162797689437866
175,thin-chair,ABL-ET2X-R-PreviousRawEdge-CatmullRomRGB-Fixed080-Recovered5Fetch,4.901071071624756,28.879153275472852,1.8674498796463013,2.158097505569458
175,windows,O-T2X-R,4.544629096984863,27.504228490726184,5.5704803466796875,7.678560733795166
175,windows,ABL-ET2X-R-PreviousRawEdge-CatmullRomRGB-Fixed080,6.100553512573242,24.913515690255142,3.9843521118164062,4.303112983703613
175,windows,ABL-ET2X-R-PreviousRawEdge-CatmullRomRGB-Fixed080-Recovered5Fetch,6.1224284172058105,24.88546442345038,3.97441029548645,4.282895565032959
176,chairs,O-T2X-R,2.976106882095337,31.956721424348228,1.989534616470337,3.349641799926758
176,chairs,ABL-ET2X-R-PreviousRawEdge-CatmullRomRGB-Fixed080,3.50244140625,30.819941713550556,1.5949199199676514,1.8195457458496094
176,chairs,ABL-ET2X-R-PreviousRawEdge-CatmullRomRGB-Fixed080-Recovered5Fetch,3.5016112327575684,30.824306785505993,1.5934193134307861,1.8173859119415283
176,thin-chair,O-T2X-R,4.1672587394714355,30.0617685583942,2.604480266571045,4.366278171539307
176,thin-chair,ABL-ET2X-R-PreviousRawEdge-CatmullRomRGB-Fixed080,4.8864521980285645,28.880524965814654,1.8349379301071167,2.1251113414764404
176,thin-chair,ABL-ET2X-R-PreviousRawEdge-CatmullRomRGB-Fixed080-Recovered5Fetch,4.883167743682861,28.88715092596593,1.8335765600204468,2.12389874458313
176,windows,O-T2X-R,4.7112956047058105,27.04769304826597,4.102487087249756,7.068789482116699
176,windows,ABL-ET2X-R-PreviousRawEdge-CatmullRomRGB-Fixed080,5.9080729484558105,25.159054733614433,4.2452497482299805,4.437108039855957
176,windows,ABL-ET2X-R-PreviousRawEdge-CatmullRomRGB-Fixed080-Recovered5Fetch,5.918717384338379,25.143715330593608,4.236523628234863,4.4235124588012695
177,chairs,O-T2X-R,2.934358835220337,32.27158495522575,2.108339548110962,3.213479518890381
177,chairs,ABL-ET2X-R-PreviousRawEdge-CatmullRomRGB-Fixed080,3.50927734375,30.821911579455655,1.4849989414215088,1.8276796340942383
177,chairs,ABL-ET2X-R-PreviousRawEdge-CatmullRomRGB-Fixed080-Recovered5Fetch,3.509049415588379,30.82472850069245,1.4819324016571045,1.8266462087631226
177,thin-chair,O-T2X-R,4.12227725982666,30.253670277979626,2.490123748779297,4.092799186706543
177,thin-chair,ABL-ET2X-R-PreviousRawEdge-CatmullRomRGB-Fixed080,4.917820930480957,28.822058624356846,1.7908496856689453,2.1270644664764404
177,thin-chair,ABL-ET2X-R-PreviousRawEdge-CatmullRomRGB-Fixed080-Recovered5Fetch,4.915956497192383,28.827147562025324,1.7875888347625732,2.1267149448394775
177,windows,O-T2X-R,4.341243267059326,27.663187948421143,5.486977577209473,7.58914852142334
177,windows,ABL-ET2X-R-PreviousRawEdge-CatmullRomRGB-Fixed080,6.018278121948242,24.933414498115226,3.715085506439209,4.370439052581787
177,windows,ABL-ET2X-R-PreviousRawEdge-CatmullRomRGB-Fixed080-Recovered5Fetch,6.035302639007568,24.910217486123845,3.708693742752075,4.352755069732666
178,chairs,O-T2X-R,2.9019694328308105,32.11006039304312,2.059373617172241,3.454714298248291
178,chairs,ABL-ET2X-R-PreviousRawEdge-CatmullRomRGB-Fixed080,3.5281739234924316,30.556891631837328,1.5904791355133057,1.839775800704956
178,chairs,ABL-ET2X-R-PreviousRawEdge-CatmullRomRGB-Fixed080-Recovered5Fetch,3.5282390117645264,30.560051266239018,1.5881636142730713,1.8357069492340088
178,thin-chair,O-T2X-R,4.097478866577148,30.136892192089526,2.570892572402954,4.201956272125244
178,thin-chair,ABL-ET2X-R-PreviousRawEdge-CatmullRomRGB-Fixed080,4.960434436798096,28.567299805336397,1.8611091375350952,2.1927404403686523
178,thin-chair,ABL-ET2X-R-PreviousRawEdge-CatmullRomRGB-Fixed080-Recovered5Fetch,4.9584221839904785,28.572310286973213,1.8588253259658813,2.187979221343994
178,windows,O-T2X-R,4.918196678161621,26.485623655672086,4.143240928649902,7.566885471343994
178,windows,ABL-ET2X-R-PreviousRawEdge-CatmullRomRGB-Fixed080,5.789322853088379,25.211822508091032,4.1508355140686035,4.136085510253906
178,windows,ABL-ET2X-R-PreviousRawEdge-CatmullRomRGB-Fixed080-Recovered5Fetch,5.800114154815674,25.200821804716437,4.149319648742676,4.119748592376709
179,chairs,O-T2X-R,2.993945360183716,32.03369623597622,2.022247791290283,3.153733730316162
179,chairs,ABL-ET2X-R-PreviousRawEdge-CatmullRomRGB-Fixed080,3.5762858390808105,30.266745418717864,1.5630438327789307,1.862058401107788
179,chairs,ABL-ET2X-R-PreviousRawEdge-CatmullRomRGB-Fixed080-Recovered5Fetch,3.576432228088379,30.268705142984334,1.5603525638580322,1.8587967157363892
179,thin-chair,O-T2X-R,4.119377136230469,30.15236891746231,2.5489282608032227,4.085358142852783
179,thin-chair,ABL-ET2X-R-PreviousRawEdge-CatmullRomRGB-Fixed080,5.028202056884766,28.323182411010247,1.8408595323562622,2.181382179260254
179,thin-chair,ABL-ET2X-R-PreviousRawEdge-CatmullRomRGB-Fixed080-Recovered5Fetch,5.026278495788574,28.327484794027058,1.837002158164978,2.176194667816162
179,windows,O-T2X-R,4.8414387702941895,26.453861828984863,5.636224746704102,7.469185829162598
179,windows,ABL-ET2X-R-PreviousRawEdge-CatmullRomRGB-Fixed080,6.020947456359863,24.869209589138034,3.5166001319885254,4.1131696701049805
179,windows,ABL-ET2X-R-PreviousRawEdge-CatmullRomRGB-Fixed080-Recovered5Fetch,6.037385940551758,24.849593732578548,3.507760524749756,4.111510276794434
180,chairs,O-T2X-R,2.938037157058716,32.0527344131488,2.165947914123535,3.4902331829071045
180,chairs,ABL-ET2X-R-PreviousRawEdge-CatmullRomRGB-Fixed080,3.6593260765075684,30.008586287593573,1.6281955242156982,1.879232406616211
180,chairs,ABL-ET2X-R-PreviousRawEdge-CatmullRomRGB-Fixed080-Recovered5Fetch,3.659895896911621,30.01046813425991,1.6259877681732178,1.8753067255020142
180,thin-chair,O-T2X-R,4.069632053375244,30.208439481324486,2.657637119293213,4.381685733795166
180,thin-chair,ABL-ET2X-R-PreviousRawEdge-CatmullRomRGB-Fixed080,5.124171257019043,28.140105673545794,1.8771113157272339,2.2343850135803223
180,thin-chair,ABL-ET2X-R-PreviousRawEdge-CatmullRomRGB-Fixed080-Recovered5Fetch,5.122899055480957,28.14412468372985,1.874330997467041,2.2286856174468994
180,windows,O-T2X-R,4.524446487426758,27.193543767108615,4.158632278442383,7.394537448883057
180,windows,ABL-ET2X-R-PreviousRawEdge-CatmullRomRGB-Fixed080,5.773469924926758,25.32512958908423,3.8841404914855957,4.195690155029297
180,windows,ABL-ET2X-R-PreviousRawEdge-CatmullRomRGB-Fixed080-Recovered5Fetch,5.780615329742432,25.319602986460517,3.880297899246216,4.179347038269043
181,chairs,O-T2X-R,3.098583936691284,31.61831236571278,2.185051202774048,3.703850269317627
181,chairs,ABL-ET2X-R-PreviousRawEdge-CatmullRomRGB-Fixed080,3.692675828933716,29.84662784028824,0.5627862215042114,1.5702053308486938
181,chairs,ABL-ET2X-R-PreviousRawEdge-CatmullRomRGB-Fixed080-Recovered5Fetch,3.6939127445220947,29.846436996076903,0.5614162683486938,1.5657212734222412
181,thin-chair,O-T2X-R,4.322088241577148,29.778005070178235,2.739450454711914,4.615722179412842
181,thin-chair,ABL-ET2X-R-PreviousRawEdge-CatmullRomRGB-Fixed080,5.199662685394287,27.927613388231777,0.7561812996864319,1.8144335746765137
181,thin-chair,ABL-ET2X-R-PreviousRawEdge-CatmullRomRGB-Fixed080-Recovered5Fetch,5.200136184692383,27.928241397433574,0.7538807392120361,1.807364583015442
181,windows,O-T2X-R,4.244450092315674,27.97851152724271,3.842881679534912,6.253973484039307
181,windows,ABL-ET2X-R-PreviousRawEdge-CatmullRomRGB-Fixed080,4.962450981140137,26.442900028748216,1.5575988292694092,3.7095284461975098
181,windows,ABL-ET2X-R-PreviousRawEdge-CatmullRomRGB-Fixed080-Recovered5Fetch,4.968082904815674,26.439302811513613,1.5579584836959839,3.697305202484131
182,chairs,O-T2X-R,2.772656202316284,32.37857153842635,1.1791350841522217,3.2783122062683105
182,chairs,ABL-ET2X-R-PreviousRawEdge-CatmullRomRGB-Fixed080,3.680191993713379,29.841016686961353,0.22155117988586426,0.3413962721824646
182,chairs,ABL-ET2X-R-PreviousRawEdge-CatmullRomRGB-Fixed080-Recovered5Fetch,3.6808269023895264,29.840799563323955,0.22241318225860596,0.3390728235244751
182,thin-chair,O-T2X-R,3.896780252456665,30.58550969043736,1.5073323249816895,4.138525009155273
182,thin-chair,ABL-ET2X-R-PreviousRawEdge-CatmullRomRGB-Fixed080,5.1997809410095215,27.90039790921435,0.29344603419303894,0.4629521369934082
182,thin-chair,ABL-ET2X-R-PreviousRawEdge-CatmullRomRGB-Fixed080-Recovered5Fetch,5.200284004211426,27.900443157129104,0.29380181431770325,0.4601552188396454
182,windows,O-T2X-R,3.6632161140441895,29.098410892712096,1.6643444299697876,5.379538536071777
182,windows,ABL-ET2X-R-PreviousRawEdge-CatmullRomRGB-Fixed080,4.660888671875,26.89943109021506,0.5404031872749329,1.0188627243041992
182,windows,ABL-ET2X-R-PreviousRawEdge-CatmullRomRGB-Fixed080-Recovered5Fetch,4.665201663970947,26.897596872357102,0.5418187379837036,1.017918348312378
183,chairs,O-T2X-R,2.772656202316284,32.37857153842635,0.0,1.1791350841522217
183,chairs,ABL-ET2X-R-PreviousRawEdge-CatmullRomRGB-Fixed080,3.701936960220337,29.777902428141786,0.17346620559692383,0.04814775660634041
183,chairs,ABL-ET2X-R-PreviousRawEdge-CatmullRomRGB-Fixed080-Recovered5Fetch,3.7025554180145264,29.777708286395182,0.17302337288856506,0.04944556951522827
183,thin-chair,O-T2X-R,3.896780252456665,30.58550969043736,0.0,1.5073323249816895
183,thin-chair,ABL-ET2X-R-PreviousRawEdge-CatmullRomRGB-Fixed080,5.240263938903809,27.826050591377587,0.2288595736026764,0.06470059603452682
183,thin-chair,ABL-ET2X-R-PreviousRawEdge-CatmullRomRGB-Fixed080-Recovered5Fetch,5.240914821624756,27.82587329408214,0.22811871767044067,0.06578442454338074
183,windows,O-T2X-R,3.6632161140441895,29.098410892712096,0.0,1.6643444299697876
183,windows,ABL-ET2X-R-PreviousRawEdge-CatmullRomRGB-Fixed080,4.52490234375,27.074993399994298,0.421171098947525,0.12077192962169647
183,windows,ABL-ET2X-R-PreviousRawEdge-CatmullRomRGB-Fixed080-Recovered5Fetch,4.5284342765808105,27.07441531130165,0.4222603738307953,0.12078018486499786
184,chairs,O-T2X-R,2.772656202316284,32.37857153842635,0.0,0.0
184,chairs,ABL-ET2X-R-PreviousRawEdge-CatmullRomRGB-Fixed080,3.7459146976470947,29.687497201254757,0.13915379345417023,0.034326620399951935
184,chairs,ABL-ET2X-R-PreviousRawEdge-CatmullRomRGB-Fixed080-Recovered5Fetch,3.7461750507354736,29.687645148109105,0.13882951438426971,0.034215111285448074
184,thin-chair,O-T2X-R,3.896780252456665,30.58550969043736,0.0,0.0
184,thin-chair,ABL-ET2X-R-PreviousRawEdge-CatmullRomRGB-Fixed080,5.3053975105285645,27.730593900410238,0.18471622467041016,0.04416913911700249
184,thin-chair,ABL-ET2X-R-PreviousRawEdge-CatmullRomRGB-Fixed080-Recovered5Fetch,5.305841445922852,27.73067941576967,0.18385468423366547,0.04430263862013817
184,windows,O-T2X-R,3.6632161140441895,29.098410892712096,0.0,0.0
184,windows,ABL-ET2X-R-PreviousRawEdge-CatmullRomRGB-Fixed080,4.510449409484863,27.088437129915054,0.3361195921897888,0.08611072599887848
184,windows,ABL-ET2X-R-PreviousRawEdge-CatmullRomRGB-Fixed080-Recovered5Fetch,4.512369632720947,27.089156811064402,0.33731621503829956,0.08595471829175949
185,chairs,O-T2X-R,2.772656202316284,32.37857153842635,0.0,0.0
185,chairs,ABL-ET2X-R-PreviousRawEdge-CatmullRomRGB-Fixed080,3.7945148944854736,29.587028666389553,0.10881856828927994,0.030538219958543777
185,chairs,ABL-ET2X-R-PreviousRawEdge-CatmullRomRGB-Fixed080-Recovered5Fetch,3.7945799827575684,29.58721029825332,0.10829826444387436,0.030545473098754883
185,thin-chair,O-T2X-R,3.896780252456665,30.58550969043736,0.0,0.0
185,thin-chair,ABL-ET2X-R-PreviousRawEdge-CatmullRomRGB-Fixed080,5.373402118682861,27.627811487392073,0.14542770385742188,0.039644721895456314
185,thin-chair,ABL-ET2X-R-PreviousRawEdge-CatmullRomRGB-Fixed080-Recovered5Fetch,5.373727321624756,27.627700234589415,0.14436973631381989,0.03949794918298721
185,windows,O-T2X-R,3.6632161140441895,29.098410892712096,0.0,0.0
185,windows,ABL-ET2X-R-PreviousRawEdge-CatmullRomRGB-Fixed080,4.5426106452941895,27.01235683713223,0.2693100571632385,0.06777825951576233
185,windows,ABL-ET2X-R-PreviousRawEdge-CatmullRomRGB-Fixed080-Recovered5Fetch,4.543652534484863,27.01380513511205,0.26992759108543396,0.06823849678039551
186,chairs,O-T2X-R,2.772656202316284,32.37857153842635,0.0,0.0
186,chairs,ABL-ET2X-R-PreviousRawEdge-CatmullRomRGB-Fixed080,3.839648485183716,29.489228715734562,0.08414292335510254,0.024815306067466736
186,chairs,ABL-ET2X-R-PreviousRawEdge-CatmullRomRGB-Fixed080-Recovered5Fetch,3.8397297859191895,29.48930301156794,0.08385328203439713,0.024479940533638
186,thin-chair,O-T2X-R,3.896780252456665,30.58550969043736,0.0,0.0
186,thin-chair,ABL-ET2X-R-PreviousRawEdge-CatmullRomRGB-Fixed080,5.435872554779053,27.529187296586898,0.11142785102128983,0.03424093872308731
186,thin-chair,ABL-ET2X-R-PreviousRawEdge-CatmullRomRGB-Fixed080-Recovered5Fetch,5.436286926269531,27.528981328152852,0.11111745983362198,0.03330299258232117
186,windows,O-T2X-R,3.6632161140441895,29.098410892712096,0.0,0.0
186,windows,ABL-ET2X-R-PreviousRawEdge-CatmullRomRGB-Fixed080,4.590283393859863,26.89276903951354,0.21598868072032928,0.05376773327589035
186,windows,ABL-ET2X-R-PreviousRawEdge-CatmullRomRGB-Fixed080-Recovered5Fetch,4.591064453125,26.89506287477638,0.21701303124427795,0.053402435034513474
187,chairs,O-T2X-R,2.772656202316284,32.37857153842635,0.0,0.0
187,chairs,ABL-ET2X-R-PreviousRawEdge-CatmullRomRGB-Fixed080,3.8773274421691895,29.39862828346655,0.06336291134357452,0.020787155255675316
187,chairs,ABL-ET2X-R-PreviousRawEdge-CatmullRomRGB-Fixed080-Recovered5Fetch,3.877392530441284,29.39871524301417,0.06332093477249146,0.020623046904802322
187,thin-chair,O-T2X-R,3.896780252456665,30.58550969043736,0.0,0.0
187,thin-chair,ABL-ET2X-R-PreviousRawEdge-CatmullRomRGB-Fixed080,5.487630367279053,27.43996221887537,0.08368528634309769,0.027755510061979294
187,thin-chair,ABL-ET2X-R-PreviousRawEdge-CatmullRomRGB-Fixed080-Recovered5Fetch,5.48807430267334,27.439713527637785,0.08354630321264267,0.027736036106944084
187,windows,O-T2X-R,3.6632161140441895,29.098410892712096,0.0,0.0
187,windows,ABL-ET2X-R-PreviousRawEdge-CatmullRomRGB-Fixed080,4.642675876617432,26.760645416224964,0.17295345664024353,0.04375297576189041
187,windows,ABL-ET2X-R-PreviousRawEdge-CatmullRomRGB-Fixed080-Recovered5Fetch,4.643717288970947,26.762661094600094,0.17349617183208466,0.044151585549116135
188,chairs,O-T2X-R,2.772656202316284,32.37857153842635,0.0,0.0
188,chairs,ABL-ET2X-R-PreviousRawEdge-CatmullRomRGB-Fixed080,3.9105143547058105,29.31557494884514,0.04665340855717659,0.016709569841623306
188,chairs,ABL-ET2X-R-PreviousRawEdge-CatmullRomRGB-Fixed080-Recovered5Fetch,3.9105143547058105,29.315712494057728,0.04696109890937805,0.016359902918338776
188,thin-chair,O-T2X-R,3.896780252456665,30.58550969043736,0.0,0.0
188,thin-chair,ABL-ET2X-R-PreviousRawEdge-CatmullRomRGB-Fixed080,5.533114433288574,27.357908752688683,0.06331738829612732,0.02036799117922783
188,thin-chair,ABL-ET2X-R-PreviousRawEdge-CatmullRomRGB-Fixed080-Recovered5Fetch,5.53341007232666,27.357665547782084,0.06343832612037659,0.020108066499233246
188,windows,O-T2X-R,3.6632161140441895,29.098410892712096,0.0,0.0
188,windows,ABL-ET2X-R-PreviousRawEdge-CatmullRomRGB-Fixed080,4.696240425109863,26.627878110601422,0.13629867136478424,0.03731657192111015
188,windows,ABL-ET2X-R-PreviousRawEdge-CatmullRomRGB-Fixed080-Recovered5Fetch,4.696679592132568,26.629900159629372,0.13709227740764618,0.037127960473299026
189,chairs,O-T2X-R,2.772656202316284,32.37857153842635,0.0,0.0
189,chairs,ABL-ET2X-R-PreviousRawEdge-CatmullRomRGB-Fixed080,3.937711477279663,29.245295044585372,0.03395641967654228,0.012704086489975452
189,chairs,ABL-ET2X-R-PreviousRawEdge-CatmullRomRGB-Fixed080-Recovered5Fetch,3.9378092288970947,29.245369993495984,0.03399159759283066,0.012969556264579296
189,thin-chair,O-T2X-R,3.896780252456665,30.58550969043736,0.0,0.0
189,thin-chair,ABL-ET2X-R-PreviousRawEdge-CatmullRomRGB-Fixed080,5.571407318115234,27.286893458141677,0.04696924611926079,0.016361050307750702
189,thin-chair,ABL-ET2X-R-PreviousRawEdge-CatmullRomRGB-Fixed080-Recovered5Fetch,5.571732997894287,27.286854171591187,0.046937551349401474,0.01650085859000683
189,windows,O-T2X-R,3.6632161140441895,29.098410892712096,0.0,0.0
189,windows,ABL-ET2X-R-PreviousRawEdge-CatmullRomRGB-Fixed080,4.749316215515137,26.50303456262925,0.10771031677722931,0.029116611927747726
189,windows,ABL-ET2X-R-PreviousRawEdge-CatmullRomRGB-Fixed080-Recovered5Fetch,4.749430179595947,26.505039405732337,0.10820295661687851,0.029299670830368996
190,chairs,O-T2X-R,2.772656202316284,32.37857153842635,0.0,0.0
190,chairs,ABL-ET2X-R-PreviousRawEdge-CatmullRomRGB-Fixed080,3.959439992904663,29.186831527257546,0.024567728862166405,0.009388732723891735
190,chairs,ABL-ET2X-R-PreviousRawEdge-CatmullRomRGB-Fixed080-Recovered5Fetch,3.9593424797058105,29.18726592945296,0.02412482723593712,0.009866807609796524
190,thin-chair,O-T2X-R,3.896780252456665,30.58550969043736,0.0,0.0
190,thin-chair,ABL-ET2X-R-PreviousRawEdge-CatmullRomRGB-Fixed080,5.602598190307617,27.22750506406523,0.03374187648296356,0.013227427378296852
190,thin-chair,ABL-ET2X-R-PreviousRawEdge-CatmullRomRGB-Fixed080-Recovered5Fetch,5.602627754211426,27.227806757061124,0.03327294439077377,0.01366465911269188
190,windows,O-T2X-R,3.6632161140441895,29.098410892712096,0.0,0.0
190,windows,ABL-ET2X-R-PreviousRawEdge-CatmullRomRGB-Fixed080,4.797184467315674,26.39100801301991,0.08412939310073853,0.02381069026887417
190,windows,ABL-ET2X-R-PreviousRawEdge-CatmullRomRGB-Fixed080-Recovered5Fetch,4.797411918640137,26.39282322130657,0.08457827568054199,0.023896358907222748
191,chairs,O-T2X-R,2.772656202316284,32.37857153842635,0.0,0.0
191,chairs,ABL-ET2X-R-PreviousRawEdge-CatmullRomRGB-Fixed080,3.9751627445220947,29.14155475472615,0.016946006566286087,0.007628788705915213
191,chairs,ABL-ET2X-R-PreviousRawEdge-CatmullRomRGB-Fixed080-Recovered5Fetch,3.9750163555145264,29.142185395973907,0.01686936616897583,0.007255478296428919
191,thin-chair,O-T2X-R,3.896780252456665,30.58550969043736,0.0,0.0
191,thin-chair,ABL-ET2X-R-PreviousRawEdge-CatmullRomRGB-Fixed080,5.625147819519043,27.181442611820184,0.02354060858488083,0.010214108042418957
191,thin-chair,ABL-ET2X-R-PreviousRawEdge-CatmullRomRGB-Fixed080-Recovered5Fetch,5.625147819519043,27.181948839296297,0.02340126223862171,0.009871707297861576
191,windows,O-T2X-R,3.6632161140441895,29.098410892712096,0.0,0.0
191,windows,ABL-ET2X-R-PreviousRawEdge-CatmullRomRGB-Fixed080,4.840624809265137,26.29015940643512,0.06380224227905273,0.020459771156311035
191,windows,ABL-ET2X-R-PreviousRawEdge-CatmullRomRGB-Fixed080-Recovered5Fetch,4.841048240661621,26.291711642987945,0.06393714249134064,0.020759647712111473
192,chairs,O-T2X-R,2.772656202316284,32.37857153842635,0.0,0.0
192,chairs,ABL-ET2X-R-PreviousRawEdge-CatmullRomRGB-Fixed080,3.9866862297058105,29.106317838680788,0.011652353219687939,0.005293665919452906
192,chairs,ABL-ET2X-R-PreviousRawEdge-CatmullRomRGB-Fixed080-Recovered5Fetch,3.986360788345337,29.107108910755713,0.011261356994509697,0.005608020815998316
192,thin-chair,O-T2X-R,3.896780252456665,30.58550969043736,0.0,0.0
192,thin-chair,ABL-ET2X-R-PreviousRawEdge-CatmullRomRGB-Fixed080,5.641749382019043,27.145499127942916,0.016871394589543343,0.006669232621788979
192,thin-chair,ABL-ET2X-R-PreviousRawEdge-CatmullRomRGB-Fixed080-Recovered5Fetch,5.641660690307617,27.14600012631824,0.01657920889556408,0.006822071969509125
192,windows,O-T2X-R,3.6632161140441895,29.098410892712096,0.0,0.0
192,windows,ABL-ET2X-R-PreviousRawEdge-CatmullRomRGB-Fixed080,4.876253128051758,26.205385478247997,0.046709123998880386,0.0171696487814188
192,windows,ABL-ET2X-R-PreviousRawEdge-CatmullRomRGB-Fixed080-Recovered5Fetch,4.876692771911621,26.20688813017615,0.046673692762851715,0.017319204285740852
193,chairs,O-T2X-R,2.772656202316284,32.37857153842635,0.0,0.0
193,chairs,ABL-ET2X-R-PreviousRawEdge-CatmullRomRGB-Fixed080,3.994661569595337,29.079162976677733,0.007846454158425331,0.003805904882028699
193,chairs,ABL-ET2X-R-PreviousRawEdge-CatmullRomRGB-Fixed080-Recovered5Fetch,3.9942219257354736,29.080437280660632,0.007713875267654657,0.0035474873147904873
193,thin-chair,O-T2X-R,3.896780252456665,30.58550969043736,0.0,0.0
193,thin-chair,ABL-ET2X-R-PreviousRawEdge-CatmullRomRGB-Fixed080,5.6540303230285645,27.117137032858665,0.012256193906068802,0.004615208599716425
193,thin-chair,ABL-ET2X-R-PreviousRawEdge-CatmullRomRGB-Fixed080-Recovered5Fetch,5.653764247894287,27.118143585870314,0.012034019455313683,0.0045451996847987175
193,windows,O-T2X-R,3.6632161140441895,29.098410892712096,0.0,0.0
193,windows,ABL-ET2X-R-PreviousRawEdge-CatmullRomRGB-Fixed080,4.904313087463379,26.13496970723873,0.03375580161809921,0.012960466556251049
193,windows,ABL-ET2X-R-PreviousRawEdge-CatmullRomRGB-Fixed080-Recovered5Fetch,4.904866695404053,26.1362736070873,0.03383501246571541,0.012845831923186779
194,chairs,O-T2X-R,2.772656202316284,32.37857153842635,0.0,0.0
194,chairs,ABL-ET2X-R-PreviousRawEdge-CatmullRomRGB-Fixed080,4.000292778015137,29.0582266588001,0.005356551613658667,0.002489906270056963
194,chairs,ABL-ET2X-R-PreviousRawEdge-CatmullRomRGB-Fixed080-Recovered5Fetch,3.999788522720337,29.059764435084006,0.005353280808776617,0.002360599348321557
194,thin-chair,O-T2X-R,3.896780252456665,30.58550969043736,0.0,0.0
194,thin-chair,ABL-ET2X-R-PreviousRawEdge-CatmullRomRGB-Fixed080,5.662849426269531,27.095004436487017,0.008590429089963436,0.0036657736636698246
194,thin-chair,ABL-ET2X-R-PreviousRawEdge-CatmullRomRGB-Fixed080-Recovered5Fetch,5.662405490875244,27.09640692913894,0.008457491174340248,0.003576533403247595
194,windows,O-T2X-R,3.6632161140441895,29.098410892712096,0.0,0.0
194,windows,ABL-ET2X-R-PreviousRawEdge-CatmullRomRGB-Fixed080,4.927001953125,26.076318734585954,0.02458878420293331,0.009180807508528233
194,windows,ABL-ET2X-R-PreviousRawEdge-CatmullRomRGB-Fixed080-Recovered5Fetch,4.9276041984558105,26.077479581042123,0.02466214820742607,0.00918665248900652
195,chairs,O-T2X-R,2.772656202316284,32.37857153842635,0.0,0.0
195,chairs,ABL-ET2X-R-PreviousRawEdge-CatmullRomRGB-Fixed080,4.004199028015137,29.04250067141929,0.003778476268053055,0.0015780788380652666
195,chairs,ABL-ET2X-R-PreviousRawEdge-CatmullRomRGB-Fixed080-Recovered5Fetch,4.003743648529053,29.043967876789182,0.003778222482651472,0.0015750614693388343
195,thin-chair,O-T2X-R,3.896780252456665,30.58550969043736,0.0,0.0
195,thin-chair,ABL-ET2X-R-PreviousRawEdge-CatmullRomRGB-Fixed080,5.669270992279053,27.07803892424049,0.006346608512103558,0.002243825001642108
195,thin-chair,ABL-ET2X-R-PreviousRawEdge-CatmullRomRGB-Fixed080-Recovered5Fetch,5.668856620788574,27.079433086846745,0.006308398675173521,0.0021490987855941057
195,windows,O-T2X-R,3.6632161140441895,29.098410892712096,0.0,0.0
195,windows,ABL-ET2X-R-PreviousRawEdge-CatmullRomRGB-Fixed080,4.944238185882568,26.029463856026766,0.017765892669558525,0.006829991936683655
195,windows,ABL-ET2X-R-PreviousRawEdge-CatmullRomRGB-Fixed080-Recovered5Fetch,4.944889545440674,26.030485992337475,0.017786208540201187,0.0068830461241304874
196,chairs,O-T2X-R,2.772656202316284,32.37857153842635,0.0,0.0
196,chairs,ABL-ET2X-R-PreviousRawEdge-CatmullRomRGB-Fixed080,4.006770610809326,29.03130508971804,0.0024537101853638887,0.001324767479673028
196,chairs,ABL-ET2X-R-PreviousRawEdge-CatmullRomRGB-Fixed080-Recovered5Fetch,4.00634765625,29.032658814256532,0.0024921575095504522,0.0012860663700848818
196,thin-chair,O-T2X-R,3.896780252456665,30.58550969043736,0.0,0.0
196,thin-chair,ABL-ET2X-R-PreviousRawEdge-CatmullRomRGB-Fixed080,5.67344331741333,27.0661151723819,0.004095808137208223,0.002250801771879196
196,thin-chair,ABL-ET2X-R-PreviousRawEdge-CatmullRomRGB-Fixed080-Recovered5Fetch,5.67305850982666,27.067425881476193,0.004102218430489302,0.002206181874498725
196,windows,O-T2X-R,3.6632161140441895,29.098410892712096,0.0,0.0
196,windows,ABL-ET2X-R-PreviousRawEdge-CatmullRomRGB-Fixed080,4.956754684448242,25.993515295317515,0.012636194005608559,0.005129737313836813
196,windows,ABL-ET2X-R-PreviousRawEdge-CatmullRomRGB-Fixed080-Recovered5Fetch,4.957437992095947,25.994531841320246,0.01268854457885027,0.0050976951606571674
197,chairs,O-T2X-R,2.772656202316284,32.37857153842635,0.0,0.0
197,chairs,ABL-ET2X-R-PreviousRawEdge-CatmullRomRGB-Fixed080,4.0084309577941895,29.023295358628815,0.0016875782748684287,0.0007661334238946438
197,chairs,ABL-ET2X-R-PreviousRawEdge-CatmullRomRGB-Fixed080-Recovered5Fetch,4.008040428161621,29.024497199855883,0.0017014846671372652,0.0007906745304353535
197,thin-chair,O-T2X-R,3.896780252456665,30.58550969043736,0.0,0.0
197,thin-chair,ABL-ET2X-R-PreviousRawEdge-CatmullRomRGB-Fixed080,5.676313877105713,27.057147926556645,0.0029739527963101864,0.0011218584841117263
197,thin-chair,ABL-ET2X-R-PreviousRawEdge-CatmullRomRGB-Fixed080-Recovered5Fetch,5.675958633422852,27.058346700528496,0.0029803623910993338,0.0011218584841117263
197,windows,O-T2X-R,3.6632161140441895,29.098410892712096,0.0,0.0
197,windows,ABL-ET2X-R-PreviousRawEdge-CatmullRomRGB-Fixed080,4.965836524963379,25.966865481458225,0.009106546640396118,0.003529667854309082
197,windows,ABL-ET2X-R-PreviousRawEdge-CatmullRomRGB-Fixed080-Recovered5Fetch,4.966504096984863,25.967828286339522,0.009092581458389759,0.0035959859378635883
198,chairs,O-T2X-R,2.772656202316284,32.37857153842635,0.0,0.0
198,chairs,ABL-ET2X-R-PreviousRawEdge-CatmullRomRGB-Fixed080,4.009439945220947,29.017985680556304,0.0009796388912945986,0.000707940140273422
198,chairs,ABL-ET2X-R-PreviousRawEdge-CatmullRomRGB-Fixed080-Recovered5Fetch,4.009098529815674,29.019028721592758,0.0010353223187848926,0.00066616281401366
198,thin-chair,O-T2X-R,3.896780252456665,30.58550969043736,0.0,0.0
198,thin-chair,ABL-ET2X-R-PreviousRawEdge-CatmullRomRGB-Fixed080,5.678089618682861,27.051130073241488,0.001743412809446454,0.0012305408017709851
198,thin-chair,ABL-ET2X-R-PreviousRawEdge-CatmullRomRGB-Fixed080-Recovered5Fetch,5.677763938903809,27.05226773707398,0.001806907239370048,0.0011734564322978258
198,windows,O-T2X-R,3.6632161140441895,29.098410892712096,0.0,0.0
198,windows,ABL-ET2X-R-PreviousRawEdge-CatmullRomRGB-Fixed080,4.972623825073242,25.946684507834775,0.006290438584983349,0.002816120395436883
198,windows,ABL-ET2X-R-PreviousRawEdge-CatmullRomRGB-Fixed080-Recovered5Fetch,4.973340034484863,25.94754744593964,0.006342343986034393,0.002750250045210123
199,chairs,O-T2X-R,2.772656202316284,32.37857153842635,0.0,0.0
199,chairs,ABL-ET2X-R-PreviousRawEdge-CatmullRomRGB-Fixed080,4.009749412536621,29.01604822404716,0.00030334951588883996,0.0006762892589904368
199,chairs,ABL-ET2X-R-PreviousRawEdge-CatmullRomRGB-Fixed080-Recovered5Fetch,4.0094075202941895,29.01709079981441,0.00030334951588883996,0.0007319728028960526
199,thin-chair,O-T2X-R,3.896780252456665,30.58550969043736,0.0,0.0
199,thin-chair,ABL-ET2X-R-PreviousRawEdge-CatmullRomRGB-Fixed080,5.678651809692383,27.048890248008796,0.0005515445373021066,0.0011918683303520083
199,thin-chair,ABL-ET2X-R-PreviousRawEdge-CatmullRomRGB-Fixed080-Recovered5Fetch,5.67832612991333,27.050027325178366,0.0005515445373021066,0.0012553625274449587
199,windows,O-T2X-R,3.6632161140441895,29.098410892712096,0.0,0.0
199,windows,ABL-ET2X-R-PreviousRawEdge-CatmullRomRGB-Fixed080,4.977864742279053,25.930630616008315,0.004780906252563,0.0015095429262146354
199,windows,ABL-ET2X-R-PreviousRawEdge-CatmullRomRGB-Fixed080-Recovered5Fetch,4.978515625,25.931568646593,0.004728552885353565,0.001613800646737218
200,chairs,O-T2X-R,2.772656202316284,32.37857153842635,0.0,0.0
200,chairs,ABL-ET2X-R-PreviousRawEdge-CatmullRomRGB-Fixed080,4.0098958015441895,29.01503189266859,0.0001219433470396325,0.00018140619795303792
200,chairs,ABL-ET2X-R-PreviousRawEdge-CatmullRomRGB-Fixed080-Recovered5Fetch,4.009553909301758,29.016074224452623,0.0001219433470396325,0.00018140619795303792
200,thin-chair,O-T2X-R,3.896780252456665,30.58550969043736,0.0,0.0
200,thin-chair,ABL-ET2X-R-PreviousRawEdge-CatmullRomRGB-Fixed080,5.67891788482666,27.047715253885304,0.00022171517775859684,0.0003298294614069164
200,thin-chair,ABL-ET2X-R-PreviousRawEdge-CatmullRomRGB-Fixed080-Recovered5Fetch,5.678592681884766,27.048852023417275,0.00022171517775859684,0.0003298294614069164
200,windows,O-T2X-R,3.6632161140441895,29.098410892712096,0.0,0.0
200,windows,ABL-ET2X-R-PreviousRawEdge-CatmullRomRGB-Fixed080,4.981770992279053,25.91820616816596,0.003337068483233452,0.0014438478974625468
200,windows,ABL-ET2X-R-PreviousRawEdge-CatmullRomRGB-Fixed080-Recovered5Fetch,4.982405662536621,25.919234308224546,0.0032741394825279713,0.0014544238802045584
201,chairs,O-T2X-R,2.772656202316284,32.37857153842635,0.0,0.0
201,chairs,ABL-ET2X-R-PreviousRawEdge-CatmullRomRGB-Fixed080,4.009944438934326,29.014677329411022,4.8828147555468604e-05,7.311524677788839e-05
201,chairs,ABL-ET2X-R-PreviousRawEdge-CatmullRomRGB-Fixed080-Recovered5Fetch,4.009603023529053,29.01571998231549,4.8828147555468604e-05,7.311524677788839e-05
201,thin-chair,O-T2X-R,3.896780252456665,30.58550969043736,0.0,0.0
201,thin-chair,ABL-ET2X-R-PreviousRawEdge-CatmullRomRGB-Fixed080,5.679007053375244,27.047305759211262,8.877844811649993e-05,0.00013293680967763066
201,thin-chair,ABL-ET2X-R-PreviousRawEdge-CatmullRomRGB-Fixed080-Recovered5Fetch,5.678681373596191,27.048442421548682,8.877844811649993e-05,0.00013293680967763066
201,windows,O-T2X-R,3.6632161140441895,29.098410892712096,0.0,0.0
201,windows,ABL-ET2X-R-PreviousRawEdge-CatmullRomRGB-Fixed080,4.984521389007568,25.90914263367308,0.002241181442514062,0.0010958949569612741
201,windows,ABL-ET2X-R-PreviousRawEdge-CatmullRomRGB-Fixed080-Recovered5Fetch,4.9852375984191895,25.90990078266255,0.0022477831225842237,0.0010263639269396663
202,chairs,O-T2X-R,2.772656202316284,32.37857153842635,0.0,0.0
202,chairs,ABL-ET2X-R-PreviousRawEdge-CatmullRomRGB-Fixed080,4.009961128234863,29.014557117512094,3.5253819987701718e-06,4.530276783043519e-05
202,chairs,ABL-ET2X-R-PreviousRawEdge-CatmullRomRGB-Fixed080-Recovered5Fetch,4.009619235992432,29.015599335339907,3.5253819987701718e-06,4.530276783043519e-05
202,thin-chair,O-T2X-R,3.896780252456665,30.58550969043736,0.0,0.0
202,thin-chair,ABL-ET2X-R-PreviousRawEdge-CatmullRomRGB-Fixed080,5.679036617279053,27.047166343605827,6.4097853282873984e-06,8.236866415245458e-05
202,thin-chair,ABL-ET2X-R-PreviousRawEdge-CatmullRomRGB-Fixed080-Recovered5Fetch,5.6787109375,27.048303485931328,6.4097853282873984e-06,8.236866415245458e-05
202,windows,O-T2X-R,3.6632161140441895,29.098410892712096,0.0,0.0
202,windows,ABL-ET2X-R-PreviousRawEdge-CatmullRomRGB-Fixed080,4.986409664154053,25.903233768144517,0.0014872265746816993,0.0007539596990682185
202,windows,ABL-ET2X-R-PreviousRawEdge-CatmullRomRGB-Fixed080-Recovered5Fetch,4.987076759338379,25.904155977725804,0.0014176367549225688,0.0008301511406898499
203,chairs,O-T2X-R,2.772656202316284,32.37857153842635,0.0,0.0
203,chairs,ABL-ET2X-R-PreviousRawEdge-CatmullRomRGB-Fixed080,4.009961128234863,29.014557117512094,0.0,3.5253819987701718e-06
203,chairs,ABL-ET2X-R-PreviousRawEdge-CatmullRomRGB-Fixed080-Recovered5Fetch,4.009619235992432,29.015599335339907,0.0,3.5253819987701718e-06
203,thin-chair,O-T2X-R,3.896780252456665,30.58550969043736,0.0,0.0
203,thin-chair,ABL-ET2X-R-PreviousRawEdge-CatmullRomRGB-Fixed080,5.679036617279053,27.047166343605827,0.0,6.4097853282873984e-06
203,thin-chair,ABL-ET2X-R-PreviousRawEdge-CatmullRomRGB-Fixed080-Recovered5Fetch,5.6787109375,27.048303485931328,0.0,6.4097853282873984e-06
203,windows,O-T2X-R,3.6632161140441895,29.098410892712096,0.0,0.0
203,windows,ABL-ET2X-R-PreviousRawEdge-CatmullRomRGB-Fixed080,4.9876790046691895,25.89955996943057,0.0009654877940192819,0.0005217416910454631
203,windows,ABL-ET2X-R-PreviousRawEdge-CatmullRomRGB-Fixed080-Recovered5Fetch,4.988313674926758,25.900693942517293,0.0008855173364281654,0.0005321225035004318
204,chairs,O-T2X-R,2.772656202316284,32.37857153842635,0.0,0.0
204,chairs,ABL-ET2X-R-PreviousRawEdge-CatmullRomRGB-Fixed080,4.009961128234863,29.014557117512094,0.0,0.0
204,chairs,ABL-ET2X-R-PreviousRawEdge-CatmullRomRGB-Fixed080-Recovered5Fetch,4.009619235992432,29.015599335339907,0.0,0.0
204,thin-chair,O-T2X-R,3.896780252456665,30.58550969043736,0.0,0.0
204,thin-chair,ABL-ET2X-R-PreviousRawEdge-CatmullRomRGB-Fixed080,5.679036617279053,27.047166343605827,0.0,0.0
204,thin-chair,ABL-ET2X-R-PreviousRawEdge-CatmullRomRGB-Fixed080-Recovered5Fetch,5.6787109375,27.048303485931328,0.0,0.0
204,windows,O-T2X-R,3.6632161140441895,29.098410892712096,0.0,0.0
204,windows,ABL-ET2X-R-PreviousRawEdge-CatmullRomRGB-Fixed080,4.988379001617432,25.897800914672466,0.0004653515643440187,0.0005001375684514642
204,windows,ABL-ET2X-R-PreviousRawEdge-CatmullRomRGB-Fixed080-Recovered5Fetch,4.988981246948242,25.899029958381725,0.00045144525938667357,0.00043407324119471014
205,chairs,O-T2X-R,2.772656202316284,32.37857153842635,0.0,0.0
205,chairs,ABL-ET2X-R-PreviousRawEdge-CatmullRomRGB-Fixed080,4.009961128234863,29.014557117512094,0.0,0.0
205,chairs,ABL-ET2X-R-PreviousRawEdge-CatmullRomRGB-Fixed080-Recovered5Fetch,4.009619235992432,29.015599335339907,0.0,0.0
205,thin-chair,O-T2X-R,3.896780252456665,30.58550969043736,0.0,0.0
205,thin-chair,ABL-ET2X-R-PreviousRawEdge-CatmullRomRGB-Fixed080,5.679036617279053,27.047166343605827,0.0,0.0
205,thin-chair,ABL-ET2X-R-PreviousRawEdge-CatmullRomRGB-Fixed080-Recovered5Fetch,5.6787109375,27.048303485931328,0.0,0.0
205,windows,O-T2X-R,3.6632161140441895,29.098410892712096,0.0,0.0
205,windows,ABL-ET2X-R-PreviousRawEdge-CatmullRomRGB-Fixed080,4.988704204559326,25.89691650378508,0.00026752924895845354,0.00019782297022175044
205,windows,ABL-ET2X-R-PreviousRawEdge-CatmullRomRGB-Fixed080-Recovered5Fetch,4.989306449890137,25.8981452971981,0.00026752930716611445,0.0001839166070567444
206,chairs,O-T2X-R,2.772656202316284,32.37857153842635,0.0,0.0
206,chairs,ABL-ET2X-R-PreviousRawEdge-CatmullRomRGB-Fixed080,4.009961128234863,29.014557117512094,0.0,0.0
206,chairs,ABL-ET2X-R-PreviousRawEdge-CatmullRomRGB-Fixed080-Recovered5Fetch,4.009619235992432,29.015599335339907,0.0,0.0
206,thin-chair,O-T2X-R,3.896780252456665,30.58550969043736,0.0,0.0
206,thin-chair,ABL-ET2X-R-PreviousRawEdge-CatmullRomRGB-Fixed080,5.679036617279053,27.047166343605827,0.0,0.0
206,thin-chair,ABL-ET2X-R-PreviousRawEdge-CatmullRomRGB-Fixed080-Recovered5Fetch,5.6787109375,27.048303485931328,0.0,0.0
206,windows,O-T2X-R,3.6632161140441895,29.098410892712096,0.0,0.0
206,windows,ABL-ET2X-R-PreviousRawEdge-CatmullRomRGB-Fixed080,4.9888997077941895,25.89638998444912,0.00014225556515157223,0.00012527387298177928
206,windows,ABL-ET2X-R-PreviousRawEdge-CatmullRomRGB-Fixed080-Recovered5Fetch,4.989485740661621,25.897668162303233,0.00010733362432802096,0.00016019586473703384
207,chairs,O-T2X-R,2.772656202316284,32.37857153842635,0.0,0.0
207,chairs,ABL-ET2X-R-PreviousRawEdge-CatmullRomRGB-Fixed080,4.009961128234863,29.014557117512094,0.0,0.0
207,chairs,ABL-ET2X-R-PreviousRawEdge-CatmullRomRGB-Fixed080-Recovered5Fetch,4.009619235992432,29.015599335339907,0.0,0.0
207,thin-chair,O-T2X-R,3.896780252456665,30.58550969043736,0.0,0.0
207,thin-chair,ABL-ET2X-R-PreviousRawEdge-CatmullRomRGB-Fixed080,5.679036617279053,27.047166343605827,0.0,0.0
207,thin-chair,ABL-ET2X-R-PreviousRawEdge-CatmullRomRGB-Fixed080-Recovered5Fetch,5.6787109375,27.048303485931328,0.0,0.0
207,windows,O-T2X-R,3.6632161140441895,29.098410892712096,0.0,0.0
207,windows,ABL-ET2X-R-PreviousRawEdge-CatmullRomRGB-Fixed080,4.988948345184326,25.896222414936258,3.114254286629148e-05,0.00011111311323475093
207,windows,ABL-ET2X-R-PreviousRawEdge-CatmullRomRGB-Fixed080-Recovered5Fetch,4.989518165588379,25.897575039928565,2.0761694031534716e-05,8.657202124595642e-05
208,chairs,O-T2X-R,2.772656202316284,32.37857153842635,0.0,0.0
208,chairs,ABL-ET2X-R-PreviousRawEdge-CatmullRomRGB-Fixed080,4.009961128234863,29.014557117512094,0.0,0.0
208,chairs,ABL-ET2X-R-PreviousRawEdge-CatmullRomRGB-Fixed080-Recovered5Fetch,4.009619235992432,29.015599335339907,0.0,0.0
208,thin-chair,O-T2X-R,3.896780252456665,30.58550969043736,0.0,0.0
208,thin-chair,ABL-ET2X-R-PreviousRawEdge-CatmullRomRGB-Fixed080,5.679036617279053,27.047166343605827,0.0,0.0
208,thin-chair,ABL-ET2X-R-PreviousRawEdge-CatmullRomRGB-Fixed080-Recovered5Fetch,5.6787109375,27.048303485931328,0.0,0.0
208,windows,O-T2X-R,3.6632161140441895,29.098410892712096,0.0,0.0
208,windows,ABL-ET2X-R-PreviousRawEdge-CatmullRomRGB-Fixed080,4.988965034484863,25.896164579205767,1.038089430949185e-05,2.076174132525921e-05
208,windows,ABL-ET2X-R-PreviousRawEdge-CatmullRomRGB-Fixed080-Recovered5Fetch,4.989534378051758,25.89751718618225,1.038089430949185e-05,1.038089430949185e-05
209,chairs,O-T2X-R,2.772656202316284,32.37857153842635,0.0,0.0
209,chairs,ABL-ET2X-R-PreviousRawEdge-CatmullRomRGB-Fixed080,4.009961128234863,29.014557117512094,0.0,0.0
209,chairs,ABL-ET2X-R-PreviousRawEdge-CatmullRomRGB-Fixed080-Recovered5Fetch,4.009619235992432,29.015599335339907,0.0,0.0
209,thin-chair,O-T2X-R,3.896780252456665,30.58550969043736,0.0,0.0
209,thin-chair,ABL-ET2X-R-PreviousRawEdge-CatmullRomRGB-Fixed080,5.679036617279053,27.047166343605827,0.0,0.0
209,thin-chair,ABL-ET2X-R-PreviousRawEdge-CatmullRomRGB-Fixed080-Recovered5Fetch,5.6787109375,27.048303485931328,0.0,0.0
209,windows,O-T2X-R,3.6632161140441895,29.098410892712096,0.0,0.0
209,windows,ABL-ET2X-R-PreviousRawEdge-CatmullRomRGB-Fixed080,4.988981246948242,25.89610555586395,1.0380847015767358e-05,4.6566129424663316e-11
209,windows,ABL-ET2X-R-PreviousRawEdge-CatmullRomRGB-Fixed080-Recovered5Fetch,4.989550590515137,25.89745854070545,1.0380847015767358e-05,4.6566129424663316e-11
210,chairs,O-T2X-R,2.772656202316284,32.37857153842635,0.0,0.0
210,chairs,ABL-ET2X-R-PreviousRawEdge-CatmullRomRGB-Fixed080,4.009961128234863,29.014557117512094,0.0,0.0
210,chairs,ABL-ET2X-R-PreviousRawEdge-CatmullRomRGB-Fixed080-Recovered5Fetch,4.009619235992432,29.015599335339907,0.0,0.0
210,thin-chair,O-T2X-R,3.896780252456665,30.58550969043736,0.0,0.0
210,thin-chair,ABL-ET2X-R-PreviousRawEdge-CatmullRomRGB-Fixed080,5.679036617279053,27.047166343605827,0.0,0.0
210,thin-chair,ABL-ET2X-R-PreviousRawEdge-CatmullRomRGB-Fixed080-Recovered5Fetch,5.6787109375,27.048303485931328,0.0,0.0
210,windows,O-T2X-R,3.6632161140441895,29.098410892712096,0.0,0.0
210,windows,ABL-ET2X-R-PreviousRawEdge-CatmullRomRGB-Fixed080,4.988981246948242,25.89610555586395,0.0,1.0380847015767358e-05
210,windows,ABL-ET2X-R-PreviousRawEdge-CatmullRomRGB-Fixed080-Recovered5Fetch,4.989550590515137,25.89745854070545,0.0,1.0380847015767358e-05
211,chairs,O-T2X-R,2.772656202316284,32.37857153842635,0.0,0.0
211,chairs,ABL-ET2X-R-PreviousRawEdge-CatmullRomRGB-Fixed080,4.009961128234863,29.014557117512094,0.0,0.0
211,chairs,ABL-ET2X-R-PreviousRawEdge-CatmullRomRGB-Fixed080-Recovered5Fetch,4.009619235992432,29.015599335339907,0.0,0.0
211,thin-chair,O-T2X-R,3.896780252456665,30.58550969043736,0.0,0.0
211,thin-chair,ABL-ET2X-R-PreviousRawEdge-CatmullRomRGB-Fixed080,5.679036617279053,27.047166343605827,0.0,0.0
211,thin-chair,ABL-ET2X-R-PreviousRawEdge-CatmullRomRGB-Fixed080-Recovered5Fetch,5.6787109375,27.048303485931328,0.0,0.0
211,windows,O-T2X-R,3.6632161140441895,29.098410892712096,0.0,0.0
211,windows,ABL-ET2X-R-PreviousRawEdge-CatmullRomRGB-Fixed080,4.988981246948242,25.89610555586395,0.0,0.0
211,windows,ABL-ET2X-R-PreviousRawEdge-CatmullRomRGB-Fixed080-Recovered5Fetch,4.989550590515137,25.89745854070545,0.0,0.0
212,chairs,O-T2X-R,2.772656202316284,32.37857153842635,0.0,0.0
212,chairs,ABL-ET2X-R-PreviousRawEdge-CatmullRomRGB-Fixed080,4.009961128234863,29.014557117512094,0.0,0.0
212,chairs,ABL-ET2X-R-PreviousRawEdge-CatmullRomRGB-Fixed080-Recovered5Fetch,4.009619235992432,29.015599335339907,0.0,0.0
212,thin-chair,O-T2X-R,3.896780252456665,30.58550969043736,0.0,0.0
212,thin-chair,ABL-ET2X-R-PreviousRawEdge-CatmullRomRGB-Fixed080,5.679036617279053,27.047166343605827,0.0,0.0
212,thin-chair,ABL-ET2X-R-PreviousRawEdge-CatmullRomRGB-Fixed080-Recovered5Fetch,5.6787109375,27.048303485931328,0.0,0.0
212,windows,O-T2X-R,3.6632161140441895,29.098410892712096,0.0,0.0
212,windows,ABL-ET2X-R-PreviousRawEdge-CatmullRomRGB-Fixed080,4.988981246948242,25.89610555586395,0.0,0.0
212,windows,ABL-ET2X-R-PreviousRawEdge-CatmullRomRGB-Fixed080-Recovered5Fetch,4.989550590515137,25.89745854070545,0.0,0.0
213,chairs,O-T2X-R,2.772656202316284,32.37857153842635,0.0,0.0
213,chairs,ABL-ET2X-R-PreviousRawEdge-CatmullRomRGB-Fixed080,4.009961128234863,29.014557117512094,0.0,0.0
213,chairs,ABL-ET2X-R-PreviousRawEdge-CatmullRomRGB-Fixed080-Recovered5Fetch,4.009619235992432,29.015599335339907,0.0,0.0
213,thin-chair,O-T2X-R,3.896780252456665,30.58550969043736,0.0,0.0
213,thin-chair,ABL-ET2X-R-PreviousRawEdge-CatmullRomRGB-Fixed080,5.679036617279053,27.047166343605827,0.0,0.0
213,thin-chair,ABL-ET2X-R-PreviousRawEdge-CatmullRomRGB-Fixed080-Recovered5Fetch,5.6787109375,27.048303485931328,0.0,0.0
213,windows,O-T2X-R,3.6632161140441895,29.098410892712096,0.0,0.0
213,windows,ABL-ET2X-R-PreviousRawEdge-CatmullRomRGB-Fixed080,4.988981246948242,25.89610555586395,0.0,0.0
213,windows,ABL-ET2X-R-PreviousRawEdge-CatmullRomRGB-Fixed080-Recovered5Fetch,4.989550590515137,25.89745854070545,0.0,0.0
214,chairs,O-T2X-R,2.772656202316284,32.37857153842635,0.0,0.0
214,chairs,ABL-ET2X-R-PreviousRawEdge-CatmullRomRGB-Fixed080,4.009961128234863,29.014557117512094,0.0,0.0
214,chairs,ABL-ET2X-R-PreviousRawEdge-CatmullRomRGB-Fixed080-Recovered5Fetch,4.009619235992432,29.015599335339907,0.0,0.0
214,thin-chair,O-T2X-R,3.896780252456665,30.58550969043736,0.0,0.0
214,thin-chair,ABL-ET2X-R-PreviousRawEdge-CatmullRomRGB-Fixed080,5.679036617279053,27.047166343605827,0.0,0.0
214,thin-chair,ABL-ET2X-R-PreviousRawEdge-CatmullRomRGB-Fixed080-Recovered5Fetch,5.6787109375,27.048303485931328,0.0,0.0
214,windows,O-T2X-R,3.6632161140441895,29.098410892712096,0.0,0.0
214,windows,ABL-ET2X-R-PreviousRawEdge-CatmullRomRGB-Fixed080,4.988981246948242,25.89610555586395,0.0,0.0
214,windows,ABL-ET2X-R-PreviousRawEdge-CatmullRomRGB-Fixed080-Recovered5Fetch,4.989550590515137,25.89745854070545,0.0,0.0
215,chairs,O-T2X-R,2.772656202316284,32.37857153842635,0.0,0.0
215,chairs,ABL-ET2X-R-PreviousRawEdge-CatmullRomRGB-Fixed080,4.009961128234863,29.014557117512094,0.0,0.0
215,chairs,ABL-ET2X-R-PreviousRawEdge-CatmullRomRGB-Fixed080-Recovered5Fetch,4.009619235992432,29.015599335339907,0.0,0.0
215,thin-chair,O-T2X-R,3.896780252456665,30.58550969043736,0.0,0.0
215,thin-chair,ABL-ET2X-R-PreviousRawEdge-CatmullRomRGB-Fixed080,5.679036617279053,27.047166343605827,0.0,0.0
215,thin-chair,ABL-ET2X-R-PreviousRawEdge-CatmullRomRGB-Fixed080-Recovered5Fetch,5.6787109375,27.048303485931328,0.0,0.0
215,windows,O-T2X-R,3.6632161140441895,29.098410892712096,0.0,0.0
215,windows,ABL-ET2X-R-PreviousRawEdge-CatmullRomRGB-Fixed080,4.988981246948242,25.89610555586395,0.0,0.0
215,windows,ABL-ET2X-R-PreviousRawEdge-CatmullRomRGB-Fixed080-Recovered5Fetch,4.989550590515137,25.89745854070545,0.0,0.0
216,chairs,O-T2X-R,2.772656202316284,32.37857153842635,0.0,0.0
216,chairs,ABL-ET2X-R-PreviousRawEdge-CatmullRomRGB-Fixed080,4.009961128234863,29.014557117512094,0.0,0.0
216,chairs,ABL-ET2X-R-PreviousRawEdge-CatmullRomRGB-Fixed080-Recovered5Fetch,4.009619235992432,29.015599335339907,0.0,0.0
216,thin-chair,O-T2X-R,3.896780252456665,30.58550969043736,0.0,0.0
216,thin-chair,ABL-ET2X-R-PreviousRawEdge-CatmullRomRGB-Fixed080,5.679036617279053,27.047166343605827,0.0,0.0
216,thin-chair,ABL-ET2X-R-PreviousRawEdge-CatmullRomRGB-Fixed080-Recovered5Fetch,5.6787109375,27.048303485931328,0.0,0.0
216,windows,O-T2X-R,3.6632161140441895,29.098410892712096,0.0,0.0
216,windows,ABL-ET2X-R-PreviousRawEdge-CatmullRomRGB-Fixed080,4.988981246948242,25.89610555586395,0.0,0.0
216,windows,ABL-ET2X-R-PreviousRawEdge-CatmullRomRGB-Fixed080-Recovered5Fetch,4.989550590515137,25.89745854070545,0.0,0.0
217,chairs,O-T2X-R,2.772656202316284,32.37857153842635,0.0,0.0
217,chairs,ABL-ET2X-R-PreviousRawEdge-CatmullRomRGB-Fixed080,4.009961128234863,29.014557117512094,0.0,0.0
217,chairs,ABL-ET2X-R-PreviousRawEdge-CatmullRomRGB-Fixed080-Recovered5Fetch,4.009619235992432,29.015599335339907,0.0,0.0
217,thin-chair,O-T2X-R,3.896780252456665,30.58550969043736,0.0,0.0
217,thin-chair,ABL-ET2X-R-PreviousRawEdge-CatmullRomRGB-Fixed080,5.679036617279053,27.047166343605827,0.0,0.0
217,thin-chair,ABL-ET2X-R-PreviousRawEdge-CatmullRomRGB-Fixed080-Recovered5Fetch,5.6787109375,27.048303485931328,0.0,0.0
217,windows,O-T2X-R,3.6632161140441895,29.098410892712096,0.0,0.0
217,windows,ABL-ET2X-R-PreviousRawEdge-CatmullRomRGB-Fixed080,4.988981246948242,25.89610555586395,0.0,0.0
217,windows,ABL-ET2X-R-PreviousRawEdge-CatmullRomRGB-Fixed080-Recovered5Fetch,4.989550590515137,25.89745854070545,0.0,0.0
218,chairs,O-T2X-R,2.772656202316284,32.37857153842635,0.0,0.0
218,chairs,ABL-ET2X-R-PreviousRawEdge-CatmullRomRGB-Fixed080,4.009961128234863,29.014557117512094,0.0,0.0
218,chairs,ABL-ET2X-R-PreviousRawEdge-CatmullRomRGB-Fixed080-Recovered5Fetch,4.009619235992432,29.015599335339907,0.0,0.0
218,thin-chair,O-T2X-R,3.896780252456665,30.58550969043736,0.0,0.0
218,thin-chair,ABL-ET2X-R-PreviousRawEdge-CatmullRomRGB-Fixed080,5.679036617279053,27.047166343605827,0.0,0.0
218,thin-chair,ABL-ET2X-R-PreviousRawEdge-CatmullRomRGB-Fixed080-Recovered5Fetch,5.6787109375,27.048303485931328,0.0,0.0
218,windows,O-T2X-R,3.6632161140441895,29.098410892712096,0.0,0.0
218,windows,ABL-ET2X-R-PreviousRawEdge-CatmullRomRGB-Fixed080,4.988981246948242,25.89610555586395,0.0,0.0
218,windows,ABL-ET2X-R-PreviousRawEdge-CatmullRomRGB-Fixed080-Recovered5Fetch,4.989550590515137,25.89745854070545,0.0,0.0
219,chairs,O-T2X-R,2.772656202316284,32.37857153842635,0.0,0.0
219,chairs,ABL-ET2X-R-PreviousRawEdge-CatmullRomRGB-Fixed080,4.009961128234863,29.014557117512094,0.0,0.0
219,chairs,ABL-ET2X-R-PreviousRawEdge-CatmullRomRGB-Fixed080-Recovered5Fetch,4.009619235992432,29.015599335339907,0.0,0.0
219,thin-chair,O-T2X-R,3.896780252456665,30.58550969043736,0.0,0.0
219,thin-chair,ABL-ET2X-R-PreviousRawEdge-CatmullRomRGB-Fixed080,5.679036617279053,27.047166343605827,0.0,0.0
219,thin-chair,ABL-ET2X-R-PreviousRawEdge-CatmullRomRGB-Fixed080-Recovered5Fetch,5.6787109375,27.048303485931328,0.0,0.0
219,windows,O-T2X-R,3.6632161140441895,29.098410892712096,0.0,0.0
219,windows,ABL-ET2X-R-PreviousRawEdge-CatmullRomRGB-Fixed080,4.988981246948242,25.89610555586395,0.0,0.0
219,windows,ABL-ET2X-R-PreviousRawEdge-CatmullRomRGB-Fixed080-Recovered5Fetch,4.989550590515137,25.89745854070545,0.0,0.0
220,chairs,O-T2X-R,2.772656202316284,32.37857153842635,0.0,0.0
220,chairs,ABL-ET2X-R-PreviousRawEdge-CatmullRomRGB-Fixed080,4.009961128234863,29.014557117512094,0.0,0.0
220,chairs,ABL-ET2X-R-PreviousRawEdge-CatmullRomRGB-Fixed080-Recovered5Fetch,4.009619235992432,29.015599335339907,0.0,0.0
220,thin-chair,O-T2X-R,3.896780252456665,30.58550969043736,0.0,0.0
220,thin-chair,ABL-ET2X-R-PreviousRawEdge-CatmullRomRGB-Fixed080,5.679036617279053,27.047166343605827,0.0,0.0
220,thin-chair,ABL-ET2X-R-PreviousRawEdge-CatmullRomRGB-Fixed080-Recovered5Fetch,5.6787109375,27.048303485931328,0.0,0.0
220,windows,O-T2X-R,3.6632161140441895,29.098410892712096,0.0,0.0
220,windows,ABL-ET2X-R-PreviousRawEdge-CatmullRomRGB-Fixed080,4.988981246948242,25.89610555586395,0.0,0.0
220,windows,ABL-ET2X-R-PreviousRawEdge-CatmullRomRGB-Fixed080-Recovered5Fetch,4.989550590515137,25.89745854070545,0.0,0.0
221,chairs,O-T2X-R,2.772656202316284,32.37857153842635,0.0,0.0
221,chairs,ABL-ET2X-R-PreviousRawEdge-CatmullRomRGB-Fixed080,4.009961128234863,29.014557117512094,0.0,0.0
221,chairs,ABL-ET2X-R-PreviousRawEdge-CatmullRomRGB-Fixed080-Recovered5Fetch,4.009619235992432,29.015599335339907,0.0,0.0
221,thin-chair,O-T2X-R,3.896780252456665,30.58550969043736,0.0,0.0
221,thin-chair,ABL-ET2X-R-PreviousRawEdge-CatmullRomRGB-Fixed080,5.679036617279053,27.047166343605827,0.0,0.0
221,thin-chair,ABL-ET2X-R-PreviousRawEdge-CatmullRomRGB-Fixed080-Recovered5Fetch,5.6787109375,27.048303485931328,0.0,0.0
221,windows,O-T2X-R,3.6632161140441895,29.098410892712096,0.0,0.0
221,windows,ABL-ET2X-R-PreviousRawEdge-CatmullRomRGB-Fixed080,4.988981246948242,25.89610555586395,0.0,0.0
221,windows,ABL-ET2X-R-PreviousRawEdge-CatmullRomRGB-Fixed080-Recovered5Fetch,4.989550590515137,25.89745854070545,0.0,0.0
222,chairs,O-T2X-R,2.772656202316284,32.37857153842635,0.0,0.0
222,chairs,ABL-ET2X-R-PreviousRawEdge-CatmullRomRGB-Fixed080,4.009961128234863,29.014557117512094,0.0,0.0
222,chairs,ABL-ET2X-R-PreviousRawEdge-CatmullRomRGB-Fixed080-Recovered5Fetch,4.009619235992432,29.015599335339907,0.0,0.0
222,thin-chair,O-T2X-R,3.896780252456665,30.58550969043736,0.0,0.0
222,thin-chair,ABL-ET2X-R-PreviousRawEdge-CatmullRomRGB-Fixed080,5.679036617279053,27.047166343605827,0.0,0.0
222,thin-chair,ABL-ET2X-R-PreviousRawEdge-CatmullRomRGB-Fixed080-Recovered5Fetch,5.6787109375,27.048303485931328,0.0,0.0
222,windows,O-T2X-R,3.6632161140441895,29.098410892712096,0.0,0.0
222,windows,ABL-ET2X-R-PreviousRawEdge-CatmullRomRGB-Fixed080,4.988981246948242,25.89610555586395,0.0,0.0
222,windows,ABL-ET2X-R-PreviousRawEdge-CatmullRomRGB-Fixed080-Recovered5Fetch,4.989550590515137,25.89745854070545,0.0,0.0
223,chairs,O-T2X-R,2.772656202316284,32.37857153842635,0.0,0.0
223,chairs,ABL-ET2X-R-PreviousRawEdge-CatmullRomRGB-Fixed080,4.009961128234863,29.014557117512094,0.0,0.0
223,chairs,ABL-ET2X-R-PreviousRawEdge-CatmullRomRGB-Fixed080-Recovered5Fetch,4.009619235992432,29.015599335339907,0.0,0.0
223,thin-chair,O-T2X-R,3.896780252456665,30.58550969043736,0.0,0.0
223,thin-chair,ABL-ET2X-R-PreviousRawEdge-CatmullRomRGB-Fixed080,5.679036617279053,27.047166343605827,0.0,0.0
223,thin-chair,ABL-ET2X-R-PreviousRawEdge-CatmullRomRGB-Fixed080-Recovered5Fetch,5.6787109375,27.048303485931328,0.0,0.0
223,windows,O-T2X-R,3.6632161140441895,29.098410892712096,0.0,0.0
223,windows,ABL-ET2X-R-PreviousRawEdge-CatmullRomRGB-Fixed080,4.988981246948242,25.89610555586395,0.0,0.0
223,windows,ABL-ET2X-R-PreviousRawEdge-CatmullRomRGB-Fixed080-Recovered5Fetch,4.989550590515137,25.89745854070545,0.0,0.0
224,chairs,O-T2X-R,2.772656202316284,32.37857153842635,0.0,0.0
224,chairs,ABL-ET2X-R-PreviousRawEdge-CatmullRomRGB-Fixed080,4.009961128234863,29.014557117512094,0.0,0.0
224,chairs,ABL-ET2X-R-PreviousRawEdge-CatmullRomRGB-Fixed080-Recovered5Fetch,4.009619235992432,29.015599335339907,0.0,0.0
224,thin-chair,O-T2X-R,3.896780252456665,30.58550969043736,0.0,0.0
224,thin-chair,ABL-ET2X-R-PreviousRawEdge-CatmullRomRGB-Fixed080,5.679036617279053,27.047166343605827,0.0,0.0
224,thin-chair,ABL-ET2X-R-PreviousRawEdge-CatmullRomRGB-Fixed080-Recovered5Fetch,5.6787109375,27.048303485931328,0.0,0.0
224,windows,O-T2X-R,3.6632161140441895,29.098410892712096,0.0,0.0
224,windows,ABL-ET2X-R-PreviousRawEdge-CatmullRomRGB-Fixed080,4.988981246948242,25.89610555586395,0.0,0.0
224,windows,ABL-ET2X-R-PreviousRawEdge-CatmullRomRGB-Fixed080-Recovered5Fetch,4.989550590515137,25.89745854070545,0.0,0.0
225,chairs,O-T2X-R,2.772656202316284,32.37857153842635,0.0,0.0
225,chairs,ABL-ET2X-R-PreviousRawEdge-CatmullRomRGB-Fixed080,4.009961128234863,29.014557117512094,0.0,0.0
225,chairs,ABL-ET2X-R-PreviousRawEdge-CatmullRomRGB-Fixed080-Recovered5Fetch,4.009619235992432,29.015599335339907,0.0,0.0
225,thin-chair,O-T2X-R,3.896780252456665,30.58550969043736,0.0,0.0
225,thin-chair,ABL-ET2X-R-PreviousRawEdge-CatmullRomRGB-Fixed080,5.679036617279053,27.047166343605827,0.0,0.0
225,thin-chair,ABL-ET2X-R-PreviousRawEdge-CatmullRomRGB-Fixed080-Recovered5Fetch,5.6787109375,27.048303485931328,0.0,0.0
225,windows,O-T2X-R,3.6632161140441895,29.098410892712096,0.0,0.0
225,windows,ABL-ET2X-R-PreviousRawEdge-CatmullRomRGB-Fixed080,4.988981246948242,25.89610555586395,0.0,0.0
225,windows,ABL-ET2X-R-PreviousRawEdge-CatmullRomRGB-Fixed080-Recovered5Fetch,4.989550590515137,25.89745854070545,0.0,0.0
226,chairs,O-T2X-R,2.772656202316284,32.37857153842635,0.0,0.0
226,chairs,ABL-ET2X-R-PreviousRawEdge-CatmullRomRGB-Fixed080,4.009961128234863,29.014557117512094,0.0,0.0
226,chairs,ABL-ET2X-R-PreviousRawEdge-CatmullRomRGB-Fixed080-Recovered5Fetch,4.009619235992432,29.015599335339907,0.0,0.0
226,thin-chair,O-T2X-R,3.896780252456665,30.58550969043736,0.0,0.0
226,thin-chair,ABL-ET2X-R-PreviousRawEdge-CatmullRomRGB-Fixed080,5.679036617279053,27.047166343605827,0.0,0.0
226,thin-chair,ABL-ET2X-R-PreviousRawEdge-CatmullRomRGB-Fixed080-Recovered5Fetch,5.6787109375,27.048303485931328,0.0,0.0
226,windows,O-T2X-R,3.6632161140441895,29.098410892712096,0.0,0.0
226,windows,ABL-ET2X-R-PreviousRawEdge-CatmullRomRGB-Fixed080,4.988981246948242,25.89610555586395,0.0,0.0
226,windows,ABL-ET2X-R-PreviousRawEdge-CatmullRomRGB-Fixed080-Recovered5Fetch,4.989550590515137,25.89745854070545,0.0,0.0
227,chairs,O-T2X-R,2.772656202316284,32.37857153842635,0.0,0.0
227,chairs,ABL-ET2X-R-PreviousRawEdge-CatmullRomRGB-Fixed080,4.009961128234863,29.014557117512094,0.0,0.0
227,chairs,ABL-ET2X-R-PreviousRawEdge-CatmullRomRGB-Fixed080-Recovered5Fetch,4.009619235992432,29.015599335339907,0.0,0.0
227,thin-chair,O-T2X-R,3.896780252456665,30.58550969043736,0.0,0.0
227,thin-chair,ABL-ET2X-R-PreviousRawEdge-CatmullRomRGB-Fixed080,5.679036617279053,27.047166343605827,0.0,0.0
227,thin-chair,ABL-ET2X-R-PreviousRawEdge-CatmullRomRGB-Fixed080-Recovered5Fetch,5.6787109375,27.048303485931328,0.0,0.0
227,windows,O-T2X-R,3.6632161140441895,29.098410892712096,0.0,0.0
227,windows,ABL-ET2X-R-PreviousRawEdge-CatmullRomRGB-Fixed080,4.988981246948242,25.89610555586395,0.0,0.0
227,windows,ABL-ET2X-R-PreviousRawEdge-CatmullRomRGB-Fixed080-Recovered5Fetch,4.989550590515137,25.89745854070545,0.0,0.0
228,chairs,O-T2X-R,2.772656202316284,32.37857153842635,0.0,0.0
228,chairs,ABL-ET2X-R-PreviousRawEdge-CatmullRomRGB-Fixed080,4.009961128234863,29.014557117512094,0.0,0.0
228,chairs,ABL-ET2X-R-PreviousRawEdge-CatmullRomRGB-Fixed080-Recovered5Fetch,4.009619235992432,29.015599335339907,0.0,0.0
228,thin-chair,O-T2X-R,3.896780252456665,30.58550969043736,0.0,0.0
228,thin-chair,ABL-ET2X-R-PreviousRawEdge-CatmullRomRGB-Fixed080,5.679036617279053,27.047166343605827,0.0,0.0
228,thin-chair,ABL-ET2X-R-PreviousRawEdge-CatmullRomRGB-Fixed080-Recovered5Fetch,5.6787109375,27.048303485931328,0.0,0.0
228,windows,O-T2X-R,3.6632161140441895,29.098410892712096,0.0,0.0
228,windows,ABL-ET2X-R-PreviousRawEdge-CatmullRomRGB-Fixed080,4.988981246948242,25.89610555586395,0.0,0.0
228,windows,ABL-ET2X-R-PreviousRawEdge-CatmullRomRGB-Fixed080-Recovered5Fetch,4.989550590515137,25.89745854070545,0.0,0.0
229,chairs,O-T2X-R,2.772656202316284,32.37857153842635,0.0,0.0
229,chairs,ABL-ET2X-R-PreviousRawEdge-CatmullRomRGB-Fixed080,4.009961128234863,29.014557117512094,0.0,0.0
229,chairs,ABL-ET2X-R-PreviousRawEdge-CatmullRomRGB-Fixed080-Recovered5Fetch,4.009619235992432,29.015599335339907,0.0,0.0
229,thin-chair,O-T2X-R,3.896780252456665,30.58550969043736,0.0,0.0
229,thin-chair,ABL-ET2X-R-PreviousRawEdge-CatmullRomRGB-Fixed080,5.679036617279053,27.047166343605827,0.0,0.0
229,thin-chair,ABL-ET2X-R-PreviousRawEdge-CatmullRomRGB-Fixed080-Recovered5Fetch,5.6787109375,27.048303485931328,0.0,0.0
229,windows,O-T2X-R,3.6632161140441895,29.098410892712096,0.0,0.0
229,windows,ABL-ET2X-R-PreviousRawEdge-CatmullRomRGB-Fixed080,4.988981246948242,25.89610555586395,0.0,0.0
229,windows,ABL-ET2X-R-PreviousRawEdge-CatmullRomRGB-Fixed080-Recovered5Fetch,4.989550590515137,25.89745854070545,0.0,0.0
230,chairs,O-T2X-R,2.772656202316284,32.37857153842635,0.0,0.0
230,chairs,ABL-ET2X-R-PreviousRawEdge-CatmullRomRGB-Fixed080,4.009961128234863,29.014557117512094,0.0,0.0
230,chairs,ABL-ET2X-R-PreviousRawEdge-CatmullRomRGB-Fixed080-Recovered5Fetch,4.009619235992432,29.015599335339907,0.0,0.0
230,thin-chair,O-T2X-R,3.896780252456665,30.58550969043736,0.0,0.0
230,thin-chair,ABL-ET2X-R-PreviousRawEdge-CatmullRomRGB-Fixed080,5.679036617279053,27.047166343605827,0.0,0.0
230,thin-chair,ABL-ET2X-R-PreviousRawEdge-CatmullRomRGB-Fixed080-Recovered5Fetch,5.6787109375,27.048303485931328,0.0,0.0
230,windows,O-T2X-R,3.6632161140441895,29.098410892712096,0.0,0.0
230,windows,ABL-ET2X-R-PreviousRawEdge-CatmullRomRGB-Fixed080,4.988981246948242,25.89610555586395,0.0,0.0
230,windows,ABL-ET2X-R-PreviousRawEdge-CatmullRomRGB-Fixed080-Recovered5Fetch,4.989550590515137,25.89745854070545,0.0,0.0
231,chairs,O-T2X-R,2.772656202316284,32.37857153842635,0.0,0.0
231,chairs,ABL-ET2X-R-PreviousRawEdge-CatmullRomRGB-Fixed080,4.009961128234863,29.014557117512094,0.0,0.0
231,chairs,ABL-ET2X-R-PreviousRawEdge-CatmullRomRGB-Fixed080-Recovered5Fetch,4.009619235992432,29.015599335339907,0.0,0.0
231,thin-chair,O-T2X-R,3.896780252456665,30.58550969043736,0.0,0.0
231,thin-chair,ABL-ET2X-R-PreviousRawEdge-CatmullRomRGB-Fixed080,5.679036617279053,27.047166343605827,0.0,0.0
231,thin-chair,ABL-ET2X-R-PreviousRawEdge-CatmullRomRGB-Fixed080-Recovered5Fetch,5.6787109375,27.048303485931328,0.0,0.0
231,windows,O-T2X-R,3.6632161140441895,29.098410892712096,0.0,0.0
231,windows,ABL-ET2X-R-PreviousRawEdge-CatmullRomRGB-Fixed080,4.988981246948242,25.89610555586395,0.0,0.0
231,windows,ABL-ET2X-R-PreviousRawEdge-CatmullRomRGB-Fixed080-Recovered5Fetch,4.989550590515137,25.89745854070545,0.0,0.0
232,chairs,O-T2X-R,2.772656202316284,32.37857153842635,0.0,0.0
232,chairs,ABL-ET2X-R-PreviousRawEdge-CatmullRomRGB-Fixed080,4.009961128234863,29.014557117512094,0.0,0.0
232,chairs,ABL-ET2X-R-PreviousRawEdge-CatmullRomRGB-Fixed080-Recovered5Fetch,4.009619235992432,29.015599335339907,0.0,0.0
232,thin-chair,O-T2X-R,3.896780252456665,30.58550969043736,0.0,0.0
232,thin-chair,ABL-ET2X-R-PreviousRawEdge-CatmullRomRGB-Fixed080,5.679036617279053,27.047166343605827,0.0,0.0
232,thin-chair,ABL-ET2X-R-PreviousRawEdge-CatmullRomRGB-Fixed080-Recovered5Fetch,5.6787109375,27.048303485931328,0.0,0.0
232,windows,O-T2X-R,3.6632161140441895,29.098410892712096,0.0,0.0
232,windows,ABL-ET2X-R-PreviousRawEdge-CatmullRomRGB-Fixed080,4.988981246948242,25.89610555586395,0.0,0.0
232,windows,ABL-ET2X-R-PreviousRawEdge-CatmullRomRGB-Fixed080-Recovered5Fetch,4.989550590515137,25.89745854070545,0.0,0.0
233,chairs,O-T2X-R,2.772656202316284,32.37857153842635,0.0,0.0
233,chairs,ABL-ET2X-R-PreviousRawEdge-CatmullRomRGB-Fixed080,4.009961128234863,29.014557117512094,0.0,0.0
233,chairs,ABL-ET2X-R-PreviousRawEdge-CatmullRomRGB-Fixed080-Recovered5Fetch,4.009619235992432,29.015599335339907,0.0,0.0
233,thin-chair,O-T2X-R,3.896780252456665,30.58550969043736,0.0,0.0
233,thin-chair,ABL-ET2X-R-PreviousRawEdge-CatmullRomRGB-Fixed080,5.679036617279053,27.047166343605827,0.0,0.0
233,thin-chair,ABL-ET2X-R-PreviousRawEdge-CatmullRomRGB-Fixed080-Recovered5Fetch,5.6787109375,27.048303485931328,0.0,0.0
233,windows,O-T2X-R,3.6632161140441895,29.098410892712096,0.0,0.0
233,windows,ABL-ET2X-R-PreviousRawEdge-CatmullRomRGB-Fixed080,4.988981246948242,25.89610555586395,0.0,0.0
233,windows,ABL-ET2X-R-PreviousRawEdge-CatmullRomRGB-Fixed080-Recovered5Fetch,4.989550590515137,25.89745854070545,0.0,0.0
234,chairs,O-T2X-R,2.772656202316284,32.37857153842635,0.0,0.0
234,chairs,ABL-ET2X-R-PreviousRawEdge-CatmullRomRGB-Fixed080,4.009961128234863,29.014557117512094,0.0,0.0
234,chairs,ABL-ET2X-R-PreviousRawEdge-CatmullRomRGB-Fixed080-Recovered5Fetch,4.009619235992432,29.015599335339907,0.0,0.0
234,thin-chair,O-T2X-R,3.896780252456665,30.58550969043736,0.0,0.0
234,thin-chair,ABL-ET2X-R-PreviousRawEdge-CatmullRomRGB-Fixed080,5.679036617279053,27.047166343605827,0.0,0.0
234,thin-chair,ABL-ET2X-R-PreviousRawEdge-CatmullRomRGB-Fixed080-Recovered5Fetch,5.6787109375,27.048303485931328,0.0,0.0
234,windows,O-T2X-R,3.6632161140441895,29.098410892712096,0.0,0.0
234,windows,ABL-ET2X-R-PreviousRawEdge-CatmullRomRGB-Fixed080,4.988981246948242,25.89610555586395,0.0,0.0
234,windows,ABL-ET2X-R-PreviousRawEdge-CatmullRomRGB-Fixed080-Recovered5Fetch,4.989550590515137,25.89745854070545,0.0,0.0
235,chairs,O-T2X-R,2.772656202316284,32.37857153842635,0.0,0.0
235,chairs,ABL-ET2X-R-PreviousRawEdge-CatmullRomRGB-Fixed080,4.009961128234863,29.014557117512094,0.0,0.0
235,chairs,ABL-ET2X-R-PreviousRawEdge-CatmullRomRGB-Fixed080-Recovered5Fetch,4.009619235992432,29.015599335339907,0.0,0.0
235,thin-chair,O-T2X-R,3.896780252456665,30.58550969043736,0.0,0.0
235,thin-chair,ABL-ET2X-R-PreviousRawEdge-CatmullRomRGB-Fixed080,5.679036617279053,27.047166343605827,0.0,0.0
235,thin-chair,ABL-ET2X-R-PreviousRawEdge-CatmullRomRGB-Fixed080-Recovered5Fetch,5.6787109375,27.048303485931328,0.0,0.0
235,windows,O-T2X-R,3.6632161140441895,29.098410892712096,0.0,0.0
235,windows,ABL-ET2X-R-PreviousRawEdge-CatmullRomRGB-Fixed080,4.988981246948242,25.89610555586395,0.0,0.0
235,windows,ABL-ET2X-R-PreviousRawEdge-CatmullRomRGB-Fixed080-Recovered5Fetch,4.989550590515137,25.89745854070545,0.0,0.0
236,chairs,O-T2X-R,2.772656202316284,32.37857153842635,0.0,0.0
236,chairs,ABL-ET2X-R-PreviousRawEdge-CatmullRomRGB-Fixed080,4.009961128234863,29.014557117512094,0.0,0.0
236,chairs,ABL-ET2X-R-PreviousRawEdge-CatmullRomRGB-Fixed080-Recovered5Fetch,4.009619235992432,29.015599335339907,0.0,0.0
236,thin-chair,O-T2X-R,3.896780252456665,30.58550969043736,0.0,0.0
236,thin-chair,ABL-ET2X-R-PreviousRawEdge-CatmullRomRGB-Fixed080,5.679036617279053,27.047166343605827,0.0,0.0
236,thin-chair,ABL-ET2X-R-PreviousRawEdge-CatmullRomRGB-Fixed080-Recovered5Fetch,5.6787109375,27.048303485931328,0.0,0.0
236,windows,O-T2X-R,3.6632161140441895,29.098410892712096,0.0,0.0
236,windows,ABL-ET2X-R-PreviousRawEdge-CatmullRomRGB-Fixed080,4.988981246948242,25.89610555586395,0.0,0.0
236,windows,ABL-ET2X-R-PreviousRawEdge-CatmullRomRGB-Fixed080-Recovered5Fetch,4.989550590515137,25.89745854070545,0.0,0.0
237,chairs,O-T2X-R,2.772656202316284,32.37857153842635,0.0,0.0
237,chairs,ABL-ET2X-R-PreviousRawEdge-CatmullRomRGB-Fixed080,4.009961128234863,29.014557117512094,0.0,0.0
237,chairs,ABL-ET2X-R-PreviousRawEdge-CatmullRomRGB-Fixed080-Recovered5Fetch,4.009619235992432,29.015599335339907,0.0,0.0
237,thin-chair,O-T2X-R,3.896780252456665,30.58550969043736,0.0,0.0
237,thin-chair,ABL-ET2X-R-PreviousRawEdge-CatmullRomRGB-Fixed080,5.679036617279053,27.047166343605827,0.0,0.0
237,thin-chair,ABL-ET2X-R-PreviousRawEdge-CatmullRomRGB-Fixed080-Recovered5Fetch,5.6787109375,27.048303485931328,0.0,0.0
237,windows,O-T2X-R,3.6632161140441895,29.098410892712096,0.0,0.0
237,windows,ABL-ET2X-R-PreviousRawEdge-CatmullRomRGB-Fixed080,4.988981246948242,25.89610555586395,0.0,0.0
237,windows,ABL-ET2X-R-PreviousRawEdge-CatmullRomRGB-Fixed080-Recovered5Fetch,4.989550590515137,25.89745854070545,0.0,0.0
238,chairs,O-T2X-R,2.772656202316284,32.37857153842635,0.0,0.0
238,chairs,ABL-ET2X-R-PreviousRawEdge-CatmullRomRGB-Fixed080,4.009961128234863,29.014557117512094,0.0,0.0
238,chairs,ABL-ET2X-R-PreviousRawEdge-CatmullRomRGB-Fixed080-Recovered5Fetch,4.009619235992432,29.015599335339907,0.0,0.0
238,thin-chair,O-T2X-R,3.896780252456665,30.58550969043736,0.0,0.0
238,thin-chair,ABL-ET2X-R-PreviousRawEdge-CatmullRomRGB-Fixed080,5.679036617279053,27.047166343605827,0.0,0.0
238,thin-chair,ABL-ET2X-R-PreviousRawEdge-CatmullRomRGB-Fixed080-Recovered5Fetch,5.6787109375,27.048303485931328,0.0,0.0
238,windows,O-T2X-R,3.6632161140441895,29.098410892712096,0.0,0.0
238,windows,ABL-ET2X-R-PreviousRawEdge-CatmullRomRGB-Fixed080,4.988981246948242,25.89610555586395,0.0,0.0
238,windows,ABL-ET2X-R-PreviousRawEdge-CatmullRomRGB-Fixed080-Recovered5Fetch,4.989550590515137,25.89745854070545,0.0,0.0
239,chairs,O-T2X-R,2.772656202316284,32.37857153842635,0.0,0.0
239,chairs,ABL-ET2X-R-PreviousRawEdge-CatmullRomRGB-Fixed080,4.009961128234863,29.014557117512094,0.0,0.0
239,chairs,ABL-ET2X-R-PreviousRawEdge-CatmullRomRGB-Fixed080-Recovered5Fetch,4.009619235992432,29.015599335339907,0.0,0.0
239,thin-chair,O-T2X-R,3.896780252456665,30.58550969043736,0.0,0.0
239,thin-chair,ABL-ET2X-R-PreviousRawEdge-CatmullRomRGB-Fixed080,5.679036617279053,27.047166343605827,0.0,0.0
239,thin-chair,ABL-ET2X-R-PreviousRawEdge-CatmullRomRGB-Fixed080-Recovered5Fetch,5.6787109375,27.048303485931328,0.0,0.0
239,windows,O-T2X-R,3.6632161140441895,29.098410892712096,0.0,0.0
239,windows,ABL-ET2X-R-PreviousRawEdge-CatmullRomRGB-Fixed080,4.988981246948242,25.89610555586395,0.0,0.0
239,windows,ABL-ET2X-R-PreviousRawEdge-CatmullRomRGB-Fixed080-Recovered5Fetch,4.989550590515137,25.89745854070545,0.0,0.0
